"LEGACY_NODE_ID","LEGACY_LEVEL","LEGACY_PARENT_ID","LEGACY_PATH","LEGACY_NAME","LEGACY_SLUG","CURRENT_STATUS","LEGACY_IS_LEAF","LEGACY_ASSIGNABLE","TARGET_L1","TARGET_L2","TARGET_L3","TARGET_L4","TARGET_PATH","TARGET_STATE","RECONCILIATION_ACTION","CONFIDENCE","MATCH_SCORE","OWNER_DECISION_REQUIRED","POLICY_FLAG","ALIAS_REQUIRED","SUCCESSOR_COUNT","SPLIT_SUCCESSOR_PATHS","PREVIOUS_TARGET_PATH","PREVIOUS_TARGET_STATE","PREVIOUS_ACTION","DELTA_CLASS","NOTES"
"market-gida","1","","Market & Gıda","Market & Gıda","market-gida","active","NO","NO","Gıda & İçecek","","","","Gıda & İçecek","CANONICAL_FINAL","RENAME","HIGH","","NO","","YES","1","","Gıda & İçecek","CANONICAL_FINAL","RENAME","UNCHANGED_FINAL_ANCHOR",""
"temel-gida","2","market-gida","Market & Gıda > Temel Gıda","Temel Gıda","temel-gida","active","NO","NO","Gıda & İçecek","","","","Gıda & İçecek","CANDIDATE_NOT_OWNER_FINAL","SPLIT","HIGH","1.0000","YES","","YES","5","Gıda & İçecek > Bakliyat, Tahıl & Makarna || Gıda & İçecek > Un, Şeker & Pişirme Malzemeleri || Gıda & İçecek > Yağ & Sirke || Gıda & İçecek > Sos, Baharat & Çeşni || Gıda & İçecek > Konserve & Kavanoz Ürünleri","Gıda & İçecek","PROVISIONAL_PROPOSAL","SPLIT","MATURITY_ONLY","Legacy umbrella spans multiple exact Wave 32 candidate L2 successors; product-level split rule remains required."
"bakliyat","3","temel-gida","Market & Gıda > Temel Gıda > Bakliyat","Bakliyat","bakliyat","active","YES","YES","Gıda & İçecek","","","","Gıda & İçecek","CANDIDATE_NOT_OWNER_FINAL","SPLIT","HIGH","EXPLICIT","YES","","YES","3","Gıda & İçecek > Bakliyat, Tahıl & Makarna > Bakliyat > Mercimek || Gıda & İçecek > Bakliyat, Tahıl & Makarna > Bakliyat > Nohut || Gıda & İçecek > Bakliyat, Tahıl & Makarna > Bakliyat > Kuru Fasulye & Diğer Bakliyat","Gıda & İçecek > Bakliyat, Tahıl & Makarna","PROVISIONAL_PROPOSAL","UNRESOLVED","PREVIOUS_UNRESOLVED_NOW_CANDIDATE_RESOLVED","Legacy combined identity spans multiple explicit Wave 32 candidate successors; product-level split rule is required."
"pirinc-bulgur-tahil","3","temel-gida","Market & Gıda > Temel Gıda > Pirinç, Bulgur & Tahıl","Pirinç, Bulgur & Tahıl","pirinc-bulgur-tahil","active","YES","YES","Gıda & İçecek","","","","Gıda & İçecek","CANDIDATE_NOT_OWNER_FINAL","SPLIT","MEDIUM","0,9000","YES","","YES","2","Gıda & İçecek > Bakliyat, Tahıl & Makarna > Pirinç & Bulgur || Gıda & İçecek > Bakliyat, Tahıl & Makarna > Tahıl, Yulaf & Hububat","Gıda & İçecek > Bakliyat, Tahıl & Makarna","PROVISIONAL_PROPOSAL","UNRESOLVED","PREVIOUS_UNRESOLVED_NOW_CANDIDATE_RESOLVED","Legacy combined concept has multiple near-equal Wave 32 candidate successors; no arbitrary single successor selected."
"makarna-eriste","3","temel-gida","Market & Gıda > Temel Gıda > Makarna & Erişte","Makarna & Erişte","makarna-eriste","active","YES","YES","Gıda & İçecek","Bakliyat, Tahıl & Makarna","Makarna & Erişte","","Gıda & İçecek > Bakliyat, Tahıl & Makarna > Makarna & Erişte","CANDIDATE_NOT_OWNER_FINAL","KEEP","HIGH","1,0000","YES","","NO","1","","Gıda & İçecek > Bakliyat, Tahıl & Makarna","PROVISIONAL_PROPOSAL","UNRESOLVED","PREVIOUS_UNRESOLVED_NOW_CANDIDATE_RESOLVED","Wave 32 candidate semantic match; score=1,0000; target remains candidate, not owner-final."
"un-hamur-isi-malzemeleri","3","temel-gida","Market & Gıda > Temel Gıda > Un & Hamur İşi Malzemeleri","Un & Hamur İşi Malzemeleri","un-hamur-isi-malzemeleri","active","YES","YES","Gıda & İçecek","","","","Gıda & İçecek","CANDIDATE_NOT_OWNER_FINAL","SPLIT","HIGH","EXPLICIT","YES","","YES","3","Gıda & İçecek > Un, Şeker & Pişirme Malzemeleri > Unlar || Gıda & İçecek > Un, Şeker & Pişirme Malzemeleri > Maya & Kabartma Ürünleri || Gıda & İçecek > Un, Şeker & Pişirme Malzemeleri > Pasta Süsleme & Dolgu Malzemeleri","Gıda & İçecek > Un, Şeker & Pişirme Malzemeleri","PROVISIONAL_PROPOSAL","UNRESOLVED","PREVIOUS_UNRESOLVED_NOW_CANDIDATE_RESOLVED","Legacy combined identity spans multiple explicit Wave 32 candidate successors; product-level split rule is required."
"seker-tuz-baharat","3","temel-gida","Market & Gıda > Temel Gıda > Şeker, Tuz & Baharat","Şeker, Tuz & Baharat","seker-tuz-baharat","active","YES","YES","Gıda & İçecek","","","","Gıda & İçecek","CANDIDATE_NOT_OWNER_FINAL","SPLIT","HIGH","EXPLICIT","YES","","YES","3","Gıda & İçecek > Un, Şeker & Pişirme Malzemeleri > Şeker & Tatlandırıcılar || Gıda & İçecek > Sos, Baharat & Çeşni > Baharatlar || Gıda & İçecek > Sos, Baharat & Çeşni > Tuz & Çeşni Karışımları","Gıda & İçecek > Sos, Baharat & Çeşni","PROVISIONAL_PROPOSAL","UNRESOLVED","PREVIOUS_UNRESOLVED_NOW_CANDIDATE_RESOLVED","Legacy combined identity spans multiple explicit Wave 32 candidate successors; product-level split rule is required."
"sivi-yag-sos-sirke","3","temel-gida","Market & Gıda > Temel Gıda > Sıvı Yağ, Sos & Sirke","Sıvı Yağ, Sos & Sirke","sivi-yag-sos-sirke","active","YES","YES","Gıda & İçecek","","","","Gıda & İçecek","CANDIDATE_NOT_OWNER_FINAL","SPLIT","HIGH","EXPLICIT","YES","","YES","4","Gıda & İçecek > Yağ & Sirke > Yemeklik Yağlar || Gıda & İçecek > Yağ & Sirke > Sirke || Gıda & İçecek > Sos, Baharat & Çeşni > Sofra Sosları || Gıda & İçecek > Sos, Baharat & Çeşni > Yemek & Pişirme Sosları","Gıda & İçecek > Yağ & Sirke","PROVISIONAL_PROPOSAL","UNRESOLVED","PREVIOUS_UNRESOLVED_NOW_CANDIDATE_RESOLVED","Legacy combined identity spans multiple explicit Wave 32 candidate successors; product-level split rule is required."
"kahvaltilik-sut-urunleri","2","market-gida","Market & Gıda > Kahvaltılık & Süt Ürünleri","Kahvaltılık & Süt Ürünleri","kahvaltilik-sut-urunleri","active","NO","NO","Gıda & İçecek","","","","Gıda & İçecek","CANDIDATE_NOT_OWNER_FINAL","SPLIT","HIGH","1.0000","YES","","YES","2","Gıda & İçecek > Süt Ürünleri & Yumurta || Gıda & İçecek > Kahvaltılık","Gıda & İçecek","PROVISIONAL_PROPOSAL","SPLIT","MATURITY_ONLY","Legacy umbrella spans multiple exact Wave 32 candidate L2 successors; product-level split rule remains required."
"sut-yogurt","3","kahvaltilik-sut-urunleri","Market & Gıda > Kahvaltılık & Süt Ürünleri > Süt & Yoğurt","Süt & Yoğurt","sut-yogurt","active","YES","YES","Gıda & İçecek","","","","Gıda & İçecek","CANDIDATE_NOT_OWNER_FINAL","SPLIT","MEDIUM","1,0000","YES","cold_chain","YES","2","Gıda & İçecek > Süt Ürünleri & Yumurta > Süt || Gıda & İçecek > Süt Ürünleri & Yumurta > Yoğurt","Gıda & İçecek > Süt Ürünleri & Yumurta","PROVISIONAL_PROPOSAL","UNRESOLVED","PREVIOUS_UNRESOLVED_NOW_CANDIDATE_RESOLVED","Legacy combined concept has multiple near-equal Wave 32 candidate successors; no arbitrary single successor selected."
"peynir","3","kahvaltilik-sut-urunleri","Market & Gıda > Kahvaltılık & Süt Ürünleri > Peynir","Peynir","peynir","active","YES","YES","Gıda & İçecek","Süt Ürünleri & Yumurta","Peynir","","Gıda & İçecek > Süt Ürünleri & Yumurta > Peynir","CANDIDATE_NOT_OWNER_FINAL","KEEP","HIGH","1,0000","YES","cold_chain|REGULATED","NO","1","","Gıda & İçecek > Süt Ürünleri & Yumurta","PROVISIONAL_PROPOSAL","UNRESOLVED","PREVIOUS_UNRESOLVED_NOW_CANDIDATE_RESOLVED","Wave 32 candidate semantic match; score=1,0000; target remains candidate, not owner-final."
"tereyagi-margarin","3","kahvaltilik-sut-urunleri","Market & Gıda > Kahvaltılık & Süt Ürünleri > Tereyağı & Margarin","Tereyağı & Margarin","tereyagi-margarin","active","YES","YES","Gıda & İçecek","","","","Gıda & İçecek","CANDIDATE_NOT_OWNER_FINAL","SPLIT","HIGH","EXPLICIT","YES","cold_chain|REGULATED|REGULATED","YES","2","Gıda & İçecek > Süt Ürünleri & Yumurta > Tereyağı & Krema || Gıda & İçecek > Yağ & Sirke > Yemeklik Yağlar > Katı Yemeklik Yağlar","Gıda & İçecek > Süt Ürünleri & Yumurta","PROVISIONAL_PROPOSAL","UNRESOLVED","PREVIOUS_UNRESOLVED_NOW_CANDIDATE_RESOLVED","Legacy combined identity spans multiple explicit Wave 32 candidate successors; product-level split rule is required."
"yumurta","3","kahvaltilik-sut-urunleri","Market & Gıda > Kahvaltılık & Süt Ürünleri > Yumurta","Yumurta","yumurta","active","YES","YES","Gıda & İçecek","Süt Ürünleri & Yumurta","Yumurta","","Gıda & İçecek > Süt Ürünleri & Yumurta > Yumurta","CANDIDATE_NOT_OWNER_FINAL","KEEP","HIGH","1,0000","YES","cold_chain|REGULATED","NO","1","","Gıda & İçecek > Süt Ürünleri & Yumurta","PROVISIONAL_PROPOSAL","UNRESOLVED","PREVIOUS_UNRESOLVED_NOW_CANDIDATE_RESOLVED","Wave 32 candidate semantic match; score=1,0000; target remains candidate, not owner-final."
"zeytin","3","kahvaltilik-sut-urunleri","Market & Gıda > Kahvaltılık & Süt Ürünleri > Zeytin","Zeytin","zeytin","active","YES","YES","Gıda & İçecek","Kahvaltılık","Zeytin","","Gıda & İçecek > Kahvaltılık > Zeytin","CANDIDATE_NOT_OWNER_FINAL","KEEP","HIGH","1,0000","YES","","NO","1","","Gıda & İçecek > Kahvaltılık","PROVISIONAL_PROPOSAL","UNRESOLVED","PREVIOUS_UNRESOLVED_NOW_CANDIDATE_RESOLVED","Wave 32 candidate semantic match; score=1,0000; target remains candidate, not owner-final."
"bal-recel-surulebilir-urunler","3","kahvaltilik-sut-urunleri","Market & Gıda > Kahvaltılık & Süt Ürünleri > Bal, Reçel & Sürülebilir Ürünler","Bal, Reçel & Sürülebilir Ürünler","bal-recel-surulebilir-urunler","active","YES","YES","Gıda & İçecek","","","","Gıda & İçecek","CANDIDATE_NOT_OWNER_FINAL","SPLIT","HIGH","EXPLICIT","YES","","YES","3","Gıda & İçecek > Kahvaltılık > Bal & Pekmez || Gıda & İçecek > Kahvaltılık > Reçel & Marmelat || Gıda & İçecek > Kahvaltılık > Sürülebilir Ezme & Kremalar","Gıda & İçecek > Kahvaltılık","PROVISIONAL_PROPOSAL","UNRESOLVED","PREVIOUS_UNRESOLVED_NOW_CANDIDATE_RESOLVED","Legacy combined identity spans multiple explicit Wave 32 candidate successors; product-level split rule is required."
"icecek-atistirmalik","2","market-gida","Market & Gıda > İçecek & Atıştırmalık","İçecek & Atıştırmalık","icecek-atistirmalik","active","NO","NO","Gıda & İçecek","","","","Gıda & İçecek","CANDIDATE_NOT_OWNER_FINAL","SPLIT","HIGH","1.0000","YES","","YES","2","Gıda & İçecek > Atıştırmalık, Şekerleme & Kuruyemiş || Gıda & İçecek > Alkolsüz İçecekler","Gıda & İçecek","PROVISIONAL_PROPOSAL","SPLIT","MATURITY_ONLY","Legacy umbrella spans multiple exact Wave 32 candidate L2 successors; product-level split rule remains required."
"su-maden-suyu","3","icecek-atistirmalik","Market & Gıda > İçecek & Atıştırmalık > Su & Maden Suyu","Su & Maden Suyu","su-maden-suyu","active","YES","YES","Gıda & İçecek","Alkolsüz İçecekler","Su & Maden Suyu","","Gıda & İçecek > Alkolsüz İçecekler > Su & Maden Suyu","CANDIDATE_NOT_OWNER_FINAL","MOVE","HIGH","1,0000","YES","","YES","1","","Gıda & İçecek","PROVISIONAL_PROPOSAL","UNRESOLVED","PREVIOUS_UNRESOLVED_NOW_CANDIDATE_RESOLVED","Wave 32 candidate semantic match; score=1,0000; target remains candidate, not owner-final."
"cay-bitki-cayi","3","icecek-atistirmalik","Market & Gıda > İçecek & Atıştırmalık > Çay & Bitki Çayı","Çay & Bitki Çayı","cay-bitki-cayi","active","YES","YES","Gıda & İçecek","","","","Gıda & İçecek","CANDIDATE_NOT_OWNER_FINAL","SPLIT","HIGH","EXPLICIT","YES","LEGAL_REVIEW_REQUIRED","YES","2","Gıda & İçecek > Alkolsüz İçecekler > Çay || Gıda & İçecek > Alkolsüz İçecekler > Bitki & Meyve Çayları","Gıda & İçecek > Alkolsüz İçecekler","PROVISIONAL_PROPOSAL","UNRESOLVED","PREVIOUS_UNRESOLVED_NOW_CANDIDATE_RESOLVED","Legacy combined identity spans multiple explicit Wave 32 candidate successors; product-level split rule is required."
"kahve-kakao","3","icecek-atistirmalik","Market & Gıda > İçecek & Atıştırmalık > Kahve & Kakao","Kahve & Kakao","kahve-kakao","active","YES","YES","Gıda & İçecek","","","","Gıda & İçecek","CANDIDATE_NOT_OWNER_FINAL","SPLIT","HIGH","EXPLICIT","YES","","YES","2","Gıda & İçecek > Alkolsüz İçecekler > Kahve || Gıda & İçecek > Un, Şeker & Pişirme Malzemeleri > Kakao & Pişirme Çikolatası","Gıda & İçecek > Alkolsüz İçecekler","PROVISIONAL_PROPOSAL","UNRESOLVED","PREVIOUS_UNRESOLVED_NOW_CANDIDATE_RESOLVED","Legacy combined identity spans multiple explicit Wave 32 candidate successors; product-level split rule is required."
"gazli-icecek-meyve-suyu","3","icecek-atistirmalik","Market & Gıda > İçecek & Atıştırmalık > Gazlı İçecek & Meyve Suyu","Gazlı İçecek & Meyve Suyu","gazli-icecek-meyve-suyu","active","YES","YES","Gıda & İçecek","","","","Gıda & İçecek","CANDIDATE_NOT_OWNER_FINAL","SPLIT","HIGH","EXPLICIT","YES","","YES","2","Gıda & İçecek > Alkolsüz İçecekler > Gazlı İçecekler || Gıda & İçecek > Alkolsüz İçecekler > Meyve Suyu & Meyveli İçecekler","Gıda & İçecek > Alkolsüz İçecekler","PROVISIONAL_PROPOSAL","UNRESOLVED","PREVIOUS_UNRESOLVED_NOW_CANDIDATE_RESOLVED","Legacy combined identity spans multiple explicit Wave 32 candidate successors; product-level split rule is required."
"cikolata-sekerleme","3","icecek-atistirmalik","Market & Gıda > İçecek & Atıştırmalık > Çikolata & Şekerleme","Çikolata & Şekerleme","cikolata-sekerleme","active","YES","YES","Gıda & İçecek","","","","Gıda & İçecek","CANDIDATE_NOT_OWNER_FINAL","SPLIT","HIGH","EXPLICIT","YES","","YES","2","Gıda & İçecek > Atıştırmalık, Şekerleme & Kuruyemiş > Çikolata || Gıda & İçecek > Atıştırmalık, Şekerleme & Kuruyemiş > Şekerleme & Sakız","Gıda & İçecek > Atıştırmalık, Şekerleme & Kuruyemiş","PROVISIONAL_PROPOSAL","UNRESOLVED","PREVIOUS_UNRESOLVED_NOW_CANDIDATE_RESOLVED","Legacy combined identity spans multiple explicit Wave 32 candidate successors; product-level split rule is required."
"biskuvi-kraker-kek","3","icecek-atistirmalik","Market & Gıda > İçecek & Atıştırmalık > Bisküvi, Kraker & Kek","Bisküvi, Kraker & Kek","biskuvi-kraker-kek","active","YES","YES","Gıda & İçecek","Atıştırmalık, Şekerleme & Kuruyemiş","Bisküvi, Kraker & Kek","","Gıda & İçecek > Atıştırmalık, Şekerleme & Kuruyemiş > Bisküvi, Kraker & Kek","CANDIDATE_NOT_OWNER_FINAL","KEEP","HIGH","1,0000","YES","","NO","1","","Gıda & İçecek > Atıştırmalık, Şekerleme & Kuruyemiş","PROVISIONAL_PROPOSAL","UNRESOLVED","PREVIOUS_UNRESOLVED_NOW_CANDIDATE_RESOLVED","Wave 32 candidate semantic match; score=1,0000; target remains candidate, not owner-final."
"cips-patlamis-misir","3","icecek-atistirmalik","Market & Gıda > İçecek & Atıştırmalık > Cips & Patlamış Mısır","Cips & Patlamış Mısır","cips-patlamis-misir","active","YES","YES","Gıda & İçecek","Atıştırmalık, Şekerleme & Kuruyemiş","Cips & Tuzlu Atıştırmalık","","Gıda & İçecek > Atıştırmalık, Şekerleme & Kuruyemiş > Cips & Tuzlu Atıştırmalık","CANDIDATE_NOT_OWNER_FINAL","RENAME","HIGH","0,9000","YES","","YES","1","","Gıda & İçecek > Atıştırmalık, Şekerleme & Kuruyemiş","PROVISIONAL_PROPOSAL","UNRESOLVED","PREVIOUS_UNRESOLVED_NOW_CANDIDATE_RESOLVED","Wave 32 candidate semantic match; score=0,9000; target remains candidate, not owner-final."
"kuruyemis-kuru-meyve","3","icecek-atistirmalik","Market & Gıda > İçecek & Atıştırmalık > Kuruyemiş & Kuru Meyve","Kuruyemiş & Kuru Meyve","kuruyemis-kuru-meyve","active","YES","YES","Gıda & İçecek","","","","Gıda & İçecek","CANDIDATE_NOT_OWNER_FINAL","SPLIT","MEDIUM","1,0000","YES","","YES","2","Gıda & İçecek > Atıştırmalık, Şekerleme & Kuruyemiş > Kuru Meyve || Gıda & İçecek > Atıştırmalık, Şekerleme & Kuruyemiş > Kuruyemiş","Gıda & İçecek > Atıştırmalık, Şekerleme & Kuruyemiş","PROVISIONAL_PROPOSAL","UNRESOLVED","PREVIOUS_UNRESOLVED_NOW_CANDIDATE_RESOLVED","Legacy combined concept has multiple near-equal Wave 32 candidate successors; no arbitrary single successor selected."
"taze-donuk-hazir-gida","2","market-gida","Market & Gıda > Taze, Donuk & Hazır Gıda","Taze, Donuk & Hazır Gıda","taze-donuk-hazir-gida","active","NO","NO","Gıda & İçecek","","","","Gıda & İçecek","CANDIDATE_NOT_OWNER_FINAL","SPLIT","HIGH","1.0000","YES","","YES","5","Gıda & İçecek > Taze Meyve & Sebze || Gıda & İçecek > Et, Tavuk, Balık & Şarküteri || Gıda & İçecek > Ekmek, Unlu Mamuller & Pastacılık || Gıda & İçecek > Hazır & Pratik Gıda || Gıda & İçecek > Donuk Gıda","Gıda & İçecek","PROVISIONAL_PROPOSAL","SPLIT","MATURITY_ONLY","Legacy umbrella spans multiple exact Wave 32 candidate L2 successors; product-level split rule remains required."
"taze-meyve","3","taze-donuk-hazir-gida","Market & Gıda > Taze, Donuk & Hazır Gıda > Taze Meyve","Taze Meyve","taze-meyve","active","YES","YES","Gıda & İçecek","Taze Meyve & Sebze","Taze Meyve","","Gıda & İçecek > Taze Meyve & Sebze > Taze Meyve","CANDIDATE_NOT_OWNER_FINAL","KEEP","HIGH","1,0000","YES","","NO","1","","Gıda & İçecek > Taze Meyve & Sebze","PROVISIONAL_PROPOSAL","UNRESOLVED","PREVIOUS_UNRESOLVED_NOW_CANDIDATE_RESOLVED","Wave 32 candidate semantic match; score=1,0000; target remains candidate, not owner-final."
"taze-sebze","3","taze-donuk-hazir-gida","Market & Gıda > Taze, Donuk & Hazır Gıda > Taze Sebze","Taze Sebze","taze-sebze","active","YES","YES","Gıda & İçecek","Taze Meyve & Sebze","Taze Sebze","","Gıda & İçecek > Taze Meyve & Sebze > Taze Sebze","CANDIDATE_NOT_OWNER_FINAL","KEEP","HIGH","1,0000","YES","","NO","1","","Gıda & İçecek > Taze Meyve & Sebze","PROVISIONAL_PROPOSAL","UNRESOLVED","PREVIOUS_UNRESOLVED_NOW_CANDIDATE_RESOLVED","Wave 32 candidate semantic match; score=1,0000; target remains candidate, not owner-final."
"ekmek-unlu-mamuller","3","taze-donuk-hazir-gida","Market & Gıda > Taze, Donuk & Hazır Gıda > Ekmek & Unlu Mamuller","Ekmek & Unlu Mamuller","ekmek-unlu-mamuller","active","YES","YES","Gıda & İçecek","","","","Gıda & İçecek","CANDIDATE_NOT_OWNER_FINAL","SPLIT","HIGH","EXPLICIT","YES","REGULATED","YES","4","Gıda & İçecek > Ekmek, Unlu Mamuller & Pastacılık > Ekmekler || Gıda & İçecek > Ekmek, Unlu Mamuller & Pastacılık > Simit, Poğaça & Börek || Gıda & İçecek > Ekmek, Unlu Mamuller & Pastacılık > Kek, Kurabiye & Paketli Unlu Mamuller || Gıda & İçecek > Ekmek, Unlu Mamuller & Pastacılık > Pasta & Pastane Tatlıları","Gıda & İçecek > Ekmek, Unlu Mamuller & Pastacılık","PROVISIONAL_PROPOSAL","UNRESOLVED","PREVIOUS_UNRESOLVED_NOW_CANDIDATE_RESOLVED","Legacy combined identity spans multiple explicit Wave 32 candidate successors; product-level split rule is required."
"et-tavuk-urunleri","3","taze-donuk-hazir-gida","Market & Gıda > Taze, Donuk & Hazır Gıda > Et & Tavuk Ürünleri","Et & Tavuk Ürünleri","et-tavuk-urunleri","active","YES","YES","Gıda & İçecek","","","","Gıda & İçecek","CANDIDATE_NOT_OWNER_FINAL","SPLIT","HIGH","EXPLICIT","YES","cold_chain|REGULATED|REGULATED|REGULATED","YES","2","Gıda & İçecek > Et, Tavuk, Balık & Şarküteri > Kırmızı Et || Gıda & İçecek > Et, Tavuk, Balık & Şarküteri > Tavuk & Kanatlı","Gıda & İçecek > Et, Tavuk, Balık & Şarküteri","PROVISIONAL_PROPOSAL","UNRESOLVED","PREVIOUS_UNRESOLVED_NOW_CANDIDATE_RESOLVED","Legacy combined identity spans multiple explicit Wave 32 candidate successors; product-level split rule is required."
"sarkuteri","3","taze-donuk-hazir-gida","Market & Gıda > Taze, Donuk & Hazır Gıda > Şarküteri","Şarküteri","sarkuteri","active","YES","YES","Gıda & İçecek","Et, Tavuk, Balık & Şarküteri","Şarküteri Ürünleri","","Gıda & İçecek > Et, Tavuk, Balık & Şarküteri > Şarküteri Ürünleri","CANDIDATE_NOT_OWNER_FINAL","RENAME","HIGH","1,0000","YES","cold_chain|REGULATED","YES","1","","Gıda & İçecek > Et, Tavuk, Balık & Şarküteri","PROVISIONAL_PROPOSAL","UNRESOLVED","PREVIOUS_UNRESOLVED_NOW_CANDIDATE_RESOLVED","Wave 32 candidate semantic match; score=1,0000; target remains candidate, not owner-final."
"balik-deniz-urunleri","3","taze-donuk-hazir-gida","Market & Gıda > Taze, Donuk & Hazır Gıda > Balık & Deniz Ürünleri","Balık & Deniz Ürünleri","balik-deniz-urunleri","active","YES","YES","Gıda & İçecek","Et, Tavuk, Balık & Şarküteri","Balık & Deniz Ürünleri","","Gıda & İçecek > Et, Tavuk, Balık & Şarküteri > Balık & Deniz Ürünleri","CANDIDATE_NOT_OWNER_FINAL","KEEP","HIGH","1,0000","YES","cold_chain|REGULATED","NO","1","","Gıda & İçecek > Et, Tavuk, Balık & Şarküteri","PROVISIONAL_PROPOSAL","UNRESOLVED","PREVIOUS_UNRESOLVED_NOW_CANDIDATE_RESOLVED","Wave 32 candidate semantic match; score=1,0000; target remains candidate, not owner-final."
"dondurulmus-gida","3","taze-donuk-hazir-gida","Market & Gıda > Taze, Donuk & Hazır Gıda > Dondurulmuş Gıda","Dondurulmuş Gıda","dondurulmus-gida","active","YES","YES","Gıda & İçecek","","","","Gıda & İçecek","CANDIDATE_NOT_OWNER_FINAL","SPLIT","HIGH","EXPLICIT","YES","cold_chain|REGULATED|REGULATED|REGULATED|REGULATED|REGULATED|REGULATED","YES","5","Gıda & İçecek > Donuk Gıda > Donuk Meyve & Sebze || Gıda & İçecek > Donuk Gıda > Donuk Et, Tavuk & Balık || Gıda & İçecek > Donuk Gıda > Donuk Hamur & Fırın Ürünleri || Gıda & İçecek > Donuk Gıda > Donuk Hazır Yemek & Atıştırmalık || Gıda & İçecek > Donuk Gıda > Dondurma & Donuk Tatlı","Gıda & İçecek > Donuk Gıda","PROVISIONAL_PROPOSAL","UNRESOLVED","PREVIOUS_UNRESOLVED_NOW_CANDIDATE_RESOLVED","Legacy combined identity spans multiple explicit Wave 32 candidate successors; product-level split rule is required."
"hazir-yemek-meze","3","taze-donuk-hazir-gida","Market & Gıda > Taze, Donuk & Hazır Gıda > Hazır Yemek & Meze","Hazır Yemek & Meze","hazir-yemek-meze","active","YES","YES","Gıda & İçecek","","","","Gıda & İçecek","CANDIDATE_NOT_OWNER_FINAL","SPLIT","MEDIUM","0,9000","YES","cold_chain","YES","2","Gıda & İçecek > Hazır & Pratik Gıda > Meze & Hazır Salata || Gıda & İçecek > Hazır & Pratik Gıda > Paketli Hazır Yemek","Gıda & İçecek > Hazır & Pratik Gıda","PROVISIONAL_PROPOSAL","UNRESOLVED","PREVIOUS_UNRESOLVED_NOW_CANDIDATE_RESOLVED","Legacy combined concept has multiple near-equal Wave 32 candidate successors; no arbitrary single successor selected."
"moda-giyim","1","","Moda & Giyim","Moda & Giyim","moda-giyim","active","NO","NO","Giyim & Moda","","","","Giyim & Moda","CANONICAL_FINAL","RENAME","HIGH","","NO","","YES","1","","Giyim & Moda","CANONICAL_FINAL","RENAME","UNCHANGED_FINAL_ANCHOR",""
"ust-giyim","2","moda-giyim","Moda & Giyim > Üst Giyim","Üst Giyim","ust-giyim","active","NO","NO","Giyim & Moda","Üst Giyim","","","Giyim & Moda > Üst Giyim","CANDIDATE_NOT_OWNER_FINAL","KEEP","HIGH","1.0000","YES","","NO","1","","Giyim & Moda > Üst Giyim","PROVISIONAL_PROPOSAL","KEEP","MATURITY_ONLY","Previous provisional L2 bridge now resolves to the exact Wave 32 candidate L2; target is not owner-final."
"tisort","3","ust-giyim","Moda & Giyim > Üst Giyim > Tişört","Tişört","tisort","active","YES","YES","Giyim & Moda","Üst Giyim","Tişört","","Giyim & Moda > Üst Giyim > Tişört","CANDIDATE_NOT_OWNER_FINAL","KEEP","HIGH","1,0000","YES","","NO","1","","Giyim & Moda > Üst Giyim","PROVISIONAL_PROPOSAL","UNRESOLVED","PREVIOUS_UNRESOLVED_NOW_CANDIDATE_RESOLVED","Wave 32 candidate semantic match; score=1,0000; target remains candidate, not owner-final."
"gomlek-bluz","3","ust-giyim","Moda & Giyim > Üst Giyim > Gömlek & Bluz","Gömlek & Bluz","gomlek-bluz","active","YES","YES","Giyim & Moda","Üst Giyim","Gömlek & Bluz","","Giyim & Moda > Üst Giyim > Gömlek & Bluz","CANDIDATE_NOT_OWNER_FINAL","KEEP","HIGH","1,0000","YES","","NO","1","","Giyim & Moda > Üst Giyim","PROVISIONAL_PROPOSAL","UNRESOLVED","PREVIOUS_UNRESOLVED_NOW_CANDIDATE_RESOLVED","Wave 32 candidate semantic match; score=1,0000; target remains candidate, not owner-final."
"kazak-hirka","3","ust-giyim","Moda & Giyim > Üst Giyim > Kazak & Hırka","Kazak & Hırka","kazak-hirka","active","YES","YES","Giyim & Moda","","","","Giyim & Moda","CANDIDATE_NOT_OWNER_FINAL","SPLIT","HIGH","EXPLICIT","YES","","YES","2","Giyim & Moda > Üst Giyim > Kazak & Süveter || Giyim & Moda > Üst Giyim > Hırka","Giyim & Moda > Üst Giyim","PROVISIONAL_PROPOSAL","UNRESOLVED","PREVIOUS_UNRESOLVED_NOW_CANDIDATE_RESOLVED","Legacy combined identity spans multiple explicit Wave 32 candidate successors; product-level split rule is required."
"sweatshirt-hoodie","3","ust-giyim","Moda & Giyim > Üst Giyim > Sweatshirt & Hoodie","Sweatshirt & Hoodie","sweatshirt-hoodie","active","YES","YES","Giyim & Moda","Üst Giyim","Sweatshirt & Hoodie","","Giyim & Moda > Üst Giyim > Sweatshirt & Hoodie","CANDIDATE_NOT_OWNER_FINAL","KEEP","HIGH","1,0000","YES","","NO","1","","Giyim & Moda > Üst Giyim","PROVISIONAL_PROPOSAL","UNRESOLVED","PREVIOUS_UNRESOLVED_NOW_CANDIDATE_RESOLVED","Wave 32 candidate semantic match; score=1,0000; target remains candidate, not owner-final."
"tunik","3","ust-giyim","Moda & Giyim > Üst Giyim > Tunik","Tunik","tunik","active","YES","YES","Giyim & Moda","Üst Giyim","Tunik","","Giyim & Moda > Üst Giyim > Tunik","CANDIDATE_NOT_OWNER_FINAL","KEEP","HIGH","1,0000","YES","","NO","1","","Giyim & Moda > Üst Giyim","PROVISIONAL_PROPOSAL","UNRESOLVED","PREVIOUS_UNRESOLVED_NOW_CANDIDATE_RESOLVED","Wave 32 candidate semantic match; score=1,0000; target remains candidate, not owner-final."
"alt-giyim","2","moda-giyim","Moda & Giyim > Alt Giyim","Alt Giyim","alt-giyim","active","NO","NO","Giyim & Moda","Alt Giyim","","","Giyim & Moda > Alt Giyim","CANDIDATE_NOT_OWNER_FINAL","KEEP","HIGH","1.0000","YES","","NO","1","","Giyim & Moda > Alt Giyim","PROVISIONAL_PROPOSAL","KEEP","MATURITY_ONLY","Previous provisional L2 bridge now resolves to the exact Wave 32 candidate L2; target is not owner-final."
"pantolon","3","alt-giyim","Moda & Giyim > Alt Giyim > Pantolon","Pantolon","pantolon","active","YES","YES","Giyim & Moda","Alt Giyim","Pantolon","","Giyim & Moda > Alt Giyim > Pantolon","CANDIDATE_NOT_OWNER_FINAL","KEEP","HIGH","1,0000","YES","","NO","1","","Giyim & Moda > Alt Giyim","PROVISIONAL_PROPOSAL","UNRESOLVED","PREVIOUS_UNRESOLVED_NOW_CANDIDATE_RESOLVED","Wave 32 candidate semantic match; score=1,0000; target remains candidate, not owner-final."
"jean","3","alt-giyim","Moda & Giyim > Alt Giyim > Jean","Jean","jean","active","YES","YES","Giyim & Moda","Alt Giyim","Jean","","Giyim & Moda > Alt Giyim > Jean","CANDIDATE_NOT_OWNER_FINAL","KEEP","HIGH","1,0000","YES","","NO","1","","Giyim & Moda > Alt Giyim","PROVISIONAL_PROPOSAL","UNRESOLVED","PREVIOUS_UNRESOLVED_NOW_CANDIDATE_RESOLVED","Wave 32 candidate semantic match; score=1,0000; target remains candidate, not owner-final."
"etek","3","alt-giyim","Moda & Giyim > Alt Giyim > Etek","Etek","etek","active","YES","YES","Giyim & Moda","Alt Giyim","Etek","","Giyim & Moda > Alt Giyim > Etek","CANDIDATE_NOT_OWNER_FINAL","KEEP","HIGH","1,0000","YES","","NO","1","","Giyim & Moda > Alt Giyim","PROVISIONAL_PROPOSAL","UNRESOLVED","PREVIOUS_UNRESOLVED_NOW_CANDIDATE_RESOLVED","Wave 32 candidate semantic match; score=1,0000; target remains candidate, not owner-final."
"sort","3","alt-giyim","Moda & Giyim > Alt Giyim > Şort","Şort","sort","active","YES","YES","Giyim & Moda","Alt Giyim","Şort","","Giyim & Moda > Alt Giyim > Şort","CANDIDATE_NOT_OWNER_FINAL","KEEP","HIGH","1,0000","YES","","NO","1","","Giyim & Moda > Alt Giyim","PROVISIONAL_PROPOSAL","UNRESOLVED","PREVIOUS_UNRESOLVED_NOW_CANDIDATE_RESOLVED","Wave 32 candidate semantic match; score=1,0000; target remains candidate, not owner-final."
"tayt-esofman-alti","3","alt-giyim","Moda & Giyim > Alt Giyim > Tayt & Eşofman Altı","Tayt & Eşofman Altı","tayt-esofman-alti","active","YES","YES","Giyim & Moda","","","","Giyim & Moda","CANDIDATE_NOT_OWNER_FINAL","SPLIT","HIGH","EXPLICIT","YES","","YES","2","Giyim & Moda > Alt Giyim > Tayt || Giyim & Moda > Alt Giyim > Eşofman Altı","Giyim & Moda > Alt Giyim","PROVISIONAL_PROPOSAL","UNRESOLVED","PREVIOUS_UNRESOLVED_NOW_CANDIDATE_RESOLVED","Legacy combined identity spans multiple explicit Wave 32 candidate successors; product-level split rule is required."
"dis-giyim-tek-parca","2","moda-giyim","Moda & Giyim > Dış Giyim & Tek Parça","Dış Giyim & Tek Parça","dis-giyim-tek-parca","active","NO","NO","Giyim & Moda","","","","Giyim & Moda","CANDIDATE_NOT_OWNER_FINAL","SPLIT","HIGH","1.0000","YES","","YES","3","Giyim & Moda > Elbise & Tulum || Giyim & Moda > Takım & Kombinler || Giyim & Moda > Dış Giyim","Giyim & Moda","PROVISIONAL_PROPOSAL","SPLIT","MATURITY_ONLY","Legacy umbrella spans multiple exact Wave 32 candidate L2 successors; product-level split rule remains required."
"mont-kaban-parka","3","dis-giyim-tek-parca","Moda & Giyim > Dış Giyim & Tek Parça > Mont, Kaban & Parka","Mont, Kaban & Parka","mont-kaban-parka","active","YES","YES","Giyim & Moda","","","","Giyim & Moda","CANDIDATE_NOT_OWNER_FINAL","SPLIT","MEDIUM","0,9000","YES","","YES","2","Giyim & Moda > Dış Giyim > Kaban & Pardösü || Giyim & Moda > Dış Giyim > Mont & Parka","Giyim & Moda > Dış Giyim","PROVISIONAL_PROPOSAL","UNRESOLVED","PREVIOUS_UNRESOLVED_NOW_CANDIDATE_RESOLVED","Legacy combined concept has multiple near-equal Wave 32 candidate successors; no arbitrary single successor selected."
"ceket-blazer","3","dis-giyim-tek-parca","Moda & Giyim > Dış Giyim & Tek Parça > Ceket & Blazer","Ceket & Blazer","ceket-blazer","active","YES","YES","Giyim & Moda","Dış Giyim","Ceket & Blazer","","Giyim & Moda > Dış Giyim > Ceket & Blazer","CANDIDATE_NOT_OWNER_FINAL","KEEP","HIGH","1,0000","YES","","NO","1","","Giyim & Moda > Dış Giyim","PROVISIONAL_PROPOSAL","UNRESOLVED","PREVIOUS_UNRESOLVED_NOW_CANDIDATE_RESOLVED","Wave 32 candidate semantic match; score=1,0000; target remains candidate, not owner-final."
"yagmurluk-ruzgarlik","3","dis-giyim-tek-parca","Moda & Giyim > Dış Giyim & Tek Parça > Yağmurluk & Rüzgarlık","Yağmurluk & Rüzgarlık","yagmurluk-ruzgarlik","active","YES","YES","Giyim & Moda","Dış Giyim","Trençkot, Yağmurluk & Rüzgarlık","","Giyim & Moda > Dış Giyim > Trençkot, Yağmurluk & Rüzgarlık","CANDIDATE_NOT_OWNER_FINAL","RENAME_AND_MOVE","MEDIUM","0,8600","YES","","YES","1","","Giyim & Moda","PROVISIONAL_PROPOSAL","UNRESOLVED","PREVIOUS_UNRESOLVED_NOW_CANDIDATE_RESOLVED","Wave 32 candidate semantic match; score=0,8600; target remains candidate, not owner-final."
"elbise","3","dis-giyim-tek-parca","Moda & Giyim > Dış Giyim & Tek Parça > Elbise","Elbise","elbise","active","YES","YES","Giyim & Moda","Elbise & Tulum","Elbiseler","","Giyim & Moda > Elbise & Tulum > Elbiseler","CANDIDATE_NOT_OWNER_FINAL","RENAME","HIGH","1,0000","YES","","YES","1","","Giyim & Moda > Elbise & Tulum","PROVISIONAL_PROPOSAL","UNRESOLVED","PREVIOUS_UNRESOLVED_NOW_CANDIDATE_RESOLVED","Wave 32 candidate semantic match; score=1,0000; target remains candidate, not owner-final."
"tulum-giyim","3","dis-giyim-tek-parca","Moda & Giyim > Dış Giyim & Tek Parça > Tulum","Tulum","tulum-giyim","active","YES","YES","Giyim & Moda","Elbise & Tulum","Tulumlar","","Giyim & Moda > Elbise & Tulum > Tulumlar","CANDIDATE_NOT_OWNER_FINAL","RENAME","HIGH","1,0000","YES","","YES","1","","Giyim & Moda > Elbise & Tulum","PROVISIONAL_PROPOSAL","UNRESOLVED","PREVIOUS_UNRESOLVED_NOW_CANDIDATE_RESOLVED","Wave 32 candidate semantic match; score=1,0000; target remains candidate, not owner-final."
"takim-elbise","3","dis-giyim-tek-parca","Moda & Giyim > Dış Giyim & Tek Parça > Takım Elbise","Takım Elbise","takim-elbise","active","YES","YES","Giyim & Moda","Takım & Kombinler","Takım Elbise","","Giyim & Moda > Takım & Kombinler > Takım Elbise","CANDIDATE_NOT_OWNER_FINAL","MOVE","HIGH","1,0000","YES","","YES","1","","Giyim & Moda","PROVISIONAL_PROPOSAL","UNRESOLVED","PREVIOUS_UNRESOLVED_NOW_CANDIDATE_RESOLVED","Wave 32 candidate semantic match; score=1,0000; target remains candidate, not owner-final."
"ic-giyim-ev-giyimi-fonksiyonel","2","moda-giyim","Moda & Giyim > İç Giyim, Ev Giyimi & Fonksiyonel Giyim","İç Giyim, Ev Giyimi & Fonksiyonel Giyim","ic-giyim-ev-giyimi-fonksiyonel","active","NO","NO","Giyim & Moda","","","","Giyim & Moda","CANDIDATE_NOT_OWNER_FINAL","SPLIT","HIGH","1.0000","YES","","YES","5","Giyim & Moda > İç Giyim || Giyim & Moda > Ev & Uyku Giyimi || Giyim & Moda > Spor & Performans Giyimi || Giyim & Moda > Mayo & Plaj Giyimi || Giyim & Moda > İş Giyimi & Üniforma","Giyim & Moda","PROVISIONAL_PROPOSAL","SPLIT","MATURITY_ONLY","Legacy umbrella spans multiple exact Wave 32 candidate L2 successors; product-level split rule remains required."
"ic-camasiri","3","ic-giyim-ev-giyimi-fonksiyonel","Moda & Giyim > İç Giyim, Ev Giyimi & Fonksiyonel Giyim > İç Çamaşırı","İç Çamaşırı","ic-camasiri","active","YES","YES","Giyim & Moda","","","","Giyim & Moda","CANDIDATE_NOT_OWNER_FINAL","SPLIT","HIGH","EXPLICIT","YES","","YES","4","Giyim & Moda > İç Giyim > Külot & Boxer || Giyim & Moda > İç Giyim > Sütyen & Bralet || Giyim & Moda > İç Giyim > Korse || Giyim & Moda > İç Giyim > İçlik & Termal İç Giyim","Giyim & Moda > İç Giyim","PROVISIONAL_PROPOSAL","UNRESOLVED","PREVIOUS_UNRESOLVED_NOW_CANDIDATE_RESOLVED","Legacy combined identity spans multiple explicit Wave 32 candidate successors; product-level split rule is required."
"sutyen-korse","3","ic-giyim-ev-giyimi-fonksiyonel","Moda & Giyim > İç Giyim, Ev Giyimi & Fonksiyonel Giyim > Sütyen & Korse","Sütyen & Korse","sutyen-korse","active","YES","YES","Giyim & Moda","","","","Giyim & Moda","CANDIDATE_NOT_OWNER_FINAL","SPLIT","HIGH","EXPLICIT","YES","","YES","2","Giyim & Moda > İç Giyim > Sütyen & Bralet || Giyim & Moda > İç Giyim > Korse","Giyim & Moda > İç Giyim","PROVISIONAL_PROPOSAL","UNRESOLVED","PREVIOUS_UNRESOLVED_NOW_CANDIDATE_RESOLVED","Legacy combined identity spans multiple explicit Wave 32 candidate successors; product-level split rule is required."
"pijama-gecelik","3","ic-giyim-ev-giyimi-fonksiyonel","Moda & Giyim > İç Giyim, Ev Giyimi & Fonksiyonel Giyim > Pijama & Gecelik","Pijama & Gecelik","pijama-gecelik","active","YES","YES","Giyim & Moda","","","","Giyim & Moda","CANDIDATE_NOT_OWNER_FINAL","SPLIT","HIGH","EXPLICIT","YES","","YES","2","Giyim & Moda > Ev & Uyku Giyimi > Pijama || Giyim & Moda > Ev & Uyku Giyimi > Gecelik & Sabahlık","Giyim & Moda > Ev & Uyku Giyimi","PROVISIONAL_PROPOSAL","UNRESOLVED","PREVIOUS_UNRESOLVED_NOW_CANDIDATE_RESOLVED","Legacy combined identity spans multiple explicit Wave 32 candidate successors; product-level split rule is required."
"corap-kulotlu-corap","3","ic-giyim-ev-giyimi-fonksiyonel","Moda & Giyim > İç Giyim, Ev Giyimi & Fonksiyonel Giyim > Çorap & Külotlu Çorap","Çorap & Külotlu Çorap","corap-kulotlu-corap","active","YES","YES","Giyim & Moda","İç Giyim","Çorap & Külotlu Çorap","","Giyim & Moda > İç Giyim > Çorap & Külotlu Çorap","CANDIDATE_NOT_OWNER_FINAL","KEEP","HIGH","1,0000","YES","","NO","1","","Giyim & Moda > İç Giyim","PROVISIONAL_PROPOSAL","UNRESOLVED","PREVIOUS_UNRESOLVED_NOW_CANDIDATE_RESOLVED","Wave 32 candidate semantic match; score=1,0000; target remains candidate, not owner-final."
"is-kiyafeti-uniforma","3","ic-giyim-ev-giyimi-fonksiyonel","Moda & Giyim > İç Giyim, Ev Giyimi & Fonksiyonel Giyim > İş Kıyafeti & Üniforma","İş Kıyafeti & Üniforma","is-kiyafeti-uniforma","active","YES","YES","Giyim & Moda","İş Giyimi & Üniforma","Kurumsal Üniforma","","Giyim & Moda > İş Giyimi & Üniforma > Kurumsal Üniforma","CANDIDATE_NOT_OWNER_FINAL","RENAME","HIGH","0,9000","YES","safety_critical","YES","1","","Giyim & Moda > İş Giyimi & Üniforma","PROVISIONAL_PROPOSAL","UNRESOLVED","PREVIOUS_UNRESOLVED_NOW_CANDIDATE_RESOLVED","Wave 32 candidate semantic match; score=0,9000; target remains candidate, not owner-final."
"mayo-plaj-giyimi","3","ic-giyim-ev-giyimi-fonksiyonel","Moda & Giyim > İç Giyim, Ev Giyimi & Fonksiyonel Giyim > Mayo & Plaj Giyimi","Mayo & Plaj Giyimi","mayo-plaj-giyimi","active","YES","YES","Giyim & Moda","Mayo & Plaj Giyimi","Mayo","","Giyim & Moda > Mayo & Plaj Giyimi > Mayo","CANDIDATE_NOT_OWNER_FINAL","RENAME","HIGH","1,0000","YES","","YES","1","","Giyim & Moda > Mayo & Plaj Giyimi","PROVISIONAL_PROPOSAL","UNRESOLVED","PREVIOUS_UNRESOLVED_NOW_CANDIDATE_RESOLVED","Wave 32 candidate semantic match; score=1,0000; target remains candidate, not owner-final."
"ayakkabi","1","","Ayakkabı","Ayakkabı","ayakkabi","active","NO","NO","Ayakkabı","","","","Ayakkabı","CANONICAL_FINAL","KEEP","HIGH","","NO","","NO","1","","Ayakkabı","CANONICAL_FINAL","KEEP","UNCHANGED_FINAL_ANCHOR",""
"gunluk-klasik-ayakkabi","2","ayakkabi","Ayakkabı > Günlük & Klasik Ayakkabı","Günlük & Klasik Ayakkabı","gunluk-klasik-ayakkabi","active","NO","NO","Ayakkabı","","","","Ayakkabı","CANDIDATE_NOT_OWNER_FINAL","SPLIT","HIGH","1.0000","YES","","YES","2","Ayakkabı > Günlük Ayakkabılar || Ayakkabı > Klasik Ayakkabılar","Ayakkabı","PROVISIONAL_PROPOSAL","SPLIT","MATURITY_ONLY","Legacy umbrella spans multiple exact Wave 32 candidate L2 successors; product-level split rule remains required."
"gunluk-bagcikli-ayakkabi","3","gunluk-klasik-ayakkabi","Ayakkabı > Günlük & Klasik Ayakkabı > Günlük Bağcıklı Ayakkabı","Günlük Bağcıklı Ayakkabı","gunluk-bagcikli-ayakkabi","active","YES","YES","Ayakkabı","Günlük Ayakkabılar","Günlük Bağcıklı Ayakkabılar","","Ayakkabı > Günlük Ayakkabılar > Günlük Bağcıklı Ayakkabılar","CANDIDATE_NOT_OWNER_FINAL","RENAME","HIGH","1,0000","YES","","YES","1","","Ayakkabı > Günlük Ayakkabılar","PROVISIONAL_PROPOSAL","UNRESOLVED","PREVIOUS_UNRESOLVED_NOW_CANDIDATE_RESOLVED","Wave 32 candidate semantic match; score=1,0000; target remains candidate, not owner-final."
"mokasen-loafer","3","gunluk-klasik-ayakkabi","Ayakkabı > Günlük & Klasik Ayakkabı > Mokasen & Loafer","Mokasen & Loafer","mokasen-loafer","active","YES","YES","Ayakkabı","Günlük Ayakkabılar","Loafer & Mokasen","","Ayakkabı > Günlük Ayakkabılar > Loafer & Mokasen","CANDIDATE_NOT_OWNER_FINAL","RENAME","HIGH","1,0000","YES","","YES","1","","Ayakkabı > Günlük Ayakkabılar","PROVISIONAL_PROPOSAL","UNRESOLVED","PREVIOUS_UNRESOLVED_NOW_CANDIDATE_RESOLVED","Wave 32 candidate semantic match; score=1,0000; target remains candidate, not owner-final."
"babet-duz-ayakkabi","3","gunluk-klasik-ayakkabi","Ayakkabı > Günlük & Klasik Ayakkabı > Babet & Düz Ayakkabı","Babet & Düz Ayakkabı","babet-duz-ayakkabi","active","YES","YES","Ayakkabı","Günlük Ayakkabılar","Babet & Düz Ayakkabılar","","Ayakkabı > Günlük Ayakkabılar > Babet & Düz Ayakkabılar","CANDIDATE_NOT_OWNER_FINAL","RENAME","HIGH","1,0000","YES","","YES","1","","Ayakkabı > Günlük Ayakkabılar","PROVISIONAL_PROPOSAL","UNRESOLVED","PREVIOUS_UNRESOLVED_NOW_CANDIDATE_RESOLVED","Wave 32 candidate semantic match; score=1,0000; target remains candidate, not owner-final."
"klasik-ayakkabi","3","gunluk-klasik-ayakkabi","Ayakkabı > Günlük & Klasik Ayakkabı > Klasik Ayakkabı","Klasik Ayakkabı","klasik-ayakkabi","active","YES","YES","Ayakkabı","","","","Ayakkabı","CANDIDATE_NOT_OWNER_FINAL","SPLIT","HIGH","EXPLICIT","YES","","YES","4","Ayakkabı > Klasik Ayakkabılar > Oxford & Derby Ayakkabılar || Ayakkabı > Klasik Ayakkabılar > Klasik Loafer || Ayakkabı > Klasik Ayakkabılar > Topuklu Ayakkabılar || Ayakkabı > Klasik Ayakkabılar > Davet & Abiye Ayakkabılar","Ayakkabı > Klasik Ayakkabılar","PROVISIONAL_PROPOSAL","UNRESOLVED","PREVIOUS_UNRESOLVED_NOW_CANDIDATE_RESOLVED","Legacy combined identity spans multiple explicit Wave 32 candidate successors; product-level split rule is required."
"topuklu-ayakkabi","3","gunluk-klasik-ayakkabi","Ayakkabı > Günlük & Klasik Ayakkabı > Topuklu Ayakkabı","Topuklu Ayakkabı","topuklu-ayakkabi","active","YES","YES","Ayakkabı","Klasik Ayakkabılar","Topuklu Ayakkabılar","","Ayakkabı > Klasik Ayakkabılar > Topuklu Ayakkabılar","CANDIDATE_NOT_OWNER_FINAL","RENAME_AND_MOVE","HIGH","1,0000","YES","","YES","1","","Ayakkabı","PROVISIONAL_PROPOSAL","UNRESOLVED","PREVIOUS_UNRESOLVED_NOW_CANDIDATE_RESOLVED","Wave 32 candidate semantic match; score=1,0000; target remains candidate, not owner-final."
"spor-ayakkabi","2","ayakkabi","Ayakkabı > Spor Ayakkabı","Spor Ayakkabı","spor-ayakkabi","active","NO","NO","Ayakkabı","Spor Ayakkabıları","","","Ayakkabı > Spor Ayakkabıları","CANDIDATE_NOT_OWNER_FINAL","RENAME","HIGH","1.0000","YES","","YES","1","","Ayakkabı > Spor Ayakkabıları","PROVISIONAL_PROPOSAL","RENAME","MATURITY_ONLY","Previous provisional L2 bridge now resolves to the exact Wave 32 candidate L2; target is not owner-final."
"kosu-ayakkabisi","3","spor-ayakkabi","Ayakkabı > Spor Ayakkabı > Koşu Ayakkabısı","Koşu Ayakkabısı","kosu-ayakkabisi","active","YES","YES","Ayakkabı","Spor Ayakkabıları","Koşu & Yürüyüş Ayakkabıları","Koşu Ayakkabıları","Ayakkabı > Spor Ayakkabıları > Koşu & Yürüyüş Ayakkabıları > Koşu Ayakkabıları","CANDIDATE_NOT_OWNER_FINAL","RENAME","HIGH","1,0000","YES","","YES","1","","Ayakkabı > Spor Ayakkabıları","PROVISIONAL_PROPOSAL","UNRESOLVED","PREVIOUS_UNRESOLVED_NOW_CANDIDATE_RESOLVED","Wave 32 candidate semantic match; score=1,0000; target remains candidate, not owner-final."
"yuruyus-ayakkabisi","3","spor-ayakkabi","Ayakkabı > Spor Ayakkabı > Yürüyüş Ayakkabısı","Yürüyüş Ayakkabısı","yuruyus-ayakkabisi","active","YES","YES","Ayakkabı","Spor Ayakkabıları","Koşu & Yürüyüş Ayakkabıları","Yürüyüş Ayakkabıları","Ayakkabı > Spor Ayakkabıları > Koşu & Yürüyüş Ayakkabıları > Yürüyüş Ayakkabıları","CANDIDATE_NOT_OWNER_FINAL","RENAME","HIGH","1,0000","YES","","YES","1","","Ayakkabı > Spor Ayakkabıları","PROVISIONAL_PROPOSAL","UNRESOLVED","PREVIOUS_UNRESOLVED_NOW_CANDIDATE_RESOLVED","Wave 32 candidate semantic match; score=1,0000; target remains candidate, not owner-final."
"gunluk-sneaker","3","spor-ayakkabi","Ayakkabı > Spor Ayakkabı > Günlük Sneaker","Günlük Sneaker","gunluk-sneaker","active","YES","YES","Ayakkabı","Günlük Ayakkabılar","Günlük Sneaker","","Ayakkabı > Günlük Ayakkabılar > Günlük Sneaker","CANDIDATE_NOT_OWNER_FINAL","KEEP","HIGH","EXPLICIT","YES","","NO","1","","Ayakkabı > Spor Ayakkabıları","PROVISIONAL_PROPOSAL","UNRESOLVED","PREVIOUS_UNRESOLVED_NOW_CANDIDATE_RESOLVED","Exact semantic candidate successor."
"salon-antrenman-ayakkabisi","3","spor-ayakkabi","Ayakkabı > Spor Ayakkabı > Salon & Antrenman Ayakkabısı","Salon & Antrenman Ayakkabısı","salon-antrenman-ayakkabisi","active","YES","YES","Ayakkabı","Spor Ayakkabıları","Antrenman & Salon Ayakkabıları","","Ayakkabı > Spor Ayakkabıları > Antrenman & Salon Ayakkabıları","CANDIDATE_NOT_OWNER_FINAL","RENAME","HIGH","1,0000","YES","","YES","1","","Ayakkabı > Spor Ayakkabıları","PROVISIONAL_PROPOSAL","UNRESOLVED","PREVIOUS_UNRESOLVED_NOW_CANDIDATE_RESOLVED","Wave 32 candidate semantic match; score=1,0000; target remains candidate, not owner-final."
"futbol-ayakkabisi","3","spor-ayakkabi","Ayakkabı > Spor Ayakkabı > Futbol Ayakkabısı","Futbol Ayakkabısı","futbol-ayakkabisi","active","YES","YES","Ayakkabı","Spor Ayakkabıları","Takım Sporu Ayakkabıları","Futbol Kramponları","Ayakkabı > Spor Ayakkabıları > Takım Sporu Ayakkabıları > Futbol Kramponları","CANDIDATE_NOT_OWNER_FINAL","RENAME","HIGH","0,9000","YES","","YES","1","","Ayakkabı > Spor Ayakkabıları","PROVISIONAL_PROPOSAL","UNRESOLVED","PREVIOUS_UNRESOLVED_NOW_CANDIDATE_RESOLVED","Wave 32 candidate semantic match; score=0,9000; target remains candidate, not owner-final."
"bot-cizme","2","ayakkabi","Ayakkabı > Bot & Çizme","Bot & Çizme","bot-cizme","active","NO","NO","Ayakkabı","Bot & Çizmeler","","","Ayakkabı > Bot & Çizmeler","CANDIDATE_NOT_OWNER_FINAL","RENAME","HIGH","1.0000","YES","","YES","1","","Ayakkabı > Bot & Çizmeler","PROVISIONAL_PROPOSAL","RENAME","MATURITY_ONLY","Previous provisional L2 bridge now resolves to the exact Wave 32 candidate L2; target is not owner-final."
"bot","3","bot-cizme","Ayakkabı > Bot & Çizme > Bot","Bot","bot","active","YES","YES","Ayakkabı","Bot & Çizmeler","Günlük Botlar","","Ayakkabı > Bot & Çizmeler > Günlük Botlar","CANDIDATE_NOT_OWNER_FINAL","RENAME","HIGH","0,9000","YES","","YES","1","","Ayakkabı > Bot & Çizmeler","PROVISIONAL_PROPOSAL","UNRESOLVED","PREVIOUS_UNRESOLVED_NOW_CANDIDATE_RESOLVED","Wave 32 candidate semantic match; score=0,9000; target remains candidate, not owner-final."
"cizme","3","bot-cizme","Ayakkabı > Bot & Çizme > Çizme","Çizme","cizme","active","YES","YES","Ayakkabı","Bot & Çizmeler","Çizmeler","","Ayakkabı > Bot & Çizmeler > Çizmeler","CANDIDATE_NOT_OWNER_FINAL","RENAME","HIGH","1,0000","YES","","YES","1","","Ayakkabı > Bot & Çizmeler","PROVISIONAL_PROPOSAL","UNRESOLVED","PREVIOUS_UNRESOLVED_NOW_CANDIDATE_RESOLVED","Wave 32 candidate semantic match; score=1,0000; target remains candidate, not owner-final."
"kar-yagmur-botu","3","bot-cizme","Ayakkabı > Bot & Çizme > Kar & Yağmur Botu","Kar & Yağmur Botu","kar-yagmur-botu","active","YES","YES","Ayakkabı","","","","Ayakkabı","CANDIDATE_NOT_OWNER_FINAL","SPLIT","HIGH","EXPLICIT","YES","","YES","2","Ayakkabı > Bot & Çizmeler > Yağmur Botları || Ayakkabı > Bot & Çizmeler > Kar & Kış Botları","Ayakkabı > Bot & Çizmeler","PROVISIONAL_PROPOSAL","UNRESOLVED","PREVIOUS_UNRESOLVED_NOW_CANDIDATE_RESOLVED","Legacy combined identity spans multiple explicit Wave 32 candidate successors; product-level split rule is required."
"trekking-ayakkabisi-botu","3","bot-cizme","Ayakkabı > Bot & Çizme > Trekking Ayakkabısı & Botu","Trekking Ayakkabısı & Botu","trekking-ayakkabisi-botu","active","YES","YES","Ayakkabı","Spor Ayakkabıları","Outdoor & Trekking Ayakkabıları","","Ayakkabı > Spor Ayakkabıları > Outdoor & Trekking Ayakkabıları","CANDIDATE_NOT_OWNER_FINAL","RENAME_AND_MOVE","HIGH","EXPLICIT","YES","","YES","1","","Ayakkabı > Bot & Çizmeler","PROVISIONAL_PROPOSAL","UNRESOLVED","PREVIOUS_UNRESOLVED_NOW_CANDIDATE_RESOLVED","Footwear remains in product taxonomy; outdoor use is a facet."
"sandalet-terlik-uzmanlik-ayakkabisi","2","ayakkabi","Ayakkabı > Sandalet, Terlik & Uzmanlık Ayakkabısı","Sandalet, Terlik & Uzmanlık Ayakkabısı","sandalet-terlik-uzmanlik-ayakkabisi","active","NO","NO","Ayakkabı","","","","Ayakkabı","CANDIDATE_NOT_OWNER_FINAL","SPLIT","HIGH","EXPLICIT","YES","REGULATED","YES","2","Ayakkabı > Sandalet & Terlikler || Ayakkabı > İş & Profesyonel Ayakkabılar","Ayakkabı","PROVISIONAL_PROPOSAL","SPLIT","MATURITY_ONLY","Legacy combined identity spans multiple explicit Wave 32 candidate successors; product-level split rule is required."
"sandalet","3","sandalet-terlik-uzmanlik-ayakkabisi","Ayakkabı > Sandalet, Terlik & Uzmanlık Ayakkabısı > Sandalet","Sandalet","sandalet","active","YES","YES","Ayakkabı","Sandalet & Terlikler","Sandaletler","","Ayakkabı > Sandalet & Terlikler > Sandaletler","CANDIDATE_NOT_OWNER_FINAL","RENAME","HIGH","1,0000","YES","","YES","1","","Ayakkabı > Sandalet & Terlikler","PROVISIONAL_PROPOSAL","UNRESOLVED","PREVIOUS_UNRESOLVED_NOW_CANDIDATE_RESOLVED","Wave 32 candidate semantic match; score=1,0000; target remains candidate, not owner-final."
"terlik","3","sandalet-terlik-uzmanlik-ayakkabisi","Ayakkabı > Sandalet, Terlik & Uzmanlık Ayakkabısı > Terlik","Terlik","terlik","active","YES","YES","Ayakkabı","Çocuk & Bebek Ayakkabıları","Çocuk Sandalet & Terlikleri","","Ayakkabı > Çocuk & Bebek Ayakkabıları > Çocuk Sandalet & Terlikleri","CANDIDATE_NOT_OWNER_FINAL","RENAME_AND_MOVE","MEDIUM","0,8600","YES","","YES","1","","Ayakkabı","PROVISIONAL_PROPOSAL","UNRESOLVED","PREVIOUS_UNRESOLVED_NOW_CANDIDATE_RESOLVED","Wave 32 candidate semantic match; score=0,8600; target remains candidate, not owner-final."
"deniz-ayakkabisi","3","sandalet-terlik-uzmanlik-ayakkabisi","Ayakkabı > Sandalet, Terlik & Uzmanlık Ayakkabısı > Deniz Ayakkabısı","Deniz Ayakkabısı","deniz-ayakkabisi","active","YES","YES","Ayakkabı","Sandalet & Terlikler","Deniz Ayakkabıları","","Ayakkabı > Sandalet & Terlikler > Deniz Ayakkabıları","CANDIDATE_NOT_OWNER_FINAL","RENAME_AND_MOVE","HIGH","1,0000","YES","","YES","1","","Ayakkabı","PROVISIONAL_PROPOSAL","UNRESOLVED","PREVIOUS_UNRESOLVED_NOW_CANDIDATE_RESOLVED","Wave 32 candidate semantic match; score=1,0000; target remains candidate, not owner-final."
"is-guvenligi-ayakkabisi","3","sandalet-terlik-uzmanlik-ayakkabisi","Ayakkabı > Sandalet, Terlik & Uzmanlık Ayakkabısı > İş Güvenliği Ayakkabısı","İş Güvenliği Ayakkabısı","is-guvenligi-ayakkabisi","active","YES","YES","Yapı, Hırdavat & Tesisat","İş Güvenliği & Koruyucu Donanım","İş Güvenliği Ayakkabıları","","Yapı, Hırdavat & Tesisat > İş Güvenliği & Koruyucu Donanım > İş Güvenliği Ayakkabıları","CANDIDATE_NOT_OWNER_FINAL","MOVE","HIGH","EXPLICIT","YES","REGULATED|safety_critical","YES","1","","Ayakkabı > İş & Güvenlik Ayakkabıları","PROVISIONAL_PROPOSAL","UNRESOLVED","PREVIOUS_UNRESOLVED_NOW_CANDIDATE_RESOLVED","Safety footwear moves to regulated/protective equipment boundary."
"medikal-konfor-ayakkabisi","3","sandalet-terlik-uzmanlik-ayakkabisi","Ayakkabı > Sandalet, Terlik & Uzmanlık Ayakkabısı > Medikal & Konfor Ayakkabısı","Medikal & Konfor Ayakkabısı","medikal-konfor-ayakkabisi","active","YES","YES","","","","","","CANDIDATE_NOT_OWNER_FINAL","UNRESOLVED","LOW","MANUAL","YES","regulated_review|claim_sensitive","YES","0","","Ayakkabı > Ayakkabı Bakım & Aksesuarları","PROVISIONAL_PROPOSAL","UNRESOLVED","TARGET_CHANGED","Medical/comfort footwear needs an owner/policy boundary and has no complete candidate successor."
"canta-giyim-aksesuari","1","","Çanta & Giyim Aksesuarı","Çanta & Giyim Aksesuarı","canta-giyim-aksesuari","active","NO","NO","Çanta & Aksesuar","","","","Çanta & Aksesuar","CANONICAL_FINAL","RENAME","HIGH","","NO","","YES","1","","Çanta & Aksesuar","CANONICAL_FINAL","RENAME","UNCHANGED_FINAL_ANCHOR",""
"gunluk-cantalar","2","canta-giyim-aksesuari","Çanta & Giyim Aksesuarı > Günlük Çantalar","Günlük Çantalar","gunluk-cantalar","active","NO","NO","Çanta & Aksesuar","","","","Çanta & Aksesuar","CANDIDATE_NOT_OWNER_FINAL","SPLIT","HIGH","1.0000","YES","","YES","2","Çanta & Aksesuar > El, Omuz & Bel Çantaları || Çanta & Aksesuar > Sırt Çantaları","Çanta & Aksesuar","PROVISIONAL_PROPOSAL","SPLIT","MATURITY_ONLY","Legacy umbrella spans multiple exact Wave 32 candidate L2 successors; product-level split rule remains required."
"el-cantasi","3","gunluk-cantalar","Çanta & Giyim Aksesuarı > Günlük Çantalar > El Çantası","El Çantası","el-cantasi","active","YES","YES","Çanta & Aksesuar","El, Omuz & Bel Çantaları","El Çantaları","","Çanta & Aksesuar > El, Omuz & Bel Çantaları > El Çantaları","CANDIDATE_NOT_OWNER_FINAL","RENAME","HIGH","1,0000","YES","","YES","1","","Çanta & Aksesuar > El, Omuz & Bel Çantaları","PROVISIONAL_PROPOSAL","UNRESOLVED","PREVIOUS_UNRESOLVED_NOW_CANDIDATE_RESOLVED","Wave 32 candidate semantic match; score=1,0000; target remains candidate, not owner-final."
"omuz-capraz-canta","3","gunluk-cantalar","Çanta & Giyim Aksesuarı > Günlük Çantalar > Omuz & Çapraz Çanta","Omuz & Çapraz Çanta","omuz-capraz-canta","active","YES","YES","Çanta & Aksesuar","","","","Çanta & Aksesuar","CANDIDATE_NOT_OWNER_FINAL","SPLIT","MEDIUM","1,0000","YES","","YES","2","Çanta & Aksesuar > El, Omuz & Bel Çantaları > Çapraz Çantalar || Çanta & Aksesuar > El, Omuz & Bel Çantaları > Omuz Çantaları","Çanta & Aksesuar > El, Omuz & Bel Çantaları","PROVISIONAL_PROPOSAL","UNRESOLVED","PREVIOUS_UNRESOLVED_NOW_CANDIDATE_RESOLVED","Legacy combined concept has multiple near-equal Wave 32 candidate successors; no arbitrary single successor selected."
"sirt-cantasi","3","gunluk-cantalar","Çanta & Giyim Aksesuarı > Günlük Çantalar > Sırt Çantası","Sırt Çantası","sirt-cantasi","active","YES","YES","Çanta & Aksesuar","Sırt Çantaları","Günlük Sırt Çantaları","","Çanta & Aksesuar > Sırt Çantaları > Günlük Sırt Çantaları","CANDIDATE_NOT_OWNER_FINAL","RENAME","MEDIUM","0,8600","YES","","YES","1","","Çanta & Aksesuar > Sırt Çantaları","PROVISIONAL_PROPOSAL","UNRESOLVED","PREVIOUS_UNRESOLVED_NOW_CANDIDATE_RESOLVED","Wave 32 candidate semantic match; score=0,8600; target remains candidate, not owner-final."
"bel-cantasi","3","gunluk-cantalar","Çanta & Giyim Aksesuarı > Günlük Çantalar > Bel Çantası","Bel Çantası","bel-cantasi","active","YES","YES","Çanta & Aksesuar","El, Omuz & Bel Çantaları","Bel Çantaları","","Çanta & Aksesuar > El, Omuz & Bel Çantaları > Bel Çantaları","CANDIDATE_NOT_OWNER_FINAL","RENAME","HIGH","1,0000","YES","","YES","1","","Çanta & Aksesuar > El, Omuz & Bel Çantaları","PROVISIONAL_PROPOSAL","UNRESOLVED","PREVIOUS_UNRESOLVED_NOW_CANDIDATE_RESOLVED","Wave 32 candidate semantic match; score=1,0000; target remains candidate, not owner-final."
"alisveris-bez-canta","3","gunluk-cantalar","Çanta & Giyim Aksesuarı > Günlük Çantalar > Alışveriş & Bez Çanta","Alışveriş & Bez Çanta","alisveris-bez-canta","active","YES","YES","","","","","","CANDIDATE_NOT_OWNER_FINAL","UNRESOLVED","LOW","MANUAL","YES","","YES","0","","Çanta & Aksesuar","PROVISIONAL_PROPOSAL","UNRESOLVED","TARGET_CHANGED","Reusable shopping/tote bags are a candidate-tree gap; material is a facet, not a successor identity."
"is-okul-cihaz-cantalari","2","canta-giyim-aksesuari","Çanta & Giyim Aksesuarı > İş, Okul & Cihaz Çantaları","İş, Okul & Cihaz Çantaları","is-okul-cihaz-cantalari","active","NO","NO","Çanta & Aksesuar","","","","Çanta & Aksesuar","CANDIDATE_NOT_OWNER_FINAL","SPLIT","HIGH","1.0000","YES","","YES","2","Çanta & Aksesuar > Sırt Çantaları || Çanta & Aksesuar > Evrak, Laptop & Ekipman Çantaları","Çanta & Aksesuar","PROVISIONAL_PROPOSAL","SPLIT","MATURITY_ONLY","Legacy umbrella spans multiple exact Wave 32 candidate L2 successors; product-level split rule remains required."
"laptop-cantasi","3","is-okul-cihaz-cantalari","Çanta & Giyim Aksesuarı > İş, Okul & Cihaz Çantaları > Laptop Çantası","Laptop Çantası","laptop-cantasi","active","YES","YES","Çanta & Aksesuar","Evrak, Laptop & Ekipman Çantaları","Laptop Çantaları","","Çanta & Aksesuar > Evrak, Laptop & Ekipman Çantaları > Laptop Çantaları","CANDIDATE_NOT_OWNER_FINAL","RENAME","HIGH","1,0000","YES","","YES","1","","Çanta & Aksesuar > Evrak, Laptop & Ekipman Çantaları","PROVISIONAL_PROPOSAL","UNRESOLVED","PREVIOUS_UNRESOLVED_NOW_CANDIDATE_RESOLVED","Wave 32 candidate semantic match; score=1,0000; target remains candidate, not owner-final."
"evrak-cantasi","3","is-okul-cihaz-cantalari","Çanta & Giyim Aksesuarı > İş, Okul & Cihaz Çantaları > Evrak Çantası","Evrak Çantası","evrak-cantasi","active","YES","YES","Çanta & Aksesuar","Evrak, Laptop & Ekipman Çantaları","Evrak & İş Çantaları","","Çanta & Aksesuar > Evrak, Laptop & Ekipman Çantaları > Evrak & İş Çantaları","CANDIDATE_NOT_OWNER_FINAL","RENAME","MEDIUM","0,8600","YES","","YES","1","","Çanta & Aksesuar > Evrak, Laptop & Ekipman Çantaları","PROVISIONAL_PROPOSAL","UNRESOLVED","PREVIOUS_UNRESOLVED_NOW_CANDIDATE_RESOLVED","Wave 32 candidate semantic match; score=0,8600; target remains candidate, not owner-final."
"okul-cantasi","3","is-okul-cihaz-cantalari","Çanta & Giyim Aksesuarı > İş, Okul & Cihaz Çantaları > Okul Çantası","Okul Çantası","okul-cantasi","active","YES","YES","Çanta & Aksesuar","Sırt Çantaları","Okul Sırt Çantaları","","Çanta & Aksesuar > Sırt Çantaları > Okul Sırt Çantaları","CANDIDATE_NOT_OWNER_FINAL","RENAME","HIGH","EXPLICIT","YES","","YES","1","","Çanta & Aksesuar > Evrak, Laptop & Ekipman Çantaları","PROVISIONAL_PROPOSAL","UNRESOLVED","PREVIOUS_UNRESOLVED_NOW_CANDIDATE_RESOLVED","Explicit product-type successor."
"fotograf-makinesi-cantasi","3","is-okul-cihaz-cantalari","Çanta & Giyim Aksesuarı > İş, Okul & Cihaz Çantaları > Fotoğraf Makinesi Çantası","Fotoğraf Makinesi Çantası","fotograf-makinesi-cantasi","active","YES","YES","Çanta & Aksesuar","Evrak, Laptop & Ekipman Çantaları","Kamera Çantaları","","Çanta & Aksesuar > Evrak, Laptop & Ekipman Çantaları > Kamera Çantaları","CANDIDATE_NOT_OWNER_FINAL","RENAME_AND_MOVE","HIGH","1,0000","YES","","YES","1","","Çanta & Aksesuar","PROVISIONAL_PROPOSAL","UNRESOLVED","PREVIOUS_UNRESOLVED_NOW_CANDIDATE_RESOLVED","Wave 32 candidate semantic match; score=1,0000; target remains candidate, not owner-final."
"seyahat-cantalari","2","canta-giyim-aksesuari","Çanta & Giyim Aksesuarı > Seyahat Çantaları","Seyahat Çantaları","seyahat-cantalari","active","NO","NO","Çanta & Aksesuar","","","","Çanta & Aksesuar","CANDIDATE_NOT_OWNER_FINAL","SPLIT","HIGH","1.0000","YES","","YES","2","Çanta & Aksesuar > Valiz & Seyahat Çantaları || Çanta & Aksesuar > Seyahat Aksesuarları","Çanta & Aksesuar","PROVISIONAL_PROPOSAL","SPLIT","MATURITY_ONLY","Legacy umbrella spans multiple exact Wave 32 candidate L2 successors; product-level split rule remains required."
"valiz","3","seyahat-cantalari","Çanta & Giyim Aksesuarı > Seyahat Çantaları > Valiz","Valiz","valiz","active","YES","YES","Çanta & Aksesuar","","","","Çanta & Aksesuar","CANDIDATE_NOT_OWNER_FINAL","SPLIT","HIGH","EXPLICIT","YES","","YES","2","Çanta & Aksesuar > Valiz & Seyahat Çantaları > Kabin Boy Valizler || Çanta & Aksesuar > Valiz & Seyahat Çantaları > Orta & Büyük Boy Valizler","Çanta & Aksesuar > Valiz & Seyahat Çantaları","PROVISIONAL_PROPOSAL","UNRESOLVED","PREVIOUS_UNRESOLVED_NOW_CANDIDATE_RESOLVED","Legacy combined identity spans multiple explicit Wave 32 candidate successors; product-level split rule is required."
"seyahat-cantasi","3","seyahat-cantalari","Çanta & Giyim Aksesuarı > Seyahat Çantaları > Seyahat Çantası","Seyahat Çantası","seyahat-cantasi","active","YES","YES","Çanta & Aksesuar","Valiz & Seyahat Çantaları","Seyahat & Duffel Çantaları","","Çanta & Aksesuar > Valiz & Seyahat Çantaları > Seyahat & Duffel Çantaları","CANDIDATE_NOT_OWNER_FINAL","RENAME","HIGH","0,9000","YES","","YES","1","","Çanta & Aksesuar > Valiz & Seyahat Çantaları","PROVISIONAL_PROPOSAL","UNRESOLVED","PREVIOUS_UNRESOLVED_NOW_CANDIDATE_RESOLVED","Wave 32 candidate semantic match; score=0,9000; target remains candidate, not owner-final."
"kabin-el-bagaji","3","seyahat-cantalari","Çanta & Giyim Aksesuarı > Seyahat Çantaları > Kabin & El Bagajı","Kabin & El Bagajı","kabin-el-bagaji","active","YES","YES","Çanta & Aksesuar","Valiz & Seyahat Çantaları","Kabin Boy Valizler","","Çanta & Aksesuar > Valiz & Seyahat Çantaları > Kabin Boy Valizler","CANDIDATE_NOT_OWNER_FINAL","RENAME","HIGH","1,0000","YES","","YES","1","","Çanta & Aksesuar > Valiz & Seyahat Çantaları","PROVISIONAL_PROPOSAL","UNRESOLVED","PREVIOUS_UNRESOLVED_NOW_CANDIDATE_RESOLVED","Wave 32 candidate semantic match; score=1,0000; target remains candidate, not owner-final."
"makyaj-bakim-cantasi","3","seyahat-cantalari","Çanta & Giyim Aksesuarı > Seyahat Çantaları > Makyaj & Bakım Çantası","Makyaj & Bakım Çantası","makyaj-bakim-cantasi","active","YES","YES","Çanta & Aksesuar","Evrak, Laptop & Ekipman Çantaları","Genel Ekipman Çantaları","","Çanta & Aksesuar > Evrak, Laptop & Ekipman Çantaları > Genel Ekipman Çantaları","CANDIDATE_NOT_OWNER_FINAL","RENAME_AND_MOVE","HIGH","EXPLICIT","YES","","YES","1","","Çanta & Aksesuar","PROVISIONAL_PROPOSAL","UNRESOLVED","PREVIOUS_UNRESOLVED_NOW_CANDIDATE_RESOLVED","Generic equipment bag is the candidate bridge; use remains a facet."
"kucuk-deri-giyim-tamamlayicilari","2","canta-giyim-aksesuari","Çanta & Giyim Aksesuarı > Küçük Deri Ürünleri & Giyim Tamamlayıcıları","Küçük Deri Ürünleri & Giyim Tamamlayıcıları","kucuk-deri-giyim-tamamlayicilari","active","NO","NO","Çanta & Aksesuar","","","","Çanta & Aksesuar","CANDIDATE_NOT_OWNER_FINAL","SPLIT","HIGH","1.0000","YES","","YES","6","Çanta & Aksesuar > Cüzdan, Kartlık & Anahtarlık || Çanta & Aksesuar > Kemer, Pantolon Askısı & Kravat || Çanta & Aksesuar > Şapka, Bere & Saç Aksesuarları || Çanta & Aksesuar > Atkı, Şal & Eldiven || Çanta & Aksesuar > Şemsiyeler || Çanta & Aksesuar > Seyahat Aksesuarları","Çanta & Aksesuar","PROVISIONAL_PROPOSAL","SPLIT","MATURITY_ONLY","Legacy umbrella spans multiple exact Wave 32 candidate L2 successors; product-level split rule remains required."
"cuzdan-kartlik","3","kucuk-deri-giyim-tamamlayicilari","Çanta & Giyim Aksesuarı > Küçük Deri Ürünleri & Giyim Tamamlayıcıları > Cüzdan & Kartlık","Cüzdan & Kartlık","cuzdan-kartlik","active","YES","YES","Çanta & Aksesuar","","","","Çanta & Aksesuar","CANDIDATE_NOT_OWNER_FINAL","SPLIT","MEDIUM","1,0000","YES","","YES","2","Çanta & Aksesuar > Cüzdan, Kartlık & Anahtarlık > Cüzdanlar || Çanta & Aksesuar > Cüzdan, Kartlık & Anahtarlık > Kartlıklar","Çanta & Aksesuar > Cüzdan, Kartlık & Anahtarlık","PROVISIONAL_PROPOSAL","UNRESOLVED","PREVIOUS_UNRESOLVED_NOW_CANDIDATE_RESOLVED","Legacy combined concept has multiple near-equal Wave 32 candidate successors; no arbitrary single successor selected."
"kemer","3","kucuk-deri-giyim-tamamlayicilari","Çanta & Giyim Aksesuarı > Küçük Deri Ürünleri & Giyim Tamamlayıcıları > Kemer","Kemer","kemer","active","YES","YES","Çanta & Aksesuar","Kemer, Pantolon Askısı & Kravat","Kemerler","","Çanta & Aksesuar > Kemer, Pantolon Askısı & Kravat > Kemerler","CANDIDATE_NOT_OWNER_FINAL","RENAME","HIGH","1,0000","YES","","YES","1","","Çanta & Aksesuar > Kemer, Pantolon Askısı & Kravat","PROVISIONAL_PROPOSAL","UNRESOLVED","PREVIOUS_UNRESOLVED_NOW_CANDIDATE_RESOLVED","Wave 32 candidate semantic match; score=1,0000; target remains candidate, not owner-final."
"sapka-bere","3","kucuk-deri-giyim-tamamlayicilari","Çanta & Giyim Aksesuarı > Küçük Deri Ürünleri & Giyim Tamamlayıcıları > Şapka & Bere","Şapka & Bere","sapka-bere","active","YES","YES","Çanta & Aksesuar","","","","Çanta & Aksesuar","CANDIDATE_NOT_OWNER_FINAL","SPLIT","HIGH","EXPLICIT","YES","","YES","2","Çanta & Aksesuar > Şapka, Bere & Saç Aksesuarları > Şapka & Kep || Çanta & Aksesuar > Şapka, Bere & Saç Aksesuarları > Bereler","Çanta & Aksesuar > Şapka, Bere & Saç Aksesuarları","PROVISIONAL_PROPOSAL","UNRESOLVED","PREVIOUS_UNRESOLVED_NOW_CANDIDATE_RESOLVED","Legacy combined identity spans multiple explicit Wave 32 candidate successors; product-level split rule is required."
"atki-sal-fular","3","kucuk-deri-giyim-tamamlayicilari","Çanta & Giyim Aksesuarı > Küçük Deri Ürünleri & Giyim Tamamlayıcıları > Atkı, Şal & Fular","Atkı, Şal & Fular","atki-sal-fular","active","YES","YES","Çanta & Aksesuar","","","","Çanta & Aksesuar","CANDIDATE_NOT_OWNER_FINAL","SPLIT","HIGH","EXPLICIT","YES","","YES","2","Çanta & Aksesuar > Atkı, Şal & Eldiven > Atkı & Fular || Çanta & Aksesuar > Atkı, Şal & Eldiven > Şal & Eşarp","Çanta & Aksesuar > Atkı, Şal & Eldiven","PROVISIONAL_PROPOSAL","UNRESOLVED","PREVIOUS_UNRESOLVED_NOW_CANDIDATE_RESOLVED","Legacy combined identity spans multiple explicit Wave 32 candidate successors; product-level split rule is required."
"eldiven","3","kucuk-deri-giyim-tamamlayicilari","Çanta & Giyim Aksesuarı > Küçük Deri Ürünleri & Giyim Tamamlayıcıları > Eldiven","Eldiven","eldiven","active","YES","YES","Çanta & Aksesuar","Atkı, Şal & Eldiven","Günlük Eldivenler","","Çanta & Aksesuar > Atkı, Şal & Eldiven > Günlük Eldivenler","CANDIDATE_NOT_OWNER_FINAL","RENAME","HIGH","0,9000","YES","","YES","1","","Çanta & Aksesuar > Atkı, Şal & Eldiven","PROVISIONAL_PROPOSAL","UNRESOLVED","PREVIOUS_UNRESOLVED_NOW_CANDIDATE_RESOLVED","Wave 32 candidate semantic match; score=0,9000; target remains candidate, not owner-final."
"kravat-papyon","3","kucuk-deri-giyim-tamamlayicilari","Çanta & Giyim Aksesuarı > Küçük Deri Ürünleri & Giyim Tamamlayıcıları > Kravat & Papyon","Kravat & Papyon","kravat-papyon","active","YES","YES","Çanta & Aksesuar","Kemer, Pantolon Askısı & Kravat","Kravat & Papyon","","Çanta & Aksesuar > Kemer, Pantolon Askısı & Kravat > Kravat & Papyon","CANDIDATE_NOT_OWNER_FINAL","KEEP","HIGH","EXPLICIT","YES","","NO","1","","Çanta & Aksesuar > Kemer, Pantolon Askısı & Kravat","PROVISIONAL_PROPOSAL","UNRESOLVED","PREVIOUS_UNRESOLVED_NOW_CANDIDATE_RESOLVED","Exact combined candidate successor."
"semsiye","3","kucuk-deri-giyim-tamamlayicilari","Çanta & Giyim Aksesuarı > Küçük Deri Ürünleri & Giyim Tamamlayıcıları > Şemsiye","Şemsiye","semsiye","active","YES","YES","Çanta & Aksesuar","","","","Çanta & Aksesuar","CANDIDATE_NOT_OWNER_FINAL","SPLIT","HIGH","EXPLICIT","YES","","YES","2","Çanta & Aksesuar > Şemsiyeler > Kompakt Şemsiyeler || Çanta & Aksesuar > Şemsiyeler > Baston Şemsiyeler","Çanta & Aksesuar > Şemsiyeler","PROVISIONAL_PROPOSAL","UNRESOLVED","PREVIOUS_UNRESOLVED_NOW_CANDIDATE_RESOLVED","Legacy combined identity spans multiple explicit Wave 32 candidate successors; product-level split rule is required."
"sac-aksesuarlari","3","kucuk-deri-giyim-tamamlayicilari","Çanta & Giyim Aksesuarı > Küçük Deri Ürünleri & Giyim Tamamlayıcıları > Saç Aksesuarları","Saç Aksesuarları","sac-aksesuarlari","active","YES","YES","Çanta & Aksesuar","Şapka, Bere & Saç Aksesuarları","Saç Tokaları","","Çanta & Aksesuar > Şapka, Bere & Saç Aksesuarları > Saç Tokaları","CANDIDATE_NOT_OWNER_FINAL","RENAME","HIGH","0,9000","YES","","YES","1","","Çanta & Aksesuar > Şapka, Bere & Saç Aksesuarları","PROVISIONAL_PROPOSAL","UNRESOLVED","PREVIOUS_UNRESOLVED_NOW_CANDIDATE_RESOLVED","Wave 32 candidate semantic match; score=0,9000; target remains candidate, not owner-final."
"elektronik","1","","Elektronik","Elektronik","elektronik","active","NO","NO","Elektronik","","","","Elektronik","CANONICAL_FINAL","KEEP","HIGH","","NO","","NO","1","","Elektronik","CANONICAL_FINAL","KEEP","UNCHANGED_FINAL_ANCHOR",""
"telefon-giyilebilir-teknoloji","2","elektronik","Elektronik > Telefon & Giyilebilir Teknoloji","Telefon & Giyilebilir Teknoloji","telefon-giyilebilir-teknoloji","active","NO","NO","<MULTIPLE_TARGETS>","","","","<MULTIPLE_TARGETS>","CANONICAL_FINAL","SPLIT","HIGH","EXPLICIT","NO","","YES","2","Elektronik > Telefon & Aksesuarları || Elektronik > Giyilebilir Teknoloji","Elektronik","CANONICAL_FINAL","SPLIT","UNCHANGED_FINAL_ANCHOR","Two existing owner-final Electronics L2 successors."
"akilli-telefon","3","telefon-giyilebilir-teknoloji","Elektronik > Telefon & Giyilebilir Teknoloji > Akıllı Telefon","Akıllı Telefon","akilli-telefon","active","YES","YES","Elektronik","Telefon & Aksesuarları","Cep Telefonları","Akıllı Telefonlar","Elektronik > Telefon & Aksesuarları > Cep Telefonları > Akıllı Telefonlar","CANONICAL_FINAL","RENAME_AND_MOVE","HIGH","","NO","","YES","1","","Elektronik > Telefon & Aksesuarları > Cep Telefonları > Akıllı Telefonlar","CANONICAL_FINAL","RENAME_AND_MOVE","UNCHANGED_FINAL_ANCHOR",""
"tuslu-cep-telefonu","3","telefon-giyilebilir-teknoloji","Elektronik > Telefon & Giyilebilir Teknoloji > Tuşlu Cep Telefonu","Tuşlu Cep Telefonu","tuslu-cep-telefonu","active","YES","YES","Elektronik","Telefon & Aksesuarları","Cep Telefonları","Tuşlu Telefonlar","Elektronik > Telefon & Aksesuarları > Cep Telefonları > Tuşlu Telefonlar","CANONICAL_FINAL","RENAME_AND_MOVE","HIGH","","NO","","YES","1","","Elektronik > Telefon & Aksesuarları > Cep Telefonları > Tuşlu Telefonlar","CANONICAL_FINAL","RENAME_AND_MOVE","UNCHANGED_FINAL_ANCHOR",""
"akilli-saat","3","telefon-giyilebilir-teknoloji","Elektronik > Telefon & Giyilebilir Teknoloji > Akıllı Saat","Akıllı Saat","akilli-saat","active","YES","YES","Elektronik","Giyilebilir Teknoloji","","","Elektronik > Giyilebilir Teknoloji","CANONICAL_FINAL","MOVE","HIGH","","NO","","YES","1","","Elektronik > Giyilebilir Teknoloji","CANONICAL_FINAL","MOVE","UNCHANGED_FINAL_ANCHOR","Canonical L2 placement is final; lower successor awaits a future owner-approved L3/L4 design."
"akilli-bileklik","3","telefon-giyilebilir-teknoloji","Elektronik > Telefon & Giyilebilir Teknoloji > Akıllı Bileklik","Akıllı Bileklik","akilli-bileklik","active","YES","YES","Elektronik","Giyilebilir Teknoloji","","","Elektronik > Giyilebilir Teknoloji","CANONICAL_FINAL","MOVE","HIGH","","NO","","YES","1","","Elektronik > Giyilebilir Teknoloji","CANONICAL_FINAL","MOVE","UNCHANGED_FINAL_ANCHOR","Canonical L2 placement is final; lower successor awaits a future owner-approved L3/L4 design."
"gps-takip-cihazi","3","telefon-giyilebilir-teknoloji","Elektronik > Telefon & Giyilebilir Teknoloji > GPS Takip Cihazı","GPS Takip Cihazı","gps-takip-cihazi","active","YES","YES","Elektronik","Giyilebilir Teknoloji","","","Elektronik > Giyilebilir Teknoloji","CANONICAL_FINAL","MOVE","HIGH","","NO","","YES","1","","Elektronik > Giyilebilir Teknoloji","CANONICAL_FINAL","MOVE","UNCHANGED_FINAL_ANCHOR","Canonical L2 placement is final; lower successor awaits a future owner-approved L3/L4 design."
"telefon-aksesuarlari","2","elektronik","Elektronik > Telefon Aksesuarları","Telefon Aksesuarları","telefon-aksesuarlari","active","NO","NO","<MULTIPLE_TARGETS>","","","","<MULTIPLE_TARGETS>","CANONICAL_FINAL","SPLIT","HIGH","EXPLICIT","NO","","YES","2","Elektronik > Telefon & Aksesuarları || Elektronik > Güç, Şarj & Bağlantı","Elektronik","CANONICAL_FINAL","SPLIT","UNCHANGED_FINAL_ANCHOR","Phone-specific versus generic power/connection boundary is owner-final."
"telefon-koruma-tasima","3","telefon-aksesuarlari","Elektronik > Telefon Aksesuarları > Telefon Koruma & Taşıma","Telefon Koruma & Taşıma","telefon-koruma-tasima","active","NO","NO","<MULTIPLE_TARGETS>","","","","<MULTIPLE_TARGETS>","CANONICAL_FINAL","SPLIT","HIGH","EXPLICIT","NO","","YES","2","Elektronik > Telefon & Aksesuarları > Telefon Kılıfları || Elektronik > Telefon & Aksesuarları > Ekran Koruyucular","Elektronik > Telefon & Aksesuarları","CANONICAL_FINAL","SPLIT","UNCHANGED_FINAL_ANCHOR","Existing owner-final phone protection successors."
"cep-telefonu-kilifi","4","telefon-koruma-tasima","Elektronik > Telefon Aksesuarları > Telefon Koruma & Taşıma > Cep Telefonu Kılıfı","Cep Telefonu Kılıfı","cep-telefonu-kilifi","active","YES","YES","Elektronik","Telefon & Aksesuarları","Telefon Kılıfları","","Elektronik > Telefon & Aksesuarları > Telefon Kılıfları","CANONICAL_FINAL","RENAME_AND_MOVE","HIGH","","NO","","YES","1","","Elektronik > Telefon & Aksesuarları > Telefon Kılıfları","CANONICAL_FINAL","RENAME_AND_MOVE","UNCHANGED_FINAL_ANCHOR",""
"telefon-ekran-koruyucu","4","telefon-koruma-tasima","Elektronik > Telefon Aksesuarları > Telefon Koruma & Taşıma > Ekran Koruyucu","Ekran Koruyucu","telefon-ekran-koruyucu","active","YES","YES","Elektronik","Telefon & Aksesuarları","Ekran Koruyucular","","Elektronik > Telefon & Aksesuarları > Ekran Koruyucular","CANONICAL_FINAL","RENAME_AND_MOVE","HIGH","","NO","","YES","1","","Elektronik > Telefon & Aksesuarları > Ekran Koruyucular","CANONICAL_FINAL","RENAME_AND_MOVE","UNCHANGED_FINAL_ANCHOR",""
"telefon-sarj-guc","3","telefon-aksesuarlari","Elektronik > Telefon Aksesuarları > Telefon Şarj & Güç","Telefon Şarj & Güç","telefon-sarj-guc","active","NO","NO","Elektronik","Güç, Şarj & Bağlantı","","","Elektronik > Güç, Şarj & Bağlantı","CANONICAL_FINAL","MOVE","HIGH","","NO","","YES","1","","Elektronik > Güç, Şarj & Bağlantı","CANONICAL_FINAL","MOVE","UNCHANGED_FINAL_ANCHOR","Canonical L2 placement is final; lower successor awaits a future owner-approved L3/L4 design."
"telefon-sarj-cihazi","4","telefon-sarj-guc","Elektronik > Telefon Aksesuarları > Telefon Şarj & Güç > Telefon Şarj Cihazı","Telefon Şarj Cihazı","telefon-sarj-cihazi","active","YES","YES","Elektronik","Güç, Şarj & Bağlantı","","","Elektronik > Güç, Şarj & Bağlantı","CANONICAL_FINAL","MOVE","HIGH","","NO","","YES","1","","Elektronik > Güç, Şarj & Bağlantı","CANONICAL_FINAL","MOVE","UNCHANGED_FINAL_ANCHOR","Canonical L2 placement is final; lower successor awaits a future owner-approved L3/L4 design."
"telefon-sarj-kablosu","4","telefon-sarj-guc","Elektronik > Telefon Aksesuarları > Telefon Şarj & Güç > Telefon Şarj Kablosu","Telefon Şarj Kablosu","telefon-sarj-kablosu","active","YES","YES","Elektronik","Güç, Şarj & Bağlantı","","","Elektronik > Güç, Şarj & Bağlantı","CANONICAL_FINAL","MOVE","HIGH","","NO","","YES","1","","Elektronik > Güç, Şarj & Bağlantı","CANONICAL_FINAL","MOVE","UNCHANGED_FINAL_ANCHOR","Canonical L2 placement is final; lower successor awaits a future owner-approved L3/L4 design."
"powerbank","4","telefon-sarj-guc","Elektronik > Telefon Aksesuarları > Telefon Şarj & Güç > Powerbank","Powerbank","powerbank","active","YES","YES","Elektronik","Güç, Şarj & Bağlantı","","","Elektronik > Güç, Şarj & Bağlantı","CANONICAL_FINAL","MOVE","HIGH","","NO","","YES","1","","Elektronik > Güç, Şarj & Bağlantı","CANONICAL_FINAL","MOVE","UNCHANGED_FINAL_ANCHOR","Canonical L2 placement is final; lower successor awaits a future owner-approved L3/L4 design."
"kablosuz-sarj-cihazi","4","telefon-sarj-guc","Elektronik > Telefon Aksesuarları > Telefon Şarj & Güç > Kablosuz Şarj Cihazı","Kablosuz Şarj Cihazı","kablosuz-sarj-cihazi","active","YES","YES","Elektronik","Güç, Şarj & Bağlantı","","","Elektronik > Güç, Şarj & Bağlantı","CANONICAL_FINAL","MOVE","HIGH","","NO","","YES","1","","Elektronik > Güç, Şarj & Bağlantı","CANONICAL_FINAL","MOVE","UNCHANGED_FINAL_ANCHOR","Canonical L2 placement is final; lower successor awaits a future owner-approved L3/L4 design."
"telefon-tutucu-giris-aksesuarlari","3","telefon-aksesuarlari","Elektronik > Telefon Aksesuarları > Telefon Tutucu & Giriş Aksesuarları","Telefon Tutucu & Giriş Aksesuarları","telefon-tutucu-giris-aksesuarlari","active","NO","NO","<MULTIPLE_TARGETS>","","","","<MULTIPLE_TARGETS>","MIXED_CANONICAL_FINAL_AND_CANDIDATE","SPLIT","HIGH","EXPLICIT","YES","","YES","3","Elektronik > Telefon & Aksesuarları > Telefon Tutucu, Stand & Askıları || Elektronik > Telefon & Aksesuarları > Telefon Kamera & Çekim Aksesuarları || Otomotiv & Motosiklet > Araç İçi Aksesuarları","Elektronik > Telefon & Aksesuarları","CANONICAL_FINAL","SPLIT","TARGET_STATE_REFINED","Two owner-final phone successors plus one Wave 32 Automotive candidate edge; fitment must decide."
"telefon-tutucu","4","telefon-tutucu-giris-aksesuarlari","Elektronik > Telefon Aksesuarları > Telefon Tutucu & Giriş Aksesuarları > Araç & Masa Telefon Tutucu","Araç & Masa Telefon Tutucu","telefon-tutucu","active","YES","YES","<MULTIPLE_TARGETS>","","","","<MULTIPLE_TARGETS>","MIXED_CANONICAL_FINAL_AND_CANDIDATE","SPLIT","HIGH","EXPLICIT","YES","","YES","2","Elektronik > Telefon & Aksesuarları > Telefon Tutucu, Stand & Askıları || Otomotiv & Motosiklet > Araç İçi Aksesuarları","Elektronik","CANONICAL_FINAL","SPLIT","TARGET_STATE_REFINED","Phone-primary target is final; vehicle-fitment successor remains Wave 32 candidate."
"selfie-cubugu-uzaktan-kumanda","4","telefon-tutucu-giris-aksesuarlari","Elektronik > Telefon Aksesuarları > Telefon Tutucu & Giriş Aksesuarları > Selfie Çubuğu & Uzaktan Kumanda","Selfie Çubuğu & Uzaktan Kumanda","selfie-cubugu-uzaktan-kumanda","active","YES","YES","Elektronik","Telefon & Aksesuarları","Telefon Kamera & Çekim Aksesuarları","","Elektronik > Telefon & Aksesuarları > Telefon Kamera & Çekim Aksesuarları","CANONICAL_FINAL","RENAME_AND_MOVE","HIGH","","NO","","YES","1","","Elektronik > Telefon & Aksesuarları > Telefon Kamera & Çekim Aksesuarları","CANONICAL_FINAL","RENAME_AND_MOVE","UNCHANGED_FINAL_ANCHOR",""
"telefon-yedek-bilesenleri","3","telefon-aksesuarlari","Elektronik > Telefon Aksesuarları > Telefon Yedek Bileşenleri","Telefon Yedek Bileşenleri","telefon-yedek-bilesenleri","active","NO","NO","Elektronik","Telefon & Aksesuarları","Telefon Yedek Parçaları","","Elektronik > Telefon & Aksesuarları > Telefon Yedek Parçaları","CANONICAL_FINAL","RENAME_AND_MOVE","HIGH","","NO","safety_critical|compatibility_critical","YES","1","","Elektronik > Telefon & Aksesuarları > Telefon Yedek Parçaları","CANONICAL_FINAL","RENAME_AND_MOVE","UNCHANGED_FINAL_ANCHOR","Policy/risk gate remains independent of taxonomy placement."
"telefon-bataryasi","4","telefon-yedek-bilesenleri","Elektronik > Telefon Aksesuarları > Telefon Yedek Bileşenleri > Telefon Bataryası","Telefon Bataryası","telefon-bataryasi","active","YES","YES","Elektronik","Telefon & Aksesuarları","Telefon Yedek Parçaları","Telefon Bataryaları","Elektronik > Telefon & Aksesuarları > Telefon Yedek Parçaları > Telefon Bataryaları","CANONICAL_FINAL","RENAME_AND_MOVE","HIGH","","NO","safety_critical|hazmat_review|compatibility_critical","YES","1","","Elektronik > Telefon & Aksesuarları > Telefon Yedek Parçaları > Telefon Bataryaları","CANONICAL_FINAL","RENAME_AND_MOVE","UNCHANGED_FINAL_ANCHOR","Policy/risk gate remains independent of taxonomy placement."
"telefon-ekran-modulu","4","telefon-yedek-bilesenleri","Elektronik > Telefon Aksesuarları > Telefon Yedek Bileşenleri > Telefon Ekran Modülü","Telefon Ekran Modülü","telefon-ekran-modulu","active","YES","YES","Elektronik","Telefon & Aksesuarları","Telefon Yedek Parçaları","Ekran & Dokunmatik Modülleri","Elektronik > Telefon & Aksesuarları > Telefon Yedek Parçaları > Ekran & Dokunmatik Modülleri","CANONICAL_FINAL","RENAME_AND_MOVE","HIGH","","NO","compatibility_critical","YES","1","","Elektronik > Telefon & Aksesuarları > Telefon Yedek Parçaları > Ekran & Dokunmatik Modülleri","CANONICAL_FINAL","RENAME_AND_MOVE","UNCHANGED_FINAL_ANCHOR","Policy/risk gate remains independent of taxonomy placement."
"ses-goruntu-sistemleri","2","elektronik","Elektronik > Ses & Görüntü Sistemleri","Ses & Görüntü Sistemleri","ses-goruntu-sistemleri","active","NO","NO","<MULTIPLE_TARGETS>","","","","<MULTIPLE_TARGETS>","CANONICAL_FINAL","SPLIT","HIGH","EXPLICIT","NO","","YES","3","Elektronik > TV & Görüntü Sistemleri || Elektronik > Ses & Kulaklık || Elektronik > Güç, Şarj & Bağlantı","Elektronik","CANONICAL_FINAL","SPLIT","UNCHANGED_FINAL_ANCHOR","Existing owner-final Electronics L2 successors."
"kulaklik","3","ses-goruntu-sistemleri","Elektronik > Ses & Görüntü Sistemleri > Kulaklık","Kulaklık","kulaklik","active","YES","YES","Elektronik","Ses & Kulaklık","","","Elektronik > Ses & Kulaklık","CANONICAL_FINAL","MOVE","HIGH","","NO","","YES","1","","Elektronik > Ses & Kulaklık","CANONICAL_FINAL","MOVE","UNCHANGED_FINAL_ANCHOR","Canonical L2 placement is final; lower successor awaits a future owner-approved L3/L4 design."
"tasinabilir-hoparlor","3","ses-goruntu-sistemleri","Elektronik > Ses & Görüntü Sistemleri > Taşınabilir Hoparlör","Taşınabilir Hoparlör","tasinabilir-hoparlor","active","YES","YES","Elektronik","Ses & Kulaklık","","","Elektronik > Ses & Kulaklık","CANONICAL_FINAL","MOVE","HIGH","","NO","","YES","1","","Elektronik > Ses & Kulaklık","CANONICAL_FINAL","MOVE","UNCHANGED_FINAL_ANCHOR","Canonical L2 placement is final; lower successor awaits a future owner-approved L3/L4 design."
"ev-ses-sistemi","3","ses-goruntu-sistemleri","Elektronik > Ses & Görüntü Sistemleri > Ev Ses Sistemi","Ev Ses Sistemi","ev-ses-sistemi","active","YES","YES","Elektronik","Ses & Kulaklık","","","Elektronik > Ses & Kulaklık","CANONICAL_FINAL","MOVE","HIGH","","NO","","YES","1","","Elektronik > Ses & Kulaklık","CANONICAL_FINAL","MOVE","UNCHANGED_FINAL_ANCHOR","Canonical L2 placement is final; lower successor awaits a future owner-approved L3/L4 design."
"mikrofon","3","ses-goruntu-sistemleri","Elektronik > Ses & Görüntü Sistemleri > Mikrofon","Mikrofon","mikrofon","active","YES","YES","Elektronik","Ses & Kulaklık","","","Elektronik > Ses & Kulaklık","CANONICAL_FINAL","MOVE","HIGH","","NO","","YES","1","","Elektronik > Ses & Kulaklık","CANONICAL_FINAL","MOVE","UNCHANGED_FINAL_ANCHOR","Canonical L2 placement is final; lower successor awaits a future owner-approved L3/L4 design."
"televizyon","3","ses-goruntu-sistemleri","Elektronik > Ses & Görüntü Sistemleri > Televizyon","Televizyon","televizyon","active","YES","YES","Elektronik","TV & Görüntü Sistemleri","","","Elektronik > TV & Görüntü Sistemleri","CANONICAL_FINAL","MOVE","HIGH","","NO","","YES","1","","Elektronik > TV & Görüntü Sistemleri","CANONICAL_FINAL","MOVE","UNCHANGED_FINAL_ANCHOR","Canonical L2 placement is final; lower successor awaits a future owner-approved L3/L4 design."
"projeksiyon-cihazi","3","ses-goruntu-sistemleri","Elektronik > Ses & Görüntü Sistemleri > Projeksiyon Cihazı","Projeksiyon Cihazı","projeksiyon-cihazi","active","YES","YES","Elektronik","TV & Görüntü Sistemleri","","","Elektronik > TV & Görüntü Sistemleri","CANONICAL_FINAL","MOVE","HIGH","","NO","","YES","1","","Elektronik > TV & Görüntü Sistemleri","CANONICAL_FINAL","MOVE","UNCHANGED_FINAL_ANCHOR","Canonical L2 placement is final; lower successor awaits a future owner-approved L3/L4 design."
"medya-oynatici","3","ses-goruntu-sistemleri","Elektronik > Ses & Görüntü Sistemleri > Medya Oynatıcı","Medya Oynatıcı","medya-oynatici","active","YES","YES","Elektronik","TV & Görüntü Sistemleri","","","Elektronik > TV & Görüntü Sistemleri","CANONICAL_FINAL","MOVE","HIGH","","NO","","YES","1","","Elektronik > TV & Görüntü Sistemleri","CANONICAL_FINAL","MOVE","UNCHANGED_FINAL_ANCHOR","Canonical L2 placement is final; lower successor awaits a future owner-approved L3/L4 design."
"uydu-alicisi-anten","3","ses-goruntu-sistemleri","Elektronik > Ses & Görüntü Sistemleri > Uydu Alıcısı & Anten","Uydu Alıcısı & Anten","uydu-alicisi-anten","active","YES","YES","Elektronik","TV & Görüntü Sistemleri","","","Elektronik > TV & Görüntü Sistemleri","CANONICAL_FINAL","MOVE","HIGH","","NO","","YES","1","","Elektronik > TV & Görüntü Sistemleri","CANONICAL_FINAL","MOVE","UNCHANGED_FINAL_ANCHOR","Canonical L2 placement is final; lower successor awaits a future owner-approved L3/L4 design."
"kamera-guvenlik-elektronigi","2","elektronik","Elektronik > Kamera & Güvenlik Elektroniği","Kamera & Güvenlik Elektroniği","kamera-guvenlik-elektronigi","active","NO","NO","<MULTIPLE_TARGETS>","","","","<MULTIPLE_TARGETS>","CANONICAL_FINAL","SPLIT","HIGH","EXPLICIT","NO","","YES","2","Elektronik > Fotoğraf & Kamera || Elektronik > Akıllı Ev & Güvenlik","Elektronik","CANONICAL_FINAL","SPLIT","UNCHANGED_FINAL_ANCHOR","Existing owner-final Electronics L2 successors."
"fotograf-makinesi","3","kamera-guvenlik-elektronigi","Elektronik > Kamera & Güvenlik Elektroniği > Fotoğraf Makinesi","Fotoğraf Makinesi","fotograf-makinesi","active","YES","YES","Elektronik","Fotoğraf & Kamera","","","Elektronik > Fotoğraf & Kamera","CANONICAL_FINAL","MOVE","HIGH","","NO","","YES","1","","Elektronik > Fotoğraf & Kamera","CANONICAL_FINAL","MOVE","UNCHANGED_FINAL_ANCHOR","Canonical L2 placement is final; lower successor awaits a future owner-approved L3/L4 design."
"aksiyon-kamerasi","3","kamera-guvenlik-elektronigi","Elektronik > Kamera & Güvenlik Elektroniği > Aksiyon Kamerası","Aksiyon Kamerası","aksiyon-kamerasi","active","YES","YES","Elektronik","Fotoğraf & Kamera","","","Elektronik > Fotoğraf & Kamera","CANONICAL_FINAL","MOVE","HIGH","","NO","","YES","1","","Elektronik > Fotoğraf & Kamera","CANONICAL_FINAL","MOVE","UNCHANGED_FINAL_ANCHOR","Canonical L2 placement is final; lower successor awaits a future owner-approved L3/L4 design."
"kamera-lensi-fotograf-aksesuari","3","kamera-guvenlik-elektronigi","Elektronik > Kamera & Güvenlik Elektroniği > Kamera Lensi & Fotoğraf Aksesuarı","Kamera Lensi & Fotoğraf Aksesuarı","kamera-lensi-fotograf-aksesuari","active","YES","YES","Elektronik","Fotoğraf & Kamera","","","Elektronik > Fotoğraf & Kamera","CANONICAL_FINAL","MOVE","HIGH","","NO","","YES","1","","Elektronik > Fotoğraf & Kamera","CANONICAL_FINAL","MOVE","UNCHANGED_FINAL_ANCHOR","Canonical L2 placement is final; lower successor awaits a future owner-approved L3/L4 design."
"guvenlik-kamerasi","3","kamera-guvenlik-elektronigi","Elektronik > Kamera & Güvenlik Elektroniği > Güvenlik Kamerası","Güvenlik Kamerası","guvenlik-kamerasi","active","YES","YES","Elektronik","Akıllı Ev & Güvenlik","","","Elektronik > Akıllı Ev & Güvenlik","CANONICAL_FINAL","MOVE","HIGH","","NO","","YES","1","","Elektronik > Akıllı Ev & Güvenlik","CANONICAL_FINAL","MOVE","UNCHANGED_FINAL_ANCHOR","Canonical L2 placement is final; lower successor awaits a future owner-approved L3/L4 design."
"alarm-akilli-kapi-zili","3","kamera-guvenlik-elektronigi","Elektronik > Kamera & Güvenlik Elektroniği > Alarm & Akıllı Kapı Zili","Alarm & Akıllı Kapı Zili","alarm-akilli-kapi-zili","active","YES","YES","Elektronik","Akıllı Ev & Güvenlik","","","Elektronik > Akıllı Ev & Güvenlik","CANONICAL_FINAL","MOVE","HIGH","","NO","","YES","1","","Elektronik > Akıllı Ev & Güvenlik","CANONICAL_FINAL","MOVE","UNCHANGED_FINAL_ANCHOR","Canonical L2 placement is final; lower successor awaits a future owner-approved L3/L4 design."
"bebek-kamerasi-telsizi","3","kamera-guvenlik-elektronigi","Elektronik > Kamera & Güvenlik Elektroniği > Bebek Kamerası & Telsizi","Bebek Kamerası & Telsizi","bebek-kamerasi-telsizi","active","YES","YES","Elektronik","Akıllı Ev & Güvenlik","","","Elektronik > Akıllı Ev & Güvenlik","CANONICAL_FINAL","MOVE","HIGH","","NO","","YES","1","","Elektronik > Akıllı Ev & Güvenlik","CANONICAL_FINAL","MOVE","UNCHANGED_FINAL_ANCHOR","Canonical L2 placement is final; lower successor awaits a future owner-approved L3/L4 design."
"oyun-konsolu-aksesuarlari","2","elektronik","Elektronik > Oyun Konsolu & Aksesuarları","Oyun Konsolu & Aksesuarları","oyun-konsolu-aksesuarlari","active","NO","NO","Elektronik","Oyun Konsolu & Aksesuarları","","","Elektronik > Oyun Konsolu & Aksesuarları","CANONICAL_FINAL","KEEP","HIGH","","NO","","NO","1","","Elektronik > Oyun Konsolu & Aksesuarları","CANONICAL_FINAL","KEEP","UNCHANGED_FINAL_ANCHOR",""
"oyun-konsolu","3","oyun-konsolu-aksesuarlari","Elektronik > Oyun Konsolu & Aksesuarları > Oyun Konsolu","Oyun Konsolu","oyun-konsolu","active","YES","YES","Elektronik","Oyun Konsolu & Aksesuarları","","","Elektronik > Oyun Konsolu & Aksesuarları","CANONICAL_FINAL","MOVE","HIGH","","NO","","YES","1","","Elektronik > Oyun Konsolu & Aksesuarları","CANONICAL_FINAL","MOVE","UNCHANGED_FINAL_ANCHOR","Canonical L2 placement is final; lower successor awaits a future owner-approved L3/L4 design."
"oyun-kolu-kontrolcu","3","oyun-konsolu-aksesuarlari","Elektronik > Oyun Konsolu & Aksesuarları > Oyun Kolu & Kontrolcü","Oyun Kolu & Kontrolcü","oyun-kolu-kontrolcu","active","YES","YES","Elektronik","Oyun Konsolu & Aksesuarları","","","Elektronik > Oyun Konsolu & Aksesuarları","CANONICAL_FINAL","MOVE","HIGH","","NO","","YES","1","","Elektronik > Oyun Konsolu & Aksesuarları","CANONICAL_FINAL","MOVE","UNCHANGED_FINAL_ANCHOR","Canonical L2 placement is final; lower successor awaits a future owner-approved L3/L4 design."
"konsol-aksesuari","3","oyun-konsolu-aksesuarlari","Elektronik > Oyun Konsolu & Aksesuarları > Konsol Aksesuarı","Konsol Aksesuarı","konsol-aksesuari","active","YES","YES","Elektronik","Oyun Konsolu & Aksesuarları","","","Elektronik > Oyun Konsolu & Aksesuarları","CANONICAL_FINAL","MOVE","HIGH","","NO","","YES","1","","Elektronik > Oyun Konsolu & Aksesuarları","CANONICAL_FINAL","MOVE","UNCHANGED_FINAL_ANCHOR","Canonical L2 placement is final; lower successor awaits a future owner-approved L3/L4 design."
"fiziksel-video-oyunu","3","oyun-konsolu-aksesuarlari","Elektronik > Oyun Konsolu & Aksesuarları > Fiziksel Video Oyunu","Fiziksel Video Oyunu","fiziksel-video-oyunu","active","YES","YES","Elektronik","Oyun Konsolu & Aksesuarları","","","Elektronik > Oyun Konsolu & Aksesuarları","CANONICAL_FINAL","MOVE","HIGH","","NO","","YES","1","","Elektronik > Oyun Konsolu & Aksesuarları","CANONICAL_FINAL","MOVE","UNCHANGED_FINAL_ANCHOR","Canonical L2 placement is final; lower successor awaits a future owner-approved L3/L4 design."
"elektronik-guc-kablo-bilesen","2","elektronik","Elektronik > Elektronik Güç, Kablo & Bileşen","Elektronik Güç, Kablo & Bileşen","elektronik-guc-kablo-bilesen","active","NO","NO","<MULTIPLE_TARGETS>","","","","<MULTIPLE_TARGETS>","CANONICAL_FINAL","SPLIT","HIGH","EXPLICIT","NO","","YES","2","Elektronik > Güç, Şarj & Bağlantı || Elektronik > Elektronik Bileşenler","Elektronik","CANONICAL_FINAL","SPLIT","UNCHANGED_FINAL_ANCHOR","Existing owner-final Electronics L2 successors."
"pil-sarjli-pil","3","elektronik-guc-kablo-bilesen","Elektronik > Elektronik Güç, Kablo & Bileşen > Pil & Şarjlı Pil","Pil & Şarjlı Pil","pil-sarjli-pil","active","YES","YES","Elektronik","Güç, Şarj & Bağlantı","","","Elektronik > Güç, Şarj & Bağlantı","CANONICAL_FINAL","MOVE","HIGH","","NO","hazmat_review","YES","1","","Elektronik > Güç, Şarj & Bağlantı","CANONICAL_FINAL","MOVE","UNCHANGED_FINAL_ANCHOR","Canonical L2 placement is final; lower successor awaits a future owner-approved L3/L4 design. Policy/risk gate remains independent of taxonomy placement."
"genel-adaptor-guc-kaynagi","3","elektronik-guc-kablo-bilesen","Elektronik > Elektronik Güç, Kablo & Bileşen > Genel Adaptör & Güç Kaynağı","Genel Adaptör & Güç Kaynağı","genel-adaptor-guc-kaynagi","active","YES","YES","Elektronik","Güç, Şarj & Bağlantı","","","Elektronik > Güç, Şarj & Bağlantı","CANONICAL_FINAL","MOVE","HIGH","","NO","","YES","1","","Elektronik > Güç, Şarj & Bağlantı","CANONICAL_FINAL","MOVE","UNCHANGED_FINAL_ANCHOR","Canonical L2 placement is final; lower successor awaits a future owner-approved L3/L4 design."
"ses-goruntu-veri-kablosu","3","elektronik-guc-kablo-bilesen","Elektronik > Elektronik Güç, Kablo & Bileşen > Ses, Görüntü & Veri Kablosu","Ses, Görüntü & Veri Kablosu","ses-goruntu-veri-kablosu","active","YES","YES","Elektronik","Güç, Şarj & Bağlantı","","","Elektronik > Güç, Şarj & Bağlantı","CANONICAL_FINAL","MOVE","HIGH","","NO","","YES","1","","Elektronik > Güç, Şarj & Bağlantı","CANONICAL_FINAL","MOVE","UNCHANGED_FINAL_ANCHOR","Canonical L2 placement is final; lower successor awaits a future owner-approved L3/L4 design."
"uzaktan-kumanda","3","elektronik-guc-kablo-bilesen","Elektronik > Elektronik Güç, Kablo & Bileşen > Uzaktan Kumanda","Uzaktan Kumanda","uzaktan-kumanda","active","YES","YES","Elektronik","Güç, Şarj & Bağlantı","","","Elektronik > Güç, Şarj & Bağlantı","CANONICAL_FINAL","MOVE","HIGH","","NO","","YES","1","","Elektronik > Güç, Şarj & Bağlantı","CANONICAL_FINAL","MOVE","UNCHANGED_FINAL_ANCHOR","Canonical L2 placement is final; lower successor awaits a future owner-approved L3/L4 design."
"hobi-elektronik-bileseni","3","elektronik-guc-kablo-bilesen","Elektronik > Elektronik Güç, Kablo & Bileşen > Hobi Elektronik Bileşeni","Hobi Elektronik Bileşeni","hobi-elektronik-bileseni","active","YES","YES","Elektronik","Elektronik Bileşenler","","","Elektronik > Elektronik Bileşenler","CANONICAL_FINAL","MOVE","HIGH","","NO","","YES","1","","Elektronik > Elektronik Bileşenler","CANONICAL_FINAL","MOVE","UNCHANGED_FINAL_ANCHOR","Canonical L2 placement is final; lower successor awaits a future owner-approved L3/L4 design."
"bilgisayar-tablet","1","","Bilgisayar & Tablet","Bilgisayar & Tablet","bilgisayar-tablet","active","NO","NO","Bilgisayar & Tablet","","","","Bilgisayar & Tablet","CANONICAL_FINAL","KEEP","HIGH","","NO","","NO","1","","Bilgisayar & Tablet","CANONICAL_FINAL","KEEP","UNCHANGED_FINAL_ANCHOR",""
"bilgisayar-tablet-okuyucu","2","bilgisayar-tablet","Bilgisayar & Tablet > Bilgisayar, Tablet & Okuyucu","Bilgisayar, Tablet & Okuyucu","bilgisayar-tablet-okuyucu","active","NO","NO","<MULTIPLE_TARGETS>","","","","<MULTIPLE_TARGETS>","CANONICAL_FINAL","SPLIT","HIGH","EXPLICIT","NO","","YES","4","Bilgisayar & Tablet > Dizüstü Bilgisayar || Bilgisayar & Tablet > Masaüstü Bilgisayar || Bilgisayar & Tablet > Tablet || Bilgisayar & Tablet > E-Kitap Okuyucu","Bilgisayar & Tablet","CANONICAL_FINAL","SPLIT","UNCHANGED_FINAL_ANCHOR","Existing owner-final Computer & Tablet L2 successors."
"dizustu-bilgisayar","3","bilgisayar-tablet-okuyucu","Bilgisayar & Tablet > Bilgisayar, Tablet & Okuyucu > Dizüstü Bilgisayar","Dizüstü Bilgisayar","dizustu-bilgisayar","active","YES","YES","Bilgisayar & Tablet","Dizüstü Bilgisayar","","","Bilgisayar & Tablet > Dizüstü Bilgisayar","CANONICAL_FINAL","MOVE","HIGH","","NO","","YES","1","","Bilgisayar & Tablet > Dizüstü Bilgisayar","CANONICAL_FINAL","MOVE","UNCHANGED_FINAL_ANCHOR","Canonical L2 placement is final; lower successor awaits a future owner-approved L3/L4 design."
"masaustu-bilgisayar","3","bilgisayar-tablet-okuyucu","Bilgisayar & Tablet > Bilgisayar, Tablet & Okuyucu > Masaüstü Bilgisayar","Masaüstü Bilgisayar","masaustu-bilgisayar","active","YES","YES","Bilgisayar & Tablet","Masaüstü Bilgisayar","","","Bilgisayar & Tablet > Masaüstü Bilgisayar","CANONICAL_FINAL","MOVE","HIGH","","NO","","YES","1","","Bilgisayar & Tablet > Masaüstü Bilgisayar","CANONICAL_FINAL","MOVE","UNCHANGED_FINAL_ANCHOR","Canonical L2 placement is final; lower successor awaits a future owner-approved L3/L4 design."
"all-in-one-mini-bilgisayar","3","bilgisayar-tablet-okuyucu","Bilgisayar & Tablet > Bilgisayar, Tablet & Okuyucu > All-in-One & Mini Bilgisayar","All-in-One & Mini Bilgisayar","all-in-one-mini-bilgisayar","active","YES","YES","Bilgisayar & Tablet","Masaüstü Bilgisayar","","","Bilgisayar & Tablet > Masaüstü Bilgisayar","CANONICAL_FINAL","MOVE","HIGH","","NO","","YES","1","","Bilgisayar & Tablet > Masaüstü Bilgisayar","CANONICAL_FINAL","MOVE","UNCHANGED_FINAL_ANCHOR","Canonical L2 placement is final; lower successor awaits a future owner-approved L3/L4 design."
"tablet","3","bilgisayar-tablet-okuyucu","Bilgisayar & Tablet > Bilgisayar, Tablet & Okuyucu > Tablet","Tablet","tablet","active","YES","YES","Bilgisayar & Tablet","Tablet","","","Bilgisayar & Tablet > Tablet","CANONICAL_FINAL","MOVE","HIGH","","NO","","YES","1","","Bilgisayar & Tablet > Tablet","CANONICAL_FINAL","MOVE","UNCHANGED_FINAL_ANCHOR","Canonical L2 placement is final; lower successor awaits a future owner-approved L3/L4 design."
"e-kitap-okuyucu","3","bilgisayar-tablet-okuyucu","Bilgisayar & Tablet > Bilgisayar, Tablet & Okuyucu > E-Kitap Okuyucu","E-Kitap Okuyucu","e-kitap-okuyucu","active","YES","YES","Bilgisayar & Tablet","E-Kitap Okuyucu","","","Bilgisayar & Tablet > E-Kitap Okuyucu","CANONICAL_FINAL","MOVE","HIGH","","NO","","YES","1","","Bilgisayar & Tablet > E-Kitap Okuyucu","CANONICAL_FINAL","MOVE","UNCHANGED_FINAL_ANCHOR","Canonical L2 placement is final; lower successor awaits a future owner-approved L3/L4 design."
"bilgisayar-bilesenleri","2","bilgisayar-tablet","Bilgisayar & Tablet > Bilgisayar Bileşenleri","Bilgisayar Bileşenleri","bilgisayar-bilesenleri","active","NO","NO","<MULTIPLE_TARGETS>","","","","<MULTIPLE_TARGETS>","CANONICAL_FINAL","SPLIT","HIGH","EXPLICIT","NO","","YES","2","Bilgisayar & Tablet > Bilgisayar Bileşenleri || Bilgisayar & Tablet > Veri Depolama","Bilgisayar & Tablet","CANONICAL_FINAL","SPLIT","UNCHANGED_FINAL_ANCHOR","Existing owner-final Computer & Tablet L2 successors."
"ana-bilgisayar-bilesenleri","3","bilgisayar-bilesenleri","Bilgisayar & Tablet > Bilgisayar Bileşenleri > Ana Bilgisayar Bileşenleri","Ana Bilgisayar Bileşenleri","ana-bilgisayar-bilesenleri","active","NO","NO","<MULTIPLE_TARGETS>","","","","<MULTIPLE_TARGETS>","CANONICAL_FINAL","SPLIT","HIGH","EXPLICIT","NO","","YES","4","Bilgisayar & Tablet > Bilgisayar Bileşenleri > İşlemci || Bilgisayar & Tablet > Bilgisayar Bileşenleri > Ekran Kartı || Bilgisayar & Tablet > Bilgisayar Bileşenleri > Anakart || Bilgisayar & Tablet > Bilgisayar Bileşenleri > RAM Bellek","Bilgisayar & Tablet > Bilgisayar Bileşenleri","CANONICAL_FINAL","SPLIT","UNCHANGED_FINAL_ANCHOR","Existing owner-final computer-component successors."
"bilgisayar-islemcisi","4","ana-bilgisayar-bilesenleri","Bilgisayar & Tablet > Bilgisayar Bileşenleri > Ana Bilgisayar Bileşenleri > İşlemci","İşlemci","bilgisayar-islemcisi","active","YES","YES","Bilgisayar & Tablet","Bilgisayar Bileşenleri","İşlemci","","Bilgisayar & Tablet > Bilgisayar Bileşenleri > İşlemci","CANONICAL_FINAL","MOVE","HIGH","","NO","","YES","1","","Bilgisayar & Tablet > Bilgisayar Bileşenleri > İşlemci","CANONICAL_FINAL","MOVE","UNCHANGED_FINAL_ANCHOR",""
"anakart","4","ana-bilgisayar-bilesenleri","Bilgisayar & Tablet > Bilgisayar Bileşenleri > Ana Bilgisayar Bileşenleri > Anakart","Anakart","anakart","active","YES","YES","Bilgisayar & Tablet","Bilgisayar Bileşenleri","Anakart","","Bilgisayar & Tablet > Bilgisayar Bileşenleri > Anakart","CANONICAL_FINAL","MOVE","HIGH","","NO","","YES","1","","Bilgisayar & Tablet > Bilgisayar Bileşenleri > Anakart","CANONICAL_FINAL","MOVE","UNCHANGED_FINAL_ANCHOR",""
"ram-bellek","4","ana-bilgisayar-bilesenleri","Bilgisayar & Tablet > Bilgisayar Bileşenleri > Ana Bilgisayar Bileşenleri > RAM Bellek","RAM Bellek","ram-bellek","active","YES","YES","Bilgisayar & Tablet","Bilgisayar Bileşenleri","RAM Bellek","","Bilgisayar & Tablet > Bilgisayar Bileşenleri > RAM Bellek","CANONICAL_FINAL","MOVE","HIGH","","NO","","YES","1","","Bilgisayar & Tablet > Bilgisayar Bileşenleri > RAM Bellek","CANONICAL_FINAL","MOVE","UNCHANGED_FINAL_ANCHOR",""
"ekran-karti","4","ana-bilgisayar-bilesenleri","Bilgisayar & Tablet > Bilgisayar Bileşenleri > Ana Bilgisayar Bileşenleri > Ekran Kartı","Ekran Kartı","ekran-karti","active","YES","YES","Bilgisayar & Tablet","Bilgisayar Bileşenleri","Ekran Kartı","","Bilgisayar & Tablet > Bilgisayar Bileşenleri > Ekran Kartı","CANONICAL_FINAL","MOVE","HIGH","","NO","","YES","1","","Bilgisayar & Tablet > Bilgisayar Bileşenleri > Ekran Kartı","CANONICAL_FINAL","MOVE","UNCHANGED_FINAL_ANCHOR",""
"dahili-depolama-bilesenleri","3","bilgisayar-bilesenleri","Bilgisayar & Tablet > Bilgisayar Bileşenleri > Dahili Depolama Bileşenleri","Dahili Depolama Bileşenleri","dahili-depolama-bilesenleri","active","NO","NO","Bilgisayar & Tablet","Veri Depolama","","","Bilgisayar & Tablet > Veri Depolama","CANONICAL_FINAL","MOVE","HIGH","","NO","","YES","1","","Bilgisayar & Tablet > Veri Depolama","CANONICAL_FINAL","MOVE","UNCHANGED_FINAL_ANCHOR","Canonical L2 placement is final; lower successor awaits a future owner-approved L3/L4 design."
"ssd","4","dahili-depolama-bilesenleri","Bilgisayar & Tablet > Bilgisayar Bileşenleri > Dahili Depolama Bileşenleri > SSD","SSD","ssd","active","YES","YES","Bilgisayar & Tablet","Veri Depolama","","","Bilgisayar & Tablet > Veri Depolama","CANONICAL_FINAL","MOVE","HIGH","","NO","","YES","1","","Bilgisayar & Tablet > Veri Depolama","CANONICAL_FINAL","MOVE","UNCHANGED_FINAL_ANCHOR","Canonical L2 placement is final; lower successor awaits a future owner-approved L3/L4 design."
"dahili-sabit-disk","4","dahili-depolama-bilesenleri","Bilgisayar & Tablet > Bilgisayar Bileşenleri > Dahili Depolama Bileşenleri > Dahili Sabit Disk","Dahili Sabit Disk","dahili-sabit-disk","active","YES","YES","Bilgisayar & Tablet","Veri Depolama","","","Bilgisayar & Tablet > Veri Depolama","CANONICAL_FINAL","MOVE","HIGH","","NO","","YES","1","","Bilgisayar & Tablet > Veri Depolama","CANONICAL_FINAL","MOVE","UNCHANGED_FINAL_ANCHOR","Canonical L2 placement is final; lower successor awaits a future owner-approved L3/L4 design."
"optik-surucu","4","dahili-depolama-bilesenleri","Bilgisayar & Tablet > Bilgisayar Bileşenleri > Dahili Depolama Bileşenleri > Optik Sürücü","Optik Sürücü","optik-surucu","active","YES","YES","Bilgisayar & Tablet","Veri Depolama","","","Bilgisayar & Tablet > Veri Depolama","CANONICAL_FINAL","MOVE","HIGH","","NO","","YES","1","","Bilgisayar & Tablet > Veri Depolama","CANONICAL_FINAL","MOVE","UNCHANGED_FINAL_ANCHOR","Canonical L2 placement is final; lower successor awaits a future owner-approved L3/L4 design."
"kasa-guc-sogutma","3","bilgisayar-bilesenleri","Bilgisayar & Tablet > Bilgisayar Bileşenleri > Kasa, Güç & Soğutma","Kasa, Güç & Soğutma","kasa-guc-sogutma","active","NO","NO","<MULTIPLE_TARGETS>","","","","<MULTIPLE_TARGETS>","CANONICAL_FINAL","SPLIT","HIGH","EXPLICIT","NO","","YES","3","Bilgisayar & Tablet > Bilgisayar Bileşenleri > Güç Kaynağı || Bilgisayar & Tablet > Bilgisayar Bileşenleri > Bilgisayar Kasası || Bilgisayar & Tablet > Bilgisayar Bileşenleri > Soğutma","Bilgisayar & Tablet > Bilgisayar Bileşenleri","CANONICAL_FINAL","SPLIT","UNCHANGED_FINAL_ANCHOR","Existing owner-final computer-component successors."
"bilgisayar-kasasi","4","kasa-guc-sogutma","Bilgisayar & Tablet > Bilgisayar Bileşenleri > Kasa, Güç & Soğutma > Bilgisayar Kasası","Bilgisayar Kasası","bilgisayar-kasasi","active","YES","YES","Bilgisayar & Tablet","Bilgisayar Bileşenleri","Bilgisayar Kasası","","Bilgisayar & Tablet > Bilgisayar Bileşenleri > Bilgisayar Kasası","CANONICAL_FINAL","MOVE","HIGH","","NO","","YES","1","","Bilgisayar & Tablet > Bilgisayar Bileşenleri > Bilgisayar Kasası","CANONICAL_FINAL","MOVE","UNCHANGED_FINAL_ANCHOR",""
"bilgisayar-guc-kaynagi","4","kasa-guc-sogutma","Bilgisayar & Tablet > Bilgisayar Bileşenleri > Kasa, Güç & Soğutma > Bilgisayar Güç Kaynağı","Bilgisayar Güç Kaynağı","bilgisayar-guc-kaynagi","active","YES","YES","Bilgisayar & Tablet","Bilgisayar Bileşenleri","Güç Kaynağı","","Bilgisayar & Tablet > Bilgisayar Bileşenleri > Güç Kaynağı","CANONICAL_FINAL","RENAME_AND_MOVE","HIGH","","NO","","YES","1","","Bilgisayar & Tablet > Bilgisayar Bileşenleri > Güç Kaynağı","CANONICAL_FINAL","RENAME_AND_MOVE","UNCHANGED_FINAL_ANCHOR",""
"bilgisayar-sogutma","4","kasa-guc-sogutma","Bilgisayar & Tablet > Bilgisayar Bileşenleri > Kasa, Güç & Soğutma > Bilgisayar Soğutma","Bilgisayar Soğutma","bilgisayar-sogutma","active","YES","YES","<MULTIPLE_TARGETS>","","","","<MULTIPLE_TARGETS>","CANONICAL_FINAL","SPLIT","HIGH","EXPLICIT","NO","","YES","4","Bilgisayar & Tablet > Bilgisayar Bileşenleri > Soğutma > İşlemci Soğutucu || Bilgisayar & Tablet > Bilgisayar Bileşenleri > Soğutma > Kasa Fanı || Bilgisayar & Tablet > Bilgisayar Bileşenleri > Soğutma > Sıvı Soğutma || Bilgisayar & Tablet > Bilgisayar Bileşenleri > Soğutma > Termal Macun & Ped","Bilgisayar & Tablet > Bilgisayar Bileşenleri > Soğutma","CANONICAL_FINAL","SPLIT","UNCHANGED_FINAL_ANCHOR","Existing owner-final computer-cooling successors."
"bilgisayar-cevre-birimleri","2","bilgisayar-tablet","Bilgisayar & Tablet > Bilgisayar Çevre Birimleri","Bilgisayar Çevre Birimleri","bilgisayar-cevre-birimleri","active","NO","NO","<MULTIPLE_TARGETS>","","","","<MULTIPLE_TARGETS>","CANONICAL_FINAL","SPLIT","HIGH","EXPLICIT","NO","","YES","3","Bilgisayar & Tablet > Monitör || Bilgisayar & Tablet > Klavye, Mouse & Çevre Birimleri || Bilgisayar & Tablet > Bilgisayar Aksesuarları","Bilgisayar & Tablet","CANONICAL_FINAL","SPLIT","UNCHANGED_FINAL_ANCHOR","Existing owner-final Computer & Tablet L2 successors."
"monitor","3","bilgisayar-cevre-birimleri","Bilgisayar & Tablet > Bilgisayar Çevre Birimleri > Monitör","Monitör","monitor","active","YES","YES","Bilgisayar & Tablet","Monitör","","","Bilgisayar & Tablet > Monitör","CANONICAL_FINAL","MOVE","HIGH","","NO","","YES","1","","Bilgisayar & Tablet > Monitör","CANONICAL_FINAL","MOVE","UNCHANGED_FINAL_ANCHOR","Canonical L2 placement is final; lower successor awaits a future owner-approved L3/L4 design."
"klavye","3","bilgisayar-cevre-birimleri","Bilgisayar & Tablet > Bilgisayar Çevre Birimleri > Klavye","Klavye","klavye","active","YES","YES","Bilgisayar & Tablet","Klavye, Mouse & Çevre Birimleri","","","Bilgisayar & Tablet > Klavye, Mouse & Çevre Birimleri","CANONICAL_FINAL","MOVE","HIGH","","NO","","YES","1","","Bilgisayar & Tablet > Klavye, Mouse & Çevre Birimleri","CANONICAL_FINAL","MOVE","UNCHANGED_FINAL_ANCHOR","Canonical L2 placement is final; lower successor awaits a future owner-approved L3/L4 design."
"mouse-mousepad","3","bilgisayar-cevre-birimleri","Bilgisayar & Tablet > Bilgisayar Çevre Birimleri > Mouse & Mousepad","Mouse & Mousepad","mouse-mousepad","active","YES","YES","Bilgisayar & Tablet","Klavye, Mouse & Çevre Birimleri","","","Bilgisayar & Tablet > Klavye, Mouse & Çevre Birimleri","CANONICAL_FINAL","MOVE","HIGH","","NO","","YES","1","","Bilgisayar & Tablet > Klavye, Mouse & Çevre Birimleri","CANONICAL_FINAL","MOVE","UNCHANGED_FINAL_ANCHOR","Canonical L2 placement is final; lower successor awaits a future owner-approved L3/L4 design."
"webcam","3","bilgisayar-cevre-birimleri","Bilgisayar & Tablet > Bilgisayar Çevre Birimleri > Webcam","Webcam","webcam","active","YES","YES","Bilgisayar & Tablet","Klavye, Mouse & Çevre Birimleri","","","Bilgisayar & Tablet > Klavye, Mouse & Çevre Birimleri","CANONICAL_FINAL","MOVE","HIGH","","NO","","YES","1","","Bilgisayar & Tablet > Klavye, Mouse & Çevre Birimleri","CANONICAL_FINAL","MOVE","UNCHANGED_FINAL_ANCHOR","Canonical L2 placement is final; lower successor awaits a future owner-approved L3/L4 design."
"grafik-tablet","3","bilgisayar-cevre-birimleri","Bilgisayar & Tablet > Bilgisayar Çevre Birimleri > Grafik Tablet","Grafik Tablet","grafik-tablet","active","YES","YES","Bilgisayar & Tablet","Klavye, Mouse & Çevre Birimleri","","","Bilgisayar & Tablet > Klavye, Mouse & Çevre Birimleri","CANONICAL_FINAL","MOVE","HIGH","","NO","","YES","1","","Bilgisayar & Tablet > Klavye, Mouse & Çevre Birimleri","CANONICAL_FINAL","MOVE","UNCHANGED_FINAL_ANCHOR","Canonical L2 placement is final; lower successor awaits a future owner-approved L3/L4 design."
"usb-hub-dock-istasyonu","3","bilgisayar-cevre-birimleri","Bilgisayar & Tablet > Bilgisayar Çevre Birimleri > USB Hub & Dock İstasyonu","USB Hub & Dock İstasyonu","usb-hub-dock-istasyonu","active","YES","YES","Bilgisayar & Tablet","Bilgisayar Aksesuarları","","","Bilgisayar & Tablet > Bilgisayar Aksesuarları","CANONICAL_FINAL","MOVE","HIGH","","NO","","YES","1","","Bilgisayar & Tablet > Bilgisayar Aksesuarları","CANONICAL_FINAL","MOVE","UNCHANGED_FINAL_ANCHOR","Canonical L2 placement is final; lower successor awaits a future owner-approved L3/L4 design."
"tablet-giris-aksesuarlari","3","bilgisayar-cevre-birimleri","Bilgisayar & Tablet > Bilgisayar Çevre Birimleri > Tablet & Giriş Aksesuarları","Tablet & Giriş Aksesuarları","tablet-giris-aksesuarlari","active","NO","NO","Bilgisayar & Tablet","Bilgisayar Aksesuarları","","","Bilgisayar & Tablet > Bilgisayar Aksesuarları","CANONICAL_FINAL","MOVE","HIGH","","NO","","YES","1","","Bilgisayar & Tablet > Bilgisayar Aksesuarları","CANONICAL_FINAL","MOVE","UNCHANGED_FINAL_ANCHOR","Canonical L2 placement is final; lower successor awaits a future owner-approved L3/L4 design."
"dokunmatik-kalem","4","tablet-giris-aksesuarlari","Bilgisayar & Tablet > Bilgisayar Çevre Birimleri > Tablet & Giriş Aksesuarları > Dokunmatik Kalem","Dokunmatik Kalem","dokunmatik-kalem","active","YES","YES","Bilgisayar & Tablet","Bilgisayar Aksesuarları","","","Bilgisayar & Tablet > Bilgisayar Aksesuarları","CANONICAL_FINAL","MOVE","HIGH","","NO","","YES","1","","Bilgisayar & Tablet > Bilgisayar Aksesuarları","CANONICAL_FINAL","MOVE","UNCHANGED_FINAL_ANCHOR","Canonical L2 placement is final; lower successor awaits a future owner-approved L3/L4 design."
"ag-harici-depolama-baski","2","bilgisayar-tablet","Bilgisayar & Tablet > Ağ, Harici Depolama & Baskı","Ağ, Harici Depolama & Baskı","ag-harici-depolama-baski","active","NO","NO","<MULTIPLE_TARGETS>","","","","<MULTIPLE_TARGETS>","CANONICAL_FINAL","SPLIT","HIGH","EXPLICIT","NO","","YES","3","Bilgisayar & Tablet > Veri Depolama || Bilgisayar & Tablet > Yazıcı, Tarayıcı & Sarf Malzemeleri || Bilgisayar & Tablet > Ağ & İnternet Ürünleri","Bilgisayar & Tablet","CANONICAL_FINAL","SPLIT","UNCHANGED_FINAL_ANCHOR","Existing owner-final Computer & Tablet L2 successors."
"modem-router","3","ag-harici-depolama-baski","Bilgisayar & Tablet > Ağ, Harici Depolama & Baskı > Modem & Router","Modem & Router","modem-router","active","YES","YES","Bilgisayar & Tablet","Ağ & İnternet Ürünleri","","","Bilgisayar & Tablet > Ağ & İnternet Ürünleri","CANONICAL_FINAL","MOVE","HIGH","","NO","","YES","1","","Bilgisayar & Tablet > Ağ & İnternet Ürünleri","CANONICAL_FINAL","MOVE","UNCHANGED_FINAL_ANCHOR","Canonical L2 placement is final; lower successor awaits a future owner-approved L3/L4 design."
"ag-cihazi-adaptoru","3","ag-harici-depolama-baski","Bilgisayar & Tablet > Ağ, Harici Depolama & Baskı > Ağ Cihazı & Adaptörü","Ağ Cihazı & Adaptörü","ag-cihazi-adaptoru","active","YES","YES","Bilgisayar & Tablet","Ağ & İnternet Ürünleri","","","Bilgisayar & Tablet > Ağ & İnternet Ürünleri","CANONICAL_FINAL","MOVE","HIGH","","NO","","YES","1","","Bilgisayar & Tablet > Ağ & İnternet Ürünleri","CANONICAL_FINAL","MOVE","UNCHANGED_FINAL_ANCHOR","Canonical L2 placement is final; lower successor awaits a future owner-approved L3/L4 design."
"usb-bellek-hafiza-karti","3","ag-harici-depolama-baski","Bilgisayar & Tablet > Ağ, Harici Depolama & Baskı > USB Bellek & Hafıza Kartı","USB Bellek & Hafıza Kartı","usb-bellek-hafiza-karti","active","YES","YES","Bilgisayar & Tablet","Veri Depolama","","","Bilgisayar & Tablet > Veri Depolama","CANONICAL_FINAL","MOVE","HIGH","","NO","","YES","1","","Bilgisayar & Tablet > Veri Depolama","CANONICAL_FINAL","MOVE","UNCHANGED_FINAL_ANCHOR","Canonical L2 placement is final; lower successor awaits a future owner-approved L3/L4 design."
"harici-disk-nas","3","ag-harici-depolama-baski","Bilgisayar & Tablet > Ağ, Harici Depolama & Baskı > Harici Disk & NAS","Harici Disk & NAS","harici-disk-nas","active","YES","YES","Bilgisayar & Tablet","Veri Depolama","","","Bilgisayar & Tablet > Veri Depolama","CANONICAL_FINAL","MOVE","HIGH","","NO","","YES","1","","Bilgisayar & Tablet > Veri Depolama","CANONICAL_FINAL","MOVE","UNCHANGED_FINAL_ANCHOR","Canonical L2 placement is final; lower successor awaits a future owner-approved L3/L4 design."
"yazici","3","ag-harici-depolama-baski","Bilgisayar & Tablet > Ağ, Harici Depolama & Baskı > Yazıcı","Yazıcı","yazici","active","YES","YES","Bilgisayar & Tablet","Yazıcı, Tarayıcı & Sarf Malzemeleri","","","Bilgisayar & Tablet > Yazıcı, Tarayıcı & Sarf Malzemeleri","CANONICAL_FINAL","MOVE","HIGH","","NO","","YES","1","","Bilgisayar & Tablet > Yazıcı, Tarayıcı & Sarf Malzemeleri","CANONICAL_FINAL","MOVE","UNCHANGED_FINAL_ANCHOR","Canonical L2 placement is final; lower successor awaits a future owner-approved L3/L4 design."
"tarayici","3","ag-harici-depolama-baski","Bilgisayar & Tablet > Ağ, Harici Depolama & Baskı > Tarayıcı","Tarayıcı","tarayici","active","YES","YES","Bilgisayar & Tablet","Yazıcı, Tarayıcı & Sarf Malzemeleri","","","Bilgisayar & Tablet > Yazıcı, Tarayıcı & Sarf Malzemeleri","CANONICAL_FINAL","MOVE","HIGH","","NO","","YES","1","","Bilgisayar & Tablet > Yazıcı, Tarayıcı & Sarf Malzemeleri","CANONICAL_FINAL","MOVE","UNCHANGED_FINAL_ANCHOR","Canonical L2 placement is final; lower successor awaits a future owner-approved L3/L4 design."
"kartus-toner","3","ag-harici-depolama-baski","Bilgisayar & Tablet > Ağ, Harici Depolama & Baskı > Kartuş & Toner","Kartuş & Toner","kartus-toner","active","YES","YES","Bilgisayar & Tablet","Yazıcı, Tarayıcı & Sarf Malzemeleri","","","Bilgisayar & Tablet > Yazıcı, Tarayıcı & Sarf Malzemeleri","CANONICAL_FINAL","MOVE","HIGH","","NO","","YES","1","","Bilgisayar & Tablet > Yazıcı, Tarayıcı & Sarf Malzemeleri","CANONICAL_FINAL","MOVE","UNCHANGED_FINAL_ANCHOR","Canonical L2 placement is final; lower successor awaits a future owner-approved L3/L4 design."
"beyaz-esya-ev-aletleri","1","","Beyaz Eşya & Ev Aletleri","Beyaz Eşya & Ev Aletleri","beyaz-esya-ev-aletleri","active","NO","NO","Beyaz Eşya & Ev Aletleri","","","","Beyaz Eşya & Ev Aletleri","CANONICAL_FINAL","KEEP","HIGH","","NO","","NO","1","","Beyaz Eşya & Ev Aletleri","CANONICAL_FINAL","KEEP","UNCHANGED_FINAL_ANCHOR",""
"sogutma-cihazlari","2","beyaz-esya-ev-aletleri","Beyaz Eşya & Ev Aletleri > Soğutma Cihazları","Soğutma Cihazları","sogutma-cihazlari","active","NO","NO","Beyaz Eşya & Ev Aletleri","Soğutma & Gıda Saklama Cihazları","","","Beyaz Eşya & Ev Aletleri > Soğutma & Gıda Saklama Cihazları","CANDIDATE_NOT_OWNER_FINAL","RENAME","HIGH","1.0000","YES","","YES","1","","Beyaz Eşya & Ev Aletleri > Soğutma & Gıda Saklama Cihazları","PROVISIONAL_PROPOSAL","RENAME","MATURITY_ONLY","Previous provisional L2 bridge now resolves to the exact Wave 32 candidate L2; target is not owner-final."
"buzdolabi","3","sogutma-cihazlari","Beyaz Eşya & Ev Aletleri > Soğutma Cihazları > Buzdolabı","Buzdolabı","buzdolabi","active","YES","YES","Beyaz Eşya & Ev Aletleri","","","","Beyaz Eşya & Ev Aletleri","CANDIDATE_NOT_OWNER_FINAL","SPLIT","HIGH","EXPLICIT","YES","","YES","4","Beyaz Eşya & Ev Aletleri > Soğutma & Gıda Saklama Cihazları > Buzdolapları > Üstten Donduruculu Buzdolapları || Beyaz Eşya & Ev Aletleri > Soğutma & Gıda Saklama Cihazları > Buzdolapları > Alttan Donduruculu & Kombi Buzdolapları || Beyaz Eşya & Ev Aletleri > Soğutma & Gıda Saklama Cihazları > Buzdolapları > Gardırop Tipi Buzdolapları || Beyaz Eşya & Ev Aletleri > Soğutma & Gıda Saklama Cihazları > Buzdolapları > Mini Buzdolapları","Beyaz Eşya & Ev Aletleri > Soğutma & Gıda Saklama Cihazları","PROVISIONAL_PROPOSAL","UNRESOLVED","PREVIOUS_UNRESOLVED_NOW_CANDIDATE_RESOLVED","Legacy combined identity spans multiple explicit Wave 32 candidate successors; product-level split rule is required."
"derin-dondurucu","3","sogutma-cihazlari","Beyaz Eşya & Ev Aletleri > Soğutma Cihazları > Derin Dondurucu","Derin Dondurucu","derin-dondurucu","active","YES","YES","Beyaz Eşya & Ev Aletleri","Soğutma & Gıda Saklama Cihazları","Buzdolapları","Alttan Donduruculu & Kombi Buzdolapları","Beyaz Eşya & Ev Aletleri > Soğutma & Gıda Saklama Cihazları > Buzdolapları > Alttan Donduruculu & Kombi Buzdolapları","CANDIDATE_NOT_OWNER_FINAL","RENAME","HIGH","0,9000","YES","","YES","1","","Beyaz Eşya & Ev Aletleri > Soğutma & Gıda Saklama Cihazları","PROVISIONAL_PROPOSAL","UNRESOLVED","PREVIOUS_UNRESOLVED_NOW_CANDIDATE_RESOLVED","Wave 32 candidate semantic match; score=0,9000; target remains candidate, not owner-final."
"mini-buzdolabi","3","sogutma-cihazlari","Beyaz Eşya & Ev Aletleri > Soğutma Cihazları > Mini Buzdolabı","Mini Buzdolabı","mini-buzdolabi","active","YES","YES","Beyaz Eşya & Ev Aletleri","Soğutma & Gıda Saklama Cihazları","Buzdolapları","Mini Buzdolapları","Beyaz Eşya & Ev Aletleri > Soğutma & Gıda Saklama Cihazları > Buzdolapları > Mini Buzdolapları","CANDIDATE_NOT_OWNER_FINAL","RENAME","MEDIUM","0,5600","YES","","YES","1","","Beyaz Eşya & Ev Aletleri > Soğutma & Gıda Saklama Cihazları","PROVISIONAL_PROPOSAL","UNRESOLVED","PREVIOUS_UNRESOLVED_NOW_CANDIDATE_RESOLVED","Wave 32 candidate semantic match; score=0,5600; target remains candidate, not owner-final."
"su-sebili","3","sogutma-cihazlari","Beyaz Eşya & Ev Aletleri > Soğutma Cihazları > Su Sebili","Su Sebili","su-sebili","active","YES","YES","Beyaz Eşya & Ev Aletleri","Soğutma & Gıda Saklama Cihazları","Su Sebilleri","","Beyaz Eşya & Ev Aletleri > Soğutma & Gıda Saklama Cihazları > Su Sebilleri","CANDIDATE_NOT_OWNER_FINAL","RENAME","HIGH","1,0000","YES","","YES","1","","Beyaz Eşya & Ev Aletleri > Soğutma & Gıda Saklama Cihazları","PROVISIONAL_PROPOSAL","UNRESOLVED","PREVIOUS_UNRESOLVED_NOW_CANDIDATE_RESOLVED","Wave 32 candidate semantic match; score=1,0000; target remains candidate, not owner-final."
"camasir-bulasik-cihazlari","2","beyaz-esya-ev-aletleri","Beyaz Eşya & Ev Aletleri > Çamaşır & Bulaşık Cihazları","Çamaşır & Bulaşık Cihazları","camasir-bulasik-cihazlari","active","NO","NO","Beyaz Eşya & Ev Aletleri","Çamaşır & Bulaşık Bakım Cihazları","","","Beyaz Eşya & Ev Aletleri > Çamaşır & Bulaşık Bakım Cihazları","CANDIDATE_NOT_OWNER_FINAL","RENAME","HIGH","1.0000","YES","","YES","1","","Beyaz Eşya & Ev Aletleri > Çamaşır & Bulaşık Bakım Cihazları","PROVISIONAL_PROPOSAL","RENAME","MATURITY_ONLY","Previous provisional L2 bridge now resolves to the exact Wave 32 candidate L2; target is not owner-final."
"camasir-makinesi","3","camasir-bulasik-cihazlari","Beyaz Eşya & Ev Aletleri > Çamaşır & Bulaşık Cihazları > Çamaşır Makinesi","Çamaşır Makinesi","camasir-makinesi","active","YES","YES","Beyaz Eşya & Ev Aletleri","Çamaşır & Bulaşık Bakım Cihazları","Çamaşır Makineleri","","Beyaz Eşya & Ev Aletleri > Çamaşır & Bulaşık Bakım Cihazları > Çamaşır Makineleri","CANDIDATE_NOT_OWNER_FINAL","RENAME","HIGH","1,0000","YES","","YES","1","","Beyaz Eşya & Ev Aletleri > Çamaşır & Bulaşık Bakım Cihazları","PROVISIONAL_PROPOSAL","UNRESOLVED","PREVIOUS_UNRESOLVED_NOW_CANDIDATE_RESOLVED","Wave 32 candidate semantic match; score=1,0000; target remains candidate, not owner-final."
"kurutma-makinesi","3","camasir-bulasik-cihazlari","Beyaz Eşya & Ev Aletleri > Çamaşır & Bulaşık Cihazları > Kurutma Makinesi","Kurutma Makinesi","kurutma-makinesi","active","YES","YES","Beyaz Eşya & Ev Aletleri","Çamaşır & Bulaşık Bakım Cihazları","Kurutma Makineleri","","Beyaz Eşya & Ev Aletleri > Çamaşır & Bulaşık Bakım Cihazları > Kurutma Makineleri","CANDIDATE_NOT_OWNER_FINAL","RENAME","HIGH","1,0000","YES","","YES","1","","Beyaz Eşya & Ev Aletleri > Çamaşır & Bulaşık Bakım Cihazları","PROVISIONAL_PROPOSAL","UNRESOLVED","PREVIOUS_UNRESOLVED_NOW_CANDIDATE_RESOLVED","Wave 32 candidate semantic match; score=1,0000; target remains candidate, not owner-final."
"bulasik-makinesi","3","camasir-bulasik-cihazlari","Beyaz Eşya & Ev Aletleri > Çamaşır & Bulaşık Cihazları > Bulaşık Makinesi","Bulaşık Makinesi","bulasik-makinesi","active","YES","YES","Beyaz Eşya & Ev Aletleri","Çamaşır & Bulaşık Bakım Cihazları","Bulaşık Makineleri","","Beyaz Eşya & Ev Aletleri > Çamaşır & Bulaşık Bakım Cihazları > Bulaşık Makineleri","CANDIDATE_NOT_OWNER_FINAL","RENAME","HIGH","1,0000","YES","","YES","1","","Beyaz Eşya & Ev Aletleri > Çamaşır & Bulaşık Bakım Cihazları","PROVISIONAL_PROPOSAL","UNRESOLVED","PREVIOUS_UNRESOLVED_NOW_CANDIDATE_RESOLVED","Wave 32 candidate semantic match; score=1,0000; target remains candidate, not owner-final."
"utu","3","camasir-bulasik-cihazlari","Beyaz Eşya & Ev Aletleri > Çamaşır & Bulaşık Cihazları > Ütü","Ütü","utu","active","YES","YES","Beyaz Eşya & Ev Aletleri","Ütü & Tekstil Bakım Cihazları","Ütüler","","Beyaz Eşya & Ev Aletleri > Ütü & Tekstil Bakım Cihazları > Ütüler","CANDIDATE_NOT_OWNER_FINAL","RENAME","HIGH","EXPLICIT","YES","","YES","1","","Beyaz Eşya & Ev Aletleri > Çamaşır & Bulaşık Bakım Cihazları","PROVISIONAL_PROPOSAL","UNRESOLVED","PREVIOUS_UNRESOLVED_NOW_CANDIDATE_RESOLVED","Explicit product-type successor."
"dikis-makinesi","3","camasir-bulasik-cihazlari","Beyaz Eşya & Ev Aletleri > Çamaşır & Bulaşık Cihazları > Dikiş Makinesi","Dikiş Makinesi","dikis-makinesi","active","YES","YES","Beyaz Eşya & Ev Aletleri","Ütü & Tekstil Bakım Cihazları","Ev Tipi Dikiş Makineleri","","Beyaz Eşya & Ev Aletleri > Ütü & Tekstil Bakım Cihazları > Ev Tipi Dikiş Makineleri","CANDIDATE_NOT_OWNER_FINAL","RENAME","HIGH","EXPLICIT","YES","","YES","1","","Beyaz Eşya & Ev Aletleri > Çamaşır & Bulaşık Bakım Cihazları","PROVISIONAL_PROPOSAL","UNRESOLVED","PREVIOUS_UNRESOLVED_NOW_CANDIDATE_RESOLVED","Consumer/home machine boundary."
"pisirme-mutfak-cihazlari","2","beyaz-esya-ev-aletleri","Beyaz Eşya & Ev Aletleri > Pişirme & Mutfak Cihazları","Pişirme & Mutfak Cihazları","pisirme-mutfak-cihazlari","active","NO","NO","Beyaz Eşya & Ev Aletleri","","","","Beyaz Eşya & Ev Aletleri","CANDIDATE_NOT_OWNER_FINAL","SPLIT","HIGH","1.0000","YES","","YES","3","Beyaz Eşya & Ev Aletleri > Büyük Pişirme Cihazları || Beyaz Eşya & Ev Aletleri > Küçük Mutfak Aletleri || Beyaz Eşya & Ev Aletleri > Su Isıtma & Sıcak Su Cihazları","Beyaz Eşya & Ev Aletleri","PROVISIONAL_PROPOSAL","SPLIT","MATURITY_ONLY","Legacy umbrella spans multiple exact Wave 32 candidate L2 successors; product-level split rule remains required."
"firin-cihazi","3","pisirme-mutfak-cihazlari","Beyaz Eşya & Ev Aletleri > Pişirme & Mutfak Cihazları > Fırın","Fırın","firin-cihazi","active","YES","YES","Beyaz Eşya & Ev Aletleri","Büyük Pişirme Cihazları","Fırınlar","","Beyaz Eşya & Ev Aletleri > Büyük Pişirme Cihazları > Fırınlar","CANDIDATE_NOT_OWNER_FINAL","RENAME","HIGH","1,0000","YES","","YES","1","","Beyaz Eşya & Ev Aletleri > Büyük Pişirme Cihazları","PROVISIONAL_PROPOSAL","UNRESOLVED","PREVIOUS_UNRESOLVED_NOW_CANDIDATE_RESOLVED","Wave 32 candidate semantic match; score=1,0000; target remains candidate, not owner-final."
"ocak-cihazi","3","pisirme-mutfak-cihazlari","Beyaz Eşya & Ev Aletleri > Pişirme & Mutfak Cihazları > Ocak","Ocak","ocak-cihazi","active","YES","YES","Beyaz Eşya & Ev Aletleri","Büyük Pişirme Cihazları","Ocaklar","","Beyaz Eşya & Ev Aletleri > Büyük Pişirme Cihazları > Ocaklar","CANDIDATE_NOT_OWNER_FINAL","RENAME","HIGH","1,0000","YES","REGULATED","YES","1","","Beyaz Eşya & Ev Aletleri > Büyük Pişirme Cihazları","PROVISIONAL_PROPOSAL","UNRESOLVED","PREVIOUS_UNRESOLVED_NOW_CANDIDATE_RESOLVED","Wave 32 candidate semantic match; score=1,0000; target remains candidate, not owner-final."
"davlumbaz-aspirator","3","pisirme-mutfak-cihazlari","Beyaz Eşya & Ev Aletleri > Pişirme & Mutfak Cihazları > Davlumbaz & Aspiratör","Davlumbaz & Aspiratör","davlumbaz-aspirator","active","YES","YES","Beyaz Eşya & Ev Aletleri","Büyük Pişirme Cihazları","Davlumbaz & Aspiratörler","","Beyaz Eşya & Ev Aletleri > Büyük Pişirme Cihazları > Davlumbaz & Aspiratörler","CANDIDATE_NOT_OWNER_FINAL","KEEP","HIGH","EXPLICIT","YES","","NO","1","","Beyaz Eşya & Ev Aletleri > Küçük Mutfak Aletleri","PROVISIONAL_PROPOSAL","UNRESOLVED","PREVIOUS_UNRESOLVED_NOW_CANDIDATE_RESOLVED","Exact aggregate candidate successor."
"mikrodalga-firin","3","pisirme-mutfak-cihazlari","Beyaz Eşya & Ev Aletleri > Pişirme & Mutfak Cihazları > Mikrodalga Fırın","Mikrodalga Fırın","mikrodalga-firin","active","YES","YES","Beyaz Eşya & Ev Aletleri","Büyük Pişirme Cihazları","Mikrodalga Fırınlar","","Beyaz Eşya & Ev Aletleri > Büyük Pişirme Cihazları > Mikrodalga Fırınlar","CANDIDATE_NOT_OWNER_FINAL","RENAME","HIGH","1,0000","YES","","YES","1","","Beyaz Eşya & Ev Aletleri > Büyük Pişirme Cihazları","PROVISIONAL_PROPOSAL","UNRESOLVED","PREVIOUS_UNRESOLVED_NOW_CANDIDATE_RESOLVED","Wave 32 candidate semantic match; score=1,0000; target remains candidate, not owner-final."
"cay-kahve-makinesi","3","pisirme-mutfak-cihazlari","Beyaz Eşya & Ev Aletleri > Pişirme & Mutfak Cihazları > Çay & Kahve Makinesi","Çay & Kahve Makinesi","cay-kahve-makinesi","active","YES","YES","Beyaz Eşya & Ev Aletleri","Küçük Mutfak Aletleri","Çay & Kahve Hazırlama","Türk Kahvesi Makineleri","Beyaz Eşya & Ev Aletleri > Küçük Mutfak Aletleri > Çay & Kahve Hazırlama > Türk Kahvesi Makineleri","CANDIDATE_NOT_OWNER_FINAL","RENAME","HIGH","1,0000","YES","","YES","1","","Beyaz Eşya & Ev Aletleri > Küçük Mutfak Aletleri","PROVISIONAL_PROPOSAL","UNRESOLVED","PREVIOUS_UNRESOLVED_NOW_CANDIDATE_RESOLVED","Wave 32 candidate semantic match; score=1,0000; target remains candidate, not owner-final."
"blender-mikser-dograyici","3","pisirme-mutfak-cihazlari","Beyaz Eşya & Ev Aletleri > Pişirme & Mutfak Cihazları > Blender, Mikser & Doğrayıcı","Blender, Mikser & Doğrayıcı","blender-mikser-dograyici","active","YES","YES","Beyaz Eşya & Ev Aletleri","","","","Beyaz Eşya & Ev Aletleri","CANDIDATE_NOT_OWNER_FINAL","SPLIT","MEDIUM","1,0000","YES","","YES","2","Beyaz Eşya & Ev Aletleri > Küçük Mutfak Aletleri > Blender, Mikser & Doğrayıcılar > Blenderlar || Beyaz Eşya & Ev Aletleri > Küçük Mutfak Aletleri > Blender, Mikser & Doğrayıcılar > Mikserler","Beyaz Eşya & Ev Aletleri > Küçük Mutfak Aletleri","PROVISIONAL_PROPOSAL","UNRESOLVED","PREVIOUS_UNRESOLVED_NOW_CANDIDATE_RESOLVED","Legacy combined concept has multiple near-equal Wave 32 candidate successors; no arbitrary single successor selected."
"tost-izgara-airfryer","3","pisirme-mutfak-cihazlari","Beyaz Eşya & Ev Aletleri > Pişirme & Mutfak Cihazları > Tost, Izgara & Airfryer","Tost, Izgara & Airfryer","tost-izgara-airfryer","active","YES","YES","Beyaz Eşya & Ev Aletleri","Küçük Mutfak Aletleri","Tost & Izgara Makineleri","","Beyaz Eşya & Ev Aletleri > Küçük Mutfak Aletleri > Tost & Izgara Makineleri","CANDIDATE_NOT_OWNER_FINAL","RENAME","MEDIUM","0,8600","YES","","YES","1","","Beyaz Eşya & Ev Aletleri > Küçük Mutfak Aletleri","PROVISIONAL_PROPOSAL","UNRESOLVED","PREVIOUS_UNRESOLVED_NOW_CANDIDATE_RESOLVED","Wave 32 candidate semantic match; score=0,8600; target remains candidate, not owner-final."
"su-isitici-elektrikli-pisirici","3","pisirme-mutfak-cihazlari","Beyaz Eşya & Ev Aletleri > Pişirme & Mutfak Cihazları > Su Isıtıcı & Elektrikli Pişirici","Su Isıtıcı & Elektrikli Pişirici","su-isitici-elektrikli-pisirici","active","YES","YES","Beyaz Eşya & Ev Aletleri","Küçük Mutfak Aletleri","Su Isıtıcılar","","Beyaz Eşya & Ev Aletleri > Küçük Mutfak Aletleri > Su Isıtıcılar","CANDIDATE_NOT_OWNER_FINAL","RENAME","MEDIUM","0,7267","YES","","YES","1","","Beyaz Eşya & Ev Aletleri > Küçük Mutfak Aletleri","PROVISIONAL_PROPOSAL","UNRESOLVED","PREVIOUS_UNRESOLVED_NOW_CANDIDATE_RESOLVED","Wave 32 candidate semantic match; score=0,7267; target remains candidate, not owner-final."
"temizlik-iklimlendirme-kisisel-ev-aleti","2","beyaz-esya-ev-aletleri","Beyaz Eşya & Ev Aletleri > Temizlik, İklimlendirme & Kişisel Ev Aleti","Temizlik, İklimlendirme & Kişisel Ev Aleti","temizlik-iklimlendirme-kisisel-ev-aleti","active","NO","NO","Beyaz Eşya & Ev Aletleri","","","","Beyaz Eşya & Ev Aletleri","CANDIDATE_NOT_OWNER_FINAL","SPLIT","HIGH","1.0000","YES","","YES","5","Beyaz Eşya & Ev Aletleri > Temizlik Cihazları || Beyaz Eşya & Ev Aletleri > İklimlendirme & Hava Kalitesi || Beyaz Eşya & Ev Aletleri > Ütü & Tekstil Bakım Cihazları || Beyaz Eşya & Ev Aletleri > Elektrikli Kişisel Bakım Cihazları || Beyaz Eşya & Ev Aletleri > Ev Aleti Aksesuar, Filtre & Sarf Malzemeleri","Beyaz Eşya & Ev Aletleri","PROVISIONAL_PROPOSAL","SPLIT","MATURITY_ONLY","Legacy umbrella spans multiple exact Wave 32 candidate L2 successors; product-level split rule remains required."
"elektrikli-supurge","3","temizlik-iklimlendirme-kisisel-ev-aleti","Beyaz Eşya & Ev Aletleri > Temizlik, İklimlendirme & Kişisel Ev Aleti > Elektrikli Süpürge","Elektrikli Süpürge","elektrikli-supurge","active","YES","YES","Beyaz Eşya & Ev Aletleri","Temizlik Cihazları","Elektrikli Süpürgeler","Dikey Süpürgeler","Beyaz Eşya & Ev Aletleri > Temizlik Cihazları > Elektrikli Süpürgeler > Dikey Süpürgeler","CANDIDATE_NOT_OWNER_FINAL","RENAME","HIGH","1,0000","YES","","YES","1","","Beyaz Eşya & Ev Aletleri > Temizlik Cihazları","PROVISIONAL_PROPOSAL","UNRESOLVED","PREVIOUS_UNRESOLVED_NOW_CANDIDATE_RESOLVED","Wave 32 candidate semantic match; score=1,0000; target remains candidate, not owner-final."
"buharli-temizleyici","3","temizlik-iklimlendirme-kisisel-ev-aleti","Beyaz Eşya & Ev Aletleri > Temizlik, İklimlendirme & Kişisel Ev Aleti > Buharlı Temizleyici","Buharlı Temizleyici","buharli-temizleyici","active","YES","YES","Beyaz Eşya & Ev Aletleri","Temizlik Cihazları","Buharlı Temizleyiciler","","Beyaz Eşya & Ev Aletleri > Temizlik Cihazları > Buharlı Temizleyiciler","CANDIDATE_NOT_OWNER_FINAL","RENAME_AND_MOVE","HIGH","1,0000","YES","","YES","1","","Beyaz Eşya & Ev Aletleri","PROVISIONAL_PROPOSAL","UNRESOLVED","PREVIOUS_UNRESOLVED_NOW_CANDIDATE_RESOLVED","Wave 32 candidate semantic match; score=1,0000; target remains candidate, not owner-final."
"klima","3","temizlik-iklimlendirme-kisisel-ev-aleti","Beyaz Eşya & Ev Aletleri > Temizlik, İklimlendirme & Kişisel Ev Aleti > Klima","Klima","klima","active","YES","YES","Beyaz Eşya & Ev Aletleri","İklimlendirme & Hava Kalitesi","Klimalar","","Beyaz Eşya & Ev Aletleri > İklimlendirme & Hava Kalitesi > Klimalar","CANDIDATE_NOT_OWNER_FINAL","RENAME","HIGH","1,0000","YES","","YES","1","","Beyaz Eşya & Ev Aletleri > İklimlendirme & Hava Kalitesi","PROVISIONAL_PROPOSAL","UNRESOLVED","PREVIOUS_UNRESOLVED_NOW_CANDIDATE_RESOLVED","Wave 32 candidate semantic match; score=1,0000; target remains candidate, not owner-final."
"vantilator-hava-sogutucu","3","temizlik-iklimlendirme-kisisel-ev-aleti","Beyaz Eşya & Ev Aletleri > Temizlik, İklimlendirme & Kişisel Ev Aleti > Vantilatör & Hava Soğutucu","Vantilatör & Hava Soğutucu","vantilator-hava-sogutucu","active","YES","YES","Beyaz Eşya & Ev Aletleri","İklimlendirme & Hava Kalitesi","Vantilatör & Hava Soğutucular","","Beyaz Eşya & Ev Aletleri > İklimlendirme & Hava Kalitesi > Vantilatör & Hava Soğutucular","CANDIDATE_NOT_OWNER_FINAL","RENAME","HIGH","1,0000","YES","","YES","1","","Beyaz Eşya & Ev Aletleri > İklimlendirme & Hava Kalitesi","PROVISIONAL_PROPOSAL","UNRESOLVED","PREVIOUS_UNRESOLVED_NOW_CANDIDATE_RESOLVED","Wave 32 candidate semantic match; score=1,0000; target remains candidate, not owner-final."
"isitici-soba","3","temizlik-iklimlendirme-kisisel-ev-aleti","Beyaz Eşya & Ev Aletleri > Temizlik, İklimlendirme & Kişisel Ev Aleti > Isıtıcı & Soba","Isıtıcı & Soba","isitici-soba","active","YES","YES","Beyaz Eşya & Ev Aletleri","İklimlendirme & Hava Kalitesi","Elektrikli Isıtıcılar","","Beyaz Eşya & Ev Aletleri > İklimlendirme & Hava Kalitesi > Elektrikli Isıtıcılar","CANDIDATE_NOT_OWNER_FINAL","RENAME","HIGH","1,0000","YES","REGULATED|safety_critical","YES","1","","Beyaz Eşya & Ev Aletleri > İklimlendirme & Hava Kalitesi","PROVISIONAL_PROPOSAL","UNRESOLVED","PREVIOUS_UNRESOLVED_NOW_CANDIDATE_RESOLVED","Wave 32 candidate semantic match; score=1,0000; target remains candidate, not owner-final."
"hava-temizleyici-nem-cihazi","3","temizlik-iklimlendirme-kisisel-ev-aleti","Beyaz Eşya & Ev Aletleri > Temizlik, İklimlendirme & Kişisel Ev Aleti > Hava Temizleyici & Nem Cihazı","Hava Temizleyici & Nem Cihazı","hava-temizleyici-nem-cihazi","active","YES","YES","Beyaz Eşya & Ev Aletleri","İklimlendirme & Hava Kalitesi","Hava Temizleyiciler","","Beyaz Eşya & Ev Aletleri > İklimlendirme & Hava Kalitesi > Hava Temizleyiciler","CANDIDATE_NOT_OWNER_FINAL","RENAME","HIGH","1,0000","YES","LEGAL_REVIEW_REQUIRED","YES","1","","Beyaz Eşya & Ev Aletleri > İklimlendirme & Hava Kalitesi","PROVISIONAL_PROPOSAL","UNRESOLVED","PREVIOUS_UNRESOLVED_NOW_CANDIDATE_RESOLVED","Wave 32 candidate semantic match; score=1,0000; target remains candidate, not owner-final."
"ev-yasam","1","","Ev & Yaşam","Ev & Yaşam","ev-yasam","active","NO","NO","Ev & Yaşam","","","","Ev & Yaşam","CANONICAL_FINAL","KEEP","HIGH","","NO","","NO","1","","Ev & Yaşam","CANONICAL_FINAL","KEEP","UNCHANGED_FINAL_ANCHOR",""
"mobilya","2","ev-yasam","Ev & Yaşam > Mobilya","Mobilya","mobilya","active","NO","NO","Ev & Yaşam","Mobilya","","","Ev & Yaşam > Mobilya","CANDIDATE_NOT_OWNER_FINAL","KEEP","HIGH","1.0000","YES","","NO","1","","Ev & Yaşam > Mobilya","PROVISIONAL_PROPOSAL","KEEP","MATURITY_ONLY","Previous provisional L2 bridge now resolves to the exact Wave 32 candidate L2; target is not owner-final."
"koltuk-kanepe","3","mobilya","Ev & Yaşam > Mobilya > Koltuk & Kanepe","Koltuk & Kanepe","koltuk-kanepe","active","YES","YES","Ev & Yaşam","Mobilya","Oturma Mobilyaları","Koltuk & Kanepe","Ev & Yaşam > Mobilya > Oturma Mobilyaları > Koltuk & Kanepe","CANDIDATE_NOT_OWNER_FINAL","KEEP","HIGH","1,0000","YES","","NO","1","","Ev & Yaşam > Mobilya","PROVISIONAL_PROPOSAL","UNRESOLVED","PREVIOUS_UNRESOLVED_NOW_CANDIDATE_RESOLVED","Wave 32 candidate semantic match; score=1,0000; target remains candidate, not owner-final."
"masa-sandalye","3","mobilya","Ev & Yaşam > Mobilya > Masa & Sandalye","Masa & Sandalye","masa-sandalye","active","YES","YES","Ev & Yaşam","","","","Ev & Yaşam","CANDIDATE_NOT_OWNER_FINAL","SPLIT","MEDIUM","1,0000","YES","","YES","2","Ev & Yaşam > Mobilya > Masa Mobilyaları > Yemek Masası || Ev & Yaşam > Mobilya > Oturma Birimleri > Sandalye","Ev & Yaşam > Mobilya","PROVISIONAL_PROPOSAL","UNRESOLVED","PREVIOUS_UNRESOLVED_NOW_CANDIDATE_RESOLVED","Legacy combined concept has multiple near-equal Wave 32 candidate successors; no arbitrary single successor selected."
"yatak-baza-baslik","3","mobilya","Ev & Yaşam > Mobilya > Yatak, Baza & Başlık","Yatak, Baza & Başlık","yatak-baza-baslik","active","YES","YES","Ev & Yaşam","","","","Ev & Yaşam","CANDIDATE_NOT_OWNER_FINAL","SPLIT","HIGH","EXPLICIT","YES","","YES","2","Ev & Yaşam > Yatak & Uyku Ürünleri > Yataklar || Ev & Yaşam > Mobilya > Yatak Mobilyaları > Baza & Başlık","Ev & Yaşam > Mobilya","PROVISIONAL_PROPOSAL","UNRESOLVED","PREVIOUS_UNRESOLVED_NOW_CANDIDATE_RESOLVED","Legacy combined identity spans multiple explicit Wave 32 candidate successors; product-level split rule is required."
"dolap-sifonyer","3","mobilya","Ev & Yaşam > Mobilya > Dolap & Şifonyer","Dolap & Şifonyer","dolap-sifonyer","active","YES","YES","Ev & Yaşam","Mobilya","Depolama Mobilyaları","Dolap & Şifonyer","Ev & Yaşam > Mobilya > Depolama Mobilyaları > Dolap & Şifonyer","CANDIDATE_NOT_OWNER_FINAL","KEEP","HIGH","1,0000","YES","","NO","1","","Ev & Yaşam > Mobilya","PROVISIONAL_PROPOSAL","UNRESOLVED","PREVIOUS_UNRESOLVED_NOW_CANDIDATE_RESOLVED","Wave 32 candidate semantic match; score=1,0000; target remains candidate, not owner-final."
"raf-kitaplik-tv-unitesi","3","mobilya","Ev & Yaşam > Mobilya > Raf, Kitaplık & TV Ünitesi","Raf, Kitaplık & TV Ünitesi","raf-kitaplik-tv-unitesi","active","YES","YES","Ev & Yaşam","","","","Ev & Yaşam","CANDIDATE_NOT_OWNER_FINAL","SPLIT","HIGH","EXPLICIT","YES","","YES","2","Ev & Yaşam > Mobilya > Depolama Mobilyaları > Raf & Kitaplık || Ev & Yaşam > Mobilya > Depolama Mobilyaları > TV Ünitesi","Ev & Yaşam > Mobilya","PROVISIONAL_PROPOSAL","UNRESOLVED","PREVIOUS_UNRESOLVED_NOW_CANDIDATE_RESOLVED","Legacy combined identity spans multiple explicit Wave 32 candidate successors; product-level split rule is required."
"calisma-mobilyasi","3","mobilya","Ev & Yaşam > Mobilya > Çalışma Mobilyası","Çalışma Mobilyası","calisma-mobilyasi","active","YES","YES","Ev & Yaşam","Mobilya","Masa Mobilyaları","Çalışma Masası","Ev & Yaşam > Mobilya > Masa Mobilyaları > Çalışma Masası","CANDIDATE_NOT_OWNER_FINAL","RENAME","HIGH","1,0000","YES","","YES","1","","Ev & Yaşam > Mobilya","PROVISIONAL_PROPOSAL","UNRESOLVED","PREVIOUS_UNRESOLVED_NOW_CANDIDATE_RESOLVED","Wave 32 candidate semantic match; score=1,0000; target remains candidate, not owner-final."
"ev-tekstili","2","ev-yasam","Ev & Yaşam > Ev Tekstili","Ev Tekstili","ev-tekstili","active","NO","NO","Ev & Yaşam","","","","Ev & Yaşam","CANDIDATE_NOT_OWNER_FINAL","SPLIT","HIGH","1.0000","YES","","YES","4","Ev & Yaşam > Yatak & Uyku Ürünleri || Ev & Yaşam > Ev Tekstili || Ev & Yaşam > Perde & Pencere Tekstili || Ev & Yaşam > Halı, Kilim & Paspas","Ev & Yaşam","PROVISIONAL_PROPOSAL","SPLIT","MATURITY_ONLY","Legacy umbrella spans multiple exact Wave 32 candidate L2 successors; product-level split rule remains required."
"nevresim-yatak-ortusu","3","ev-tekstili","Ev & Yaşam > Ev Tekstili > Nevresim & Yatak Örtüsü","Nevresim & Yatak Örtüsü","nevresim-yatak-ortusu","active","YES","YES","Ev & Yaşam","","","","Ev & Yaşam","CANDIDATE_NOT_OWNER_FINAL","SPLIT","HIGH","EXPLICIT","YES","","YES","2","Ev & Yaşam > Ev Tekstili > Yatak Tekstili > Nevresim Takımı || Ev & Yaşam > Ev Tekstili > Yatak Tekstili > Yatak Örtüsü","Ev & Yaşam > Yatak & Uyku Ürünleri","PROVISIONAL_PROPOSAL","UNRESOLVED","PREVIOUS_UNRESOLVED_NOW_CANDIDATE_RESOLVED","Legacy combined identity spans multiple explicit Wave 32 candidate successors; product-level split rule is required."
"yastik-yorgan","3","ev-tekstili","Ev & Yaşam > Ev Tekstili > Yastık & Yorgan","Yastık & Yorgan","yastik-yorgan","active","YES","YES","Ev & Yaşam","","","","Ev & Yaşam","CANDIDATE_NOT_OWNER_FINAL","SPLIT","MEDIUM","1,0000","YES","","YES","2","Ev & Yaşam > Yatak & Uyku Ürünleri > Yastıklar || Ev & Yaşam > Yatak & Uyku Ürünleri > Yorganlar","Ev & Yaşam > Yatak & Uyku Ürünleri","PROVISIONAL_PROPOSAL","UNRESOLVED","PREVIOUS_UNRESOLVED_NOW_CANDIDATE_RESOLVED","Legacy combined concept has multiple near-equal Wave 32 candidate successors; no arbitrary single successor selected."
"havlu-bornoz","3","ev-tekstili","Ev & Yaşam > Ev Tekstili > Havlu & Bornoz","Havlu & Bornoz","havlu-bornoz","active","YES","YES","Ev & Yaşam","","","","Ev & Yaşam","CANDIDATE_NOT_OWNER_FINAL","SPLIT","HIGH","EXPLICIT","YES","","YES","2","Ev & Yaşam > Ev Tekstili > Banyo Tekstili > Havlu || Ev & Yaşam > Ev Tekstili > Banyo Tekstili > Bornoz","Ev & Yaşam","PROVISIONAL_PROPOSAL","UNRESOLVED","PREVIOUS_UNRESOLVED_NOW_CANDIDATE_RESOLVED","Legacy combined identity spans multiple explicit Wave 32 candidate successors; product-level split rule is required."
"perde-stor","3","ev-tekstili","Ev & Yaşam > Ev Tekstili > Perde & Stor","Perde & Stor","perde-stor","active","YES","YES","Ev & Yaşam","","","","Ev & Yaşam","CANDIDATE_NOT_OWNER_FINAL","SPLIT","HIGH","EXPLICIT","YES","","YES","3","Ev & Yaşam > Perde & Pencere Tekstili > Tül Perde || Ev & Yaşam > Perde & Pencere Tekstili > Fon Perde || Ev & Yaşam > Perde & Pencere Tekstili > Stor & Zebra Perde","Ev & Yaşam > Perde & Pencere Tekstili","PROVISIONAL_PROPOSAL","UNRESOLVED","PREVIOUS_UNRESOLVED_NOW_CANDIDATE_RESOLVED","Legacy combined identity spans multiple explicit Wave 32 candidate successors; product-level split rule is required."
"hali-kilim","3","ev-tekstili","Ev & Yaşam > Ev Tekstili > Halı & Kilim","Halı & Kilim","hali-kilim","active","YES","YES","Ev & Yaşam","","","","Ev & Yaşam","CANDIDATE_NOT_OWNER_FINAL","SPLIT","MEDIUM","1,0000","YES","","YES","3","Ev & Yaşam > Halı, Kilim & Paspas > Halı || Ev & Yaşam > Halı, Kilim & Paspas > Kilim || Ev & Yaşam > Halı, Kilim & Paspas > Yolluk","Ev & Yaşam > Halı, Kilim & Paspas","PROVISIONAL_PROPOSAL","UNRESOLVED","PREVIOUS_UNRESOLVED_NOW_CANDIDATE_RESOLVED","Legacy combined concept has multiple near-equal Wave 32 candidate successors; no arbitrary single successor selected."
"battaniye-ortu-kirlent","3","ev-tekstili","Ev & Yaşam > Ev Tekstili > Battaniye, Örtü & Kırlent","Battaniye, Örtü & Kırlent","battaniye-ortu-kirlent","active","YES","YES","Ev & Yaşam","Ev Tekstili","Kırlent","","Ev & Yaşam > Ev Tekstili > Kırlent","CANDIDATE_NOT_OWNER_FINAL","RENAME","HIGH","1,0000","YES","","YES","1","","Ev & Yaşam","PROVISIONAL_PROPOSAL","UNRESOLVED","PREVIOUS_UNRESOLVED_NOW_CANDIDATE_RESOLVED","Wave 32 candidate semantic match; score=1,0000; target remains candidate, not owner-final."
"dekorasyon-aydinlatma","2","ev-yasam","Ev & Yaşam > Dekorasyon & Aydınlatma","Dekorasyon & Aydınlatma","dekorasyon-aydinlatma","active","NO","NO","Ev & Yaşam","","","","Ev & Yaşam","CANDIDATE_NOT_OWNER_FINAL","SPLIT","HIGH","1.0000","YES","","YES","3","Ev & Yaşam > Dekorasyon & Duvar Aksesuarları || Ev & Yaşam > Aydınlatma || Ev & Yaşam > Halı, Kilim & Paspas","Ev & Yaşam","PROVISIONAL_PROPOSAL","SPLIT","MATURITY_ONLY","Legacy umbrella spans multiple exact Wave 32 candidate L2 successors; product-level split rule remains required."
"avize-tavan-aydinlatmasi","3","dekorasyon-aydinlatma","Ev & Yaşam > Dekorasyon & Aydınlatma > Avize & Tavan Aydınlatması","Avize & Tavan Aydınlatması","avize-tavan-aydinlatmasi","active","YES","YES","Ev & Yaşam","Aydınlatma","Tavan Aydınlatmaları","","Ev & Yaşam > Aydınlatma > Tavan Aydınlatmaları","CANDIDATE_NOT_OWNER_FINAL","RENAME","MEDIUM","0,8600","YES","","YES","1","","Ev & Yaşam > Aydınlatma","PROVISIONAL_PROPOSAL","UNRESOLVED","PREVIOUS_UNRESOLVED_NOW_CANDIDATE_RESOLVED","Wave 32 candidate semantic match; score=0,8600; target remains candidate, not owner-final."
"masa-lambader-gece-lambasi","3","dekorasyon-aydinlatma","Ev & Yaşam > Dekorasyon & Aydınlatma > Masa, Lambader & Gece Lambası","Masa, Lambader & Gece Lambası","masa-lambader-gece-lambasi","active","YES","YES","Ev & Yaşam","","","","Ev & Yaşam","CANDIDATE_NOT_OWNER_FINAL","SPLIT","MEDIUM","1,0000","YES","","YES","2","Ev & Yaşam > Aydınlatma > Gece Lambaları || Ev & Yaşam > Aydınlatma > Lambader","Ev & Yaşam > Aydınlatma","PROVISIONAL_PROPOSAL","UNRESOLVED","PREVIOUS_UNRESOLVED_NOW_CANDIDATE_RESOLVED","Legacy combined concept has multiple near-equal Wave 32 candidate successors; no arbitrary single successor selected."
"ampul-dekoratif-isik","3","dekorasyon-aydinlatma","Ev & Yaşam > Dekorasyon & Aydınlatma > Ampul & Dekoratif Işık","Ampul & Dekoratif Işık","ampul-dekoratif-isik","active","YES","YES","Ev & Yaşam","Aydınlatma","Standart Ampuller","","Ev & Yaşam > Aydınlatma > Standart Ampuller","CANDIDATE_NOT_OWNER_FINAL","UNRESOLVED","LOW","MANUAL","YES","REGULATED","YES","0","","Ev & Yaşam > Dekorasyon & Duvar Aksesuarları","PROVISIONAL_PROPOSAL","UNRESOLVED","TARGET_CHANGED","Candidate covers standard bulbs but lacks a complete decorative-string-light successor."
"ayna","3","dekorasyon-aydinlatma","Ev & Yaşam > Dekorasyon & Aydınlatma > Ayna","Ayna","ayna","active","YES","YES","Ev & Yaşam","Dekorasyon & Duvar Aksesuarları","Duvar Dekoru","Ayna","Ev & Yaşam > Dekorasyon & Duvar Aksesuarları > Duvar Dekoru > Ayna","CANDIDATE_NOT_OWNER_FINAL","KEEP","HIGH","1,0000","YES","","NO","1","","Ev & Yaşam > Dekorasyon & Duvar Aksesuarları","PROVISIONAL_PROPOSAL","UNRESOLVED","PREVIOUS_UNRESOLVED_NOW_CANDIDATE_RESOLVED","Wave 32 candidate semantic match; score=1,0000; target remains candidate, not owner-final."
"cerceve-duvar-dekoru","3","dekorasyon-aydinlatma","Ev & Yaşam > Dekorasyon & Aydınlatma > Çerçeve & Duvar Dekoru","Çerçeve & Duvar Dekoru","cerceve-duvar-dekoru","active","YES","YES","Ev & Yaşam","","","","Ev & Yaşam","CANDIDATE_NOT_OWNER_FINAL","SPLIT","MEDIUM","0,9000","YES","","YES","2","Ev & Yaşam > Dekorasyon & Duvar Aksesuarları > Duvar Dekoru > Çerçeve || Ev & Yaşam > Dekorasyon & Duvar Aksesuarları > Duvar Dekoru > Tablo & Poster","Ev & Yaşam > Dekorasyon & Duvar Aksesuarları","PROVISIONAL_PROPOSAL","UNRESOLVED","PREVIOUS_UNRESOLVED_NOW_CANDIDATE_RESOLVED","Legacy combined concept has multiple near-equal Wave 32 candidate successors; no arbitrary single successor selected."
"duvar-masa-saati","3","dekorasyon-aydinlatma","Ev & Yaşam > Dekorasyon & Aydınlatma > Duvar & Masa Saati","Duvar & Masa Saati","duvar-masa-saati","active","YES","YES","Ev & Yaşam","Dekorasyon & Duvar Aksesuarları","Duvar Dekoru","Duvar Saati","Ev & Yaşam > Dekorasyon & Duvar Aksesuarları > Duvar Dekoru > Duvar Saati","CANDIDATE_NOT_OWNER_FINAL","UNRESOLVED","LOW","MANUAL","YES","","YES","0","","Ev & Yaşam > Dekorasyon & Duvar Aksesuarları","PROVISIONAL_PROPOSAL","UNRESOLVED","TARGET_CHANGED","Candidate covers wall clocks but not table clocks; legacy combined identity cannot be asserted as one successor."
"mum-oda-kokusu","3","dekorasyon-aydinlatma","Ev & Yaşam > Dekorasyon & Aydınlatma > Mum & Oda Kokusu","Mum & Oda Kokusu","mum-oda-kokusu","active","YES","YES","Ev & Yaşam","Dekorasyon & Duvar Aksesuarları","Mum & Oda Kokusu","","Ev & Yaşam > Dekorasyon & Duvar Aksesuarları > Mum & Oda Kokusu","CANDIDATE_NOT_OWNER_FINAL","MOVE","HIGH","1,0000","YES","hazmat_review|REGULATED","YES","1","","Ev & Yaşam","PROVISIONAL_PROPOSAL","UNRESOLVED","PREVIOUS_UNRESOLVED_NOW_CANDIDATE_RESOLVED","Wave 32 candidate semantic match; score=1,0000; target remains candidate, not owner-final."
"banyo-duzenleme","2","ev-yasam","Ev & Yaşam > Banyo & Düzenleme","Banyo & Düzenleme","banyo-duzenleme","active","NO","NO","Ev & Yaşam","","","","Ev & Yaşam","CANDIDATE_NOT_OWNER_FINAL","SPLIT","HIGH","1.0000","YES","","YES","2","Ev & Yaşam > Düzenleme & Saklama || Ev & Yaşam > Banyo Aksesuarları","Ev & Yaşam","PROVISIONAL_PROPOSAL","SPLIT","MATURITY_ONLY","Legacy umbrella spans multiple exact Wave 32 candidate L2 successors; product-level split rule remains required."
"banyo-aksesuar-seti","3","banyo-duzenleme","Ev & Yaşam > Banyo & Düzenleme > Banyo Aksesuar Seti","Banyo Aksesuar Seti","banyo-aksesuar-seti","active","YES","YES","Ev & Yaşam","Banyo Aksesuarları","Sabunluk & Dispenser","","Ev & Yaşam > Banyo Aksesuarları > Sabunluk & Dispenser","CANDIDATE_NOT_OWNER_FINAL","RENAME","HIGH","0,9000","YES","","YES","1","","Ev & Yaşam > Banyo Aksesuarları","PROVISIONAL_PROPOSAL","UNRESOLVED","PREVIOUS_UNRESOLVED_NOW_CANDIDATE_RESOLVED","Wave 32 candidate semantic match; score=0,9000; target remains candidate, not owner-final."
"dus-perdesi-banyo-paspasi","3","banyo-duzenleme","Ev & Yaşam > Banyo & Düzenleme > Duş Perdesi & Banyo Paspası","Duş Perdesi & Banyo Paspası","dus-perdesi-banyo-paspasi","active","YES","YES","Ev & Yaşam","","","","Ev & Yaşam","CANDIDATE_NOT_OWNER_FINAL","SPLIT","HIGH","EXPLICIT","YES","","YES","2","Ev & Yaşam > Banyo Aksesuarları > Duş Perdesi || Ev & Yaşam > Halı, Kilim & Paspas > Paspas","Ev & Yaşam > Banyo Aksesuarları","PROVISIONAL_PROPOSAL","UNRESOLVED","PREVIOUS_UNRESOLVED_NOW_CANDIDATE_RESOLVED","Legacy combined identity spans multiple explicit Wave 32 candidate successors; product-level split rule is required."
"camasir-sepeti","3","banyo-duzenleme","Ev & Yaşam > Banyo & Düzenleme > Çamaşır Sepeti","Çamaşır Sepeti","camasir-sepeti","active","YES","YES","Ev & Yaşam","Düzenleme & Saklama","Çamaşır Sepeti","","Ev & Yaşam > Düzenleme & Saklama > Çamaşır Sepeti","CANDIDATE_NOT_OWNER_FINAL","KEEP","HIGH","1,0000","YES","","NO","1","","Ev & Yaşam > Düzenleme & Saklama","PROVISIONAL_PROPOSAL","UNRESOLVED","PREVIOUS_UNRESOLVED_NOW_CANDIDATE_RESOLVED","Wave 32 candidate semantic match; score=1,0000; target remains candidate, not owner-final."
"saklama-kutusu-sepet","3","banyo-duzenleme","Ev & Yaşam > Banyo & Düzenleme > Saklama Kutusu & Sepet","Saklama Kutusu & Sepet","saklama-kutusu-sepet","active","YES","YES","Ev & Yaşam","Düzenleme & Saklama","Saklama Kutusu & Sepet","","Ev & Yaşam > Düzenleme & Saklama > Saklama Kutusu & Sepet","CANDIDATE_NOT_OWNER_FINAL","KEEP","HIGH","1,0000","YES","","NO","1","","Ev & Yaşam > Düzenleme & Saklama","PROVISIONAL_PROPOSAL","UNRESOLVED","PREVIOUS_UNRESOLVED_NOW_CANDIDATE_RESOLVED","Wave 32 candidate semantic match; score=1,0000; target remains candidate, not owner-final."
"aski-dolap-duzenleyici","3","banyo-duzenleme","Ev & Yaşam > Banyo & Düzenleme > Askı & Dolap Düzenleyici","Askı & Dolap Düzenleyici","aski-dolap-duzenleyici","active","YES","YES","Ev & Yaşam","Düzenleme & Saklama","Askı & Dolap İçi Düzenleme","","Ev & Yaşam > Düzenleme & Saklama > Askı & Dolap İçi Düzenleme","CANDIDATE_NOT_OWNER_FINAL","RENAME","MEDIUM","0,6314","YES","","YES","1","","Ev & Yaşam > Düzenleme & Saklama","PROVISIONAL_PROPOSAL","UNRESOLVED","PREVIOUS_UNRESOLVED_NOW_CANDIDATE_RESOLVED","Wave 32 candidate semantic match; score=0,6314; target remains candidate, not owner-final."
"ev-temizlik-tuketim-urunleri","2","ev-yasam","Ev & Yaşam > Ev Temizlik & Tüketim Ürünleri","Ev Temizlik & Tüketim Ürünleri","ev-temizlik-tuketim-urunleri","active","NO","NO","Ev & Yaşam","Ev Temizliği & Çamaşır Bakımı","","","Ev & Yaşam > Ev Temizliği & Çamaşır Bakımı","CANDIDATE_NOT_OWNER_FINAL","RENAME","HIGH","1.0000","YES","REGULATED","YES","1","","Ev & Yaşam > Ev Temizliği & Çamaşır Bakımı","PROVISIONAL_PROPOSAL","RENAME","MATURITY_ONLY","Previous provisional L2 bridge now resolves to the exact Wave 32 candidate L2; target is not owner-final."
"temizlik-deterjani","3","ev-temizlik-tuketim-urunleri","Ev & Yaşam > Ev Temizlik & Tüketim Ürünleri > Temizlik Deterjanı","Temizlik Deterjanı","temizlik-deterjani","active","YES","YES","Ev & Yaşam","Ev Temizliği & Çamaşır Bakımı","Yüzey Temizleyiciler","","Ev & Yaşam > Ev Temizliği & Çamaşır Bakımı > Yüzey Temizleyiciler","CANDIDATE_NOT_OWNER_FINAL","RENAME","HIGH","1,0000","YES","hazmat_review|REGULATED","YES","1","","Ev & Yaşam > Ev Temizliği & Çamaşır Bakımı","PROVISIONAL_PROPOSAL","UNRESOLVED","PREVIOUS_UNRESOLVED_NOW_CANDIDATE_RESOLVED","Wave 32 candidate semantic match; score=1,0000; target remains candidate, not owner-final."
"camasir-bakim-urunu","3","ev-temizlik-tuketim-urunleri","Ev & Yaşam > Ev Temizlik & Tüketim Ürünleri > Çamaşır Bakım Ürünü","Çamaşır Bakım Ürünü","camasir-bakim-urunu","active","YES","YES","Ev & Yaşam","Ev Temizliği & Çamaşır Bakımı","Çamaşır Temizliği & Bakımı","","Ev & Yaşam > Ev Temizliği & Çamaşır Bakımı > Çamaşır Temizliği & Bakımı","CANDIDATE_NOT_OWNER_FINAL","RENAME","MEDIUM","0,7267","YES","hazmat_review|REGULATED","YES","1","","Ev & Yaşam > Ev Temizliği & Çamaşır Bakımı","PROVISIONAL_PROPOSAL","UNRESOLVED","PREVIOUS_UNRESOLVED_NOW_CANDIDATE_RESOLVED","Wave 32 candidate semantic match; score=0,7267; target remains candidate, not owner-final."
"supurge-mop-temizlik-bezi","3","ev-temizlik-tuketim-urunleri","Ev & Yaşam > Ev Temizlik & Tüketim Ürünleri > Süpürge, Mop & Temizlik Bezi","Süpürge, Mop & Temizlik Bezi","supurge-mop-temizlik-bezi","active","YES","YES","Ev & Yaşam","Ev Temizliği & Çamaşır Bakımı","Temizlik Gereçleri","Mop & Paspas Aparatı","Ev & Yaşam > Ev Temizliği & Çamaşır Bakımı > Temizlik Gereçleri > Mop & Paspas Aparatı","CANDIDATE_NOT_OWNER_FINAL","RENAME","MEDIUM","0,5600","YES","","YES","1","","Ev & Yaşam > Ev Temizliği & Çamaşır Bakımı","PROVISIONAL_PROPOSAL","UNRESOLVED","PREVIOUS_UNRESOLVED_NOW_CANDIDATE_RESOLVED","Wave 32 candidate semantic match; score=0,5600; target remains candidate, not owner-final."
"ev-kagit-urunleri","3","ev-temizlik-tuketim-urunleri","Ev & Yaşam > Ev Temizlik & Tüketim Ürünleri > Kağıt Ürünleri","Kağıt Ürünleri","ev-kagit-urunleri","active","YES","YES","Ev & Yaşam","Ev Temizliği & Çamaşır Bakımı","Kağıt Ev Ürünleri","","Ev & Yaşam > Ev Temizliği & Çamaşır Bakımı > Kağıt Ev Ürünleri","CANDIDATE_NOT_OWNER_FINAL","RENAME","MEDIUM","0,7267","YES","","YES","1","","Ev & Yaşam > Ev Temizliği & Çamaşır Bakımı","PROVISIONAL_PROPOSAL","UNRESOLVED","PREVIOUS_UNRESOLVED_NOW_CANDIDATE_RESOLVED","Wave 32 candidate semantic match; score=0,7267; target remains candidate, not owner-final."
"cop-torbasi-ev-eldiveni","3","ev-temizlik-tuketim-urunleri","Ev & Yaşam > Ev Temizlik & Tüketim Ürünleri > Çöp Torbası & Ev Eldiveni","Çöp Torbası & Ev Eldiveni","cop-torbasi-ev-eldiveni","active","YES","YES","Ev & Yaşam","Ev Temizliği & Çamaşır Bakımı","Çöp Torbası & Ev Tipi Eldiven","","Ev & Yaşam > Ev Temizliği & Çamaşır Bakımı > Çöp Torbası & Ev Tipi Eldiven","CANDIDATE_NOT_OWNER_FINAL","RENAME","HIGH","0,9489","YES","","YES","1","","Ev & Yaşam > Ev Temizliği & Çamaşır Bakımı","PROVISIONAL_PROPOSAL","UNRESOLVED","PREVIOUS_UNRESOLVED_NOW_CANDIDATE_RESOLVED","Wave 32 candidate semantic match; score=0,9489; target remains candidate, not owner-final."
"zuccaciye-mutfak","1","","Züccaciye & Mutfak","Züccaciye & Mutfak","zuccaciye-mutfak","active","NO","NO","Züccaciye & Mutfak","","","","Züccaciye & Mutfak","CANONICAL_FINAL","KEEP","HIGH","","NO","","NO","1","","Züccaciye & Mutfak","CANONICAL_FINAL","KEEP","UNCHANGED_FINAL_ANCHOR",""
"pisirme-gerecleri","2","zuccaciye-mutfak","Züccaciye & Mutfak > Pişirme Gereçleri","Pişirme Gereçleri","pisirme-gerecleri","active","NO","NO","Züccaciye & Mutfak","","","","Züccaciye & Mutfak","CANDIDATE_NOT_OWNER_FINAL","SPLIT","HIGH","1.0000","YES","","YES","2","Züccaciye & Mutfak > Tencere, Tava & Pişirme Kapları || Züccaciye & Mutfak > Fırınlama & Pişirme Gereçleri","Züccaciye & Mutfak","PROVISIONAL_PROPOSAL","SPLIT","MATURITY_ONLY","Legacy umbrella spans multiple exact Wave 32 candidate L2 successors; product-level split rule remains required."
"tencere-seti","3","pisirme-gerecleri","Züccaciye & Mutfak > Pişirme Gereçleri > Tencere & Tencere Seti","Tencere & Tencere Seti","tencere-seti","active","YES","YES","Züccaciye & Mutfak","Tencere, Tava & Pişirme Kapları","Tencereler","Standart Tencereler","Züccaciye & Mutfak > Tencere, Tava & Pişirme Kapları > Tencereler > Standart Tencereler","CANDIDATE_NOT_OWNER_FINAL","RENAME","HIGH","EXPLICIT","YES","REGULATED","YES","1","","Züccaciye & Mutfak > Tencere, Tava & Pişirme Kapları","PROVISIONAL_PROPOSAL","UNRESOLVED","PREVIOUS_UNRESOLVED_NOW_CANDIDATE_RESOLVED","Set composition is a facet; the product-type successor is standard cookware, not pressure cookware."
"tava-sahan","3","pisirme-gerecleri","Züccaciye & Mutfak > Pişirme Gereçleri > Tava & Sahan","Tava & Sahan","tava-sahan","active","YES","YES","Züccaciye & Mutfak","Tencere, Tava & Pişirme Kapları","Tavalar & Sahanlar","","Züccaciye & Mutfak > Tencere, Tava & Pişirme Kapları > Tavalar & Sahanlar","CANDIDATE_NOT_OWNER_FINAL","RENAME","HIGH","1,0000","YES","REGULATED","YES","1","","Züccaciye & Mutfak > Tencere, Tava & Pişirme Kapları","PROVISIONAL_PROPOSAL","UNRESOLVED","PREVIOUS_UNRESOLVED_NOW_CANDIDATE_RESOLVED","Wave 32 candidate semantic match; score=1,0000; target remains candidate, not owner-final."
"duduklu-tencere","3","pisirme-gerecleri","Züccaciye & Mutfak > Pişirme Gereçleri > Düdüklü Tencere","Düdüklü Tencere","duduklu-tencere","active","YES","YES","Züccaciye & Mutfak","Tencere, Tava & Pişirme Kapları","Tencereler","Düdüklü Tencereler","Züccaciye & Mutfak > Tencere, Tava & Pişirme Kapları > Tencereler > Düdüklü Tencereler","CANDIDATE_NOT_OWNER_FINAL","RENAME","HIGH","1,0000","YES","REGULATED|safety_critical","YES","1","","Züccaciye & Mutfak > Tencere, Tava & Pişirme Kapları","PROVISIONAL_PROPOSAL","UNRESOLVED","PREVIOUS_UNRESOLVED_NOW_CANDIDATE_RESOLVED","Wave 32 candidate semantic match; score=1,0000; target remains candidate, not owner-final."
"caydanlik-cezve","3","pisirme-gerecleri","Züccaciye & Mutfak > Pişirme Gereçleri > Çaydanlık & Cezve","Çaydanlık & Cezve","caydanlik-cezve","active","YES","YES","Züccaciye & Mutfak","","","","Züccaciye & Mutfak","CANDIDATE_NOT_OWNER_FINAL","SPLIT","HIGH","EXPLICIT","YES","REGULATED","YES","2","Züccaciye & Mutfak > Çay & Kahve Demleme Gereçleri > Çaydanlık || Züccaciye & Mutfak > Çay & Kahve Demleme Gereçleri > Cezve","Züccaciye & Mutfak","PROVISIONAL_PROPOSAL","UNRESOLVED","PREVIOUS_UNRESOLVED_NOW_CANDIDATE_RESOLVED","Legacy combined identity spans multiple explicit Wave 32 candidate successors; product-level split rule is required."
"firin-kabi-tepsi","3","pisirme-gerecleri","Züccaciye & Mutfak > Pişirme Gereçleri > Fırın Kabı & Tepsi","Fırın Kabı & Tepsi","firin-kabi-tepsi","active","YES","YES","Züccaciye & Mutfak","","","","Züccaciye & Mutfak","CANDIDATE_NOT_OWNER_FINAL","SPLIT","HIGH","EXPLICIT","YES","REGULATED","YES","2","Züccaciye & Mutfak > Fırınlama & Pişirme Gereçleri > Fırın Kapları || Züccaciye & Mutfak > Fırınlama & Pişirme Gereçleri > Fırın Tepsileri","Züccaciye & Mutfak > Fırınlama & Pişirme Gereçleri","PROVISIONAL_PROPOSAL","UNRESOLVED","PREVIOUS_UNRESOLVED_NOW_CANDIDATE_RESOLVED","Legacy combined identity spans multiple explicit Wave 32 candidate successors; product-level split rule is required."
"kek-kalibi-pisirme-kalibi","3","pisirme-gerecleri","Züccaciye & Mutfak > Pişirme Gereçleri > Kek Kalıbı & Pişirme Kalıbı","Kek Kalıbı & Pişirme Kalıbı","kek-kalibi-pisirme-kalibi","active","YES","YES","Züccaciye & Mutfak","Fırınlama & Pişirme Gereçleri","Kek & Pasta Kalıpları","","Züccaciye & Mutfak > Fırınlama & Pişirme Gereçleri > Kek & Pasta Kalıpları","CANDIDATE_NOT_OWNER_FINAL","RENAME","HIGH","EXPLICIT","YES","REGULATED","YES","1","","Züccaciye & Mutfak","PROVISIONAL_PROPOSAL","UNRESOLVED","PREVIOUS_UNRESOLVED_NOW_CANDIDATE_RESOLVED","Explicit combined mold successor."
"hazirlik-kesme-gerecleri","2","zuccaciye-mutfak","Züccaciye & Mutfak > Hazırlık & Kesme Gereçleri","Hazırlık & Kesme Gereçleri","hazirlik-kesme-gerecleri","active","NO","NO","Züccaciye & Mutfak","","","","Züccaciye & Mutfak","CANDIDATE_NOT_OWNER_FINAL","SPLIT","HIGH","1.0000","YES","","YES","2","Züccaciye & Mutfak > Mutfak Hazırlık Gereçleri || Züccaciye & Mutfak > Bıçak & Kesme Gereçleri","Züccaciye & Mutfak","PROVISIONAL_PROPOSAL","SPLIT","MATURITY_ONLY","Legacy umbrella spans multiple exact Wave 32 candidate L2 successors; product-level split rule remains required."
"mutfak-bicagi-bicak-seti","3","hazirlik-kesme-gerecleri","Züccaciye & Mutfak > Hazırlık & Kesme Gereçleri > Mutfak Bıçağı & Bıçak Seti","Mutfak Bıçağı & Bıçak Seti","mutfak-bicagi-bicak-seti","active","YES","YES","Züccaciye & Mutfak","Bıçak & Kesme Gereçleri","Mutfak Bıçakları","Şef Bıçağı","Züccaciye & Mutfak > Bıçak & Kesme Gereçleri > Mutfak Bıçakları > Şef Bıçağı","CANDIDATE_NOT_OWNER_FINAL","RENAME","HIGH","1,0000","YES","REGULATED|safety_critical","YES","1","","Züccaciye & Mutfak > Bıçak & Kesme Gereçleri","PROVISIONAL_PROPOSAL","UNRESOLVED","PREVIOUS_UNRESOLVED_NOW_CANDIDATE_RESOLVED","Wave 32 candidate semantic match; score=1,0000; target remains candidate, not owner-final."
"kesme-tahtasi","3","hazirlik-kesme-gerecleri","Züccaciye & Mutfak > Hazırlık & Kesme Gereçleri > Kesme Tahtası","Kesme Tahtası","kesme-tahtasi","active","YES","YES","Züccaciye & Mutfak","Bıçak & Kesme Gereçleri","Kesme Tahtası","","Züccaciye & Mutfak > Bıçak & Kesme Gereçleri > Kesme Tahtası","CANDIDATE_NOT_OWNER_FINAL","KEEP","HIGH","1,0000","YES","REGULATED","NO","1","","Züccaciye & Mutfak > Bıçak & Kesme Gereçleri","PROVISIONAL_PROPOSAL","UNRESOLVED","PREVIOUS_UNRESOLVED_NOW_CANDIDATE_RESOLVED","Wave 32 candidate semantic match; score=1,0000; target remains candidate, not owner-final."
"rende-soyacak-dilimleyici","3","hazirlik-kesme-gerecleri","Züccaciye & Mutfak > Hazırlık & Kesme Gereçleri > Rende, Soyacak & Dilimleyici","Rende, Soyacak & Dilimleyici","rende-soyacak-dilimleyici","active","YES","YES","Züccaciye & Mutfak","Mutfak Hazırlık Gereçleri","Rende, Soyacak & Dilimleyici","","Züccaciye & Mutfak > Mutfak Hazırlık Gereçleri > Rende, Soyacak & Dilimleyici","CANDIDATE_NOT_OWNER_FINAL","KEEP","HIGH","1,0000","YES","REGULATED","NO","1","","Züccaciye & Mutfak > Mutfak Hazırlık Gereçleri","PROVISIONAL_PROPOSAL","UNRESOLVED","PREVIOUS_UNRESOLVED_NOW_CANDIDATE_RESOLVED","Wave 32 candidate semantic match; score=1,0000; target remains candidate, not owner-final."
"karistirma-kabi-olcu-gereci","3","hazirlik-kesme-gerecleri","Züccaciye & Mutfak > Hazırlık & Kesme Gereçleri > Karıştırma Kabı & Ölçü Gereci","Karıştırma Kabı & Ölçü Gereci","karistirma-kabi-olcu-gereci","active","YES","YES","Züccaciye & Mutfak","","","","Züccaciye & Mutfak","CANDIDATE_NOT_OWNER_FINAL","SPLIT","HIGH","EXPLICIT","YES","REGULATED","YES","2","Züccaciye & Mutfak > Mutfak Hazırlık Gereçleri > Karıştırma Kabı || Züccaciye & Mutfak > Mutfak Hazırlık Gereçleri > Ölçü Gereçleri","Züccaciye & Mutfak > Mutfak Hazırlık Gereçleri","PROVISIONAL_PROPOSAL","UNRESOLVED","PREVIOUS_UNRESOLVED_NOW_CANDIDATE_RESOLVED","Legacy combined identity spans multiple explicit Wave 32 candidate successors; product-level split rule is required."
"mutfak-el-aleti","3","hazirlik-kesme-gerecleri","Züccaciye & Mutfak > Hazırlık & Kesme Gereçleri > Mutfak El Aleti","Mutfak El Aleti","mutfak-el-aleti","active","YES","YES","Züccaciye & Mutfak","Mutfak Hazırlık Gereçleri","Spatula, Çırpıcı & Karıştırıcı","","Züccaciye & Mutfak > Mutfak Hazırlık Gereçleri > Spatula, Çırpıcı & Karıştırıcı","CANDIDATE_NOT_OWNER_FINAL","RENAME","HIGH","0,9000","YES","REGULATED","YES","1","","Züccaciye & Mutfak > Mutfak Hazırlık Gereçleri","PROVISIONAL_PROPOSAL","UNRESOLVED","PREVIOUS_UNRESOLVED_NOW_CANDIDATE_RESOLVED","Wave 32 candidate semantic match; score=0,9000; target remains candidate, not owner-final."
"sofra-servis","2","zuccaciye-mutfak","Züccaciye & Mutfak > Sofra & Servis","Sofra & Servis","sofra-servis","active","NO","NO","Züccaciye & Mutfak","","","","Züccaciye & Mutfak","CANDIDATE_NOT_OWNER_FINAL","SPLIT","HIGH","1.0000","YES","","YES","3","Züccaciye & Mutfak > Sofra & Yemek Takımları || Züccaciye & Mutfak > Çatal, Kaşık & Servis Gereçleri || Züccaciye & Mutfak > Mutfak Tekstili","Züccaciye & Mutfak","PROVISIONAL_PROPOSAL","SPLIT","MATURITY_ONLY","Legacy umbrella spans multiple exact Wave 32 candidate L2 successors; product-level split rule remains required."
"yemek-takimi","3","sofra-servis","Züccaciye & Mutfak > Sofra & Servis > Yemek Takımı","Yemek Takımı","yemek-takimi","active","YES","YES","Züccaciye & Mutfak","Sofra & Yemek Takımları","Yemek & Kahvaltı Takımları","","Züccaciye & Mutfak > Sofra & Yemek Takımları > Yemek & Kahvaltı Takımları","CANDIDATE_NOT_OWNER_FINAL","RENAME","MEDIUM","0,8600","YES","REGULATED","YES","1","","Züccaciye & Mutfak > Sofra & Yemek Takımları","PROVISIONAL_PROPOSAL","UNRESOLVED","PREVIOUS_UNRESOLVED_NOW_CANDIDATE_RESOLVED","Wave 32 candidate semantic match; score=0,8600; target remains candidate, not owner-final."
"tabak-kase","3","sofra-servis","Züccaciye & Mutfak > Sofra & Servis > Tabak & Kase","Tabak & Kase","tabak-kase","active","YES","YES","Züccaciye & Mutfak","","","","Züccaciye & Mutfak","CANDIDATE_NOT_OWNER_FINAL","SPLIT","HIGH","EXPLICIT","YES","REGULATED","YES","2","Züccaciye & Mutfak > Sofra & Yemek Takımları > Tabaklar || Züccaciye & Mutfak > Sofra & Yemek Takımları > Kaseler","Züccaciye & Mutfak > Çatal, Kaşık & Servis Gereçleri","PROVISIONAL_PROPOSAL","UNRESOLVED","PREVIOUS_UNRESOLVED_NOW_CANDIDATE_RESOLVED","Legacy combined identity spans multiple explicit Wave 32 candidate successors; product-level split rule is required."
"catal-kasik-bicak-takimi","3","sofra-servis","Züccaciye & Mutfak > Sofra & Servis > Çatal, Kaşık & Bıçak Takımı","Çatal, Kaşık & Bıçak Takımı","catal-kasik-bicak-takimi","active","YES","YES","Züccaciye & Mutfak","Çatal, Kaşık & Servis Gereçleri","Sofra Çatal, Kaşık & Bıçakları","","Züccaciye & Mutfak > Çatal, Kaşık & Servis Gereçleri > Sofra Çatal, Kaşık & Bıçakları","CANDIDATE_NOT_OWNER_FINAL","RENAME","MEDIUM","0,8100","YES","REGULATED","YES","1","","Züccaciye & Mutfak > Çatal, Kaşık & Servis Gereçleri","PROVISIONAL_PROPOSAL","UNRESOLVED","PREVIOUS_UNRESOLVED_NOW_CANDIDATE_RESOLVED","Wave 32 candidate semantic match; score=0,8100; target remains candidate, not owner-final."
"servis-tabagi-sunum-gereci","3","sofra-servis","Züccaciye & Mutfak > Sofra & Servis > Servis Tabağı & Sunum Gereci","Servis Tabağı & Sunum Gereci","servis-tabagi-sunum-gereci","active","YES","YES","Züccaciye & Mutfak","","","","Züccaciye & Mutfak","CANDIDATE_NOT_OWNER_FINAL","SPLIT","HIGH","EXPLICIT","YES","REGULATED","YES","2","Züccaciye & Mutfak > Sofra & Yemek Takımları > Sosluk & Sunum Kapları || Züccaciye & Mutfak > Çatal, Kaşık & Servis Gereçleri > Tepsi & Nihale","Züccaciye & Mutfak > Çatal, Kaşık & Servis Gereçleri","PROVISIONAL_PROPOSAL","UNRESOLVED","PREVIOUS_UNRESOLVED_NOW_CANDIDATE_RESOLVED","Legacy combined identity spans multiple explicit Wave 32 candidate successors; product-level split rule is required."
"tepsi","3","sofra-servis","Züccaciye & Mutfak > Sofra & Servis > Tepsi","Tepsi","tepsi","active","YES","YES","Züccaciye & Mutfak","Çatal, Kaşık & Servis Gereçleri","Tepsi & Nihale","","Züccaciye & Mutfak > Çatal, Kaşık & Servis Gereçleri > Tepsi & Nihale","CANDIDATE_NOT_OWNER_FINAL","RENAME","HIGH","0,9000","YES","REGULATED","YES","1","","Züccaciye & Mutfak > Çatal, Kaşık & Servis Gereçleri","PROVISIONAL_PROPOSAL","UNRESOLVED","PREVIOUS_UNRESOLVED_NOW_CANDIDATE_RESOLVED","Wave 32 candidate semantic match; score=0,9000; target remains candidate, not owner-final."
"bardak-icecek-servisi","2","zuccaciye-mutfak","Züccaciye & Mutfak > Bardak & İçecek Servisi","Bardak & İçecek Servisi","bardak-icecek-servisi","active","NO","NO","Züccaciye & Mutfak","","","","Züccaciye & Mutfak","CANDIDATE_NOT_OWNER_FINAL","SPLIT","HIGH","1.0000","YES","","YES","2","Züccaciye & Mutfak > Bardak, Kupa & İçecek Servisi || Züccaciye & Mutfak > Çay & Kahve Demleme Gereçleri","Züccaciye & Mutfak","PROVISIONAL_PROPOSAL","SPLIT","MATURITY_ONLY","Legacy umbrella spans multiple exact Wave 32 candidate L2 successors; product-level split rule remains required."
"su-mesrubat-bardagi","3","bardak-icecek-servisi","Züccaciye & Mutfak > Bardak & İçecek Servisi > Su & Meşrubat Bardağı","Su & Meşrubat Bardağı","su-mesrubat-bardagi","active","YES","YES","Züccaciye & Mutfak","Bardak, Kupa & İçecek Servisi","Su & Meşrubat Bardakları","","Züccaciye & Mutfak > Bardak, Kupa & İçecek Servisi > Su & Meşrubat Bardakları","CANDIDATE_NOT_OWNER_FINAL","RENAME_AND_MOVE","MEDIUM","0,6867","YES","REGULATED","YES","1","","Züccaciye & Mutfak","PROVISIONAL_PROPOSAL","UNRESOLVED","PREVIOUS_UNRESOLVED_NOW_CANDIDATE_RESOLVED","Wave 32 candidate semantic match; score=0,6867; target remains candidate, not owner-final."
"cay-bardagi-fincan","3","bardak-icecek-servisi","Züccaciye & Mutfak > Bardak & İçecek Servisi > Çay Bardağı & Fincan","Çay Bardağı & Fincan","cay-bardagi-fincan","active","YES","YES","Züccaciye & Mutfak","Bardak, Kupa & İçecek Servisi","Çay Bardağı & Fincan","","Züccaciye & Mutfak > Bardak, Kupa & İçecek Servisi > Çay Bardağı & Fincan","CANDIDATE_NOT_OWNER_FINAL","MOVE","HIGH","EXPLICIT","YES","REGULATED","YES","1","","Züccaciye & Mutfak > Çay & Kahve Demleme Gereçleri","PROVISIONAL_PROPOSAL","UNRESOLVED","PREVIOUS_UNRESOLVED_NOW_CANDIDATE_RESOLVED","Corrects a false coffee-grinder suggestion; exact serving-vessel candidate exists."
"kupa","3","bardak-icecek-servisi","Züccaciye & Mutfak > Bardak & İçecek Servisi > Kupa","Kupa","kupa","active","YES","YES","Züccaciye & Mutfak","Bardak, Kupa & İçecek Servisi","Kupa","","Züccaciye & Mutfak > Bardak, Kupa & İçecek Servisi > Kupa","CANDIDATE_NOT_OWNER_FINAL","KEEP","HIGH","1,0000","YES","REGULATED","NO","1","","Züccaciye & Mutfak > Bardak, Kupa & İçecek Servisi","PROVISIONAL_PROPOSAL","UNRESOLVED","PREVIOUS_UNRESOLVED_NOW_CANDIDATE_RESOLVED","Wave 32 candidate semantic match; score=1,0000; target remains candidate, not owner-final."
"surahi-karaf","3","bardak-icecek-servisi","Züccaciye & Mutfak > Bardak & İçecek Servisi > Sürahi & Karaf","Sürahi & Karaf","surahi-karaf","active","YES","YES","Züccaciye & Mutfak","Bardak, Kupa & İçecek Servisi","Sürahi & Karaf","","Züccaciye & Mutfak > Bardak, Kupa & İçecek Servisi > Sürahi & Karaf","CANDIDATE_NOT_OWNER_FINAL","MOVE","HIGH","1,0000","YES","REGULATED","YES","1","","Züccaciye & Mutfak","PROVISIONAL_PROPOSAL","UNRESOLVED","PREVIOUS_UNRESOLVED_NOW_CANDIDATE_RESOLVED","Wave 32 candidate semantic match; score=1,0000; target remains candidate, not owner-final."
"termos","3","bardak-icecek-servisi","Züccaciye & Mutfak > Bardak & İçecek Servisi > Termos","Termos","termos","active","YES","YES","Züccaciye & Mutfak","Termos, Matara & Yiyecek Taşıma","Termos","","Züccaciye & Mutfak > Termos, Matara & Yiyecek Taşıma > Termos","CANDIDATE_NOT_OWNER_FINAL","KEEP","HIGH","EXPLICIT","YES","REGULATED","NO","1","","Züccaciye & Mutfak > Bardak, Kupa & İçecek Servisi","PROVISIONAL_PROPOSAL","UNRESOLVED","PREVIOUS_UNRESOLVED_NOW_CANDIDATE_RESOLVED","Exact candidate successor."
"mutfak-saklama-duzenleme","2","zuccaciye-mutfak","Züccaciye & Mutfak > Mutfak Saklama & Düzenleme","Mutfak Saklama & Düzenleme","mutfak-saklama-duzenleme","active","NO","NO","Züccaciye & Mutfak","","","","Züccaciye & Mutfak","CANDIDATE_NOT_OWNER_FINAL","SPLIT","HIGH","1.0000","YES","","YES","2","Züccaciye & Mutfak > Saklama & Mutfak Düzenleme || Züccaciye & Mutfak > Termos, Matara & Yiyecek Taşıma","Züccaciye & Mutfak","PROVISIONAL_PROPOSAL","SPLIT","MATURITY_ONLY","Legacy umbrella spans multiple exact Wave 32 candidate L2 successors; product-level split rule remains required."
"saklama-kabi","3","mutfak-saklama-duzenleme","Züccaciye & Mutfak > Mutfak Saklama & Düzenleme > Saklama Kabı","Saklama Kabı","saklama-kabi","active","YES","YES","Züccaciye & Mutfak","Saklama & Mutfak Düzenleme","Kavanozlar","","Züccaciye & Mutfak > Saklama & Mutfak Düzenleme > Kavanozlar","CANDIDATE_NOT_OWNER_FINAL","RENAME","HIGH","1,0000","YES","REGULATED","YES","1","","Züccaciye & Mutfak > Saklama & Mutfak Düzenleme","PROVISIONAL_PROPOSAL","UNRESOLVED","PREVIOUS_UNRESOLVED_NOW_CANDIDATE_RESOLVED","Wave 32 candidate semantic match; score=1,0000; target remains candidate, not owner-final."
"baharatlik-yaglik","3","mutfak-saklama-duzenleme","Züccaciye & Mutfak > Mutfak Saklama & Düzenleme > Baharatlık & Yağlık","Baharatlık & Yağlık","baharatlik-yaglik","active","YES","YES","Züccaciye & Mutfak","Saklama & Mutfak Düzenleme","Baharatlık, Yağlık & Sirkelik","","Züccaciye & Mutfak > Saklama & Mutfak Düzenleme > Baharatlık, Yağlık & Sirkelik","CANDIDATE_NOT_OWNER_FINAL","RENAME_AND_MOVE","MEDIUM","0,8600","YES","REGULATED","YES","1","","Züccaciye & Mutfak","PROVISIONAL_PROPOSAL","UNRESOLVED","PREVIOUS_UNRESOLVED_NOW_CANDIDATE_RESOLVED","Wave 32 candidate semantic match; score=0,8600; target remains candidate, not owner-final."
"beslenme-kutusu","3","mutfak-saklama-duzenleme","Züccaciye & Mutfak > Mutfak Saklama & Düzenleme > Beslenme Kutusu","Beslenme Kutusu","beslenme-kutusu","active","YES","YES","Züccaciye & Mutfak","Termos, Matara & Yiyecek Taşıma","Beslenme Kutusu","","Züccaciye & Mutfak > Termos, Matara & Yiyecek Taşıma > Beslenme Kutusu","CANDIDATE_NOT_OWNER_FINAL","KEEP","HIGH","1,0000","YES","REGULATED","NO","1","","Züccaciye & Mutfak > Termos, Matara & Yiyecek Taşıma","PROVISIONAL_PROPOSAL","UNRESOLVED","PREVIOUS_UNRESOLVED_NOW_CANDIDATE_RESOLVED","Wave 32 candidate semantic match; score=1,0000; target remains candidate, not owner-final."
"mutfak-rafi-duzenleyici","3","mutfak-saklama-duzenleme","Züccaciye & Mutfak > Mutfak Saklama & Düzenleme > Mutfak Rafı & Düzenleyici","Mutfak Rafı & Düzenleyici","mutfak-rafi-duzenleyici","active","YES","YES","Züccaciye & Mutfak","Saklama & Mutfak Düzenleme","Mutfak Düzenleyiciler","","Züccaciye & Mutfak > Saklama & Mutfak Düzenleme > Mutfak Düzenleyiciler","CANDIDATE_NOT_OWNER_FINAL","RENAME","MEDIUM","0,8600","YES","","YES","1","","Züccaciye & Mutfak > Saklama & Mutfak Düzenleme","PROVISIONAL_PROPOSAL","UNRESOLVED","PREVIOUS_UNRESOLVED_NOW_CANDIDATE_RESOLVED","Wave 32 candidate semantic match; score=0,8600; target remains candidate, not owner-final."
"buz-kalibi-sogutucu-canta","3","mutfak-saklama-duzenleme","Züccaciye & Mutfak > Mutfak Saklama & Düzenleme > Buz Kalıbı & Soğutucu Çanta","Buz Kalıbı & Soğutucu Çanta","buz-kalibi-sogutucu-canta","active","YES","YES","Züccaciye & Mutfak","Termos, Matara & Yiyecek Taşıma","Tüketici Tipi Soğutucu Çanta","","Züccaciye & Mutfak > Termos, Matara & Yiyecek Taşıma > Tüketici Tipi Soğutucu Çanta","CANDIDATE_NOT_OWNER_FINAL","UNRESOLVED","LOW","MANUAL","YES","REGULATED","YES","0","","Züccaciye & Mutfak","PROVISIONAL_PROPOSAL","UNRESOLVED","TARGET_CHANGED","Candidate covers consumer cooler bags but has no ice-mold successor."
"yapi-hirdavat","1","","Yapı & Hırdavat","Yapı & Hırdavat","yapi-hirdavat","active","NO","NO","Yapı, Hırdavat & Tesisat","","","","Yapı, Hırdavat & Tesisat","CANONICAL_FINAL","RENAME","HIGH","","NO","","YES","1","","Yapı, Hırdavat & Tesisat","CANONICAL_FINAL","RENAME","UNCHANGED_FINAL_ANCHOR",""
"el-aletleri","2","yapi-hirdavat","Yapı & Hırdavat > El Aletleri","El Aletleri","el-aletleri","active","NO","NO","Yapı, Hırdavat & Tesisat","","","","Yapı, Hırdavat & Tesisat","CANDIDATE_NOT_OWNER_FINAL","SPLIT","HIGH","1.0000","YES","","YES","2","Yapı, Hırdavat & Tesisat > El Aletleri & Atölye Ekipmanları || Yapı, Hırdavat & Tesisat > Ölçüm, Test & İşaretleme","Yapı, Hırdavat & Tesisat","PROVISIONAL_PROPOSAL","SPLIT","MATURITY_ONLY","Legacy umbrella spans multiple exact Wave 32 candidate L2 successors; product-level split rule remains required."
"tornavida-anahtar","3","el-aletleri","Yapı & Hırdavat > El Aletleri > Tornavida & Anahtar","Tornavida & Anahtar","tornavida-anahtar","active","YES","YES","Yapı, Hırdavat & Tesisat","El Aletleri & Atölye Ekipmanları","Tornavida & Anahtarlar","","Yapı, Hırdavat & Tesisat > El Aletleri & Atölye Ekipmanları > Tornavida & Anahtarlar","CANDIDATE_NOT_OWNER_FINAL","RENAME_AND_MOVE","HIGH","1,0000","YES","","YES","1","","Yapı, Hırdavat & Tesisat","PROVISIONAL_PROPOSAL","UNRESOLVED","PREVIOUS_UNRESOLVED_NOW_CANDIDATE_RESOLVED","Wave 32 candidate semantic match; score=1,0000; target remains candidate, not owner-final."
"pense-kerpeten-kesici","3","el-aletleri","Yapı & Hırdavat > El Aletleri > Pense, Kerpeten & Kesici","Pense, Kerpeten & Kesici","pense-kerpeten-kesici","active","YES","YES","Yapı, Hırdavat & Tesisat","El Aletleri & Atölye Ekipmanları","Pense, Kerpeten & Kesiciler","","Yapı, Hırdavat & Tesisat > El Aletleri & Atölye Ekipmanları > Pense, Kerpeten & Kesiciler","CANDIDATE_NOT_OWNER_FINAL","RENAME_AND_MOVE","HIGH","1,0000","YES","","YES","1","","Yapı, Hırdavat & Tesisat","PROVISIONAL_PROPOSAL","UNRESOLVED","PREVIOUS_UNRESOLVED_NOW_CANDIDATE_RESOLVED","Wave 32 candidate semantic match; score=1,0000; target remains candidate, not owner-final."
"cekic-tokmak","3","el-aletleri","Yapı & Hırdavat > El Aletleri > Çekiç & Tokmak","Çekiç & Tokmak","cekic-tokmak","active","YES","YES","Yapı, Hırdavat & Tesisat","El Aletleri & Atölye Ekipmanları","Çekiç & Tokmaklar","","Yapı, Hırdavat & Tesisat > El Aletleri & Atölye Ekipmanları > Çekiç & Tokmaklar","CANDIDATE_NOT_OWNER_FINAL","RENAME_AND_MOVE","HIGH","1,0000","YES","","YES","1","","Yapı, Hırdavat & Tesisat","PROVISIONAL_PROPOSAL","UNRESOLVED","PREVIOUS_UNRESOLVED_NOW_CANDIDATE_RESOLVED","Wave 32 candidate semantic match; score=1,0000; target remains candidate, not owner-final."
"olcum-isaretleme-aleti","3","el-aletleri","Yapı & Hırdavat > El Aletleri > Ölçüm & İşaretleme Aleti","Ölçüm & İşaretleme Aleti","olcum-isaretleme-aleti","active","YES","YES","Yapı, Hırdavat & Tesisat","","","","Yapı, Hırdavat & Tesisat","CANDIDATE_NOT_OWNER_FINAL","SPLIT","HIGH","EXPLICIT","YES","","YES","2","Yapı, Hırdavat & Tesisat > Ölçüm, Test & İşaretleme > Boyut & Açı Ölçümü || Yapı, Hırdavat & Tesisat > Ölçüm, Test & İşaretleme > İşaretleme Gereçleri","Yapı, Hırdavat & Tesisat > Ölçüm, Test & İşaretleme","PROVISIONAL_PROPOSAL","UNRESOLVED","PREVIOUS_UNRESOLVED_NOW_CANDIDATE_RESOLVED","Legacy combined identity spans multiple explicit Wave 32 candidate successors; product-level split rule is required."
"testere-egeleme-aleti","3","el-aletleri","Yapı & Hırdavat > El Aletleri > Testere & Eğeleme Aleti","Testere & Eğeleme Aleti","testere-egeleme-aleti","active","YES","YES","Yapı, Hırdavat & Tesisat","El Aletleri & Atölye Ekipmanları","El Testeresi, Eğe & Raspalar","","Yapı, Hırdavat & Tesisat > El Aletleri & Atölye Ekipmanları > El Testeresi, Eğe & Raspalar","CANDIDATE_NOT_OWNER_FINAL","RENAME","HIGH","EXPLICIT","YES","REGULATED","YES","1","","Yapı, Hırdavat & Tesisat > Ölçüm, Test & İşaretleme","PROVISIONAL_PROPOSAL","UNRESOLVED","PREVIOUS_UNRESOLVED_NOW_CANDIDATE_RESOLVED","Exact candidate aggregate preserves the legacy combined intent."
"elektrikli-el-aletleri","2","yapi-hirdavat","Yapı & Hırdavat > Elektrikli El Aletleri","Elektrikli El Aletleri","elektrikli-el-aletleri","active","NO","NO","Yapı, Hırdavat & Tesisat","","","","Yapı, Hırdavat & Tesisat","CANDIDATE_NOT_OWNER_FINAL","SPLIT","HIGH","1.0000","YES","","YES","2","Yapı, Hırdavat & Tesisat > Elektrikli & Akülü El Aletleri || Yapı, Hırdavat & Tesisat > Alet Uçları, Aksesuarları & Sarfları","Yapı, Hırdavat & Tesisat","PROVISIONAL_PROPOSAL","SPLIT","MATURITY_ONLY","Legacy umbrella spans multiple exact Wave 32 candidate L2 successors; product-level split rule remains required."
"matkap-vidalama","3","elektrikli-el-aletleri","Yapı & Hırdavat > Elektrikli El Aletleri > Matkap & Vidalama","Matkap & Vidalama","matkap-vidalama","active","YES","YES","Yapı, Hırdavat & Tesisat","Elektrikli & Akülü El Aletleri","Matkap & Vidalama","","Yapı, Hırdavat & Tesisat > Elektrikli & Akülü El Aletleri > Matkap & Vidalama","CANDIDATE_NOT_OWNER_FINAL","MOVE","HIGH","1,0000","YES","REGULATED|safety_critical","YES","1","","Yapı, Hırdavat & Tesisat","PROVISIONAL_PROPOSAL","UNRESOLVED","PREVIOUS_UNRESOLVED_NOW_CANDIDATE_RESOLVED","Wave 32 candidate semantic match; score=1,0000; target remains candidate, not owner-final."
"taslama-polisaj","3","elektrikli-el-aletleri","Yapı & Hırdavat > Elektrikli El Aletleri > Taşlama & Polisaj","Taşlama & Polisaj","taslama-polisaj","active","YES","YES","Yapı, Hırdavat & Tesisat","Elektrikli & Akülü El Aletleri","Taşlama & Polisaj","","Yapı, Hırdavat & Tesisat > Elektrikli & Akülü El Aletleri > Taşlama & Polisaj","CANDIDATE_NOT_OWNER_FINAL","MOVE","HIGH","1,0000","YES","REGULATED|safety_critical","YES","1","","Yapı, Hırdavat & Tesisat","PROVISIONAL_PROPOSAL","UNRESOLVED","PREVIOUS_UNRESOLVED_NOW_CANDIDATE_RESOLVED","Wave 32 candidate semantic match; score=1,0000; target remains candidate, not owner-final."
"elektrikli-testere","3","elektrikli-el-aletleri","Yapı & Hırdavat > Elektrikli El Aletleri > Elektrikli Testere","Elektrikli Testere","elektrikli-testere","active","YES","YES","Yapı, Hırdavat & Tesisat","Elektrikli & Akülü El Aletleri","Elektrikli Testereler","","Yapı, Hırdavat & Tesisat > Elektrikli & Akülü El Aletleri > Elektrikli Testereler","CANDIDATE_NOT_OWNER_FINAL","RENAME","HIGH","1,0000","YES","REGULATED|safety_critical","YES","1","","Yapı, Hırdavat & Tesisat > Elektrikli & Akülü El Aletleri","PROVISIONAL_PROPOSAL","UNRESOLVED","PREVIOUS_UNRESOLVED_NOW_CANDIDATE_RESOLVED","Wave 32 candidate semantic match; score=1,0000; target remains candidate, not owner-final."
"zimpara-makinesi","3","elektrikli-el-aletleri","Yapı & Hırdavat > Elektrikli El Aletleri > Zımpara Makinesi","Zımpara Makinesi","zimpara-makinesi","active","YES","YES","Yapı, Hırdavat & Tesisat","Elektrikli & Akülü El Aletleri","Zımpara Makineleri","","Yapı, Hırdavat & Tesisat > Elektrikli & Akülü El Aletleri > Zımpara Makineleri","CANDIDATE_NOT_OWNER_FINAL","RENAME_AND_MOVE","HIGH","1,0000","YES","REGULATED|safety_critical","YES","1","","Yapı, Hırdavat & Tesisat","PROVISIONAL_PROPOSAL","UNRESOLVED","PREVIOUS_UNRESOLVED_NOW_CANDIDATE_RESOLVED","Wave 32 candidate semantic match; score=1,0000; target remains candidate, not owner-final."
"kaynak-lehim-ekipmani","3","elektrikli-el-aletleri","Yapı & Hırdavat > Elektrikli El Aletleri > Kaynak & Lehim Ekipmanı","Kaynak & Lehim Ekipmanı","kaynak-lehim-ekipmani","active","YES","YES","Yapı, Hırdavat & Tesisat","","","","Yapı, Hırdavat & Tesisat","CANDIDATE_NOT_OWNER_FINAL","SPLIT","HIGH","EXPLICIT","YES","REGULATED|REGULATED|REGULATED|safety_critical","YES","2","Yapı, Hırdavat & Tesisat > Kaynak, Lehim & Metal İşleme > Kaynak Makineleri || Yapı, Hırdavat & Tesisat > Kaynak, Lehim & Metal İşleme > Lehimleme Ekipmanları","Yapı, Hırdavat & Tesisat","PROVISIONAL_PROPOSAL","UNRESOLVED","PREVIOUS_UNRESOLVED_NOW_CANDIDATE_RESOLVED","Legacy combined identity spans multiple explicit Wave 32 candidate successors; product-level split rule is required."
"baglanti-kilit-yapi-sarfi","2","yapi-hirdavat","Yapı & Hırdavat > Bağlantı, Kilit & Yapı Sarfı","Bağlantı, Kilit & Yapı Sarfı","baglanti-kilit-yapi-sarfi","active","NO","NO","Yapı, Hırdavat & Tesisat","","","","Yapı, Hırdavat & Tesisat","CANDIDATE_NOT_OWNER_FINAL","SPLIT","HIGH","1.0000","YES","","YES","3","Yapı, Hırdavat & Tesisat > Alet Uçları, Aksesuarları & Sarfları || Yapı, Hırdavat & Tesisat > Bağlantı Elemanları & Nalburiye || Yapı, Hırdavat & Tesisat > Kilit, Kapı & Pencere Donanımları","Yapı, Hırdavat & Tesisat","PROVISIONAL_PROPOSAL","SPLIT","MATURITY_ONLY","Legacy umbrella spans multiple exact Wave 32 candidate L2 successors; product-level split rule remains required."
"vida-civi-dubel","3","baglanti-kilit-yapi-sarfi","Yapı & Hırdavat > Bağlantı, Kilit & Yapı Sarfı > Vida, Çivi & Dübel","Vida, Çivi & Dübel","vida-civi-dubel","active","YES","YES","Yapı, Hırdavat & Tesisat","Bağlantı Elemanları & Nalburiye","Vida, Çivi & Dübel","","Yapı, Hırdavat & Tesisat > Bağlantı Elemanları & Nalburiye > Vida, Çivi & Dübel","CANDIDATE_NOT_OWNER_FINAL","KEEP","HIGH","1,0000","YES","","NO","1","","Yapı, Hırdavat & Tesisat > Bağlantı Elemanları & Nalburiye","PROVISIONAL_PROPOSAL","UNRESOLVED","PREVIOUS_UNRESOLVED_NOW_CANDIDATE_RESOLVED","Wave 32 candidate semantic match; score=1,0000; target remains candidate, not owner-final."
"somun-civata-rondela","3","baglanti-kilit-yapi-sarfi","Yapı & Hırdavat > Bağlantı, Kilit & Yapı Sarfı > Somun, Civata & Rondela","Somun, Civata & Rondela","somun-civata-rondela","active","YES","YES","Yapı, Hırdavat & Tesisat","Bağlantı Elemanları & Nalburiye","Somun, Cıvata & Rondela","","Yapı, Hırdavat & Tesisat > Bağlantı Elemanları & Nalburiye > Somun, Cıvata & Rondela","CANDIDATE_NOT_OWNER_FINAL","KEEP","HIGH","1,0000","YES","","NO","1","","Yapı, Hırdavat & Tesisat > Bağlantı Elemanları & Nalburiye","PROVISIONAL_PROPOSAL","UNRESOLVED","PREVIOUS_UNRESOLVED_NOW_CANDIDATE_RESOLVED","Wave 32 candidate semantic match; score=1,0000; target remains candidate, not owner-final."
"kapi-kilidi-silindir","3","baglanti-kilit-yapi-sarfi","Yapı & Hırdavat > Bağlantı, Kilit & Yapı Sarfı > Kapı Kilidi & Silindir","Kapı Kilidi & Silindir","kapi-kilidi-silindir","active","YES","YES","Yapı, Hırdavat & Tesisat","Kilit, Kapı & Pencere Donanımları","Mekanik Kilit & Silindir","","Yapı, Hırdavat & Tesisat > Kilit, Kapı & Pencere Donanımları > Mekanik Kilit & Silindir","CANDIDATE_NOT_OWNER_FINAL","RENAME","HIGH","EXPLICIT","YES","REGULATED","YES","1","","Yapı, Hırdavat & Tesisat > Kilit, Kapı & Pencere Donanımları","PROVISIONAL_PROPOSAL","UNRESOLVED","PREVIOUS_UNRESOLVED_NOW_CANDIDATE_RESOLVED","Explicit lock/cylinder aggregate."
"mentese-ray-mobilya-donanimi","3","baglanti-kilit-yapi-sarfi","Yapı & Hırdavat > Bağlantı, Kilit & Yapı Sarfı > Menteşe, Ray & Mobilya Donanımı","Menteşe, Ray & Mobilya Donanımı","mentese-ray-mobilya-donanimi","active","YES","YES","Yapı, Hırdavat & Tesisat","","","","Yapı, Hırdavat & Tesisat","CANDIDATE_NOT_OWNER_FINAL","SPLIT","HIGH","EXPLICIT","YES","REGULATED","YES","2","Yapı, Hırdavat & Tesisat > Kilit, Kapı & Pencere Donanımları > Menteşe || Yapı, Hırdavat & Tesisat > Kilit, Kapı & Pencere Donanımları > Ray & Kapatma Mekanizmaları","Yapı, Hırdavat & Tesisat > Kilit, Kapı & Pencere Donanımları","PROVISIONAL_PROPOSAL","UNRESOLVED","PREVIOUS_UNRESOLVED_NOW_CANDIDATE_RESOLVED","Legacy combined identity spans multiple explicit Wave 32 candidate successors; product-level split rule is required."
"halat-zincir-kanca","3","baglanti-kilit-yapi-sarfi","Yapı & Hırdavat > Bağlantı, Kilit & Yapı Sarfı > Halat, Zincir & Kanca","Halat, Zincir & Kanca","halat-zincir-kanca","active","YES","YES","Yapı, Hırdavat & Tesisat","Bağlantı Elemanları & Nalburiye","Halat, Zincir & Kanca","","Yapı, Hırdavat & Tesisat > Bağlantı Elemanları & Nalburiye > Halat, Zincir & Kanca","CANDIDATE_NOT_OWNER_FINAL","MOVE","HIGH","1,0000","YES","","YES","1","","Yapı, Hırdavat & Tesisat","PROVISIONAL_PROPOSAL","UNRESOLVED","PREVIOUS_UNRESOLVED_NOW_CANDIDATE_RESOLVED","Wave 32 candidate semantic match; score=1,0000; target remains candidate, not owner-final."
"boya-yapistirici-kimyasal","2","yapi-hirdavat","Yapı & Hırdavat > Boya, Yapıştırıcı & Kimyasal","Boya, Yapıştırıcı & Kimyasal","boya-yapistirici-kimyasal","active","NO","NO","Yapı, Hırdavat & Tesisat","","","","Yapı, Hırdavat & Tesisat","CANDIDATE_NOT_OWNER_FINAL","SPLIT","HIGH","1.0000","YES","","YES","2","Yapı, Hırdavat & Tesisat > Boya, Kaplama & Yüzey Hazırlama || Yapı, Hırdavat & Tesisat > Yapıştırıcı, Dolgu & Yapı Kimyasalları","Yapı, Hırdavat & Tesisat","PROVISIONAL_PROPOSAL","SPLIT","MATURITY_ONLY","Legacy umbrella spans multiple exact Wave 32 candidate L2 successors; product-level split rule remains required."
"ic-dis-cephe-boyasi","3","boya-yapistirici-kimyasal","Yapı & Hırdavat > Boya, Yapıştırıcı & Kimyasal > İç & Dış Cephe Boyası","İç & Dış Cephe Boyası","ic-dis-cephe-boyasi","active","YES","YES","Yapı, Hırdavat & Tesisat","Boya, Kaplama & Yüzey Hazırlama","Boyalar","Duvar Boyası","Yapı, Hırdavat & Tesisat > Boya, Kaplama & Yüzey Hazırlama > Boyalar > Duvar Boyası","CANDIDATE_NOT_OWNER_FINAL","RENAME","HIGH","1,0000","YES","hazmat_review|REGULATED","YES","1","","Yapı, Hırdavat & Tesisat > Boya, Kaplama & Yüzey Hazırlama","PROVISIONAL_PROPOSAL","UNRESOLVED","PREVIOUS_UNRESOLVED_NOW_CANDIDATE_RESOLVED","Wave 32 candidate semantic match; score=1,0000; target remains candidate, not owner-final."
"ahsap-metal-boyasi","3","boya-yapistirici-kimyasal","Yapı & Hırdavat > Boya, Yapıştırıcı & Kimyasal > Ahşap & Metal Boyası","Ahşap & Metal Boyası","ahsap-metal-boyasi","active","YES","YES","Yapı, Hırdavat & Tesisat","Boya, Kaplama & Yüzey Hazırlama","Boyalar","Ahşap & Metal Boyası","Yapı, Hırdavat & Tesisat > Boya, Kaplama & Yüzey Hazırlama > Boyalar > Ahşap & Metal Boyası","CANDIDATE_NOT_OWNER_FINAL","KEEP","HIGH","1,0000","YES","hazmat_review|REGULATED","NO","1","","Yapı, Hırdavat & Tesisat > Boya, Kaplama & Yüzey Hazırlama","PROVISIONAL_PROPOSAL","UNRESOLVED","PREVIOUS_UNRESOLVED_NOW_CANDIDATE_RESOLVED","Wave 32 candidate semantic match; score=1,0000; target remains candidate, not owner-final."
"boya-fircasi-rulo","3","boya-yapistirici-kimyasal","Yapı & Hırdavat > Boya, Yapıştırıcı & Kimyasal > Boya Fırçası & Rulo","Boya Fırçası & Rulo","boya-fircasi-rulo","active","YES","YES","Yapı, Hırdavat & Tesisat","Boya, Kaplama & Yüzey Hazırlama","Fırça, Rulo & Boya Aparatı","","Yapı, Hırdavat & Tesisat > Boya, Kaplama & Yüzey Hazırlama > Fırça, Rulo & Boya Aparatı","CANDIDATE_NOT_OWNER_FINAL","RENAME","HIGH","0,9171","YES","","YES","1","","Yapı, Hırdavat & Tesisat > Boya, Kaplama & Yüzey Hazırlama","PROVISIONAL_PROPOSAL","UNRESOLVED","PREVIOUS_UNRESOLVED_NOW_CANDIDATE_RESOLVED","Wave 32 candidate semantic match; score=0,9171; target remains candidate, not owner-final."
"yapistirici-bant","3","boya-yapistirici-kimyasal","Yapı & Hırdavat > Boya, Yapıştırıcı & Kimyasal > Yapıştırıcı & Bant","Yapıştırıcı & Bant","yapistirici-bant","active","YES","YES","Yapı, Hırdavat & Tesisat","Yapıştırıcı, Dolgu & Yapı Kimyasalları","Genel Amaçlı Yapıştırıcı","","Yapı, Hırdavat & Tesisat > Yapıştırıcı, Dolgu & Yapı Kimyasalları > Genel Amaçlı Yapıştırıcı","CANDIDATE_NOT_OWNER_FINAL","UNRESOLVED","LOW","MANUAL","YES","hazmat_review|REGULATED|REGULATED","YES","0","","Yapı, Hırdavat & Tesisat > Yapıştırıcı, Dolgu & Yapı Kimyasalları","PROVISIONAL_PROPOSAL","UNRESOLVED","TARGET_CHANGED","Construction tape is absent; a partial adhesive match is not a complete successor."
"derz-dolgu-mastik","3","boya-yapistirici-kimyasal","Yapı & Hırdavat > Boya, Yapıştırıcı & Kimyasal > Derz, Dolgu & Mastik","Derz, Dolgu & Mastik","derz-dolgu-mastik","active","YES","YES","Yapı, Hırdavat & Tesisat","","","","Yapı, Hırdavat & Tesisat","CANDIDATE_NOT_OWNER_FINAL","SPLIT","HIGH","EXPLICIT","YES","hazmat_review|REGULATED|REGULATED|REGULATED","YES","2","Yapı, Hırdavat & Tesisat > Yapıştırıcı, Dolgu & Yapı Kimyasalları > Silikon & Mastik || Yapı, Hırdavat & Tesisat > Yapıştırıcı, Dolgu & Yapı Kimyasalları > Derz & Dolgu","Yapı, Hırdavat & Tesisat > Yapıştırıcı, Dolgu & Yapı Kimyasalları","PROVISIONAL_PROPOSAL","UNRESOLVED","PREVIOUS_UNRESOLVED_NOW_CANDIDATE_RESOLVED","Legacy combined identity spans multiple explicit Wave 32 candidate successors; product-level split rule is required."
"tesisat-elektrik-malzemeleri","2","yapi-hirdavat","Yapı & Hırdavat > Tesisat & Elektrik Malzemeleri","Tesisat & Elektrik Malzemeleri","tesisat-elektrik-malzemeleri","active","NO","NO","Yapı, Hırdavat & Tesisat","","","","Yapı, Hırdavat & Tesisat","CANDIDATE_NOT_OWNER_FINAL","SPLIT","HIGH","1.0000","YES","","YES","3","Yapı, Hırdavat & Tesisat > Su Tesisatı & Armatürler || Yapı, Hırdavat & Tesisat > Elektrik Tesisatı Malzemeleri || Yapı, Hırdavat & Tesisat > Isıtma, Gaz & Havalandırma Tesisatı","Yapı, Hırdavat & Tesisat","PROVISIONAL_PROPOSAL","SPLIT","MATURITY_ONLY","Legacy umbrella spans multiple exact Wave 32 candidate L2 successors; product-level split rule remains required."
"musluk-batarya-dus-sistemi","3","tesisat-elektrik-malzemeleri","Yapı & Hırdavat > Tesisat & Elektrik Malzemeleri > Musluk, Batarya & Duş Sistemi","Musluk, Batarya & Duş Sistemi","musluk-batarya-dus-sistemi","active","YES","YES","Yapı, Hırdavat & Tesisat","Su Tesisatı & Armatürler","Musluk, Batarya & Duş Sistemleri","","Yapı, Hırdavat & Tesisat > Su Tesisatı & Armatürler > Musluk, Batarya & Duş Sistemleri","CANDIDATE_NOT_OWNER_FINAL","RENAME","HIGH","0,9171","YES","REGULATED","YES","1","","Yapı, Hırdavat & Tesisat > Su Tesisatı & Armatürler","PROVISIONAL_PROPOSAL","UNRESOLVED","PREVIOUS_UNRESOLVED_NOW_CANDIDATE_RESOLVED","Wave 32 candidate semantic match; score=0,9171; target remains candidate, not owner-final."
"boru-hortum-tesisat-baglantisi","3","tesisat-elektrik-malzemeleri","Yapı & Hırdavat > Tesisat & Elektrik Malzemeleri > Boru, Hortum & Tesisat Bağlantısı","Boru, Hortum & Tesisat Bağlantısı","boru-hortum-tesisat-baglantisi","active","YES","YES","Yapı, Hırdavat & Tesisat","","","","Yapı, Hırdavat & Tesisat","CANDIDATE_NOT_OWNER_FINAL","SPLIT","HIGH","EXPLICIT","YES","REGULATED","YES","2","Yapı, Hırdavat & Tesisat > Su Tesisatı & Armatürler > Boru & Hortum || Yapı, Hırdavat & Tesisat > Su Tesisatı & Armatürler > Fittings & Bağlantı Parçaları","Yapı, Hırdavat & Tesisat > Su Tesisatı & Armatürler","PROVISIONAL_PROPOSAL","UNRESOLVED","PREVIOUS_UNRESOLVED_NOW_CANDIDATE_RESOLVED","Legacy combined identity spans multiple explicit Wave 32 candidate successors; product-level split rule is required."
"vana-sifon","3","tesisat-elektrik-malzemeleri","Yapı & Hırdavat > Tesisat & Elektrik Malzemeleri > Vana & Sifon","Vana & Sifon","vana-sifon","active","YES","YES","Yapı, Hırdavat & Tesisat","","","","Yapı, Hırdavat & Tesisat","CANDIDATE_NOT_OWNER_FINAL","SPLIT","HIGH","EXPLICIT","YES","REGULATED","YES","2","Yapı, Hırdavat & Tesisat > Su Tesisatı & Armatürler > Vana & Kontrol Elemanları || Yapı, Hırdavat & Tesisat > Su Tesisatı & Armatürler > Sifon & Gider Parçaları","Yapı, Hırdavat & Tesisat","PROVISIONAL_PROPOSAL","UNRESOLVED","PREVIOUS_UNRESOLVED_NOW_CANDIDATE_RESOLVED","Legacy combined identity spans multiple explicit Wave 32 candidate successors; product-level split rule is required."
"priz-anahtar-fis","3","tesisat-elektrik-malzemeleri","Yapı & Hırdavat > Tesisat & Elektrik Malzemeleri > Priz, Anahtar & Fiş","Priz, Anahtar & Fiş","priz-anahtar-fis","active","YES","YES","Yapı, Hırdavat & Tesisat","Elektrik Tesisatı Malzemeleri","Anahtar, Priz & Fiş","","Yapı, Hırdavat & Tesisat > Elektrik Tesisatı Malzemeleri > Anahtar, Priz & Fiş","CANDIDATE_NOT_OWNER_FINAL","RENAME","HIGH","1,0000","YES","REGULATED|safety_critical","YES","1","","Yapı, Hırdavat & Tesisat > Elektrik Tesisatı Malzemeleri","PROVISIONAL_PROPOSAL","UNRESOLVED","PREVIOUS_UNRESOLVED_NOW_CANDIDATE_RESOLVED","Wave 32 candidate semantic match; score=1,0000; target remains candidate, not owner-final."
"kablo-elektrik-baglanti-elemani","3","tesisat-elektrik-malzemeleri","Yapı & Hırdavat > Tesisat & Elektrik Malzemeleri > Kablo & Elektrik Bağlantı Elemanı","Kablo & Elektrik Bağlantı Elemanı","kablo-elektrik-baglanti-elemani","active","YES","YES","Yapı, Hırdavat & Tesisat","Elektrik Tesisatı Malzemeleri","Kablo & İletken","","Yapı, Hırdavat & Tesisat > Elektrik Tesisatı Malzemeleri > Kablo & İletken","CANDIDATE_NOT_OWNER_FINAL","RENAME","MEDIUM","0,5600","YES","REGULATED|safety_critical","YES","1","","Yapı, Hırdavat & Tesisat > Elektrik Tesisatı Malzemeleri","PROVISIONAL_PROPOSAL","UNRESOLVED","PREVIOUS_UNRESOLVED_NOW_CANDIDATE_RESOLVED","Wave 32 candidate semantic match; score=0,5600; target remains candidate, not owner-final."
"sigorta-elektrik-panosu","3","tesisat-elektrik-malzemeleri","Yapı & Hırdavat > Tesisat & Elektrik Malzemeleri > Sigorta & Elektrik Panosu","Sigorta & Elektrik Panosu","sigorta-elektrik-panosu","active","YES","YES","Yapı, Hırdavat & Tesisat","Elektrik Tesisatı Malzemeleri","Sigorta & Elektrik Panosu","","Yapı, Hırdavat & Tesisat > Elektrik Tesisatı Malzemeleri > Sigorta & Elektrik Panosu","CANDIDATE_NOT_OWNER_FINAL","KEEP","HIGH","1,0000","YES","REGULATED|safety_critical","NO","1","","Yapı, Hırdavat & Tesisat > Elektrik Tesisatı Malzemeleri","PROVISIONAL_PROPOSAL","UNRESOLVED","PREVIOUS_UNRESOLVED_NOW_CANDIDATE_RESOLVED","Wave 32 candidate semantic match; score=1,0000; target remains candidate, not owner-final."
"yapi-malzemesi-is-guvenligi","2","yapi-hirdavat","Yapı & Hırdavat > Yapı Malzemesi & İş Güvenliği","Yapı Malzemesi & İş Güvenliği","yapi-malzemesi-is-guvenligi","active","NO","NO","Yapı, Hırdavat & Tesisat","","","","Yapı, Hırdavat & Tesisat","CANDIDATE_NOT_OWNER_FINAL","SPLIT","HIGH","1.0000","YES","","YES","3","Yapı, Hırdavat & Tesisat > Yapı Malzemeleri || Yapı, Hırdavat & Tesisat > Kaynak, Lehim & Metal İşleme || Yapı, Hırdavat & Tesisat > İş Güvenliği & Koruyucu Donanım","Yapı, Hırdavat & Tesisat","PROVISIONAL_PROPOSAL","SPLIT","MATURITY_ONLY","Legacy umbrella spans multiple exact Wave 32 candidate L2 successors; product-level split rule remains required."
"cimento-harc-siva","3","yapi-malzemesi-is-guvenligi","Yapı & Hırdavat > Yapı Malzemesi & İş Güvenliği > Çimento, Harç & Sıva","Çimento, Harç & Sıva","cimento-harc-siva","active","YES","YES","Yapı, Hırdavat & Tesisat","Yapı Malzemeleri","Çimento, Harç & Sıva","","Yapı, Hırdavat & Tesisat > Yapı Malzemeleri > Çimento, Harç & Sıva","CANDIDATE_NOT_OWNER_FINAL","MOVE","HIGH","1,0000","YES","REGULATED","YES","1","","Yapı, Hırdavat & Tesisat","PROVISIONAL_PROPOSAL","UNRESOLVED","PREVIOUS_UNRESOLVED_NOW_CANDIDATE_RESOLVED","Wave 32 candidate semantic match; score=1,0000; target remains candidate, not owner-final."
"seramik-zemin-kaplama","3","yapi-malzemesi-is-guvenligi","Yapı & Hırdavat > Yapı Malzemesi & İş Güvenliği > Seramik & Zemin Kaplama","Seramik & Zemin Kaplama","seramik-zemin-kaplama","active","YES","YES","Yapı, Hırdavat & Tesisat","Yapı Malzemeleri","Seramik & Zemin Kaplama","","Yapı, Hırdavat & Tesisat > Yapı Malzemeleri > Seramik & Zemin Kaplama","CANDIDATE_NOT_OWNER_FINAL","MOVE","HIGH","1,0000","YES","REGULATED","YES","1","","Yapı, Hırdavat & Tesisat","PROVISIONAL_PROPOSAL","UNRESOLVED","PREVIOUS_UNRESOLVED_NOW_CANDIDATE_RESOLVED","Wave 32 candidate semantic match; score=1,0000; target remains candidate, not owner-final."
"isi-su-ses-yalitimi","3","yapi-malzemesi-is-guvenligi","Yapı & Hırdavat > Yapı Malzemesi & İş Güvenliği > Isı, Su & Ses Yalıtımı","Isı, Su & Ses Yalıtımı","isi-su-ses-yalitimi","active","YES","YES","Yapı, Hırdavat & Tesisat","","","","Yapı, Hırdavat & Tesisat","CANDIDATE_NOT_OWNER_FINAL","SPLIT","HIGH","EXPLICIT","YES","REGULATED","YES","3","Yapı, Hırdavat & Tesisat > Yapı Malzemeleri > Isı & Ses Yalıtımı || Yapı, Hırdavat & Tesisat > Yapı Malzemeleri > Çatı & Su Yalıtım Malzemeleri || Yapı, Hırdavat & Tesisat > Yapıştırıcı, Dolgu & Yapı Kimyasalları > Su Yalıtım Kimyasalları","Yapı, Hırdavat & Tesisat","PROVISIONAL_PROPOSAL","UNRESOLVED","PREVIOUS_UNRESOLVED_NOW_CANDIDATE_RESOLVED","Legacy combined identity spans multiple explicit Wave 32 candidate successors; product-level split rule is required."
"merdiven-iskele-ekipmani","3","yapi-malzemesi-is-guvenligi","Yapı & Hırdavat > Yapı Malzemesi & İş Güvenliği > Merdiven & İskele Ekipmanı","Merdiven & İskele Ekipmanı","merdiven-iskele-ekipmani","active","YES","YES","","","","","","CANDIDATE_NOT_OWNER_FINAL","UNRESOLVED","LOW","MANUAL","YES","REGULATED|safety_critical","YES","0","","Yapı, Hırdavat & Tesisat","PROVISIONAL_PROPOSAL","UNRESOLVED","TARGET_CHANGED","No complete Wave 32 ladder/scaffold product-family candidate exists."
"is-eldiveni-koruyucu-donanim","3","yapi-malzemesi-is-guvenligi","Yapı & Hırdavat > Yapı Malzemesi & İş Güvenliği > İş Eldiveni & Koruyucu Donanım","İş Eldiveni & Koruyucu Donanım","is-eldiveni-koruyucu-donanim","active","YES","YES","Yapı, Hırdavat & Tesisat","İş Güvenliği & Koruyucu Donanım","Görünürlük & Koruyucu İş Giyimi","","Yapı, Hırdavat & Tesisat > İş Güvenliği & Koruyucu Donanım > Görünürlük & Koruyucu İş Giyimi","CANDIDATE_NOT_OWNER_FINAL","RENAME","MEDIUM","0,5600","YES","REGULATED|safety_critical","YES","1","","Yapı, Hırdavat & Tesisat > İş Güvenliği & Koruyucu Donanım","PROVISIONAL_PROPOSAL","UNRESOLVED","PREVIOUS_UNRESOLVED_NOW_CANDIDATE_RESOLVED","Wave 32 candidate semantic match; score=0,5600; target remains candidate, not owner-final."
"otomotiv-motosiklet","1","","Otomotiv & Motosiklet","Otomotiv & Motosiklet","otomotiv-motosiklet","active","NO","NO","Otomotiv & Motosiklet","","","","Otomotiv & Motosiklet","CANONICAL_FINAL","KEEP","HIGH","","NO","","NO","1","","Otomotiv & Motosiklet","CANONICAL_FINAL","KEEP","UNCHANGED_FINAL_ANCHOR",""
"arac-ici-dis-aksesuar","2","otomotiv-motosiklet","Otomotiv & Motosiklet > Araç İçi & Dış Aksesuar","Araç İçi & Dış Aksesuar","arac-ici-dis-aksesuar","active","NO","NO","Otomotiv & Motosiklet","","","","Otomotiv & Motosiklet","CANDIDATE_NOT_OWNER_FINAL","SPLIT","HIGH","1.0000","YES","","YES","2","Otomotiv & Motosiklet > Araç İçi Aksesuarları || Otomotiv & Motosiklet > Araç Dış Aksesuarları","Otomotiv & Motosiklet","PROVISIONAL_PROPOSAL","SPLIT","MATURITY_ONLY","Legacy umbrella spans multiple exact Wave 32 candidate L2 successors; product-level split rule remains required."
"oto-paspas-bagaj-havuzu","3","arac-ici-dis-aksesuar","Otomotiv & Motosiklet > Araç İçi & Dış Aksesuar > Oto Paspas & Bagaj Havuzu","Oto Paspas & Bagaj Havuzu","oto-paspas-bagaj-havuzu","active","YES","YES","Otomotiv & Motosiklet","Araç İçi Aksesuarları","Paspaslar","","Otomotiv & Motosiklet > Araç İçi Aksesuarları > Paspaslar","CANDIDATE_NOT_OWNER_FINAL","RENAME","MEDIUM","0,7267","YES","","YES","1","","Otomotiv & Motosiklet > Araç İçi Aksesuarları","PROVISIONAL_PROPOSAL","UNRESOLVED","PREVIOUS_UNRESOLVED_NOW_CANDIDATE_RESOLVED","Wave 32 candidate semantic match; score=0,7267; target remains candidate, not owner-final."
"oto-koltuk-direksiyon-kilifi","3","arac-ici-dis-aksesuar","Otomotiv & Motosiklet > Araç İçi & Dış Aksesuar > Koltuk Kılıfı & Direksiyon Kılıfı","Koltuk Kılıfı & Direksiyon Kılıfı","oto-koltuk-direksiyon-kilifi","active","YES","YES","Otomotiv & Motosiklet","Araç İçi Aksesuarları","Koltuk Kılıfları & Minderler","","Otomotiv & Motosiklet > Araç İçi Aksesuarları > Koltuk Kılıfları & Minderler","CANDIDATE_NOT_OWNER_FINAL","RENAME","MEDIUM","0,7267","YES","","YES","1","","Otomotiv & Motosiklet > Araç İçi Aksesuarları","PROVISIONAL_PROPOSAL","UNRESOLVED","PREVIOUS_UNRESOLVED_NOW_CANDIDATE_RESOLVED","Wave 32 candidate semantic match; score=0,7267; target remains candidate, not owner-final."
"arac-ici-duzenleyici","3","arac-ici-dis-aksesuar","Otomotiv & Motosiklet > Araç İçi & Dış Aksesuar > Araç İçi Düzenleyici","Araç İçi Düzenleyici","arac-ici-duzenleyici","active","YES","YES","Otomotiv & Motosiklet","Araç İçi Aksesuarları","Araç İçi Düzenleyiciler","","Otomotiv & Motosiklet > Araç İçi Aksesuarları > Araç İçi Düzenleyiciler","CANDIDATE_NOT_OWNER_FINAL","RENAME","HIGH","1,0000","YES","","YES","1","","Otomotiv & Motosiklet > Araç İçi Aksesuarları","PROVISIONAL_PROPOSAL","UNRESOLVED","PREVIOUS_UNRESOLVED_NOW_CANDIDATE_RESOLVED","Wave 32 candidate semantic match; score=1,0000; target remains candidate, not owner-final."
"silecek-ayna","3","arac-ici-dis-aksesuar","Otomotiv & Motosiklet > Araç İçi & Dış Aksesuar > Silecek & Ayna","Silecek & Ayna","silecek-ayna","active","YES","YES","","","","","","CANDIDATE_NOT_OWNER_FINAL","UNRESOLVED","LOW","MANUAL","YES","compatibility_critical","YES","0","","Otomotiv & Motosiklet","PROVISIONAL_PROPOSAL","UNRESOLVED","TARGET_CHANGED","Vehicle wipers and mirrors are a fitment-specific candidate gap."
"oto-dis-koruma-kaplama","3","arac-ici-dis-aksesuar","Otomotiv & Motosiklet > Araç İçi & Dış Aksesuar > Oto Dış Koruma & Kaplama","Oto Dış Koruma & Kaplama","oto-dis-koruma-kaplama","active","YES","YES","Otomotiv & Motosiklet","","","","Otomotiv & Motosiklet","CANDIDATE_NOT_OWNER_FINAL","SPLIT","HIGH","EXPLICIT","YES","LEGAL_REVIEW_REQUIRED","YES","2","Otomotiv & Motosiklet > Araç Dış Aksesuarları > Dış Trim & Koruma Aksesuarları || Otomotiv & Motosiklet > Araç Bakım & Temizlik > Cila & Yüzey Koruma Ürünleri","Otomotiv & Motosiklet","PROVISIONAL_PROPOSAL","UNRESOLVED","PREVIOUS_UNRESOLVED_NOW_CANDIDATE_RESOLVED","Legacy combined identity spans multiple explicit Wave 32 candidate successors; product-level split rule is required."
"arac-aydinlatmasi","3","arac-ici-dis-aksesuar","Otomotiv & Motosiklet > Araç İçi & Dış Aksesuar > Araç Aydınlatması","Araç Aydınlatması","arac-aydinlatmasi","active","YES","YES","Otomotiv & Motosiklet","Akü & Araç Elektriği","Araç Ampulleri & Elektrik Aydınlatma","","Otomotiv & Motosiklet > Akü & Araç Elektriği > Araç Ampulleri & Elektrik Aydınlatma","CANDIDATE_NOT_OWNER_FINAL","RENAME_AND_MOVE","HIGH","EXPLICIT","YES","REGULATED|safety_critical|compatibility_critical","YES","1","","Otomotiv & Motosiklet","PROVISIONAL_PROPOSAL","UNRESOLVED","PREVIOUS_UNRESOLVED_NOW_CANDIDATE_RESOLVED","Fitment-specific vehicle lighting stays in Automotive."
"oto-elektronigi-bakim","2","otomotiv-motosiklet","Otomotiv & Motosiklet > Oto Elektroniği & Bakım","Oto Elektroniği & Bakım","oto-elektronigi-bakim","active","NO","NO","Otomotiv & Motosiklet","","","","Otomotiv & Motosiklet","CANDIDATE_NOT_OWNER_FINAL","SPLIT","HIGH","1.0000","YES","","YES","5","Otomotiv & Motosiklet > Akü & Araç Elektriği || Otomotiv & Motosiklet > Araç Elektroniği || Otomotiv & Motosiklet > Araç Bakım & Temizlik || Otomotiv & Motosiklet > Motor Yağı, Sıvı & Katkılar || Otomotiv & Motosiklet > Araç Güvenlik & Acil Durum Ürünleri","Otomotiv & Motosiklet","PROVISIONAL_PROPOSAL","SPLIT","MATURITY_ONLY","Legacy umbrella spans multiple exact Wave 32 candidate L2 successors; product-level split rule remains required."
"oto-multimedya-ses","3","oto-elektronigi-bakim","Otomotiv & Motosiklet > Oto Elektroniği & Bakım > Oto Multimedya & Ses","Oto Multimedya & Ses","oto-multimedya-ses","active","YES","YES","Otomotiv & Motosiklet","Araç Elektroniği","Araç Multimedya Sistemleri","","Otomotiv & Motosiklet > Araç Elektroniği > Araç Multimedya Sistemleri","CANDIDATE_NOT_OWNER_FINAL","RENAME","MEDIUM","0,8600","YES","REGULATED","YES","1","","Otomotiv & Motosiklet > Araç Elektroniği","PROVISIONAL_PROPOSAL","UNRESOLVED","PREVIOUS_UNRESOLVED_NOW_CANDIDATE_RESOLVED","Wave 32 candidate semantic match; score=0,8600; target remains candidate, not owner-final."
"arac-kamerasi-navigasyon","3","oto-elektronigi-bakim","Otomotiv & Motosiklet > Oto Elektroniği & Bakım > Araç Kamerası & Navigasyon","Araç Kamerası & Navigasyon","arac-kamerasi-navigasyon","active","YES","YES","Otomotiv & Motosiklet","","","","Otomotiv & Motosiklet","CANDIDATE_NOT_OWNER_FINAL","SPLIT","MEDIUM","0,9000","YES","","YES","2","Otomotiv & Motosiklet > Araç Elektroniği > Araç Kameraları || Otomotiv & Motosiklet > Araç Elektroniği > Araç Navigasyon Cihazları","Otomotiv & Motosiklet > Araç Elektroniği","PROVISIONAL_PROPOSAL","UNRESOLVED","PREVIOUS_UNRESOLVED_NOW_CANDIDATE_RESOLVED","Legacy combined concept has multiple near-equal Wave 32 candidate successors; no arbitrary single successor selected."
"arac-sarj-donusturucu","3","oto-elektronigi-bakim","Otomotiv & Motosiklet > Oto Elektroniği & Bakım > Araç Şarj & Dönüştürücü","Araç Şarj & Dönüştürücü","arac-sarj-donusturucu","active","YES","YES","","","","","","CANDIDATE_NOT_OWNER_FINAL","UNRESOLVED","LOW","MANUAL","YES","LEGAL_REVIEW_REQUIRED","YES","0","","Otomotiv & Motosiklet","PROVISIONAL_PROPOSAL","UNRESOLVED","TARGET_CHANGED","Vehicle-specific charging/conversion accessories are absent; do not fall back to generic Electronics."
"oto-temizlik-bakim-urunu","3","oto-elektronigi-bakim","Otomotiv & Motosiklet > Oto Elektroniği & Bakım > Oto Temizlik & Bakım Ürünü","Oto Temizlik & Bakım Ürünü","oto-temizlik-bakim-urunu","active","YES","YES","Otomotiv & Motosiklet","Araç Bakım & Temizlik","Cila & Yüzey Koruma Ürünleri","","Otomotiv & Motosiklet > Araç Bakım & Temizlik > Cila & Yüzey Koruma Ürünleri","CANDIDATE_NOT_OWNER_FINAL","RENAME","HIGH","0,9000","YES","hazmat_review|LEGAL_REVIEW_REQUIRED","YES","1","","Otomotiv & Motosiklet > Araç Bakım & Temizlik","PROVISIONAL_PROPOSAL","UNRESOLVED","PREVIOUS_UNRESOLVED_NOW_CANDIDATE_RESOLVED","Wave 32 candidate semantic match; score=0,9000; target remains candidate, not owner-final."
"motor-yagi-arac-sivisi","3","oto-elektronigi-bakim","Otomotiv & Motosiklet > Oto Elektroniği & Bakım > Motor Yağı & Araç Sıvısı","Motor Yağı & Araç Sıvısı","motor-yagi-arac-sivisi","active","YES","YES","Otomotiv & Motosiklet","Motor Yağı, Sıvı & Katkılar","Antifriz & Soğutma Sıvıları","","Otomotiv & Motosiklet > Motor Yağı, Sıvı & Katkılar > Antifriz & Soğutma Sıvıları","CANDIDATE_NOT_OWNER_FINAL","RENAME","HIGH","0,9000","YES","hazmat_review|compatibility_critical|LEGAL_REVIEW_REQUIRED","YES","1","","Otomotiv & Motosiklet > Motor Yağı, Sıvı & Katkılar","PROVISIONAL_PROPOSAL","UNRESOLVED","PREVIOUS_UNRESOLVED_NOW_CANDIDATE_RESOLVED","Wave 32 candidate semantic match; score=0,9000; target remains candidate, not owner-final."
"aku-takviye-ekipmani","3","oto-elektronigi-bakim","Otomotiv & Motosiklet > Oto Elektroniği & Bakım > Akü & Takviye Ekipmanı","Akü & Takviye Ekipmanı","aku-takviye-ekipmani","active","YES","YES","Otomotiv & Motosiklet","Akü & Araç Elektriği","Akü Şarj & Takviye Cihazları","","Otomotiv & Motosiklet > Akü & Araç Elektriği > Akü Şarj & Takviye Cihazları","CANDIDATE_NOT_OWNER_FINAL","RENAME","MEDIUM","0,7267","YES","hazmat_review|safety_critical|compatibility_critical|LEGAL_REVIEW_REQUIRED","YES","1","","Otomotiv & Motosiklet > Akü & Araç Elektriği","PROVISIONAL_PROPOSAL","UNRESOLVED","PREVIOUS_UNRESOLVED_NOW_CANDIDATE_RESOLVED","Wave 32 candidate semantic match; score=0,7267; target remains candidate, not owner-final."
"oto-yedek-parca","2","otomotiv-motosiklet","Otomotiv & Motosiklet > Oto Yedek Parça","Oto Yedek Parça","oto-yedek-parca","active","NO","NO","Otomotiv & Motosiklet","Otomobil Yedek Parçaları","","","Otomotiv & Motosiklet > Otomobil Yedek Parçaları","CANDIDATE_NOT_OWNER_FINAL","RENAME","HIGH","1.0000","YES","compatibility_critical|REGULATED","YES","1","","Otomotiv & Motosiklet > Otomobil Yedek Parçaları","PROVISIONAL_PROPOSAL","RENAME","MATURITY_ONLY","Previous provisional L2 bridge now resolves to the exact Wave 32 candidate L2; target is not owner-final."
"motor-bakim-parcalari","3","oto-yedek-parca","Otomotiv & Motosiklet > Oto Yedek Parça > Motor Bakım Parçaları","Motor Bakım Parçaları","motor-bakim-parcalari","active","NO","NO","Otomotiv & Motosiklet","Otomobil Yedek Parçaları","Motor & Filtre","Motor Parçaları","Otomotiv & Motosiklet > Otomobil Yedek Parçaları > Motor & Filtre > Motor Parçaları","CANDIDATE_NOT_OWNER_FINAL","MERGE","MEDIUM","0,8400","YES","REGULATED","YES","1","","Otomotiv & Motosiklet > Otomobil Yedek Parçaları","PROVISIONAL_PROPOSAL","UNRESOLVED","PREVIOUS_UNRESOLVED_NOW_CANDIDATE_RESOLVED","Multiple legacy nodes converge on candidate target 'Otomotiv & Motosiklet > Otomobil Yedek Parçaları > Motor & Filtre > Motor Parçaları'; many-to-one identity review required."
"oto-filtreleri","4","motor-bakim-parcalari","Otomotiv & Motosiklet > Oto Yedek Parça > Motor Bakım Parçaları > Oto Filtreleri","Oto Filtreleri","oto-filtreleri","active","YES","YES","Otomotiv & Motosiklet","Otomobil Yedek Parçaları","Motor & Filtre","Hava Filtreleri","Otomotiv & Motosiklet > Otomobil Yedek Parçaları > Motor & Filtre > Hava Filtreleri","CANDIDATE_NOT_OWNER_FINAL","RENAME","HIGH","1,0000","YES","compatibility_critical|REGULATED","YES","1","","Otomotiv & Motosiklet > Otomobil Yedek Parçaları","PROVISIONAL_PROPOSAL","UNRESOLVED","PREVIOUS_UNRESOLVED_NOW_CANDIDATE_RESOLVED","Wave 32 candidate semantic match; score=1,0000; target remains candidate, not owner-final."
"buji-atesleme-parcasi","4","motor-bakim-parcalari","Otomotiv & Motosiklet > Oto Yedek Parça > Motor Bakım Parçaları > Buji & Ateşleme Parçası","Buji & Ateşleme Parçası","buji-atesleme-parcasi","active","YES","YES","Otomotiv & Motosiklet","Otomobil Yedek Parçaları","Motor & Filtre","Motor Parçaları","Otomotiv & Motosiklet > Otomobil Yedek Parçaları > Motor & Filtre > Motor Parçaları","CANDIDATE_NOT_OWNER_FINAL","MERGE","MEDIUM","EXPLICIT","YES","compatibility_critical|REGULATED|REGULATED","YES","1","","Otomotiv & Motosiklet > Otomobil Yedek Parçaları","PROVISIONAL_PROPOSAL","UNRESOLVED","PREVIOUS_UNRESOLVED_NOW_CANDIDATE_RESOLVED","Multiple legacy nodes converge on candidate target 'Otomotiv & Motosiklet > Otomobil Yedek Parçaları > Motor & Filtre > Motor Parçaları'; many-to-one identity review required."
"kayis-gergi-parcasi","4","motor-bakim-parcalari","Otomotiv & Motosiklet > Oto Yedek Parça > Motor Bakım Parçaları > Kayış & Gergi Parçası","Kayış & Gergi Parçası","kayis-gergi-parcasi","active","YES","YES","Otomotiv & Motosiklet","Otomobil Yedek Parçaları","Motor & Filtre","Motor Parçaları","Otomotiv & Motosiklet > Otomobil Yedek Parçaları > Motor & Filtre > Motor Parçaları","CANDIDATE_NOT_OWNER_FINAL","MERGE","MEDIUM","EXPLICIT","YES","REGULATED|REGULATED|safety_critical|compatibility_critical","YES","1","","Otomotiv & Motosiklet > Otomobil Yedek Parçaları","PROVISIONAL_PROPOSAL","UNRESOLVED","PREVIOUS_UNRESOLVED_NOW_CANDIDATE_RESOLVED","Multiple legacy nodes converge on candidate target 'Otomotiv & Motosiklet > Otomobil Yedek Parçaları > Motor & Filtre > Motor Parçaları'; many-to-one identity review required."
"fren-parcalari","3","oto-yedek-parca","Otomotiv & Motosiklet > Oto Yedek Parça > Fren Parçaları","Fren Parçaları","fren-parcalari","active","NO","NO","Otomotiv & Motosiklet","Otomobil Yedek Parçaları","Fren Parçaları","","Otomotiv & Motosiklet > Otomobil Yedek Parçaları > Fren Parçaları","CANDIDATE_NOT_OWNER_FINAL","KEEP","HIGH","1,0000","YES","REGULATED|safety_critical","NO","1","","Otomotiv & Motosiklet > Otomobil Yedek Parçaları","PROVISIONAL_PROPOSAL","UNRESOLVED","PREVIOUS_UNRESOLVED_NOW_CANDIDATE_RESOLVED","Wave 32 candidate semantic match; score=1,0000; target remains candidate, not owner-final."
"fren-balatasi","4","fren-parcalari","Otomotiv & Motosiklet > Oto Yedek Parça > Fren Parçaları > Fren Balatası","Fren Balatası","fren-balatasi","active","YES","YES","Otomotiv & Motosiklet","Otomobil Yedek Parçaları","Fren Parçaları","Fren Balataları","Otomotiv & Motosiklet > Otomobil Yedek Parçaları > Fren Parçaları > Fren Balataları","CANDIDATE_NOT_OWNER_FINAL","RENAME","HIGH","1,0000","YES","REGULATED|safety_critical|compatibility_critical","YES","1","","Otomotiv & Motosiklet > Otomobil Yedek Parçaları","PROVISIONAL_PROPOSAL","UNRESOLVED","PREVIOUS_UNRESOLVED_NOW_CANDIDATE_RESOLVED","Wave 32 candidate semantic match; score=1,0000; target remains candidate, not owner-final."
"fren-diski-kampana","4","fren-parcalari","Otomotiv & Motosiklet > Oto Yedek Parça > Fren Parçaları > Fren Diski & Kampana","Fren Diski & Kampana","fren-diski-kampana","active","YES","YES","Otomotiv & Motosiklet","Otomobil Yedek Parçaları","Fren Parçaları","Fren Diskleri & Kampanaları","Otomotiv & Motosiklet > Otomobil Yedek Parçaları > Fren Parçaları > Fren Diskleri & Kampanaları","CANDIDATE_NOT_OWNER_FINAL","RENAME","HIGH","1,0000","YES","REGULATED|safety_critical|compatibility_critical","YES","1","","Otomotiv & Motosiklet > Otomobil Yedek Parçaları","PROVISIONAL_PROPOSAL","UNRESOLVED","PREVIOUS_UNRESOLVED_NOW_CANDIDATE_RESOLVED","Wave 32 candidate semantic match; score=1,0000; target remains candidate, not owner-final."
"suspansiyon-direksiyon-parcasi","3","oto-yedek-parca","Otomotiv & Motosiklet > Oto Yedek Parça > Süspansiyon & Direksiyon Parçası","Süspansiyon & Direksiyon Parçası","suspansiyon-direksiyon-parcasi","active","YES","YES","Otomotiv & Motosiklet","","","","Otomotiv & Motosiklet","CANDIDATE_NOT_OWNER_FINAL","SPLIT","MEDIUM","0,9000","YES","safety_critical|compatibility_critical","YES","2","Otomotiv & Motosiklet > Otomobil Yedek Parçaları > Süspansiyon & Direksiyon > Amortisör & Yaylar || Otomotiv & Motosiklet > Otomobil Yedek Parçaları > Süspansiyon & Direksiyon > Direksiyon Parçaları","Otomotiv & Motosiklet > Otomobil Yedek Parçaları","PROVISIONAL_PROPOSAL","UNRESOLVED","PREVIOUS_UNRESOLVED_NOW_CANDIDATE_RESOLVED","Legacy combined concept has multiple near-equal Wave 32 candidate successors; no arbitrary single successor selected."
"debriyaj-sanziman-parcasi","3","oto-yedek-parca","Otomotiv & Motosiklet > Oto Yedek Parça > Debriyaj & Şanzıman Parçası","Debriyaj & Şanzıman Parçası","debriyaj-sanziman-parcasi","active","YES","YES","Otomotiv & Motosiklet","Otomobil Yedek Parçaları","Aktarma Organları","Şanzıman Parçaları","Otomotiv & Motosiklet > Otomobil Yedek Parçaları > Aktarma Organları > Şanzıman Parçaları","CANDIDATE_NOT_OWNER_FINAL","RENAME","HIGH","1,0000","YES","REGULATED|safety_critical|compatibility_critical","YES","1","","Otomotiv & Motosiklet > Otomobil Yedek Parçaları","PROVISIONAL_PROPOSAL","UNRESOLVED","PREVIOUS_UNRESOLVED_NOW_CANDIDATE_RESOLVED","Wave 32 candidate semantic match; score=1,0000; target remains candidate, not owner-final."
"egzoz-emisyon-parcasi","3","oto-yedek-parca","Otomotiv & Motosiklet > Oto Yedek Parça > Egzoz & Emisyon Parçası","Egzoz & Emisyon Parçası","egzoz-emisyon-parcasi","active","YES","YES","Otomotiv & Motosiklet","Otomobil Yedek Parçaları","Egzoz Parçaları","","Otomotiv & Motosiklet > Otomobil Yedek Parçaları > Egzoz Parçaları","CANDIDATE_NOT_OWNER_FINAL","RENAME","HIGH","0,9000","YES","compatibility_critical|REGULATED","YES","1","","Otomotiv & Motosiklet > Otomobil Yedek Parçaları","PROVISIONAL_PROPOSAL","UNRESOLVED","PREVIOUS_UNRESOLVED_NOW_CANDIDATE_RESOLVED","Wave 32 candidate semantic match; score=0,9000; target remains candidate, not owner-final."
"kaporta-tampon-parcasi","3","oto-yedek-parca","Otomotiv & Motosiklet > Oto Yedek Parça > Kaporta & Tampon Parçası","Kaporta & Tampon Parçası","kaporta-tampon-parcasi","active","YES","YES","Otomotiv & Motosiklet","Otomobil Yedek Parçaları","Kaporta Parçaları","","Otomotiv & Motosiklet > Otomobil Yedek Parçaları > Kaporta Parçaları","CANDIDATE_NOT_OWNER_FINAL","RENAME","MEDIUM","0,8600","YES","compatibility_critical|REGULATED","YES","1","","Otomotiv & Motosiklet > Otomobil Yedek Parçaları","PROVISIONAL_PROPOSAL","UNRESOLVED","PREVIOUS_UNRESOLVED_NOW_CANDIDATE_RESOLVED","Wave 32 candidate semantic match; score=0,8600; target remains candidate, not owner-final."
"lastik-jant-yol-ekipmani","2","otomotiv-motosiklet","Otomotiv & Motosiklet > Lastik, Jant & Yol Ekipmanı","Lastik, Jant & Yol Ekipmanı","lastik-jant-yol-ekipmani","active","NO","NO","Otomotiv & Motosiklet","","","","Otomotiv & Motosiklet","CANDIDATE_NOT_OWNER_FINAL","SPLIT","HIGH","1.0000","YES","","YES","2","Otomotiv & Motosiklet > Lastik, Jant & Tekerlek Ürünleri || Otomotiv & Motosiklet > Araç Güvenlik & Acil Durum Ürünleri","Otomotiv & Motosiklet","PROVISIONAL_PROPOSAL","SPLIT","MATURITY_ONLY","Legacy umbrella spans multiple exact Wave 32 candidate L2 successors; product-level split rule remains required."
"otomobil-lastigi","3","lastik-jant-yol-ekipmani","Otomotiv & Motosiklet > Lastik, Jant & Yol Ekipmanı > Otomobil Lastiği","Otomobil Lastiği","otomobil-lastigi","active","YES","YES","Otomotiv & Motosiklet","Lastik, Jant & Tekerlek Ürünleri","Otomobil Lastikleri","","Otomotiv & Motosiklet > Lastik, Jant & Tekerlek Ürünleri > Otomobil Lastikleri","CANDIDATE_NOT_OWNER_FINAL","RENAME","HIGH","1,0000","YES","REGULATED|safety_critical|compatibility_critical","YES","1","","Otomotiv & Motosiklet > Lastik, Jant & Tekerlek Ürünleri","PROVISIONAL_PROPOSAL","UNRESOLVED","PREVIOUS_UNRESOLVED_NOW_CANDIDATE_RESOLVED","Wave 32 candidate semantic match; score=1,0000; target remains candidate, not owner-final."
"jant-jant-kapagi","3","lastik-jant-yol-ekipmani","Otomotiv & Motosiklet > Lastik, Jant & Yol Ekipmanı > Jant & Jant Kapağı","Jant & Jant Kapağı","jant-jant-kapagi","active","YES","YES","Otomotiv & Motosiklet","Lastik, Jant & Tekerlek Ürünleri","Jantlar","","Otomotiv & Motosiklet > Lastik, Jant & Tekerlek Ürünleri > Jantlar","CANDIDATE_NOT_OWNER_FINAL","RENAME","MEDIUM","0,7267","YES","compatibility_critical|REGULATED","YES","1","","Otomotiv & Motosiklet > Lastik, Jant & Tekerlek Ürünleri","PROVISIONAL_PROPOSAL","UNRESOLVED","PREVIOUS_UNRESOLVED_NOW_CANDIDATE_RESOLVED","Wave 32 candidate semantic match; score=0,7267; target remains candidate, not owner-final."
"kar-zinciri-patinaj-onleyici","3","lastik-jant-yol-ekipmani","Otomotiv & Motosiklet > Lastik, Jant & Yol Ekipmanı > Kar Zinciri & Patinaj Önleyici","Kar Zinciri & Patinaj Önleyici","kar-zinciri-patinaj-onleyici","active","YES","YES","Otomotiv & Motosiklet","Lastik, Jant & Tekerlek Ürünleri","Kar Zincirleri & Kar Paletleri","","Otomotiv & Motosiklet > Lastik, Jant & Tekerlek Ürünleri > Kar Zincirleri & Kar Paletleri","CANDIDATE_NOT_OWNER_FINAL","RENAME","HIGH","EXPLICIT","YES","REGULATED|REGULATED|safety_critical|compatibility_critical","YES","1","","Otomotiv & Motosiklet > Araç Güvenlik & Acil Durum Ürünleri","PROVISIONAL_PROPOSAL","UNRESOLVED","PREVIOUS_UNRESOLVED_NOW_CANDIDATE_RESOLVED","Explicit traction-product successor."
"lastik-tamir-sisirme","3","lastik-jant-yol-ekipmani","Otomotiv & Motosiklet > Lastik, Jant & Yol Ekipmanı > Lastik Tamir & Şişirme","Lastik Tamir & Şişirme","lastik-tamir-sisirme","active","YES","YES","Otomotiv & Motosiklet","Lastik, Jant & Tekerlek Ürünleri","","","Otomotiv & Motosiklet > Lastik, Jant & Tekerlek Ürünleri","CANDIDATE_NOT_OWNER_FINAL","UNRESOLVED","LOW","MANUAL","YES","REGULATED","YES","0","","Otomotiv & Motosiklet > Lastik, Jant & Tekerlek Ürünleri","PROVISIONAL_PROPOSAL","UNRESOLVED","MATURITY_ONLY","Repair/inflation products are not represented by the candidate descendants; tires are not a substitute."
"acil-yol-cekme-ekipmani","3","lastik-jant-yol-ekipmani","Otomotiv & Motosiklet > Lastik, Jant & Yol Ekipmanı > Acil Yol & Çekme Ekipmanı","Acil Yol & Çekme Ekipmanı","acil-yol-cekme-ekipmani","active","YES","YES","Otomotiv & Motosiklet","Araç Güvenlik & Acil Durum Ürünleri","Reflektör & Görünürlük Ürünleri","","Otomotiv & Motosiklet > Araç Güvenlik & Acil Durum Ürünleri > Reflektör & Görünürlük Ürünleri","CANDIDATE_NOT_OWNER_FINAL","RENAME","HIGH","0,9000","YES","REGULATED|safety_critical","YES","1","","Otomotiv & Motosiklet > Araç Güvenlik & Acil Durum Ürünleri","PROVISIONAL_PROPOSAL","UNRESOLVED","PREVIOUS_UNRESOLVED_NOW_CANDIDATE_RESOLVED","Wave 32 candidate semantic match; score=0,9000; target remains candidate, not owner-final."
"motosiklet-ekipmani-parcasi","2","otomotiv-motosiklet","Otomotiv & Motosiklet > Motosiklet Ekipmanı & Parçası","Motosiklet Ekipmanı & Parçası","motosiklet-ekipmani-parcasi","active","NO","NO","Otomotiv & Motosiklet","","","","Otomotiv & Motosiklet","CANDIDATE_NOT_OWNER_FINAL","SPLIT","HIGH","1.0000","YES","","YES","3","Otomotiv & Motosiklet > Motosiklet Yedek Parçaları || Otomotiv & Motosiklet > Motosiklet Kask & Koruma Ekipmanları || Otomotiv & Motosiklet > Araç Elektroniği","Otomotiv & Motosiklet","PROVISIONAL_PROPOSAL","SPLIT","MATURITY_ONLY","Legacy umbrella spans multiple exact Wave 32 candidate L2 successors; product-level split rule remains required."
"motosiklet-kaski","3","motosiklet-ekipmani-parcasi","Otomotiv & Motosiklet > Motosiklet Ekipmanı & Parçası > Motosiklet Kaskı","Motosiklet Kaskı","motosiklet-kaski","active","YES","YES","Otomotiv & Motosiklet","Motosiklet Kask & Koruma Ekipmanları","Motosiklet Kaskları","","Otomotiv & Motosiklet > Motosiklet Kask & Koruma Ekipmanları > Motosiklet Kaskları","CANDIDATE_NOT_OWNER_FINAL","RENAME","HIGH","1,0000","YES","REGULATED|safety_critical","YES","1","","Otomotiv & Motosiklet > Motosiklet Kask & Koruma Ekipmanları","PROVISIONAL_PROPOSAL","UNRESOLVED","PREVIOUS_UNRESOLVED_NOW_CANDIDATE_RESOLVED","Wave 32 candidate semantic match; score=1,0000; target remains candidate, not owner-final."
"motosiklet-koruma-giyimi","3","motosiklet-ekipmani-parcasi","Otomotiv & Motosiklet > Motosiklet Ekipmanı & Parçası > Motosiklet Koruma Giyimi","Motosiklet Koruma Giyimi","motosiklet-koruma-giyimi","active","YES","YES","Otomotiv & Motosiklet","Motosiklet Kask & Koruma Ekipmanları","Koruyucu Motosiklet Giyimi","","Otomotiv & Motosiklet > Motosiklet Kask & Koruma Ekipmanları > Koruyucu Motosiklet Giyimi","CANDIDATE_NOT_OWNER_FINAL","RENAME","MEDIUM","0,7267","YES","REGULATED|safety_critical","YES","1","","Otomotiv & Motosiklet > Motosiklet Kask & Koruma Ekipmanları","PROVISIONAL_PROPOSAL","UNRESOLVED","PREVIOUS_UNRESOLVED_NOW_CANDIDATE_RESOLVED","Wave 32 candidate semantic match; score=0,7267; target remains candidate, not owner-final."
"motosiklet-canta-tasima","3","motosiklet-ekipmani-parcasi","Otomotiv & Motosiklet > Motosiklet Ekipmanı & Parçası > Motosiklet Çanta & Taşıma","Motosiklet Çanta & Taşıma","motosiklet-canta-tasima","active","YES","YES","","","","","","CANDIDATE_NOT_OWNER_FINAL","UNRESOLVED","LOW","MANUAL","YES","REGULATED","YES","0","","Otomotiv & Motosiklet","PROVISIONAL_PROPOSAL","UNRESOLVED","TARGET_CHANGED","Motorcycle-fitment luggage/transport is absent from the candidate tree."
"motosiklet-aksesuari","3","motosiklet-ekipmani-parcasi","Otomotiv & Motosiklet > Motosiklet Ekipmanı & Parçası > Motosiklet Aksesuarı","Motosiklet Aksesuarı","motosiklet-aksesuari","active","YES","YES","","","","","","CANDIDATE_NOT_OWNER_FINAL","UNRESOLVED","LOW","MANUAL","YES","REGULATED","YES","0","","Otomotiv & Motosiklet","PROVISIONAL_PROPOSAL","UNRESOLVED","TARGET_CHANGED","Broad motorcycle accessory identity has no complete candidate family."
"motosiklet-yedek-parcasi","3","motosiklet-ekipmani-parcasi","Otomotiv & Motosiklet > Motosiklet Ekipmanı & Parçası > Motosiklet Yedek Parçası","Motosiklet Yedek Parçası","motosiklet-yedek-parcasi","active","YES","YES","Otomotiv & Motosiklet","Motosiklet Yedek Parçaları","Motor Parçaları","","Otomotiv & Motosiklet > Motosiklet Yedek Parçaları > Motor Parçaları","CANDIDATE_NOT_OWNER_FINAL","RENAME","HIGH","1,0000","YES","REGULATED|safety_critical|compatibility_critical","YES","1","","Otomotiv & Motosiklet > Motosiklet Yedek Parçaları","PROVISIONAL_PROPOSAL","UNRESOLVED","PREVIOUS_UNRESOLVED_NOW_CANDIDATE_RESOLVED","Wave 32 candidate semantic match; score=1,0000; target remains candidate, not owner-final."
"motosiklet-lastigi-bakim-urunu","3","motosiklet-ekipmani-parcasi","Otomotiv & Motosiklet > Motosiklet Ekipmanı & Parçası > Motosiklet Lastiği & Bakım Ürünü","Motosiklet Lastiği & Bakım Ürünü","motosiklet-lastigi-bakim-urunu","active","YES","YES","Otomotiv & Motosiklet","Lastik, Jant & Tekerlek Ürünleri","Motosiklet Lastikleri","","Otomotiv & Motosiklet > Lastik, Jant & Tekerlek Ürünleri > Motosiklet Lastikleri","CANDIDATE_NOT_OWNER_FINAL","UNRESOLVED","LOW","MANUAL","YES","REGULATED|REGULATED|safety_critical|hazmat_review|compatibility_critical","YES","0","","Otomotiv & Motosiklet > Motosiklet Yedek Parçaları","PROVISIONAL_PROPOSAL","UNRESOLVED","TARGET_CHANGED","Legacy identity mixes tires and maintenance chemicals; product-level separation is required."
"kisisel-bakim-kozmetik","1","","Kişisel Bakım & Kozmetik","Kişisel Bakım & Kozmetik","kisisel-bakim-kozmetik","active","NO","NO","Kozmetik & Kişisel Bakım","","","","Kozmetik & Kişisel Bakım","CANONICAL_FINAL","RENAME","HIGH","","NO","","YES","1","","Kozmetik & Kişisel Bakım","CANONICAL_FINAL","RENAME","UNCHANGED_FINAL_ANCHOR",""
"cilt-bakimi","2","kisisel-bakim-kozmetik","Kişisel Bakım & Kozmetik > Cilt Bakımı","Cilt Bakımı","cilt-bakimi","active","NO","NO","Kozmetik & Kişisel Bakım","","","","Kozmetik & Kişisel Bakım","CANDIDATE_NOT_OWNER_FINAL","SPLIT","HIGH","1.0000","YES","","YES","2","Kozmetik & Kişisel Bakım > Cilt Bakımı || Kozmetik & Kişisel Bakım > Güneş Bakımı","Kozmetik & Kişisel Bakım","PROVISIONAL_PROPOSAL","SPLIT","MATURITY_ONLY","Legacy umbrella spans multiple exact Wave 32 candidate L2 successors; product-level split rule remains required."
"yuz-temizleyici","3","cilt-bakimi","Kişisel Bakım & Kozmetik > Cilt Bakımı > Yüz Temizleyici","Yüz Temizleyici","yuz-temizleyici","active","YES","YES","Kozmetik & Kişisel Bakım","Cilt Bakımı","Yüz Temizleme","","Kozmetik & Kişisel Bakım > Cilt Bakımı > Yüz Temizleme","CANDIDATE_NOT_OWNER_FINAL","RENAME","MEDIUM","0,5200","YES","REGULATED","YES","1","","Kozmetik & Kişisel Bakım","PROVISIONAL_PROPOSAL","UNRESOLVED","PREVIOUS_UNRESOLVED_NOW_CANDIDATE_RESOLVED","Wave 32 candidate semantic match; score=0,5200; target remains candidate, not owner-final."
"nemlendirici-serum","3","cilt-bakimi","Kişisel Bakım & Kozmetik > Cilt Bakımı > Nemlendirici & Serum","Nemlendirici & Serum","nemlendirici-serum","active","YES","YES","Kozmetik & Kişisel Bakım","","","","Kozmetik & Kişisel Bakım","CANDIDATE_NOT_OWNER_FINAL","SPLIT","MEDIUM","0,9000","YES","","YES","2","Kozmetik & Kişisel Bakım > Cilt Bakımı > Nemlendirici || Kozmetik & Kişisel Bakım > Cilt Bakımı > Serum","Kozmetik & Kişisel Bakım > Cilt Bakımı","PROVISIONAL_PROPOSAL","UNRESOLVED","PREVIOUS_UNRESOLVED_NOW_CANDIDATE_RESOLVED","Legacy combined concept has multiple near-equal Wave 32 candidate successors; no arbitrary single successor selected."
"gunes-koruyucu","3","cilt-bakimi","Kişisel Bakım & Kozmetik > Cilt Bakımı > Güneş Koruyucu","Güneş Koruyucu","gunes-koruyucu","active","YES","YES","Kozmetik & Kişisel Bakım","Güneş Bakımı","Güneş Koruyucu","","Kozmetik & Kişisel Bakım > Güneş Bakımı > Güneş Koruyucu","CANDIDATE_NOT_OWNER_FINAL","KEEP","HIGH","1,0000","YES","claim_sensitive|REGULATED","NO","1","","Kozmetik & Kişisel Bakım > Güneş Bakımı","PROVISIONAL_PROPOSAL","UNRESOLVED","PREVIOUS_UNRESOLVED_NOW_CANDIDATE_RESOLVED","Wave 32 candidate semantic match; score=1,0000; target remains candidate, not owner-final."
"maske-peeling","3","cilt-bakimi","Kişisel Bakım & Kozmetik > Cilt Bakımı > Maske & Peeling","Maske & Peeling","maske-peeling","active","YES","YES","Kozmetik & Kişisel Bakım","Cilt Bakımı","Maske & Peeling","","Kozmetik & Kişisel Bakım > Cilt Bakımı > Maske & Peeling","CANDIDATE_NOT_OWNER_FINAL","KEEP","HIGH","1,0000","YES","REGULATED","NO","1","","Kozmetik & Kişisel Bakım","PROVISIONAL_PROPOSAL","UNRESOLVED","PREVIOUS_UNRESOLVED_NOW_CANDIDATE_RESOLVED","Wave 32 candidate semantic match; score=1,0000; target remains candidate, not owner-final."
"goz-dudak-bakimi","3","cilt-bakimi","Kişisel Bakım & Kozmetik > Cilt Bakımı > Göz & Dudak Bakımı","Göz & Dudak Bakımı","goz-dudak-bakimi","active","YES","YES","Kozmetik & Kişisel Bakım","Cilt Bakımı","Göz & Dudak Çevresi Bakımı","","Kozmetik & Kişisel Bakım > Cilt Bakımı > Göz & Dudak Çevresi Bakımı","CANDIDATE_NOT_OWNER_FINAL","RENAME","MEDIUM","0,8771","YES","REGULATED","YES","1","","Kozmetik & Kişisel Bakım","PROVISIONAL_PROPOSAL","UNRESOLVED","PREVIOUS_UNRESOLVED_NOW_CANDIDATE_RESOLVED","Wave 32 candidate semantic match; score=0,8771; target remains candidate, not owner-final."
"makyaj","2","kisisel-bakim-kozmetik","Kişisel Bakım & Kozmetik > Makyaj","Makyaj","makyaj","active","NO","NO","Kozmetik & Kişisel Bakım","Makyaj","","","Kozmetik & Kişisel Bakım > Makyaj","CANDIDATE_NOT_OWNER_FINAL","KEEP","HIGH","1.0000","YES","REGULATED","NO","1","","Kozmetik & Kişisel Bakım > Makyaj","PROVISIONAL_PROPOSAL","KEEP","MATURITY_ONLY","Previous provisional L2 bridge now resolves to the exact Wave 32 candidate L2; target is not owner-final."
"ten-makyaji","3","makyaj","Kişisel Bakım & Kozmetik > Makyaj > Ten Makyajı","Ten Makyajı","ten-makyaji","active","YES","YES","Kozmetik & Kişisel Bakım","Makyaj","Ten Makyajı","Fondöten","Kozmetik & Kişisel Bakım > Makyaj > Ten Makyajı > Fondöten","CANDIDATE_NOT_OWNER_FINAL","RENAME","HIGH","1,0000","YES","REGULATED","YES","1","","Kozmetik & Kişisel Bakım > Makyaj","PROVISIONAL_PROPOSAL","UNRESOLVED","PREVIOUS_UNRESOLVED_NOW_CANDIDATE_RESOLVED","Wave 32 candidate semantic match; score=1,0000; target remains candidate, not owner-final."
"goz-makyaji","3","makyaj","Kişisel Bakım & Kozmetik > Makyaj > Göz Makyajı","Göz Makyajı","goz-makyaji","active","YES","YES","Kozmetik & Kişisel Bakım","Makyaj","Göz Makyajı","Far","Kozmetik & Kişisel Bakım > Makyaj > Göz Makyajı > Far","CANDIDATE_NOT_OWNER_FINAL","RENAME","HIGH","1,0000","YES","REGULATED","YES","1","","Kozmetik & Kişisel Bakım > Makyaj","PROVISIONAL_PROPOSAL","UNRESOLVED","PREVIOUS_UNRESOLVED_NOW_CANDIDATE_RESOLVED","Wave 32 candidate semantic match; score=1,0000; target remains candidate, not owner-final."
"dudak-makyaji","3","makyaj","Kişisel Bakım & Kozmetik > Makyaj > Dudak Makyajı","Dudak Makyajı","dudak-makyaji","active","YES","YES","Kozmetik & Kişisel Bakım","Makyaj","Dudak Makyajı","Dudak Kalemi","Kozmetik & Kişisel Bakım > Makyaj > Dudak Makyajı > Dudak Kalemi","CANDIDATE_NOT_OWNER_FINAL","RENAME","HIGH","1,0000","YES","REGULATED","YES","1","","Kozmetik & Kişisel Bakım > Makyaj","PROVISIONAL_PROPOSAL","UNRESOLVED","PREVIOUS_UNRESOLVED_NOW_CANDIDATE_RESOLVED","Wave 32 candidate semantic match; score=1,0000; target remains candidate, not owner-final."
"tirnak-urunu","3","makyaj","Kişisel Bakım & Kozmetik > Makyaj > Tırnak Ürünü","Tırnak Ürünü","tirnak-urunu","active","YES","YES","Kozmetik & Kişisel Bakım","Makyaj","Tırnak Makyajı","","Kozmetik & Kişisel Bakım > Makyaj > Tırnak Makyajı","CANDIDATE_NOT_OWNER_FINAL","RENAME","MEDIUM","0,5600","YES","REGULATED","YES","1","","Kozmetik & Kişisel Bakım > Makyaj","PROVISIONAL_PROPOSAL","UNRESOLVED","PREVIOUS_UNRESOLVED_NOW_CANDIDATE_RESOLVED","Wave 32 candidate semantic match; score=0,5600; target remains candidate, not owner-final."
"makyaj-fircasi-sungeri","3","makyaj","Kişisel Bakım & Kozmetik > Makyaj > Makyaj Fırçası & Süngeri","Makyaj Fırçası & Süngeri","makyaj-fircasi-sungeri","active","YES","YES","Kozmetik & Kişisel Bakım","Kozmetik & Bakım Aksesuarları","Makyaj Uygulama Aksesuarları","","Kozmetik & Kişisel Bakım > Kozmetik & Bakım Aksesuarları > Makyaj Uygulama Aksesuarları","CANDIDATE_NOT_OWNER_FINAL","RENAME_AND_MOVE","HIGH","EXPLICIT","YES","REGULATED","YES","1","","Kozmetik & Kişisel Bakım > Makyaj","PROVISIONAL_PROPOSAL","UNRESOLVED","PREVIOUS_UNRESOLVED_NOW_CANDIDATE_RESOLVED","Product-type accessory successor; material/tool subtype remains below runtime scope."
"sac-bakimi-sekillendirme","2","kisisel-bakim-kozmetik","Kişisel Bakım & Kozmetik > Saç Bakımı & Şekillendirme","Saç Bakımı & Şekillendirme","sac-bakimi-sekillendirme","active","NO","NO","Kozmetik & Kişisel Bakım","Saç Bakımı & Şekillendirme","","","Kozmetik & Kişisel Bakım > Saç Bakımı & Şekillendirme","CANDIDATE_NOT_OWNER_FINAL","KEEP","HIGH","1.0000","YES","LEGAL_REVIEW_REQUIRED","NO","1","","Kozmetik & Kişisel Bakım > Saç Bakımı & Şekillendirme","PROVISIONAL_PROPOSAL","KEEP","MATURITY_ONLY","Previous provisional L2 bridge now resolves to the exact Wave 32 candidate L2; target is not owner-final."
"sampuan","3","sac-bakimi-sekillendirme","Kişisel Bakım & Kozmetik > Saç Bakımı & Şekillendirme > Şampuan","Şampuan","sampuan","active","YES","YES","Kozmetik & Kişisel Bakım","Saç Bakımı & Şekillendirme","Şampuan","","Kozmetik & Kişisel Bakım > Saç Bakımı & Şekillendirme > Şampuan","CANDIDATE_NOT_OWNER_FINAL","KEEP","HIGH","1,0000","YES","REGULATED","NO","1","","Kozmetik & Kişisel Bakım > Saç Bakımı & Şekillendirme","PROVISIONAL_PROPOSAL","UNRESOLVED","PREVIOUS_UNRESOLVED_NOW_CANDIDATE_RESOLVED","Wave 32 candidate semantic match; score=1,0000; target remains candidate, not owner-final."
"sac-kremi-maske","3","sac-bakimi-sekillendirme","Kişisel Bakım & Kozmetik > Saç Bakımı & Şekillendirme > Saç Kremi & Maske","Saç Kremi & Maske","sac-kremi-maske","active","YES","YES","Kozmetik & Kişisel Bakım","Saç Bakımı & Şekillendirme","Saç Kremi & Maskesi","","Kozmetik & Kişisel Bakım > Saç Bakımı & Şekillendirme > Saç Kremi & Maskesi","CANDIDATE_NOT_OWNER_FINAL","RENAME","HIGH","1,0000","YES","REGULATED","YES","1","","Kozmetik & Kişisel Bakım > Saç Bakımı & Şekillendirme","PROVISIONAL_PROPOSAL","UNRESOLVED","PREVIOUS_UNRESOLVED_NOW_CANDIDATE_RESOLVED","Wave 32 candidate semantic match; score=1,0000; target remains candidate, not owner-final."
"sac-boyasi-acici","3","sac-bakimi-sekillendirme","Kişisel Bakım & Kozmetik > Saç Bakımı & Şekillendirme > Saç Boyası & Açıcı","Saç Boyası & Açıcı","sac-boyasi-acici","active","YES","YES","Kozmetik & Kişisel Bakım","Saç Bakımı & Şekillendirme","Saç Boyası & Açıcı","","Kozmetik & Kişisel Bakım > Saç Bakımı & Şekillendirme > Saç Boyası & Açıcı","CANDIDATE_NOT_OWNER_FINAL","KEEP","HIGH","1,0000","YES","hazmat_review|claim_sensitive|REGULATED","NO","1","","Kozmetik & Kişisel Bakım > Saç Bakımı & Şekillendirme","PROVISIONAL_PROPOSAL","UNRESOLVED","PREVIOUS_UNRESOLVED_NOW_CANDIDATE_RESOLVED","Wave 32 candidate semantic match; score=1,0000; target remains candidate, not owner-final."
"sac-sekillendirici-urun","3","sac-bakimi-sekillendirme","Kişisel Bakım & Kozmetik > Saç Bakımı & Şekillendirme > Saç Şekillendirici Ürün","Saç Şekillendirici Ürün","sac-sekillendirici-urun","active","YES","YES","Kozmetik & Kişisel Bakım","Saç Bakımı & Şekillendirme","Saç Şekillendirici","","Kozmetik & Kişisel Bakım > Saç Bakımı & Şekillendirme > Saç Şekillendirici","CANDIDATE_NOT_OWNER_FINAL","RENAME","HIGH","1,0000","YES","hazmat_review|REGULATED","YES","1","","Kozmetik & Kişisel Bakım > Saç Bakımı & Şekillendirme","PROVISIONAL_PROPOSAL","UNRESOLVED","PREVIOUS_UNRESOLVED_NOW_CANDIDATE_RESOLVED","Wave 32 candidate semantic match; score=1,0000; target remains candidate, not owner-final."
"tarak-firca-sac-gereci","3","sac-bakimi-sekillendirme","Kişisel Bakım & Kozmetik > Saç Bakımı & Şekillendirme > Tarak, Fırça & Saç Gereci","Tarak, Fırça & Saç Gereci","tarak-firca-sac-gereci","active","YES","YES","Kozmetik & Kişisel Bakım","Kozmetik & Bakım Aksesuarları","Saç Fırçası & Tarak","","Kozmetik & Kişisel Bakım > Kozmetik & Bakım Aksesuarları > Saç Fırçası & Tarak","CANDIDATE_NOT_OWNER_FINAL","RENAME_AND_MOVE","HIGH","EXPLICIT","YES","REGULATED","YES","1","","Kozmetik & Kişisel Bakım > Saç Bakımı & Şekillendirme","PROVISIONAL_PROPOSAL","UNRESOLVED","PREVIOUS_UNRESOLVED_NOW_CANDIDATE_RESOLVED","Explicit grooming accessory successor."
"sac-kurutma-sekillendirme-cihazi","3","sac-bakimi-sekillendirme","Kişisel Bakım & Kozmetik > Saç Bakımı & Şekillendirme > Saç Kurutma & Şekillendirme Cihazı","Saç Kurutma & Şekillendirme Cihazı","sac-kurutma-sekillendirme-cihazi","active","YES","YES","Beyaz Eşya & Ev Aletleri","","","","Beyaz Eşya & Ev Aletleri","CANDIDATE_NOT_OWNER_FINAL","SPLIT","HIGH","EXPLICIT","YES","REGULATED","YES","2","Beyaz Eşya & Ev Aletleri > Elektrikli Kişisel Bakım Cihazları > Saç Bakım Cihazları > Saç Kurutma Makineleri || Beyaz Eşya & Ev Aletleri > Elektrikli Kişisel Bakım Cihazları > Saç Bakım Cihazları > Saç Düzleştirici & Şekillendiriciler","Kozmetik & Kişisel Bakım > Saç Bakımı & Şekillendirme","PROVISIONAL_PROPOSAL","UNRESOLVED","PREVIOUS_UNRESOLVED_NOW_CANDIDATE_RESOLVED","Legacy combined identity spans multiple explicit Wave 32 candidate successors; product-level split rule is required."
"banyo-vucut-hijyen","2","kisisel-bakim-kozmetik","Kişisel Bakım & Kozmetik > Banyo, Vücut & Hijyen","Banyo, Vücut & Hijyen","banyo-vucut-hijyen","active","NO","NO","Kozmetik & Kişisel Bakım","","","","Kozmetik & Kişisel Bakım","CANDIDATE_NOT_OWNER_FINAL","SPLIT","HIGH","1.0000","YES","","YES","3","Kozmetik & Kişisel Bakım > Banyo & Vücut Bakımı || Kozmetik & Kişisel Bakım > Ağız & Diş Bakımı || Kozmetik & Kişisel Bakım > Kişisel Hijyen","Kozmetik & Kişisel Bakım","PROVISIONAL_PROPOSAL","SPLIT","MATURITY_ONLY","Legacy umbrella spans multiple exact Wave 32 candidate L2 successors; product-level split rule remains required."
"sabun-dus-urunu","3","banyo-vucut-hijyen","Kişisel Bakım & Kozmetik > Banyo, Vücut & Hijyen > Sabun & Duş Ürünü","Sabun & Duş Ürünü","sabun-dus-urunu","active","YES","YES","Kozmetik & Kişisel Bakım","Banyo & Vücut Bakımı","Sabun & Duş Ürünleri","","Kozmetik & Kişisel Bakım > Banyo & Vücut Bakımı > Sabun & Duş Ürünleri","CANDIDATE_NOT_OWNER_FINAL","RENAME","HIGH","0,9000","YES","REGULATED","YES","1","","Kozmetik & Kişisel Bakım > Banyo & Vücut Bakımı","PROVISIONAL_PROPOSAL","UNRESOLVED","PREVIOUS_UNRESOLVED_NOW_CANDIDATE_RESOLVED","Wave 32 candidate semantic match; score=0,9000; target remains candidate, not owner-final."
"deodorant-ter-onleyici","3","banyo-vucut-hijyen","Kişisel Bakım & Kozmetik > Banyo, Vücut & Hijyen > Deodorant & Ter Önleyici","Deodorant & Ter Önleyici","deodorant-ter-onleyici","active","YES","YES","Kozmetik & Kişisel Bakım","","","","Kozmetik & Kişisel Bakım","CANDIDATE_NOT_OWNER_FINAL","SPLIT","HIGH","EXPLICIT","YES","hazmat_review|REGULATED|REGULATED","YES","1","Kozmetik & Kişisel Bakım > Parfüm & Deodorant > Deodorant & Terleme Karşıtı","Kozmetik & Kişisel Bakım","PROVISIONAL_PROPOSAL","UNRESOLVED","PREVIOUS_UNRESOLVED_NOW_CANDIDATE_RESOLVED","Legacy combined identity spans multiple explicit Wave 32 candidate successors; product-level split rule is required."
"vucut-bakimi","3","banyo-vucut-hijyen","Kişisel Bakım & Kozmetik > Banyo, Vücut & Hijyen > Vücut Bakımı","Vücut Bakımı","vucut-bakimi","active","YES","YES","Kozmetik & Kişisel Bakım","","","","Kozmetik & Kişisel Bakım","CANDIDATE_NOT_OWNER_FINAL","SPLIT","HIGH","EXPLICIT","YES","REGULATED","YES","5","Kozmetik & Kişisel Bakım > Banyo & Vücut Bakımı > Sabun & Duş Ürünleri || Kozmetik & Kişisel Bakım > Banyo & Vücut Bakımı > Vücut Nemlendirici || Kozmetik & Kişisel Bakım > Banyo & Vücut Bakımı > Vücut Peelingi || Kozmetik & Kişisel Bakım > Banyo & Vücut Bakımı > Banyo Ürünleri || Kozmetik & Kişisel Bakım > Banyo & Vücut Bakımı > Vücut Yağı","Kozmetik & Kişisel Bakım > Banyo & Vücut Bakımı","PROVISIONAL_PROPOSAL","UNRESOLVED","PREVIOUS_UNRESOLVED_NOW_CANDIDATE_RESOLVED","Legacy combined identity spans multiple explicit Wave 32 candidate successors; product-level split rule is required."
"agiz-bakimi","3","banyo-vucut-hijyen","Kişisel Bakım & Kozmetik > Banyo, Vücut & Hijyen > Ağız Bakımı","Ağız Bakımı","agiz-bakimi","active","YES","YES","Kozmetik & Kişisel Bakım","Ağız & Diş Bakımı","Diş Macunu","","Kozmetik & Kişisel Bakım > Ağız & Diş Bakımı > Diş Macunu","CANDIDATE_NOT_OWNER_FINAL","RENAME","HIGH","1,0000","YES","REGULATED","YES","1","","Kozmetik & Kişisel Bakım > Ağız & Diş Bakımı","PROVISIONAL_PROPOSAL","UNRESOLVED","PREVIOUS_UNRESOLVED_NOW_CANDIDATE_RESOLVED","Wave 32 candidate semantic match; score=1,0000; target remains candidate, not owner-final."
"kadin-hijyen-urunu","3","banyo-vucut-hijyen","Kişisel Bakım & Kozmetik > Banyo, Vücut & Hijyen > Kadın Hijyen Ürünü","Kadın Hijyen Ürünü","kadin-hijyen-urunu","active","YES","YES","Kozmetik & Kişisel Bakım","Kişisel Hijyen","Menstrüel Hijyen","","Kozmetik & Kişisel Bakım > Kişisel Hijyen > Menstrüel Hijyen","CANDIDATE_NOT_OWNER_FINAL","RENAME","HIGH","EXPLICIT","YES","LEGAL_REVIEW_REQUIRED|REGULATED","YES","1","","Kozmetik & Kişisel Bakım > Kişisel Hijyen","PROVISIONAL_PROPOSAL","UNRESOLVED","PREVIOUS_UNRESOLVED_NOW_CANDIDATE_RESOLVED","Corrects a false incontinence match."
"pamuk-mendil-bakim-sarfi","3","banyo-vucut-hijyen","Kişisel Bakım & Kozmetik > Banyo, Vücut & Hijyen > Pamuk, Mendil & Bakım Sarfı","Pamuk, Mendil & Bakım Sarfı","pamuk-mendil-bakim-sarfi","active","YES","YES","Kozmetik & Kişisel Bakım","Kişisel Hijyen","Islak Mendil","","Kozmetik & Kişisel Bakım > Kişisel Hijyen > Islak Mendil","CANDIDATE_NOT_OWNER_FINAL","RENAME","HIGH","1,0000","YES","REGULATED","YES","1","","Kozmetik & Kişisel Bakım > Kişisel Hijyen","PROVISIONAL_PROPOSAL","UNRESOLVED","PREVIOUS_UNRESOLVED_NOW_CANDIDATE_RESOLVED","Wave 32 candidate semantic match; score=1,0000; target remains candidate, not owner-final."
"parfum-tiras-el-ayak-bakimi","2","kisisel-bakim-kozmetik","Kişisel Bakım & Kozmetik > Parfüm, Tıraş & El-Ayak Bakımı","Parfüm, Tıraş & El-Ayak Bakımı","parfum-tiras-el-ayak-bakimi","active","NO","NO","Kozmetik & Kişisel Bakım","","","","Kozmetik & Kişisel Bakım","CANDIDATE_NOT_OWNER_FINAL","SPLIT","HIGH","1.0000","YES","","YES","4","Kozmetik & Kişisel Bakım > Parfüm & Deodorant || Kozmetik & Kişisel Bakım > El, Ayak & Tırnak Bakımı || Kozmetik & Kişisel Bakım > Tıraş, Ağda & Epilasyon || Kozmetik & Kişisel Bakım > Kozmetik & Bakım Aksesuarları","Kozmetik & Kişisel Bakım","PROVISIONAL_PROPOSAL","SPLIT","MATURITY_ONLY","Legacy umbrella spans multiple exact Wave 32 candidate L2 successors; product-level split rule remains required."
"parfum","3","parfum-tiras-el-ayak-bakimi","Kişisel Bakım & Kozmetik > Parfüm, Tıraş & El-Ayak Bakımı > Parfüm","Parfüm","parfum","active","YES","YES","Kozmetik & Kişisel Bakım","Parfüm & Deodorant","Parfüm","","Kozmetik & Kişisel Bakım > Parfüm & Deodorant > Parfüm","CANDIDATE_NOT_OWNER_FINAL","KEEP","HIGH","1,0000","YES","hazmat_review|REGULATED","NO","1","","Kozmetik & Kişisel Bakım > Parfüm & Deodorant","PROVISIONAL_PROPOSAL","UNRESOLVED","PREVIOUS_UNRESOLVED_NOW_CANDIDATE_RESOLVED","Wave 32 candidate semantic match; score=1,0000; target remains candidate, not owner-final."
"kolonya-vucut-spreyi","3","parfum-tiras-el-ayak-bakimi","Kişisel Bakım & Kozmetik > Parfüm, Tıraş & El-Ayak Bakımı > Kolonya & Vücut Spreyi","Kolonya & Vücut Spreyi","kolonya-vucut-spreyi","active","YES","YES","Kozmetik & Kişisel Bakım","Parfüm & Deodorant","Vücut Spreyi & Kolonya","","Kozmetik & Kişisel Bakım > Parfüm & Deodorant > Vücut Spreyi & Kolonya","CANDIDATE_NOT_OWNER_FINAL","RENAME_AND_MOVE","HIGH","1,0000","YES","hazmat_review|REGULATED","YES","1","","Kozmetik & Kişisel Bakım","PROVISIONAL_PROPOSAL","UNRESOLVED","PREVIOUS_UNRESOLVED_NOW_CANDIDATE_RESOLVED","Wave 32 candidate semantic match; score=1,0000; target remains candidate, not owner-final."
"tiras-urunu","3","parfum-tiras-el-ayak-bakimi","Kişisel Bakım & Kozmetik > Parfüm, Tıraş & El-Ayak Bakımı > Tıraş Ürünü","Tıraş Ürünü","tiras-urunu","active","YES","YES","Kozmetik & Kişisel Bakım","","","","Kozmetik & Kişisel Bakım","CANDIDATE_NOT_OWNER_FINAL","SPLIT","HIGH","EXPLICIT","YES","REGULATED","YES","2","Kozmetik & Kişisel Bakım > Tıraş, Ağda & Epilasyon > Manuel Tıraş Bıçağı & Yedekleri || Kozmetik & Kişisel Bakım > Tıraş, Ağda & Epilasyon > Tıraş Hazırlık & Bakım Ürünleri","Kozmetik & Kişisel Bakım > Tıraş, Ağda & Epilasyon","PROVISIONAL_PROPOSAL","UNRESOLVED","PREVIOUS_UNRESOLVED_NOW_CANDIDATE_RESOLVED","Legacy combined identity spans multiple explicit Wave 32 candidate successors; product-level split rule is required."
"agda-tuy-alma-urunu","3","parfum-tiras-el-ayak-bakimi","Kişisel Bakım & Kozmetik > Parfüm, Tıraş & El-Ayak Bakımı > Ağda & Tüy Alma Ürünü","Ağda & Tüy Alma Ürünü","agda-tuy-alma-urunu","active","YES","YES","Kozmetik & Kişisel Bakım","","","","Kozmetik & Kişisel Bakım","CANDIDATE_NOT_OWNER_FINAL","SPLIT","MEDIUM","1,0000","YES","","YES","2","Kozmetik & Kişisel Bakım > Tıraş, Ağda & Epilasyon > Ağda Ürünleri || Kozmetik & Kişisel Bakım > Tıraş, Ağda & Epilasyon > Tüy Dökücü Ürünler","Kozmetik & Kişisel Bakım > Tıraş, Ağda & Epilasyon","PROVISIONAL_PROPOSAL","UNRESOLVED","PREVIOUS_UNRESOLVED_NOW_CANDIDATE_RESOLVED","Legacy combined concept has multiple near-equal Wave 32 candidate successors; no arbitrary single successor selected."
"manikur-pedikur-gereci","3","parfum-tiras-el-ayak-bakimi","Kişisel Bakım & Kozmetik > Parfüm, Tıraş & El-Ayak Bakımı > Manikür & Pedikür Gereci","Manikür & Pedikür Gereci","manikur-pedikur-gereci","active","YES","YES","Kozmetik & Kişisel Bakım","El, Ayak & Tırnak Bakımı","Manikür & Pedikür Bakım Ürünleri","","Kozmetik & Kişisel Bakım > El, Ayak & Tırnak Bakımı > Manikür & Pedikür Bakım Ürünleri","CANDIDATE_NOT_OWNER_FINAL","RENAME","MEDIUM","0,7267","YES","REGULATED","YES","1","","Kozmetik & Kişisel Bakım > El, Ayak & Tırnak Bakımı","PROVISIONAL_PROPOSAL","UNRESOLVED","PREVIOUS_UNRESOLVED_NOW_CANDIDATE_RESOLVED","Wave 32 candidate semantic match; score=0,7267; target remains candidate, not owner-final."
"tiras-epilasyon-cihazi","3","parfum-tiras-el-ayak-bakimi","Kişisel Bakım & Kozmetik > Parfüm, Tıraş & El-Ayak Bakımı > Tıraş & Epilasyon Cihazı","Tıraş & Epilasyon Cihazı","tiras-epilasyon-cihazi","active","YES","YES","Beyaz Eşya & Ev Aletleri","","","","Beyaz Eşya & Ev Aletleri","CANDIDATE_NOT_OWNER_FINAL","SPLIT","HIGH","EXPLICIT","YES","REGULATED","YES","2","Beyaz Eşya & Ev Aletleri > Elektrikli Kişisel Bakım Cihazları > Tıraş & Saç Kesme Cihazları > Tıraş Makineleri || Beyaz Eşya & Ev Aletleri > Elektrikli Kişisel Bakım Cihazları > Epilasyon Cihazları","Kozmetik & Kişisel Bakım > Tıraş, Ağda & Epilasyon","PROVISIONAL_PROPOSAL","UNRESOLVED","PREVIOUS_UNRESOLVED_NOW_CANDIDATE_RESOLVED","Legacy combined identity spans multiple explicit Wave 32 candidate successors; product-level split rule is required."
"bebek-cocuk","1","","Bebek & Çocuk","Bebek & Çocuk","bebek-cocuk","active","NO","NO","Anne & Bebek","","","","Anne & Bebek","CANONICAL_FINAL","RENAME","HIGH","","NO","","YES","1","","Anne & Bebek","CANONICAL_FINAL","RENAME","UNCHANGED_FINAL_ANCHOR",""
"bebek-bezi-bakim","2","bebek-cocuk","Bebek & Çocuk > Bebek Bezi & Bakım","Bebek Bezi & Bakım","bebek-bezi-bakim","active","NO","NO","Anne & Bebek","","","","Anne & Bebek","CANDIDATE_NOT_OWNER_FINAL","SPLIT","HIGH","1.0000","YES","","YES","2","Anne & Bebek > Bebek Bezi & Alt Bakım || Anne & Bebek > Bebek Banyo, Bakım & Hijyen","Anne & Bebek","PROVISIONAL_PROPOSAL","SPLIT","MATURITY_ONLY","Legacy umbrella spans multiple exact Wave 32 candidate L2 successors; product-level split rule remains required."
"bebek-bezi","3","bebek-bezi-bakim","Bebek & Çocuk > Bebek Bezi & Bakım > Bebek Bezi","Bebek Bezi","bebek-bezi","active","YES","YES","Anne & Bebek","","","","Anne & Bebek","CANDIDATE_NOT_OWNER_FINAL","SPLIT","HIGH","EXPLICIT","YES","REGULATED","YES","3","Anne & Bebek > Bebek Bezi & Alt Bakım > Bebek Bezleri > Tek Kullanımlık Bebek Bezleri || Anne & Bebek > Bebek Bezi & Alt Bakım > Bebek Bezleri > Yıkanabilir Bebek Bezleri || Anne & Bebek > Bebek Bezi & Alt Bakım > Bebek Bezleri > Yüzme Bezleri","Anne & Bebek > Bebek Bezi & Alt Bakım","PROVISIONAL_PROPOSAL","UNRESOLVED","PREVIOUS_UNRESOLVED_NOW_CANDIDATE_RESOLVED","Legacy combined identity spans multiple explicit Wave 32 candidate successors; product-level split rule is required."
"bebek-islak-mendili","3","bebek-bezi-bakim","Bebek & Çocuk > Bebek Bezi & Bakım > Bebek Islak Mendili","Bebek Islak Mendili","bebek-islak-mendili","active","YES","YES","Anne & Bebek","Bebek Bezi & Alt Bakım","Bebek Islak Mendil & Temizleme Ürünleri","","Anne & Bebek > Bebek Bezi & Alt Bakım > Bebek Islak Mendil & Temizleme Ürünleri","CANDIDATE_NOT_OWNER_FINAL","RENAME_AND_MOVE","MEDIUM","0,8771","YES","REGULATED","YES","1","","Anne & Bebek","PROVISIONAL_PROPOSAL","UNRESOLVED","PREVIOUS_UNRESOLVED_NOW_CANDIDATE_RESOLVED","Wave 32 candidate semantic match; score=0,8771; target remains candidate, not owner-final."
"bebek-cilt-bakimi","3","bebek-bezi-bakim","Bebek & Çocuk > Bebek Bezi & Bakım > Bebek Cilt Bakımı","Bebek Cilt Bakımı","bebek-cilt-bakimi","active","YES","YES","Anne & Bebek","Bebek Bezi & Alt Bakım","Alt Bakım Koruma Ürünleri","","Anne & Bebek > Bebek Bezi & Alt Bakım > Alt Bakım Koruma Ürünleri","CANDIDATE_NOT_OWNER_FINAL","RENAME_AND_MOVE","HIGH","EXPLICIT","YES","claim_sensitive|REGULATED|LEGAL_REVIEW_REQUIRED","YES","1","","Anne & Bebek > Bebek Banyo, Bakım & Hijyen","PROVISIONAL_PROPOSAL","UNRESOLVED","PREVIOUS_UNRESOLVED_NOW_CANDIDATE_RESOLVED","Candidate only covers non-medical diaper-area protection; broader cosmetics require item review."
"bebek-banyo-urunu","3","bebek-bezi-bakim","Bebek & Çocuk > Bebek Bezi & Bakım > Bebek Banyo Ürünü","Bebek Banyo Ürünü","bebek-banyo-urunu","active","YES","YES","Anne & Bebek","","","","Anne & Bebek","CANDIDATE_NOT_OWNER_FINAL","SPLIT","HIGH","EXPLICIT","YES","REGULATED","YES","4","Anne & Bebek > Bebek Banyo, Bakım & Hijyen > Bebek Küveti & Banyo Destekleri || Anne & Bebek > Bebek Banyo, Bakım & Hijyen > Bebek Havlusu & Banyo Tekstili || Anne & Bebek > Bebek Banyo, Bakım & Hijyen > Bebek Bakım Setleri || Anne & Bebek > Bebek Banyo, Bakım & Hijyen > Bebek Hijyen Aksesuarları","Anne & Bebek > Bebek Banyo, Bakım & Hijyen","PROVISIONAL_PROPOSAL","UNRESOLVED","PREVIOUS_UNRESOLVED_NOW_CANDIDATE_RESOLVED","Legacy combined identity spans multiple explicit Wave 32 candidate successors; product-level split rule is required."
"alt-degistirme-bakim-gereci","3","bebek-bezi-bakim","Bebek & Çocuk > Bebek Bezi & Bakım > Alt Değiştirme & Bakım Gereci","Alt Değiştirme & Bakım Gereci","alt-degistirme-bakim-gereci","active","YES","YES","Anne & Bebek","Bebek Banyo, Bakım & Hijyen","Bebek Bakım Setleri","","Anne & Bebek > Bebek Banyo, Bakım & Hijyen > Bebek Bakım Setleri","CANDIDATE_NOT_OWNER_FINAL","RENAME","MEDIUM","0,8600","YES","REGULATED","YES","1","","Anne & Bebek > Bebek Banyo, Bakım & Hijyen","PROVISIONAL_PROPOSAL","UNRESOLVED","PREVIOUS_UNRESOLVED_NOW_CANDIDATE_RESOLVED","Wave 32 candidate semantic match; score=0,8600; target remains candidate, not owner-final."
"bebek-beslenme","2","bebek-cocuk","Bebek & Çocuk > Bebek Beslenme","Bebek Beslenme","bebek-beslenme","active","NO","NO","Anne & Bebek","","","","Anne & Bebek","CANDIDATE_NOT_OWNER_FINAL","SPLIT","HIGH","1.0000","YES","","YES","2","Anne & Bebek > Bebek Beslenme || Anne & Bebek > Emzirme & Anne Sütü Ürünleri","Anne & Bebek","PROVISIONAL_PROPOSAL","SPLIT","MATURITY_ONLY","Legacy umbrella spans multiple exact Wave 32 candidate L2 successors; product-level split rule remains required."
"biberon-biberon-aksesuari","3","bebek-beslenme","Bebek & Çocuk > Bebek Beslenme > Biberon & Biberon Aksesuarı","Biberon & Biberon Aksesuarı","biberon-biberon-aksesuari","active","YES","YES","Anne & Bebek","","","","Anne & Bebek","CANDIDATE_NOT_OWNER_FINAL","SPLIT","HIGH","EXPLICIT","YES","age_sensitive|safety_critical|REGULATED|REGULATED|REGULATED|REGULATED","YES","3","Anne & Bebek > Bebek Beslenme > Biberon & Aksesuarları > Biberonlar || Anne & Bebek > Bebek Beslenme > Biberon & Aksesuarları > Biberon Emzikleri || Anne & Bebek > Bebek Beslenme > Biberon & Aksesuarları > Biberon Temizleme & Hazırlama Aksesuarları","Anne & Bebek","PROVISIONAL_PROPOSAL","UNRESOLVED","PREVIOUS_UNRESOLVED_NOW_CANDIDATE_RESOLVED","Legacy combined identity spans multiple explicit Wave 32 candidate successors; product-level split rule is required."
"mama-sandalyesi","3","bebek-beslenme","Bebek & Çocuk > Bebek Beslenme > Mama Sandalyesi","Mama Sandalyesi","mama-sandalyesi","active","YES","YES","Anne & Bebek","Bebek Beslenme","Mama Sandalyeleri","","Anne & Bebek > Bebek Beslenme > Mama Sandalyeleri","CANDIDATE_NOT_OWNER_FINAL","RENAME","HIGH","1,0000","YES","REGULATED|safety_critical","YES","1","","Anne & Bebek > Bebek Beslenme","PROVISIONAL_PROPOSAL","UNRESOLVED","PREVIOUS_UNRESOLVED_NOW_CANDIDATE_RESOLVED","Wave 32 candidate semantic match; score=1,0000; target remains candidate, not owner-final."
"bebek-tabak-kasik-suluk","3","bebek-beslenme","Bebek & Çocuk > Bebek Beslenme > Bebek Tabak, Kaşık & Suluk","Bebek Tabak, Kaşık & Suluk","bebek-tabak-kasik-suluk","active","YES","YES","Anne & Bebek","Bebek Beslenme","Bebek Sofra Ürünleri & Alıştırma Bardakları","","Anne & Bebek > Bebek Beslenme > Bebek Sofra Ürünleri & Alıştırma Bardakları","CANDIDATE_NOT_OWNER_FINAL","RENAME","HIGH","EXPLICIT","YES","LEGAL_REVIEW_REQUIRED|REGULATED","YES","1","","Anne & Bebek > Bebek Beslenme","PROVISIONAL_PROPOSAL","UNRESOLVED","PREVIOUS_UNRESOLVED_NOW_CANDIDATE_RESOLVED","Explicit feeding-product aggregate."
"gogus-pompasi-emzirme-urunu","3","bebek-beslenme","Bebek & Çocuk > Bebek Beslenme > Göğüs Pompası & Emzirme Ürünü","Göğüs Pompası & Emzirme Ürünü","gogus-pompasi-emzirme-urunu","active","YES","YES","Anne & Bebek","","","","Anne & Bebek","CANDIDATE_NOT_OWNER_FINAL","SPLIT","MEDIUM","0,6314","YES","","YES","2","Anne & Bebek > Emzirme & Anne Sütü Ürünleri > Göğüs Pompaları > Elektrikli Göğüs Pompaları || Anne & Bebek > Emzirme & Anne Sütü Ürünleri > Göğüs Pompaları > Manuel Göğüs Pompaları","Anne & Bebek > Emzirme & Anne Sütü Ürünleri","PROVISIONAL_PROPOSAL","UNRESOLVED","PREVIOUS_UNRESOLVED_NOW_CANDIDATE_RESOLVED","Legacy combined concept has multiple near-equal Wave 32 candidate successors; no arbitrary single successor selected."
"bebek-mamasi-ek-gida","3","bebek-beslenme","Bebek & Çocuk > Bebek Beslenme > Bebek Maması & Ek Gıda","Bebek Maması & Ek Gıda","bebek-mamasi-ek-gida","active","YES","YES","Anne & Bebek","","","","Anne & Bebek","CANDIDATE_NOT_OWNER_FINAL","SPLIT","MEDIUM","0,9171","YES","regulated_review|claim_sensitive","YES","2","Anne & Bebek > Bebek Beslenme > Bebek Formülü & Yaşa Özgü Gıdalar > Bebek Tahıl & Ek Gıdaları || Anne & Bebek > Bebek Beslenme > Mama Sandalyeleri","Anne & Bebek > Bebek Beslenme","PROVISIONAL_PROPOSAL","UNRESOLVED","PREVIOUS_UNRESOLVED_NOW_CANDIDATE_RESOLVED","Legacy combined concept has multiple near-equal Wave 32 candidate successors; no arbitrary single successor selected."
"bebek-tasima-guvenlik","2","bebek-cocuk","Bebek & Çocuk > Bebek Taşıma & Güvenlik","Bebek Taşıma & Güvenlik","bebek-tasima-guvenlik","active","NO","NO","Anne & Bebek","","","","Anne & Bebek","CANDIDATE_NOT_OWNER_FINAL","SPLIT","HIGH","1.0000","YES","","YES","3","Anne & Bebek > Bebek Arabaları & Taşıma || Anne & Bebek > Oto Koltukları & Seyahat Güvenliği || Anne & Bebek > Bebek Güvenlik & Ev İçi Koruma","Anne & Bebek","PROVISIONAL_PROPOSAL","SPLIT","MATURITY_ONLY","Legacy umbrella spans multiple exact Wave 32 candidate L2 successors; product-level split rule remains required."
"bebek-arabasi","3","bebek-tasima-guvenlik","Bebek & Çocuk > Bebek Taşıma & Güvenlik > Bebek Arabası","Bebek Arabası","bebek-arabasi","active","YES","YES","Anne & Bebek","Bebek Arabaları & Taşıma","Bebek Arabası Aksesuarları","","Anne & Bebek > Bebek Arabaları & Taşıma > Bebek Arabası Aksesuarları","CANDIDATE_NOT_OWNER_FINAL","RENAME","HIGH","1,0000","YES","REGULATED|safety_critical","YES","1","","Anne & Bebek > Bebek Arabaları & Taşıma","PROVISIONAL_PROPOSAL","UNRESOLVED","PREVIOUS_UNRESOLVED_NOW_CANDIDATE_RESOLVED","Wave 32 candidate semantic match; score=1,0000; target remains candidate, not owner-final."
"bebek-oto-koltugu-yukseltici","3","bebek-tasima-guvenlik","Bebek & Çocuk > Bebek Taşıma & Güvenlik > Oto Koltuğu & Yükseltici","Oto Koltuğu & Yükseltici","bebek-oto-koltugu-yukseltici","active","YES","YES","Anne & Bebek","","","","Anne & Bebek","CANDIDATE_NOT_OWNER_FINAL","SPLIT","HIGH","EXPLICIT","YES","REGULATED|REGULATED|safety_critical|compatibility_critical","YES","2","Anne & Bebek > Oto Koltukları & Seyahat Güvenliği > Bebek & Çocuk Oto Koltukları || Anne & Bebek > Oto Koltukları & Seyahat Güvenliği > Yükseltici Koltuklar","Anne & Bebek","PROVISIONAL_PROPOSAL","UNRESOLVED","PREVIOUS_UNRESOLVED_NOW_CANDIDATE_RESOLVED","Legacy combined identity spans multiple explicit Wave 32 candidate successors; product-level split rule is required."
"ana-kucagi-bebek-tasiyici","3","bebek-tasima-guvenlik","Bebek & Çocuk > Bebek Taşıma & Güvenlik > Ana Kucağı & Bebek Taşıyıcı","Ana Kucağı & Bebek Taşıyıcı","ana-kucagi-bebek-tasiyici","active","YES","YES","Anne & Bebek","","","","Anne & Bebek","CANDIDATE_NOT_OWNER_FINAL","SPLIT","HIGH","EXPLICIT","YES","REGULATED|REGULATED|REGULATED|safety_critical","YES","2","Anne & Bebek > Bebek Arabaları & Taşıma > Puset & Portbebeler || Anne & Bebek > Bebek Arabaları & Taşıma > Kanguru, Sling & Taşıyıcılar","Anne & Bebek > Bebek Arabaları & Taşıma","PROVISIONAL_PROPOSAL","UNRESOLVED","PREVIOUS_UNRESOLVED_NOW_CANDIDATE_RESOLVED","Legacy combined identity spans multiple explicit Wave 32 candidate successors; product-level split rule is required."
"park-yatak-seyahat-yatagi","3","bebek-tasima-guvenlik","Bebek & Çocuk > Bebek Taşıma & Güvenlik > Park Yatak & Seyahat Yatağı","Park Yatak & Seyahat Yatağı","park-yatak-seyahat-yatagi","active","YES","YES","Anne & Bebek","Bebek Odası & Uyku","Park Yataklar","","Anne & Bebek > Bebek Odası & Uyku > Park Yataklar","CANDIDATE_NOT_OWNER_FINAL","RENAME","HIGH","EXPLICIT","YES","REGULATED|REGULATED|safety_critical","YES","1","","Anne & Bebek > Oto Koltukları & Seyahat Güvenliği","PROVISIONAL_PROPOSAL","UNRESOLVED","PREVIOUS_UNRESOLVED_NOW_CANDIDATE_RESOLVED","Travel use is a facet of the park-bed candidate."
"ev-ici-bebek-guvenligi","3","bebek-tasima-guvenlik","Bebek & Çocuk > Bebek Taşıma & Güvenlik > Ev İçi Bebek Güvenliği","Ev İçi Bebek Güvenliği","ev-ici-bebek-guvenligi","active","YES","YES","Anne & Bebek","Bebek Güvenlik & Ev İçi Koruma","Priz Koruyucuları","","Anne & Bebek > Bebek Güvenlik & Ev İçi Koruma > Priz Koruyucuları","CANDIDATE_NOT_OWNER_FINAL","RENAME","HIGH","1,0000","YES","REGULATED|safety_critical","YES","1","","Anne & Bebek > Bebek Güvenlik & Ev İçi Koruma","PROVISIONAL_PROPOSAL","UNRESOLVED","PREVIOUS_UNRESOLVED_NOW_CANDIDATE_RESOLVED","Wave 32 candidate semantic match; score=1,0000; target remains candidate, not owner-final."
"bebek-odasi-gelisim-gerecleri","2","bebek-cocuk","Bebek & Çocuk > Bebek Odası & Gelişim Gereçleri","Bebek Odası & Gelişim Gereçleri","bebek-odasi-gelisim-gerecleri","active","NO","NO","Anne & Bebek","","","","Anne & Bebek","CANDIDATE_NOT_OWNER_FINAL","SPLIT","HIGH","1.0000","YES","","YES","3","Anne & Bebek > Bebek Odası & Uyku || Anne & Bebek > Bebek Güvenlik & Ev İçi Koruma || Anne & Bebek > Hamilelik & Lohusalık Ürünleri","Anne & Bebek","PROVISIONAL_PROPOSAL","SPLIT","MATURITY_ONLY","Legacy umbrella spans multiple exact Wave 32 candidate L2 successors; product-level split rule remains required."
"bebek-besigi-karyolasi","3","bebek-odasi-gelisim-gerecleri","Bebek & Çocuk > Bebek Odası & Gelişim Gereçleri > Bebek Beşiği & Karyolası","Bebek Beşiği & Karyolası","bebek-besigi-karyolasi","active","YES","YES","Anne & Bebek","Bebek Odası & Uyku","Beşik & Bebek Karyolaları","Beşikler","Anne & Bebek > Bebek Odası & Uyku > Beşik & Bebek Karyolaları > Beşikler","CANDIDATE_NOT_OWNER_FINAL","RENAME","HIGH","1,0000","YES","REGULATED|safety_critical","YES","1","","Anne & Bebek > Bebek Odası & Uyku","PROVISIONAL_PROPOSAL","UNRESOLVED","PREVIOUS_UNRESOLVED_NOW_CANDIDATE_RESOLVED","Wave 32 candidate semantic match; score=1,0000; target remains candidate, not owner-final."
"bebek-yatagi-uyku-tekstili","3","bebek-odasi-gelisim-gerecleri","Bebek & Çocuk > Bebek Odası & Gelişim Gereçleri > Bebek Yatağı & Uyku Tekstili","Bebek Yatağı & Uyku Tekstili","bebek-yatagi-uyku-tekstili","active","YES","YES","Anne & Bebek","Bebek Odası & Uyku","Bebek Uyku Tekstili & Uyku Tulumları","","Anne & Bebek > Bebek Odası & Uyku > Bebek Uyku Tekstili & Uyku Tulumları","CANDIDATE_NOT_OWNER_FINAL","RENAME","MEDIUM","0,8100","YES","REGULATED|safety_critical","YES","1","","Anne & Bebek > Bebek Odası & Uyku","PROVISIONAL_PROPOSAL","UNRESOLVED","PREVIOUS_UNRESOLVED_NOW_CANDIDATE_RESOLVED","Wave 32 candidate semantic match; score=0,8100; target remains candidate, not owner-final."
"bebek-odasi-mobilyasi","3","bebek-odasi-gelisim-gerecleri","Bebek & Çocuk > Bebek Odası & Gelişim Gereçleri > Bebek Odası Mobilyası","Bebek Odası Mobilyası","bebek-odasi-mobilyasi","active","YES","YES","Anne & Bebek","Bebek Odası & Uyku","Alt Değiştirme Mobilyaları","","Anne & Bebek > Bebek Odası & Uyku > Alt Değiştirme Mobilyaları","CANDIDATE_NOT_OWNER_FINAL","UNRESOLVED","LOW","MANUAL","YES","REGULATED","YES","0","","Anne & Bebek > Bebek Odası & Uyku","PROVISIONAL_PROPOSAL","UNRESOLVED","TARGET_CHANGED","Candidate only covers one subset of the broad legacy room-furniture identity."
"lazimlik-tuvalet-egitimi","3","bebek-odasi-gelisim-gerecleri","Bebek & Çocuk > Bebek Odası & Gelişim Gereçleri > Lazımlık & Tuvalet Eğitimi","Lazımlık & Tuvalet Eğitimi","lazimlik-tuvalet-egitimi","active","YES","YES","","","","","","CANDIDATE_NOT_OWNER_FINAL","UNRESOLVED","LOW","MANUAL","YES","REGULATED","YES","0","","Anne & Bebek","PROVISIONAL_PROPOSAL","UNRESOLVED","TARGET_CHANGED","No potty/toilet-training product family exists in the candidate tree."
"emzik-dis-kasiyici","3","bebek-odasi-gelisim-gerecleri","Bebek & Çocuk > Bebek Odası & Gelişim Gereçleri > Emzik & Diş Kaşıyıcı","Emzik & Diş Kaşıyıcı","emzik-dis-kasiyici","active","YES","YES","<MULTIPLE_CANDIDATE_DOMAINS>","","","","<MULTIPLE_CANDIDATE_DOMAINS>","CANDIDATE_NOT_OWNER_FINAL","SPLIT","HIGH","EXPLICIT","YES","age_sensitive|safety_critical|REGULATED|REGULATED|REGULATED","YES","2","Anne & Bebek > Bebek Beslenme > Emzikler || Oyuncak & Hobi > Bebek & Okul Öncesi Oyuncaklar > Çıngırak & Diş Kaşıma Oyuncakları","Anne & Bebek","PROVISIONAL_PROPOSAL","UNRESOLVED","PREVIOUS_UNRESOLVED_NOW_CANDIDATE_RESOLVED","Legacy combined identity spans multiple explicit Wave 32 candidate successors; product-level split rule is required."
"oyuncak-hobi-muzik","1","","Oyuncak, Hobi & Müzik","Oyuncak, Hobi & Müzik","oyuncak-hobi-muzik","active","NO","NO","<MULTIPLE_TARGETS>","","","","<MULTIPLE_TARGETS>","CANONICAL_FINAL","SPLIT","HIGH","EXPLICIT","NO","","YES","2","Oyuncak & Hobi || Müzik & Enstrüman","","CANONICAL_FINAL","SPLIT","UNCHANGED_FINAL_ANCHOR","Existing owner-final L1 split."
"erken-yas-egitici-oyuncak","2","oyuncak-hobi-muzik","Oyuncak, Hobi & Müzik > Erken Yaş & Eğitici Oyuncak","Erken Yaş & Eğitici Oyuncak","erken-yas-egitici-oyuncak","active","NO","NO","Oyuncak & Hobi","","","","Oyuncak & Hobi","CANDIDATE_NOT_OWNER_FINAL","SPLIT","HIGH","1.0000","YES","","YES","2","Oyuncak & Hobi > Bebek & Okul Öncesi Oyuncaklar || Oyuncak & Hobi > Eğitici, Bilim & Keşif Oyuncakları","Oyuncak & Hobi","PROVISIONAL_PROPOSAL","SPLIT","MATURITY_ONLY","Legacy umbrella spans multiple exact Wave 32 candidate L2 successors; product-level split rule remains required."
"bebek-oyuncagi","3","erken-yas-egitici-oyuncak","Oyuncak, Hobi & Müzik > Erken Yaş & Eğitici Oyuncak > Bebek Oyuncağı","Bebek Oyuncağı","bebek-oyuncagi","active","YES","YES","Oyuncak & Hobi","Bebek & Okul Öncesi Oyuncaklar","Çıngırak & Diş Kaşıma Oyuncakları","","Oyuncak & Hobi > Bebek & Okul Öncesi Oyuncaklar > Çıngırak & Diş Kaşıma Oyuncakları","CANDIDATE_NOT_OWNER_FINAL","RENAME","HIGH","0,9000","YES","age_sensitive|REGULATED","YES","1","","Oyuncak & Hobi > Bebek & Okul Öncesi Oyuncaklar","PROVISIONAL_PROPOSAL","UNRESOLVED","PREVIOUS_UNRESOLVED_NOW_CANDIDATE_RESOLVED","Wave 32 candidate semantic match; score=0,9000; target remains candidate, not owner-final."
"egitici-oyuncak","3","erken-yas-egitici-oyuncak","Oyuncak, Hobi & Müzik > Erken Yaş & Eğitici Oyuncak > Eğitici Oyuncak","Eğitici Oyuncak","egitici-oyuncak","active","YES","YES","Oyuncak & Hobi","","","","Oyuncak & Hobi","CANDIDATE_NOT_OWNER_FINAL","SPLIT","HIGH","EXPLICIT","YES","age_sensitive|REGULATED|LEGAL_REVIEW_REQUIRED|REGULATED|REGULATED|REGULATED|REGULATED|REGULATED","YES","6","Oyuncak & Hobi > Eğitici, Bilim & Keşif Oyuncakları > Bilim & Deney Setleri > Kimya & Malzeme Deney Setleri || Oyuncak & Hobi > Eğitici, Bilim & Keşif Oyuncakları > Bilim & Deney Setleri > Fizik & Elektronik Deney Setleri || Oyuncak & Hobi > Eğitici, Bilim & Keşif Oyuncakları > Bilim & Deney Setleri > Doğa & Keşif Setleri || Oyuncak & Hobi > Eğitici, Bilim & Keşif Oyuncakları > Kodlama & Robotik Oyuncakları || Oyuncak & Hobi > Eğitici, Bilim & Keşif Oyuncakları > Çocuk Mikroskobu & Teleskobu || Oyuncak & Hobi > Eğitici, Bilim & Keşif Oyuncakları > Dil, Matematik & Öğrenme Oyuncakları","Oyuncak & Hobi > Eğitici, Bilim & Keşif Oyuncakları","PROVISIONAL_PROPOSAL","UNRESOLVED","PREVIOUS_UNRESOLVED_NOW_CANDIDATE_RESOLVED","Legacy combined identity spans multiple explicit Wave 32 candidate successors; product-level split rule is required."
"ahsap-oyuncak","3","erken-yas-egitici-oyuncak","Oyuncak, Hobi & Müzik > Erken Yaş & Eğitici Oyuncak > Ahşap Oyuncak","Ahşap Oyuncak","ahsap-oyuncak","active","YES","YES","","","","","","CANDIDATE_NOT_OWNER_FINAL","UNRESOLVED","LOW","MANUAL","YES","age_sensitive|REGULATED","YES","0","","Oyuncak & Hobi","PROVISIONAL_PROPOSAL","UNRESOLVED","TARGET_CHANGED","Wood is a material facet spanning multiple toy types; no single product-type successor is defensible."
"bilim-deney-seti","3","erken-yas-egitici-oyuncak","Oyuncak, Hobi & Müzik > Erken Yaş & Eğitici Oyuncak > Bilim & Deney Seti","Bilim & Deney Seti","bilim-deney-seti","active","YES","YES","Oyuncak & Hobi","Eğitici, Bilim & Keşif Oyuncakları","Bilim & Deney Setleri","Kimya & Malzeme Deney Setleri","Oyuncak & Hobi > Eğitici, Bilim & Keşif Oyuncakları > Bilim & Deney Setleri > Kimya & Malzeme Deney Setleri","CANDIDATE_NOT_OWNER_FINAL","RENAME","MEDIUM","0,5600","YES","age_sensitive|hazmat_review|LEGAL_REVIEW_REQUIRED","YES","1","","Oyuncak & Hobi > Eğitici, Bilim & Keşif Oyuncakları","PROVISIONAL_PROPOSAL","UNRESOLVED","PREVIOUS_UNRESOLVED_NOW_CANDIDATE_RESOLVED","Wave 32 candidate semantic match; score=0,5600; target remains candidate, not owner-final."
"figur-bebek-rol-oyunu","2","oyuncak-hobi-muzik","Oyuncak, Hobi & Müzik > Figür, Bebek & Rol Oyunu","Figür, Bebek & Rol Oyunu","figur-bebek-rol-oyunu","active","NO","NO","Oyuncak & Hobi","","","","Oyuncak & Hobi","CANDIDATE_NOT_OWNER_FINAL","SPLIT","HIGH","1.0000","YES","","YES","2","Oyuncak & Hobi > Figür, Bebek & Rol Oyunları || Oyuncak & Hobi > Koleksiyon Ürünleri","Oyuncak & Hobi","PROVISIONAL_PROPOSAL","SPLIT","MATURITY_ONLY","Legacy umbrella spans multiple exact Wave 32 candidate L2 successors; product-level split rule remains required."
"oyuncak-bebek-aksesuari","3","figur-bebek-rol-oyunu","Oyuncak, Hobi & Müzik > Figür, Bebek & Rol Oyunu > Oyuncak Bebek & Aksesuarı","Oyuncak Bebek & Aksesuarı","oyuncak-bebek-aksesuari","active","YES","YES","Oyuncak & Hobi","","","","Oyuncak & Hobi","CANDIDATE_NOT_OWNER_FINAL","SPLIT","MEDIUM","1,0000","YES","","YES","2","Oyuncak & Hobi > Figür, Bebek & Rol Oyunları > Bebek Evi & Aksesuarları || Oyuncak & Hobi > Figür, Bebek & Rol Oyunları > Oyuncak Bebekler","Oyuncak & Hobi > Figür, Bebek & Rol Oyunları","PROVISIONAL_PROPOSAL","UNRESOLVED","PREVIOUS_UNRESOLVED_NOW_CANDIDATE_RESOLVED","Legacy combined concept has multiple near-equal Wave 32 candidate successors; no arbitrary single successor selected."
"aksiyon-figuru","3","figur-bebek-rol-oyunu","Oyuncak, Hobi & Müzik > Figür, Bebek & Rol Oyunu > Aksiyon Figürü","Aksiyon Figürü","aksiyon-figuru","active","YES","YES","Oyuncak & Hobi","Figür, Bebek & Rol Oyunları","Aksiyon & Oyun Figürleri","","Oyuncak & Hobi > Figür, Bebek & Rol Oyunları > Aksiyon & Oyun Figürleri","CANDIDATE_NOT_OWNER_FINAL","RENAME","MEDIUM","0,8600","YES","REGULATED","YES","1","","Oyuncak & Hobi > Figür, Bebek & Rol Oyunları","PROVISIONAL_PROPOSAL","UNRESOLVED","PREVIOUS_UNRESOLVED_NOW_CANDIDATE_RESOLVED","Wave 32 candidate semantic match; score=0,8600; target remains candidate, not owner-final."
"pelus-oyuncak","3","figur-bebek-rol-oyunu","Oyuncak, Hobi & Müzik > Figür, Bebek & Rol Oyunu > Peluş Oyuncak","Peluş Oyuncak","pelus-oyuncak","active","YES","YES","Oyuncak & Hobi","Figür, Bebek & Rol Oyunları","Peluş Oyuncaklar","","Oyuncak & Hobi > Figür, Bebek & Rol Oyunları > Peluş Oyuncaklar","CANDIDATE_NOT_OWNER_FINAL","RENAME_AND_MOVE","HIGH","1,0000","YES","REGULATED","YES","1","","Oyuncak & Hobi","PROVISIONAL_PROPOSAL","UNRESOLVED","PREVIOUS_UNRESOLVED_NOW_CANDIDATE_RESOLVED","Wave 32 candidate semantic match; score=1,0000; target remains candidate, not owner-final."
"meslek-rol-oyunu-seti","3","figur-bebek-rol-oyunu","Oyuncak, Hobi & Müzik > Figür, Bebek & Rol Oyunu > Mutfak, Doktor & Meslek Seti","Mutfak, Doktor & Meslek Seti","meslek-rol-oyunu-seti","active","YES","YES","Oyuncak & Hobi","Figür, Bebek & Rol Oyunları","Rol Oyun Setleri","","Oyuncak & Hobi > Figür, Bebek & Rol Oyunları > Rol Oyun Setleri","CANDIDATE_NOT_OWNER_FINAL","RENAME","HIGH","EXPLICIT","YES","REGULATED","YES","1","","Oyuncak & Hobi","PROVISIONAL_PROPOSAL","UNRESOLVED","PREVIOUS_UNRESOLVED_NOW_CANDIDATE_RESOLVED","Explicit role-play successor."
"kostum-rol-oyunu-aksesuari","3","figur-bebek-rol-oyunu","Oyuncak, Hobi & Müzik > Figür, Bebek & Rol Oyunu > Kostüm & Rol Oyunu Aksesuarı","Kostüm & Rol Oyunu Aksesuarı","kostum-rol-oyunu-aksesuari","active","YES","YES","Hediyelik & Parti","Kostüm, Maske & Parti Aksesuarları","Parti Kostümleri","","Hediyelik & Parti > Kostüm, Maske & Parti Aksesuarları > Parti Kostümleri","CANDIDATE_NOT_OWNER_FINAL","MOVE","HIGH","EXPLICIT","YES","REGULATED","YES","1","","Oyuncak & Hobi","PROVISIONAL_PROPOSAL","UNRESOLVED","PREVIOUS_UNRESOLVED_NOW_CANDIDATE_RESOLVED","Costume product identity moves out of toy role-play sets; use/age remains a facet."
"arac-yapi-uzaktan-kumandali-oyuncak","2","oyuncak-hobi-muzik","Oyuncak, Hobi & Müzik > Araç, Yapı & Uzaktan Kumandalı Oyuncak","Araç, Yapı & Uzaktan Kumandalı Oyuncak","arac-yapi-uzaktan-kumandali-oyuncak","active","NO","NO","Oyuncak & Hobi","","","","Oyuncak & Hobi","CANDIDATE_NOT_OWNER_FINAL","SPLIT","HIGH","1.0000","YES","","YES","3","Oyuncak & Hobi > Yapı & İnşa Oyuncakları || Oyuncak & Hobi > Oyuncak Araçlar & Uzaktan Kumandalı Oyuncaklar || Oyuncak & Hobi > Açık Hava & Aktivite Oyuncakları","Oyuncak & Hobi","PROVISIONAL_PROPOSAL","SPLIT","MATURITY_ONLY","Legacy umbrella spans multiple exact Wave 32 candidate L2 successors; product-level split rule remains required."
"oyuncak-araba-arac","3","arac-yapi-uzaktan-kumandali-oyuncak","Oyuncak, Hobi & Müzik > Araç, Yapı & Uzaktan Kumandalı Oyuncak > Oyuncak Araba & Araç","Oyuncak Araba & Araç","oyuncak-araba-arac","active","YES","YES","Oyuncak & Hobi","Oyuncak Araçlar & Uzaktan Kumandalı Oyuncaklar","Oyuncak Kara Araçları","","Oyuncak & Hobi > Oyuncak Araçlar & Uzaktan Kumandalı Oyuncaklar > Oyuncak Kara Araçları","CANDIDATE_NOT_OWNER_FINAL","RENAME","MEDIUM","0,7267","YES","REGULATED","YES","1","","Oyuncak & Hobi > Oyuncak Araçlar & Uzaktan Kumandalı Oyuncaklar","PROVISIONAL_PROPOSAL","UNRESOLVED","PREVIOUS_UNRESOLVED_NOW_CANDIDATE_RESOLVED","Wave 32 candidate semantic match; score=0,7267; target remains candidate, not owner-final."
"yapi-bloku-insa-seti","3","arac-yapi-uzaktan-kumandali-oyuncak","Oyuncak, Hobi & Müzik > Araç, Yapı & Uzaktan Kumandalı Oyuncak > Yapı Bloku & İnşa Seti","Yapı Bloku & İnşa Seti","yapi-bloku-insa-seti","active","YES","YES","Oyuncak & Hobi","Yapı & İnşa Oyuncakları","Yapı Blokları","","Oyuncak & Hobi > Yapı & İnşa Oyuncakları > Yapı Blokları","CANDIDATE_NOT_OWNER_FINAL","RENAME","MEDIUM","0,7267","YES","REGULATED","YES","1","","Oyuncak & Hobi > Yapı & İnşa Oyuncakları","PROVISIONAL_PROPOSAL","UNRESOLVED","PREVIOUS_UNRESOLVED_NOW_CANDIDATE_RESOLVED","Wave 32 candidate semantic match; score=0,7267; target remains candidate, not owner-final."
"tren-pist-seti","3","arac-yapi-uzaktan-kumandali-oyuncak","Oyuncak, Hobi & Müzik > Araç, Yapı & Uzaktan Kumandalı Oyuncak > Tren & Pist Seti","Tren & Pist Seti","tren-pist-seti","active","YES","YES","Oyuncak & Hobi","Oyuncak Araçlar & Uzaktan Kumandalı Oyuncaklar","Oyuncak Tren & Ray Setleri","","Oyuncak & Hobi > Oyuncak Araçlar & Uzaktan Kumandalı Oyuncaklar > Oyuncak Tren & Ray Setleri","CANDIDATE_NOT_OWNER_FINAL","RENAME","HIGH","0,9000","YES","REGULATED","YES","1","","Oyuncak & Hobi > Oyuncak Araçlar & Uzaktan Kumandalı Oyuncaklar","PROVISIONAL_PROPOSAL","UNRESOLVED","PREVIOUS_UNRESOLVED_NOW_CANDIDATE_RESOLVED","Wave 32 candidate semantic match; score=0,9000; target remains candidate, not owner-final."
"uzaktan-kumandali-arac","3","arac-yapi-uzaktan-kumandali-oyuncak","Oyuncak, Hobi & Müzik > Araç, Yapı & Uzaktan Kumandalı Oyuncak > Uzaktan Kumandalı Araç","Uzaktan Kumandalı Araç","uzaktan-kumandali-arac","active","YES","YES","Oyuncak & Hobi","Oyuncak Araçlar & Uzaktan Kumandalı Oyuncaklar","Uzaktan Kumandalı Kara Araçları","","Oyuncak & Hobi > Oyuncak Araçlar & Uzaktan Kumandalı Oyuncaklar > Uzaktan Kumandalı Kara Araçları","CANDIDATE_NOT_OWNER_FINAL","RENAME","HIGH","0,9171","YES","age_sensitive|REGULATED","YES","1","","Oyuncak & Hobi > Oyuncak Araçlar & Uzaktan Kumandalı Oyuncaklar","PROVISIONAL_PROPOSAL","UNRESOLVED","PREVIOUS_UNRESOLVED_NOW_CANDIDATE_RESOLVED","Wave 32 candidate semantic match; score=0,9171; target remains candidate, not owner-final."
"oyuncak-drone","3","arac-yapi-uzaktan-kumandali-oyuncak","Oyuncak, Hobi & Müzik > Araç, Yapı & Uzaktan Kumandalı Oyuncak > Oyuncak Drone","Oyuncak Drone","oyuncak-drone","active","YES","YES","Oyuncak & Hobi","Oyuncak Araçlar & Uzaktan Kumandalı Oyuncaklar","Oyuncak Dronelar","","Oyuncak & Hobi > Oyuncak Araçlar & Uzaktan Kumandalı Oyuncaklar > Oyuncak Dronelar","CANDIDATE_NOT_OWNER_FINAL","RENAME","HIGH","1,0000","YES","LEGAL_REVIEW_REQUIRED|regulated_review|safety_critical|age_sensitive","YES","1","","Oyuncak & Hobi > Oyuncak Araçlar & Uzaktan Kumandalı Oyuncaklar","PROVISIONAL_PROPOSAL","UNRESOLVED","PREVIOUS_UNRESOLVED_NOW_CANDIDATE_RESOLVED","Wave 32 candidate semantic match; score=1,0000; target remains candidate, not owner-final."
"oyun-puzzle-sanat-hobisi","2","oyuncak-hobi-muzik","Oyuncak, Hobi & Müzik > Oyun, Puzzle & Sanat Hobisi","Oyun, Puzzle & Sanat Hobisi","oyun-puzzle-sanat-hobisi","active","NO","NO","Oyuncak & Hobi","","","","Oyuncak & Hobi","CANDIDATE_NOT_OWNER_FINAL","SPLIT","HIGH","1.0000","YES","","YES","5","Oyuncak & Hobi > Kutu Oyunları & Oyun Takımları || Oyuncak & Hobi > Puzzle & Zeka Oyunları || Oyuncak & Hobi > Model, Maket & Minyatür || Oyuncak & Hobi > Koleksiyon Ürünleri || Oyuncak & Hobi > Sanat, El İşi & Hobi Kitleri","Oyuncak & Hobi","PROVISIONAL_PROPOSAL","SPLIT","MATURITY_ONLY","Legacy umbrella spans multiple exact Wave 32 candidate L2 successors; product-level split rule remains required."
"kutu-oyunu","3","oyun-puzzle-sanat-hobisi","Oyuncak, Hobi & Müzik > Oyun, Puzzle & Sanat Hobisi > Kutu Oyunu","Kutu Oyunu","kutu-oyunu","active","YES","YES","Oyuncak & Hobi","Kutu Oyunları & Oyun Takımları","Aile Kutu Oyunları","","Oyuncak & Hobi > Kutu Oyunları & Oyun Takımları > Aile Kutu Oyunları","CANDIDATE_NOT_OWNER_FINAL","RENAME","MEDIUM","0,8600","YES","REGULATED","YES","1","","Oyuncak & Hobi > Kutu Oyunları & Oyun Takımları","PROVISIONAL_PROPOSAL","UNRESOLVED","PREVIOUS_UNRESOLVED_NOW_CANDIDATE_RESOLVED","Wave 32 candidate semantic match; score=0,8600; target remains candidate, not owner-final."
"puzzle","3","oyun-puzzle-sanat-hobisi","Oyuncak, Hobi & Müzik > Oyun, Puzzle & Sanat Hobisi > Puzzle","Puzzle","puzzle","active","YES","YES","Oyuncak & Hobi","Puzzle & Zeka Oyunları","Yapbozlar","İki Boyutlu Yapbozlar","Oyuncak & Hobi > Puzzle & Zeka Oyunları > Yapbozlar > İki Boyutlu Yapbozlar","CANDIDATE_NOT_OWNER_FINAL","RENAME","HIGH","0,9000","YES","","YES","1","","Oyuncak & Hobi > Puzzle & Zeka Oyunları","PROVISIONAL_PROPOSAL","UNRESOLVED","PREVIOUS_UNRESOLVED_NOW_CANDIDATE_RESOLVED","Wave 32 candidate semantic match; score=0,9000; target remains candidate, not owner-final."
"kart-oyunu","3","oyun-puzzle-sanat-hobisi","Oyuncak, Hobi & Müzik > Oyun, Puzzle & Sanat Hobisi > Kart Oyunu","Kart Oyunu","kart-oyunu","active","YES","YES","Oyuncak & Hobi","Kutu Oyunları & Oyun Takımları","Oyun Kartları","","Oyuncak & Hobi > Kutu Oyunları & Oyun Takımları > Oyun Kartları","CANDIDATE_NOT_OWNER_FINAL","RENAME","HIGH","1,0000","YES","LEGAL_REVIEW_REQUIRED","YES","1","","Oyuncak & Hobi > Kutu Oyunları & Oyun Takımları","PROVISIONAL_PROPOSAL","UNRESOLVED","PREVIOUS_UNRESOLVED_NOW_CANDIDATE_RESOLVED","Wave 32 candidate semantic match; score=1,0000; target remains candidate, not owner-final."
"boyama-cocuk-sanat-seti","3","oyun-puzzle-sanat-hobisi","Oyuncak, Hobi & Müzik > Oyun, Puzzle & Sanat Hobisi > Boyama & Çocuk Sanat Seti","Boyama & Çocuk Sanat Seti","boyama-cocuk-sanat-seti","active","YES","YES","Oyuncak & Hobi","Sanat, El İşi & Hobi Kitleri","Boyama & Çizim Kitleri","","Oyuncak & Hobi > Sanat, El İşi & Hobi Kitleri > Boyama & Çizim Kitleri","CANDIDATE_NOT_OWNER_FINAL","RENAME_AND_MOVE","HIGH","EXPLICIT","YES","REGULATED","YES","1","","Oyuncak & Hobi > Sanat, El İşi & Hobi Kitleri","PROVISIONAL_PROPOSAL","UNRESOLVED","PREVIOUS_UNRESOLVED_NOW_CANDIDATE_RESOLVED","Explicit child creative-kit successor."
"model-maket-koleksiyon-kiti","3","oyun-puzzle-sanat-hobisi","Oyuncak, Hobi & Müzik > Oyun, Puzzle & Sanat Hobisi > Model, Maket & Koleksiyon Kiti","Model, Maket & Koleksiyon Kiti","model-maket-koleksiyon-kiti","active","YES","YES","Oyuncak & Hobi","Model, Maket & Minyatür","Model Kitleri","Diğer Model Kitleri","Oyuncak & Hobi > Model, Maket & Minyatür > Model Kitleri > Diğer Model Kitleri","CANDIDATE_NOT_OWNER_FINAL","RENAME","HIGH","1,0000","YES","","YES","1","","Oyuncak & Hobi > Model, Maket & Minyatür","PROVISIONAL_PROPOSAL","UNRESOLVED","PREVIOUS_UNRESOLVED_NOW_CANDIDATE_RESOLVED","Wave 32 candidate semantic match; score=1,0000; target remains candidate, not owner-final."
"muzik-enstrumani-ekipmani","2","oyuncak-hobi-muzik","Oyuncak, Hobi & Müzik > Müzik Enstrümanı & Ekipmanı","Müzik Enstrümanı & Ekipmanı","muzik-enstrumani-ekipmani","active","NO","NO","Müzik & Enstrüman","","","","Müzik & Enstrüman","CANDIDATE_NOT_OWNER_FINAL","SPLIT","HIGH","1.0000","YES","","YES","10","Müzik & Enstrüman > Gitar & Bas || Müzik & Enstrüman > Piyano, Org & Klavyeli Çalgılar || Müzik & Enstrüman > Telli & Yaylı Çalgılar || Müzik & Enstrüman > Nefesli Çalgılar || Müzik & Enstrüman > Vurmalı Çalgılar || Müzik & Enstrüman > Geleneksel Türk Müziği Enstrümanları || Müzik & Enstrüman > Elektronik Müzik & DJ Ekipmanları || Müzik & Enstrüman > Stüdyo, Kayıt & Canlı Ses Ekipmanları || Müzik & Enstrüman > Enstrüman Amfi & Efektleri || Müzik & Enstrüman > Enstrüman Aksesuar, Bakım & Sarf Malzemeleri","Müzik & Enstrüman","PROVISIONAL_PROPOSAL","SPLIT","MATURITY_ONLY","Legacy umbrella spans multiple exact Wave 32 candidate L2 successors; product-level split rule remains required."
"gitar-telli-calgi","3","muzik-enstrumani-ekipmani","Oyuncak, Hobi & Müzik > Müzik Enstrümanı & Ekipmanı > Gitar & Telli Çalgı","Gitar & Telli Çalgı","gitar-telli-calgi","active","YES","YES","Müzik & Enstrüman","","","","Müzik & Enstrüman","CANDIDATE_NOT_OWNER_FINAL","SPLIT","HIGH","EXPLICIT","YES","","YES","3","Müzik & Enstrüman > Gitar & Bas || Müzik & Enstrüman > Telli & Yaylı Çalgılar || Müzik & Enstrüman > Geleneksel Türk Müziği Enstrümanları","Müzik & Enstrüman","PROVISIONAL_PROPOSAL","UNRESOLVED","PREVIOUS_UNRESOLVED_NOW_CANDIDATE_RESOLVED","Legacy combined identity spans multiple explicit Wave 32 candidate successors; product-level split rule is required."
"klavye-piyano","3","muzik-enstrumani-ekipmani","Oyuncak, Hobi & Müzik > Müzik Enstrümanı & Ekipmanı > Klavye & Piyano","Klavye & Piyano","klavye-piyano","active","YES","YES","Müzik & Enstrüman","","","","Müzik & Enstrüman","CANDIDATE_NOT_OWNER_FINAL","SPLIT","HIGH","EXPLICIT","YES","","YES","2","Müzik & Enstrüman > Piyano, Org & Klavyeli Çalgılar > Piyanolar || Müzik & Enstrüman > Piyano, Org & Klavyeli Çalgılar > Org & Performans Klavyeleri","Müzik & Enstrüman > Piyano, Org & Klavyeli Çalgılar","PROVISIONAL_PROPOSAL","UNRESOLVED","PREVIOUS_UNRESOLVED_NOW_CANDIDATE_RESOLVED","Legacy combined identity spans multiple explicit Wave 32 candidate successors; product-level split rule is required."
"davul-vurmali-calgi","3","muzik-enstrumani-ekipmani","Oyuncak, Hobi & Müzik > Müzik Enstrümanı & Ekipmanı > Davul & Vurmalı Çalgı","Davul & Vurmalı Çalgı","davul-vurmali-calgi","active","YES","YES","Müzik & Enstrüman","Vurmalı Çalgılar","El Perküsyonları","","Müzik & Enstrüman > Vurmalı Çalgılar > El Perküsyonları","CANDIDATE_NOT_OWNER_FINAL","RENAME","HIGH","0,9000","YES","","YES","1","","Müzik & Enstrüman > Vurmalı Çalgılar","PROVISIONAL_PROPOSAL","UNRESOLVED","PREVIOUS_UNRESOLVED_NOW_CANDIDATE_RESOLVED","Wave 32 candidate semantic match; score=0,9000; target remains candidate, not owner-final."
"nefesli-calgi","3","muzik-enstrumani-ekipmani","Oyuncak, Hobi & Müzik > Müzik Enstrümanı & Ekipmanı > Nefesli Çalgı","Nefesli Çalgı","nefesli-calgi","active","YES","YES","Müzik & Enstrüman","Nefesli Çalgılar","Tahta Nefesliler","Flütler","Müzik & Enstrüman > Nefesli Çalgılar > Tahta Nefesliler > Flütler","CANDIDATE_NOT_OWNER_FINAL","RENAME","HIGH","1,0000","YES","","YES","1","","Müzik & Enstrüman > Nefesli Çalgılar","PROVISIONAL_PROPOSAL","UNRESOLVED","PREVIOUS_UNRESOLVED_NOW_CANDIDATE_RESOLVED","Wave 32 candidate semantic match; score=1,0000; target remains candidate, not owner-final."
"enstruman-aksesuari","3","muzik-enstrumani-ekipmani","Oyuncak, Hobi & Müzik > Müzik Enstrümanı & Ekipmanı > Enstrüman Aksesuarı","Enstrüman Aksesuarı","enstruman-aksesuari","active","YES","YES","Müzik & Enstrüman","","","","Müzik & Enstrüman","CANDIDATE_NOT_OWNER_FINAL","SPLIT","HIGH","EXPLICIT","YES","LEGAL_REVIEW_REQUIRED","YES","9","Müzik & Enstrüman > Enstrüman Aksesuar, Bakım & Sarf Malzemeleri > Enstrüman Telleri || Müzik & Enstrüman > Enstrüman Aksesuar, Bakım & Sarf Malzemeleri > Pena & Mızraplar || Müzik & Enstrüman > Enstrüman Aksesuar, Bakım & Sarf Malzemeleri > Baget & Tokmaklar || Müzik & Enstrüman > Enstrüman Aksesuar, Bakım & Sarf Malzemeleri > Kamış, Ağızlık & Bekler || Müzik & Enstrüman > Enstrüman Aksesuar, Bakım & Sarf Malzemeleri > Enstrüman Standları || Müzik & Enstrüman > Enstrüman Aksesuar, Bakım & Sarf Malzemeleri > Akort Cihazı & Metronomlar || Müzik & Enstrüman > Enstrüman Aksesuar, Bakım & Sarf Malzemeleri > Enstrümana Özgü Kablolar || Müzik & Enstrüman > Enstrüman Aksesuar, Bakım & Sarf Malzemeleri > Enstrüman Temizlik & Bakım Ürünleri || Müzik & Enstrüman > Enstrüman Aksesuar, Bakım & Sarf Malzemeleri > Askı, Tutucu & Nota Sehpaları","Müzik & Enstrüman > Gitar & Bas","PROVISIONAL_PROPOSAL","UNRESOLVED","PREVIOUS_UNRESOLVED_NOW_CANDIDATE_RESOLVED","Legacy combined identity spans multiple explicit Wave 32 candidate successors; product-level split rule is required."
"spor-outdoor","1","","Spor & Outdoor","Spor & Outdoor","spor-outdoor","active","NO","NO","Spor & Outdoor","","","","Spor & Outdoor","CANONICAL_FINAL","KEEP","HIGH","","NO","","NO","1","","Spor & Outdoor","CANONICAL_FINAL","KEEP","UNCHANGED_FINAL_ANCHOR",""
"fitness-antrenman","2","spor-outdoor","Spor & Outdoor > Fitness & Antrenman","Fitness & Antrenman","fitness-antrenman","active","NO","NO","Spor & Outdoor","","","","Spor & Outdoor","CANDIDATE_NOT_OWNER_FINAL","SPLIT","HIGH","1.0000","YES","","YES","3","Spor & Outdoor > Fitness & Kondisyon || Spor & Outdoor > Bireysel Sporlar & Jimnastik || Spor & Outdoor > Dövüş Sporları","Spor & Outdoor","PROVISIONAL_PROPOSAL","SPLIT","MATURITY_ONLY","Legacy umbrella spans multiple exact Wave 32 candidate L2 successors; product-level split rule remains required."
"agirlik-dambil","3","fitness-antrenman","Spor & Outdoor > Fitness & Antrenman > Ağırlık & Dambıl","Ağırlık & Dambıl","agirlik-dambil","active","YES","YES","Spor & Outdoor","","","","Spor & Outdoor","CANDIDATE_NOT_OWNER_FINAL","SPLIT","MEDIUM","0,8600","YES","","YES","2","Spor & Outdoor > Fitness & Kondisyon > Ağırlık Antrenmanı > Bar, Plaka & Ağırlık Setleri || Spor & Outdoor > Fitness & Kondisyon > Ağırlık Antrenmanı > Dambıl & Kettlebell","Spor & Outdoor","PROVISIONAL_PROPOSAL","UNRESOLVED","PREVIOUS_UNRESOLVED_NOW_CANDIDATE_RESOLVED","Legacy combined concept has multiple near-equal Wave 32 candidate successors; no arbitrary single successor selected."
"yoga-pilates-ekipmani","3","fitness-antrenman","Spor & Outdoor > Fitness & Antrenman > Yoga & Pilates Ekipmanı","Yoga & Pilates Ekipmanı","yoga-pilates-ekipmani","active","YES","YES","Spor & Outdoor","Bireysel Sporlar & Jimnastik","Yoga & Pilates Ekipmanları","","Spor & Outdoor > Bireysel Sporlar & Jimnastik > Yoga & Pilates Ekipmanları","CANDIDATE_NOT_OWNER_FINAL","RENAME","MEDIUM","0,8600","YES","","YES","1","","Spor & Outdoor > Bireysel Sporlar & Jimnastik","PROVISIONAL_PROPOSAL","UNRESOLVED","PREVIOUS_UNRESOLVED_NOW_CANDIDATE_RESOLVED","Wave 32 candidate semantic match; score=0,8600; target remains candidate, not owner-final."
"kondisyon-aleti","3","fitness-antrenman","Spor & Outdoor > Fitness & Antrenman > Kondisyon Aleti","Kondisyon Aleti","kondisyon-aleti","active","YES","YES","Spor & Outdoor","","","","Spor & Outdoor","CANDIDATE_NOT_OWNER_FINAL","SPLIT","HIGH","EXPLICIT","YES","","YES","3","Spor & Outdoor > Fitness & Kondisyon > Kardiyo Cihazları > Koşu Bantları || Spor & Outdoor > Fitness & Kondisyon > Kardiyo Cihazları > Kondisyon Bisikletleri || Spor & Outdoor > Fitness & Kondisyon > Kardiyo Cihazları > Eliptik & Kürek Cihazları","Spor & Outdoor > Fitness & Kondisyon","PROVISIONAL_PROPOSAL","UNRESOLVED","PREVIOUS_UNRESOLVED_NOW_CANDIDATE_RESOLVED","Legacy combined identity spans multiple explicit Wave 32 candidate successors; product-level split rule is required."
"direnc-bandi-atlama-ipi","3","fitness-antrenman","Spor & Outdoor > Fitness & Antrenman > Direnç Bandı & Atlama İpi","Direnç Bandı & Atlama İpi","direnc-bandi-atlama-ipi","active","YES","YES","Spor & Outdoor","Fitness & Kondisyon","Atlama İpi & Kondisyon Aksesuarları","","Spor & Outdoor > Fitness & Kondisyon > Atlama İpi & Kondisyon Aksesuarları","CANDIDATE_NOT_OWNER_FINAL","RENAME_AND_MOVE","MEDIUM","0,5914","YES","","YES","1","","Spor & Outdoor","PROVISIONAL_PROPOSAL","UNRESOLVED","PREVIOUS_UNRESOLVED_NOW_CANDIDATE_RESOLVED","Wave 32 candidate semantic match; score=0,5914; target remains candidate, not owner-final."
"spor-koruyucu-destek","3","fitness-antrenman","Spor & Outdoor > Fitness & Antrenman > Spor Koruyucu & Destek","Spor Koruyucu & Destek","spor-koruyucu-destek","active","YES","YES","","","","","","CANDIDATE_NOT_OWNER_FINAL","UNRESOLVED","LOW","MANUAL","YES","claim_sensitive|LEGAL_REVIEW_REQUIRED","YES","0","","Spor & Outdoor","PROVISIONAL_PROPOSAL","UNRESOLVED","TARGET_CHANGED","Broad protective/support identity spans multiple sports and health policy boundaries."
"takim-raket-sporlari","2","spor-outdoor","Spor & Outdoor > Takım & Raket Sporları","Takım & Raket Sporları","takim-raket-sporlari","active","NO","NO","Spor & Outdoor","","","","Spor & Outdoor","CANDIDATE_NOT_OWNER_FINAL","SPLIT","HIGH","1.0000","YES","","YES","2","Spor & Outdoor > Takım Sporları || Spor & Outdoor > Raket Sporları","Spor & Outdoor","PROVISIONAL_PROPOSAL","SPLIT","MATURITY_ONLY","Legacy umbrella spans multiple exact Wave 32 candidate L2 successors; product-level split rule remains required."
"futbol-ekipmani","3","takim-raket-sporlari","Spor & Outdoor > Takım & Raket Sporları > Futbol Ekipmanı","Futbol Ekipmanı","futbol-ekipmani","active","YES","YES","Spor & Outdoor","","","","Spor & Outdoor","CANDIDATE_NOT_OWNER_FINAL","SPLIT","HIGH","EXPLICIT","YES","REGULATED","YES","3","Spor & Outdoor > Takım Sporları > Futbol Ekipmanları > Futbol Topları || Spor & Outdoor > Takım Sporları > Futbol Ekipmanları > Kale & Antrenman Ekipmanları || Spor & Outdoor > Takım Sporları > Futbol Ekipmanları > Kaleci Ekipmanları","Spor & Outdoor > Takım Sporları","PROVISIONAL_PROPOSAL","UNRESOLVED","PREVIOUS_UNRESOLVED_NOW_CANDIDATE_RESOLVED","Legacy combined identity spans multiple explicit Wave 32 candidate successors; product-level split rule is required."
"basketbol-voleybol-ekipmani","3","takim-raket-sporlari","Spor & Outdoor > Takım & Raket Sporları > Basketbol & Voleybol Ekipmanı","Basketbol & Voleybol Ekipmanı","basketbol-voleybol-ekipmani","active","YES","YES","Spor & Outdoor","","","","Spor & Outdoor","CANDIDATE_NOT_OWNER_FINAL","SPLIT","HIGH","EXPLICIT","YES","REGULATED","YES","4","Spor & Outdoor > Takım Sporları > Basketbol Ekipmanları > Basketbol Topları || Spor & Outdoor > Takım Sporları > Basketbol Ekipmanları > Pota & Basketbol Aksesuarları || Spor & Outdoor > Takım Sporları > Voleybol Ekipmanları > Voleybol Topları || Spor & Outdoor > Takım Sporları > Voleybol Ekipmanları > File & Voleybol Aksesuarları","Spor & Outdoor > Takım Sporları","PROVISIONAL_PROPOSAL","UNRESOLVED","PREVIOUS_UNRESOLVED_NOW_CANDIDATE_RESOLVED","Legacy combined identity spans multiple explicit Wave 32 candidate successors; product-level split rule is required."
"tenis-badminton-ekipmani","3","takim-raket-sporlari","Spor & Outdoor > Takım & Raket Sporları > Tenis & Badminton Ekipmanı","Tenis & Badminton Ekipmanı","tenis-badminton-ekipmani","active","YES","YES","Spor & Outdoor","","","","Spor & Outdoor","CANDIDATE_NOT_OWNER_FINAL","SPLIT","HIGH","EXPLICIT","YES","","YES","2","Spor & Outdoor > Raket Sporları > Tenis Ekipmanları || Spor & Outdoor > Raket Sporları > Badminton Ekipmanları","Spor & Outdoor > Raket Sporları","PROVISIONAL_PROPOSAL","UNRESOLVED","PREVIOUS_UNRESOLVED_NOW_CANDIDATE_RESOLVED","Legacy combined identity spans multiple explicit Wave 32 candidate successors; product-level split rule is required."
"masa-tenisi-ekipmani","3","takim-raket-sporlari","Spor & Outdoor > Takım & Raket Sporları > Masa Tenisi Ekipmanı","Masa Tenisi Ekipmanı","masa-tenisi-ekipmani","active","YES","YES","Spor & Outdoor","Raket Sporları","Masa Tenisi Ekipmanları","Masa Tenisi Raketleri","Spor & Outdoor > Raket Sporları > Masa Tenisi Ekipmanları > Masa Tenisi Raketleri","CANDIDATE_NOT_OWNER_FINAL","RENAME","MEDIUM","0,7267","YES","","YES","1","","Spor & Outdoor > Raket Sporları","PROVISIONAL_PROPOSAL","UNRESOLVED","PREVIOUS_UNRESOLVED_NOW_CANDIDATE_RESOLVED","Wave 32 candidate semantic match; score=0,7267; target remains candidate, not owner-final."
"kaleci-takim-koruma-ekipmani","3","takim-raket-sporlari","Spor & Outdoor > Takım & Raket Sporları > Kaleci & Takım Koruma Ekipmanı","Kaleci & Takım Koruma Ekipmanı","kaleci-takim-koruma-ekipmani","active","YES","YES","Spor & Outdoor","Takım Sporları","Futbol Ekipmanları","Kaleci Ekipmanları","Spor & Outdoor > Takım Sporları > Futbol Ekipmanları > Kaleci Ekipmanları","CANDIDATE_NOT_OWNER_FINAL","RENAME","MEDIUM","0,7267","YES","REGULATED|safety_critical","YES","1","","Spor & Outdoor > Takım Sporları","PROVISIONAL_PROPOSAL","UNRESOLVED","PREVIOUS_UNRESOLVED_NOW_CANDIDATE_RESOLVED","Wave 32 candidate semantic match; score=0,7267; target remains candidate, not owner-final."
"bisiklet-paten-kaykay","2","spor-outdoor","Spor & Outdoor > Bisiklet, Paten & Kaykay","Bisiklet, Paten & Kaykay","bisiklet-paten-kaykay","active","NO","NO","Spor & Outdoor","","","","Spor & Outdoor","CANDIDATE_NOT_OWNER_FINAL","SPLIT","HIGH","1.0000","YES","","YES","2","Spor & Outdoor > Bisiklet || Spor & Outdoor > Bireysel Sporlar & Jimnastik","Spor & Outdoor","PROVISIONAL_PROPOSAL","SPLIT","MATURITY_ONLY","Legacy umbrella spans multiple exact Wave 32 candidate L2 successors; product-level split rule remains required."
"bisiklet","3","bisiklet-paten-kaykay","Spor & Outdoor > Bisiklet, Paten & Kaykay > Bisiklet","Bisiklet","bisiklet","active","YES","YES","Spor & Outdoor","Bisiklet","Bisikletler","Dağ Bisikletleri","Spor & Outdoor > Bisiklet > Bisikletler > Dağ Bisikletleri","CANDIDATE_NOT_OWNER_FINAL","RENAME","HIGH","1,0000","YES","","YES","1","","Spor & Outdoor > Bisiklet","PROVISIONAL_PROPOSAL","UNRESOLVED","PREVIOUS_UNRESOLVED_NOW_CANDIDATE_RESOLVED","Wave 32 candidate semantic match; score=1,0000; target remains candidate, not owner-final."
"bisiklet-parcasi-aksesuari","3","bisiklet-paten-kaykay","Spor & Outdoor > Bisiklet, Paten & Kaykay > Bisiklet Parçası & Aksesuarı","Bisiklet Parçası & Aksesuarı","bisiklet-parcasi-aksesuari","active","YES","YES","Spor & Outdoor","","","","Spor & Outdoor","CANDIDATE_NOT_OWNER_FINAL","SPLIT","HIGH","EXPLICIT","YES","compatibility_critical|REGULATED|REGULATED|REGULATED|REGULATED","YES","8","Spor & Outdoor > Bisiklet > Bisiklet Parçaları > Aktarma Organları || Spor & Outdoor > Bisiklet > Bisiklet Parçaları > Fren Parçaları || Spor & Outdoor > Bisiklet > Bisiklet Parçaları > Jant, Lastik & Tekerlek Parçaları || Spor & Outdoor > Bisiklet > Bisiklet Parçaları > Gidon, Sele & Kontrol Parçaları || Spor & Outdoor > Bisiklet > Bisiklet Kaskı & Koruyucuları || Spor & Outdoor > Bisiklet > Bisiklet Kilidi & Güvenlik Ürünleri || Spor & Outdoor > Bisiklet > Pompa, Bakım & Sürüş Aksesuarları || Spor & Outdoor > Bisiklet > Bisiklete Monte Çanta & Taşıyıcılar","Spor & Outdoor > Bisiklet","PROVISIONAL_PROPOSAL","UNRESOLVED","PREVIOUS_UNRESOLVED_NOW_CANDIDATE_RESOLVED","Legacy combined identity spans multiple explicit Wave 32 candidate successors; product-level split rule is required."
"bisiklet-kaski-korumasi","3","bisiklet-paten-kaykay","Spor & Outdoor > Bisiklet, Paten & Kaykay > Bisiklet Kaskı & Koruması","Bisiklet Kaskı & Koruması","bisiklet-kaski-korumasi","active","YES","YES","Spor & Outdoor","Bisiklet","Bisiklet Kaskı & Koruyucuları","","Spor & Outdoor > Bisiklet > Bisiklet Kaskı & Koruyucuları","CANDIDATE_NOT_OWNER_FINAL","RENAME","HIGH","0,9000","YES","REGULATED|safety_critical","YES","1","","Spor & Outdoor > Bisiklet","PROVISIONAL_PROPOSAL","UNRESOLVED","PREVIOUS_UNRESOLVED_NOW_CANDIDATE_RESOLVED","Wave 32 candidate semantic match; score=0,9000; target remains candidate, not owner-final."
"paten","3","bisiklet-paten-kaykay","Spor & Outdoor > Bisiklet, Paten & Kaykay > Paten","Paten","paten","active","YES","YES","Spor & Outdoor","Bireysel Sporlar & Jimnastik","Paten & Kaykay","","Spor & Outdoor > Bireysel Sporlar & Jimnastik > Paten & Kaykay","CANDIDATE_NOT_OWNER_FINAL","RENAME","HIGH","0,9000","YES","REGULATED","YES","1","","Spor & Outdoor > Bireysel Sporlar & Jimnastik","PROVISIONAL_PROPOSAL","UNRESOLVED","PREVIOUS_UNRESOLVED_NOW_CANDIDATE_RESOLVED","Wave 32 candidate semantic match; score=0,9000; target remains candidate, not owner-final."
"kaykay-scooter","3","bisiklet-paten-kaykay","Spor & Outdoor > Bisiklet, Paten & Kaykay > Kaykay & Scooter","Kaykay & Scooter","kaykay-scooter","active","YES","YES","Spor & Outdoor","Bireysel Sporlar & Jimnastik","Paten & Kaykay","","Spor & Outdoor > Bireysel Sporlar & Jimnastik > Paten & Kaykay","CANDIDATE_NOT_OWNER_FINAL","UNRESOLVED","LOW","MANUAL","YES","REGULATED|REGULATED|safety_critical","YES","0","","Spor & Outdoor > Bireysel Sporlar & Jimnastik","PROVISIONAL_PROPOSAL","UNRESOLVED","TARGET_CHANGED","Candidate covers skateboards but not scooters; combined identity remains unresolved."
"kamp-yuruyus-outdoor","2","spor-outdoor","Spor & Outdoor > Kamp, Yürüyüş & Outdoor","Kamp, Yürüyüş & Outdoor","kamp-yuruyus-outdoor","active","NO","NO","Spor & Outdoor","Outdoor, Kamp & Trekking","","","Spor & Outdoor > Outdoor, Kamp & Trekking","CANDIDATE_NOT_OWNER_FINAL","RENAME","HIGH","1.0000","YES","LEGAL_REVIEW_REQUIRED","YES","1","","Spor & Outdoor > Outdoor, Kamp & Trekking","PROVISIONAL_PROPOSAL","RENAME","MATURITY_ONLY","Previous provisional L2 bridge now resolves to the exact Wave 32 candidate L2; target is not owner-final."
"cadir","3","kamp-yuruyus-outdoor","Spor & Outdoor > Kamp, Yürüyüş & Outdoor > Çadır","Çadır","cadir","active","YES","YES","Spor & Outdoor","Outdoor, Kamp & Trekking","Kamp Barınakları","Çadırlar","Spor & Outdoor > Outdoor, Kamp & Trekking > Kamp Barınakları > Çadırlar","CANDIDATE_NOT_OWNER_FINAL","RENAME","HIGH","1,0000","YES","","YES","1","","Spor & Outdoor > Outdoor, Kamp & Trekking","PROVISIONAL_PROPOSAL","UNRESOLVED","PREVIOUS_UNRESOLVED_NOW_CANDIDATE_RESOLVED","Wave 32 candidate semantic match; score=1,0000; target remains candidate, not owner-final."
"uyku-tulumu-kamp-mati","3","kamp-yuruyus-outdoor","Spor & Outdoor > Kamp, Yürüyüş & Outdoor > Uyku Tulumu & Kamp Matı","Uyku Tulumu & Kamp Matı","uyku-tulumu-kamp-mati","active","YES","YES","Spor & Outdoor","","","","Spor & Outdoor","CANDIDATE_NOT_OWNER_FINAL","SPLIT","HIGH","EXPLICIT","YES","","YES","2","Spor & Outdoor > Outdoor, Kamp & Trekking > Uyku Sistemleri > Uyku Tulumları || Spor & Outdoor > Outdoor, Kamp & Trekking > Uyku Sistemleri > Kamp Matları","Spor & Outdoor > Outdoor, Kamp & Trekking","PROVISIONAL_PROPOSAL","UNRESOLVED","PREVIOUS_UNRESOLVED_NOW_CANDIDATE_RESOLVED","Legacy combined identity spans multiple explicit Wave 32 candidate successors; product-level split rule is required."
"kamp-mobilyasi","3","kamp-yuruyus-outdoor","Spor & Outdoor > Kamp, Yürüyüş & Outdoor > Kamp Mobilyası","Kamp Mobilyası","kamp-mobilyasi","active","YES","YES","Spor & Outdoor","Outdoor, Kamp & Trekking","Kamp Mobilyaları","","Spor & Outdoor > Outdoor, Kamp & Trekking > Kamp Mobilyaları","CANDIDATE_NOT_OWNER_FINAL","RENAME","HIGH","1,0000","YES","REGULATED","YES","1","","Spor & Outdoor > Outdoor, Kamp & Trekking","PROVISIONAL_PROPOSAL","UNRESOLVED","PREVIOUS_UNRESOLVED_NOW_CANDIDATE_RESOLVED","Wave 32 candidate semantic match; score=1,0000; target remains candidate, not owner-final."
"kamp-ocagi-pisirme-ekipmani","3","kamp-yuruyus-outdoor","Spor & Outdoor > Kamp, Yürüyüş & Outdoor > Kamp Ocağı & Pişirme Ekipmanı","Kamp Ocağı & Pişirme Ekipmanı","kamp-ocagi-pisirme-ekipmani","active","YES","YES","Spor & Outdoor","Outdoor, Kamp & Trekking","Kamp Ocağı & Outdoor Pişirme Ekipmanları","","Spor & Outdoor > Outdoor, Kamp & Trekking > Kamp Ocağı & Outdoor Pişirme Ekipmanları","CANDIDATE_NOT_OWNER_FINAL","RENAME","HIGH","0,9000","YES","hazmat_review|safety_critical|REGULATED","YES","1","","Spor & Outdoor > Outdoor, Kamp & Trekking","PROVISIONAL_PROPOSAL","UNRESOLVED","PREVIOUS_UNRESOLVED_NOW_CANDIDATE_RESOLVED","Wave 32 candidate semantic match; score=0,9000; target remains candidate, not owner-final."
"fener-outdoor-aydinlatma","3","kamp-yuruyus-outdoor","Spor & Outdoor > Kamp, Yürüyüş & Outdoor > Fener & Outdoor Aydınlatma","Fener & Outdoor Aydınlatma","fener-outdoor-aydinlatma","active","YES","YES","Spor & Outdoor","Outdoor, Kamp & Trekking","Outdoor Aydınlatma Ekipmanları","","Spor & Outdoor > Outdoor, Kamp & Trekking > Outdoor Aydınlatma Ekipmanları","CANDIDATE_NOT_OWNER_FINAL","RENAME","MEDIUM","0,8600","YES","REGULATED","YES","1","","Spor & Outdoor > Outdoor, Kamp & Trekking","PROVISIONAL_PROPOSAL","UNRESOLVED","PREVIOUS_UNRESOLVED_NOW_CANDIDATE_RESOLVED","Wave 32 candidate semantic match; score=0,8600; target remains candidate, not owner-final."
"trekking-bastonu-outdoor-aksesuari","3","kamp-yuruyus-outdoor","Spor & Outdoor > Kamp, Yürüyüş & Outdoor > Trekking Bastonu & Outdoor Aksesuarı","Trekking Bastonu & Outdoor Aksesuarı","trekking-bastonu-outdoor-aksesuari","active","YES","YES","Spor & Outdoor","Outdoor, Kamp & Trekking","Trekking & Yürüyüş Ekipmanları","","Spor & Outdoor > Outdoor, Kamp & Trekking > Trekking & Yürüyüş Ekipmanları","CANDIDATE_NOT_OWNER_FINAL","RENAME","MEDIUM","0,5600","YES","REGULATED","YES","1","","Spor & Outdoor > Outdoor, Kamp & Trekking","PROVISIONAL_PROPOSAL","UNRESOLVED","PREVIOUS_UNRESOLVED_NOW_CANDIDATE_RESOLVED","Wave 32 candidate semantic match; score=0,5600; target remains candidate, not owner-final."
"spor-matarasi","3","kamp-yuruyus-outdoor","Spor & Outdoor > Kamp, Yürüyüş & Outdoor > Spor Matarası","Spor Matarası","spor-matarasi","active","YES","YES","Züccaciye & Mutfak","Termos, Matara & Yiyecek Taşıma","Matara","","Züccaciye & Mutfak > Termos, Matara & Yiyecek Taşıma > Matara","CANDIDATE_NOT_OWNER_FINAL","MOVE","HIGH","EXPLICIT","YES","REGULATED","YES","1","","Spor & Outdoor > Outdoor, Kamp & Trekking","PROVISIONAL_PROPOSAL","UNRESOLVED","PREVIOUS_UNRESOLVED_NOW_CANDIDATE_RESOLVED","Sport is a use facet; product identity is the bottle."
"balikcilik-su-kis-sporlari","2","spor-outdoor","Spor & Outdoor > Balıkçılık, Su & Kış Sporları","Balıkçılık, Su & Kış Sporları","balikcilik-su-kis-sporlari","active","NO","NO","Spor & Outdoor","","","","Spor & Outdoor","CANDIDATE_NOT_OWNER_FINAL","SPLIT","HIGH","EXPLICIT","YES","LEGAL_REVIEW_REQUIRED|REGULATED","YES","3","Spor & Outdoor > Balıkçılık || Spor & Outdoor > Su Sporları || Spor & Outdoor > Kış Sporları","Spor & Outdoor","PROVISIONAL_PROPOSAL","SPLIT","MATURITY_ONLY","Legacy combined identity spans multiple explicit Wave 32 candidate successors; product-level split rule is required."
"olta-balikcilik-takimi","3","balikcilik-su-kis-sporlari","Spor & Outdoor > Balıkçılık, Su & Kış Sporları > Olta & Balıkçılık Takımı","Olta & Balıkçılık Takımı","olta-balikcilik-takimi","active","YES","YES","Spor & Outdoor","","","","Spor & Outdoor","CANDIDATE_NOT_OWNER_FINAL","SPLIT","HIGH","EXPLICIT","YES","LEGAL_REVIEW_REQUIRED","YES","6","Spor & Outdoor > Balıkçılık > Olta Kamışları || Spor & Outdoor > Balıkçılık > Olta Makineleri || Spor & Outdoor > Balıkçılık > Misina, İğne & Bağlantı Takımları || Spor & Outdoor > Balıkçılık > Suni Yem & Balıkçılık Yemleri || Spor & Outdoor > Balıkçılık > Kepçe, Ağ & Balıkçılık Aksesuarları || Spor & Outdoor > Balıkçılık > Balıkçı Kutusu & Taşıma Ürünleri","Spor & Outdoor > Balıkçılık & Avcılık","PROVISIONAL_PROPOSAL","UNRESOLVED","PREVIOUS_UNRESOLVED_NOW_CANDIDATE_RESOLVED","Legacy combined identity spans multiple explicit Wave 32 candidate successors; product-level split rule is required."
"yuzme-ekipmani","3","balikcilik-su-kis-sporlari","Spor & Outdoor > Balıkçılık, Su & Kış Sporları > Yüzme Ekipmanı","Yüzme Ekipmanı","yuzme-ekipmani","active","YES","YES","Spor & Outdoor","Su Sporları","Yüzme Ekipmanları","","Spor & Outdoor > Su Sporları > Yüzme Ekipmanları","CANDIDATE_NOT_OWNER_FINAL","RENAME","MEDIUM","0,7267","YES","REGULATED","YES","1","","Spor & Outdoor > Su Sporları","PROVISIONAL_PROPOSAL","UNRESOLVED","PREVIOUS_UNRESOLVED_NOW_CANDIDATE_RESOLVED","Wave 32 candidate semantic match; score=0,7267; target remains candidate, not owner-final."
"snorkel-dalis-ekipmani","3","balikcilik-su-kis-sporlari","Spor & Outdoor > Balıkçılık, Su & Kış Sporları > Şnorkel & Dalış Ekipmanı","Şnorkel & Dalış Ekipmanı","snorkel-dalis-ekipmani","active","YES","YES","Spor & Outdoor","Su Sporları","Dalış & Şnorkel Ekipmanları","","Spor & Outdoor > Su Sporları > Dalış & Şnorkel Ekipmanları","CANDIDATE_NOT_OWNER_FINAL","RENAME","HIGH","0,9000","YES","LEGAL_REVIEW_REQUIRED|safety_critical","YES","1","","Spor & Outdoor > Su Sporları","PROVISIONAL_PROPOSAL","UNRESOLVED","PREVIOUS_UNRESOLVED_NOW_CANDIDATE_RESOLVED","Wave 32 candidate semantic match; score=0,9000; target remains candidate, not owner-final."
"sisme-deniz-urunu","3","balikcilik-su-kis-sporlari","Spor & Outdoor > Balıkçılık, Su & Kış Sporları > Şişme Deniz Ürünü","Şişme Deniz Ürünü","sisme-deniz-urunu","active","YES","YES","Spor & Outdoor","Su Sporları","Şişme Su Sporu Ürünleri","","Spor & Outdoor > Su Sporları > Şişme Su Sporu Ürünleri","CANDIDATE_NOT_OWNER_FINAL","RENAME","HIGH","EXPLICIT","YES","REGULATED|REGULATED|safety_critical","YES","1","","Spor & Outdoor","PROVISIONAL_PROPOSAL","UNRESOLVED","PREVIOUS_UNRESOLVED_NOW_CANDIDATE_RESOLVED","Explicit candidate successor."
"kayak-snowboard-ekipmani","3","balikcilik-su-kis-sporlari","Spor & Outdoor > Balıkçılık, Su & Kış Sporları > Kayak & Snowboard Ekipmanı","Kayak & Snowboard Ekipmanı","kayak-snowboard-ekipmani","active","YES","YES","Spor & Outdoor","","","","Spor & Outdoor","CANDIDATE_NOT_OWNER_FINAL","SPLIT","MEDIUM","1,0000","YES","safety_critical","YES","2","Spor & Outdoor > Kış Sporları > Kayak Ekipmanları || Spor & Outdoor > Kış Sporları > Snowboard Ekipmanları","Spor & Outdoor > Kış Sporları","PROVISIONAL_PROPOSAL","UNRESOLVED","PREVIOUS_UNRESOLVED_NOW_CANDIDATE_RESOLVED","Legacy combined concept has multiple near-equal Wave 32 candidate successors; no arbitrary single successor selected."
"kitap","1","","Kitap","Kitap","kitap","active","NO","NO","Kitap","","","","Kitap","CANONICAL_FINAL","KEEP","HIGH","","NO","","NO","1","","Kitap","CANONICAL_FINAL","KEEP","UNCHANGED_FINAL_ANCHOR",""
"kitaplar","2","kitap","Kitap > Kitaplar","Kitaplar","kitaplar","active","NO","NO","Kitap","","","","Kitap","CANDIDATE_NOT_OWNER_FINAL","SPLIT","HIGH","1.0000","YES","","YES","10","Kitap > Edebiyat & Kurgu || Kitap > Çocuk & Gençlik Kitapları || Kitap > Eğitim & Ders Kitapları || Kitap > Sınav Hazırlık Kitapları || Kitap > Akademik & Mesleki Kitaplar || Kitap > Araştırma, İnceleme & Düşünce || Kitap > Kişisel Gelişim & Yaşam || Kitap > Sanat, Kültür & Hobi Kitapları || Kitap > Çizgi Roman & Manga || Kitap > Dil Öğrenimi & Sözlükler","Kitap","PROVISIONAL_PROPOSAL","SPLIT","MATURITY_ONLY","Legacy umbrella spans multiple exact Wave 32 candidate L2 successors; product-level split rule remains required."
"roman-oyku","3","kitaplar","Kitap > Kitaplar > Roman & Öykü","Roman & Öykü","roman-oyku","active","YES","YES","Kitap","","","","Kitap","CANDIDATE_NOT_OWNER_FINAL","SPLIT","MEDIUM","1,0000","YES","","YES","2","Kitap > Edebiyat & Kurgu > Öykü || Kitap > Edebiyat & Kurgu > Roman","Kitap > Edebiyat & Kurgu","PROVISIONAL_PROPOSAL","UNRESOLVED","PREVIOUS_UNRESOLVED_NOW_CANDIDATE_RESOLVED","Legacy combined concept has multiple near-equal Wave 32 candidate successors; no arbitrary single successor selected."
"siir-edebiyat-inceleme","3","kitaplar","Kitap > Kitaplar > Şiir & Edebiyat İnceleme","Şiir & Edebiyat İnceleme","siir-edebiyat-inceleme","active","YES","YES","Kitap","Edebiyat & Kurgu","Şiir","","Kitap > Edebiyat & Kurgu > Şiir","CANDIDATE_NOT_OWNER_FINAL","RENAME","HIGH","0,9000","YES","","YES","1","","Kitap > Edebiyat & Kurgu","PROVISIONAL_PROPOSAL","UNRESOLVED","PREVIOUS_UNRESOLVED_NOW_CANDIDATE_RESOLVED","Wave 32 candidate semantic match; score=0,9000; target remains candidate, not owner-final."
"cocuk-kitabi","3","kitaplar","Kitap > Kitaplar > Çocuk Kitabı","Çocuk Kitabı","cocuk-kitabi","active","YES","YES","Kitap","Çocuk & Gençlik Kitapları","Çocuk Edebiyatı","","Kitap > Çocuk & Gençlik Kitapları > Çocuk Edebiyatı","CANDIDATE_NOT_OWNER_FINAL","RENAME","MEDIUM","0,5600","YES","REGULATED","YES","1","","Kitap > Çocuk & Gençlik Kitapları","PROVISIONAL_PROPOSAL","UNRESOLVED","PREVIOUS_UNRESOLVED_NOW_CANDIDATE_RESOLVED","Wave 32 candidate semantic match; score=0,5600; target remains candidate, not owner-final."
"genclik-kitabi","3","kitaplar","Kitap > Kitaplar > Gençlik Kitabı","Gençlik Kitabı","genclik-kitabi","active","YES","YES","Kitap","Çocuk & Gençlik Kitapları","Gençlik Edebiyatı","","Kitap > Çocuk & Gençlik Kitapları > Gençlik Edebiyatı","CANDIDATE_NOT_OWNER_FINAL","RENAME_AND_MOVE","MEDIUM","0,5200","YES","REGULATED","YES","1","","Kitap","PROVISIONAL_PROPOSAL","UNRESOLVED","PREVIOUS_UNRESOLVED_NOW_CANDIDATE_RESOLVED","Wave 32 candidate semantic match; score=0,5200; target remains candidate, not owner-final."
"egitim-sinav-kitabi","3","kitaplar","Kitap > Kitaplar > Eğitim & Sınav Kitabı","Eğitim & Sınav Kitabı","egitim-sinav-kitabi","active","YES","YES","Kitap","","","","Kitap","CANDIDATE_NOT_OWNER_FINAL","SPLIT","HIGH","EXPLICIT","YES","REGULATED","YES","2","Kitap > Eğitim & Ders Kitapları || Kitap > Sınav Hazırlık Kitapları","Kitap > Eğitim & Ders Kitapları","PROVISIONAL_PROPOSAL","UNRESOLVED","PREVIOUS_UNRESOLVED_NOW_CANDIDATE_RESOLVED","Legacy combined identity spans multiple explicit Wave 32 candidate successors; product-level split rule is required."
"akademik-mesleki-kitap","3","kitaplar","Kitap > Kitaplar > Akademik & Mesleki Kitap","Akademik & Mesleki Kitap","akademik-mesleki-kitap","active","YES","YES","Kitap","","","","Kitap","CANDIDATE_NOT_OWNER_FINAL","SPLIT","HIGH","EXPLICIT","YES","","YES","6","Kitap > Akademik & Mesleki Kitaplar > Fen Bilimleri Kitapları || Kitap > Akademik & Mesleki Kitaplar > Hukuk Kitapları || Kitap > Akademik & Mesleki Kitaplar > İşletme & Ekonomi Kitapları || Kitap > Akademik & Mesleki Kitaplar > Mühendislik & Teknoloji Kitapları || Kitap > Akademik & Mesleki Kitaplar > Sağlık Bilimleri Kitapları || Kitap > Akademik & Mesleki Kitaplar > Sosyal Bilimler Kitapları","Kitap > Akademik & Mesleki Kitaplar","PROVISIONAL_PROPOSAL","UNRESOLVED","PREVIOUS_UNRESOLVED_NOW_CANDIDATE_RESOLVED","Legacy combined identity spans multiple explicit Wave 32 candidate successors; product-level split rule is required."
"arastirma-tarih-toplum-kitabi","3","kitaplar","Kitap > Kitaplar > Araştırma, Tarih & Toplum","Araştırma, Tarih & Toplum","arastirma-tarih-toplum-kitabi","active","YES","YES","Kitap","Araştırma, İnceleme & Düşünce","Tarih","","Kitap > Araştırma, İnceleme & Düşünce > Tarih","CANDIDATE_NOT_OWNER_FINAL","RENAME","HIGH","0,9000","YES","","YES","1","","Kitap > Araştırma, İnceleme & Düşünce","PROVISIONAL_PROPOSAL","UNRESOLVED","PREVIOUS_UNRESOLVED_NOW_CANDIDATE_RESOLVED","Wave 32 candidate semantic match; score=0,9000; target remains candidate, not owner-final."
"bilim-teknoloji-doga-kitabi","3","kitaplar","Kitap > Kitaplar > Bilim, Teknoloji & Doğa","Bilim, Teknoloji & Doğa","bilim-teknoloji-doga-kitabi","active","YES","YES","Kitap","Araştırma, İnceleme & Düşünce","Popüler Bilim","","Kitap > Araştırma, İnceleme & Düşünce > Popüler Bilim","CANDIDATE_NOT_OWNER_FINAL","RENAME_AND_MOVE","MEDIUM","0,5200","YES","","YES","1","","Kitap","PROVISIONAL_PROPOSAL","UNRESOLVED","PREVIOUS_UNRESOLVED_NOW_CANDIDATE_RESOLVED","Wave 32 candidate semantic match; score=0,5200; target remains candidate, not owner-final."
"kisisel-gelisim-is-dunyasi-kitabi","3","kitaplar","Kitap > Kitaplar > Kişisel Gelişim & İş Dünyası","Kişisel Gelişim & İş Dünyası","kisisel-gelisim-is-dunyasi-kitabi","active","YES","YES","Kitap","Kişisel Gelişim & Yaşam","Kişisel Gelişim","","Kitap > Kişisel Gelişim & Yaşam > Kişisel Gelişim","CANDIDATE_NOT_OWNER_FINAL","RENAME","HIGH","1,0000","YES","","YES","1","","Kitap > Kişisel Gelişim & Yaşam","PROVISIONAL_PROPOSAL","UNRESOLVED","PREVIOUS_UNRESOLVED_NOW_CANDIDATE_RESOLVED","Wave 32 candidate semantic match; score=1,0000; target remains candidate, not owner-final."
"din-felsefe-dusunce-kitabi","3","kitaplar","Kitap > Kitaplar > Din, Felsefe & Düşünce","Din, Felsefe & Düşünce","din-felsefe-dusunce-kitabi","active","YES","YES","Kitap","Araştırma, İnceleme & Düşünce","Felsefe","","Kitap > Araştırma, İnceleme & Düşünce > Felsefe","CANDIDATE_NOT_OWNER_FINAL","RENAME","HIGH","0,9000","YES","","YES","1","","Kitap > Araştırma, İnceleme & Düşünce","PROVISIONAL_PROPOSAL","UNRESOLVED","PREVIOUS_UNRESOLVED_NOW_CANDIDATE_RESOLVED","Wave 32 candidate semantic match; score=0,9000; target remains candidate, not owner-final."
"sanat-hobi-yasam-kitabi","3","kitaplar","Kitap > Kitaplar > Sanat, Hobi & Yaşam Kitabı","Sanat, Hobi & Yaşam Kitabı","sanat-hobi-yasam-kitabi","active","YES","YES","Kitap","Sanat, Kültür & Hobi Kitapları","Gezi","","Kitap > Sanat, Kültür & Hobi Kitapları > Gezi","CANDIDATE_NOT_OWNER_FINAL","RENAME","HIGH","0,9000","YES","","YES","1","","Kitap > Sanat, Kültür & Hobi Kitapları","PROVISIONAL_PROPOSAL","UNRESOLVED","PREVIOUS_UNRESOLVED_NOW_CANDIDATE_RESOLVED","Wave 32 candidate semantic match; score=0,9000; target remains candidate, not owner-final."
"cizgi-roman-manga","3","kitaplar","Kitap > Kitaplar > Çizgi Roman & Manga","Çizgi Roman & Manga","cizgi-roman-manga","active","YES","YES","Kitap","","","","Kitap","CANDIDATE_NOT_OWNER_FINAL","SPLIT","MEDIUM","1,0000","YES","","YES","2","Kitap > Çizgi Roman & Manga > Çizgi Roman || Kitap > Çizgi Roman & Manga > Manga","Kitap > Çizgi Roman & Manga","PROVISIONAL_PROPOSAL","UNRESOLVED","PREVIOUS_UNRESOLVED_NOW_CANDIDATE_RESOLVED","Legacy combined concept has multiple near-equal Wave 32 candidate successors; no arbitrary single successor selected."
"sozluk-atlas-basvuru-kitabi","3","kitaplar","Kitap > Kitaplar > Sözlük, Atlas & Başvuru","Sözlük, Atlas & Başvuru","sozluk-atlas-basvuru-kitabi","active","YES","YES","Kitap","Dil Öğrenimi & Sözlükler","","","Kitap > Dil Öğrenimi & Sözlükler","CANDIDATE_NOT_OWNER_FINAL","UNRESOLVED","LOW","MANUAL","YES","","YES","0","","Kitap > Dil Öğrenimi & Sözlükler","PROVISIONAL_PROPOSAL","UNRESOLVED","MATURITY_ONLY","Candidate covers dictionaries/language books but not the full atlas/reference-book identity."
"kirtasiye-ofis","1","","Kırtasiye & Ofis","Kırtasiye & Ofis","kirtasiye-ofis","active","NO","NO","Kırtasiye & Ofis","","","","Kırtasiye & Ofis","CANONICAL_FINAL","KEEP","HIGH","","NO","","NO","1","","Kırtasiye & Ofis","CANONICAL_FINAL","KEEP","UNCHANGED_FINAL_ANCHOR",""
"yazim-okul-gerecleri","2","kirtasiye-ofis","Kırtasiye & Ofis > Yazım & Okul Gereçleri","Yazım & Okul Gereçleri","yazim-okul-gerecleri","active","NO","NO","Kırtasiye & Ofis","","","","Kırtasiye & Ofis","CANDIDATE_NOT_OWNER_FINAL","SPLIT","HIGH","1.0000","YES","","YES","3","Kırtasiye & Ofis > Kalem & Yazım Gereçleri || Kırtasiye & Ofis > Yapıştırıcı, Bant & Kesim Gereçleri || Kırtasiye & Ofis > Okul Kırtasiyesi & Eğitim Gereçleri","Kırtasiye & Ofis","PROVISIONAL_PROPOSAL","SPLIT","MATURITY_ONLY","Legacy umbrella spans multiple exact Wave 32 candidate L2 successors; product-level split rule remains required."
"kursun-kalem-uc","3","yazim-okul-gerecleri","Kırtasiye & Ofis > Yazım & Okul Gereçleri > Kurşun Kalem & Uç","Kurşun Kalem & Uç","kursun-kalem-uc","active","YES","YES","Kırtasiye & Ofis","","","","Kırtasiye & Ofis","CANDIDATE_NOT_OWNER_FINAL","SPLIT","MEDIUM","0,9000","YES","","YES","2","Kırtasiye & Ofis > Kalem & Yazım Gereçleri > Kalem Ucu & Mürekkep || Kırtasiye & Ofis > Kalem & Yazım Gereçleri > Kurşun & Versatil Kalemler","Kırtasiye & Ofis > Kalem & Yazım Gereçleri","PROVISIONAL_PROPOSAL","UNRESOLVED","PREVIOUS_UNRESOLVED_NOW_CANDIDATE_RESOLVED","Legacy combined concept has multiple near-equal Wave 32 candidate successors; no arbitrary single successor selected."
"tukenmez-jel-roller-kalem","3","yazim-okul-gerecleri","Kırtasiye & Ofis > Yazım & Okul Gereçleri > Tükenmez, Jel & Roller Kalem","Tükenmez, Jel & Roller Kalem","tukenmez-jel-roller-kalem","active","YES","YES","Kırtasiye & Ofis","Kalem & Yazım Gereçleri","Tükenmez & Roller Kalemler","","Kırtasiye & Ofis > Kalem & Yazım Gereçleri > Tükenmez & Roller Kalemler","CANDIDATE_NOT_OWNER_FINAL","RENAME","HIGH","0,9171","YES","","YES","1","","Kırtasiye & Ofis > Kalem & Yazım Gereçleri","PROVISIONAL_PROPOSAL","UNRESOLVED","PREVIOUS_UNRESOLVED_NOW_CANDIDATE_RESOLVED","Wave 32 candidate semantic match; score=0,9171; target remains candidate, not owner-final."
"dolma-kalem-murekkep","3","yazim-okul-gerecleri","Kırtasiye & Ofis > Yazım & Okul Gereçleri > Dolma Kalem & Mürekkep","Dolma Kalem & Mürekkep","dolma-kalem-murekkep","active","YES","YES","Kırtasiye & Ofis","","","","Kırtasiye & Ofis","CANDIDATE_NOT_OWNER_FINAL","SPLIT","HIGH","EXPLICIT","YES","REGULATED","YES","2","Kırtasiye & Ofis > Kalem & Yazım Gereçleri > Dolma Kalemler || Kırtasiye & Ofis > Kalem & Yazım Gereçleri > Kalem Ucu & Mürekkep","Kırtasiye & Ofis > Kalem & Yazım Gereçleri","PROVISIONAL_PROPOSAL","UNRESOLVED","PREVIOUS_UNRESOLVED_NOW_CANDIDATE_RESOLVED","Legacy combined identity spans multiple explicit Wave 32 candidate successors; product-level split rule is required."
"keceli-fosforlu-tahta-kalemi","3","yazim-okul-gerecleri","Kırtasiye & Ofis > Yazım & Okul Gereçleri > Keçeli, Fosforlu & Tahta Kalemi","Keçeli, Fosforlu & Tahta Kalemi","keceli-fosforlu-tahta-kalemi","active","YES","YES","Kırtasiye & Ofis","Kalem & Yazım Gereçleri","Marker & Fosforlu Kalemler","","Kırtasiye & Ofis > Kalem & Yazım Gereçleri > Marker & Fosforlu Kalemler","CANDIDATE_NOT_OWNER_FINAL","RENAME","HIGH","0,9000","YES","REGULATED","YES","1","","Kırtasiye & Ofis > Kalem & Yazım Gereçleri","PROVISIONAL_PROPOSAL","UNRESOLVED","PREVIOUS_UNRESOLVED_NOW_CANDIDATE_RESOLVED","Wave 32 candidate semantic match; score=0,9000; target remains candidate, not owner-final."
"silgi-kalemtiras-cetvel","3","yazim-okul-gerecleri","Kırtasiye & Ofis > Yazım & Okul Gereçleri > Silgi, Kalemtıraş & Cetvel","Silgi, Kalemtıraş & Cetvel","silgi-kalemtiras-cetvel","active","YES","YES","Kırtasiye & Ofis","Kalem & Yazım Gereçleri","Silgi & Düzeltme Gereçleri","","Kırtasiye & Ofis > Kalem & Yazım Gereçleri > Silgi & Düzeltme Gereçleri","CANDIDATE_NOT_OWNER_FINAL","RENAME","HIGH","0,9000","YES","REGULATED","YES","1","","Kırtasiye & Ofis > Kalem & Yazım Gereçleri","PROVISIONAL_PROPOSAL","UNRESOLVED","PREVIOUS_UNRESOLVED_NOW_CANDIDATE_RESOLVED","Wave 32 candidate semantic match; score=0,9000; target remains candidate, not owner-final."
"kalemlik","3","yazim-okul-gerecleri","Kırtasiye & Ofis > Yazım & Okul Gereçleri > Kalemlik","Kalemlik","kalemlik","active","YES","YES","Kırtasiye & Ofis","Okul Kırtasiyesi & Eğitim Gereçleri","Kalem Kutuları","","Kırtasiye & Ofis > Okul Kırtasiyesi & Eğitim Gereçleri > Kalem Kutuları","CANDIDATE_NOT_OWNER_FINAL","RENAME_AND_MOVE","HIGH","EXPLICIT","YES","","YES","1","","Kırtasiye & Ofis > Kalem & Yazım Gereçleri","PROVISIONAL_PROPOSAL","UNRESOLVED","PREVIOUS_UNRESOLVED_NOW_CANDIDATE_RESOLVED","Corrects false fountain-pen match."
"okul-geometri-matematik-seti","3","yazim-okul-gerecleri","Kırtasiye & Ofis > Yazım & Okul Gereçleri > Okul Geometri & Matematik Seti","Okul Geometri & Matematik Seti","okul-geometri-matematik-seti","active","YES","YES","Kırtasiye & Ofis","Okul Kırtasiyesi & Eğitim Gereçleri","Geometri Setleri","","Kırtasiye & Ofis > Okul Kırtasiyesi & Eğitim Gereçleri > Geometri Setleri","CANDIDATE_NOT_OWNER_FINAL","RENAME","MEDIUM","0,7267","YES","REGULATED","YES","1","","Kırtasiye & Ofis > Okul Kırtasiyesi & Eğitim Gereçleri","PROVISIONAL_PROPOSAL","UNRESOLVED","PREVIOUS_UNRESOLVED_NOW_CANDIDATE_RESOLVED","Wave 32 candidate semantic match; score=0,7267; target remains candidate, not owner-final."
"defter-kagit-sunum","2","kirtasiye-ofis","Kırtasiye & Ofis > Defter, Kağıt & Sunum","Defter, Kağıt & Sunum","defter-kagit-sunum","active","NO","NO","Kırtasiye & Ofis","","","","Kırtasiye & Ofis","CANDIDATE_NOT_OWNER_FINAL","SPLIT","HIGH","1.0000","YES","","YES","3","Kırtasiye & Ofis > Defter, Ajanda & Planlayıcılar || Kırtasiye & Ofis > Kağıt, Etiket & Baskı Sarfı || Kırtasiye & Ofis > Sunum, Pano & Yazı Tahtası Ürünleri","Kırtasiye & Ofis","PROVISIONAL_PROPOSAL","SPLIT","MATURITY_ONLY","Legacy umbrella spans multiple exact Wave 32 candidate L2 successors; product-level split rule remains required."
"defter","3","defter-kagit-sunum","Kırtasiye & Ofis > Defter, Kağıt & Sunum > Defter","Defter","defter","active","YES","YES","Kırtasiye & Ofis","Defter, Ajanda & Planlayıcılar","Defterler","","Kırtasiye & Ofis > Defter, Ajanda & Planlayıcılar > Defterler","CANDIDATE_NOT_OWNER_FINAL","RENAME","HIGH","1,0000","YES","","YES","1","","Kırtasiye & Ofis > Defter, Ajanda & Planlayıcılar","PROVISIONAL_PROPOSAL","UNRESOLVED","PREVIOUS_UNRESOLVED_NOW_CANDIDATE_RESOLVED","Wave 32 candidate semantic match; score=1,0000; target remains candidate, not owner-final."
"ajanda-planlayici","3","defter-kagit-sunum","Kırtasiye & Ofis > Defter, Kağıt & Sunum > Ajanda & Planlayıcı","Ajanda & Planlayıcı","ajanda-planlayici","active","YES","YES","Kırtasiye & Ofis","","","","Kırtasiye & Ofis","CANDIDATE_NOT_OWNER_FINAL","SPLIT","HIGH","EXPLICIT","YES","","YES","2","Kırtasiye & Ofis > Defter, Ajanda & Planlayıcılar > Ajandalar || Kırtasiye & Ofis > Defter, Ajanda & Planlayıcılar > Planlayıcılar","Kırtasiye & Ofis > Defter, Ajanda & Planlayıcılar","PROVISIONAL_PROPOSAL","UNRESOLVED","PREVIOUS_UNRESOLVED_NOW_CANDIDATE_RESOLVED","Legacy combined identity spans multiple explicit Wave 32 candidate successors; product-level split rule is required."
"not-kagidi-yapiskanli-not","3","defter-kagit-sunum","Kırtasiye & Ofis > Defter, Kağıt & Sunum > Not Kağıdı & Yapışkanlı Not","Not Kağıdı & Yapışkanlı Not","not-kagidi-yapiskanli-not","active","YES","YES","Kırtasiye & Ofis","Defter, Ajanda & Planlayıcılar","Bloknotlar","","Kırtasiye & Ofis > Defter, Ajanda & Planlayıcılar > Bloknotlar","CANDIDATE_NOT_OWNER_FINAL","UNRESOLVED","LOW","MANUAL","YES","","YES","0","","Kırtasiye & Ofis","PROVISIONAL_PROPOSAL","UNRESOLVED","TARGET_CHANGED","Sticky notes are absent; bloknot is only a partial suggestion."
"fotokopi-yazici-kagidi","3","defter-kagit-sunum","Kırtasiye & Ofis > Defter, Kağıt & Sunum > Fotokopi & Yazıcı Kağıdı","Fotokopi & Yazıcı Kağıdı","fotokopi-yazici-kagidi","active","YES","YES","Kırtasiye & Ofis","Kağıt, Etiket & Baskı Sarfı","Fotokopi & Yazıcı Kağıtları","","Kırtasiye & Ofis > Kağıt, Etiket & Baskı Sarfı > Fotokopi & Yazıcı Kağıtları","CANDIDATE_NOT_OWNER_FINAL","RENAME","MEDIUM","0,7267","YES","","YES","1","","Kırtasiye & Ofis > Kağıt, Etiket & Baskı Sarfı","PROVISIONAL_PROPOSAL","UNRESOLVED","PREVIOUS_UNRESOLVED_NOW_CANDIDATE_RESOLVED","Wave 32 candidate semantic match; score=0,7267; target remains candidate, not owner-final."
"resim-fon-kartonu","3","defter-kagit-sunum","Kırtasiye & Ofis > Defter, Kağıt & Sunum > Resim & Fon Kartonu","Resim & Fon Kartonu","resim-fon-kartonu","active","YES","YES","Kırtasiye & Ofis","Kağıt, Etiket & Baskı Sarfı","Karton & Fon Kağıtları","","Kırtasiye & Ofis > Kağıt, Etiket & Baskı Sarfı > Karton & Fon Kağıtları","CANDIDATE_NOT_OWNER_FINAL","RENAME_AND_MOVE","MEDIUM","0,8200","YES","","YES","1","","Kırtasiye & Ofis","PROVISIONAL_PROPOSAL","UNRESOLVED","PREVIOUS_UNRESOLVED_NOW_CANDIDATE_RESOLVED","Wave 32 candidate semantic match; score=0,8200; target remains candidate, not owner-final."
"etiket-sticker","3","defter-kagit-sunum","Kırtasiye & Ofis > Defter, Kağıt & Sunum > Etiket & Sticker","Etiket & Sticker","etiket-sticker","active","YES","YES","Kırtasiye & Ofis","Kağıt, Etiket & Baskı Sarfı","Etiket & Sticker Kağıtları","","Kırtasiye & Ofis > Kağıt, Etiket & Baskı Sarfı > Etiket & Sticker Kağıtları","CANDIDATE_NOT_OWNER_FINAL","RENAME","HIGH","0,9000","YES","","YES","1","","Kırtasiye & Ofis > Kağıt, Etiket & Baskı Sarfı","PROVISIONAL_PROPOSAL","UNRESOLVED","PREVIOUS_UNRESOLVED_NOW_CANDIDATE_RESOLVED","Wave 32 candidate semantic match; score=0,9000; target remains candidate, not owner-final."
"yazi-tahtasi-pano","3","defter-kagit-sunum","Kırtasiye & Ofis > Defter, Kağıt & Sunum > Yazı Tahtası & Pano","Yazı Tahtası & Pano","yazi-tahtasi-pano","active","YES","YES","Kırtasiye & Ofis","","","","Kırtasiye & Ofis","CANDIDATE_NOT_OWNER_FINAL","SPLIT","MEDIUM","0,8600","YES","","YES","2","Kırtasiye & Ofis > Sunum, Pano & Yazı Tahtası Ürünleri > Mantar & İlan Panoları || Kırtasiye & Ofis > Sunum, Pano & Yazı Tahtası Ürünleri > Yazı Tahtaları","Kırtasiye & Ofis > Sunum, Pano & Yazı Tahtası Ürünleri","PROVISIONAL_PROPOSAL","UNRESOLVED","PREVIOUS_UNRESOLVED_NOW_CANDIDATE_RESOLVED","Legacy combined concept has multiple near-equal Wave 32 candidate successors; no arbitrary single successor selected."
"ofis-dosyalama-masaustu","2","kirtasiye-ofis","Kırtasiye & Ofis > Ofis, Dosyalama & Masaüstü","Ofis, Dosyalama & Masaüstü","ofis-dosyalama-masaustu","active","NO","NO","Kırtasiye & Ofis","","","","Kırtasiye & Ofis","CANDIDATE_NOT_OWNER_FINAL","SPLIT","HIGH","1.0000","YES","","YES","3","Kırtasiye & Ofis > Dosyalama & Arşivleme || Kırtasiye & Ofis > Masaüstü Ofis Gereçleri || Kırtasiye & Ofis > Ofis Makineleri & Ciltleme Ekipmanları","Kırtasiye & Ofis","PROVISIONAL_PROPOSAL","SPLIT","MATURITY_ONLY","Legacy umbrella spans multiple exact Wave 32 candidate L2 successors; product-level split rule remains required."
"klasor-dosya","3","ofis-dosyalama-masaustu","Kırtasiye & Ofis > Ofis, Dosyalama & Masaüstü > Klasör & Dosya","Klasör & Dosya","klasor-dosya","active","YES","YES","Kırtasiye & Ofis","","","","Kırtasiye & Ofis","CANDIDATE_NOT_OWNER_FINAL","SPLIT","HIGH","EXPLICIT","YES","","YES","2","Kırtasiye & Ofis > Dosyalama & Arşivleme > Klasörler || Kırtasiye & Ofis > Dosyalama & Arşivleme > Dosyalar","Kırtasiye & Ofis > Dosyalama & Arşivleme","PROVISIONAL_PROPOSAL","UNRESOLVED","PREVIOUS_UNRESOLVED_NOW_CANDIDATE_RESOLVED","Legacy combined identity spans multiple explicit Wave 32 candidate successors; product-level split rule is required."
"zimba-delgec-atas","3","ofis-dosyalama-masaustu","Kırtasiye & Ofis > Ofis, Dosyalama & Masaüstü > Zımba, Delgeç & Ataş","Zımba, Delgeç & Ataş","zimba-delgec-atas","active","YES","YES","Kırtasiye & Ofis","","","","Kırtasiye & Ofis","CANDIDATE_NOT_OWNER_FINAL","SPLIT","MEDIUM","0,9000","YES","","YES","2","Kırtasiye & Ofis > Masaüstü Ofis Gereçleri > Ataş, Klips & Raptiyeler || Kırtasiye & Ofis > Masaüstü Ofis Gereçleri > Zımba & Delgeçler","Kırtasiye & Ofis > Masaüstü Ofis Gereçleri","PROVISIONAL_PROPOSAL","UNRESOLVED","PREVIOUS_UNRESOLVED_NOW_CANDIDATE_RESOLVED","Legacy combined concept has multiple near-equal Wave 32 candidate successors; no arbitrary single successor selected."
"makas-maket-bicagi","3","ofis-dosyalama-masaustu","Kırtasiye & Ofis > Ofis, Dosyalama & Masaüstü > Makas & Maket Bıçağı","Makas & Maket Bıçağı","makas-maket-bicagi","active","YES","YES","Kırtasiye & Ofis","","","","Kırtasiye & Ofis","CANDIDATE_NOT_OWNER_FINAL","SPLIT","HIGH","EXPLICIT","YES","LEGAL_REVIEW_REQUIRED|REGULATED|REGULATED|safety_critical","YES","2","Kırtasiye & Ofis > Yapıştırıcı, Bant & Kesim Gereçleri > Makaslar || Kırtasiye & Ofis > Yapıştırıcı, Bant & Kesim Gereçleri > Maket Bıçakları","Kırtasiye & Ofis > Ofis Makineleri & Ciltleme Ekipmanları","PROVISIONAL_PROPOSAL","UNRESOLVED","PREVIOUS_UNRESOLVED_NOW_CANDIDATE_RESOLVED","Legacy combined identity spans multiple explicit Wave 32 candidate successors; product-level split rule is required."
"masaustu-duzenleyici","3","ofis-dosyalama-masaustu","Kırtasiye & Ofis > Ofis, Dosyalama & Masaüstü > Masaüstü Düzenleyici","Masaüstü Düzenleyici","masaustu-duzenleyici","active","YES","YES","Kırtasiye & Ofis","Masaüstü Ofis Gereçleri","Masaüstü Düzenleyiciler","","Kırtasiye & Ofis > Masaüstü Ofis Gereçleri > Masaüstü Düzenleyiciler","CANDIDATE_NOT_OWNER_FINAL","RENAME","HIGH","1,0000","YES","","YES","1","","Kırtasiye & Ofis > Masaüstü Ofis Gereçleri","PROVISIONAL_PROPOSAL","UNRESOLVED","PREVIOUS_UNRESOLVED_NOW_CANDIDATE_RESOLVED","Wave 32 candidate semantic match; score=1,0000; target remains candidate, not owner-final."
"hesap-makinesi","3","ofis-dosyalama-masaustu","Kırtasiye & Ofis > Ofis, Dosyalama & Masaüstü > Hesap Makinesi","Hesap Makinesi","hesap-makinesi","active","YES","YES","Kırtasiye & Ofis","Ofis Makineleri & Ciltleme Ekipmanları","Hesap Makineleri","","Kırtasiye & Ofis > Ofis Makineleri & Ciltleme Ekipmanları > Hesap Makineleri","CANDIDATE_NOT_OWNER_FINAL","RENAME","HIGH","1,0000","YES","REGULATED","YES","1","","Kırtasiye & Ofis > Ofis Makineleri & Ciltleme Ekipmanları","PROVISIONAL_PROPOSAL","UNRESOLVED","PREVIOUS_UNRESOLVED_NOW_CANDIDATE_RESOLVED","Wave 32 candidate semantic match; score=1,0000; target remains candidate, not owner-final."
"kase-istampa-numarator","3","ofis-dosyalama-masaustu","Kırtasiye & Ofis > Ofis, Dosyalama & Masaüstü > Kaşe, Istampa & Numaratör","Kaşe, Istampa & Numaratör","kase-istampa-numarator","active","YES","YES","Kırtasiye & Ofis","Masaüstü Ofis Gereçleri","Kaşe & Tarih Damgaları","","Kırtasiye & Ofis > Masaüstü Ofis Gereçleri > Kaşe & Tarih Damgaları","CANDIDATE_NOT_OWNER_FINAL","RENAME_AND_MOVE","MEDIUM","0,8600","YES","","YES","1","","Kırtasiye & Ofis","PROVISIONAL_PROPOSAL","UNRESOLVED","PREVIOUS_UNRESOLVED_NOW_CANDIDATE_RESOLVED","Wave 32 candidate semantic match; score=0,8600; target remains candidate, not owner-final."
"sanat-el-isi-paketleme","2","kirtasiye-ofis","Kırtasiye & Ofis > Sanat, El İşi & Paketleme","Sanat, El İşi & Paketleme","sanat-el-isi-paketleme","active","NO","NO","Kırtasiye & Ofis","","","","Kırtasiye & Ofis","CANDIDATE_NOT_OWNER_FINAL","SPLIT","HIGH","1.0000","YES","","YES","2","Kırtasiye & Ofis > Sanat & Çizim Malzemeleri || Kırtasiye & Ofis > Paketleme & Postalama Ürünleri","Kırtasiye & Ofis","PROVISIONAL_PROPOSAL","SPLIT","MATURITY_ONLY","Legacy umbrella spans multiple exact Wave 32 candidate L2 successors; product-level split rule remains required."
"boya-cizim-malzemesi","3","sanat-el-isi-paketleme","Kırtasiye & Ofis > Sanat, El İşi & Paketleme > Boya & Çizim Malzemesi","Boya & Çizim Malzemesi","boya-cizim-malzemesi","active","YES","YES","Kırtasiye & Ofis","","","","Kırtasiye & Ofis","CANDIDATE_NOT_OWNER_FINAL","SPLIT","MEDIUM","0,8600","YES","","YES","2","Kırtasiye & Ofis > Sanat & Çizim Malzemeleri > Boyalar > Akrilik & Yağlı Boyalar || Kırtasiye & Ofis > Sanat & Çizim Malzemeleri > Boyalar > Sulu & Guaj Boyalar","Kırtasiye & Ofis > Sanat & Çizim Malzemeleri","PROVISIONAL_PROPOSAL","UNRESOLVED","PREVIOUS_UNRESOLVED_NOW_CANDIDATE_RESOLVED","Legacy combined concept has multiple near-equal Wave 32 candidate successors; no arbitrary single successor selected."
"tuval-cizim-yuzeyi","3","sanat-el-isi-paketleme","Kırtasiye & Ofis > Sanat, El İşi & Paketleme > Tuval & Çizim Yüzeyi","Tuval & Çizim Yüzeyi","tuval-cizim-yuzeyi","active","YES","YES","Kırtasiye & Ofis","Sanat & Çizim Malzemeleri","Tuval & Çizim Yüzeyleri","","Kırtasiye & Ofis > Sanat & Çizim Malzemeleri > Tuval & Çizim Yüzeyleri","CANDIDATE_NOT_OWNER_FINAL","RENAME","HIGH","1,0000","YES","","YES","1","","Kırtasiye & Ofis > Sanat & Çizim Malzemeleri","PROVISIONAL_PROPOSAL","UNRESOLVED","PREVIOUS_UNRESOLVED_NOW_CANDIDATE_RESOLVED","Wave 32 candidate semantic match; score=1,0000; target remains candidate, not owner-final."
"firca-sanat-araci","3","sanat-el-isi-paketleme","Kırtasiye & Ofis > Sanat, El İşi & Paketleme > Fırça & Sanat Aracı","Fırça & Sanat Aracı","firca-sanat-araci","active","YES","YES","Kırtasiye & Ofis","Sanat & Çizim Malzemeleri","Fırçalar","","Kırtasiye & Ofis > Sanat & Çizim Malzemeleri > Fırçalar","CANDIDATE_NOT_OWNER_FINAL","RENAME","MEDIUM","0,7267","YES","","YES","1","","Kırtasiye & Ofis > Sanat & Çizim Malzemeleri","PROVISIONAL_PROPOSAL","UNRESOLVED","PREVIOUS_UNRESOLVED_NOW_CANDIDATE_RESOLVED","Wave 32 candidate semantic match; score=0,7267; target remains candidate, not owner-final."
"hobi-kagidi-el-isi-malzemesi","3","sanat-el-isi-paketleme","Kırtasiye & Ofis > Sanat, El İşi & Paketleme > Hobi Kağıdı & El İşi Malzemesi","Hobi Kağıdı & El İşi Malzemesi","hobi-kagidi-el-isi-malzemesi","active","YES","YES","","","","","","CANDIDATE_NOT_OWNER_FINAL","UNRESOLVED","LOW","MANUAL","YES","","YES","0","","Kırtasiye & Ofis","PROVISIONAL_PROPOSAL","UNRESOLVED","TARGET_CHANGED","Broad craft paper/material identity spans multiple candidate concepts and lacks a complete successor."
"kirtasiye-yapistirici-hobi-bandi","3","sanat-el-isi-paketleme","Kırtasiye & Ofis > Sanat, El İşi & Paketleme > Yapıştırıcı & Hobi Bandı","Yapıştırıcı & Hobi Bandı","kirtasiye-yapistirici-hobi-bandi","active","YES","YES","Kırtasiye & Ofis","","","","Kırtasiye & Ofis","CANDIDATE_NOT_OWNER_FINAL","SPLIT","HIGH","EXPLICIT","YES","hazmat_review|LEGAL_REVIEW_REQUIRED|LEGAL_REVIEW_REQUIRED","YES","2","Kırtasiye & Ofis > Yapıştırıcı, Bant & Kesim Gereçleri > Yapıştırıcılar || Kırtasiye & Ofis > Yapıştırıcı, Bant & Kesim Gereçleri > Ofis & Kırtasiye Bantları","Kırtasiye & Ofis","PROVISIONAL_PROPOSAL","UNRESOLVED","PREVIOUS_UNRESOLVED_NOW_CANDIDATE_RESOLVED","Legacy combined identity spans multiple explicit Wave 32 candidate successors; product-level split rule is required."
"kargo-poseti-zarf-kutu","3","sanat-el-isi-paketleme","Kırtasiye & Ofis > Sanat, El İşi & Paketleme > Kargo Poşeti, Zarf & Kutu","Kargo Poşeti, Zarf & Kutu","kargo-poseti-zarf-kutu","active","YES","YES","Kırtasiye & Ofis","","","","Kırtasiye & Ofis","CANDIDATE_NOT_OWNER_FINAL","SPLIT","HIGH","EXPLICIT","YES","","YES","3","Kırtasiye & Ofis > Paketleme & Postalama Ürünleri > Kargo & Postalama Kutuları || Kırtasiye & Ofis > Paketleme & Postalama Ürünleri > Postalama Poşetleri || Kırtasiye & Ofis > Kağıt, Etiket & Baskı Sarfı > Zarflar","Kırtasiye & Ofis > Paketleme & Postalama Ürünleri","PROVISIONAL_PROPOSAL","UNRESOLVED","PREVIOUS_UNRESOLVED_NOW_CANDIDATE_RESOLVED","Legacy combined identity spans multiple explicit Wave 32 candidate successors; product-level split rule is required."
"hediye-kagidi-paketleme","3","sanat-el-isi-paketleme","Kırtasiye & Ofis > Sanat, El İşi & Paketleme > Hediye Kağıdı & Paketleme","Hediye Kağıdı & Paketleme","hediye-kagidi-paketleme","active","YES","YES","Kırtasiye & Ofis","Paketleme & Postalama Ürünleri","Paketleme Bantları","","Kırtasiye & Ofis > Paketleme & Postalama Ürünleri > Paketleme Bantları","CANDIDATE_NOT_OWNER_FINAL","RENAME","MEDIUM","0,5600","YES","","YES","1","","Kırtasiye & Ofis > Paketleme & Postalama Ürünleri","PROVISIONAL_PROPOSAL","UNRESOLVED","PREVIOUS_UNRESOLVED_NOW_CANDIDATE_RESOLVED","Wave 32 candidate semantic match; score=0,5600; target remains candidate, not owner-final."
"pet-shop","1","","Pet Shop","Pet Shop","pet-shop","active","NO","NO","Evcil Hayvan Ürünleri","","","","Evcil Hayvan Ürünleri","CANONICAL_FINAL","RENAME","HIGH","","NO","","YES","1","","Evcil Hayvan Ürünleri","CANONICAL_FINAL","RENAME","UNCHANGED_FINAL_ANCHOR",""
"evcil-hayvan-mamalari","2","pet-shop","Pet Shop > Evcil Hayvan Mamaları","Evcil Hayvan Mamaları","evcil-hayvan-mamalari","active","NO","NO","Evcil Hayvan Ürünleri","","","","Evcil Hayvan Ürünleri","CANDIDATE_NOT_OWNER_FINAL","SPLIT","HIGH","1.0000","YES","","YES","6","Evcil Hayvan Ürünleri > Kedi Ürünleri || Evcil Hayvan Ürünleri > Köpek Ürünleri || Evcil Hayvan Ürünleri > Akvaryum & Balık Ürünleri || Evcil Hayvan Ürünleri > Kuş Ürünleri || Evcil Hayvan Ürünleri > Küçük Hayvan Ürünleri || Evcil Hayvan Ürünleri > Sürüngen & Egzotik Pet Ürünleri","Evcil Hayvan Ürünleri","PROVISIONAL_PROPOSAL","SPLIT","MATURITY_ONLY","Legacy umbrella spans multiple exact Wave 32 candidate L2 successors; product-level split rule remains required."
"kopek-mamasi","3","evcil-hayvan-mamalari","Pet Shop > Evcil Hayvan Mamaları > Köpek Maması","Köpek Maması","kopek-mamasi","active","NO","NO","Evcil Hayvan Ürünleri","Köpek Ürünleri","","","Evcil Hayvan Ürünleri > Köpek Ürünleri","CANDIDATE_NOT_OWNER_FINAL","RENAME","MEDIUM","0,7067","YES","LEGAL_REVIEW_REQUIRED","YES","1","","Evcil Hayvan Ürünleri > Köpek Ürünleri","PROVISIONAL_PROPOSAL","UNRESOLVED","PREVIOUS_UNRESOLVED_NOW_CANDIDATE_RESOLVED","Wave 32 candidate semantic match; score=0,7067; target remains candidate, not owner-final."
"kuru-kopek-mamasi","4","kopek-mamasi","Pet Shop > Evcil Hayvan Mamaları > Köpek Maması > Kuru Köpek Maması","Kuru Köpek Maması","kuru-kopek-mamasi","active","YES","YES","Evcil Hayvan Ürünleri","Köpek Ürünleri","Köpek Mamaları","","Evcil Hayvan Ürünleri > Köpek Ürünleri > Köpek Mamaları","CANDIDATE_NOT_OWNER_FINAL","MERGE","MEDIUM","0,8600","YES","LEGAL_REVIEW_REQUIRED","YES","1","","Evcil Hayvan Ürünleri > Köpek Ürünleri","PROVISIONAL_PROPOSAL","UNRESOLVED","PREVIOUS_UNRESOLVED_NOW_CANDIDATE_RESOLVED","Multiple legacy nodes converge on candidate target 'Evcil Hayvan Ürünleri > Köpek Ürünleri > Köpek Mamaları'; many-to-one identity review required."
"yas-kopek-mamasi","4","kopek-mamasi","Pet Shop > Evcil Hayvan Mamaları > Köpek Maması > Yaş Köpek Maması","Yaş Köpek Maması","yas-kopek-mamasi","active","YES","YES","Evcil Hayvan Ürünleri","Köpek Ürünleri","Köpek Mamaları","","Evcil Hayvan Ürünleri > Köpek Ürünleri > Köpek Mamaları","CANDIDATE_NOT_OWNER_FINAL","MERGE","MEDIUM","0,8600","YES","LEGAL_REVIEW_REQUIRED","YES","1","","Evcil Hayvan Ürünleri > Köpek Ürünleri","PROVISIONAL_PROPOSAL","UNRESOLVED","PREVIOUS_UNRESOLVED_NOW_CANDIDATE_RESOLVED","Multiple legacy nodes converge on candidate target 'Evcil Hayvan Ürünleri > Köpek Ürünleri > Köpek Mamaları'; many-to-one identity review required."
"kopek-odulu","4","kopek-mamasi","Pet Shop > Evcil Hayvan Mamaları > Köpek Maması > Köpek Ödülü","Köpek Ödülü","kopek-odulu","active","YES","YES","Evcil Hayvan Ürünleri","Köpek Ürünleri","Köpek Ödül & Çiğneme Ürünleri","","Evcil Hayvan Ürünleri > Köpek Ürünleri > Köpek Ödül & Çiğneme Ürünleri","CANDIDATE_NOT_OWNER_FINAL","RENAME","MEDIUM","0,8600","YES","LEGAL_REVIEW_REQUIRED","YES","1","","Evcil Hayvan Ürünleri > Köpek Ürünleri","PROVISIONAL_PROPOSAL","UNRESOLVED","PREVIOUS_UNRESOLVED_NOW_CANDIDATE_RESOLVED","Wave 32 candidate semantic match; score=0,8600; target remains candidate, not owner-final."
"kedi-mamasi","3","evcil-hayvan-mamalari","Pet Shop > Evcil Hayvan Mamaları > Kedi Maması","Kedi Maması","kedi-mamasi","active","NO","NO","Evcil Hayvan Ürünleri","Kedi Ürünleri","","","Evcil Hayvan Ürünleri > Kedi Ürünleri","CANDIDATE_NOT_OWNER_FINAL","RENAME","MEDIUM","0,7067","YES","LEGAL_REVIEW_REQUIRED","YES","1","","Evcil Hayvan Ürünleri > Kedi Ürünleri","PROVISIONAL_PROPOSAL","UNRESOLVED","PREVIOUS_UNRESOLVED_NOW_CANDIDATE_RESOLVED","Wave 32 candidate semantic match; score=0,7067; target remains candidate, not owner-final."
"kuru-kedi-mamasi","4","kedi-mamasi","Pet Shop > Evcil Hayvan Mamaları > Kedi Maması > Kuru Kedi Maması","Kuru Kedi Maması","kuru-kedi-mamasi","active","YES","YES","Evcil Hayvan Ürünleri","Kedi Ürünleri","Kedi Mamaları","","Evcil Hayvan Ürünleri > Kedi Ürünleri > Kedi Mamaları","CANDIDATE_NOT_OWNER_FINAL","MERGE","MEDIUM","0,8600","YES","LEGAL_REVIEW_REQUIRED","YES","1","","Evcil Hayvan Ürünleri > Kedi Ürünleri","PROVISIONAL_PROPOSAL","UNRESOLVED","PREVIOUS_UNRESOLVED_NOW_CANDIDATE_RESOLVED","Multiple legacy nodes converge on candidate target 'Evcil Hayvan Ürünleri > Kedi Ürünleri > Kedi Mamaları'; many-to-one identity review required."
"yas-kedi-mamasi","4","kedi-mamasi","Pet Shop > Evcil Hayvan Mamaları > Kedi Maması > Yaş Kedi Maması","Yaş Kedi Maması","yas-kedi-mamasi","active","YES","YES","Evcil Hayvan Ürünleri","Kedi Ürünleri","Kedi Mamaları","","Evcil Hayvan Ürünleri > Kedi Ürünleri > Kedi Mamaları","CANDIDATE_NOT_OWNER_FINAL","MERGE","MEDIUM","0,8600","YES","LEGAL_REVIEW_REQUIRED","YES","1","","Evcil Hayvan Ürünleri > Kedi Ürünleri","PROVISIONAL_PROPOSAL","UNRESOLVED","PREVIOUS_UNRESOLVED_NOW_CANDIDATE_RESOLVED","Multiple legacy nodes converge on candidate target 'Evcil Hayvan Ürünleri > Kedi Ürünleri > Kedi Mamaları'; many-to-one identity review required."
"kedi-odulu","4","kedi-mamasi","Pet Shop > Evcil Hayvan Mamaları > Kedi Maması > Kedi Ödülü","Kedi Ödülü","kedi-odulu","active","YES","YES","Evcil Hayvan Ürünleri","Kedi Ürünleri","Kedi Ödülleri","","Evcil Hayvan Ürünleri > Kedi Ürünleri > Kedi Ödülleri","CANDIDATE_NOT_OWNER_FINAL","RENAME","HIGH","1,0000","YES","LEGAL_REVIEW_REQUIRED","YES","1","","Evcil Hayvan Ürünleri > Kedi Ürünleri","PROVISIONAL_PROPOSAL","UNRESOLVED","PREVIOUS_UNRESOLVED_NOW_CANDIDATE_RESOLVED","Wave 32 candidate semantic match; score=1,0000; target remains candidate, not owner-final."
"kus-yemi","3","evcil-hayvan-mamalari","Pet Shop > Evcil Hayvan Mamaları > Kuş Yemi","Kuş Yemi","kus-yemi","active","YES","YES","Evcil Hayvan Ürünleri","Kuş Ürünleri","Kuş Yem & Ödülleri","","Evcil Hayvan Ürünleri > Kuş Ürünleri > Kuş Yem & Ödülleri","CANDIDATE_NOT_OWNER_FINAL","RENAME_AND_MOVE","MEDIUM","0,8200","YES","LEGAL_REVIEW_REQUIRED","YES","1","","Evcil Hayvan Ürünleri","PROVISIONAL_PROPOSAL","UNRESOLVED","PREVIOUS_UNRESOLVED_NOW_CANDIDATE_RESOLVED","Wave 32 candidate semantic match; score=0,8200; target remains candidate, not owner-final."
"balik-yemi","3","evcil-hayvan-mamalari","Pet Shop > Evcil Hayvan Mamaları > Balık Yemi","Balık Yemi","balik-yemi","active","YES","YES","Evcil Hayvan Ürünleri","Akvaryum & Balık Ürünleri","Balık Yemleri","","Evcil Hayvan Ürünleri > Akvaryum & Balık Ürünleri > Balık Yemleri","CANDIDATE_NOT_OWNER_FINAL","RENAME","HIGH","1,0000","YES","LEGAL_REVIEW_REQUIRED","YES","1","","Evcil Hayvan Ürünleri > Akvaryum & Balık Ürünleri","PROVISIONAL_PROPOSAL","UNRESOLVED","PREVIOUS_UNRESOLVED_NOW_CANDIDATE_RESOLVED","Wave 32 candidate semantic match; score=1,0000; target remains candidate, not owner-final."
"kucuk-hayvan-yemi","3","evcil-hayvan-mamalari","Pet Shop > Evcil Hayvan Mamaları > Küçük Hayvan Yemi","Küçük Hayvan Yemi","kucuk-hayvan-yemi","active","YES","YES","Evcil Hayvan Ürünleri","Küçük Hayvan Ürünleri","Küçük Hayvan Yem & Ödülleri","","Evcil Hayvan Ürünleri > Küçük Hayvan Ürünleri > Küçük Hayvan Yem & Ödülleri","CANDIDATE_NOT_OWNER_FINAL","RENAME","HIGH","0,9171","YES","LEGAL_REVIEW_REQUIRED","YES","1","","Evcil Hayvan Ürünleri > Küçük Hayvan Ürünleri","PROVISIONAL_PROPOSAL","UNRESOLVED","PREVIOUS_UNRESOLVED_NOW_CANDIDATE_RESOLVED","Wave 32 candidate semantic match; score=0,9171; target remains candidate, not owner-final."
"kedi-kopek-ekipmanlari","2","pet-shop","Pet Shop > Kedi & Köpek Ekipmanları","Kedi & Köpek Ekipmanları","kedi-kopek-ekipmanlari","active","NO","NO","Evcil Hayvan Ürünleri","","","","Evcil Hayvan Ürünleri","CANDIDATE_NOT_OWNER_FINAL","SPLIT","HIGH","1.0000","YES","","YES","2","Evcil Hayvan Ürünleri > Kedi Ürünleri || Evcil Hayvan Ürünleri > Köpek Ürünleri","Evcil Hayvan Ürünleri","PROVISIONAL_PROPOSAL","SPLIT","MATURITY_ONLY","Legacy umbrella spans multiple exact Wave 32 candidate L2 successors; product-level split rule remains required."
"pet-mama-su-kabi","3","kedi-kopek-ekipmanlari","Pet Shop > Kedi & Köpek Ekipmanları > Mama & Su Kabı","Mama & Su Kabı","pet-mama-su-kabi","active","YES","YES","Evcil Hayvan Ürünleri","Ortak Pet Bakım & Aksesuarları","Ortak Mama & Su Kapları","","Evcil Hayvan Ürünleri > Ortak Pet Bakım & Aksesuarları > Ortak Mama & Su Kapları","CANDIDATE_NOT_OWNER_FINAL","RENAME_AND_MOVE","HIGH","EXPLICIT","YES","LEGAL_REVIEW_REQUIRED|REGULATED","YES","1","","Evcil Hayvan Ürünleri","PROVISIONAL_PROPOSAL","UNRESOLVED","PREVIOUS_UNRESOLVED_NOW_CANDIDATE_RESOLVED","Cross-species food/water vessel successor; prevents false convergence."
"tasma-kayis-gogus-tasmasi","3","kedi-kopek-ekipmanlari","Pet Shop > Kedi & Köpek Ekipmanları > Tasma, Kayış & Göğüs Tasması","Tasma, Kayış & Göğüs Tasması","tasma-kayis-gogus-tasmasi","active","YES","YES","Evcil Hayvan Ürünleri","","","","Evcil Hayvan Ürünleri","CANDIDATE_NOT_OWNER_FINAL","SPLIT","MEDIUM","0,8200","YES","","YES","2","Evcil Hayvan Ürünleri > Kedi Ürünleri > Kedi Tasma & Güvenlik Ürünleri || Evcil Hayvan Ürünleri > Köpek Ürünleri > Köpek Tasma & Gezdirme Ürünleri","Evcil Hayvan Ürünleri","PROVISIONAL_PROPOSAL","UNRESOLVED","PREVIOUS_UNRESOLVED_NOW_CANDIDATE_RESOLVED","Legacy combined concept has multiple near-equal Wave 32 candidate successors; no arbitrary single successor selected."
"pet-yatagi-minderi","3","kedi-kopek-ekipmanlari","Pet Shop > Kedi & Köpek Ekipmanları > Pet Yatağı & Minderi","Pet Yatağı & Minderi","pet-yatagi-minderi","active","YES","YES","Evcil Hayvan Ürünleri","","","","Evcil Hayvan Ürünleri","CANDIDATE_NOT_OWNER_FINAL","SPLIT","HIGH","EXPLICIT","YES","LEGAL_REVIEW_REQUIRED","YES","2","Evcil Hayvan Ürünleri > Kedi Ürünleri > Kedi Yatak & Taşıma Ürünleri || Evcil Hayvan Ürünleri > Köpek Ürünleri > Köpek Yatak & Taşıma Ürünleri","Evcil Hayvan Ürünleri","PROVISIONAL_PROPOSAL","UNRESOLVED","PREVIOUS_UNRESOLVED_NOW_CANDIDATE_RESOLVED","Legacy combined identity spans multiple explicit Wave 32 candidate successors; product-level split rule is required."
"pet-tasima-cantasi-kafesi","3","kedi-kopek-ekipmanlari","Pet Shop > Kedi & Köpek Ekipmanları > Pet Taşıma Çantası & Kafesi","Pet Taşıma Çantası & Kafesi","pet-tasima-cantasi-kafesi","active","YES","YES","Evcil Hayvan Ürünleri","","","","Evcil Hayvan Ürünleri","CANDIDATE_NOT_OWNER_FINAL","SPLIT","MEDIUM","0,6867","YES","","YES","2","Evcil Hayvan Ürünleri > Kedi Ürünleri > Kedi Yatak & Taşıma Ürünleri || Evcil Hayvan Ürünleri > Köpek Ürünleri > Köpek Yatak & Taşıma Ürünleri","Evcil Hayvan Ürünleri","PROVISIONAL_PROPOSAL","UNRESOLVED","PREVIOUS_UNRESOLVED_NOW_CANDIDATE_RESOLVED","Legacy combined concept has multiple near-equal Wave 32 candidate successors; no arbitrary single successor selected."
"kedi-kopek-oyuncagi","3","kedi-kopek-ekipmanlari","Pet Shop > Kedi & Köpek Ekipmanları > Kedi & Köpek Oyuncağı","Kedi & Köpek Oyuncağı","kedi-kopek-oyuncagi","active","YES","YES","Evcil Hayvan Ürünleri","","","","Evcil Hayvan Ürünleri","CANDIDATE_NOT_OWNER_FINAL","SPLIT","HIGH","EXPLICIT","YES","LEGAL_REVIEW_REQUIRED|REGULATED|REGULATED","YES","2","Evcil Hayvan Ürünleri > Kedi Ürünleri > Kedi Oyuncakları || Evcil Hayvan Ürünleri > Köpek Ürünleri > Köpek Oyuncak & Aktivite Ürünleri","Evcil Hayvan Ürünleri","PROVISIONAL_PROPOSAL","UNRESOLVED","PREVIOUS_UNRESOLVED_NOW_CANDIDATE_RESOLVED","Legacy combined identity spans multiple explicit Wave 32 candidate successors; product-level split rule is required."
"kedi-tirmalama-mobilyasi","3","kedi-kopek-ekipmanlari","Pet Shop > Kedi & Köpek Ekipmanları > Kedi Tırmalama & Mobilyası","Kedi Tırmalama & Mobilyası","kedi-tirmalama-mobilyasi","active","YES","YES","Evcil Hayvan Ürünleri","Kedi Ürünleri","Tırmalama & Kedi Yaşam Alanları","","Evcil Hayvan Ürünleri > Kedi Ürünleri > Tırmalama & Kedi Yaşam Alanları","CANDIDATE_NOT_OWNER_FINAL","RENAME","HIGH","EXPLICIT","YES","","YES","1","","Evcil Hayvan Ürünleri > Kedi Ürünleri","PROVISIONAL_PROPOSAL","UNRESOLVED","PREVIOUS_UNRESOLVED_NOW_CANDIDATE_RESOLVED","Exact cat product-type successor."
"akvaryum-kus-kucuk-hayvan","2","pet-shop","Pet Shop > Akvaryum, Kuş & Küçük Hayvan","Akvaryum, Kuş & Küçük Hayvan","akvaryum-kus-kucuk-hayvan","active","NO","NO","Evcil Hayvan Ürünleri","","","","Evcil Hayvan Ürünleri","CANDIDATE_NOT_OWNER_FINAL","SPLIT","HIGH","1.0000","YES","","YES","4","Evcil Hayvan Ürünleri > Akvaryum & Balık Ürünleri || Evcil Hayvan Ürünleri > Kuş Ürünleri || Evcil Hayvan Ürünleri > Küçük Hayvan Ürünleri || Evcil Hayvan Ürünleri > Sürüngen & Egzotik Pet Ürünleri","Evcil Hayvan Ürünleri","PROVISIONAL_PROPOSAL","SPLIT","MATURITY_ONLY","Legacy umbrella spans multiple exact Wave 32 candidate L2 successors; product-level split rule remains required."
"akvaryum","3","akvaryum-kus-kucuk-hayvan","Pet Shop > Akvaryum, Kuş & Küçük Hayvan > Akvaryum","Akvaryum","akvaryum","active","YES","YES","Evcil Hayvan Ürünleri","Akvaryum & Balık Ürünleri","Akvaryumlar","","Evcil Hayvan Ürünleri > Akvaryum & Balık Ürünleri > Akvaryumlar","CANDIDATE_NOT_OWNER_FINAL","RENAME","HIGH","1,0000","YES","","YES","1","","Evcil Hayvan Ürünleri > Akvaryum & Balık Ürünleri","PROVISIONAL_PROPOSAL","UNRESOLVED","PREVIOUS_UNRESOLVED_NOW_CANDIDATE_RESOLVED","Wave 32 candidate semantic match; score=1,0000; target remains candidate, not owner-final."
"akvaryum-filtre-pompasi","3","akvaryum-kus-kucuk-hayvan","Pet Shop > Akvaryum, Kuş & Küçük Hayvan > Akvaryum Filtre & Pompası","Akvaryum Filtre & Pompası","akvaryum-filtre-pompasi","active","YES","YES","Evcil Hayvan Ürünleri","Akvaryum & Balık Ürünleri","Filtre & Pompalar","","Evcil Hayvan Ürünleri > Akvaryum & Balık Ürünleri > Filtre & Pompalar","CANDIDATE_NOT_OWNER_FINAL","RENAME","MEDIUM","0,8600","YES","REGULATED","YES","1","","Evcil Hayvan Ürünleri > Akvaryum & Balık Ürünleri","PROVISIONAL_PROPOSAL","UNRESOLVED","PREVIOUS_UNRESOLVED_NOW_CANDIDATE_RESOLVED","Wave 32 candidate semantic match; score=0,8600; target remains candidate, not owner-final."
"akvaryum-dekor-bakim-gereci","3","akvaryum-kus-kucuk-hayvan","Pet Shop > Akvaryum, Kuş & Küçük Hayvan > Akvaryum Dekor & Bakım Gereci","Akvaryum Dekor & Bakım Gereci","akvaryum-dekor-bakim-gereci","active","YES","YES","Evcil Hayvan Ürünleri","","","","Evcil Hayvan Ürünleri","CANDIDATE_NOT_OWNER_FINAL","SPLIT","HIGH","EXPLICIT","YES","LEGAL_REVIEW_REQUIRED","YES","3","Evcil Hayvan Ürünleri > Akvaryum & Balık Ürünleri > Akvaryum Dekoru & Substratı || Evcil Hayvan Ürünleri > Akvaryum & Balık Ürünleri > Akvaryum Su Bakım Ürünleri || Evcil Hayvan Ürünleri > Akvaryum & Balık Ürünleri > Akvaryum Temizlik Ekipmanları","Evcil Hayvan Ürünleri > Akvaryum & Balık Ürünleri","PROVISIONAL_PROPOSAL","UNRESOLVED","PREVIOUS_UNRESOLVED_NOW_CANDIDATE_RESOLVED","Legacy combined identity spans multiple explicit Wave 32 candidate successors; product-level split rule is required."
"kus-kafesi-aksesuari","3","akvaryum-kus-kucuk-hayvan","Pet Shop > Akvaryum, Kuş & Küçük Hayvan > Kuş Kafesi & Aksesuarı","Kuş Kafesi & Aksesuarı","kus-kafesi-aksesuari","active","YES","YES","Evcil Hayvan Ürünleri","","","","Evcil Hayvan Ürünleri","CANDIDATE_NOT_OWNER_FINAL","SPLIT","HIGH","EXPLICIT","YES","REGULATED","YES","3","Evcil Hayvan Ürünleri > Kuş Ürünleri > Kuş Kafesi & Standları || Evcil Hayvan Ürünleri > Kuş Ürünleri > Tünekler || Evcil Hayvan Ürünleri > Kuş Ürünleri > Kuş Suluk & Yemlikleri","Evcil Hayvan Ürünleri","PROVISIONAL_PROPOSAL","UNRESOLVED","PREVIOUS_UNRESOLVED_NOW_CANDIDATE_RESOLVED","Legacy combined identity spans multiple explicit Wave 32 candidate successors; product-level split rule is required."
"kemirgen-kafesi-ekipmani","3","akvaryum-kus-kucuk-hayvan","Pet Shop > Akvaryum, Kuş & Küçük Hayvan > Kemirgen Kafesi & Ekipmanı","Kemirgen Kafesi & Ekipmanı","kemirgen-kafesi-ekipmani","active","YES","YES","Evcil Hayvan Ürünleri","Küçük Hayvan Ürünleri","Küçük Hayvan Kafes & Yaşam Alanları","","Evcil Hayvan Ürünleri > Küçük Hayvan Ürünleri > Küçük Hayvan Kafes & Yaşam Alanları","CANDIDATE_NOT_OWNER_FINAL","RENAME","HIGH","EXPLICIT","YES","","YES","1","","Evcil Hayvan Ürünleri > Küçük Hayvan Ürünleri","PROVISIONAL_PROPOSAL","UNRESOLVED","PREVIOUS_UNRESOLVED_NOW_CANDIDATE_RESOLVED","Species is a facet; candidate product family is stable."
"pet-bakim-hijyen-saglik-destegi","2","pet-shop","Pet Shop > Pet Bakım, Hijyen & Sağlık Desteği","Pet Bakım, Hijyen & Sağlık Desteği","pet-bakim-hijyen-saglik-destegi","active","NO","NO","Evcil Hayvan Ürünleri","","","","Evcil Hayvan Ürünleri","CANDIDATE_NOT_OWNER_FINAL","SPLIT","HIGH","1.0000","YES","","YES","3","Evcil Hayvan Ürünleri > Kedi Ürünleri || Evcil Hayvan Ürünleri > Köpek Ürünleri || Evcil Hayvan Ürünleri > Ortak Pet Bakım & Aksesuarları","Evcil Hayvan Ürünleri","PROVISIONAL_PROPOSAL","SPLIT","MATURITY_ONLY","Legacy umbrella spans multiple exact Wave 32 candidate L2 successors; product-level split rule remains required."
"kedi-kumu-tuvaleti","3","pet-bakim-hijyen-saglik-destegi","Pet Shop > Pet Bakım, Hijyen & Sağlık Desteği > Kedi Kumu & Tuvaleti","Kedi Kumu & Tuvaleti","kedi-kumu-tuvaleti","active","YES","YES","Evcil Hayvan Ürünleri","Kedi Ürünleri","Kedi Kumu & Tuvalet Ürünleri","","Evcil Hayvan Ürünleri > Kedi Ürünleri > Kedi Kumu & Tuvalet Ürünleri","CANDIDATE_NOT_OWNER_FINAL","RENAME","HIGH","1,0000","YES","REGULATED","YES","1","","Evcil Hayvan Ürünleri > Kedi Ürünleri","PROVISIONAL_PROPOSAL","UNRESOLVED","PREVIOUS_UNRESOLVED_NOW_CANDIDATE_RESOLVED","Wave 32 candidate semantic match; score=1,0000; target remains candidate, not owner-final."
"pet-sampuani-tuy-bakimi","3","pet-bakim-hijyen-saglik-destegi","Pet Shop > Pet Bakım, Hijyen & Sağlık Desteği > Pet Şampuanı & Tüy Bakımı","Pet Şampuanı & Tüy Bakımı","pet-sampuani-tuy-bakimi","active","YES","YES","Evcil Hayvan Ürünleri","","","","Evcil Hayvan Ürünleri","CANDIDATE_NOT_OWNER_FINAL","SPLIT","HIGH","EXPLICIT","YES","LEGAL_REVIEW_REQUIRED","YES","2","Evcil Hayvan Ürünleri > Kedi Ürünleri > Kedi Bakım & Hijyen Ürünleri || Evcil Hayvan Ürünleri > Köpek Ürünleri > Köpek Bakım & Hijyen Ürünleri","Evcil Hayvan Ürünleri","PROVISIONAL_PROPOSAL","UNRESOLVED","PREVIOUS_UNRESOLVED_NOW_CANDIDATE_RESOLVED","Legacy combined identity spans multiple explicit Wave 32 candidate successors; product-level split rule is required."
"pet-temizlik-koku-urunu","3","pet-bakim-hijyen-saglik-destegi","Pet Shop > Pet Bakım, Hijyen & Sağlık Desteği > Pet Temizlik & Koku Ürünü","Pet Temizlik & Koku Ürünü","pet-temizlik-koku-urunu","active","YES","YES","Evcil Hayvan Ürünleri","","","","Evcil Hayvan Ürünleri","CANDIDATE_NOT_OWNER_FINAL","SPLIT","HIGH","EXPLICIT","YES","claim_sensitive|LEGAL_REVIEW_REQUIRED|LEGAL_REVIEW_REQUIRED|LEGAL_REVIEW_REQUIRED|LEGAL_REVIEW_REQUIRED","YES","3","Evcil Hayvan Ürünleri > Kedi Ürünleri > Kedi Bakım & Hijyen Ürünleri || Evcil Hayvan Ürünleri > Köpek Ürünleri > Köpek Bakım & Hijyen Ürünleri || Evcil Hayvan Ürünleri > Küçük Hayvan Ürünleri > Küçük Hayvan Bakım Ürünleri","Evcil Hayvan Ürünleri","PROVISIONAL_PROPOSAL","UNRESOLVED","PREVIOUS_UNRESOLVED_NOW_CANDIDATE_RESOLVED","Legacy combined identity spans multiple explicit Wave 32 candidate successors; product-level split rule is required."
"pet-egitim-tuvalet-urunu","3","pet-bakim-hijyen-saglik-destegi","Pet Shop > Pet Bakım, Hijyen & Sağlık Desteği > Pet Eğitim & Tuvalet Ürünü","Pet Eğitim & Tuvalet Ürünü","pet-egitim-tuvalet-urunu","active","YES","YES","Evcil Hayvan Ürünleri","Köpek Ürünleri","Köpek Eğitim Aksesuarları","","Evcil Hayvan Ürünleri > Köpek Ürünleri > Köpek Eğitim Aksesuarları","CANDIDATE_NOT_OWNER_FINAL","RENAME_AND_MOVE","MEDIUM","0,5200","YES","claim_sensitive|LEGAL_REVIEW_REQUIRED","YES","1","","Evcil Hayvan Ürünleri","PROVISIONAL_PROPOSAL","UNRESOLVED","PREVIOUS_UNRESOLVED_NOW_CANDIDATE_RESOLVED","Wave 32 candidate semantic match; score=0,5200; target remains candidate, not owner-final."
"pet-saglik-destek-urunu","3","pet-bakim-hijyen-saglik-destegi","Pet Shop > Pet Bakım, Hijyen & Sağlık Desteği > Pet Sağlık & Destek Ürünü","Pet Sağlık & Destek Ürünü","pet-saglik-destek-urunu","active","YES","YES","","","","","","OUT_OF_SCOPE","OUT_OF_PRODUCT_TAXONOMY","HIGH","POLICY","YES","POLICY_EXCLUSION|REGULATED|regulated_review|claim_sensitive","YES","0","","Evcil Hayvan Ürünleri > Ortak Pet Bakım & Aksesuarları","PROVISIONAL_PROPOSAL","UNRESOLVED","PREVIOUS_UNRESOLVED_NOW_CANDIDATE_RESOLVED","Veterinary health, supplements, and treatment claims are excluded from the current candidate product taxonomy pending policy/legal design."
"optik","1","","Optik","Optik","optik","active","NO","NO","Gözlük & Optik","","","","Gözlük & Optik","CANONICAL_FINAL","RENAME","HIGH","","NO","","YES","1","","Gözlük & Optik","CANONICAL_FINAL","RENAME","UNCHANGED_FINAL_ANCHOR",""
"gozluk-optik-urunler","2","optik","Optik > Gözlük & Optik Ürünler","Gözlük & Optik Ürünler","gozluk-optik-urunler","active","NO","NO","Gözlük & Optik","","","","Gözlük & Optik","CANDIDATE_NOT_OWNER_FINAL","SPLIT","HIGH","1.0000","YES","","YES","7","Gözlük & Optik > Optik Gözlük Çerçeveleri || Gözlük & Optik > Güneş Gözlükleri || Gözlük & Optik > Hazır Okuma Gözlükleri || Gözlük & Optik > Gözlük Camları || Gözlük & Optik > Kontakt Lensler || Gözlük & Optik > Kontakt Lens Bakım Ürünleri || Gözlük & Optik > Gözlük & Optik Aksesuarları","Gözlük & Optik","PROVISIONAL_PROPOSAL","SPLIT","MATURITY_ONLY","Legacy umbrella spans multiple exact Wave 32 candidate L2 successors; product-level split rule remains required."
"optik-gozluk-cercevesi","3","gozluk-optik-urunler","Optik > Gözlük & Optik Ürünler > Optik Gözlük Çerçevesi","Optik Gözlük Çerçevesi","optik-gozluk-cercevesi","active","YES","YES","Gözlük & Optik","Optik Gözlük Çerçeveleri","Çerçevesiz Gözlük Çerçeveleri","","Gözlük & Optik > Optik Gözlük Çerçeveleri > Çerçevesiz Gözlük Çerçeveleri","CANDIDATE_NOT_OWNER_FINAL","RENAME","MEDIUM","0,8600","YES","LEGAL_REVIEW_REQUIRED|regulated_review","YES","1","","Gözlük & Optik > Optik Gözlük Çerçeveleri","PROVISIONAL_PROPOSAL","UNRESOLVED","PREVIOUS_UNRESOLVED_NOW_CANDIDATE_RESOLVED","Wave 32 candidate semantic match; score=0,8600; target remains candidate, not owner-final."
"gunes-gozlugu","3","gozluk-optik-urunler","Optik > Gözlük & Optik Ürünler > Güneş Gözlüğü","Güneş Gözlüğü","gunes-gozlugu","active","YES","YES","Gözlük & Optik","","","","Gözlük & Optik","CANDIDATE_NOT_OWNER_FINAL","SPLIT","HIGH","EXPLICIT","YES","REGULATED","YES","2","Gözlük & Optik > Güneş Gözlükleri > Standart Güneş Gözlükleri || Gözlük & Optik > Güneş Gözlükleri > Clip-on Güneş Gözlükleri","Gözlük & Optik > Güneş Gözlükleri","PROVISIONAL_PROPOSAL","UNRESOLVED","PREVIOUS_UNRESOLVED_NOW_CANDIDATE_RESOLVED","Legacy combined identity spans multiple explicit Wave 32 candidate successors; product-level split rule is required."
"hazir-okuma-gozlugu","3","gozluk-optik-urunler","Optik > Gözlük & Optik Ürünler > Hazır Okuma Gözlüğü","Hazır Okuma Gözlüğü","hazir-okuma-gozlugu","active","YES","YES","Gözlük & Optik","Hazır Okuma Gözlükleri","","","Gözlük & Optik > Hazır Okuma Gözlükleri","CANDIDATE_NOT_OWNER_FINAL","RENAME","MEDIUM","0,7267","YES","LEGAL_REVIEW_REQUIRED|regulated_review|claim_sensitive","YES","1","","Gözlük & Optik > Hazır Okuma Gözlükleri","PROVISIONAL_PROPOSAL","UNRESOLVED","PREVIOUS_UNRESOLVED_NOW_CANDIDATE_RESOLVED","Wave 32 candidate semantic match; score=0,7267; target remains candidate, not owner-final."
"kontakt-lens","3","gozluk-optik-urunler","Optik > Gözlük & Optik Ürünler > Kontakt Lens","Kontakt Lens","kontakt-lens","active","YES","YES","Gözlük & Optik","Kontakt Lensler","Multifokal Kontakt Lensler","","Gözlük & Optik > Kontakt Lensler > Multifokal Kontakt Lensler","CANDIDATE_NOT_OWNER_FINAL","RENAME","HIGH","0,9000","YES","LEGAL_REVIEW_REQUIRED|regulated_review|claim_sensitive","YES","1","","Gözlük & Optik > Kontakt Lensler","PROVISIONAL_PROPOSAL","UNRESOLVED","PREVIOUS_UNRESOLVED_NOW_CANDIDATE_RESOLVED","Wave 32 candidate semantic match; score=0,9000; target remains candidate, not owner-final."
"lens-solusyonu-kabi","3","gozluk-optik-urunler","Optik > Gözlük & Optik Ürünler > Lens Solüsyonu & Kabı","Lens Solüsyonu & Kabı","lens-solusyonu-kabi","active","YES","YES","Gözlük & Optik","","","","Gözlük & Optik","CANDIDATE_NOT_OWNER_FINAL","SPLIT","HIGH","EXPLICIT","YES","LEGAL_REVIEW_REQUIRED|LEGAL_REVIEW_REQUIRED|LEGAL_REVIEW_REQUIRED|LEGAL_REVIEW_REQUIRED|regulated_review|REGULATED","YES","4","Gözlük & Optik > Kontakt Lens Bakım Ürünleri > Çok Amaçlı Lens Solüsyonları || Gözlük & Optik > Kontakt Lens Bakım Ürünleri > Lens Durulama & Salin Ürünleri || Gözlük & Optik > Kontakt Lens Bakım Ürünleri > Peroksitli Lens Bakım Sistemleri || Gözlük & Optik > Kontakt Lens Bakım Ürünleri > Kontakt Lens Kapları","Gözlük & Optik > Kontakt Lens Bakım Ürünleri","PROVISIONAL_PROPOSAL","UNRESOLVED","PREVIOUS_UNRESOLVED_NOW_CANDIDATE_RESOLVED","Legacy combined identity spans multiple explicit Wave 32 candidate successors; product-level split rule is required."
"gozluk-kilifi-bakim-urunu","3","gozluk-optik-urunler","Optik > Gözlük & Optik Ürünler > Gözlük Kılıfı & Bakım Ürünü","Gözlük Kılıfı & Bakım Ürünü","gozluk-kilifi-bakim-urunu","active","YES","YES","Gözlük & Optik","","","","Gözlük & Optik","CANDIDATE_NOT_OWNER_FINAL","SPLIT","HIGH","EXPLICIT","YES","REGULATED","YES","2","Gözlük & Optik > Gözlük & Optik Aksesuarları > Gözlük Kılıfları || Gözlük & Optik > Gözlük & Optik Aksesuarları > Gözlük Temizlik Bezleri & Kitleri","Gözlük & Optik > Gözlük & Optik Aksesuarları","PROVISIONAL_PROPOSAL","UNRESOLVED","PREVIOUS_UNRESOLVED_NOW_CANDIDATE_RESOLVED","Legacy combined identity spans multiple explicit Wave 32 candidate successors; product-level split rule is required."
"saat-taki","1","","Saat & Takı","Saat & Takı","saat-taki","active","NO","NO","Saat & Takı","","","","Saat & Takı","CANONICAL_FINAL","KEEP","HIGH","","NO","","NO","1","","Saat & Takı","CANONICAL_FINAL","KEEP","UNCHANGED_FINAL_ANCHOR",""
"saat-saat-aksesuarlari","2","saat-taki","Saat & Takı > Saat & Saat Aksesuarları","Saat & Saat Aksesuarları","saat-saat-aksesuarlari","active","NO","NO","Saat & Takı","","","","Saat & Takı","CANDIDATE_NOT_OWNER_FINAL","SPLIT","HIGH","1.0000","YES","","YES","3","Saat & Takı > Klasik Kol Saatleri || Saat & Takı > Cep Saatleri || Saat & Takı > Saat Kayışları & Aksesuarları","Saat & Takı","PROVISIONAL_PROPOSAL","SPLIT","MATURITY_ONLY","Legacy umbrella spans multiple exact Wave 32 candidate L2 successors; product-level split rule remains required."
"kol-saati","3","saat-saat-aksesuarlari","Saat & Takı > Saat & Saat Aksesuarları > Kol Saati","Kol Saati","kol-saati","active","YES","YES","Saat & Takı","Klasik Kol Saatleri","Analog Kol Saatleri","","Saat & Takı > Klasik Kol Saatleri > Analog Kol Saatleri","CANDIDATE_NOT_OWNER_FINAL","RENAME","MEDIUM","0,8600","YES","LEGAL_REVIEW_REQUIRED","YES","1","","Saat & Takı > Klasik Kol Saatleri","PROVISIONAL_PROPOSAL","UNRESOLVED","PREVIOUS_UNRESOLVED_NOW_CANDIDATE_RESOLVED","Wave 32 candidate semantic match; score=0,8600; target remains candidate, not owner-final."
"cep-yaka-saati","3","saat-saat-aksesuarlari","Saat & Takı > Saat & Saat Aksesuarları > Cep & Yaka Saati","Cep & Yaka Saati","cep-yaka-saati","active","YES","YES","Saat & Takı","Cep Saatleri","","","Saat & Takı > Cep Saatleri","CANDIDATE_NOT_OWNER_FINAL","RENAME","HIGH","1,0000","YES","LEGAL_REVIEW_REQUIRED","YES","1","","Saat & Takı > Cep Saatleri","PROVISIONAL_PROPOSAL","UNRESOLVED","PREVIOUS_UNRESOLVED_NOW_CANDIDATE_RESOLVED","Wave 32 candidate semantic match; score=1,0000; target remains candidate, not owner-final."
"saat-kayisi","3","saat-saat-aksesuarlari","Saat & Takı > Saat & Saat Aksesuarları > Saat Kayışı","Saat Kayışı","saat-kayisi","active","YES","YES","Saat & Takı","Saat Kayışları & Aksesuarları","Saat Kayışları & Kordonları","","Saat & Takı > Saat Kayışları & Aksesuarları > Saat Kayışları & Kordonları","CANDIDATE_NOT_OWNER_FINAL","RENAME","HIGH","0,9000","YES","","YES","1","","Saat & Takı > Saat Kayışları & Aksesuarları","PROVISIONAL_PROPOSAL","UNRESOLVED","PREVIOUS_UNRESOLVED_NOW_CANDIDATE_RESOLVED","Wave 32 candidate semantic match; score=0,9000; target remains candidate, not owner-final."
"saat-kutusu-standi","3","saat-saat-aksesuarlari","Saat & Takı > Saat & Saat Aksesuarları > Saat Kutusu & Standı","Saat Kutusu & Standı","saat-kutusu-standi","active","YES","YES","Saat & Takı","Saat Kayışları & Aksesuarları","Saat Saklama & Kurma Ürünleri","","Saat & Takı > Saat Kayışları & Aksesuarları > Saat Saklama & Kurma Ürünleri","CANDIDATE_NOT_OWNER_FINAL","RENAME_AND_MOVE","HIGH","EXPLICIT","YES","REGULATED","YES","1","","Saat & Takı > Saat Kayışları & Aksesuarları","PROVISIONAL_PROPOSAL","UNRESOLVED","PREVIOUS_UNRESOLVED_NOW_CANDIDATE_RESOLVED","Storage/display products bridge to the candidate storage family."
"saat-pili-yedek-bileseni","3","saat-saat-aksesuarlari","Saat & Takı > Saat & Saat Aksesuarları > Saat Pili & Yedek Bileşeni","Saat Pili & Yedek Bileşeni","saat-pili-yedek-bileseni","active","YES","YES","Saat & Takı","Saat Kayışları & Aksesuarları","Saat Pili & Bakım Ürünleri","","Saat & Takı > Saat Kayışları & Aksesuarları > Saat Pili & Bakım Ürünleri","CANDIDATE_NOT_OWNER_FINAL","RENAME","HIGH","0,9000","YES","hazmat_review|compatibility_critical|LEGAL_REVIEW_REQUIRED","YES","1","","Saat & Takı > Saat Kayışları & Aksesuarları","PROVISIONAL_PROPOSAL","UNRESOLVED","PREVIOUS_UNRESOLVED_NOW_CANDIDATE_RESOLVED","Wave 32 candidate semantic match; score=0,9000; target remains candidate, not owner-final."
"taki-mucevher","2","saat-taki","Saat & Takı > Takı & Mücevher","Takı & Mücevher","taki-mucevher","active","NO","NO","Saat & Takı","","","","Saat & Takı","CANDIDATE_NOT_OWNER_FINAL","SPLIT","HIGH","1.0000","YES","","YES","8","Saat & Takı > Kolyeler & Takı Uçları || Saat & Takı > Küpeler || Saat & Takı > Yüzükler || Saat & Takı > Bileklik, Bilezik & Halhallar || Saat & Takı > Broş & Giyim Takıları || Saat & Takı > Vücut Takıları || Saat & Takı > Takı Aksesuarları & Saklama || Saat & Takı > Takı Yapım Malzemeleri","Saat & Takı","PROVISIONAL_PROPOSAL","SPLIT","MATURITY_ONLY","Legacy umbrella spans multiple exact Wave 32 candidate L2 successors; product-level split rule remains required."
"kolye-uc","3","taki-mucevher","Saat & Takı > Takı & Mücevher > Kolye & Uç","Kolye & Uç","kolye-uc","active","YES","YES","Saat & Takı","","","","Saat & Takı","CANDIDATE_NOT_OWNER_FINAL","SPLIT","HIGH","EXPLICIT","YES","LEGAL_REVIEW_REQUIRED","YES","2","Saat & Takı > Kolyeler & Takı Uçları > Kolyeler & Zincirler || Saat & Takı > Kolyeler & Takı Uçları > Takı Uçları & Charmlar","Saat & Takı > Kolyeler & Takı Uçları","PROVISIONAL_PROPOSAL","UNRESOLVED","PREVIOUS_UNRESOLVED_NOW_CANDIDATE_RESOLVED","Legacy combined identity spans multiple explicit Wave 32 candidate successors; product-level split rule is required."
"kupe","3","taki-mucevher","Saat & Takı > Takı & Mücevher > Küpe","Küpe","kupe","active","YES","YES","Saat & Takı","Küpeler","Çivi Küpeler","","Saat & Takı > Küpeler > Çivi Küpeler","CANDIDATE_NOT_OWNER_FINAL","RENAME","HIGH","0,9000","YES","LEGAL_REVIEW_REQUIRED","YES","1","","Saat & Takı > Küpeler","PROVISIONAL_PROPOSAL","UNRESOLVED","PREVIOUS_UNRESOLVED_NOW_CANDIDATE_RESOLVED","Wave 32 candidate semantic match; score=0,9000; target remains candidate, not owner-final."
"yuzuk","3","taki-mucevher","Saat & Takı > Takı & Mücevher > Yüzük","Yüzük","yuzuk","active","YES","YES","Saat & Takı","Yüzükler","Ayarlanabilir Yüzükler","","Saat & Takı > Yüzükler > Ayarlanabilir Yüzükler","CANDIDATE_NOT_OWNER_FINAL","RENAME","HIGH","0,9000","YES","LEGAL_REVIEW_REQUIRED","YES","1","","Saat & Takı > Yüzükler","PROVISIONAL_PROPOSAL","UNRESOLVED","PREVIOUS_UNRESOLVED_NOW_CANDIDATE_RESOLVED","Wave 32 candidate semantic match; score=0,9000; target remains candidate, not owner-final."
"bileklik-halhal","3","taki-mucevher","Saat & Takı > Takı & Mücevher > Bileklik & Halhal","Bileklik & Halhal","bileklik-halhal","active","YES","YES","Saat & Takı","","","","Saat & Takı","CANDIDATE_NOT_OWNER_FINAL","SPLIT","MEDIUM","1,0000","YES","","YES","2","Saat & Takı > Bileklik, Bilezik & Halhallar > Bileklikler || Saat & Takı > Bileklik, Bilezik & Halhallar > Halhallar","Saat & Takı > Bileklik, Bilezik & Halhallar","PROVISIONAL_PROPOSAL","UNRESOLVED","PREVIOUS_UNRESOLVED_NOW_CANDIDATE_RESOLVED","Legacy combined concept has multiple near-equal Wave 32 candidate successors; no arbitrary single successor selected."
"bros-rozet-piercing-takisi","3","taki-mucevher","Saat & Takı > Takı & Mücevher > Broş, Rozet & Piercing Takısı","Broş, Rozet & Piercing Takısı","bros-rozet-piercing-takisi","active","YES","YES","Saat & Takı","","","","Saat & Takı","CANDIDATE_NOT_OWNER_FINAL","SPLIT","HIGH","EXPLICIT","YES","LEGAL_REVIEW_REQUIRED","YES","2","Saat & Takı > Broş & Giyim Takıları > Broş & Rozetler || Saat & Takı > Vücut Takıları > Piercing Takıları","Saat & Takı > Broş & Giyim Takıları","PROVISIONAL_PROPOSAL","UNRESOLVED","PREVIOUS_UNRESOLVED_NOW_CANDIDATE_RESOLVED","Legacy combined identity spans multiple explicit Wave 32 candidate successors; product-level split rule is required."
"taki-kutusu-bakim-urunu","3","taki-mucevher","Saat & Takı > Takı & Mücevher > Takı Kutusu & Bakım Ürünü","Takı Kutusu & Bakım Ürünü","taki-kutusu-bakim-urunu","active","YES","YES","Saat & Takı","","","","Saat & Takı","CANDIDATE_NOT_OWNER_FINAL","SPLIT","MEDIUM","0,6314","YES","","YES","2","Saat & Takı > Takı Aksesuarları & Saklama > Takı Kutuları & Organizerler || Saat & Takı > Takı Aksesuarları & Saklama > Takı Temizlik & Bakım Ürünleri","Saat & Takı > Takı Aksesuarları & Saklama","PROVISIONAL_PROPOSAL","UNRESOLVED","PREVIOUS_UNRESOLVED_NOW_CANDIDATE_RESOLVED","Legacy combined concept has multiple near-equal Wave 32 candidate successors; no arbitrary single successor selected."
"saglik-medikal","1","","Sağlık & Medikal","Sağlık & Medikal","saglik-medikal","active","NO","NO","Sağlık & Medikal","","","","Sağlık & Medikal","CANONICAL_FINAL","KEEP","HIGH","","NO","regulated_review","NO","1","","Sağlık & Medikal","CANONICAL_FINAL","KEEP","UNCHANGED_FINAL_ANCHOR","Policy/risk gate remains independent of taxonomy placement."
"ilk-yardim-koruyucu-urun","2","saglik-medikal","Sağlık & Medikal > İlk Yardım & Koruyucu Ürün","İlk Yardım & Koruyucu Ürün","ilk-yardim-koruyucu-urun","active","NO","NO","Sağlık & Medikal","","","","Sağlık & Medikal","CANDIDATE_NOT_OWNER_FINAL","SPLIT","HIGH","1.0000","YES","","YES","2","Sağlık & Medikal > İlk Yardım & Yara Bakımı || Sağlık & Medikal > Kişisel Koruyucu Medikal Ürünler","Sağlık & Medikal","PROVISIONAL_PROPOSAL","SPLIT","MATURITY_ONLY","Legacy umbrella spans multiple exact Wave 32 candidate L2 successors; product-level split rule remains required."
"ilk-yardim-seti","3","ilk-yardim-koruyucu-urun","Sağlık & Medikal > İlk Yardım & Koruyucu Ürün > İlk Yardım Seti","İlk Yardım Seti","ilk-yardim-seti","active","YES","YES","Sağlık & Medikal","İlk Yardım & Yara Bakımı","İlk Yardım Setleri","","Sağlık & Medikal > İlk Yardım & Yara Bakımı > İlk Yardım Setleri","CANDIDATE_NOT_OWNER_FINAL","RENAME","MEDIUM","0,8600","YES","LEGAL_REVIEW_REQUIRED|regulated_review","YES","1","","Sağlık & Medikal > İlk Yardım & Yara Bakımı","PROVISIONAL_PROPOSAL","UNRESOLVED","PREVIOUS_UNRESOLVED_NOW_CANDIDATE_RESOLVED","Wave 32 candidate semantic match; score=0,8600; target remains candidate, not owner-final."
"bandaj-gazli-bez-flaster","3","ilk-yardim-koruyucu-urun","Sağlık & Medikal > İlk Yardım & Koruyucu Ürün > Bandaj, Gazlı Bez & Flaster","Bandaj, Gazlı Bez & Flaster","bandaj-gazli-bez-flaster","active","YES","YES","Sağlık & Medikal","","","","Sağlık & Medikal","CANDIDATE_NOT_OWNER_FINAL","SPLIT","HIGH","EXPLICIT","YES","LEGAL_REVIEW_REQUIRED|LEGAL_REVIEW_REQUIRED|LEGAL_REVIEW_REQUIRED|regulated_review","YES","2","Sağlık & Medikal > İlk Yardım & Yara Bakımı > Bandaj & Flasterler || Sağlık & Medikal > İlk Yardım & Yara Bakımı > Steril Kompres & Yara Örtüleri","Sağlık & Medikal > İlk Yardım & Yara Bakımı","PROVISIONAL_PROPOSAL","UNRESOLVED","PREVIOUS_UNRESOLVED_NOW_CANDIDATE_RESOLVED","Legacy combined identity spans multiple explicit Wave 32 candidate successors; product-level split rule is required."
"antiseptik-dezenfeksiyon-urunu","3","ilk-yardim-koruyucu-urun","Sağlık & Medikal > İlk Yardım & Koruyucu Ürün > Antiseptik & Dezenfeksiyon Ürünü","Antiseptik & Dezenfeksiyon Ürünü","antiseptik-dezenfeksiyon-urunu","active","YES","YES","","","","","","OUT_OF_SCOPE","OUT_OF_PRODUCT_TAXONOMY","HIGH","POLICY","YES","LEGAL_REVIEW_REQUIRED|regulated_review|claim_sensitive|hazmat_review|POLICY_EXCLUSION","YES","0","","Sağlık & Medikal > İlk Yardım & Yara Bakımı","PROVISIONAL_PROPOSAL","UNRESOLVED","PREVIOUS_UNRESOLVED_NOW_CANDIDATE_RESOLVED","Drug, biocidal, and cosmetic classification is policy-sensitive and excluded from the current candidate product taxonomy."
"sicak-soguk-uygulama-urunu","3","ilk-yardim-koruyucu-urun","Sağlık & Medikal > İlk Yardım & Koruyucu Ürün > Sıcak & Soğuk Uygulama Ürünü","Sıcak & Soğuk Uygulama Ürünü","sicak-soguk-uygulama-urunu","active","YES","YES","Sağlık & Medikal","Rehabilitasyon & Fizik Tedavi Ürünleri","Sıcak & Soğuk Uygulama Ürünleri","","Sağlık & Medikal > Rehabilitasyon & Fizik Tedavi Ürünleri > Sıcak & Soğuk Uygulama Ürünleri","CANDIDATE_NOT_OWNER_FINAL","KEEP","HIGH","EXPLICIT","YES","LEGAL_REVIEW_REQUIRED","NO","1","","Sağlık & Medikal","PROVISIONAL_PROPOSAL","UNRESOLVED","PREVIOUS_UNRESOLVED_NOW_CANDIDATE_RESOLVED","Exact candidate successor."
"tibbi-maske-muayene-eldiveni","3","ilk-yardim-koruyucu-urun","Sağlık & Medikal > İlk Yardım & Koruyucu Ürün > Tıbbi Maske & Muayene Eldiveni","Tıbbi Maske & Muayene Eldiveni","tibbi-maske-muayene-eldiveni","active","YES","YES","Sağlık & Medikal","","","","Sağlık & Medikal","CANDIDATE_NOT_OWNER_FINAL","SPLIT","HIGH","EXPLICIT","YES","LEGAL_REVIEW_REQUIRED|LEGAL_REVIEW_REQUIRED|LEGAL_REVIEW_REQUIRED|regulated_review","YES","2","Sağlık & Medikal > Kişisel Koruyucu Medikal Ürünler > Medikal Maskeler & Respiratörler || Sağlık & Medikal > Kişisel Koruyucu Medikal Ürünler > Muayene Eldivenleri","Sağlık & Medikal > Kişisel Koruyucu Medikal Ürünler","PROVISIONAL_PROPOSAL","UNRESOLVED","PREVIOUS_UNRESOLVED_NOW_CANDIDATE_RESOLVED","Legacy combined identity spans multiple explicit Wave 32 candidate successors; product-level split rule is required."
"olcum-takip-cihazlari","2","saglik-medikal","Sağlık & Medikal > Ölçüm & Takip Cihazları","Ölçüm & Takip Cihazları","olcum-takip-cihazlari","active","NO","NO","Sağlık & Medikal","Evde Sağlık Ölçüm Cihazları","","","Sağlık & Medikal > Evde Sağlık Ölçüm Cihazları","CANDIDATE_NOT_OWNER_FINAL","RENAME","HIGH","1.0000","YES","LEGAL_REVIEW_REQUIRED","YES","1","","Sağlık & Medikal > Evde Sağlık Ölçüm Cihazları","PROVISIONAL_PROPOSAL","RENAME","MATURITY_ONLY","Previous provisional L2 bridge now resolves to the exact Wave 32 candidate L2; target is not owner-final."
"ates-olcer","3","olcum-takip-cihazlari","Sağlık & Medikal > Ölçüm & Takip Cihazları > Ateş Ölçer","Ateş Ölçer","ates-olcer","active","YES","YES","Sağlık & Medikal","Evde Sağlık Ölçüm Cihazları","Ateş Ölçerler","","Sağlık & Medikal > Evde Sağlık Ölçüm Cihazları > Ateş Ölçerler","CANDIDATE_NOT_OWNER_FINAL","RENAME","HIGH","1,0000","YES","LEGAL_REVIEW_REQUIRED|regulated_review","YES","1","","Sağlık & Medikal > Evde Sağlık Ölçüm Cihazları","PROVISIONAL_PROPOSAL","UNRESOLVED","PREVIOUS_UNRESOLVED_NOW_CANDIDATE_RESOLVED","Wave 32 candidate semantic match; score=1,0000; target remains candidate, not owner-final."
"tansiyon-aleti","3","olcum-takip-cihazlari","Sağlık & Medikal > Ölçüm & Takip Cihazları > Tansiyon Aleti","Tansiyon Aleti","tansiyon-aleti","active","YES","YES","Sağlık & Medikal","Evde Sağlık Ölçüm Cihazları","Tansiyon Ölçüm Cihazları","","Sağlık & Medikal > Evde Sağlık Ölçüm Cihazları > Tansiyon Ölçüm Cihazları","CANDIDATE_NOT_OWNER_FINAL","RENAME","HIGH","EXPLICIT","YES","LEGAL_REVIEW_REQUIRED|LEGAL_REVIEW_REQUIRED|regulated_review","YES","1","","Sağlık & Medikal > Evde Sağlık Ölçüm Cihazları","PROVISIONAL_PROPOSAL","UNRESOLVED","PREVIOUS_UNRESOLVED_NOW_CANDIDATE_RESOLVED","Explicit home measurement successor."
"kan-sekeri-olcum-cihazi","3","olcum-takip-cihazlari","Sağlık & Medikal > Ölçüm & Takip Cihazları > Kan Şekeri Ölçüm Cihazı","Kan Şekeri Ölçüm Cihazı","kan-sekeri-olcum-cihazi","active","YES","YES","Sağlık & Medikal","Evde Sağlık Ölçüm Cihazları","Glikoz Ölçüm Cihazları","","Sağlık & Medikal > Evde Sağlık Ölçüm Cihazları > Glikoz Ölçüm Cihazları","CANDIDATE_NOT_OWNER_FINAL","RENAME","HIGH","EXPLICIT","YES","LEGAL_REVIEW_REQUIRED|LEGAL_REVIEW_REQUIRED|regulated_review","YES","1","","Sağlık & Medikal > Evde Sağlık Ölçüm Cihazları","PROVISIONAL_PROPOSAL","UNRESOLVED","PREVIOUS_UNRESOLVED_NOW_CANDIDATE_RESOLVED","Explicit home measurement successor."
"nabiz-oksimetre","3","olcum-takip-cihazlari","Sağlık & Medikal > Ölçüm & Takip Cihazları > Nabız Oksimetre","Nabız Oksimetre","nabiz-oksimetre","active","YES","YES","Sağlık & Medikal","Evde Sağlık Ölçüm Cihazları","Pulse Oksimetreler","","Sağlık & Medikal > Evde Sağlık Ölçüm Cihazları > Pulse Oksimetreler","CANDIDATE_NOT_OWNER_FINAL","RENAME","HIGH","1,0000","YES","LEGAL_REVIEW_REQUIRED|regulated_review","YES","1","","Sağlık & Medikal > Evde Sağlık Ölçüm Cihazları","PROVISIONAL_PROPOSAL","UNRESOLVED","PREVIOUS_UNRESOLVED_NOW_CANDIDATE_RESOLVED","Wave 32 candidate semantic match; score=1,0000; target remains candidate, not owner-final."
"vucut-tartisi-analiz-cihazi","3","olcum-takip-cihazlari","Sağlık & Medikal > Ölçüm & Takip Cihazları > Vücut Tartısı & Analiz Cihazı","Vücut Tartısı & Analiz Cihazı","vucut-tartisi-analiz-cihazi","active","YES","YES","Sağlık & Medikal","Evde Sağlık Ölçüm Cihazları","Sağlık Tipi Vücut Ölçüm Cihazları","","Sağlık & Medikal > Evde Sağlık Ölçüm Cihazları > Sağlık Tipi Vücut Ölçüm Cihazları","CANDIDATE_NOT_OWNER_FINAL","RENAME","HIGH","EXPLICIT","YES","claim_sensitive|LEGAL_REVIEW_REQUIRED|LEGAL_REVIEW_REQUIRED","YES","1","","Sağlık & Medikal > Evde Sağlık Ölçüm Cihazları","PROVISIONAL_PROPOSAL","UNRESOLVED","PREVIOUS_UNRESOLVED_NOW_CANDIDATE_RESOLVED","Health-purpose body measurement successor."
"ortopedi-hareket-solunum-destegi","2","saglik-medikal","Sağlık & Medikal > Ortopedi, Hareket & Solunum Desteği","Ortopedi, Hareket & Solunum Desteği","ortopedi-hareket-solunum-destegi","active","NO","NO","Sağlık & Medikal","","","","Sağlık & Medikal","CANDIDATE_NOT_OWNER_FINAL","SPLIT","HIGH","1.0000","YES","","YES","4","Sağlık & Medikal > Ortopedik Destekler & Kompresyon || Sağlık & Medikal > Hareket & Mobilite Yardımcıları || Sağlık & Medikal > Rehabilitasyon & Fizik Tedavi Ürünleri || Sağlık & Medikal > Solunum & Evde Bakım Cihazları","Sağlık & Medikal","PROVISIONAL_PROPOSAL","SPLIT","MATURITY_ONLY","Legacy umbrella spans multiple exact Wave 32 candidate L2 successors; product-level split rule remains required."
"ortez-eklem-destegi","3","ortopedi-hareket-solunum-destegi","Sağlık & Medikal > Ortopedi, Hareket & Solunum Desteği > Ortez & Eklem Desteği","Ortez & Eklem Desteği","ortez-eklem-destegi","active","YES","YES","Sağlık & Medikal","Ortopedik Destekler & Kompresyon","Bel & Boyun Destekleri","","Sağlık & Medikal > Ortopedik Destekler & Kompresyon > Bel & Boyun Destekleri","CANDIDATE_NOT_OWNER_FINAL","RENAME","MEDIUM","0,5600","YES","LEGAL_REVIEW_REQUIRED|regulated_review|claim_sensitive","YES","1","","Sağlık & Medikal > Ortopedik Destekler & Kompresyon","PROVISIONAL_PROPOSAL","UNRESOLVED","PREVIOUS_UNRESOLVED_NOW_CANDIDATE_RESOLVED","Wave 32 candidate semantic match; score=0,5600; target remains candidate, not owner-final."
"medikal-korse-varis-corabi","3","ortopedi-hareket-solunum-destegi","Sağlık & Medikal > Ortopedi, Hareket & Solunum Desteği > Medikal Korse & Varis Çorabı","Medikal Korse & Varis Çorabı","medikal-korse-varis-corabi","active","YES","YES","Sağlık & Medikal","","","","Sağlık & Medikal","CANDIDATE_NOT_OWNER_FINAL","SPLIT","HIGH","EXPLICIT","YES","LEGAL_REVIEW_REQUIRED|LEGAL_REVIEW_REQUIRED|LEGAL_REVIEW_REQUIRED|regulated_review|claim_sensitive","YES","2","Sağlık & Medikal > Ortopedik Destekler & Kompresyon > Bel & Boyun Destekleri || Sağlık & Medikal > Ortopedik Destekler & Kompresyon > Kompresyon Ürünleri","Sağlık & Medikal > Ortopedik Destekler & Kompresyon","PROVISIONAL_PROPOSAL","UNRESOLVED","PREVIOUS_UNRESOLVED_NOW_CANDIDATE_RESOLVED","Legacy combined identity spans multiple explicit Wave 32 candidate successors; product-level split rule is required."
"baston-koltuk-degnegi-yurutec","3","ortopedi-hareket-solunum-destegi","Sağlık & Medikal > Ortopedi, Hareket & Solunum Desteği > Baston, Koltuk Değneği & Yürüteç","Baston, Koltuk Değneği & Yürüteç","baston-koltuk-degnegi-yurutec","active","YES","YES","Sağlık & Medikal","","","","Sağlık & Medikal","CANDIDATE_NOT_OWNER_FINAL","SPLIT","HIGH","EXPLICIT","YES","LEGAL_REVIEW_REQUIRED|LEGAL_REVIEW_REQUIRED|LEGAL_REVIEW_REQUIRED|regulated_review|safety_critical","YES","2","Sağlık & Medikal > Hareket & Mobilite Yardımcıları > Baston & Koltuk Değnekleri || Sağlık & Medikal > Hareket & Mobilite Yardımcıları > Yürüteç & Rollatorlar","Sağlık & Medikal > Hareket & Mobilite Yardımcıları","PROVISIONAL_PROPOSAL","UNRESOLVED","PREVIOUS_UNRESOLVED_NOW_CANDIDATE_RESOLVED","Legacy combined identity spans multiple explicit Wave 32 candidate successors; product-level split rule is required."
"tekerlekli-sandalye","3","ortopedi-hareket-solunum-destegi","Sağlık & Medikal > Ortopedi, Hareket & Solunum Desteği > Tekerlekli Sandalye","Tekerlekli Sandalye","tekerlekli-sandalye","active","YES","YES","Sağlık & Medikal","Hareket & Mobilite Yardımcıları","Tekerlekli Sandalyeler","","Sağlık & Medikal > Hareket & Mobilite Yardımcıları > Tekerlekli Sandalyeler","CANDIDATE_NOT_OWNER_FINAL","RENAME","HIGH","1,0000","YES","LEGAL_REVIEW_REQUIRED|regulated_review|safety_critical","YES","1","","Sağlık & Medikal > Hareket & Mobilite Yardımcıları","PROVISIONAL_PROPOSAL","UNRESOLVED","PREVIOUS_UNRESOLVED_NOW_CANDIDATE_RESOLVED","Wave 32 candidate semantic match; score=1,0000; target remains candidate, not owner-final."
"nebulizator-solunum-cihazi","3","ortopedi-hareket-solunum-destegi","Sağlık & Medikal > Ortopedi, Hareket & Solunum Desteği > Nebulizatör & Solunum Cihazı","Nebulizatör & Solunum Cihazı","nebulizator-solunum-cihazi","active","YES","YES","Sağlık & Medikal","","","","Sağlık & Medikal","CANDIDATE_NOT_OWNER_FINAL","SPLIT","HIGH","EXPLICIT","YES","LEGAL_REVIEW_REQUIRED|LEGAL_REVIEW_REQUIRED|LEGAL_REVIEW_REQUIRED|LEGAL_REVIEW_REQUIRED|LEGAL_REVIEW_REQUIRED|regulated_review","YES","4","Sağlık & Medikal > Solunum & Evde Bakım Cihazları > Ev Tipi Nebulizerler || Sağlık & Medikal > Solunum & Evde Bakım Cihazları > Ev Tipi Oksijen Destek Cihazları || Sağlık & Medikal > Solunum & Evde Bakım Cihazları > CPAP & BPAP Cihazları || Sağlık & Medikal > Solunum & Evde Bakım Cihazları > Ev Tipi Aspiratörler","Sağlık & Medikal > Solunum & Evde Bakım Cihazları","PROVISIONAL_PROPOSAL","UNRESOLVED","PREVIOUS_UNRESOLVED_NOW_CANDIDATE_RESOLVED","Legacy combined identity spans multiple explicit Wave 32 candidate successors; product-level split rule is required."
"solunum-maskesi-cihaz-aksesuari","3","ortopedi-hareket-solunum-destegi","Sağlık & Medikal > Ortopedi, Hareket & Solunum Desteği > Solunum Maskesi & Cihaz Aksesuarı","Solunum Maskesi & Cihaz Aksesuarı","solunum-maskesi-cihaz-aksesuari","active","YES","YES","Sağlık & Medikal","Solunum & Evde Bakım Cihazları","Solunum Maskesi, Hortumu & Filtresi","","Sağlık & Medikal > Solunum & Evde Bakım Cihazları > Solunum Maskesi, Hortumu & Filtresi","CANDIDATE_NOT_OWNER_FINAL","RENAME","HIGH","EXPLICIT","YES","LEGAL_REVIEW_REQUIRED|LEGAL_REVIEW_REQUIRED|regulated_review|compatibility_critical","YES","1","","Sağlık & Medikal > Solunum & Evde Bakım Cihazları","PROVISIONAL_PROPOSAL","UNRESOLVED","PREVIOUS_UNRESOLVED_NOW_CANDIDATE_RESOLVED","Explicit respiratory accessory successor."
"medikal-bakim-gunluk-yasam","2","saglik-medikal","Sağlık & Medikal > Medikal Bakım & Günlük Yaşam","Medikal Bakım & Günlük Yaşam","medikal-bakim-gunluk-yasam","active","NO","NO","Sağlık & Medikal","","","","Sağlık & Medikal","CANDIDATE_NOT_OWNER_FINAL","SPLIT","HIGH","1.0000","YES","","YES","2","Sağlık & Medikal > Medikal Sarf & Hasta Bakım Ürünleri || Sağlık & Medikal > Günlük Yaşam & Erişilebilirlik Yardımcıları","Sağlık & Medikal","PROVISIONAL_PROPOSAL","SPLIT","MATURITY_ONLY","Legacy umbrella spans multiple exact Wave 32 candidate L2 successors; product-level split rule remains required."
"yetiskin-hasta-bezi","3","medikal-bakim-gunluk-yasam","Sağlık & Medikal > Medikal Bakım & Günlük Yaşam > Yetişkin Hasta Bezi","Yetişkin Hasta Bezi","yetiskin-hasta-bezi","active","YES","YES","Sağlık & Medikal","Medikal Sarf & Hasta Bakım Ürünleri","İnkontinans Bakım Ürünleri","","Sağlık & Medikal > Medikal Sarf & Hasta Bakım Ürünleri > İnkontinans Bakım Ürünleri","CANDIDATE_NOT_OWNER_FINAL","RENAME","HIGH","EXPLICIT","YES","LEGAL_REVIEW_REQUIRED","YES","1","","Sağlık & Medikal > Medikal Sarf & Hasta Bakım Ürünleri","PROVISIONAL_PROPOSAL","UNRESOLVED","PREVIOUS_UNRESOLVED_NOW_CANDIDATE_RESOLVED","Explicit care-product successor."
"yatak-koruyucu-hasta-bakim-ortusu","3","medikal-bakim-gunluk-yasam","Sağlık & Medikal > Medikal Bakım & Günlük Yaşam > Yatak Koruyucu & Hasta Bakım Örtüsü","Yatak Koruyucu & Hasta Bakım Örtüsü","yatak-koruyucu-hasta-bakim-ortusu","active","YES","YES","Sağlık & Medikal","Medikal Sarf & Hasta Bakım Ürünleri","Hasta Bakım Örtüleri & Setleri","","Sağlık & Medikal > Medikal Sarf & Hasta Bakım Ürünleri > Hasta Bakım Örtüleri & Setleri","CANDIDATE_NOT_OWNER_FINAL","RENAME","MEDIUM","0,8100","YES","LEGAL_REVIEW_REQUIRED","YES","1","","Sağlık & Medikal > Medikal Sarf & Hasta Bakım Ürünleri","PROVISIONAL_PROPOSAL","UNRESOLVED","PREVIOUS_UNRESOLVED_NOW_CANDIDATE_RESOLVED","Wave 32 candidate semantic match; score=0,8100; target remains candidate, not owner-final."
"medikal-kompresyon-bakim-tekstili","3","medikal-bakim-gunluk-yasam","Sağlık & Medikal > Medikal Bakım & Günlük Yaşam > Medikal Kompresyon & Bakım Tekstili","Medikal Kompresyon & Bakım Tekstili","medikal-kompresyon-bakim-tekstili","active","YES","YES","Sağlık & Medikal","","","","Sağlık & Medikal","CANDIDATE_NOT_OWNER_FINAL","SPLIT","HIGH","EXPLICIT","YES","LEGAL_REVIEW_REQUIRED|LEGAL_REVIEW_REQUIRED|LEGAL_REVIEW_REQUIRED|regulated_review","YES","2","Sağlık & Medikal > Ortopedik Destekler & Kompresyon > Kompresyon Ürünleri || Sağlık & Medikal > Medikal Sarf & Hasta Bakım Ürünleri > Hasta Bakım Örtüleri & Setleri","Sağlık & Medikal > Medikal Sarf & Hasta Bakım Ürünleri","PROVISIONAL_PROPOSAL","UNRESOLVED","PREVIOUS_UNRESOLVED_NOW_CANDIDATE_RESOLVED","Legacy combined identity spans multiple explicit Wave 32 candidate successors; product-level split rule is required."
"ilac-kutusu-gunluk-takip-gereci","3","medikal-bakim-gunluk-yasam","Sağlık & Medikal > Medikal Bakım & Günlük Yaşam > İlaç Kutusu & Günlük Takip Gereci","İlaç Kutusu & Günlük Takip Gereci","ilac-kutusu-gunluk-takip-gereci","active","YES","YES","","","","","","CANDIDATE_NOT_OWNER_FINAL","UNRESOLVED","LOW","MANUAL","YES","LEGAL_REVIEW_REQUIRED","YES","0","","Sağlık & Medikal > Günlük Yaşam & Erişilebilirlik Yardımcıları","PROVISIONAL_PROPOSAL","UNRESOLVED","TARGET_CHANGED","Medication organizers/daily tracking tools are absent from the candidate Health tree."
"banyo-tuvalet-destek-urunu","3","medikal-bakim-gunluk-yasam","Sağlık & Medikal > Medikal Bakım & Günlük Yaşam > Banyo & Tuvalet Destek Ürünü","Banyo & Tuvalet Destek Ürünü","banyo-tuvalet-destek-urunu","active","YES","YES","Sağlık & Medikal","Günlük Yaşam & Erişilebilirlik Yardımcıları","Banyo & Tuvalet Yardımcıları","","Sağlık & Medikal > Günlük Yaşam & Erişilebilirlik Yardımcıları > Banyo & Tuvalet Yardımcıları","CANDIDATE_NOT_OWNER_FINAL","RENAME","HIGH","EXPLICIT","YES","LEGAL_REVIEW_REQUIRED|LEGAL_REVIEW_REQUIRED|safety_critical","YES","1","","Sağlık & Medikal","PROVISIONAL_PROPOSAL","UNRESOLVED","PREVIOUS_UNRESOLVED_NOW_CANDIDATE_RESOLVED","Explicit accessibility successor."
"besin-destegi-koruyucu-saglik-urunu","2","saglik-medikal","Sağlık & Medikal > Besin Desteği & Koruyucu Sağlık Ürünü","Besin Desteği & Koruyucu Sağlık Ürünü","besin-destegi-koruyucu-saglik-urunu","active","NO","NO","Sağlık & Medikal","Kişisel Koruyucu Medikal Ürünler","","","Sağlık & Medikal > Kişisel Koruyucu Medikal Ürünler","CANDIDATE_NOT_OWNER_FINAL","UNRESOLVED","LOW","MANUAL","YES","LEGAL_REVIEW_REQUIRED","YES","0","","Sağlık & Medikal > Kişisel Koruyucu Medikal Ürünler","PROVISIONAL_PROPOSAL","RENAME","ACTION_CHANGED","Legacy umbrella mixes candidate PPE with policy-excluded supplements; it needs an owner-approved split including an out-of-taxonomy branch."
"vitamin-mineral-destegi","3","besin-destegi-koruyucu-saglik-urunu","Sağlık & Medikal > Besin Desteği & Koruyucu Sağlık Ürünü > Vitamin & Mineral Desteği","Vitamin & Mineral Desteği","vitamin-mineral-destegi","active","YES","YES","","","","","","OUT_OF_SCOPE","OUT_OF_PRODUCT_TAXONOMY","HIGH","POLICY","YES","LEGAL_REVIEW_REQUIRED|regulated_review|claim_sensitive|POLICY_EXCLUSION","YES","0","","Sağlık & Medikal > Kişisel Koruyucu Medikal Ürünler","PROVISIONAL_PROPOSAL","UNRESOLVED","PREVIOUS_UNRESOLVED_NOW_CANDIDATE_RESOLVED","Supplements remain outside the current Health candidate scope pending owner and legal review."
"protein-sporcu-destegi","3","besin-destegi-koruyucu-saglik-urunu","Sağlık & Medikal > Besin Desteği & Koruyucu Sağlık Ürünü > Protein & Sporcu Desteği","Protein & Sporcu Desteği","protein-sporcu-destegi","active","YES","YES","","","","","","OUT_OF_SCOPE","OUT_OF_PRODUCT_TAXONOMY","HIGH","POLICY","YES","LEGAL_REVIEW_REQUIRED|regulated_review|claim_sensitive|POLICY_EXCLUSION","YES","0","","Sağlık & Medikal > Kişisel Koruyucu Medikal Ürünler","PROVISIONAL_PROPOSAL","UNRESOLVED","PREVIOUS_UNRESOLVED_NOW_CANDIDATE_RESOLVED","Sports nutrition and supplements remain outside the current candidate scope pending owner and legal review."
"bitkisel-fonksiyonel-destek","3","besin-destegi-koruyucu-saglik-urunu","Sağlık & Medikal > Besin Desteği & Koruyucu Sağlık Ürünü > Bitkisel & Fonksiyonel Destek","Bitkisel & Fonksiyonel Destek","bitkisel-fonksiyonel-destek","active","YES","YES","","","","","","OUT_OF_SCOPE","OUT_OF_PRODUCT_TAXONOMY","HIGH","POLICY","YES","LEGAL_REVIEW_REQUIRED|regulated_review|claim_sensitive|POLICY_EXCLUSION","YES","0","","Sağlık & Medikal > Kişisel Koruyucu Medikal Ürünler","PROVISIONAL_PROPOSAL","UNRESOLVED","PREVIOUS_UNRESOLVED_NOW_CANDIDATE_RESOLVED","Herbal/functional supplement claims remain outside the current candidate scope pending owner and legal review."
"prezervatif-bariyer-urunu","3","besin-destegi-koruyucu-saglik-urunu","Sağlık & Medikal > Besin Desteği & Koruyucu Sağlık Ürünü > Prezervatif & Bariyer Ürünü","Prezervatif & Bariyer Ürünü","prezervatif-bariyer-urunu","active","YES","YES","","","","","","OUT_OF_SCOPE","OUT_OF_PRODUCT_TAXONOMY","HIGH","POLICY","YES","LEGAL_REVIEW_REQUIRED|regulated_review|POLICY_EXCLUSION","YES","0","","Sağlık & Medikal > Kişisel Koruyucu Medikal Ürünler","PROVISIONAL_PROPOSAL","UNRESOLVED","PREVIOUS_UNRESOLVED_NOW_CANDIDATE_RESOLVED","Sexual-health barrier products require an explicit owner/legal policy domain decision and are absent from the candidate tree."
"uyku-rahatlama-gereci","3","besin-destegi-koruyucu-saglik-urunu","Sağlık & Medikal > Besin Desteği & Koruyucu Sağlık Ürünü > Uyku & Rahatlama Gereci","Uyku & Rahatlama Gereci","uyku-rahatlama-gereci","active","YES","YES","","","","","","OUT_OF_SCOPE","OUT_OF_PRODUCT_TAXONOMY","HIGH","POLICY","YES","claim_sensitive|LEGAL_REVIEW_REQUIRED|POLICY_EXCLUSION","YES","0","","Sağlık & Medikal > Kişisel Koruyucu Medikal Ürünler","PROVISIONAL_PROPOSAL","UNRESOLVED","PREVIOUS_UNRESOLVED_NOW_CANDIDATE_RESOLVED","Therapeutic/supplement sleep claims are outside the current candidate Health scope; ordinary comfort goods need product-level reclassification."
"cicek-bahce","1","","Çiçek & Bahçe","Çiçek & Bahçe","cicek-bahce","active","NO","NO","Çiçek & Bahçe","","","","Çiçek & Bahçe","CANONICAL_FINAL","KEEP","HIGH","","NO","","NO","1","","Çiçek & Bahçe","CANONICAL_FINAL","KEEP","UNCHANGED_FINAL_ANCHOR",""
"canli-bitki-cicek","2","cicek-bahce","Çiçek & Bahçe > Canlı Bitki & Çiçek","Canlı Bitki & Çiçek","canli-bitki-cicek","active","NO","NO","Çiçek & Bahçe","","","","Çiçek & Bahçe","CANDIDATE_NOT_OWNER_FINAL","SPLIT","HIGH","1.0000","YES","","YES","3","Çiçek & Bahçe > Canlı Saksı Bitkileri || Çiçek & Bahçe > Kesme Çiçek & Fiziksel Aranjmanlar || Çiçek & Bahçe > Tohum, Fide & Bitki Soğanları","Çiçek & Bahçe","PROVISIONAL_PROPOSAL","SPLIT","MATURITY_ONLY","Legacy umbrella spans multiple exact Wave 32 candidate L2 successors; product-level split rule remains required."
"saksi-bitkisi","3","canli-bitki-cicek","Çiçek & Bahçe > Canlı Bitki & Çiçek > Saksı Bitkisi","Saksı Bitkisi","saksi-bitkisi","active","YES","YES","Çiçek & Bahçe","Canlı Saksı Bitkileri","İç Mekan Saksı Bitkileri","","Çiçek & Bahçe > Canlı Saksı Bitkileri > İç Mekan Saksı Bitkileri","CANDIDATE_NOT_OWNER_FINAL","RENAME","MEDIUM","0,7267","YES","LEGAL_REVIEW_REQUIRED","YES","1","","Çiçek & Bahçe > Canlı Saksı Bitkileri","PROVISIONAL_PROPOSAL","UNRESOLVED","PREVIOUS_UNRESOLVED_NOW_CANDIDATE_RESOLVED","Wave 32 candidate semantic match; score=0,7267; target remains candidate, not owner-final."
"kaktus-sukulent","3","canli-bitki-cicek","Çiçek & Bahçe > Canlı Bitki & Çiçek > Kaktüs & Sukulent","Kaktüs & Sukulent","kaktus-sukulent","active","YES","YES","Çiçek & Bahçe","Canlı Saksı Bitkileri","Sukulent & Kaktüsler","","Çiçek & Bahçe > Canlı Saksı Bitkileri > Sukulent & Kaktüsler","CANDIDATE_NOT_OWNER_FINAL","RENAME_AND_MOVE","HIGH","1,0000","YES","LEGAL_REVIEW_REQUIRED","YES","1","","Çiçek & Bahçe","PROVISIONAL_PROPOSAL","UNRESOLVED","PREVIOUS_UNRESOLVED_NOW_CANDIDATE_RESOLVED","Wave 32 candidate semantic match; score=1,0000; target remains candidate, not owner-final."
"bahce-bitkisi-fidan","3","canli-bitki-cicek","Çiçek & Bahçe > Canlı Bitki & Çiçek > Bahçe Bitkisi & Fidan","Bahçe Bitkisi & Fidan","bahce-bitkisi-fidan","active","YES","YES","Çiçek & Bahçe","Tohum, Fide & Bitki Soğanları","Fide & Fidanlar","","Çiçek & Bahçe > Tohum, Fide & Bitki Soğanları > Fide & Fidanlar","CANDIDATE_NOT_OWNER_FINAL","RENAME_AND_MOVE","MEDIUM","0,8600","YES","LEGAL_REVIEW_REQUIRED","YES","1","","Çiçek & Bahçe","PROVISIONAL_PROPOSAL","UNRESOLVED","PREVIOUS_UNRESOLVED_NOW_CANDIDATE_RESOLVED","Wave 32 candidate semantic match; score=0,8600; target remains candidate, not owner-final."
"kesme-cicek-buket","3","canli-bitki-cicek","Çiçek & Bahçe > Canlı Bitki & Çiçek > Kesme Çiçek & Buket","Kesme Çiçek & Buket","kesme-cicek-buket","active","YES","YES","Çiçek & Bahçe","Kesme Çiçek & Fiziksel Aranjmanlar","Çiçek Buketleri","","Çiçek & Bahçe > Kesme Çiçek & Fiziksel Aranjmanlar > Çiçek Buketleri","CANDIDATE_NOT_OWNER_FINAL","RENAME","HIGH","1,0000","YES","LEGAL_REVIEW_REQUIRED","YES","1","","Çiçek & Bahçe > Kesme Çiçek & Fiziksel Aranjmanlar","PROVISIONAL_PROPOSAL","UNRESOLVED","PREVIOUS_UNRESOLVED_NOW_CANDIDATE_RESOLVED","Wave 32 candidate semantic match; score=1,0000; target remains candidate, not owner-final."
"celenk-aranjman","3","canli-bitki-cicek","Çiçek & Bahçe > Canlı Bitki & Çiçek > Çelenk & Aranjman","Çelenk & Aranjman","celenk-aranjman","active","YES","YES","Çiçek & Bahçe","Kesme Çiçek & Fiziksel Aranjmanlar","Çelenkler","","Çiçek & Bahçe > Kesme Çiçek & Fiziksel Aranjmanlar > Çelenkler","CANDIDATE_NOT_OWNER_FINAL","RENAME","HIGH","1,0000","YES","LEGAL_REVIEW_REQUIRED","YES","1","","Çiçek & Bahçe > Kesme Çiçek & Fiziksel Aranjmanlar","PROVISIONAL_PROPOSAL","UNRESOLVED","PREVIOUS_UNRESOLVED_NOW_CANDIDATE_RESOLVED","Wave 32 candidate semantic match; score=1,0000; target remains candidate, not owner-final."
"bahce-yetistirme-bakim","2","cicek-bahce","Çiçek & Bahçe > Bahçe Yetiştirme & Bakım","Bahçe Yetiştirme & Bakım","bahce-yetistirme-bakim","active","NO","NO","Çiçek & Bahçe","","","","Çiçek & Bahçe","CANDIDATE_NOT_OWNER_FINAL","SPLIT","HIGH","1.0000","YES","","YES","7","Çiçek & Bahçe > Saksı, Saksılık & Bitki Kapları || Çiçek & Bahçe > Toprak, Gübre & Bitki Besleme || Çiçek & Bahçe > Sulama Ürünleri || Çiçek & Bahçe > Bahçe El Aletleri || Çiçek & Bahçe > Bitki Bakım & Yetiştirme Ürünleri || Çiçek & Bahçe > Sera & Yetiştirme Ekipmanları || Çiçek & Bahçe > Bahçe Dekorasyonu & Peyzaj Aksesuarları","Çiçek & Bahçe","PROVISIONAL_PROPOSAL","SPLIT","MATURITY_ONLY","Legacy umbrella spans multiple exact Wave 32 candidate L2 successors; product-level split rule remains required."
"tohum-cicek-sogani","3","bahce-yetistirme-bakim","Çiçek & Bahçe > Bahçe Yetiştirme & Bakım > Tohum & Çiçek Soğanı","Tohum & Çiçek Soğanı","tohum-cicek-sogani","active","YES","YES","Çiçek & Bahçe","","","","Çiçek & Bahçe","CANDIDATE_NOT_OWNER_FINAL","SPLIT","HIGH","EXPLICIT","YES","LEGAL_REVIEW_REQUIRED","YES","2","Çiçek & Bahçe > Tohum, Fide & Bitki Soğanları > Çiçek Tohumları || Çiçek & Bahçe > Tohum, Fide & Bitki Soğanları > Bitki Soğanı, Yumru & Rizomlar","Çiçek & Bahçe","PROVISIONAL_PROPOSAL","UNRESOLVED","PREVIOUS_UNRESOLVED_NOW_CANDIDATE_RESOLVED","Legacy combined identity spans multiple explicit Wave 32 candidate successors; product-level split rule is required."
"toprak-yetistirme-ortami","3","bahce-yetistirme-bakim","Çiçek & Bahçe > Bahçe Yetiştirme & Bakım > Toprak & Yetiştirme Ortamı","Toprak & Yetiştirme Ortamı","toprak-yetistirme-ortami","active","YES","YES","Çiçek & Bahçe","Toprak, Gübre & Bitki Besleme","Toprak & Torf","","Çiçek & Bahçe > Toprak, Gübre & Bitki Besleme > Toprak & Torf","CANDIDATE_NOT_OWNER_FINAL","RENAME_AND_MOVE","MEDIUM","0,8600","YES","LEGAL_REVIEW_REQUIRED","YES","1","","Çiçek & Bahçe","PROVISIONAL_PROPOSAL","UNRESOLVED","PREVIOUS_UNRESOLVED_NOW_CANDIDATE_RESOLVED","Wave 32 candidate semantic match; score=0,8600; target remains candidate, not owner-final."
"gubre-bitki-besini","3","bahce-yetistirme-bakim","Çiçek & Bahçe > Bahçe Yetiştirme & Bakım > Gübre & Bitki Besini","Gübre & Bitki Besini","gubre-bitki-besini","active","YES","YES","Çiçek & Bahçe","Toprak, Gübre & Bitki Besleme","Gübreler","","Çiçek & Bahçe > Toprak, Gübre & Bitki Besleme > Gübreler","CANDIDATE_NOT_OWNER_FINAL","RENAME","HIGH","1,0000","YES","LEGAL_REVIEW_REQUIRED|regulated_review|hazmat_review","YES","1","","Çiçek & Bahçe > Toprak, Gübre & Bitki Besleme","PROVISIONAL_PROPOSAL","UNRESOLVED","PREVIOUS_UNRESOLVED_NOW_CANDIDATE_RESOLVED","Wave 32 candidate semantic match; score=1,0000; target remains candidate, not owner-final."
"saksi-bitki-kabi","3","bahce-yetistirme-bakim","Çiçek & Bahçe > Bahçe Yetiştirme & Bakım > Saksı & Bitki Kabı","Saksı & Bitki Kabı","saksi-bitki-kabi","active","YES","YES","Çiçek & Bahçe","","","","Çiçek & Bahçe","CANDIDATE_NOT_OWNER_FINAL","SPLIT","MEDIUM","0,9000","YES","","YES","4","Çiçek & Bahçe > Saksı, Saksılık & Bitki Kapları > Asılı Saksı Sistemleri || Çiçek & Bahçe > Saksı, Saksılık & Bitki Kapları > Saksı & Planterlar || Çiçek & Bahçe > Saksı, Saksılık & Bitki Kapları > Saksı Standları || Çiçek & Bahçe > Saksı, Saksılık & Bitki Kapları > Saksı Tabakları & İç Kapları","Çiçek & Bahçe > Saksı, Saksılık & Bitki Kapları","PROVISIONAL_PROPOSAL","UNRESOLVED","PREVIOUS_UNRESOLVED_NOW_CANDIDATE_RESOLVED","Legacy combined concept has multiple near-equal Wave 32 candidate successors; no arbitrary single successor selected."
"sulama-ekipmani","3","bahce-yetistirme-bakim","Çiçek & Bahçe > Bahçe Yetiştirme & Bakım > Sulama Ekipmanı","Sulama Ekipmanı","sulama-ekipmani","active","YES","YES","Çiçek & Bahçe","Sulama Ürünleri","Sulama Kapları","","Çiçek & Bahçe > Sulama Ürünleri > Sulama Kapları","CANDIDATE_NOT_OWNER_FINAL","RENAME","MEDIUM","0,5600","YES","","YES","1","","Çiçek & Bahçe > Sulama Ürünleri","PROVISIONAL_PROPOSAL","UNRESOLVED","PREVIOUS_UNRESOLVED_NOW_CANDIDATE_RESOLVED","Wave 32 candidate semantic match; score=0,5600; target remains candidate, not owner-final."
"bahce-el-aleti","3","bahce-yetistirme-bakim","Çiçek & Bahçe > Bahçe Yetiştirme & Bakım > Bahçe El Aleti","Bahçe El Aleti","bahce-el-aleti","active","YES","YES","Çiçek & Bahçe","Bahçe El Aletleri","Bahçe El Aleti Setleri","","Çiçek & Bahçe > Bahçe El Aletleri > Bahçe El Aleti Setleri","CANDIDATE_NOT_OWNER_FINAL","RENAME","HIGH","1,0000","YES","REGULATED|safety_critical","YES","1","","Çiçek & Bahçe > Bahçe El Aletleri","PROVISIONAL_PROPOSAL","UNRESOLVED","PREVIOUS_UNRESOLVED_NOW_CANDIDATE_RESOLVED","Wave 32 candidate semantic match; score=1,0000; target remains candidate, not owner-final."
"hediyelik-parti","1","","Hediyelik & Parti","Hediyelik & Parti","hediyelik-parti","active","NO","NO","Hediyelik & Parti","","","","Hediyelik & Parti","CANONICAL_FINAL","KEEP","HIGH","","NO","","NO","1","","Hediyelik & Parti","CANONICAL_FINAL","KEEP","UNCHANGED_FINAL_ANCHOR",""
"hediye-hatira","2","hediyelik-parti","Hediyelik & Parti > Hediye & Hatıra","Hediye & Hatıra","hediye-hatira","active","NO","NO","Hediyelik & Parti","","","","Hediyelik & Parti","CANDIDATE_NOT_OWNER_FINAL","SPLIT","HIGH","1.0000","YES","","YES","3","Hediyelik & Parti > Hatıra & Hediyelik Objeler || Hediyelik & Parti > Hediye Paketleme & Sunum || Hediyelik & Parti > Tebrik Kartları, Davetiyeler & Kutlama Yazıları","Hediyelik & Parti","PROVISIONAL_PROPOSAL","SPLIT","MATURITY_ONLY","Legacy umbrella spans multiple exact Wave 32 candidate L2 successors; product-level split rule remains required."
"hediyelik-obje","3","hediye-hatira","Hediyelik & Parti > Hediye & Hatıra > Hediyelik Obje","Hediyelik Obje","hediyelik-obje","inactive_review","YES","NO","Hediyelik & Parti","Hatıra & Hediyelik Objeler","","","Hediyelik & Parti > Hatıra & Hediyelik Objeler","NO_TARGET_YET","RETIRE","HIGH","","YES","","YES","0","","Hediyelik & Parti > Hatıra & Hediyelik Objeler","NO_TARGET_YET","RETIRE","UNCHANGED_RETIREMENT","Inactive legacy node remains a tombstone candidate; no Wave 32 node reactivates it."
"magnet-turistik-hatira","3","hediye-hatira","Hediyelik & Parti > Hediye & Hatıra > Magnet & Turistik Hatıra","Magnet & Turistik Hatıra","magnet-turistik-hatira","active","YES","YES","Hediyelik & Parti","Hatıra & Hediyelik Objeler","Magnet & Turistik Hatıralar","","Hediyelik & Parti > Hatıra & Hediyelik Objeler > Magnet & Turistik Hatıralar","CANDIDATE_NOT_OWNER_FINAL","RENAME","HIGH","1,0000","YES","","YES","1","","Hediyelik & Parti > Hatıra & Hediyelik Objeler","PROVISIONAL_PROPOSAL","UNRESOLVED","PREVIOUS_UNRESOLVED_NOW_CANDIDATE_RESOLVED","Wave 32 candidate semantic match; score=1,0000; target remains candidate, not owner-final."
"tespih-manevi-hediyelik","3","hediye-hatira","Hediyelik & Parti > Hediye & Hatıra > Tespih & Manevi Hediyelik","Tespih & Manevi Hediyelik","tespih-manevi-hediyelik","active","YES","YES","","","","","","CANDIDATE_NOT_OWNER_FINAL","UNRESOLVED","LOW","MANUAL","YES","","YES","0","","Hediyelik & Parti > Hatıra & Hediyelik Objeler","PROVISIONAL_PROPOSAL","UNRESOLVED","TARGET_CHANGED","No prayer-bead/spiritual gift candidate exists; owner and cultural-policy review is required."
"nikah-nisan-bebek-hatirasi","3","hediye-hatira","Hediyelik & Parti > Hediye & Hatıra > Nikah, Nişan & Bebek Hatırası","Nikah, Nişan & Bebek Hatırası","nikah-nisan-bebek-hatirasi","active","YES","YES","Hediyelik & Parti","Hatıra & Hediyelik Objeler","Nikâh, Nişan & Bebek Hatıraları","","Hediyelik & Parti > Hatıra & Hediyelik Objeler > Nikâh, Nişan & Bebek Hatıraları","CANDIDATE_NOT_OWNER_FINAL","RENAME","HIGH","1,0000","YES","","YES","1","","Hediyelik & Parti > Hatıra & Hediyelik Objeler","PROVISIONAL_PROPOSAL","UNRESOLVED","PREVIOUS_UNRESOLVED_NOW_CANDIDATE_RESOLVED","Wave 32 candidate semantic match; score=1,0000; target remains candidate, not owner-final."
"parti-kutlama","2","hediyelik-parti","Hediyelik & Parti > Parti & Kutlama","Parti & Kutlama","parti-kutlama","active","NO","NO","Hediyelik & Parti","","","","Hediyelik & Parti","CANDIDATE_NOT_OWNER_FINAL","SPLIT","HIGH","1.0000","YES","","YES","6","Hediyelik & Parti > Balon & Balon Aksesuarları || Hediyelik & Parti > Parti Süsleri & Mekân Dekorasyonu || Hediyelik & Parti > Parti Sofrası & Servis Ürünleri || Hediyelik & Parti > Kostüm, Maske & Parti Aksesuarları || Hediyelik & Parti > Pasta Süsleme & Kutlama Aksesuarları || Hediyelik & Parti > Parti Eğlence & Fotoğraf Aksesuarları","Hediyelik & Parti","PROVISIONAL_PROPOSAL","SPLIT","MATURITY_ONLY","Legacy umbrella spans multiple exact Wave 32 candidate L2 successors; product-level split rule remains required."
"balon","3","parti-kutlama","Hediyelik & Parti > Parti & Kutlama > Balon","Balon","balon","active","YES","YES","Hediyelik & Parti","","","","Hediyelik & Parti","CANDIDATE_NOT_OWNER_FINAL","SPLIT","HIGH","EXPLICIT","YES","age_sensitive|REGULATED|REGULATED|REGULATED","YES","2","Hediyelik & Parti > Balon & Balon Aksesuarları > Balonlar > Lateks Balonlar || Hediyelik & Parti > Balon & Balon Aksesuarları > Balonlar > Folyo Balonlar","Hediyelik & Parti > Balon & Balon Aksesuarları","PROVISIONAL_PROPOSAL","UNRESOLVED","PREVIOUS_UNRESOLVED_NOW_CANDIDATE_RESOLVED","Legacy combined identity spans multiple explicit Wave 32 candidate successors; product-level split rule is required."
"parti-susleme-seti","3","parti-kutlama","Hediyelik & Parti > Parti & Kutlama > Parti Süsleme Seti","Parti Süsleme Seti","parti-susleme-seti","active","YES","YES","Hediyelik & Parti","Parti Süsleri & Mekân Dekorasyonu","Banner & Girlandlar","","Hediyelik & Parti > Parti Süsleri & Mekân Dekorasyonu > Banner & Girlandlar","CANDIDATE_NOT_OWNER_FINAL","RENAME","HIGH","0,9000","YES","","YES","1","","Hediyelik & Parti > Parti Süsleri & Mekân Dekorasyonu","PROVISIONAL_PROPOSAL","UNRESOLVED","PREVIOUS_UNRESOLVED_NOW_CANDIDATE_RESOLVED","Wave 32 candidate semantic match; score=0,9000; target remains candidate, not owner-final."
"tek-kullanimlik-parti-sofrasi","3","parti-kutlama","Hediyelik & Parti > Parti & Kutlama > Tek Kullanımlık Parti Sofrası","Tek Kullanımlık Parti Sofrası","tek-kullanimlik-parti-sofrasi","active","YES","YES","Hediyelik & Parti","","","","Hediyelik & Parti","CANDIDATE_NOT_OWNER_FINAL","SPLIT","HIGH","EXPLICIT","YES","REGULATED","YES","5","Hediyelik & Parti > Parti Sofrası & Servis Ürünleri > Tek Kullanımlık Parti Tabak & Kaseleri || Hediyelik & Parti > Parti Sofrası & Servis Ürünleri > Parti Bardakları || Hediyelik & Parti > Parti Sofrası & Servis Ürünleri > Parti Peçetesi & Masa Örtüleri || Hediyelik & Parti > Parti Sofrası & Servis Ürünleri > Parti Çatal, Kaşık & Servis Ürünleri || Hediyelik & Parti > Parti Sofrası & Servis Ürünleri > Pipet & Parti Servis Aksesuarları","Hediyelik & Parti > Parti Sofrası & Servis Ürünleri","PROVISIONAL_PROPOSAL","UNRESOLVED","PREVIOUS_UNRESOLVED_NOW_CANDIDATE_RESOLVED","Legacy combined identity spans multiple explicit Wave 32 candidate successors; product-level split rule is required."
"pasta-mumu-kutlama-aksesuari","3","parti-kutlama","Hediyelik & Parti > Parti & Kutlama > Pasta Mumu & Kutlama Aksesuarı","Pasta Mumu & Kutlama Aksesuarı","pasta-mumu-kutlama-aksesuari","active","YES","YES","Hediyelik & Parti","Pasta Süsleme & Kutlama Aksesuarları","Pasta Topperları","","Hediyelik & Parti > Pasta Süsleme & Kutlama Aksesuarları > Pasta Topperları","CANDIDATE_NOT_OWNER_FINAL","RENAME","MEDIUM","0,5600","YES","REGULATED|safety_critical","YES","1","","Hediyelik & Parti > Pasta Süsleme & Kutlama Aksesuarları","PROVISIONAL_PROPOSAL","UNRESOLVED","PREVIOUS_UNRESOLVED_NOW_CANDIDATE_RESOLVED","Wave 32 candidate semantic match; score=0,5600; target remains candidate, not owner-final."
"kostum-partisi-aksesuari","3","parti-kutlama","Hediyelik & Parti > Parti & Kutlama > Kostüm Partisi Aksesuarı","Kostüm Partisi Aksesuarı","kostum-partisi-aksesuari","active","YES","YES","Hediyelik & Parti","Kostüm, Maske & Parti Aksesuarları","Parti Maskeleri","","Hediyelik & Parti > Kostüm, Maske & Parti Aksesuarları > Parti Maskeleri","CANDIDATE_NOT_OWNER_FINAL","RENAME","HIGH","1,0000","YES","REGULATED","YES","1","","Hediyelik & Parti > Kostüm, Maske & Parti Aksesuarları","PROVISIONAL_PROPOSAL","UNRESOLVED","PREVIOUS_UNRESOLVED_NOW_CANDIDATE_RESOLVED","Wave 32 candidate semantic match; score=1,0000; target remains candidate, not owner-final."
