"PLANNING_KEY","L1_NAME","L2_NAME","L3_NAME","L4_NAME","LEVEL","LEAF_YN","PARENT_PLANNING_KEY","CANONICAL_STATE","POLICY_CLASS","PROFESSIONAL_REVIEW_REQUIRED","ASSIGNABLE_YN","ACTIVE_CANDIDATE_YN","SOURCE","LEGACY_PREDECESSOR_COUNT","NOTES"
"CANONICAL-000001","Gıda & İçecek","","","","L1","NO","","CONFIRMED — PRODUCT OWNER FINAL — CANONICAL V1","NORMAL","NO","NO","YES","docs/ESNAFTAVAR_CANONICAL_CATEGORY_TAXONOMY.md","1","Canonical L1 root; never product-assignable; pilot activation requires at least one eligible descendant and a separate runtime decision."
"CANONICAL-000002","Gıda & İçecek","Taze Meyve & Sebze","","","L2","NO","CANONICAL-000001","CONFIRMED — PRODUCT OWNER FINAL — CANONICAL V1","NORMAL","NO","NO","YES","docs/TAXONOMY_W33_RESOLVED_UNIFIED_CANDIDATE_TREE.csv [BATCH_01]","1","Exact source row; Batch 01 source proposal; finalization candidate; OM-R06=B; OM-R07=B; OM-R10=A"
"CANONICAL-000003","Gıda & İçecek","Taze Meyve & Sebze","Taze Meyve","","L3","YES","CANONICAL-000002","CONFIRMED — PRODUCT OWNER FINAL — CANONICAL V1","NORMAL","NO","YES","YES","docs/TAXONOMY_W33_RESOLVED_UNIFIED_CANDIDATE_TREE.csv [BATCH_01]","1","Exact source row; Batch 01 source proposal; finalization candidate; OM-R06=B; OM-R07=B; OM-R10=A"
"CANONICAL-000004","Gıda & İçecek","Taze Meyve & Sebze","Taze Sebze","","L3","YES","CANONICAL-000002","CONFIRMED — PRODUCT OWNER FINAL — CANONICAL V1","NORMAL","NO","YES","YES","docs/TAXONOMY_W33_RESOLVED_UNIFIED_CANDIDATE_TREE.csv [BATCH_01]","1","Exact source row; Batch 01 source proposal; finalization candidate; OM-R06=B; OM-R07=B; OM-R10=A"
"CANONICAL-000005","Gıda & İçecek","Taze Meyve & Sebze","Mantar","","L3","YES","CANONICAL-000002","CONFIRMED — PRODUCT OWNER FINAL — CANONICAL V1","NORMAL","NO","YES","YES","docs/TAXONOMY_W33_RESOLVED_UNIFIED_CANDIDATE_TREE.csv [BATCH_01]","0","Exact source row; Batch 01 source proposal; finalization candidate; OM-R06=B; OM-R07=B; OM-R10=A"
"CANONICAL-000006","Gıda & İçecek","Taze Meyve & Sebze","Taze Ot & Yeşillik","","L3","YES","CANONICAL-000002","CONFIRMED — PRODUCT OWNER FINAL — CANONICAL V1","NORMAL","NO","YES","YES","docs/TAXONOMY_W33_RESOLVED_UNIFIED_CANDIDATE_TREE.csv [BATCH_01]","0","Exact source row; Batch 01 source proposal; finalization candidate; OM-R06=B; OM-R07=B; OM-R10=A"
"CANONICAL-000007","Gıda & İçecek","Et, Tavuk, Balık & Şarküteri","","","L2","NO","CANONICAL-000001","CONFIRMED — PRODUCT OWNER FINAL — CANONICAL V1","REGULATED","YES","NO","NO","docs/TAXONOMY_W33_RESOLVED_UNIFIED_CANDIDATE_TREE.csv [BATCH_01]","1","Exact source row; Batch 01 source proposal; finalization candidate; OM-R06=B; OM-R07=B; OM-R10=A Canonical existence does not authorize runtime assignment or pilot activation; professional/policy gate remains open."
"CANONICAL-000008","Gıda & İçecek","Et, Tavuk, Balık & Şarküteri","Kırmızı Et","","L3","YES","CANONICAL-000007","CONFIRMED — PRODUCT OWNER FINAL — CANONICAL V1","REGULATED","YES","NO","NO","docs/TAXONOMY_W33_RESOLVED_UNIFIED_CANDIDATE_TREE.csv [BATCH_01]","1","Exact source row; Batch 01 source proposal; finalization candidate; OM-R06=B; OM-R07=B; OM-R10=A Canonical existence does not authorize runtime assignment or pilot activation; professional/policy gate remains open."
"CANONICAL-000009","Gıda & İçecek","Et, Tavuk, Balık & Şarküteri","Tavuk & Kanatlı","","L3","YES","CANONICAL-000007","CONFIRMED — PRODUCT OWNER FINAL — CANONICAL V1","REGULATED","YES","NO","NO","docs/TAXONOMY_W33_RESOLVED_UNIFIED_CANDIDATE_TREE.csv [BATCH_01]","1","Exact source row; Batch 01 source proposal; finalization candidate; OM-R06=B; OM-R07=B; OM-R10=A Canonical existence does not authorize runtime assignment or pilot activation; professional/policy gate remains open."
"CANONICAL-000010","Gıda & İçecek","Et, Tavuk, Balık & Şarküteri","Balık & Deniz Ürünleri","","L3","YES","CANONICAL-000007","CONFIRMED — PRODUCT OWNER FINAL — CANONICAL V1","REGULATED","YES","NO","NO","docs/TAXONOMY_W33_RESOLVED_UNIFIED_CANDIDATE_TREE.csv [BATCH_01]","1","Exact source row; Batch 01 source proposal; finalization candidate; OM-R06=B; OM-R07=B; OM-R10=A Canonical existence does not authorize runtime assignment or pilot activation; professional/policy gate remains open."
"CANONICAL-000011","Gıda & İçecek","Et, Tavuk, Balık & Şarküteri","Şarküteri Ürünleri","","L3","YES","CANONICAL-000007","CONFIRMED — PRODUCT OWNER FINAL — CANONICAL V1","REGULATED","YES","NO","NO","docs/TAXONOMY_W33_RESOLVED_UNIFIED_CANDIDATE_TREE.csv [BATCH_01]","1","Exact source row; Batch 01 source proposal; finalization candidate; OM-R06=B; OM-R07=B; OM-R10=A Canonical existence does not authorize runtime assignment or pilot activation; professional/policy gate remains open."
"CANONICAL-000012","Gıda & İçecek","Süt Ürünleri & Yumurta","","","L2","NO","CANONICAL-000001","CONFIRMED — PRODUCT OWNER FINAL — CANONICAL V1","REGULATED","YES","NO","NO","docs/TAXONOMY_W33_RESOLVED_UNIFIED_CANDIDATE_TREE.csv [BATCH_01]","1","Exact source row; Batch 01 source proposal; finalization candidate; OM-R06=B; OM-R07=B; OM-R10=A Canonical existence does not authorize runtime assignment or pilot activation; professional/policy gate remains open."
"CANONICAL-000013","Gıda & İçecek","Süt Ürünleri & Yumurta","Süt","","L3","YES","CANONICAL-000012","CONFIRMED — PRODUCT OWNER FINAL — CANONICAL V1","REGULATED","YES","NO","NO","docs/TAXONOMY_W33_RESOLVED_UNIFIED_CANDIDATE_TREE.csv [BATCH_01]","1","Exact source row; Batch 01 source proposal; finalization candidate; OM-R06=B; OM-R07=B; OM-R10=A Canonical existence does not authorize runtime assignment or pilot activation; professional/policy gate remains open."
"CANONICAL-000014","Gıda & İçecek","Süt Ürünleri & Yumurta","Yoğurt","","L3","YES","CANONICAL-000012","CONFIRMED — PRODUCT OWNER FINAL — CANONICAL V1","REGULATED","YES","NO","NO","docs/TAXONOMY_W33_RESOLVED_UNIFIED_CANDIDATE_TREE.csv [BATCH_01]","1","Exact source row; Batch 01 source proposal; finalization candidate; OM-R06=B; OM-R07=B; OM-R10=A Canonical existence does not authorize runtime assignment or pilot activation; professional/policy gate remains open."
"CANONICAL-000015","Gıda & İçecek","Süt Ürünleri & Yumurta","Peynir","","L3","YES","CANONICAL-000012","CONFIRMED — PRODUCT OWNER FINAL — CANONICAL V1","REGULATED","YES","NO","NO","docs/TAXONOMY_W33_RESOLVED_UNIFIED_CANDIDATE_TREE.csv [BATCH_01]","1","Exact source row; Batch 01 source proposal; finalization candidate; OM-R06=B; OM-R07=B; OM-R10=A Canonical existence does not authorize runtime assignment or pilot activation; professional/policy gate remains open."
"CANONICAL-000016","Gıda & İçecek","Süt Ürünleri & Yumurta","Ayran & Kefir","","L3","YES","CANONICAL-000012","CONFIRMED — PRODUCT OWNER FINAL — CANONICAL V1","REGULATED","YES","NO","NO","docs/TAXONOMY_W33_RESOLVED_UNIFIED_CANDIDATE_TREE.csv [BATCH_01]","0","Exact source row; Batch 01 source proposal; finalization candidate; OM-R06=B; OM-R07=B; OM-R10=A Canonical existence does not authorize runtime assignment or pilot activation; professional/policy gate remains open."
"CANONICAL-000017","Gıda & İçecek","Süt Ürünleri & Yumurta","Tereyağı & Krema","","L3","YES","CANONICAL-000012","CONFIRMED — PRODUCT OWNER FINAL — CANONICAL V1","REGULATED","YES","NO","NO","docs/TAXONOMY_W33_RESOLVED_UNIFIED_CANDIDATE_TREE.csv [BATCH_01]","1","Exact source row; Batch 01 source proposal; finalization candidate; OM-R06=B; OM-R07=B; OM-R10=A Canonical existence does not authorize runtime assignment or pilot activation; professional/policy gate remains open."
"CANONICAL-000018","Gıda & İçecek","Süt Ürünleri & Yumurta","Yumurta","","L3","YES","CANONICAL-000012","CONFIRMED — PRODUCT OWNER FINAL — CANONICAL V1","REGULATED","YES","NO","NO","docs/TAXONOMY_W33_RESOLVED_UNIFIED_CANDIDATE_TREE.csv [BATCH_01]","1","Exact source row; Batch 01 source proposal; finalization candidate; OM-R06=B; OM-R07=B; OM-R10=A Canonical existence does not authorize runtime assignment or pilot activation; professional/policy gate remains open."
"CANONICAL-000019","Gıda & İçecek","Ekmek, Unlu Mamuller & Pastacılık","","","L2","NO","CANONICAL-000001","CONFIRMED — PRODUCT OWNER FINAL — CANONICAL V1","REGULATED","YES","NO","NO","docs/TAXONOMY_W33_RESOLVED_UNIFIED_CANDIDATE_TREE.csv [BATCH_01]","1","Exact source row; Batch 01 source proposal; finalization candidate; OM-R06=B; OM-R07=B; OM-R10=A Canonical existence does not authorize runtime assignment or pilot activation; professional/policy gate remains open."
"CANONICAL-000020","Gıda & İçecek","Ekmek, Unlu Mamuller & Pastacılık","Ekmekler","","L3","YES","CANONICAL-000019","CONFIRMED — PRODUCT OWNER FINAL — CANONICAL V1","NORMAL","NO","NO","NO","docs/TAXONOMY_W33_RESOLVED_UNIFIED_CANDIDATE_TREE.csv [BATCH_01]","1","Exact source row; Batch 01 source proposal; finalization candidate; OM-R06=B; OM-R07=B; OM-R10=A"
"CANONICAL-000021","Gıda & İçecek","Ekmek, Unlu Mamuller & Pastacılık","Simit, Poğaça & Börek","","L3","YES","CANONICAL-000019","CONFIRMED — PRODUCT OWNER FINAL — CANONICAL V1","NORMAL","NO","NO","NO","docs/TAXONOMY_W33_RESOLVED_UNIFIED_CANDIDATE_TREE.csv [BATCH_01]","1","Exact source row; Batch 01 source proposal; finalization candidate; OM-R06=B; OM-R07=B; OM-R10=A"
"CANONICAL-000022","Gıda & İçecek","Ekmek, Unlu Mamuller & Pastacılık","Kek, Kurabiye & Paketli Unlu Mamuller","","L3","YES","CANONICAL-000019","CONFIRMED — PRODUCT OWNER FINAL — CANONICAL V1","NORMAL","NO","NO","NO","docs/TAXONOMY_W33_RESOLVED_UNIFIED_CANDIDATE_TREE.csv [BATCH_01]","1","Exact source row; Batch 01 source proposal; finalization candidate; OM-R06=B; OM-R07=B; OM-R10=A"
"CANONICAL-000023","Gıda & İçecek","Ekmek, Unlu Mamuller & Pastacılık","Pasta & Pastane Tatlıları","","L3","YES","CANONICAL-000019","CONFIRMED — PRODUCT OWNER FINAL — CANONICAL V1","REGULATED","YES","NO","NO","docs/TAXONOMY_W33_RESOLVED_UNIFIED_CANDIDATE_TREE.csv [BATCH_01]","1","Exact source row; Batch 01 source proposal; finalization candidate; OM-R06=B; OM-R07=B; OM-R10=A Canonical existence does not authorize runtime assignment or pilot activation; professional/policy gate remains open."
"CANONICAL-000024","Gıda & İçecek","Bakliyat, Tahıl & Makarna","","","L2","NO","CANONICAL-000001","CONFIRMED — PRODUCT OWNER FINAL — CANONICAL V1","NORMAL","NO","NO","YES","docs/TAXONOMY_W33_RESOLVED_UNIFIED_CANDIDATE_TREE.csv [BATCH_01]","1","Exact source row; Batch 01 source proposal; finalization candidate; OM-R06=B; OM-R07=B; OM-R10=A"
"CANONICAL-000025","Gıda & İçecek","Bakliyat, Tahıl & Makarna","Bakliyat","","L3","NO","CANONICAL-000024","CONFIRMED — PRODUCT OWNER FINAL — CANONICAL V1","NORMAL","NO","NO","YES","docs/TAXONOMY_W33_RESOLVED_UNIFIED_CANDIDATE_TREE.csv [BATCH_01]","0","Exact source row; Batch 01 source proposal; finalization candidate; OM-R06=B; OM-R07=B; OM-R10=A"
"CANONICAL-000026","Gıda & İçecek","Bakliyat, Tahıl & Makarna","Bakliyat","Mercimek","L4","YES","CANONICAL-000025","CONFIRMED — PRODUCT OWNER FINAL — CANONICAL V1","NORMAL","NO","YES","YES","docs/TAXONOMY_W33_RESOLVED_UNIFIED_CANDIDATE_TREE.csv [BATCH_01]","1","Exact source row; Batch 01 source proposal; finalization candidate; OM-R06=B; OM-R07=B; OM-R10=A"
"CANONICAL-000027","Gıda & İçecek","Bakliyat, Tahıl & Makarna","Bakliyat","Nohut","L4","YES","CANONICAL-000025","CONFIRMED — PRODUCT OWNER FINAL — CANONICAL V1","NORMAL","NO","YES","YES","docs/TAXONOMY_W33_RESOLVED_UNIFIED_CANDIDATE_TREE.csv [BATCH_01]","1","Exact source row; Batch 01 source proposal; finalization candidate; OM-R06=B; OM-R07=B; OM-R10=A"
"CANONICAL-000028","Gıda & İçecek","Bakliyat, Tahıl & Makarna","Bakliyat","Kuru Fasulye & Diğer Bakliyat","L4","YES","CANONICAL-000025","CONFIRMED — PRODUCT OWNER FINAL — CANONICAL V1","NORMAL","NO","YES","YES","docs/TAXONOMY_W33_RESOLVED_UNIFIED_CANDIDATE_TREE.csv [BATCH_01]","1","Exact source row; Batch 01 source proposal; finalization candidate; OM-R06=B; OM-R07=B; OM-R10=A"
"CANONICAL-000029","Gıda & İçecek","Bakliyat, Tahıl & Makarna","Pirinç & Bulgur","","L3","YES","CANONICAL-000024","CONFIRMED — PRODUCT OWNER FINAL — CANONICAL V1","NORMAL","NO","YES","YES","docs/TAXONOMY_W33_RESOLVED_UNIFIED_CANDIDATE_TREE.csv [BATCH_01]","1","Exact source row; Batch 01 source proposal; finalization candidate; OM-R06=B; OM-R07=B; OM-R10=A"
"CANONICAL-000030","Gıda & İçecek","Bakliyat, Tahıl & Makarna","Tahıl, Yulaf & Hububat","","L3","YES","CANONICAL-000024","CONFIRMED — PRODUCT OWNER FINAL — CANONICAL V1","NORMAL","NO","YES","YES","docs/TAXONOMY_W33_RESOLVED_UNIFIED_CANDIDATE_TREE.csv [BATCH_01]","1","Exact source row; Batch 01 source proposal; finalization candidate; OM-R06=B; OM-R07=B; OM-R10=A"
"CANONICAL-000031","Gıda & İçecek","Bakliyat, Tahıl & Makarna","Makarna & Erişte","","L3","YES","CANONICAL-000024","CONFIRMED — PRODUCT OWNER FINAL — CANONICAL V1","NORMAL","NO","YES","YES","docs/TAXONOMY_W33_RESOLVED_UNIFIED_CANDIDATE_TREE.csv [BATCH_01]","1","Exact source row; Batch 01 source proposal; finalization candidate; OM-R06=B; OM-R07=B; OM-R10=A"
"CANONICAL-000032","Gıda & İçecek","Un, Şeker & Pişirme Malzemeleri","","","L2","NO","CANONICAL-000001","CONFIRMED — PRODUCT OWNER FINAL — CANONICAL V1","NORMAL","NO","NO","YES","docs/TAXONOMY_W33_RESOLVED_UNIFIED_CANDIDATE_TREE.csv [BATCH_01]","1","Exact source row; Batch 01 source proposal; finalization candidate; OM-R06=B; OM-R07=B; OM-R10=A"
"CANONICAL-000033","Gıda & İçecek","Un, Şeker & Pişirme Malzemeleri","Unlar","","L3","YES","CANONICAL-000032","CONFIRMED — PRODUCT OWNER FINAL — CANONICAL V1","NORMAL","NO","YES","YES","docs/TAXONOMY_W33_RESOLVED_UNIFIED_CANDIDATE_TREE.csv [BATCH_01]","1","Exact source row; Batch 01 source proposal; finalization candidate; OM-R06=B; OM-R07=B; OM-R10=A"
"CANONICAL-000034","Gıda & İçecek","Un, Şeker & Pişirme Malzemeleri","Şeker & Tatlandırıcılar","","L3","YES","CANONICAL-000032","CONFIRMED — PRODUCT OWNER FINAL — CANONICAL V1","NORMAL","NO","YES","YES","docs/TAXONOMY_W33_RESOLVED_UNIFIED_CANDIDATE_TREE.csv [BATCH_01]","1","Exact source row; Batch 01 source proposal; finalization candidate; OM-R06=B; OM-R07=B; OM-R10=A"
"CANONICAL-000035","Gıda & İçecek","Un, Şeker & Pişirme Malzemeleri","Maya & Kabartma Ürünleri","","L3","YES","CANONICAL-000032","CONFIRMED — PRODUCT OWNER FINAL — CANONICAL V1","NORMAL","NO","YES","YES","docs/TAXONOMY_W33_RESOLVED_UNIFIED_CANDIDATE_TREE.csv [BATCH_01]","1","Exact source row; Batch 01 source proposal; finalization candidate; OM-R06=B; OM-R07=B; OM-R10=A"
"CANONICAL-000036","Gıda & İçecek","Un, Şeker & Pişirme Malzemeleri","Kakao & Pişirme Çikolatası","","L3","YES","CANONICAL-000032","CONFIRMED — PRODUCT OWNER FINAL — CANONICAL V1","NORMAL","NO","YES","YES","docs/TAXONOMY_W33_RESOLVED_UNIFIED_CANDIDATE_TREE.csv [BATCH_01]","1","Exact source row; Batch 01 source proposal; finalization candidate; OM-R06=B; OM-R07=B; OM-R10=A"
"CANONICAL-000037","Gıda & İçecek","Un, Şeker & Pişirme Malzemeleri","Pasta Süsleme & Dolgu Malzemeleri","","L3","YES","CANONICAL-000032","CONFIRMED — PRODUCT OWNER FINAL — CANONICAL V1","NORMAL","NO","YES","YES","docs/TAXONOMY_W33_RESOLVED_UNIFIED_CANDIDATE_TREE.csv [BATCH_01]","1","Exact source row; Batch 01 source proposal; finalization candidate; OM-R06=B; OM-R07=B; OM-R10=A"
"CANONICAL-000038","Gıda & İçecek","Yağ & Sirke","","","L2","NO","CANONICAL-000001","CONFIRMED — PRODUCT OWNER FINAL — CANONICAL V1","NORMAL","NO","NO","YES","docs/TAXONOMY_W33_RESOLVED_UNIFIED_CANDIDATE_TREE.csv [BATCH_01]","1","Exact source row; Batch 01 source proposal; finalization candidate; OM-R06=B; OM-R07=B; OM-R10=A"
"CANONICAL-000039","Gıda & İçecek","Yağ & Sirke","Yemeklik Yağlar","","L3","NO","CANONICAL-000038","CONFIRMED — PRODUCT OWNER FINAL — CANONICAL V1","NORMAL","NO","NO","YES","docs/TAXONOMY_W33_RESOLVED_UNIFIED_CANDIDATE_TREE.csv [BATCH_01]","1","Exact source row; Batch 01 source proposal; finalization candidate; OM-R06=B; OM-R07=B; OM-R10=A"
"CANONICAL-000040","Gıda & İçecek","Yağ & Sirke","Yemeklik Yağlar","Zeytinyağı","L4","YES","CANONICAL-000039","CONFIRMED — PRODUCT OWNER FINAL — CANONICAL V1","NORMAL","NO","YES","YES","docs/TAXONOMY_W33_RESOLVED_UNIFIED_CANDIDATE_TREE.csv [BATCH_01]","0","Exact source row; Batch 01 source proposal; finalization candidate; OM-R06=B; OM-R07=B; OM-R10=A"
"CANONICAL-000041","Gıda & İçecek","Yağ & Sirke","Yemeklik Yağlar","Bitkisel Sıvı Yağlar","L4","YES","CANONICAL-000039","CONFIRMED — PRODUCT OWNER FINAL — CANONICAL V1","NORMAL","NO","YES","YES","docs/TAXONOMY_W33_RESOLVED_UNIFIED_CANDIDATE_TREE.csv [BATCH_01]","0","Exact source row; Batch 01 source proposal; finalization candidate; OM-R06=B; OM-R07=B; OM-R10=A"
"CANONICAL-000042","Gıda & İçecek","Yağ & Sirke","Yemeklik Yağlar","Katı Yemeklik Yağlar","L4","YES","CANONICAL-000039","CONFIRMED — PRODUCT OWNER FINAL — CANONICAL V1","NORMAL","NO","YES","YES","docs/TAXONOMY_W33_RESOLVED_UNIFIED_CANDIDATE_TREE.csv [BATCH_01]","1","Exact source row; Batch 01 source proposal; finalization candidate; OM-R06=B; OM-R07=B; OM-R10=A"
"CANONICAL-000043","Gıda & İçecek","Yağ & Sirke","Sirke","","L3","YES","CANONICAL-000038","CONFIRMED — PRODUCT OWNER FINAL — CANONICAL V1","NORMAL","NO","YES","YES","docs/TAXONOMY_W33_RESOLVED_UNIFIED_CANDIDATE_TREE.csv [BATCH_01]","1","Exact source row; Batch 01 source proposal; finalization candidate; OM-R06=B; OM-R07=B; OM-R10=A"
"CANONICAL-000044","Gıda & İçecek","Kahvaltılık","","","L2","NO","CANONICAL-000001","CONFIRMED — PRODUCT OWNER FINAL — CANONICAL V1","NORMAL","NO","NO","YES","docs/TAXONOMY_W33_RESOLVED_UNIFIED_CANDIDATE_TREE.csv [BATCH_01]","1","Exact source row; Batch 01 source proposal; finalization candidate; OM-R06=B; OM-R07=B; OM-R10=A"
"CANONICAL-000045","Gıda & İçecek","Kahvaltılık","Bal & Pekmez","","L3","YES","CANONICAL-000044","CONFIRMED — PRODUCT OWNER FINAL — CANONICAL V1","NORMAL","NO","YES","YES","docs/TAXONOMY_W33_RESOLVED_UNIFIED_CANDIDATE_TREE.csv [BATCH_01]","1","Exact source row; Batch 01 source proposal; finalization candidate; OM-R06=B; OM-R07=B; OM-R10=A"
"CANONICAL-000046","Gıda & İçecek","Kahvaltılık","Reçel & Marmelat","","L3","YES","CANONICAL-000044","CONFIRMED — PRODUCT OWNER FINAL — CANONICAL V1","NORMAL","NO","YES","YES","docs/TAXONOMY_W33_RESOLVED_UNIFIED_CANDIDATE_TREE.csv [BATCH_01]","1","Exact source row; Batch 01 source proposal; finalization candidate; OM-R06=B; OM-R07=B; OM-R10=A"
"CANONICAL-000047","Gıda & İçecek","Kahvaltılık","Sürülebilir Ezme & Kremalar","","L3","YES","CANONICAL-000044","CONFIRMED — PRODUCT OWNER FINAL — CANONICAL V1","NORMAL","NO","YES","YES","docs/TAXONOMY_W33_RESOLVED_UNIFIED_CANDIDATE_TREE.csv [BATCH_01]","1","Exact source row; Batch 01 source proposal; finalization candidate; OM-R06=B; OM-R07=B; OM-R10=A"
"CANONICAL-000048","Gıda & İçecek","Kahvaltılık","Zeytin","","L3","YES","CANONICAL-000044","CONFIRMED — PRODUCT OWNER FINAL — CANONICAL V1","NORMAL","NO","YES","YES","docs/TAXONOMY_W33_RESOLVED_UNIFIED_CANDIDATE_TREE.csv [BATCH_01]","1","Exact source row; Batch 01 source proposal; finalization candidate; OM-R06=B; OM-R07=B; OM-R10=A"
"CANONICAL-000049","Gıda & İçecek","Kahvaltılık","Kahvaltılık Gevrek & Granola","","L3","YES","CANONICAL-000044","CONFIRMED — PRODUCT OWNER FINAL — CANONICAL V1","NORMAL","NO","YES","YES","docs/TAXONOMY_W33_RESOLVED_UNIFIED_CANDIDATE_TREE.csv [BATCH_01]","0","Exact source row; Batch 01 source proposal; finalization candidate; OM-R06=B; OM-R07=B; OM-R10=A"
"CANONICAL-000050","Gıda & İçecek","Atıştırmalık, Şekerleme & Kuruyemiş","","","L2","NO","CANONICAL-000001","CONFIRMED — PRODUCT OWNER FINAL — CANONICAL V1","NORMAL","NO","NO","YES","docs/TAXONOMY_W33_RESOLVED_UNIFIED_CANDIDATE_TREE.csv [BATCH_01]","1","Exact source row; Batch 01 source proposal; finalization candidate; OM-R06=B; OM-R07=B; OM-R10=A"
"CANONICAL-000051","Gıda & İçecek","Atıştırmalık, Şekerleme & Kuruyemiş","Çikolata","","L3","YES","CANONICAL-000050","CONFIRMED — PRODUCT OWNER FINAL — CANONICAL V1","NORMAL","NO","YES","YES","docs/TAXONOMY_W33_RESOLVED_UNIFIED_CANDIDATE_TREE.csv [BATCH_01]","1","Exact source row; Batch 01 source proposal; finalization candidate; OM-R06=B; OM-R07=B; OM-R10=A"
"CANONICAL-000052","Gıda & İçecek","Atıştırmalık, Şekerleme & Kuruyemiş","Şekerleme & Sakız","","L3","YES","CANONICAL-000050","CONFIRMED — PRODUCT OWNER FINAL — CANONICAL V1","NORMAL","NO","YES","YES","docs/TAXONOMY_W33_RESOLVED_UNIFIED_CANDIDATE_TREE.csv [BATCH_01]","1","Exact source row; Batch 01 source proposal; finalization candidate; OM-R06=B; OM-R07=B; OM-R10=A"
"CANONICAL-000053","Gıda & İçecek","Atıştırmalık, Şekerleme & Kuruyemiş","Bisküvi, Kraker & Kek","","L3","YES","CANONICAL-000050","CONFIRMED — PRODUCT OWNER FINAL — CANONICAL V1","NORMAL","NO","YES","YES","docs/TAXONOMY_W33_RESOLVED_UNIFIED_CANDIDATE_TREE.csv [BATCH_01]","1","Exact source row; Batch 01 source proposal; finalization candidate; OM-R06=B; OM-R07=B; OM-R10=A"
"CANONICAL-000054","Gıda & İçecek","Atıştırmalık, Şekerleme & Kuruyemiş","Cips & Tuzlu Atıştırmalık","","L3","YES","CANONICAL-000050","CONFIRMED — PRODUCT OWNER FINAL — CANONICAL V1","NORMAL","NO","YES","YES","docs/TAXONOMY_W33_RESOLVED_UNIFIED_CANDIDATE_TREE.csv [BATCH_01]","1","Exact source row; Batch 01 source proposal; finalization candidate; OM-R06=B; OM-R07=B; OM-R10=A"
"CANONICAL-000055","Gıda & İçecek","Atıştırmalık, Şekerleme & Kuruyemiş","Kuruyemiş","","L3","YES","CANONICAL-000050","CONFIRMED — PRODUCT OWNER FINAL — CANONICAL V1","NORMAL","NO","YES","YES","docs/TAXONOMY_W33_RESOLVED_UNIFIED_CANDIDATE_TREE.csv [BATCH_01]","1","Exact source row; Batch 01 source proposal; finalization candidate; OM-R06=B; OM-R07=B; OM-R10=A"
"CANONICAL-000056","Gıda & İçecek","Atıştırmalık, Şekerleme & Kuruyemiş","Kuru Meyve","","L3","YES","CANONICAL-000050","CONFIRMED — PRODUCT OWNER FINAL — CANONICAL V1","NORMAL","NO","YES","YES","docs/TAXONOMY_W33_RESOLVED_UNIFIED_CANDIDATE_TREE.csv [BATCH_01]","1","Exact source row; Batch 01 source proposal; finalization candidate; OM-R06=B; OM-R07=B; OM-R10=A"
"CANONICAL-000057","Gıda & İçecek","Atıştırmalık, Şekerleme & Kuruyemiş","Atıştırmalık Barlar","","L3","YES","CANONICAL-000050","CONFIRMED — PRODUCT OWNER FINAL — CANONICAL V1","NORMAL","NO","YES","YES","docs/TAXONOMY_W33_RESOLVED_UNIFIED_CANDIDATE_TREE.csv [BATCH_01]","0","Exact source row; Batch 01 source proposal; finalization candidate; OM-R06=B; OM-R07=B; OM-R10=A"
"CANONICAL-000058","Gıda & İçecek","Alkolsüz İçecekler","","","L2","NO","CANONICAL-000001","CONFIRMED — PRODUCT OWNER FINAL — CANONICAL V1","LEGAL_REVIEW_REQUIRED","YES","NO","NO","docs/TAXONOMY_W33_RESOLVED_UNIFIED_CANDIDATE_TREE.csv [BATCH_01]","1","Exact source row; Batch 01 source proposal; finalization candidate; OM-R06=B; OM-R07=B; OM-R10=A Canonical existence does not authorize runtime assignment or pilot activation; professional/policy gate remains open."
"CANONICAL-000059","Gıda & İçecek","Alkolsüz İçecekler","Su & Maden Suyu","","L3","YES","CANONICAL-000058","CONFIRMED — PRODUCT OWNER FINAL — CANONICAL V1","NORMAL","NO","NO","NO","docs/TAXONOMY_W33_RESOLVED_UNIFIED_CANDIDATE_TREE.csv [BATCH_01]","1","Exact source row; Batch 01 source proposal; finalization candidate; OM-R06=B; OM-R07=B; OM-R10=A"
"CANONICAL-000060","Gıda & İçecek","Alkolsüz İçecekler","Gazlı İçecekler","","L3","YES","CANONICAL-000058","CONFIRMED — PRODUCT OWNER FINAL — CANONICAL V1","NORMAL","NO","NO","NO","docs/TAXONOMY_W33_RESOLVED_UNIFIED_CANDIDATE_TREE.csv [BATCH_01]","1","Exact source row; Batch 01 source proposal; finalization candidate; OM-R06=B; OM-R07=B; OM-R10=A"
"CANONICAL-000061","Gıda & İçecek","Alkolsüz İçecekler","Meyve Suyu & Meyveli İçecekler","","L3","YES","CANONICAL-000058","CONFIRMED — PRODUCT OWNER FINAL — CANONICAL V1","NORMAL","NO","NO","NO","docs/TAXONOMY_W33_RESOLVED_UNIFIED_CANDIDATE_TREE.csv [BATCH_01]","1","Exact source row; Batch 01 source proposal; finalization candidate; OM-R06=B; OM-R07=B; OM-R10=A"
"CANONICAL-000062","Gıda & İçecek","Alkolsüz İçecekler","Çay","","L3","YES","CANONICAL-000058","CONFIRMED — PRODUCT OWNER FINAL — CANONICAL V1","NORMAL","NO","NO","NO","docs/TAXONOMY_W33_RESOLVED_UNIFIED_CANDIDATE_TREE.csv [BATCH_01]","1","Exact source row; Batch 01 source proposal; finalization candidate; OM-R06=B; OM-R07=B; OM-R10=A"
"CANONICAL-000063","Gıda & İçecek","Alkolsüz İçecekler","Kahve","","L3","YES","CANONICAL-000058","CONFIRMED — PRODUCT OWNER FINAL — CANONICAL V1","NORMAL","NO","NO","NO","docs/TAXONOMY_W33_RESOLVED_UNIFIED_CANDIDATE_TREE.csv [BATCH_01]","1","Exact source row; Batch 01 source proposal; finalization candidate; OM-R06=B; OM-R07=B; OM-R10=A"
"CANONICAL-000064","Gıda & İçecek","Alkolsüz İçecekler","Bitki & Meyve Çayları","","L3","YES","CANONICAL-000058","CONFIRMED — PRODUCT OWNER FINAL — CANONICAL V1","LEGAL_REVIEW_REQUIRED","YES","NO","NO","docs/TAXONOMY_W33_RESOLVED_UNIFIED_CANDIDATE_TREE.csv [BATCH_01]","1","Exact source row; Batch 01 source proposal; finalization candidate; OM-R06=B; OM-R07=B; OM-R10=A Canonical existence does not authorize runtime assignment or pilot activation; professional/policy gate remains open."
"CANONICAL-000065","Gıda & İçecek","Alkolsüz İçecekler","İçecek Tozları & Konsantreler","","L3","YES","CANONICAL-000058","CONFIRMED — PRODUCT OWNER FINAL — CANONICAL V1","NORMAL","NO","NO","NO","docs/TAXONOMY_W33_RESOLVED_UNIFIED_CANDIDATE_TREE.csv [BATCH_01]","0","Exact source row; Batch 01 source proposal; finalization candidate; OM-R06=B; OM-R07=B; OM-R10=A"
"CANONICAL-000066","Gıda & İçecek","Sos, Baharat & Çeşni","","","L2","NO","CANONICAL-000001","CONFIRMED — PRODUCT OWNER FINAL — CANONICAL V1","NORMAL","NO","NO","YES","docs/TAXONOMY_W33_RESOLVED_UNIFIED_CANDIDATE_TREE.csv [BATCH_01]","1","Exact source row; Batch 01 source proposal; finalization candidate; OM-R06=B; OM-R07=B; OM-R10=A"
"CANONICAL-000067","Gıda & İçecek","Sos, Baharat & Çeşni","Salça","","L3","YES","CANONICAL-000066","CONFIRMED — PRODUCT OWNER FINAL — CANONICAL V1","NORMAL","NO","YES","YES","docs/TAXONOMY_W33_RESOLVED_UNIFIED_CANDIDATE_TREE.csv [BATCH_01]","0","Exact source row; Batch 01 source proposal; finalization candidate; OM-R06=B; OM-R07=B; OM-R10=A"
"CANONICAL-000068","Gıda & İçecek","Sos, Baharat & Çeşni","Sofra Sosları","","L3","YES","CANONICAL-000066","CONFIRMED — PRODUCT OWNER FINAL — CANONICAL V1","NORMAL","NO","YES","YES","docs/TAXONOMY_W33_RESOLVED_UNIFIED_CANDIDATE_TREE.csv [BATCH_01]","1","Exact source row; Batch 01 source proposal; finalization candidate; OM-R06=B; OM-R07=B; OM-R10=A"
"CANONICAL-000069","Gıda & İçecek","Sos, Baharat & Çeşni","Yemek & Pişirme Sosları","","L3","YES","CANONICAL-000066","CONFIRMED — PRODUCT OWNER FINAL — CANONICAL V1","NORMAL","NO","YES","YES","docs/TAXONOMY_W33_RESOLVED_UNIFIED_CANDIDATE_TREE.csv [BATCH_01]","1","Exact source row; Batch 01 source proposal; finalization candidate; OM-R06=B; OM-R07=B; OM-R10=A"
"CANONICAL-000070","Gıda & İçecek","Sos, Baharat & Çeşni","Baharatlar","","L3","YES","CANONICAL-000066","CONFIRMED — PRODUCT OWNER FINAL — CANONICAL V1","NORMAL","NO","YES","YES","docs/TAXONOMY_W33_RESOLVED_UNIFIED_CANDIDATE_TREE.csv [BATCH_01]","1","Exact source row; Batch 01 source proposal; finalization candidate; OM-R06=B; OM-R07=B; OM-R10=A"
"CANONICAL-000071","Gıda & İçecek","Sos, Baharat & Çeşni","Tuz & Çeşni Karışımları","","L3","YES","CANONICAL-000066","CONFIRMED — PRODUCT OWNER FINAL — CANONICAL V1","NORMAL","NO","YES","YES","docs/TAXONOMY_W33_RESOLVED_UNIFIED_CANDIDATE_TREE.csv [BATCH_01]","1","Exact source row; Batch 01 source proposal; finalization candidate; OM-R06=B; OM-R07=B; OM-R10=A"
"CANONICAL-000072","Gıda & İçecek","Konserve & Kavanoz Ürünleri","","","L2","NO","CANONICAL-000001","CONFIRMED — PRODUCT OWNER FINAL — CANONICAL V1","REGULATED","YES","NO","NO","docs/TAXONOMY_W33_RESOLVED_UNIFIED_CANDIDATE_TREE.csv [BATCH_01]","1","Exact source row; Batch 01 source proposal; finalization candidate; OM-R06=B; OM-R07=B; OM-R10=A Canonical existence does not authorize runtime assignment or pilot activation; professional/policy gate remains open."
"CANONICAL-000073","Gıda & İçecek","Konserve & Kavanoz Ürünleri","Sebze & Bakliyat Konserveleri","","L3","YES","CANONICAL-000072","CONFIRMED — PRODUCT OWNER FINAL — CANONICAL V1","NORMAL","NO","NO","NO","docs/TAXONOMY_W33_RESOLVED_UNIFIED_CANDIDATE_TREE.csv [BATCH_01]","0","Exact source row; Batch 01 source proposal; finalization candidate; OM-R06=B; OM-R07=B; OM-R10=A"
"CANONICAL-000074","Gıda & İçecek","Konserve & Kavanoz Ürünleri","Balık & Et Konserveleri","","L3","YES","CANONICAL-000072","CONFIRMED — PRODUCT OWNER FINAL — CANONICAL V1","REGULATED","YES","NO","NO","docs/TAXONOMY_W33_RESOLVED_UNIFIED_CANDIDATE_TREE.csv [BATCH_01]","0","Exact source row; Batch 01 source proposal; finalization candidate; OM-R06=B; OM-R07=B; OM-R10=A Canonical existence does not authorize runtime assignment or pilot activation; professional/policy gate remains open."
"CANONICAL-000075","Gıda & İçecek","Konserve & Kavanoz Ürünleri","Turşu","","L3","YES","CANONICAL-000072","CONFIRMED — PRODUCT OWNER FINAL — CANONICAL V1","NORMAL","NO","NO","NO","docs/TAXONOMY_W33_RESOLVED_UNIFIED_CANDIDATE_TREE.csv [BATCH_01]","0","Exact source row; Batch 01 source proposal; finalization candidate; OM-R06=B; OM-R07=B; OM-R10=A"
"CANONICAL-000076","Gıda & İçecek","Konserve & Kavanoz Ürünleri","Kavanozda Korunmuş Gıdalar","","L3","YES","CANONICAL-000072","CONFIRMED — PRODUCT OWNER FINAL — CANONICAL V1","NORMAL","NO","NO","NO","docs/TAXONOMY_W33_RESOLVED_UNIFIED_CANDIDATE_TREE.csv [BATCH_01]","0","Exact source row; Batch 01 source proposal; finalization candidate; OM-R06=B; OM-R07=B; OM-R10=A"
"CANONICAL-000077","Gıda & İçecek","Hazır & Pratik Gıda","","","L2","NO","CANONICAL-000001","CONFIRMED — PRODUCT OWNER FINAL — CANONICAL V1","REGULATED","YES","NO","NO","docs/TAXONOMY_W33_RESOLVED_UNIFIED_CANDIDATE_TREE.csv [BATCH_01]","1","Exact source row; Batch 01 source proposal; finalization candidate; OM-R06=B; OM-R07=B; OM-R10=A Canonical existence does not authorize runtime assignment or pilot activation; professional/policy gate remains open."
"CANONICAL-000078","Gıda & İçecek","Hazır & Pratik Gıda","Hazır Çorba","","L3","YES","CANONICAL-000077","CONFIRMED — PRODUCT OWNER FINAL — CANONICAL V1","NORMAL","NO","NO","NO","docs/TAXONOMY_W33_RESOLVED_UNIFIED_CANDIDATE_TREE.csv [BATCH_01]","0","Exact source row; Batch 01 source proposal; finalization candidate; OM-R06=B; OM-R07=B; OM-R10=A"
"CANONICAL-000079","Gıda & İçecek","Hazır & Pratik Gıda","Noodle & Hızlı Makarna","","L3","YES","CANONICAL-000077","CONFIRMED — PRODUCT OWNER FINAL — CANONICAL V1","NORMAL","NO","NO","NO","docs/TAXONOMY_W33_RESOLVED_UNIFIED_CANDIDATE_TREE.csv [BATCH_01]","0","Exact source row; Batch 01 source proposal; finalization candidate; OM-R06=B; OM-R07=B; OM-R10=A"
"CANONICAL-000080","Gıda & İçecek","Hazır & Pratik Gıda","Paketli Hazır Yemek","","L3","YES","CANONICAL-000077","CONFIRMED — PRODUCT OWNER FINAL — CANONICAL V1","NORMAL","NO","NO","NO","docs/TAXONOMY_W33_RESOLVED_UNIFIED_CANDIDATE_TREE.csv [BATCH_01]","1","Exact source row; Batch 01 source proposal; finalization candidate; OM-R06=B; OM-R07=B; OM-R10=A"
"CANONICAL-000081","Gıda & İçecek","Hazır & Pratik Gıda","Meze & Hazır Salata","","L3","YES","CANONICAL-000077","CONFIRMED — PRODUCT OWNER FINAL — CANONICAL V1","REGULATED","YES","NO","NO","docs/TAXONOMY_W33_RESOLVED_UNIFIED_CANDIDATE_TREE.csv [BATCH_01]","1","Exact source row; Batch 01 source proposal; finalization candidate; OM-R06=B; OM-R07=B; OM-R10=A Canonical existence does not authorize runtime assignment or pilot activation; professional/policy gate remains open."
"CANONICAL-000082","Gıda & İçecek","Hazır & Pratik Gıda","Hazır Karışımlar","","L3","YES","CANONICAL-000077","CONFIRMED — PRODUCT OWNER FINAL — CANONICAL V1","NORMAL","NO","NO","NO","docs/TAXONOMY_W33_RESOLVED_UNIFIED_CANDIDATE_TREE.csv [BATCH_01]","0","Exact source row; Batch 01 source proposal; finalization candidate; OM-R06=B; OM-R07=B; OM-R10=A"
"CANONICAL-000083","Gıda & İçecek","Donuk Gıda","","","L2","NO","CANONICAL-000001","CONFIRMED — PRODUCT OWNER FINAL — CANONICAL V1","REGULATED","YES","NO","NO","docs/TAXONOMY_W33_RESOLVED_UNIFIED_CANDIDATE_TREE.csv [BATCH_01]","1","Exact source row; Batch 01 source proposal; finalization candidate; OM-R06=B; OM-R07=B; OM-R10=A Canonical existence does not authorize runtime assignment or pilot activation; professional/policy gate remains open."
"CANONICAL-000084","Gıda & İçecek","Donuk Gıda","Donuk Meyve & Sebze","","L3","YES","CANONICAL-000083","CONFIRMED — PRODUCT OWNER FINAL — CANONICAL V1","REGULATED","YES","NO","NO","docs/TAXONOMY_W33_RESOLVED_UNIFIED_CANDIDATE_TREE.csv [BATCH_01]","1","Exact source row; Batch 01 source proposal; finalization candidate; OM-R06=B; OM-R07=B; OM-R10=A Canonical existence does not authorize runtime assignment or pilot activation; professional/policy gate remains open."
"CANONICAL-000085","Gıda & İçecek","Donuk Gıda","Donuk Et, Tavuk & Balık","","L3","YES","CANONICAL-000083","CONFIRMED — PRODUCT OWNER FINAL — CANONICAL V1","REGULATED","YES","NO","NO","docs/TAXONOMY_W33_RESOLVED_UNIFIED_CANDIDATE_TREE.csv [BATCH_01]","1","Exact source row; Batch 01 source proposal; finalization candidate; OM-R06=B; OM-R07=B; OM-R10=A Canonical existence does not authorize runtime assignment or pilot activation; professional/policy gate remains open."
"CANONICAL-000086","Gıda & İçecek","Donuk Gıda","Donuk Hamur & Fırın Ürünleri","","L3","YES","CANONICAL-000083","CONFIRMED — PRODUCT OWNER FINAL — CANONICAL V1","REGULATED","YES","NO","NO","docs/TAXONOMY_W33_RESOLVED_UNIFIED_CANDIDATE_TREE.csv [BATCH_01]","1","Exact source row; Batch 01 source proposal; finalization candidate; OM-R06=B; OM-R07=B; OM-R10=A Canonical existence does not authorize runtime assignment or pilot activation; professional/policy gate remains open."
"CANONICAL-000087","Gıda & İçecek","Donuk Gıda","Donuk Hazır Yemek & Atıştırmalık","","L3","YES","CANONICAL-000083","CONFIRMED — PRODUCT OWNER FINAL — CANONICAL V1","REGULATED","YES","NO","NO","docs/TAXONOMY_W33_RESOLVED_UNIFIED_CANDIDATE_TREE.csv [BATCH_01]","1","Exact source row; Batch 01 source proposal; finalization candidate; OM-R06=B; OM-R07=B; OM-R10=A Canonical existence does not authorize runtime assignment or pilot activation; professional/policy gate remains open."
"CANONICAL-000088","Gıda & İçecek","Donuk Gıda","Dondurma & Donuk Tatlı","","L3","YES","CANONICAL-000083","CONFIRMED — PRODUCT OWNER FINAL — CANONICAL V1","REGULATED","YES","NO","NO","docs/TAXONOMY_W33_RESOLVED_UNIFIED_CANDIDATE_TREE.csv [BATCH_01]","1","Exact source row; Batch 01 source proposal; finalization candidate; OM-R06=B; OM-R07=B; OM-R10=A Canonical existence does not authorize runtime assignment or pilot activation; professional/policy gate remains open."
"CANONICAL-000089","Giyim & Moda","","","","L1","NO","","CONFIRMED — PRODUCT OWNER FINAL — CANONICAL V1","NORMAL","NO","NO","YES","docs/ESNAFTAVAR_CANONICAL_CATEGORY_TAXONOMY.md","1","Canonical L1 root; never product-assignable; pilot activation requires at least one eligible descendant and a separate runtime decision."
"CANONICAL-000090","Giyim & Moda","Üst Giyim","","","L2","NO","CANONICAL-000089","CONFIRMED — PRODUCT OWNER FINAL — CANONICAL V1","NORMAL","NO","NO","YES","docs/TAXONOMY_W33_RESOLVED_UNIFIED_CANDIDATE_TREE.csv [BATCH_01]","1","Exact source row; Batch 01 source proposal; finalization candidate; OM-R06=B; OM-R07=B; OM-R10=A"
"CANONICAL-000091","Giyim & Moda","Üst Giyim","Tişört","","L3","YES","CANONICAL-000090","CONFIRMED — PRODUCT OWNER FINAL — CANONICAL V1","NORMAL","NO","YES","YES","docs/TAXONOMY_W33_RESOLVED_UNIFIED_CANDIDATE_TREE.csv [BATCH_01]","1","Exact source row; Batch 01 source proposal; finalization candidate; OM-R06=B; OM-R07=B; OM-R10=A"
"CANONICAL-000092","Giyim & Moda","Üst Giyim","Gömlek & Bluz","","L3","YES","CANONICAL-000090","CONFIRMED — PRODUCT OWNER FINAL — CANONICAL V1","NORMAL","NO","YES","YES","docs/TAXONOMY_W33_RESOLVED_UNIFIED_CANDIDATE_TREE.csv [BATCH_01]","1","Exact source row; Batch 01 source proposal; finalization candidate; OM-R06=B; OM-R07=B; OM-R10=A"
"CANONICAL-000093","Giyim & Moda","Üst Giyim","Kazak & Süveter","","L3","YES","CANONICAL-000090","CONFIRMED — PRODUCT OWNER FINAL — CANONICAL V1","NORMAL","NO","YES","YES","docs/TAXONOMY_W33_RESOLVED_UNIFIED_CANDIDATE_TREE.csv [BATCH_01]","1","Exact source row; Batch 01 source proposal; finalization candidate; OM-R06=B; OM-R07=B; OM-R10=A"
"CANONICAL-000094","Giyim & Moda","Üst Giyim","Hırka","","L3","YES","CANONICAL-000090","CONFIRMED — PRODUCT OWNER FINAL — CANONICAL V1","NORMAL","NO","YES","YES","docs/TAXONOMY_W33_RESOLVED_UNIFIED_CANDIDATE_TREE.csv [BATCH_01]","1","Exact source row; Batch 01 source proposal; finalization candidate; OM-R06=B; OM-R07=B; OM-R10=A"
"CANONICAL-000095","Giyim & Moda","Üst Giyim","Sweatshirt & Hoodie","","L3","YES","CANONICAL-000090","CONFIRMED — PRODUCT OWNER FINAL — CANONICAL V1","NORMAL","NO","YES","YES","docs/TAXONOMY_W33_RESOLVED_UNIFIED_CANDIDATE_TREE.csv [BATCH_01]","1","Exact source row; Batch 01 source proposal; finalization candidate; OM-R06=B; OM-R07=B; OM-R10=A"
"CANONICAL-000096","Giyim & Moda","Üst Giyim","Tunik","","L3","YES","CANONICAL-000090","CONFIRMED — PRODUCT OWNER FINAL — CANONICAL V1","NORMAL","NO","YES","YES","docs/TAXONOMY_W33_RESOLVED_UNIFIED_CANDIDATE_TREE.csv [BATCH_01]","1","Exact source row; Batch 01 source proposal; finalization candidate; OM-R06=B; OM-R07=B; OM-R10=A"
"CANONICAL-000097","Giyim & Moda","Alt Giyim","","","L2","NO","CANONICAL-000089","CONFIRMED — PRODUCT OWNER FINAL — CANONICAL V1","NORMAL","NO","NO","YES","docs/TAXONOMY_W33_RESOLVED_UNIFIED_CANDIDATE_TREE.csv [BATCH_01]","1","Exact source row; Batch 01 source proposal; finalization candidate; OM-R06=B; OM-R07=B; OM-R10=A"
"CANONICAL-000098","Giyim & Moda","Alt Giyim","Pantolon","","L3","YES","CANONICAL-000097","CONFIRMED — PRODUCT OWNER FINAL — CANONICAL V1","NORMAL","NO","YES","YES","docs/TAXONOMY_W33_RESOLVED_UNIFIED_CANDIDATE_TREE.csv [BATCH_01]","1","Exact source row; Batch 01 source proposal; finalization candidate; OM-R06=B; OM-R07=B; OM-R10=A"
"CANONICAL-000099","Giyim & Moda","Alt Giyim","Jean","","L3","YES","CANONICAL-000097","CONFIRMED — PRODUCT OWNER FINAL — CANONICAL V1","NORMAL","NO","YES","YES","docs/TAXONOMY_W33_RESOLVED_UNIFIED_CANDIDATE_TREE.csv [BATCH_01]","1","Exact source row; Batch 01 source proposal; finalization candidate; OM-R06=B; OM-R07=B; OM-R10=A"
"CANONICAL-000100","Giyim & Moda","Alt Giyim","Etek","","L3","YES","CANONICAL-000097","CONFIRMED — PRODUCT OWNER FINAL — CANONICAL V1","NORMAL","NO","YES","YES","docs/TAXONOMY_W33_RESOLVED_UNIFIED_CANDIDATE_TREE.csv [BATCH_01]","1","Exact source row; Batch 01 source proposal; finalization candidate; OM-R06=B; OM-R07=B; OM-R10=A"
"CANONICAL-000101","Giyim & Moda","Alt Giyim","Şort","","L3","YES","CANONICAL-000097","CONFIRMED — PRODUCT OWNER FINAL — CANONICAL V1","NORMAL","NO","YES","YES","docs/TAXONOMY_W33_RESOLVED_UNIFIED_CANDIDATE_TREE.csv [BATCH_01]","1","Exact source row; Batch 01 source proposal; finalization candidate; OM-R06=B; OM-R07=B; OM-R10=A"
"CANONICAL-000102","Giyim & Moda","Alt Giyim","Tayt","","L3","YES","CANONICAL-000097","CONFIRMED — PRODUCT OWNER FINAL — CANONICAL V1","NORMAL","NO","YES","YES","docs/TAXONOMY_W33_RESOLVED_UNIFIED_CANDIDATE_TREE.csv [BATCH_01]","1","Exact source row; Batch 01 source proposal; finalization candidate; OM-R06=B; OM-R07=B; OM-R10=A"
"CANONICAL-000103","Giyim & Moda","Alt Giyim","Eşofman Altı","","L3","YES","CANONICAL-000097","CONFIRMED — PRODUCT OWNER FINAL — CANONICAL V1","NORMAL","NO","YES","YES","docs/TAXONOMY_W33_RESOLVED_UNIFIED_CANDIDATE_TREE.csv [BATCH_01]","1","Exact source row; Batch 01 source proposal; finalization candidate; OM-R06=B; OM-R07=B; OM-R10=A"
"CANONICAL-000104","Giyim & Moda","Elbise & Tulum","","","L2","NO","CANONICAL-000089","CONFIRMED — PRODUCT OWNER FINAL — CANONICAL V1","NORMAL","YES","NO","NO","docs/TAXONOMY_W33_RESOLVED_UNIFIED_CANDIDATE_TREE.csv [BATCH_01]","1","Exact source row; Batch 01 source proposal; finalization candidate; OM-R06=B; OM-R07=B; OM-R10=A Canonical existence does not authorize runtime assignment or pilot activation; professional/policy gate remains open."
"CANONICAL-000105","Giyim & Moda","Elbise & Tulum","Elbiseler","","L3","YES","CANONICAL-000104","CONFIRMED — PRODUCT OWNER FINAL — CANONICAL V1","NORMAL","NO","NO","NO","docs/TAXONOMY_W33_RESOLVED_UNIFIED_CANDIDATE_TREE.csv [BATCH_01]","1","Exact source row; Batch 01 source proposal; finalization candidate; OM-R06=B; OM-R07=B; OM-R10=A"
"CANONICAL-000106","Giyim & Moda","Elbise & Tulum","Tulumlar","","L3","YES","CANONICAL-000104","CONFIRMED — PRODUCT OWNER FINAL — CANONICAL V1","NORMAL","NO","NO","NO","docs/TAXONOMY_W33_RESOLVED_UNIFIED_CANDIDATE_TREE.csv [BATCH_01]","1","Exact source row; Batch 01 source proposal; finalization candidate; OM-R06=B; OM-R07=B; OM-R10=A"
"CANONICAL-000107","Giyim & Moda","Elbise & Tulum","Ferace & Abaya","","L3","YES","CANONICAL-000104","CONFIRMED — PRODUCT OWNER FINAL — CANONICAL V1","NORMAL","YES","NO","NO","docs/TAXONOMY_W33_RESOLVED_UNIFIED_CANDIDATE_TREE.csv [BATCH_01]","0","Exact source row; Batch 01 source proposal; finalization candidate; OM-R06=B; OM-R07=B; OM-R10=A Canonical existence does not authorize runtime assignment or pilot activation; professional/policy gate remains open."
"CANONICAL-000108","Giyim & Moda","Takım & Kombinler","","","L2","NO","CANONICAL-000089","CONFIRMED — PRODUCT OWNER FINAL — CANONICAL V1","NORMAL","NO","NO","YES","docs/TAXONOMY_W33_RESOLVED_UNIFIED_CANDIDATE_TREE.csv [BATCH_01]","1","Exact source row; Batch 01 source proposal; finalization candidate; OM-R06=B; OM-R07=B; OM-R10=A"
"CANONICAL-000109","Giyim & Moda","Takım & Kombinler","Takım Elbise","","L3","YES","CANONICAL-000108","CONFIRMED — PRODUCT OWNER FINAL — CANONICAL V1","NORMAL","NO","YES","YES","docs/TAXONOMY_W33_RESOLVED_UNIFIED_CANDIDATE_TREE.csv [BATCH_01]","1","Exact source row; Batch 01 source proposal; finalization candidate; OM-R06=B; OM-R07=B; OM-R10=A"
"CANONICAL-000110","Giyim & Moda","Takım & Kombinler","Eşofman Takımı","","L3","YES","CANONICAL-000108","CONFIRMED — PRODUCT OWNER FINAL — CANONICAL V1","NORMAL","NO","YES","YES","docs/TAXONOMY_W33_RESOLVED_UNIFIED_CANDIDATE_TREE.csv [BATCH_01]","0","Exact source row; Batch 01 source proposal; finalization candidate; OM-R06=B; OM-R07=B; OM-R10=A"
"CANONICAL-000111","Giyim & Moda","Takım & Kombinler","Koordineli Alt-Üst Takımlar","","L3","YES","CANONICAL-000108","CONFIRMED — PRODUCT OWNER FINAL — CANONICAL V1","NORMAL","NO","YES","YES","docs/TAXONOMY_W33_RESOLVED_UNIFIED_CANDIDATE_TREE.csv [BATCH_01]","0","Exact source row; Batch 01 source proposal; finalization candidate; OM-R06=B; OM-R07=B; OM-R10=A"
"CANONICAL-000112","Giyim & Moda","Dış Giyim","","","L2","NO","CANONICAL-000089","CONFIRMED — PRODUCT OWNER FINAL — CANONICAL V1","NORMAL","NO","NO","YES","docs/TAXONOMY_W33_RESOLVED_UNIFIED_CANDIDATE_TREE.csv [BATCH_01]","1","Exact source row; Batch 01 source proposal; finalization candidate; OM-R06=B; OM-R07=B; OM-R10=A"
"CANONICAL-000113","Giyim & Moda","Dış Giyim","Kaban & Pardösü","","L3","YES","CANONICAL-000112","CONFIRMED — PRODUCT OWNER FINAL — CANONICAL V1","NORMAL","NO","YES","YES","docs/TAXONOMY_W33_RESOLVED_UNIFIED_CANDIDATE_TREE.csv [BATCH_01]","1","Exact source row; Batch 01 source proposal; finalization candidate; OM-R06=B; OM-R07=B; OM-R10=A"
"CANONICAL-000114","Giyim & Moda","Dış Giyim","Mont & Parka","","L3","YES","CANONICAL-000112","CONFIRMED — PRODUCT OWNER FINAL — CANONICAL V1","NORMAL","NO","YES","YES","docs/TAXONOMY_W33_RESOLVED_UNIFIED_CANDIDATE_TREE.csv [BATCH_01]","1","Exact source row; Batch 01 source proposal; finalization candidate; OM-R06=B; OM-R07=B; OM-R10=A"
"CANONICAL-000115","Giyim & Moda","Dış Giyim","Ceket & Blazer","","L3","YES","CANONICAL-000112","CONFIRMED — PRODUCT OWNER FINAL — CANONICAL V1","NORMAL","NO","YES","YES","docs/TAXONOMY_W33_RESOLVED_UNIFIED_CANDIDATE_TREE.csv [BATCH_01]","1","Exact source row; Batch 01 source proposal; finalization candidate; OM-R06=B; OM-R07=B; OM-R10=A"
"CANONICAL-000116","Giyim & Moda","Dış Giyim","Trençkot, Yağmurluk & Rüzgarlık","","L3","YES","CANONICAL-000112","CONFIRMED — PRODUCT OWNER FINAL — CANONICAL V1","NORMAL","NO","YES","YES","docs/TAXONOMY_W33_RESOLVED_UNIFIED_CANDIDATE_TREE.csv [BATCH_01]","1","Exact source row; Batch 01 source proposal; finalization candidate; OM-R06=B; OM-R07=B; OM-R10=A"
"CANONICAL-000117","Giyim & Moda","Dış Giyim","Yelek","","L3","YES","CANONICAL-000112","CONFIRMED — PRODUCT OWNER FINAL — CANONICAL V1","NORMAL","NO","YES","YES","docs/TAXONOMY_W33_RESOLVED_UNIFIED_CANDIDATE_TREE.csv [BATCH_01]","0","Exact source row; Batch 01 source proposal; finalization candidate; OM-R06=B; OM-R07=B; OM-R10=A"
"CANONICAL-000118","Giyim & Moda","İç Giyim","","","L2","NO","CANONICAL-000089","CONFIRMED — PRODUCT OWNER FINAL — CANONICAL V1","NORMAL","NO","NO","YES","docs/TAXONOMY_W33_RESOLVED_UNIFIED_CANDIDATE_TREE.csv [BATCH_01]","1","Exact source row; Batch 01 source proposal; finalization candidate; OM-R06=B; OM-R07=B; OM-R10=A"
"CANONICAL-000119","Giyim & Moda","İç Giyim","Külot & Boxer","","L3","YES","CANONICAL-000118","CONFIRMED — PRODUCT OWNER FINAL — CANONICAL V1","NORMAL","NO","YES","YES","docs/TAXONOMY_W33_RESOLVED_UNIFIED_CANDIDATE_TREE.csv [BATCH_01]","1","Exact source row; Batch 01 source proposal; finalization candidate; OM-R06=B; OM-R07=B; OM-R10=A"
"CANONICAL-000120","Giyim & Moda","İç Giyim","Sütyen & Bralet","","L3","YES","CANONICAL-000118","CONFIRMED — PRODUCT OWNER FINAL — CANONICAL V1","NORMAL","NO","YES","YES","docs/TAXONOMY_W33_RESOLVED_UNIFIED_CANDIDATE_TREE.csv [BATCH_01]","2","Exact source row; Batch 01 source proposal; finalization candidate; OM-R06=B; OM-R07=B; OM-R10=A"
"CANONICAL-000121","Giyim & Moda","İç Giyim","Korse","","L3","YES","CANONICAL-000118","CONFIRMED — PRODUCT OWNER FINAL — CANONICAL V1","NORMAL","NO","YES","YES","docs/TAXONOMY_W33_RESOLVED_UNIFIED_CANDIDATE_TREE.csv [BATCH_01]","2","Exact source row; Batch 01 source proposal; finalization candidate; OM-R06=B; OM-R07=B; OM-R10=A"
"CANONICAL-000122","Giyim & Moda","İç Giyim","İçlik & Termal İç Giyim","","L3","YES","CANONICAL-000118","CONFIRMED — PRODUCT OWNER FINAL — CANONICAL V1","NORMAL","NO","YES","YES","docs/TAXONOMY_W33_RESOLVED_UNIFIED_CANDIDATE_TREE.csv [BATCH_01]","1","Exact source row; Batch 01 source proposal; finalization candidate; OM-R06=B; OM-R07=B; OM-R10=A"
"CANONICAL-000123","Giyim & Moda","İç Giyim","Çorap & Külotlu Çorap","","L3","YES","CANONICAL-000118","CONFIRMED — PRODUCT OWNER FINAL — CANONICAL V1","NORMAL","NO","YES","YES","docs/TAXONOMY_W33_RESOLVED_UNIFIED_CANDIDATE_TREE.csv [BATCH_01]","1","Exact source row; Batch 01 source proposal; finalization candidate; OM-R06=B; OM-R07=B; OM-R10=A"
"CANONICAL-000124","Giyim & Moda","Ev & Uyku Giyimi","","","L2","NO","CANONICAL-000089","CONFIRMED — PRODUCT OWNER FINAL — CANONICAL V1","NORMAL","NO","NO","YES","docs/TAXONOMY_W33_RESOLVED_UNIFIED_CANDIDATE_TREE.csv [BATCH_01]","1","Exact source row; Batch 01 source proposal; finalization candidate; OM-R06=B; OM-R07=B; OM-R10=A"
"CANONICAL-000125","Giyim & Moda","Ev & Uyku Giyimi","Pijama","","L3","YES","CANONICAL-000124","CONFIRMED — PRODUCT OWNER FINAL — CANONICAL V1","NORMAL","NO","YES","YES","docs/TAXONOMY_W33_RESOLVED_UNIFIED_CANDIDATE_TREE.csv [BATCH_01]","1","Exact source row; Batch 01 source proposal; finalization candidate; OM-R06=B; OM-R07=B; OM-R10=A"
"CANONICAL-000126","Giyim & Moda","Ev & Uyku Giyimi","Gecelik & Sabahlık","","L3","YES","CANONICAL-000124","CONFIRMED — PRODUCT OWNER FINAL — CANONICAL V1","NORMAL","NO","YES","YES","docs/TAXONOMY_W33_RESOLVED_UNIFIED_CANDIDATE_TREE.csv [BATCH_01]","1","Exact source row; Batch 01 source proposal; finalization candidate; OM-R06=B; OM-R07=B; OM-R10=A"
"CANONICAL-000127","Giyim & Moda","Ev & Uyku Giyimi","Ev Giyimi","","L3","YES","CANONICAL-000124","CONFIRMED — PRODUCT OWNER FINAL — CANONICAL V1","NORMAL","NO","YES","YES","docs/TAXONOMY_W33_RESOLVED_UNIFIED_CANDIDATE_TREE.csv [BATCH_01]","0","Exact source row; Batch 01 source proposal; finalization candidate; OM-R06=B; OM-R07=B; OM-R10=A"
"CANONICAL-000128","Giyim & Moda","Spor & Performans Giyimi","","","L2","NO","CANONICAL-000089","CONFIRMED — PRODUCT OWNER FINAL — CANONICAL V1","NORMAL","YES","NO","NO","docs/TAXONOMY_W33_RESOLVED_UNIFIED_CANDIDATE_TREE.csv [BATCH_01]","1","Exact source row; Batch 01 source proposal; finalization candidate; OM-R06=B; OM-R07=B; OM-R10=A Canonical existence does not authorize runtime assignment or pilot activation; professional/policy gate remains open."
"CANONICAL-000129","Giyim & Moda","Spor & Performans Giyimi","Spor Üst Giyim","","L3","YES","CANONICAL-000128","CONFIRMED — PRODUCT OWNER FINAL — CANONICAL V1","NORMAL","NO","NO","NO","docs/TAXONOMY_W33_RESOLVED_UNIFIED_CANDIDATE_TREE.csv [BATCH_01]","0","Exact source row; Batch 01 source proposal; finalization candidate; OM-R06=B; OM-R07=B; OM-R10=A"
"CANONICAL-000130","Giyim & Moda","Spor & Performans Giyimi","Spor Alt Giyim","","L3","YES","CANONICAL-000128","CONFIRMED — PRODUCT OWNER FINAL — CANONICAL V1","NORMAL","NO","NO","NO","docs/TAXONOMY_W33_RESOLVED_UNIFIED_CANDIDATE_TREE.csv [BATCH_01]","0","Exact source row; Batch 01 source proposal; finalization candidate; OM-R06=B; OM-R07=B; OM-R10=A"
"CANONICAL-000131","Giyim & Moda","Spor & Performans Giyimi","Spor Tulum & Tek Parça","","L3","YES","CANONICAL-000128","CONFIRMED — PRODUCT OWNER FINAL — CANONICAL V1","NORMAL","NO","NO","NO","docs/TAXONOMY_W33_RESOLVED_UNIFIED_CANDIDATE_TREE.csv [BATCH_01]","0","Exact source row; Batch 01 source proposal; finalization candidate; OM-R06=B; OM-R07=B; OM-R10=A"
"CANONICAL-000132","Giyim & Moda","Spor & Performans Giyimi","Spor Sütyeni","","L3","YES","CANONICAL-000128","CONFIRMED — PRODUCT OWNER FINAL — CANONICAL V1","NORMAL","YES","NO","NO","docs/TAXONOMY_W33_RESOLVED_UNIFIED_CANDIDATE_TREE.csv [BATCH_01]","0","Exact source row; Batch 01 source proposal; finalization candidate; OM-R06=B; OM-R07=B; OM-R10=A Canonical existence does not authorize runtime assignment or pilot activation; professional/policy gate remains open."
"CANONICAL-000133","Giyim & Moda","Spor & Performans Giyimi","Teknik İç Katman","","L3","YES","CANONICAL-000128","CONFIRMED — PRODUCT OWNER FINAL — CANONICAL V1","NORMAL","YES","NO","NO","docs/TAXONOMY_W33_RESOLVED_UNIFIED_CANDIDATE_TREE.csv [BATCH_01]","0","Exact source row; Batch 01 source proposal; finalization candidate; OM-R06=B; OM-R07=B; OM-R10=A Canonical existence does not authorize runtime assignment or pilot activation; professional/policy gate remains open."
"CANONICAL-000134","Giyim & Moda","Mayo & Plaj Giyimi","","","L2","NO","CANONICAL-000089","CONFIRMED — PRODUCT OWNER FINAL — CANONICAL V1","NORMAL","NO","NO","YES","docs/TAXONOMY_W33_RESOLVED_UNIFIED_CANDIDATE_TREE.csv [BATCH_01]","1","Exact source row; Batch 01 source proposal; finalization candidate; OM-R06=B; OM-R07=B; OM-R10=A"
"CANONICAL-000135","Giyim & Moda","Mayo & Plaj Giyimi","Mayo","","L3","YES","CANONICAL-000134","CONFIRMED — PRODUCT OWNER FINAL — CANONICAL V1","NORMAL","NO","YES","YES","docs/TAXONOMY_W33_RESOLVED_UNIFIED_CANDIDATE_TREE.csv [BATCH_01]","1","Exact source row; Batch 01 source proposal; finalization candidate; OM-R06=B; OM-R07=B; OM-R10=A"
"CANONICAL-000136","Giyim & Moda","Mayo & Plaj Giyimi","Bikini & Tankini","","L3","YES","CANONICAL-000134","CONFIRMED — PRODUCT OWNER FINAL — CANONICAL V1","NORMAL","NO","YES","YES","docs/TAXONOMY_W33_RESOLVED_UNIFIED_CANDIDATE_TREE.csv [BATCH_01]","0","Exact source row; Batch 01 source proposal; finalization candidate; OM-R06=B; OM-R07=B; OM-R10=A"
"CANONICAL-000137","Giyim & Moda","Mayo & Plaj Giyimi","Yüzme Şortu","","L3","YES","CANONICAL-000134","CONFIRMED — PRODUCT OWNER FINAL — CANONICAL V1","NORMAL","NO","YES","YES","docs/TAXONOMY_W33_RESOLVED_UNIFIED_CANDIDATE_TREE.csv [BATCH_01]","0","Exact source row; Batch 01 source proposal; finalization candidate; OM-R06=B; OM-R07=B; OM-R10=A"
"CANONICAL-000138","Giyim & Moda","Mayo & Plaj Giyimi","Pareo & Plaj Üst Giyimi","","L3","YES","CANONICAL-000134","CONFIRMED — PRODUCT OWNER FINAL — CANONICAL V1","NORMAL","NO","YES","YES","docs/TAXONOMY_W33_RESOLVED_UNIFIED_CANDIDATE_TREE.csv [BATCH_01]","0","Exact source row; Batch 01 source proposal; finalization candidate; OM-R06=B; OM-R07=B; OM-R10=A"
"CANONICAL-000139","Giyim & Moda","İş Giyimi & Üniforma","","","L2","NO","CANONICAL-000089","CONFIRMED — PRODUCT OWNER FINAL — CANONICAL V1","NORMAL","YES","NO","NO","docs/TAXONOMY_W33_RESOLVED_UNIFIED_CANDIDATE_TREE.csv [BATCH_01]","1","Exact source row; Batch 01 source proposal; finalization candidate; OM-R06=B; OM-R07=B; OM-R10=A Canonical existence does not authorize runtime assignment or pilot activation; professional/policy gate remains open."
"CANONICAL-000140","Giyim & Moda","İş Giyimi & Üniforma","Kurumsal Üniforma","","L3","YES","CANONICAL-000139","CONFIRMED — PRODUCT OWNER FINAL — CANONICAL V1","NORMAL","NO","NO","NO","docs/TAXONOMY_W33_RESOLVED_UNIFIED_CANDIDATE_TREE.csv [BATCH_01]","1","Exact source row; Batch 01 source proposal; finalization candidate; OM-R06=B; OM-R07=B; OM-R10=A"
"CANONICAL-000141","Giyim & Moda","İş Giyimi & Üniforma","İş Tulumları","","L3","YES","CANONICAL-000139","CONFIRMED — PRODUCT OWNER FINAL — CANONICAL V1","NORMAL","YES","NO","NO","docs/TAXONOMY_W33_RESOLVED_UNIFIED_CANDIDATE_TREE.csv [BATCH_01]","0","Exact source row; Batch 01 source proposal; finalization candidate; OM-R06=B; OM-R07=B; OM-R10=A Canonical existence does not authorize runtime assignment or pilot activation; professional/policy gate remains open."
"CANONICAL-000142","Giyim & Moda","İş Giyimi & Üniforma","İş Önlüğü & Ceketi","","L3","YES","CANONICAL-000139","CONFIRMED — PRODUCT OWNER FINAL — CANONICAL V1","NORMAL","YES","NO","NO","docs/TAXONOMY_W33_RESOLVED_UNIFIED_CANDIDATE_TREE.csv [BATCH_01]","0","Exact source row; Batch 01 source proposal; finalization candidate; OM-R06=B; OM-R07=B; OM-R10=A Canonical existence does not authorize runtime assignment or pilot activation; professional/policy gate remains open."
"CANONICAL-000143","Ayakkabı","","","","L1","NO","","CONFIRMED — PRODUCT OWNER FINAL — CANONICAL V1","NORMAL","NO","NO","YES","docs/ESNAFTAVAR_CANONICAL_CATEGORY_TAXONOMY.md","1","Canonical L1 root; never product-assignable; pilot activation requires at least one eligible descendant and a separate runtime decision."
"CANONICAL-000144","Ayakkabı","Günlük Ayakkabılar","","","L2","NO","CANONICAL-000143","CONFIRMED — PRODUCT OWNER FINAL — CANONICAL V1","NORMAL","NO","NO","YES","docs/TAXONOMY_W33_RESOLVED_UNIFIED_CANDIDATE_TREE.csv [BATCH_02]","1","Exact source row; Batch 02 source proposal; finalization candidate; OM-R06=B; OM-R07=B; OM-R10=A"
"CANONICAL-000145","Ayakkabı","Günlük Ayakkabılar","Günlük Sneaker","","L3","YES","CANONICAL-000144","CONFIRMED — PRODUCT OWNER FINAL — CANONICAL V1","NORMAL","NO","YES","YES","docs/TAXONOMY_W33_RESOLVED_UNIFIED_CANDIDATE_TREE.csv [BATCH_02]","1","Exact source row; Batch 02 source proposal; finalization candidate; OM-R06=B; OM-R07=B; OM-R10=A"
"CANONICAL-000146","Ayakkabı","Günlük Ayakkabılar","Günlük Bağcıklı Ayakkabılar","","L3","YES","CANONICAL-000144","CONFIRMED — PRODUCT OWNER FINAL — CANONICAL V1","NORMAL","NO","YES","YES","docs/TAXONOMY_W33_RESOLVED_UNIFIED_CANDIDATE_TREE.csv [BATCH_02]","1","Exact source row; Batch 02 source proposal; finalization candidate; OM-R06=B; OM-R07=B; OM-R10=A"
"CANONICAL-000147","Ayakkabı","Günlük Ayakkabılar","Loafer & Mokasen","","L3","YES","CANONICAL-000144","CONFIRMED — PRODUCT OWNER FINAL — CANONICAL V1","NORMAL","NO","YES","YES","docs/TAXONOMY_W33_RESOLVED_UNIFIED_CANDIDATE_TREE.csv [BATCH_02]","1","Exact source row; Batch 02 source proposal; finalization candidate; OM-R06=B; OM-R07=B; OM-R10=A"
"CANONICAL-000148","Ayakkabı","Günlük Ayakkabılar","Babet & Düz Ayakkabılar","","L3","YES","CANONICAL-000144","CONFIRMED — PRODUCT OWNER FINAL — CANONICAL V1","NORMAL","NO","YES","YES","docs/TAXONOMY_W33_RESOLVED_UNIFIED_CANDIDATE_TREE.csv [BATCH_02]","1","Exact source row; Batch 02 source proposal; finalization candidate; OM-R06=B; OM-R07=B; OM-R10=A"
"CANONICAL-000149","Ayakkabı","Günlük Ayakkabılar","Slip-on & Espadril","","L3","YES","CANONICAL-000144","CONFIRMED — PRODUCT OWNER FINAL — CANONICAL V1","NORMAL","NO","YES","YES","docs/TAXONOMY_W33_RESOLVED_UNIFIED_CANDIDATE_TREE.csv [BATCH_02]","0","Exact source row; Batch 02 source proposal; finalization candidate; OM-R06=B; OM-R07=B; OM-R10=A"
"CANONICAL-000150","Ayakkabı","Spor Ayakkabıları","","","L2","NO","CANONICAL-000143","CONFIRMED — PRODUCT OWNER FINAL — CANONICAL V1","NORMAL","YES","NO","NO","docs/TAXONOMY_W33_RESOLVED_UNIFIED_CANDIDATE_TREE.csv [BATCH_02]","1","Exact source row; Batch 02 source proposal; finalization candidate; OM-R06=B; OM-R07=B; OM-R10=A Canonical existence does not authorize runtime assignment or pilot activation; professional/policy gate remains open."
"CANONICAL-000151","Ayakkabı","Spor Ayakkabıları","Koşu & Yürüyüş Ayakkabıları","","L3","NO","CANONICAL-000150","CONFIRMED — PRODUCT OWNER FINAL — CANONICAL V1","NORMAL","NO","NO","NO","docs/TAXONOMY_W33_RESOLVED_UNIFIED_CANDIDATE_TREE.csv [BATCH_02]","0","Exact source row; Batch 02 source proposal; finalization candidate; OM-R06=B; OM-R07=B; OM-R10=A"
"CANONICAL-000152","Ayakkabı","Spor Ayakkabıları","Koşu & Yürüyüş Ayakkabıları","Koşu Ayakkabıları","L4","YES","CANONICAL-000151","CONFIRMED — PRODUCT OWNER FINAL — CANONICAL V1","NORMAL","NO","NO","NO","docs/TAXONOMY_W33_RESOLVED_UNIFIED_CANDIDATE_TREE.csv [BATCH_02]","1","Exact source row; Batch 02 source proposal; finalization candidate; OM-R06=B; OM-R07=B; OM-R10=A"
"CANONICAL-000153","Ayakkabı","Spor Ayakkabıları","Koşu & Yürüyüş Ayakkabıları","Yürüyüş Ayakkabıları","L4","YES","CANONICAL-000151","CONFIRMED — PRODUCT OWNER FINAL — CANONICAL V1","NORMAL","NO","NO","NO","docs/TAXONOMY_W33_RESOLVED_UNIFIED_CANDIDATE_TREE.csv [BATCH_02]","1","Exact source row; Batch 02 source proposal; finalization candidate; OM-R06=B; OM-R07=B; OM-R10=A"
"CANONICAL-000154","Ayakkabı","Spor Ayakkabıları","Antrenman & Salon Ayakkabıları","","L3","YES","CANONICAL-000150","CONFIRMED — PRODUCT OWNER FINAL — CANONICAL V1","NORMAL","NO","NO","NO","docs/TAXONOMY_W33_RESOLVED_UNIFIED_CANDIDATE_TREE.csv [BATCH_02]","1","Exact source row; Batch 02 source proposal; finalization candidate; OM-R06=B; OM-R07=B; OM-R10=A"
"CANONICAL-000155","Ayakkabı","Spor Ayakkabıları","Takım Sporu Ayakkabıları","","L3","NO","CANONICAL-000150","CONFIRMED — PRODUCT OWNER FINAL — CANONICAL V1","NORMAL","NO","NO","NO","docs/TAXONOMY_W33_RESOLVED_UNIFIED_CANDIDATE_TREE.csv [BATCH_02]","0","Exact source row; Batch 02 source proposal; finalization candidate; OM-R06=B; OM-R07=B; OM-R10=A"
"CANONICAL-000156","Ayakkabı","Spor Ayakkabıları","Takım Sporu Ayakkabıları","Futbol Kramponları","L4","YES","CANONICAL-000155","CONFIRMED — PRODUCT OWNER FINAL — CANONICAL V1","NORMAL","NO","NO","NO","docs/TAXONOMY_W33_RESOLVED_UNIFIED_CANDIDATE_TREE.csv [BATCH_02]","1","Exact source row; Batch 02 source proposal; finalization candidate; OM-R06=B; OM-R07=B; OM-R10=A"
"CANONICAL-000157","Ayakkabı","Spor Ayakkabıları","Takım Sporu Ayakkabıları","Basketbol Ayakkabıları","L4","YES","CANONICAL-000155","CONFIRMED — PRODUCT OWNER FINAL — CANONICAL V1","NORMAL","NO","NO","NO","docs/TAXONOMY_W33_RESOLVED_UNIFIED_CANDIDATE_TREE.csv [BATCH_02]","0","Exact source row; Batch 02 source proposal; finalization candidate; OM-R06=B; OM-R07=B; OM-R10=A"
"CANONICAL-000158","Ayakkabı","Spor Ayakkabıları","Takım Sporu Ayakkabıları","Diğer Takım Sporu Ayakkabıları","L4","YES","CANONICAL-000155","CONFIRMED — PRODUCT OWNER FINAL — CANONICAL V1","NORMAL","NO","NO","NO","docs/TAXONOMY_W33_RESOLVED_UNIFIED_CANDIDATE_TREE.csv [BATCH_02]","0","Exact source row; Batch 02 source proposal; finalization candidate; OM-R06=B; OM-R07=B; OM-R10=A"
"CANONICAL-000159","Ayakkabı","Spor Ayakkabıları","Raket Sporu Ayakkabıları","","L3","YES","CANONICAL-000150","CONFIRMED — PRODUCT OWNER FINAL — CANONICAL V1","NORMAL","NO","NO","NO","docs/TAXONOMY_W33_RESOLVED_UNIFIED_CANDIDATE_TREE.csv [BATCH_02]","0","Exact source row; Batch 02 source proposal; finalization candidate; OM-R06=B; OM-R07=B; OM-R10=A"
"CANONICAL-000160","Ayakkabı","Spor Ayakkabıları","Outdoor & Trekking Ayakkabıları","","L3","YES","CANONICAL-000150","CONFIRMED — PRODUCT OWNER FINAL — CANONICAL V1","NORMAL","YES","NO","NO","docs/TAXONOMY_W33_RESOLVED_UNIFIED_CANDIDATE_TREE.csv [BATCH_02]","1","Exact source row; Batch 02 source proposal; finalization candidate; OM-R06=B; OM-R07=B; OM-R10=A Canonical existence does not authorize runtime assignment or pilot activation; professional/policy gate remains open."
"CANONICAL-000161","Ayakkabı","Klasik Ayakkabılar","","","L2","NO","CANONICAL-000143","CONFIRMED — PRODUCT OWNER FINAL — CANONICAL V1","NORMAL","NO","NO","YES","docs/TAXONOMY_W33_RESOLVED_UNIFIED_CANDIDATE_TREE.csv [BATCH_02]","1","Exact source row; Batch 02 source proposal; finalization candidate; OM-R06=B; OM-R07=B; OM-R10=A"
"CANONICAL-000162","Ayakkabı","Klasik Ayakkabılar","Oxford & Derby Ayakkabılar","","L3","YES","CANONICAL-000161","CONFIRMED — PRODUCT OWNER FINAL — CANONICAL V1","NORMAL","NO","YES","YES","docs/TAXONOMY_W33_RESOLVED_UNIFIED_CANDIDATE_TREE.csv [BATCH_02]","1","Exact source row; Batch 02 source proposal; finalization candidate; OM-R06=B; OM-R07=B; OM-R10=A"
"CANONICAL-000163","Ayakkabı","Klasik Ayakkabılar","Klasik Loafer","","L3","YES","CANONICAL-000161","CONFIRMED — PRODUCT OWNER FINAL — CANONICAL V1","NORMAL","NO","YES","YES","docs/TAXONOMY_W33_RESOLVED_UNIFIED_CANDIDATE_TREE.csv [BATCH_02]","1","Exact source row; Batch 02 source proposal; finalization candidate; OM-R06=B; OM-R07=B; OM-R10=A"
"CANONICAL-000164","Ayakkabı","Klasik Ayakkabılar","Topuklu Ayakkabılar","","L3","YES","CANONICAL-000161","CONFIRMED — PRODUCT OWNER FINAL — CANONICAL V1","NORMAL","NO","YES","YES","docs/TAXONOMY_W33_RESOLVED_UNIFIED_CANDIDATE_TREE.csv [BATCH_02]","2","Exact source row; Batch 02 source proposal; finalization candidate; OM-R06=B; OM-R07=B; OM-R10=A"
"CANONICAL-000165","Ayakkabı","Klasik Ayakkabılar","Davet & Abiye Ayakkabılar","","L3","YES","CANONICAL-000161","CONFIRMED — PRODUCT OWNER FINAL — CANONICAL V1","NORMAL","NO","YES","YES","docs/TAXONOMY_W33_RESOLVED_UNIFIED_CANDIDATE_TREE.csv [BATCH_02]","1","Exact source row; Batch 02 source proposal; finalization candidate; OM-R06=B; OM-R07=B; OM-R10=A"
"CANONICAL-000166","Ayakkabı","Bot & Çizmeler","","","L2","NO","CANONICAL-000143","CONFIRMED — PRODUCT OWNER FINAL — CANONICAL V1","NORMAL","YES","NO","NO","docs/TAXONOMY_W33_RESOLVED_UNIFIED_CANDIDATE_TREE.csv [BATCH_02]","1","Exact source row; Batch 02 source proposal; finalization candidate; OM-R06=B; OM-R07=B; OM-R10=A Canonical existence does not authorize runtime assignment or pilot activation; professional/policy gate remains open."
"CANONICAL-000167","Ayakkabı","Bot & Çizmeler","Günlük Botlar","","L3","YES","CANONICAL-000166","CONFIRMED — PRODUCT OWNER FINAL — CANONICAL V1","NORMAL","NO","NO","NO","docs/TAXONOMY_W33_RESOLVED_UNIFIED_CANDIDATE_TREE.csv [BATCH_02]","1","Exact source row; Batch 02 source proposal; finalization candidate; OM-R06=B; OM-R07=B; OM-R10=A"
"CANONICAL-000168","Ayakkabı","Bot & Çizmeler","Çizmeler","","L3","YES","CANONICAL-000166","CONFIRMED — PRODUCT OWNER FINAL — CANONICAL V1","NORMAL","NO","NO","NO","docs/TAXONOMY_W33_RESOLVED_UNIFIED_CANDIDATE_TREE.csv [BATCH_02]","1","Exact source row; Batch 02 source proposal; finalization candidate; OM-R06=B; OM-R07=B; OM-R10=A"
"CANONICAL-000169","Ayakkabı","Bot & Çizmeler","Yağmur Botları","","L3","YES","CANONICAL-000166","CONFIRMED — PRODUCT OWNER FINAL — CANONICAL V1","NORMAL","YES","NO","NO","docs/TAXONOMY_W33_RESOLVED_UNIFIED_CANDIDATE_TREE.csv [BATCH_02]","1","Exact source row; Batch 02 source proposal; finalization candidate; OM-R06=B; OM-R07=B; OM-R10=A Canonical existence does not authorize runtime assignment or pilot activation; professional/policy gate remains open."
"CANONICAL-000170","Ayakkabı","Bot & Çizmeler","Kar & Kış Botları","","L3","YES","CANONICAL-000166","CONFIRMED — PRODUCT OWNER FINAL — CANONICAL V1","NORMAL","YES","NO","NO","docs/TAXONOMY_W33_RESOLVED_UNIFIED_CANDIDATE_TREE.csv [BATCH_02]","1","Exact source row; Batch 02 source proposal; finalization candidate; OM-R06=B; OM-R07=B; OM-R10=A Canonical existence does not authorize runtime assignment or pilot activation; professional/policy gate remains open."
"CANONICAL-000171","Ayakkabı","Sandalet & Terlikler","","","L2","NO","CANONICAL-000143","CONFIRMED — PRODUCT OWNER FINAL — CANONICAL V1","NORMAL","YES","NO","NO","docs/TAXONOMY_W33_RESOLVED_UNIFIED_CANDIDATE_TREE.csv [BATCH_02]","1","Exact source row; Batch 02 source proposal; finalization candidate; OM-R06=B; OM-R07=B; OM-R10=A Canonical existence does not authorize runtime assignment or pilot activation; professional/policy gate remains open."
"CANONICAL-000172","Ayakkabı","Sandalet & Terlikler","Sandaletler","","L3","YES","CANONICAL-000171","CONFIRMED — PRODUCT OWNER FINAL — CANONICAL V1","NORMAL","NO","NO","NO","docs/TAXONOMY_W33_RESOLVED_UNIFIED_CANDIDATE_TREE.csv [BATCH_02]","1","Exact source row; Batch 02 source proposal; finalization candidate; OM-R06=B; OM-R07=B; OM-R10=A"
"CANONICAL-000173","Ayakkabı","Sandalet & Terlikler","Ev Terlikleri","","L3","YES","CANONICAL-000171","CONFIRMED — PRODUCT OWNER FINAL — CANONICAL V1","NORMAL","NO","NO","NO","docs/TAXONOMY_W33_RESOLVED_UNIFIED_CANDIDATE_TREE.csv [BATCH_02]","0","Exact source row; Batch 02 source proposal; finalization candidate; OM-R06=B; OM-R07=B; OM-R10=A"
"CANONICAL-000174","Ayakkabı","Sandalet & Terlikler","Plaj & Havuz Terlikleri","","L3","YES","CANONICAL-000171","CONFIRMED — PRODUCT OWNER FINAL — CANONICAL V1","NORMAL","NO","NO","NO","docs/TAXONOMY_W33_RESOLVED_UNIFIED_CANDIDATE_TREE.csv [BATCH_02]","0","Exact source row; Batch 02 source proposal; finalization candidate; OM-R06=B; OM-R07=B; OM-R10=A"
"CANONICAL-000175","Ayakkabı","Sandalet & Terlikler","Sabo & Mule","","L3","YES","CANONICAL-000171","CONFIRMED — PRODUCT OWNER FINAL — CANONICAL V1","NORMAL","NO","NO","NO","docs/TAXONOMY_W33_RESOLVED_UNIFIED_CANDIDATE_TREE.csv [BATCH_02]","0","Exact source row; Batch 02 source proposal; finalization candidate; OM-R06=B; OM-R07=B; OM-R10=A"
"CANONICAL-000176","Ayakkabı","Sandalet & Terlikler","Deniz Ayakkabıları","","L3","YES","CANONICAL-000171","CONFIRMED — PRODUCT OWNER FINAL — CANONICAL V1","NORMAL","YES","NO","NO","docs/TAXONOMY_W33_RESOLVED_UNIFIED_CANDIDATE_TREE.csv [BATCH_02]","1","Exact source row; Batch 02 source proposal; finalization candidate; OM-R06=B; OM-R07=B; OM-R10=A Canonical existence does not authorize runtime assignment or pilot activation; professional/policy gate remains open."
"CANONICAL-000177","Ayakkabı","Çocuk & Bebek Ayakkabıları","","","L2","NO","CANONICAL-000143","CONFIRMED — PRODUCT OWNER FINAL — CANONICAL V1","NORMAL","YES","NO","NO","docs/TAXONOMY_W33_RESOLVED_UNIFIED_CANDIDATE_TREE.csv [BATCH_02]","0","Exact source row; Batch 02 source proposal; finalization candidate; OM-R06=B; OM-R07=B; OM-R10=A Canonical existence does not authorize runtime assignment or pilot activation; professional/policy gate remains open."
"CANONICAL-000178","Ayakkabı","Çocuk & Bebek Ayakkabıları","Bebek & İlk Adım Ayakkabıları","","L3","YES","CANONICAL-000177","CONFIRMED — PRODUCT OWNER FINAL — CANONICAL V1","NORMAL","YES","NO","NO","docs/TAXONOMY_W33_RESOLVED_UNIFIED_CANDIDATE_TREE.csv [BATCH_02]","0","Exact source row; Batch 02 source proposal; finalization candidate; OM-R06=B; OM-R07=B; OM-R10=A Canonical existence does not authorize runtime assignment or pilot activation; professional/policy gate remains open."
"CANONICAL-000179","Ayakkabı","Çocuk & Bebek Ayakkabıları","Çocuk Günlük Ayakkabıları","","L3","YES","CANONICAL-000177","CONFIRMED — PRODUCT OWNER FINAL — CANONICAL V1","NORMAL","YES","NO","NO","docs/TAXONOMY_W33_RESOLVED_UNIFIED_CANDIDATE_TREE.csv [BATCH_02]","0","Exact source row; Batch 02 source proposal; finalization candidate; OM-R06=B; OM-R07=B; OM-R10=A Canonical existence does not authorize runtime assignment or pilot activation; professional/policy gate remains open."
"CANONICAL-000180","Ayakkabı","Çocuk & Bebek Ayakkabıları","Çocuk Spor Ayakkabıları","","L3","YES","CANONICAL-000177","CONFIRMED — PRODUCT OWNER FINAL — CANONICAL V1","NORMAL","YES","NO","NO","docs/TAXONOMY_W33_RESOLVED_UNIFIED_CANDIDATE_TREE.csv [BATCH_02]","0","Exact source row; Batch 02 source proposal; finalization candidate; OM-R06=B; OM-R07=B; OM-R10=A Canonical existence does not authorize runtime assignment or pilot activation; professional/policy gate remains open."
"CANONICAL-000181","Ayakkabı","Çocuk & Bebek Ayakkabıları","Okul Ayakkabıları","","L3","YES","CANONICAL-000177","CONFIRMED — PRODUCT OWNER FINAL — CANONICAL V1","NORMAL","YES","NO","NO","docs/TAXONOMY_W33_RESOLVED_UNIFIED_CANDIDATE_TREE.csv [BATCH_02]","0","Exact source row; Batch 02 source proposal; finalization candidate; OM-R06=B; OM-R07=B; OM-R10=A Canonical existence does not authorize runtime assignment or pilot activation; professional/policy gate remains open."
"CANONICAL-000182","Ayakkabı","Çocuk & Bebek Ayakkabıları","Çocuk Bot & Çizmeleri","","L3","YES","CANONICAL-000177","CONFIRMED — PRODUCT OWNER FINAL — CANONICAL V1","NORMAL","YES","NO","NO","docs/TAXONOMY_W33_RESOLVED_UNIFIED_CANDIDATE_TREE.csv [BATCH_02]","0","Exact source row; Batch 02 source proposal; finalization candidate; OM-R06=B; OM-R07=B; OM-R10=A Canonical existence does not authorize runtime assignment or pilot activation; professional/policy gate remains open."
"CANONICAL-000183","Ayakkabı","Çocuk & Bebek Ayakkabıları","Çocuk Sandalet & Terlikleri","","L3","YES","CANONICAL-000177","CONFIRMED — PRODUCT OWNER FINAL — CANONICAL V1","NORMAL","YES","NO","NO","docs/TAXONOMY_W33_RESOLVED_UNIFIED_CANDIDATE_TREE.csv [BATCH_02]","1","Exact source row; Batch 02 source proposal; finalization candidate; OM-R06=B; OM-R07=B; OM-R10=A Canonical existence does not authorize runtime assignment or pilot activation; professional/policy gate remains open."
"CANONICAL-000184","Ayakkabı","İş & Profesyonel Ayakkabılar","","","L2","NO","CANONICAL-000143","CONFIRMED — PRODUCT OWNER FINAL — CANONICAL V1","REGULATED","YES","NO","NO","docs/TAXONOMY_W33_RESOLVED_UNIFIED_CANDIDATE_TREE.csv [BATCH_02]","1","Exact source row; Batch 02 source proposal; finalization candidate; OM-R06=B; OM-R07=B; OM-R10=A Canonical existence does not authorize runtime assignment or pilot activation; professional/policy gate remains open."
"CANONICAL-000185","Ayakkabı","İş & Profesyonel Ayakkabılar","Kaymaz Profesyonel Ayakkabılar","","L3","YES","CANONICAL-000184","CONFIRMED — PRODUCT OWNER FINAL — CANONICAL V1","REGULATED","YES","NO","NO","docs/TAXONOMY_W33_RESOLVED_UNIFIED_CANDIDATE_TREE.csv [BATCH_02]","0","Exact source row; Batch 02 source proposal; finalization candidate; OM-R06=B; OM-R07=B; OM-R10=A Canonical existence does not authorize runtime assignment or pilot activation; professional/policy gate remains open."
"CANONICAL-000186","Ayakkabı","İş & Profesyonel Ayakkabılar","Profesyonel Sabo & Terlikler","","L3","YES","CANONICAL-000184","CONFIRMED — PRODUCT OWNER FINAL — CANONICAL V1","REGULATED","YES","NO","NO","docs/TAXONOMY_W33_RESOLVED_UNIFIED_CANDIDATE_TREE.csv [BATCH_02]","0","Exact source row; Batch 02 source proposal; finalization candidate; OM-R06=B; OM-R07=B; OM-R10=A Canonical existence does not authorize runtime assignment or pilot activation; professional/policy gate remains open."
"CANONICAL-000187","Ayakkabı","İş & Profesyonel Ayakkabılar","Üniforma & Servis Ayakkabıları","","L3","YES","CANONICAL-000184","CONFIRMED — PRODUCT OWNER FINAL — CANONICAL V1","REGULATED","YES","NO","NO","docs/TAXONOMY_W33_RESOLVED_UNIFIED_CANDIDATE_TREE.csv [BATCH_02]","0","Exact source row; Batch 02 source proposal; finalization candidate; OM-R06=B; OM-R07=B; OM-R10=A Canonical existence does not authorize runtime assignment or pilot activation; professional/policy gate remains open."
"CANONICAL-000188","Ayakkabı","Ayakkabı Bakım & Aksesuarları","","","L2","NO","CANONICAL-000143","CONFIRMED — PRODUCT OWNER FINAL — CANONICAL V1","REGULATED","YES","NO","NO","docs/TAXONOMY_W33_RESOLVED_UNIFIED_CANDIDATE_TREE.csv [BATCH_02]","0","Exact source row; Batch 02 source proposal; finalization candidate; OM-R06=B; OM-R07=B; OM-R10=A Canonical existence does not authorize runtime assignment or pilot activation; professional/policy gate remains open."
"CANONICAL-000189","Ayakkabı","Ayakkabı Bakım & Aksesuarları","Konfor Tabanlıkları","","L3","YES","CANONICAL-000188","CONFIRMED — PRODUCT OWNER FINAL — CANONICAL V1","NORMAL","YES","NO","NO","docs/TAXONOMY_W33_RESOLVED_UNIFIED_CANDIDATE_TREE.csv [BATCH_02]","0","Exact source row; Batch 02 source proposal; finalization candidate; OM-R06=B; OM-R07=B; OM-R10=A Canonical existence does not authorize runtime assignment or pilot activation; professional/policy gate remains open."
"CANONICAL-000190","Ayakkabı","Ayakkabı Bakım & Aksesuarları","Bağcıklar","","L3","YES","CANONICAL-000188","CONFIRMED — PRODUCT OWNER FINAL — CANONICAL V1","NORMAL","NO","NO","NO","docs/TAXONOMY_W33_RESOLVED_UNIFIED_CANDIDATE_TREE.csv [BATCH_02]","0","Exact source row; Batch 02 source proposal; finalization candidate; OM-R06=B; OM-R07=B; OM-R10=A"
"CANONICAL-000191","Ayakkabı","Ayakkabı Bakım & Aksesuarları","Cila, Boya & Bakım Ürünleri","","L3","YES","CANONICAL-000188","CONFIRMED — PRODUCT OWNER FINAL — CANONICAL V1","REGULATED","YES","NO","NO","docs/TAXONOMY_W33_RESOLVED_UNIFIED_CANDIDATE_TREE.csv [BATCH_02]","0","Exact source row; Batch 02 source proposal; finalization candidate; OM-R06=B; OM-R07=B; OM-R10=A Canonical existence does not authorize runtime assignment or pilot activation; professional/policy gate remains open."
"CANONICAL-000192","Ayakkabı","Ayakkabı Bakım & Aksesuarları","Fırça & Temizleme Araçları","","L3","YES","CANONICAL-000188","CONFIRMED — PRODUCT OWNER FINAL — CANONICAL V1","NORMAL","NO","NO","NO","docs/TAXONOMY_W33_RESOLVED_UNIFIED_CANDIDATE_TREE.csv [BATCH_02]","0","Exact source row; Batch 02 source proposal; finalization candidate; OM-R06=B; OM-R07=B; OM-R10=A"
"CANONICAL-000193","Ayakkabı","Ayakkabı Bakım & Aksesuarları","Ayakkabı Kalıbı & Çekeceği","","L3","YES","CANONICAL-000188","CONFIRMED — PRODUCT OWNER FINAL — CANONICAL V1","NORMAL","NO","NO","NO","docs/TAXONOMY_W33_RESOLVED_UNIFIED_CANDIDATE_TREE.csv [BATCH_02]","0","Exact source row; Batch 02 source proposal; finalization candidate; OM-R06=B; OM-R07=B; OM-R10=A"
"CANONICAL-000194","Ayakkabı","Ayakkabı Bakım & Aksesuarları","Galoş & Ayakkabı Koruyucuları","","L3","YES","CANONICAL-000188","CONFIRMED — PRODUCT OWNER FINAL — CANONICAL V1","NORMAL","NO","NO","NO","docs/TAXONOMY_W33_RESOLVED_UNIFIED_CANDIDATE_TREE.csv [BATCH_02]","0","Exact source row; Batch 02 source proposal; finalization candidate; OM-R06=B; OM-R07=B; OM-R10=A"
"CANONICAL-000195","Çanta & Aksesuar","","","","L1","NO","","CONFIRMED — PRODUCT OWNER FINAL — CANONICAL V1","NORMAL","NO","NO","YES","docs/ESNAFTAVAR_CANONICAL_CATEGORY_TAXONOMY.md","1","Canonical L1 root; never product-assignable; pilot activation requires at least one eligible descendant and a separate runtime decision."
"CANONICAL-000196","Çanta & Aksesuar","El, Omuz & Bel Çantaları","","","L2","NO","CANONICAL-000195","CONFIRMED — PRODUCT OWNER FINAL — CANONICAL V1","NORMAL","NO","NO","YES","docs/TAXONOMY_W33_RESOLVED_UNIFIED_CANDIDATE_TREE.csv [BATCH_02]","1","Exact source row; Batch 02 source proposal; finalization candidate; OM-R06=B; OM-R07=B; OM-R10=A"
"CANONICAL-000197","Çanta & Aksesuar","El, Omuz & Bel Çantaları","El Çantaları","","L3","YES","CANONICAL-000196","CONFIRMED — PRODUCT OWNER FINAL — CANONICAL V1","NORMAL","NO","YES","YES","docs/TAXONOMY_W33_RESOLVED_UNIFIED_CANDIDATE_TREE.csv [BATCH_02]","1","Exact source row; Batch 02 source proposal; finalization candidate; OM-R06=B; OM-R07=B; OM-R10=A"
"CANONICAL-000198","Çanta & Aksesuar","El, Omuz & Bel Çantaları","Omuz Çantaları","","L3","YES","CANONICAL-000196","CONFIRMED — PRODUCT OWNER FINAL — CANONICAL V1","NORMAL","NO","YES","YES","docs/TAXONOMY_W33_RESOLVED_UNIFIED_CANDIDATE_TREE.csv [BATCH_02]","1","Exact source row; Batch 02 source proposal; finalization candidate; OM-R06=B; OM-R07=B; OM-R10=A"
"CANONICAL-000199","Çanta & Aksesuar","El, Omuz & Bel Çantaları","Çapraz Çantalar","","L3","YES","CANONICAL-000196","CONFIRMED — PRODUCT OWNER FINAL — CANONICAL V1","NORMAL","NO","YES","YES","docs/TAXONOMY_W33_RESOLVED_UNIFIED_CANDIDATE_TREE.csv [BATCH_02]","1","Exact source row; Batch 02 source proposal; finalization candidate; OM-R06=B; OM-R07=B; OM-R10=A"
"CANONICAL-000200","Çanta & Aksesuar","El, Omuz & Bel Çantaları","Bel Çantaları","","L3","YES","CANONICAL-000196","CONFIRMED — PRODUCT OWNER FINAL — CANONICAL V1","NORMAL","NO","YES","YES","docs/TAXONOMY_W33_RESOLVED_UNIFIED_CANDIDATE_TREE.csv [BATCH_02]","1","Exact source row; Batch 02 source proposal; finalization candidate; OM-R06=B; OM-R07=B; OM-R10=A"
"CANONICAL-000201","Çanta & Aksesuar","El, Omuz & Bel Çantaları","Clutch & Portföy Çantalar","","L3","YES","CANONICAL-000196","CONFIRMED — PRODUCT OWNER FINAL — CANONICAL V1","NORMAL","NO","YES","YES","docs/TAXONOMY_W33_RESOLVED_UNIFIED_CANDIDATE_TREE.csv [BATCH_02]","0","Exact source row; Batch 02 source proposal; finalization candidate; OM-R06=B; OM-R07=B; OM-R10=A"
"CANONICAL-000202","Çanta & Aksesuar","Sırt Çantaları","","","L2","NO","CANONICAL-000195","CONFIRMED — PRODUCT OWNER FINAL — CANONICAL V1","NORMAL","YES","NO","NO","docs/TAXONOMY_W33_RESOLVED_UNIFIED_CANDIDATE_TREE.csv [BATCH_02]","2","Exact source row; Batch 02 source proposal; finalization candidate; OM-R06=B; OM-R07=B; OM-R10=A Canonical existence does not authorize runtime assignment or pilot activation; professional/policy gate remains open."
"CANONICAL-000203","Çanta & Aksesuar","Sırt Çantaları","Günlük Sırt Çantaları","","L3","YES","CANONICAL-000202","CONFIRMED — PRODUCT OWNER FINAL — CANONICAL V1","NORMAL","NO","NO","NO","docs/TAXONOMY_W33_RESOLVED_UNIFIED_CANDIDATE_TREE.csv [BATCH_02]","1","Exact source row; Batch 02 source proposal; finalization candidate; OM-R06=B; OM-R07=B; OM-R10=A"
"CANONICAL-000204","Çanta & Aksesuar","Sırt Çantaları","Okul Sırt Çantaları","","L3","YES","CANONICAL-000202","CONFIRMED — PRODUCT OWNER FINAL — CANONICAL V1","NORMAL","YES","NO","NO","docs/TAXONOMY_W33_RESOLVED_UNIFIED_CANDIDATE_TREE.csv [BATCH_02]","1","Exact source row; Batch 02 source proposal; finalization candidate; OM-R06=B; OM-R07=B; OM-R10=A Canonical existence does not authorize runtime assignment or pilot activation; professional/policy gate remains open."
"CANONICAL-000205","Çanta & Aksesuar","Sırt Çantaları","Şehir & Seyahat Sırt Çantaları","","L3","YES","CANONICAL-000202","CONFIRMED — PRODUCT OWNER FINAL — CANONICAL V1","NORMAL","NO","NO","NO","docs/TAXONOMY_W33_RESOLVED_UNIFIED_CANDIDATE_TREE.csv [BATCH_02]","0","Exact source row; Batch 02 source proposal; finalization candidate; OM-R06=B; OM-R07=B; OM-R10=A"
"CANONICAL-000206","Çanta & Aksesuar","Evrak, Laptop & Ekipman Çantaları","","","L2","NO","CANONICAL-000195","CONFIRMED — PRODUCT OWNER FINAL — CANONICAL V1","NORMAL","YES","NO","NO","docs/TAXONOMY_W33_RESOLVED_UNIFIED_CANDIDATE_TREE.csv [BATCH_02]","1","Exact source row; Batch 02 source proposal; finalization candidate; OM-R06=B; OM-R07=B; OM-R10=A Canonical existence does not authorize runtime assignment or pilot activation; professional/policy gate remains open."
"CANONICAL-000207","Çanta & Aksesuar","Evrak, Laptop & Ekipman Çantaları","Evrak & İş Çantaları","","L3","YES","CANONICAL-000206","CONFIRMED — PRODUCT OWNER FINAL — CANONICAL V1","NORMAL","NO","NO","NO","docs/TAXONOMY_W33_RESOLVED_UNIFIED_CANDIDATE_TREE.csv [BATCH_02]","1","Exact source row; Batch 02 source proposal; finalization candidate; OM-R06=B; OM-R07=B; OM-R10=A"
"CANONICAL-000208","Çanta & Aksesuar","Evrak, Laptop & Ekipman Çantaları","Laptop Çantaları","","L3","YES","CANONICAL-000206","CONFIRMED — PRODUCT OWNER FINAL — CANONICAL V1","NORMAL","NO","NO","NO","docs/TAXONOMY_W33_RESOLVED_UNIFIED_CANDIDATE_TREE.csv [BATCH_02]","1","Exact source row; Batch 02 source proposal; finalization candidate; OM-R06=B; OM-R07=B; OM-R10=A"
"CANONICAL-000209","Çanta & Aksesuar","Evrak, Laptop & Ekipman Çantaları","Tablet & Cihaz Çantaları","","L3","YES","CANONICAL-000206","CONFIRMED — PRODUCT OWNER FINAL — CANONICAL V1","NORMAL","NO","NO","NO","docs/TAXONOMY_W33_RESOLVED_UNIFIED_CANDIDATE_TREE.csv [BATCH_02]","0","Exact source row; Batch 02 source proposal; finalization candidate; OM-R06=B; OM-R07=B; OM-R10=A"
"CANONICAL-000210","Çanta & Aksesuar","Evrak, Laptop & Ekipman Çantaları","Kamera Çantaları","","L3","YES","CANONICAL-000206","CONFIRMED — PRODUCT OWNER FINAL — CANONICAL V1","NORMAL","NO","NO","NO","docs/TAXONOMY_W33_RESOLVED_UNIFIED_CANDIDATE_TREE.csv [BATCH_02]","1","Exact source row; Batch 02 source proposal; finalization candidate; OM-R06=B; OM-R07=B; OM-R10=A"
"CANONICAL-000211","Çanta & Aksesuar","Evrak, Laptop & Ekipman Çantaları","Enstrüman Çantaları","","L3","YES","CANONICAL-000206","CONFIRMED — PRODUCT OWNER FINAL — CANONICAL V1","NORMAL","NO","NO","NO","docs/TAXONOMY_W33_RESOLVED_UNIFIED_CANDIDATE_TREE.csv [BATCH_02]","0","Exact source row; Batch 02 source proposal; finalization candidate; OM-R06=B; OM-R07=B; OM-R10=A"
"CANONICAL-000212","Çanta & Aksesuar","Evrak, Laptop & Ekipman Çantaları","Bebek Bakım Çantaları","","L3","YES","CANONICAL-000206","CONFIRMED — PRODUCT OWNER FINAL — CANONICAL V1","NORMAL","YES","NO","NO","docs/TAXONOMY_W33_RESOLVED_UNIFIED_CANDIDATE_TREE.csv [BATCH_02]","0","Exact source row; Batch 02 source proposal; finalization candidate; OM-R06=B; OM-R07=B; OM-R10=A Canonical existence does not authorize runtime assignment or pilot activation; professional/policy gate remains open."
"CANONICAL-000213","Çanta & Aksesuar","Evrak, Laptop & Ekipman Çantaları","Genel Ekipman Çantaları","","L3","YES","CANONICAL-000206","CONFIRMED — PRODUCT OWNER FINAL — CANONICAL V1","NORMAL","YES","NO","NO","docs/TAXONOMY_W33_RESOLVED_UNIFIED_CANDIDATE_TREE.csv [BATCH_02]","1","Exact source row; Batch 02 source proposal; finalization candidate; OM-R06=B; OM-R07=B; OM-R10=A Canonical existence does not authorize runtime assignment or pilot activation; professional/policy gate remains open."
"CANONICAL-000214","Çanta & Aksesuar","Valiz & Seyahat Çantaları","","","L2","NO","CANONICAL-000195","CONFIRMED — PRODUCT OWNER FINAL — CANONICAL V1","NORMAL","NO","NO","YES","docs/TAXONOMY_W33_RESOLVED_UNIFIED_CANDIDATE_TREE.csv [BATCH_02]","1","Exact source row; Batch 02 source proposal; finalization candidate; OM-R06=B; OM-R07=B; OM-R10=A"
"CANONICAL-000215","Çanta & Aksesuar","Valiz & Seyahat Çantaları","Kabin Boy Valizler","","L3","YES","CANONICAL-000214","CONFIRMED — PRODUCT OWNER FINAL — CANONICAL V1","NORMAL","NO","YES","YES","docs/TAXONOMY_W33_RESOLVED_UNIFIED_CANDIDATE_TREE.csv [BATCH_02]","2","Exact source row; Batch 02 source proposal; finalization candidate; OM-R06=B; OM-R07=B; OM-R10=A"
"CANONICAL-000216","Çanta & Aksesuar","Valiz & Seyahat Çantaları","Orta & Büyük Boy Valizler","","L3","YES","CANONICAL-000214","CONFIRMED — PRODUCT OWNER FINAL — CANONICAL V1","NORMAL","NO","YES","YES","docs/TAXONOMY_W33_RESOLVED_UNIFIED_CANDIDATE_TREE.csv [BATCH_02]","1","Exact source row; Batch 02 source proposal; finalization candidate; OM-R06=B; OM-R07=B; OM-R10=A"
"CANONICAL-000217","Çanta & Aksesuar","Valiz & Seyahat Çantaları","Seyahat & Duffel Çantaları","","L3","YES","CANONICAL-000214","CONFIRMED — PRODUCT OWNER FINAL — CANONICAL V1","NORMAL","NO","YES","YES","docs/TAXONOMY_W33_RESOLVED_UNIFIED_CANDIDATE_TREE.csv [BATCH_02]","1","Exact source row; Batch 02 source proposal; finalization candidate; OM-R06=B; OM-R07=B; OM-R10=A"
"CANONICAL-000218","Çanta & Aksesuar","Valiz & Seyahat Çantaları","Takım Elbise Taşıma Çantaları","","L3","YES","CANONICAL-000214","CONFIRMED — PRODUCT OWNER FINAL — CANONICAL V1","NORMAL","NO","YES","YES","docs/TAXONOMY_W33_RESOLVED_UNIFIED_CANDIDATE_TREE.csv [BATCH_02]","0","Exact source row; Batch 02 source proposal; finalization candidate; OM-R06=B; OM-R07=B; OM-R10=A"
"CANONICAL-000219","Çanta & Aksesuar","Valiz & Seyahat Çantaları","Katlanabilir Seyahat Çantaları","","L3","YES","CANONICAL-000214","CONFIRMED — PRODUCT OWNER FINAL — CANONICAL V1","NORMAL","NO","YES","YES","docs/TAXONOMY_W33_RESOLVED_UNIFIED_CANDIDATE_TREE.csv [BATCH_02]","0","Exact source row; Batch 02 source proposal; finalization candidate; OM-R06=B; OM-R07=B; OM-R10=A"
"CANONICAL-000220","Çanta & Aksesuar","Cüzdan, Kartlık & Anahtarlık","","","L2","NO","CANONICAL-000195","CONFIRMED — PRODUCT OWNER FINAL — CANONICAL V1","NORMAL","NO","NO","YES","docs/TAXONOMY_W33_RESOLVED_UNIFIED_CANDIDATE_TREE.csv [BATCH_02]","1","Exact source row; Batch 02 source proposal; finalization candidate; OM-R06=B; OM-R07=B; OM-R10=A"
"CANONICAL-000221","Çanta & Aksesuar","Cüzdan, Kartlık & Anahtarlık","Cüzdanlar","","L3","YES","CANONICAL-000220","CONFIRMED — PRODUCT OWNER FINAL — CANONICAL V1","NORMAL","NO","YES","YES","docs/TAXONOMY_W33_RESOLVED_UNIFIED_CANDIDATE_TREE.csv [BATCH_02]","1","Exact source row; Batch 02 source proposal; finalization candidate; OM-R06=B; OM-R07=B; OM-R10=A"
"CANONICAL-000222","Çanta & Aksesuar","Cüzdan, Kartlık & Anahtarlık","Kartlıklar","","L3","YES","CANONICAL-000220","CONFIRMED — PRODUCT OWNER FINAL — CANONICAL V1","NORMAL","NO","YES","YES","docs/TAXONOMY_W33_RESOLVED_UNIFIED_CANDIDATE_TREE.csv [BATCH_02]","1","Exact source row; Batch 02 source proposal; finalization candidate; OM-R06=B; OM-R07=B; OM-R10=A"
"CANONICAL-000223","Çanta & Aksesuar","Cüzdan, Kartlık & Anahtarlık","Bozuk Para Çantaları","","L3","YES","CANONICAL-000220","CONFIRMED — PRODUCT OWNER FINAL — CANONICAL V1","NORMAL","NO","YES","YES","docs/TAXONOMY_W33_RESOLVED_UNIFIED_CANDIDATE_TREE.csv [BATCH_02]","0","Exact source row; Batch 02 source proposal; finalization candidate; OM-R06=B; OM-R07=B; OM-R10=A"
"CANONICAL-000224","Çanta & Aksesuar","Cüzdan, Kartlık & Anahtarlık","Pasaportluklar","","L3","YES","CANONICAL-000220","CONFIRMED — PRODUCT OWNER FINAL — CANONICAL V1","NORMAL","NO","YES","YES","docs/TAXONOMY_W33_RESOLVED_UNIFIED_CANDIDATE_TREE.csv [BATCH_02]","0","Exact source row; Batch 02 source proposal; finalization candidate; OM-R06=B; OM-R07=B; OM-R10=A"
"CANONICAL-000225","Çanta & Aksesuar","Cüzdan, Kartlık & Anahtarlık","Anahtarlıklar","","L3","YES","CANONICAL-000220","CONFIRMED — PRODUCT OWNER FINAL — CANONICAL V1","NORMAL","NO","YES","YES","docs/TAXONOMY_W33_RESOLVED_UNIFIED_CANDIDATE_TREE.csv [BATCH_02]","0","Exact source row; Batch 02 source proposal; finalization candidate; OM-R06=B; OM-R07=B; OM-R10=A"
"CANONICAL-000226","Çanta & Aksesuar","Kemer, Pantolon Askısı & Kravat","","","L2","NO","CANONICAL-000195","CONFIRMED — PRODUCT OWNER FINAL — CANONICAL V1","NORMAL","NO","NO","YES","docs/TAXONOMY_W33_RESOLVED_UNIFIED_CANDIDATE_TREE.csv [BATCH_02]","1","Exact source row; Batch 02 source proposal; finalization candidate; OM-R06=B; OM-R07=B; OM-R10=A"
"CANONICAL-000227","Çanta & Aksesuar","Kemer, Pantolon Askısı & Kravat","Kemerler","","L3","YES","CANONICAL-000226","CONFIRMED — PRODUCT OWNER FINAL — CANONICAL V1","NORMAL","NO","YES","YES","docs/TAXONOMY_W33_RESOLVED_UNIFIED_CANDIDATE_TREE.csv [BATCH_02]","1","Exact source row; Batch 02 source proposal; finalization candidate; OM-R06=B; OM-R07=B; OM-R10=A"
"CANONICAL-000228","Çanta & Aksesuar","Kemer, Pantolon Askısı & Kravat","Pantolon Askıları","","L3","YES","CANONICAL-000226","CONFIRMED — PRODUCT OWNER FINAL — CANONICAL V1","NORMAL","NO","YES","YES","docs/TAXONOMY_W33_RESOLVED_UNIFIED_CANDIDATE_TREE.csv [BATCH_02]","0","Exact source row; Batch 02 source proposal; finalization candidate; OM-R06=B; OM-R07=B; OM-R10=A"
"CANONICAL-000229","Çanta & Aksesuar","Kemer, Pantolon Askısı & Kravat","Kravat & Papyon","","L3","YES","CANONICAL-000226","CONFIRMED — PRODUCT OWNER FINAL — CANONICAL V1","NORMAL","NO","YES","YES","docs/TAXONOMY_W33_RESOLVED_UNIFIED_CANDIDATE_TREE.csv [BATCH_02]","1","Exact source row; Batch 02 source proposal; finalization candidate; OM-R06=B; OM-R07=B; OM-R10=A"
"CANONICAL-000230","Çanta & Aksesuar","Kemer, Pantolon Askısı & Kravat","Kravat Aksesuarları","","L3","YES","CANONICAL-000226","CONFIRMED — PRODUCT OWNER FINAL — CANONICAL V1","NORMAL","NO","YES","YES","docs/TAXONOMY_W33_RESOLVED_UNIFIED_CANDIDATE_TREE.csv [BATCH_02]","0","Exact source row; Batch 02 source proposal; finalization candidate; OM-R06=B; OM-R07=B; OM-R10=A"
"CANONICAL-000231","Çanta & Aksesuar","Şapka, Bere & Saç Aksesuarları","","","L2","NO","CANONICAL-000195","CONFIRMED — PRODUCT OWNER FINAL — CANONICAL V1","NORMAL","YES","NO","NO","docs/TAXONOMY_W33_RESOLVED_UNIFIED_CANDIDATE_TREE.csv [BATCH_02]","1","Exact source row; Batch 02 source proposal; finalization candidate; OM-R06=B; OM-R07=B; OM-R10=A Canonical existence does not authorize runtime assignment or pilot activation; professional/policy gate remains open."
"CANONICAL-000232","Çanta & Aksesuar","Şapka, Bere & Saç Aksesuarları","Şapka & Kep","","L3","YES","CANONICAL-000231","CONFIRMED — PRODUCT OWNER FINAL — CANONICAL V1","NORMAL","NO","NO","NO","docs/TAXONOMY_W33_RESOLVED_UNIFIED_CANDIDATE_TREE.csv [BATCH_02]","1","Exact source row; Batch 02 source proposal; finalization candidate; OM-R06=B; OM-R07=B; OM-R10=A"
"CANONICAL-000233","Çanta & Aksesuar","Şapka, Bere & Saç Aksesuarları","Bereler","","L3","YES","CANONICAL-000231","CONFIRMED — PRODUCT OWNER FINAL — CANONICAL V1","NORMAL","NO","NO","NO","docs/TAXONOMY_W33_RESOLVED_UNIFIED_CANDIDATE_TREE.csv [BATCH_02]","1","Exact source row; Batch 02 source proposal; finalization candidate; OM-R06=B; OM-R07=B; OM-R10=A"
"CANONICAL-000234","Çanta & Aksesuar","Şapka, Bere & Saç Aksesuarları","Saç Tokaları","","L3","YES","CANONICAL-000231","CONFIRMED — PRODUCT OWNER FINAL — CANONICAL V1","NORMAL","YES","NO","NO","docs/TAXONOMY_W33_RESOLVED_UNIFIED_CANDIDATE_TREE.csv [BATCH_02]","1","Exact source row; Batch 02 source proposal; finalization candidate; OM-R06=B; OM-R07=B; OM-R10=A Canonical existence does not authorize runtime assignment or pilot activation; professional/policy gate remains open."
"CANONICAL-000235","Çanta & Aksesuar","Şapka, Bere & Saç Aksesuarları","Taç, Bandana & Saç Bantları","","L3","YES","CANONICAL-000231","CONFIRMED — PRODUCT OWNER FINAL — CANONICAL V1","NORMAL","YES","NO","NO","docs/TAXONOMY_W33_RESOLVED_UNIFIED_CANDIDATE_TREE.csv [BATCH_02]","0","Exact source row; Batch 02 source proposal; finalization candidate; OM-R06=B; OM-R07=B; OM-R10=A Canonical existence does not authorize runtime assignment or pilot activation; professional/policy gate remains open."
"CANONICAL-000236","Çanta & Aksesuar","Atkı, Şal & Eldiven","","","L2","NO","CANONICAL-000195","CONFIRMED — PRODUCT OWNER FINAL — CANONICAL V1","NORMAL","NO","NO","YES","docs/TAXONOMY_W33_RESOLVED_UNIFIED_CANDIDATE_TREE.csv [BATCH_02]","1","Exact source row; Batch 02 source proposal; finalization candidate; OM-R06=B; OM-R07=B; OM-R10=A"
"CANONICAL-000237","Çanta & Aksesuar","Atkı, Şal & Eldiven","Atkı & Fular","","L3","YES","CANONICAL-000236","CONFIRMED — PRODUCT OWNER FINAL — CANONICAL V1","NORMAL","NO","YES","YES","docs/TAXONOMY_W33_RESOLVED_UNIFIED_CANDIDATE_TREE.csv [BATCH_02]","1","Exact source row; Batch 02 source proposal; finalization candidate; OM-R06=B; OM-R07=B; OM-R10=A"
"CANONICAL-000238","Çanta & Aksesuar","Atkı, Şal & Eldiven","Şal & Eşarp","","L3","YES","CANONICAL-000236","CONFIRMED — PRODUCT OWNER FINAL — CANONICAL V1","NORMAL","NO","YES","YES","docs/TAXONOMY_W33_RESOLVED_UNIFIED_CANDIDATE_TREE.csv [BATCH_02]","1","Exact source row; Batch 02 source proposal; finalization candidate; OM-R06=B; OM-R07=B; OM-R10=A"
"CANONICAL-000239","Çanta & Aksesuar","Atkı, Şal & Eldiven","Günlük Eldivenler","","L3","YES","CANONICAL-000236","CONFIRMED — PRODUCT OWNER FINAL — CANONICAL V1","NORMAL","NO","YES","YES","docs/TAXONOMY_W33_RESOLVED_UNIFIED_CANDIDATE_TREE.csv [BATCH_02]","1","Exact source row; Batch 02 source proposal; finalization candidate; OM-R06=B; OM-R07=B; OM-R10=A"
"CANONICAL-000240","Çanta & Aksesuar","Atkı, Şal & Eldiven","Boyunluklar","","L3","YES","CANONICAL-000236","CONFIRMED — PRODUCT OWNER FINAL — CANONICAL V1","NORMAL","NO","YES","YES","docs/TAXONOMY_W33_RESOLVED_UNIFIED_CANDIDATE_TREE.csv [BATCH_02]","0","Exact source row; Batch 02 source proposal; finalization candidate; OM-R06=B; OM-R07=B; OM-R10=A"
"CANONICAL-000241","Çanta & Aksesuar","Şemsiyeler","","","L2","NO","CANONICAL-000195","CONFIRMED — PRODUCT OWNER FINAL — CANONICAL V1","NORMAL","YES","NO","NO","docs/TAXONOMY_W33_RESOLVED_UNIFIED_CANDIDATE_TREE.csv [BATCH_02]","1","Exact source row; Batch 02 source proposal; finalization candidate; OM-R06=B; OM-R07=B; OM-R10=A Canonical existence does not authorize runtime assignment or pilot activation; professional/policy gate remains open."
"CANONICAL-000242","Çanta & Aksesuar","Şemsiyeler","Kompakt Şemsiyeler","","L3","YES","CANONICAL-000241","CONFIRMED — PRODUCT OWNER FINAL — CANONICAL V1","NORMAL","NO","NO","NO","docs/TAXONOMY_W33_RESOLVED_UNIFIED_CANDIDATE_TREE.csv [BATCH_02]","1","Exact source row; Batch 02 source proposal; finalization candidate; OM-R06=B; OM-R07=B; OM-R10=A"
"CANONICAL-000243","Çanta & Aksesuar","Şemsiyeler","Baston Şemsiyeler","","L3","YES","CANONICAL-000241","CONFIRMED — PRODUCT OWNER FINAL — CANONICAL V1","NORMAL","NO","NO","NO","docs/TAXONOMY_W33_RESOLVED_UNIFIED_CANDIDATE_TREE.csv [BATCH_02]","1","Exact source row; Batch 02 source proposal; finalization candidate; OM-R06=B; OM-R07=B; OM-R10=A"
"CANONICAL-000244","Çanta & Aksesuar","Şemsiyeler","Çocuk Şemsiyeleri","","L3","YES","CANONICAL-000241","CONFIRMED — PRODUCT OWNER FINAL — CANONICAL V1","NORMAL","YES","NO","NO","docs/TAXONOMY_W33_RESOLVED_UNIFIED_CANDIDATE_TREE.csv [BATCH_02]","0","Exact source row; Batch 02 source proposal; finalization candidate; OM-R06=B; OM-R07=B; OM-R10=A Canonical existence does not authorize runtime assignment or pilot activation; professional/policy gate remains open."
"CANONICAL-000245","Çanta & Aksesuar","Seyahat Aksesuarları","","","L2","NO","CANONICAL-000195","CONFIRMED — PRODUCT OWNER FINAL — CANONICAL V1","NORMAL","YES","NO","NO","docs/TAXONOMY_W33_RESOLVED_UNIFIED_CANDIDATE_TREE.csv [BATCH_02]","2","Exact source row; Batch 02 source proposal; finalization candidate; OM-R06=B; OM-R07=B; OM-R10=A Canonical existence does not authorize runtime assignment or pilot activation; professional/policy gate remains open."
"CANONICAL-000246","Çanta & Aksesuar","Seyahat Aksesuarları","Bagaj Etiketi & Kilidi","","L3","YES","CANONICAL-000245","CONFIRMED — PRODUCT OWNER FINAL — CANONICAL V1","NORMAL","NO","NO","NO","docs/TAXONOMY_W33_RESOLVED_UNIFIED_CANDIDATE_TREE.csv [BATCH_02]","0","Exact source row; Batch 02 source proposal; finalization candidate; OM-R06=B; OM-R07=B; OM-R10=A"
"CANONICAL-000247","Çanta & Aksesuar","Seyahat Aksesuarları","Valiz Kılıfı & Kemeri","","L3","YES","CANONICAL-000245","CONFIRMED — PRODUCT OWNER FINAL — CANONICAL V1","NORMAL","NO","NO","NO","docs/TAXONOMY_W33_RESOLVED_UNIFIED_CANDIDATE_TREE.csv [BATCH_02]","0","Exact source row; Batch 02 source proposal; finalization candidate; OM-R06=B; OM-R07=B; OM-R10=A"
"CANONICAL-000248","Çanta & Aksesuar","Seyahat Aksesuarları","Seyahat Organizerleri","","L3","YES","CANONICAL-000245","CONFIRMED — PRODUCT OWNER FINAL — CANONICAL V1","NORMAL","NO","NO","NO","docs/TAXONOMY_W33_RESOLVED_UNIFIED_CANDIDATE_TREE.csv [BATCH_02]","0","Exact source row; Batch 02 source proposal; finalization candidate; OM-R06=B; OM-R07=B; OM-R10=A"
"CANONICAL-000249","Çanta & Aksesuar","Seyahat Aksesuarları","Boyun Yastığı & Uyku Aksesuarları","","L3","YES","CANONICAL-000245","CONFIRMED — PRODUCT OWNER FINAL — CANONICAL V1","NORMAL","YES","NO","NO","docs/TAXONOMY_W33_RESOLVED_UNIFIED_CANDIDATE_TREE.csv [BATCH_02]","0","Exact source row; Batch 02 source proposal; finalization candidate; OM-R06=B; OM-R07=B; OM-R10=A Canonical existence does not authorize runtime assignment or pilot activation; professional/policy gate remains open."
"CANONICAL-000250","Çanta & Aksesuar","Seyahat Aksesuarları","Seyahat Şişe & Kap Setleri","","L3","YES","CANONICAL-000245","CONFIRMED — PRODUCT OWNER FINAL — CANONICAL V1","NORMAL","YES","NO","NO","docs/TAXONOMY_W33_RESOLVED_UNIFIED_CANDIDATE_TREE.csv [BATCH_02]","0","Exact source row; Batch 02 source proposal; finalization candidate; OM-R06=B; OM-R07=B; OM-R10=A Canonical existence does not authorize runtime assignment or pilot activation; professional/policy gate remains open."
"CANONICAL-000251","Elektronik","","","","L1","NO","","CONFIRMED — PRODUCT OWNER FINAL — CANONICAL V1","NORMAL","NO","NO","YES","docs/ESNAFTAVAR_CANONICAL_CATEGORY_TAXONOMY.md","1","Canonical L1 root; never product-assignable; pilot activation requires at least one eligible descendant and a separate runtime decision."
"CANONICAL-000252","Elektronik","Telefon & Aksesuarları","","","L2","NO","CANONICAL-000251","CONFIRMED — PRODUCT OWNER FINAL — CANONICAL V1","NORMAL","NO","NO","YES","docs/TAXONOMY_ELECTRONICS_L2_PROPOSAL.md","2","Owner-final variable-depth Electronics node; product-level policy remains independent."
"CANONICAL-000253","Elektronik","Telefon & Aksesuarları","Cep Telefonları","","L3","NO","CANONICAL-000252","CONFIRMED — PRODUCT OWNER FINAL — CANONICAL V1","NORMAL","NO","NO","YES","docs/TAXONOMY_PHONE_ACCESSORIES_L34_PROPOSAL.md","0","Owner-final phone subtree node; compatibility and product evidence remain separate runtime gates."
"CANONICAL-000254","Elektronik","Telefon & Aksesuarları","Cep Telefonları","Akıllı Telefonlar","L4","YES","CANONICAL-000253","CONFIRMED — PRODUCT OWNER FINAL — CANONICAL V1","NORMAL","NO","YES","YES","docs/TAXONOMY_PHONE_ACCESSORIES_L34_PROPOSAL.md","1","Canonical physical spare-part/device leaf; compatibility, provenance and product-level publication checks still apply."
"CANONICAL-000255","Elektronik","Telefon & Aksesuarları","Cep Telefonları","Tuşlu Telefonlar","L4","YES","CANONICAL-000253","CONFIRMED — PRODUCT OWNER FINAL — CANONICAL V1","NORMAL","NO","YES","YES","docs/TAXONOMY_PHONE_ACCESSORIES_L34_PROPOSAL.md","1","Canonical physical spare-part/device leaf; compatibility, provenance and product-level publication checks still apply."
"CANONICAL-000256","Elektronik","Telefon & Aksesuarları","Telefon Kılıfları","","L3","YES","CANONICAL-000252","CONFIRMED — PRODUCT OWNER FINAL — CANONICAL V1","NORMAL","NO","YES","YES","docs/TAXONOMY_PHONE_ACCESSORIES_L34_PROPOSAL.md","2","Owner-final phone subtree node; compatibility and product evidence remain separate runtime gates."
"CANONICAL-000257","Elektronik","Telefon & Aksesuarları","Ekran Koruyucular","","L3","YES","CANONICAL-000252","CONFIRMED — PRODUCT OWNER FINAL — CANONICAL V1","NORMAL","NO","YES","YES","docs/TAXONOMY_PHONE_ACCESSORIES_L34_PROPOSAL.md","2","Owner-final phone subtree node; compatibility and product evidence remain separate runtime gates."
"CANONICAL-000258","Elektronik","Telefon & Aksesuarları","Kamera Lens Koruyucuları","","L3","YES","CANONICAL-000252","CONFIRMED — PRODUCT OWNER FINAL — CANONICAL V1","NORMAL","NO","YES","YES","docs/TAXONOMY_PHONE_ACCESSORIES_L34_PROPOSAL.md","0","Owner-final phone subtree node; compatibility and product evidence remain separate runtime gates."
"CANONICAL-000259","Elektronik","Telefon & Aksesuarları","Telefon Tutucu, Stand & Askıları","","L3","YES","CANONICAL-000252","CONFIRMED — PRODUCT OWNER FINAL — CANONICAL V1","NORMAL","NO","YES","YES","docs/TAXONOMY_PHONE_ACCESSORIES_L34_PROPOSAL.md","2","Owner-final phone subtree node; compatibility and product evidence remain separate runtime gates."
"CANONICAL-000260","Elektronik","Telefon & Aksesuarları","Telefon Modeline Özgü Şarj Aksesuarları","","L3","YES","CANONICAL-000252","CONFIRMED — PRODUCT OWNER FINAL — CANONICAL V1","NORMAL","NO","YES","YES","docs/TAXONOMY_PHONE_ACCESSORIES_L34_PROPOSAL.md","0","Owner-final phone subtree node; compatibility and product evidence remain separate runtime gates."
"CANONICAL-000261","Elektronik","Telefon & Aksesuarları","Telefon Kamera & Çekim Aksesuarları","","L3","YES","CANONICAL-000252","CONFIRMED — PRODUCT OWNER FINAL — CANONICAL V1","NORMAL","NO","YES","YES","docs/TAXONOMY_PHONE_ACCESSORIES_L34_PROPOSAL.md","2","Owner-final phone subtree node; compatibility and product evidence remain separate runtime gates."
"CANONICAL-000262","Elektronik","Telefon & Aksesuarları","Telefon Kalemleri","","L3","YES","CANONICAL-000252","CONFIRMED — PRODUCT OWNER FINAL — CANONICAL V1","NORMAL","NO","YES","YES","docs/TAXONOMY_PHONE_ACCESSORIES_L34_PROPOSAL.md","0","Owner-final phone subtree node; compatibility and product evidence remain separate runtime gates."
"CANONICAL-000263","Elektronik","Telefon & Aksesuarları","Telefon Yedek Parçaları","","L3","NO","CANONICAL-000252","CONFIRMED — PRODUCT OWNER FINAL — CANONICAL V1","NORMAL","NO","NO","YES","docs/TAXONOMY_PHONE_ACCESSORIES_L34_PROPOSAL.md","1","Owner-final phone subtree node; compatibility and product evidence remain separate runtime gates."
"CANONICAL-000264","Elektronik","Telefon & Aksesuarları","Telefon Yedek Parçaları","Telefon Bataryaları","L4","YES","CANONICAL-000263","CONFIRMED — PRODUCT OWNER FINAL — CANONICAL V1","REGULATED","YES","NO","NO","docs/TAXONOMY_PHONE_ACCESSORIES_L34_PROPOSAL.md","1","Canonical spare-part leaf; lithium/safety/compliance review remains open, so runtime assignment and activation are fail-closed."
"CANONICAL-000265","Elektronik","Telefon & Aksesuarları","Telefon Yedek Parçaları","Ekran & Dokunmatik Modülleri","L4","YES","CANONICAL-000263","CONFIRMED — PRODUCT OWNER FINAL — CANONICAL V1","NORMAL","NO","YES","YES","docs/TAXONOMY_PHONE_ACCESSORIES_L34_PROPOSAL.md","1","Canonical physical spare-part/device leaf; compatibility, provenance and product-level publication checks still apply."
"CANONICAL-000266","Elektronik","Telefon & Aksesuarları","Telefon Yedek Parçaları","Şarj Soketi & Bağlantı Parçaları","L4","YES","CANONICAL-000263","CONFIRMED — PRODUCT OWNER FINAL — CANONICAL V1","NORMAL","NO","YES","YES","docs/TAXONOMY_PHONE_ACCESSORIES_L34_PROPOSAL.md","0","Canonical physical spare-part/device leaf; compatibility, provenance and product-level publication checks still apply."
"CANONICAL-000267","Elektronik","Telefon & Aksesuarları","Telefon Yedek Parçaları","Kamera Modülleri","L4","YES","CANONICAL-000263","CONFIRMED — PRODUCT OWNER FINAL — CANONICAL V1","NORMAL","NO","YES","YES","docs/TAXONOMY_PHONE_ACCESSORIES_L34_PROPOSAL.md","0","Canonical physical spare-part/device leaf; compatibility, provenance and product-level publication checks still apply."
"CANONICAL-000268","Elektronik","Telefon & Aksesuarları","Telefon Yedek Parçaları","Flex Kablo & Dahili Parçalar","L4","YES","CANONICAL-000263","CONFIRMED — PRODUCT OWNER FINAL — CANONICAL V1","NORMAL","NO","YES","YES","docs/TAXONOMY_PHONE_ACCESSORIES_L34_PROPOSAL.md","0","Canonical physical spare-part/device leaf; compatibility, provenance and product-level publication checks still apply."
"CANONICAL-000269","Elektronik","TV & Görüntü Sistemleri","","","L2","YES","CANONICAL-000251","CONFIRMED — PRODUCT OWNER FINAL — CANONICAL V1","NORMAL","NO","YES","YES","docs/TAXONOMY_ELECTRONICS_L2_PROPOSAL.md","5","Owner-final variable-depth Electronics node; product-level policy remains independent."
"CANONICAL-000270","Elektronik","Ses & Kulaklık","","","L2","YES","CANONICAL-000251","CONFIRMED — PRODUCT OWNER FINAL — CANONICAL V1","NORMAL","NO","YES","YES","docs/TAXONOMY_ELECTRONICS_L2_PROPOSAL.md","5","Owner-final variable-depth Electronics node; product-level policy remains independent."
"CANONICAL-000271","Elektronik","Fotoğraf & Kamera","","","L2","YES","CANONICAL-000251","CONFIRMED — PRODUCT OWNER FINAL — CANONICAL V1","NORMAL","NO","YES","YES","docs/TAXONOMY_ELECTRONICS_L2_PROPOSAL.md","4","Owner-final variable-depth Electronics node; product-level policy remains independent."
"CANONICAL-000272","Elektronik","Oyun Konsolu & Aksesuarları","","","L2","YES","CANONICAL-000251","CONFIRMED — PRODUCT OWNER FINAL — CANONICAL V1","NORMAL","NO","YES","YES","docs/TAXONOMY_ELECTRONICS_L2_PROPOSAL.md","5","Owner-final variable-depth Electronics node; product-level policy remains independent."
"CANONICAL-000273","Elektronik","Giyilebilir Teknoloji","","","L2","YES","CANONICAL-000251","CONFIRMED — PRODUCT OWNER FINAL — CANONICAL V1","NORMAL","NO","YES","YES","docs/TAXONOMY_ELECTRONICS_L2_PROPOSAL.md","4","Owner-final variable-depth Electronics node; product-level policy remains independent."
"CANONICAL-000274","Elektronik","Akıllı Ev & Güvenlik","","","L2","YES","CANONICAL-000251","CONFIRMED — PRODUCT OWNER FINAL — CANONICAL V1","NORMAL","NO","YES","YES","docs/TAXONOMY_ELECTRONICS_L2_PROPOSAL.md","4","Owner-final variable-depth Electronics node; product-level policy remains independent."
"CANONICAL-000275","Elektronik","Güç, Şarj & Bağlantı","","","L2","YES","CANONICAL-000251","CONFIRMED — PRODUCT OWNER FINAL — CANONICAL V1","NORMAL","NO","YES","YES","docs/TAXONOMY_ELECTRONICS_L2_PROPOSAL.md","12","Owner-final variable-depth Electronics node; product-level policy remains independent."
"CANONICAL-000276","Elektronik","Elektronik Bileşenler","","","L2","YES","CANONICAL-000251","CONFIRMED — PRODUCT OWNER FINAL — CANONICAL V1","NORMAL","NO","YES","YES","docs/TAXONOMY_ELECTRONICS_L2_PROPOSAL.md","2","Owner-final variable-depth Electronics node; product-level policy remains independent."
"CANONICAL-000277","Bilgisayar & Tablet","","","","L1","NO","","CONFIRMED — PRODUCT OWNER FINAL — CANONICAL V1","NORMAL","NO","NO","YES","docs/ESNAFTAVAR_CANONICAL_CATEGORY_TAXONOMY.md","1","Canonical L1 root; never product-assignable; pilot activation requires at least one eligible descendant and a separate runtime decision."
"CANONICAL-000278","Bilgisayar & Tablet","Dizüstü Bilgisayar","","","L2","YES","CANONICAL-000277","CONFIRMED — PRODUCT OWNER FINAL — CANONICAL V1","NORMAL","NO","YES","YES","docs/TAXONOMY_COMPUTER_TABLET_L2_PROPOSAL.md","2","Owner-final variable-depth Computer & Tablet node; enterprise/server TBD items are not silently included."
"CANONICAL-000279","Bilgisayar & Tablet","Masaüstü Bilgisayar","","","L2","YES","CANONICAL-000277","CONFIRMED — PRODUCT OWNER FINAL — CANONICAL V1","NORMAL","NO","YES","YES","docs/TAXONOMY_COMPUTER_TABLET_L2_PROPOSAL.md","3","Owner-final variable-depth Computer & Tablet node; enterprise/server TBD items are not silently included."
"CANONICAL-000280","Bilgisayar & Tablet","Tablet","","","L2","YES","CANONICAL-000277","CONFIRMED — PRODUCT OWNER FINAL — CANONICAL V1","NORMAL","NO","YES","YES","docs/TAXONOMY_COMPUTER_TABLET_L2_PROPOSAL.md","2","Owner-final variable-depth Computer & Tablet node; enterprise/server TBD items are not silently included."
"CANONICAL-000281","Bilgisayar & Tablet","E-Kitap Okuyucu","","","L2","YES","CANONICAL-000277","CONFIRMED — PRODUCT OWNER FINAL — CANONICAL V1","NORMAL","NO","YES","YES","docs/TAXONOMY_COMPUTER_TABLET_L2_PROPOSAL.md","2","Owner-final variable-depth Computer & Tablet node; enterprise/server TBD items are not silently included."
"CANONICAL-000282","Bilgisayar & Tablet","Monitör","","","L2","YES","CANONICAL-000277","CONFIRMED — PRODUCT OWNER FINAL — CANONICAL V1","NORMAL","NO","YES","YES","docs/TAXONOMY_COMPUTER_TABLET_L2_PROPOSAL.md","2","Owner-final variable-depth Computer & Tablet node; enterprise/server TBD items are not silently included."
"CANONICAL-000283","Bilgisayar & Tablet","Bilgisayar Bileşenleri","","","L2","NO","CANONICAL-000277","CONFIRMED — PRODUCT OWNER FINAL — CANONICAL V1","NORMAL","NO","NO","YES","docs/TAXONOMY_COMPUTER_TABLET_L2_PROPOSAL.md","1","Owner-final variable-depth Computer & Tablet node; enterprise/server TBD items are not silently included."
"CANONICAL-000284","Bilgisayar & Tablet","Bilgisayar Bileşenleri","İşlemci","","L3","YES","CANONICAL-000283","CONFIRMED — PRODUCT OWNER FINAL — CANONICAL V1","NORMAL","NO","YES","YES","docs/TAXONOMY_COMPUTER_COMPONENTS_L34_PROPOSAL.md","2","Owner-final computer-components subtree node; compatibility remains a relationship/facet."
"CANONICAL-000285","Bilgisayar & Tablet","Bilgisayar Bileşenleri","Ekran Kartı","","L3","YES","CANONICAL-000283","CONFIRMED — PRODUCT OWNER FINAL — CANONICAL V1","NORMAL","NO","YES","YES","docs/TAXONOMY_COMPUTER_COMPONENTS_L34_PROPOSAL.md","2","Owner-final computer-components subtree node; compatibility remains a relationship/facet."
"CANONICAL-000286","Bilgisayar & Tablet","Bilgisayar Bileşenleri","Anakart","","L3","YES","CANONICAL-000283","CONFIRMED — PRODUCT OWNER FINAL — CANONICAL V1","NORMAL","NO","YES","YES","docs/TAXONOMY_COMPUTER_COMPONENTS_L34_PROPOSAL.md","2","Owner-final computer-components subtree node; compatibility remains a relationship/facet."
"CANONICAL-000287","Bilgisayar & Tablet","Bilgisayar Bileşenleri","RAM Bellek","","L3","YES","CANONICAL-000283","CONFIRMED — PRODUCT OWNER FINAL — CANONICAL V1","NORMAL","NO","YES","YES","docs/TAXONOMY_COMPUTER_COMPONENTS_L34_PROPOSAL.md","2","Owner-final computer-components subtree node; compatibility remains a relationship/facet."
"CANONICAL-000288","Bilgisayar & Tablet","Bilgisayar Bileşenleri","Güç Kaynağı","","L3","YES","CANONICAL-000283","CONFIRMED — PRODUCT OWNER FINAL — CANONICAL V1","NORMAL","NO","YES","YES","docs/TAXONOMY_COMPUTER_COMPONENTS_L34_PROPOSAL.md","2","Owner-final computer-components subtree node; compatibility remains a relationship/facet."
"CANONICAL-000289","Bilgisayar & Tablet","Bilgisayar Bileşenleri","Bilgisayar Kasası","","L3","YES","CANONICAL-000283","CONFIRMED — PRODUCT OWNER FINAL — CANONICAL V1","NORMAL","NO","YES","YES","docs/TAXONOMY_COMPUTER_COMPONENTS_L34_PROPOSAL.md","2","Owner-final computer-components subtree node; compatibility remains a relationship/facet."
"CANONICAL-000290","Bilgisayar & Tablet","Bilgisayar Bileşenleri","Soğutma","","L3","NO","CANONICAL-000283","CONFIRMED — PRODUCT OWNER FINAL — CANONICAL V1","NORMAL","NO","NO","YES","docs/TAXONOMY_COMPUTER_COMPONENTS_L34_PROPOSAL.md","1","Owner-final computer-components subtree node; compatibility remains a relationship/facet."
"CANONICAL-000291","Bilgisayar & Tablet","Bilgisayar Bileşenleri","Soğutma","İşlemci Soğutucu","L4","YES","CANONICAL-000290","CONFIRMED — PRODUCT OWNER FINAL — CANONICAL V1","NORMAL","NO","YES","YES","docs/TAXONOMY_COMPUTER_COMPONENTS_L34_PROPOSAL.md","1","Owner-final assignable component leaf; product-level safety and compatibility validation still apply."
"CANONICAL-000292","Bilgisayar & Tablet","Bilgisayar Bileşenleri","Soğutma","Kasa Fanı","L4","YES","CANONICAL-000290","CONFIRMED — PRODUCT OWNER FINAL — CANONICAL V1","NORMAL","NO","YES","YES","docs/TAXONOMY_COMPUTER_COMPONENTS_L34_PROPOSAL.md","1","Owner-final assignable component leaf; product-level safety and compatibility validation still apply."
"CANONICAL-000293","Bilgisayar & Tablet","Bilgisayar Bileşenleri","Soğutma","Sıvı Soğutma","L4","YES","CANONICAL-000290","CONFIRMED — PRODUCT OWNER FINAL — CANONICAL V1","NORMAL","NO","YES","YES","docs/TAXONOMY_COMPUTER_COMPONENTS_L34_PROPOSAL.md","1","Owner-final assignable component leaf; product-level safety and compatibility validation still apply."
"CANONICAL-000294","Bilgisayar & Tablet","Bilgisayar Bileşenleri","Soğutma","Termal Macun & Ped","L4","YES","CANONICAL-000290","CONFIRMED — PRODUCT OWNER FINAL — CANONICAL V1","NORMAL","NO","YES","YES","docs/TAXONOMY_COMPUTER_COMPONENTS_L34_PROPOSAL.md","1","Owner-final assignable component leaf; product-level safety and compatibility validation still apply."
"CANONICAL-000295","Bilgisayar & Tablet","Bilgisayar Bileşenleri","Genişleme Kartları","","L3","NO","CANONICAL-000283","CONFIRMED — PRODUCT OWNER FINAL — CANONICAL V1","NORMAL","NO","NO","YES","docs/TAXONOMY_COMPUTER_COMPONENTS_L34_PROPOSAL.md","0","Owner-final computer-components subtree node; compatibility remains a relationship/facet."
"CANONICAL-000296","Bilgisayar & Tablet","Bilgisayar Bileşenleri","Genişleme Kartları","Ses Kartı","L4","YES","CANONICAL-000295","CONFIRMED — PRODUCT OWNER FINAL — CANONICAL V1","NORMAL","NO","YES","YES","docs/TAXONOMY_COMPUTER_COMPONENTS_L34_PROPOSAL.md","0","Owner-final assignable component leaf; product-level safety and compatibility validation still apply."
"CANONICAL-000297","Bilgisayar & Tablet","Bilgisayar Bileşenleri","Genişleme Kartları","Görüntü Yakalama Kartı","L4","YES","CANONICAL-000295","CONFIRMED — PRODUCT OWNER FINAL — CANONICAL V1","NORMAL","NO","YES","YES","docs/TAXONOMY_COMPUTER_COMPONENTS_L34_PROPOSAL.md","0","Owner-final assignable component leaf; product-level safety and compatibility validation still apply."
"CANONICAL-000298","Bilgisayar & Tablet","Bilgisayar Bileşenleri","Genişleme Kartları","Bağlantı & Denetleyici Kartları","L4","YES","CANONICAL-000295","CONFIRMED — PRODUCT OWNER FINAL — CANONICAL V1","NORMAL","NO","YES","YES","docs/TAXONOMY_COMPUTER_COMPONENTS_L34_PROPOSAL.md","0","Owner-final assignable component leaf; product-level safety and compatibility validation still apply."
"CANONICAL-000299","Bilgisayar & Tablet","Bilgisayar Bileşenleri","Tek Kart Bilgisayar (SBC)","","L3","YES","CANONICAL-000283","CONFIRMED — PRODUCT OWNER FINAL — CANONICAL V1","NORMAL","NO","YES","YES","docs/TAXONOMY_COMPUTER_COMPONENTS_L34_PROPOSAL.md","0","Owner-final computer-components subtree node; compatibility remains a relationship/facet."
"CANONICAL-000300","Bilgisayar & Tablet","Veri Depolama","","","L2","YES","CANONICAL-000277","CONFIRMED — PRODUCT OWNER FINAL — CANONICAL V1","NORMAL","NO","YES","YES","docs/TAXONOMY_COMPUTER_TABLET_L2_PROPOSAL.md","8","Owner-final variable-depth Computer & Tablet node; enterprise/server TBD items are not silently included."
"CANONICAL-000301","Bilgisayar & Tablet","Klavye, Mouse & Çevre Birimleri","","","L2","YES","CANONICAL-000277","CONFIRMED — PRODUCT OWNER FINAL — CANONICAL V1","NORMAL","NO","YES","YES","docs/TAXONOMY_COMPUTER_TABLET_L2_PROPOSAL.md","5","Owner-final variable-depth Computer & Tablet node; enterprise/server TBD items are not silently included."
"CANONICAL-000302","Bilgisayar & Tablet","Bilgisayar Aksesuarları","","","L2","YES","CANONICAL-000277","CONFIRMED — PRODUCT OWNER FINAL — CANONICAL V1","NORMAL","NO","YES","YES","docs/TAXONOMY_COMPUTER_TABLET_L2_PROPOSAL.md","4","Owner-final variable-depth Computer & Tablet node; enterprise/server TBD items are not silently included."
"CANONICAL-000303","Bilgisayar & Tablet","Yazıcı, Tarayıcı & Sarf Malzemeleri","","","L2","YES","CANONICAL-000277","CONFIRMED — PRODUCT OWNER FINAL — CANONICAL V1","NORMAL","NO","YES","YES","docs/TAXONOMY_COMPUTER_TABLET_L2_PROPOSAL.md","4","Owner-final variable-depth Computer & Tablet node; enterprise/server TBD items are not silently included."
"CANONICAL-000304","Bilgisayar & Tablet","Ağ & İnternet Ürünleri","","","L2","YES","CANONICAL-000277","CONFIRMED — PRODUCT OWNER FINAL — CANONICAL V1","NORMAL","NO","YES","YES","docs/TAXONOMY_COMPUTER_TABLET_L2_PROPOSAL.md","3","Owner-final variable-depth Computer & Tablet node; enterprise/server TBD items are not silently included."
"CANONICAL-000305","Beyaz Eşya & Ev Aletleri","","","","L1","NO","","CONFIRMED — PRODUCT OWNER FINAL — CANONICAL V1","NORMAL","NO","NO","NO","docs/ESNAFTAVAR_CANONICAL_CATEGORY_TAXONOMY.md","1","Canonical L1 root; never product-assignable; pilot activation requires at least one eligible descendant and a separate runtime decision."
"CANONICAL-000306","Beyaz Eşya & Ev Aletleri","Soğutma & Gıda Saklama Cihazları","","","L2","NO","CANONICAL-000305","CONFIRMED — PRODUCT OWNER FINAL — CANONICAL V1","NORMAL","YES","NO","NO","docs/TAXONOMY_W33_RESOLVED_UNIFIED_CANDIDATE_TREE.csv [BATCH_02]","1","Exact source row; Batch 02 source proposal; finalization candidate; OM-R06=B; OM-R07=B; OM-R10=A Canonical existence does not authorize runtime assignment or pilot activation; professional/policy gate remains open."
"CANONICAL-000307","Beyaz Eşya & Ev Aletleri","Soğutma & Gıda Saklama Cihazları","Buzdolapları","","L3","NO","CANONICAL-000306","CONFIRMED — PRODUCT OWNER FINAL — CANONICAL V1","NORMAL","YES","NO","NO","docs/TAXONOMY_W33_RESOLVED_UNIFIED_CANDIDATE_TREE.csv [BATCH_02]","0","Exact source row; Batch 02 source proposal; finalization candidate; OM-R06=B; OM-R07=B; OM-R10=A Canonical existence does not authorize runtime assignment or pilot activation; professional/policy gate remains open."
"CANONICAL-000308","Beyaz Eşya & Ev Aletleri","Soğutma & Gıda Saklama Cihazları","Buzdolapları","Üstten Donduruculu Buzdolapları","L4","YES","CANONICAL-000307","CONFIRMED — PRODUCT OWNER FINAL — CANONICAL V1","NORMAL","YES","NO","NO","docs/TAXONOMY_W33_RESOLVED_UNIFIED_CANDIDATE_TREE.csv [BATCH_02]","1","Exact source row; Batch 02 source proposal; finalization candidate; OM-R06=B; OM-R07=B; OM-R10=A Canonical existence does not authorize runtime assignment or pilot activation; professional/policy gate remains open."
"CANONICAL-000309","Beyaz Eşya & Ev Aletleri","Soğutma & Gıda Saklama Cihazları","Buzdolapları","Alttan Donduruculu & Kombi Buzdolapları","L4","YES","CANONICAL-000307","CONFIRMED — PRODUCT OWNER FINAL — CANONICAL V1","NORMAL","YES","NO","NO","docs/TAXONOMY_W33_RESOLVED_UNIFIED_CANDIDATE_TREE.csv [BATCH_02]","2","Exact source row; Batch 02 source proposal; finalization candidate; OM-R06=B; OM-R07=B; OM-R10=A Canonical existence does not authorize runtime assignment or pilot activation; professional/policy gate remains open."
"CANONICAL-000310","Beyaz Eşya & Ev Aletleri","Soğutma & Gıda Saklama Cihazları","Buzdolapları","Gardırop Tipi Buzdolapları","L4","YES","CANONICAL-000307","CONFIRMED — PRODUCT OWNER FINAL — CANONICAL V1","NORMAL","YES","NO","NO","docs/TAXONOMY_W33_RESOLVED_UNIFIED_CANDIDATE_TREE.csv [BATCH_02]","1","Exact source row; Batch 02 source proposal; finalization candidate; OM-R06=B; OM-R07=B; OM-R10=A Canonical existence does not authorize runtime assignment or pilot activation; professional/policy gate remains open."
"CANONICAL-000311","Beyaz Eşya & Ev Aletleri","Soğutma & Gıda Saklama Cihazları","Buzdolapları","Mini Buzdolapları","L4","YES","CANONICAL-000307","CONFIRMED — PRODUCT OWNER FINAL — CANONICAL V1","NORMAL","YES","NO","NO","docs/TAXONOMY_W33_RESOLVED_UNIFIED_CANDIDATE_TREE.csv [BATCH_02]","2","Exact source row; Batch 02 source proposal; finalization candidate; OM-R06=B; OM-R07=B; OM-R10=A Canonical existence does not authorize runtime assignment or pilot activation; professional/policy gate remains open."
"CANONICAL-000312","Beyaz Eşya & Ev Aletleri","Soğutma & Gıda Saklama Cihazları","Derin Dondurucular","","L3","NO","CANONICAL-000306","CONFIRMED — PRODUCT OWNER FINAL — CANONICAL V1","NORMAL","YES","NO","NO","docs/TAXONOMY_W33_RESOLVED_UNIFIED_CANDIDATE_TREE.csv [BATCH_02]","0","Exact source row; Batch 02 source proposal; finalization candidate; OM-R06=B; OM-R07=B; OM-R10=A Canonical existence does not authorize runtime assignment or pilot activation; professional/policy gate remains open."
"CANONICAL-000313","Beyaz Eşya & Ev Aletleri","Soğutma & Gıda Saklama Cihazları","Derin Dondurucular","Çekmeceli Derin Dondurucular","L4","YES","CANONICAL-000312","CONFIRMED — PRODUCT OWNER FINAL — CANONICAL V1","NORMAL","YES","NO","NO","docs/TAXONOMY_W33_RESOLVED_UNIFIED_CANDIDATE_TREE.csv [BATCH_02]","0","Exact source row; Batch 02 source proposal; finalization candidate; OM-R06=B; OM-R07=B; OM-R10=A Canonical existence does not authorize runtime assignment or pilot activation; professional/policy gate remains open."
"CANONICAL-000314","Beyaz Eşya & Ev Aletleri","Soğutma & Gıda Saklama Cihazları","Derin Dondurucular","Sandık Tipi Derin Dondurucular","L4","YES","CANONICAL-000312","CONFIRMED — PRODUCT OWNER FINAL — CANONICAL V1","NORMAL","YES","NO","NO","docs/TAXONOMY_W33_RESOLVED_UNIFIED_CANDIDATE_TREE.csv [BATCH_02]","0","Exact source row; Batch 02 source proposal; finalization candidate; OM-R06=B; OM-R07=B; OM-R10=A Canonical existence does not authorize runtime assignment or pilot activation; professional/policy gate remains open."
"CANONICAL-000315","Beyaz Eşya & Ev Aletleri","Soğutma & Gıda Saklama Cihazları","İçecek & Şarap Soğutucuları","","L3","YES","CANONICAL-000306","CONFIRMED — PRODUCT OWNER FINAL — CANONICAL V1","NORMAL","YES","NO","NO","docs/TAXONOMY_W33_RESOLVED_UNIFIED_CANDIDATE_TREE.csv [BATCH_02]","0","Exact source row; Batch 02 source proposal; finalization candidate; OM-R06=B; OM-R07=B; OM-R10=A Canonical existence does not authorize runtime assignment or pilot activation; professional/policy gate remains open."
"CANONICAL-000316","Beyaz Eşya & Ev Aletleri","Soğutma & Gıda Saklama Cihazları","Su Sebilleri","","L3","YES","CANONICAL-000306","CONFIRMED — PRODUCT OWNER FINAL — CANONICAL V1","NORMAL","YES","NO","NO","docs/TAXONOMY_W33_RESOLVED_UNIFIED_CANDIDATE_TREE.csv [BATCH_02]","1","Exact source row; Batch 02 source proposal; finalization candidate; OM-R06=B; OM-R07=B; OM-R10=A Canonical existence does not authorize runtime assignment or pilot activation; professional/policy gate remains open."
"CANONICAL-000317","Beyaz Eşya & Ev Aletleri","Çamaşır & Bulaşık Bakım Cihazları","","","L2","NO","CANONICAL-000305","CONFIRMED — PRODUCT OWNER FINAL — CANONICAL V1","NORMAL","YES","NO","NO","docs/TAXONOMY_W33_RESOLVED_UNIFIED_CANDIDATE_TREE.csv [BATCH_02]","1","Exact source row; Batch 02 source proposal; finalization candidate; OM-R06=B; OM-R07=B; OM-R10=A Canonical existence does not authorize runtime assignment or pilot activation; professional/policy gate remains open."
"CANONICAL-000318","Beyaz Eşya & Ev Aletleri","Çamaşır & Bulaşık Bakım Cihazları","Çamaşır Makineleri","","L3","YES","CANONICAL-000317","CONFIRMED — PRODUCT OWNER FINAL — CANONICAL V1","NORMAL","YES","NO","NO","docs/TAXONOMY_W33_RESOLVED_UNIFIED_CANDIDATE_TREE.csv [BATCH_02]","1","Exact source row; Batch 02 source proposal; finalization candidate; OM-R06=B; OM-R07=B; OM-R10=A Canonical existence does not authorize runtime assignment or pilot activation; professional/policy gate remains open."
"CANONICAL-000319","Beyaz Eşya & Ev Aletleri","Çamaşır & Bulaşık Bakım Cihazları","Kurutma Makineleri","","L3","YES","CANONICAL-000317","CONFIRMED — PRODUCT OWNER FINAL — CANONICAL V1","NORMAL","YES","NO","NO","docs/TAXONOMY_W33_RESOLVED_UNIFIED_CANDIDATE_TREE.csv [BATCH_02]","1","Exact source row; Batch 02 source proposal; finalization candidate; OM-R06=B; OM-R07=B; OM-R10=A Canonical existence does not authorize runtime assignment or pilot activation; professional/policy gate remains open."
"CANONICAL-000320","Beyaz Eşya & Ev Aletleri","Çamaşır & Bulaşık Bakım Cihazları","Yıkamalı Kurutma Makineleri","","L3","YES","CANONICAL-000317","CONFIRMED — PRODUCT OWNER FINAL — CANONICAL V1","NORMAL","YES","NO","NO","docs/TAXONOMY_W33_RESOLVED_UNIFIED_CANDIDATE_TREE.csv [BATCH_02]","0","Exact source row; Batch 02 source proposal; finalization candidate; OM-R06=B; OM-R07=B; OM-R10=A Canonical existence does not authorize runtime assignment or pilot activation; professional/policy gate remains open."
"CANONICAL-000321","Beyaz Eşya & Ev Aletleri","Çamaşır & Bulaşık Bakım Cihazları","Bulaşık Makineleri","","L3","YES","CANONICAL-000317","CONFIRMED — PRODUCT OWNER FINAL — CANONICAL V1","NORMAL","YES","NO","NO","docs/TAXONOMY_W33_RESOLVED_UNIFIED_CANDIDATE_TREE.csv [BATCH_02]","1","Exact source row; Batch 02 source proposal; finalization candidate; OM-R06=B; OM-R07=B; OM-R10=A Canonical existence does not authorize runtime assignment or pilot activation; professional/policy gate remains open."
"CANONICAL-000322","Beyaz Eşya & Ev Aletleri","Büyük Pişirme Cihazları","","","L2","NO","CANONICAL-000305","CONFIRMED — PRODUCT OWNER FINAL — CANONICAL V1","REGULATED","YES","NO","NO","docs/TAXONOMY_W33_RESOLVED_UNIFIED_CANDIDATE_TREE.csv [BATCH_02]","1","Exact source row; Batch 02 source proposal; finalization candidate; OM-R06=B; OM-R07=B; OM-R10=A Canonical existence does not authorize runtime assignment or pilot activation; professional/policy gate remains open."
"CANONICAL-000323","Beyaz Eşya & Ev Aletleri","Büyük Pişirme Cihazları","Fırınlar","","L3","YES","CANONICAL-000322","CONFIRMED — PRODUCT OWNER FINAL — CANONICAL V1","NORMAL","YES","NO","NO","docs/TAXONOMY_W33_RESOLVED_UNIFIED_CANDIDATE_TREE.csv [BATCH_02]","1","Exact source row; Batch 02 source proposal; finalization candidate; OM-R06=B; OM-R07=B; OM-R10=A Canonical existence does not authorize runtime assignment or pilot activation; professional/policy gate remains open."
"CANONICAL-000324","Beyaz Eşya & Ev Aletleri","Büyük Pişirme Cihazları","Ocaklar","","L3","YES","CANONICAL-000322","CONFIRMED — PRODUCT OWNER FINAL — CANONICAL V1","REGULATED","YES","NO","NO","docs/TAXONOMY_W33_RESOLVED_UNIFIED_CANDIDATE_TREE.csv [BATCH_02]","1","Exact source row; Batch 02 source proposal; finalization candidate; OM-R06=B; OM-R07=B; OM-R10=A Canonical existence does not authorize runtime assignment or pilot activation; professional/policy gate remains open."
"CANONICAL-000325","Beyaz Eşya & Ev Aletleri","Büyük Pişirme Cihazları","Mikrodalga Fırınlar","","L3","YES","CANONICAL-000322","CONFIRMED — PRODUCT OWNER FINAL — CANONICAL V1","NORMAL","YES","NO","NO","docs/TAXONOMY_W33_RESOLVED_UNIFIED_CANDIDATE_TREE.csv [BATCH_02]","1","Exact source row; Batch 02 source proposal; finalization candidate; OM-R06=B; OM-R07=B; OM-R10=A Canonical existence does not authorize runtime assignment or pilot activation; professional/policy gate remains open."
"CANONICAL-000326","Beyaz Eşya & Ev Aletleri","Büyük Pişirme Cihazları","Davlumbaz & Aspiratörler","","L3","YES","CANONICAL-000322","CONFIRMED — PRODUCT OWNER FINAL — CANONICAL V1","NORMAL","YES","NO","NO","docs/TAXONOMY_W33_RESOLVED_UNIFIED_CANDIDATE_TREE.csv [BATCH_02]","1","Exact source row; Batch 02 source proposal; finalization candidate; OM-R06=B; OM-R07=B; OM-R10=A Canonical existence does not authorize runtime assignment or pilot activation; professional/policy gate remains open."
"CANONICAL-000327","Beyaz Eşya & Ev Aletleri","Büyük Pişirme Cihazları","Bağımsız Kuzine & Pişiriciler","","L3","YES","CANONICAL-000322","CONFIRMED — PRODUCT OWNER FINAL — CANONICAL V1","REGULATED","YES","NO","NO","docs/TAXONOMY_W33_RESOLVED_UNIFIED_CANDIDATE_TREE.csv [BATCH_02]","0","Exact source row; Batch 02 source proposal; finalization candidate; OM-R06=B; OM-R07=B; OM-R10=A Canonical existence does not authorize runtime assignment or pilot activation; professional/policy gate remains open."
"CANONICAL-000328","Beyaz Eşya & Ev Aletleri","Küçük Mutfak Aletleri","","","L2","NO","CANONICAL-000305","CONFIRMED — PRODUCT OWNER FINAL — CANONICAL V1","NORMAL","YES","NO","NO","docs/TAXONOMY_W33_RESOLVED_UNIFIED_CANDIDATE_TREE.csv [BATCH_02]","1","Exact source row; Batch 02 source proposal; finalization candidate; OM-R06=B; OM-R07=B; OM-R10=A Canonical existence does not authorize runtime assignment or pilot activation; professional/policy gate remains open."
"CANONICAL-000329","Beyaz Eşya & Ev Aletleri","Küçük Mutfak Aletleri","Çay & Kahve Hazırlama","","L3","NO","CANONICAL-000328","CONFIRMED — PRODUCT OWNER FINAL — CANONICAL V1","NORMAL","YES","NO","NO","docs/TAXONOMY_W33_RESOLVED_UNIFIED_CANDIDATE_TREE.csv [BATCH_02]","0","Exact source row; Batch 02 source proposal; finalization candidate; OM-R06=B; OM-R07=B; OM-R10=A Canonical existence does not authorize runtime assignment or pilot activation; professional/policy gate remains open."
"CANONICAL-000330","Beyaz Eşya & Ev Aletleri","Küçük Mutfak Aletleri","Çay & Kahve Hazırlama","Çay Makineleri","L4","YES","CANONICAL-000329","CONFIRMED — PRODUCT OWNER FINAL — CANONICAL V1","NORMAL","YES","NO","NO","docs/TAXONOMY_W33_RESOLVED_UNIFIED_CANDIDATE_TREE.csv [BATCH_02]","0","Exact source row; Batch 02 source proposal; finalization candidate; OM-R06=B; OM-R07=B; OM-R10=A Canonical existence does not authorize runtime assignment or pilot activation; professional/policy gate remains open."
"CANONICAL-000331","Beyaz Eşya & Ev Aletleri","Küçük Mutfak Aletleri","Çay & Kahve Hazırlama","Türk Kahvesi Makineleri","L4","YES","CANONICAL-000329","CONFIRMED — PRODUCT OWNER FINAL — CANONICAL V1","NORMAL","YES","NO","NO","docs/TAXONOMY_W33_RESOLVED_UNIFIED_CANDIDATE_TREE.csv [BATCH_02]","1","Exact source row; Batch 02 source proposal; finalization candidate; OM-R06=B; OM-R07=B; OM-R10=A Canonical existence does not authorize runtime assignment or pilot activation; professional/policy gate remains open."
"CANONICAL-000332","Beyaz Eşya & Ev Aletleri","Küçük Mutfak Aletleri","Çay & Kahve Hazırlama","Filtre Kahve Makineleri","L4","YES","CANONICAL-000329","CONFIRMED — PRODUCT OWNER FINAL — CANONICAL V1","NORMAL","YES","NO","NO","docs/TAXONOMY_W33_RESOLVED_UNIFIED_CANDIDATE_TREE.csv [BATCH_02]","0","Exact source row; Batch 02 source proposal; finalization candidate; OM-R06=B; OM-R07=B; OM-R10=A Canonical existence does not authorize runtime assignment or pilot activation; professional/policy gate remains open."
"CANONICAL-000333","Beyaz Eşya & Ev Aletleri","Küçük Mutfak Aletleri","Çay & Kahve Hazırlama","Espresso Makineleri","L4","YES","CANONICAL-000329","CONFIRMED — PRODUCT OWNER FINAL — CANONICAL V1","NORMAL","YES","NO","NO","docs/TAXONOMY_W33_RESOLVED_UNIFIED_CANDIDATE_TREE.csv [BATCH_02]","0","Exact source row; Batch 02 source proposal; finalization candidate; OM-R06=B; OM-R07=B; OM-R10=A Canonical existence does not authorize runtime assignment or pilot activation; professional/policy gate remains open."
"CANONICAL-000334","Beyaz Eşya & Ev Aletleri","Küçük Mutfak Aletleri","Blender, Mikser & Doğrayıcılar","","L3","NO","CANONICAL-000328","CONFIRMED — PRODUCT OWNER FINAL — CANONICAL V1","NORMAL","YES","NO","NO","docs/TAXONOMY_W33_RESOLVED_UNIFIED_CANDIDATE_TREE.csv [BATCH_02]","0","Exact source row; Batch 02 source proposal; finalization candidate; OM-R06=B; OM-R07=B; OM-R10=A Canonical existence does not authorize runtime assignment or pilot activation; professional/policy gate remains open."
"CANONICAL-000335","Beyaz Eşya & Ev Aletleri","Küçük Mutfak Aletleri","Blender, Mikser & Doğrayıcılar","Blenderlar","L4","YES","CANONICAL-000334","CONFIRMED — PRODUCT OWNER FINAL — CANONICAL V1","NORMAL","YES","NO","NO","docs/TAXONOMY_W33_RESOLVED_UNIFIED_CANDIDATE_TREE.csv [BATCH_02]","1","Exact source row; Batch 02 source proposal; finalization candidate; OM-R06=B; OM-R07=B; OM-R10=A Canonical existence does not authorize runtime assignment or pilot activation; professional/policy gate remains open."
"CANONICAL-000336","Beyaz Eşya & Ev Aletleri","Küçük Mutfak Aletleri","Blender, Mikser & Doğrayıcılar","Mikserler","L4","YES","CANONICAL-000334","CONFIRMED — PRODUCT OWNER FINAL — CANONICAL V1","NORMAL","YES","NO","NO","docs/TAXONOMY_W33_RESOLVED_UNIFIED_CANDIDATE_TREE.csv [BATCH_02]","1","Exact source row; Batch 02 source proposal; finalization candidate; OM-R06=B; OM-R07=B; OM-R10=A Canonical existence does not authorize runtime assignment or pilot activation; professional/policy gate remains open."
"CANONICAL-000337","Beyaz Eşya & Ev Aletleri","Küçük Mutfak Aletleri","Blender, Mikser & Doğrayıcılar","Doğrayıcılar","L4","YES","CANONICAL-000334","CONFIRMED — PRODUCT OWNER FINAL — CANONICAL V1","NORMAL","YES","NO","NO","docs/TAXONOMY_W33_RESOLVED_UNIFIED_CANDIDATE_TREE.csv [BATCH_02]","0","Exact source row; Batch 02 source proposal; finalization candidate; OM-R06=B; OM-R07=B; OM-R10=A Canonical existence does not authorize runtime assignment or pilot activation; professional/policy gate remains open."
"CANONICAL-000338","Beyaz Eşya & Ev Aletleri","Küçük Mutfak Aletleri","Tost & Izgara Makineleri","","L3","YES","CANONICAL-000328","CONFIRMED — PRODUCT OWNER FINAL — CANONICAL V1","NORMAL","YES","NO","NO","docs/TAXONOMY_W33_RESOLVED_UNIFIED_CANDIDATE_TREE.csv [BATCH_02]","1","Exact source row; Batch 02 source proposal; finalization candidate; OM-R06=B; OM-R07=B; OM-R10=A Canonical existence does not authorize runtime assignment or pilot activation; professional/policy gate remains open."
"CANONICAL-000339","Beyaz Eşya & Ev Aletleri","Küçük Mutfak Aletleri","Airfryer & Fritözler","","L3","YES","CANONICAL-000328","CONFIRMED — PRODUCT OWNER FINAL — CANONICAL V1","NORMAL","YES","NO","NO","docs/TAXONOMY_W33_RESOLVED_UNIFIED_CANDIDATE_TREE.csv [BATCH_02]","0","Exact source row; Batch 02 source proposal; finalization candidate; OM-R06=B; OM-R07=B; OM-R10=A Canonical existence does not authorize runtime assignment or pilot activation; professional/policy gate remains open."
"CANONICAL-000340","Beyaz Eşya & Ev Aletleri","Küçük Mutfak Aletleri","Mutfak Robotları","","L3","YES","CANONICAL-000328","CONFIRMED — PRODUCT OWNER FINAL — CANONICAL V1","NORMAL","YES","NO","NO","docs/TAXONOMY_W33_RESOLVED_UNIFIED_CANDIDATE_TREE.csv [BATCH_02]","0","Exact source row; Batch 02 source proposal; finalization candidate; OM-R06=B; OM-R07=B; OM-R10=A Canonical existence does not authorize runtime assignment or pilot activation; professional/policy gate remains open."
"CANONICAL-000341","Beyaz Eşya & Ev Aletleri","Küçük Mutfak Aletleri","Su Isıtıcılar","","L3","YES","CANONICAL-000328","CONFIRMED — PRODUCT OWNER FINAL — CANONICAL V1","NORMAL","YES","NO","NO","docs/TAXONOMY_W33_RESOLVED_UNIFIED_CANDIDATE_TREE.csv [BATCH_02]","1","Exact source row; Batch 02 source proposal; finalization candidate; OM-R06=B; OM-R07=B; OM-R10=A Canonical existence does not authorize runtime assignment or pilot activation; professional/policy gate remains open."
"CANONICAL-000342","Beyaz Eşya & Ev Aletleri","Küçük Mutfak Aletleri","Meyve Sıkacağı & Katı Meyve Presleri","","L3","YES","CANONICAL-000328","CONFIRMED — PRODUCT OWNER FINAL — CANONICAL V1","NORMAL","YES","NO","NO","docs/TAXONOMY_W33_RESOLVED_UNIFIED_CANDIDATE_TREE.csv [BATCH_02]","0","Exact source row; Batch 02 source proposal; finalization candidate; OM-R06=B; OM-R07=B; OM-R10=A Canonical existence does not authorize runtime assignment or pilot activation; professional/policy gate remains open."
"CANONICAL-000343","Beyaz Eşya & Ev Aletleri","Küçük Mutfak Aletleri","Ekmek & Yoğurt Yapma Makineleri","","L3","YES","CANONICAL-000328","CONFIRMED — PRODUCT OWNER FINAL — CANONICAL V1","NORMAL","YES","NO","NO","docs/TAXONOMY_W33_RESOLVED_UNIFIED_CANDIDATE_TREE.csv [BATCH_02]","0","Exact source row; Batch 02 source proposal; finalization candidate; OM-R06=B; OM-R07=B; OM-R10=A Canonical existence does not authorize runtime assignment or pilot activation; professional/policy gate remains open."
"CANONICAL-000344","Beyaz Eşya & Ev Aletleri","Temizlik Cihazları","","","L2","NO","CANONICAL-000305","CONFIRMED — PRODUCT OWNER FINAL — CANONICAL V1","NORMAL","YES","NO","NO","docs/TAXONOMY_W33_RESOLVED_UNIFIED_CANDIDATE_TREE.csv [BATCH_02]","1","Exact source row; Batch 02 source proposal; finalization candidate; OM-R06=B; OM-R07=B; OM-R10=A Canonical existence does not authorize runtime assignment or pilot activation; professional/policy gate remains open."
"CANONICAL-000345","Beyaz Eşya & Ev Aletleri","Temizlik Cihazları","Elektrikli Süpürgeler","","L3","NO","CANONICAL-000344","CONFIRMED — PRODUCT OWNER FINAL — CANONICAL V1","NORMAL","YES","NO","NO","docs/TAXONOMY_W33_RESOLVED_UNIFIED_CANDIDATE_TREE.csv [BATCH_02]","0","Exact source row; Batch 02 source proposal; finalization candidate; OM-R06=B; OM-R07=B; OM-R10=A Canonical existence does not authorize runtime assignment or pilot activation; professional/policy gate remains open."
"CANONICAL-000346","Beyaz Eşya & Ev Aletleri","Temizlik Cihazları","Elektrikli Süpürgeler","Robot Süpürgeler","L4","YES","CANONICAL-000345","CONFIRMED — PRODUCT OWNER FINAL — CANONICAL V1","NORMAL","YES","NO","NO","docs/TAXONOMY_W33_RESOLVED_UNIFIED_CANDIDATE_TREE.csv [BATCH_02]","0","Exact source row; Batch 02 source proposal; finalization candidate; OM-R06=B; OM-R07=B; OM-R10=A Canonical existence does not authorize runtime assignment or pilot activation; professional/policy gate remains open."
"CANONICAL-000347","Beyaz Eşya & Ev Aletleri","Temizlik Cihazları","Elektrikli Süpürgeler","Dikey Süpürgeler","L4","YES","CANONICAL-000345","CONFIRMED — PRODUCT OWNER FINAL — CANONICAL V1","NORMAL","YES","NO","NO","docs/TAXONOMY_W33_RESOLVED_UNIFIED_CANDIDATE_TREE.csv [BATCH_02]","1","Exact source row; Batch 02 source proposal; finalization candidate; OM-R06=B; OM-R07=B; OM-R10=A Canonical existence does not authorize runtime assignment or pilot activation; professional/policy gate remains open."
"CANONICAL-000348","Beyaz Eşya & Ev Aletleri","Temizlik Cihazları","Elektrikli Süpürgeler","Yatay Süpürgeler","L4","YES","CANONICAL-000345","CONFIRMED — PRODUCT OWNER FINAL — CANONICAL V1","NORMAL","YES","NO","NO","docs/TAXONOMY_W33_RESOLVED_UNIFIED_CANDIDATE_TREE.csv [BATCH_02]","0","Exact source row; Batch 02 source proposal; finalization candidate; OM-R06=B; OM-R07=B; OM-R10=A Canonical existence does not authorize runtime assignment or pilot activation; professional/policy gate remains open."
"CANONICAL-000349","Beyaz Eşya & Ev Aletleri","Temizlik Cihazları","Elektrikli Süpürgeler","Islak & Kuru Süpürgeler","L4","YES","CANONICAL-000345","CONFIRMED — PRODUCT OWNER FINAL — CANONICAL V1","NORMAL","YES","NO","NO","docs/TAXONOMY_W33_RESOLVED_UNIFIED_CANDIDATE_TREE.csv [BATCH_02]","0","Exact source row; Batch 02 source proposal; finalization candidate; OM-R06=B; OM-R07=B; OM-R10=A Canonical existence does not authorize runtime assignment or pilot activation; professional/policy gate remains open."
"CANONICAL-000350","Beyaz Eşya & Ev Aletleri","Temizlik Cihazları","Buharlı Temizleyiciler","","L3","YES","CANONICAL-000344","CONFIRMED — PRODUCT OWNER FINAL — CANONICAL V1","NORMAL","YES","NO","NO","docs/TAXONOMY_W33_RESOLVED_UNIFIED_CANDIDATE_TREE.csv [BATCH_02]","1","Exact source row; Batch 02 source proposal; finalization candidate; OM-R06=B; OM-R07=B; OM-R10=A Canonical existence does not authorize runtime assignment or pilot activation; professional/policy gate remains open."
"CANONICAL-000351","Beyaz Eşya & Ev Aletleri","Temizlik Cihazları","Halı & Koltuk Yıkama Cihazları","","L3","YES","CANONICAL-000344","CONFIRMED — PRODUCT OWNER FINAL — CANONICAL V1","NORMAL","YES","NO","NO","docs/TAXONOMY_W33_RESOLVED_UNIFIED_CANDIDATE_TREE.csv [BATCH_02]","0","Exact source row; Batch 02 source proposal; finalization candidate; OM-R06=B; OM-R07=B; OM-R10=A Canonical existence does not authorize runtime assignment or pilot activation; professional/policy gate remains open."
"CANONICAL-000352","Beyaz Eşya & Ev Aletleri","Temizlik Cihazları","Zemin Bakım & Parlatma Cihazları","","L3","YES","CANONICAL-000344","CONFIRMED — PRODUCT OWNER FINAL — CANONICAL V1","NORMAL","YES","NO","NO","docs/TAXONOMY_W33_RESOLVED_UNIFIED_CANDIDATE_TREE.csv [BATCH_02]","0","Exact source row; Batch 02 source proposal; finalization candidate; OM-R06=B; OM-R07=B; OM-R10=A Canonical existence does not authorize runtime assignment or pilot activation; professional/policy gate remains open."
"CANONICAL-000353","Beyaz Eşya & Ev Aletleri","Temizlik Cihazları","Cam Temizleme Cihazları","","L3","YES","CANONICAL-000344","CONFIRMED — PRODUCT OWNER FINAL — CANONICAL V1","NORMAL","YES","NO","NO","docs/TAXONOMY_W33_RESOLVED_UNIFIED_CANDIDATE_TREE.csv [BATCH_02]","0","Exact source row; Batch 02 source proposal; finalization candidate; OM-R06=B; OM-R07=B; OM-R10=A Canonical existence does not authorize runtime assignment or pilot activation; professional/policy gate remains open."
"CANONICAL-000354","Beyaz Eşya & Ev Aletleri","İklimlendirme & Hava Kalitesi","","","L2","NO","CANONICAL-000305","CONFIRMED — PRODUCT OWNER FINAL — CANONICAL V1","LEGAL_REVIEW_REQUIRED","YES","NO","NO","docs/TAXONOMY_W33_RESOLVED_UNIFIED_CANDIDATE_TREE.csv [BATCH_02]","1","Exact source row; Batch 02 source proposal; finalization candidate; OM-R06=B; OM-R07=B; OM-R10=A Canonical existence does not authorize runtime assignment or pilot activation; professional/policy gate remains open."
"CANONICAL-000355","Beyaz Eşya & Ev Aletleri","İklimlendirme & Hava Kalitesi","Klimalar","","L3","YES","CANONICAL-000354","CONFIRMED — PRODUCT OWNER FINAL — CANONICAL V1","NORMAL","YES","NO","NO","docs/TAXONOMY_W33_RESOLVED_UNIFIED_CANDIDATE_TREE.csv [BATCH_02]","1","Exact source row; Batch 02 source proposal; finalization candidate; OM-R06=B; OM-R07=B; OM-R10=A Canonical existence does not authorize runtime assignment or pilot activation; professional/policy gate remains open."
"CANONICAL-000356","Beyaz Eşya & Ev Aletleri","İklimlendirme & Hava Kalitesi","Vantilatör & Hava Soğutucular","","L3","YES","CANONICAL-000354","CONFIRMED — PRODUCT OWNER FINAL — CANONICAL V1","NORMAL","YES","NO","NO","docs/TAXONOMY_W33_RESOLVED_UNIFIED_CANDIDATE_TREE.csv [BATCH_02]","1","Exact source row; Batch 02 source proposal; finalization candidate; OM-R06=B; OM-R07=B; OM-R10=A Canonical existence does not authorize runtime assignment or pilot activation; professional/policy gate remains open."
"CANONICAL-000357","Beyaz Eşya & Ev Aletleri","İklimlendirme & Hava Kalitesi","Elektrikli Isıtıcılar","","L3","YES","CANONICAL-000354","CONFIRMED — PRODUCT OWNER FINAL — CANONICAL V1","REGULATED","YES","NO","NO","docs/TAXONOMY_W33_RESOLVED_UNIFIED_CANDIDATE_TREE.csv [BATCH_02]","1","Exact source row; Batch 02 source proposal; finalization candidate; OM-R06=B; OM-R07=B; OM-R10=A Canonical existence does not authorize runtime assignment or pilot activation; professional/policy gate remains open."
"CANONICAL-000358","Beyaz Eşya & Ev Aletleri","İklimlendirme & Hava Kalitesi","Hava Temizleyiciler","","L3","YES","CANONICAL-000354","CONFIRMED — PRODUCT OWNER FINAL — CANONICAL V1","LEGAL_REVIEW_REQUIRED","YES","NO","NO","docs/TAXONOMY_W33_RESOLVED_UNIFIED_CANDIDATE_TREE.csv [BATCH_02]","1","Exact source row; Batch 02 source proposal; finalization candidate; OM-R06=B; OM-R07=B; OM-R10=A Canonical existence does not authorize runtime assignment or pilot activation; professional/policy gate remains open."
"CANONICAL-000359","Beyaz Eşya & Ev Aletleri","İklimlendirme & Hava Kalitesi","Nemlendirici & Nem Alıcılar","","L3","YES","CANONICAL-000354","CONFIRMED — PRODUCT OWNER FINAL — CANONICAL V1","LEGAL_REVIEW_REQUIRED","YES","NO","NO","docs/TAXONOMY_W33_RESOLVED_UNIFIED_CANDIDATE_TREE.csv [BATCH_02]","0","Exact source row; Batch 02 source proposal; finalization candidate; OM-R06=B; OM-R07=B; OM-R10=A Canonical existence does not authorize runtime assignment or pilot activation; professional/policy gate remains open."
"CANONICAL-000360","Beyaz Eşya & Ev Aletleri","Su Isıtma & Sıcak Su Cihazları","","","L2","NO","CANONICAL-000305","CONFIRMED — PRODUCT OWNER FINAL — CANONICAL V1","REGULATED","YES","NO","NO","docs/TAXONOMY_W33_RESOLVED_UNIFIED_CANDIDATE_TREE.csv [BATCH_02]","1","Exact source row; Batch 02 source proposal; finalization candidate; OM-R06=B; OM-R07=B; OM-R10=A Canonical existence does not authorize runtime assignment or pilot activation; professional/policy gate remains open."
"CANONICAL-000361","Beyaz Eşya & Ev Aletleri","Su Isıtma & Sıcak Su Cihazları","Şofbenler","","L3","YES","CANONICAL-000360","CONFIRMED — PRODUCT OWNER FINAL — CANONICAL V1","REGULATED","YES","NO","NO","docs/TAXONOMY_W33_RESOLVED_UNIFIED_CANDIDATE_TREE.csv [BATCH_02]","0","Exact source row; Batch 02 source proposal; finalization candidate; OM-R06=B; OM-R07=B; OM-R10=A Canonical existence does not authorize runtime assignment or pilot activation; professional/policy gate remains open."
"CANONICAL-000362","Beyaz Eşya & Ev Aletleri","Su Isıtma & Sıcak Su Cihazları","Termosifonlar","","L3","YES","CANONICAL-000360","CONFIRMED — PRODUCT OWNER FINAL — CANONICAL V1","REGULATED","YES","NO","NO","docs/TAXONOMY_W33_RESOLVED_UNIFIED_CANDIDATE_TREE.csv [BATCH_02]","0","Exact source row; Batch 02 source proposal; finalization candidate; OM-R06=B; OM-R07=B; OM-R10=A Canonical existence does not authorize runtime assignment or pilot activation; professional/policy gate remains open."
"CANONICAL-000363","Beyaz Eşya & Ev Aletleri","Su Isıtma & Sıcak Su Cihazları","Ani Sıcak Su Cihazları","","L3","YES","CANONICAL-000360","CONFIRMED — PRODUCT OWNER FINAL — CANONICAL V1","REGULATED","YES","NO","NO","docs/TAXONOMY_W33_RESOLVED_UNIFIED_CANDIDATE_TREE.csv [BATCH_02]","0","Exact source row; Batch 02 source proposal; finalization candidate; OM-R06=B; OM-R07=B; OM-R10=A Canonical existence does not authorize runtime assignment or pilot activation; professional/policy gate remains open."
"CANONICAL-000364","Beyaz Eşya & Ev Aletleri","Ütü & Tekstil Bakım Cihazları","","","L2","NO","CANONICAL-000305","CONFIRMED — PRODUCT OWNER FINAL — CANONICAL V1","NORMAL","YES","NO","NO","docs/TAXONOMY_W33_RESOLVED_UNIFIED_CANDIDATE_TREE.csv [BATCH_02]","1","Exact source row; Batch 02 source proposal; finalization candidate; OM-R06=B; OM-R07=B; OM-R10=A Canonical existence does not authorize runtime assignment or pilot activation; professional/policy gate remains open."
"CANONICAL-000365","Beyaz Eşya & Ev Aletleri","Ütü & Tekstil Bakım Cihazları","Ütüler","","L3","YES","CANONICAL-000364","CONFIRMED — PRODUCT OWNER FINAL — CANONICAL V1","NORMAL","YES","NO","NO","docs/TAXONOMY_W33_RESOLVED_UNIFIED_CANDIDATE_TREE.csv [BATCH_02]","1","Exact source row; Batch 02 source proposal; finalization candidate; OM-R06=B; OM-R07=B; OM-R10=A Canonical existence does not authorize runtime assignment or pilot activation; professional/policy gate remains open."
"CANONICAL-000366","Beyaz Eşya & Ev Aletleri","Ütü & Tekstil Bakım Cihazları","Buhar Kazanlı Ütüler","","L3","YES","CANONICAL-000364","CONFIRMED — PRODUCT OWNER FINAL — CANONICAL V1","NORMAL","YES","NO","NO","docs/TAXONOMY_W33_RESOLVED_UNIFIED_CANDIDATE_TREE.csv [BATCH_02]","0","Exact source row; Batch 02 source proposal; finalization candidate; OM-R06=B; OM-R07=B; OM-R10=A Canonical existence does not authorize runtime assignment or pilot activation; professional/policy gate remains open."
"CANONICAL-000367","Beyaz Eşya & Ev Aletleri","Ütü & Tekstil Bakım Cihazları","Dikey Buharlı Düzleştiriciler","","L3","YES","CANONICAL-000364","CONFIRMED — PRODUCT OWNER FINAL — CANONICAL V1","NORMAL","YES","NO","NO","docs/TAXONOMY_W33_RESOLVED_UNIFIED_CANDIDATE_TREE.csv [BATCH_02]","0","Exact source row; Batch 02 source proposal; finalization candidate; OM-R06=B; OM-R07=B; OM-R10=A Canonical existence does not authorize runtime assignment or pilot activation; professional/policy gate remains open."
"CANONICAL-000368","Beyaz Eşya & Ev Aletleri","Ütü & Tekstil Bakım Cihazları","Kumaş Tüy Temizleyiciler","","L3","YES","CANONICAL-000364","CONFIRMED — PRODUCT OWNER FINAL — CANONICAL V1","NORMAL","YES","NO","NO","docs/TAXONOMY_W33_RESOLVED_UNIFIED_CANDIDATE_TREE.csv [BATCH_02]","0","Exact source row; Batch 02 source proposal; finalization candidate; OM-R06=B; OM-R07=B; OM-R10=A Canonical existence does not authorize runtime assignment or pilot activation; professional/policy gate remains open."
"CANONICAL-000369","Beyaz Eşya & Ev Aletleri","Ütü & Tekstil Bakım Cihazları","Ev Tipi Dikiş Makineleri","","L3","YES","CANONICAL-000364","CONFIRMED — PRODUCT OWNER FINAL — CANONICAL V1","NORMAL","YES","NO","NO","docs/TAXONOMY_W33_RESOLVED_UNIFIED_CANDIDATE_TREE.csv [BATCH_02]","1","Exact source row; Batch 02 source proposal; finalization candidate; OM-R06=B; OM-R07=B; OM-R10=A Canonical existence does not authorize runtime assignment or pilot activation; professional/policy gate remains open."
"CANONICAL-000370","Beyaz Eşya & Ev Aletleri","Elektrikli Kişisel Bakım Cihazları","","","L2","NO","CANONICAL-000305","CONFIRMED — PRODUCT OWNER FINAL — CANONICAL V1","LEGAL_REVIEW_REQUIRED","YES","NO","NO","docs/TAXONOMY_W33_RESOLVED_UNIFIED_CANDIDATE_TREE.csv [BATCH_02]","1","Exact source row; Batch 02 source proposal; finalization candidate; OM-R06=B; OM-R07=B; OM-R10=A Canonical existence does not authorize runtime assignment or pilot activation; professional/policy gate remains open."
"CANONICAL-000371","Beyaz Eşya & Ev Aletleri","Elektrikli Kişisel Bakım Cihazları","Saç Bakım Cihazları","","L3","NO","CANONICAL-000370","CONFIRMED — PRODUCT OWNER FINAL — CANONICAL V1","NORMAL","YES","NO","NO","docs/TAXONOMY_W33_RESOLVED_UNIFIED_CANDIDATE_TREE.csv [BATCH_02]","0","Exact source row; Batch 02 source proposal; finalization candidate; OM-R06=B; OM-R07=B; OM-R10=A Canonical existence does not authorize runtime assignment or pilot activation; professional/policy gate remains open."
"CANONICAL-000372","Beyaz Eşya & Ev Aletleri","Elektrikli Kişisel Bakım Cihazları","Saç Bakım Cihazları","Saç Kurutma Makineleri","L4","YES","CANONICAL-000371","CONFIRMED — PRODUCT OWNER FINAL — CANONICAL V1","NORMAL","YES","NO","NO","docs/TAXONOMY_W33_RESOLVED_UNIFIED_CANDIDATE_TREE.csv [BATCH_02]","1","Exact source row; Batch 02 source proposal; finalization candidate; OM-R06=B; OM-R07=B; OM-R10=A Canonical existence does not authorize runtime assignment or pilot activation; professional/policy gate remains open."
"CANONICAL-000373","Beyaz Eşya & Ev Aletleri","Elektrikli Kişisel Bakım Cihazları","Saç Bakım Cihazları","Saç Düzleştirici & Şekillendiriciler","L4","YES","CANONICAL-000371","CONFIRMED — PRODUCT OWNER FINAL — CANONICAL V1","NORMAL","YES","NO","NO","docs/TAXONOMY_W33_RESOLVED_UNIFIED_CANDIDATE_TREE.csv [BATCH_02]","1","Exact source row; Batch 02 source proposal; finalization candidate; OM-R06=B; OM-R07=B; OM-R10=A Canonical existence does not authorize runtime assignment or pilot activation; professional/policy gate remains open."
"CANONICAL-000374","Beyaz Eşya & Ev Aletleri","Elektrikli Kişisel Bakım Cihazları","Tıraş & Saç Kesme Cihazları","","L3","NO","CANONICAL-000370","CONFIRMED — PRODUCT OWNER FINAL — CANONICAL V1","NORMAL","YES","NO","NO","docs/TAXONOMY_W33_RESOLVED_UNIFIED_CANDIDATE_TREE.csv [BATCH_02]","0","Exact source row; Batch 02 source proposal; finalization candidate; OM-R06=B; OM-R07=B; OM-R10=A Canonical existence does not authorize runtime assignment or pilot activation; professional/policy gate remains open."
"CANONICAL-000375","Beyaz Eşya & Ev Aletleri","Elektrikli Kişisel Bakım Cihazları","Tıraş & Saç Kesme Cihazları","Tıraş Makineleri","L4","YES","CANONICAL-000374","CONFIRMED — PRODUCT OWNER FINAL — CANONICAL V1","NORMAL","YES","NO","NO","docs/TAXONOMY_W33_RESOLVED_UNIFIED_CANDIDATE_TREE.csv [BATCH_02]","1","Exact source row; Batch 02 source proposal; finalization candidate; OM-R06=B; OM-R07=B; OM-R10=A Canonical existence does not authorize runtime assignment or pilot activation; professional/policy gate remains open."
"CANONICAL-000376","Beyaz Eşya & Ev Aletleri","Elektrikli Kişisel Bakım Cihazları","Tıraş & Saç Kesme Cihazları","Saç Kesme Makineleri","L4","YES","CANONICAL-000374","CONFIRMED — PRODUCT OWNER FINAL — CANONICAL V1","NORMAL","YES","NO","NO","docs/TAXONOMY_W33_RESOLVED_UNIFIED_CANDIDATE_TREE.csv [BATCH_02]","0","Exact source row; Batch 02 source proposal; finalization candidate; OM-R06=B; OM-R07=B; OM-R10=A Canonical existence does not authorize runtime assignment or pilot activation; professional/policy gate remains open."
"CANONICAL-000377","Beyaz Eşya & Ev Aletleri","Elektrikli Kişisel Bakım Cihazları","Epilasyon Cihazları","","L3","YES","CANONICAL-000370","CONFIRMED — PRODUCT OWNER FINAL — CANONICAL V1","NORMAL","YES","NO","NO","docs/TAXONOMY_W33_RESOLVED_UNIFIED_CANDIDATE_TREE.csv [BATCH_02]","1","Exact source row; Batch 02 source proposal; finalization candidate; OM-R06=B; OM-R07=B; OM-R10=A Canonical existence does not authorize runtime assignment or pilot activation; professional/policy gate remains open."
"CANONICAL-000378","Beyaz Eşya & Ev Aletleri","Elektrikli Kişisel Bakım Cihazları","Elektrikli Ağız Bakım Cihazları","","L3","NO","CANONICAL-000370","CONFIRMED — PRODUCT OWNER FINAL — CANONICAL V1","LEGAL_REVIEW_REQUIRED","YES","NO","NO","docs/TAXONOMY_W33_RESOLVED_UNIFIED_CANDIDATE_TREE.csv [BATCH_02]","0","Exact source row; Batch 02 source proposal; finalization candidate; OM-R06=B; OM-R07=B; OM-R10=A Canonical existence does not authorize runtime assignment or pilot activation; professional/policy gate remains open."
"CANONICAL-000379","Beyaz Eşya & Ev Aletleri","Elektrikli Kişisel Bakım Cihazları","Elektrikli Ağız Bakım Cihazları","Elektrikli Diş Fırçaları","L4","YES","CANONICAL-000378","CONFIRMED — PRODUCT OWNER FINAL — CANONICAL V1","NORMAL","YES","NO","NO","docs/TAXONOMY_W33_RESOLVED_UNIFIED_CANDIDATE_TREE.csv [BATCH_02]","0","Exact source row; Batch 02 source proposal; finalization candidate; OM-R06=B; OM-R07=B; OM-R10=A Canonical existence does not authorize runtime assignment or pilot activation; professional/policy gate remains open."
"CANONICAL-000380","Beyaz Eşya & Ev Aletleri","Elektrikli Kişisel Bakım Cihazları","Elektrikli Ağız Bakım Cihazları","Ağız Duşları","L4","YES","CANONICAL-000378","CONFIRMED — PRODUCT OWNER FINAL — CANONICAL V1","LEGAL_REVIEW_REQUIRED","YES","NO","NO","docs/TAXONOMY_W33_RESOLVED_UNIFIED_CANDIDATE_TREE.csv [BATCH_02]","0","Exact source row; Batch 02 source proposal; finalization candidate; OM-R06=B; OM-R07=B; OM-R10=A Canonical existence does not authorize runtime assignment or pilot activation; professional/policy gate remains open."
"CANONICAL-000381","Beyaz Eşya & Ev Aletleri","Elektrikli Kişisel Bakım Cihazları","Elektrikli El & Tırnak Bakım Cihazları","","L3","YES","CANONICAL-000370","CONFIRMED — PRODUCT OWNER FINAL — CANONICAL V1","NORMAL","YES","NO","NO","docs/TAXONOMY_W33_RESOLVED_UNIFIED_CANDIDATE_TREE.csv [BATCH_02]","0","Exact source row; Batch 02 source proposal; finalization candidate; OM-R06=B; OM-R07=B; OM-R10=A Canonical existence does not authorize runtime assignment or pilot activation; professional/policy gate remains open."
"CANONICAL-000382","Beyaz Eşya & Ev Aletleri","Elektrikli Kişisel Bakım Cihazları","Masaj & Rahatlama Cihazları","","L3","YES","CANONICAL-000370","CONFIRMED — PRODUCT OWNER FINAL — CANONICAL V1","LEGAL_REVIEW_REQUIRED","YES","NO","NO","docs/TAXONOMY_W33_RESOLVED_UNIFIED_CANDIDATE_TREE.csv [BATCH_02]","0","Source lineage: Batch 02 candidate path Medikal İddiasız Masaj & Rahatlama Cihazları; Wave 33 taxonomy digest R09=A owner-final direction applied; not an OM root; medical policy gate remains open; OM-R06=B; OM-R07=B; OM-R10=A Canonical existence does not authorize runtime assignment or pilot activation; professional/policy gate remains open."
"CANONICAL-000383","Beyaz Eşya & Ev Aletleri","Ev Aleti Aksesuar, Filtre & Sarf Malzemeleri","","","L2","NO","CANONICAL-000305","CONFIRMED — PRODUCT OWNER FINAL — CANONICAL V1","REGULATED","YES","NO","NO","docs/TAXONOMY_W33_RESOLVED_UNIFIED_CANDIDATE_TREE.csv [BATCH_02]","1","Exact source row; Batch 02 source proposal; finalization candidate; OM-R06=B; OM-R07=B; OM-R10=A Canonical existence does not authorize runtime assignment or pilot activation; professional/policy gate remains open."
"CANONICAL-000384","Beyaz Eşya & Ev Aletleri","Ev Aleti Aksesuar, Filtre & Sarf Malzemeleri","Süpürge Torbaları","","L3","YES","CANONICAL-000383","CONFIRMED — PRODUCT OWNER FINAL — CANONICAL V1","NORMAL","YES","NO","NO","docs/TAXONOMY_W33_RESOLVED_UNIFIED_CANDIDATE_TREE.csv [BATCH_02]","0","Exact source row; Batch 02 source proposal; finalization candidate; OM-R06=B; OM-R07=B; OM-R10=A Canonical existence does not authorize runtime assignment or pilot activation; professional/policy gate remains open."
"CANONICAL-000385","Beyaz Eşya & Ev Aletleri","Ev Aleti Aksesuar, Filtre & Sarf Malzemeleri","Kullanıcı Değişimli Filtreler","","L3","YES","CANONICAL-000383","CONFIRMED — PRODUCT OWNER FINAL — CANONICAL V1","NORMAL","YES","NO","NO","docs/TAXONOMY_W33_RESOLVED_UNIFIED_CANDIDATE_TREE.csv [BATCH_02]","0","Exact source row; Batch 02 source proposal; finalization candidate; OM-R06=B; OM-R07=B; OM-R10=A Canonical existence does not authorize runtime assignment or pilot activation; professional/policy gate remains open."
"CANONICAL-000386","Beyaz Eşya & Ev Aletleri","Ev Aleti Aksesuar, Filtre & Sarf Malzemeleri","Kullanıcı Değişimli Aparat & Başlıklar","","L3","YES","CANONICAL-000383","CONFIRMED — PRODUCT OWNER FINAL — CANONICAL V1","NORMAL","YES","NO","NO","docs/TAXONOMY_W33_RESOLVED_UNIFIED_CANDIDATE_TREE.csv [BATCH_02]","0","Exact source row; Batch 02 source proposal; finalization candidate; OM-R06=B; OM-R07=B; OM-R10=A Canonical existence does not authorize runtime assignment or pilot activation; professional/policy gate remains open."
"CANONICAL-000387","Beyaz Eşya & Ev Aletleri","Ev Aleti Aksesuar, Filtre & Sarf Malzemeleri","Cihaz Bakım & Kireç Çözme Sarfları","","L3","YES","CANONICAL-000383","CONFIRMED — PRODUCT OWNER FINAL — CANONICAL V1","REGULATED","YES","NO","NO","docs/TAXONOMY_W33_RESOLVED_UNIFIED_CANDIDATE_TREE.csv [BATCH_02]","0","Exact source row; Batch 02 source proposal; finalization candidate; OM-R06=B; OM-R07=B; OM-R10=A Canonical existence does not authorize runtime assignment or pilot activation; professional/policy gate remains open."
"CANONICAL-000388","Beyaz Eşya & Ev Aletleri","Ev Aleti Aksesuar, Filtre & Sarf Malzemeleri","Cihaza Özgü Pişirme Aksesuarları","","L3","YES","CANONICAL-000383","CONFIRMED — PRODUCT OWNER FINAL — CANONICAL V1","NORMAL","YES","NO","NO","docs/TAXONOMY_W33_RESOLVED_UNIFIED_CANDIDATE_TREE.csv [BATCH_02]","0","Exact source row; Batch 02 source proposal; finalization candidate; OM-R06=B; OM-R07=B; OM-R10=A Canonical existence does not authorize runtime assignment or pilot activation; professional/policy gate remains open."
"CANONICAL-000389","Beyaz Eşya & Ev Aletleri","Ev Aleti Aksesuar, Filtre & Sarf Malzemeleri","Cihaza Özgü Su Filtreleri","","L3","YES","CANONICAL-000383","CONFIRMED — PRODUCT OWNER FINAL — CANONICAL V1","NORMAL","YES","NO","NO","docs/TAXONOMY_W33_RESOLVED_UNIFIED_CANDIDATE_TREE.csv [BATCH_02]","0","Exact source row; Batch 02 source proposal; finalization candidate; OM-R06=B; OM-R07=B; OM-R10=A Canonical existence does not authorize runtime assignment or pilot activation; professional/policy gate remains open."
"CANONICAL-000390","Ev & Yaşam","","","","L1","NO","","CONFIRMED — PRODUCT OWNER FINAL — CANONICAL V1","NORMAL","NO","NO","YES","docs/ESNAFTAVAR_CANONICAL_CATEGORY_TAXONOMY.md","1","Canonical L1 root; never product-assignable; pilot activation requires at least one eligible descendant and a separate runtime decision."
"CANONICAL-000391","Ev & Yaşam","Mobilya","","","L2","NO","CANONICAL-000390","CONFIRMED — PRODUCT OWNER FINAL — CANONICAL V1","NORMAL","NO","NO","YES","docs/TAXONOMY_W33_RESOLVED_UNIFIED_CANDIDATE_TREE.csv [BATCH_01]","1","Exact source row; Batch 01 source proposal; finalization candidate; OM-R06=B; OM-R07=B; OM-R10=A"
"CANONICAL-000392","Ev & Yaşam","Mobilya","Oturma Mobilyaları","","L3","NO","CANONICAL-000391","CONFIRMED — PRODUCT OWNER FINAL — CANONICAL V1","NORMAL","NO","NO","YES","docs/TAXONOMY_W33_RESOLVED_UNIFIED_CANDIDATE_TREE.csv [BATCH_01]","0","Exact source row; Batch 01 source proposal; finalization candidate; OM-R06=B; OM-R07=B; OM-R10=A"
"CANONICAL-000393","Ev & Yaşam","Mobilya","Oturma Mobilyaları","Koltuk & Kanepe","L4","YES","CANONICAL-000392","CONFIRMED — PRODUCT OWNER FINAL — CANONICAL V1","NORMAL","NO","YES","YES","docs/TAXONOMY_W33_RESOLVED_UNIFIED_CANDIDATE_TREE.csv [BATCH_01]","1","Exact source row; Batch 01 source proposal; finalization candidate; OM-R06=B; OM-R07=B; OM-R10=A"
"CANONICAL-000394","Ev & Yaşam","Mobilya","Oturma Mobilyaları","Berjer & Puf","L4","YES","CANONICAL-000392","CONFIRMED — PRODUCT OWNER FINAL — CANONICAL V1","NORMAL","NO","YES","YES","docs/TAXONOMY_W33_RESOLVED_UNIFIED_CANDIDATE_TREE.csv [BATCH_01]","0","Exact source row; Batch 01 source proposal; finalization candidate; OM-R06=B; OM-R07=B; OM-R10=A"
"CANONICAL-000395","Ev & Yaşam","Mobilya","Masa Mobilyaları","","L3","NO","CANONICAL-000391","CONFIRMED — PRODUCT OWNER FINAL — CANONICAL V1","NORMAL","NO","NO","YES","docs/TAXONOMY_W33_RESOLVED_UNIFIED_CANDIDATE_TREE.csv [BATCH_01]","0","Exact source row; Batch 01 source proposal; finalization candidate; OM-R06=B; OM-R07=B; OM-R10=A"
"CANONICAL-000396","Ev & Yaşam","Mobilya","Masa Mobilyaları","Yemek Masası","L4","YES","CANONICAL-000395","CONFIRMED — PRODUCT OWNER FINAL — CANONICAL V1","NORMAL","NO","YES","YES","docs/TAXONOMY_W33_RESOLVED_UNIFIED_CANDIDATE_TREE.csv [BATCH_01]","1","Exact source row; Batch 01 source proposal; finalization candidate; OM-R06=B; OM-R07=B; OM-R10=A"
"CANONICAL-000397","Ev & Yaşam","Mobilya","Masa Mobilyaları","Çalışma Masası","L4","YES","CANONICAL-000395","CONFIRMED — PRODUCT OWNER FINAL — CANONICAL V1","NORMAL","NO","YES","YES","docs/TAXONOMY_W33_RESOLVED_UNIFIED_CANDIDATE_TREE.csv [BATCH_01]","1","Exact source row; Batch 01 source proposal; finalization candidate; OM-R06=B; OM-R07=B; OM-R10=A"
"CANONICAL-000398","Ev & Yaşam","Mobilya","Masa Mobilyaları","Sehpa","L4","YES","CANONICAL-000395","CONFIRMED — PRODUCT OWNER FINAL — CANONICAL V1","NORMAL","NO","YES","YES","docs/TAXONOMY_W33_RESOLVED_UNIFIED_CANDIDATE_TREE.csv [BATCH_01]","0","Exact source row; Batch 01 source proposal; finalization candidate; OM-R06=B; OM-R07=B; OM-R10=A"
"CANONICAL-000399","Ev & Yaşam","Mobilya","Oturma Birimleri","","L3","NO","CANONICAL-000391","CONFIRMED — PRODUCT OWNER FINAL — CANONICAL V1","NORMAL","NO","NO","YES","docs/TAXONOMY_W33_RESOLVED_UNIFIED_CANDIDATE_TREE.csv [BATCH_01]","0","Exact source row; Batch 01 source proposal; finalization candidate; OM-R06=B; OM-R07=B; OM-R10=A"
"CANONICAL-000400","Ev & Yaşam","Mobilya","Oturma Birimleri","Sandalye","L4","YES","CANONICAL-000399","CONFIRMED — PRODUCT OWNER FINAL — CANONICAL V1","NORMAL","NO","YES","YES","docs/TAXONOMY_W33_RESOLVED_UNIFIED_CANDIDATE_TREE.csv [BATCH_01]","1","Exact source row; Batch 01 source proposal; finalization candidate; OM-R06=B; OM-R07=B; OM-R10=A"
"CANONICAL-000401","Ev & Yaşam","Mobilya","Oturma Birimleri","Tabure & Bank","L4","YES","CANONICAL-000399","CONFIRMED — PRODUCT OWNER FINAL — CANONICAL V1","NORMAL","NO","YES","YES","docs/TAXONOMY_W33_RESOLVED_UNIFIED_CANDIDATE_TREE.csv [BATCH_01]","0","Exact source row; Batch 01 source proposal; finalization candidate; OM-R06=B; OM-R07=B; OM-R10=A"
"CANONICAL-000402","Ev & Yaşam","Mobilya","Depolama Mobilyaları","","L3","NO","CANONICAL-000391","CONFIRMED — PRODUCT OWNER FINAL — CANONICAL V1","NORMAL","NO","NO","YES","docs/TAXONOMY_W33_RESOLVED_UNIFIED_CANDIDATE_TREE.csv [BATCH_01]","0","Exact source row; Batch 01 source proposal; finalization candidate; OM-R06=B; OM-R07=B; OM-R10=A"
"CANONICAL-000403","Ev & Yaşam","Mobilya","Depolama Mobilyaları","Dolap & Şifonyer","L4","YES","CANONICAL-000402","CONFIRMED — PRODUCT OWNER FINAL — CANONICAL V1","NORMAL","NO","YES","YES","docs/TAXONOMY_W33_RESOLVED_UNIFIED_CANDIDATE_TREE.csv [BATCH_01]","1","Exact source row; Batch 01 source proposal; finalization candidate; OM-R06=B; OM-R07=B; OM-R10=A"
"CANONICAL-000404","Ev & Yaşam","Mobilya","Depolama Mobilyaları","Raf & Kitaplık","L4","YES","CANONICAL-000402","CONFIRMED — PRODUCT OWNER FINAL — CANONICAL V1","NORMAL","NO","YES","YES","docs/TAXONOMY_W33_RESOLVED_UNIFIED_CANDIDATE_TREE.csv [BATCH_01]","1","Exact source row; Batch 01 source proposal; finalization candidate; OM-R06=B; OM-R07=B; OM-R10=A"
"CANONICAL-000405","Ev & Yaşam","Mobilya","Depolama Mobilyaları","TV Ünitesi","L4","YES","CANONICAL-000402","CONFIRMED — PRODUCT OWNER FINAL — CANONICAL V1","NORMAL","NO","YES","YES","docs/TAXONOMY_W33_RESOLVED_UNIFIED_CANDIDATE_TREE.csv [BATCH_01]","1","Exact source row; Batch 01 source proposal; finalization candidate; OM-R06=B; OM-R07=B; OM-R10=A"
"CANONICAL-000406","Ev & Yaşam","Mobilya","Yatak Mobilyaları","","L3","NO","CANONICAL-000391","CONFIRMED — PRODUCT OWNER FINAL — CANONICAL V1","NORMAL","NO","NO","YES","docs/TAXONOMY_W33_RESOLVED_UNIFIED_CANDIDATE_TREE.csv [BATCH_01]","0","Exact source row; Batch 01 source proposal; finalization candidate; OM-R06=B; OM-R07=B; OM-R10=A"
"CANONICAL-000407","Ev & Yaşam","Mobilya","Yatak Mobilyaları","Karyola","L4","YES","CANONICAL-000406","CONFIRMED — PRODUCT OWNER FINAL — CANONICAL V1","NORMAL","NO","YES","YES","docs/TAXONOMY_W33_RESOLVED_UNIFIED_CANDIDATE_TREE.csv [BATCH_01]","0","Exact source row; Batch 01 source proposal; finalization candidate; OM-R06=B; OM-R07=B; OM-R10=A"
"CANONICAL-000408","Ev & Yaşam","Mobilya","Yatak Mobilyaları","Baza & Başlık","L4","YES","CANONICAL-000406","CONFIRMED — PRODUCT OWNER FINAL — CANONICAL V1","NORMAL","NO","YES","YES","docs/TAXONOMY_W33_RESOLVED_UNIFIED_CANDIDATE_TREE.csv [BATCH_01]","1","Exact source row; Batch 01 source proposal; finalization candidate; OM-R06=B; OM-R07=B; OM-R10=A"
"CANONICAL-000409","Ev & Yaşam","Yatak & Uyku Ürünleri","","","L2","NO","CANONICAL-000390","CONFIRMED — PRODUCT OWNER FINAL — CANONICAL V1","LEGAL_REVIEW_REQUIRED","YES","NO","NO","docs/TAXONOMY_W33_RESOLVED_UNIFIED_CANDIDATE_TREE.csv [BATCH_01]","1","Exact source row; Batch 01 source proposal; finalization candidate; OM-R06=B; OM-R07=B; OM-R10=A Canonical existence does not authorize runtime assignment or pilot activation; professional/policy gate remains open."
"CANONICAL-000410","Ev & Yaşam","Yatak & Uyku Ürünleri","Yataklar","","L3","YES","CANONICAL-000409","CONFIRMED — PRODUCT OWNER FINAL — CANONICAL V1","NORMAL","YES","NO","NO","docs/TAXONOMY_W33_RESOLVED_UNIFIED_CANDIDATE_TREE.csv [BATCH_01]","1","Exact source row; Batch 01 source proposal; finalization candidate; OM-R06=B; OM-R07=B; OM-R10=A Canonical existence does not authorize runtime assignment or pilot activation; professional/policy gate remains open."
"CANONICAL-000411","Ev & Yaşam","Yatak & Uyku Ürünleri","Yastıklar","","L3","YES","CANONICAL-000409","CONFIRMED — PRODUCT OWNER FINAL — CANONICAL V1","NORMAL","YES","NO","NO","docs/TAXONOMY_W33_RESOLVED_UNIFIED_CANDIDATE_TREE.csv [BATCH_01]","1","Exact source row; Batch 01 source proposal; finalization candidate; OM-R06=B; OM-R07=B; OM-R10=A Canonical existence does not authorize runtime assignment or pilot activation; professional/policy gate remains open."
"CANONICAL-000412","Ev & Yaşam","Yatak & Uyku Ürünleri","Yorganlar","","L3","YES","CANONICAL-000409","CONFIRMED — PRODUCT OWNER FINAL — CANONICAL V1","NORMAL","NO","NO","NO","docs/TAXONOMY_W33_RESOLVED_UNIFIED_CANDIDATE_TREE.csv [BATCH_01]","1","Exact source row; Batch 01 source proposal; finalization candidate; OM-R06=B; OM-R07=B; OM-R10=A"
"CANONICAL-000413","Ev & Yaşam","Yatak & Uyku Ürünleri","Yatak Pedi & Alez","","L3","YES","CANONICAL-000409","CONFIRMED — PRODUCT OWNER FINAL — CANONICAL V1","NORMAL","NO","NO","NO","docs/TAXONOMY_W33_RESOLVED_UNIFIED_CANDIDATE_TREE.csv [BATCH_01]","0","Exact source row; Batch 01 source proposal; finalization candidate; OM-R06=B; OM-R07=B; OM-R10=A"
"CANONICAL-000414","Ev & Yaşam","Ev Tekstili","","","L2","NO","CANONICAL-000390","CONFIRMED — PRODUCT OWNER FINAL — CANONICAL V1","NORMAL","NO","NO","YES","docs/TAXONOMY_W33_RESOLVED_UNIFIED_CANDIDATE_TREE.csv [BATCH_01]","1","Exact source row; Batch 01 source proposal; finalization candidate; OM-R06=B; OM-R07=B; OM-R10=A"
"CANONICAL-000415","Ev & Yaşam","Ev Tekstili","Yatak Tekstili","","L3","NO","CANONICAL-000414","CONFIRMED — PRODUCT OWNER FINAL — CANONICAL V1","NORMAL","NO","NO","YES","docs/TAXONOMY_W33_RESOLVED_UNIFIED_CANDIDATE_TREE.csv [BATCH_01]","0","Exact source row; Batch 01 source proposal; finalization candidate; OM-R06=B; OM-R07=B; OM-R10=A"
"CANONICAL-000416","Ev & Yaşam","Ev Tekstili","Yatak Tekstili","Nevresim Takımı","L4","YES","CANONICAL-000415","CONFIRMED — PRODUCT OWNER FINAL — CANONICAL V1","NORMAL","NO","YES","YES","docs/TAXONOMY_W33_RESOLVED_UNIFIED_CANDIDATE_TREE.csv [BATCH_01]","1","Exact source row; Batch 01 source proposal; finalization candidate; OM-R06=B; OM-R07=B; OM-R10=A"
"CANONICAL-000417","Ev & Yaşam","Ev Tekstili","Yatak Tekstili","Çarşaf","L4","YES","CANONICAL-000415","CONFIRMED — PRODUCT OWNER FINAL — CANONICAL V1","NORMAL","NO","YES","YES","docs/TAXONOMY_W33_RESOLVED_UNIFIED_CANDIDATE_TREE.csv [BATCH_01]","0","Exact source row; Batch 01 source proposal; finalization candidate; OM-R06=B; OM-R07=B; OM-R10=A"
"CANONICAL-000418","Ev & Yaşam","Ev Tekstili","Yatak Tekstili","Yatak Örtüsü","L4","YES","CANONICAL-000415","CONFIRMED — PRODUCT OWNER FINAL — CANONICAL V1","NORMAL","NO","YES","YES","docs/TAXONOMY_W33_RESOLVED_UNIFIED_CANDIDATE_TREE.csv [BATCH_01]","1","Exact source row; Batch 01 source proposal; finalization candidate; OM-R06=B; OM-R07=B; OM-R10=A"
"CANONICAL-000419","Ev & Yaşam","Ev Tekstili","Banyo Tekstili","","L3","NO","CANONICAL-000414","CONFIRMED — PRODUCT OWNER FINAL — CANONICAL V1","NORMAL","NO","NO","YES","docs/TAXONOMY_W33_RESOLVED_UNIFIED_CANDIDATE_TREE.csv [BATCH_01]","0","Exact source row; Batch 01 source proposal; finalization candidate; OM-R06=B; OM-R07=B; OM-R10=A"
"CANONICAL-000420","Ev & Yaşam","Ev Tekstili","Banyo Tekstili","Havlu","L4","YES","CANONICAL-000419","CONFIRMED — PRODUCT OWNER FINAL — CANONICAL V1","NORMAL","NO","YES","YES","docs/TAXONOMY_W33_RESOLVED_UNIFIED_CANDIDATE_TREE.csv [BATCH_01]","1","Exact source row; Batch 01 source proposal; finalization candidate; OM-R06=B; OM-R07=B; OM-R10=A"
"CANONICAL-000421","Ev & Yaşam","Ev Tekstili","Banyo Tekstili","Bornoz","L4","YES","CANONICAL-000419","CONFIRMED — PRODUCT OWNER FINAL — CANONICAL V1","NORMAL","NO","YES","YES","docs/TAXONOMY_W33_RESOLVED_UNIFIED_CANDIDATE_TREE.csv [BATCH_01]","1","Exact source row; Batch 01 source proposal; finalization candidate; OM-R06=B; OM-R07=B; OM-R10=A"
"CANONICAL-000422","Ev & Yaşam","Ev Tekstili","Battaniye & Örtü","","L3","YES","CANONICAL-000414","CONFIRMED — PRODUCT OWNER FINAL — CANONICAL V1","NORMAL","NO","YES","YES","docs/TAXONOMY_W33_RESOLVED_UNIFIED_CANDIDATE_TREE.csv [BATCH_01]","0","Exact source row; Batch 01 source proposal; finalization candidate; OM-R06=B; OM-R07=B; OM-R10=A"
"CANONICAL-000423","Ev & Yaşam","Ev Tekstili","Kırlent","","L3","YES","CANONICAL-000414","CONFIRMED — PRODUCT OWNER FINAL — CANONICAL V1","NORMAL","NO","YES","YES","docs/TAXONOMY_W33_RESOLVED_UNIFIED_CANDIDATE_TREE.csv [BATCH_01]","1","Exact source row; Batch 01 source proposal; finalization candidate; OM-R06=B; OM-R07=B; OM-R10=A"
"CANONICAL-000424","Ev & Yaşam","Perde & Pencere Tekstili","","","L2","NO","CANONICAL-000390","CONFIRMED — PRODUCT OWNER FINAL — CANONICAL V1","NORMAL","YES","NO","NO","docs/TAXONOMY_W33_RESOLVED_UNIFIED_CANDIDATE_TREE.csv [BATCH_01]","1","Exact source row; Batch 01 source proposal; finalization candidate; OM-R06=B; OM-R07=B; OM-R10=A Canonical existence does not authorize runtime assignment or pilot activation; professional/policy gate remains open."
"CANONICAL-000425","Ev & Yaşam","Perde & Pencere Tekstili","Tül Perde","","L3","YES","CANONICAL-000424","CONFIRMED — PRODUCT OWNER FINAL — CANONICAL V1","NORMAL","NO","NO","NO","docs/TAXONOMY_W33_RESOLVED_UNIFIED_CANDIDATE_TREE.csv [BATCH_01]","1","Exact source row; Batch 01 source proposal; finalization candidate; OM-R06=B; OM-R07=B; OM-R10=A"
"CANONICAL-000426","Ev & Yaşam","Perde & Pencere Tekstili","Fon Perde","","L3","YES","CANONICAL-000424","CONFIRMED — PRODUCT OWNER FINAL — CANONICAL V1","NORMAL","NO","NO","NO","docs/TAXONOMY_W33_RESOLVED_UNIFIED_CANDIDATE_TREE.csv [BATCH_01]","1","Exact source row; Batch 01 source proposal; finalization candidate; OM-R06=B; OM-R07=B; OM-R10=A"
"CANONICAL-000427","Ev & Yaşam","Perde & Pencere Tekstili","Stor & Zebra Perde","","L3","YES","CANONICAL-000424","CONFIRMED — PRODUCT OWNER FINAL — CANONICAL V1","NORMAL","YES","NO","NO","docs/TAXONOMY_W33_RESOLVED_UNIFIED_CANDIDATE_TREE.csv [BATCH_01]","1","Exact source row; Batch 01 source proposal; finalization candidate; OM-R06=B; OM-R07=B; OM-R10=A Canonical existence does not authorize runtime assignment or pilot activation; professional/policy gate remains open."
"CANONICAL-000428","Ev & Yaşam","Perde & Pencere Tekstili","Karartma Perdesi","","L3","YES","CANONICAL-000424","CONFIRMED — PRODUCT OWNER FINAL — CANONICAL V1","NORMAL","NO","NO","NO","docs/TAXONOMY_W33_RESOLVED_UNIFIED_CANDIDATE_TREE.csv [BATCH_01]","0","Exact source row; Batch 01 source proposal; finalization candidate; OM-R06=B; OM-R07=B; OM-R10=A"
"CANONICAL-000429","Ev & Yaşam","Halı, Kilim & Paspas","","","L2","NO","CANONICAL-000390","CONFIRMED — PRODUCT OWNER FINAL — CANONICAL V1","NORMAL","NO","NO","YES","docs/TAXONOMY_W33_RESOLVED_UNIFIED_CANDIDATE_TREE.csv [BATCH_01]","2","Exact source row; Batch 01 source proposal; finalization candidate; OM-R06=B; OM-R07=B; OM-R10=A"
"CANONICAL-000430","Ev & Yaşam","Halı, Kilim & Paspas","Halı","","L3","YES","CANONICAL-000429","CONFIRMED — PRODUCT OWNER FINAL — CANONICAL V1","NORMAL","NO","YES","YES","docs/TAXONOMY_W33_RESOLVED_UNIFIED_CANDIDATE_TREE.csv [BATCH_01]","1","Exact source row; Batch 01 source proposal; finalization candidate; OM-R06=B; OM-R07=B; OM-R10=A"
"CANONICAL-000431","Ev & Yaşam","Halı, Kilim & Paspas","Kilim","","L3","YES","CANONICAL-000429","CONFIRMED — PRODUCT OWNER FINAL — CANONICAL V1","NORMAL","NO","YES","YES","docs/TAXONOMY_W33_RESOLVED_UNIFIED_CANDIDATE_TREE.csv [BATCH_01]","1","Exact source row; Batch 01 source proposal; finalization candidate; OM-R06=B; OM-R07=B; OM-R10=A"
"CANONICAL-000432","Ev & Yaşam","Halı, Kilim & Paspas","Yolluk","","L3","YES","CANONICAL-000429","CONFIRMED — PRODUCT OWNER FINAL — CANONICAL V1","NORMAL","NO","YES","YES","docs/TAXONOMY_W33_RESOLVED_UNIFIED_CANDIDATE_TREE.csv [BATCH_01]","1","Exact source row; Batch 01 source proposal; finalization candidate; OM-R06=B; OM-R07=B; OM-R10=A"
"CANONICAL-000433","Ev & Yaşam","Halı, Kilim & Paspas","Paspas","","L3","YES","CANONICAL-000429","CONFIRMED — PRODUCT OWNER FINAL — CANONICAL V1","NORMAL","NO","YES","YES","docs/TAXONOMY_W33_RESOLVED_UNIFIED_CANDIDATE_TREE.csv [BATCH_01]","1","Exact source row; Batch 01 source proposal; finalization candidate; OM-R06=B; OM-R07=B; OM-R10=A"
"CANONICAL-000434","Ev & Yaşam","Dekorasyon & Duvar Aksesuarları","","","L2","NO","CANONICAL-000390","CONFIRMED — PRODUCT OWNER FINAL — CANONICAL V1","REGULATED","YES","NO","NO","docs/TAXONOMY_W33_RESOLVED_UNIFIED_CANDIDATE_TREE.csv [BATCH_01]","1","Exact source row; Batch 01 source proposal; finalization candidate; OM-R06=B; OM-R07=B; OM-R10=A Canonical existence does not authorize runtime assignment or pilot activation; professional/policy gate remains open."
"CANONICAL-000435","Ev & Yaşam","Dekorasyon & Duvar Aksesuarları","Duvar Dekoru","","L3","NO","CANONICAL-000434","CONFIRMED — PRODUCT OWNER FINAL — CANONICAL V1","NORMAL","NO","NO","NO","docs/TAXONOMY_W33_RESOLVED_UNIFIED_CANDIDATE_TREE.csv [BATCH_01]","0","Exact source row; Batch 01 source proposal; finalization candidate; OM-R06=B; OM-R07=B; OM-R10=A"
"CANONICAL-000436","Ev & Yaşam","Dekorasyon & Duvar Aksesuarları","Duvar Dekoru","Tablo & Poster","L4","YES","CANONICAL-000435","CONFIRMED — PRODUCT OWNER FINAL — CANONICAL V1","NORMAL","NO","NO","NO","docs/TAXONOMY_W33_RESOLVED_UNIFIED_CANDIDATE_TREE.csv [BATCH_01]","1","Exact source row; Batch 01 source proposal; finalization candidate; OM-R06=B; OM-R07=B; OM-R10=A"
"CANONICAL-000437","Ev & Yaşam","Dekorasyon & Duvar Aksesuarları","Duvar Dekoru","Ayna","L4","YES","CANONICAL-000435","CONFIRMED — PRODUCT OWNER FINAL — CANONICAL V1","NORMAL","NO","NO","NO","docs/TAXONOMY_W33_RESOLVED_UNIFIED_CANDIDATE_TREE.csv [BATCH_01]","1","Exact source row; Batch 01 source proposal; finalization candidate; OM-R06=B; OM-R07=B; OM-R10=A"
"CANONICAL-000438","Ev & Yaşam","Dekorasyon & Duvar Aksesuarları","Duvar Dekoru","Çerçeve","L4","YES","CANONICAL-000435","CONFIRMED — PRODUCT OWNER FINAL — CANONICAL V1","NORMAL","NO","NO","NO","docs/TAXONOMY_W33_RESOLVED_UNIFIED_CANDIDATE_TREE.csv [BATCH_01]","1","Exact source row; Batch 01 source proposal; finalization candidate; OM-R06=B; OM-R07=B; OM-R10=A"
"CANONICAL-000439","Ev & Yaşam","Dekorasyon & Duvar Aksesuarları","Duvar Dekoru","Duvar Saati","L4","YES","CANONICAL-000435","CONFIRMED — PRODUCT OWNER FINAL — CANONICAL V1","NORMAL","NO","NO","NO","docs/TAXONOMY_W33_RESOLVED_UNIFIED_CANDIDATE_TREE.csv [BATCH_01]","0","Exact source row; Batch 01 source proposal; finalization candidate; OM-R06=B; OM-R07=B; OM-R10=A"
"CANONICAL-000440","Ev & Yaşam","Dekorasyon & Duvar Aksesuarları","Dekoratif Objeler","","L3","YES","CANONICAL-000434","CONFIRMED — PRODUCT OWNER FINAL — CANONICAL V1","NORMAL","NO","NO","NO","docs/TAXONOMY_W33_RESOLVED_UNIFIED_CANDIDATE_TREE.csv [BATCH_01]","0","Exact source row; Batch 01 source proposal; finalization candidate; OM-R06=B; OM-R07=B; OM-R10=A"
"CANONICAL-000441","Ev & Yaşam","Dekorasyon & Duvar Aksesuarları","Vazo","","L3","YES","CANONICAL-000434","CONFIRMED — PRODUCT OWNER FINAL — CANONICAL V1","NORMAL","NO","NO","NO","docs/TAXONOMY_W33_RESOLVED_UNIFIED_CANDIDATE_TREE.csv [BATCH_01]","0","Exact source row; Batch 01 source proposal; finalization candidate; OM-R06=B; OM-R07=B; OM-R10=A"
"CANONICAL-000442","Ev & Yaşam","Dekorasyon & Duvar Aksesuarları","Mum & Oda Kokusu","","L3","YES","CANONICAL-000434","CONFIRMED — PRODUCT OWNER FINAL — CANONICAL V1","REGULATED","YES","NO","NO","docs/TAXONOMY_W33_RESOLVED_UNIFIED_CANDIDATE_TREE.csv [BATCH_01]","1","Exact source row; Batch 01 source proposal; finalization candidate; OM-R06=B; OM-R07=B; OM-R10=A Canonical existence does not authorize runtime assignment or pilot activation; professional/policy gate remains open."
"CANONICAL-000443","Ev & Yaşam","Dekorasyon & Duvar Aksesuarları","Masaüstü Dekor","","L3","YES","CANONICAL-000434","CONFIRMED — PRODUCT OWNER FINAL — CANONICAL V1","NORMAL","NO","NO","NO","docs/TAXONOMY_W33_RESOLVED_UNIFIED_CANDIDATE_TREE.csv [BATCH_01]","0","Exact source row; Batch 01 source proposal; finalization candidate; OM-R06=B; OM-R07=B; OM-R10=A"
"CANONICAL-000444","Ev & Yaşam","Aydınlatma","","","L2","NO","CANONICAL-000390","CONFIRMED — PRODUCT OWNER FINAL — CANONICAL V1","REGULATED","YES","NO","NO","docs/TAXONOMY_W33_RESOLVED_UNIFIED_CANDIDATE_TREE.csv [BATCH_01]","1","Exact source row; Batch 01 source proposal; finalization candidate; OM-R06=B; OM-R07=B; OM-R10=A Canonical existence does not authorize runtime assignment or pilot activation; professional/policy gate remains open."
"CANONICAL-000445","Ev & Yaşam","Aydınlatma","Tavan Aydınlatmaları","","L3","YES","CANONICAL-000444","CONFIRMED — PRODUCT OWNER FINAL — CANONICAL V1","NORMAL","YES","NO","NO","docs/TAXONOMY_W33_RESOLVED_UNIFIED_CANDIDATE_TREE.csv [BATCH_01]","1","Exact source row; Batch 01 source proposal; finalization candidate; OM-R06=B; OM-R07=B; OM-R10=A Canonical existence does not authorize runtime assignment or pilot activation; professional/policy gate remains open."
"CANONICAL-000446","Ev & Yaşam","Aydınlatma","Masa Lambaları","","L3","YES","CANONICAL-000444","CONFIRMED — PRODUCT OWNER FINAL — CANONICAL V1","NORMAL","YES","NO","NO","docs/TAXONOMY_W33_RESOLVED_UNIFIED_CANDIDATE_TREE.csv [BATCH_01]","0","Exact source row; Batch 01 source proposal; finalization candidate; OM-R06=B; OM-R07=B; OM-R10=A Canonical existence does not authorize runtime assignment or pilot activation; professional/policy gate remains open."
"CANONICAL-000447","Ev & Yaşam","Aydınlatma","Lambader","","L3","YES","CANONICAL-000444","CONFIRMED — PRODUCT OWNER FINAL — CANONICAL V1","NORMAL","YES","NO","NO","docs/TAXONOMY_W33_RESOLVED_UNIFIED_CANDIDATE_TREE.csv [BATCH_01]","1","Exact source row; Batch 01 source proposal; finalization candidate; OM-R06=B; OM-R07=B; OM-R10=A Canonical existence does not authorize runtime assignment or pilot activation; professional/policy gate remains open."
"CANONICAL-000448","Ev & Yaşam","Aydınlatma","Gece Lambaları","","L3","YES","CANONICAL-000444","CONFIRMED — PRODUCT OWNER FINAL — CANONICAL V1","NORMAL","YES","NO","NO","docs/TAXONOMY_W33_RESOLVED_UNIFIED_CANDIDATE_TREE.csv [BATCH_01]","1","Exact source row; Batch 01 source proposal; finalization candidate; OM-R06=B; OM-R07=B; OM-R10=A Canonical existence does not authorize runtime assignment or pilot activation; professional/policy gate remains open."
"CANONICAL-000449","Ev & Yaşam","Aydınlatma","Standart Ampuller","","L3","YES","CANONICAL-000444","CONFIRMED — PRODUCT OWNER FINAL — CANONICAL V1","REGULATED","YES","NO","NO","docs/TAXONOMY_W33_RESOLVED_UNIFIED_CANDIDATE_TREE.csv [BATCH_01]","0","Exact source row; Batch 01 source proposal; finalization candidate; OM-R06=B; OM-R07=B; OM-R10=A Canonical existence does not authorize runtime assignment or pilot activation; professional/policy gate remains open."
"CANONICAL-000450","Ev & Yaşam","Düzenleme & Saklama","","","L2","NO","CANONICAL-000390","CONFIRMED — PRODUCT OWNER FINAL — CANONICAL V1","NORMAL","NO","NO","YES","docs/TAXONOMY_W33_RESOLVED_UNIFIED_CANDIDATE_TREE.csv [BATCH_01]","1","Exact source row; Batch 01 source proposal; finalization candidate; OM-R06=B; OM-R07=B; OM-R10=A"
"CANONICAL-000451","Ev & Yaşam","Düzenleme & Saklama","Saklama Kutusu & Sepet","","L3","YES","CANONICAL-000450","CONFIRMED — PRODUCT OWNER FINAL — CANONICAL V1","NORMAL","NO","YES","YES","docs/TAXONOMY_W33_RESOLVED_UNIFIED_CANDIDATE_TREE.csv [BATCH_01]","1","Exact source row; Batch 01 source proposal; finalization candidate; OM-R06=B; OM-R07=B; OM-R10=A"
"CANONICAL-000452","Ev & Yaşam","Düzenleme & Saklama","Giysi Düzenleyiciler","","L3","YES","CANONICAL-000450","CONFIRMED — PRODUCT OWNER FINAL — CANONICAL V1","NORMAL","NO","YES","YES","docs/TAXONOMY_W33_RESOLVED_UNIFIED_CANDIDATE_TREE.csv [BATCH_01]","0","Exact source row; Batch 01 source proposal; finalization candidate; OM-R06=B; OM-R07=B; OM-R10=A"
"CANONICAL-000453","Ev & Yaşam","Düzenleme & Saklama","Hurç & Vakumlu Torba","","L3","YES","CANONICAL-000450","CONFIRMED — PRODUCT OWNER FINAL — CANONICAL V1","NORMAL","NO","YES","YES","docs/TAXONOMY_W33_RESOLVED_UNIFIED_CANDIDATE_TREE.csv [BATCH_01]","0","Exact source row; Batch 01 source proposal; finalization candidate; OM-R06=B; OM-R07=B; OM-R10=A"
"CANONICAL-000454","Ev & Yaşam","Düzenleme & Saklama","Askı & Dolap İçi Düzenleme","","L3","YES","CANONICAL-000450","CONFIRMED — PRODUCT OWNER FINAL — CANONICAL V1","NORMAL","NO","YES","YES","docs/TAXONOMY_W33_RESOLVED_UNIFIED_CANDIDATE_TREE.csv [BATCH_01]","1","Exact source row; Batch 01 source proposal; finalization candidate; OM-R06=B; OM-R07=B; OM-R10=A"
"CANONICAL-000455","Ev & Yaşam","Düzenleme & Saklama","Çamaşır Sepeti","","L3","YES","CANONICAL-000450","CONFIRMED — PRODUCT OWNER FINAL — CANONICAL V1","NORMAL","NO","YES","YES","docs/TAXONOMY_W33_RESOLVED_UNIFIED_CANDIDATE_TREE.csv [BATCH_01]","1","Exact source row; Batch 01 source proposal; finalization candidate; OM-R06=B; OM-R07=B; OM-R10=A"
"CANONICAL-000456","Ev & Yaşam","Düzenleme & Saklama","Ayakkabı Düzenleyiciler","","L3","YES","CANONICAL-000450","CONFIRMED — PRODUCT OWNER FINAL — CANONICAL V1","NORMAL","NO","YES","YES","docs/TAXONOMY_W33_RESOLVED_UNIFIED_CANDIDATE_TREE.csv [BATCH_01]","0","Exact source row; Batch 01 source proposal; finalization candidate; OM-R06=B; OM-R07=B; OM-R10=A"
"CANONICAL-000457","Ev & Yaşam","Banyo Aksesuarları","","","L2","NO","CANONICAL-000390","CONFIRMED — PRODUCT OWNER FINAL — CANONICAL V1","LEGAL_REVIEW_REQUIRED","YES","NO","NO","docs/TAXONOMY_W33_RESOLVED_UNIFIED_CANDIDATE_TREE.csv [BATCH_01]","1","Exact source row; Batch 01 source proposal; finalization candidate; OM-R06=B; OM-R07=B; OM-R10=A Canonical existence does not authorize runtime assignment or pilot activation; professional/policy gate remains open."
"CANONICAL-000458","Ev & Yaşam","Banyo Aksesuarları","Sabunluk & Dispenser","","L3","YES","CANONICAL-000457","CONFIRMED — PRODUCT OWNER FINAL — CANONICAL V1","NORMAL","NO","NO","NO","docs/TAXONOMY_W33_RESOLVED_UNIFIED_CANDIDATE_TREE.csv [BATCH_01]","1","Exact source row; Batch 01 source proposal; finalization candidate; OM-R06=B; OM-R07=B; OM-R10=A"
"CANONICAL-000459","Ev & Yaşam","Banyo Aksesuarları","Duş Perdesi","","L3","YES","CANONICAL-000457","CONFIRMED — PRODUCT OWNER FINAL — CANONICAL V1","NORMAL","NO","NO","NO","docs/TAXONOMY_W33_RESOLVED_UNIFIED_CANDIDATE_TREE.csv [BATCH_01]","1","Exact source row; Batch 01 source proposal; finalization candidate; OM-R06=B; OM-R07=B; OM-R10=A"
"CANONICAL-000460","Ev & Yaşam","Banyo Aksesuarları","Banyo Rafı & Düzenleyici","","L3","YES","CANONICAL-000457","CONFIRMED — PRODUCT OWNER FINAL — CANONICAL V1","NORMAL","NO","NO","NO","docs/TAXONOMY_W33_RESOLVED_UNIFIED_CANDIDATE_TREE.csv [BATCH_01]","0","Exact source row; Batch 01 source proposal; finalization candidate; OM-R06=B; OM-R07=B; OM-R10=A"
"CANONICAL-000461","Ev & Yaşam","Banyo Aksesuarları","Tuvalet Aksesuarları","","L3","YES","CANONICAL-000457","CONFIRMED — PRODUCT OWNER FINAL — CANONICAL V1","NORMAL","NO","NO","NO","docs/TAXONOMY_W33_RESOLVED_UNIFIED_CANDIDATE_TREE.csv [BATCH_01]","0","Exact source row; Batch 01 source proposal; finalization candidate; OM-R06=B; OM-R07=B; OM-R10=A"
"CANONICAL-000462","Ev & Yaşam","Banyo Aksesuarları","Banyo Taburesi & Basamakları","","L3","YES","CANONICAL-000457","CONFIRMED — PRODUCT OWNER FINAL — CANONICAL V1","LEGAL_REVIEW_REQUIRED","YES","NO","NO","docs/TAXONOMY_W33_RESOLVED_UNIFIED_CANDIDATE_TREE.csv [BATCH_01]","0","Source lineage: Batch 01 candidate path Bağımsız Banyo Yardımcıları; Wave 33 taxonomy digest R08=A owner-final direction applied; not an OM root; OM-R06=B; OM-R07=B; OM-R10=A Canonical existence does not authorize runtime assignment or pilot activation; professional/policy gate remains open."
"CANONICAL-000463","Ev & Yaşam","Ev Temizliği & Çamaşır Bakımı","","","L2","NO","CANONICAL-000390","CONFIRMED — PRODUCT OWNER FINAL — CANONICAL V1","REGULATED","YES","NO","NO","docs/TAXONOMY_W33_RESOLVED_UNIFIED_CANDIDATE_TREE.csv [BATCH_01]","1","Exact source row; Batch 01 source proposal; finalization candidate; OM-R06=B; OM-R07=B; OM-R10=A Canonical existence does not authorize runtime assignment or pilot activation; professional/policy gate remains open."
"CANONICAL-000464","Ev & Yaşam","Ev Temizliği & Çamaşır Bakımı","Yüzey Temizleyiciler","","L3","YES","CANONICAL-000463","CONFIRMED — PRODUCT OWNER FINAL — CANONICAL V1","REGULATED","YES","NO","NO","docs/TAXONOMY_W33_RESOLVED_UNIFIED_CANDIDATE_TREE.csv [BATCH_01]","1","Exact source row; Batch 01 source proposal; finalization candidate; OM-R06=B; OM-R07=B; OM-R10=A Canonical existence does not authorize runtime assignment or pilot activation; professional/policy gate remains open."
"CANONICAL-000465","Ev & Yaşam","Ev Temizliği & Çamaşır Bakımı","Çamaşır Temizliği & Bakımı","","L3","YES","CANONICAL-000463","CONFIRMED — PRODUCT OWNER FINAL — CANONICAL V1","REGULATED","YES","NO","NO","docs/TAXONOMY_W33_RESOLVED_UNIFIED_CANDIDATE_TREE.csv [BATCH_01]","1","Exact source row; Batch 01 source proposal; finalization candidate; OM-R06=B; OM-R07=B; OM-R10=A Canonical existence does not authorize runtime assignment or pilot activation; professional/policy gate remains open."
"CANONICAL-000466","Ev & Yaşam","Ev Temizliği & Çamaşır Bakımı","Bulaşık Temizliği & Bakımı","","L3","YES","CANONICAL-000463","CONFIRMED — PRODUCT OWNER FINAL — CANONICAL V1","REGULATED","YES","NO","NO","docs/TAXONOMY_W33_RESOLVED_UNIFIED_CANDIDATE_TREE.csv [BATCH_01]","0","Exact source row; Batch 01 source proposal; finalization candidate; OM-R06=B; OM-R07=B; OM-R10=A Canonical existence does not authorize runtime assignment or pilot activation; professional/policy gate remains open."
"CANONICAL-000467","Ev & Yaşam","Ev Temizliği & Çamaşır Bakımı","Temizlik Gereçleri","","L3","NO","CANONICAL-000463","CONFIRMED — PRODUCT OWNER FINAL — CANONICAL V1","NORMAL","NO","NO","NO","docs/TAXONOMY_W33_RESOLVED_UNIFIED_CANDIDATE_TREE.csv [BATCH_01]","0","Exact source row; Batch 01 source proposal; finalization candidate; OM-R06=B; OM-R07=B; OM-R10=A"
"CANONICAL-000468","Ev & Yaşam","Ev Temizliği & Çamaşır Bakımı","Temizlik Gereçleri","Mop & Paspas Aparatı","L4","YES","CANONICAL-000467","CONFIRMED — PRODUCT OWNER FINAL — CANONICAL V1","NORMAL","NO","NO","NO","docs/TAXONOMY_W33_RESOLVED_UNIFIED_CANDIDATE_TREE.csv [BATCH_01]","1","Exact source row; Batch 01 source proposal; finalization candidate; OM-R06=B; OM-R07=B; OM-R10=A"
"CANONICAL-000469","Ev & Yaşam","Ev Temizliği & Çamaşır Bakımı","Temizlik Gereçleri","Süpürge & Faraş","L4","YES","CANONICAL-000467","CONFIRMED — PRODUCT OWNER FINAL — CANONICAL V1","NORMAL","NO","NO","NO","docs/TAXONOMY_W33_RESOLVED_UNIFIED_CANDIDATE_TREE.csv [BATCH_01]","0","Exact source row; Batch 01 source proposal; finalization candidate; OM-R06=B; OM-R07=B; OM-R10=A"
"CANONICAL-000470","Ev & Yaşam","Ev Temizliği & Çamaşır Bakımı","Temizlik Gereçleri","Bez, Sünger & Fırça","L4","YES","CANONICAL-000467","CONFIRMED — PRODUCT OWNER FINAL — CANONICAL V1","NORMAL","NO","NO","NO","docs/TAXONOMY_W33_RESOLVED_UNIFIED_CANDIDATE_TREE.csv [BATCH_01]","0","Exact source row; Batch 01 source proposal; finalization candidate; OM-R06=B; OM-R07=B; OM-R10=A"
"CANONICAL-000471","Ev & Yaşam","Ev Temizliği & Çamaşır Bakımı","Kağıt Ev Ürünleri","","L3","YES","CANONICAL-000463","CONFIRMED — PRODUCT OWNER FINAL — CANONICAL V1","NORMAL","NO","NO","NO","docs/TAXONOMY_W33_RESOLVED_UNIFIED_CANDIDATE_TREE.csv [BATCH_01]","1","Exact source row; Batch 01 source proposal; finalization candidate; OM-R06=B; OM-R07=B; OM-R10=A"
"CANONICAL-000472","Ev & Yaşam","Ev Temizliği & Çamaşır Bakımı","Çöp Torbası & Ev Tipi Eldiven","","L3","YES","CANONICAL-000463","CONFIRMED — PRODUCT OWNER FINAL — CANONICAL V1","NORMAL","NO","NO","NO","docs/TAXONOMY_W33_RESOLVED_UNIFIED_CANDIDATE_TREE.csv [BATCH_01]","1","Exact source row; Batch 01 source proposal; finalization candidate; OM-R06=B; OM-R07=B; OM-R10=A"
"CANONICAL-000473","Züccaciye & Mutfak","","","","L1","NO","","CONFIRMED — PRODUCT OWNER FINAL — CANONICAL V1","NORMAL","NO","NO","NO","docs/ESNAFTAVAR_CANONICAL_CATEGORY_TAXONOMY.md","1","Canonical L1 root; never product-assignable; pilot activation requires at least one eligible descendant and a separate runtime decision."
"CANONICAL-000474","Züccaciye & Mutfak","Tencere, Tava & Pişirme Kapları","","","L2","NO","CANONICAL-000473","CONFIRMED — PRODUCT OWNER FINAL — CANONICAL V1","REGULATED","YES","NO","NO","docs/TAXONOMY_W33_RESOLVED_UNIFIED_CANDIDATE_TREE.csv [BATCH_01]","1","Exact source row; Batch 01 source proposal; finalization candidate; OM-R06=B; OM-R07=B; OM-R10=A Canonical existence does not authorize runtime assignment or pilot activation; professional/policy gate remains open."
"CANONICAL-000475","Züccaciye & Mutfak","Tencere, Tava & Pişirme Kapları","Tencereler","","L3","NO","CANONICAL-000474","CONFIRMED — PRODUCT OWNER FINAL — CANONICAL V1","REGULATED","YES","NO","NO","docs/TAXONOMY_W33_RESOLVED_UNIFIED_CANDIDATE_TREE.csv [BATCH_01]","0","Exact source row; Batch 01 source proposal; finalization candidate; OM-R06=B; OM-R07=B; OM-R10=A Canonical existence does not authorize runtime assignment or pilot activation; professional/policy gate remains open."
"CANONICAL-000476","Züccaciye & Mutfak","Tencere, Tava & Pişirme Kapları","Tencereler","Standart Tencereler","L4","YES","CANONICAL-000475","CONFIRMED — PRODUCT OWNER FINAL — CANONICAL V1","REGULATED","YES","NO","NO","docs/TAXONOMY_W33_RESOLVED_UNIFIED_CANDIDATE_TREE.csv [BATCH_01]","1","Exact source row; Batch 01 source proposal; finalization candidate; OM-R06=B; OM-R07=B; OM-R10=A Canonical existence does not authorize runtime assignment or pilot activation; professional/policy gate remains open."
"CANONICAL-000477","Züccaciye & Mutfak","Tencere, Tava & Pişirme Kapları","Tencereler","Düdüklü Tencereler","L4","YES","CANONICAL-000475","CONFIRMED — PRODUCT OWNER FINAL — CANONICAL V1","REGULATED","YES","NO","NO","docs/TAXONOMY_W33_RESOLVED_UNIFIED_CANDIDATE_TREE.csv [BATCH_01]","1","Exact source row; Batch 01 source proposal; finalization candidate; OM-R06=B; OM-R07=B; OM-R10=A Canonical existence does not authorize runtime assignment or pilot activation; professional/policy gate remains open."
"CANONICAL-000478","Züccaciye & Mutfak","Tencere, Tava & Pişirme Kapları","Tavalar & Sahanlar","","L3","YES","CANONICAL-000474","CONFIRMED — PRODUCT OWNER FINAL — CANONICAL V1","REGULATED","YES","NO","NO","docs/TAXONOMY_W33_RESOLVED_UNIFIED_CANDIDATE_TREE.csv [BATCH_01]","1","Exact source row; Batch 01 source proposal; finalization candidate; OM-R06=B; OM-R07=B; OM-R10=A Canonical existence does not authorize runtime assignment or pilot activation; professional/policy gate remains open."
"CANONICAL-000479","Züccaciye & Mutfak","Tencere, Tava & Pişirme Kapları","Wok","","L3","YES","CANONICAL-000474","CONFIRMED — PRODUCT OWNER FINAL — CANONICAL V1","REGULATED","YES","NO","NO","docs/TAXONOMY_W33_RESOLVED_UNIFIED_CANDIDATE_TREE.csv [BATCH_01]","0","Exact source row; Batch 01 source proposal; finalization candidate; OM-R06=B; OM-R07=B; OM-R10=A Canonical existence does not authorize runtime assignment or pilot activation; professional/policy gate remains open."
"CANONICAL-000480","Züccaciye & Mutfak","Fırınlama & Pişirme Gereçleri","","","L2","NO","CANONICAL-000473","CONFIRMED — PRODUCT OWNER FINAL — CANONICAL V1","REGULATED","YES","NO","NO","docs/TAXONOMY_W33_RESOLVED_UNIFIED_CANDIDATE_TREE.csv [BATCH_01]","1","Exact source row; Batch 01 source proposal; finalization candidate; OM-R06=B; OM-R07=B; OM-R10=A Canonical existence does not authorize runtime assignment or pilot activation; professional/policy gate remains open."
"CANONICAL-000481","Züccaciye & Mutfak","Fırınlama & Pişirme Gereçleri","Fırın Kapları","","L3","YES","CANONICAL-000480","CONFIRMED — PRODUCT OWNER FINAL — CANONICAL V1","REGULATED","YES","NO","NO","docs/TAXONOMY_W33_RESOLVED_UNIFIED_CANDIDATE_TREE.csv [BATCH_01]","1","Exact source row; Batch 01 source proposal; finalization candidate; OM-R06=B; OM-R07=B; OM-R10=A Canonical existence does not authorize runtime assignment or pilot activation; professional/policy gate remains open."
"CANONICAL-000482","Züccaciye & Mutfak","Fırınlama & Pişirme Gereçleri","Fırın Tepsileri","","L3","YES","CANONICAL-000480","CONFIRMED — PRODUCT OWNER FINAL — CANONICAL V1","REGULATED","YES","NO","NO","docs/TAXONOMY_W33_RESOLVED_UNIFIED_CANDIDATE_TREE.csv [BATCH_01]","1","Exact source row; Batch 01 source proposal; finalization candidate; OM-R06=B; OM-R07=B; OM-R10=A Canonical existence does not authorize runtime assignment or pilot activation; professional/policy gate remains open."
"CANONICAL-000483","Züccaciye & Mutfak","Fırınlama & Pişirme Gereçleri","Kek & Pasta Kalıpları","","L3","YES","CANONICAL-000480","CONFIRMED — PRODUCT OWNER FINAL — CANONICAL V1","REGULATED","YES","NO","NO","docs/TAXONOMY_W33_RESOLVED_UNIFIED_CANDIDATE_TREE.csv [BATCH_01]","1","Exact source row; Batch 01 source proposal; finalization candidate; OM-R06=B; OM-R07=B; OM-R10=A Canonical existence does not authorize runtime assignment or pilot activation; professional/policy gate remains open."
"CANONICAL-000484","Züccaciye & Mutfak","Fırınlama & Pişirme Gereçleri","Fırın Matı & Pişirme Kağıdı","","L3","YES","CANONICAL-000480","CONFIRMED — PRODUCT OWNER FINAL — CANONICAL V1","REGULATED","YES","NO","NO","docs/TAXONOMY_W33_RESOLVED_UNIFIED_CANDIDATE_TREE.csv [BATCH_01]","0","Exact source row; Batch 01 source proposal; finalization candidate; OM-R06=B; OM-R07=B; OM-R10=A Canonical existence does not authorize runtime assignment or pilot activation; professional/policy gate remains open."
"CANONICAL-000485","Züccaciye & Mutfak","Mutfak Hazırlık Gereçleri","","","L2","NO","CANONICAL-000473","CONFIRMED — PRODUCT OWNER FINAL — CANONICAL V1","REGULATED","YES","NO","NO","docs/TAXONOMY_W33_RESOLVED_UNIFIED_CANDIDATE_TREE.csv [BATCH_01]","1","Exact source row; Batch 01 source proposal; finalization candidate; OM-R06=B; OM-R07=B; OM-R10=A Canonical existence does not authorize runtime assignment or pilot activation; professional/policy gate remains open."
"CANONICAL-000486","Züccaciye & Mutfak","Mutfak Hazırlık Gereçleri","Rende, Soyacak & Dilimleyici","","L3","YES","CANONICAL-000485","CONFIRMED — PRODUCT OWNER FINAL — CANONICAL V1","REGULATED","YES","NO","NO","docs/TAXONOMY_W33_RESOLVED_UNIFIED_CANDIDATE_TREE.csv [BATCH_01]","1","Exact source row; Batch 01 source proposal; finalization candidate; OM-R06=B; OM-R07=B; OM-R10=A Canonical existence does not authorize runtime assignment or pilot activation; professional/policy gate remains open."
"CANONICAL-000487","Züccaciye & Mutfak","Mutfak Hazırlık Gereçleri","Süzgeç & Elek","","L3","YES","CANONICAL-000485","CONFIRMED — PRODUCT OWNER FINAL — CANONICAL V1","REGULATED","YES","NO","NO","docs/TAXONOMY_W33_RESOLVED_UNIFIED_CANDIDATE_TREE.csv [BATCH_01]","0","Exact source row; Batch 01 source proposal; finalization candidate; OM-R06=B; OM-R07=B; OM-R10=A Canonical existence does not authorize runtime assignment or pilot activation; professional/policy gate remains open."
"CANONICAL-000488","Züccaciye & Mutfak","Mutfak Hazırlık Gereçleri","Karıştırma Kabı","","L3","YES","CANONICAL-000485","CONFIRMED — PRODUCT OWNER FINAL — CANONICAL V1","REGULATED","YES","NO","NO","docs/TAXONOMY_W33_RESOLVED_UNIFIED_CANDIDATE_TREE.csv [BATCH_01]","1","Exact source row; Batch 01 source proposal; finalization candidate; OM-R06=B; OM-R07=B; OM-R10=A Canonical existence does not authorize runtime assignment or pilot activation; professional/policy gate remains open."
"CANONICAL-000489","Züccaciye & Mutfak","Mutfak Hazırlık Gereçleri","Ölçü Gereçleri","","L3","YES","CANONICAL-000485","CONFIRMED — PRODUCT OWNER FINAL — CANONICAL V1","REGULATED","YES","NO","NO","docs/TAXONOMY_W33_RESOLVED_UNIFIED_CANDIDATE_TREE.csv [BATCH_01]","1","Exact source row; Batch 01 source proposal; finalization candidate; OM-R06=B; OM-R07=B; OM-R10=A Canonical existence does not authorize runtime assignment or pilot activation; professional/policy gate remains open."
"CANONICAL-000490","Züccaciye & Mutfak","Mutfak Hazırlık Gereçleri","Spatula, Çırpıcı & Karıştırıcı","","L3","YES","CANONICAL-000485","CONFIRMED — PRODUCT OWNER FINAL — CANONICAL V1","REGULATED","YES","NO","NO","docs/TAXONOMY_W33_RESOLVED_UNIFIED_CANDIDATE_TREE.csv [BATCH_01]","1","Exact source row; Batch 01 source proposal; finalization candidate; OM-R06=B; OM-R07=B; OM-R10=A Canonical existence does not authorize runtime assignment or pilot activation; professional/policy gate remains open."
"CANONICAL-000491","Züccaciye & Mutfak","Mutfak Hazırlık Gereçleri","Açacaklar","","L3","YES","CANONICAL-000485","CONFIRMED — PRODUCT OWNER FINAL — CANONICAL V1","REGULATED","YES","NO","NO","docs/TAXONOMY_W33_RESOLVED_UNIFIED_CANDIDATE_TREE.csv [BATCH_01]","0","Exact source row; Batch 01 source proposal; finalization candidate; OM-R06=B; OM-R07=B; OM-R10=A Canonical existence does not authorize runtime assignment or pilot activation; professional/policy gate remains open."
"CANONICAL-000492","Züccaciye & Mutfak","Bıçak & Kesme Gereçleri","","","L2","NO","CANONICAL-000473","CONFIRMED — PRODUCT OWNER FINAL — CANONICAL V1","REGULATED","YES","NO","NO","docs/TAXONOMY_W33_RESOLVED_UNIFIED_CANDIDATE_TREE.csv [BATCH_01]","1","Exact source row; Batch 01 source proposal; finalization candidate; OM-R06=B; OM-R07=B; OM-R10=A Canonical existence does not authorize runtime assignment or pilot activation; professional/policy gate remains open."
"CANONICAL-000493","Züccaciye & Mutfak","Bıçak & Kesme Gereçleri","Mutfak Bıçakları","","L3","NO","CANONICAL-000492","CONFIRMED — PRODUCT OWNER FINAL — CANONICAL V1","REGULATED","YES","NO","NO","docs/TAXONOMY_W33_RESOLVED_UNIFIED_CANDIDATE_TREE.csv [BATCH_01]","0","Exact source row; Batch 01 source proposal; finalization candidate; OM-R06=B; OM-R07=B; OM-R10=A Canonical existence does not authorize runtime assignment or pilot activation; professional/policy gate remains open."
"CANONICAL-000494","Züccaciye & Mutfak","Bıçak & Kesme Gereçleri","Mutfak Bıçakları","Şef Bıçağı","L4","YES","CANONICAL-000493","CONFIRMED — PRODUCT OWNER FINAL — CANONICAL V1","REGULATED","YES","NO","NO","docs/TAXONOMY_W33_RESOLVED_UNIFIED_CANDIDATE_TREE.csv [BATCH_01]","1","Exact source row; Batch 01 source proposal; finalization candidate; OM-R06=B; OM-R07=B; OM-R10=A Canonical existence does not authorize runtime assignment or pilot activation; professional/policy gate remains open."
"CANONICAL-000495","Züccaciye & Mutfak","Bıçak & Kesme Gereçleri","Mutfak Bıçakları","Ekmek Bıçağı","L4","YES","CANONICAL-000493","CONFIRMED — PRODUCT OWNER FINAL — CANONICAL V1","REGULATED","YES","NO","NO","docs/TAXONOMY_W33_RESOLVED_UNIFIED_CANDIDATE_TREE.csv [BATCH_01]","0","Exact source row; Batch 01 source proposal; finalization candidate; OM-R06=B; OM-R07=B; OM-R10=A Canonical existence does not authorize runtime assignment or pilot activation; professional/policy gate remains open."
"CANONICAL-000496","Züccaciye & Mutfak","Bıçak & Kesme Gereçleri","Mutfak Bıçakları","Soyma & Doğrama Bıçağı","L4","YES","CANONICAL-000493","CONFIRMED — PRODUCT OWNER FINAL — CANONICAL V1","REGULATED","YES","NO","NO","docs/TAXONOMY_W33_RESOLVED_UNIFIED_CANDIDATE_TREE.csv [BATCH_01]","0","Exact source row; Batch 01 source proposal; finalization candidate; OM-R06=B; OM-R07=B; OM-R10=A Canonical existence does not authorize runtime assignment or pilot activation; professional/policy gate remains open."
"CANONICAL-000497","Züccaciye & Mutfak","Bıçak & Kesme Gereçleri","Mutfak Makası","","L3","YES","CANONICAL-000492","CONFIRMED — PRODUCT OWNER FINAL — CANONICAL V1","REGULATED","YES","NO","NO","docs/TAXONOMY_W33_RESOLVED_UNIFIED_CANDIDATE_TREE.csv [BATCH_01]","0","Exact source row; Batch 01 source proposal; finalization candidate; OM-R06=B; OM-R07=B; OM-R10=A Canonical existence does not authorize runtime assignment or pilot activation; professional/policy gate remains open."
"CANONICAL-000498","Züccaciye & Mutfak","Bıçak & Kesme Gereçleri","Kesme Tahtası","","L3","YES","CANONICAL-000492","CONFIRMED — PRODUCT OWNER FINAL — CANONICAL V1","REGULATED","YES","NO","NO","docs/TAXONOMY_W33_RESOLVED_UNIFIED_CANDIDATE_TREE.csv [BATCH_01]","1","Exact source row; Batch 01 source proposal; finalization candidate; OM-R06=B; OM-R07=B; OM-R10=A Canonical existence does not authorize runtime assignment or pilot activation; professional/policy gate remains open."
"CANONICAL-000499","Züccaciye & Mutfak","Bıçak & Kesme Gereçleri","Bıçak Bileme Gereçleri","","L3","YES","CANONICAL-000492","CONFIRMED — PRODUCT OWNER FINAL — CANONICAL V1","REGULATED","YES","NO","NO","docs/TAXONOMY_W33_RESOLVED_UNIFIED_CANDIDATE_TREE.csv [BATCH_01]","0","Exact source row; Batch 01 source proposal; finalization candidate; OM-R06=B; OM-R07=B; OM-R10=A Canonical existence does not authorize runtime assignment or pilot activation; professional/policy gate remains open."
"CANONICAL-000500","Züccaciye & Mutfak","Sofra & Yemek Takımları","","","L2","NO","CANONICAL-000473","CONFIRMED — PRODUCT OWNER FINAL — CANONICAL V1","REGULATED","YES","NO","NO","docs/TAXONOMY_W33_RESOLVED_UNIFIED_CANDIDATE_TREE.csv [BATCH_01]","1","Exact source row; Batch 01 source proposal; finalization candidate; OM-R06=B; OM-R07=B; OM-R10=A Canonical existence does not authorize runtime assignment or pilot activation; professional/policy gate remains open."
"CANONICAL-000501","Züccaciye & Mutfak","Sofra & Yemek Takımları","Tabaklar","","L3","YES","CANONICAL-000500","CONFIRMED — PRODUCT OWNER FINAL — CANONICAL V1","REGULATED","YES","NO","NO","docs/TAXONOMY_W33_RESOLVED_UNIFIED_CANDIDATE_TREE.csv [BATCH_01]","1","Exact source row; Batch 01 source proposal; finalization candidate; OM-R06=B; OM-R07=B; OM-R10=A Canonical existence does not authorize runtime assignment or pilot activation; professional/policy gate remains open."
"CANONICAL-000502","Züccaciye & Mutfak","Sofra & Yemek Takımları","Kaseler","","L3","YES","CANONICAL-000500","CONFIRMED — PRODUCT OWNER FINAL — CANONICAL V1","REGULATED","YES","NO","NO","docs/TAXONOMY_W33_RESOLVED_UNIFIED_CANDIDATE_TREE.csv [BATCH_01]","1","Exact source row; Batch 01 source proposal; finalization candidate; OM-R06=B; OM-R07=B; OM-R10=A Canonical existence does not authorize runtime assignment or pilot activation; professional/policy gate remains open."
"CANONICAL-000503","Züccaciye & Mutfak","Sofra & Yemek Takımları","Yemek & Kahvaltı Takımları","","L3","YES","CANONICAL-000500","CONFIRMED — PRODUCT OWNER FINAL — CANONICAL V1","REGULATED","YES","NO","NO","docs/TAXONOMY_W33_RESOLVED_UNIFIED_CANDIDATE_TREE.csv [BATCH_01]","1","Exact source row; Batch 01 source proposal; finalization candidate; OM-R06=B; OM-R07=B; OM-R10=A Canonical existence does not authorize runtime assignment or pilot activation; professional/policy gate remains open."
"CANONICAL-000504","Züccaciye & Mutfak","Sofra & Yemek Takımları","Sosluk & Sunum Kapları","","L3","YES","CANONICAL-000500","CONFIRMED — PRODUCT OWNER FINAL — CANONICAL V1","REGULATED","YES","NO","NO","docs/TAXONOMY_W33_RESOLVED_UNIFIED_CANDIDATE_TREE.csv [BATCH_01]","1","Exact source row; Batch 01 source proposal; finalization candidate; OM-R06=B; OM-R07=B; OM-R10=A Canonical existence does not authorize runtime assignment or pilot activation; professional/policy gate remains open."
"CANONICAL-000505","Züccaciye & Mutfak","Çatal, Kaşık & Servis Gereçleri","","","L2","NO","CANONICAL-000473","CONFIRMED — PRODUCT OWNER FINAL — CANONICAL V1","REGULATED","YES","NO","NO","docs/TAXONOMY_W33_RESOLVED_UNIFIED_CANDIDATE_TREE.csv [BATCH_01]","1","Exact source row; Batch 01 source proposal; finalization candidate; OM-R06=B; OM-R07=B; OM-R10=A Canonical existence does not authorize runtime assignment or pilot activation; professional/policy gate remains open."
"CANONICAL-000506","Züccaciye & Mutfak","Çatal, Kaşık & Servis Gereçleri","Sofra Çatal, Kaşık & Bıçakları","","L3","YES","CANONICAL-000505","CONFIRMED — PRODUCT OWNER FINAL — CANONICAL V1","REGULATED","YES","NO","NO","docs/TAXONOMY_W33_RESOLVED_UNIFIED_CANDIDATE_TREE.csv [BATCH_01]","1","Exact source row; Batch 01 source proposal; finalization candidate; OM-R06=B; OM-R07=B; OM-R10=A Canonical existence does not authorize runtime assignment or pilot activation; professional/policy gate remains open."
"CANONICAL-000507","Züccaciye & Mutfak","Çatal, Kaşık & Servis Gereçleri","Kepçe & Servis Kaşığı","","L3","YES","CANONICAL-000505","CONFIRMED — PRODUCT OWNER FINAL — CANONICAL V1","REGULATED","YES","NO","NO","docs/TAXONOMY_W33_RESOLVED_UNIFIED_CANDIDATE_TREE.csv [BATCH_01]","0","Exact source row; Batch 01 source proposal; finalization candidate; OM-R06=B; OM-R07=B; OM-R10=A Canonical existence does not authorize runtime assignment or pilot activation; professional/policy gate remains open."
"CANONICAL-000508","Züccaciye & Mutfak","Çatal, Kaşık & Servis Gereçleri","Maşa & Servis Aparatları","","L3","YES","CANONICAL-000505","CONFIRMED — PRODUCT OWNER FINAL — CANONICAL V1","REGULATED","YES","NO","NO","docs/TAXONOMY_W33_RESOLVED_UNIFIED_CANDIDATE_TREE.csv [BATCH_01]","0","Exact source row; Batch 01 source proposal; finalization candidate; OM-R06=B; OM-R07=B; OM-R10=A Canonical existence does not authorize runtime assignment or pilot activation; professional/policy gate remains open."
"CANONICAL-000509","Züccaciye & Mutfak","Çatal, Kaşık & Servis Gereçleri","Tepsi & Nihale","","L3","YES","CANONICAL-000505","CONFIRMED — PRODUCT OWNER FINAL — CANONICAL V1","REGULATED","YES","NO","NO","docs/TAXONOMY_W33_RESOLVED_UNIFIED_CANDIDATE_TREE.csv [BATCH_01]","2","Exact source row; Batch 01 source proposal; finalization candidate; OM-R06=B; OM-R07=B; OM-R10=A Canonical existence does not authorize runtime assignment or pilot activation; professional/policy gate remains open."
"CANONICAL-000510","Züccaciye & Mutfak","Bardak, Kupa & İçecek Servisi","","","L2","NO","CANONICAL-000473","CONFIRMED — PRODUCT OWNER FINAL — CANONICAL V1","REGULATED","YES","NO","NO","docs/TAXONOMY_W33_RESOLVED_UNIFIED_CANDIDATE_TREE.csv [BATCH_01]","1","Exact source row; Batch 01 source proposal; finalization candidate; OM-R06=B; OM-R07=B; OM-R10=A Canonical existence does not authorize runtime assignment or pilot activation; professional/policy gate remains open."
"CANONICAL-000511","Züccaciye & Mutfak","Bardak, Kupa & İçecek Servisi","Su & Meşrubat Bardakları","","L3","YES","CANONICAL-000510","CONFIRMED — PRODUCT OWNER FINAL — CANONICAL V1","REGULATED","YES","NO","NO","docs/TAXONOMY_W33_RESOLVED_UNIFIED_CANDIDATE_TREE.csv [BATCH_01]","1","Exact source row; Batch 01 source proposal; finalization candidate; OM-R06=B; OM-R07=B; OM-R10=A Canonical existence does not authorize runtime assignment or pilot activation; professional/policy gate remains open."
"CANONICAL-000512","Züccaciye & Mutfak","Bardak, Kupa & İçecek Servisi","Çay Bardağı & Fincan","","L3","YES","CANONICAL-000510","CONFIRMED — PRODUCT OWNER FINAL — CANONICAL V1","REGULATED","YES","NO","NO","docs/TAXONOMY_W33_RESOLVED_UNIFIED_CANDIDATE_TREE.csv [BATCH_01]","1","Exact source row; Batch 01 source proposal; finalization candidate; OM-R06=B; OM-R07=B; OM-R10=A Canonical existence does not authorize runtime assignment or pilot activation; professional/policy gate remains open."
"CANONICAL-000513","Züccaciye & Mutfak","Bardak, Kupa & İçecek Servisi","Kupa","","L3","YES","CANONICAL-000510","CONFIRMED — PRODUCT OWNER FINAL — CANONICAL V1","REGULATED","YES","NO","NO","docs/TAXONOMY_W33_RESOLVED_UNIFIED_CANDIDATE_TREE.csv [BATCH_01]","1","Exact source row; Batch 01 source proposal; finalization candidate; OM-R06=B; OM-R07=B; OM-R10=A Canonical existence does not authorize runtime assignment or pilot activation; professional/policy gate remains open."
"CANONICAL-000514","Züccaciye & Mutfak","Bardak, Kupa & İçecek Servisi","Sürahi & Karaf","","L3","YES","CANONICAL-000510","CONFIRMED — PRODUCT OWNER FINAL — CANONICAL V1","REGULATED","YES","NO","NO","docs/TAXONOMY_W33_RESOLVED_UNIFIED_CANDIDATE_TREE.csv [BATCH_01]","1","Exact source row; Batch 01 source proposal; finalization candidate; OM-R06=B; OM-R07=B; OM-R10=A Canonical existence does not authorize runtime assignment or pilot activation; professional/policy gate remains open."
"CANONICAL-000515","Züccaciye & Mutfak","Bardak, Kupa & İçecek Servisi","İçecek Takımları","","L3","YES","CANONICAL-000510","CONFIRMED — PRODUCT OWNER FINAL — CANONICAL V1","REGULATED","YES","NO","NO","docs/TAXONOMY_W33_RESOLVED_UNIFIED_CANDIDATE_TREE.csv [BATCH_01]","0","Exact source row; Batch 01 source proposal; finalization candidate; OM-R06=B; OM-R07=B; OM-R10=A Canonical existence does not authorize runtime assignment or pilot activation; professional/policy gate remains open."
"CANONICAL-000516","Züccaciye & Mutfak","Çay & Kahve Demleme Gereçleri","","","L2","NO","CANONICAL-000473","CONFIRMED — PRODUCT OWNER FINAL — CANONICAL V1","REGULATED","YES","NO","NO","docs/TAXONOMY_W33_RESOLVED_UNIFIED_CANDIDATE_TREE.csv [BATCH_01]","1","Exact source row; Batch 01 source proposal; finalization candidate; OM-R06=B; OM-R07=B; OM-R10=A Canonical existence does not authorize runtime assignment or pilot activation; professional/policy gate remains open."
"CANONICAL-000517","Züccaciye & Mutfak","Çay & Kahve Demleme Gereçleri","Çaydanlık","","L3","YES","CANONICAL-000516","CONFIRMED — PRODUCT OWNER FINAL — CANONICAL V1","REGULATED","YES","NO","NO","docs/TAXONOMY_W33_RESOLVED_UNIFIED_CANDIDATE_TREE.csv [BATCH_01]","1","Exact source row; Batch 01 source proposal; finalization candidate; OM-R06=B; OM-R07=B; OM-R10=A Canonical existence does not authorize runtime assignment or pilot activation; professional/policy gate remains open."
"CANONICAL-000518","Züccaciye & Mutfak","Çay & Kahve Demleme Gereçleri","Cezve","","L3","YES","CANONICAL-000516","CONFIRMED — PRODUCT OWNER FINAL — CANONICAL V1","REGULATED","YES","NO","NO","docs/TAXONOMY_W33_RESOLVED_UNIFIED_CANDIDATE_TREE.csv [BATCH_01]","1","Exact source row; Batch 01 source proposal; finalization candidate; OM-R06=B; OM-R07=B; OM-R10=A Canonical existence does not authorize runtime assignment or pilot activation; professional/policy gate remains open."
"CANONICAL-000519","Züccaciye & Mutfak","Çay & Kahve Demleme Gereçleri","French Press","","L3","YES","CANONICAL-000516","CONFIRMED — PRODUCT OWNER FINAL — CANONICAL V1","REGULATED","YES","NO","NO","docs/TAXONOMY_W33_RESOLVED_UNIFIED_CANDIDATE_TREE.csv [BATCH_01]","0","Exact source row; Batch 01 source proposal; finalization candidate; OM-R06=B; OM-R07=B; OM-R10=A Canonical existence does not authorize runtime assignment or pilot activation; professional/policy gate remains open."
"CANONICAL-000520","Züccaciye & Mutfak","Çay & Kahve Demleme Gereçleri","Moka Pot","","L3","YES","CANONICAL-000516","CONFIRMED — PRODUCT OWNER FINAL — CANONICAL V1","REGULATED","YES","NO","NO","docs/TAXONOMY_W33_RESOLVED_UNIFIED_CANDIDATE_TREE.csv [BATCH_01]","0","Exact source row; Batch 01 source proposal; finalization candidate; OM-R06=B; OM-R07=B; OM-R10=A Canonical existence does not authorize runtime assignment or pilot activation; professional/policy gate remains open."
"CANONICAL-000521","Züccaciye & Mutfak","Çay & Kahve Demleme Gereçleri","Pour-Over & Dripper","","L3","YES","CANONICAL-000516","CONFIRMED — PRODUCT OWNER FINAL — CANONICAL V1","REGULATED","YES","NO","NO","docs/TAXONOMY_W33_RESOLVED_UNIFIED_CANDIDATE_TREE.csv [BATCH_01]","0","Exact source row; Batch 01 source proposal; finalization candidate; OM-R06=B; OM-R07=B; OM-R10=A Canonical existence does not authorize runtime assignment or pilot activation; professional/policy gate remains open."
"CANONICAL-000522","Züccaciye & Mutfak","Çay & Kahve Demleme Gereçleri","Manuel Kahve Değirmeni","","L3","YES","CANONICAL-000516","CONFIRMED — PRODUCT OWNER FINAL — CANONICAL V1","REGULATED","YES","NO","NO","docs/TAXONOMY_W33_RESOLVED_UNIFIED_CANDIDATE_TREE.csv [BATCH_01]","0","Exact source row; Batch 01 source proposal; finalization candidate; OM-R06=B; OM-R07=B; OM-R10=A Canonical existence does not authorize runtime assignment or pilot activation; professional/policy gate remains open."
"CANONICAL-000523","Züccaciye & Mutfak","Saklama & Mutfak Düzenleme","","","L2","NO","CANONICAL-000473","CONFIRMED — PRODUCT OWNER FINAL — CANONICAL V1","REGULATED","YES","NO","NO","docs/TAXONOMY_W33_RESOLVED_UNIFIED_CANDIDATE_TREE.csv [BATCH_01]","1","Exact source row; Batch 01 source proposal; finalization candidate; OM-R06=B; OM-R07=B; OM-R10=A Canonical existence does not authorize runtime assignment or pilot activation; professional/policy gate remains open."
"CANONICAL-000524","Züccaciye & Mutfak","Saklama & Mutfak Düzenleme","Gıda Saklama Kapları","","L3","YES","CANONICAL-000523","CONFIRMED — PRODUCT OWNER FINAL — CANONICAL V1","REGULATED","YES","NO","NO","docs/TAXONOMY_W33_RESOLVED_UNIFIED_CANDIDATE_TREE.csv [BATCH_01]","0","Exact source row; Batch 01 source proposal; finalization candidate; OM-R06=B; OM-R07=B; OM-R10=A Canonical existence does not authorize runtime assignment or pilot activation; professional/policy gate remains open."
"CANONICAL-000525","Züccaciye & Mutfak","Saklama & Mutfak Düzenleme","Kavanozlar","","L3","YES","CANONICAL-000523","CONFIRMED — PRODUCT OWNER FINAL — CANONICAL V1","REGULATED","YES","NO","NO","docs/TAXONOMY_W33_RESOLVED_UNIFIED_CANDIDATE_TREE.csv [BATCH_01]","1","Exact source row; Batch 01 source proposal; finalization candidate; OM-R06=B; OM-R07=B; OM-R10=A Canonical existence does not authorize runtime assignment or pilot activation; professional/policy gate remains open."
"CANONICAL-000526","Züccaciye & Mutfak","Saklama & Mutfak Düzenleme","Baharatlık, Yağlık & Sirkelik","","L3","YES","CANONICAL-000523","CONFIRMED — PRODUCT OWNER FINAL — CANONICAL V1","REGULATED","YES","NO","NO","docs/TAXONOMY_W33_RESOLVED_UNIFIED_CANDIDATE_TREE.csv [BATCH_01]","1","Exact source row; Batch 01 source proposal; finalization candidate; OM-R06=B; OM-R07=B; OM-R10=A Canonical existence does not authorize runtime assignment or pilot activation; professional/policy gate remains open."
"CANONICAL-000527","Züccaciye & Mutfak","Saklama & Mutfak Düzenleme","Mutfak Düzenleyiciler","","L3","YES","CANONICAL-000523","CONFIRMED — PRODUCT OWNER FINAL — CANONICAL V1","NORMAL","NO","NO","NO","docs/TAXONOMY_W33_RESOLVED_UNIFIED_CANDIDATE_TREE.csv [BATCH_01]","1","Exact source row; Batch 01 source proposal; finalization candidate; OM-R06=B; OM-R07=B; OM-R10=A"
"CANONICAL-000528","Züccaciye & Mutfak","Saklama & Mutfak Düzenleme","Ekmek Kutusu","","L3","YES","CANONICAL-000523","CONFIRMED — PRODUCT OWNER FINAL — CANONICAL V1","REGULATED","YES","NO","NO","docs/TAXONOMY_W33_RESOLVED_UNIFIED_CANDIDATE_TREE.csv [BATCH_01]","0","Exact source row; Batch 01 source proposal; finalization candidate; OM-R06=B; OM-R07=B; OM-R10=A Canonical existence does not authorize runtime assignment or pilot activation; professional/policy gate remains open."
"CANONICAL-000529","Züccaciye & Mutfak","Termos, Matara & Yiyecek Taşıma","","","L2","NO","CANONICAL-000473","CONFIRMED — PRODUCT OWNER FINAL — CANONICAL V1","REGULATED","YES","NO","NO","docs/TAXONOMY_W33_RESOLVED_UNIFIED_CANDIDATE_TREE.csv [BATCH_01]","1","Exact source row; Batch 01 source proposal; finalization candidate; OM-R06=B; OM-R07=B; OM-R10=A Canonical existence does not authorize runtime assignment or pilot activation; professional/policy gate remains open."
"CANONICAL-000530","Züccaciye & Mutfak","Termos, Matara & Yiyecek Taşıma","Termos","","L3","YES","CANONICAL-000529","CONFIRMED — PRODUCT OWNER FINAL — CANONICAL V1","REGULATED","YES","NO","NO","docs/TAXONOMY_W33_RESOLVED_UNIFIED_CANDIDATE_TREE.csv [BATCH_01]","1","Exact source row; Batch 01 source proposal; finalization candidate; OM-R06=B; OM-R07=B; OM-R10=A Canonical existence does not authorize runtime assignment or pilot activation; professional/policy gate remains open."
"CANONICAL-000531","Züccaciye & Mutfak","Termos, Matara & Yiyecek Taşıma","Matara","","L3","YES","CANONICAL-000529","CONFIRMED — PRODUCT OWNER FINAL — CANONICAL V1","REGULATED","YES","NO","NO","docs/TAXONOMY_W33_RESOLVED_UNIFIED_CANDIDATE_TREE.csv [BATCH_01]","1","Exact source row; Batch 01 source proposal; finalization candidate; OM-R06=B; OM-R07=B; OM-R10=A Canonical existence does not authorize runtime assignment or pilot activation; professional/policy gate remains open."
"CANONICAL-000532","Züccaciye & Mutfak","Termos, Matara & Yiyecek Taşıma","Termal Kupa","","L3","YES","CANONICAL-000529","CONFIRMED — PRODUCT OWNER FINAL — CANONICAL V1","REGULATED","YES","NO","NO","docs/TAXONOMY_W33_RESOLVED_UNIFIED_CANDIDATE_TREE.csv [BATCH_01]","0","Exact source row; Batch 01 source proposal; finalization candidate; OM-R06=B; OM-R07=B; OM-R10=A Canonical existence does not authorize runtime assignment or pilot activation; professional/policy gate remains open."
"CANONICAL-000533","Züccaciye & Mutfak","Termos, Matara & Yiyecek Taşıma","Beslenme Kutusu","","L3","YES","CANONICAL-000529","CONFIRMED — PRODUCT OWNER FINAL — CANONICAL V1","REGULATED","YES","NO","NO","docs/TAXONOMY_W33_RESOLVED_UNIFIED_CANDIDATE_TREE.csv [BATCH_01]","1","Exact source row; Batch 01 source proposal; finalization candidate; OM-R06=B; OM-R07=B; OM-R10=A Canonical existence does not authorize runtime assignment or pilot activation; professional/policy gate remains open."
"CANONICAL-000534","Züccaciye & Mutfak","Termos, Matara & Yiyecek Taşıma","Sefer Tası","","L3","YES","CANONICAL-000529","CONFIRMED — PRODUCT OWNER FINAL — CANONICAL V1","REGULATED","YES","NO","NO","docs/TAXONOMY_W33_RESOLVED_UNIFIED_CANDIDATE_TREE.csv [BATCH_01]","0","Exact source row; Batch 01 source proposal; finalization candidate; OM-R06=B; OM-R07=B; OM-R10=A Canonical existence does not authorize runtime assignment or pilot activation; professional/policy gate remains open."
"CANONICAL-000535","Züccaciye & Mutfak","Termos, Matara & Yiyecek Taşıma","Tüketici Tipi Soğutucu Çanta","","L3","YES","CANONICAL-000529","CONFIRMED — PRODUCT OWNER FINAL — CANONICAL V1","REGULATED","YES","NO","NO","docs/TAXONOMY_W33_RESOLVED_UNIFIED_CANDIDATE_TREE.csv [BATCH_01]","0","Exact source row; Batch 01 source proposal; finalization candidate; OM-R06=B; OM-R07=B; OM-R10=A Canonical existence does not authorize runtime assignment or pilot activation; professional/policy gate remains open."
"CANONICAL-000536","Züccaciye & Mutfak","Mutfak Tekstili","","","L2","NO","CANONICAL-000473","CONFIRMED — PRODUCT OWNER FINAL — CANONICAL V1","NORMAL","YES","NO","NO","docs/TAXONOMY_W33_RESOLVED_UNIFIED_CANDIDATE_TREE.csv [BATCH_01]","1","Exact source row; Batch 01 source proposal; finalization candidate; OM-R06=B; OM-R07=B; OM-R10=A Canonical existence does not authorize runtime assignment or pilot activation; professional/policy gate remains open."
"CANONICAL-000537","Züccaciye & Mutfak","Mutfak Tekstili","Mutfak Önlüğü","","L3","YES","CANONICAL-000536","CONFIRMED — PRODUCT OWNER FINAL — CANONICAL V1","NORMAL","NO","NO","NO","docs/TAXONOMY_W33_RESOLVED_UNIFIED_CANDIDATE_TREE.csv [BATCH_01]","0","Exact source row; Batch 01 source proposal; finalization candidate; OM-R06=B; OM-R07=B; OM-R10=A"
"CANONICAL-000538","Züccaciye & Mutfak","Mutfak Tekstili","Mutfak Havlusu & Kurulama Bezi","","L3","YES","CANONICAL-000536","CONFIRMED — PRODUCT OWNER FINAL — CANONICAL V1","NORMAL","NO","NO","NO","docs/TAXONOMY_W33_RESOLVED_UNIFIED_CANDIDATE_TREE.csv [BATCH_01]","0","Exact source row; Batch 01 source proposal; finalization candidate; OM-R06=B; OM-R07=B; OM-R10=A"
"CANONICAL-000539","Züccaciye & Mutfak","Mutfak Tekstili","Fırın Eldiveni & Tutacak","","L3","YES","CANONICAL-000536","CONFIRMED — PRODUCT OWNER FINAL — CANONICAL V1","NORMAL","YES","NO","NO","docs/TAXONOMY_W33_RESOLVED_UNIFIED_CANDIDATE_TREE.csv [BATCH_01]","0","Exact source row; Batch 01 source proposal; finalization candidate; OM-R06=B; OM-R07=B; OM-R10=A Canonical existence does not authorize runtime assignment or pilot activation; professional/policy gate remains open."
"CANONICAL-000540","Züccaciye & Mutfak","Mutfak Tekstili","Masa Örtüsü, Runner & Peçete","","L3","YES","CANONICAL-000536","CONFIRMED — PRODUCT OWNER FINAL — CANONICAL V1","NORMAL","NO","NO","NO","docs/TAXONOMY_W33_RESOLVED_UNIFIED_CANDIDATE_TREE.csv [BATCH_01]","0","Exact source row; Batch 01 source proposal; finalization candidate; OM-R06=B; OM-R07=B; OM-R10=A"
"CANONICAL-000541","Yapı, Hırdavat & Tesisat","","","","L1","NO","","CONFIRMED — PRODUCT OWNER FINAL — CANONICAL V1","NORMAL","NO","NO","YES","docs/ESNAFTAVAR_CANONICAL_CATEGORY_TAXONOMY.md","1","Canonical L1 root; never product-assignable; pilot activation requires at least one eligible descendant and a separate runtime decision."
"CANONICAL-000542","Yapı, Hırdavat & Tesisat","El Aletleri & Atölye Ekipmanları","","","L2","NO","CANONICAL-000541","CONFIRMED — PRODUCT OWNER FINAL — CANONICAL V1","NORMAL","NO","NO","YES","docs/TAXONOMY_W33_RESOLVED_UNIFIED_CANDIDATE_TREE.csv [BATCH_01]","1","Exact source row; Batch 01 source proposal; finalization candidate; OM-R06=B; OM-R07=B; OM-R10=A"
"CANONICAL-000543","Yapı, Hırdavat & Tesisat","El Aletleri & Atölye Ekipmanları","Tornavida & Anahtarlar","","L3","YES","CANONICAL-000542","CONFIRMED — PRODUCT OWNER FINAL — CANONICAL V1","NORMAL","NO","YES","YES","docs/TAXONOMY_W33_RESOLVED_UNIFIED_CANDIDATE_TREE.csv [BATCH_01]","1","Exact source row; Batch 01 source proposal; finalization candidate; OM-R06=B; OM-R07=B; OM-R10=A"
"CANONICAL-000544","Yapı, Hırdavat & Tesisat","El Aletleri & Atölye Ekipmanları","Pense, Kerpeten & Kesiciler","","L3","YES","CANONICAL-000542","CONFIRMED — PRODUCT OWNER FINAL — CANONICAL V1","NORMAL","NO","YES","YES","docs/TAXONOMY_W33_RESOLVED_UNIFIED_CANDIDATE_TREE.csv [BATCH_01]","1","Exact source row; Batch 01 source proposal; finalization candidate; OM-R06=B; OM-R07=B; OM-R10=A"
"CANONICAL-000545","Yapı, Hırdavat & Tesisat","El Aletleri & Atölye Ekipmanları","Çekiç & Tokmaklar","","L3","YES","CANONICAL-000542","CONFIRMED — PRODUCT OWNER FINAL — CANONICAL V1","NORMAL","NO","YES","YES","docs/TAXONOMY_W33_RESOLVED_UNIFIED_CANDIDATE_TREE.csv [BATCH_01]","1","Exact source row; Batch 01 source proposal; finalization candidate; OM-R06=B; OM-R07=B; OM-R10=A"
"CANONICAL-000546","Yapı, Hırdavat & Tesisat","El Aletleri & Atölye Ekipmanları","El Testeresi, Eğe & Raspalar","","L3","YES","CANONICAL-000542","CONFIRMED — PRODUCT OWNER FINAL — CANONICAL V1","NORMAL","NO","YES","YES","docs/TAXONOMY_W33_RESOLVED_UNIFIED_CANDIDATE_TREE.csv [BATCH_01]","1","Exact source row; Batch 01 source proposal; finalization candidate; OM-R06=B; OM-R07=B; OM-R10=A"
"CANONICAL-000547","Yapı, Hırdavat & Tesisat","El Aletleri & Atölye Ekipmanları","Mengene & Kelepçeler","","L3","YES","CANONICAL-000542","CONFIRMED — PRODUCT OWNER FINAL — CANONICAL V1","NORMAL","NO","YES","YES","docs/TAXONOMY_W33_RESOLVED_UNIFIED_CANDIDATE_TREE.csv [BATCH_01]","0","Exact source row; Batch 01 source proposal; finalization candidate; OM-R06=B; OM-R07=B; OM-R10=A"
"CANONICAL-000548","Yapı, Hırdavat & Tesisat","El Aletleri & Atölye Ekipmanları","Takım Çantası & Atölye Düzenleme","","L3","YES","CANONICAL-000542","CONFIRMED — PRODUCT OWNER FINAL — CANONICAL V1","NORMAL","NO","YES","YES","docs/TAXONOMY_W33_RESOLVED_UNIFIED_CANDIDATE_TREE.csv [BATCH_01]","0","Exact source row; Batch 01 source proposal; finalization candidate; OM-R06=B; OM-R07=B; OM-R10=A"
"CANONICAL-000549","Yapı, Hırdavat & Tesisat","Elektrikli & Akülü El Aletleri","","","L2","NO","CANONICAL-000541","CONFIRMED — PRODUCT OWNER FINAL — CANONICAL V1","REGULATED","YES","NO","NO","docs/TAXONOMY_W33_RESOLVED_UNIFIED_CANDIDATE_TREE.csv [BATCH_01]","1","Exact source row; Batch 01 source proposal; finalization candidate; OM-R06=B; OM-R07=B; OM-R10=A Canonical existence does not authorize runtime assignment or pilot activation; professional/policy gate remains open."
"CANONICAL-000550","Yapı, Hırdavat & Tesisat","Elektrikli & Akülü El Aletleri","Matkap & Vidalama","","L3","YES","CANONICAL-000549","CONFIRMED — PRODUCT OWNER FINAL — CANONICAL V1","REGULATED","YES","NO","NO","docs/TAXONOMY_W33_RESOLVED_UNIFIED_CANDIDATE_TREE.csv [BATCH_01]","1","Exact source row; Batch 01 source proposal; finalization candidate; OM-R06=B; OM-R07=B; OM-R10=A Canonical existence does not authorize runtime assignment or pilot activation; professional/policy gate remains open."
"CANONICAL-000551","Yapı, Hırdavat & Tesisat","Elektrikli & Akülü El Aletleri","Taşlama & Polisaj","","L3","YES","CANONICAL-000549","CONFIRMED — PRODUCT OWNER FINAL — CANONICAL V1","REGULATED","YES","NO","NO","docs/TAXONOMY_W33_RESOLVED_UNIFIED_CANDIDATE_TREE.csv [BATCH_01]","1","Exact source row; Batch 01 source proposal; finalization candidate; OM-R06=B; OM-R07=B; OM-R10=A Canonical existence does not authorize runtime assignment or pilot activation; professional/policy gate remains open."
"CANONICAL-000552","Yapı, Hırdavat & Tesisat","Elektrikli & Akülü El Aletleri","Elektrikli Testereler","","L3","YES","CANONICAL-000549","CONFIRMED — PRODUCT OWNER FINAL — CANONICAL V1","REGULATED","YES","NO","NO","docs/TAXONOMY_W33_RESOLVED_UNIFIED_CANDIDATE_TREE.csv [BATCH_01]","1","Exact source row; Batch 01 source proposal; finalization candidate; OM-R06=B; OM-R07=B; OM-R10=A Canonical existence does not authorize runtime assignment or pilot activation; professional/policy gate remains open."
"CANONICAL-000553","Yapı, Hırdavat & Tesisat","Elektrikli & Akülü El Aletleri","Zımpara Makineleri","","L3","YES","CANONICAL-000549","CONFIRMED — PRODUCT OWNER FINAL — CANONICAL V1","REGULATED","YES","NO","NO","docs/TAXONOMY_W33_RESOLVED_UNIFIED_CANDIDATE_TREE.csv [BATCH_01]","1","Exact source row; Batch 01 source proposal; finalization candidate; OM-R06=B; OM-R07=B; OM-R10=A Canonical existence does not authorize runtime assignment or pilot activation; professional/policy gate remains open."
"CANONICAL-000554","Yapı, Hırdavat & Tesisat","Elektrikli & Akülü El Aletleri","Freze & Planya","","L3","YES","CANONICAL-000549","CONFIRMED — PRODUCT OWNER FINAL — CANONICAL V1","REGULATED","YES","NO","NO","docs/TAXONOMY_W33_RESOLVED_UNIFIED_CANDIDATE_TREE.csv [BATCH_01]","0","Exact source row; Batch 01 source proposal; finalization candidate; OM-R06=B; OM-R07=B; OM-R10=A Canonical existence does not authorize runtime assignment or pilot activation; professional/policy gate remains open."
"CANONICAL-000555","Yapı, Hırdavat & Tesisat","Elektrikli & Akülü El Aletleri","Kompresör & Pnömatik Aletler","","L3","YES","CANONICAL-000549","CONFIRMED — PRODUCT OWNER FINAL — CANONICAL V1","REGULATED","YES","NO","NO","docs/TAXONOMY_W33_RESOLVED_UNIFIED_CANDIDATE_TREE.csv [BATCH_01]","0","Exact source row; Batch 01 source proposal; finalization candidate; OM-R06=B; OM-R07=B; OM-R10=A Canonical existence does not authorize runtime assignment or pilot activation; professional/policy gate remains open."
"CANONICAL-000556","Yapı, Hırdavat & Tesisat","Alet Uçları, Aksesuarları & Sarfları","","","L2","NO","CANONICAL-000541","CONFIRMED — PRODUCT OWNER FINAL — CANONICAL V1","REGULATED","YES","NO","NO","docs/TAXONOMY_W33_RESOLVED_UNIFIED_CANDIDATE_TREE.csv [BATCH_01]","2","Exact source row; Batch 01 source proposal; finalization candidate; OM-R06=B; OM-R07=B; OM-R10=A Canonical existence does not authorize runtime assignment or pilot activation; professional/policy gate remains open."
"CANONICAL-000557","Yapı, Hırdavat & Tesisat","Alet Uçları, Aksesuarları & Sarfları","Matkap Uçları","","L3","YES","CANONICAL-000556","CONFIRMED — PRODUCT OWNER FINAL — CANONICAL V1","NORMAL","NO","NO","NO","docs/TAXONOMY_W33_RESOLVED_UNIFIED_CANDIDATE_TREE.csv [BATCH_01]","0","Exact source row; Batch 01 source proposal; finalization candidate; OM-R06=B; OM-R07=B; OM-R10=A"
"CANONICAL-000558","Yapı, Hırdavat & Tesisat","Alet Uçları, Aksesuarları & Sarfları","Vidalama Uçları","","L3","YES","CANONICAL-000556","CONFIRMED — PRODUCT OWNER FINAL — CANONICAL V1","NORMAL","NO","NO","NO","docs/TAXONOMY_W33_RESOLVED_UNIFIED_CANDIDATE_TREE.csv [BATCH_01]","0","Exact source row; Batch 01 source proposal; finalization candidate; OM-R06=B; OM-R07=B; OM-R10=A"
"CANONICAL-000559","Yapı, Hırdavat & Tesisat","Alet Uçları, Aksesuarları & Sarfları","Testere Bıçakları","","L3","YES","CANONICAL-000556","CONFIRMED — PRODUCT OWNER FINAL — CANONICAL V1","REGULATED","YES","NO","NO","docs/TAXONOMY_W33_RESOLVED_UNIFIED_CANDIDATE_TREE.csv [BATCH_01]","0","Exact source row; Batch 01 source proposal; finalization candidate; OM-R06=B; OM-R07=B; OM-R10=A Canonical existence does not authorize runtime assignment or pilot activation; professional/policy gate remains open."
"CANONICAL-000560","Yapı, Hırdavat & Tesisat","Alet Uçları, Aksesuarları & Sarfları","Taşlama & Kesme Diskleri","","L3","YES","CANONICAL-000556","CONFIRMED — PRODUCT OWNER FINAL — CANONICAL V1","REGULATED","YES","NO","NO","docs/TAXONOMY_W33_RESOLVED_UNIFIED_CANDIDATE_TREE.csv [BATCH_01]","0","Exact source row; Batch 01 source proposal; finalization candidate; OM-R06=B; OM-R07=B; OM-R10=A Canonical existence does not authorize runtime assignment or pilot activation; professional/policy gate remains open."
"CANONICAL-000561","Yapı, Hırdavat & Tesisat","Alet Uçları, Aksesuarları & Sarfları","Zımpara Sarfları","","L3","YES","CANONICAL-000556","CONFIRMED — PRODUCT OWNER FINAL — CANONICAL V1","NORMAL","NO","NO","NO","docs/TAXONOMY_W33_RESOLVED_UNIFIED_CANDIDATE_TREE.csv [BATCH_01]","0","Exact source row; Batch 01 source proposal; finalization candidate; OM-R06=B; OM-R07=B; OM-R10=A"
"CANONICAL-000562","Yapı, Hırdavat & Tesisat","Alet Uçları, Aksesuarları & Sarfları","Alete Özgü Batarya & Şarj Cihazı","","L3","YES","CANONICAL-000556","CONFIRMED — PRODUCT OWNER FINAL — CANONICAL V1","REGULATED","YES","NO","NO","docs/TAXONOMY_W33_RESOLVED_UNIFIED_CANDIDATE_TREE.csv [BATCH_01]","0","Exact source row; Batch 01 source proposal; finalization candidate; OM-R06=B; OM-R07=B; OM-R10=A Canonical existence does not authorize runtime assignment or pilot activation; professional/policy gate remains open."
"CANONICAL-000563","Yapı, Hırdavat & Tesisat","Bağlantı Elemanları & Nalburiye","","","L2","NO","CANONICAL-000541","CONFIRMED — PRODUCT OWNER FINAL — CANONICAL V1","NORMAL","YES","NO","NO","docs/TAXONOMY_W33_RESOLVED_UNIFIED_CANDIDATE_TREE.csv [BATCH_01]","1","Exact source row; Batch 01 source proposal; finalization candidate; OM-R06=B; OM-R07=B; OM-R10=A Canonical existence does not authorize runtime assignment or pilot activation; professional/policy gate remains open."
"CANONICAL-000564","Yapı, Hırdavat & Tesisat","Bağlantı Elemanları & Nalburiye","Vida, Çivi & Dübel","","L3","YES","CANONICAL-000563","CONFIRMED — PRODUCT OWNER FINAL — CANONICAL V1","NORMAL","NO","NO","NO","docs/TAXONOMY_W33_RESOLVED_UNIFIED_CANDIDATE_TREE.csv [BATCH_01]","1","Exact source row; Batch 01 source proposal; finalization candidate; OM-R06=B; OM-R07=B; OM-R10=A"
"CANONICAL-000565","Yapı, Hırdavat & Tesisat","Bağlantı Elemanları & Nalburiye","Somun, Cıvata & Rondela","","L3","YES","CANONICAL-000563","CONFIRMED — PRODUCT OWNER FINAL — CANONICAL V1","NORMAL","NO","NO","NO","docs/TAXONOMY_W33_RESOLVED_UNIFIED_CANDIDATE_TREE.csv [BATCH_01]","1","Exact source row; Batch 01 source proposal; finalization candidate; OM-R06=B; OM-R07=B; OM-R10=A"
"CANONICAL-000566","Yapı, Hırdavat & Tesisat","Bağlantı Elemanları & Nalburiye","Halat, Zincir & Kanca","","L3","YES","CANONICAL-000563","CONFIRMED — PRODUCT OWNER FINAL — CANONICAL V1","NORMAL","YES","NO","NO","docs/TAXONOMY_W33_RESOLVED_UNIFIED_CANDIDATE_TREE.csv [BATCH_01]","1","Exact source row; Batch 01 source proposal; finalization candidate; OM-R06=B; OM-R07=B; OM-R10=A Canonical existence does not authorize runtime assignment or pilot activation; professional/policy gate remains open."
"CANONICAL-000567","Yapı, Hırdavat & Tesisat","Bağlantı Elemanları & Nalburiye","Köşebent, Plaka & Montaj Elemanları","","L3","YES","CANONICAL-000563","CONFIRMED — PRODUCT OWNER FINAL — CANONICAL V1","NORMAL","NO","NO","NO","docs/TAXONOMY_W33_RESOLVED_UNIFIED_CANDIDATE_TREE.csv [BATCH_01]","0","Exact source row; Batch 01 source proposal; finalization candidate; OM-R06=B; OM-R07=B; OM-R10=A"
"CANONICAL-000568","Yapı, Hırdavat & Tesisat","Bağlantı Elemanları & Nalburiye","Zımba & Perçin","","L3","YES","CANONICAL-000563","CONFIRMED — PRODUCT OWNER FINAL — CANONICAL V1","NORMAL","NO","NO","NO","docs/TAXONOMY_W33_RESOLVED_UNIFIED_CANDIDATE_TREE.csv [BATCH_01]","0","Exact source row; Batch 01 source proposal; finalization candidate; OM-R06=B; OM-R07=B; OM-R10=A"
"CANONICAL-000569","Yapı, Hırdavat & Tesisat","Ölçüm, Test & İşaretleme","","","L2","NO","CANONICAL-000541","CONFIRMED — PRODUCT OWNER FINAL — CANONICAL V1","REGULATED","YES","NO","NO","docs/TAXONOMY_W33_RESOLVED_UNIFIED_CANDIDATE_TREE.csv [BATCH_01]","1","Exact source row; Batch 01 source proposal; finalization candidate; OM-R06=B; OM-R07=B; OM-R10=A Canonical existence does not authorize runtime assignment or pilot activation; professional/policy gate remains open."
"CANONICAL-000570","Yapı, Hırdavat & Tesisat","Ölçüm, Test & İşaretleme","Boyut & Açı Ölçümü","","L3","YES","CANONICAL-000569","CONFIRMED — PRODUCT OWNER FINAL — CANONICAL V1","NORMAL","NO","NO","NO","docs/TAXONOMY_W33_RESOLVED_UNIFIED_CANDIDATE_TREE.csv [BATCH_01]","1","Exact source row; Batch 01 source proposal; finalization candidate; OM-R06=B; OM-R07=B; OM-R10=A"
"CANONICAL-000571","Yapı, Hırdavat & Tesisat","Ölçüm, Test & İşaretleme","Lazer Ölçüm & Terazi","","L3","YES","CANONICAL-000569","CONFIRMED — PRODUCT OWNER FINAL — CANONICAL V1","REGULATED","YES","NO","NO","docs/TAXONOMY_W33_RESOLVED_UNIFIED_CANDIDATE_TREE.csv [BATCH_01]","0","Exact source row; Batch 01 source proposal; finalization candidate; OM-R06=B; OM-R07=B; OM-R10=A Canonical existence does not authorize runtime assignment or pilot activation; professional/policy gate remains open."
"CANONICAL-000572","Yapı, Hırdavat & Tesisat","Ölçüm, Test & İşaretleme","Elektrik Test Cihazları","","L3","YES","CANONICAL-000569","CONFIRMED — PRODUCT OWNER FINAL — CANONICAL V1","REGULATED","YES","NO","NO","docs/TAXONOMY_W33_RESOLVED_UNIFIED_CANDIDATE_TREE.csv [BATCH_01]","0","Exact source row; Batch 01 source proposal; finalization candidate; OM-R06=B; OM-R07=B; OM-R10=A Canonical existence does not authorize runtime assignment or pilot activation; professional/policy gate remains open."
"CANONICAL-000573","Yapı, Hırdavat & Tesisat","Ölçüm, Test & İşaretleme","İşaretleme Gereçleri","","L3","YES","CANONICAL-000569","CONFIRMED — PRODUCT OWNER FINAL — CANONICAL V1","NORMAL","NO","NO","NO","docs/TAXONOMY_W33_RESOLVED_UNIFIED_CANDIDATE_TREE.csv [BATCH_01]","1","Exact source row; Batch 01 source proposal; finalization candidate; OM-R06=B; OM-R07=B; OM-R10=A"
"CANONICAL-000574","Yapı, Hırdavat & Tesisat","Boya, Kaplama & Yüzey Hazırlama","","","L2","NO","CANONICAL-000541","CONFIRMED — PRODUCT OWNER FINAL — CANONICAL V1","REGULATED","YES","NO","NO","docs/TAXONOMY_W33_RESOLVED_UNIFIED_CANDIDATE_TREE.csv [BATCH_01]","1","Exact source row; Batch 01 source proposal; finalization candidate; OM-R06=B; OM-R07=B; OM-R10=A Canonical existence does not authorize runtime assignment or pilot activation; professional/policy gate remains open."
"CANONICAL-000575","Yapı, Hırdavat & Tesisat","Boya, Kaplama & Yüzey Hazırlama","Boyalar","","L3","NO","CANONICAL-000574","CONFIRMED — PRODUCT OWNER FINAL — CANONICAL V1","REGULATED","YES","NO","NO","docs/TAXONOMY_W33_RESOLVED_UNIFIED_CANDIDATE_TREE.csv [BATCH_01]","0","Exact source row; Batch 01 source proposal; finalization candidate; OM-R06=B; OM-R07=B; OM-R10=A Canonical existence does not authorize runtime assignment or pilot activation; professional/policy gate remains open."
"CANONICAL-000576","Yapı, Hırdavat & Tesisat","Boya, Kaplama & Yüzey Hazırlama","Boyalar","Duvar Boyası","L4","YES","CANONICAL-000575","CONFIRMED — PRODUCT OWNER FINAL — CANONICAL V1","REGULATED","YES","NO","NO","docs/TAXONOMY_W33_RESOLVED_UNIFIED_CANDIDATE_TREE.csv [BATCH_01]","1","Exact source row; Batch 01 source proposal; finalization candidate; OM-R06=B; OM-R07=B; OM-R10=A Canonical existence does not authorize runtime assignment or pilot activation; professional/policy gate remains open."
"CANONICAL-000577","Yapı, Hırdavat & Tesisat","Boya, Kaplama & Yüzey Hazırlama","Boyalar","Ahşap & Metal Boyası","L4","YES","CANONICAL-000575","CONFIRMED — PRODUCT OWNER FINAL — CANONICAL V1","REGULATED","YES","NO","NO","docs/TAXONOMY_W33_RESOLVED_UNIFIED_CANDIDATE_TREE.csv [BATCH_01]","1","Exact source row; Batch 01 source proposal; finalization candidate; OM-R06=B; OM-R07=B; OM-R10=A Canonical existence does not authorize runtime assignment or pilot activation; professional/policy gate remains open."
"CANONICAL-000578","Yapı, Hırdavat & Tesisat","Boya, Kaplama & Yüzey Hazırlama","Astar & Koruyucu Kaplama","","L3","YES","CANONICAL-000574","CONFIRMED — PRODUCT OWNER FINAL — CANONICAL V1","REGULATED","YES","NO","NO","docs/TAXONOMY_W33_RESOLVED_UNIFIED_CANDIDATE_TREE.csv [BATCH_01]","0","Exact source row; Batch 01 source proposal; finalization candidate; OM-R06=B; OM-R07=B; OM-R10=A Canonical existence does not authorize runtime assignment or pilot activation; professional/policy gate remains open."
"CANONICAL-000579","Yapı, Hırdavat & Tesisat","Boya, Kaplama & Yüzey Hazırlama","Fırça, Rulo & Boya Aparatı","","L3","YES","CANONICAL-000574","CONFIRMED — PRODUCT OWNER FINAL — CANONICAL V1","NORMAL","NO","NO","NO","docs/TAXONOMY_W33_RESOLVED_UNIFIED_CANDIDATE_TREE.csv [BATCH_01]","1","Exact source row; Batch 01 source proposal; finalization candidate; OM-R06=B; OM-R07=B; OM-R10=A"
"CANONICAL-000580","Yapı, Hırdavat & Tesisat","Boya, Kaplama & Yüzey Hazırlama","Zımpara & Yüzey Hazırlama","","L3","YES","CANONICAL-000574","CONFIRMED — PRODUCT OWNER FINAL — CANONICAL V1","NORMAL","NO","NO","NO","docs/TAXONOMY_W33_RESOLVED_UNIFIED_CANDIDATE_TREE.csv [BATCH_01]","0","Exact source row; Batch 01 source proposal; finalization candidate; OM-R06=B; OM-R07=B; OM-R10=A"
"CANONICAL-000581","Yapı, Hırdavat & Tesisat","Boya, Kaplama & Yüzey Hazırlama","Maskeleme & Yüzey Koruma","","L3","YES","CANONICAL-000574","CONFIRMED — PRODUCT OWNER FINAL — CANONICAL V1","NORMAL","NO","NO","NO","docs/TAXONOMY_W33_RESOLVED_UNIFIED_CANDIDATE_TREE.csv [BATCH_01]","0","Exact source row; Batch 01 source proposal; finalization candidate; OM-R06=B; OM-R07=B; OM-R10=A"
"CANONICAL-000582","Yapı, Hırdavat & Tesisat","Yapıştırıcı, Dolgu & Yapı Kimyasalları","","","L2","NO","CANONICAL-000541","CONFIRMED — PRODUCT OWNER FINAL — CANONICAL V1","LEGAL_REVIEW_REQUIRED","YES","NO","NO","docs/TAXONOMY_W33_RESOLVED_UNIFIED_CANDIDATE_TREE.csv [BATCH_01]","1","Exact source row; Batch 01 source proposal; finalization candidate; OM-R06=B; OM-R07=B; OM-R10=A Canonical existence does not authorize runtime assignment or pilot activation; professional/policy gate remains open."
"CANONICAL-000583","Yapı, Hırdavat & Tesisat","Yapıştırıcı, Dolgu & Yapı Kimyasalları","Genel Amaçlı Yapıştırıcı","","L3","YES","CANONICAL-000582","CONFIRMED — PRODUCT OWNER FINAL — CANONICAL V1","REGULATED","YES","NO","NO","docs/TAXONOMY_W33_RESOLVED_UNIFIED_CANDIDATE_TREE.csv [BATCH_01]","0","Exact source row; Batch 01 source proposal; finalization candidate; OM-R06=B; OM-R07=B; OM-R10=A Canonical existence does not authorize runtime assignment or pilot activation; professional/policy gate remains open."
"CANONICAL-000584","Yapı, Hırdavat & Tesisat","Yapıştırıcı, Dolgu & Yapı Kimyasalları","Yapı Yapıştırıcısı","","L3","YES","CANONICAL-000582","CONFIRMED — PRODUCT OWNER FINAL — CANONICAL V1","REGULATED","YES","NO","NO","docs/TAXONOMY_W33_RESOLVED_UNIFIED_CANDIDATE_TREE.csv [BATCH_01]","0","Exact source row; Batch 01 source proposal; finalization candidate; OM-R06=B; OM-R07=B; OM-R10=A Canonical existence does not authorize runtime assignment or pilot activation; professional/policy gate remains open."
"CANONICAL-000585","Yapı, Hırdavat & Tesisat","Yapıştırıcı, Dolgu & Yapı Kimyasalları","Silikon & Mastik","","L3","YES","CANONICAL-000582","CONFIRMED — PRODUCT OWNER FINAL — CANONICAL V1","REGULATED","YES","NO","NO","docs/TAXONOMY_W33_RESOLVED_UNIFIED_CANDIDATE_TREE.csv [BATCH_01]","1","Exact source row; Batch 01 source proposal; finalization candidate; OM-R06=B; OM-R07=B; OM-R10=A Canonical existence does not authorize runtime assignment or pilot activation; professional/policy gate remains open."
"CANONICAL-000586","Yapı, Hırdavat & Tesisat","Yapıştırıcı, Dolgu & Yapı Kimyasalları","Derz & Dolgu","","L3","YES","CANONICAL-000582","CONFIRMED — PRODUCT OWNER FINAL — CANONICAL V1","REGULATED","YES","NO","NO","docs/TAXONOMY_W33_RESOLVED_UNIFIED_CANDIDATE_TREE.csv [BATCH_01]","1","Exact source row; Batch 01 source proposal; finalization candidate; OM-R06=B; OM-R07=B; OM-R10=A Canonical existence does not authorize runtime assignment or pilot activation; professional/policy gate remains open."
"CANONICAL-000587","Yapı, Hırdavat & Tesisat","Yapıştırıcı, Dolgu & Yapı Kimyasalları","Su Yalıtım Kimyasalları","","L3","YES","CANONICAL-000582","CONFIRMED — PRODUCT OWNER FINAL — CANONICAL V1","REGULATED","YES","NO","NO","docs/TAXONOMY_W33_RESOLVED_UNIFIED_CANDIDATE_TREE.csv [BATCH_01]","1","Exact source row; Batch 01 source proposal; finalization candidate; OM-R06=B; OM-R07=B; OM-R10=A Canonical existence does not authorize runtime assignment or pilot activation; professional/policy gate remains open."
"CANONICAL-000588","Yapı, Hırdavat & Tesisat","Yapıştırıcı, Dolgu & Yapı Kimyasalları","Teknik Sprey & Solvent","","L3","YES","CANONICAL-000582","CONFIRMED — PRODUCT OWNER FINAL — CANONICAL V1","LEGAL_REVIEW_REQUIRED","YES","NO","NO","docs/TAXONOMY_W33_RESOLVED_UNIFIED_CANDIDATE_TREE.csv [BATCH_01]","0","Exact source row; Batch 01 source proposal; finalization candidate; OM-R06=B; OM-R07=B; OM-R10=A Canonical existence does not authorize runtime assignment or pilot activation; professional/policy gate remains open."
"CANONICAL-000589","Yapı, Hırdavat & Tesisat","Yapı Malzemeleri","","","L2","NO","CANONICAL-000541","CONFIRMED — PRODUCT OWNER FINAL — CANONICAL V1","REGULATED","YES","NO","NO","docs/TAXONOMY_W33_RESOLVED_UNIFIED_CANDIDATE_TREE.csv [BATCH_01]","1","Exact source row; Batch 01 source proposal; finalization candidate; OM-R06=B; OM-R07=B; OM-R10=A Canonical existence does not authorize runtime assignment or pilot activation; professional/policy gate remains open."
"CANONICAL-000590","Yapı, Hırdavat & Tesisat","Yapı Malzemeleri","Çimento, Harç & Sıva","","L3","YES","CANONICAL-000589","CONFIRMED — PRODUCT OWNER FINAL — CANONICAL V1","REGULATED","YES","NO","NO","docs/TAXONOMY_W33_RESOLVED_UNIFIED_CANDIDATE_TREE.csv [BATCH_01]","1","Exact source row; Batch 01 source proposal; finalization candidate; OM-R06=B; OM-R07=B; OM-R10=A Canonical existence does not authorize runtime assignment or pilot activation; professional/policy gate remains open."
"CANONICAL-000591","Yapı, Hırdavat & Tesisat","Yapı Malzemeleri","Tuğla & Blok","","L3","YES","CANONICAL-000589","CONFIRMED — PRODUCT OWNER FINAL — CANONICAL V1","REGULATED","YES","NO","NO","docs/TAXONOMY_W33_RESOLVED_UNIFIED_CANDIDATE_TREE.csv [BATCH_01]","0","Exact source row; Batch 01 source proposal; finalization candidate; OM-R06=B; OM-R07=B; OM-R10=A Canonical existence does not authorize runtime assignment or pilot activation; professional/policy gate remains open."
"CANONICAL-000592","Yapı, Hırdavat & Tesisat","Yapı Malzemeleri","Levha & Panel","","L3","YES","CANONICAL-000589","CONFIRMED — PRODUCT OWNER FINAL — CANONICAL V1","REGULATED","YES","NO","NO","docs/TAXONOMY_W33_RESOLVED_UNIFIED_CANDIDATE_TREE.csv [BATCH_01]","0","Exact source row; Batch 01 source proposal; finalization candidate; OM-R06=B; OM-R07=B; OM-R10=A Canonical existence does not authorize runtime assignment or pilot activation; professional/policy gate remains open."
"CANONICAL-000593","Yapı, Hırdavat & Tesisat","Yapı Malzemeleri","Seramik & Zemin Kaplama","","L3","YES","CANONICAL-000589","CONFIRMED — PRODUCT OWNER FINAL — CANONICAL V1","REGULATED","YES","NO","NO","docs/TAXONOMY_W33_RESOLVED_UNIFIED_CANDIDATE_TREE.csv [BATCH_01]","1","Exact source row; Batch 01 source proposal; finalization candidate; OM-R06=B; OM-R07=B; OM-R10=A Canonical existence does not authorize runtime assignment or pilot activation; professional/policy gate remains open."
"CANONICAL-000594","Yapı, Hırdavat & Tesisat","Yapı Malzemeleri","Isı & Ses Yalıtımı","","L3","YES","CANONICAL-000589","CONFIRMED — PRODUCT OWNER FINAL — CANONICAL V1","REGULATED","YES","NO","NO","docs/TAXONOMY_W33_RESOLVED_UNIFIED_CANDIDATE_TREE.csv [BATCH_01]","1","Exact source row; Batch 01 source proposal; finalization candidate; OM-R06=B; OM-R07=B; OM-R10=A Canonical existence does not authorize runtime assignment or pilot activation; professional/policy gate remains open."
"CANONICAL-000595","Yapı, Hırdavat & Tesisat","Yapı Malzemeleri","Çatı & Su Yalıtım Malzemeleri","","L3","YES","CANONICAL-000589","CONFIRMED — PRODUCT OWNER FINAL — CANONICAL V1","REGULATED","YES","NO","NO","docs/TAXONOMY_W33_RESOLVED_UNIFIED_CANDIDATE_TREE.csv [BATCH_01]","1","Exact source row; Batch 01 source proposal; finalization candidate; OM-R06=B; OM-R07=B; OM-R10=A Canonical existence does not authorize runtime assignment or pilot activation; professional/policy gate remains open."
"CANONICAL-000596","Yapı, Hırdavat & Tesisat","Su Tesisatı & Armatürler","","","L2","NO","CANONICAL-000541","CONFIRMED — PRODUCT OWNER FINAL — CANONICAL V1","REGULATED","YES","NO","NO","docs/TAXONOMY_W33_RESOLVED_UNIFIED_CANDIDATE_TREE.csv [BATCH_01]","1","Exact source row; Batch 01 source proposal; finalization candidate; OM-R06=B; OM-R07=B; OM-R10=A Canonical existence does not authorize runtime assignment or pilot activation; professional/policy gate remains open."
"CANONICAL-000597","Yapı, Hırdavat & Tesisat","Su Tesisatı & Armatürler","Musluk, Batarya & Duş Sistemleri","","L3","YES","CANONICAL-000596","CONFIRMED — PRODUCT OWNER FINAL — CANONICAL V1","REGULATED","YES","NO","NO","docs/TAXONOMY_W33_RESOLVED_UNIFIED_CANDIDATE_TREE.csv [BATCH_01]","1","Exact source row; Batch 01 source proposal; finalization candidate; OM-R06=B; OM-R07=B; OM-R10=A Canonical existence does not authorize runtime assignment or pilot activation; professional/policy gate remains open."
"CANONICAL-000598","Yapı, Hırdavat & Tesisat","Su Tesisatı & Armatürler","Vitrifiye & Sıhhi Ürünler","","L3","YES","CANONICAL-000596","CONFIRMED — PRODUCT OWNER FINAL — CANONICAL V1","REGULATED","YES","NO","NO","docs/TAXONOMY_W33_RESOLVED_UNIFIED_CANDIDATE_TREE.csv [BATCH_01]","0","Exact source row; Batch 01 source proposal; finalization candidate; OM-R06=B; OM-R07=B; OM-R10=A Canonical existence does not authorize runtime assignment or pilot activation; professional/policy gate remains open."
"CANONICAL-000599","Yapı, Hırdavat & Tesisat","Su Tesisatı & Armatürler","Boru & Hortum","","L3","YES","CANONICAL-000596","CONFIRMED — PRODUCT OWNER FINAL — CANONICAL V1","REGULATED","YES","NO","NO","docs/TAXONOMY_W33_RESOLVED_UNIFIED_CANDIDATE_TREE.csv [BATCH_01]","1","Exact source row; Batch 01 source proposal; finalization candidate; OM-R06=B; OM-R07=B; OM-R10=A Canonical existence does not authorize runtime assignment or pilot activation; professional/policy gate remains open."
"CANONICAL-000600","Yapı, Hırdavat & Tesisat","Su Tesisatı & Armatürler","Fittings & Bağlantı Parçaları","","L3","YES","CANONICAL-000596","CONFIRMED — PRODUCT OWNER FINAL — CANONICAL V1","REGULATED","YES","NO","NO","docs/TAXONOMY_W33_RESOLVED_UNIFIED_CANDIDATE_TREE.csv [BATCH_01]","1","Exact source row; Batch 01 source proposal; finalization candidate; OM-R06=B; OM-R07=B; OM-R10=A Canonical existence does not authorize runtime assignment or pilot activation; professional/policy gate remains open."
"CANONICAL-000601","Yapı, Hırdavat & Tesisat","Su Tesisatı & Armatürler","Vana & Kontrol Elemanları","","L3","YES","CANONICAL-000596","CONFIRMED — PRODUCT OWNER FINAL — CANONICAL V1","REGULATED","YES","NO","NO","docs/TAXONOMY_W33_RESOLVED_UNIFIED_CANDIDATE_TREE.csv [BATCH_01]","1","Exact source row; Batch 01 source proposal; finalization candidate; OM-R06=B; OM-R07=B; OM-R10=A Canonical existence does not authorize runtime assignment or pilot activation; professional/policy gate remains open."
"CANONICAL-000602","Yapı, Hırdavat & Tesisat","Su Tesisatı & Armatürler","Sifon & Gider Parçaları","","L3","YES","CANONICAL-000596","CONFIRMED — PRODUCT OWNER FINAL — CANONICAL V1","REGULATED","YES","NO","NO","docs/TAXONOMY_W33_RESOLVED_UNIFIED_CANDIDATE_TREE.csv [BATCH_01]","1","Exact source row; Batch 01 source proposal; finalization candidate; OM-R06=B; OM-R07=B; OM-R10=A Canonical existence does not authorize runtime assignment or pilot activation; professional/policy gate remains open."
"CANONICAL-000603","Yapı, Hırdavat & Tesisat","Elektrik Tesisatı Malzemeleri","","","L2","NO","CANONICAL-000541","CONFIRMED — PRODUCT OWNER FINAL — CANONICAL V1","REGULATED","YES","NO","NO","docs/TAXONOMY_W33_RESOLVED_UNIFIED_CANDIDATE_TREE.csv [BATCH_01]","1","Exact source row; Batch 01 source proposal; finalization candidate; OM-R06=B; OM-R07=B; OM-R10=A Canonical existence does not authorize runtime assignment or pilot activation; professional/policy gate remains open."
"CANONICAL-000604","Yapı, Hırdavat & Tesisat","Elektrik Tesisatı Malzemeleri","Anahtar, Priz & Fiş","","L3","YES","CANONICAL-000603","CONFIRMED — PRODUCT OWNER FINAL — CANONICAL V1","REGULATED","YES","NO","NO","docs/TAXONOMY_W33_RESOLVED_UNIFIED_CANDIDATE_TREE.csv [BATCH_01]","1","Exact source row; Batch 01 source proposal; finalization candidate; OM-R06=B; OM-R07=B; OM-R10=A Canonical existence does not authorize runtime assignment or pilot activation; professional/policy gate remains open."
"CANONICAL-000605","Yapı, Hırdavat & Tesisat","Elektrik Tesisatı Malzemeleri","Kablo & İletken","","L3","YES","CANONICAL-000603","CONFIRMED — PRODUCT OWNER FINAL — CANONICAL V1","REGULATED","YES","NO","NO","docs/TAXONOMY_W33_RESOLVED_UNIFIED_CANDIDATE_TREE.csv [BATCH_01]","1","Exact source row; Batch 01 source proposal; finalization candidate; OM-R06=B; OM-R07=B; OM-R10=A Canonical existence does not authorize runtime assignment or pilot activation; professional/policy gate remains open."
"CANONICAL-000606","Yapı, Hırdavat & Tesisat","Elektrik Tesisatı Malzemeleri","Sigorta & Elektrik Panosu","","L3","YES","CANONICAL-000603","CONFIRMED — PRODUCT OWNER FINAL — CANONICAL V1","REGULATED","YES","NO","NO","docs/TAXONOMY_W33_RESOLVED_UNIFIED_CANDIDATE_TREE.csv [BATCH_01]","1","Exact source row; Batch 01 source proposal; finalization candidate; OM-R06=B; OM-R07=B; OM-R10=A Canonical existence does not authorize runtime assignment or pilot activation; professional/policy gate remains open."
"CANONICAL-000607","Yapı, Hırdavat & Tesisat","Elektrik Tesisatı Malzemeleri","Buat, Kablo Kanalı & Borusu","","L3","YES","CANONICAL-000603","CONFIRMED — PRODUCT OWNER FINAL — CANONICAL V1","REGULATED","YES","NO","NO","docs/TAXONOMY_W33_RESOLVED_UNIFIED_CANDIDATE_TREE.csv [BATCH_01]","0","Exact source row; Batch 01 source proposal; finalization candidate; OM-R06=B; OM-R07=B; OM-R10=A Canonical existence does not authorize runtime assignment or pilot activation; professional/policy gate remains open."
"CANONICAL-000608","Yapı, Hırdavat & Tesisat","Elektrik Tesisatı Malzemeleri","Sabit Aydınlatma Tesisat Parçaları","","L3","YES","CANONICAL-000603","CONFIRMED — PRODUCT OWNER FINAL — CANONICAL V1","REGULATED","YES","NO","NO","docs/TAXONOMY_W33_RESOLVED_UNIFIED_CANDIDATE_TREE.csv [BATCH_01]","0","Exact source row; Batch 01 source proposal; finalization candidate; OM-R06=B; OM-R07=B; OM-R10=A Canonical existence does not authorize runtime assignment or pilot activation; professional/policy gate remains open."
"CANONICAL-000609","Yapı, Hırdavat & Tesisat","Isıtma, Gaz & Havalandırma Tesisatı","","","L2","NO","CANONICAL-000541","CONFIRMED — PRODUCT OWNER FINAL — CANONICAL V1","LEGAL_REVIEW_REQUIRED","YES","NO","NO","docs/TAXONOMY_W33_RESOLVED_UNIFIED_CANDIDATE_TREE.csv [BATCH_01]","1","Exact source row; Batch 01 source proposal; finalization candidate; OM-R06=B; OM-R07=B; OM-R10=A Canonical existence does not authorize runtime assignment or pilot activation; professional/policy gate remains open."
"CANONICAL-000610","Yapı, Hırdavat & Tesisat","Isıtma, Gaz & Havalandırma Tesisatı","Radyatör & Radyatör Vanası","","L3","YES","CANONICAL-000609","CONFIRMED — PRODUCT OWNER FINAL — CANONICAL V1","REGULATED","YES","NO","NO","docs/TAXONOMY_W33_RESOLVED_UNIFIED_CANDIDATE_TREE.csv [BATCH_01]","0","Exact source row; Batch 01 source proposal; finalization candidate; OM-R06=B; OM-R07=B; OM-R10=A Canonical existence does not authorize runtime assignment or pilot activation; professional/policy gate remains open."
"CANONICAL-000611","Yapı, Hırdavat & Tesisat","Isıtma, Gaz & Havalandırma Tesisatı","Isıtma Tesisatı Parçaları","","L3","YES","CANONICAL-000609","CONFIRMED — PRODUCT OWNER FINAL — CANONICAL V1","REGULATED","YES","NO","NO","docs/TAXONOMY_W33_RESOLVED_UNIFIED_CANDIDATE_TREE.csv [BATCH_01]","0","Exact source row; Batch 01 source proposal; finalization candidate; OM-R06=B; OM-R07=B; OM-R10=A Canonical existence does not authorize runtime assignment or pilot activation; professional/policy gate remains open."
"CANONICAL-000612","Yapı, Hırdavat & Tesisat","Isıtma, Gaz & Havalandırma Tesisatı","Havalandırma Kanalı & Menfez","","L3","YES","CANONICAL-000609","CONFIRMED — PRODUCT OWNER FINAL — CANONICAL V1","REGULATED","YES","NO","NO","docs/TAXONOMY_W33_RESOLVED_UNIFIED_CANDIDATE_TREE.csv [BATCH_01]","0","Exact source row; Batch 01 source proposal; finalization candidate; OM-R06=B; OM-R07=B; OM-R10=A Canonical existence does not authorize runtime assignment or pilot activation; professional/policy gate remains open."
"CANONICAL-000613","Yapı, Hırdavat & Tesisat","Isıtma, Gaz & Havalandırma Tesisatı","Gaz Fittings & Regülatörleri","","L3","YES","CANONICAL-000609","CONFIRMED — PRODUCT OWNER FINAL — CANONICAL V1","LEGAL_REVIEW_REQUIRED","YES","NO","NO","docs/TAXONOMY_W33_RESOLVED_UNIFIED_CANDIDATE_TREE.csv [BATCH_01]","0","Exact source row; Batch 01 source proposal; finalization candidate; OM-R06=B; OM-R07=B; OM-R10=A Canonical existence does not authorize runtime assignment or pilot activation; professional/policy gate remains open."
"CANONICAL-000614","Yapı, Hırdavat & Tesisat","Isıtma, Gaz & Havalandırma Tesisatı","Baca & Duman Tahliye Parçaları","","L3","YES","CANONICAL-000609","CONFIRMED — PRODUCT OWNER FINAL — CANONICAL V1","LEGAL_REVIEW_REQUIRED","YES","NO","NO","docs/TAXONOMY_W33_RESOLVED_UNIFIED_CANDIDATE_TREE.csv [BATCH_01]","0","Exact source row; Batch 01 source proposal; finalization candidate; OM-R06=B; OM-R07=B; OM-R10=A Canonical existence does not authorize runtime assignment or pilot activation; professional/policy gate remains open."
"CANONICAL-000615","Yapı, Hırdavat & Tesisat","Kilit, Kapı & Pencere Donanımları","","","L2","NO","CANONICAL-000541","CONFIRMED — PRODUCT OWNER FINAL — CANONICAL V1","REGULATED","YES","NO","NO","docs/TAXONOMY_W33_RESOLVED_UNIFIED_CANDIDATE_TREE.csv [BATCH_01]","1","Exact source row; Batch 01 source proposal; finalization candidate; OM-R06=B; OM-R07=B; OM-R10=A Canonical existence does not authorize runtime assignment or pilot activation; professional/policy gate remains open."
"CANONICAL-000616","Yapı, Hırdavat & Tesisat","Kilit, Kapı & Pencere Donanımları","Mekanik Kilit & Silindir","","L3","YES","CANONICAL-000615","CONFIRMED — PRODUCT OWNER FINAL — CANONICAL V1","REGULATED","YES","NO","NO","docs/TAXONOMY_W33_RESOLVED_UNIFIED_CANDIDATE_TREE.csv [BATCH_01]","1","Exact source row; Batch 01 source proposal; finalization candidate; OM-R06=B; OM-R07=B; OM-R10=A Canonical existence does not authorize runtime assignment or pilot activation; professional/policy gate remains open."
"CANONICAL-000617","Yapı, Hırdavat & Tesisat","Kilit, Kapı & Pencere Donanımları","Menteşe","","L3","YES","CANONICAL-000615","CONFIRMED — PRODUCT OWNER FINAL — CANONICAL V1","NORMAL","NO","NO","NO","docs/TAXONOMY_W33_RESOLVED_UNIFIED_CANDIDATE_TREE.csv [BATCH_01]","1","Exact source row; Batch 01 source proposal; finalization candidate; OM-R06=B; OM-R07=B; OM-R10=A"
"CANONICAL-000618","Yapı, Hırdavat & Tesisat","Kilit, Kapı & Pencere Donanımları","Kapı & Pencere Kolu","","L3","YES","CANONICAL-000615","CONFIRMED — PRODUCT OWNER FINAL — CANONICAL V1","NORMAL","NO","NO","NO","docs/TAXONOMY_W33_RESOLVED_UNIFIED_CANDIDATE_TREE.csv [BATCH_01]","0","Exact source row; Batch 01 source proposal; finalization candidate; OM-R06=B; OM-R07=B; OM-R10=A"
"CANONICAL-000619","Yapı, Hırdavat & Tesisat","Kilit, Kapı & Pencere Donanımları","Ray & Kapatma Mekanizmaları","","L3","YES","CANONICAL-000615","CONFIRMED — PRODUCT OWNER FINAL — CANONICAL V1","REGULATED","YES","NO","NO","docs/TAXONOMY_W33_RESOLVED_UNIFIED_CANDIDATE_TREE.csv [BATCH_01]","1","Exact source row; Batch 01 source proposal; finalization candidate; OM-R06=B; OM-R07=B; OM-R10=A Canonical existence does not authorize runtime assignment or pilot activation; professional/policy gate remains open."
"CANONICAL-000620","Yapı, Hırdavat & Tesisat","Kilit, Kapı & Pencere Donanımları","Pencere Donanımları","","L3","YES","CANONICAL-000615","CONFIRMED — PRODUCT OWNER FINAL — CANONICAL V1","NORMAL","NO","NO","NO","docs/TAXONOMY_W33_RESOLVED_UNIFIED_CANDIDATE_TREE.csv [BATCH_01]","0","Exact source row; Batch 01 source proposal; finalization candidate; OM-R06=B; OM-R07=B; OM-R10=A"
"CANONICAL-000621","Yapı, Hırdavat & Tesisat","Kaynak, Lehim & Metal İşleme","","","L2","NO","CANONICAL-000541","CONFIRMED — PRODUCT OWNER FINAL — CANONICAL V1","REGULATED","YES","NO","NO","docs/TAXONOMY_W33_RESOLVED_UNIFIED_CANDIDATE_TREE.csv [BATCH_01]","1","Exact source row; Batch 01 source proposal; finalization candidate; OM-R06=B; OM-R07=B; OM-R10=A Canonical existence does not authorize runtime assignment or pilot activation; professional/policy gate remains open."
"CANONICAL-000622","Yapı, Hırdavat & Tesisat","Kaynak, Lehim & Metal İşleme","Kaynak Makineleri","","L3","YES","CANONICAL-000621","CONFIRMED — PRODUCT OWNER FINAL — CANONICAL V1","REGULATED","YES","NO","NO","docs/TAXONOMY_W33_RESOLVED_UNIFIED_CANDIDATE_TREE.csv [BATCH_01]","1","Exact source row; Batch 01 source proposal; finalization candidate; OM-R06=B; OM-R07=B; OM-R10=A Canonical existence does not authorize runtime assignment or pilot activation; professional/policy gate remains open."
"CANONICAL-000623","Yapı, Hırdavat & Tesisat","Kaynak, Lehim & Metal İşleme","Lehimleme Ekipmanları","","L3","YES","CANONICAL-000621","CONFIRMED — PRODUCT OWNER FINAL — CANONICAL V1","REGULATED","YES","NO","NO","docs/TAXONOMY_W33_RESOLVED_UNIFIED_CANDIDATE_TREE.csv [BATCH_01]","1","Exact source row; Batch 01 source proposal; finalization candidate; OM-R06=B; OM-R07=B; OM-R10=A Canonical existence does not authorize runtime assignment or pilot activation; professional/policy gate remains open."
"CANONICAL-000624","Yapı, Hırdavat & Tesisat","Kaynak, Lehim & Metal İşleme","Kaynak Sarfları","","L3","YES","CANONICAL-000621","CONFIRMED — PRODUCT OWNER FINAL — CANONICAL V1","REGULATED","YES","NO","NO","docs/TAXONOMY_W33_RESOLVED_UNIFIED_CANDIDATE_TREE.csv [BATCH_01]","0","Exact source row; Batch 01 source proposal; finalization candidate; OM-R06=B; OM-R07=B; OM-R10=A Canonical existence does not authorize runtime assignment or pilot activation; professional/policy gate remains open."
"CANONICAL-000625","Yapı, Hırdavat & Tesisat","Kaynak, Lehim & Metal İşleme","Lehimleme Sarfları","","L3","YES","CANONICAL-000621","CONFIRMED — PRODUCT OWNER FINAL — CANONICAL V1","REGULATED","YES","NO","NO","docs/TAXONOMY_W33_RESOLVED_UNIFIED_CANDIDATE_TREE.csv [BATCH_01]","0","Exact source row; Batch 01 source proposal; finalization candidate; OM-R06=B; OM-R07=B; OM-R10=A Canonical existence does not authorize runtime assignment or pilot activation; professional/policy gate remains open."
"CANONICAL-000626","Yapı, Hırdavat & Tesisat","Kaynak, Lehim & Metal İşleme","Metal Kesme & Şekillendirme","","L3","YES","CANONICAL-000621","CONFIRMED — PRODUCT OWNER FINAL — CANONICAL V1","REGULATED","YES","NO","NO","docs/TAXONOMY_W33_RESOLVED_UNIFIED_CANDIDATE_TREE.csv [BATCH_01]","0","Exact source row; Batch 01 source proposal; finalization candidate; OM-R06=B; OM-R07=B; OM-R10=A Canonical existence does not authorize runtime assignment or pilot activation; professional/policy gate remains open."
"CANONICAL-000627","Yapı, Hırdavat & Tesisat","İş Güvenliği & Koruyucu Donanım","","","L2","NO","CANONICAL-000541","CONFIRMED — PRODUCT OWNER FINAL — CANONICAL V1","LEGAL_REVIEW_REQUIRED","YES","NO","NO","docs/TAXONOMY_W33_RESOLVED_UNIFIED_CANDIDATE_TREE.csv [BATCH_01]","1","Exact source row; Batch 01 source proposal; finalization candidate; OM-R06=B; OM-R07=B; OM-R10=A Canonical existence does not authorize runtime assignment or pilot activation; professional/policy gate remains open."
"CANONICAL-000628","Yapı, Hırdavat & Tesisat","İş Güvenliği & Koruyucu Donanım","Baş Koruma","","L3","YES","CANONICAL-000627","CONFIRMED — PRODUCT OWNER FINAL — CANONICAL V1","REGULATED","YES","NO","NO","docs/TAXONOMY_W33_RESOLVED_UNIFIED_CANDIDATE_TREE.csv [BATCH_01]","0","Exact source row; Batch 01 source proposal; finalization candidate; OM-R06=B; OM-R07=B; OM-R10=A Canonical existence does not authorize runtime assignment or pilot activation; professional/policy gate remains open."
"CANONICAL-000629","Yapı, Hırdavat & Tesisat","İş Güvenliği & Koruyucu Donanım","Göz & Yüz Koruma","","L3","YES","CANONICAL-000627","CONFIRMED — PRODUCT OWNER FINAL — CANONICAL V1","REGULATED","YES","NO","NO","docs/TAXONOMY_W33_RESOLVED_UNIFIED_CANDIDATE_TREE.csv [BATCH_01]","0","Exact source row; Batch 01 source proposal; finalization candidate; OM-R06=B; OM-R07=B; OM-R10=A Canonical existence does not authorize runtime assignment or pilot activation; professional/policy gate remains open."
"CANONICAL-000630","Yapı, Hırdavat & Tesisat","İş Güvenliği & Koruyucu Donanım","El Koruma","","L3","YES","CANONICAL-000627","CONFIRMED — PRODUCT OWNER FINAL — CANONICAL V1","REGULATED","YES","NO","NO","docs/TAXONOMY_W33_RESOLVED_UNIFIED_CANDIDATE_TREE.csv [BATCH_01]","0","Exact source row; Batch 01 source proposal; finalization candidate; OM-R06=B; OM-R07=B; OM-R10=A Canonical existence does not authorize runtime assignment or pilot activation; professional/policy gate remains open."
"CANONICAL-000631","Yapı, Hırdavat & Tesisat","İş Güvenliği & Koruyucu Donanım","İşitme Koruma","","L3","YES","CANONICAL-000627","CONFIRMED — PRODUCT OWNER FINAL — CANONICAL V1","REGULATED","YES","NO","NO","docs/TAXONOMY_W33_RESOLVED_UNIFIED_CANDIDATE_TREE.csv [BATCH_01]","0","Exact source row; Batch 01 source proposal; finalization candidate; OM-R06=B; OM-R07=B; OM-R10=A Canonical existence does not authorize runtime assignment or pilot activation; professional/policy gate remains open."
"CANONICAL-000632","Yapı, Hırdavat & Tesisat","İş Güvenliği & Koruyucu Donanım","Solunum Koruma","","L3","YES","CANONICAL-000627","CONFIRMED — PRODUCT OWNER FINAL — CANONICAL V1","REGULATED","YES","NO","NO","docs/TAXONOMY_W33_RESOLVED_UNIFIED_CANDIDATE_TREE.csv [BATCH_01]","0","Exact source row; Batch 01 source proposal; finalization candidate; OM-R06=B; OM-R07=B; OM-R10=A Canonical existence does not authorize runtime assignment or pilot activation; professional/policy gate remains open."
"CANONICAL-000633","Yapı, Hırdavat & Tesisat","İş Güvenliği & Koruyucu Donanım","Yüksekte Çalışma & Düşüş Koruma","","L3","YES","CANONICAL-000627","CONFIRMED — PRODUCT OWNER FINAL — CANONICAL V1","LEGAL_REVIEW_REQUIRED","YES","NO","NO","docs/TAXONOMY_W33_RESOLVED_UNIFIED_CANDIDATE_TREE.csv [BATCH_01]","0","Exact source row; Batch 01 source proposal; finalization candidate; OM-R06=B; OM-R07=B; OM-R10=A Canonical existence does not authorize runtime assignment or pilot activation; professional/policy gate remains open."
"CANONICAL-000634","Yapı, Hırdavat & Tesisat","İş Güvenliği & Koruyucu Donanım","İş Güvenliği Ayakkabıları","","L3","YES","CANONICAL-000627","CONFIRMED — PRODUCT OWNER FINAL — CANONICAL V1","REGULATED","YES","NO","NO","docs/TAXONOMY_W33_RESOLVED_UNIFIED_CANDIDATE_TREE.csv [BATCH_01]","1","Exact source row; Batch 01 source proposal; finalization candidate; OM-R06=B; OM-R07=B; OM-R10=A Canonical existence does not authorize runtime assignment or pilot activation; professional/policy gate remains open."
"CANONICAL-000635","Yapı, Hırdavat & Tesisat","İş Güvenliği & Koruyucu Donanım","Görünürlük & Koruyucu İş Giyimi","","L3","YES","CANONICAL-000627","CONFIRMED — PRODUCT OWNER FINAL — CANONICAL V1","REGULATED","YES","NO","NO","docs/TAXONOMY_W33_RESOLVED_UNIFIED_CANDIDATE_TREE.csv [BATCH_01]","1","Exact source row; Batch 01 source proposal; finalization candidate; OM-R06=B; OM-R07=B; OM-R10=A Canonical existence does not authorize runtime assignment or pilot activation; professional/policy gate remains open."
"CANONICAL-000636","Otomotiv & Motosiklet","","","","L1","NO","","CONFIRMED — PRODUCT OWNER FINAL — CANONICAL V1","NORMAL","NO","NO","YES","docs/ESNAFTAVAR_CANONICAL_CATEGORY_TAXONOMY.md","1","Canonical L1 root; never product-assignable; pilot activation requires at least one eligible descendant and a separate runtime decision."
"CANONICAL-000637","Otomotiv & Motosiklet","Otomobil Yedek Parçaları","","","L2","NO","CANONICAL-000636","CONFIRMED — PRODUCT OWNER FINAL — CANONICAL V1","REGULATED","YES","NO","NO","docs/TAXONOMY_W33_RESOLVED_UNIFIED_CANDIDATE_TREE.csv [BATCH_03]","1","Exact source row; Wave 15 Batch 03 proposal; Wave 32 finalization candidate; OM-R06=B; OM-R07=B; OM-R10=A. Canonical existence does not authorize runtime assignment or pilot activation; professional/policy gate remains open."
"CANONICAL-000638","Otomotiv & Motosiklet","Otomobil Yedek Parçaları","Aktarma Organları","","L3","NO","CANONICAL-000637","CONFIRMED — PRODUCT OWNER FINAL — CANONICAL V1","REGULATED","YES","NO","NO","docs/TAXONOMY_W33_RESOLVED_UNIFIED_CANDIDATE_TREE.csv [BATCH_03]","0","Exact source row; Wave 15 Batch 03 proposal; Wave 32 finalization candidate; OM-R06=B; OM-R07=B; OM-R10=A. Canonical existence does not authorize runtime assignment or pilot activation; professional/policy gate remains open."
"CANONICAL-000639","Otomotiv & Motosiklet","Otomobil Yedek Parçaları","Aktarma Organları","Aks & Mafsal Parçaları","L4","YES","CANONICAL-000638","CONFIRMED — PRODUCT OWNER FINAL — CANONICAL V1","REGULATED","YES","NO","NO","docs/TAXONOMY_W33_RESOLVED_UNIFIED_CANDIDATE_TREE.csv [BATCH_03]","0","Exact source row; Wave 15 Batch 03 proposal; Wave 32 finalization candidate; OM-R06=B; OM-R07=B; OM-R10=A. Canonical existence does not authorize runtime assignment or pilot activation; professional/policy gate remains open."
"CANONICAL-000640","Otomotiv & Motosiklet","Otomobil Yedek Parçaları","Aktarma Organları","Debriyaj Parçaları","L4","YES","CANONICAL-000638","CONFIRMED — PRODUCT OWNER FINAL — CANONICAL V1","REGULATED","YES","NO","NO","docs/TAXONOMY_W33_RESOLVED_UNIFIED_CANDIDATE_TREE.csv [BATCH_03]","0","Exact source row; Wave 15 Batch 03 proposal; Wave 32 finalization candidate; OM-R06=B; OM-R07=B; OM-R10=A. Canonical existence does not authorize runtime assignment or pilot activation; professional/policy gate remains open."
"CANONICAL-000641","Otomotiv & Motosiklet","Otomobil Yedek Parçaları","Aktarma Organları","Şanzıman Parçaları","L4","YES","CANONICAL-000638","CONFIRMED — PRODUCT OWNER FINAL — CANONICAL V1","REGULATED","YES","NO","NO","docs/TAXONOMY_W33_RESOLVED_UNIFIED_CANDIDATE_TREE.csv [BATCH_03]","1","Exact source row; Wave 15 Batch 03 proposal; Wave 32 finalization candidate; OM-R06=B; OM-R07=B; OM-R10=A. Canonical existence does not authorize runtime assignment or pilot activation; professional/policy gate remains open."
"CANONICAL-000642","Otomotiv & Motosiklet","Otomobil Yedek Parçaları","Egzoz Parçaları","","L3","YES","CANONICAL-000637","CONFIRMED — PRODUCT OWNER FINAL — CANONICAL V1","REGULATED","YES","NO","NO","docs/TAXONOMY_W33_RESOLVED_UNIFIED_CANDIDATE_TREE.csv [BATCH_03]","1","Exact source row; Wave 15 Batch 03 proposal; Wave 32 finalization candidate; OM-R06=B; OM-R07=B; OM-R10=A. Canonical existence does not authorize runtime assignment or pilot activation; professional/policy gate remains open."
"CANONICAL-000643","Otomotiv & Motosiklet","Otomobil Yedek Parçaları","Fren Parçaları","","L3","NO","CANONICAL-000637","CONFIRMED — PRODUCT OWNER FINAL — CANONICAL V1","REGULATED","YES","NO","NO","docs/TAXONOMY_W33_RESOLVED_UNIFIED_CANDIDATE_TREE.csv [BATCH_03]","1","Exact source row; Wave 15 Batch 03 proposal; Wave 32 finalization candidate; OM-R06=B; OM-R07=B; OM-R10=A. Canonical existence does not authorize runtime assignment or pilot activation; professional/policy gate remains open."
"CANONICAL-000644","Otomotiv & Motosiklet","Otomobil Yedek Parçaları","Fren Parçaları","Fren Balataları","L4","YES","CANONICAL-000643","CONFIRMED — PRODUCT OWNER FINAL — CANONICAL V1","REGULATED","YES","NO","NO","docs/TAXONOMY_W33_RESOLVED_UNIFIED_CANDIDATE_TREE.csv [BATCH_03]","1","Exact source row; Wave 15 Batch 03 proposal; Wave 32 finalization candidate; OM-R06=B; OM-R07=B; OM-R10=A. Canonical existence does not authorize runtime assignment or pilot activation; professional/policy gate remains open."
"CANONICAL-000645","Otomotiv & Motosiklet","Otomobil Yedek Parçaları","Fren Parçaları","Fren Diskleri & Kampanaları","L4","YES","CANONICAL-000643","CONFIRMED — PRODUCT OWNER FINAL — CANONICAL V1","REGULATED","YES","NO","NO","docs/TAXONOMY_W33_RESOLVED_UNIFIED_CANDIDATE_TREE.csv [BATCH_03]","1","Exact source row; Wave 15 Batch 03 proposal; Wave 32 finalization candidate; OM-R06=B; OM-R07=B; OM-R10=A. Canonical existence does not authorize runtime assignment or pilot activation; professional/policy gate remains open."
"CANONICAL-000646","Otomotiv & Motosiklet","Otomobil Yedek Parçaları","Fren Parçaları","Fren Mekanizması Parçaları","L4","YES","CANONICAL-000643","CONFIRMED — PRODUCT OWNER FINAL — CANONICAL V1","REGULATED","YES","NO","NO","docs/TAXONOMY_W33_RESOLVED_UNIFIED_CANDIDATE_TREE.csv [BATCH_03]","0","Exact source row; Wave 15 Batch 03 proposal; Wave 32 finalization candidate; OM-R06=B; OM-R07=B; OM-R10=A. Canonical existence does not authorize runtime assignment or pilot activation; professional/policy gate remains open."
"CANONICAL-000647","Otomotiv & Motosiklet","Otomobil Yedek Parçaları","Kaporta Parçaları","","L3","YES","CANONICAL-000637","CONFIRMED — PRODUCT OWNER FINAL — CANONICAL V1","REGULATED","YES","NO","NO","docs/TAXONOMY_W33_RESOLVED_UNIFIED_CANDIDATE_TREE.csv [BATCH_03]","1","Exact source row; Wave 15 Batch 03 proposal; Wave 32 finalization candidate; OM-R06=B; OM-R07=B; OM-R10=A. Canonical existence does not authorize runtime assignment or pilot activation; professional/policy gate remains open."
"CANONICAL-000648","Otomotiv & Motosiklet","Otomobil Yedek Parçaları","Motor & Filtre","","L3","NO","CANONICAL-000637","CONFIRMED — PRODUCT OWNER FINAL — CANONICAL V1","REGULATED","YES","NO","NO","docs/TAXONOMY_W33_RESOLVED_UNIFIED_CANDIDATE_TREE.csv [BATCH_03]","0","Exact source row; Wave 15 Batch 03 proposal; Wave 32 finalization candidate; OM-R06=B; OM-R07=B; OM-R10=A. Canonical existence does not authorize runtime assignment or pilot activation; professional/policy gate remains open."
"CANONICAL-000649","Otomotiv & Motosiklet","Otomobil Yedek Parçaları","Motor & Filtre","Hava Filtreleri","L4","YES","CANONICAL-000648","CONFIRMED — PRODUCT OWNER FINAL — CANONICAL V1","REGULATED","YES","NO","NO","docs/TAXONOMY_W33_RESOLVED_UNIFIED_CANDIDATE_TREE.csv [BATCH_03]","1","Exact source row; Wave 15 Batch 03 proposal; Wave 32 finalization candidate; OM-R06=B; OM-R07=B; OM-R10=A. Canonical existence does not authorize runtime assignment or pilot activation; professional/policy gate remains open."
"CANONICAL-000650","Otomotiv & Motosiklet","Otomobil Yedek Parçaları","Motor & Filtre","Kabin Filtreleri","L4","YES","CANONICAL-000648","CONFIRMED — PRODUCT OWNER FINAL — CANONICAL V1","REGULATED","YES","NO","NO","docs/TAXONOMY_W33_RESOLVED_UNIFIED_CANDIDATE_TREE.csv [BATCH_03]","0","Exact source row; Wave 15 Batch 03 proposal; Wave 32 finalization candidate; OM-R06=B; OM-R07=B; OM-R10=A. Canonical existence does not authorize runtime assignment or pilot activation; professional/policy gate remains open."
"CANONICAL-000651","Otomotiv & Motosiklet","Otomobil Yedek Parçaları","Motor & Filtre","Motor Parçaları","L4","YES","CANONICAL-000648","CONFIRMED — PRODUCT OWNER FINAL — CANONICAL V1","REGULATED","YES","NO","NO","docs/TAXONOMY_W33_RESOLVED_UNIFIED_CANDIDATE_TREE.csv [BATCH_03]","3","Exact source row; Wave 15 Batch 03 proposal; Wave 32 finalization candidate; OM-R06=B; OM-R07=B; OM-R10=A. Canonical existence does not authorize runtime assignment or pilot activation; professional/policy gate remains open."
"CANONICAL-000652","Otomotiv & Motosiklet","Otomobil Yedek Parçaları","Motor & Filtre","Yağ Filtreleri","L4","YES","CANONICAL-000648","CONFIRMED — PRODUCT OWNER FINAL — CANONICAL V1","REGULATED","YES","NO","NO","docs/TAXONOMY_W33_RESOLVED_UNIFIED_CANDIDATE_TREE.csv [BATCH_03]","0","Exact source row; Wave 15 Batch 03 proposal; Wave 32 finalization candidate; OM-R06=B; OM-R07=B; OM-R10=A. Canonical existence does not authorize runtime assignment or pilot activation; professional/policy gate remains open."
"CANONICAL-000653","Otomotiv & Motosiklet","Otomobil Yedek Parçaları","Motor & Filtre","Yakıt Filtreleri","L4","YES","CANONICAL-000648","CONFIRMED — PRODUCT OWNER FINAL — CANONICAL V1","REGULATED","YES","NO","NO","docs/TAXONOMY_W33_RESOLVED_UNIFIED_CANDIDATE_TREE.csv [BATCH_03]","0","Exact source row; Wave 15 Batch 03 proposal; Wave 32 finalization candidate; OM-R06=B; OM-R07=B; OM-R10=A. Canonical existence does not authorize runtime assignment or pilot activation; professional/policy gate remains open."
"CANONICAL-000654","Otomotiv & Motosiklet","Otomobil Yedek Parçaları","Süspansiyon & Direksiyon","","L3","NO","CANONICAL-000637","CONFIRMED — PRODUCT OWNER FINAL — CANONICAL V1","REGULATED","YES","NO","NO","docs/TAXONOMY_W33_RESOLVED_UNIFIED_CANDIDATE_TREE.csv [BATCH_03]","0","Exact source row; Wave 15 Batch 03 proposal; Wave 32 finalization candidate; OM-R06=B; OM-R07=B; OM-R10=A. Canonical existence does not authorize runtime assignment or pilot activation; professional/policy gate remains open."
"CANONICAL-000655","Otomotiv & Motosiklet","Otomobil Yedek Parçaları","Süspansiyon & Direksiyon","Amortisör & Yaylar","L4","YES","CANONICAL-000654","CONFIRMED — PRODUCT OWNER FINAL — CANONICAL V1","REGULATED","YES","NO","NO","docs/TAXONOMY_W33_RESOLVED_UNIFIED_CANDIDATE_TREE.csv [BATCH_03]","1","Exact source row; Wave 15 Batch 03 proposal; Wave 32 finalization candidate; OM-R06=B; OM-R07=B; OM-R10=A. Canonical existence does not authorize runtime assignment or pilot activation; professional/policy gate remains open."
"CANONICAL-000656","Otomotiv & Motosiklet","Otomobil Yedek Parçaları","Süspansiyon & Direksiyon","Direksiyon Parçaları","L4","YES","CANONICAL-000654","CONFIRMED — PRODUCT OWNER FINAL — CANONICAL V1","REGULATED","YES","NO","NO","docs/TAXONOMY_W33_RESOLVED_UNIFIED_CANDIDATE_TREE.csv [BATCH_03]","1","Exact source row; Wave 15 Batch 03 proposal; Wave 32 finalization candidate; OM-R06=B; OM-R07=B; OM-R10=A. Canonical existence does not authorize runtime assignment or pilot activation; professional/policy gate remains open."
"CANONICAL-000657","Otomotiv & Motosiklet","Otomobil Yedek Parçaları","Süspansiyon & Direksiyon","Rot, Rotil & Bağlantılar","L4","YES","CANONICAL-000654","CONFIRMED — PRODUCT OWNER FINAL — CANONICAL V1","REGULATED","YES","NO","NO","docs/TAXONOMY_W33_RESOLVED_UNIFIED_CANDIDATE_TREE.csv [BATCH_03]","0","Exact source row; Wave 15 Batch 03 proposal; Wave 32 finalization candidate; OM-R06=B; OM-R07=B; OM-R10=A. Canonical existence does not authorize runtime assignment or pilot activation; professional/policy gate remains open."
"CANONICAL-000658","Otomotiv & Motosiklet","Motosiklet Yedek Parçaları","","","L2","NO","CANONICAL-000636","CONFIRMED — PRODUCT OWNER FINAL — CANONICAL V1","REGULATED","YES","NO","NO","docs/TAXONOMY_W33_RESOLVED_UNIFIED_CANDIDATE_TREE.csv [BATCH_03]","1","Exact source row; Wave 15 Batch 03 proposal; Wave 32 finalization candidate; OM-R06=B; OM-R07=B; OM-R10=A. Canonical existence does not authorize runtime assignment or pilot activation; professional/policy gate remains open."
"CANONICAL-000659","Otomotiv & Motosiklet","Motosiklet Yedek Parçaları","Aktarma & Debriyaj Parçaları","","L3","YES","CANONICAL-000658","CONFIRMED — PRODUCT OWNER FINAL — CANONICAL V1","REGULATED","YES","NO","NO","docs/TAXONOMY_W33_RESOLVED_UNIFIED_CANDIDATE_TREE.csv [BATCH_03]","0","Exact source row; Wave 15 Batch 03 proposal; Wave 32 finalization candidate; OM-R06=B; OM-R07=B; OM-R10=A. Canonical existence does not authorize runtime assignment or pilot activation; professional/policy gate remains open."
"CANONICAL-000660","Otomotiv & Motosiklet","Motosiklet Yedek Parçaları","Aydınlatma Parçaları","","L3","YES","CANONICAL-000658","CONFIRMED — PRODUCT OWNER FINAL — CANONICAL V1","REGULATED","YES","NO","NO","docs/TAXONOMY_W33_RESOLVED_UNIFIED_CANDIDATE_TREE.csv [BATCH_03]","0","Exact source row; Wave 15 Batch 03 proposal; Wave 32 finalization candidate; OM-R06=B; OM-R07=B; OM-R10=A. Canonical existence does not authorize runtime assignment or pilot activation; professional/policy gate remains open."
"CANONICAL-000661","Otomotiv & Motosiklet","Motosiklet Yedek Parçaları","Egzoz Parçaları","","L3","YES","CANONICAL-000658","CONFIRMED — PRODUCT OWNER FINAL — CANONICAL V1","REGULATED","YES","NO","NO","docs/TAXONOMY_W33_RESOLVED_UNIFIED_CANDIDATE_TREE.csv [BATCH_03]","0","Exact source row; Wave 15 Batch 03 proposal; Wave 32 finalization candidate; OM-R06=B; OM-R07=B; OM-R10=A. Canonical existence does not authorize runtime assignment or pilot activation; professional/policy gate remains open."
"CANONICAL-000662","Otomotiv & Motosiklet","Motosiklet Yedek Parçaları","Fren Parçaları","","L3","YES","CANONICAL-000658","CONFIRMED — PRODUCT OWNER FINAL — CANONICAL V1","REGULATED","YES","NO","NO","docs/TAXONOMY_W33_RESOLVED_UNIFIED_CANDIDATE_TREE.csv [BATCH_03]","0","Exact source row; Wave 15 Batch 03 proposal; Wave 32 finalization candidate; OM-R06=B; OM-R07=B; OM-R10=A. Canonical existence does not authorize runtime assignment or pilot activation; professional/policy gate remains open."
"CANONICAL-000663","Otomotiv & Motosiklet","Motosiklet Yedek Parçaları","Motor Parçaları","","L3","YES","CANONICAL-000658","CONFIRMED — PRODUCT OWNER FINAL — CANONICAL V1","REGULATED","YES","NO","NO","docs/TAXONOMY_W33_RESOLVED_UNIFIED_CANDIDATE_TREE.csv [BATCH_03]","1","Exact source row; Wave 15 Batch 03 proposal; Wave 32 finalization candidate; OM-R06=B; OM-R07=B; OM-R10=A. Canonical existence does not authorize runtime assignment or pilot activation; professional/policy gate remains open."
"CANONICAL-000664","Otomotiv & Motosiklet","Motosiklet Yedek Parçaları","Süspansiyon & Direksiyon Parçaları","","L3","YES","CANONICAL-000658","CONFIRMED — PRODUCT OWNER FINAL — CANONICAL V1","REGULATED","YES","NO","NO","docs/TAXONOMY_W33_RESOLVED_UNIFIED_CANDIDATE_TREE.csv [BATCH_03]","0","Exact source row; Wave 15 Batch 03 proposal; Wave 32 finalization candidate; OM-R06=B; OM-R07=B; OM-R10=A. Canonical existence does not authorize runtime assignment or pilot activation; professional/policy gate remains open."
"CANONICAL-000665","Otomotiv & Motosiklet","Araç İçi Aksesuarları","","","L2","NO","CANONICAL-000636","CONFIRMED — PRODUCT OWNER FINAL — CANONICAL V1","NORMAL","NO","NO","YES","docs/TAXONOMY_W33_RESOLVED_UNIFIED_CANDIDATE_TREE.csv [BATCH_03]","3","Exact source row; Wave 15 Batch 03 proposal; Wave 32 finalization candidate; OM-R06=B; OM-R07=B; OM-R10=A."
"CANONICAL-000666","Otomotiv & Motosiklet","Araç İçi Aksesuarları","Araç İçi Düzenleyiciler","","L3","YES","CANONICAL-000665","CONFIRMED — PRODUCT OWNER FINAL — CANONICAL V1","NORMAL","NO","YES","YES","docs/TAXONOMY_W33_RESOLVED_UNIFIED_CANDIDATE_TREE.csv [BATCH_03]","1","Exact source row; Wave 15 Batch 03 proposal; Wave 32 finalization candidate; OM-R06=B; OM-R07=B; OM-R10=A."
"CANONICAL-000667","Otomotiv & Motosiklet","Araç İçi Aksesuarları","Direksiyon & Vites Aksesuarları","","L3","YES","CANONICAL-000665","CONFIRMED — PRODUCT OWNER FINAL — CANONICAL V1","NORMAL","NO","YES","YES","docs/TAXONOMY_W33_RESOLVED_UNIFIED_CANDIDATE_TREE.csv [BATCH_03]","0","Exact source row; Wave 15 Batch 03 proposal; Wave 32 finalization candidate; OM-R06=B; OM-R07=B; OM-R10=A."
"CANONICAL-000668","Otomotiv & Motosiklet","Araç İçi Aksesuarları","Güneşlik & Cam Aksesuarları","","L3","YES","CANONICAL-000665","CONFIRMED — PRODUCT OWNER FINAL — CANONICAL V1","NORMAL","NO","YES","YES","docs/TAXONOMY_W33_RESOLVED_UNIFIED_CANDIDATE_TREE.csv [BATCH_03]","0","Exact source row; Wave 15 Batch 03 proposal; Wave 32 finalization candidate; OM-R06=B; OM-R07=B; OM-R10=A."
"CANONICAL-000669","Otomotiv & Motosiklet","Araç İçi Aksesuarları","İç Trim & Koruma Aksesuarları","","L3","YES","CANONICAL-000665","CONFIRMED — PRODUCT OWNER FINAL — CANONICAL V1","NORMAL","NO","YES","YES","docs/TAXONOMY_W33_RESOLVED_UNIFIED_CANDIDATE_TREE.csv [BATCH_03]","0","Exact source row; Wave 15 Batch 03 proposal; Wave 32 finalization candidate; OM-R06=B; OM-R07=B; OM-R10=A."
"CANONICAL-000670","Otomotiv & Motosiklet","Araç İçi Aksesuarları","Koltuk Kılıfları & Minderler","","L3","YES","CANONICAL-000665","CONFIRMED — PRODUCT OWNER FINAL — CANONICAL V1","NORMAL","NO","YES","YES","docs/TAXONOMY_W33_RESOLVED_UNIFIED_CANDIDATE_TREE.csv [BATCH_03]","1","Exact source row; Wave 15 Batch 03 proposal; Wave 32 finalization candidate; OM-R06=B; OM-R07=B; OM-R10=A."
"CANONICAL-000671","Otomotiv & Motosiklet","Araç İçi Aksesuarları","Paspaslar","","L3","YES","CANONICAL-000665","CONFIRMED — PRODUCT OWNER FINAL — CANONICAL V1","NORMAL","NO","YES","YES","docs/TAXONOMY_W33_RESOLVED_UNIFIED_CANDIDATE_TREE.csv [BATCH_03]","1","Exact source row; Wave 15 Batch 03 proposal; Wave 32 finalization candidate; OM-R06=B; OM-R07=B; OM-R10=A."
"CANONICAL-000672","Otomotiv & Motosiklet","Araç Dış Aksesuarları","","","L2","NO","CANONICAL-000636","CONFIRMED — PRODUCT OWNER FINAL — CANONICAL V1","REGULATED","YES","NO","NO","docs/TAXONOMY_W33_RESOLVED_UNIFIED_CANDIDATE_TREE.csv [BATCH_03]","1","Exact source row; Wave 15 Batch 03 proposal; Wave 32 finalization candidate; OM-R06=B; OM-R07=B; OM-R10=A. Canonical existence does not authorize runtime assignment or pilot activation; professional/policy gate remains open."
"CANONICAL-000673","Otomotiv & Motosiklet","Araç Dış Aksesuarları","Araç Örtüleri","","L3","YES","CANONICAL-000672","CONFIRMED — PRODUCT OWNER FINAL — CANONICAL V1","NORMAL","NO","NO","NO","docs/TAXONOMY_W33_RESOLVED_UNIFIED_CANDIDATE_TREE.csv [BATCH_03]","0","Exact source row; Wave 15 Batch 03 proposal; Wave 32 finalization candidate; OM-R06=B; OM-R07=B; OM-R10=A."
"CANONICAL-000674","Otomotiv & Motosiklet","Araç Dış Aksesuarları","Dış Trim & Koruma Aksesuarları","","L3","YES","CANONICAL-000672","CONFIRMED — PRODUCT OWNER FINAL — CANONICAL V1","NORMAL","NO","NO","NO","docs/TAXONOMY_W33_RESOLVED_UNIFIED_CANDIDATE_TREE.csv [BATCH_03]","1","Exact source row; Wave 15 Batch 03 proposal; Wave 32 finalization candidate; OM-R06=B; OM-R07=B; OM-R10=A."
"CANONICAL-000675","Otomotiv & Motosiklet","Araç Dış Aksesuarları","Paçalık & Çamurluk Aksesuarları","","L3","YES","CANONICAL-000672","CONFIRMED — PRODUCT OWNER FINAL — CANONICAL V1","NORMAL","NO","NO","NO","docs/TAXONOMY_W33_RESOLVED_UNIFIED_CANDIDATE_TREE.csv [BATCH_03]","0","Exact source row; Wave 15 Batch 03 proposal; Wave 32 finalization candidate; OM-R06=B; OM-R07=B; OM-R10=A."
"CANONICAL-000676","Otomotiv & Motosiklet","Araç Dış Aksesuarları","Plaka Çerçeveleri","","L3","YES","CANONICAL-000672","CONFIRMED — PRODUCT OWNER FINAL — CANONICAL V1","NORMAL","NO","NO","NO","docs/TAXONOMY_W33_RESOLVED_UNIFIED_CANDIDATE_TREE.csv [BATCH_03]","0","Exact source row; Wave 15 Batch 03 proposal; Wave 32 finalization candidate; OM-R06=B; OM-R07=B; OM-R10=A."
"CANONICAL-000677","Otomotiv & Motosiklet","Araç Dış Aksesuarları","Tavan Taşıma Aksesuarları","","L3","YES","CANONICAL-000672","CONFIRMED — PRODUCT OWNER FINAL — CANONICAL V1","REGULATED","YES","NO","NO","docs/TAXONOMY_W33_RESOLVED_UNIFIED_CANDIDATE_TREE.csv [BATCH_03]","0","Exact source row; Wave 15 Batch 03 proposal; Wave 32 finalization candidate; OM-R06=B; OM-R07=B; OM-R10=A. Canonical existence does not authorize runtime assignment or pilot activation; professional/policy gate remains open."
"CANONICAL-000678","Otomotiv & Motosiklet","Lastik, Jant & Tekerlek Ürünleri","","","L2","NO","CANONICAL-000636","CONFIRMED — PRODUCT OWNER FINAL — CANONICAL V1","REGULATED","YES","NO","NO","docs/TAXONOMY_W33_RESOLVED_UNIFIED_CANDIDATE_TREE.csv [BATCH_03]","1","Exact source row; Wave 15 Batch 03 proposal; Wave 32 finalization candidate; OM-R06=B; OM-R07=B; OM-R10=A. Canonical existence does not authorize runtime assignment or pilot activation; professional/policy gate remains open."
"CANONICAL-000679","Otomotiv & Motosiklet","Lastik, Jant & Tekerlek Ürünleri","Bijon & Tekerlek Aksesuarları","","L3","YES","CANONICAL-000678","CONFIRMED — PRODUCT OWNER FINAL — CANONICAL V1","REGULATED","YES","NO","NO","docs/TAXONOMY_W33_RESOLVED_UNIFIED_CANDIDATE_TREE.csv [BATCH_03]","0","Exact source row; Wave 15 Batch 03 proposal; Wave 32 finalization candidate; OM-R06=B; OM-R07=B; OM-R10=A. Canonical existence does not authorize runtime assignment or pilot activation; professional/policy gate remains open."
"CANONICAL-000680","Otomotiv & Motosiklet","Lastik, Jant & Tekerlek Ürünleri","Jantlar","","L3","YES","CANONICAL-000678","CONFIRMED — PRODUCT OWNER FINAL — CANONICAL V1","REGULATED","YES","NO","NO","docs/TAXONOMY_W33_RESOLVED_UNIFIED_CANDIDATE_TREE.csv [BATCH_03]","1","Exact source row; Wave 15 Batch 03 proposal; Wave 32 finalization candidate; OM-R06=B; OM-R07=B; OM-R10=A. Canonical existence does not authorize runtime assignment or pilot activation; professional/policy gate remains open."
"CANONICAL-000681","Otomotiv & Motosiklet","Lastik, Jant & Tekerlek Ürünleri","Kar Zincirleri & Kar Paletleri","","L3","YES","CANONICAL-000678","CONFIRMED — PRODUCT OWNER FINAL — CANONICAL V1","REGULATED","YES","NO","NO","docs/TAXONOMY_W33_RESOLVED_UNIFIED_CANDIDATE_TREE.csv [BATCH_03]","1","Exact source row; Wave 15 Batch 03 proposal; Wave 32 finalization candidate; OM-R06=B; OM-R07=B; OM-R10=A. Canonical existence does not authorize runtime assignment or pilot activation; professional/policy gate remains open."
"CANONICAL-000682","Otomotiv & Motosiklet","Lastik, Jant & Tekerlek Ürünleri","Motosiklet Lastikleri","","L3","YES","CANONICAL-000678","CONFIRMED — PRODUCT OWNER FINAL — CANONICAL V1","REGULATED","YES","NO","NO","docs/TAXONOMY_W33_RESOLVED_UNIFIED_CANDIDATE_TREE.csv [BATCH_03]","0","Exact source row; Wave 15 Batch 03 proposal; Wave 32 finalization candidate; OM-R06=B; OM-R07=B; OM-R10=A. Canonical existence does not authorize runtime assignment or pilot activation; professional/policy gate remains open."
"CANONICAL-000683","Otomotiv & Motosiklet","Lastik, Jant & Tekerlek Ürünleri","Otomobil Lastikleri","","L3","YES","CANONICAL-000678","CONFIRMED — PRODUCT OWNER FINAL — CANONICAL V1","REGULATED","YES","NO","NO","docs/TAXONOMY_W33_RESOLVED_UNIFIED_CANDIDATE_TREE.csv [BATCH_03]","1","Exact source row; Wave 15 Batch 03 proposal; Wave 32 finalization candidate; OM-R06=B; OM-R07=B; OM-R10=A. Canonical existence does not authorize runtime assignment or pilot activation; professional/policy gate remains open."
"CANONICAL-000684","Otomotiv & Motosiklet","Akü & Araç Elektriği","","","L2","NO","CANONICAL-000636","CONFIRMED — PRODUCT OWNER FINAL — CANONICAL V1","LEGAL_REVIEW_REQUIRED","YES","NO","NO","docs/TAXONOMY_W33_RESOLVED_UNIFIED_CANDIDATE_TREE.csv [BATCH_03]","1","Exact source row; Wave 15 Batch 03 proposal; Wave 32 finalization candidate; OM-R06=B; OM-R07=B; OM-R10=A. Canonical existence does not authorize runtime assignment or pilot activation; professional/policy gate remains open."
"CANONICAL-000685","Otomotiv & Motosiklet","Akü & Araç Elektriği","Akü Şarj & Takviye Cihazları","","L3","YES","CANONICAL-000684","CONFIRMED — PRODUCT OWNER FINAL — CANONICAL V1","LEGAL_REVIEW_REQUIRED","YES","NO","NO","docs/TAXONOMY_W33_RESOLVED_UNIFIED_CANDIDATE_TREE.csv [BATCH_03]","1","Exact source row; Wave 15 Batch 03 proposal; Wave 32 finalization candidate; OM-R06=B; OM-R07=B; OM-R10=A. Canonical existence does not authorize runtime assignment or pilot activation; professional/policy gate remains open."
"CANONICAL-000686","Otomotiv & Motosiklet","Akü & Araç Elektriği","Araç Aküleri","","L3","YES","CANONICAL-000684","CONFIRMED — PRODUCT OWNER FINAL — CANONICAL V1","LEGAL_REVIEW_REQUIRED","YES","NO","NO","docs/TAXONOMY_W33_RESOLVED_UNIFIED_CANDIDATE_TREE.csv [BATCH_03]","0","Exact source row; Wave 15 Batch 03 proposal; Wave 32 finalization candidate; OM-R06=B; OM-R07=B; OM-R10=A. Canonical existence does not authorize runtime assignment or pilot activation; professional/policy gate remains open."
"CANONICAL-000687","Otomotiv & Motosiklet","Akü & Araç Elektriği","Araç Ampulleri & Elektrik Aydınlatma","","L3","YES","CANONICAL-000684","CONFIRMED — PRODUCT OWNER FINAL — CANONICAL V1","REGULATED","YES","NO","NO","docs/TAXONOMY_W33_RESOLVED_UNIFIED_CANDIDATE_TREE.csv [BATCH_03]","1","Exact source row; Wave 15 Batch 03 proposal; Wave 32 finalization candidate; OM-R06=B; OM-R07=B; OM-R10=A. Canonical existence does not authorize runtime assignment or pilot activation; professional/policy gate remains open."
"CANONICAL-000688","Otomotiv & Motosiklet","Akü & Araç Elektriği","Araç Kablo & Konnektörleri","","L3","YES","CANONICAL-000684","CONFIRMED — PRODUCT OWNER FINAL — CANONICAL V1","REGULATED","YES","NO","NO","docs/TAXONOMY_W33_RESOLVED_UNIFIED_CANDIDATE_TREE.csv [BATCH_03]","0","Exact source row; Wave 15 Batch 03 proposal; Wave 32 finalization candidate; OM-R06=B; OM-R07=B; OM-R10=A. Canonical existence does not authorize runtime assignment or pilot activation; professional/policy gate remains open."
"CANONICAL-000689","Otomotiv & Motosiklet","Akü & Araç Elektriği","Sigorta, Röle & Elektrik Parçaları","","L3","YES","CANONICAL-000684","CONFIRMED — PRODUCT OWNER FINAL — CANONICAL V1","REGULATED","YES","NO","NO","docs/TAXONOMY_W33_RESOLVED_UNIFIED_CANDIDATE_TREE.csv [BATCH_03]","0","Exact source row; Wave 15 Batch 03 proposal; Wave 32 finalization candidate; OM-R06=B; OM-R07=B; OM-R10=A. Canonical existence does not authorize runtime assignment or pilot activation; professional/policy gate remains open."
"CANONICAL-000690","Otomotiv & Motosiklet","Araç Elektroniği","","","L2","NO","CANONICAL-000636","CONFIRMED — PRODUCT OWNER FINAL — CANONICAL V1","LEGAL_REVIEW_REQUIRED","YES","NO","NO","docs/TAXONOMY_W33_RESOLVED_UNIFIED_CANDIDATE_TREE.csv [BATCH_03]","2","Exact source row; Wave 15 Batch 03 proposal; Wave 32 finalization candidate; OM-R06=B; OM-R07=B; OM-R10=A. Canonical existence does not authorize runtime assignment or pilot activation; professional/policy gate remains open."
"CANONICAL-000691","Otomotiv & Motosiklet","Araç Elektroniği","Araç Kameraları","","L3","YES","CANONICAL-000690","CONFIRMED — PRODUCT OWNER FINAL — CANONICAL V1","REGULATED","YES","NO","NO","docs/TAXONOMY_W33_RESOLVED_UNIFIED_CANDIDATE_TREE.csv [BATCH_03]","1","Exact source row; Wave 15 Batch 03 proposal; Wave 32 finalization candidate; OM-R06=B; OM-R07=B; OM-R10=A. Canonical existence does not authorize runtime assignment or pilot activation; professional/policy gate remains open."
"CANONICAL-000692","Otomotiv & Motosiklet","Araç Elektroniği","Araç Multimedya Sistemleri","","L3","YES","CANONICAL-000690","CONFIRMED — PRODUCT OWNER FINAL — CANONICAL V1","REGULATED","YES","NO","NO","docs/TAXONOMY_W33_RESOLVED_UNIFIED_CANDIDATE_TREE.csv [BATCH_03]","1","Exact source row; Wave 15 Batch 03 proposal; Wave 32 finalization candidate; OM-R06=B; OM-R07=B; OM-R10=A. Canonical existence does not authorize runtime assignment or pilot activation; professional/policy gate remains open."
"CANONICAL-000693","Otomotiv & Motosiklet","Araç Elektroniği","Araç Navigasyon Cihazları","","L3","YES","CANONICAL-000690","CONFIRMED — PRODUCT OWNER FINAL — CANONICAL V1","REGULATED","YES","NO","NO","docs/TAXONOMY_W33_RESOLVED_UNIFIED_CANDIDATE_TREE.csv [BATCH_03]","1","Exact source row; Wave 15 Batch 03 proposal; Wave 32 finalization candidate; OM-R06=B; OM-R07=B; OM-R10=A. Canonical existence does not authorize runtime assignment or pilot activation; professional/policy gate remains open."
"CANONICAL-000694","Otomotiv & Motosiklet","Araç Elektroniği","Elektronik Alarm & İmmobilizer Sistemleri","","L3","YES","CANONICAL-000690","CONFIRMED — PRODUCT OWNER FINAL — CANONICAL V1","LEGAL_REVIEW_REQUIRED","YES","NO","NO","docs/TAXONOMY_W33_RESOLVED_UNIFIED_CANDIDATE_TREE.csv [BATCH_03]","0","Exact source row; Wave 15 Batch 03 proposal; Wave 32 finalization candidate; OM-R06=B; OM-R07=B; OM-R10=A. Canonical existence does not authorize runtime assignment or pilot activation; professional/policy gate remains open."
"CANONICAL-000695","Otomotiv & Motosiklet","Araç Elektroniği","OBD & Araç Teşhis Cihazları","","L3","YES","CANONICAL-000690","CONFIRMED — PRODUCT OWNER FINAL — CANONICAL V1","LEGAL_REVIEW_REQUIRED","YES","NO","NO","docs/TAXONOMY_W33_RESOLVED_UNIFIED_CANDIDATE_TREE.csv [BATCH_03]","0","Exact source row; Wave 15 Batch 03 proposal; Wave 32 finalization candidate; OM-R06=B; OM-R07=B; OM-R10=A. Canonical existence does not authorize runtime assignment or pilot activation; professional/policy gate remains open."
"CANONICAL-000696","Otomotiv & Motosiklet","Araç Elektroniği","Park & Geri Görüş Sistemleri","","L3","YES","CANONICAL-000690","CONFIRMED — PRODUCT OWNER FINAL — CANONICAL V1","REGULATED","YES","NO","NO","docs/TAXONOMY_W33_RESOLVED_UNIFIED_CANDIDATE_TREE.csv [BATCH_03]","0","Exact source row; Wave 15 Batch 03 proposal; Wave 32 finalization candidate; OM-R06=B; OM-R07=B; OM-R10=A. Canonical existence does not authorize runtime assignment or pilot activation; professional/policy gate remains open."
"CANONICAL-000697","Otomotiv & Motosiklet","Araç Bakım & Temizlik","","","L2","NO","CANONICAL-000636","CONFIRMED — PRODUCT OWNER FINAL — CANONICAL V1","LEGAL_REVIEW_REQUIRED","YES","NO","NO","docs/TAXONOMY_W33_RESOLVED_UNIFIED_CANDIDATE_TREE.csv [BATCH_03]","1","Exact source row; Wave 15 Batch 03 proposal; Wave 32 finalization candidate; OM-R06=B; OM-R07=B; OM-R10=A. Canonical existence does not authorize runtime assignment or pilot activation; professional/policy gate remains open."
"CANONICAL-000698","Otomotiv & Motosiklet","Araç Bakım & Temizlik","Araç Dış Temizlik Ürünleri","","L3","YES","CANONICAL-000697","CONFIRMED — PRODUCT OWNER FINAL — CANONICAL V1","LEGAL_REVIEW_REQUIRED","YES","NO","NO","docs/TAXONOMY_W33_RESOLVED_UNIFIED_CANDIDATE_TREE.csv [BATCH_03]","0","Exact source row; Wave 15 Batch 03 proposal; Wave 32 finalization candidate; OM-R06=B; OM-R07=B; OM-R10=A. Canonical existence does not authorize runtime assignment or pilot activation; professional/policy gate remains open."
"CANONICAL-000699","Otomotiv & Motosiklet","Araç Bakım & Temizlik","Araç İçi Temizlik Ürünleri","","L3","YES","CANONICAL-000697","CONFIRMED — PRODUCT OWNER FINAL — CANONICAL V1","LEGAL_REVIEW_REQUIRED","YES","NO","NO","docs/TAXONOMY_W33_RESOLVED_UNIFIED_CANDIDATE_TREE.csv [BATCH_03]","0","Exact source row; Wave 15 Batch 03 proposal; Wave 32 finalization candidate; OM-R06=B; OM-R07=B; OM-R10=A. Canonical existence does not authorize runtime assignment or pilot activation; professional/policy gate remains open."
"CANONICAL-000700","Otomotiv & Motosiklet","Araç Bakım & Temizlik","Cila & Yüzey Koruma Ürünleri","","L3","YES","CANONICAL-000697","CONFIRMED — PRODUCT OWNER FINAL — CANONICAL V1","LEGAL_REVIEW_REQUIRED","YES","NO","NO","docs/TAXONOMY_W33_RESOLVED_UNIFIED_CANDIDATE_TREE.csv [BATCH_03]","2","Exact source row; Wave 15 Batch 03 proposal; Wave 32 finalization candidate; OM-R06=B; OM-R07=B; OM-R10=A. Canonical existence does not authorize runtime assignment or pilot activation; professional/policy gate remains open."
"CANONICAL-000701","Otomotiv & Motosiklet","Araç Bakım & Temizlik","Temizlik Uygulama Aksesuarları","","L3","YES","CANONICAL-000697","CONFIRMED — PRODUCT OWNER FINAL — CANONICAL V1","NORMAL","NO","NO","NO","docs/TAXONOMY_W33_RESOLVED_UNIFIED_CANDIDATE_TREE.csv [BATCH_03]","0","Exact source row; Wave 15 Batch 03 proposal; Wave 32 finalization candidate; OM-R06=B; OM-R07=B; OM-R10=A."
"CANONICAL-000702","Otomotiv & Motosiklet","Araç Bakım & Temizlik","Yıkama & Kurulama Aksesuarları","","L3","YES","CANONICAL-000697","CONFIRMED — PRODUCT OWNER FINAL — CANONICAL V1","NORMAL","NO","NO","NO","docs/TAXONOMY_W33_RESOLVED_UNIFIED_CANDIDATE_TREE.csv [BATCH_03]","0","Exact source row; Wave 15 Batch 03 proposal; Wave 32 finalization candidate; OM-R06=B; OM-R07=B; OM-R10=A."
"CANONICAL-000703","Otomotiv & Motosiklet","Motor Yağı, Sıvı & Katkılar","","","L2","NO","CANONICAL-000636","CONFIRMED — PRODUCT OWNER FINAL — CANONICAL V1","LEGAL_REVIEW_REQUIRED","YES","NO","NO","docs/TAXONOMY_W33_RESOLVED_UNIFIED_CANDIDATE_TREE.csv [BATCH_03]","1","Exact source row; Wave 15 Batch 03 proposal; Wave 32 finalization candidate; OM-R06=B; OM-R07=B; OM-R10=A. Canonical existence does not authorize runtime assignment or pilot activation; professional/policy gate remains open."
"CANONICAL-000704","Otomotiv & Motosiklet","Motor Yağı, Sıvı & Katkılar","Antifriz & Soğutma Sıvıları","","L3","YES","CANONICAL-000703","CONFIRMED — PRODUCT OWNER FINAL — CANONICAL V1","LEGAL_REVIEW_REQUIRED","YES","NO","NO","docs/TAXONOMY_W33_RESOLVED_UNIFIED_CANDIDATE_TREE.csv [BATCH_03]","1","Exact source row; Wave 15 Batch 03 proposal; Wave 32 finalization candidate; OM-R06=B; OM-R07=B; OM-R10=A. Canonical existence does not authorize runtime assignment or pilot activation; professional/policy gate remains open."
"CANONICAL-000705","Otomotiv & Motosiklet","Motor Yağı, Sıvı & Katkılar","Fren & Hidrolik Sıvıları","","L3","YES","CANONICAL-000703","CONFIRMED — PRODUCT OWNER FINAL — CANONICAL V1","LEGAL_REVIEW_REQUIRED","YES","NO","NO","docs/TAXONOMY_W33_RESOLVED_UNIFIED_CANDIDATE_TREE.csv [BATCH_03]","0","Exact source row; Wave 15 Batch 03 proposal; Wave 32 finalization candidate; OM-R06=B; OM-R07=B; OM-R10=A. Canonical existence does not authorize runtime assignment or pilot activation; professional/policy gate remains open."
"CANONICAL-000706","Otomotiv & Motosiklet","Motor Yağı, Sıvı & Katkılar","Motor Yağları","","L3","YES","CANONICAL-000703","CONFIRMED — PRODUCT OWNER FINAL — CANONICAL V1","LEGAL_REVIEW_REQUIRED","YES","NO","NO","docs/TAXONOMY_W33_RESOLVED_UNIFIED_CANDIDATE_TREE.csv [BATCH_03]","0","Exact source row; Wave 15 Batch 03 proposal; Wave 32 finalization candidate; OM-R06=B; OM-R07=B; OM-R10=A. Canonical existence does not authorize runtime assignment or pilot activation; professional/policy gate remains open."
"CANONICAL-000707","Otomotiv & Motosiklet","Motor Yağı, Sıvı & Katkılar","Şanzıman & Diferansiyel Yağları","","L3","YES","CANONICAL-000703","CONFIRMED — PRODUCT OWNER FINAL — CANONICAL V1","LEGAL_REVIEW_REQUIRED","YES","NO","NO","docs/TAXONOMY_W33_RESOLVED_UNIFIED_CANDIDATE_TREE.csv [BATCH_03]","0","Exact source row; Wave 15 Batch 03 proposal; Wave 32 finalization candidate; OM-R06=B; OM-R07=B; OM-R10=A. Canonical existence does not authorize runtime assignment or pilot activation; professional/policy gate remains open."
"CANONICAL-000708","Otomotiv & Motosiklet","Motor Yağı, Sıvı & Katkılar","Yakıt & Motor Katkıları","","L3","YES","CANONICAL-000703","CONFIRMED — PRODUCT OWNER FINAL — CANONICAL V1","LEGAL_REVIEW_REQUIRED","YES","NO","NO","docs/TAXONOMY_W33_RESOLVED_UNIFIED_CANDIDATE_TREE.csv [BATCH_03]","0","Exact source row; Wave 15 Batch 03 proposal; Wave 32 finalization candidate; OM-R06=B; OM-R07=B; OM-R10=A. Canonical existence does not authorize runtime assignment or pilot activation; professional/policy gate remains open."
"CANONICAL-000709","Otomotiv & Motosiklet","Motosiklet Kask & Koruma Ekipmanları","","","L2","NO","CANONICAL-000636","CONFIRMED — PRODUCT OWNER FINAL — CANONICAL V1","REGULATED","YES","NO","NO","docs/TAXONOMY_W33_RESOLVED_UNIFIED_CANDIDATE_TREE.csv [BATCH_03]","1","Exact source row; Wave 15 Batch 03 proposal; Wave 32 finalization candidate; OM-R06=B; OM-R07=B; OM-R10=A. Canonical existence does not authorize runtime assignment or pilot activation; professional/policy gate remains open."
"CANONICAL-000710","Otomotiv & Motosiklet","Motosiklet Kask & Koruma Ekipmanları","Koruyucu Motosiklet Giyimi","","L3","YES","CANONICAL-000709","CONFIRMED — PRODUCT OWNER FINAL — CANONICAL V1","REGULATED","YES","NO","NO","docs/TAXONOMY_W33_RESOLVED_UNIFIED_CANDIDATE_TREE.csv [BATCH_03]","1","Exact source row; Wave 15 Batch 03 proposal; Wave 32 finalization candidate; OM-R06=B; OM-R07=B; OM-R10=A. Canonical existence does not authorize runtime assignment or pilot activation; professional/policy gate remains open."
"CANONICAL-000711","Otomotiv & Motosiklet","Motosiklet Kask & Koruma Ekipmanları","Motosiklet Botları","","L3","YES","CANONICAL-000709","CONFIRMED — PRODUCT OWNER FINAL — CANONICAL V1","REGULATED","YES","NO","NO","docs/TAXONOMY_W33_RESOLVED_UNIFIED_CANDIDATE_TREE.csv [BATCH_03]","0","Exact source row; Wave 15 Batch 03 proposal; Wave 32 finalization candidate; OM-R06=B; OM-R07=B; OM-R10=A. Canonical existence does not authorize runtime assignment or pilot activation; professional/policy gate remains open."
"CANONICAL-000712","Otomotiv & Motosiklet","Motosiklet Kask & Koruma Ekipmanları","Motosiklet Eldivenleri","","L3","YES","CANONICAL-000709","CONFIRMED — PRODUCT OWNER FINAL — CANONICAL V1","REGULATED","YES","NO","NO","docs/TAXONOMY_W33_RESOLVED_UNIFIED_CANDIDATE_TREE.csv [BATCH_03]","0","Exact source row; Wave 15 Batch 03 proposal; Wave 32 finalization candidate; OM-R06=B; OM-R07=B; OM-R10=A. Canonical existence does not authorize runtime assignment or pilot activation; professional/policy gate remains open."
"CANONICAL-000713","Otomotiv & Motosiklet","Motosiklet Kask & Koruma Ekipmanları","Motosiklet Kaskları","","L3","YES","CANONICAL-000709","CONFIRMED — PRODUCT OWNER FINAL — CANONICAL V1","REGULATED","YES","NO","NO","docs/TAXONOMY_W33_RESOLVED_UNIFIED_CANDIDATE_TREE.csv [BATCH_03]","1","Exact source row; Wave 15 Batch 03 proposal; Wave 32 finalization candidate; OM-R06=B; OM-R07=B; OM-R10=A. Canonical existence does not authorize runtime assignment or pilot activation; professional/policy gate remains open."
"CANONICAL-000714","Otomotiv & Motosiklet","Motosiklet Kask & Koruma Ekipmanları","Vücut Koruyucuları","","L3","YES","CANONICAL-000709","CONFIRMED — PRODUCT OWNER FINAL — CANONICAL V1","REGULATED","YES","NO","NO","docs/TAXONOMY_W33_RESOLVED_UNIFIED_CANDIDATE_TREE.csv [BATCH_03]","0","Exact source row; Wave 15 Batch 03 proposal; Wave 32 finalization candidate; OM-R06=B; OM-R07=B; OM-R10=A. Canonical existence does not authorize runtime assignment or pilot activation; professional/policy gate remains open."
"CANONICAL-000715","Otomotiv & Motosiklet","Motosiklet Kask & Koruma Ekipmanları","Yağmur & Görünürlük Ekipmanları","","L3","YES","CANONICAL-000709","CONFIRMED — PRODUCT OWNER FINAL — CANONICAL V1","REGULATED","YES","NO","NO","docs/TAXONOMY_W33_RESOLVED_UNIFIED_CANDIDATE_TREE.csv [BATCH_03]","0","Exact source row; Wave 15 Batch 03 proposal; Wave 32 finalization candidate; OM-R06=B; OM-R07=B; OM-R10=A. Canonical existence does not authorize runtime assignment or pilot activation; professional/policy gate remains open."
"CANONICAL-000716","Otomotiv & Motosiklet","Araç Güvenlik & Acil Durum Ürünleri","","","L2","NO","CANONICAL-000636","CONFIRMED — PRODUCT OWNER FINAL — CANONICAL V1","LEGAL_REVIEW_REQUIRED","YES","NO","NO","docs/TAXONOMY_W33_RESOLVED_UNIFIED_CANDIDATE_TREE.csv [BATCH_03]","2","Exact source row; Wave 15 Batch 03 proposal; Wave 32 finalization candidate; OM-R06=B; OM-R07=B; OM-R10=A. Canonical existence does not authorize runtime assignment or pilot activation; professional/policy gate remains open."
"CANONICAL-000717","Otomotiv & Motosiklet","Araç Güvenlik & Acil Durum Ürünleri","Acil Durum El Aletleri","","L3","YES","CANONICAL-000716","CONFIRMED — PRODUCT OWNER FINAL — CANONICAL V1","REGULATED","YES","NO","NO","docs/TAXONOMY_W33_RESOLVED_UNIFIED_CANDIDATE_TREE.csv [BATCH_03]","0","Exact source row; Wave 15 Batch 03 proposal; Wave 32 finalization candidate; OM-R06=B; OM-R07=B; OM-R10=A. Canonical existence does not authorize runtime assignment or pilot activation; professional/policy gate remains open."
"CANONICAL-000718","Otomotiv & Motosiklet","Araç Güvenlik & Acil Durum Ürünleri","Araç İlk Yardım Setleri","","L3","YES","CANONICAL-000716","CONFIRMED — PRODUCT OWNER FINAL — CANONICAL V1","LEGAL_REVIEW_REQUIRED","YES","NO","NO","docs/TAXONOMY_W33_RESOLVED_UNIFIED_CANDIDATE_TREE.csv [BATCH_03]","0","Exact source row; Wave 15 Batch 03 proposal; Wave 32 finalization candidate; OM-R06=B; OM-R07=B; OM-R10=A. Canonical existence does not authorize runtime assignment or pilot activation; professional/policy gate remains open."
"CANONICAL-000719","Otomotiv & Motosiklet","Araç Güvenlik & Acil Durum Ürünleri","Araç Yangın Söndürücüleri","","L3","YES","CANONICAL-000716","CONFIRMED — PRODUCT OWNER FINAL — CANONICAL V1","LEGAL_REVIEW_REQUIRED","YES","NO","NO","docs/TAXONOMY_W33_RESOLVED_UNIFIED_CANDIDATE_TREE.csv [BATCH_03]","0","Exact source row; Wave 15 Batch 03 proposal; Wave 32 finalization candidate; OM-R06=B; OM-R07=B; OM-R10=A. Canonical existence does not authorize runtime assignment or pilot activation; professional/policy gate remains open."
"CANONICAL-000720","Otomotiv & Motosiklet","Araç Güvenlik & Acil Durum Ürünleri","Mekanik Direksiyon & Pedal Kilitleri","","L3","YES","CANONICAL-000716","CONFIRMED — PRODUCT OWNER FINAL — CANONICAL V1","NORMAL","NO","NO","NO","docs/TAXONOMY_W33_RESOLVED_UNIFIED_CANDIDATE_TREE.csv [BATCH_03]","0","Exact source row; Wave 15 Batch 03 proposal; Wave 32 finalization candidate; OM-R06=B; OM-R07=B; OM-R10=A."
"CANONICAL-000721","Otomotiv & Motosiklet","Araç Güvenlik & Acil Durum Ürünleri","Reflektör & Görünürlük Ürünleri","","L3","YES","CANONICAL-000716","CONFIRMED — PRODUCT OWNER FINAL — CANONICAL V1","REGULATED","YES","NO","NO","docs/TAXONOMY_W33_RESOLVED_UNIFIED_CANDIDATE_TREE.csv [BATCH_03]","1","Exact source row; Wave 15 Batch 03 proposal; Wave 32 finalization candidate; OM-R06=B; OM-R07=B; OM-R10=A. Canonical existence does not authorize runtime assignment or pilot activation; professional/policy gate remains open."
"CANONICAL-000722","Otomotiv & Motosiklet","Araç Güvenlik & Acil Durum Ürünleri","Takviye Kabloları & Çekme Halatları","","L3","YES","CANONICAL-000716","CONFIRMED — PRODUCT OWNER FINAL — CANONICAL V1","REGULATED","YES","NO","NO","docs/TAXONOMY_W33_RESOLVED_UNIFIED_CANDIDATE_TREE.csv [BATCH_03]","0","Exact source row; Wave 15 Batch 03 proposal; Wave 32 finalization candidate; OM-R06=B; OM-R07=B; OM-R10=A. Canonical existence does not authorize runtime assignment or pilot activation; professional/policy gate remains open."
"CANONICAL-000723","Kozmetik & Kişisel Bakım","","","","L1","NO","","CONFIRMED — PRODUCT OWNER FINAL — CANONICAL V1","NORMAL","NO","NO","NO","docs/ESNAFTAVAR_CANONICAL_CATEGORY_TAXONOMY.md","1","Canonical L1 root; never product-assignable; pilot activation requires at least one eligible descendant and a separate runtime decision."
"CANONICAL-000724","Kozmetik & Kişisel Bakım","Makyaj","","","L2","NO","CANONICAL-000723","CONFIRMED — PRODUCT OWNER FINAL — CANONICAL V1","REGULATED","YES","NO","NO","docs/TAXONOMY_W33_RESOLVED_UNIFIED_CANDIDATE_TREE.csv [BATCH_01]","1","Exact source row; Batch 01 source proposal; finalization candidate; OM-R06=B; OM-R07=B; OM-R10=A Canonical existence does not authorize runtime assignment or pilot activation; professional/policy gate remains open."
"CANONICAL-000725","Kozmetik & Kişisel Bakım","Makyaj","Ten Makyajı","","L3","NO","CANONICAL-000724","CONFIRMED — PRODUCT OWNER FINAL — CANONICAL V1","REGULATED","YES","NO","NO","docs/TAXONOMY_W33_RESOLVED_UNIFIED_CANDIDATE_TREE.csv [BATCH_01]","0","Exact source row; Batch 01 source proposal; finalization candidate; OM-R06=B; OM-R07=B; OM-R10=A Canonical existence does not authorize runtime assignment or pilot activation; professional/policy gate remains open."
"CANONICAL-000726","Kozmetik & Kişisel Bakım","Makyaj","Ten Makyajı","Fondöten","L4","YES","CANONICAL-000725","CONFIRMED — PRODUCT OWNER FINAL — CANONICAL V1","REGULATED","YES","NO","NO","docs/TAXONOMY_W33_RESOLVED_UNIFIED_CANDIDATE_TREE.csv [BATCH_01]","1","Exact source row; Batch 01 source proposal; finalization candidate; OM-R06=B; OM-R07=B; OM-R10=A Canonical existence does not authorize runtime assignment or pilot activation; professional/policy gate remains open."
"CANONICAL-000727","Kozmetik & Kişisel Bakım","Makyaj","Ten Makyajı","Kapatıcı","L4","YES","CANONICAL-000725","CONFIRMED — PRODUCT OWNER FINAL — CANONICAL V1","REGULATED","YES","NO","NO","docs/TAXONOMY_W33_RESOLVED_UNIFIED_CANDIDATE_TREE.csv [BATCH_01]","0","Exact source row; Batch 01 source proposal; finalization candidate; OM-R06=B; OM-R07=B; OM-R10=A Canonical existence does not authorize runtime assignment or pilot activation; professional/policy gate remains open."
"CANONICAL-000728","Kozmetik & Kişisel Bakım","Makyaj","Ten Makyajı","Pudra","L4","YES","CANONICAL-000725","CONFIRMED — PRODUCT OWNER FINAL — CANONICAL V1","REGULATED","YES","NO","NO","docs/TAXONOMY_W33_RESOLVED_UNIFIED_CANDIDATE_TREE.csv [BATCH_01]","0","Exact source row; Batch 01 source proposal; finalization candidate; OM-R06=B; OM-R07=B; OM-R10=A Canonical existence does not authorize runtime assignment or pilot activation; professional/policy gate remains open."
"CANONICAL-000729","Kozmetik & Kişisel Bakım","Makyaj","Ten Makyajı","Allık, Bronzer & Aydınlatıcı","L4","YES","CANONICAL-000725","CONFIRMED — PRODUCT OWNER FINAL — CANONICAL V1","REGULATED","YES","NO","NO","docs/TAXONOMY_W33_RESOLVED_UNIFIED_CANDIDATE_TREE.csv [BATCH_01]","0","Exact source row; Batch 01 source proposal; finalization candidate; OM-R06=B; OM-R07=B; OM-R10=A Canonical existence does not authorize runtime assignment or pilot activation; professional/policy gate remains open."
"CANONICAL-000730","Kozmetik & Kişisel Bakım","Makyaj","Göz Makyajı","","L3","NO","CANONICAL-000724","CONFIRMED — PRODUCT OWNER FINAL — CANONICAL V1","REGULATED","YES","NO","NO","docs/TAXONOMY_W33_RESOLVED_UNIFIED_CANDIDATE_TREE.csv [BATCH_01]","0","Exact source row; Batch 01 source proposal; finalization candidate; OM-R06=B; OM-R07=B; OM-R10=A Canonical existence does not authorize runtime assignment or pilot activation; professional/policy gate remains open."
"CANONICAL-000731","Kozmetik & Kişisel Bakım","Makyaj","Göz Makyajı","Maskara","L4","YES","CANONICAL-000730","CONFIRMED — PRODUCT OWNER FINAL — CANONICAL V1","REGULATED","YES","NO","NO","docs/TAXONOMY_W33_RESOLVED_UNIFIED_CANDIDATE_TREE.csv [BATCH_01]","0","Exact source row; Batch 01 source proposal; finalization candidate; OM-R06=B; OM-R07=B; OM-R10=A Canonical existence does not authorize runtime assignment or pilot activation; professional/policy gate remains open."
"CANONICAL-000732","Kozmetik & Kişisel Bakım","Makyaj","Göz Makyajı","Eyeliner & Göz Kalemi","L4","YES","CANONICAL-000730","CONFIRMED — PRODUCT OWNER FINAL — CANONICAL V1","REGULATED","YES","NO","NO","docs/TAXONOMY_W33_RESOLVED_UNIFIED_CANDIDATE_TREE.csv [BATCH_01]","0","Exact source row; Batch 01 source proposal; finalization candidate; OM-R06=B; OM-R07=B; OM-R10=A Canonical existence does not authorize runtime assignment or pilot activation; professional/policy gate remains open."
"CANONICAL-000733","Kozmetik & Kişisel Bakım","Makyaj","Göz Makyajı","Far","L4","YES","CANONICAL-000730","CONFIRMED — PRODUCT OWNER FINAL — CANONICAL V1","REGULATED","YES","NO","NO","docs/TAXONOMY_W33_RESOLVED_UNIFIED_CANDIDATE_TREE.csv [BATCH_01]","1","Exact source row; Batch 01 source proposal; finalization candidate; OM-R06=B; OM-R07=B; OM-R10=A Canonical existence does not authorize runtime assignment or pilot activation; professional/policy gate remains open."
"CANONICAL-000734","Kozmetik & Kişisel Bakım","Makyaj","Dudak Makyajı","","L3","NO","CANONICAL-000724","CONFIRMED — PRODUCT OWNER FINAL — CANONICAL V1","REGULATED","YES","NO","NO","docs/TAXONOMY_W33_RESOLVED_UNIFIED_CANDIDATE_TREE.csv [BATCH_01]","0","Exact source row; Batch 01 source proposal; finalization candidate; OM-R06=B; OM-R07=B; OM-R10=A Canonical existence does not authorize runtime assignment or pilot activation; professional/policy gate remains open."
"CANONICAL-000735","Kozmetik & Kişisel Bakım","Makyaj","Dudak Makyajı","Ruj","L4","YES","CANONICAL-000734","CONFIRMED — PRODUCT OWNER FINAL — CANONICAL V1","REGULATED","YES","NO","NO","docs/TAXONOMY_W33_RESOLVED_UNIFIED_CANDIDATE_TREE.csv [BATCH_01]","0","Exact source row; Batch 01 source proposal; finalization candidate; OM-R06=B; OM-R07=B; OM-R10=A Canonical existence does not authorize runtime assignment or pilot activation; professional/policy gate remains open."
"CANONICAL-000736","Kozmetik & Kişisel Bakım","Makyaj","Dudak Makyajı","Dudak Parlatıcısı","L4","YES","CANONICAL-000734","CONFIRMED — PRODUCT OWNER FINAL — CANONICAL V1","REGULATED","YES","NO","NO","docs/TAXONOMY_W33_RESOLVED_UNIFIED_CANDIDATE_TREE.csv [BATCH_01]","0","Exact source row; Batch 01 source proposal; finalization candidate; OM-R06=B; OM-R07=B; OM-R10=A Canonical existence does not authorize runtime assignment or pilot activation; professional/policy gate remains open."
"CANONICAL-000737","Kozmetik & Kişisel Bakım","Makyaj","Dudak Makyajı","Dudak Kalemi","L4","YES","CANONICAL-000734","CONFIRMED — PRODUCT OWNER FINAL — CANONICAL V1","REGULATED","YES","NO","NO","docs/TAXONOMY_W33_RESOLVED_UNIFIED_CANDIDATE_TREE.csv [BATCH_01]","1","Exact source row; Batch 01 source proposal; finalization candidate; OM-R06=B; OM-R07=B; OM-R10=A Canonical existence does not authorize runtime assignment or pilot activation; professional/policy gate remains open."
"CANONICAL-000738","Kozmetik & Kişisel Bakım","Makyaj","Kaş Makyajı","","L3","YES","CANONICAL-000724","CONFIRMED — PRODUCT OWNER FINAL — CANONICAL V1","REGULATED","YES","NO","NO","docs/TAXONOMY_W33_RESOLVED_UNIFIED_CANDIDATE_TREE.csv [BATCH_01]","0","Exact source row; Batch 01 source proposal; finalization candidate; OM-R06=B; OM-R07=B; OM-R10=A Canonical existence does not authorize runtime assignment or pilot activation; professional/policy gate remains open."
"CANONICAL-000739","Kozmetik & Kişisel Bakım","Makyaj","Tırnak Makyajı","","L3","YES","CANONICAL-000724","CONFIRMED — PRODUCT OWNER FINAL — CANONICAL V1","REGULATED","YES","NO","NO","docs/TAXONOMY_W33_RESOLVED_UNIFIED_CANDIDATE_TREE.csv [BATCH_01]","1","Exact source row; Batch 01 source proposal; finalization candidate; OM-R06=B; OM-R07=B; OM-R10=A Canonical existence does not authorize runtime assignment or pilot activation; professional/policy gate remains open."
"CANONICAL-000740","Kozmetik & Kişisel Bakım","Cilt Bakımı","","","L2","NO","CANONICAL-000723","CONFIRMED — PRODUCT OWNER FINAL — CANONICAL V1","REGULATED","YES","NO","NO","docs/TAXONOMY_W33_RESOLVED_UNIFIED_CANDIDATE_TREE.csv [BATCH_01]","1","Exact source row; Batch 01 source proposal; finalization candidate; OM-R06=B; OM-R07=B; OM-R10=A Canonical existence does not authorize runtime assignment or pilot activation; professional/policy gate remains open."
"CANONICAL-000741","Kozmetik & Kişisel Bakım","Cilt Bakımı","Yüz Temizleme","","L3","YES","CANONICAL-000740","CONFIRMED — PRODUCT OWNER FINAL — CANONICAL V1","REGULATED","YES","NO","NO","docs/TAXONOMY_W33_RESOLVED_UNIFIED_CANDIDATE_TREE.csv [BATCH_01]","1","Exact source row; Batch 01 source proposal; finalization candidate; OM-R06=B; OM-R07=B; OM-R10=A Canonical existence does not authorize runtime assignment or pilot activation; professional/policy gate remains open."
"CANONICAL-000742","Kozmetik & Kişisel Bakım","Cilt Bakımı","Tonik & Esans","","L3","YES","CANONICAL-000740","CONFIRMED — PRODUCT OWNER FINAL — CANONICAL V1","REGULATED","YES","NO","NO","docs/TAXONOMY_W33_RESOLVED_UNIFIED_CANDIDATE_TREE.csv [BATCH_01]","0","Exact source row; Batch 01 source proposal; finalization candidate; OM-R06=B; OM-R07=B; OM-R10=A Canonical existence does not authorize runtime assignment or pilot activation; professional/policy gate remains open."
"CANONICAL-000743","Kozmetik & Kişisel Bakım","Cilt Bakımı","Nemlendirici","","L3","YES","CANONICAL-000740","CONFIRMED — PRODUCT OWNER FINAL — CANONICAL V1","REGULATED","YES","NO","NO","docs/TAXONOMY_W33_RESOLVED_UNIFIED_CANDIDATE_TREE.csv [BATCH_01]","1","Exact source row; Batch 01 source proposal; finalization candidate; OM-R06=B; OM-R07=B; OM-R10=A Canonical existence does not authorize runtime assignment or pilot activation; professional/policy gate remains open."
"CANONICAL-000744","Kozmetik & Kişisel Bakım","Cilt Bakımı","Serum","","L3","YES","CANONICAL-000740","CONFIRMED — PRODUCT OWNER FINAL — CANONICAL V1","REGULATED","YES","NO","NO","docs/TAXONOMY_W33_RESOLVED_UNIFIED_CANDIDATE_TREE.csv [BATCH_01]","1","Exact source row; Batch 01 source proposal; finalization candidate; OM-R06=B; OM-R07=B; OM-R10=A Canonical existence does not authorize runtime assignment or pilot activation; professional/policy gate remains open."
"CANONICAL-000745","Kozmetik & Kişisel Bakım","Cilt Bakımı","Maske & Peeling","","L3","YES","CANONICAL-000740","CONFIRMED — PRODUCT OWNER FINAL — CANONICAL V1","REGULATED","YES","NO","NO","docs/TAXONOMY_W33_RESOLVED_UNIFIED_CANDIDATE_TREE.csv [BATCH_01]","1","Exact source row; Batch 01 source proposal; finalization candidate; OM-R06=B; OM-R07=B; OM-R10=A Canonical existence does not authorize runtime assignment or pilot activation; professional/policy gate remains open."
"CANONICAL-000746","Kozmetik & Kişisel Bakım","Cilt Bakımı","Göz & Dudak Çevresi Bakımı","","L3","YES","CANONICAL-000740","CONFIRMED — PRODUCT OWNER FINAL — CANONICAL V1","REGULATED","YES","NO","NO","docs/TAXONOMY_W33_RESOLVED_UNIFIED_CANDIDATE_TREE.csv [BATCH_01]","1","Exact source row; Batch 01 source proposal; finalization candidate; OM-R06=B; OM-R07=B; OM-R10=A Canonical existence does not authorize runtime assignment or pilot activation; professional/policy gate remains open."
"CANONICAL-000747","Kozmetik & Kişisel Bakım","Güneş Bakımı","","","L2","NO","CANONICAL-000723","CONFIRMED — PRODUCT OWNER FINAL — CANONICAL V1","REGULATED","YES","NO","NO","docs/TAXONOMY_W33_RESOLVED_UNIFIED_CANDIDATE_TREE.csv [BATCH_01]","1","Exact source row; Batch 01 source proposal; finalization candidate; OM-R06=B; OM-R07=B; OM-R10=A Canonical existence does not authorize runtime assignment or pilot activation; professional/policy gate remains open."
"CANONICAL-000748","Kozmetik & Kişisel Bakım","Güneş Bakımı","Güneş Koruyucu","","L3","YES","CANONICAL-000747","CONFIRMED — PRODUCT OWNER FINAL — CANONICAL V1","REGULATED","YES","NO","NO","docs/TAXONOMY_W33_RESOLVED_UNIFIED_CANDIDATE_TREE.csv [BATCH_01]","1","Exact source row; Batch 01 source proposal; finalization candidate; OM-R06=B; OM-R07=B; OM-R10=A Canonical existence does not authorize runtime assignment or pilot activation; professional/policy gate remains open."
"CANONICAL-000749","Kozmetik & Kişisel Bakım","Güneş Bakımı","Güneş Sonrası Bakım","","L3","YES","CANONICAL-000747","CONFIRMED — PRODUCT OWNER FINAL — CANONICAL V1","REGULATED","YES","NO","NO","docs/TAXONOMY_W33_RESOLVED_UNIFIED_CANDIDATE_TREE.csv [BATCH_01]","0","Exact source row; Batch 01 source proposal; finalization candidate; OM-R06=B; OM-R07=B; OM-R10=A Canonical existence does not authorize runtime assignment or pilot activation; professional/policy gate remains open."
"CANONICAL-000750","Kozmetik & Kişisel Bakım","Güneş Bakımı","Bronzlaştırıcı & Otobronzan","","L3","YES","CANONICAL-000747","CONFIRMED — PRODUCT OWNER FINAL — CANONICAL V1","REGULATED","YES","NO","NO","docs/TAXONOMY_W33_RESOLVED_UNIFIED_CANDIDATE_TREE.csv [BATCH_01]","0","Exact source row; Batch 01 source proposal; finalization candidate; OM-R06=B; OM-R07=B; OM-R10=A Canonical existence does not authorize runtime assignment or pilot activation; professional/policy gate remains open."
"CANONICAL-000751","Kozmetik & Kişisel Bakım","Saç Bakımı & Şekillendirme","","","L2","NO","CANONICAL-000723","CONFIRMED — PRODUCT OWNER FINAL — CANONICAL V1","LEGAL_REVIEW_REQUIRED","YES","NO","NO","docs/TAXONOMY_W33_RESOLVED_UNIFIED_CANDIDATE_TREE.csv [BATCH_01]","1","Exact source row; Batch 01 source proposal; finalization candidate; OM-R06=B; OM-R07=B; OM-R10=A Canonical existence does not authorize runtime assignment or pilot activation; professional/policy gate remains open."
"CANONICAL-000752","Kozmetik & Kişisel Bakım","Saç Bakımı & Şekillendirme","Şampuan","","L3","YES","CANONICAL-000751","CONFIRMED — PRODUCT OWNER FINAL — CANONICAL V1","REGULATED","YES","NO","NO","docs/TAXONOMY_W33_RESOLVED_UNIFIED_CANDIDATE_TREE.csv [BATCH_01]","1","Exact source row; Batch 01 source proposal; finalization candidate; OM-R06=B; OM-R07=B; OM-R10=A Canonical existence does not authorize runtime assignment or pilot activation; professional/policy gate remains open."
"CANONICAL-000753","Kozmetik & Kişisel Bakım","Saç Bakımı & Şekillendirme","Saç Kremi & Maskesi","","L3","YES","CANONICAL-000751","CONFIRMED — PRODUCT OWNER FINAL — CANONICAL V1","REGULATED","YES","NO","NO","docs/TAXONOMY_W33_RESOLVED_UNIFIED_CANDIDATE_TREE.csv [BATCH_01]","1","Exact source row; Batch 01 source proposal; finalization candidate; OM-R06=B; OM-R07=B; OM-R10=A Canonical existence does not authorize runtime assignment or pilot activation; professional/policy gate remains open."
"CANONICAL-000754","Kozmetik & Kişisel Bakım","Saç Bakımı & Şekillendirme","Saç Yağı & Serumu","","L3","YES","CANONICAL-000751","CONFIRMED — PRODUCT OWNER FINAL — CANONICAL V1","REGULATED","YES","NO","NO","docs/TAXONOMY_W33_RESOLVED_UNIFIED_CANDIDATE_TREE.csv [BATCH_01]","0","Exact source row; Batch 01 source proposal; finalization candidate; OM-R06=B; OM-R07=B; OM-R10=A Canonical existence does not authorize runtime assignment or pilot activation; professional/policy gate remains open."
"CANONICAL-000755","Kozmetik & Kişisel Bakım","Saç Bakımı & Şekillendirme","Saç Şekillendirici","","L3","YES","CANONICAL-000751","CONFIRMED — PRODUCT OWNER FINAL — CANONICAL V1","REGULATED","YES","NO","NO","docs/TAXONOMY_W33_RESOLVED_UNIFIED_CANDIDATE_TREE.csv [BATCH_01]","1","Exact source row; Batch 01 source proposal; finalization candidate; OM-R06=B; OM-R07=B; OM-R10=A Canonical existence does not authorize runtime assignment or pilot activation; professional/policy gate remains open."
"CANONICAL-000756","Kozmetik & Kişisel Bakım","Saç Bakımı & Şekillendirme","Saç Boyası & Açıcı","","L3","YES","CANONICAL-000751","CONFIRMED — PRODUCT OWNER FINAL — CANONICAL V1","REGULATED","YES","NO","NO","docs/TAXONOMY_W33_RESOLVED_UNIFIED_CANDIDATE_TREE.csv [BATCH_01]","1","Exact source row; Batch 01 source proposal; finalization candidate; OM-R06=B; OM-R07=B; OM-R10=A Canonical existence does not authorize runtime assignment or pilot activation; professional/policy gate remains open."
"CANONICAL-000757","Kozmetik & Kişisel Bakım","Saç Bakımı & Şekillendirme","Saç Derisi Bakımı","","L3","YES","CANONICAL-000751","CONFIRMED — PRODUCT OWNER FINAL — CANONICAL V1","LEGAL_REVIEW_REQUIRED","YES","NO","NO","docs/TAXONOMY_W33_RESOLVED_UNIFIED_CANDIDATE_TREE.csv [BATCH_01]","0","Exact source row; Batch 01 source proposal; finalization candidate; OM-R06=B; OM-R07=B; OM-R10=A Canonical existence does not authorize runtime assignment or pilot activation; professional/policy gate remains open."
"CANONICAL-000758","Kozmetik & Kişisel Bakım","Parfüm & Deodorant","","","L2","NO","CANONICAL-000723","CONFIRMED — PRODUCT OWNER FINAL — CANONICAL V1","REGULATED","YES","NO","NO","docs/TAXONOMY_W33_RESOLVED_UNIFIED_CANDIDATE_TREE.csv [BATCH_01]","1","Exact source row; Batch 01 source proposal; finalization candidate; OM-R06=B; OM-R07=B; OM-R10=A Canonical existence does not authorize runtime assignment or pilot activation; professional/policy gate remains open."
"CANONICAL-000759","Kozmetik & Kişisel Bakım","Parfüm & Deodorant","Parfüm","","L3","YES","CANONICAL-000758","CONFIRMED — PRODUCT OWNER FINAL — CANONICAL V1","REGULATED","YES","NO","NO","docs/TAXONOMY_W33_RESOLVED_UNIFIED_CANDIDATE_TREE.csv [BATCH_01]","1","Exact source row; Batch 01 source proposal; finalization candidate; OM-R06=B; OM-R07=B; OM-R10=A Canonical existence does not authorize runtime assignment or pilot activation; professional/policy gate remains open."
"CANONICAL-000760","Kozmetik & Kişisel Bakım","Parfüm & Deodorant","Vücut Spreyi & Kolonya","","L3","YES","CANONICAL-000758","CONFIRMED — PRODUCT OWNER FINAL — CANONICAL V1","REGULATED","YES","NO","NO","docs/TAXONOMY_W33_RESOLVED_UNIFIED_CANDIDATE_TREE.csv [BATCH_01]","1","Exact source row; Batch 01 source proposal; finalization candidate; OM-R06=B; OM-R07=B; OM-R10=A Canonical existence does not authorize runtime assignment or pilot activation; professional/policy gate remains open."
"CANONICAL-000761","Kozmetik & Kişisel Bakım","Parfüm & Deodorant","Deodorant & Terleme Karşıtı","","L3","YES","CANONICAL-000758","CONFIRMED — PRODUCT OWNER FINAL — CANONICAL V1","REGULATED","YES","NO","NO","docs/TAXONOMY_W33_RESOLVED_UNIFIED_CANDIDATE_TREE.csv [BATCH_01]","1","Exact source row; Batch 01 source proposal; finalization candidate; OM-R06=B; OM-R07=B; OM-R10=A Canonical existence does not authorize runtime assignment or pilot activation; professional/policy gate remains open."
"CANONICAL-000762","Kozmetik & Kişisel Bakım","Banyo & Vücut Bakımı","","","L2","NO","CANONICAL-000723","CONFIRMED — PRODUCT OWNER FINAL — CANONICAL V1","REGULATED","YES","NO","NO","docs/TAXONOMY_W33_RESOLVED_UNIFIED_CANDIDATE_TREE.csv [BATCH_01]","1","Exact source row; Batch 01 source proposal; finalization candidate; OM-R06=B; OM-R07=B; OM-R10=A Canonical existence does not authorize runtime assignment or pilot activation; professional/policy gate remains open."
"CANONICAL-000763","Kozmetik & Kişisel Bakım","Banyo & Vücut Bakımı","Sabun & Duş Ürünleri","","L3","YES","CANONICAL-000762","CONFIRMED — PRODUCT OWNER FINAL — CANONICAL V1","REGULATED","YES","NO","NO","docs/TAXONOMY_W33_RESOLVED_UNIFIED_CANDIDATE_TREE.csv [BATCH_01]","2","Exact source row; Batch 01 source proposal; finalization candidate; OM-R06=B; OM-R07=B; OM-R10=A Canonical existence does not authorize runtime assignment or pilot activation; professional/policy gate remains open."
"CANONICAL-000764","Kozmetik & Kişisel Bakım","Banyo & Vücut Bakımı","Vücut Nemlendirici","","L3","YES","CANONICAL-000762","CONFIRMED — PRODUCT OWNER FINAL — CANONICAL V1","REGULATED","YES","NO","NO","docs/TAXONOMY_W33_RESOLVED_UNIFIED_CANDIDATE_TREE.csv [BATCH_01]","1","Exact source row; Batch 01 source proposal; finalization candidate; OM-R06=B; OM-R07=B; OM-R10=A Canonical existence does not authorize runtime assignment or pilot activation; professional/policy gate remains open."
"CANONICAL-000765","Kozmetik & Kişisel Bakım","Banyo & Vücut Bakımı","Vücut Peelingi","","L3","YES","CANONICAL-000762","CONFIRMED — PRODUCT OWNER FINAL — CANONICAL V1","REGULATED","YES","NO","NO","docs/TAXONOMY_W33_RESOLVED_UNIFIED_CANDIDATE_TREE.csv [BATCH_01]","1","Exact source row; Batch 01 source proposal; finalization candidate; OM-R06=B; OM-R07=B; OM-R10=A Canonical existence does not authorize runtime assignment or pilot activation; professional/policy gate remains open."
"CANONICAL-000766","Kozmetik & Kişisel Bakım","Banyo & Vücut Bakımı","Banyo Ürünleri","","L3","YES","CANONICAL-000762","CONFIRMED — PRODUCT OWNER FINAL — CANONICAL V1","REGULATED","YES","NO","NO","docs/TAXONOMY_W33_RESOLVED_UNIFIED_CANDIDATE_TREE.csv [BATCH_01]","1","Exact source row; Batch 01 source proposal; finalization candidate; OM-R06=B; OM-R07=B; OM-R10=A Canonical existence does not authorize runtime assignment or pilot activation; professional/policy gate remains open."
"CANONICAL-000767","Kozmetik & Kişisel Bakım","Banyo & Vücut Bakımı","Vücut Yağı","","L3","YES","CANONICAL-000762","CONFIRMED — PRODUCT OWNER FINAL — CANONICAL V1","REGULATED","YES","NO","NO","docs/TAXONOMY_W33_RESOLVED_UNIFIED_CANDIDATE_TREE.csv [BATCH_01]","1","Exact source row; Batch 01 source proposal; finalization candidate; OM-R06=B; OM-R07=B; OM-R10=A Canonical existence does not authorize runtime assignment or pilot activation; professional/policy gate remains open."
"CANONICAL-000768","Kozmetik & Kişisel Bakım","El, Ayak & Tırnak Bakımı","","","L2","NO","CANONICAL-000723","CONFIRMED — PRODUCT OWNER FINAL — CANONICAL V1","REGULATED","YES","NO","NO","docs/TAXONOMY_W33_RESOLVED_UNIFIED_CANDIDATE_TREE.csv [BATCH_01]","1","Exact source row; Batch 01 source proposal; finalization candidate; OM-R06=B; OM-R07=B; OM-R10=A Canonical existence does not authorize runtime assignment or pilot activation; professional/policy gate remains open."
"CANONICAL-000769","Kozmetik & Kişisel Bakım","El, Ayak & Tırnak Bakımı","El Bakımı","","L3","YES","CANONICAL-000768","CONFIRMED — PRODUCT OWNER FINAL — CANONICAL V1","REGULATED","YES","NO","NO","docs/TAXONOMY_W33_RESOLVED_UNIFIED_CANDIDATE_TREE.csv [BATCH_01]","0","Exact source row; Batch 01 source proposal; finalization candidate; OM-R06=B; OM-R07=B; OM-R10=A Canonical existence does not authorize runtime assignment or pilot activation; professional/policy gate remains open."
"CANONICAL-000770","Kozmetik & Kişisel Bakım","El, Ayak & Tırnak Bakımı","Ayak Bakımı","","L3","YES","CANONICAL-000768","CONFIRMED — PRODUCT OWNER FINAL — CANONICAL V1","REGULATED","YES","NO","NO","docs/TAXONOMY_W33_RESOLVED_UNIFIED_CANDIDATE_TREE.csv [BATCH_01]","0","Exact source row; Batch 01 source proposal; finalization candidate; OM-R06=B; OM-R07=B; OM-R10=A Canonical existence does not authorize runtime assignment or pilot activation; professional/policy gate remains open."
"CANONICAL-000771","Kozmetik & Kişisel Bakım","El, Ayak & Tırnak Bakımı","Tırnak Bakımı","","L3","YES","CANONICAL-000768","CONFIRMED — PRODUCT OWNER FINAL — CANONICAL V1","REGULATED","YES","NO","NO","docs/TAXONOMY_W33_RESOLVED_UNIFIED_CANDIDATE_TREE.csv [BATCH_01]","0","Exact source row; Batch 01 source proposal; finalization candidate; OM-R06=B; OM-R07=B; OM-R10=A Canonical existence does not authorize runtime assignment or pilot activation; professional/policy gate remains open."
"CANONICAL-000772","Kozmetik & Kişisel Bakım","El, Ayak & Tırnak Bakımı","Manikür & Pedikür Bakım Ürünleri","","L3","YES","CANONICAL-000768","CONFIRMED — PRODUCT OWNER FINAL — CANONICAL V1","REGULATED","YES","NO","NO","docs/TAXONOMY_W33_RESOLVED_UNIFIED_CANDIDATE_TREE.csv [BATCH_01]","1","Exact source row; Batch 01 source proposal; finalization candidate; OM-R06=B; OM-R07=B; OM-R10=A Canonical existence does not authorize runtime assignment or pilot activation; professional/policy gate remains open."
"CANONICAL-000773","Kozmetik & Kişisel Bakım","Ağız & Diş Bakımı","","","L2","NO","CANONICAL-000723","CONFIRMED — PRODUCT OWNER FINAL — CANONICAL V1","LEGAL_REVIEW_REQUIRED","YES","NO","NO","docs/TAXONOMY_W33_RESOLVED_UNIFIED_CANDIDATE_TREE.csv [BATCH_01]","1","Exact source row; Batch 01 source proposal; finalization candidate; OM-R06=B; OM-R07=B; OM-R10=A Canonical existence does not authorize runtime assignment or pilot activation; professional/policy gate remains open."
"CANONICAL-000774","Kozmetik & Kişisel Bakım","Ağız & Diş Bakımı","Diş Macunu","","L3","YES","CANONICAL-000773","CONFIRMED — PRODUCT OWNER FINAL — CANONICAL V1","REGULATED","YES","NO","NO","docs/TAXONOMY_W33_RESOLVED_UNIFIED_CANDIDATE_TREE.csv [BATCH_01]","1","Exact source row; Batch 01 source proposal; finalization candidate; OM-R06=B; OM-R07=B; OM-R10=A Canonical existence does not authorize runtime assignment or pilot activation; professional/policy gate remains open."
"CANONICAL-000775","Kozmetik & Kişisel Bakım","Ağız & Diş Bakımı","Manuel Diş Fırçası","","L3","YES","CANONICAL-000773","CONFIRMED — PRODUCT OWNER FINAL — CANONICAL V1","REGULATED","YES","NO","NO","docs/TAXONOMY_W33_RESOLVED_UNIFIED_CANDIDATE_TREE.csv [BATCH_01]","0","Exact source row; Batch 01 source proposal; finalization candidate; OM-R06=B; OM-R07=B; OM-R10=A Canonical existence does not authorize runtime assignment or pilot activation; professional/policy gate remains open."
"CANONICAL-000776","Kozmetik & Kişisel Bakım","Ağız & Diş Bakımı","Diş İpi & Arayüz Bakımı","","L3","YES","CANONICAL-000773","CONFIRMED — PRODUCT OWNER FINAL — CANONICAL V1","REGULATED","YES","NO","NO","docs/TAXONOMY_W33_RESOLVED_UNIFIED_CANDIDATE_TREE.csv [BATCH_01]","0","Exact source row; Batch 01 source proposal; finalization candidate; OM-R06=B; OM-R07=B; OM-R10=A Canonical existence does not authorize runtime assignment or pilot activation; professional/policy gate remains open."
"CANONICAL-000777","Kozmetik & Kişisel Bakım","Ağız & Diş Bakımı","Ağız Çalkalama Suyu","","L3","YES","CANONICAL-000773","CONFIRMED — PRODUCT OWNER FINAL — CANONICAL V1","REGULATED","YES","NO","NO","docs/TAXONOMY_W33_RESOLVED_UNIFIED_CANDIDATE_TREE.csv [BATCH_01]","0","Exact source row; Batch 01 source proposal; finalization candidate; OM-R06=B; OM-R07=B; OM-R10=A Canonical existence does not authorize runtime assignment or pilot activation; professional/policy gate remains open."
"CANONICAL-000778","Kozmetik & Kişisel Bakım","Ağız & Diş Bakımı","Protez Diş Bakımı","","L3","YES","CANONICAL-000773","CONFIRMED — PRODUCT OWNER FINAL — CANONICAL V1","LEGAL_REVIEW_REQUIRED","YES","NO","NO","docs/TAXONOMY_W33_RESOLVED_UNIFIED_CANDIDATE_TREE.csv [BATCH_01]","0","Exact source row; Batch 01 source proposal; finalization candidate; OM-R06=B; OM-R07=B; OM-R10=A Canonical existence does not authorize runtime assignment or pilot activation; professional/policy gate remains open."
"CANONICAL-000779","Kozmetik & Kişisel Bakım","Kişisel Hijyen","","","L2","NO","CANONICAL-000723","CONFIRMED — PRODUCT OWNER FINAL — CANONICAL V1","LEGAL_REVIEW_REQUIRED","YES","NO","NO","docs/TAXONOMY_W33_RESOLVED_UNIFIED_CANDIDATE_TREE.csv [BATCH_01]","1","Exact source row; Batch 01 source proposal; finalization candidate; OM-R06=B; OM-R07=B; OM-R10=A Canonical existence does not authorize runtime assignment or pilot activation; professional/policy gate remains open."
"CANONICAL-000780","Kozmetik & Kişisel Bakım","Kişisel Hijyen","Menstrüel Hijyen","","L3","YES","CANONICAL-000779","CONFIRMED — PRODUCT OWNER FINAL — CANONICAL V1","REGULATED","YES","NO","NO","docs/TAXONOMY_W33_RESOLVED_UNIFIED_CANDIDATE_TREE.csv [BATCH_01]","1","Exact source row; Batch 01 source proposal; finalization candidate; OM-R06=B; OM-R07=B; OM-R10=A Canonical existence does not authorize runtime assignment or pilot activation; professional/policy gate remains open."
"CANONICAL-000781","Kozmetik & Kişisel Bakım","Kişisel Hijyen","İnkontinans Hijyeni","","L3","YES","CANONICAL-000779","CONFIRMED — PRODUCT OWNER FINAL — CANONICAL V1","LEGAL_REVIEW_REQUIRED","YES","NO","NO","docs/TAXONOMY_W33_RESOLVED_UNIFIED_CANDIDATE_TREE.csv [BATCH_01]","0","Exact source row; Batch 01 source proposal; finalization candidate; OM-R06=B; OM-R07=B; OM-R10=A Canonical existence does not authorize runtime assignment or pilot activation; professional/policy gate remains open."
"CANONICAL-000782","Kozmetik & Kişisel Bakım","Kişisel Hijyen","İntim Hijyen","","L3","YES","CANONICAL-000779","CONFIRMED — PRODUCT OWNER FINAL — CANONICAL V1","LEGAL_REVIEW_REQUIRED","YES","NO","NO","docs/TAXONOMY_W33_RESOLVED_UNIFIED_CANDIDATE_TREE.csv [BATCH_01]","0","Exact source row; Batch 01 source proposal; finalization candidate; OM-R06=B; OM-R07=B; OM-R10=A Canonical existence does not authorize runtime assignment or pilot activation; professional/policy gate remains open."
"CANONICAL-000783","Kozmetik & Kişisel Bakım","Kişisel Hijyen","Islak Mendil","","L3","YES","CANONICAL-000779","CONFIRMED — PRODUCT OWNER FINAL — CANONICAL V1","REGULATED","YES","NO","NO","docs/TAXONOMY_W33_RESOLVED_UNIFIED_CANDIDATE_TREE.csv [BATCH_01]","1","Exact source row; Batch 01 source proposal; finalization candidate; OM-R06=B; OM-R07=B; OM-R10=A Canonical existence does not authorize runtime assignment or pilot activation; professional/policy gate remains open."
"CANONICAL-000784","Kozmetik & Kişisel Bakım","Kişisel Hijyen","Pamuk & Makyaj Pedi","","L3","YES","CANONICAL-000779","CONFIRMED — PRODUCT OWNER FINAL — CANONICAL V1","REGULATED","YES","NO","NO","docs/TAXONOMY_W33_RESOLVED_UNIFIED_CANDIDATE_TREE.csv [BATCH_01]","0","Exact source row; Batch 01 source proposal; finalization candidate; OM-R06=B; OM-R07=B; OM-R10=A Canonical existence does not authorize runtime assignment or pilot activation; professional/policy gate remains open."
"CANONICAL-000785","Kozmetik & Kişisel Bakım","Tıraş, Ağda & Epilasyon","","","L2","NO","CANONICAL-000723","CONFIRMED — PRODUCT OWNER FINAL — CANONICAL V1","REGULATED","YES","NO","NO","docs/TAXONOMY_W33_RESOLVED_UNIFIED_CANDIDATE_TREE.csv [BATCH_01]","1","Exact source row; Batch 01 source proposal; finalization candidate; OM-R06=B; OM-R07=B; OM-R10=A Canonical existence does not authorize runtime assignment or pilot activation; professional/policy gate remains open."
"CANONICAL-000786","Kozmetik & Kişisel Bakım","Tıraş, Ağda & Epilasyon","Manuel Tıraş Bıçağı & Yedekleri","","L3","YES","CANONICAL-000785","CONFIRMED — PRODUCT OWNER FINAL — CANONICAL V1","REGULATED","YES","NO","NO","docs/TAXONOMY_W33_RESOLVED_UNIFIED_CANDIDATE_TREE.csv [BATCH_01]","1","Exact source row; Batch 01 source proposal; finalization candidate; OM-R06=B; OM-R07=B; OM-R10=A Canonical existence does not authorize runtime assignment or pilot activation; professional/policy gate remains open."
"CANONICAL-000787","Kozmetik & Kişisel Bakım","Tıraş, Ağda & Epilasyon","Tıraş Hazırlık & Bakım Ürünleri","","L3","YES","CANONICAL-000785","CONFIRMED — PRODUCT OWNER FINAL — CANONICAL V1","REGULATED","YES","NO","NO","docs/TAXONOMY_W33_RESOLVED_UNIFIED_CANDIDATE_TREE.csv [BATCH_01]","1","Exact source row; Batch 01 source proposal; finalization candidate; OM-R06=B; OM-R07=B; OM-R10=A Canonical existence does not authorize runtime assignment or pilot activation; professional/policy gate remains open."
"CANONICAL-000788","Kozmetik & Kişisel Bakım","Tıraş, Ağda & Epilasyon","Ağda Ürünleri","","L3","YES","CANONICAL-000785","CONFIRMED — PRODUCT OWNER FINAL — CANONICAL V1","REGULATED","YES","NO","NO","docs/TAXONOMY_W33_RESOLVED_UNIFIED_CANDIDATE_TREE.csv [BATCH_01]","1","Exact source row; Batch 01 source proposal; finalization candidate; OM-R06=B; OM-R07=B; OM-R10=A Canonical existence does not authorize runtime assignment or pilot activation; professional/policy gate remains open."
"CANONICAL-000789","Kozmetik & Kişisel Bakım","Tıraş, Ağda & Epilasyon","Tüy Dökücü Ürünler","","L3","YES","CANONICAL-000785","CONFIRMED — PRODUCT OWNER FINAL — CANONICAL V1","REGULATED","YES","NO","NO","docs/TAXONOMY_W33_RESOLVED_UNIFIED_CANDIDATE_TREE.csv [BATCH_01]","1","Exact source row; Batch 01 source proposal; finalization candidate; OM-R06=B; OM-R07=B; OM-R10=A Canonical existence does not authorize runtime assignment or pilot activation; professional/policy gate remains open."
"CANONICAL-000790","Kozmetik & Kişisel Bakım","Tıraş, Ağda & Epilasyon","Epilasyon Sarfları","","L3","YES","CANONICAL-000785","CONFIRMED — PRODUCT OWNER FINAL — CANONICAL V1","REGULATED","YES","NO","NO","docs/TAXONOMY_W33_RESOLVED_UNIFIED_CANDIDATE_TREE.csv [BATCH_01]","0","Exact source row; Batch 01 source proposal; finalization candidate; OM-R06=B; OM-R07=B; OM-R10=A Canonical existence does not authorize runtime assignment or pilot activation; professional/policy gate remains open."
"CANONICAL-000791","Kozmetik & Kişisel Bakım","Kozmetik & Bakım Aksesuarları","","","L2","NO","CANONICAL-000723","CONFIRMED — PRODUCT OWNER FINAL — CANONICAL V1","REGULATED","YES","NO","NO","docs/TAXONOMY_W33_RESOLVED_UNIFIED_CANDIDATE_TREE.csv [BATCH_01]","1","Exact source row; Batch 01 source proposal; finalization candidate; OM-R06=B; OM-R07=B; OM-R10=A Canonical existence does not authorize runtime assignment or pilot activation; professional/policy gate remains open."
"CANONICAL-000792","Kozmetik & Kişisel Bakım","Kozmetik & Bakım Aksesuarları","Makyaj Uygulama Aksesuarları","","L3","YES","CANONICAL-000791","CONFIRMED — PRODUCT OWNER FINAL — CANONICAL V1","NORMAL","YES","NO","NO","docs/TAXONOMY_W33_RESOLVED_UNIFIED_CANDIDATE_TREE.csv [BATCH_01]","1","Exact source row; Batch 01 source proposal; finalization candidate; OM-R06=B; OM-R07=B; OM-R10=A Canonical existence does not authorize runtime assignment or pilot activation; professional/policy gate remains open."
"CANONICAL-000793","Kozmetik & Kişisel Bakım","Kozmetik & Bakım Aksesuarları","Saç Fırçası & Tarak","","L3","YES","CANONICAL-000791","CONFIRMED — PRODUCT OWNER FINAL — CANONICAL V1","NORMAL","YES","NO","NO","docs/TAXONOMY_W33_RESOLVED_UNIFIED_CANDIDATE_TREE.csv [BATCH_01]","1","Exact source row; Batch 01 source proposal; finalization candidate; OM-R06=B; OM-R07=B; OM-R10=A Canonical existence does not authorize runtime assignment or pilot activation; professional/policy gate remains open."
"CANONICAL-000794","Kozmetik & Kişisel Bakım","Kozmetik & Bakım Aksesuarları","Manikür & Pedikür Aletleri","","L3","YES","CANONICAL-000791","CONFIRMED — PRODUCT OWNER FINAL — CANONICAL V1","REGULATED","YES","NO","NO","docs/TAXONOMY_W33_RESOLVED_UNIFIED_CANDIDATE_TREE.csv [BATCH_01]","0","Exact source row; Batch 01 source proposal; finalization candidate; OM-R06=B; OM-R07=B; OM-R10=A Canonical existence does not authorize runtime assignment or pilot activation; professional/policy gate remains open."
"CANONICAL-000795","Kozmetik & Kişisel Bakım","Kozmetik & Bakım Aksesuarları","Bakım Aynaları","","L3","YES","CANONICAL-000791","CONFIRMED — PRODUCT OWNER FINAL — CANONICAL V1","NORMAL","NO","NO","NO","docs/TAXONOMY_W33_RESOLVED_UNIFIED_CANDIDATE_TREE.csv [BATCH_01]","0","Exact source row; Batch 01 source proposal; finalization candidate; OM-R06=B; OM-R07=B; OM-R10=A"
"CANONICAL-000796","Kozmetik & Kişisel Bakım","Kozmetik & Bakım Aksesuarları","Kozmetik Uygulama Kapları","","L3","YES","CANONICAL-000791","CONFIRMED — PRODUCT OWNER FINAL — CANONICAL V1","NORMAL","YES","NO","NO","docs/TAXONOMY_W33_RESOLVED_UNIFIED_CANDIDATE_TREE.csv [BATCH_01]","0","Exact source row; Batch 01 source proposal; finalization candidate; OM-R06=B; OM-R07=B; OM-R10=A Canonical existence does not authorize runtime assignment or pilot activation; professional/policy gate remains open."
"CANONICAL-000797","Anne & Bebek","","","","L1","NO","","CONFIRMED — PRODUCT OWNER FINAL — CANONICAL V1","NORMAL","NO","NO","NO","docs/ESNAFTAVAR_CANONICAL_CATEGORY_TAXONOMY.md","1","Canonical L1 root; never product-assignable; pilot activation requires at least one eligible descendant and a separate runtime decision."
"CANONICAL-000798","Anne & Bebek","Bebek Beslenme","","","L2","NO","CANONICAL-000797","CONFIRMED — PRODUCT OWNER FINAL — CANONICAL V1","LEGAL_REVIEW_REQUIRED","YES","NO","NO","docs/TAXONOMY_W33_RESOLVED_UNIFIED_CANDIDATE_TREE.csv [BATCH_02]","1","Exact source row; Batch 02 source proposal; finalization candidate; OM-R06=B; OM-R07=B; OM-R10=A Canonical existence does not authorize runtime assignment or pilot activation; professional/policy gate remains open."
"CANONICAL-000799","Anne & Bebek","Bebek Beslenme","Bebek Formülü & Yaşa Özgü Gıdalar","","L3","NO","CANONICAL-000798","CONFIRMED — PRODUCT OWNER FINAL — CANONICAL V1","LEGAL_REVIEW_REQUIRED","YES","NO","NO","docs/TAXONOMY_W33_RESOLVED_UNIFIED_CANDIDATE_TREE.csv [BATCH_02]","0","Exact source row; Batch 02 source proposal; finalization candidate; OM-R06=B; OM-R07=B; OM-R10=A Canonical existence does not authorize runtime assignment or pilot activation; professional/policy gate remains open."
"CANONICAL-000800","Anne & Bebek","Bebek Beslenme","Bebek Formülü & Yaşa Özgü Gıdalar","Başlangıç Bebek Formülleri","L4","YES","CANONICAL-000799","CONFIRMED — PRODUCT OWNER FINAL — CANONICAL V1","LEGAL_REVIEW_REQUIRED","YES","NO","NO","docs/TAXONOMY_W33_RESOLVED_UNIFIED_CANDIDATE_TREE.csv [BATCH_02]","0","Exact source row; Batch 02 source proposal; finalization candidate; OM-R06=B; OM-R07=B; OM-R10=A Canonical existence does not authorize runtime assignment or pilot activation; professional/policy gate remains open."
"CANONICAL-000801","Anne & Bebek","Bebek Beslenme","Bebek Formülü & Yaşa Özgü Gıdalar","Devam Sütü & Büyüme Ürünleri","L4","YES","CANONICAL-000799","CONFIRMED — PRODUCT OWNER FINAL — CANONICAL V1","LEGAL_REVIEW_REQUIRED","YES","NO","NO","docs/TAXONOMY_W33_RESOLVED_UNIFIED_CANDIDATE_TREE.csv [BATCH_02]","0","Exact source row; Batch 02 source proposal; finalization candidate; OM-R06=B; OM-R07=B; OM-R10=A Canonical existence does not authorize runtime assignment or pilot activation; professional/policy gate remains open."
"CANONICAL-000802","Anne & Bebek","Bebek Beslenme","Bebek Formülü & Yaşa Özgü Gıdalar","Bebek Tahıl & Ek Gıdaları","L4","YES","CANONICAL-000799","CONFIRMED — PRODUCT OWNER FINAL — CANONICAL V1","REGULATED","YES","NO","NO","docs/TAXONOMY_W33_RESOLVED_UNIFIED_CANDIDATE_TREE.csv [BATCH_02]","1","Exact source row; Batch 02 source proposal; finalization candidate; OM-R06=B; OM-R07=B; OM-R10=A Canonical existence does not authorize runtime assignment or pilot activation; professional/policy gate remains open."
"CANONICAL-000803","Anne & Bebek","Bebek Beslenme","Bebek Formülü & Yaşa Özgü Gıdalar","Bebek Püre & Atıştırmalıkları","L4","YES","CANONICAL-000799","CONFIRMED — PRODUCT OWNER FINAL — CANONICAL V1","REGULATED","YES","NO","NO","docs/TAXONOMY_W33_RESOLVED_UNIFIED_CANDIDATE_TREE.csv [BATCH_02]","0","Exact source row; Batch 02 source proposal; finalization candidate; OM-R06=B; OM-R07=B; OM-R10=A Canonical existence does not authorize runtime assignment or pilot activation; professional/policy gate remains open."
"CANONICAL-000804","Anne & Bebek","Bebek Beslenme","Biberon & Aksesuarları","","L3","NO","CANONICAL-000798","CONFIRMED — PRODUCT OWNER FINAL — CANONICAL V1","REGULATED","YES","NO","NO","docs/TAXONOMY_W33_RESOLVED_UNIFIED_CANDIDATE_TREE.csv [BATCH_02]","0","Exact source row; Batch 02 source proposal; finalization candidate; OM-R06=B; OM-R07=B; OM-R10=A Canonical existence does not authorize runtime assignment or pilot activation; professional/policy gate remains open."
"CANONICAL-000805","Anne & Bebek","Bebek Beslenme","Biberon & Aksesuarları","Biberonlar","L4","YES","CANONICAL-000804","CONFIRMED — PRODUCT OWNER FINAL — CANONICAL V1","REGULATED","YES","NO","NO","docs/TAXONOMY_W33_RESOLVED_UNIFIED_CANDIDATE_TREE.csv [BATCH_02]","1","Exact source row; Batch 02 source proposal; finalization candidate; OM-R06=B; OM-R07=B; OM-R10=A Canonical existence does not authorize runtime assignment or pilot activation; professional/policy gate remains open."
"CANONICAL-000806","Anne & Bebek","Bebek Beslenme","Biberon & Aksesuarları","Biberon Emzikleri","L4","YES","CANONICAL-000804","CONFIRMED — PRODUCT OWNER FINAL — CANONICAL V1","REGULATED","YES","NO","NO","docs/TAXONOMY_W33_RESOLVED_UNIFIED_CANDIDATE_TREE.csv [BATCH_02]","1","Exact source row; Batch 02 source proposal; finalization candidate; OM-R06=B; OM-R07=B; OM-R10=A Canonical existence does not authorize runtime assignment or pilot activation; professional/policy gate remains open."
"CANONICAL-000807","Anne & Bebek","Bebek Beslenme","Biberon & Aksesuarları","Biberon Temizleme & Hazırlama Aksesuarları","L4","YES","CANONICAL-000804","CONFIRMED — PRODUCT OWNER FINAL — CANONICAL V1","REGULATED","YES","NO","NO","docs/TAXONOMY_W33_RESOLVED_UNIFIED_CANDIDATE_TREE.csv [BATCH_02]","1","Exact source row; Batch 02 source proposal; finalization candidate; OM-R06=B; OM-R07=B; OM-R10=A Canonical existence does not authorize runtime assignment or pilot activation; professional/policy gate remains open."
"CANONICAL-000808","Anne & Bebek","Bebek Beslenme","Emzikler","","L3","YES","CANONICAL-000798","CONFIRMED — PRODUCT OWNER FINAL — CANONICAL V1","REGULATED","YES","NO","NO","docs/TAXONOMY_W33_RESOLVED_UNIFIED_CANDIDATE_TREE.csv [BATCH_02]","1","Exact source row; Batch 02 source proposal; finalization candidate; OM-R06=B; OM-R07=B; OM-R10=A Canonical existence does not authorize runtime assignment or pilot activation; professional/policy gate remains open."
"CANONICAL-000809","Anne & Bebek","Bebek Beslenme","Bebek Sofra Ürünleri & Alıştırma Bardakları","","L3","YES","CANONICAL-000798","CONFIRMED — PRODUCT OWNER FINAL — CANONICAL V1","REGULATED","YES","NO","NO","docs/TAXONOMY_W33_RESOLVED_UNIFIED_CANDIDATE_TREE.csv [BATCH_02]","1","Exact source row; Batch 02 source proposal; finalization candidate; OM-R06=B; OM-R07=B; OM-R10=A Canonical existence does not authorize runtime assignment or pilot activation; professional/policy gate remains open."
"CANONICAL-000810","Anne & Bebek","Bebek Beslenme","Mama Sandalyeleri","","L3","YES","CANONICAL-000798","CONFIRMED — PRODUCT OWNER FINAL — CANONICAL V1","REGULATED","YES","NO","NO","docs/TAXONOMY_W33_RESOLVED_UNIFIED_CANDIDATE_TREE.csv [BATCH_02]","2","Exact source row; Batch 02 source proposal; finalization candidate; OM-R06=B; OM-R07=B; OM-R10=A Canonical existence does not authorize runtime assignment or pilot activation; professional/policy gate remains open."
"CANONICAL-000811","Anne & Bebek","Emzirme & Anne Sütü Ürünleri","","","L2","NO","CANONICAL-000797","CONFIRMED — PRODUCT OWNER FINAL — CANONICAL V1","LEGAL_REVIEW_REQUIRED","YES","NO","NO","docs/TAXONOMY_W33_RESOLVED_UNIFIED_CANDIDATE_TREE.csv [BATCH_02]","1","Exact source row; Batch 02 source proposal; finalization candidate; OM-R06=B; OM-R07=B; OM-R10=A Canonical existence does not authorize runtime assignment or pilot activation; professional/policy gate remains open."
"CANONICAL-000812","Anne & Bebek","Emzirme & Anne Sütü Ürünleri","Göğüs Pompaları","","L3","NO","CANONICAL-000811","CONFIRMED — PRODUCT OWNER FINAL — CANONICAL V1","REGULATED","YES","NO","NO","docs/TAXONOMY_W33_RESOLVED_UNIFIED_CANDIDATE_TREE.csv [BATCH_02]","0","Exact source row; Batch 02 source proposal; finalization candidate; OM-R06=B; OM-R07=B; OM-R10=A Canonical existence does not authorize runtime assignment or pilot activation; professional/policy gate remains open."
"CANONICAL-000813","Anne & Bebek","Emzirme & Anne Sütü Ürünleri","Göğüs Pompaları","Manuel Göğüs Pompaları","L4","YES","CANONICAL-000812","CONFIRMED — PRODUCT OWNER FINAL — CANONICAL V1","REGULATED","YES","NO","NO","docs/TAXONOMY_W33_RESOLVED_UNIFIED_CANDIDATE_TREE.csv [BATCH_02]","1","Exact source row; Batch 02 source proposal; finalization candidate; OM-R06=B; OM-R07=B; OM-R10=A Canonical existence does not authorize runtime assignment or pilot activation; professional/policy gate remains open."
"CANONICAL-000814","Anne & Bebek","Emzirme & Anne Sütü Ürünleri","Göğüs Pompaları","Elektrikli Göğüs Pompaları","L4","YES","CANONICAL-000812","CONFIRMED — PRODUCT OWNER FINAL — CANONICAL V1","REGULATED","YES","NO","NO","docs/TAXONOMY_W33_RESOLVED_UNIFIED_CANDIDATE_TREE.csv [BATCH_02]","1","Exact source row; Batch 02 source proposal; finalization candidate; OM-R06=B; OM-R07=B; OM-R10=A Canonical existence does not authorize runtime assignment or pilot activation; professional/policy gate remains open."
"CANONICAL-000815","Anne & Bebek","Emzirme & Anne Sütü Ürünleri","Anne Sütü Saklama Ürünleri","","L3","YES","CANONICAL-000811","CONFIRMED — PRODUCT OWNER FINAL — CANONICAL V1","REGULATED","YES","NO","NO","docs/TAXONOMY_W33_RESOLVED_UNIFIED_CANDIDATE_TREE.csv [BATCH_02]","0","Exact source row; Batch 02 source proposal; finalization candidate; OM-R06=B; OM-R07=B; OM-R10=A Canonical existence does not authorize runtime assignment or pilot activation; professional/policy gate remains open."
"CANONICAL-000816","Anne & Bebek","Emzirme & Anne Sütü Ürünleri","Göğüs Pedi & Süt Toplayıcıları","","L3","YES","CANONICAL-000811","CONFIRMED — PRODUCT OWNER FINAL — CANONICAL V1","REGULATED","YES","NO","NO","docs/TAXONOMY_W33_RESOLVED_UNIFIED_CANDIDATE_TREE.csv [BATCH_02]","0","Exact source row; Batch 02 source proposal; finalization candidate; OM-R06=B; OM-R07=B; OM-R10=A Canonical existence does not authorize runtime assignment or pilot activation; professional/policy gate remains open."
"CANONICAL-000817","Anne & Bebek","Emzirme & Anne Sütü Ürünleri","Emzirme Yastığı & Örtüleri","","L3","YES","CANONICAL-000811","CONFIRMED — PRODUCT OWNER FINAL — CANONICAL V1","NORMAL","YES","NO","NO","docs/TAXONOMY_W33_RESOLVED_UNIFIED_CANDIDATE_TREE.csv [BATCH_02]","0","Exact source row; Batch 02 source proposal; finalization candidate; OM-R06=B; OM-R07=B; OM-R10=A Canonical existence does not authorize runtime assignment or pilot activation; professional/policy gate remains open."
"CANONICAL-000818","Anne & Bebek","Emzirme & Anne Sütü Ürünleri","Emzirme Bakım Aksesuarları","","L3","YES","CANONICAL-000811","CONFIRMED — PRODUCT OWNER FINAL — CANONICAL V1","LEGAL_REVIEW_REQUIRED","YES","NO","NO","docs/TAXONOMY_W33_RESOLVED_UNIFIED_CANDIDATE_TREE.csv [BATCH_02]","0","Exact source row; Batch 02 source proposal; finalization candidate; OM-R06=B; OM-R07=B; OM-R10=A Canonical existence does not authorize runtime assignment or pilot activation; professional/policy gate remains open."
"CANONICAL-000819","Anne & Bebek","Bebek Bezi & Alt Bakım","","","L2","NO","CANONICAL-000797","CONFIRMED — PRODUCT OWNER FINAL — CANONICAL V1","LEGAL_REVIEW_REQUIRED","YES","NO","NO","docs/TAXONOMY_W33_RESOLVED_UNIFIED_CANDIDATE_TREE.csv [BATCH_02]","1","Exact source row; Batch 02 source proposal; finalization candidate; OM-R06=B; OM-R07=B; OM-R10=A Canonical existence does not authorize runtime assignment or pilot activation; professional/policy gate remains open."
"CANONICAL-000820","Anne & Bebek","Bebek Bezi & Alt Bakım","Bebek Bezleri","","L3","NO","CANONICAL-000819","CONFIRMED — PRODUCT OWNER FINAL — CANONICAL V1","REGULATED","YES","NO","NO","docs/TAXONOMY_W33_RESOLVED_UNIFIED_CANDIDATE_TREE.csv [BATCH_02]","0","Exact source row; Batch 02 source proposal; finalization candidate; OM-R06=B; OM-R07=B; OM-R10=A Canonical existence does not authorize runtime assignment or pilot activation; professional/policy gate remains open."
"CANONICAL-000821","Anne & Bebek","Bebek Bezi & Alt Bakım","Bebek Bezleri","Tek Kullanımlık Bebek Bezleri","L4","YES","CANONICAL-000820","CONFIRMED — PRODUCT OWNER FINAL — CANONICAL V1","REGULATED","YES","NO","NO","docs/TAXONOMY_W33_RESOLVED_UNIFIED_CANDIDATE_TREE.csv [BATCH_02]","1","Exact source row; Batch 02 source proposal; finalization candidate; OM-R06=B; OM-R07=B; OM-R10=A Canonical existence does not authorize runtime assignment or pilot activation; professional/policy gate remains open."
"CANONICAL-000822","Anne & Bebek","Bebek Bezi & Alt Bakım","Bebek Bezleri","Yıkanabilir Bebek Bezleri","L4","YES","CANONICAL-000820","CONFIRMED — PRODUCT OWNER FINAL — CANONICAL V1","REGULATED","YES","NO","NO","docs/TAXONOMY_W33_RESOLVED_UNIFIED_CANDIDATE_TREE.csv [BATCH_02]","1","Exact source row; Batch 02 source proposal; finalization candidate; OM-R06=B; OM-R07=B; OM-R10=A Canonical existence does not authorize runtime assignment or pilot activation; professional/policy gate remains open."
"CANONICAL-000823","Anne & Bebek","Bebek Bezi & Alt Bakım","Bebek Bezleri","Yüzme Bezleri","L4","YES","CANONICAL-000820","CONFIRMED — PRODUCT OWNER FINAL — CANONICAL V1","REGULATED","YES","NO","NO","docs/TAXONOMY_W33_RESOLVED_UNIFIED_CANDIDATE_TREE.csv [BATCH_02]","1","Exact source row; Batch 02 source proposal; finalization candidate; OM-R06=B; OM-R07=B; OM-R10=A Canonical existence does not authorize runtime assignment or pilot activation; professional/policy gate remains open."
"CANONICAL-000824","Anne & Bebek","Bebek Bezi & Alt Bakım","Alt Değiştirme Pedleri","","L3","YES","CANONICAL-000819","CONFIRMED — PRODUCT OWNER FINAL — CANONICAL V1","REGULATED","YES","NO","NO","docs/TAXONOMY_W33_RESOLVED_UNIFIED_CANDIDATE_TREE.csv [BATCH_02]","0","Exact source row; Batch 02 source proposal; finalization candidate; OM-R06=B; OM-R07=B; OM-R10=A Canonical existence does not authorize runtime assignment or pilot activation; professional/policy gate remains open."
"CANONICAL-000825","Anne & Bebek","Bebek Bezi & Alt Bakım","Bebek Islak Mendil & Temizleme Ürünleri","","L3","YES","CANONICAL-000819","CONFIRMED — PRODUCT OWNER FINAL — CANONICAL V1","REGULATED","YES","NO","NO","docs/TAXONOMY_W33_RESOLVED_UNIFIED_CANDIDATE_TREE.csv [BATCH_02]","1","Exact source row; Batch 02 source proposal; finalization candidate; OM-R06=B; OM-R07=B; OM-R10=A Canonical existence does not authorize runtime assignment or pilot activation; professional/policy gate remains open."
"CANONICAL-000826","Anne & Bebek","Bebek Bezi & Alt Bakım","Bez Kovası & Yedekleri","","L3","YES","CANONICAL-000819","CONFIRMED — PRODUCT OWNER FINAL — CANONICAL V1","NORMAL","YES","NO","NO","docs/TAXONOMY_W33_RESOLVED_UNIFIED_CANDIDATE_TREE.csv [BATCH_02]","0","Exact source row; Batch 02 source proposal; finalization candidate; OM-R06=B; OM-R07=B; OM-R10=A Canonical existence does not authorize runtime assignment or pilot activation; professional/policy gate remains open."
"CANONICAL-000827","Anne & Bebek","Bebek Bezi & Alt Bakım","Alt Bakım Koruma Ürünleri","","L3","YES","CANONICAL-000819","CONFIRMED — PRODUCT OWNER FINAL — CANONICAL V1","LEGAL_REVIEW_REQUIRED","YES","NO","NO","docs/TAXONOMY_W33_RESOLVED_UNIFIED_CANDIDATE_TREE.csv [BATCH_02]","1","Exact source row; Batch 02 source proposal; finalization candidate; OM-R06=B; OM-R07=B; OM-R10=A Canonical existence does not authorize runtime assignment or pilot activation; professional/policy gate remains open."
"CANONICAL-000828","Anne & Bebek","Bebek Banyo, Bakım & Hijyen","","","L2","NO","CANONICAL-000797","CONFIRMED — PRODUCT OWNER FINAL — CANONICAL V1","LEGAL_REVIEW_REQUIRED","YES","NO","NO","docs/TAXONOMY_W33_RESOLVED_UNIFIED_CANDIDATE_TREE.csv [BATCH_02]","1","Exact source row; Batch 02 source proposal; finalization candidate; OM-R06=B; OM-R07=B; OM-R10=A Canonical existence does not authorize runtime assignment or pilot activation; professional/policy gate remains open."
"CANONICAL-000829","Anne & Bebek","Bebek Banyo, Bakım & Hijyen","Bebek Küveti & Banyo Destekleri","","L3","YES","CANONICAL-000828","CONFIRMED — PRODUCT OWNER FINAL — CANONICAL V1","REGULATED","YES","NO","NO","docs/TAXONOMY_W33_RESOLVED_UNIFIED_CANDIDATE_TREE.csv [BATCH_02]","1","Exact source row; Batch 02 source proposal; finalization candidate; OM-R06=B; OM-R07=B; OM-R10=A Canonical existence does not authorize runtime assignment or pilot activation; professional/policy gate remains open."
"CANONICAL-000830","Anne & Bebek","Bebek Banyo, Bakım & Hijyen","Bebek Havlusu & Banyo Tekstili","","L3","YES","CANONICAL-000828","CONFIRMED — PRODUCT OWNER FINAL — CANONICAL V1","NORMAL","YES","NO","NO","docs/TAXONOMY_W33_RESOLVED_UNIFIED_CANDIDATE_TREE.csv [BATCH_02]","1","Exact source row; Batch 02 source proposal; finalization candidate; OM-R06=B; OM-R07=B; OM-R10=A Canonical existence does not authorize runtime assignment or pilot activation; professional/policy gate remains open."
"CANONICAL-000831","Anne & Bebek","Bebek Banyo, Bakım & Hijyen","Bebek Bakım Setleri","","L3","YES","CANONICAL-000828","CONFIRMED — PRODUCT OWNER FINAL — CANONICAL V1","REGULATED","YES","NO","NO","docs/TAXONOMY_W33_RESOLVED_UNIFIED_CANDIDATE_TREE.csv [BATCH_02]","2","Exact source row; Batch 02 source proposal; finalization candidate; OM-R06=B; OM-R07=B; OM-R10=A Canonical existence does not authorize runtime assignment or pilot activation; professional/policy gate remains open."
"CANONICAL-000832","Anne & Bebek","Bebek Banyo, Bakım & Hijyen","Medikal İddiasız Burun Aspiratörleri","","L3","YES","CANONICAL-000828","CONFIRMED — PRODUCT OWNER FINAL — CANONICAL V1","LEGAL_REVIEW_REQUIRED","YES","NO","NO","docs/TAXONOMY_W33_RESOLVED_UNIFIED_CANDIDATE_TREE.csv [BATCH_02]","0","Exact source row; Batch 02 source proposal; finalization candidate; OM-R06=B; OM-R07=B; OM-R10=A Canonical existence does not authorize runtime assignment or pilot activation; professional/policy gate remains open."
"CANONICAL-000833","Anne & Bebek","Bebek Banyo, Bakım & Hijyen","Bebek Hijyen Aksesuarları","","L3","YES","CANONICAL-000828","CONFIRMED — PRODUCT OWNER FINAL — CANONICAL V1","REGULATED","YES","NO","NO","docs/TAXONOMY_W33_RESOLVED_UNIFIED_CANDIDATE_TREE.csv [BATCH_02]","1","Exact source row; Batch 02 source proposal; finalization candidate; OM-R06=B; OM-R07=B; OM-R10=A Canonical existence does not authorize runtime assignment or pilot activation; professional/policy gate remains open."
"CANONICAL-000834","Anne & Bebek","Bebek Arabaları & Taşıma","","","L2","NO","CANONICAL-000797","CONFIRMED — PRODUCT OWNER FINAL — CANONICAL V1","REGULATED","YES","NO","NO","docs/TAXONOMY_W33_RESOLVED_UNIFIED_CANDIDATE_TREE.csv [BATCH_02]","1","Exact source row; Batch 02 source proposal; finalization candidate; OM-R06=B; OM-R07=B; OM-R10=A Canonical existence does not authorize runtime assignment or pilot activation; professional/policy gate remains open."
"CANONICAL-000835","Anne & Bebek","Bebek Arabaları & Taşıma","Bebek Arabaları","","L3","NO","CANONICAL-000834","CONFIRMED — PRODUCT OWNER FINAL — CANONICAL V1","REGULATED","YES","NO","NO","docs/TAXONOMY_W33_RESOLVED_UNIFIED_CANDIDATE_TREE.csv [BATCH_02]","0","Exact source row; Batch 02 source proposal; finalization candidate; OM-R06=B; OM-R07=B; OM-R10=A Canonical existence does not authorize runtime assignment or pilot activation; professional/policy gate remains open."
"CANONICAL-000836","Anne & Bebek","Bebek Arabaları & Taşıma","Bebek Arabaları","Standart Bebek Arabaları","L4","YES","CANONICAL-000835","CONFIRMED — PRODUCT OWNER FINAL — CANONICAL V1","REGULATED","YES","NO","NO","docs/TAXONOMY_W33_RESOLVED_UNIFIED_CANDIDATE_TREE.csv [BATCH_02]","0","Exact source row; Batch 02 source proposal; finalization candidate; OM-R06=B; OM-R07=B; OM-R10=A Canonical existence does not authorize runtime assignment or pilot activation; professional/policy gate remains open."
"CANONICAL-000837","Anne & Bebek","Bebek Arabaları & Taşıma","Bebek Arabaları","Hafif & Kabin Tipi Bebek Arabaları","L4","YES","CANONICAL-000835","CONFIRMED — PRODUCT OWNER FINAL — CANONICAL V1","REGULATED","YES","NO","NO","docs/TAXONOMY_W33_RESOLVED_UNIFIED_CANDIDATE_TREE.csv [BATCH_02]","0","Exact source row; Batch 02 source proposal; finalization candidate; OM-R06=B; OM-R07=B; OM-R10=A Canonical existence does not authorize runtime assignment or pilot activation; professional/policy gate remains open."
"CANONICAL-000838","Anne & Bebek","Bebek Arabaları & Taşıma","Bebek Arabaları","İkiz & Çoklu Bebek Arabaları","L4","YES","CANONICAL-000835","CONFIRMED — PRODUCT OWNER FINAL — CANONICAL V1","REGULATED","YES","NO","NO","docs/TAXONOMY_W33_RESOLVED_UNIFIED_CANDIDATE_TREE.csv [BATCH_02]","0","Exact source row; Batch 02 source proposal; finalization candidate; OM-R06=B; OM-R07=B; OM-R10=A Canonical existence does not authorize runtime assignment or pilot activation; professional/policy gate remains open."
"CANONICAL-000839","Anne & Bebek","Bebek Arabaları & Taşıma","Puset & Portbebeler","","L3","YES","CANONICAL-000834","CONFIRMED — PRODUCT OWNER FINAL — CANONICAL V1","REGULATED","YES","NO","NO","docs/TAXONOMY_W33_RESOLVED_UNIFIED_CANDIDATE_TREE.csv [BATCH_02]","1","Exact source row; Batch 02 source proposal; finalization candidate; OM-R06=B; OM-R07=B; OM-R10=A Canonical existence does not authorize runtime assignment or pilot activation; professional/policy gate remains open."
"CANONICAL-000840","Anne & Bebek","Bebek Arabaları & Taşıma","Kanguru, Sling & Taşıyıcılar","","L3","YES","CANONICAL-000834","CONFIRMED — PRODUCT OWNER FINAL — CANONICAL V1","REGULATED","YES","NO","NO","docs/TAXONOMY_W33_RESOLVED_UNIFIED_CANDIDATE_TREE.csv [BATCH_02]","1","Exact source row; Batch 02 source proposal; finalization candidate; OM-R06=B; OM-R07=B; OM-R10=A Canonical existence does not authorize runtime assignment or pilot activation; professional/policy gate remains open."
"CANONICAL-000841","Anne & Bebek","Bebek Arabaları & Taşıma","Bebek Arabası Aksesuarları","","L3","YES","CANONICAL-000834","CONFIRMED — PRODUCT OWNER FINAL — CANONICAL V1","REGULATED","YES","NO","NO","docs/TAXONOMY_W33_RESOLVED_UNIFIED_CANDIDATE_TREE.csv [BATCH_02]","1","Exact source row; Batch 02 source proposal; finalization candidate; OM-R06=B; OM-R07=B; OM-R10=A Canonical existence does not authorize runtime assignment or pilot activation; professional/policy gate remains open."
"CANONICAL-000842","Anne & Bebek","Oto Koltukları & Seyahat Güvenliği","","","L2","NO","CANONICAL-000797","CONFIRMED — PRODUCT OWNER FINAL — CANONICAL V1","REGULATED","YES","NO","NO","docs/TAXONOMY_W33_RESOLVED_UNIFIED_CANDIDATE_TREE.csv [BATCH_02]","1","Exact source row; Batch 02 source proposal; finalization candidate; OM-R06=B; OM-R07=B; OM-R10=A Canonical existence does not authorize runtime assignment or pilot activation; professional/policy gate remains open."
"CANONICAL-000843","Anne & Bebek","Oto Koltukları & Seyahat Güvenliği","Bebek & Çocuk Oto Koltukları","","L3","YES","CANONICAL-000842","CONFIRMED — PRODUCT OWNER FINAL — CANONICAL V1","REGULATED","YES","NO","NO","docs/TAXONOMY_W33_RESOLVED_UNIFIED_CANDIDATE_TREE.csv [BATCH_02]","1","Exact source row; Batch 02 source proposal; finalization candidate; OM-R06=B; OM-R07=B; OM-R10=A Canonical existence does not authorize runtime assignment or pilot activation; professional/policy gate remains open."
"CANONICAL-000844","Anne & Bebek","Oto Koltukları & Seyahat Güvenliği","Yükseltici Koltuklar","","L3","YES","CANONICAL-000842","CONFIRMED — PRODUCT OWNER FINAL — CANONICAL V1","REGULATED","YES","NO","NO","docs/TAXONOMY_W33_RESOLVED_UNIFIED_CANDIDATE_TREE.csv [BATCH_02]","1","Exact source row; Batch 02 source proposal; finalization candidate; OM-R06=B; OM-R07=B; OM-R10=A Canonical existence does not authorize runtime assignment or pilot activation; professional/policy gate remains open."
"CANONICAL-000845","Anne & Bebek","Oto Koltukları & Seyahat Güvenliği","Oto Koltuğu Bazası & Adaptörleri","","L3","YES","CANONICAL-000842","CONFIRMED — PRODUCT OWNER FINAL — CANONICAL V1","REGULATED","YES","NO","NO","docs/TAXONOMY_W33_RESOLVED_UNIFIED_CANDIDATE_TREE.csv [BATCH_02]","0","Exact source row; Batch 02 source proposal; finalization candidate; OM-R06=B; OM-R07=B; OM-R10=A Canonical existence does not authorize runtime assignment or pilot activation; professional/policy gate remains open."
"CANONICAL-000846","Anne & Bebek","Oto Koltukları & Seyahat Güvenliği","Çocuk Seyahat Güvenlik Aksesuarları","","L3","YES","CANONICAL-000842","CONFIRMED — PRODUCT OWNER FINAL — CANONICAL V1","REGULATED","YES","NO","NO","docs/TAXONOMY_W33_RESOLVED_UNIFIED_CANDIDATE_TREE.csv [BATCH_02]","0","Exact source row; Batch 02 source proposal; finalization candidate; OM-R06=B; OM-R07=B; OM-R10=A Canonical existence does not authorize runtime assignment or pilot activation; professional/policy gate remains open."
"CANONICAL-000847","Anne & Bebek","Bebek Odası & Uyku","","","L2","NO","CANONICAL-000797","CONFIRMED — PRODUCT OWNER FINAL — CANONICAL V1","REGULATED","YES","NO","NO","docs/TAXONOMY_W33_RESOLVED_UNIFIED_CANDIDATE_TREE.csv [BATCH_02]","1","Exact source row; Batch 02 source proposal; finalization candidate; OM-R06=B; OM-R07=B; OM-R10=A Canonical existence does not authorize runtime assignment or pilot activation; professional/policy gate remains open."
"CANONICAL-000848","Anne & Bebek","Bebek Odası & Uyku","Beşik & Bebek Karyolaları","","L3","NO","CANONICAL-000847","CONFIRMED — PRODUCT OWNER FINAL — CANONICAL V1","REGULATED","YES","NO","NO","docs/TAXONOMY_W33_RESOLVED_UNIFIED_CANDIDATE_TREE.csv [BATCH_02]","0","Exact source row; Batch 02 source proposal; finalization candidate; OM-R06=B; OM-R07=B; OM-R10=A Canonical existence does not authorize runtime assignment or pilot activation; professional/policy gate remains open."
"CANONICAL-000849","Anne & Bebek","Bebek Odası & Uyku","Beşik & Bebek Karyolaları","Beşikler","L4","YES","CANONICAL-000848","CONFIRMED — PRODUCT OWNER FINAL — CANONICAL V1","REGULATED","YES","NO","NO","docs/TAXONOMY_W33_RESOLVED_UNIFIED_CANDIDATE_TREE.csv [BATCH_02]","1","Exact source row; Batch 02 source proposal; finalization candidate; OM-R06=B; OM-R07=B; OM-R10=A Canonical existence does not authorize runtime assignment or pilot activation; professional/policy gate remains open."
"CANONICAL-000850","Anne & Bebek","Bebek Odası & Uyku","Beşik & Bebek Karyolaları","Bebek Karyolaları & Anne Yanı Yataklar","L4","YES","CANONICAL-000848","CONFIRMED — PRODUCT OWNER FINAL — CANONICAL V1","REGULATED","YES","NO","NO","docs/TAXONOMY_W33_RESOLVED_UNIFIED_CANDIDATE_TREE.csv [BATCH_02]","0","Exact source row; Batch 02 source proposal; finalization candidate; OM-R06=B; OM-R07=B; OM-R10=A Canonical existence does not authorize runtime assignment or pilot activation; professional/policy gate remains open."
"CANONICAL-000851","Anne & Bebek","Bebek Odası & Uyku","Park Yataklar","","L3","YES","CANONICAL-000847","CONFIRMED — PRODUCT OWNER FINAL — CANONICAL V1","REGULATED","YES","NO","NO","docs/TAXONOMY_W33_RESOLVED_UNIFIED_CANDIDATE_TREE.csv [BATCH_02]","1","Exact source row; Batch 02 source proposal; finalization candidate; OM-R06=B; OM-R07=B; OM-R10=A Canonical existence does not authorize runtime assignment or pilot activation; professional/policy gate remains open."
"CANONICAL-000852","Anne & Bebek","Bebek Odası & Uyku","Bebek Yatakları","","L3","YES","CANONICAL-000847","CONFIRMED — PRODUCT OWNER FINAL — CANONICAL V1","REGULATED","YES","NO","NO","docs/TAXONOMY_W33_RESOLVED_UNIFIED_CANDIDATE_TREE.csv [BATCH_02]","0","Exact source row; Batch 02 source proposal; finalization candidate; OM-R06=B; OM-R07=B; OM-R10=A Canonical existence does not authorize runtime assignment or pilot activation; professional/policy gate remains open."
"CANONICAL-000853","Anne & Bebek","Bebek Odası & Uyku","Bebek Uyku Tekstili & Uyku Tulumları","","L3","YES","CANONICAL-000847","CONFIRMED — PRODUCT OWNER FINAL — CANONICAL V1","REGULATED","YES","NO","NO","docs/TAXONOMY_W33_RESOLVED_UNIFIED_CANDIDATE_TREE.csv [BATCH_02]","1","Exact source row; Batch 02 source proposal; finalization candidate; OM-R06=B; OM-R07=B; OM-R10=A Canonical existence does not authorize runtime assignment or pilot activation; professional/policy gate remains open."
"CANONICAL-000854","Anne & Bebek","Bebek Odası & Uyku","Alt Değiştirme Mobilyaları","","L3","YES","CANONICAL-000847","CONFIRMED — PRODUCT OWNER FINAL — CANONICAL V1","REGULATED","YES","NO","NO","docs/TAXONOMY_W33_RESOLVED_UNIFIED_CANDIDATE_TREE.csv [BATCH_02]","0","Exact source row; Batch 02 source proposal; finalization candidate; OM-R06=B; OM-R07=B; OM-R10=A Canonical existence does not authorize runtime assignment or pilot activation; professional/policy gate remains open."
"CANONICAL-000855","Anne & Bebek","Bebek Güvenlik & Ev İçi Koruma","","","L2","NO","CANONICAL-000797","CONFIRMED — PRODUCT OWNER FINAL — CANONICAL V1","REGULATED","YES","NO","NO","docs/TAXONOMY_W33_RESOLVED_UNIFIED_CANDIDATE_TREE.csv [BATCH_02]","2","Exact source row; Batch 02 source proposal; finalization candidate; OM-R06=B; OM-R07=B; OM-R10=A Canonical existence does not authorize runtime assignment or pilot activation; professional/policy gate remains open."
"CANONICAL-000856","Anne & Bebek","Bebek Güvenlik & Ev İçi Koruma","Bebek Güvenlik Kapıları","","L3","YES","CANONICAL-000855","CONFIRMED — PRODUCT OWNER FINAL — CANONICAL V1","REGULATED","YES","NO","NO","docs/TAXONOMY_W33_RESOLVED_UNIFIED_CANDIDATE_TREE.csv [BATCH_02]","0","Exact source row; Batch 02 source proposal; finalization candidate; OM-R06=B; OM-R07=B; OM-R10=A Canonical existence does not authorize runtime assignment or pilot activation; professional/policy gate remains open."
"CANONICAL-000857","Anne & Bebek","Bebek Güvenlik & Ev İçi Koruma","Dolap & Çekmece Kilitleri","","L3","YES","CANONICAL-000855","CONFIRMED — PRODUCT OWNER FINAL — CANONICAL V1","REGULATED","YES","NO","NO","docs/TAXONOMY_W33_RESOLVED_UNIFIED_CANDIDATE_TREE.csv [BATCH_02]","0","Exact source row; Batch 02 source proposal; finalization candidate; OM-R06=B; OM-R07=B; OM-R10=A Canonical existence does not authorize runtime assignment or pilot activation; professional/policy gate remains open."
"CANONICAL-000858","Anne & Bebek","Bebek Güvenlik & Ev İçi Koruma","Köşe & Kenar Koruyucuları","","L3","YES","CANONICAL-000855","CONFIRMED — PRODUCT OWNER FINAL — CANONICAL V1","REGULATED","YES","NO","NO","docs/TAXONOMY_W33_RESOLVED_UNIFIED_CANDIDATE_TREE.csv [BATCH_02]","0","Exact source row; Batch 02 source proposal; finalization candidate; OM-R06=B; OM-R07=B; OM-R10=A Canonical existence does not authorize runtime assignment or pilot activation; professional/policy gate remains open."
"CANONICAL-000859","Anne & Bebek","Bebek Güvenlik & Ev İçi Koruma","Priz Koruyucuları","","L3","YES","CANONICAL-000855","CONFIRMED — PRODUCT OWNER FINAL — CANONICAL V1","REGULATED","YES","NO","NO","docs/TAXONOMY_W33_RESOLVED_UNIFIED_CANDIDATE_TREE.csv [BATCH_02]","1","Exact source row; Batch 02 source proposal; finalization candidate; OM-R06=B; OM-R07=B; OM-R10=A Canonical existence does not authorize runtime assignment or pilot activation; professional/policy gate remains open."
"CANONICAL-000860","Anne & Bebek","Bebek Güvenlik & Ev İçi Koruma","Yatak Bariyerleri","","L3","YES","CANONICAL-000855","CONFIRMED — PRODUCT OWNER FINAL — CANONICAL V1","REGULATED","YES","NO","NO","docs/TAXONOMY_W33_RESOLVED_UNIFIED_CANDIDATE_TREE.csv [BATCH_02]","0","Exact source row; Batch 02 source proposal; finalization candidate; OM-R06=B; OM-R07=B; OM-R10=A Canonical existence does not authorize runtime assignment or pilot activation; professional/policy gate remains open."
"CANONICAL-000861","Anne & Bebek","Hamilelik & Lohusalık Ürünleri","","","L2","NO","CANONICAL-000797","CONFIRMED — PRODUCT OWNER FINAL — CANONICAL V1","LEGAL_REVIEW_REQUIRED","YES","NO","NO","docs/TAXONOMY_W33_RESOLVED_UNIFIED_CANDIDATE_TREE.csv [BATCH_02]","1","Exact source row; Batch 02 source proposal; finalization candidate; OM-R06=B; OM-R07=B; OM-R10=A Canonical existence does not authorize runtime assignment or pilot activation; professional/policy gate remains open."
"CANONICAL-000862","Anne & Bebek","Hamilelik & Lohusalık Ürünleri","Hamile Destek Yastıkları","","L3","YES","CANONICAL-000861","CONFIRMED — PRODUCT OWNER FINAL — CANONICAL V1","NORMAL","YES","NO","NO","docs/TAXONOMY_W33_RESOLVED_UNIFIED_CANDIDATE_TREE.csv [BATCH_02]","0","Exact source row; Batch 02 source proposal; finalization candidate; OM-R06=B; OM-R07=B; OM-R10=A Canonical existence does not authorize runtime assignment or pilot activation; professional/policy gate remains open."
"CANONICAL-000863","Anne & Bebek","Hamilelik & Lohusalık Ürünleri","Medikal İddiasız Hamile Destekleri","","L3","YES","CANONICAL-000861","CONFIRMED — PRODUCT OWNER FINAL — CANONICAL V1","LEGAL_REVIEW_REQUIRED","YES","NO","NO","docs/TAXONOMY_W33_RESOLVED_UNIFIED_CANDIDATE_TREE.csv [BATCH_02]","0","Exact source row; Batch 02 source proposal; finalization candidate; OM-R06=B; OM-R07=B; OM-R10=A Canonical existence does not authorize runtime assignment or pilot activation; professional/policy gate remains open."
"CANONICAL-000864","Anne & Bebek","Hamilelik & Lohusalık Ürünleri","Lohusa Pedleri","","L3","YES","CANONICAL-000861","CONFIRMED — PRODUCT OWNER FINAL — CANONICAL V1","REGULATED","YES","NO","NO","docs/TAXONOMY_W33_RESOLVED_UNIFIED_CANDIDATE_TREE.csv [BATCH_02]","0","Exact source row; Batch 02 source proposal; finalization candidate; OM-R06=B; OM-R07=B; OM-R10=A Canonical existence does not authorize runtime assignment or pilot activation; professional/policy gate remains open."
"CANONICAL-000865","Anne & Bebek","Hamilelik & Lohusalık Ürünleri","Lohusalık Bakım Aksesuarları","","L3","YES","CANONICAL-000861","CONFIRMED — PRODUCT OWNER FINAL — CANONICAL V1","LEGAL_REVIEW_REQUIRED","YES","NO","NO","docs/TAXONOMY_W33_RESOLVED_UNIFIED_CANDIDATE_TREE.csv [BATCH_02]","0","Exact source row; Batch 02 source proposal; finalization candidate; OM-R06=B; OM-R07=B; OM-R10=A Canonical existence does not authorize runtime assignment or pilot activation; professional/policy gate remains open."
"CANONICAL-000866","Oyuncak & Hobi","","","","L1","NO","","CONFIRMED — PRODUCT OWNER FINAL — CANONICAL V1","NORMAL","NO","NO","NO","docs/ESNAFTAVAR_CANONICAL_CATEGORY_TAXONOMY.md","1","Canonical L1 root; never product-assignable; pilot activation requires at least one eligible descendant and a separate runtime decision."
"CANONICAL-000867","Oyuncak & Hobi","Bebek & Okul Öncesi Oyuncaklar","","","L2","NO","CANONICAL-000866","CONFIRMED — PRODUCT OWNER FINAL — CANONICAL V1","REGULATED","YES","NO","NO","docs/TAXONOMY_W33_RESOLVED_UNIFIED_CANDIDATE_TREE.csv [BATCH_02]","1","Exact source row; Batch 02 source proposal; finalization candidate; OM-R06=B; OM-R07=B; OM-R10=A Canonical existence does not authorize runtime assignment or pilot activation; professional/policy gate remains open."
"CANONICAL-000868","Oyuncak & Hobi","Bebek & Okul Öncesi Oyuncaklar","Çıngırak & Diş Kaşıma Oyuncakları","","L3","YES","CANONICAL-000867","CONFIRMED — PRODUCT OWNER FINAL — CANONICAL V1","REGULATED","YES","NO","NO","docs/TAXONOMY_W33_RESOLVED_UNIFIED_CANDIDATE_TREE.csv [BATCH_02]","2","Exact source row; Batch 02 source proposal; finalization candidate; OM-R06=B; OM-R07=B; OM-R10=A Canonical existence does not authorize runtime assignment or pilot activation; professional/policy gate remains open."
"CANONICAL-000869","Oyuncak & Hobi","Bebek & Okul Öncesi Oyuncaklar","Duyusal Oyuncaklar","","L3","YES","CANONICAL-000867","CONFIRMED — PRODUCT OWNER FINAL — CANONICAL V1","REGULATED","YES","NO","NO","docs/TAXONOMY_W33_RESOLVED_UNIFIED_CANDIDATE_TREE.csv [BATCH_02]","0","Exact source row; Batch 02 source proposal; finalization candidate; OM-R06=B; OM-R07=B; OM-R10=A Canonical existence does not authorize runtime assignment or pilot activation; professional/policy gate remains open."
"CANONICAL-000870","Oyuncak & Hobi","Bebek & Okul Öncesi Oyuncaklar","Aktivite Merkezi & Oyun Halıları","","L3","YES","CANONICAL-000867","CONFIRMED — PRODUCT OWNER FINAL — CANONICAL V1","REGULATED","YES","NO","NO","docs/TAXONOMY_W33_RESOLVED_UNIFIED_CANDIDATE_TREE.csv [BATCH_02]","0","Exact source row; Batch 02 source proposal; finalization candidate; OM-R06=B; OM-R07=B; OM-R10=A Canonical existence does not authorize runtime assignment or pilot activation; professional/policy gate remains open."
"CANONICAL-000871","Oyuncak & Hobi","Bebek & Okul Öncesi Oyuncaklar","Dizme, Sıralama & Eşleştirme Oyuncakları","","L3","YES","CANONICAL-000867","CONFIRMED — PRODUCT OWNER FINAL — CANONICAL V1","REGULATED","YES","NO","NO","docs/TAXONOMY_W33_RESOLVED_UNIFIED_CANDIDATE_TREE.csv [BATCH_02]","0","Exact source row; Batch 02 source proposal; finalization candidate; OM-R06=B; OM-R07=B; OM-R10=A Canonical existence does not authorize runtime assignment or pilot activation; professional/policy gate remains open."
"CANONICAL-000872","Oyuncak & Hobi","Bebek & Okul Öncesi Oyuncaklar","İtme & Çekme Oyuncakları","","L3","YES","CANONICAL-000867","CONFIRMED — PRODUCT OWNER FINAL — CANONICAL V1","REGULATED","YES","NO","NO","docs/TAXONOMY_W33_RESOLVED_UNIFIED_CANDIDATE_TREE.csv [BATCH_02]","0","Exact source row; Batch 02 source proposal; finalization candidate; OM-R06=B; OM-R07=B; OM-R10=A Canonical existence does not authorize runtime assignment or pilot activation; professional/policy gate remains open."
"CANONICAL-000873","Oyuncak & Hobi","Eğitici, Bilim & Keşif Oyuncakları","","","L2","NO","CANONICAL-000866","CONFIRMED — PRODUCT OWNER FINAL — CANONICAL V1","LEGAL_REVIEW_REQUIRED","YES","NO","NO","docs/TAXONOMY_W33_RESOLVED_UNIFIED_CANDIDATE_TREE.csv [BATCH_02]","1","Exact source row; Batch 02 source proposal; finalization candidate; OM-R06=B; OM-R07=B; OM-R10=A Canonical existence does not authorize runtime assignment or pilot activation; professional/policy gate remains open."
"CANONICAL-000874","Oyuncak & Hobi","Eğitici, Bilim & Keşif Oyuncakları","Bilim & Deney Setleri","","L3","NO","CANONICAL-000873","CONFIRMED — PRODUCT OWNER FINAL — CANONICAL V1","LEGAL_REVIEW_REQUIRED","YES","NO","NO","docs/TAXONOMY_W33_RESOLVED_UNIFIED_CANDIDATE_TREE.csv [BATCH_02]","0","Exact source row; Batch 02 source proposal; finalization candidate; OM-R06=B; OM-R07=B; OM-R10=A Canonical existence does not authorize runtime assignment or pilot activation; professional/policy gate remains open."
"CANONICAL-000875","Oyuncak & Hobi","Eğitici, Bilim & Keşif Oyuncakları","Bilim & Deney Setleri","Kimya & Malzeme Deney Setleri","L4","YES","CANONICAL-000874","CONFIRMED — PRODUCT OWNER FINAL — CANONICAL V1","LEGAL_REVIEW_REQUIRED","YES","NO","NO","docs/TAXONOMY_W33_RESOLVED_UNIFIED_CANDIDATE_TREE.csv [BATCH_02]","2","Exact source row; Batch 02 source proposal; finalization candidate; OM-R06=B; OM-R07=B; OM-R10=A Canonical existence does not authorize runtime assignment or pilot activation; professional/policy gate remains open."
"CANONICAL-000876","Oyuncak & Hobi","Eğitici, Bilim & Keşif Oyuncakları","Bilim & Deney Setleri","Fizik & Elektronik Deney Setleri","L4","YES","CANONICAL-000874","CONFIRMED — PRODUCT OWNER FINAL — CANONICAL V1","REGULATED","YES","NO","NO","docs/TAXONOMY_W33_RESOLVED_UNIFIED_CANDIDATE_TREE.csv [BATCH_02]","1","Exact source row; Batch 02 source proposal; finalization candidate; OM-R06=B; OM-R07=B; OM-R10=A Canonical existence does not authorize runtime assignment or pilot activation; professional/policy gate remains open."
"CANONICAL-000877","Oyuncak & Hobi","Eğitici, Bilim & Keşif Oyuncakları","Bilim & Deney Setleri","Doğa & Keşif Setleri","L4","YES","CANONICAL-000874","CONFIRMED — PRODUCT OWNER FINAL — CANONICAL V1","REGULATED","YES","NO","NO","docs/TAXONOMY_W33_RESOLVED_UNIFIED_CANDIDATE_TREE.csv [BATCH_02]","1","Exact source row; Batch 02 source proposal; finalization candidate; OM-R06=B; OM-R07=B; OM-R10=A Canonical existence does not authorize runtime assignment or pilot activation; professional/policy gate remains open."
"CANONICAL-000878","Oyuncak & Hobi","Eğitici, Bilim & Keşif Oyuncakları","Kodlama & Robotik Oyuncakları","","L3","YES","CANONICAL-000873","CONFIRMED — PRODUCT OWNER FINAL — CANONICAL V1","REGULATED","YES","NO","NO","docs/TAXONOMY_W33_RESOLVED_UNIFIED_CANDIDATE_TREE.csv [BATCH_02]","1","Exact source row; Batch 02 source proposal; finalization candidate; OM-R06=B; OM-R07=B; OM-R10=A Canonical existence does not authorize runtime assignment or pilot activation; professional/policy gate remains open."
"CANONICAL-000879","Oyuncak & Hobi","Eğitici, Bilim & Keşif Oyuncakları","Çocuk Mikroskobu & Teleskobu","","L3","YES","CANONICAL-000873","CONFIRMED — PRODUCT OWNER FINAL — CANONICAL V1","REGULATED","YES","NO","NO","docs/TAXONOMY_W33_RESOLVED_UNIFIED_CANDIDATE_TREE.csv [BATCH_02]","1","Exact source row; Batch 02 source proposal; finalization candidate; OM-R06=B; OM-R07=B; OM-R10=A Canonical existence does not authorize runtime assignment or pilot activation; professional/policy gate remains open."
"CANONICAL-000880","Oyuncak & Hobi","Eğitici, Bilim & Keşif Oyuncakları","Dil, Matematik & Öğrenme Oyuncakları","","L3","YES","CANONICAL-000873","CONFIRMED — PRODUCT OWNER FINAL — CANONICAL V1","REGULATED","YES","NO","NO","docs/TAXONOMY_W33_RESOLVED_UNIFIED_CANDIDATE_TREE.csv [BATCH_02]","1","Exact source row; Batch 02 source proposal; finalization candidate; OM-R06=B; OM-R07=B; OM-R10=A Canonical existence does not authorize runtime assignment or pilot activation; professional/policy gate remains open."
"CANONICAL-000881","Oyuncak & Hobi","Figür, Bebek & Rol Oyunları","","","L2","NO","CANONICAL-000866","CONFIRMED — PRODUCT OWNER FINAL — CANONICAL V1","REGULATED","YES","NO","NO","docs/TAXONOMY_W33_RESOLVED_UNIFIED_CANDIDATE_TREE.csv [BATCH_02]","1","Exact source row; Batch 02 source proposal; finalization candidate; OM-R06=B; OM-R07=B; OM-R10=A Canonical existence does not authorize runtime assignment or pilot activation; professional/policy gate remains open."
"CANONICAL-000882","Oyuncak & Hobi","Figür, Bebek & Rol Oyunları","Oyuncak Bebekler","","L3","YES","CANONICAL-000881","CONFIRMED — PRODUCT OWNER FINAL — CANONICAL V1","REGULATED","YES","NO","NO","docs/TAXONOMY_W33_RESOLVED_UNIFIED_CANDIDATE_TREE.csv [BATCH_02]","1","Exact source row; Batch 02 source proposal; finalization candidate; OM-R06=B; OM-R07=B; OM-R10=A Canonical existence does not authorize runtime assignment or pilot activation; professional/policy gate remains open."
"CANONICAL-000883","Oyuncak & Hobi","Figür, Bebek & Rol Oyunları","Aksiyon & Oyun Figürleri","","L3","YES","CANONICAL-000881","CONFIRMED — PRODUCT OWNER FINAL — CANONICAL V1","REGULATED","YES","NO","NO","docs/TAXONOMY_W33_RESOLVED_UNIFIED_CANDIDATE_TREE.csv [BATCH_02]","1","Exact source row; Batch 02 source proposal; finalization candidate; OM-R06=B; OM-R07=B; OM-R10=A Canonical existence does not authorize runtime assignment or pilot activation; professional/policy gate remains open."
"CANONICAL-000884","Oyuncak & Hobi","Figür, Bebek & Rol Oyunları","Bebek Evi & Aksesuarları","","L3","YES","CANONICAL-000881","CONFIRMED — PRODUCT OWNER FINAL — CANONICAL V1","REGULATED","YES","NO","NO","docs/TAXONOMY_W33_RESOLVED_UNIFIED_CANDIDATE_TREE.csv [BATCH_02]","1","Exact source row; Batch 02 source proposal; finalization candidate; OM-R06=B; OM-R07=B; OM-R10=A Canonical existence does not authorize runtime assignment or pilot activation; professional/policy gate remains open."
"CANONICAL-000885","Oyuncak & Hobi","Figür, Bebek & Rol Oyunları","Peluş Oyuncaklar","","L3","YES","CANONICAL-000881","CONFIRMED — PRODUCT OWNER FINAL — CANONICAL V1","REGULATED","YES","NO","NO","docs/TAXONOMY_W33_RESOLVED_UNIFIED_CANDIDATE_TREE.csv [BATCH_02]","1","Exact source row; Batch 02 source proposal; finalization candidate; OM-R06=B; OM-R07=B; OM-R10=A Canonical existence does not authorize runtime assignment or pilot activation; professional/policy gate remains open."
"CANONICAL-000886","Oyuncak & Hobi","Figür, Bebek & Rol Oyunları","Rol Oyun Setleri","","L3","YES","CANONICAL-000881","CONFIRMED — PRODUCT OWNER FINAL — CANONICAL V1","REGULATED","YES","NO","NO","docs/TAXONOMY_W33_RESOLVED_UNIFIED_CANDIDATE_TREE.csv [BATCH_02]","1","Exact source row; Batch 02 source proposal; finalization candidate; OM-R06=B; OM-R07=B; OM-R10=A Canonical existence does not authorize runtime assignment or pilot activation; professional/policy gate remains open."
"CANONICAL-000887","Oyuncak & Hobi","Yapı & İnşa Oyuncakları","","","L2","NO","CANONICAL-000866","CONFIRMED — PRODUCT OWNER FINAL — CANONICAL V1","REGULATED","YES","NO","NO","docs/TAXONOMY_W33_RESOLVED_UNIFIED_CANDIDATE_TREE.csv [BATCH_02]","1","Exact source row; Batch 02 source proposal; finalization candidate; OM-R06=B; OM-R07=B; OM-R10=A Canonical existence does not authorize runtime assignment or pilot activation; professional/policy gate remains open."
"CANONICAL-000888","Oyuncak & Hobi","Yapı & İnşa Oyuncakları","Yapı Blokları","","L3","YES","CANONICAL-000887","CONFIRMED — PRODUCT OWNER FINAL — CANONICAL V1","REGULATED","YES","NO","NO","docs/TAXONOMY_W33_RESOLVED_UNIFIED_CANDIDATE_TREE.csv [BATCH_02]","1","Exact source row; Batch 02 source proposal; finalization candidate; OM-R06=B; OM-R07=B; OM-R10=A Canonical existence does not authorize runtime assignment or pilot activation; professional/policy gate remains open."
"CANONICAL-000889","Oyuncak & Hobi","Yapı & İnşa Oyuncakları","Manyetik Yapı Setleri","","L3","YES","CANONICAL-000887","CONFIRMED — PRODUCT OWNER FINAL — CANONICAL V1","REGULATED","YES","NO","NO","docs/TAXONOMY_W33_RESOLVED_UNIFIED_CANDIDATE_TREE.csv [BATCH_02]","0","Exact source row; Batch 02 source proposal; finalization candidate; OM-R06=B; OM-R07=B; OM-R10=A Canonical existence does not authorize runtime assignment or pilot activation; professional/policy gate remains open."
"CANONICAL-000890","Oyuncak & Hobi","Yapı & İnşa Oyuncakları","Mekanik İnşa Setleri","","L3","YES","CANONICAL-000887","CONFIRMED — PRODUCT OWNER FINAL — CANONICAL V1","REGULATED","YES","NO","NO","docs/TAXONOMY_W33_RESOLVED_UNIFIED_CANDIDATE_TREE.csv [BATCH_02]","0","Exact source row; Batch 02 source proposal; finalization candidate; OM-R06=B; OM-R07=B; OM-R10=A Canonical existence does not authorize runtime assignment or pilot activation; professional/policy gate remains open."
"CANONICAL-000891","Oyuncak & Hobi","Yapı & İnşa Oyuncakları","Bilye Yolu & Hareketli Yapı Setleri","","L3","YES","CANONICAL-000887","CONFIRMED — PRODUCT OWNER FINAL — CANONICAL V1","REGULATED","YES","NO","NO","docs/TAXONOMY_W33_RESOLVED_UNIFIED_CANDIDATE_TREE.csv [BATCH_02]","0","Exact source row; Batch 02 source proposal; finalization candidate; OM-R06=B; OM-R07=B; OM-R10=A Canonical existence does not authorize runtime assignment or pilot activation; professional/policy gate remains open."
"CANONICAL-000892","Oyuncak & Hobi","Oyuncak Araçlar & Uzaktan Kumandalı Oyuncaklar","","","L2","NO","CANONICAL-000866","CONFIRMED — PRODUCT OWNER FINAL — CANONICAL V1","LEGAL_REVIEW_REQUIRED","YES","NO","NO","docs/TAXONOMY_W33_RESOLVED_UNIFIED_CANDIDATE_TREE.csv [BATCH_02]","1","Exact source row; Batch 02 source proposal; finalization candidate; OM-R06=B; OM-R07=B; OM-R10=A Canonical existence does not authorize runtime assignment or pilot activation; professional/policy gate remains open."
"CANONICAL-000893","Oyuncak & Hobi","Oyuncak Araçlar & Uzaktan Kumandalı Oyuncaklar","Oyuncak Kara Araçları","","L3","YES","CANONICAL-000892","CONFIRMED — PRODUCT OWNER FINAL — CANONICAL V1","REGULATED","YES","NO","NO","docs/TAXONOMY_W33_RESOLVED_UNIFIED_CANDIDATE_TREE.csv [BATCH_02]","1","Exact source row; Batch 02 source proposal; finalization candidate; OM-R06=B; OM-R07=B; OM-R10=A Canonical existence does not authorize runtime assignment or pilot activation; professional/policy gate remains open."
"CANONICAL-000894","Oyuncak & Hobi","Oyuncak Araçlar & Uzaktan Kumandalı Oyuncaklar","Pist, Garaj & Araç Oyun Setleri","","L3","YES","CANONICAL-000892","CONFIRMED — PRODUCT OWNER FINAL — CANONICAL V1","REGULATED","YES","NO","NO","docs/TAXONOMY_W33_RESOLVED_UNIFIED_CANDIDATE_TREE.csv [BATCH_02]","0","Exact source row; Batch 02 source proposal; finalization candidate; OM-R06=B; OM-R07=B; OM-R10=A Canonical existence does not authorize runtime assignment or pilot activation; professional/policy gate remains open."
"CANONICAL-000895","Oyuncak & Hobi","Oyuncak Araçlar & Uzaktan Kumandalı Oyuncaklar","Uzaktan Kumandalı Kara Araçları","","L3","YES","CANONICAL-000892","CONFIRMED — PRODUCT OWNER FINAL — CANONICAL V1","REGULATED","YES","NO","NO","docs/TAXONOMY_W33_RESOLVED_UNIFIED_CANDIDATE_TREE.csv [BATCH_02]","1","Exact source row; Batch 02 source proposal; finalization candidate; OM-R06=B; OM-R07=B; OM-R10=A Canonical existence does not authorize runtime assignment or pilot activation; professional/policy gate remains open."
"CANONICAL-000896","Oyuncak & Hobi","Oyuncak Araçlar & Uzaktan Kumandalı Oyuncaklar","Oyuncak Dronelar","","L3","YES","CANONICAL-000892","CONFIRMED — PRODUCT OWNER FINAL — CANONICAL V1","LEGAL_REVIEW_REQUIRED","YES","NO","NO","docs/TAXONOMY_W33_RESOLVED_UNIFIED_CANDIDATE_TREE.csv [BATCH_02]","1","Exact source row; Batch 02 source proposal; finalization candidate; OM-R06=B; OM-R07=B; OM-R10=A Canonical existence does not authorize runtime assignment or pilot activation; professional/policy gate remains open."
"CANONICAL-000897","Oyuncak & Hobi","Oyuncak Araçlar & Uzaktan Kumandalı Oyuncaklar","Oyuncak Tren & Ray Setleri","","L3","YES","CANONICAL-000892","CONFIRMED — PRODUCT OWNER FINAL — CANONICAL V1","REGULATED","YES","NO","NO","docs/TAXONOMY_W33_RESOLVED_UNIFIED_CANDIDATE_TREE.csv [BATCH_02]","1","Exact source row; Batch 02 source proposal; finalization candidate; OM-R06=B; OM-R07=B; OM-R10=A Canonical existence does not authorize runtime assignment or pilot activation; professional/policy gate remains open."
"CANONICAL-000898","Oyuncak & Hobi","Oyuncak Araçlar & Uzaktan Kumandalı Oyuncaklar","Oyuncak Tekne & Deniz Araçları","","L3","YES","CANONICAL-000892","CONFIRMED — PRODUCT OWNER FINAL — CANONICAL V1","REGULATED","YES","NO","NO","docs/TAXONOMY_W33_RESOLVED_UNIFIED_CANDIDATE_TREE.csv [BATCH_02]","0","Exact source row; Batch 02 source proposal; finalization candidate; OM-R06=B; OM-R07=B; OM-R10=A Canonical existence does not authorize runtime assignment or pilot activation; professional/policy gate remains open."
"CANONICAL-000899","Oyuncak & Hobi","Kutu Oyunları & Oyun Takımları","","","L2","NO","CANONICAL-000866","CONFIRMED — PRODUCT OWNER FINAL — CANONICAL V1","LEGAL_REVIEW_REQUIRED","YES","NO","NO","docs/TAXONOMY_W33_RESOLVED_UNIFIED_CANDIDATE_TREE.csv [BATCH_02]","1","Exact source row; Batch 02 source proposal; finalization candidate; OM-R06=B; OM-R07=B; OM-R10=A Canonical existence does not authorize runtime assignment or pilot activation; professional/policy gate remains open."
"CANONICAL-000900","Oyuncak & Hobi","Kutu Oyunları & Oyun Takımları","Aile Kutu Oyunları","","L3","YES","CANONICAL-000899","CONFIRMED — PRODUCT OWNER FINAL — CANONICAL V1","REGULATED","YES","NO","NO","docs/TAXONOMY_W33_RESOLVED_UNIFIED_CANDIDATE_TREE.csv [BATCH_02]","1","Exact source row; Batch 02 source proposal; finalization candidate; OM-R06=B; OM-R07=B; OM-R10=A Canonical existence does not authorize runtime assignment or pilot activation; professional/policy gate remains open."
"CANONICAL-000901","Oyuncak & Hobi","Kutu Oyunları & Oyun Takımları","Strateji Kutu Oyunları","","L3","YES","CANONICAL-000899","CONFIRMED — PRODUCT OWNER FINAL — CANONICAL V1","REGULATED","YES","NO","NO","docs/TAXONOMY_W33_RESOLVED_UNIFIED_CANDIDATE_TREE.csv [BATCH_02]","0","Exact source row; Batch 02 source proposal; finalization candidate; OM-R06=B; OM-R07=B; OM-R10=A Canonical existence does not authorize runtime assignment or pilot activation; professional/policy gate remains open."
"CANONICAL-000902","Oyuncak & Hobi","Kutu Oyunları & Oyun Takımları","Parti Kutu Oyunları","","L3","YES","CANONICAL-000899","CONFIRMED — PRODUCT OWNER FINAL — CANONICAL V1","REGULATED","YES","NO","NO","docs/TAXONOMY_W33_RESOLVED_UNIFIED_CANDIDATE_TREE.csv [BATCH_02]","0","Exact source row; Batch 02 source proposal; finalization candidate; OM-R06=B; OM-R07=B; OM-R10=A Canonical existence does not authorize runtime assignment or pilot activation; professional/policy gate remains open."
"CANONICAL-000903","Oyuncak & Hobi","Kutu Oyunları & Oyun Takımları","Satranç, Dama & Klasik Oyun Takımları","","L3","YES","CANONICAL-000899","CONFIRMED — PRODUCT OWNER FINAL — CANONICAL V1","NORMAL","YES","NO","NO","docs/TAXONOMY_W33_RESOLVED_UNIFIED_CANDIDATE_TREE.csv [BATCH_02]","0","Exact source row; Batch 02 source proposal; finalization candidate; OM-R06=B; OM-R07=B; OM-R10=A Canonical existence does not authorize runtime assignment or pilot activation; professional/policy gate remains open."
"CANONICAL-000904","Oyuncak & Hobi","Kutu Oyunları & Oyun Takımları","Oyun Kartları","","L3","YES","CANONICAL-000899","CONFIRMED — PRODUCT OWNER FINAL — CANONICAL V1","LEGAL_REVIEW_REQUIRED","YES","NO","NO","docs/TAXONOMY_W33_RESOLVED_UNIFIED_CANDIDATE_TREE.csv [BATCH_02]","1","Exact source row; Batch 02 source proposal; finalization candidate; OM-R06=B; OM-R07=B; OM-R10=A Canonical existence does not authorize runtime assignment or pilot activation; professional/policy gate remains open."
"CANONICAL-000905","Oyuncak & Hobi","Puzzle & Zeka Oyunları","","","L2","NO","CANONICAL-000866","CONFIRMED — PRODUCT OWNER FINAL — CANONICAL V1","NORMAL","YES","NO","NO","docs/TAXONOMY_W33_RESOLVED_UNIFIED_CANDIDATE_TREE.csv [BATCH_02]","1","Exact source row; Batch 02 source proposal; finalization candidate; OM-R06=B; OM-R07=B; OM-R10=A Canonical existence does not authorize runtime assignment or pilot activation; professional/policy gate remains open."
"CANONICAL-000906","Oyuncak & Hobi","Puzzle & Zeka Oyunları","Yapbozlar","","L3","NO","CANONICAL-000905","CONFIRMED — PRODUCT OWNER FINAL — CANONICAL V1","NORMAL","YES","NO","NO","docs/TAXONOMY_W33_RESOLVED_UNIFIED_CANDIDATE_TREE.csv [BATCH_02]","0","Exact source row; Batch 02 source proposal; finalization candidate; OM-R06=B; OM-R07=B; OM-R10=A Canonical existence does not authorize runtime assignment or pilot activation; professional/policy gate remains open."
"CANONICAL-000907","Oyuncak & Hobi","Puzzle & Zeka Oyunları","Yapbozlar","İki Boyutlu Yapbozlar","L4","YES","CANONICAL-000906","CONFIRMED — PRODUCT OWNER FINAL — CANONICAL V1","NORMAL","YES","NO","NO","docs/TAXONOMY_W33_RESOLVED_UNIFIED_CANDIDATE_TREE.csv [BATCH_02]","1","Exact source row; Batch 02 source proposal; finalization candidate; OM-R06=B; OM-R07=B; OM-R10=A Canonical existence does not authorize runtime assignment or pilot activation; professional/policy gate remains open."
"CANONICAL-000908","Oyuncak & Hobi","Puzzle & Zeka Oyunları","Yapbozlar","Üç Boyutlu Yapbozlar","L4","YES","CANONICAL-000906","CONFIRMED — PRODUCT OWNER FINAL — CANONICAL V1","NORMAL","YES","NO","NO","docs/TAXONOMY_W33_RESOLVED_UNIFIED_CANDIDATE_TREE.csv [BATCH_02]","0","Exact source row; Batch 02 source proposal; finalization candidate; OM-R06=B; OM-R07=B; OM-R10=A Canonical existence does not authorize runtime assignment or pilot activation; professional/policy gate remains open."
"CANONICAL-000909","Oyuncak & Hobi","Puzzle & Zeka Oyunları","Mantık & Zeka Oyunları","","L3","YES","CANONICAL-000905","CONFIRMED — PRODUCT OWNER FINAL — CANONICAL V1","NORMAL","YES","NO","NO","docs/TAXONOMY_W33_RESOLVED_UNIFIED_CANDIDATE_TREE.csv [BATCH_02]","0","Exact source row; Batch 02 source proposal; finalization candidate; OM-R06=B; OM-R07=B; OM-R10=A Canonical existence does not authorize runtime assignment or pilot activation; professional/policy gate remains open."
"CANONICAL-000910","Oyuncak & Hobi","Puzzle & Zeka Oyunları","Mekanik Bulmacalar","","L3","YES","CANONICAL-000905","CONFIRMED — PRODUCT OWNER FINAL — CANONICAL V1","NORMAL","YES","NO","NO","docs/TAXONOMY_W33_RESOLVED_UNIFIED_CANDIDATE_TREE.csv [BATCH_02]","0","Exact source row; Batch 02 source proposal; finalization candidate; OM-R06=B; OM-R07=B; OM-R10=A Canonical existence does not authorize runtime assignment or pilot activation; professional/policy gate remains open."
"CANONICAL-000911","Oyuncak & Hobi","Model, Maket & Minyatür","","","L2","NO","CANONICAL-000866","CONFIRMED — PRODUCT OWNER FINAL — CANONICAL V1","REGULATED","YES","NO","NO","docs/TAXONOMY_W33_RESOLVED_UNIFIED_CANDIDATE_TREE.csv [BATCH_02]","1","Exact source row; Batch 02 source proposal; finalization candidate; OM-R06=B; OM-R07=B; OM-R10=A Canonical existence does not authorize runtime assignment or pilot activation; professional/policy gate remains open."
"CANONICAL-000912","Oyuncak & Hobi","Model, Maket & Minyatür","Model Kitleri","","L3","NO","CANONICAL-000911","CONFIRMED — PRODUCT OWNER FINAL — CANONICAL V1","NORMAL","YES","NO","NO","docs/TAXONOMY_W33_RESOLVED_UNIFIED_CANDIDATE_TREE.csv [BATCH_02]","0","Exact source row; Batch 02 source proposal; finalization candidate; OM-R06=B; OM-R07=B; OM-R10=A Canonical existence does not authorize runtime assignment or pilot activation; professional/policy gate remains open."
"CANONICAL-000913","Oyuncak & Hobi","Model, Maket & Minyatür","Model Kitleri","Model Araç Kitleri","L4","YES","CANONICAL-000912","CONFIRMED — PRODUCT OWNER FINAL — CANONICAL V1","NORMAL","YES","NO","NO","docs/TAXONOMY_W33_RESOLVED_UNIFIED_CANDIDATE_TREE.csv [BATCH_02]","0","Exact source row; Batch 02 source proposal; finalization candidate; OM-R06=B; OM-R07=B; OM-R10=A Canonical existence does not authorize runtime assignment or pilot activation; professional/policy gate remains open."
"CANONICAL-000914","Oyuncak & Hobi","Model, Maket & Minyatür","Model Kitleri","Model Yapı Kitleri","L4","YES","CANONICAL-000912","CONFIRMED — PRODUCT OWNER FINAL — CANONICAL V1","NORMAL","YES","NO","NO","docs/TAXONOMY_W33_RESOLVED_UNIFIED_CANDIDATE_TREE.csv [BATCH_02]","0","Exact source row; Batch 02 source proposal; finalization candidate; OM-R06=B; OM-R07=B; OM-R10=A Canonical existence does not authorize runtime assignment or pilot activation; professional/policy gate remains open."
"CANONICAL-000915","Oyuncak & Hobi","Model, Maket & Minyatür","Model Kitleri","Diğer Model Kitleri","L4","YES","CANONICAL-000912","CONFIRMED — PRODUCT OWNER FINAL — CANONICAL V1","NORMAL","YES","NO","NO","docs/TAXONOMY_W33_RESOLVED_UNIFIED_CANDIDATE_TREE.csv [BATCH_02]","1","Exact source row; Batch 02 source proposal; finalization candidate; OM-R06=B; OM-R07=B; OM-R10=A Canonical existence does not authorize runtime assignment or pilot activation; professional/policy gate remains open."
"CANONICAL-000916","Oyuncak & Hobi","Model, Maket & Minyatür","Minyatür & Diorama Ürünleri","","L3","YES","CANONICAL-000911","CONFIRMED — PRODUCT OWNER FINAL — CANONICAL V1","NORMAL","YES","NO","NO","docs/TAXONOMY_W33_RESOLVED_UNIFIED_CANDIDATE_TREE.csv [BATCH_02]","0","Exact source row; Batch 02 source proposal; finalization candidate; OM-R06=B; OM-R07=B; OM-R10=A Canonical existence does not authorize runtime assignment or pilot activation; professional/policy gate remains open."
"CANONICAL-000917","Oyuncak & Hobi","Model, Maket & Minyatür","Model Demiryolu Ürünleri","","L3","YES","CANONICAL-000911","CONFIRMED — PRODUCT OWNER FINAL — CANONICAL V1","REGULATED","YES","NO","NO","docs/TAXONOMY_W33_RESOLVED_UNIFIED_CANDIDATE_TREE.csv [BATCH_02]","0","Exact source row; Batch 02 source proposal; finalization candidate; OM-R06=B; OM-R07=B; OM-R10=A Canonical existence does not authorize runtime assignment or pilot activation; professional/policy gate remains open."
"CANONICAL-000918","Oyuncak & Hobi","Koleksiyon Ürünleri","","","L2","NO","CANONICAL-000866","CONFIRMED — PRODUCT OWNER FINAL — CANONICAL V1","LEGAL_REVIEW_REQUIRED","YES","NO","NO","docs/TAXONOMY_W33_RESOLVED_UNIFIED_CANDIDATE_TREE.csv [BATCH_02]","2","Exact source row; Batch 02 source proposal; finalization candidate; OM-R06=B; OM-R07=B; OM-R10=A Canonical existence does not authorize runtime assignment or pilot activation; professional/policy gate remains open."
"CANONICAL-000919","Oyuncak & Hobi","Koleksiyon Ürünleri","Koleksiyon Figürleri","","L3","YES","CANONICAL-000918","CONFIRMED — PRODUCT OWNER FINAL — CANONICAL V1","NORMAL","YES","NO","NO","docs/TAXONOMY_W33_RESOLVED_UNIFIED_CANDIDATE_TREE.csv [BATCH_02]","0","Exact source row; Batch 02 source proposal; finalization candidate; OM-R06=B; OM-R07=B; OM-R10=A Canonical existence does not authorize runtime assignment or pilot activation; professional/policy gate remains open."
"CANONICAL-000920","Oyuncak & Hobi","Koleksiyon Ürünleri","Koleksiyon Kartları","","L3","YES","CANONICAL-000918","CONFIRMED — PRODUCT OWNER FINAL — CANONICAL V1","LEGAL_REVIEW_REQUIRED","YES","NO","NO","docs/TAXONOMY_W33_RESOLVED_UNIFIED_CANDIDATE_TREE.csv [BATCH_02]","0","Exact source row; Batch 02 source proposal; finalization candidate; OM-R06=B; OM-R07=B; OM-R10=A Canonical existence does not authorize runtime assignment or pilot activation; professional/policy gate remains open."
"CANONICAL-000921","Oyuncak & Hobi","Koleksiyon Ürünleri","Sergileme Amaçlı Model Araçlar","","L3","YES","CANONICAL-000918","CONFIRMED — PRODUCT OWNER FINAL — CANONICAL V1","NORMAL","YES","NO","NO","docs/TAXONOMY_W33_RESOLVED_UNIFIED_CANDIDATE_TREE.csv [BATCH_02]","0","Exact source row; Batch 02 source proposal; finalization candidate; OM-R06=B; OM-R07=B; OM-R10=A Canonical existence does not authorize runtime assignment or pilot activation; professional/policy gate remains open."
"CANONICAL-000922","Oyuncak & Hobi","Koleksiyon Ürünleri","Sürpriz & Rastgele İçerikli Koleksiyon Paketleri","","L3","YES","CANONICAL-000918","CONFIRMED — PRODUCT OWNER FINAL — CANONICAL V1","LEGAL_REVIEW_REQUIRED","YES","NO","NO","docs/TAXONOMY_W33_RESOLVED_UNIFIED_CANDIDATE_TREE.csv [BATCH_02]","0","Exact source row; Batch 02 source proposal; finalization candidate; OM-R06=B; OM-R07=B; OM-R10=A Canonical existence does not authorize runtime assignment or pilot activation; professional/policy gate remains open."
"CANONICAL-000923","Oyuncak & Hobi","Sanat, El İşi & Hobi Kitleri","","","L2","NO","CANONICAL-000866","CONFIRMED — PRODUCT OWNER FINAL — CANONICAL V1","LEGAL_REVIEW_REQUIRED","YES","NO","NO","docs/TAXONOMY_W33_RESOLVED_UNIFIED_CANDIDATE_TREE.csv [BATCH_02]","1","Exact source row; Batch 02 source proposal; finalization candidate; OM-R06=B; OM-R07=B; OM-R10=A Canonical existence does not authorize runtime assignment or pilot activation; professional/policy gate remains open."
"CANONICAL-000924","Oyuncak & Hobi","Sanat, El İşi & Hobi Kitleri","Boyama & Çizim Kitleri","","L3","YES","CANONICAL-000923","CONFIRMED — PRODUCT OWNER FINAL — CANONICAL V1","REGULATED","YES","NO","NO","docs/TAXONOMY_W33_RESOLVED_UNIFIED_CANDIDATE_TREE.csv [BATCH_02]","1","Exact source row; Batch 02 source proposal; finalization candidate; OM-R06=B; OM-R07=B; OM-R10=A Canonical existence does not authorize runtime assignment or pilot activation; professional/policy gate remains open."
"CANONICAL-000925","Oyuncak & Hobi","Sanat, El İşi & Hobi Kitleri","Takı Yapım Kitleri","","L3","YES","CANONICAL-000923","CONFIRMED — PRODUCT OWNER FINAL — CANONICAL V1","REGULATED","YES","NO","NO","docs/TAXONOMY_W33_RESOLVED_UNIFIED_CANDIDATE_TREE.csv [BATCH_02]","0","Exact source row; Batch 02 source proposal; finalization candidate; OM-R06=B; OM-R07=B; OM-R10=A Canonical existence does not authorize runtime assignment or pilot activation; professional/policy gate remains open."
"CANONICAL-000926","Oyuncak & Hobi","Sanat, El İşi & Hobi Kitleri","Kil, Seramik & Şekillendirme Kitleri","","L3","YES","CANONICAL-000923","CONFIRMED — PRODUCT OWNER FINAL — CANONICAL V1","REGULATED","YES","NO","NO","docs/TAXONOMY_W33_RESOLVED_UNIFIED_CANDIDATE_TREE.csv [BATCH_02]","0","Exact source row; Batch 02 source proposal; finalization candidate; OM-R06=B; OM-R07=B; OM-R10=A Canonical existence does not authorize runtime assignment or pilot activation; professional/policy gate remains open."
"CANONICAL-000927","Oyuncak & Hobi","Sanat, El İşi & Hobi Kitleri","Tekstil, Dikiş & Örgü Kitleri","","L3","YES","CANONICAL-000923","CONFIRMED — PRODUCT OWNER FINAL — CANONICAL V1","REGULATED","YES","NO","NO","docs/TAXONOMY_W33_RESOLVED_UNIFIED_CANDIDATE_TREE.csv [BATCH_02]","0","Exact source row; Batch 02 source proposal; finalization candidate; OM-R06=B; OM-R07=B; OM-R10=A Canonical existence does not authorize runtime assignment or pilot activation; professional/policy gate remains open."
"CANONICAL-000928","Oyuncak & Hobi","Sanat, El İşi & Hobi Kitleri","Slime & Duyusal Üretim Kitleri","","L3","YES","CANONICAL-000923","CONFIRMED — PRODUCT OWNER FINAL — CANONICAL V1","LEGAL_REVIEW_REQUIRED","YES","NO","NO","docs/TAXONOMY_W33_RESOLVED_UNIFIED_CANDIDATE_TREE.csv [BATCH_02]","0","Exact source row; Batch 02 source proposal; finalization candidate; OM-R06=B; OM-R07=B; OM-R10=A Canonical existence does not authorize runtime assignment or pilot activation; professional/policy gate remains open."
"CANONICAL-000929","Oyuncak & Hobi","Açık Hava & Aktivite Oyuncakları","","","L2","NO","CANONICAL-000866","CONFIRMED — PRODUCT OWNER FINAL — CANONICAL V1","REGULATED","YES","NO","NO","docs/TAXONOMY_W33_RESOLVED_UNIFIED_CANDIDATE_TREE.csv [BATCH_02]","1","Exact source row; Batch 02 source proposal; finalization candidate; OM-R06=B; OM-R07=B; OM-R10=A Canonical existence does not authorize runtime assignment or pilot activation; professional/policy gate remains open."
"CANONICAL-000930","Oyuncak & Hobi","Açık Hava & Aktivite Oyuncakları","Binilebilir Oyuncaklar","","L3","YES","CANONICAL-000929","CONFIRMED — PRODUCT OWNER FINAL — CANONICAL V1","REGULATED","YES","NO","NO","docs/TAXONOMY_W33_RESOLVED_UNIFIED_CANDIDATE_TREE.csv [BATCH_02]","0","Exact source row; Batch 02 source proposal; finalization candidate; OM-R06=B; OM-R07=B; OM-R10=A Canonical existence does not authorize runtime assignment or pilot activation; professional/policy gate remains open."
"CANONICAL-000931","Oyuncak & Hobi","Açık Hava & Aktivite Oyuncakları","Kum & Su Oyuncakları","","L3","YES","CANONICAL-000929","CONFIRMED — PRODUCT OWNER FINAL — CANONICAL V1","REGULATED","YES","NO","NO","docs/TAXONOMY_W33_RESOLVED_UNIFIED_CANDIDATE_TREE.csv [BATCH_02]","0","Exact source row; Batch 02 source proposal; finalization candidate; OM-R06=B; OM-R07=B; OM-R10=A Canonical existence does not authorize runtime assignment or pilot activation; professional/policy gate remains open."
"CANONICAL-000932","Oyuncak & Hobi","Açık Hava & Aktivite Oyuncakları","Uçurtma & Baloncuk Oyuncakları","","L3","YES","CANONICAL-000929","CONFIRMED — PRODUCT OWNER FINAL — CANONICAL V1","REGULATED","YES","NO","NO","docs/TAXONOMY_W33_RESOLVED_UNIFIED_CANDIDATE_TREE.csv [BATCH_02]","0","Exact source row; Batch 02 source proposal; finalization candidate; OM-R06=B; OM-R07=B; OM-R10=A Canonical existence does not authorize runtime assignment or pilot activation; professional/policy gate remains open."
"CANONICAL-000933","Oyuncak & Hobi","Açık Hava & Aktivite Oyuncakları","Oyuncak Çadır & Oyun Evleri","","L3","YES","CANONICAL-000929","CONFIRMED — PRODUCT OWNER FINAL — CANONICAL V1","REGULATED","YES","NO","NO","docs/TAXONOMY_W33_RESOLVED_UNIFIED_CANDIDATE_TREE.csv [BATCH_02]","0","Exact source row; Batch 02 source proposal; finalization candidate; OM-R06=B; OM-R07=B; OM-R10=A Canonical existence does not authorize runtime assignment or pilot activation; professional/policy gate remains open."
"CANONICAL-000934","Oyuncak & Hobi","Açık Hava & Aktivite Oyuncakları","Bahçe Oyun Ekipmanları","","L3","YES","CANONICAL-000929","CONFIRMED — PRODUCT OWNER FINAL — CANONICAL V1","REGULATED","YES","NO","NO","docs/TAXONOMY_W33_RESOLVED_UNIFIED_CANDIDATE_TREE.csv [BATCH_02]","0","Exact source row; Batch 02 source proposal; finalization candidate; OM-R06=B; OM-R07=B; OM-R10=A Canonical existence does not authorize runtime assignment or pilot activation; professional/policy gate remains open."
"CANONICAL-000935","Oyuncak & Hobi","Açık Hava & Aktivite Oyuncakları","Top Havuzu & Aktivite Alanları","","L3","YES","CANONICAL-000929","CONFIRMED — PRODUCT OWNER FINAL — CANONICAL V1","REGULATED","YES","NO","NO","docs/TAXONOMY_W33_RESOLVED_UNIFIED_CANDIDATE_TREE.csv [BATCH_02]","0","Exact source row; Batch 02 source proposal; finalization candidate; OM-R06=B; OM-R07=B; OM-R10=A Canonical existence does not authorize runtime assignment or pilot activation; professional/policy gate remains open."
"CANONICAL-000936","Müzik & Enstrüman","","","","L1","NO","","CONFIRMED — PRODUCT OWNER FINAL — CANONICAL V1","NORMAL","NO","NO","NO","docs/ESNAFTAVAR_CANONICAL_CATEGORY_TAXONOMY.md","1","Canonical L1 root; never product-assignable; pilot activation requires at least one eligible descendant and a separate runtime decision."
"CANONICAL-000937","Müzik & Enstrüman","Gitar & Bas","","","L2","NO","CANONICAL-000936","CONFIRMED — PRODUCT OWNER FINAL — CANONICAL V1","NORMAL","YES","NO","NO","docs/TAXONOMY_W33_RESOLVED_UNIFIED_CANDIDATE_TREE.csv [BATCH_02]","2","Exact source row; Batch 02 source proposal; finalization candidate; OM-R06=B; OM-R07=B; OM-R10=A Canonical existence does not authorize runtime assignment or pilot activation; professional/policy gate remains open."
"CANONICAL-000938","Müzik & Enstrüman","Gitar & Bas","Gitarlar","","L3","NO","CANONICAL-000937","CONFIRMED — PRODUCT OWNER FINAL — CANONICAL V1","NORMAL","YES","NO","NO","docs/TAXONOMY_W33_RESOLVED_UNIFIED_CANDIDATE_TREE.csv [BATCH_02]","0","Exact source row; Batch 02 source proposal; finalization candidate; OM-R06=B; OM-R07=B; OM-R10=A Canonical existence does not authorize runtime assignment or pilot activation; professional/policy gate remains open."
"CANONICAL-000939","Müzik & Enstrüman","Gitar & Bas","Gitarlar","Klasik Gitarlar","L4","YES","CANONICAL-000938","CONFIRMED — PRODUCT OWNER FINAL — CANONICAL V1","NORMAL","YES","NO","NO","docs/TAXONOMY_W33_RESOLVED_UNIFIED_CANDIDATE_TREE.csv [BATCH_02]","0","Exact source row; Batch 02 source proposal; finalization candidate; OM-R06=B; OM-R07=B; OM-R10=A Canonical existence does not authorize runtime assignment or pilot activation; professional/policy gate remains open."
"CANONICAL-000940","Müzik & Enstrüman","Gitar & Bas","Gitarlar","Akustik Gitarlar","L4","YES","CANONICAL-000938","CONFIRMED — PRODUCT OWNER FINAL — CANONICAL V1","NORMAL","YES","NO","NO","docs/TAXONOMY_W33_RESOLVED_UNIFIED_CANDIDATE_TREE.csv [BATCH_02]","0","Exact source row; Batch 02 source proposal; finalization candidate; OM-R06=B; OM-R07=B; OM-R10=A Canonical existence does not authorize runtime assignment or pilot activation; professional/policy gate remains open."
"CANONICAL-000941","Müzik & Enstrüman","Gitar & Bas","Gitarlar","Elektro Gitarlar","L4","YES","CANONICAL-000938","CONFIRMED — PRODUCT OWNER FINAL — CANONICAL V1","NORMAL","YES","NO","NO","docs/TAXONOMY_W33_RESOLVED_UNIFIED_CANDIDATE_TREE.csv [BATCH_02]","0","Exact source row; Batch 02 source proposal; finalization candidate; OM-R06=B; OM-R07=B; OM-R10=A Canonical existence does not authorize runtime assignment or pilot activation; professional/policy gate remains open."
"CANONICAL-000942","Müzik & Enstrüman","Gitar & Bas","Bas Gitarlar","","L3","NO","CANONICAL-000937","CONFIRMED — PRODUCT OWNER FINAL — CANONICAL V1","NORMAL","YES","NO","NO","docs/TAXONOMY_W33_RESOLVED_UNIFIED_CANDIDATE_TREE.csv [BATCH_02]","0","Exact source row; Batch 02 source proposal; finalization candidate; OM-R06=B; OM-R07=B; OM-R10=A Canonical existence does not authorize runtime assignment or pilot activation; professional/policy gate remains open."
"CANONICAL-000943","Müzik & Enstrüman","Gitar & Bas","Bas Gitarlar","Elektro Bas Gitarlar","L4","YES","CANONICAL-000942","CONFIRMED — PRODUCT OWNER FINAL — CANONICAL V1","NORMAL","YES","NO","NO","docs/TAXONOMY_W33_RESOLVED_UNIFIED_CANDIDATE_TREE.csv [BATCH_02]","0","Exact source row; Batch 02 source proposal; finalization candidate; OM-R06=B; OM-R07=B; OM-R10=A Canonical existence does not authorize runtime assignment or pilot activation; professional/policy gate remains open."
"CANONICAL-000944","Müzik & Enstrüman","Gitar & Bas","Bas Gitarlar","Akustik Bas Gitarlar","L4","YES","CANONICAL-000942","CONFIRMED — PRODUCT OWNER FINAL — CANONICAL V1","NORMAL","YES","NO","NO","docs/TAXONOMY_W33_RESOLVED_UNIFIED_CANDIDATE_TREE.csv [BATCH_02]","0","Exact source row; Batch 02 source proposal; finalization candidate; OM-R06=B; OM-R07=B; OM-R10=A Canonical existence does not authorize runtime assignment or pilot activation; professional/policy gate remains open."
"CANONICAL-000945","Müzik & Enstrüman","Gitar & Bas","Ukuleleler","","L3","YES","CANONICAL-000937","CONFIRMED — PRODUCT OWNER FINAL — CANONICAL V1","NORMAL","YES","NO","NO","docs/TAXONOMY_W33_RESOLVED_UNIFIED_CANDIDATE_TREE.csv [BATCH_02]","0","Exact source row; Batch 02 source proposal; finalization candidate; OM-R06=B; OM-R07=B; OM-R10=A Canonical existence does not authorize runtime assignment or pilot activation; professional/policy gate remains open."
"CANONICAL-000946","Müzik & Enstrüman","Piyano, Org & Klavyeli Çalgılar","","","L2","NO","CANONICAL-000936","CONFIRMED — PRODUCT OWNER FINAL — CANONICAL V1","NORMAL","YES","NO","NO","docs/TAXONOMY_W33_RESOLVED_UNIFIED_CANDIDATE_TREE.csv [BATCH_02]","1","Exact source row; Batch 02 source proposal; finalization candidate; OM-R06=B; OM-R07=B; OM-R10=A Canonical existence does not authorize runtime assignment or pilot activation; professional/policy gate remains open."
"CANONICAL-000947","Müzik & Enstrüman","Piyano, Org & Klavyeli Çalgılar","Piyanolar","","L3","NO","CANONICAL-000946","CONFIRMED — PRODUCT OWNER FINAL — CANONICAL V1","NORMAL","YES","NO","NO","docs/TAXONOMY_W33_RESOLVED_UNIFIED_CANDIDATE_TREE.csv [BATCH_02]","1","Exact source row; Batch 02 source proposal; finalization candidate; OM-R06=B; OM-R07=B; OM-R10=A Canonical existence does not authorize runtime assignment or pilot activation; professional/policy gate remains open."
"CANONICAL-000948","Müzik & Enstrüman","Piyano, Org & Klavyeli Çalgılar","Piyanolar","Akustik Piyanolar","L4","YES","CANONICAL-000947","CONFIRMED — PRODUCT OWNER FINAL — CANONICAL V1","NORMAL","YES","NO","NO","docs/TAXONOMY_W33_RESOLVED_UNIFIED_CANDIDATE_TREE.csv [BATCH_02]","0","Exact source row; Batch 02 source proposal; finalization candidate; OM-R06=B; OM-R07=B; OM-R10=A Canonical existence does not authorize runtime assignment or pilot activation; professional/policy gate remains open."
"CANONICAL-000949","Müzik & Enstrüman","Piyano, Org & Klavyeli Çalgılar","Piyanolar","Dijital Piyanolar","L4","YES","CANONICAL-000947","CONFIRMED — PRODUCT OWNER FINAL — CANONICAL V1","NORMAL","YES","NO","NO","docs/TAXONOMY_W33_RESOLVED_UNIFIED_CANDIDATE_TREE.csv [BATCH_02]","0","Exact source row; Batch 02 source proposal; finalization candidate; OM-R06=B; OM-R07=B; OM-R10=A Canonical existence does not authorize runtime assignment or pilot activation; professional/policy gate remains open."
"CANONICAL-000950","Müzik & Enstrüman","Piyano, Org & Klavyeli Çalgılar","Org & Performans Klavyeleri","","L3","YES","CANONICAL-000946","CONFIRMED — PRODUCT OWNER FINAL — CANONICAL V1","NORMAL","YES","NO","NO","docs/TAXONOMY_W33_RESOLVED_UNIFIED_CANDIDATE_TREE.csv [BATCH_02]","1","Exact source row; Batch 02 source proposal; finalization candidate; OM-R06=B; OM-R07=B; OM-R10=A Canonical existence does not authorize runtime assignment or pilot activation; professional/policy gate remains open."
"CANONICAL-000951","Müzik & Enstrüman","Piyano, Org & Klavyeli Çalgılar","Akordeonlar","","L3","YES","CANONICAL-000946","CONFIRMED — PRODUCT OWNER FINAL — CANONICAL V1","NORMAL","YES","NO","NO","docs/TAXONOMY_W33_RESOLVED_UNIFIED_CANDIDATE_TREE.csv [BATCH_02]","0","Exact source row; Batch 02 source proposal; finalization candidate; OM-R06=B; OM-R07=B; OM-R10=A Canonical existence does not authorize runtime assignment or pilot activation; professional/policy gate remains open."
"CANONICAL-000952","Müzik & Enstrüman","Telli & Yaylı Çalgılar","","","L2","NO","CANONICAL-000936","CONFIRMED — PRODUCT OWNER FINAL — CANONICAL V1","NORMAL","YES","NO","NO","docs/TAXONOMY_W33_RESOLVED_UNIFIED_CANDIDATE_TREE.csv [BATCH_02]","2","Exact source row; Batch 02 source proposal; finalization candidate; OM-R06=B; OM-R07=B; OM-R10=A Canonical existence does not authorize runtime assignment or pilot activation; professional/policy gate remains open."
"CANONICAL-000953","Müzik & Enstrüman","Telli & Yaylı Çalgılar","Keman Ailesi","","L3","NO","CANONICAL-000952","CONFIRMED — PRODUCT OWNER FINAL — CANONICAL V1","NORMAL","YES","NO","NO","docs/TAXONOMY_W33_RESOLVED_UNIFIED_CANDIDATE_TREE.csv [BATCH_02]","0","Exact source row; Batch 02 source proposal; finalization candidate; OM-R06=B; OM-R07=B; OM-R10=A Canonical existence does not authorize runtime assignment or pilot activation; professional/policy gate remains open."
"CANONICAL-000954","Müzik & Enstrüman","Telli & Yaylı Çalgılar","Keman Ailesi","Kemanlar","L4","YES","CANONICAL-000953","CONFIRMED — PRODUCT OWNER FINAL — CANONICAL V1","NORMAL","YES","NO","NO","docs/TAXONOMY_W33_RESOLVED_UNIFIED_CANDIDATE_TREE.csv [BATCH_02]","0","Exact source row; Batch 02 source proposal; finalization candidate; OM-R06=B; OM-R07=B; OM-R10=A Canonical existence does not authorize runtime assignment or pilot activation; professional/policy gate remains open."
"CANONICAL-000955","Müzik & Enstrüman","Telli & Yaylı Çalgılar","Keman Ailesi","Viyolalar","L4","YES","CANONICAL-000953","CONFIRMED — PRODUCT OWNER FINAL — CANONICAL V1","NORMAL","YES","NO","NO","docs/TAXONOMY_W33_RESOLVED_UNIFIED_CANDIDATE_TREE.csv [BATCH_02]","0","Exact source row; Batch 02 source proposal; finalization candidate; OM-R06=B; OM-R07=B; OM-R10=A Canonical existence does not authorize runtime assignment or pilot activation; professional/policy gate remains open."
"CANONICAL-000956","Müzik & Enstrüman","Telli & Yaylı Çalgılar","Keman Ailesi","Çellolar","L4","YES","CANONICAL-000953","CONFIRMED — PRODUCT OWNER FINAL — CANONICAL V1","NORMAL","YES","NO","NO","docs/TAXONOMY_W33_RESOLVED_UNIFIED_CANDIDATE_TREE.csv [BATCH_02]","0","Exact source row; Batch 02 source proposal; finalization candidate; OM-R06=B; OM-R07=B; OM-R10=A Canonical existence does not authorize runtime assignment or pilot activation; professional/policy gate remains open."
"CANONICAL-000957","Müzik & Enstrüman","Telli & Yaylı Çalgılar","Keman Ailesi","Kontrbaslar","L4","YES","CANONICAL-000953","CONFIRMED — PRODUCT OWNER FINAL — CANONICAL V1","NORMAL","YES","NO","NO","docs/TAXONOMY_W33_RESOLVED_UNIFIED_CANDIDATE_TREE.csv [BATCH_02]","0","Exact source row; Batch 02 source proposal; finalization candidate; OM-R06=B; OM-R07=B; OM-R10=A Canonical existence does not authorize runtime assignment or pilot activation; professional/policy gate remains open."
"CANONICAL-000958","Müzik & Enstrüman","Telli & Yaylı Çalgılar","Arplar","","L3","YES","CANONICAL-000952","CONFIRMED — PRODUCT OWNER FINAL — CANONICAL V1","NORMAL","YES","NO","NO","docs/TAXONOMY_W33_RESOLVED_UNIFIED_CANDIDATE_TREE.csv [BATCH_02]","0","Exact source row; Batch 02 source proposal; finalization candidate; OM-R06=B; OM-R07=B; OM-R10=A Canonical existence does not authorize runtime assignment or pilot activation; professional/policy gate remains open."
"CANONICAL-000959","Müzik & Enstrüman","Telli & Yaylı Çalgılar","Diğer Telli Çalgılar","","L3","YES","CANONICAL-000952","CONFIRMED — PRODUCT OWNER FINAL — CANONICAL V1","NORMAL","YES","NO","NO","docs/TAXONOMY_W33_RESOLVED_UNIFIED_CANDIDATE_TREE.csv [BATCH_02]","0","Exact source row; Batch 02 source proposal; finalization candidate; OM-R06=B; OM-R07=B; OM-R10=A Canonical existence does not authorize runtime assignment or pilot activation; professional/policy gate remains open."
"CANONICAL-000960","Müzik & Enstrüman","Nefesli Çalgılar","","","L2","NO","CANONICAL-000936","CONFIRMED — PRODUCT OWNER FINAL — CANONICAL V1","NORMAL","YES","NO","NO","docs/TAXONOMY_W33_RESOLVED_UNIFIED_CANDIDATE_TREE.csv [BATCH_02]","1","Exact source row; Batch 02 source proposal; finalization candidate; OM-R06=B; OM-R07=B; OM-R10=A Canonical existence does not authorize runtime assignment or pilot activation; professional/policy gate remains open."
"CANONICAL-000961","Müzik & Enstrüman","Nefesli Çalgılar","Tahta Nefesliler","","L3","NO","CANONICAL-000960","CONFIRMED — PRODUCT OWNER FINAL — CANONICAL V1","NORMAL","YES","NO","NO","docs/TAXONOMY_W33_RESOLVED_UNIFIED_CANDIDATE_TREE.csv [BATCH_02]","0","Exact source row; Batch 02 source proposal; finalization candidate; OM-R06=B; OM-R07=B; OM-R10=A Canonical existence does not authorize runtime assignment or pilot activation; professional/policy gate remains open."
"CANONICAL-000962","Müzik & Enstrüman","Nefesli Çalgılar","Tahta Nefesliler","Flütler","L4","YES","CANONICAL-000961","CONFIRMED — PRODUCT OWNER FINAL — CANONICAL V1","NORMAL","YES","NO","NO","docs/TAXONOMY_W33_RESOLVED_UNIFIED_CANDIDATE_TREE.csv [BATCH_02]","1","Exact source row; Batch 02 source proposal; finalization candidate; OM-R06=B; OM-R07=B; OM-R10=A Canonical existence does not authorize runtime assignment or pilot activation; professional/policy gate remains open."
"CANONICAL-000963","Müzik & Enstrüman","Nefesli Çalgılar","Tahta Nefesliler","Klarnetler","L4","YES","CANONICAL-000961","CONFIRMED — PRODUCT OWNER FINAL — CANONICAL V1","NORMAL","YES","NO","NO","docs/TAXONOMY_W33_RESOLVED_UNIFIED_CANDIDATE_TREE.csv [BATCH_02]","0","Exact source row; Batch 02 source proposal; finalization candidate; OM-R06=B; OM-R07=B; OM-R10=A Canonical existence does not authorize runtime assignment or pilot activation; professional/policy gate remains open."
"CANONICAL-000964","Müzik & Enstrüman","Nefesli Çalgılar","Tahta Nefesliler","Saksafonlar","L4","YES","CANONICAL-000961","CONFIRMED — PRODUCT OWNER FINAL — CANONICAL V1","NORMAL","YES","NO","NO","docs/TAXONOMY_W33_RESOLVED_UNIFIED_CANDIDATE_TREE.csv [BATCH_02]","0","Exact source row; Batch 02 source proposal; finalization candidate; OM-R06=B; OM-R07=B; OM-R10=A Canonical existence does not authorize runtime assignment or pilot activation; professional/policy gate remains open."
"CANONICAL-000965","Müzik & Enstrüman","Nefesli Çalgılar","Tahta Nefesliler","Obua & Fagotlar","L4","YES","CANONICAL-000961","CONFIRMED — PRODUCT OWNER FINAL — CANONICAL V1","NORMAL","YES","NO","NO","docs/TAXONOMY_W33_RESOLVED_UNIFIED_CANDIDATE_TREE.csv [BATCH_02]","0","Exact source row; Batch 02 source proposal; finalization candidate; OM-R06=B; OM-R07=B; OM-R10=A Canonical existence does not authorize runtime assignment or pilot activation; professional/policy gate remains open."
"CANONICAL-000966","Müzik & Enstrüman","Nefesli Çalgılar","Bakır Nefesliler","","L3","NO","CANONICAL-000960","CONFIRMED — PRODUCT OWNER FINAL — CANONICAL V1","NORMAL","YES","NO","NO","docs/TAXONOMY_W33_RESOLVED_UNIFIED_CANDIDATE_TREE.csv [BATCH_02]","0","Exact source row; Batch 02 source proposal; finalization candidate; OM-R06=B; OM-R07=B; OM-R10=A Canonical existence does not authorize runtime assignment or pilot activation; professional/policy gate remains open."
"CANONICAL-000967","Müzik & Enstrüman","Nefesli Çalgılar","Bakır Nefesliler","Trompet & Kornetler","L4","YES","CANONICAL-000966","CONFIRMED — PRODUCT OWNER FINAL — CANONICAL V1","NORMAL","YES","NO","NO","docs/TAXONOMY_W33_RESOLVED_UNIFIED_CANDIDATE_TREE.csv [BATCH_02]","0","Exact source row; Batch 02 source proposal; finalization candidate; OM-R06=B; OM-R07=B; OM-R10=A Canonical existence does not authorize runtime assignment or pilot activation; professional/policy gate remains open."
"CANONICAL-000968","Müzik & Enstrüman","Nefesli Çalgılar","Bakır Nefesliler","Trombonlar","L4","YES","CANONICAL-000966","CONFIRMED — PRODUCT OWNER FINAL — CANONICAL V1","NORMAL","YES","NO","NO","docs/TAXONOMY_W33_RESOLVED_UNIFIED_CANDIDATE_TREE.csv [BATCH_02]","0","Exact source row; Batch 02 source proposal; finalization candidate; OM-R06=B; OM-R07=B; OM-R10=A Canonical existence does not authorize runtime assignment or pilot activation; professional/policy gate remains open."
"CANONICAL-000969","Müzik & Enstrüman","Nefesli Çalgılar","Bakır Nefesliler","Korno, Tuba & Diğer Bakır Nefesliler","L4","YES","CANONICAL-000966","CONFIRMED — PRODUCT OWNER FINAL — CANONICAL V1","NORMAL","YES","NO","NO","docs/TAXONOMY_W33_RESOLVED_UNIFIED_CANDIDATE_TREE.csv [BATCH_02]","0","Exact source row; Batch 02 source proposal; finalization candidate; OM-R06=B; OM-R07=B; OM-R10=A Canonical existence does not authorize runtime assignment or pilot activation; professional/policy gate remains open."
"CANONICAL-000970","Müzik & Enstrüman","Nefesli Çalgılar","Mızıka & Melodikalar","","L3","YES","CANONICAL-000960","CONFIRMED — PRODUCT OWNER FINAL — CANONICAL V1","NORMAL","YES","NO","NO","docs/TAXONOMY_W33_RESOLVED_UNIFIED_CANDIDATE_TREE.csv [BATCH_02]","0","Exact source row; Batch 02 source proposal; finalization candidate; OM-R06=B; OM-R07=B; OM-R10=A Canonical existence does not authorize runtime assignment or pilot activation; professional/policy gate remains open."
"CANONICAL-000971","Müzik & Enstrüman","Vurmalı Çalgılar","","","L2","NO","CANONICAL-000936","CONFIRMED — PRODUCT OWNER FINAL — CANONICAL V1","NORMAL","YES","NO","NO","docs/TAXONOMY_W33_RESOLVED_UNIFIED_CANDIDATE_TREE.csv [BATCH_02]","1","Exact source row; Batch 02 source proposal; finalization candidate; OM-R06=B; OM-R07=B; OM-R10=A Canonical existence does not authorize runtime assignment or pilot activation; professional/policy gate remains open."
"CANONICAL-000972","Müzik & Enstrüman","Vurmalı Çalgılar","Bateri Setleri","","L3","NO","CANONICAL-000971","CONFIRMED — PRODUCT OWNER FINAL — CANONICAL V1","NORMAL","YES","NO","NO","docs/TAXONOMY_W33_RESOLVED_UNIFIED_CANDIDATE_TREE.csv [BATCH_02]","0","Exact source row; Batch 02 source proposal; finalization candidate; OM-R06=B; OM-R07=B; OM-R10=A Canonical existence does not authorize runtime assignment or pilot activation; professional/policy gate remains open."
"CANONICAL-000973","Müzik & Enstrüman","Vurmalı Çalgılar","Bateri Setleri","Akustik Bateri Setleri","L4","YES","CANONICAL-000972","CONFIRMED — PRODUCT OWNER FINAL — CANONICAL V1","NORMAL","YES","NO","NO","docs/TAXONOMY_W33_RESOLVED_UNIFIED_CANDIDATE_TREE.csv [BATCH_02]","0","Exact source row; Batch 02 source proposal; finalization candidate; OM-R06=B; OM-R07=B; OM-R10=A Canonical existence does not authorize runtime assignment or pilot activation; professional/policy gate remains open."
"CANONICAL-000974","Müzik & Enstrüman","Vurmalı Çalgılar","Bateri Setleri","Elektronik Bateri Setleri","L4","YES","CANONICAL-000972","CONFIRMED — PRODUCT OWNER FINAL — CANONICAL V1","NORMAL","YES","NO","NO","docs/TAXONOMY_W33_RESOLVED_UNIFIED_CANDIDATE_TREE.csv [BATCH_02]","0","Exact source row; Batch 02 source proposal; finalization candidate; OM-R06=B; OM-R07=B; OM-R10=A Canonical existence does not authorize runtime assignment or pilot activation; professional/policy gate remains open."
"CANONICAL-000975","Müzik & Enstrüman","Vurmalı Çalgılar","Ziller","","L3","YES","CANONICAL-000971","CONFIRMED — PRODUCT OWNER FINAL — CANONICAL V1","NORMAL","YES","NO","NO","docs/TAXONOMY_W33_RESOLVED_UNIFIED_CANDIDATE_TREE.csv [BATCH_02]","0","Exact source row; Batch 02 source proposal; finalization candidate; OM-R06=B; OM-R07=B; OM-R10=A Canonical existence does not authorize runtime assignment or pilot activation; professional/policy gate remains open."
"CANONICAL-000976","Müzik & Enstrüman","Vurmalı Çalgılar","El Perküsyonları","","L3","YES","CANONICAL-000971","CONFIRMED — PRODUCT OWNER FINAL — CANONICAL V1","NORMAL","YES","NO","NO","docs/TAXONOMY_W33_RESOLVED_UNIFIED_CANDIDATE_TREE.csv [BATCH_02]","1","Exact source row; Batch 02 source proposal; finalization candidate; OM-R06=B; OM-R07=B; OM-R10=A Canonical existence does not authorize runtime assignment or pilot activation; professional/policy gate remains open."
"CANONICAL-000977","Müzik & Enstrüman","Vurmalı Çalgılar","Orkestra Vurmalıları","","L3","YES","CANONICAL-000971","CONFIRMED — PRODUCT OWNER FINAL — CANONICAL V1","NORMAL","YES","NO","NO","docs/TAXONOMY_W33_RESOLVED_UNIFIED_CANDIDATE_TREE.csv [BATCH_02]","0","Exact source row; Batch 02 source proposal; finalization candidate; OM-R06=B; OM-R07=B; OM-R10=A Canonical existence does not authorize runtime assignment or pilot activation; professional/policy gate remains open."
"CANONICAL-000978","Müzik & Enstrüman","Vurmalı Çalgılar","Çalışma Padleri","","L3","YES","CANONICAL-000971","CONFIRMED — PRODUCT OWNER FINAL — CANONICAL V1","NORMAL","YES","NO","NO","docs/TAXONOMY_W33_RESOLVED_UNIFIED_CANDIDATE_TREE.csv [BATCH_02]","0","Exact source row; Batch 02 source proposal; finalization candidate; OM-R06=B; OM-R07=B; OM-R10=A Canonical existence does not authorize runtime assignment or pilot activation; professional/policy gate remains open."
"CANONICAL-000979","Müzik & Enstrüman","Geleneksel Türk Müziği Enstrümanları","","","L2","NO","CANONICAL-000936","CONFIRMED — PRODUCT OWNER FINAL — CANONICAL V1","NORMAL","YES","NO","NO","docs/TAXONOMY_W33_RESOLVED_UNIFIED_CANDIDATE_TREE.csv [BATCH_02]","2","Exact source row; Batch 02 source proposal; finalization candidate; OM-R06=B; OM-R07=B; OM-R10=A Canonical existence does not authorize runtime assignment or pilot activation; professional/policy gate remains open."
"CANONICAL-000980","Müzik & Enstrüman","Geleneksel Türk Müziği Enstrümanları","Bağlama Ailesi","","L3","NO","CANONICAL-000979","CONFIRMED — PRODUCT OWNER FINAL — CANONICAL V1","NORMAL","YES","NO","NO","docs/TAXONOMY_W33_RESOLVED_UNIFIED_CANDIDATE_TREE.csv [BATCH_02]","0","Exact source row; Batch 02 source proposal; finalization candidate; OM-R06=B; OM-R07=B; OM-R10=A Canonical existence does not authorize runtime assignment or pilot activation; professional/policy gate remains open."
"CANONICAL-000981","Müzik & Enstrüman","Geleneksel Türk Müziği Enstrümanları","Bağlama Ailesi","Bağlamalar","L4","YES","CANONICAL-000980","CONFIRMED — PRODUCT OWNER FINAL — CANONICAL V1","NORMAL","YES","NO","NO","docs/TAXONOMY_W33_RESOLVED_UNIFIED_CANDIDATE_TREE.csv [BATCH_02]","0","Exact source row; Batch 02 source proposal; finalization candidate; OM-R06=B; OM-R07=B; OM-R10=A Canonical existence does not authorize runtime assignment or pilot activation; professional/policy gate remains open."
"CANONICAL-000982","Müzik & Enstrüman","Geleneksel Türk Müziği Enstrümanları","Bağlama Ailesi","Curalar","L4","YES","CANONICAL-000980","CONFIRMED — PRODUCT OWNER FINAL — CANONICAL V1","NORMAL","YES","NO","NO","docs/TAXONOMY_W33_RESOLVED_UNIFIED_CANDIDATE_TREE.csv [BATCH_02]","0","Exact source row; Batch 02 source proposal; finalization candidate; OM-R06=B; OM-R07=B; OM-R10=A Canonical existence does not authorize runtime assignment or pilot activation; professional/policy gate remains open."
"CANONICAL-000983","Müzik & Enstrüman","Geleneksel Türk Müziği Enstrümanları","Bağlama Ailesi","Divan Sazları","L4","YES","CANONICAL-000980","CONFIRMED — PRODUCT OWNER FINAL — CANONICAL V1","NORMAL","YES","NO","NO","docs/TAXONOMY_W33_RESOLVED_UNIFIED_CANDIDATE_TREE.csv [BATCH_02]","0","Exact source row; Batch 02 source proposal; finalization candidate; OM-R06=B; OM-R07=B; OM-R10=A Canonical existence does not authorize runtime assignment or pilot activation; professional/policy gate remains open."
"CANONICAL-000984","Müzik & Enstrüman","Geleneksel Türk Müziği Enstrümanları","Udlar","","L3","YES","CANONICAL-000979","CONFIRMED — PRODUCT OWNER FINAL — CANONICAL V1","NORMAL","YES","NO","NO","docs/TAXONOMY_W33_RESOLVED_UNIFIED_CANDIDATE_TREE.csv [BATCH_02]","0","Exact source row; Batch 02 source proposal; finalization candidate; OM-R06=B; OM-R07=B; OM-R10=A Canonical existence does not authorize runtime assignment or pilot activation; professional/policy gate remains open."
"CANONICAL-000985","Müzik & Enstrüman","Geleneksel Türk Müziği Enstrümanları","Kanunlar","","L3","YES","CANONICAL-000979","CONFIRMED — PRODUCT OWNER FINAL — CANONICAL V1","NORMAL","YES","NO","NO","docs/TAXONOMY_W33_RESOLVED_UNIFIED_CANDIDATE_TREE.csv [BATCH_02]","0","Exact source row; Batch 02 source proposal; finalization candidate; OM-R06=B; OM-R07=B; OM-R10=A Canonical existence does not authorize runtime assignment or pilot activation; professional/policy gate remains open."
"CANONICAL-000986","Müzik & Enstrüman","Geleneksel Türk Müziği Enstrümanları","Kemençeler","","L3","YES","CANONICAL-000979","CONFIRMED — PRODUCT OWNER FINAL — CANONICAL V1","NORMAL","YES","NO","NO","docs/TAXONOMY_W33_RESOLVED_UNIFIED_CANDIDATE_TREE.csv [BATCH_02]","0","Exact source row; Batch 02 source proposal; finalization candidate; OM-R06=B; OM-R07=B; OM-R10=A Canonical existence does not authorize runtime assignment or pilot activation; professional/policy gate remains open."
"CANONICAL-000987","Müzik & Enstrüman","Geleneksel Türk Müziği Enstrümanları","Geleneksel Nefesliler","","L3","NO","CANONICAL-000979","CONFIRMED — PRODUCT OWNER FINAL — CANONICAL V1","NORMAL","YES","NO","NO","docs/TAXONOMY_W33_RESOLVED_UNIFIED_CANDIDATE_TREE.csv [BATCH_02]","0","Exact source row; Batch 02 source proposal; finalization candidate; OM-R06=B; OM-R07=B; OM-R10=A Canonical existence does not authorize runtime assignment or pilot activation; professional/policy gate remains open."
"CANONICAL-000988","Müzik & Enstrüman","Geleneksel Türk Müziği Enstrümanları","Geleneksel Nefesliler","Neyler","L4","YES","CANONICAL-000987","CONFIRMED — PRODUCT OWNER FINAL — CANONICAL V1","NORMAL","YES","NO","NO","docs/TAXONOMY_W33_RESOLVED_UNIFIED_CANDIDATE_TREE.csv [BATCH_02]","0","Exact source row; Batch 02 source proposal; finalization candidate; OM-R06=B; OM-R07=B; OM-R10=A Canonical existence does not authorize runtime assignment or pilot activation; professional/policy gate remains open."
"CANONICAL-000989","Müzik & Enstrüman","Geleneksel Türk Müziği Enstrümanları","Geleneksel Nefesliler","Zurna & Meyler","L4","YES","CANONICAL-000987","CONFIRMED — PRODUCT OWNER FINAL — CANONICAL V1","NORMAL","YES","NO","NO","docs/TAXONOMY_W33_RESOLVED_UNIFIED_CANDIDATE_TREE.csv [BATCH_02]","0","Exact source row; Batch 02 source proposal; finalization candidate; OM-R06=B; OM-R07=B; OM-R10=A Canonical existence does not authorize runtime assignment or pilot activation; professional/policy gate remains open."
"CANONICAL-000990","Müzik & Enstrüman","Geleneksel Türk Müziği Enstrümanları","Geleneksel Vurmalılar","","L3","NO","CANONICAL-000979","CONFIRMED — PRODUCT OWNER FINAL — CANONICAL V1","NORMAL","YES","NO","NO","docs/TAXONOMY_W33_RESOLVED_UNIFIED_CANDIDATE_TREE.csv [BATCH_02]","0","Exact source row; Batch 02 source proposal; finalization candidate; OM-R06=B; OM-R07=B; OM-R10=A Canonical existence does not authorize runtime assignment or pilot activation; professional/policy gate remains open."
"CANONICAL-000991","Müzik & Enstrüman","Geleneksel Türk Müziği Enstrümanları","Geleneksel Vurmalılar","Darbukalar","L4","YES","CANONICAL-000990","CONFIRMED — PRODUCT OWNER FINAL — CANONICAL V1","NORMAL","YES","NO","NO","docs/TAXONOMY_W33_RESOLVED_UNIFIED_CANDIDATE_TREE.csv [BATCH_02]","0","Exact source row; Batch 02 source proposal; finalization candidate; OM-R06=B; OM-R07=B; OM-R10=A Canonical existence does not authorize runtime assignment or pilot activation; professional/policy gate remains open."
"CANONICAL-000992","Müzik & Enstrüman","Geleneksel Türk Müziği Enstrümanları","Geleneksel Vurmalılar","Bendirler","L4","YES","CANONICAL-000990","CONFIRMED — PRODUCT OWNER FINAL — CANONICAL V1","NORMAL","YES","NO","NO","docs/TAXONOMY_W33_RESOLVED_UNIFIED_CANDIDATE_TREE.csv [BATCH_02]","0","Exact source row; Batch 02 source proposal; finalization candidate; OM-R06=B; OM-R07=B; OM-R10=A Canonical existence does not authorize runtime assignment or pilot activation; professional/policy gate remains open."
"CANONICAL-000993","Müzik & Enstrüman","Geleneksel Türk Müziği Enstrümanları","Geleneksel Vurmalılar","Davullar","L4","YES","CANONICAL-000990","CONFIRMED — PRODUCT OWNER FINAL — CANONICAL V1","NORMAL","YES","NO","NO","docs/TAXONOMY_W33_RESOLVED_UNIFIED_CANDIDATE_TREE.csv [BATCH_02]","0","Exact source row; Batch 02 source proposal; finalization candidate; OM-R06=B; OM-R07=B; OM-R10=A Canonical existence does not authorize runtime assignment or pilot activation; professional/policy gate remains open."
"CANONICAL-000994","Müzik & Enstrüman","Elektronik Müzik & DJ Ekipmanları","","","L2","NO","CANONICAL-000936","CONFIRMED — PRODUCT OWNER FINAL — CANONICAL V1","NORMAL","YES","NO","NO","docs/TAXONOMY_W33_RESOLVED_UNIFIED_CANDIDATE_TREE.csv [BATCH_02]","1","Exact source row; Batch 02 source proposal; finalization candidate; OM-R06=B; OM-R07=B; OM-R10=A Canonical existence does not authorize runtime assignment or pilot activation; professional/policy gate remains open."
"CANONICAL-000995","Müzik & Enstrüman","Elektronik Müzik & DJ Ekipmanları","Synthesizerlar","","L3","YES","CANONICAL-000994","CONFIRMED — PRODUCT OWNER FINAL — CANONICAL V1","NORMAL","YES","NO","NO","docs/TAXONOMY_W33_RESOLVED_UNIFIED_CANDIDATE_TREE.csv [BATCH_02]","0","Exact source row; Batch 02 source proposal; finalization candidate; OM-R06=B; OM-R07=B; OM-R10=A Canonical existence does not authorize runtime assignment or pilot activation; professional/policy gate remains open."
"CANONICAL-000996","Müzik & Enstrüman","Elektronik Müzik & DJ Ekipmanları","Sampler & Grooveboxlar","","L3","YES","CANONICAL-000994","CONFIRMED — PRODUCT OWNER FINAL — CANONICAL V1","NORMAL","YES","NO","NO","docs/TAXONOMY_W33_RESOLVED_UNIFIED_CANDIDATE_TREE.csv [BATCH_02]","0","Exact source row; Batch 02 source proposal; finalization candidate; OM-R06=B; OM-R07=B; OM-R10=A Canonical existence does not authorize runtime assignment or pilot activation; professional/policy gate remains open."
"CANONICAL-000997","Müzik & Enstrüman","Elektronik Müzik & DJ Ekipmanları","MIDI Kontrolcüleri","","L3","YES","CANONICAL-000994","CONFIRMED — PRODUCT OWNER FINAL — CANONICAL V1","NORMAL","YES","NO","NO","docs/TAXONOMY_W33_RESOLVED_UNIFIED_CANDIDATE_TREE.csv [BATCH_02]","0","Exact source row; Batch 02 source proposal; finalization candidate; OM-R06=B; OM-R07=B; OM-R10=A Canonical existence does not authorize runtime assignment or pilot activation; professional/policy gate remains open."
"CANONICAL-000998","Müzik & Enstrüman","Elektronik Müzik & DJ Ekipmanları","Davul Makineleri & Sequencerlar","","L3","YES","CANONICAL-000994","CONFIRMED — PRODUCT OWNER FINAL — CANONICAL V1","NORMAL","YES","NO","NO","docs/TAXONOMY_W33_RESOLVED_UNIFIED_CANDIDATE_TREE.csv [BATCH_02]","0","Exact source row; Batch 02 source proposal; finalization candidate; OM-R06=B; OM-R07=B; OM-R10=A Canonical existence does not authorize runtime assignment or pilot activation; professional/policy gate remains open."
"CANONICAL-000999","Müzik & Enstrüman","Elektronik Müzik & DJ Ekipmanları","DJ Kontrolcüleri","","L3","YES","CANONICAL-000994","CONFIRMED — PRODUCT OWNER FINAL — CANONICAL V1","NORMAL","YES","NO","NO","docs/TAXONOMY_W33_RESOLVED_UNIFIED_CANDIDATE_TREE.csv [BATCH_02]","0","Exact source row; Batch 02 source proposal; finalization candidate; OM-R06=B; OM-R07=B; OM-R10=A Canonical existence does not authorize runtime assignment or pilot activation; professional/policy gate remains open."
"CANONICAL-001000","Müzik & Enstrüman","Elektronik Müzik & DJ Ekipmanları","DJ Mikserleri","","L3","YES","CANONICAL-000994","CONFIRMED — PRODUCT OWNER FINAL — CANONICAL V1","NORMAL","YES","NO","NO","docs/TAXONOMY_W33_RESOLVED_UNIFIED_CANDIDATE_TREE.csv [BATCH_02]","0","Exact source row; Batch 02 source proposal; finalization candidate; OM-R06=B; OM-R07=B; OM-R10=A Canonical existence does not authorize runtime assignment or pilot activation; professional/policy gate remains open."
"CANONICAL-001001","Müzik & Enstrüman","Elektronik Müzik & DJ Ekipmanları","DJ Pikapları","","L3","YES","CANONICAL-000994","CONFIRMED — PRODUCT OWNER FINAL — CANONICAL V1","NORMAL","YES","NO","NO","docs/TAXONOMY_W33_RESOLVED_UNIFIED_CANDIDATE_TREE.csv [BATCH_02]","0","Exact source row; Batch 02 source proposal; finalization candidate; OM-R06=B; OM-R07=B; OM-R10=A Canonical existence does not authorize runtime assignment or pilot activation; professional/policy gate remains open."
"CANONICAL-001002","Müzik & Enstrüman","Stüdyo, Kayıt & Canlı Ses Ekipmanları","","","L2","NO","CANONICAL-000936","CONFIRMED — PRODUCT OWNER FINAL — CANONICAL V1","REGULATED","YES","NO","NO","docs/TAXONOMY_W33_RESOLVED_UNIFIED_CANDIDATE_TREE.csv [BATCH_02]","1","Exact source row; Batch 02 source proposal; finalization candidate; OM-R06=B; OM-R07=B; OM-R10=A Canonical existence does not authorize runtime assignment or pilot activation; professional/policy gate remains open."
"CANONICAL-001003","Müzik & Enstrüman","Stüdyo, Kayıt & Canlı Ses Ekipmanları","Mikrofonlar","","L3","NO","CANONICAL-001002","CONFIRMED — PRODUCT OWNER FINAL — CANONICAL V1","REGULATED","YES","NO","NO","docs/TAXONOMY_W33_RESOLVED_UNIFIED_CANDIDATE_TREE.csv [BATCH_02]","0","Exact source row; Batch 02 source proposal; finalization candidate; OM-R06=B; OM-R07=B; OM-R10=A Canonical existence does not authorize runtime assignment or pilot activation; professional/policy gate remains open."
"CANONICAL-001004","Müzik & Enstrüman","Stüdyo, Kayıt & Canlı Ses Ekipmanları","Mikrofonlar","Kondenser Mikrofonlar","L4","YES","CANONICAL-001003","CONFIRMED — PRODUCT OWNER FINAL — CANONICAL V1","NORMAL","YES","NO","NO","docs/TAXONOMY_W33_RESOLVED_UNIFIED_CANDIDATE_TREE.csv [BATCH_02]","0","Exact source row; Batch 02 source proposal; finalization candidate; OM-R06=B; OM-R07=B; OM-R10=A Canonical existence does not authorize runtime assignment or pilot activation; professional/policy gate remains open."
"CANONICAL-001005","Müzik & Enstrüman","Stüdyo, Kayıt & Canlı Ses Ekipmanları","Mikrofonlar","Dinamik Mikrofonlar","L4","YES","CANONICAL-001003","CONFIRMED — PRODUCT OWNER FINAL — CANONICAL V1","NORMAL","YES","NO","NO","docs/TAXONOMY_W33_RESOLVED_UNIFIED_CANDIDATE_TREE.csv [BATCH_02]","0","Exact source row; Batch 02 source proposal; finalization candidate; OM-R06=B; OM-R07=B; OM-R10=A Canonical existence does not authorize runtime assignment or pilot activation; professional/policy gate remains open."
"CANONICAL-001006","Müzik & Enstrüman","Stüdyo, Kayıt & Canlı Ses Ekipmanları","Mikrofonlar","Kablosuz Mikrofon Sistemleri","L4","YES","CANONICAL-001003","CONFIRMED — PRODUCT OWNER FINAL — CANONICAL V1","REGULATED","YES","NO","NO","docs/TAXONOMY_W33_RESOLVED_UNIFIED_CANDIDATE_TREE.csv [BATCH_02]","0","Exact source row; Batch 02 source proposal; finalization candidate; OM-R06=B; OM-R07=B; OM-R10=A Canonical existence does not authorize runtime assignment or pilot activation; professional/policy gate remains open."
"CANONICAL-001007","Müzik & Enstrüman","Stüdyo, Kayıt & Canlı Ses Ekipmanları","Ses Arayüzleri","","L3","YES","CANONICAL-001002","CONFIRMED — PRODUCT OWNER FINAL — CANONICAL V1","NORMAL","YES","NO","NO","docs/TAXONOMY_W33_RESOLVED_UNIFIED_CANDIDATE_TREE.csv [BATCH_02]","0","Exact source row; Batch 02 source proposal; finalization candidate; OM-R06=B; OM-R07=B; OM-R10=A Canonical existence does not authorize runtime assignment or pilot activation; professional/policy gate remains open."
"CANONICAL-001008","Müzik & Enstrüman","Stüdyo, Kayıt & Canlı Ses Ekipmanları","Stüdyo Monitörleri","","L3","YES","CANONICAL-001002","CONFIRMED — PRODUCT OWNER FINAL — CANONICAL V1","NORMAL","YES","NO","NO","docs/TAXONOMY_W33_RESOLVED_UNIFIED_CANDIDATE_TREE.csv [BATCH_02]","0","Exact source row; Batch 02 source proposal; finalization candidate; OM-R06=B; OM-R07=B; OM-R10=A Canonical existence does not authorize runtime assignment or pilot activation; professional/policy gate remains open."
"CANONICAL-001009","Müzik & Enstrüman","Stüdyo, Kayıt & Canlı Ses Ekipmanları","Kayıt & Canlı Ses Mikserleri","","L3","YES","CANONICAL-001002","CONFIRMED — PRODUCT OWNER FINAL — CANONICAL V1","NORMAL","YES","NO","NO","docs/TAXONOMY_W33_RESOLVED_UNIFIED_CANDIDATE_TREE.csv [BATCH_02]","0","Exact source row; Batch 02 source proposal; finalization candidate; OM-R06=B; OM-R07=B; OM-R10=A Canonical existence does not authorize runtime assignment or pilot activation; professional/policy gate remains open."
"CANONICAL-001010","Müzik & Enstrüman","Stüdyo, Kayıt & Canlı Ses Ekipmanları","PA Hoparlörleri","","L3","YES","CANONICAL-001002","CONFIRMED — PRODUCT OWNER FINAL — CANONICAL V1","NORMAL","YES","NO","NO","docs/TAXONOMY_W33_RESOLVED_UNIFIED_CANDIDATE_TREE.csv [BATCH_02]","0","Exact source row; Batch 02 source proposal; finalization candidate; OM-R06=B; OM-R07=B; OM-R10=A Canonical existence does not authorize runtime assignment or pilot activation; professional/policy gate remains open."
"CANONICAL-001011","Müzik & Enstrüman","Stüdyo, Kayıt & Canlı Ses Ekipmanları","Taşınabilir Ses Kayıt Cihazları","","L3","YES","CANONICAL-001002","CONFIRMED — PRODUCT OWNER FINAL — CANONICAL V1","NORMAL","YES","NO","NO","docs/TAXONOMY_W33_RESOLVED_UNIFIED_CANDIDATE_TREE.csv [BATCH_02]","0","Exact source row; Batch 02 source proposal; finalization candidate; OM-R06=B; OM-R07=B; OM-R10=A Canonical existence does not authorize runtime assignment or pilot activation; professional/policy gate remains open."
"CANONICAL-001012","Müzik & Enstrüman","Stüdyo, Kayıt & Canlı Ses Ekipmanları","Stüdyo Kulaklıkları","","L3","YES","CANONICAL-001002","CONFIRMED — PRODUCT OWNER FINAL — CANONICAL V1","NORMAL","YES","NO","NO","docs/TAXONOMY_W33_RESOLVED_UNIFIED_CANDIDATE_TREE.csv [BATCH_02]","0","Exact source row; Batch 02 source proposal; finalization candidate; OM-R06=B; OM-R07=B; OM-R10=A Canonical existence does not authorize runtime assignment or pilot activation; professional/policy gate remains open."
"CANONICAL-001013","Müzik & Enstrüman","Enstrüman Amfi & Efektleri","","","L2","NO","CANONICAL-000936","CONFIRMED — PRODUCT OWNER FINAL — CANONICAL V1","NORMAL","YES","NO","NO","docs/TAXONOMY_W33_RESOLVED_UNIFIED_CANDIDATE_TREE.csv [BATCH_02]","1","Exact source row; Batch 02 source proposal; finalization candidate; OM-R06=B; OM-R07=B; OM-R10=A Canonical existence does not authorize runtime assignment or pilot activation; professional/policy gate remains open."
"CANONICAL-001014","Müzik & Enstrüman","Enstrüman Amfi & Efektleri","Gitar Amfileri","","L3","YES","CANONICAL-001013","CONFIRMED — PRODUCT OWNER FINAL — CANONICAL V1","NORMAL","YES","NO","NO","docs/TAXONOMY_W33_RESOLVED_UNIFIED_CANDIDATE_TREE.csv [BATCH_02]","0","Exact source row; Batch 02 source proposal; finalization candidate; OM-R06=B; OM-R07=B; OM-R10=A Canonical existence does not authorize runtime assignment or pilot activation; professional/policy gate remains open."
"CANONICAL-001015","Müzik & Enstrüman","Enstrüman Amfi & Efektleri","Bas Amfileri","","L3","YES","CANONICAL-001013","CONFIRMED — PRODUCT OWNER FINAL — CANONICAL V1","NORMAL","YES","NO","NO","docs/TAXONOMY_W33_RESOLVED_UNIFIED_CANDIDATE_TREE.csv [BATCH_02]","0","Exact source row; Batch 02 source proposal; finalization candidate; OM-R06=B; OM-R07=B; OM-R10=A Canonical existence does not authorize runtime assignment or pilot activation; professional/policy gate remains open."
"CANONICAL-001016","Müzik & Enstrüman","Enstrüman Amfi & Efektleri","Enstrüman Kabinleri","","L3","YES","CANONICAL-001013","CONFIRMED — PRODUCT OWNER FINAL — CANONICAL V1","NORMAL","YES","NO","NO","docs/TAXONOMY_W33_RESOLVED_UNIFIED_CANDIDATE_TREE.csv [BATCH_02]","0","Exact source row; Batch 02 source proposal; finalization candidate; OM-R06=B; OM-R07=B; OM-R10=A Canonical existence does not authorize runtime assignment or pilot activation; professional/policy gate remains open."
"CANONICAL-001017","Müzik & Enstrüman","Enstrüman Amfi & Efektleri","Efekt Pedalları","","L3","YES","CANONICAL-001013","CONFIRMED — PRODUCT OWNER FINAL — CANONICAL V1","NORMAL","YES","NO","NO","docs/TAXONOMY_W33_RESOLVED_UNIFIED_CANDIDATE_TREE.csv [BATCH_02]","0","Exact source row; Batch 02 source proposal; finalization candidate; OM-R06=B; OM-R07=B; OM-R10=A Canonical existence does not authorize runtime assignment or pilot activation; professional/policy gate remains open."
"CANONICAL-001018","Müzik & Enstrüman","Enstrüman Amfi & Efektleri","Çoklu Efekt İşlemcileri","","L3","YES","CANONICAL-001013","CONFIRMED — PRODUCT OWNER FINAL — CANONICAL V1","NORMAL","YES","NO","NO","docs/TAXONOMY_W33_RESOLVED_UNIFIED_CANDIDATE_TREE.csv [BATCH_02]","0","Exact source row; Batch 02 source proposal; finalization candidate; OM-R06=B; OM-R07=B; OM-R10=A Canonical existence does not authorize runtime assignment or pilot activation; professional/policy gate remains open."
"CANONICAL-001019","Müzik & Enstrüman","Enstrüman Amfi & Efektleri","Akustik Enstrüman Amfileri","","L3","YES","CANONICAL-001013","CONFIRMED — PRODUCT OWNER FINAL — CANONICAL V1","NORMAL","YES","NO","NO","docs/TAXONOMY_W33_RESOLVED_UNIFIED_CANDIDATE_TREE.csv [BATCH_02]","0","Exact source row; Batch 02 source proposal; finalization candidate; OM-R06=B; OM-R07=B; OM-R10=A Canonical existence does not authorize runtime assignment or pilot activation; professional/policy gate remains open."
"CANONICAL-001020","Müzik & Enstrüman","Enstrüman Aksesuar, Bakım & Sarf Malzemeleri","","","L2","NO","CANONICAL-000936","CONFIRMED — PRODUCT OWNER FINAL — CANONICAL V1","LEGAL_REVIEW_REQUIRED","YES","NO","NO","docs/TAXONOMY_W33_RESOLVED_UNIFIED_CANDIDATE_TREE.csv [BATCH_02]","1","Exact source row; Batch 02 source proposal; finalization candidate; OM-R06=B; OM-R07=B; OM-R10=A Canonical existence does not authorize runtime assignment or pilot activation; professional/policy gate remains open."
"CANONICAL-001021","Müzik & Enstrüman","Enstrüman Aksesuar, Bakım & Sarf Malzemeleri","Enstrüman Telleri","","L3","YES","CANONICAL-001020","CONFIRMED — PRODUCT OWNER FINAL — CANONICAL V1","NORMAL","YES","NO","NO","docs/TAXONOMY_W33_RESOLVED_UNIFIED_CANDIDATE_TREE.csv [BATCH_02]","1","Exact source row; Batch 02 source proposal; finalization candidate; OM-R06=B; OM-R07=B; OM-R10=A Canonical existence does not authorize runtime assignment or pilot activation; professional/policy gate remains open."
"CANONICAL-001022","Müzik & Enstrüman","Enstrüman Aksesuar, Bakım & Sarf Malzemeleri","Pena & Mızraplar","","L3","YES","CANONICAL-001020","CONFIRMED — PRODUCT OWNER FINAL — CANONICAL V1","NORMAL","YES","NO","NO","docs/TAXONOMY_W33_RESOLVED_UNIFIED_CANDIDATE_TREE.csv [BATCH_02]","1","Exact source row; Batch 02 source proposal; finalization candidate; OM-R06=B; OM-R07=B; OM-R10=A Canonical existence does not authorize runtime assignment or pilot activation; professional/policy gate remains open."
"CANONICAL-001023","Müzik & Enstrüman","Enstrüman Aksesuar, Bakım & Sarf Malzemeleri","Baget & Tokmaklar","","L3","YES","CANONICAL-001020","CONFIRMED — PRODUCT OWNER FINAL — CANONICAL V1","NORMAL","YES","NO","NO","docs/TAXONOMY_W33_RESOLVED_UNIFIED_CANDIDATE_TREE.csv [BATCH_02]","1","Exact source row; Batch 02 source proposal; finalization candidate; OM-R06=B; OM-R07=B; OM-R10=A Canonical existence does not authorize runtime assignment or pilot activation; professional/policy gate remains open."
"CANONICAL-001024","Müzik & Enstrüman","Enstrüman Aksesuar, Bakım & Sarf Malzemeleri","Kamış, Ağızlık & Bekler","","L3","YES","CANONICAL-001020","CONFIRMED — PRODUCT OWNER FINAL — CANONICAL V1","NORMAL","YES","NO","NO","docs/TAXONOMY_W33_RESOLVED_UNIFIED_CANDIDATE_TREE.csv [BATCH_02]","1","Exact source row; Batch 02 source proposal; finalization candidate; OM-R06=B; OM-R07=B; OM-R10=A Canonical existence does not authorize runtime assignment or pilot activation; professional/policy gate remains open."
"CANONICAL-001025","Müzik & Enstrüman","Enstrüman Aksesuar, Bakım & Sarf Malzemeleri","Enstrüman Standları","","L3","YES","CANONICAL-001020","CONFIRMED — PRODUCT OWNER FINAL — CANONICAL V1","NORMAL","YES","NO","NO","docs/TAXONOMY_W33_RESOLVED_UNIFIED_CANDIDATE_TREE.csv [BATCH_02]","1","Exact source row; Batch 02 source proposal; finalization candidate; OM-R06=B; OM-R07=B; OM-R10=A Canonical existence does not authorize runtime assignment or pilot activation; professional/policy gate remains open."
"CANONICAL-001026","Müzik & Enstrüman","Enstrüman Aksesuar, Bakım & Sarf Malzemeleri","Akort Cihazı & Metronomlar","","L3","YES","CANONICAL-001020","CONFIRMED — PRODUCT OWNER FINAL — CANONICAL V1","NORMAL","YES","NO","NO","docs/TAXONOMY_W33_RESOLVED_UNIFIED_CANDIDATE_TREE.csv [BATCH_02]","1","Exact source row; Batch 02 source proposal; finalization candidate; OM-R06=B; OM-R07=B; OM-R10=A Canonical existence does not authorize runtime assignment or pilot activation; professional/policy gate remains open."
"CANONICAL-001027","Müzik & Enstrüman","Enstrüman Aksesuar, Bakım & Sarf Malzemeleri","Enstrümana Özgü Kablolar","","L3","YES","CANONICAL-001020","CONFIRMED — PRODUCT OWNER FINAL — CANONICAL V1","NORMAL","YES","NO","NO","docs/TAXONOMY_W33_RESOLVED_UNIFIED_CANDIDATE_TREE.csv [BATCH_02]","1","Exact source row; Batch 02 source proposal; finalization candidate; OM-R06=B; OM-R07=B; OM-R10=A Canonical existence does not authorize runtime assignment or pilot activation; professional/policy gate remains open."
"CANONICAL-001028","Müzik & Enstrüman","Enstrüman Aksesuar, Bakım & Sarf Malzemeleri","Enstrüman Temizlik & Bakım Ürünleri","","L3","YES","CANONICAL-001020","CONFIRMED — PRODUCT OWNER FINAL — CANONICAL V1","LEGAL_REVIEW_REQUIRED","YES","NO","NO","docs/TAXONOMY_W33_RESOLVED_UNIFIED_CANDIDATE_TREE.csv [BATCH_02]","1","Exact source row; Batch 02 source proposal; finalization candidate; OM-R06=B; OM-R07=B; OM-R10=A Canonical existence does not authorize runtime assignment or pilot activation; professional/policy gate remains open."
"CANONICAL-001029","Müzik & Enstrüman","Enstrüman Aksesuar, Bakım & Sarf Malzemeleri","Askı, Tutucu & Nota Sehpaları","","L3","YES","CANONICAL-001020","CONFIRMED — PRODUCT OWNER FINAL — CANONICAL V1","NORMAL","YES","NO","NO","docs/TAXONOMY_W33_RESOLVED_UNIFIED_CANDIDATE_TREE.csv [BATCH_02]","1","Exact source row; Batch 02 source proposal; finalization candidate; OM-R06=B; OM-R07=B; OM-R10=A Canonical existence does not authorize runtime assignment or pilot activation; professional/policy gate remains open."
"CANONICAL-001030","Spor & Outdoor","","","","L1","NO","","CONFIRMED — PRODUCT OWNER FINAL — CANONICAL V1","NORMAL","NO","NO","NO","docs/ESNAFTAVAR_CANONICAL_CATEGORY_TAXONOMY.md","1","Canonical L1 root; never product-assignable; pilot activation requires at least one eligible descendant and a separate runtime decision."
"CANONICAL-001031","Spor & Outdoor","Fitness & Kondisyon","","","L2","NO","CANONICAL-001030","CONFIRMED — PRODUCT OWNER FINAL — CANONICAL V1","REGULATED","YES","NO","NO","docs/TAXONOMY_W33_RESOLVED_UNIFIED_CANDIDATE_TREE.csv [BATCH_02]","1","Exact source row; Batch 02 source proposal; finalization candidate; OM-R06=B; OM-R07=B; OM-R10=A Canonical existence does not authorize runtime assignment or pilot activation; professional/policy gate remains open."
"CANONICAL-001032","Spor & Outdoor","Fitness & Kondisyon","Ağırlık Antrenmanı","","L3","NO","CANONICAL-001031","CONFIRMED — PRODUCT OWNER FINAL — CANONICAL V1","REGULATED","YES","NO","NO","docs/TAXONOMY_W33_RESOLVED_UNIFIED_CANDIDATE_TREE.csv [BATCH_02]","0","Exact source row; Batch 02 source proposal; finalization candidate; OM-R06=B; OM-R07=B; OM-R10=A Canonical existence does not authorize runtime assignment or pilot activation; professional/policy gate remains open."
"CANONICAL-001033","Spor & Outdoor","Fitness & Kondisyon","Ağırlık Antrenmanı","Dambıl & Kettlebell","L4","YES","CANONICAL-001032","CONFIRMED — PRODUCT OWNER FINAL — CANONICAL V1","NORMAL","YES","NO","NO","docs/TAXONOMY_W33_RESOLVED_UNIFIED_CANDIDATE_TREE.csv [BATCH_02]","1","Exact source row; Batch 02 source proposal; finalization candidate; OM-R06=B; OM-R07=B; OM-R10=A Canonical existence does not authorize runtime assignment or pilot activation; professional/policy gate remains open."
"CANONICAL-001034","Spor & Outdoor","Fitness & Kondisyon","Ağırlık Antrenmanı","Bar, Plaka & Ağırlık Setleri","L4","YES","CANONICAL-001032","CONFIRMED — PRODUCT OWNER FINAL — CANONICAL V1","NORMAL","YES","NO","NO","docs/TAXONOMY_W33_RESOLVED_UNIFIED_CANDIDATE_TREE.csv [BATCH_02]","1","Exact source row; Batch 02 source proposal; finalization candidate; OM-R06=B; OM-R07=B; OM-R10=A Canonical existence does not authorize runtime assignment or pilot activation; professional/policy gate remains open."
"CANONICAL-001035","Spor & Outdoor","Fitness & Kondisyon","Ağırlık Antrenmanı","Kuvvet İstasyonları","L4","YES","CANONICAL-001032","CONFIRMED — PRODUCT OWNER FINAL — CANONICAL V1","REGULATED","YES","NO","NO","docs/TAXONOMY_W33_RESOLVED_UNIFIED_CANDIDATE_TREE.csv [BATCH_02]","0","Exact source row; Batch 02 source proposal; finalization candidate; OM-R06=B; OM-R07=B; OM-R10=A Canonical existence does not authorize runtime assignment or pilot activation; professional/policy gate remains open."
"CANONICAL-001036","Spor & Outdoor","Fitness & Kondisyon","Ağırlık Antrenmanı","Ağırlık Sehpası & Rack Sistemleri","L4","YES","CANONICAL-001032","CONFIRMED — PRODUCT OWNER FINAL — CANONICAL V1","REGULATED","YES","NO","NO","docs/TAXONOMY_W33_RESOLVED_UNIFIED_CANDIDATE_TREE.csv [BATCH_02]","0","Exact source row; Batch 02 source proposal; finalization candidate; OM-R06=B; OM-R07=B; OM-R10=A Canonical existence does not authorize runtime assignment or pilot activation; professional/policy gate remains open."
"CANONICAL-001037","Spor & Outdoor","Fitness & Kondisyon","Kardiyo Cihazları","","L3","NO","CANONICAL-001031","CONFIRMED — PRODUCT OWNER FINAL — CANONICAL V1","NORMAL","YES","NO","NO","docs/TAXONOMY_W33_RESOLVED_UNIFIED_CANDIDATE_TREE.csv [BATCH_02]","0","Exact source row; Batch 02 source proposal; finalization candidate; OM-R06=B; OM-R07=B; OM-R10=A Canonical existence does not authorize runtime assignment or pilot activation; professional/policy gate remains open."
"CANONICAL-001038","Spor & Outdoor","Fitness & Kondisyon","Kardiyo Cihazları","Koşu Bantları","L4","YES","CANONICAL-001037","CONFIRMED — PRODUCT OWNER FINAL — CANONICAL V1","NORMAL","YES","NO","NO","docs/TAXONOMY_W33_RESOLVED_UNIFIED_CANDIDATE_TREE.csv [BATCH_02]","1","Exact source row; Batch 02 source proposal; finalization candidate; OM-R06=B; OM-R07=B; OM-R10=A Canonical existence does not authorize runtime assignment or pilot activation; professional/policy gate remains open."
"CANONICAL-001039","Spor & Outdoor","Fitness & Kondisyon","Kardiyo Cihazları","Kondisyon Bisikletleri","L4","YES","CANONICAL-001037","CONFIRMED — PRODUCT OWNER FINAL — CANONICAL V1","NORMAL","YES","NO","NO","docs/TAXONOMY_W33_RESOLVED_UNIFIED_CANDIDATE_TREE.csv [BATCH_02]","1","Exact source row; Batch 02 source proposal; finalization candidate; OM-R06=B; OM-R07=B; OM-R10=A Canonical existence does not authorize runtime assignment or pilot activation; professional/policy gate remains open."
"CANONICAL-001040","Spor & Outdoor","Fitness & Kondisyon","Kardiyo Cihazları","Eliptik & Kürek Cihazları","L4","YES","CANONICAL-001037","CONFIRMED — PRODUCT OWNER FINAL — CANONICAL V1","NORMAL","YES","NO","NO","docs/TAXONOMY_W33_RESOLVED_UNIFIED_CANDIDATE_TREE.csv [BATCH_02]","1","Exact source row; Batch 02 source proposal; finalization candidate; OM-R06=B; OM-R07=B; OM-R10=A Canonical existence does not authorize runtime assignment or pilot activation; professional/policy gate remains open."
"CANONICAL-001041","Spor & Outdoor","Fitness & Kondisyon","Direnç & Esneklik Ekipmanları","","L3","YES","CANONICAL-001031","CONFIRMED — PRODUCT OWNER FINAL — CANONICAL V1","NORMAL","YES","NO","NO","docs/TAXONOMY_W33_RESOLVED_UNIFIED_CANDIDATE_TREE.csv [BATCH_02]","0","Exact source row; Batch 02 source proposal; finalization candidate; OM-R06=B; OM-R07=B; OM-R10=A Canonical existence does not authorize runtime assignment or pilot activation; professional/policy gate remains open."
"CANONICAL-001042","Spor & Outdoor","Fitness & Kondisyon","Atlama İpi & Kondisyon Aksesuarları","","L3","YES","CANONICAL-001031","CONFIRMED — PRODUCT OWNER FINAL — CANONICAL V1","NORMAL","YES","NO","NO","docs/TAXONOMY_W33_RESOLVED_UNIFIED_CANDIDATE_TREE.csv [BATCH_02]","1","Exact source row; Batch 02 source proposal; finalization candidate; OM-R06=B; OM-R07=B; OM-R10=A Canonical existence does not authorize runtime assignment or pilot activation; professional/policy gate remains open."
"CANONICAL-001043","Spor & Outdoor","Takım Sporları","","","L2","NO","CANONICAL-001030","CONFIRMED — PRODUCT OWNER FINAL — CANONICAL V1","REGULATED","YES","NO","NO","docs/TAXONOMY_W33_RESOLVED_UNIFIED_CANDIDATE_TREE.csv [BATCH_02]","1","Exact source row; Batch 02 source proposal; finalization candidate; OM-R06=B; OM-R07=B; OM-R10=A Canonical existence does not authorize runtime assignment or pilot activation; professional/policy gate remains open."
"CANONICAL-001044","Spor & Outdoor","Takım Sporları","Futbol Ekipmanları","","L3","NO","CANONICAL-001043","CONFIRMED — PRODUCT OWNER FINAL — CANONICAL V1","REGULATED","YES","NO","NO","docs/TAXONOMY_W33_RESOLVED_UNIFIED_CANDIDATE_TREE.csv [BATCH_02]","0","Exact source row; Batch 02 source proposal; finalization candidate; OM-R06=B; OM-R07=B; OM-R10=A Canonical existence does not authorize runtime assignment or pilot activation; professional/policy gate remains open."
"CANONICAL-001045","Spor & Outdoor","Takım Sporları","Futbol Ekipmanları","Futbol Topları","L4","YES","CANONICAL-001044","CONFIRMED — PRODUCT OWNER FINAL — CANONICAL V1","NORMAL","YES","NO","NO","docs/TAXONOMY_W33_RESOLVED_UNIFIED_CANDIDATE_TREE.csv [BATCH_02]","1","Exact source row; Batch 02 source proposal; finalization candidate; OM-R06=B; OM-R07=B; OM-R10=A Canonical existence does not authorize runtime assignment or pilot activation; professional/policy gate remains open."
"CANONICAL-001046","Spor & Outdoor","Takım Sporları","Futbol Ekipmanları","Kale & Antrenman Ekipmanları","L4","YES","CANONICAL-001044","CONFIRMED — PRODUCT OWNER FINAL — CANONICAL V1","NORMAL","YES","NO","NO","docs/TAXONOMY_W33_RESOLVED_UNIFIED_CANDIDATE_TREE.csv [BATCH_02]","1","Exact source row; Batch 02 source proposal; finalization candidate; OM-R06=B; OM-R07=B; OM-R10=A Canonical existence does not authorize runtime assignment or pilot activation; professional/policy gate remains open."
"CANONICAL-001047","Spor & Outdoor","Takım Sporları","Futbol Ekipmanları","Kaleci Ekipmanları","L4","YES","CANONICAL-001044","CONFIRMED — PRODUCT OWNER FINAL — CANONICAL V1","REGULATED","YES","NO","NO","docs/TAXONOMY_W33_RESOLVED_UNIFIED_CANDIDATE_TREE.csv [BATCH_02]","2","Exact source row; Batch 02 source proposal; finalization candidate; OM-R06=B; OM-R07=B; OM-R10=A Canonical existence does not authorize runtime assignment or pilot activation; professional/policy gate remains open."
"CANONICAL-001048","Spor & Outdoor","Takım Sporları","Basketbol Ekipmanları","","L3","NO","CANONICAL-001043","CONFIRMED — PRODUCT OWNER FINAL — CANONICAL V1","REGULATED","YES","NO","NO","docs/TAXONOMY_W33_RESOLVED_UNIFIED_CANDIDATE_TREE.csv [BATCH_02]","0","Exact source row; Batch 02 source proposal; finalization candidate; OM-R06=B; OM-R07=B; OM-R10=A Canonical existence does not authorize runtime assignment or pilot activation; professional/policy gate remains open."
"CANONICAL-001049","Spor & Outdoor","Takım Sporları","Basketbol Ekipmanları","Basketbol Topları","L4","YES","CANONICAL-001048","CONFIRMED — PRODUCT OWNER FINAL — CANONICAL V1","NORMAL","YES","NO","NO","docs/TAXONOMY_W33_RESOLVED_UNIFIED_CANDIDATE_TREE.csv [BATCH_02]","1","Exact source row; Batch 02 source proposal; finalization candidate; OM-R06=B; OM-R07=B; OM-R10=A Canonical existence does not authorize runtime assignment or pilot activation; professional/policy gate remains open."
"CANONICAL-001050","Spor & Outdoor","Takım Sporları","Basketbol Ekipmanları","Pota & Basketbol Aksesuarları","L4","YES","CANONICAL-001048","CONFIRMED — PRODUCT OWNER FINAL — CANONICAL V1","REGULATED","YES","NO","NO","docs/TAXONOMY_W33_RESOLVED_UNIFIED_CANDIDATE_TREE.csv [BATCH_02]","1","Exact source row; Batch 02 source proposal; finalization candidate; OM-R06=B; OM-R07=B; OM-R10=A Canonical existence does not authorize runtime assignment or pilot activation; professional/policy gate remains open."
"CANONICAL-001051","Spor & Outdoor","Takım Sporları","Voleybol Ekipmanları","","L3","NO","CANONICAL-001043","CONFIRMED — PRODUCT OWNER FINAL — CANONICAL V1","NORMAL","YES","NO","NO","docs/TAXONOMY_W33_RESOLVED_UNIFIED_CANDIDATE_TREE.csv [BATCH_02]","0","Exact source row; Batch 02 source proposal; finalization candidate; OM-R06=B; OM-R07=B; OM-R10=A Canonical existence does not authorize runtime assignment or pilot activation; professional/policy gate remains open."
"CANONICAL-001052","Spor & Outdoor","Takım Sporları","Voleybol Ekipmanları","Voleybol Topları","L4","YES","CANONICAL-001051","CONFIRMED — PRODUCT OWNER FINAL — CANONICAL V1","NORMAL","YES","NO","NO","docs/TAXONOMY_W33_RESOLVED_UNIFIED_CANDIDATE_TREE.csv [BATCH_02]","1","Exact source row; Batch 02 source proposal; finalization candidate; OM-R06=B; OM-R07=B; OM-R10=A Canonical existence does not authorize runtime assignment or pilot activation; professional/policy gate remains open."
"CANONICAL-001053","Spor & Outdoor","Takım Sporları","Voleybol Ekipmanları","File & Voleybol Aksesuarları","L4","YES","CANONICAL-001051","CONFIRMED — PRODUCT OWNER FINAL — CANONICAL V1","NORMAL","YES","NO","NO","docs/TAXONOMY_W33_RESOLVED_UNIFIED_CANDIDATE_TREE.csv [BATCH_02]","1","Exact source row; Batch 02 source proposal; finalization candidate; OM-R06=B; OM-R07=B; OM-R10=A Canonical existence does not authorize runtime assignment or pilot activation; professional/policy gate remains open."
"CANONICAL-001054","Spor & Outdoor","Takım Sporları","Hentbol & Diğer Takım Sporları","","L3","YES","CANONICAL-001043","CONFIRMED — PRODUCT OWNER FINAL — CANONICAL V1","NORMAL","YES","NO","NO","docs/TAXONOMY_W33_RESOLVED_UNIFIED_CANDIDATE_TREE.csv [BATCH_02]","0","Exact source row; Batch 02 source proposal; finalization candidate; OM-R06=B; OM-R07=B; OM-R10=A Canonical existence does not authorize runtime assignment or pilot activation; professional/policy gate remains open."
"CANONICAL-001055","Spor & Outdoor","Raket Sporları","","","L2","NO","CANONICAL-001030","CONFIRMED — PRODUCT OWNER FINAL — CANONICAL V1","REGULATED","YES","NO","NO","docs/TAXONOMY_W33_RESOLVED_UNIFIED_CANDIDATE_TREE.csv [BATCH_02]","1","Exact source row; Batch 02 source proposal; finalization candidate; OM-R06=B; OM-R07=B; OM-R10=A Canonical existence does not authorize runtime assignment or pilot activation; professional/policy gate remains open."
"CANONICAL-001056","Spor & Outdoor","Raket Sporları","Tenis Ekipmanları","","L3","NO","CANONICAL-001055","CONFIRMED — PRODUCT OWNER FINAL — CANONICAL V1","NORMAL","YES","NO","NO","docs/TAXONOMY_W33_RESOLVED_UNIFIED_CANDIDATE_TREE.csv [BATCH_02]","1","Exact source row; Batch 02 source proposal; finalization candidate; OM-R06=B; OM-R07=B; OM-R10=A Canonical existence does not authorize runtime assignment or pilot activation; professional/policy gate remains open."
"CANONICAL-001057","Spor & Outdoor","Raket Sporları","Tenis Ekipmanları","Tenis Raketleri","L4","YES","CANONICAL-001056","CONFIRMED — PRODUCT OWNER FINAL — CANONICAL V1","NORMAL","YES","NO","NO","docs/TAXONOMY_W33_RESOLVED_UNIFIED_CANDIDATE_TREE.csv [BATCH_02]","0","Exact source row; Batch 02 source proposal; finalization candidate; OM-R06=B; OM-R07=B; OM-R10=A Canonical existence does not authorize runtime assignment or pilot activation; professional/policy gate remains open."
"CANONICAL-001058","Spor & Outdoor","Raket Sporları","Tenis Ekipmanları","Tenis Topları","L4","YES","CANONICAL-001056","CONFIRMED — PRODUCT OWNER FINAL — CANONICAL V1","NORMAL","YES","NO","NO","docs/TAXONOMY_W33_RESOLVED_UNIFIED_CANDIDATE_TREE.csv [BATCH_02]","0","Exact source row; Batch 02 source proposal; finalization candidate; OM-R06=B; OM-R07=B; OM-R10=A Canonical existence does not authorize runtime assignment or pilot activation; professional/policy gate remains open."
"CANONICAL-001059","Spor & Outdoor","Raket Sporları","Tenis Ekipmanları","Tenis Filesi & Aksesuarları","L4","YES","CANONICAL-001056","CONFIRMED — PRODUCT OWNER FINAL — CANONICAL V1","NORMAL","YES","NO","NO","docs/TAXONOMY_W33_RESOLVED_UNIFIED_CANDIDATE_TREE.csv [BATCH_02]","0","Exact source row; Batch 02 source proposal; finalization candidate; OM-R06=B; OM-R07=B; OM-R10=A Canonical existence does not authorize runtime assignment or pilot activation; professional/policy gate remains open."
"CANONICAL-001060","Spor & Outdoor","Raket Sporları","Masa Tenisi Ekipmanları","","L3","NO","CANONICAL-001055","CONFIRMED — PRODUCT OWNER FINAL — CANONICAL V1","REGULATED","YES","NO","NO","docs/TAXONOMY_W33_RESOLVED_UNIFIED_CANDIDATE_TREE.csv [BATCH_02]","0","Exact source row; Batch 02 source proposal; finalization candidate; OM-R06=B; OM-R07=B; OM-R10=A Canonical existence does not authorize runtime assignment or pilot activation; professional/policy gate remains open."
"CANONICAL-001061","Spor & Outdoor","Raket Sporları","Masa Tenisi Ekipmanları","Masa Tenisi Raketleri","L4","YES","CANONICAL-001060","CONFIRMED — PRODUCT OWNER FINAL — CANONICAL V1","NORMAL","YES","NO","NO","docs/TAXONOMY_W33_RESOLVED_UNIFIED_CANDIDATE_TREE.csv [BATCH_02]","1","Exact source row; Batch 02 source proposal; finalization candidate; OM-R06=B; OM-R07=B; OM-R10=A Canonical existence does not authorize runtime assignment or pilot activation; professional/policy gate remains open."
"CANONICAL-001062","Spor & Outdoor","Raket Sporları","Masa Tenisi Ekipmanları","Masa Tenisi Topları","L4","YES","CANONICAL-001060","CONFIRMED — PRODUCT OWNER FINAL — CANONICAL V1","NORMAL","YES","NO","NO","docs/TAXONOMY_W33_RESOLVED_UNIFIED_CANDIDATE_TREE.csv [BATCH_02]","0","Exact source row; Batch 02 source proposal; finalization candidate; OM-R06=B; OM-R07=B; OM-R10=A Canonical existence does not authorize runtime assignment or pilot activation; professional/policy gate remains open."
"CANONICAL-001063","Spor & Outdoor","Raket Sporları","Masa Tenisi Ekipmanları","Masa & File Sistemleri","L4","YES","CANONICAL-001060","CONFIRMED — PRODUCT OWNER FINAL — CANONICAL V1","REGULATED","YES","NO","NO","docs/TAXONOMY_W33_RESOLVED_UNIFIED_CANDIDATE_TREE.csv [BATCH_02]","0","Exact source row; Batch 02 source proposal; finalization candidate; OM-R06=B; OM-R07=B; OM-R10=A Canonical existence does not authorize runtime assignment or pilot activation; professional/policy gate remains open."
"CANONICAL-001064","Spor & Outdoor","Raket Sporları","Badminton Ekipmanları","","L3","NO","CANONICAL-001055","CONFIRMED — PRODUCT OWNER FINAL — CANONICAL V1","NORMAL","YES","NO","NO","docs/TAXONOMY_W33_RESOLVED_UNIFIED_CANDIDATE_TREE.csv [BATCH_02]","1","Exact source row; Batch 02 source proposal; finalization candidate; OM-R06=B; OM-R07=B; OM-R10=A Canonical existence does not authorize runtime assignment or pilot activation; professional/policy gate remains open."
"CANONICAL-001065","Spor & Outdoor","Raket Sporları","Badminton Ekipmanları","Badminton Raketleri","L4","YES","CANONICAL-001064","CONFIRMED — PRODUCT OWNER FINAL — CANONICAL V1","NORMAL","YES","NO","NO","docs/TAXONOMY_W33_RESOLVED_UNIFIED_CANDIDATE_TREE.csv [BATCH_02]","0","Exact source row; Batch 02 source proposal; finalization candidate; OM-R06=B; OM-R07=B; OM-R10=A Canonical existence does not authorize runtime assignment or pilot activation; professional/policy gate remains open."
"CANONICAL-001066","Spor & Outdoor","Raket Sporları","Badminton Ekipmanları","Badminton Topu & Fileleri","L4","YES","CANONICAL-001064","CONFIRMED — PRODUCT OWNER FINAL — CANONICAL V1","NORMAL","YES","NO","NO","docs/TAXONOMY_W33_RESOLVED_UNIFIED_CANDIDATE_TREE.csv [BATCH_02]","0","Exact source row; Batch 02 source proposal; finalization candidate; OM-R06=B; OM-R07=B; OM-R10=A Canonical existence does not authorize runtime assignment or pilot activation; professional/policy gate remains open."
"CANONICAL-001067","Spor & Outdoor","Raket Sporları","Squash Ekipmanları","","L3","YES","CANONICAL-001055","CONFIRMED — PRODUCT OWNER FINAL — CANONICAL V1","NORMAL","YES","NO","NO","docs/TAXONOMY_W33_RESOLVED_UNIFIED_CANDIDATE_TREE.csv [BATCH_02]","0","Exact source row; Batch 02 source proposal; finalization candidate; OM-R06=B; OM-R07=B; OM-R10=A Canonical existence does not authorize runtime assignment or pilot activation; professional/policy gate remains open."
"CANONICAL-001068","Spor & Outdoor","Raket Sporları","Padel Ekipmanları","","L3","YES","CANONICAL-001055","CONFIRMED — PRODUCT OWNER FINAL — CANONICAL V1","NORMAL","YES","NO","NO","docs/TAXONOMY_W33_RESOLVED_UNIFIED_CANDIDATE_TREE.csv [BATCH_02]","0","Exact source row; Batch 02 source proposal; finalization candidate; OM-R06=B; OM-R07=B; OM-R10=A Canonical existence does not authorize runtime assignment or pilot activation; professional/policy gate remains open."
"CANONICAL-001069","Spor & Outdoor","Bireysel Sporlar & Jimnastik","","","L2","NO","CANONICAL-001030","CONFIRMED — PRODUCT OWNER FINAL — CANONICAL V1","LEGAL_REVIEW_REQUIRED","YES","NO","NO","docs/TAXONOMY_W33_RESOLVED_UNIFIED_CANDIDATE_TREE.csv [BATCH_02]","2","Exact source row; Batch 02 source proposal; finalization candidate; OM-R06=B; OM-R07=B; OM-R10=A Canonical existence does not authorize runtime assignment or pilot activation; professional/policy gate remains open."
"CANONICAL-001070","Spor & Outdoor","Bireysel Sporlar & Jimnastik","Atletizm Ekipmanları","","L3","YES","CANONICAL-001069","CONFIRMED — PRODUCT OWNER FINAL — CANONICAL V1","REGULATED","YES","NO","NO","docs/TAXONOMY_W33_RESOLVED_UNIFIED_CANDIDATE_TREE.csv [BATCH_02]","0","Exact source row; Batch 02 source proposal; finalization candidate; OM-R06=B; OM-R07=B; OM-R10=A Canonical existence does not authorize runtime assignment or pilot activation; professional/policy gate remains open."
"CANONICAL-001071","Spor & Outdoor","Bireysel Sporlar & Jimnastik","Jimnastik Ekipmanları","","L3","YES","CANONICAL-001069","CONFIRMED — PRODUCT OWNER FINAL — CANONICAL V1","REGULATED","YES","NO","NO","docs/TAXONOMY_W33_RESOLVED_UNIFIED_CANDIDATE_TREE.csv [BATCH_02]","0","Exact source row; Batch 02 source proposal; finalization candidate; OM-R06=B; OM-R07=B; OM-R10=A Canonical existence does not authorize runtime assignment or pilot activation; professional/policy gate remains open."
"CANONICAL-001072","Spor & Outdoor","Bireysel Sporlar & Jimnastik","Yoga & Pilates Ekipmanları","","L3","YES","CANONICAL-001069","CONFIRMED — PRODUCT OWNER FINAL — CANONICAL V1","NORMAL","YES","NO","NO","docs/TAXONOMY_W33_RESOLVED_UNIFIED_CANDIDATE_TREE.csv [BATCH_02]","1","Exact source row; Batch 02 source proposal; finalization candidate; OM-R06=B; OM-R07=B; OM-R10=A Canonical existence does not authorize runtime assignment or pilot activation; professional/policy gate remains open."
"CANONICAL-001073","Spor & Outdoor","Bireysel Sporlar & Jimnastik","Dart Ekipmanları","","L3","YES","CANONICAL-001069","CONFIRMED — PRODUCT OWNER FINAL — CANONICAL V1","LEGAL_REVIEW_REQUIRED","YES","NO","NO","docs/TAXONOMY_W33_RESOLVED_UNIFIED_CANDIDATE_TREE.csv [BATCH_02]","0","Exact source row; Batch 02 source proposal; finalization candidate; OM-R06=B; OM-R07=B; OM-R10=A Canonical existence does not authorize runtime assignment or pilot activation; professional/policy gate remains open."
"CANONICAL-001074","Spor & Outdoor","Bireysel Sporlar & Jimnastik","Okçuluk & Hedef Sporları Ekipmanları","","L3","YES","CANONICAL-001069","CONFIRMED — PRODUCT OWNER FINAL — CANONICAL V1","LEGAL_REVIEW_REQUIRED","YES","NO","NO","docs/TAXONOMY_W33_RESOLVED_UNIFIED_CANDIDATE_TREE.csv [BATCH_02]","0","Exact source row; Batch 02 source proposal; finalization candidate; OM-R06=B; OM-R07=B; OM-R10=A Canonical existence does not authorize runtime assignment or pilot activation; professional/policy gate remains open."
"CANONICAL-001075","Spor & Outdoor","Bireysel Sporlar & Jimnastik","Paten & Kaykay","","L3","YES","CANONICAL-001069","CONFIRMED — PRODUCT OWNER FINAL — CANONICAL V1","REGULATED","YES","NO","NO","docs/TAXONOMY_W33_RESOLVED_UNIFIED_CANDIDATE_TREE.csv [BATCH_02]","1","Exact source row; Batch 02 source proposal; finalization candidate; OM-R06=B; OM-R07=B; OM-R10=A Canonical existence does not authorize runtime assignment or pilot activation; professional/policy gate remains open."
"CANONICAL-001076","Spor & Outdoor","Dövüş Sporları","","","L2","NO","CANONICAL-001030","CONFIRMED — PRODUCT OWNER FINAL — CANONICAL V1","REGULATED","YES","NO","NO","docs/TAXONOMY_W33_RESOLVED_UNIFIED_CANDIDATE_TREE.csv [BATCH_02]","1","Exact source row; Batch 02 source proposal; finalization candidate; OM-R06=B; OM-R07=B; OM-R10=A Canonical existence does not authorize runtime assignment or pilot activation; professional/policy gate remains open."
"CANONICAL-001077","Spor & Outdoor","Dövüş Sporları","Boks Ekipmanları","","L3","YES","CANONICAL-001076","CONFIRMED — PRODUCT OWNER FINAL — CANONICAL V1","REGULATED","YES","NO","NO","docs/TAXONOMY_W33_RESOLVED_UNIFIED_CANDIDATE_TREE.csv [BATCH_02]","0","Exact source row; Batch 02 source proposal; finalization candidate; OM-R06=B; OM-R07=B; OM-R10=A Canonical existence does not authorize runtime assignment or pilot activation; professional/policy gate remains open."
"CANONICAL-001078","Spor & Outdoor","Dövüş Sporları","Kickboks & MMA Ekipmanları","","L3","YES","CANONICAL-001076","CONFIRMED — PRODUCT OWNER FINAL — CANONICAL V1","REGULATED","YES","NO","NO","docs/TAXONOMY_W33_RESOLVED_UNIFIED_CANDIDATE_TREE.csv [BATCH_02]","0","Exact source row; Batch 02 source proposal; finalization candidate; OM-R06=B; OM-R07=B; OM-R10=A Canonical existence does not authorize runtime assignment or pilot activation; professional/policy gate remains open."
"CANONICAL-001079","Spor & Outdoor","Dövüş Sporları","Dövüş Sporu Koruyucuları","","L3","YES","CANONICAL-001076","CONFIRMED — PRODUCT OWNER FINAL — CANONICAL V1","REGULATED","YES","NO","NO","docs/TAXONOMY_W33_RESOLVED_UNIFIED_CANDIDATE_TREE.csv [BATCH_02]","0","Exact source row; Batch 02 source proposal; finalization candidate; OM-R06=B; OM-R07=B; OM-R10=A Canonical existence does not authorize runtime assignment or pilot activation; professional/policy gate remains open."
"CANONICAL-001080","Spor & Outdoor","Dövüş Sporları","Kum Torbası & Antrenman Hedefleri","","L3","YES","CANONICAL-001076","CONFIRMED — PRODUCT OWNER FINAL — CANONICAL V1","REGULATED","YES","NO","NO","docs/TAXONOMY_W33_RESOLVED_UNIFIED_CANDIDATE_TREE.csv [BATCH_02]","0","Exact source row; Batch 02 source proposal; finalization candidate; OM-R06=B; OM-R07=B; OM-R10=A Canonical existence does not authorize runtime assignment or pilot activation; professional/policy gate remains open."
"CANONICAL-001081","Spor & Outdoor","Dövüş Sporları","Dövüş Sporu Minderleri","","L3","YES","CANONICAL-001076","CONFIRMED — PRODUCT OWNER FINAL — CANONICAL V1","REGULATED","YES","NO","NO","docs/TAXONOMY_W33_RESOLVED_UNIFIED_CANDIDATE_TREE.csv [BATCH_02]","0","Exact source row; Batch 02 source proposal; finalization candidate; OM-R06=B; OM-R07=B; OM-R10=A Canonical existence does not authorize runtime assignment or pilot activation; professional/policy gate remains open."
"CANONICAL-001082","Spor & Outdoor","Outdoor, Kamp & Trekking","","","L2","NO","CANONICAL-001030","CONFIRMED — PRODUCT OWNER FINAL — CANONICAL V1","LEGAL_REVIEW_REQUIRED","YES","NO","NO","docs/TAXONOMY_W33_RESOLVED_UNIFIED_CANDIDATE_TREE.csv [BATCH_02]","1","Exact source row; Batch 02 source proposal; finalization candidate; OM-R06=B; OM-R07=B; OM-R10=A Canonical existence does not authorize runtime assignment or pilot activation; professional/policy gate remains open."
"CANONICAL-001083","Spor & Outdoor","Outdoor, Kamp & Trekking","Kamp Barınakları","","L3","NO","CANONICAL-001082","CONFIRMED — PRODUCT OWNER FINAL — CANONICAL V1","NORMAL","YES","NO","NO","docs/TAXONOMY_W33_RESOLVED_UNIFIED_CANDIDATE_TREE.csv [BATCH_02]","0","Exact source row; Batch 02 source proposal; finalization candidate; OM-R06=B; OM-R07=B; OM-R10=A Canonical existence does not authorize runtime assignment or pilot activation; professional/policy gate remains open."
"CANONICAL-001084","Spor & Outdoor","Outdoor, Kamp & Trekking","Kamp Barınakları","Çadırlar","L4","YES","CANONICAL-001083","CONFIRMED — PRODUCT OWNER FINAL — CANONICAL V1","NORMAL","YES","NO","NO","docs/TAXONOMY_W33_RESOLVED_UNIFIED_CANDIDATE_TREE.csv [BATCH_02]","1","Exact source row; Batch 02 source proposal; finalization candidate; OM-R06=B; OM-R07=B; OM-R10=A Canonical existence does not authorize runtime assignment or pilot activation; professional/policy gate remains open."
"CANONICAL-001085","Spor & Outdoor","Outdoor, Kamp & Trekking","Kamp Barınakları","Tarp & Gölgelikler","L4","YES","CANONICAL-001083","CONFIRMED — PRODUCT OWNER FINAL — CANONICAL V1","NORMAL","YES","NO","NO","docs/TAXONOMY_W33_RESOLVED_UNIFIED_CANDIDATE_TREE.csv [BATCH_02]","0","Exact source row; Batch 02 source proposal; finalization candidate; OM-R06=B; OM-R07=B; OM-R10=A Canonical existence does not authorize runtime assignment or pilot activation; professional/policy gate remains open."
"CANONICAL-001086","Spor & Outdoor","Outdoor, Kamp & Trekking","Uyku Sistemleri","","L3","NO","CANONICAL-001082","CONFIRMED — PRODUCT OWNER FINAL — CANONICAL V1","NORMAL","YES","NO","NO","docs/TAXONOMY_W33_RESOLVED_UNIFIED_CANDIDATE_TREE.csv [BATCH_02]","0","Exact source row; Batch 02 source proposal; finalization candidate; OM-R06=B; OM-R07=B; OM-R10=A Canonical existence does not authorize runtime assignment or pilot activation; professional/policy gate remains open."
"CANONICAL-001087","Spor & Outdoor","Outdoor, Kamp & Trekking","Uyku Sistemleri","Uyku Tulumları","L4","YES","CANONICAL-001086","CONFIRMED — PRODUCT OWNER FINAL — CANONICAL V1","NORMAL","YES","NO","NO","docs/TAXONOMY_W33_RESOLVED_UNIFIED_CANDIDATE_TREE.csv [BATCH_02]","1","Exact source row; Batch 02 source proposal; finalization candidate; OM-R06=B; OM-R07=B; OM-R10=A Canonical existence does not authorize runtime assignment or pilot activation; professional/policy gate remains open."
"CANONICAL-001088","Spor & Outdoor","Outdoor, Kamp & Trekking","Uyku Sistemleri","Kamp Matları","L4","YES","CANONICAL-001086","CONFIRMED — PRODUCT OWNER FINAL — CANONICAL V1","NORMAL","YES","NO","NO","docs/TAXONOMY_W33_RESOLVED_UNIFIED_CANDIDATE_TREE.csv [BATCH_02]","1","Exact source row; Batch 02 source proposal; finalization candidate; OM-R06=B; OM-R07=B; OM-R10=A Canonical existence does not authorize runtime assignment or pilot activation; professional/policy gate remains open."
"CANONICAL-001089","Spor & Outdoor","Outdoor, Kamp & Trekking","Kamp Mobilyaları","","L3","YES","CANONICAL-001082","CONFIRMED — PRODUCT OWNER FINAL — CANONICAL V1","REGULATED","YES","NO","NO","docs/TAXONOMY_W33_RESOLVED_UNIFIED_CANDIDATE_TREE.csv [BATCH_02]","1","Exact source row; Batch 02 source proposal; finalization candidate; OM-R06=B; OM-R07=B; OM-R10=A Canonical existence does not authorize runtime assignment or pilot activation; professional/policy gate remains open."
"CANONICAL-001090","Spor & Outdoor","Outdoor, Kamp & Trekking","Kamp Ocağı & Outdoor Pişirme Ekipmanları","","L3","YES","CANONICAL-001082","CONFIRMED — PRODUCT OWNER FINAL — CANONICAL V1","REGULATED","YES","NO","NO","docs/TAXONOMY_W33_RESOLVED_UNIFIED_CANDIDATE_TREE.csv [BATCH_02]","1","Exact source row; Batch 02 source proposal; finalization candidate; OM-R06=B; OM-R07=B; OM-R10=A Canonical existence does not authorize runtime assignment or pilot activation; professional/policy gate remains open."
"CANONICAL-001091","Spor & Outdoor","Outdoor, Kamp & Trekking","Trekking & Yürüyüş Ekipmanları","","L3","YES","CANONICAL-001082","CONFIRMED — PRODUCT OWNER FINAL — CANONICAL V1","REGULATED","YES","NO","NO","docs/TAXONOMY_W33_RESOLVED_UNIFIED_CANDIDATE_TREE.csv [BATCH_02]","1","Exact source row; Batch 02 source proposal; finalization candidate; OM-R06=B; OM-R07=B; OM-R10=A Canonical existence does not authorize runtime assignment or pilot activation; professional/policy gate remains open."
"CANONICAL-001092","Spor & Outdoor","Outdoor, Kamp & Trekking","Outdoor Aydınlatma Ekipmanları","","L3","YES","CANONICAL-001082","CONFIRMED — PRODUCT OWNER FINAL — CANONICAL V1","REGULATED","YES","NO","NO","docs/TAXONOMY_W33_RESOLVED_UNIFIED_CANDIDATE_TREE.csv [BATCH_02]","1","Exact source row; Batch 02 source proposal; finalization candidate; OM-R06=B; OM-R07=B; OM-R10=A Canonical existence does not authorize runtime assignment or pilot activation; professional/policy gate remains open."
"CANONICAL-001093","Spor & Outdoor","Outdoor, Kamp & Trekking","Tırmanış & Dağcılık Ekipmanları","","L3","YES","CANONICAL-001082","CONFIRMED — PRODUCT OWNER FINAL — CANONICAL V1","LEGAL_REVIEW_REQUIRED","YES","NO","NO","docs/TAXONOMY_W33_RESOLVED_UNIFIED_CANDIDATE_TREE.csv [BATCH_02]","0","Exact source row; Batch 02 source proposal; finalization candidate; OM-R06=B; OM-R07=B; OM-R10=A Canonical existence does not authorize runtime assignment or pilot activation; professional/policy gate remains open."
"CANONICAL-001094","Spor & Outdoor","Outdoor, Kamp & Trekking","Teknik Hidrasyon & Taşıma Sistemleri","","L3","YES","CANONICAL-001082","CONFIRMED — PRODUCT OWNER FINAL — CANONICAL V1","REGULATED","YES","NO","NO","docs/TAXONOMY_W33_RESOLVED_UNIFIED_CANDIDATE_TREE.csv [BATCH_02]","0","Exact source row; Batch 02 source proposal; finalization candidate; OM-R06=B; OM-R07=B; OM-R10=A Canonical existence does not authorize runtime assignment or pilot activation; professional/policy gate remains open."
"CANONICAL-001095","Spor & Outdoor","Bisiklet","","","L2","NO","CANONICAL-001030","CONFIRMED — PRODUCT OWNER FINAL — CANONICAL V1","REGULATED","YES","NO","NO","docs/TAXONOMY_W33_RESOLVED_UNIFIED_CANDIDATE_TREE.csv [BATCH_02]","1","Exact source row; Batch 02 source proposal; finalization candidate; OM-R06=B; OM-R07=B; OM-R10=A Canonical existence does not authorize runtime assignment or pilot activation; professional/policy gate remains open."
"CANONICAL-001096","Spor & Outdoor","Bisiklet","Bisikletler","","L3","NO","CANONICAL-001095","CONFIRMED — PRODUCT OWNER FINAL — CANONICAL V1","REGULATED","YES","NO","NO","docs/TAXONOMY_W33_RESOLVED_UNIFIED_CANDIDATE_TREE.csv [BATCH_02]","0","Exact source row; Batch 02 source proposal; finalization candidate; OM-R06=B; OM-R07=B; OM-R10=A Canonical existence does not authorize runtime assignment or pilot activation; professional/policy gate remains open."
"CANONICAL-001097","Spor & Outdoor","Bisiklet","Bisikletler","Dağ Bisikletleri","L4","YES","CANONICAL-001096","CONFIRMED — PRODUCT OWNER FINAL — CANONICAL V1","NORMAL","YES","NO","NO","docs/TAXONOMY_W33_RESOLVED_UNIFIED_CANDIDATE_TREE.csv [BATCH_02]","1","Exact source row; Batch 02 source proposal; finalization candidate; OM-R06=B; OM-R07=B; OM-R10=A Canonical existence does not authorize runtime assignment or pilot activation; professional/policy gate remains open."
"CANONICAL-001098","Spor & Outdoor","Bisiklet","Bisikletler","Yol Bisikletleri","L4","YES","CANONICAL-001096","CONFIRMED — PRODUCT OWNER FINAL — CANONICAL V1","NORMAL","YES","NO","NO","docs/TAXONOMY_W33_RESOLVED_UNIFIED_CANDIDATE_TREE.csv [BATCH_02]","0","Exact source row; Batch 02 source proposal; finalization candidate; OM-R06=B; OM-R07=B; OM-R10=A Canonical existence does not authorize runtime assignment or pilot activation; professional/policy gate remains open."
"CANONICAL-001099","Spor & Outdoor","Bisiklet","Bisikletler","Şehir & Tur Bisikletleri","L4","YES","CANONICAL-001096","CONFIRMED — PRODUCT OWNER FINAL — CANONICAL V1","NORMAL","YES","NO","NO","docs/TAXONOMY_W33_RESOLVED_UNIFIED_CANDIDATE_TREE.csv [BATCH_02]","0","Exact source row; Batch 02 source proposal; finalization candidate; OM-R06=B; OM-R07=B; OM-R10=A Canonical existence does not authorize runtime assignment or pilot activation; professional/policy gate remains open."
"CANONICAL-001100","Spor & Outdoor","Bisiklet","Bisikletler","Çocuk Bisikletleri","L4","YES","CANONICAL-001096","CONFIRMED — PRODUCT OWNER FINAL — CANONICAL V1","REGULATED","YES","NO","NO","docs/TAXONOMY_W33_RESOLVED_UNIFIED_CANDIDATE_TREE.csv [BATCH_02]","0","Exact source row; Batch 02 source proposal; finalization candidate; OM-R06=B; OM-R07=B; OM-R10=A Canonical existence does not authorize runtime assignment or pilot activation; professional/policy gate remains open."
"CANONICAL-001101","Spor & Outdoor","Bisiklet","Bisiklet Parçaları","","L3","NO","CANONICAL-001095","CONFIRMED — PRODUCT OWNER FINAL — CANONICAL V1","REGULATED","YES","NO","NO","docs/TAXONOMY_W33_RESOLVED_UNIFIED_CANDIDATE_TREE.csv [BATCH_02]","0","Exact source row; Batch 02 source proposal; finalization candidate; OM-R06=B; OM-R07=B; OM-R10=A Canonical existence does not authorize runtime assignment or pilot activation; professional/policy gate remains open."
"CANONICAL-001102","Spor & Outdoor","Bisiklet","Bisiklet Parçaları","Aktarma Organları","L4","YES","CANONICAL-001101","CONFIRMED — PRODUCT OWNER FINAL — CANONICAL V1","NORMAL","YES","NO","NO","docs/TAXONOMY_W33_RESOLVED_UNIFIED_CANDIDATE_TREE.csv [BATCH_02]","1","Exact source row; Batch 02 source proposal; finalization candidate; OM-R06=B; OM-R07=B; OM-R10=A Canonical existence does not authorize runtime assignment or pilot activation; professional/policy gate remains open."
"CANONICAL-001103","Spor & Outdoor","Bisiklet","Bisiklet Parçaları","Fren Parçaları","L4","YES","CANONICAL-001101","CONFIRMED — PRODUCT OWNER FINAL — CANONICAL V1","REGULATED","YES","NO","NO","docs/TAXONOMY_W33_RESOLVED_UNIFIED_CANDIDATE_TREE.csv [BATCH_02]","1","Exact source row; Batch 02 source proposal; finalization candidate; OM-R06=B; OM-R07=B; OM-R10=A Canonical existence does not authorize runtime assignment or pilot activation; professional/policy gate remains open."
"CANONICAL-001104","Spor & Outdoor","Bisiklet","Bisiklet Parçaları","Jant, Lastik & Tekerlek Parçaları","L4","YES","CANONICAL-001101","CONFIRMED — PRODUCT OWNER FINAL — CANONICAL V1","NORMAL","YES","NO","NO","docs/TAXONOMY_W33_RESOLVED_UNIFIED_CANDIDATE_TREE.csv [BATCH_02]","1","Exact source row; Batch 02 source proposal; finalization candidate; OM-R06=B; OM-R07=B; OM-R10=A Canonical existence does not authorize runtime assignment or pilot activation; professional/policy gate remains open."
"CANONICAL-001105","Spor & Outdoor","Bisiklet","Bisiklet Parçaları","Gidon, Sele & Kontrol Parçaları","L4","YES","CANONICAL-001101","CONFIRMED — PRODUCT OWNER FINAL — CANONICAL V1","NORMAL","YES","NO","NO","docs/TAXONOMY_W33_RESOLVED_UNIFIED_CANDIDATE_TREE.csv [BATCH_02]","1","Exact source row; Batch 02 source proposal; finalization candidate; OM-R06=B; OM-R07=B; OM-R10=A Canonical existence does not authorize runtime assignment or pilot activation; professional/policy gate remains open."
"CANONICAL-001106","Spor & Outdoor","Bisiklet","Bisiklet Kaskı & Koruyucuları","","L3","YES","CANONICAL-001095","CONFIRMED — PRODUCT OWNER FINAL — CANONICAL V1","REGULATED","YES","NO","NO","docs/TAXONOMY_W33_RESOLVED_UNIFIED_CANDIDATE_TREE.csv [BATCH_02]","2","Exact source row; Batch 02 source proposal; finalization candidate; OM-R06=B; OM-R07=B; OM-R10=A Canonical existence does not authorize runtime assignment or pilot activation; professional/policy gate remains open."
"CANONICAL-001107","Spor & Outdoor","Bisiklet","Bisiklet Kilidi & Güvenlik Ürünleri","","L3","YES","CANONICAL-001095","CONFIRMED — PRODUCT OWNER FINAL — CANONICAL V1","NORMAL","YES","NO","NO","docs/TAXONOMY_W33_RESOLVED_UNIFIED_CANDIDATE_TREE.csv [BATCH_02]","1","Exact source row; Batch 02 source proposal; finalization candidate; OM-R06=B; OM-R07=B; OM-R10=A Canonical existence does not authorize runtime assignment or pilot activation; professional/policy gate remains open."
"CANONICAL-001108","Spor & Outdoor","Bisiklet","Pompa, Bakım & Sürüş Aksesuarları","","L3","YES","CANONICAL-001095","CONFIRMED — PRODUCT OWNER FINAL — CANONICAL V1","NORMAL","YES","NO","NO","docs/TAXONOMY_W33_RESOLVED_UNIFIED_CANDIDATE_TREE.csv [BATCH_02]","1","Exact source row; Batch 02 source proposal; finalization candidate; OM-R06=B; OM-R07=B; OM-R10=A Canonical existence does not authorize runtime assignment or pilot activation; professional/policy gate remains open."
"CANONICAL-001109","Spor & Outdoor","Bisiklet","Bisiklete Monte Çanta & Taşıyıcılar","","L3","YES","CANONICAL-001095","CONFIRMED — PRODUCT OWNER FINAL — CANONICAL V1","REGULATED","YES","NO","NO","docs/TAXONOMY_W33_RESOLVED_UNIFIED_CANDIDATE_TREE.csv [BATCH_02]","1","Exact source row; Batch 02 source proposal; finalization candidate; OM-R06=B; OM-R07=B; OM-R10=A Canonical existence does not authorize runtime assignment or pilot activation; professional/policy gate remains open."
"CANONICAL-001110","Spor & Outdoor","Su Sporları","","","L2","NO","CANONICAL-001030","CONFIRMED — PRODUCT OWNER FINAL — CANONICAL V1","LEGAL_REVIEW_REQUIRED","YES","NO","NO","docs/TAXONOMY_W33_RESOLVED_UNIFIED_CANDIDATE_TREE.csv [BATCH_02]","1","Exact source row; Batch 02 source proposal; finalization candidate; OM-R06=B; OM-R07=B; OM-R10=A Canonical existence does not authorize runtime assignment or pilot activation; professional/policy gate remains open."
"CANONICAL-001111","Spor & Outdoor","Su Sporları","Yüzme Ekipmanları","","L3","YES","CANONICAL-001110","CONFIRMED — PRODUCT OWNER FINAL — CANONICAL V1","REGULATED","YES","NO","NO","docs/TAXONOMY_W33_RESOLVED_UNIFIED_CANDIDATE_TREE.csv [BATCH_02]","1","Exact source row; Batch 02 source proposal; finalization candidate; OM-R06=B; OM-R07=B; OM-R10=A Canonical existence does not authorize runtime assignment or pilot activation; professional/policy gate remains open."
"CANONICAL-001112","Spor & Outdoor","Su Sporları","Dalış & Şnorkel Ekipmanları","","L3","YES","CANONICAL-001110","CONFIRMED — PRODUCT OWNER FINAL — CANONICAL V1","LEGAL_REVIEW_REQUIRED","YES","NO","NO","docs/TAXONOMY_W33_RESOLVED_UNIFIED_CANDIDATE_TREE.csv [BATCH_02]","1","Exact source row; Batch 02 source proposal; finalization candidate; OM-R06=B; OM-R07=B; OM-R10=A Canonical existence does not authorize runtime assignment or pilot activation; professional/policy gate remains open."
"CANONICAL-001113","Spor & Outdoor","Su Sporları","Sörf & SUP Ekipmanları","","L3","YES","CANONICAL-001110","CONFIRMED — PRODUCT OWNER FINAL — CANONICAL V1","REGULATED","YES","NO","NO","docs/TAXONOMY_W33_RESOLVED_UNIFIED_CANDIDATE_TREE.csv [BATCH_02]","0","Exact source row; Batch 02 source proposal; finalization candidate; OM-R06=B; OM-R07=B; OM-R10=A Canonical existence does not authorize runtime assignment or pilot activation; professional/policy gate remains open."
"CANONICAL-001114","Spor & Outdoor","Su Sporları","Kano & Kayak Ekipmanları","","L3","YES","CANONICAL-001110","CONFIRMED — PRODUCT OWNER FINAL — CANONICAL V1","REGULATED","YES","NO","NO","docs/TAXONOMY_W33_RESOLVED_UNIFIED_CANDIDATE_TREE.csv [BATCH_02]","0","Exact source row; Batch 02 source proposal; finalization candidate; OM-R06=B; OM-R07=B; OM-R10=A Canonical existence does not authorize runtime assignment or pilot activation; professional/policy gate remains open."
"CANONICAL-001115","Spor & Outdoor","Su Sporları","Can Yeleği & Su Güvenliği Ekipmanları","","L3","YES","CANONICAL-001110","CONFIRMED — PRODUCT OWNER FINAL — CANONICAL V1","REGULATED","YES","NO","NO","docs/TAXONOMY_W33_RESOLVED_UNIFIED_CANDIDATE_TREE.csv [BATCH_02]","0","Exact source row; Batch 02 source proposal; finalization candidate; OM-R06=B; OM-R07=B; OM-R10=A Canonical existence does not authorize runtime assignment or pilot activation; professional/policy gate remains open."
"CANONICAL-001116","Spor & Outdoor","Su Sporları","Şişme Su Sporu Ürünleri","","L3","YES","CANONICAL-001110","CONFIRMED — PRODUCT OWNER FINAL — CANONICAL V1","REGULATED","YES","NO","NO","docs/TAXONOMY_W33_RESOLVED_UNIFIED_CANDIDATE_TREE.csv [BATCH_02]","1","Exact source row; Batch 02 source proposal; finalization candidate; OM-R06=B; OM-R07=B; OM-R10=A Canonical existence does not authorize runtime assignment or pilot activation; professional/policy gate remains open."
"CANONICAL-001117","Spor & Outdoor","Kış Sporları","","","L2","NO","CANONICAL-001030","CONFIRMED — PRODUCT OWNER FINAL — CANONICAL V1","REGULATED","YES","NO","NO","docs/TAXONOMY_W33_RESOLVED_UNIFIED_CANDIDATE_TREE.csv [BATCH_02]","1","Exact source row; Batch 02 source proposal; finalization candidate; OM-R06=B; OM-R07=B; OM-R10=A Canonical existence does not authorize runtime assignment or pilot activation; professional/policy gate remains open."
"CANONICAL-001118","Spor & Outdoor","Kış Sporları","Kayak Ekipmanları","","L3","YES","CANONICAL-001117","CONFIRMED — PRODUCT OWNER FINAL — CANONICAL V1","REGULATED","YES","NO","NO","docs/TAXONOMY_W33_RESOLVED_UNIFIED_CANDIDATE_TREE.csv [BATCH_02]","1","Exact source row; Batch 02 source proposal; finalization candidate; OM-R06=B; OM-R07=B; OM-R10=A Canonical existence does not authorize runtime assignment or pilot activation; professional/policy gate remains open."
"CANONICAL-001119","Spor & Outdoor","Kış Sporları","Snowboard Ekipmanları","","L3","YES","CANONICAL-001117","CONFIRMED — PRODUCT OWNER FINAL — CANONICAL V1","REGULATED","YES","NO","NO","docs/TAXONOMY_W33_RESOLVED_UNIFIED_CANDIDATE_TREE.csv [BATCH_02]","1","Exact source row; Batch 02 source proposal; finalization candidate; OM-R06=B; OM-R07=B; OM-R10=A Canonical existence does not authorize runtime assignment or pilot activation; professional/policy gate remains open."
"CANONICAL-001120","Spor & Outdoor","Kış Sporları","Kızaklar","","L3","YES","CANONICAL-001117","CONFIRMED — PRODUCT OWNER FINAL — CANONICAL V1","REGULATED","YES","NO","NO","docs/TAXONOMY_W33_RESOLVED_UNIFIED_CANDIDATE_TREE.csv [BATCH_02]","0","Exact source row; Batch 02 source proposal; finalization candidate; OM-R06=B; OM-R07=B; OM-R10=A Canonical existence does not authorize runtime assignment or pilot activation; professional/policy gate remains open."
"CANONICAL-001121","Spor & Outdoor","Kış Sporları","Kış Sporu Koruyucuları","","L3","YES","CANONICAL-001117","CONFIRMED — PRODUCT OWNER FINAL — CANONICAL V1","REGULATED","YES","NO","NO","docs/TAXONOMY_W33_RESOLVED_UNIFIED_CANDIDATE_TREE.csv [BATCH_02]","0","Exact source row; Batch 02 source proposal; finalization candidate; OM-R06=B; OM-R07=B; OM-R10=A Canonical existence does not authorize runtime assignment or pilot activation; professional/policy gate remains open."
"CANONICAL-001122","Spor & Outdoor","Kış Sporları","Kış Sporu Aksesuarları","","L3","YES","CANONICAL-001117","CONFIRMED — PRODUCT OWNER FINAL — CANONICAL V1","REGULATED","YES","NO","NO","docs/TAXONOMY_W33_RESOLVED_UNIFIED_CANDIDATE_TREE.csv [BATCH_02]","0","Exact source row; Batch 02 source proposal; finalization candidate; OM-R06=B; OM-R07=B; OM-R10=A Canonical existence does not authorize runtime assignment or pilot activation; professional/policy gate remains open."
"CANONICAL-001123","Spor & Outdoor","Balıkçılık","","","L2","NO","CANONICAL-001030","CONFIRMED — PRODUCT OWNER FINAL — CANONICAL V1","LEGAL_REVIEW_REQUIRED","YES","NO","NO","docs/TAXONOMY_W33_RESOLVED_UNIFIED_CANDIDATE_TREE.csv [BATCH_02]","1","Exact source row; Batch 02 source proposal; finalization candidate; OM-R06=B; OM-R07=B; OM-R10=A Canonical existence does not authorize runtime assignment or pilot activation; professional/policy gate remains open."
"CANONICAL-001124","Spor & Outdoor","Balıkçılık","Olta Kamışları","","L3","YES","CANONICAL-001123","CONFIRMED — PRODUCT OWNER FINAL — CANONICAL V1","NORMAL","YES","NO","NO","docs/TAXONOMY_W33_RESOLVED_UNIFIED_CANDIDATE_TREE.csv [BATCH_02]","1","Exact source row; Batch 02 source proposal; finalization candidate; OM-R06=B; OM-R07=B; OM-R10=A Canonical existence does not authorize runtime assignment or pilot activation; professional/policy gate remains open."
"CANONICAL-001125","Spor & Outdoor","Balıkçılık","Olta Makineleri","","L3","YES","CANONICAL-001123","CONFIRMED — PRODUCT OWNER FINAL — CANONICAL V1","NORMAL","YES","NO","NO","docs/TAXONOMY_W33_RESOLVED_UNIFIED_CANDIDATE_TREE.csv [BATCH_02]","1","Exact source row; Batch 02 source proposal; finalization candidate; OM-R06=B; OM-R07=B; OM-R10=A Canonical existence does not authorize runtime assignment or pilot activation; professional/policy gate remains open."
"CANONICAL-001126","Spor & Outdoor","Balıkçılık","Misina, İğne & Bağlantı Takımları","","L3","YES","CANONICAL-001123","CONFIRMED — PRODUCT OWNER FINAL — CANONICAL V1","LEGAL_REVIEW_REQUIRED","YES","NO","NO","docs/TAXONOMY_W33_RESOLVED_UNIFIED_CANDIDATE_TREE.csv [BATCH_02]","1","Exact source row; Batch 02 source proposal; finalization candidate; OM-R06=B; OM-R07=B; OM-R10=A Canonical existence does not authorize runtime assignment or pilot activation; professional/policy gate remains open."
"CANONICAL-001127","Spor & Outdoor","Balıkçılık","Suni Yem & Balıkçılık Yemleri","","L3","YES","CANONICAL-001123","CONFIRMED — PRODUCT OWNER FINAL — CANONICAL V1","LEGAL_REVIEW_REQUIRED","YES","NO","NO","docs/TAXONOMY_W33_RESOLVED_UNIFIED_CANDIDATE_TREE.csv [BATCH_02]","1","Exact source row; Batch 02 source proposal; finalization candidate; OM-R06=B; OM-R07=B; OM-R10=A Canonical existence does not authorize runtime assignment or pilot activation; professional/policy gate remains open."
"CANONICAL-001128","Spor & Outdoor","Balıkçılık","Kepçe, Ağ & Balıkçılık Aksesuarları","","L3","YES","CANONICAL-001123","CONFIRMED — PRODUCT OWNER FINAL — CANONICAL V1","LEGAL_REVIEW_REQUIRED","YES","NO","NO","docs/TAXONOMY_W33_RESOLVED_UNIFIED_CANDIDATE_TREE.csv [BATCH_02]","1","Exact source row; Batch 02 source proposal; finalization candidate; OM-R06=B; OM-R07=B; OM-R10=A Canonical existence does not authorize runtime assignment or pilot activation; professional/policy gate remains open."
"CANONICAL-001129","Spor & Outdoor","Balıkçılık","Balıkçı Kutusu & Taşıma Ürünleri","","L3","YES","CANONICAL-001123","CONFIRMED — PRODUCT OWNER FINAL — CANONICAL V1","NORMAL","YES","NO","NO","docs/TAXONOMY_W33_RESOLVED_UNIFIED_CANDIDATE_TREE.csv [BATCH_02]","1","Exact source row; Batch 02 source proposal; finalization candidate; OM-R06=B; OM-R07=B; OM-R10=A Canonical existence does not authorize runtime assignment or pilot activation; professional/policy gate remains open."
"CANONICAL-001130","Kitap","","","","L1","NO","","CONFIRMED — PRODUCT OWNER FINAL — CANONICAL V1","NORMAL","NO","NO","YES","docs/ESNAFTAVAR_CANONICAL_CATEGORY_TAXONOMY.md","1","Canonical L1 root; never product-assignable; pilot activation requires at least one eligible descendant and a separate runtime decision."
"CANONICAL-001131","Kitap","Edebiyat & Kurgu","","","L2","NO","CANONICAL-001130","CONFIRMED — PRODUCT OWNER FINAL — CANONICAL V1","NORMAL","NO","NO","YES","docs/TAXONOMY_W33_RESOLVED_UNIFIED_CANDIDATE_TREE.csv [BATCH_03]","1","Exact source row; Wave 15 Batch 03 proposal; Wave 32 finalization candidate; OM-R06=B; OM-R07=B; OM-R10=A."
"CANONICAL-001132","Kitap","Edebiyat & Kurgu","Deneme","","L3","YES","CANONICAL-001131","CONFIRMED — PRODUCT OWNER FINAL — CANONICAL V1","NORMAL","NO","YES","YES","docs/TAXONOMY_W33_RESOLVED_UNIFIED_CANDIDATE_TREE.csv [BATCH_03]","0","Exact source row; Wave 15 Batch 03 proposal; Wave 32 finalization candidate; OM-R06=B; OM-R07=B; OM-R10=A."
"CANONICAL-001133","Kitap","Edebiyat & Kurgu","Öykü","","L3","YES","CANONICAL-001131","CONFIRMED — PRODUCT OWNER FINAL — CANONICAL V1","NORMAL","NO","YES","YES","docs/TAXONOMY_W33_RESOLVED_UNIFIED_CANDIDATE_TREE.csv [BATCH_03]","1","Exact source row; Wave 15 Batch 03 proposal; Wave 32 finalization candidate; OM-R06=B; OM-R07=B; OM-R10=A."
"CANONICAL-001134","Kitap","Edebiyat & Kurgu","Roman","","L3","YES","CANONICAL-001131","CONFIRMED — PRODUCT OWNER FINAL — CANONICAL V1","NORMAL","NO","YES","YES","docs/TAXONOMY_W33_RESOLVED_UNIFIED_CANDIDATE_TREE.csv [BATCH_03]","1","Exact source row; Wave 15 Batch 03 proposal; Wave 32 finalization candidate; OM-R06=B; OM-R07=B; OM-R10=A."
"CANONICAL-001135","Kitap","Edebiyat & Kurgu","Şiir","","L3","YES","CANONICAL-001131","CONFIRMED — PRODUCT OWNER FINAL — CANONICAL V1","NORMAL","NO","YES","YES","docs/TAXONOMY_W33_RESOLVED_UNIFIED_CANDIDATE_TREE.csv [BATCH_03]","1","Exact source row; Wave 15 Batch 03 proposal; Wave 32 finalization candidate; OM-R06=B; OM-R07=B; OM-R10=A."
"CANONICAL-001136","Kitap","Edebiyat & Kurgu","Tiyatro Eserleri","","L3","YES","CANONICAL-001131","CONFIRMED — PRODUCT OWNER FINAL — CANONICAL V1","NORMAL","NO","YES","YES","docs/TAXONOMY_W33_RESOLVED_UNIFIED_CANDIDATE_TREE.csv [BATCH_03]","0","Exact source row; Wave 15 Batch 03 proposal; Wave 32 finalization candidate; OM-R06=B; OM-R07=B; OM-R10=A."
"CANONICAL-001137","Kitap","Çocuk & Gençlik Kitapları","","","L2","NO","CANONICAL-001130","CONFIRMED — PRODUCT OWNER FINAL — CANONICAL V1","REGULATED","YES","NO","NO","docs/TAXONOMY_W33_RESOLVED_UNIFIED_CANDIDATE_TREE.csv [BATCH_03]","1","Exact source row; Wave 15 Batch 03 proposal; Wave 32 finalization candidate; OM-R06=B; OM-R07=B; OM-R10=A. Canonical existence does not authorize runtime assignment or pilot activation; professional/policy gate remains open."
"CANONICAL-001138","Kitap","Çocuk & Gençlik Kitapları","Çocuk Edebiyatı","","L3","YES","CANONICAL-001137","CONFIRMED — PRODUCT OWNER FINAL — CANONICAL V1","REGULATED","YES","NO","NO","docs/TAXONOMY_W33_RESOLVED_UNIFIED_CANDIDATE_TREE.csv [BATCH_03]","1","Exact source row; Wave 15 Batch 03 proposal; Wave 32 finalization candidate; OM-R06=B; OM-R07=B; OM-R10=A. Canonical existence does not authorize runtime assignment or pilot activation; professional/policy gate remains open."
"CANONICAL-001139","Kitap","Çocuk & Gençlik Kitapları","Çocuk Etkinlik Kitapları","","L3","YES","CANONICAL-001137","CONFIRMED — PRODUCT OWNER FINAL — CANONICAL V1","REGULATED","YES","NO","NO","docs/TAXONOMY_W33_RESOLVED_UNIFIED_CANDIDATE_TREE.csv [BATCH_03]","0","Exact source row; Wave 15 Batch 03 proposal; Wave 32 finalization candidate; OM-R06=B; OM-R07=B; OM-R10=A. Canonical existence does not authorize runtime assignment or pilot activation; professional/policy gate remains open."
"CANONICAL-001140","Kitap","Çocuk & Gençlik Kitapları","Gençlik Edebiyatı","","L3","YES","CANONICAL-001137","CONFIRMED — PRODUCT OWNER FINAL — CANONICAL V1","REGULATED","YES","NO","NO","docs/TAXONOMY_W33_RESOLVED_UNIFIED_CANDIDATE_TREE.csv [BATCH_03]","1","Exact source row; Wave 15 Batch 03 proposal; Wave 32 finalization candidate; OM-R06=B; OM-R07=B; OM-R10=A. Canonical existence does not authorize runtime assignment or pilot activation; professional/policy gate remains open."
"CANONICAL-001141","Kitap","Çocuk & Gençlik Kitapları","İlk Okuma Kitapları","","L3","YES","CANONICAL-001137","CONFIRMED — PRODUCT OWNER FINAL — CANONICAL V1","REGULATED","YES","NO","NO","docs/TAXONOMY_W33_RESOLVED_UNIFIED_CANDIDATE_TREE.csv [BATCH_03]","0","Exact source row; Wave 15 Batch 03 proposal; Wave 32 finalization candidate; OM-R06=B; OM-R07=B; OM-R10=A. Canonical existence does not authorize runtime assignment or pilot activation; professional/policy gate remains open."
"CANONICAL-001142","Kitap","Çocuk & Gençlik Kitapları","Okul Öncesi Kitapları","","L3","YES","CANONICAL-001137","CONFIRMED — PRODUCT OWNER FINAL — CANONICAL V1","REGULATED","YES","NO","NO","docs/TAXONOMY_W33_RESOLVED_UNIFIED_CANDIDATE_TREE.csv [BATCH_03]","0","Exact source row; Wave 15 Batch 03 proposal; Wave 32 finalization candidate; OM-R06=B; OM-R07=B; OM-R10=A. Canonical existence does not authorize runtime assignment or pilot activation; professional/policy gate remains open."
"CANONICAL-001143","Kitap","Eğitim & Ders Kitapları","","","L2","NO","CANONICAL-001130","CONFIRMED — PRODUCT OWNER FINAL — CANONICAL V1","REGULATED","YES","NO","NO","docs/TAXONOMY_W33_RESOLVED_UNIFIED_CANDIDATE_TREE.csv [BATCH_03]","2","Exact source row; Wave 15 Batch 03 proposal; Wave 32 finalization candidate; OM-R06=B; OM-R07=B; OM-R10=A. Canonical existence does not authorize runtime assignment or pilot activation; professional/policy gate remains open."
"CANONICAL-001144","Kitap","Eğitim & Ders Kitapları","İlkokul Ders Kitapları","","L3","YES","CANONICAL-001143","CONFIRMED — PRODUCT OWNER FINAL — CANONICAL V1","NORMAL","NO","NO","NO","docs/TAXONOMY_W33_RESOLVED_UNIFIED_CANDIDATE_TREE.csv [BATCH_03]","0","Exact source row; Wave 15 Batch 03 proposal; Wave 32 finalization candidate; OM-R06=B; OM-R07=B; OM-R10=A."
"CANONICAL-001145","Kitap","Eğitim & Ders Kitapları","Lise Ders Kitapları","","L3","YES","CANONICAL-001143","CONFIRMED — PRODUCT OWNER FINAL — CANONICAL V1","NORMAL","NO","NO","NO","docs/TAXONOMY_W33_RESOLVED_UNIFIED_CANDIDATE_TREE.csv [BATCH_03]","0","Exact source row; Wave 15 Batch 03 proposal; Wave 32 finalization candidate; OM-R06=B; OM-R07=B; OM-R10=A."
"CANONICAL-001146","Kitap","Eğitim & Ders Kitapları","Okul Öncesi Eğitim Kitapları","","L3","YES","CANONICAL-001143","CONFIRMED — PRODUCT OWNER FINAL — CANONICAL V1","REGULATED","YES","NO","NO","docs/TAXONOMY_W33_RESOLVED_UNIFIED_CANDIDATE_TREE.csv [BATCH_03]","0","Exact source row; Wave 15 Batch 03 proposal; Wave 32 finalization candidate; OM-R06=B; OM-R07=B; OM-R10=A. Canonical existence does not authorize runtime assignment or pilot activation; professional/policy gate remains open."
"CANONICAL-001147","Kitap","Eğitim & Ders Kitapları","Ortaokul Ders Kitapları","","L3","YES","CANONICAL-001143","CONFIRMED — PRODUCT OWNER FINAL — CANONICAL V1","NORMAL","NO","NO","NO","docs/TAXONOMY_W33_RESOLVED_UNIFIED_CANDIDATE_TREE.csv [BATCH_03]","0","Exact source row; Wave 15 Batch 03 proposal; Wave 32 finalization candidate; OM-R06=B; OM-R07=B; OM-R10=A."
"CANONICAL-001148","Kitap","Eğitim & Ders Kitapları","Öğretmen Kaynak Kitapları","","L3","YES","CANONICAL-001143","CONFIRMED — PRODUCT OWNER FINAL — CANONICAL V1","NORMAL","NO","NO","NO","docs/TAXONOMY_W33_RESOLVED_UNIFIED_CANDIDATE_TREE.csv [BATCH_03]","0","Exact source row; Wave 15 Batch 03 proposal; Wave 32 finalization candidate; OM-R06=B; OM-R07=B; OM-R10=A."
"CANONICAL-001149","Kitap","Sınav Hazırlık Kitapları","","","L2","NO","CANONICAL-001130","CONFIRMED — PRODUCT OWNER FINAL — CANONICAL V1","NORMAL","NO","NO","YES","docs/TAXONOMY_W33_RESOLVED_UNIFIED_CANDIDATE_TREE.csv [BATCH_03]","2","Exact source row; Wave 15 Batch 03 proposal; Wave 32 finalization candidate; OM-R06=B; OM-R07=B; OM-R10=A."
"CANONICAL-001150","Kitap","Sınav Hazırlık Kitapları","Kamu & Meslek Sınavlarına Hazırlık","","L3","YES","CANONICAL-001149","CONFIRMED — PRODUCT OWNER FINAL — CANONICAL V1","NORMAL","NO","YES","YES","docs/TAXONOMY_W33_RESOLVED_UNIFIED_CANDIDATE_TREE.csv [BATCH_03]","0","Exact source row; Wave 15 Batch 03 proposal; Wave 32 finalization candidate; OM-R06=B; OM-R07=B; OM-R10=A."
"CANONICAL-001151","Kitap","Sınav Hazırlık Kitapları","Lise Geçiş Sınavlarına Hazırlık","","L3","YES","CANONICAL-001149","CONFIRMED — PRODUCT OWNER FINAL — CANONICAL V1","NORMAL","NO","YES","YES","docs/TAXONOMY_W33_RESOLVED_UNIFIED_CANDIDATE_TREE.csv [BATCH_03]","0","Exact source row; Wave 15 Batch 03 proposal; Wave 32 finalization candidate; OM-R06=B; OM-R07=B; OM-R10=A."
"CANONICAL-001152","Kitap","Sınav Hazırlık Kitapları","Okul Sınavlarına Hazırlık","","L3","YES","CANONICAL-001149","CONFIRMED — PRODUCT OWNER FINAL — CANONICAL V1","NORMAL","NO","YES","YES","docs/TAXONOMY_W33_RESOLVED_UNIFIED_CANDIDATE_TREE.csv [BATCH_03]","0","Exact source row; Wave 15 Batch 03 proposal; Wave 32 finalization candidate; OM-R06=B; OM-R07=B; OM-R10=A."
"CANONICAL-001153","Kitap","Sınav Hazırlık Kitapları","Üniversite Giriş Sınavlarına Hazırlık","","L3","YES","CANONICAL-001149","CONFIRMED — PRODUCT OWNER FINAL — CANONICAL V1","NORMAL","NO","YES","YES","docs/TAXONOMY_W33_RESOLVED_UNIFIED_CANDIDATE_TREE.csv [BATCH_03]","0","Exact source row; Wave 15 Batch 03 proposal; Wave 32 finalization candidate; OM-R06=B; OM-R07=B; OM-R10=A."
"CANONICAL-001154","Kitap","Sınav Hazırlık Kitapları","Yabancı Dil Sınavlarına Hazırlık","","L3","YES","CANONICAL-001149","CONFIRMED — PRODUCT OWNER FINAL — CANONICAL V1","NORMAL","NO","YES","YES","docs/TAXONOMY_W33_RESOLVED_UNIFIED_CANDIDATE_TREE.csv [BATCH_03]","0","Exact source row; Wave 15 Batch 03 proposal; Wave 32 finalization candidate; OM-R06=B; OM-R07=B; OM-R10=A."
"CANONICAL-001155","Kitap","Akademik & Mesleki Kitaplar","","","L2","NO","CANONICAL-001130","CONFIRMED — PRODUCT OWNER FINAL — CANONICAL V1","NORMAL","NO","NO","YES","docs/TAXONOMY_W33_RESOLVED_UNIFIED_CANDIDATE_TREE.csv [BATCH_03]","1","Exact source row; Wave 15 Batch 03 proposal; Wave 32 finalization candidate; OM-R06=B; OM-R07=B; OM-R10=A."
"CANONICAL-001156","Kitap","Akademik & Mesleki Kitaplar","Fen Bilimleri Kitapları","","L3","YES","CANONICAL-001155","CONFIRMED — PRODUCT OWNER FINAL — CANONICAL V1","NORMAL","NO","YES","YES","docs/TAXONOMY_W33_RESOLVED_UNIFIED_CANDIDATE_TREE.csv [BATCH_03]","1","Exact source row; Wave 15 Batch 03 proposal; Wave 32 finalization candidate; OM-R06=B; OM-R07=B; OM-R10=A."
"CANONICAL-001157","Kitap","Akademik & Mesleki Kitaplar","Hukuk Kitapları","","L3","YES","CANONICAL-001155","CONFIRMED — PRODUCT OWNER FINAL — CANONICAL V1","NORMAL","NO","YES","YES","docs/TAXONOMY_W33_RESOLVED_UNIFIED_CANDIDATE_TREE.csv [BATCH_03]","1","Exact source row; Wave 15 Batch 03 proposal; Wave 32 finalization candidate; OM-R06=B; OM-R07=B; OM-R10=A."
"CANONICAL-001158","Kitap","Akademik & Mesleki Kitaplar","İşletme & Ekonomi Kitapları","","L3","YES","CANONICAL-001155","CONFIRMED — PRODUCT OWNER FINAL — CANONICAL V1","NORMAL","NO","YES","YES","docs/TAXONOMY_W33_RESOLVED_UNIFIED_CANDIDATE_TREE.csv [BATCH_03]","1","Exact source row; Wave 15 Batch 03 proposal; Wave 32 finalization candidate; OM-R06=B; OM-R07=B; OM-R10=A."
"CANONICAL-001159","Kitap","Akademik & Mesleki Kitaplar","Mühendislik & Teknoloji Kitapları","","L3","YES","CANONICAL-001155","CONFIRMED — PRODUCT OWNER FINAL — CANONICAL V1","NORMAL","NO","YES","YES","docs/TAXONOMY_W33_RESOLVED_UNIFIED_CANDIDATE_TREE.csv [BATCH_03]","1","Exact source row; Wave 15 Batch 03 proposal; Wave 32 finalization candidate; OM-R06=B; OM-R07=B; OM-R10=A."
"CANONICAL-001160","Kitap","Akademik & Mesleki Kitaplar","Sağlık Bilimleri Kitapları","","L3","YES","CANONICAL-001155","CONFIRMED — PRODUCT OWNER FINAL — CANONICAL V1","NORMAL","NO","YES","YES","docs/TAXONOMY_W33_RESOLVED_UNIFIED_CANDIDATE_TREE.csv [BATCH_03]","1","Exact source row; Wave 15 Batch 03 proposal; Wave 32 finalization candidate; OM-R06=B; OM-R07=B; OM-R10=A."
"CANONICAL-001161","Kitap","Akademik & Mesleki Kitaplar","Sosyal Bilimler Kitapları","","L3","YES","CANONICAL-001155","CONFIRMED — PRODUCT OWNER FINAL — CANONICAL V1","NORMAL","NO","YES","YES","docs/TAXONOMY_W33_RESOLVED_UNIFIED_CANDIDATE_TREE.csv [BATCH_03]","1","Exact source row; Wave 15 Batch 03 proposal; Wave 32 finalization candidate; OM-R06=B; OM-R07=B; OM-R10=A."
"CANONICAL-001162","Kitap","Araştırma, İnceleme & Düşünce","","","L2","NO","CANONICAL-001130","CONFIRMED — PRODUCT OWNER FINAL — CANONICAL V1","NORMAL","NO","NO","YES","docs/TAXONOMY_W33_RESOLVED_UNIFIED_CANDIDATE_TREE.csv [BATCH_03]","1","Exact source row; Wave 15 Batch 03 proposal; Wave 32 finalization candidate; OM-R06=B; OM-R07=B; OM-R10=A."
"CANONICAL-001163","Kitap","Araştırma, İnceleme & Düşünce","Biyografi & Anı","","L3","YES","CANONICAL-001162","CONFIRMED — PRODUCT OWNER FINAL — CANONICAL V1","NORMAL","NO","YES","YES","docs/TAXONOMY_W33_RESOLVED_UNIFIED_CANDIDATE_TREE.csv [BATCH_03]","0","Exact source row; Wave 15 Batch 03 proposal; Wave 32 finalization candidate; OM-R06=B; OM-R07=B; OM-R10=A."
"CANONICAL-001164","Kitap","Araştırma, İnceleme & Düşünce","Din & Mitoloji","","L3","YES","CANONICAL-001162","CONFIRMED — PRODUCT OWNER FINAL — CANONICAL V1","NORMAL","NO","YES","YES","docs/TAXONOMY_W33_RESOLVED_UNIFIED_CANDIDATE_TREE.csv [BATCH_03]","0","Exact source row; Wave 15 Batch 03 proposal; Wave 32 finalization candidate; OM-R06=B; OM-R07=B; OM-R10=A."
"CANONICAL-001165","Kitap","Araştırma, İnceleme & Düşünce","Felsefe","","L3","YES","CANONICAL-001162","CONFIRMED — PRODUCT OWNER FINAL — CANONICAL V1","NORMAL","NO","YES","YES","docs/TAXONOMY_W33_RESOLVED_UNIFIED_CANDIDATE_TREE.csv [BATCH_03]","1","Exact source row; Wave 15 Batch 03 proposal; Wave 32 finalization candidate; OM-R06=B; OM-R07=B; OM-R10=A."
"CANONICAL-001166","Kitap","Araştırma, İnceleme & Düşünce","Popüler Bilim","","L3","YES","CANONICAL-001162","CONFIRMED — PRODUCT OWNER FINAL — CANONICAL V1","NORMAL","NO","YES","YES","docs/TAXONOMY_W33_RESOLVED_UNIFIED_CANDIDATE_TREE.csv [BATCH_03]","1","Exact source row; Wave 15 Batch 03 proposal; Wave 32 finalization candidate; OM-R06=B; OM-R07=B; OM-R10=A."
"CANONICAL-001167","Kitap","Araştırma, İnceleme & Düşünce","Tarih","","L3","YES","CANONICAL-001162","CONFIRMED — PRODUCT OWNER FINAL — CANONICAL V1","NORMAL","NO","YES","YES","docs/TAXONOMY_W33_RESOLVED_UNIFIED_CANDIDATE_TREE.csv [BATCH_03]","1","Exact source row; Wave 15 Batch 03 proposal; Wave 32 finalization candidate; OM-R06=B; OM-R07=B; OM-R10=A."
"CANONICAL-001168","Kitap","Araştırma, İnceleme & Düşünce","Toplum & Siyaset","","L3","YES","CANONICAL-001162","CONFIRMED — PRODUCT OWNER FINAL — CANONICAL V1","NORMAL","NO","YES","YES","docs/TAXONOMY_W33_RESOLVED_UNIFIED_CANDIDATE_TREE.csv [BATCH_03]","0","Exact source row; Wave 15 Batch 03 proposal; Wave 32 finalization candidate; OM-R06=B; OM-R07=B; OM-R10=A."
"CANONICAL-001169","Kitap","Kişisel Gelişim & Yaşam","","","L2","NO","CANONICAL-001130","CONFIRMED — PRODUCT OWNER FINAL — CANONICAL V1","REGULATED","YES","NO","NO","docs/TAXONOMY_W33_RESOLVED_UNIFIED_CANDIDATE_TREE.csv [BATCH_03]","1","Exact source row; Wave 15 Batch 03 proposal; Wave 32 finalization candidate; OM-R06=B; OM-R07=B; OM-R10=A. Canonical existence does not authorize runtime assignment or pilot activation; professional/policy gate remains open."
"CANONICAL-001170","Kitap","Kişisel Gelişim & Yaşam","Aile & İlişkiler","","L3","YES","CANONICAL-001169","CONFIRMED — PRODUCT OWNER FINAL — CANONICAL V1","NORMAL","NO","NO","NO","docs/TAXONOMY_W33_RESOLVED_UNIFIED_CANDIDATE_TREE.csv [BATCH_03]","0","Exact source row; Wave 15 Batch 03 proposal; Wave 32 finalization candidate; OM-R06=B; OM-R07=B; OM-R10=A."
"CANONICAL-001171","Kitap","Kişisel Gelişim & Yaşam","Kariyer & İş Yaşamı","","L3","YES","CANONICAL-001169","CONFIRMED — PRODUCT OWNER FINAL — CANONICAL V1","NORMAL","NO","NO","NO","docs/TAXONOMY_W33_RESOLVED_UNIFIED_CANDIDATE_TREE.csv [BATCH_03]","0","Exact source row; Wave 15 Batch 03 proposal; Wave 32 finalization candidate; OM-R06=B; OM-R07=B; OM-R10=A."
"CANONICAL-001172","Kitap","Kişisel Gelişim & Yaşam","Kişisel Gelişim","","L3","YES","CANONICAL-001169","CONFIRMED — PRODUCT OWNER FINAL — CANONICAL V1","NORMAL","NO","NO","NO","docs/TAXONOMY_W33_RESOLVED_UNIFIED_CANDIDATE_TREE.csv [BATCH_03]","1","Exact source row; Wave 15 Batch 03 proposal; Wave 32 finalization candidate; OM-R06=B; OM-R07=B; OM-R10=A."
"CANONICAL-001173","Kitap","Kişisel Gelişim & Yaşam","Psikoloji & İyi Yaşam","","L3","YES","CANONICAL-001169","CONFIRMED — PRODUCT OWNER FINAL — CANONICAL V1","REGULATED","YES","NO","NO","docs/TAXONOMY_W33_RESOLVED_UNIFIED_CANDIDATE_TREE.csv [BATCH_03]","0","Exact source row; Wave 15 Batch 03 proposal; Wave 32 finalization candidate; OM-R06=B; OM-R07=B; OM-R10=A. Canonical existence does not authorize runtime assignment or pilot activation; professional/policy gate remains open."
"CANONICAL-001174","Kitap","Sanat, Kültür & Hobi Kitapları","","","L2","NO","CANONICAL-001130","CONFIRMED — PRODUCT OWNER FINAL — CANONICAL V1","NORMAL","NO","NO","YES","docs/TAXONOMY_W33_RESOLVED_UNIFIED_CANDIDATE_TREE.csv [BATCH_03]","1","Exact source row; Wave 15 Batch 03 proposal; Wave 32 finalization candidate; OM-R06=B; OM-R07=B; OM-R10=A."
"CANONICAL-001175","Kitap","Sanat, Kültür & Hobi Kitapları","El Sanatları & Hobi","","L3","YES","CANONICAL-001174","CONFIRMED — PRODUCT OWNER FINAL — CANONICAL V1","NORMAL","NO","YES","YES","docs/TAXONOMY_W33_RESOLVED_UNIFIED_CANDIDATE_TREE.csv [BATCH_03]","0","Exact source row; Wave 15 Batch 03 proposal; Wave 32 finalization candidate; OM-R06=B; OM-R07=B; OM-R10=A."
"CANONICAL-001176","Kitap","Sanat, Kültür & Hobi Kitapları","Fotoğraf","","L3","YES","CANONICAL-001174","CONFIRMED — PRODUCT OWNER FINAL — CANONICAL V1","NORMAL","NO","YES","YES","docs/TAXONOMY_W33_RESOLVED_UNIFIED_CANDIDATE_TREE.csv [BATCH_03]","0","Exact source row; Wave 15 Batch 03 proposal; Wave 32 finalization candidate; OM-R06=B; OM-R07=B; OM-R10=A."
"CANONICAL-001177","Kitap","Sanat, Kültür & Hobi Kitapları","Gezi","","L3","YES","CANONICAL-001174","CONFIRMED — PRODUCT OWNER FINAL — CANONICAL V1","NORMAL","NO","YES","YES","docs/TAXONOMY_W33_RESOLVED_UNIFIED_CANDIDATE_TREE.csv [BATCH_03]","1","Exact source row; Wave 15 Batch 03 proposal; Wave 32 finalization candidate; OM-R06=B; OM-R07=B; OM-R10=A."
"CANONICAL-001178","Kitap","Sanat, Kültür & Hobi Kitapları","Görsel Sanatlar","","L3","YES","CANONICAL-001174","CONFIRMED — PRODUCT OWNER FINAL — CANONICAL V1","NORMAL","NO","YES","YES","docs/TAXONOMY_W33_RESOLVED_UNIFIED_CANDIDATE_TREE.csv [BATCH_03]","0","Exact source row; Wave 15 Batch 03 proposal; Wave 32 finalization candidate; OM-R06=B; OM-R07=B; OM-R10=A."
"CANONICAL-001179","Kitap","Sanat, Kültür & Hobi Kitapları","Müzik","","L3","YES","CANONICAL-001174","CONFIRMED — PRODUCT OWNER FINAL — CANONICAL V1","NORMAL","NO","YES","YES","docs/TAXONOMY_W33_RESOLVED_UNIFIED_CANDIDATE_TREE.csv [BATCH_03]","0","Exact source row; Wave 15 Batch 03 proposal; Wave 32 finalization candidate; OM-R06=B; OM-R07=B; OM-R10=A."
"CANONICAL-001180","Kitap","Sanat, Kültür & Hobi Kitapları","Sinema & Tiyatro","","L3","YES","CANONICAL-001174","CONFIRMED — PRODUCT OWNER FINAL — CANONICAL V1","NORMAL","NO","YES","YES","docs/TAXONOMY_W33_RESOLVED_UNIFIED_CANDIDATE_TREE.csv [BATCH_03]","0","Exact source row; Wave 15 Batch 03 proposal; Wave 32 finalization candidate; OM-R06=B; OM-R07=B; OM-R10=A."
"CANONICAL-001181","Kitap","Sanat, Kültür & Hobi Kitapları","Yemek & Mutfak","","L3","YES","CANONICAL-001174","CONFIRMED — PRODUCT OWNER FINAL — CANONICAL V1","NORMAL","NO","YES","YES","docs/TAXONOMY_W33_RESOLVED_UNIFIED_CANDIDATE_TREE.csv [BATCH_03]","0","Exact source row; Wave 15 Batch 03 proposal; Wave 32 finalization candidate; OM-R06=B; OM-R07=B; OM-R10=A."
"CANONICAL-001182","Kitap","Çizgi Roman & Manga","","","L2","NO","CANONICAL-001130","CONFIRMED — PRODUCT OWNER FINAL — CANONICAL V1","NORMAL","NO","NO","YES","docs/TAXONOMY_W33_RESOLVED_UNIFIED_CANDIDATE_TREE.csv [BATCH_03]","1","Exact source row; Wave 15 Batch 03 proposal; Wave 32 finalization candidate; OM-R06=B; OM-R07=B; OM-R10=A."
"CANONICAL-001183","Kitap","Çizgi Roman & Manga","Çizgi Roman","","L3","YES","CANONICAL-001182","CONFIRMED — PRODUCT OWNER FINAL — CANONICAL V1","NORMAL","NO","YES","YES","docs/TAXONOMY_W33_RESOLVED_UNIFIED_CANDIDATE_TREE.csv [BATCH_03]","1","Exact source row; Wave 15 Batch 03 proposal; Wave 32 finalization candidate; OM-R06=B; OM-R07=B; OM-R10=A."
"CANONICAL-001184","Kitap","Çizgi Roman & Manga","Grafik Roman","","L3","YES","CANONICAL-001182","CONFIRMED — PRODUCT OWNER FINAL — CANONICAL V1","NORMAL","NO","YES","YES","docs/TAXONOMY_W33_RESOLVED_UNIFIED_CANDIDATE_TREE.csv [BATCH_03]","0","Exact source row; Wave 15 Batch 03 proposal; Wave 32 finalization candidate; OM-R06=B; OM-R07=B; OM-R10=A."
"CANONICAL-001185","Kitap","Çizgi Roman & Manga","Manga","","L3","YES","CANONICAL-001182","CONFIRMED — PRODUCT OWNER FINAL — CANONICAL V1","NORMAL","NO","YES","YES","docs/TAXONOMY_W33_RESOLVED_UNIFIED_CANDIDATE_TREE.csv [BATCH_03]","1","Exact source row; Wave 15 Batch 03 proposal; Wave 32 finalization candidate; OM-R06=B; OM-R07=B; OM-R10=A."
"CANONICAL-001186","Kitap","Dil Öğrenimi & Sözlükler","","","L2","NO","CANONICAL-001130","CONFIRMED — PRODUCT OWNER FINAL — CANONICAL V1","NORMAL","NO","NO","YES","docs/TAXONOMY_W33_RESOLVED_UNIFIED_CANDIDATE_TREE.csv [BATCH_03]","1","Exact source row; Wave 15 Batch 03 proposal; Wave 32 finalization candidate; OM-R06=B; OM-R07=B; OM-R10=A."
"CANONICAL-001187","Kitap","Dil Öğrenimi & Sözlükler","Dil Bilgisi & Yazım Kaynakları","","L3","YES","CANONICAL-001186","CONFIRMED — PRODUCT OWNER FINAL — CANONICAL V1","NORMAL","NO","YES","YES","docs/TAXONOMY_W33_RESOLVED_UNIFIED_CANDIDATE_TREE.csv [BATCH_03]","0","Exact source row; Wave 15 Batch 03 proposal; Wave 32 finalization candidate; OM-R06=B; OM-R07=B; OM-R10=A."
"CANONICAL-001188","Kitap","Dil Öğrenimi & Sözlükler","Dil Öğrenim Kitapları","","L3","YES","CANONICAL-001186","CONFIRMED — PRODUCT OWNER FINAL — CANONICAL V1","NORMAL","NO","YES","YES","docs/TAXONOMY_W33_RESOLVED_UNIFIED_CANDIDATE_TREE.csv [BATCH_03]","0","Exact source row; Wave 15 Batch 03 proposal; Wave 32 finalization candidate; OM-R06=B; OM-R07=B; OM-R10=A."
"CANONICAL-001189","Kitap","Dil Öğrenimi & Sözlükler","Konuşma Kılavuzları","","L3","YES","CANONICAL-001186","CONFIRMED — PRODUCT OWNER FINAL — CANONICAL V1","NORMAL","NO","YES","YES","docs/TAXONOMY_W33_RESOLVED_UNIFIED_CANDIDATE_TREE.csv [BATCH_03]","0","Exact source row; Wave 15 Batch 03 proposal; Wave 32 finalization candidate; OM-R06=B; OM-R07=B; OM-R10=A."
"CANONICAL-001190","Kitap","Dil Öğrenimi & Sözlükler","Sözlükler","","L3","YES","CANONICAL-001186","CONFIRMED — PRODUCT OWNER FINAL — CANONICAL V1","NORMAL","NO","YES","YES","docs/TAXONOMY_W33_RESOLVED_UNIFIED_CANDIDATE_TREE.csv [BATCH_03]","0","Exact source row; Wave 15 Batch 03 proposal; Wave 32 finalization candidate; OM-R06=B; OM-R07=B; OM-R10=A."
"CANONICAL-001191","Kırtasiye & Ofis","","","","L1","NO","","CONFIRMED — PRODUCT OWNER FINAL — CANONICAL V1","NORMAL","NO","NO","YES","docs/ESNAFTAVAR_CANONICAL_CATEGORY_TAXONOMY.md","1","Canonical L1 root; never product-assignable; pilot activation requires at least one eligible descendant and a separate runtime decision."
"CANONICAL-001192","Kırtasiye & Ofis","Kalem & Yazım Gereçleri","","","L2","NO","CANONICAL-001191","CONFIRMED — PRODUCT OWNER FINAL — CANONICAL V1","REGULATED","YES","NO","NO","docs/TAXONOMY_W33_RESOLVED_UNIFIED_CANDIDATE_TREE.csv [BATCH_03]","1","Exact source row; Wave 15 Batch 03 proposal; Wave 32 finalization candidate; OM-R06=B; OM-R07=B; OM-R10=A. Canonical existence does not authorize runtime assignment or pilot activation; professional/policy gate remains open."
"CANONICAL-001193","Kırtasiye & Ofis","Kalem & Yazım Gereçleri","Dolma Kalemler","","L3","YES","CANONICAL-001192","CONFIRMED — PRODUCT OWNER FINAL — CANONICAL V1","NORMAL","NO","NO","NO","docs/TAXONOMY_W33_RESOLVED_UNIFIED_CANDIDATE_TREE.csv [BATCH_03]","1","Exact source row; Wave 15 Batch 03 proposal; Wave 32 finalization candidate; OM-R06=B; OM-R07=B; OM-R10=A."
"CANONICAL-001194","Kırtasiye & Ofis","Kalem & Yazım Gereçleri","Kalem Ucu & Mürekkep","","L3","YES","CANONICAL-001192","CONFIRMED — PRODUCT OWNER FINAL — CANONICAL V1","REGULATED","YES","NO","NO","docs/TAXONOMY_W33_RESOLVED_UNIFIED_CANDIDATE_TREE.csv [BATCH_03]","2","Exact source row; Wave 15 Batch 03 proposal; Wave 32 finalization candidate; OM-R06=B; OM-R07=B; OM-R10=A. Canonical existence does not authorize runtime assignment or pilot activation; professional/policy gate remains open."
"CANONICAL-001195","Kırtasiye & Ofis","Kalem & Yazım Gereçleri","Kurşun & Versatil Kalemler","","L3","YES","CANONICAL-001192","CONFIRMED — PRODUCT OWNER FINAL — CANONICAL V1","NORMAL","NO","NO","NO","docs/TAXONOMY_W33_RESOLVED_UNIFIED_CANDIDATE_TREE.csv [BATCH_03]","1","Exact source row; Wave 15 Batch 03 proposal; Wave 32 finalization candidate; OM-R06=B; OM-R07=B; OM-R10=A."
"CANONICAL-001196","Kırtasiye & Ofis","Kalem & Yazım Gereçleri","Marker & Fosforlu Kalemler","","L3","YES","CANONICAL-001192","CONFIRMED — PRODUCT OWNER FINAL — CANONICAL V1","REGULATED","YES","NO","NO","docs/TAXONOMY_W33_RESOLVED_UNIFIED_CANDIDATE_TREE.csv [BATCH_03]","1","Exact source row; Wave 15 Batch 03 proposal; Wave 32 finalization candidate; OM-R06=B; OM-R07=B; OM-R10=A. Canonical existence does not authorize runtime assignment or pilot activation; professional/policy gate remains open."
"CANONICAL-001197","Kırtasiye & Ofis","Kalem & Yazım Gereçleri","Silgi & Düzeltme Gereçleri","","L3","YES","CANONICAL-001192","CONFIRMED — PRODUCT OWNER FINAL — CANONICAL V1","REGULATED","YES","NO","NO","docs/TAXONOMY_W33_RESOLVED_UNIFIED_CANDIDATE_TREE.csv [BATCH_03]","1","Exact source row; Wave 15 Batch 03 proposal; Wave 32 finalization candidate; OM-R06=B; OM-R07=B; OM-R10=A. Canonical existence does not authorize runtime assignment or pilot activation; professional/policy gate remains open."
"CANONICAL-001198","Kırtasiye & Ofis","Kalem & Yazım Gereçleri","Tükenmez & Roller Kalemler","","L3","YES","CANONICAL-001192","CONFIRMED — PRODUCT OWNER FINAL — CANONICAL V1","NORMAL","NO","NO","NO","docs/TAXONOMY_W33_RESOLVED_UNIFIED_CANDIDATE_TREE.csv [BATCH_03]","1","Exact source row; Wave 15 Batch 03 proposal; Wave 32 finalization candidate; OM-R06=B; OM-R07=B; OM-R10=A."
"CANONICAL-001199","Kırtasiye & Ofis","Defter, Ajanda & Planlayıcılar","","","L2","NO","CANONICAL-001191","CONFIRMED — PRODUCT OWNER FINAL — CANONICAL V1","NORMAL","NO","NO","YES","docs/TAXONOMY_W33_RESOLVED_UNIFIED_CANDIDATE_TREE.csv [BATCH_03]","1","Exact source row; Wave 15 Batch 03 proposal; Wave 32 finalization candidate; OM-R06=B; OM-R07=B; OM-R10=A."
"CANONICAL-001200","Kırtasiye & Ofis","Defter, Ajanda & Planlayıcılar","Ajandalar","","L3","YES","CANONICAL-001199","CONFIRMED — PRODUCT OWNER FINAL — CANONICAL V1","NORMAL","NO","YES","YES","docs/TAXONOMY_W33_RESOLVED_UNIFIED_CANDIDATE_TREE.csv [BATCH_03]","1","Exact source row; Wave 15 Batch 03 proposal; Wave 32 finalization candidate; OM-R06=B; OM-R07=B; OM-R10=A."
"CANONICAL-001201","Kırtasiye & Ofis","Defter, Ajanda & Planlayıcılar","Bloknotlar","","L3","YES","CANONICAL-001199","CONFIRMED — PRODUCT OWNER FINAL — CANONICAL V1","NORMAL","NO","YES","YES","docs/TAXONOMY_W33_RESOLVED_UNIFIED_CANDIDATE_TREE.csv [BATCH_03]","0","Exact source row; Wave 15 Batch 03 proposal; Wave 32 finalization candidate; OM-R06=B; OM-R07=B; OM-R10=A."
"CANONICAL-001202","Kırtasiye & Ofis","Defter, Ajanda & Planlayıcılar","Defterler","","L3","YES","CANONICAL-001199","CONFIRMED — PRODUCT OWNER FINAL — CANONICAL V1","NORMAL","NO","YES","YES","docs/TAXONOMY_W33_RESOLVED_UNIFIED_CANDIDATE_TREE.csv [BATCH_03]","1","Exact source row; Wave 15 Batch 03 proposal; Wave 32 finalization candidate; OM-R06=B; OM-R07=B; OM-R10=A."
"CANONICAL-001203","Kırtasiye & Ofis","Defter, Ajanda & Planlayıcılar","Günlükler","","L3","YES","CANONICAL-001199","CONFIRMED — PRODUCT OWNER FINAL — CANONICAL V1","NORMAL","NO","YES","YES","docs/TAXONOMY_W33_RESOLVED_UNIFIED_CANDIDATE_TREE.csv [BATCH_03]","0","Exact source row; Wave 15 Batch 03 proposal; Wave 32 finalization candidate; OM-R06=B; OM-R07=B; OM-R10=A."
"CANONICAL-001204","Kırtasiye & Ofis","Defter, Ajanda & Planlayıcılar","Planlayıcılar","","L3","YES","CANONICAL-001199","CONFIRMED — PRODUCT OWNER FINAL — CANONICAL V1","NORMAL","NO","YES","YES","docs/TAXONOMY_W33_RESOLVED_UNIFIED_CANDIDATE_TREE.csv [BATCH_03]","1","Exact source row; Wave 15 Batch 03 proposal; Wave 32 finalization candidate; OM-R06=B; OM-R07=B; OM-R10=A."
"CANONICAL-001205","Kırtasiye & Ofis","Kağıt, Etiket & Baskı Sarfı","","","L2","NO","CANONICAL-001191","CONFIRMED — PRODUCT OWNER FINAL — CANONICAL V1","NORMAL","NO","NO","YES","docs/TAXONOMY_W33_RESOLVED_UNIFIED_CANDIDATE_TREE.csv [BATCH_03]","1","Exact source row; Wave 15 Batch 03 proposal; Wave 32 finalization candidate; OM-R06=B; OM-R07=B; OM-R10=A."
"CANONICAL-001206","Kırtasiye & Ofis","Kağıt, Etiket & Baskı Sarfı","Çizim & Fotoğraf Kağıtları","","L3","YES","CANONICAL-001205","CONFIRMED — PRODUCT OWNER FINAL — CANONICAL V1","NORMAL","NO","YES","YES","docs/TAXONOMY_W33_RESOLVED_UNIFIED_CANDIDATE_TREE.csv [BATCH_03]","0","Exact source row; Wave 15 Batch 03 proposal; Wave 32 finalization candidate; OM-R06=B; OM-R07=B; OM-R10=A."
"CANONICAL-001207","Kırtasiye & Ofis","Kağıt, Etiket & Baskı Sarfı","Etiket & Sticker Kağıtları","","L3","YES","CANONICAL-001205","CONFIRMED — PRODUCT OWNER FINAL — CANONICAL V1","NORMAL","NO","YES","YES","docs/TAXONOMY_W33_RESOLVED_UNIFIED_CANDIDATE_TREE.csv [BATCH_03]","1","Exact source row; Wave 15 Batch 03 proposal; Wave 32 finalization candidate; OM-R06=B; OM-R07=B; OM-R10=A."
"CANONICAL-001208","Kırtasiye & Ofis","Kağıt, Etiket & Baskı Sarfı","Fotokopi & Yazıcı Kağıtları","","L3","YES","CANONICAL-001205","CONFIRMED — PRODUCT OWNER FINAL — CANONICAL V1","NORMAL","NO","YES","YES","docs/TAXONOMY_W33_RESOLVED_UNIFIED_CANDIDATE_TREE.csv [BATCH_03]","1","Exact source row; Wave 15 Batch 03 proposal; Wave 32 finalization candidate; OM-R06=B; OM-R07=B; OM-R10=A."
"CANONICAL-001209","Kırtasiye & Ofis","Kağıt, Etiket & Baskı Sarfı","Karton & Fon Kağıtları","","L3","YES","CANONICAL-001205","CONFIRMED — PRODUCT OWNER FINAL — CANONICAL V1","NORMAL","NO","YES","YES","docs/TAXONOMY_W33_RESOLVED_UNIFIED_CANDIDATE_TREE.csv [BATCH_03]","1","Exact source row; Wave 15 Batch 03 proposal; Wave 32 finalization candidate; OM-R06=B; OM-R07=B; OM-R10=A."
"CANONICAL-001210","Kırtasiye & Ofis","Kağıt, Etiket & Baskı Sarfı","Termal & Plotter Ruloları","","L3","YES","CANONICAL-001205","CONFIRMED — PRODUCT OWNER FINAL — CANONICAL V1","NORMAL","NO","YES","YES","docs/TAXONOMY_W33_RESOLVED_UNIFIED_CANDIDATE_TREE.csv [BATCH_03]","0","Exact source row; Wave 15 Batch 03 proposal; Wave 32 finalization candidate; OM-R06=B; OM-R07=B; OM-R10=A."
"CANONICAL-001211","Kırtasiye & Ofis","Kağıt, Etiket & Baskı Sarfı","Zarflar","","L3","YES","CANONICAL-001205","CONFIRMED — PRODUCT OWNER FINAL — CANONICAL V1","NORMAL","NO","YES","YES","docs/TAXONOMY_W33_RESOLVED_UNIFIED_CANDIDATE_TREE.csv [BATCH_03]","1","Exact source row; Wave 15 Batch 03 proposal; Wave 32 finalization candidate; OM-R06=B; OM-R07=B; OM-R10=A."
"CANONICAL-001212","Kırtasiye & Ofis","Dosyalama & Arşivleme","","","L2","NO","CANONICAL-001191","CONFIRMED — PRODUCT OWNER FINAL — CANONICAL V1","NORMAL","NO","NO","YES","docs/TAXONOMY_W33_RESOLVED_UNIFIED_CANDIDATE_TREE.csv [BATCH_03]","1","Exact source row; Wave 15 Batch 03 proposal; Wave 32 finalization candidate; OM-R06=B; OM-R07=B; OM-R10=A."
"CANONICAL-001213","Kırtasiye & Ofis","Dosyalama & Arşivleme","Arşiv Kutuları","","L3","YES","CANONICAL-001212","CONFIRMED — PRODUCT OWNER FINAL — CANONICAL V1","NORMAL","NO","YES","YES","docs/TAXONOMY_W33_RESOLVED_UNIFIED_CANDIDATE_TREE.csv [BATCH_03]","0","Exact source row; Wave 15 Batch 03 proposal; Wave 32 finalization candidate; OM-R06=B; OM-R07=B; OM-R10=A."
"CANONICAL-001214","Kırtasiye & Ofis","Dosyalama & Arşivleme","Dosyalar","","L3","YES","CANONICAL-001212","CONFIRMED — PRODUCT OWNER FINAL — CANONICAL V1","NORMAL","NO","YES","YES","docs/TAXONOMY_W33_RESOLVED_UNIFIED_CANDIDATE_TREE.csv [BATCH_03]","1","Exact source row; Wave 15 Batch 03 proposal; Wave 32 finalization candidate; OM-R06=B; OM-R07=B; OM-R10=A."
"CANONICAL-001215","Kırtasiye & Ofis","Dosyalama & Arşivleme","Evrak Rafları & Kutuları","","L3","YES","CANONICAL-001212","CONFIRMED — PRODUCT OWNER FINAL — CANONICAL V1","NORMAL","NO","YES","YES","docs/TAXONOMY_W33_RESOLVED_UNIFIED_CANDIDATE_TREE.csv [BATCH_03]","0","Exact source row; Wave 15 Batch 03 proposal; Wave 32 finalization candidate; OM-R06=B; OM-R07=B; OM-R10=A."
"CANONICAL-001216","Kırtasiye & Ofis","Dosyalama & Arşivleme","Klasörler","","L3","YES","CANONICAL-001212","CONFIRMED — PRODUCT OWNER FINAL — CANONICAL V1","NORMAL","NO","YES","YES","docs/TAXONOMY_W33_RESOLVED_UNIFIED_CANDIDATE_TREE.csv [BATCH_03]","1","Exact source row; Wave 15 Batch 03 proposal; Wave 32 finalization candidate; OM-R06=B; OM-R07=B; OM-R10=A."
"CANONICAL-001217","Kırtasiye & Ofis","Dosyalama & Arşivleme","Separatör & İndeksler","","L3","YES","CANONICAL-001212","CONFIRMED — PRODUCT OWNER FINAL — CANONICAL V1","NORMAL","NO","YES","YES","docs/TAXONOMY_W33_RESOLVED_UNIFIED_CANDIDATE_TREE.csv [BATCH_03]","0","Exact source row; Wave 15 Batch 03 proposal; Wave 32 finalization candidate; OM-R06=B; OM-R07=B; OM-R10=A."
"CANONICAL-001218","Kırtasiye & Ofis","Masaüstü Ofis Gereçleri","","","L2","NO","CANONICAL-001191","CONFIRMED — PRODUCT OWNER FINAL — CANONICAL V1","REGULATED","YES","NO","NO","docs/TAXONOMY_W33_RESOLVED_UNIFIED_CANDIDATE_TREE.csv [BATCH_03]","1","Exact source row; Wave 15 Batch 03 proposal; Wave 32 finalization candidate; OM-R06=B; OM-R07=B; OM-R10=A. Canonical existence does not authorize runtime assignment or pilot activation; professional/policy gate remains open."
"CANONICAL-001219","Kırtasiye & Ofis","Masaüstü Ofis Gereçleri","Ataş, Klips & Raptiyeler","","L3","YES","CANONICAL-001218","CONFIRMED — PRODUCT OWNER FINAL — CANONICAL V1","REGULATED","YES","NO","NO","docs/TAXONOMY_W33_RESOLVED_UNIFIED_CANDIDATE_TREE.csv [BATCH_03]","1","Exact source row; Wave 15 Batch 03 proposal; Wave 32 finalization candidate; OM-R06=B; OM-R07=B; OM-R10=A. Canonical existence does not authorize runtime assignment or pilot activation; professional/policy gate remains open."
"CANONICAL-001220","Kırtasiye & Ofis","Masaüstü Ofis Gereçleri","Cetvel & Ölçüm Gereçleri","","L3","YES","CANONICAL-001218","CONFIRMED — PRODUCT OWNER FINAL — CANONICAL V1","NORMAL","NO","NO","NO","docs/TAXONOMY_W33_RESOLVED_UNIFIED_CANDIDATE_TREE.csv [BATCH_03]","0","Exact source row; Wave 15 Batch 03 proposal; Wave 32 finalization candidate; OM-R06=B; OM-R07=B; OM-R10=A."
"CANONICAL-001221","Kırtasiye & Ofis","Masaüstü Ofis Gereçleri","Kaşe & Tarih Damgaları","","L3","YES","CANONICAL-001218","CONFIRMED — PRODUCT OWNER FINAL — CANONICAL V1","NORMAL","NO","NO","NO","docs/TAXONOMY_W33_RESOLVED_UNIFIED_CANDIDATE_TREE.csv [BATCH_03]","1","Exact source row; Wave 15 Batch 03 proposal; Wave 32 finalization candidate; OM-R06=B; OM-R07=B; OM-R10=A."
"CANONICAL-001222","Kırtasiye & Ofis","Masaüstü Ofis Gereçleri","Masaüstü Düzenleyiciler","","L3","YES","CANONICAL-001218","CONFIRMED — PRODUCT OWNER FINAL — CANONICAL V1","NORMAL","NO","NO","NO","docs/TAXONOMY_W33_RESOLVED_UNIFIED_CANDIDATE_TREE.csv [BATCH_03]","1","Exact source row; Wave 15 Batch 03 proposal; Wave 32 finalization candidate; OM-R06=B; OM-R07=B; OM-R10=A."
"CANONICAL-001223","Kırtasiye & Ofis","Masaüstü Ofis Gereçleri","Zımba & Delgeçler","","L3","YES","CANONICAL-001218","CONFIRMED — PRODUCT OWNER FINAL — CANONICAL V1","NORMAL","NO","NO","NO","docs/TAXONOMY_W33_RESOLVED_UNIFIED_CANDIDATE_TREE.csv [BATCH_03]","1","Exact source row; Wave 15 Batch 03 proposal; Wave 32 finalization candidate; OM-R06=B; OM-R07=B; OM-R10=A."
"CANONICAL-001224","Kırtasiye & Ofis","Yapıştırıcı, Bant & Kesim Gereçleri","","","L2","NO","CANONICAL-001191","CONFIRMED — PRODUCT OWNER FINAL — CANONICAL V1","LEGAL_REVIEW_REQUIRED","YES","NO","NO","docs/TAXONOMY_W33_RESOLVED_UNIFIED_CANDIDATE_TREE.csv [BATCH_03]","1","Exact source row; Wave 15 Batch 03 proposal; Wave 32 finalization candidate; OM-R06=B; OM-R07=B; OM-R10=A. Canonical existence does not authorize runtime assignment or pilot activation; professional/policy gate remains open."
"CANONICAL-001225","Kırtasiye & Ofis","Yapıştırıcı, Bant & Kesim Gereçleri","Bant Kesiciler","","L3","YES","CANONICAL-001224","CONFIRMED — PRODUCT OWNER FINAL — CANONICAL V1","REGULATED","YES","NO","NO","docs/TAXONOMY_W33_RESOLVED_UNIFIED_CANDIDATE_TREE.csv [BATCH_03]","0","Exact source row; Wave 15 Batch 03 proposal; Wave 32 finalization candidate; OM-R06=B; OM-R07=B; OM-R10=A. Canonical existence does not authorize runtime assignment or pilot activation; professional/policy gate remains open."
"CANONICAL-001226","Kırtasiye & Ofis","Yapıştırıcı, Bant & Kesim Gereçleri","Kesim Matları","","L3","YES","CANONICAL-001224","CONFIRMED — PRODUCT OWNER FINAL — CANONICAL V1","NORMAL","NO","NO","NO","docs/TAXONOMY_W33_RESOLVED_UNIFIED_CANDIDATE_TREE.csv [BATCH_03]","0","Exact source row; Wave 15 Batch 03 proposal; Wave 32 finalization candidate; OM-R06=B; OM-R07=B; OM-R10=A."
"CANONICAL-001227","Kırtasiye & Ofis","Yapıştırıcı, Bant & Kesim Gereçleri","Makaslar","","L3","YES","CANONICAL-001224","CONFIRMED — PRODUCT OWNER FINAL — CANONICAL V1","REGULATED","YES","NO","NO","docs/TAXONOMY_W33_RESOLVED_UNIFIED_CANDIDATE_TREE.csv [BATCH_03]","1","Exact source row; Wave 15 Batch 03 proposal; Wave 32 finalization candidate; OM-R06=B; OM-R07=B; OM-R10=A. Canonical existence does not authorize runtime assignment or pilot activation; professional/policy gate remains open."
"CANONICAL-001228","Kırtasiye & Ofis","Yapıştırıcı, Bant & Kesim Gereçleri","Maket Bıçakları","","L3","YES","CANONICAL-001224","CONFIRMED — PRODUCT OWNER FINAL — CANONICAL V1","LEGAL_REVIEW_REQUIRED","YES","NO","NO","docs/TAXONOMY_W33_RESOLVED_UNIFIED_CANDIDATE_TREE.csv [BATCH_03]","1","Exact source row; Wave 15 Batch 03 proposal; Wave 32 finalization candidate; OM-R06=B; OM-R07=B; OM-R10=A. Canonical existence does not authorize runtime assignment or pilot activation; professional/policy gate remains open."
"CANONICAL-001229","Kırtasiye & Ofis","Yapıştırıcı, Bant & Kesim Gereçleri","Ofis & Kırtasiye Bantları","","L3","YES","CANONICAL-001224","CONFIRMED — PRODUCT OWNER FINAL — CANONICAL V1","NORMAL","NO","NO","NO","docs/TAXONOMY_W33_RESOLVED_UNIFIED_CANDIDATE_TREE.csv [BATCH_03]","1","Exact source row; Wave 15 Batch 03 proposal; Wave 32 finalization candidate; OM-R06=B; OM-R07=B; OM-R10=A."
"CANONICAL-001230","Kırtasiye & Ofis","Yapıştırıcı, Bant & Kesim Gereçleri","Yapıştırıcılar","","L3","YES","CANONICAL-001224","CONFIRMED — PRODUCT OWNER FINAL — CANONICAL V1","LEGAL_REVIEW_REQUIRED","YES","NO","NO","docs/TAXONOMY_W33_RESOLVED_UNIFIED_CANDIDATE_TREE.csv [BATCH_03]","1","Exact source row; Wave 15 Batch 03 proposal; Wave 32 finalization candidate; OM-R06=B; OM-R07=B; OM-R10=A. Canonical existence does not authorize runtime assignment or pilot activation; professional/policy gate remains open."
"CANONICAL-001231","Kırtasiye & Ofis","Okul Kırtasiyesi & Eğitim Gereçleri","","","L2","NO","CANONICAL-001191","CONFIRMED — PRODUCT OWNER FINAL — CANONICAL V1","REGULATED","YES","NO","NO","docs/TAXONOMY_W33_RESOLVED_UNIFIED_CANDIDATE_TREE.csv [BATCH_03]","1","Exact source row; Wave 15 Batch 03 proposal; Wave 32 finalization candidate; OM-R06=B; OM-R07=B; OM-R10=A. Canonical existence does not authorize runtime assignment or pilot activation; professional/policy gate remains open."
"CANONICAL-001232","Kırtasiye & Ofis","Okul Kırtasiyesi & Eğitim Gereçleri","Eğitim Kartları & Öğrenme Gereçleri","","L3","YES","CANONICAL-001231","CONFIRMED — PRODUCT OWNER FINAL — CANONICAL V1","REGULATED","YES","NO","NO","docs/TAXONOMY_W33_RESOLVED_UNIFIED_CANDIDATE_TREE.csv [BATCH_03]","0","Exact source row; Wave 15 Batch 03 proposal; Wave 32 finalization candidate; OM-R06=B; OM-R07=B; OM-R10=A. Canonical existence does not authorize runtime assignment or pilot activation; professional/policy gate remains open."
"CANONICAL-001233","Kırtasiye & Ofis","Okul Kırtasiyesi & Eğitim Gereçleri","Geometri Setleri","","L3","YES","CANONICAL-001231","CONFIRMED — PRODUCT OWNER FINAL — CANONICAL V1","REGULATED","YES","NO","NO","docs/TAXONOMY_W33_RESOLVED_UNIFIED_CANDIDATE_TREE.csv [BATCH_03]","1","Exact source row; Wave 15 Batch 03 proposal; Wave 32 finalization candidate; OM-R06=B; OM-R07=B; OM-R10=A. Canonical existence does not authorize runtime assignment or pilot activation; professional/policy gate remains open."
"CANONICAL-001234","Kırtasiye & Ofis","Okul Kırtasiyesi & Eğitim Gereçleri","Kalem Kutuları","","L3","YES","CANONICAL-001231","CONFIRMED — PRODUCT OWNER FINAL — CANONICAL V1","NORMAL","NO","NO","NO","docs/TAXONOMY_W33_RESOLVED_UNIFIED_CANDIDATE_TREE.csv [BATCH_03]","1","Exact source row; Wave 15 Batch 03 proposal; Wave 32 finalization candidate; OM-R06=B; OM-R07=B; OM-R10=A."
"CANONICAL-001235","Kırtasiye & Ofis","Okul Kırtasiyesi & Eğitim Gereçleri","Küre & Eğitim Haritaları","","L3","YES","CANONICAL-001231","CONFIRMED — PRODUCT OWNER FINAL — CANONICAL V1","NORMAL","NO","NO","NO","docs/TAXONOMY_W33_RESOLVED_UNIFIED_CANDIDATE_TREE.csv [BATCH_03]","0","Exact source row; Wave 15 Batch 03 proposal; Wave 32 finalization candidate; OM-R06=B; OM-R07=B; OM-R10=A."
"CANONICAL-001236","Kırtasiye & Ofis","Okul Kırtasiyesi & Eğitim Gereçleri","Sayı Sayma & Matematik Gereçleri","","L3","YES","CANONICAL-001231","CONFIRMED — PRODUCT OWNER FINAL — CANONICAL V1","REGULATED","YES","NO","NO","docs/TAXONOMY_W33_RESOLVED_UNIFIED_CANDIDATE_TREE.csv [BATCH_03]","0","Exact source row; Wave 15 Batch 03 proposal; Wave 32 finalization candidate; OM-R06=B; OM-R07=B; OM-R10=A. Canonical existence does not authorize runtime assignment or pilot activation; professional/policy gate remains open."
"CANONICAL-001237","Kırtasiye & Ofis","Sanat & Çizim Malzemeleri","","","L2","NO","CANONICAL-001191","CONFIRMED — PRODUCT OWNER FINAL — CANONICAL V1","LEGAL_REVIEW_REQUIRED","YES","NO","NO","docs/TAXONOMY_W33_RESOLVED_UNIFIED_CANDIDATE_TREE.csv [BATCH_03]","1","Exact source row; Wave 15 Batch 03 proposal; Wave 32 finalization candidate; OM-R06=B; OM-R07=B; OM-R10=A. Canonical existence does not authorize runtime assignment or pilot activation; professional/policy gate remains open."
"CANONICAL-001238","Kırtasiye & Ofis","Sanat & Çizim Malzemeleri","Boyalar","","L3","NO","CANONICAL-001237","CONFIRMED — PRODUCT OWNER FINAL — CANONICAL V1","LEGAL_REVIEW_REQUIRED","YES","NO","NO","docs/TAXONOMY_W33_RESOLVED_UNIFIED_CANDIDATE_TREE.csv [BATCH_03]","0","Exact source row; Wave 15 Batch 03 proposal; Wave 32 finalization candidate; OM-R06=B; OM-R07=B; OM-R10=A. Canonical existence does not authorize runtime assignment or pilot activation; professional/policy gate remains open."
"CANONICAL-001239","Kırtasiye & Ofis","Sanat & Çizim Malzemeleri","Boyalar","Akrilik & Yağlı Boyalar","L4","YES","CANONICAL-001238","CONFIRMED — PRODUCT OWNER FINAL — CANONICAL V1","LEGAL_REVIEW_REQUIRED","YES","NO","NO","docs/TAXONOMY_W33_RESOLVED_UNIFIED_CANDIDATE_TREE.csv [BATCH_03]","1","Exact source row; Wave 15 Batch 03 proposal; Wave 32 finalization candidate; OM-R06=B; OM-R07=B; OM-R10=A. Canonical existence does not authorize runtime assignment or pilot activation; professional/policy gate remains open."
"CANONICAL-001240","Kırtasiye & Ofis","Sanat & Çizim Malzemeleri","Boyalar","Sulu & Guaj Boyalar","L4","YES","CANONICAL-001238","CONFIRMED — PRODUCT OWNER FINAL — CANONICAL V1","REGULATED","YES","NO","NO","docs/TAXONOMY_W33_RESOLVED_UNIFIED_CANDIDATE_TREE.csv [BATCH_03]","1","Exact source row; Wave 15 Batch 03 proposal; Wave 32 finalization candidate; OM-R06=B; OM-R07=B; OM-R10=A. Canonical existence does not authorize runtime assignment or pilot activation; professional/policy gate remains open."
"CANONICAL-001241","Kırtasiye & Ofis","Sanat & Çizim Malzemeleri","Fırçalar","","L3","YES","CANONICAL-001237","CONFIRMED — PRODUCT OWNER FINAL — CANONICAL V1","NORMAL","NO","NO","NO","docs/TAXONOMY_W33_RESOLVED_UNIFIED_CANDIDATE_TREE.csv [BATCH_03]","1","Exact source row; Wave 15 Batch 03 proposal; Wave 32 finalization candidate; OM-R06=B; OM-R07=B; OM-R10=A."
"CANONICAL-001242","Kırtasiye & Ofis","Sanat & Çizim Malzemeleri","Medium & Sanat Yardımcıları","","L3","YES","CANONICAL-001237","CONFIRMED — PRODUCT OWNER FINAL — CANONICAL V1","LEGAL_REVIEW_REQUIRED","YES","NO","NO","docs/TAXONOMY_W33_RESOLVED_UNIFIED_CANDIDATE_TREE.csv [BATCH_03]","0","Exact source row; Wave 15 Batch 03 proposal; Wave 32 finalization candidate; OM-R06=B; OM-R07=B; OM-R10=A. Canonical existence does not authorize runtime assignment or pilot activation; professional/policy gate remains open."
"CANONICAL-001243","Kırtasiye & Ofis","Sanat & Çizim Malzemeleri","Modelleme & Seramik Hamurları","","L3","YES","CANONICAL-001237","CONFIRMED — PRODUCT OWNER FINAL — CANONICAL V1","REGULATED","YES","NO","NO","docs/TAXONOMY_W33_RESOLVED_UNIFIED_CANDIDATE_TREE.csv [BATCH_03]","0","Exact source row; Wave 15 Batch 03 proposal; Wave 32 finalization candidate; OM-R06=B; OM-R07=B; OM-R10=A. Canonical existence does not authorize runtime assignment or pilot activation; professional/policy gate remains open."
"CANONICAL-001244","Kırtasiye & Ofis","Sanat & Çizim Malzemeleri","Pastel & Karakalem Malzemeleri","","L3","YES","CANONICAL-001237","CONFIRMED — PRODUCT OWNER FINAL — CANONICAL V1","REGULATED","YES","NO","NO","docs/TAXONOMY_W33_RESOLVED_UNIFIED_CANDIDATE_TREE.csv [BATCH_03]","0","Exact source row; Wave 15 Batch 03 proposal; Wave 32 finalization candidate; OM-R06=B; OM-R07=B; OM-R10=A. Canonical existence does not authorize runtime assignment or pilot activation; professional/policy gate remains open."
"CANONICAL-001245","Kırtasiye & Ofis","Sanat & Çizim Malzemeleri","Tuval & Çizim Yüzeyleri","","L3","YES","CANONICAL-001237","CONFIRMED — PRODUCT OWNER FINAL — CANONICAL V1","NORMAL","NO","NO","NO","docs/TAXONOMY_W33_RESOLVED_UNIFIED_CANDIDATE_TREE.csv [BATCH_03]","1","Exact source row; Wave 15 Batch 03 proposal; Wave 32 finalization candidate; OM-R06=B; OM-R07=B; OM-R10=A."
"CANONICAL-001246","Kırtasiye & Ofis","Sunum, Pano & Yazı Tahtası Ürünleri","","","L2","NO","CANONICAL-001191","CONFIRMED — PRODUCT OWNER FINAL — CANONICAL V1","NORMAL","NO","NO","YES","docs/TAXONOMY_W33_RESOLVED_UNIFIED_CANDIDATE_TREE.csv [BATCH_03]","1","Exact source row; Wave 15 Batch 03 proposal; Wave 32 finalization candidate; OM-R06=B; OM-R07=B; OM-R10=A."
"CANONICAL-001247","Kırtasiye & Ofis","Sunum, Pano & Yazı Tahtası Ürünleri","Flipchart & Sunum Şövaleleri","","L3","YES","CANONICAL-001246","CONFIRMED — PRODUCT OWNER FINAL — CANONICAL V1","NORMAL","NO","YES","YES","docs/TAXONOMY_W33_RESOLVED_UNIFIED_CANDIDATE_TREE.csv [BATCH_03]","0","Exact source row; Wave 15 Batch 03 proposal; Wave 32 finalization candidate; OM-R06=B; OM-R07=B; OM-R10=A."
"CANONICAL-001248","Kırtasiye & Ofis","Sunum, Pano & Yazı Tahtası Ürünleri","Mantar & İlan Panoları","","L3","YES","CANONICAL-001246","CONFIRMED — PRODUCT OWNER FINAL — CANONICAL V1","NORMAL","NO","YES","YES","docs/TAXONOMY_W33_RESOLVED_UNIFIED_CANDIDATE_TREE.csv [BATCH_03]","1","Exact source row; Wave 15 Batch 03 proposal; Wave 32 finalization candidate; OM-R06=B; OM-R07=B; OM-R10=A."
"CANONICAL-001249","Kırtasiye & Ofis","Sunum, Pano & Yazı Tahtası Ürünleri","Tahta Silgisi & Aksesuarları","","L3","YES","CANONICAL-001246","CONFIRMED — PRODUCT OWNER FINAL — CANONICAL V1","NORMAL","NO","YES","YES","docs/TAXONOMY_W33_RESOLVED_UNIFIED_CANDIDATE_TREE.csv [BATCH_03]","0","Exact source row; Wave 15 Batch 03 proposal; Wave 32 finalization candidate; OM-R06=B; OM-R07=B; OM-R10=A."
"CANONICAL-001250","Kırtasiye & Ofis","Sunum, Pano & Yazı Tahtası Ürünleri","Yazı Tahtaları","","L3","YES","CANONICAL-001246","CONFIRMED — PRODUCT OWNER FINAL — CANONICAL V1","NORMAL","NO","YES","YES","docs/TAXONOMY_W33_RESOLVED_UNIFIED_CANDIDATE_TREE.csv [BATCH_03]","1","Exact source row; Wave 15 Batch 03 proposal; Wave 32 finalization candidate; OM-R06=B; OM-R07=B; OM-R10=A."
"CANONICAL-001251","Kırtasiye & Ofis","Ofis Makineleri & Ciltleme Ekipmanları","","","L2","NO","CANONICAL-001191","CONFIRMED — PRODUCT OWNER FINAL — CANONICAL V1","LEGAL_REVIEW_REQUIRED","YES","NO","NO","docs/TAXONOMY_W33_RESOLVED_UNIFIED_CANDIDATE_TREE.csv [BATCH_03]","1","Exact source row; Wave 15 Batch 03 proposal; Wave 32 finalization candidate; OM-R06=B; OM-R07=B; OM-R10=A. Canonical existence does not authorize runtime assignment or pilot activation; professional/policy gate remains open."
"CANONICAL-001252","Kırtasiye & Ofis","Ofis Makineleri & Ciltleme Ekipmanları","Ciltleme Makineleri & Sarfı","","L3","YES","CANONICAL-001251","CONFIRMED — PRODUCT OWNER FINAL — CANONICAL V1","REGULATED","YES","NO","NO","docs/TAXONOMY_W33_RESOLVED_UNIFIED_CANDIDATE_TREE.csv [BATCH_03]","0","Exact source row; Wave 15 Batch 03 proposal; Wave 32 finalization candidate; OM-R06=B; OM-R07=B; OM-R10=A. Canonical existence does not authorize runtime assignment or pilot activation; professional/policy gate remains open."
"CANONICAL-001253","Kırtasiye & Ofis","Ofis Makineleri & Ciltleme Ekipmanları","Etiketleme Makineleri","","L3","YES","CANONICAL-001251","CONFIRMED — PRODUCT OWNER FINAL — CANONICAL V1","REGULATED","YES","NO","NO","docs/TAXONOMY_W33_RESOLVED_UNIFIED_CANDIDATE_TREE.csv [BATCH_03]","0","Exact source row; Wave 15 Batch 03 proposal; Wave 32 finalization candidate; OM-R06=B; OM-R07=B; OM-R10=A. Canonical existence does not authorize runtime assignment or pilot activation; professional/policy gate remains open."
"CANONICAL-001254","Kırtasiye & Ofis","Ofis Makineleri & Ciltleme Ekipmanları","Evrak İmha Makineleri","","L3","YES","CANONICAL-001251","CONFIRMED — PRODUCT OWNER FINAL — CANONICAL V1","REGULATED","YES","NO","NO","docs/TAXONOMY_W33_RESOLVED_UNIFIED_CANDIDATE_TREE.csv [BATCH_03]","0","Exact source row; Wave 15 Batch 03 proposal; Wave 32 finalization candidate; OM-R06=B; OM-R07=B; OM-R10=A. Canonical existence does not authorize runtime assignment or pilot activation; professional/policy gate remains open."
"CANONICAL-001255","Kırtasiye & Ofis","Ofis Makineleri & Ciltleme Ekipmanları","Hesap Makineleri","","L3","YES","CANONICAL-001251","CONFIRMED — PRODUCT OWNER FINAL — CANONICAL V1","REGULATED","YES","NO","NO","docs/TAXONOMY_W33_RESOLVED_UNIFIED_CANDIDATE_TREE.csv [BATCH_03]","1","Exact source row; Wave 15 Batch 03 proposal; Wave 32 finalization candidate; OM-R06=B; OM-R07=B; OM-R10=A. Canonical existence does not authorize runtime assignment or pilot activation; professional/policy gate remains open."
"CANONICAL-001256","Kırtasiye & Ofis","Ofis Makineleri & Ciltleme Ekipmanları","Laminasyon Makineleri","","L3","YES","CANONICAL-001251","CONFIRMED — PRODUCT OWNER FINAL — CANONICAL V1","REGULATED","YES","NO","NO","docs/TAXONOMY_W33_RESOLVED_UNIFIED_CANDIDATE_TREE.csv [BATCH_03]","0","Exact source row; Wave 15 Batch 03 proposal; Wave 32 finalization candidate; OM-R06=B; OM-R07=B; OM-R10=A. Canonical existence does not authorize runtime assignment or pilot activation; professional/policy gate remains open."
"CANONICAL-001257","Kırtasiye & Ofis","Ofis Makineleri & Ciltleme Ekipmanları","Para Sayma & Kontrol Makineleri","","L3","YES","CANONICAL-001251","CONFIRMED — PRODUCT OWNER FINAL — CANONICAL V1","LEGAL_REVIEW_REQUIRED","YES","NO","NO","docs/TAXONOMY_W33_RESOLVED_UNIFIED_CANDIDATE_TREE.csv [BATCH_03]","0","Exact source row; Wave 15 Batch 03 proposal; Wave 32 finalization candidate; OM-R06=B; OM-R07=B; OM-R10=A. Canonical existence does not authorize runtime assignment or pilot activation; professional/policy gate remains open."
"CANONICAL-001258","Kırtasiye & Ofis","Paketleme & Postalama Ürünleri","","","L2","NO","CANONICAL-001191","CONFIRMED — PRODUCT OWNER FINAL — CANONICAL V1","REGULATED","YES","NO","NO","docs/TAXONOMY_W33_RESOLVED_UNIFIED_CANDIDATE_TREE.csv [BATCH_03]","1","Exact source row; Wave 15 Batch 03 proposal; Wave 32 finalization candidate; OM-R06=B; OM-R07=B; OM-R10=A. Canonical existence does not authorize runtime assignment or pilot activation; professional/policy gate remains open."
"CANONICAL-001259","Kırtasiye & Ofis","Paketleme & Postalama Ürünleri","Kargo & Postalama Kutuları","","L3","YES","CANONICAL-001258","CONFIRMED — PRODUCT OWNER FINAL — CANONICAL V1","NORMAL","NO","NO","NO","docs/TAXONOMY_W33_RESOLVED_UNIFIED_CANDIDATE_TREE.csv [BATCH_03]","1","Exact source row; Wave 15 Batch 03 proposal; Wave 32 finalization candidate; OM-R06=B; OM-R07=B; OM-R10=A."
"CANONICAL-001260","Kırtasiye & Ofis","Paketleme & Postalama Ürünleri","Koruyucu Dolgu & Balonlu Ambalaj","","L3","YES","CANONICAL-001258","CONFIRMED — PRODUCT OWNER FINAL — CANONICAL V1","NORMAL","NO","NO","NO","docs/TAXONOMY_W33_RESOLVED_UNIFIED_CANDIDATE_TREE.csv [BATCH_03]","0","Exact source row; Wave 15 Batch 03 proposal; Wave 32 finalization candidate; OM-R06=B; OM-R07=B; OM-R10=A."
"CANONICAL-001261","Kırtasiye & Ofis","Paketleme & Postalama Ürünleri","Paketleme Bantları","","L3","YES","CANONICAL-001258","CONFIRMED — PRODUCT OWNER FINAL — CANONICAL V1","NORMAL","NO","NO","NO","docs/TAXONOMY_W33_RESOLVED_UNIFIED_CANDIDATE_TREE.csv [BATCH_03]","1","Exact source row; Wave 15 Batch 03 proposal; Wave 32 finalization candidate; OM-R06=B; OM-R07=B; OM-R10=A."
"CANONICAL-001262","Kırtasiye & Ofis","Paketleme & Postalama Ürünleri","Paketleme İpi & Çemberleme Ürünleri","","L3","YES","CANONICAL-001258","CONFIRMED — PRODUCT OWNER FINAL — CANONICAL V1","REGULATED","YES","NO","NO","docs/TAXONOMY_W33_RESOLVED_UNIFIED_CANDIDATE_TREE.csv [BATCH_03]","0","Exact source row; Wave 15 Batch 03 proposal; Wave 32 finalization candidate; OM-R06=B; OM-R07=B; OM-R10=A. Canonical existence does not authorize runtime assignment or pilot activation; professional/policy gate remains open."
"CANONICAL-001263","Kırtasiye & Ofis","Paketleme & Postalama Ürünleri","Postalama Poşetleri","","L3","YES","CANONICAL-001258","CONFIRMED — PRODUCT OWNER FINAL — CANONICAL V1","NORMAL","NO","NO","NO","docs/TAXONOMY_W33_RESOLVED_UNIFIED_CANDIDATE_TREE.csv [BATCH_03]","1","Exact source row; Wave 15 Batch 03 proposal; Wave 32 finalization candidate; OM-R06=B; OM-R07=B; OM-R10=A."
"CANONICAL-001264","Evcil Hayvan Ürünleri","","","","L1","NO","","CONFIRMED — PRODUCT OWNER FINAL — CANONICAL V1","NORMAL","NO","NO","NO","docs/ESNAFTAVAR_CANONICAL_CATEGORY_TAXONOMY.md","1","Canonical L1 root; never product-assignable; pilot activation requires at least one eligible descendant and a separate runtime decision."
"CANONICAL-001265","Evcil Hayvan Ürünleri","Kedi Ürünleri","","","L2","NO","CANONICAL-001264","CONFIRMED — PRODUCT OWNER FINAL — CANONICAL V1","LEGAL_REVIEW_REQUIRED","YES","NO","NO","docs/TAXONOMY_W33_RESOLVED_UNIFIED_CANDIDATE_TREE.csv [BATCH_03]","4","Exact source row; Wave 15 Batch 03 proposal; Wave 32 finalization candidate; OM-R06=B; OM-R07=B; OM-R10=A. Canonical existence does not authorize runtime assignment or pilot activation; professional/policy gate remains open."
"CANONICAL-001266","Evcil Hayvan Ürünleri","Kedi Ürünleri","Kedi Bakım & Hijyen Ürünleri","","L3","YES","CANONICAL-001265","CONFIRMED — PRODUCT OWNER FINAL — CANONICAL V1","LEGAL_REVIEW_REQUIRED","YES","NO","NO","docs/TAXONOMY_W33_RESOLVED_UNIFIED_CANDIDATE_TREE.csv [BATCH_03]","2","Exact source row; Wave 15 Batch 03 proposal; Wave 32 finalization candidate; OM-R06=B; OM-R07=B; OM-R10=A. Canonical existence does not authorize runtime assignment or pilot activation; professional/policy gate remains open."
"CANONICAL-001267","Evcil Hayvan Ürünleri","Kedi Ürünleri","Kedi Kumu & Tuvalet Ürünleri","","L3","YES","CANONICAL-001265","CONFIRMED — PRODUCT OWNER FINAL — CANONICAL V1","REGULATED","YES","NO","NO","docs/TAXONOMY_W33_RESOLVED_UNIFIED_CANDIDATE_TREE.csv [BATCH_03]","1","Exact source row; Wave 15 Batch 03 proposal; Wave 32 finalization candidate; OM-R06=B; OM-R07=B; OM-R10=A. Canonical existence does not authorize runtime assignment or pilot activation; professional/policy gate remains open."
"CANONICAL-001268","Evcil Hayvan Ürünleri","Kedi Ürünleri","Kedi Mamaları","","L3","YES","CANONICAL-001265","CONFIRMED — PRODUCT OWNER FINAL — CANONICAL V1","LEGAL_REVIEW_REQUIRED","YES","NO","NO","docs/TAXONOMY_W33_RESOLVED_UNIFIED_CANDIDATE_TREE.csv [BATCH_03]","2","Exact source row; Wave 15 Batch 03 proposal; Wave 32 finalization candidate; OM-R06=B; OM-R07=B; OM-R10=A. Canonical existence does not authorize runtime assignment or pilot activation; professional/policy gate remains open."
"CANONICAL-001269","Evcil Hayvan Ürünleri","Kedi Ürünleri","Kedi Oyuncakları","","L3","YES","CANONICAL-001265","CONFIRMED — PRODUCT OWNER FINAL — CANONICAL V1","REGULATED","YES","NO","NO","docs/TAXONOMY_W33_RESOLVED_UNIFIED_CANDIDATE_TREE.csv [BATCH_03]","1","Exact source row; Wave 15 Batch 03 proposal; Wave 32 finalization candidate; OM-R06=B; OM-R07=B; OM-R10=A. Canonical existence does not authorize runtime assignment or pilot activation; professional/policy gate remains open."
"CANONICAL-001270","Evcil Hayvan Ürünleri","Kedi Ürünleri","Kedi Ödülleri","","L3","YES","CANONICAL-001265","CONFIRMED — PRODUCT OWNER FINAL — CANONICAL V1","LEGAL_REVIEW_REQUIRED","YES","NO","NO","docs/TAXONOMY_W33_RESOLVED_UNIFIED_CANDIDATE_TREE.csv [BATCH_03]","1","Exact source row; Wave 15 Batch 03 proposal; Wave 32 finalization candidate; OM-R06=B; OM-R07=B; OM-R10=A. Canonical existence does not authorize runtime assignment or pilot activation; professional/policy gate remains open."
"CANONICAL-001271","Evcil Hayvan Ürünleri","Kedi Ürünleri","Kedi Tasma & Güvenlik Ürünleri","","L3","YES","CANONICAL-001265","CONFIRMED — PRODUCT OWNER FINAL — CANONICAL V1","REGULATED","YES","NO","NO","docs/TAXONOMY_W33_RESOLVED_UNIFIED_CANDIDATE_TREE.csv [BATCH_03]","1","Exact source row; Wave 15 Batch 03 proposal; Wave 32 finalization candidate; OM-R06=B; OM-R07=B; OM-R10=A. Canonical existence does not authorize runtime assignment or pilot activation; professional/policy gate remains open."
"CANONICAL-001272","Evcil Hayvan Ürünleri","Kedi Ürünleri","Kedi Yatak & Taşıma Ürünleri","","L3","YES","CANONICAL-001265","CONFIRMED — PRODUCT OWNER FINAL — CANONICAL V1","NORMAL","NO","NO","NO","docs/TAXONOMY_W33_RESOLVED_UNIFIED_CANDIDATE_TREE.csv [BATCH_03]","2","Exact source row; Wave 15 Batch 03 proposal; Wave 32 finalization candidate; OM-R06=B; OM-R07=B; OM-R10=A."
"CANONICAL-001273","Evcil Hayvan Ürünleri","Kedi Ürünleri","Tırmalama & Kedi Yaşam Alanları","","L3","YES","CANONICAL-001265","CONFIRMED — PRODUCT OWNER FINAL — CANONICAL V1","NORMAL","NO","NO","NO","docs/TAXONOMY_W33_RESOLVED_UNIFIED_CANDIDATE_TREE.csv [BATCH_03]","1","Exact source row; Wave 15 Batch 03 proposal; Wave 32 finalization candidate; OM-R06=B; OM-R07=B; OM-R10=A."
"CANONICAL-001274","Evcil Hayvan Ürünleri","Köpek Ürünleri","","","L2","NO","CANONICAL-001264","CONFIRMED — PRODUCT OWNER FINAL — CANONICAL V1","LEGAL_REVIEW_REQUIRED","YES","NO","NO","docs/TAXONOMY_W33_RESOLVED_UNIFIED_CANDIDATE_TREE.csv [BATCH_03]","4","Exact source row; Wave 15 Batch 03 proposal; Wave 32 finalization candidate; OM-R06=B; OM-R07=B; OM-R10=A. Canonical existence does not authorize runtime assignment or pilot activation; professional/policy gate remains open."
"CANONICAL-001275","Evcil Hayvan Ürünleri","Köpek Ürünleri","Köpek Bakım & Hijyen Ürünleri","","L3","YES","CANONICAL-001274","CONFIRMED — PRODUCT OWNER FINAL — CANONICAL V1","LEGAL_REVIEW_REQUIRED","YES","NO","NO","docs/TAXONOMY_W33_RESOLVED_UNIFIED_CANDIDATE_TREE.csv [BATCH_03]","2","Exact source row; Wave 15 Batch 03 proposal; Wave 32 finalization candidate; OM-R06=B; OM-R07=B; OM-R10=A. Canonical existence does not authorize runtime assignment or pilot activation; professional/policy gate remains open."
"CANONICAL-001276","Evcil Hayvan Ürünleri","Köpek Ürünleri","Köpek Eğitim Aksesuarları","","L3","YES","CANONICAL-001274","CONFIRMED — PRODUCT OWNER FINAL — CANONICAL V1","LEGAL_REVIEW_REQUIRED","YES","NO","NO","docs/TAXONOMY_W33_RESOLVED_UNIFIED_CANDIDATE_TREE.csv [BATCH_03]","1","Exact source row; Wave 15 Batch 03 proposal; Wave 32 finalization candidate; OM-R06=B; OM-R07=B; OM-R10=A. Canonical existence does not authorize runtime assignment or pilot activation; professional/policy gate remains open."
"CANONICAL-001277","Evcil Hayvan Ürünleri","Köpek Ürünleri","Köpek Mamaları","","L3","YES","CANONICAL-001274","CONFIRMED — PRODUCT OWNER FINAL — CANONICAL V1","LEGAL_REVIEW_REQUIRED","YES","NO","NO","docs/TAXONOMY_W33_RESOLVED_UNIFIED_CANDIDATE_TREE.csv [BATCH_03]","2","Exact source row; Wave 15 Batch 03 proposal; Wave 32 finalization candidate; OM-R06=B; OM-R07=B; OM-R10=A. Canonical existence does not authorize runtime assignment or pilot activation; professional/policy gate remains open."
"CANONICAL-001278","Evcil Hayvan Ürünleri","Köpek Ürünleri","Köpek Oyuncak & Aktivite Ürünleri","","L3","YES","CANONICAL-001274","CONFIRMED — PRODUCT OWNER FINAL — CANONICAL V1","REGULATED","YES","NO","NO","docs/TAXONOMY_W33_RESOLVED_UNIFIED_CANDIDATE_TREE.csv [BATCH_03]","1","Exact source row; Wave 15 Batch 03 proposal; Wave 32 finalization candidate; OM-R06=B; OM-R07=B; OM-R10=A. Canonical existence does not authorize runtime assignment or pilot activation; professional/policy gate remains open."
"CANONICAL-001279","Evcil Hayvan Ürünleri","Köpek Ürünleri","Köpek Ödül & Çiğneme Ürünleri","","L3","YES","CANONICAL-001274","CONFIRMED — PRODUCT OWNER FINAL — CANONICAL V1","LEGAL_REVIEW_REQUIRED","YES","NO","NO","docs/TAXONOMY_W33_RESOLVED_UNIFIED_CANDIDATE_TREE.csv [BATCH_03]","1","Exact source row; Wave 15 Batch 03 proposal; Wave 32 finalization candidate; OM-R06=B; OM-R07=B; OM-R10=A. Canonical existence does not authorize runtime assignment or pilot activation; professional/policy gate remains open."
"CANONICAL-001280","Evcil Hayvan Ürünleri","Köpek Ürünleri","Köpek Tasma & Gezdirme Ürünleri","","L3","YES","CANONICAL-001274","CONFIRMED — PRODUCT OWNER FINAL — CANONICAL V1","REGULATED","YES","NO","NO","docs/TAXONOMY_W33_RESOLVED_UNIFIED_CANDIDATE_TREE.csv [BATCH_03]","1","Exact source row; Wave 15 Batch 03 proposal; Wave 32 finalization candidate; OM-R06=B; OM-R07=B; OM-R10=A. Canonical existence does not authorize runtime assignment or pilot activation; professional/policy gate remains open."
"CANONICAL-001281","Evcil Hayvan Ürünleri","Köpek Ürünleri","Köpek Yatak & Taşıma Ürünleri","","L3","YES","CANONICAL-001274","CONFIRMED — PRODUCT OWNER FINAL — CANONICAL V1","NORMAL","NO","NO","NO","docs/TAXONOMY_W33_RESOLVED_UNIFIED_CANDIDATE_TREE.csv [BATCH_03]","2","Exact source row; Wave 15 Batch 03 proposal; Wave 32 finalization candidate; OM-R06=B; OM-R07=B; OM-R10=A."
"CANONICAL-001282","Evcil Hayvan Ürünleri","Akvaryum & Balık Ürünleri","","","L2","NO","CANONICAL-001264","CONFIRMED — PRODUCT OWNER FINAL — CANONICAL V1","LEGAL_REVIEW_REQUIRED","YES","NO","NO","docs/TAXONOMY_W33_RESOLVED_UNIFIED_CANDIDATE_TREE.csv [BATCH_03]","2","Exact source row; Wave 15 Batch 03 proposal; Wave 32 finalization candidate; OM-R06=B; OM-R07=B; OM-R10=A. Canonical existence does not authorize runtime assignment or pilot activation; professional/policy gate remains open."
"CANONICAL-001283","Evcil Hayvan Ürünleri","Akvaryum & Balık Ürünleri","Akvaryum Dekoru & Substratı","","L3","YES","CANONICAL-001282","CONFIRMED — PRODUCT OWNER FINAL — CANONICAL V1","NORMAL","NO","NO","NO","docs/TAXONOMY_W33_RESOLVED_UNIFIED_CANDIDATE_TREE.csv [BATCH_03]","1","Exact source row; Wave 15 Batch 03 proposal; Wave 32 finalization candidate; OM-R06=B; OM-R07=B; OM-R10=A."
"CANONICAL-001284","Evcil Hayvan Ürünleri","Akvaryum & Balık Ürünleri","Akvaryum Isıtma & Aydınlatma","","L3","YES","CANONICAL-001282","CONFIRMED — PRODUCT OWNER FINAL — CANONICAL V1","REGULATED","YES","NO","NO","docs/TAXONOMY_W33_RESOLVED_UNIFIED_CANDIDATE_TREE.csv [BATCH_03]","0","Exact source row; Wave 15 Batch 03 proposal; Wave 32 finalization candidate; OM-R06=B; OM-R07=B; OM-R10=A. Canonical existence does not authorize runtime assignment or pilot activation; professional/policy gate remains open."
"CANONICAL-001285","Evcil Hayvan Ürünleri","Akvaryum & Balık Ürünleri","Akvaryum Su Bakım Ürünleri","","L3","YES","CANONICAL-001282","CONFIRMED — PRODUCT OWNER FINAL — CANONICAL V1","LEGAL_REVIEW_REQUIRED","YES","NO","NO","docs/TAXONOMY_W33_RESOLVED_UNIFIED_CANDIDATE_TREE.csv [BATCH_03]","1","Exact source row; Wave 15 Batch 03 proposal; Wave 32 finalization candidate; OM-R06=B; OM-R07=B; OM-R10=A. Canonical existence does not authorize runtime assignment or pilot activation; professional/policy gate remains open."
"CANONICAL-001286","Evcil Hayvan Ürünleri","Akvaryum & Balık Ürünleri","Akvaryum Temizlik Ekipmanları","","L3","YES","CANONICAL-001282","CONFIRMED — PRODUCT OWNER FINAL — CANONICAL V1","NORMAL","NO","NO","NO","docs/TAXONOMY_W33_RESOLVED_UNIFIED_CANDIDATE_TREE.csv [BATCH_03]","1","Exact source row; Wave 15 Batch 03 proposal; Wave 32 finalization candidate; OM-R06=B; OM-R07=B; OM-R10=A."
"CANONICAL-001287","Evcil Hayvan Ürünleri","Akvaryum & Balık Ürünleri","Akvaryumlar","","L3","YES","CANONICAL-001282","CONFIRMED — PRODUCT OWNER FINAL — CANONICAL V1","NORMAL","NO","NO","NO","docs/TAXONOMY_W33_RESOLVED_UNIFIED_CANDIDATE_TREE.csv [BATCH_03]","1","Exact source row; Wave 15 Batch 03 proposal; Wave 32 finalization candidate; OM-R06=B; OM-R07=B; OM-R10=A."
"CANONICAL-001288","Evcil Hayvan Ürünleri","Akvaryum & Balık Ürünleri","Balık Yemleri","","L3","YES","CANONICAL-001282","CONFIRMED — PRODUCT OWNER FINAL — CANONICAL V1","LEGAL_REVIEW_REQUIRED","YES","NO","NO","docs/TAXONOMY_W33_RESOLVED_UNIFIED_CANDIDATE_TREE.csv [BATCH_03]","1","Exact source row; Wave 15 Batch 03 proposal; Wave 32 finalization candidate; OM-R06=B; OM-R07=B; OM-R10=A. Canonical existence does not authorize runtime assignment or pilot activation; professional/policy gate remains open."
"CANONICAL-001289","Evcil Hayvan Ürünleri","Akvaryum & Balık Ürünleri","Filtre & Pompalar","","L3","YES","CANONICAL-001282","CONFIRMED — PRODUCT OWNER FINAL — CANONICAL V1","REGULATED","YES","NO","NO","docs/TAXONOMY_W33_RESOLVED_UNIFIED_CANDIDATE_TREE.csv [BATCH_03]","1","Exact source row; Wave 15 Batch 03 proposal; Wave 32 finalization candidate; OM-R06=B; OM-R07=B; OM-R10=A. Canonical existence does not authorize runtime assignment or pilot activation; professional/policy gate remains open."
"CANONICAL-001290","Evcil Hayvan Ürünleri","Kuş Ürünleri","","","L2","NO","CANONICAL-001264","CONFIRMED — PRODUCT OWNER FINAL — CANONICAL V1","LEGAL_REVIEW_REQUIRED","YES","NO","NO","docs/TAXONOMY_W33_RESOLVED_UNIFIED_CANDIDATE_TREE.csv [BATCH_03]","2","Exact source row; Wave 15 Batch 03 proposal; Wave 32 finalization candidate; OM-R06=B; OM-R07=B; OM-R10=A. Canonical existence does not authorize runtime assignment or pilot activation; professional/policy gate remains open."
"CANONICAL-001291","Evcil Hayvan Ürünleri","Kuş Ürünleri","Kuş Bakım & Hijyen Ürünleri","","L3","YES","CANONICAL-001290","CONFIRMED — PRODUCT OWNER FINAL — CANONICAL V1","LEGAL_REVIEW_REQUIRED","YES","NO","NO","docs/TAXONOMY_W33_RESOLVED_UNIFIED_CANDIDATE_TREE.csv [BATCH_03]","0","Exact source row; Wave 15 Batch 03 proposal; Wave 32 finalization candidate; OM-R06=B; OM-R07=B; OM-R10=A. Canonical existence does not authorize runtime assignment or pilot activation; professional/policy gate remains open."
"CANONICAL-001292","Evcil Hayvan Ürünleri","Kuş Ürünleri","Kuş Kafesi & Standları","","L3","YES","CANONICAL-001290","CONFIRMED — PRODUCT OWNER FINAL — CANONICAL V1","NORMAL","NO","NO","NO","docs/TAXONOMY_W33_RESOLVED_UNIFIED_CANDIDATE_TREE.csv [BATCH_03]","1","Exact source row; Wave 15 Batch 03 proposal; Wave 32 finalization candidate; OM-R06=B; OM-R07=B; OM-R10=A."
"CANONICAL-001293","Evcil Hayvan Ürünleri","Kuş Ürünleri","Kuş Oyuncakları","","L3","YES","CANONICAL-001290","CONFIRMED — PRODUCT OWNER FINAL — CANONICAL V1","REGULATED","YES","NO","NO","docs/TAXONOMY_W33_RESOLVED_UNIFIED_CANDIDATE_TREE.csv [BATCH_03]","0","Exact source row; Wave 15 Batch 03 proposal; Wave 32 finalization candidate; OM-R06=B; OM-R07=B; OM-R10=A. Canonical existence does not authorize runtime assignment or pilot activation; professional/policy gate remains open."
"CANONICAL-001294","Evcil Hayvan Ürünleri","Kuş Ürünleri","Kuş Suluk & Yemlikleri","","L3","YES","CANONICAL-001290","CONFIRMED — PRODUCT OWNER FINAL — CANONICAL V1","NORMAL","NO","NO","NO","docs/TAXONOMY_W33_RESOLVED_UNIFIED_CANDIDATE_TREE.csv [BATCH_03]","1","Exact source row; Wave 15 Batch 03 proposal; Wave 32 finalization candidate; OM-R06=B; OM-R07=B; OM-R10=A."
"CANONICAL-001295","Evcil Hayvan Ürünleri","Kuş Ürünleri","Kuş Yem & Ödülleri","","L3","YES","CANONICAL-001290","CONFIRMED — PRODUCT OWNER FINAL — CANONICAL V1","LEGAL_REVIEW_REQUIRED","YES","NO","NO","docs/TAXONOMY_W33_RESOLVED_UNIFIED_CANDIDATE_TREE.csv [BATCH_03]","1","Exact source row; Wave 15 Batch 03 proposal; Wave 32 finalization candidate; OM-R06=B; OM-R07=B; OM-R10=A. Canonical existence does not authorize runtime assignment or pilot activation; professional/policy gate remains open."
"CANONICAL-001296","Evcil Hayvan Ürünleri","Kuş Ürünleri","Tünekler","","L3","YES","CANONICAL-001290","CONFIRMED — PRODUCT OWNER FINAL — CANONICAL V1","REGULATED","YES","NO","NO","docs/TAXONOMY_W33_RESOLVED_UNIFIED_CANDIDATE_TREE.csv [BATCH_03]","1","Exact source row; Wave 15 Batch 03 proposal; Wave 32 finalization candidate; OM-R06=B; OM-R07=B; OM-R10=A. Canonical existence does not authorize runtime assignment or pilot activation; professional/policy gate remains open."
"CANONICAL-001297","Evcil Hayvan Ürünleri","Küçük Hayvan Ürünleri","","","L2","NO","CANONICAL-001264","CONFIRMED — PRODUCT OWNER FINAL — CANONICAL V1","LEGAL_REVIEW_REQUIRED","YES","NO","NO","docs/TAXONOMY_W33_RESOLVED_UNIFIED_CANDIDATE_TREE.csv [BATCH_03]","2","Exact source row; Wave 15 Batch 03 proposal; Wave 32 finalization candidate; OM-R06=B; OM-R07=B; OM-R10=A. Canonical existence does not authorize runtime assignment or pilot activation; professional/policy gate remains open."
"CANONICAL-001298","Evcil Hayvan Ürünleri","Küçük Hayvan Ürünleri","Küçük Hayvan Altlıkları","","L3","YES","CANONICAL-001297","CONFIRMED — PRODUCT OWNER FINAL — CANONICAL V1","REGULATED","YES","NO","NO","docs/TAXONOMY_W33_RESOLVED_UNIFIED_CANDIDATE_TREE.csv [BATCH_03]","0","Exact source row; Wave 15 Batch 03 proposal; Wave 32 finalization candidate; OM-R06=B; OM-R07=B; OM-R10=A. Canonical existence does not authorize runtime assignment or pilot activation; professional/policy gate remains open."
"CANONICAL-001299","Evcil Hayvan Ürünleri","Küçük Hayvan Ürünleri","Küçük Hayvan Bakım Ürünleri","","L3","YES","CANONICAL-001297","CONFIRMED — PRODUCT OWNER FINAL — CANONICAL V1","LEGAL_REVIEW_REQUIRED","YES","NO","NO","docs/TAXONOMY_W33_RESOLVED_UNIFIED_CANDIDATE_TREE.csv [BATCH_03]","1","Exact source row; Wave 15 Batch 03 proposal; Wave 32 finalization candidate; OM-R06=B; OM-R07=B; OM-R10=A. Canonical existence does not authorize runtime assignment or pilot activation; professional/policy gate remains open."
"CANONICAL-001300","Evcil Hayvan Ürünleri","Küçük Hayvan Ürünleri","Küçük Hayvan Kafes & Yaşam Alanları","","L3","YES","CANONICAL-001297","CONFIRMED — PRODUCT OWNER FINAL — CANONICAL V1","NORMAL","NO","NO","NO","docs/TAXONOMY_W33_RESOLVED_UNIFIED_CANDIDATE_TREE.csv [BATCH_03]","1","Exact source row; Wave 15 Batch 03 proposal; Wave 32 finalization candidate; OM-R06=B; OM-R07=B; OM-R10=A."
"CANONICAL-001301","Evcil Hayvan Ürünleri","Küçük Hayvan Ürünleri","Küçük Hayvan Oyuncakları","","L3","YES","CANONICAL-001297","CONFIRMED — PRODUCT OWNER FINAL — CANONICAL V1","REGULATED","YES","NO","NO","docs/TAXONOMY_W33_RESOLVED_UNIFIED_CANDIDATE_TREE.csv [BATCH_03]","0","Exact source row; Wave 15 Batch 03 proposal; Wave 32 finalization candidate; OM-R06=B; OM-R07=B; OM-R10=A. Canonical existence does not authorize runtime assignment or pilot activation; professional/policy gate remains open."
"CANONICAL-001302","Evcil Hayvan Ürünleri","Küçük Hayvan Ürünleri","Küçük Hayvan Yem & Ödülleri","","L3","YES","CANONICAL-001297","CONFIRMED — PRODUCT OWNER FINAL — CANONICAL V1","LEGAL_REVIEW_REQUIRED","YES","NO","NO","docs/TAXONOMY_W33_RESOLVED_UNIFIED_CANDIDATE_TREE.csv [BATCH_03]","1","Exact source row; Wave 15 Batch 03 proposal; Wave 32 finalization candidate; OM-R06=B; OM-R07=B; OM-R10=A. Canonical existence does not authorize runtime assignment or pilot activation; professional/policy gate remains open."
"CANONICAL-001303","Evcil Hayvan Ürünleri","Sürüngen & Egzotik Pet Ürünleri","","","L2","NO","CANONICAL-001264","CONFIRMED — PRODUCT OWNER FINAL — CANONICAL V1","LEGAL_REVIEW_REQUIRED","YES","NO","NO","docs/TAXONOMY_W33_RESOLVED_UNIFIED_CANDIDATE_TREE.csv [BATCH_03]","2","Exact source row; Wave 15 Batch 03 proposal; Wave 32 finalization candidate; OM-R06=B; OM-R07=B; OM-R10=A. Canonical existence does not authorize runtime assignment or pilot activation; professional/policy gate remains open."
"CANONICAL-001304","Evcil Hayvan Ürünleri","Sürüngen & Egzotik Pet Ürünleri","Habitat Dekoru & Saklanma Alanları","","L3","YES","CANONICAL-001303","CONFIRMED — PRODUCT OWNER FINAL — CANONICAL V1","NORMAL","NO","NO","NO","docs/TAXONOMY_W33_RESOLVED_UNIFIED_CANDIDATE_TREE.csv [BATCH_03]","0","Exact source row; Wave 15 Batch 03 proposal; Wave 32 finalization candidate; OM-R06=B; OM-R07=B; OM-R10=A."
"CANONICAL-001305","Evcil Hayvan Ürünleri","Sürüngen & Egzotik Pet Ürünleri","Teraryum Isıtma & Aydınlatma","","L3","YES","CANONICAL-001303","CONFIRMED — PRODUCT OWNER FINAL — CANONICAL V1","REGULATED","YES","NO","NO","docs/TAXONOMY_W33_RESOLVED_UNIFIED_CANDIDATE_TREE.csv [BATCH_03]","0","Exact source row; Wave 15 Batch 03 proposal; Wave 32 finalization candidate; OM-R06=B; OM-R07=B; OM-R10=A. Canonical existence does not authorize runtime assignment or pilot activation; professional/policy gate remains open."
"CANONICAL-001306","Evcil Hayvan Ürünleri","Sürüngen & Egzotik Pet Ürünleri","Teraryum Substratları","","L3","YES","CANONICAL-001303","CONFIRMED — PRODUCT OWNER FINAL — CANONICAL V1","REGULATED","YES","NO","NO","docs/TAXONOMY_W33_RESOLVED_UNIFIED_CANDIDATE_TREE.csv [BATCH_03]","0","Exact source row; Wave 15 Batch 03 proposal; Wave 32 finalization candidate; OM-R06=B; OM-R07=B; OM-R10=A. Canonical existence does not authorize runtime assignment or pilot activation; professional/policy gate remains open."
"CANONICAL-001307","Evcil Hayvan Ürünleri","Sürüngen & Egzotik Pet Ürünleri","Teraryumlar","","L3","YES","CANONICAL-001303","CONFIRMED — PRODUCT OWNER FINAL — CANONICAL V1","NORMAL","NO","NO","NO","docs/TAXONOMY_W33_RESOLVED_UNIFIED_CANDIDATE_TREE.csv [BATCH_03]","0","Exact source row; Wave 15 Batch 03 proposal; Wave 32 finalization candidate; OM-R06=B; OM-R07=B; OM-R10=A."
"CANONICAL-001308","Evcil Hayvan Ürünleri","Sürüngen & Egzotik Pet Ürünleri","Yemleme Ürünleri","","L3","YES","CANONICAL-001303","CONFIRMED — PRODUCT OWNER FINAL — CANONICAL V1","LEGAL_REVIEW_REQUIRED","YES","NO","NO","docs/TAXONOMY_W33_RESOLVED_UNIFIED_CANDIDATE_TREE.csv [BATCH_03]","0","Exact source row; Wave 15 Batch 03 proposal; Wave 32 finalization candidate; OM-R06=B; OM-R07=B; OM-R10=A. Canonical existence does not authorize runtime assignment or pilot activation; professional/policy gate remains open."
"CANONICAL-001309","Evcil Hayvan Ürünleri","Ortak Pet Bakım & Aksesuarları","","","L2","NO","CANONICAL-001264","CONFIRMED — PRODUCT OWNER FINAL — CANONICAL V1","REGULATED","YES","NO","NO","docs/TAXONOMY_W33_RESOLVED_UNIFIED_CANDIDATE_TREE.csv [BATCH_03]","1","Exact source row; Wave 15 Batch 03 proposal; Wave 32 finalization candidate; OM-R06=B; OM-R07=B; OM-R10=A. Canonical existence does not authorize runtime assignment or pilot activation; professional/policy gate remains open."
"CANONICAL-001310","Evcil Hayvan Ürünleri","Ortak Pet Bakım & Aksesuarları","Çok Türlü Bakım Aletleri","","L3","YES","CANONICAL-001309","CONFIRMED — PRODUCT OWNER FINAL — CANONICAL V1","REGULATED","YES","NO","NO","docs/TAXONOMY_W33_RESOLVED_UNIFIED_CANDIDATE_TREE.csv [BATCH_03]","0","Exact source row; Wave 15 Batch 03 proposal; Wave 32 finalization candidate; OM-R06=B; OM-R07=B; OM-R10=A. Canonical existence does not authorize runtime assignment or pilot activation; professional/policy gate remains open."
"CANONICAL-001311","Evcil Hayvan Ürünleri","Ortak Pet Bakım & Aksesuarları","Evrensel Taşıma Ürünleri","","L3","YES","CANONICAL-001309","CONFIRMED — PRODUCT OWNER FINAL — CANONICAL V1","NORMAL","NO","NO","NO","docs/TAXONOMY_W33_RESOLVED_UNIFIED_CANDIDATE_TREE.csv [BATCH_03]","0","Exact source row; Wave 15 Batch 03 proposal; Wave 32 finalization candidate; OM-R06=B; OM-R07=B; OM-R10=A."
"CANONICAL-001312","Evcil Hayvan Ürünleri","Ortak Pet Bakım & Aksesuarları","Kimlik & Güvenlik Aksesuarları","","L3","YES","CANONICAL-001309","CONFIRMED — PRODUCT OWNER FINAL — CANONICAL V1","REGULATED","YES","NO","NO","docs/TAXONOMY_W33_RESOLVED_UNIFIED_CANDIDATE_TREE.csv [BATCH_03]","0","Exact source row; Wave 15 Batch 03 proposal; Wave 32 finalization candidate; OM-R06=B; OM-R07=B; OM-R10=A. Canonical existence does not authorize runtime assignment or pilot activation; professional/policy gate remains open."
"CANONICAL-001313","Evcil Hayvan Ürünleri","Ortak Pet Bakım & Aksesuarları","Ortak Mama & Su Kapları","","L3","YES","CANONICAL-001309","CONFIRMED — PRODUCT OWNER FINAL — CANONICAL V1","REGULATED","YES","NO","NO","docs/TAXONOMY_W33_RESOLVED_UNIFIED_CANDIDATE_TREE.csv [BATCH_03]","1","Exact source row; Wave 15 Batch 03 proposal; Wave 32 finalization candidate; OM-R06=B; OM-R07=B; OM-R10=A. Canonical existence does not authorize runtime assignment or pilot activation; professional/policy gate remains open."
"CANONICAL-001314","Evcil Hayvan Ürünleri","Ortak Pet Bakım & Aksesuarları","Pet Bariyer & Koruma Ürünleri","","L3","YES","CANONICAL-001309","CONFIRMED — PRODUCT OWNER FINAL — CANONICAL V1","REGULATED","YES","NO","NO","docs/TAXONOMY_W33_RESOLVED_UNIFIED_CANDIDATE_TREE.csv [BATCH_03]","0","Exact source row; Wave 15 Batch 03 proposal; Wave 32 finalization candidate; OM-R06=B; OM-R07=B; OM-R10=A. Canonical existence does not authorize runtime assignment or pilot activation; professional/policy gate remains open."
"CANONICAL-001315","Gözlük & Optik","","","","L1","NO","","CONFIRMED — PRODUCT OWNER FINAL — CANONICAL V1","NORMAL","NO","NO","NO","docs/ESNAFTAVAR_CANONICAL_CATEGORY_TAXONOMY.md","1","Canonical L1 root; never product-assignable; pilot activation requires at least one eligible descendant and a separate runtime decision."
"CANONICAL-001316","Gözlük & Optik","Optik Gözlük Çerçeveleri","","","L2","NO","CANONICAL-001315","CONFIRMED — PRODUCT OWNER FINAL — CANONICAL V1","LEGAL_REVIEW_REQUIRED","YES","NO","NO","docs/TAXONOMY_W33_RESOLVED_UNIFIED_CANDIDATE_TREE.csv [BATCH_03]","1","Exact source row; Wave 15 Batch 03 proposal; Wave 32 finalization candidate; OM-R06=B; OM-R07=B; OM-R10=A. Canonical existence does not authorize runtime assignment or pilot activation; professional/policy gate remains open."
"CANONICAL-001317","Gözlük & Optik","Optik Gözlük Çerçeveleri","Clip-on Uyumlu Gözlük Çerçeveleri","","L3","YES","CANONICAL-001316","CONFIRMED — PRODUCT OWNER FINAL — CANONICAL V1","LEGAL_REVIEW_REQUIRED","YES","NO","NO","docs/TAXONOMY_W33_RESOLVED_UNIFIED_CANDIDATE_TREE.csv [BATCH_03]","0","Exact source row; Wave 15 Batch 03 proposal; Wave 32 finalization candidate; OM-R06=B; OM-R07=B; OM-R10=A. Canonical existence does not authorize runtime assignment or pilot activation; professional/policy gate remains open."
"CANONICAL-001318","Gözlük & Optik","Optik Gözlük Çerçeveleri","Çerçevesiz Gözlük Çerçeveleri","","L3","YES","CANONICAL-001316","CONFIRMED — PRODUCT OWNER FINAL — CANONICAL V1","LEGAL_REVIEW_REQUIRED","YES","NO","NO","docs/TAXONOMY_W33_RESOLVED_UNIFIED_CANDIDATE_TREE.csv [BATCH_03]","1","Exact source row; Wave 15 Batch 03 proposal; Wave 32 finalization candidate; OM-R06=B; OM-R07=B; OM-R10=A. Canonical existence does not authorize runtime assignment or pilot activation; professional/policy gate remains open."
"CANONICAL-001319","Gözlük & Optik","Optik Gözlük Çerçeveleri","Tam Çerçeve Gözlük Çerçeveleri","","L3","YES","CANONICAL-001316","CONFIRMED — PRODUCT OWNER FINAL — CANONICAL V1","LEGAL_REVIEW_REQUIRED","YES","NO","NO","docs/TAXONOMY_W33_RESOLVED_UNIFIED_CANDIDATE_TREE.csv [BATCH_03]","0","Exact source row; Wave 15 Batch 03 proposal; Wave 32 finalization candidate; OM-R06=B; OM-R07=B; OM-R10=A. Canonical existence does not authorize runtime assignment or pilot activation; professional/policy gate remains open."
"CANONICAL-001320","Gözlük & Optik","Optik Gözlük Çerçeveleri","Yarım Çerçeve Gözlük Çerçeveleri","","L3","YES","CANONICAL-001316","CONFIRMED — PRODUCT OWNER FINAL — CANONICAL V1","LEGAL_REVIEW_REQUIRED","YES","NO","NO","docs/TAXONOMY_W33_RESOLVED_UNIFIED_CANDIDATE_TREE.csv [BATCH_03]","0","Exact source row; Wave 15 Batch 03 proposal; Wave 32 finalization candidate; OM-R06=B; OM-R07=B; OM-R10=A. Canonical existence does not authorize runtime assignment or pilot activation; professional/policy gate remains open."
"CANONICAL-001321","Gözlük & Optik","Güneş Gözlükleri","","","L2","NO","CANONICAL-001315","CONFIRMED — PRODUCT OWNER FINAL — CANONICAL V1","REGULATED","YES","NO","NO","docs/TAXONOMY_W33_RESOLVED_UNIFIED_CANDIDATE_TREE.csv [BATCH_03]","1","Exact source row; Wave 15 Batch 03 proposal; Wave 32 finalization candidate; OM-R06=B; OM-R07=B; OM-R10=A. Canonical existence does not authorize runtime assignment or pilot activation; professional/policy gate remains open."
"CANONICAL-001322","Gözlük & Optik","Güneş Gözlükleri","Clip-on Güneş Gözlükleri","","L3","YES","CANONICAL-001321","CONFIRMED — PRODUCT OWNER FINAL — CANONICAL V1","REGULATED","YES","NO","NO","docs/TAXONOMY_W33_RESOLVED_UNIFIED_CANDIDATE_TREE.csv [BATCH_03]","1","Exact source row; Wave 15 Batch 03 proposal; Wave 32 finalization candidate; OM-R06=B; OM-R07=B; OM-R10=A. Canonical existence does not authorize runtime assignment or pilot activation; professional/policy gate remains open."
"CANONICAL-001323","Gözlük & Optik","Güneş Gözlükleri","Standart Güneş Gözlükleri","","L3","YES","CANONICAL-001321","CONFIRMED — PRODUCT OWNER FINAL — CANONICAL V1","REGULATED","YES","NO","NO","docs/TAXONOMY_W33_RESOLVED_UNIFIED_CANDIDATE_TREE.csv [BATCH_03]","1","Exact source row; Wave 15 Batch 03 proposal; Wave 32 finalization candidate; OM-R06=B; OM-R07=B; OM-R10=A. Canonical existence does not authorize runtime assignment or pilot activation; professional/policy gate remains open."
"CANONICAL-001324","Gözlük & Optik","Hazır Okuma Gözlükleri","","","L2","YES","CANONICAL-001315","CONFIRMED — PRODUCT OWNER FINAL — CANONICAL V1","LEGAL_REVIEW_REQUIRED","YES","NO","NO","docs/TAXONOMY_W33_RESOLVED_UNIFIED_CANDIDATE_TREE.csv [BATCH_03]","2","Exact source row; Wave 15 Batch 03 proposal; Wave 32 finalization candidate; OM-R06=B; OM-R07=B; OM-R10=A. Canonical existence does not authorize runtime assignment or pilot activation; professional/policy gate remains open."
"CANONICAL-001325","Gözlük & Optik","Gözlük Camları","","","L2","NO","CANONICAL-001315","CONFIRMED — PRODUCT OWNER FINAL — CANONICAL V1","LEGAL_REVIEW_REQUIRED","YES","NO","NO","docs/TAXONOMY_W33_RESOLVED_UNIFIED_CANDIDATE_TREE.csv [BATCH_03]","1","Exact source row; Wave 15 Batch 03 proposal; Wave 32 finalization candidate; OM-R06=B; OM-R07=B; OM-R10=A. Canonical existence does not authorize runtime assignment or pilot activation; professional/policy gate remains open."
"CANONICAL-001326","Gözlük & Optik","Gözlük Camları","Progresif & Çok Odaklı Gözlük Camları","","L3","YES","CANONICAL-001325","CONFIRMED — PRODUCT OWNER FINAL — CANONICAL V1","LEGAL_REVIEW_REQUIRED","YES","NO","NO","docs/TAXONOMY_W33_RESOLVED_UNIFIED_CANDIDATE_TREE.csv [BATCH_03]","0","Exact source row; Wave 15 Batch 03 proposal; Wave 32 finalization candidate; OM-R06=B; OM-R07=B; OM-R10=A. Canonical existence does not authorize runtime assignment or pilot activation; professional/policy gate remains open."
"CANONICAL-001327","Gözlük & Optik","Gözlük Camları","Reçeteli Güneş Gözlüğü Camları","","L3","YES","CANONICAL-001325","CONFIRMED — PRODUCT OWNER FINAL — CANONICAL V1","LEGAL_REVIEW_REQUIRED","YES","NO","NO","docs/TAXONOMY_W33_RESOLVED_UNIFIED_CANDIDATE_TREE.csv [BATCH_03]","0","Exact source row; Wave 15 Batch 03 proposal; Wave 32 finalization candidate; OM-R06=B; OM-R07=B; OM-R10=A. Canonical existence does not authorize runtime assignment or pilot activation; professional/policy gate remains open."
"CANONICAL-001328","Gözlük & Optik","Gözlük Camları","Tek Odaklı Gözlük Camları","","L3","YES","CANONICAL-001325","CONFIRMED — PRODUCT OWNER FINAL — CANONICAL V1","LEGAL_REVIEW_REQUIRED","YES","NO","NO","docs/TAXONOMY_W33_RESOLVED_UNIFIED_CANDIDATE_TREE.csv [BATCH_03]","0","Exact source row; Wave 15 Batch 03 proposal; Wave 32 finalization candidate; OM-R06=B; OM-R07=B; OM-R10=A. Canonical existence does not authorize runtime assignment or pilot activation; professional/policy gate remains open."
"CANONICAL-001329","Gözlük & Optik","Kontakt Lensler","","","L2","NO","CANONICAL-001315","CONFIRMED — PRODUCT OWNER FINAL — CANONICAL V1","LEGAL_REVIEW_REQUIRED","YES","NO","NO","docs/TAXONOMY_W33_RESOLVED_UNIFIED_CANDIDATE_TREE.csv [BATCH_03]","1","Exact source row; Wave 15 Batch 03 proposal; Wave 32 finalization candidate; OM-R06=B; OM-R07=B; OM-R10=A. Canonical existence does not authorize runtime assignment or pilot activation; professional/policy gate remains open."
"CANONICAL-001330","Gözlük & Optik","Kontakt Lensler","Multifokal Kontakt Lensler","","L3","YES","CANONICAL-001329","CONFIRMED — PRODUCT OWNER FINAL — CANONICAL V1","LEGAL_REVIEW_REQUIRED","YES","NO","NO","docs/TAXONOMY_W33_RESOLVED_UNIFIED_CANDIDATE_TREE.csv [BATCH_03]","1","Exact source row; Wave 15 Batch 03 proposal; Wave 32 finalization candidate; OM-R06=B; OM-R07=B; OM-R10=A. Canonical existence does not authorize runtime assignment or pilot activation; professional/policy gate remains open."
"CANONICAL-001331","Gözlük & Optik","Kontakt Lensler","Renkli & Kozmetik Kontakt Lensler","","L3","YES","CANONICAL-001329","CONFIRMED — PRODUCT OWNER FINAL — CANONICAL V1","LEGAL_REVIEW_REQUIRED","YES","NO","NO","docs/TAXONOMY_W33_RESOLVED_UNIFIED_CANDIDATE_TREE.csv [BATCH_03]","0","Exact source row; Wave 15 Batch 03 proposal; Wave 32 finalization candidate; OM-R06=B; OM-R07=B; OM-R10=A. Canonical existence does not authorize runtime assignment or pilot activation; professional/policy gate remains open."
"CANONICAL-001332","Gözlük & Optik","Kontakt Lensler","Sferik Kontakt Lensler","","L3","YES","CANONICAL-001329","CONFIRMED — PRODUCT OWNER FINAL — CANONICAL V1","LEGAL_REVIEW_REQUIRED","YES","NO","NO","docs/TAXONOMY_W33_RESOLVED_UNIFIED_CANDIDATE_TREE.csv [BATCH_03]","0","Exact source row; Wave 15 Batch 03 proposal; Wave 32 finalization candidate; OM-R06=B; OM-R07=B; OM-R10=A. Canonical existence does not authorize runtime assignment or pilot activation; professional/policy gate remains open."
"CANONICAL-001333","Gözlük & Optik","Kontakt Lensler","Torik Kontakt Lensler","","L3","YES","CANONICAL-001329","CONFIRMED — PRODUCT OWNER FINAL — CANONICAL V1","LEGAL_REVIEW_REQUIRED","YES","NO","NO","docs/TAXONOMY_W33_RESOLVED_UNIFIED_CANDIDATE_TREE.csv [BATCH_03]","0","Exact source row; Wave 15 Batch 03 proposal; Wave 32 finalization candidate; OM-R06=B; OM-R07=B; OM-R10=A. Canonical existence does not authorize runtime assignment or pilot activation; professional/policy gate remains open."
"CANONICAL-001334","Gözlük & Optik","Kontakt Lens Bakım Ürünleri","","","L2","NO","CANONICAL-001315","CONFIRMED — PRODUCT OWNER FINAL — CANONICAL V1","LEGAL_REVIEW_REQUIRED","YES","NO","NO","docs/TAXONOMY_W33_RESOLVED_UNIFIED_CANDIDATE_TREE.csv [BATCH_03]","1","Exact source row; Wave 15 Batch 03 proposal; Wave 32 finalization candidate; OM-R06=B; OM-R07=B; OM-R10=A. Canonical existence does not authorize runtime assignment or pilot activation; professional/policy gate remains open."
"CANONICAL-001335","Gözlük & Optik","Kontakt Lens Bakım Ürünleri","Çok Amaçlı Lens Solüsyonları","","L3","YES","CANONICAL-001334","CONFIRMED — PRODUCT OWNER FINAL — CANONICAL V1","LEGAL_REVIEW_REQUIRED","YES","NO","NO","docs/TAXONOMY_W33_RESOLVED_UNIFIED_CANDIDATE_TREE.csv [BATCH_03]","1","Exact source row; Wave 15 Batch 03 proposal; Wave 32 finalization candidate; OM-R06=B; OM-R07=B; OM-R10=A. Canonical existence does not authorize runtime assignment or pilot activation; professional/policy gate remains open."
"CANONICAL-001336","Gözlük & Optik","Kontakt Lens Bakım Ürünleri","Kontakt Lens Kapları","","L3","YES","CANONICAL-001334","CONFIRMED — PRODUCT OWNER FINAL — CANONICAL V1","REGULATED","YES","NO","NO","docs/TAXONOMY_W33_RESOLVED_UNIFIED_CANDIDATE_TREE.csv [BATCH_03]","1","Exact source row; Wave 15 Batch 03 proposal; Wave 32 finalization candidate; OM-R06=B; OM-R07=B; OM-R10=A. Canonical existence does not authorize runtime assignment or pilot activation; professional/policy gate remains open."
"CANONICAL-001337","Gözlük & Optik","Kontakt Lens Bakım Ürünleri","Lens Durulama & Salin Ürünleri","","L3","YES","CANONICAL-001334","CONFIRMED — PRODUCT OWNER FINAL — CANONICAL V1","LEGAL_REVIEW_REQUIRED","YES","NO","NO","docs/TAXONOMY_W33_RESOLVED_UNIFIED_CANDIDATE_TREE.csv [BATCH_03]","1","Exact source row; Wave 15 Batch 03 proposal; Wave 32 finalization candidate; OM-R06=B; OM-R07=B; OM-R10=A. Canonical existence does not authorize runtime assignment or pilot activation; professional/policy gate remains open."
"CANONICAL-001338","Gözlük & Optik","Kontakt Lens Bakım Ürünleri","Peroksitli Lens Bakım Sistemleri","","L3","YES","CANONICAL-001334","CONFIRMED — PRODUCT OWNER FINAL — CANONICAL V1","LEGAL_REVIEW_REQUIRED","YES","NO","NO","docs/TAXONOMY_W33_RESOLVED_UNIFIED_CANDIDATE_TREE.csv [BATCH_03]","1","Exact source row; Wave 15 Batch 03 proposal; Wave 32 finalization candidate; OM-R06=B; OM-R07=B; OM-R10=A. Canonical existence does not authorize runtime assignment or pilot activation; professional/policy gate remains open."
"CANONICAL-001339","Gözlük & Optik","Gözlük & Optik Aksesuarları","","","L2","NO","CANONICAL-001315","CONFIRMED — PRODUCT OWNER FINAL — CANONICAL V1","REGULATED","YES","NO","NO","docs/TAXONOMY_W33_RESOLVED_UNIFIED_CANDIDATE_TREE.csv [BATCH_03]","1","Exact source row; Wave 15 Batch 03 proposal; Wave 32 finalization candidate; OM-R06=B; OM-R07=B; OM-R10=A. Canonical existence does not authorize runtime assignment or pilot activation; professional/policy gate remains open."
"CANONICAL-001340","Gözlük & Optik","Gözlük & Optik Aksesuarları","Gözlük Kılıfları","","L3","YES","CANONICAL-001339","CONFIRMED — PRODUCT OWNER FINAL — CANONICAL V1","NORMAL","NO","NO","NO","docs/TAXONOMY_W33_RESOLVED_UNIFIED_CANDIDATE_TREE.csv [BATCH_03]","1","Exact source row; Wave 15 Batch 03 proposal; Wave 32 finalization candidate; OM-R06=B; OM-R07=B; OM-R10=A."
"CANONICAL-001341","Gözlük & Optik","Gözlük & Optik Aksesuarları","Gözlük Temizlik Bezleri & Kitleri","","L3","YES","CANONICAL-001339","CONFIRMED — PRODUCT OWNER FINAL — CANONICAL V1","REGULATED","YES","NO","NO","docs/TAXONOMY_W33_RESOLVED_UNIFIED_CANDIDATE_TREE.csv [BATCH_03]","1","Exact source row; Wave 15 Batch 03 proposal; Wave 32 finalization candidate; OM-R06=B; OM-R07=B; OM-R10=A. Canonical existence does not authorize runtime assignment or pilot activation; professional/policy gate remains open."
"CANONICAL-001342","Gözlük & Optik","Gözlük & Optik Aksesuarları","Gözlük Zincirleri & İpleri","","L3","YES","CANONICAL-001339","CONFIRMED — PRODUCT OWNER FINAL — CANONICAL V1","NORMAL","NO","NO","NO","docs/TAXONOMY_W33_RESOLVED_UNIFIED_CANDIDATE_TREE.csv [BATCH_03]","0","Exact source row; Wave 15 Batch 03 proposal; Wave 32 finalization candidate; OM-R06=B; OM-R07=B; OM-R10=A."
"CANONICAL-001343","Gözlük & Optik","Gözlük & Optik Aksesuarları","Tüketici Tipi Gözlük Tamir Parçaları","","L3","YES","CANONICAL-001339","CONFIRMED — PRODUCT OWNER FINAL — CANONICAL V1","REGULATED","YES","NO","NO","docs/TAXONOMY_W33_RESOLVED_UNIFIED_CANDIDATE_TREE.csv [BATCH_03]","0","Exact source row; Wave 15 Batch 03 proposal; Wave 32 finalization candidate; OM-R06=B; OM-R07=B; OM-R10=A. Canonical existence does not authorize runtime assignment or pilot activation; professional/policy gate remains open."
"CANONICAL-001344","Saat & Takı","","","","L1","NO","","CONFIRMED — PRODUCT OWNER FINAL — CANONICAL V1","NORMAL","NO","NO","NO","docs/ESNAFTAVAR_CANONICAL_CATEGORY_TAXONOMY.md","1","Canonical L1 root; never product-assignable; pilot activation requires at least one eligible descendant and a separate runtime decision."
"CANONICAL-001345","Saat & Takı","Klasik Kol Saatleri","","","L2","NO","CANONICAL-001344","CONFIRMED — PRODUCT OWNER FINAL — CANONICAL V1","LEGAL_REVIEW_REQUIRED","YES","NO","NO","docs/TAXONOMY_W33_RESOLVED_UNIFIED_CANDIDATE_TREE.csv [BATCH_03]","1","Exact source row; Wave 15 Batch 03 proposal; Wave 32 finalization candidate; OM-R06=B; OM-R07=B; OM-R10=A. Canonical existence does not authorize runtime assignment or pilot activation; professional/policy gate remains open."
"CANONICAL-001346","Saat & Takı","Klasik Kol Saatleri","Analog Kol Saatleri","","L3","YES","CANONICAL-001345","CONFIRMED — PRODUCT OWNER FINAL — CANONICAL V1","LEGAL_REVIEW_REQUIRED","YES","NO","NO","docs/TAXONOMY_W33_RESOLVED_UNIFIED_CANDIDATE_TREE.csv [BATCH_03]","1","Exact source row; Wave 15 Batch 03 proposal; Wave 32 finalization candidate; OM-R06=B; OM-R07=B; OM-R10=A. Canonical existence does not authorize runtime assignment or pilot activation; professional/policy gate remains open."
"CANONICAL-001347","Saat & Takı","Klasik Kol Saatleri","Klasik Dijital Kol Saatleri","","L3","YES","CANONICAL-001345","CONFIRMED — PRODUCT OWNER FINAL — CANONICAL V1","LEGAL_REVIEW_REQUIRED","YES","NO","NO","docs/TAXONOMY_W33_RESOLVED_UNIFIED_CANDIDATE_TREE.csv [BATCH_03]","0","Exact source row; Wave 15 Batch 03 proposal; Wave 32 finalization candidate; OM-R06=B; OM-R07=B; OM-R10=A. Canonical existence does not authorize runtime assignment or pilot activation; professional/policy gate remains open."
"CANONICAL-001348","Saat & Takı","Klasik Kol Saatleri","Mekanik & Otomatik Kol Saatleri","","L3","YES","CANONICAL-001345","CONFIRMED — PRODUCT OWNER FINAL — CANONICAL V1","LEGAL_REVIEW_REQUIRED","YES","NO","NO","docs/TAXONOMY_W33_RESOLVED_UNIFIED_CANDIDATE_TREE.csv [BATCH_03]","0","Exact source row; Wave 15 Batch 03 proposal; Wave 32 finalization candidate; OM-R06=B; OM-R07=B; OM-R10=A. Canonical existence does not authorize runtime assignment or pilot activation; professional/policy gate remains open."
"CANONICAL-001349","Saat & Takı","Cep Saatleri","","","L2","YES","CANONICAL-001344","CONFIRMED — PRODUCT OWNER FINAL — CANONICAL V1","LEGAL_REVIEW_REQUIRED","YES","NO","NO","docs/TAXONOMY_W33_RESOLVED_UNIFIED_CANDIDATE_TREE.csv [BATCH_03]","2","Exact source row; Wave 15 Batch 03 proposal; Wave 32 finalization candidate; OM-R06=B; OM-R07=B; OM-R10=A. Canonical existence does not authorize runtime assignment or pilot activation; professional/policy gate remains open."
"CANONICAL-001350","Saat & Takı","Saat Kayışları & Aksesuarları","","","L2","NO","CANONICAL-001344","CONFIRMED — PRODUCT OWNER FINAL — CANONICAL V1","LEGAL_REVIEW_REQUIRED","YES","NO","NO","docs/TAXONOMY_W33_RESOLVED_UNIFIED_CANDIDATE_TREE.csv [BATCH_03]","1","Exact source row; Wave 15 Batch 03 proposal; Wave 32 finalization candidate; OM-R06=B; OM-R07=B; OM-R10=A. Canonical existence does not authorize runtime assignment or pilot activation; professional/policy gate remains open."
"CANONICAL-001351","Saat & Takı","Saat Kayışları & Aksesuarları","Saat Kayışları & Kordonları","","L3","YES","CANONICAL-001350","CONFIRMED — PRODUCT OWNER FINAL — CANONICAL V1","NORMAL","NO","NO","NO","docs/TAXONOMY_W33_RESOLVED_UNIFIED_CANDIDATE_TREE.csv [BATCH_03]","1","Exact source row; Wave 15 Batch 03 proposal; Wave 32 finalization candidate; OM-R06=B; OM-R07=B; OM-R10=A."
"CANONICAL-001352","Saat & Takı","Saat Kayışları & Aksesuarları","Saat Pili & Bakım Ürünleri","","L3","YES","CANONICAL-001350","CONFIRMED — PRODUCT OWNER FINAL — CANONICAL V1","LEGAL_REVIEW_REQUIRED","YES","NO","NO","docs/TAXONOMY_W33_RESOLVED_UNIFIED_CANDIDATE_TREE.csv [BATCH_03]","1","Exact source row; Wave 15 Batch 03 proposal; Wave 32 finalization candidate; OM-R06=B; OM-R07=B; OM-R10=A. Canonical existence does not authorize runtime assignment or pilot activation; professional/policy gate remains open."
"CANONICAL-001353","Saat & Takı","Saat Kayışları & Aksesuarları","Saat Saklama & Kurma Ürünleri","","L3","YES","CANONICAL-001350","CONFIRMED — PRODUCT OWNER FINAL — CANONICAL V1","REGULATED","YES","NO","NO","docs/TAXONOMY_W33_RESOLVED_UNIFIED_CANDIDATE_TREE.csv [BATCH_03]","1","Exact source row; Wave 15 Batch 03 proposal; Wave 32 finalization candidate; OM-R06=B; OM-R07=B; OM-R10=A. Canonical existence does not authorize runtime assignment or pilot activation; professional/policy gate remains open."
"CANONICAL-001354","Saat & Takı","Saat Kayışları & Aksesuarları","Tüketici Tipi Saat Tamir Parçaları","","L3","YES","CANONICAL-001350","CONFIRMED — PRODUCT OWNER FINAL — CANONICAL V1","REGULATED","YES","NO","NO","docs/TAXONOMY_W33_RESOLVED_UNIFIED_CANDIDATE_TREE.csv [BATCH_03]","0","Exact source row; Wave 15 Batch 03 proposal; Wave 32 finalization candidate; OM-R06=B; OM-R07=B; OM-R10=A. Canonical existence does not authorize runtime assignment or pilot activation; professional/policy gate remains open."
"CANONICAL-001355","Saat & Takı","Kolyeler & Takı Uçları","","","L2","NO","CANONICAL-001344","CONFIRMED — PRODUCT OWNER FINAL — CANONICAL V1","LEGAL_REVIEW_REQUIRED","YES","NO","NO","docs/TAXONOMY_W33_RESOLVED_UNIFIED_CANDIDATE_TREE.csv [BATCH_03]","1","Exact source row; Wave 15 Batch 03 proposal; Wave 32 finalization candidate; OM-R06=B; OM-R07=B; OM-R10=A. Canonical existence does not authorize runtime assignment or pilot activation; professional/policy gate remains open."
"CANONICAL-001356","Saat & Takı","Kolyeler & Takı Uçları","Kolyeler & Zincirler","","L3","YES","CANONICAL-001355","CONFIRMED — PRODUCT OWNER FINAL — CANONICAL V1","LEGAL_REVIEW_REQUIRED","YES","NO","NO","docs/TAXONOMY_W33_RESOLVED_UNIFIED_CANDIDATE_TREE.csv [BATCH_03]","1","Exact source row; Wave 15 Batch 03 proposal; Wave 32 finalization candidate; OM-R06=B; OM-R07=B; OM-R10=A. Canonical existence does not authorize runtime assignment or pilot activation; professional/policy gate remains open."
"CANONICAL-001357","Saat & Takı","Kolyeler & Takı Uçları","Takı Uçları & Charmlar","","L3","YES","CANONICAL-001355","CONFIRMED — PRODUCT OWNER FINAL — CANONICAL V1","LEGAL_REVIEW_REQUIRED","YES","NO","NO","docs/TAXONOMY_W33_RESOLVED_UNIFIED_CANDIDATE_TREE.csv [BATCH_03]","1","Exact source row; Wave 15 Batch 03 proposal; Wave 32 finalization candidate; OM-R06=B; OM-R07=B; OM-R10=A. Canonical existence does not authorize runtime assignment or pilot activation; professional/policy gate remains open."
"CANONICAL-001358","Saat & Takı","Küpeler","","","L2","NO","CANONICAL-001344","CONFIRMED — PRODUCT OWNER FINAL — CANONICAL V1","LEGAL_REVIEW_REQUIRED","YES","NO","NO","docs/TAXONOMY_W33_RESOLVED_UNIFIED_CANDIDATE_TREE.csv [BATCH_03]","1","Exact source row; Wave 15 Batch 03 proposal; Wave 32 finalization candidate; OM-R06=B; OM-R07=B; OM-R10=A. Canonical existence does not authorize runtime assignment or pilot activation; professional/policy gate remains open."
"CANONICAL-001359","Saat & Takı","Küpeler","Çivi Küpeler","","L3","YES","CANONICAL-001358","CONFIRMED — PRODUCT OWNER FINAL — CANONICAL V1","LEGAL_REVIEW_REQUIRED","YES","NO","NO","docs/TAXONOMY_W33_RESOLVED_UNIFIED_CANDIDATE_TREE.csv [BATCH_03]","1","Exact source row; Wave 15 Batch 03 proposal; Wave 32 finalization candidate; OM-R06=B; OM-R07=B; OM-R10=A. Canonical existence does not authorize runtime assignment or pilot activation; professional/policy gate remains open."
"CANONICAL-001360","Saat & Takı","Küpeler","Ear Cuff & Kulak Aksesuarları","","L3","YES","CANONICAL-001358","CONFIRMED — PRODUCT OWNER FINAL — CANONICAL V1","LEGAL_REVIEW_REQUIRED","YES","NO","NO","docs/TAXONOMY_W33_RESOLVED_UNIFIED_CANDIDATE_TREE.csv [BATCH_03]","0","Exact source row; Wave 15 Batch 03 proposal; Wave 32 finalization candidate; OM-R06=B; OM-R07=B; OM-R10=A. Canonical existence does not authorize runtime assignment or pilot activation; professional/policy gate remains open."
"CANONICAL-001361","Saat & Takı","Küpeler","Halka Küpeler","","L3","YES","CANONICAL-001358","CONFIRMED — PRODUCT OWNER FINAL — CANONICAL V1","LEGAL_REVIEW_REQUIRED","YES","NO","NO","docs/TAXONOMY_W33_RESOLVED_UNIFIED_CANDIDATE_TREE.csv [BATCH_03]","0","Exact source row; Wave 15 Batch 03 proposal; Wave 32 finalization candidate; OM-R06=B; OM-R07=B; OM-R10=A. Canonical existence does not authorize runtime assignment or pilot activation; professional/policy gate remains open."
"CANONICAL-001362","Saat & Takı","Küpeler","Sallantılı Küpeler","","L3","YES","CANONICAL-001358","CONFIRMED — PRODUCT OWNER FINAL — CANONICAL V1","LEGAL_REVIEW_REQUIRED","YES","NO","NO","docs/TAXONOMY_W33_RESOLVED_UNIFIED_CANDIDATE_TREE.csv [BATCH_03]","0","Exact source row; Wave 15 Batch 03 proposal; Wave 32 finalization candidate; OM-R06=B; OM-R07=B; OM-R10=A. Canonical existence does not authorize runtime assignment or pilot activation; professional/policy gate remains open."
"CANONICAL-001363","Saat & Takı","Yüzükler","","","L2","NO","CANONICAL-001344","CONFIRMED — PRODUCT OWNER FINAL — CANONICAL V1","LEGAL_REVIEW_REQUIRED","YES","NO","NO","docs/TAXONOMY_W33_RESOLVED_UNIFIED_CANDIDATE_TREE.csv [BATCH_03]","1","Exact source row; Wave 15 Batch 03 proposal; Wave 32 finalization candidate; OM-R06=B; OM-R07=B; OM-R10=A. Canonical existence does not authorize runtime assignment or pilot activation; professional/policy gate remains open."
"CANONICAL-001364","Saat & Takı","Yüzükler","Ayarlanabilir Yüzükler","","L3","YES","CANONICAL-001363","CONFIRMED — PRODUCT OWNER FINAL — CANONICAL V1","LEGAL_REVIEW_REQUIRED","YES","NO","NO","docs/TAXONOMY_W33_RESOLVED_UNIFIED_CANDIDATE_TREE.csv [BATCH_03]","1","Exact source row; Wave 15 Batch 03 proposal; Wave 32 finalization candidate; OM-R06=B; OM-R07=B; OM-R10=A. Canonical existence does not authorize runtime assignment or pilot activation; professional/policy gate remains open."
"CANONICAL-001365","Saat & Takı","Yüzükler","Sade & Bant Yüzükler","","L3","YES","CANONICAL-001363","CONFIRMED — PRODUCT OWNER FINAL — CANONICAL V1","LEGAL_REVIEW_REQUIRED","YES","NO","NO","docs/TAXONOMY_W33_RESOLVED_UNIFIED_CANDIDATE_TREE.csv [BATCH_03]","0","Exact source row; Wave 15 Batch 03 proposal; Wave 32 finalization candidate; OM-R06=B; OM-R07=B; OM-R10=A. Canonical existence does not authorize runtime assignment or pilot activation; professional/policy gate remains open."
"CANONICAL-001366","Saat & Takı","Yüzükler","Taşlı Yüzükler","","L3","YES","CANONICAL-001363","CONFIRMED — PRODUCT OWNER FINAL — CANONICAL V1","LEGAL_REVIEW_REQUIRED","YES","NO","NO","docs/TAXONOMY_W33_RESOLVED_UNIFIED_CANDIDATE_TREE.csv [BATCH_03]","0","Exact source row; Wave 15 Batch 03 proposal; Wave 32 finalization candidate; OM-R06=B; OM-R07=B; OM-R10=A. Canonical existence does not authorize runtime assignment or pilot activation; professional/policy gate remains open."
"CANONICAL-001367","Saat & Takı","Bileklik, Bilezik & Halhallar","","","L2","NO","CANONICAL-001344","CONFIRMED — PRODUCT OWNER FINAL — CANONICAL V1","LEGAL_REVIEW_REQUIRED","YES","NO","NO","docs/TAXONOMY_W33_RESOLVED_UNIFIED_CANDIDATE_TREE.csv [BATCH_03]","1","Exact source row; Wave 15 Batch 03 proposal; Wave 32 finalization candidate; OM-R06=B; OM-R07=B; OM-R10=A. Canonical existence does not authorize runtime assignment or pilot activation; professional/policy gate remains open."
"CANONICAL-001368","Saat & Takı","Bileklik, Bilezik & Halhallar","Bileklikler","","L3","YES","CANONICAL-001367","CONFIRMED — PRODUCT OWNER FINAL — CANONICAL V1","LEGAL_REVIEW_REQUIRED","YES","NO","NO","docs/TAXONOMY_W33_RESOLVED_UNIFIED_CANDIDATE_TREE.csv [BATCH_03]","1","Exact source row; Wave 15 Batch 03 proposal; Wave 32 finalization candidate; OM-R06=B; OM-R07=B; OM-R10=A. Canonical existence does not authorize runtime assignment or pilot activation; professional/policy gate remains open."
"CANONICAL-001369","Saat & Takı","Bileklik, Bilezik & Halhallar","Bilezikler","","L3","YES","CANONICAL-001367","CONFIRMED — PRODUCT OWNER FINAL — CANONICAL V1","LEGAL_REVIEW_REQUIRED","YES","NO","NO","docs/TAXONOMY_W33_RESOLVED_UNIFIED_CANDIDATE_TREE.csv [BATCH_03]","0","Exact source row; Wave 15 Batch 03 proposal; Wave 32 finalization candidate; OM-R06=B; OM-R07=B; OM-R10=A. Canonical existence does not authorize runtime assignment or pilot activation; professional/policy gate remains open."
"CANONICAL-001370","Saat & Takı","Bileklik, Bilezik & Halhallar","Halhallar","","L3","YES","CANONICAL-001367","CONFIRMED — PRODUCT OWNER FINAL — CANONICAL V1","LEGAL_REVIEW_REQUIRED","YES","NO","NO","docs/TAXONOMY_W33_RESOLVED_UNIFIED_CANDIDATE_TREE.csv [BATCH_03]","1","Exact source row; Wave 15 Batch 03 proposal; Wave 32 finalization candidate; OM-R06=B; OM-R07=B; OM-R10=A. Canonical existence does not authorize runtime assignment or pilot activation; professional/policy gate remains open."
"CANONICAL-001371","Saat & Takı","Broş & Giyim Takıları","","","L2","NO","CANONICAL-001344","CONFIRMED — PRODUCT OWNER FINAL — CANONICAL V1","LEGAL_REVIEW_REQUIRED","YES","NO","NO","docs/TAXONOMY_W33_RESOLVED_UNIFIED_CANDIDATE_TREE.csv [BATCH_03]","1","Exact source row; Wave 15 Batch 03 proposal; Wave 32 finalization candidate; OM-R06=B; OM-R07=B; OM-R10=A. Canonical existence does not authorize runtime assignment or pilot activation; professional/policy gate remains open."
"CANONICAL-001372","Saat & Takı","Broş & Giyim Takıları","Broş & Rozetler","","L3","YES","CANONICAL-001371","CONFIRMED — PRODUCT OWNER FINAL — CANONICAL V1","LEGAL_REVIEW_REQUIRED","YES","NO","NO","docs/TAXONOMY_W33_RESOLVED_UNIFIED_CANDIDATE_TREE.csv [BATCH_03]","1","Exact source row; Wave 15 Batch 03 proposal; Wave 32 finalization candidate; OM-R06=B; OM-R07=B; OM-R10=A. Canonical existence does not authorize runtime assignment or pilot activation; professional/policy gate remains open."
"CANONICAL-001373","Saat & Takı","Broş & Giyim Takıları","Kol Düğmeleri","","L3","YES","CANONICAL-001371","CONFIRMED — PRODUCT OWNER FINAL — CANONICAL V1","LEGAL_REVIEW_REQUIRED","YES","NO","NO","docs/TAXONOMY_W33_RESOLVED_UNIFIED_CANDIDATE_TREE.csv [BATCH_03]","0","Exact source row; Wave 15 Batch 03 proposal; Wave 32 finalization candidate; OM-R06=B; OM-R07=B; OM-R10=A. Canonical existence does not authorize runtime assignment or pilot activation; professional/policy gate remains open."
"CANONICAL-001374","Saat & Takı","Broş & Giyim Takıları","Kravat Takıları","","L3","YES","CANONICAL-001371","CONFIRMED — PRODUCT OWNER FINAL — CANONICAL V1","LEGAL_REVIEW_REQUIRED","YES","NO","NO","docs/TAXONOMY_W33_RESOLVED_UNIFIED_CANDIDATE_TREE.csv [BATCH_03]","0","Exact source row; Wave 15 Batch 03 proposal; Wave 32 finalization candidate; OM-R06=B; OM-R07=B; OM-R10=A. Canonical existence does not authorize runtime assignment or pilot activation; professional/policy gate remains open."
"CANONICAL-001375","Saat & Takı","Vücut Takıları","","","L2","NO","CANONICAL-001344","CONFIRMED — PRODUCT OWNER FINAL — CANONICAL V1","LEGAL_REVIEW_REQUIRED","YES","NO","NO","docs/TAXONOMY_W33_RESOLVED_UNIFIED_CANDIDATE_TREE.csv [BATCH_03]","1","Exact source row; Wave 15 Batch 03 proposal; Wave 32 finalization candidate; OM-R06=B; OM-R07=B; OM-R10=A. Canonical existence does not authorize runtime assignment or pilot activation; professional/policy gate remains open."
"CANONICAL-001376","Saat & Takı","Vücut Takıları","Burun Takıları","","L3","YES","CANONICAL-001375","CONFIRMED — PRODUCT OWNER FINAL — CANONICAL V1","LEGAL_REVIEW_REQUIRED","YES","NO","NO","docs/TAXONOMY_W33_RESOLVED_UNIFIED_CANDIDATE_TREE.csv [BATCH_03]","0","Exact source row; Wave 15 Batch 03 proposal; Wave 32 finalization candidate; OM-R06=B; OM-R07=B; OM-R10=A. Canonical existence does not authorize runtime assignment or pilot activation; professional/policy gate remains open."
"CANONICAL-001377","Saat & Takı","Vücut Takıları","Diğer Vücut Takıları","","L3","YES","CANONICAL-001375","CONFIRMED — PRODUCT OWNER FINAL — CANONICAL V1","LEGAL_REVIEW_REQUIRED","YES","NO","NO","docs/TAXONOMY_W33_RESOLVED_UNIFIED_CANDIDATE_TREE.csv [BATCH_03]","0","Exact source row; Wave 15 Batch 03 proposal; Wave 32 finalization candidate; OM-R06=B; OM-R07=B; OM-R10=A. Canonical existence does not authorize runtime assignment or pilot activation; professional/policy gate remains open."
"CANONICAL-001378","Saat & Takı","Vücut Takıları","Göbek Takıları","","L3","YES","CANONICAL-001375","CONFIRMED — PRODUCT OWNER FINAL — CANONICAL V1","LEGAL_REVIEW_REQUIRED","YES","NO","NO","docs/TAXONOMY_W33_RESOLVED_UNIFIED_CANDIDATE_TREE.csv [BATCH_03]","0","Exact source row; Wave 15 Batch 03 proposal; Wave 32 finalization candidate; OM-R06=B; OM-R07=B; OM-R10=A. Canonical existence does not authorize runtime assignment or pilot activation; professional/policy gate remains open."
"CANONICAL-001379","Saat & Takı","Vücut Takıları","Piercing Takıları","","L3","YES","CANONICAL-001375","CONFIRMED — PRODUCT OWNER FINAL — CANONICAL V1","LEGAL_REVIEW_REQUIRED","YES","NO","NO","docs/TAXONOMY_W33_RESOLVED_UNIFIED_CANDIDATE_TREE.csv [BATCH_03]","1","Exact source row; Wave 15 Batch 03 proposal; Wave 32 finalization candidate; OM-R06=B; OM-R07=B; OM-R10=A. Canonical existence does not authorize runtime assignment or pilot activation; professional/policy gate remains open."
"CANONICAL-001380","Saat & Takı","Takı Aksesuarları & Saklama","","","L2","NO","CANONICAL-001344","CONFIRMED — PRODUCT OWNER FINAL — CANONICAL V1","LEGAL_REVIEW_REQUIRED","YES","NO","NO","docs/TAXONOMY_W33_RESOLVED_UNIFIED_CANDIDATE_TREE.csv [BATCH_03]","1","Exact source row; Wave 15 Batch 03 proposal; Wave 32 finalization candidate; OM-R06=B; OM-R07=B; OM-R10=A. Canonical existence does not authorize runtime assignment or pilot activation; professional/policy gate remains open."
"CANONICAL-001381","Saat & Takı","Takı Aksesuarları & Saklama","Seyahat Tipi Takı Saklama","","L3","YES","CANONICAL-001380","CONFIRMED — PRODUCT OWNER FINAL — CANONICAL V1","NORMAL","NO","NO","NO","docs/TAXONOMY_W33_RESOLVED_UNIFIED_CANDIDATE_TREE.csv [BATCH_03]","0","Exact source row; Wave 15 Batch 03 proposal; Wave 32 finalization candidate; OM-R06=B; OM-R07=B; OM-R10=A."
"CANONICAL-001382","Saat & Takı","Takı Aksesuarları & Saklama","Takı Kutuları & Organizerler","","L3","YES","CANONICAL-001380","CONFIRMED — PRODUCT OWNER FINAL — CANONICAL V1","NORMAL","NO","NO","NO","docs/TAXONOMY_W33_RESOLVED_UNIFIED_CANDIDATE_TREE.csv [BATCH_03]","1","Exact source row; Wave 15 Batch 03 proposal; Wave 32 finalization candidate; OM-R06=B; OM-R07=B; OM-R10=A."
"CANONICAL-001383","Saat & Takı","Takı Aksesuarları & Saklama","Takı Standları","","L3","YES","CANONICAL-001380","CONFIRMED — PRODUCT OWNER FINAL — CANONICAL V1","NORMAL","NO","NO","NO","docs/TAXONOMY_W33_RESOLVED_UNIFIED_CANDIDATE_TREE.csv [BATCH_03]","0","Exact source row; Wave 15 Batch 03 proposal; Wave 32 finalization candidate; OM-R06=B; OM-R07=B; OM-R10=A."
"CANONICAL-001384","Saat & Takı","Takı Aksesuarları & Saklama","Takı Temizlik & Bakım Ürünleri","","L3","YES","CANONICAL-001380","CONFIRMED — PRODUCT OWNER FINAL — CANONICAL V1","LEGAL_REVIEW_REQUIRED","YES","NO","NO","docs/TAXONOMY_W33_RESOLVED_UNIFIED_CANDIDATE_TREE.csv [BATCH_03]","1","Exact source row; Wave 15 Batch 03 proposal; Wave 32 finalization candidate; OM-R06=B; OM-R07=B; OM-R10=A. Canonical existence does not authorize runtime assignment or pilot activation; professional/policy gate remains open."
"CANONICAL-001385","Saat & Takı","Takı Yapım Malzemeleri","","","L2","NO","CANONICAL-001344","CONFIRMED — PRODUCT OWNER FINAL — CANONICAL V1","REGULATED","YES","NO","NO","docs/TAXONOMY_W33_RESOLVED_UNIFIED_CANDIDATE_TREE.csv [BATCH_03]","1","Exact source row; Wave 15 Batch 03 proposal; Wave 32 finalization candidate; OM-R06=B; OM-R07=B; OM-R10=A. Canonical existence does not authorize runtime assignment or pilot activation; professional/policy gate remains open."
"CANONICAL-001386","Saat & Takı","Takı Yapım Malzemeleri","Boncuklar","","L3","YES","CANONICAL-001385","CONFIRMED — PRODUCT OWNER FINAL — CANONICAL V1","REGULATED","YES","NO","NO","docs/TAXONOMY_W33_RESOLVED_UNIFIED_CANDIDATE_TREE.csv [BATCH_03]","0","Exact source row; Wave 15 Batch 03 proposal; Wave 32 finalization candidate; OM-R06=B; OM-R07=B; OM-R10=A. Canonical existence does not authorize runtime assignment or pilot activation; professional/policy gate remains open."
"CANONICAL-001387","Saat & Takı","Takı Yapım Malzemeleri","Boş Takı Yuvaları & Tabanları","","L3","YES","CANONICAL-001385","CONFIRMED — PRODUCT OWNER FINAL — CANONICAL V1","REGULATED","YES","NO","NO","docs/TAXONOMY_W33_RESOLVED_UNIFIED_CANDIDATE_TREE.csv [BATCH_03]","0","Exact source row; Wave 15 Batch 03 proposal; Wave 32 finalization candidate; OM-R06=B; OM-R07=B; OM-R10=A. Canonical existence does not authorize runtime assignment or pilot activation; professional/policy gate remains open."
"CANONICAL-001388","Saat & Takı","Takı Yapım Malzemeleri","Kapama, Halka & Bağlantılar","","L3","YES","CANONICAL-001385","CONFIRMED — PRODUCT OWNER FINAL — CANONICAL V1","REGULATED","YES","NO","NO","docs/TAXONOMY_W33_RESOLVED_UNIFIED_CANDIDATE_TREE.csv [BATCH_03]","0","Exact source row; Wave 15 Batch 03 proposal; Wave 32 finalization candidate; OM-R06=B; OM-R07=B; OM-R10=A. Canonical existence does not authorize runtime assignment or pilot activation; professional/policy gate remains open."
"CANONICAL-001389","Saat & Takı","Takı Yapım Malzemeleri","Takı Teli, İpi & Misinası","","L3","YES","CANONICAL-001385","CONFIRMED — PRODUCT OWNER FINAL — CANONICAL V1","NORMAL","NO","NO","NO","docs/TAXONOMY_W33_RESOLVED_UNIFIED_CANDIDATE_TREE.csv [BATCH_03]","0","Exact source row; Wave 15 Batch 03 proposal; Wave 32 finalization candidate; OM-R06=B; OM-R07=B; OM-R10=A."
"CANONICAL-001390","Saat & Takı","Takı Yapım Malzemeleri","Takı Zinciri & Bileşenleri","","L3","YES","CANONICAL-001385","CONFIRMED — PRODUCT OWNER FINAL — CANONICAL V1","REGULATED","YES","NO","NO","docs/TAXONOMY_W33_RESOLVED_UNIFIED_CANDIDATE_TREE.csv [BATCH_03]","0","Exact source row; Wave 15 Batch 03 proposal; Wave 32 finalization candidate; OM-R06=B; OM-R07=B; OM-R10=A. Canonical existence does not authorize runtime assignment or pilot activation; professional/policy gate remains open."
"CANONICAL-001391","Sağlık & Medikal","","","","L1","NO","","CONFIRMED — PRODUCT OWNER FINAL — CANONICAL V1","NORMAL","NO","NO","NO","docs/ESNAFTAVAR_CANONICAL_CATEGORY_TAXONOMY.md","1","Canonical L1 root; never product-assignable; pilot activation requires at least one eligible descendant and a separate runtime decision."
"CANONICAL-001392","Sağlık & Medikal","İlk Yardım & Yara Bakımı","","","L2","NO","CANONICAL-001391","CONFIRMED — PRODUCT OWNER FINAL — CANONICAL V1","LEGAL_REVIEW_REQUIRED","YES","NO","NO","docs/TAXONOMY_W33_RESOLVED_UNIFIED_CANDIDATE_TREE.csv [BATCH_03]","1","Exact source row; Wave 15 Batch 03 proposal; Wave 32 finalization candidate; OM-R06=B; OM-R07=B; OM-R10=A. Canonical existence does not authorize runtime assignment or pilot activation; professional/policy gate remains open."
"CANONICAL-001393","Sağlık & Medikal","İlk Yardım & Yara Bakımı","Bandaj & Flasterler","","L3","YES","CANONICAL-001392","CONFIRMED — PRODUCT OWNER FINAL — CANONICAL V1","LEGAL_REVIEW_REQUIRED","YES","NO","NO","docs/TAXONOMY_W33_RESOLVED_UNIFIED_CANDIDATE_TREE.csv [BATCH_03]","1","Exact source row; Wave 15 Batch 03 proposal; Wave 32 finalization candidate; OM-R06=B; OM-R07=B; OM-R10=A. Canonical existence does not authorize runtime assignment or pilot activation; professional/policy gate remains open."
"CANONICAL-001394","Sağlık & Medikal","İlk Yardım & Yara Bakımı","İlk Yardım Setleri","","L3","YES","CANONICAL-001392","CONFIRMED — PRODUCT OWNER FINAL — CANONICAL V1","LEGAL_REVIEW_REQUIRED","YES","NO","NO","docs/TAXONOMY_W33_RESOLVED_UNIFIED_CANDIDATE_TREE.csv [BATCH_03]","1","Exact source row; Wave 15 Batch 03 proposal; Wave 32 finalization candidate; OM-R06=B; OM-R07=B; OM-R10=A. Canonical existence does not authorize runtime assignment or pilot activation; professional/policy gate remains open."
"CANONICAL-001395","Sağlık & Medikal","İlk Yardım & Yara Bakımı","Pansuman Aksesuarları","","L3","YES","CANONICAL-001392","CONFIRMED — PRODUCT OWNER FINAL — CANONICAL V1","LEGAL_REVIEW_REQUIRED","YES","NO","NO","docs/TAXONOMY_W33_RESOLVED_UNIFIED_CANDIDATE_TREE.csv [BATCH_03]","0","Exact source row; Wave 15 Batch 03 proposal; Wave 32 finalization candidate; OM-R06=B; OM-R07=B; OM-R10=A. Canonical existence does not authorize runtime assignment or pilot activation; professional/policy gate remains open."
"CANONICAL-001396","Sağlık & Medikal","İlk Yardım & Yara Bakımı","Steril Kompres & Yara Örtüleri","","L3","YES","CANONICAL-001392","CONFIRMED — PRODUCT OWNER FINAL — CANONICAL V1","LEGAL_REVIEW_REQUIRED","YES","NO","NO","docs/TAXONOMY_W33_RESOLVED_UNIFIED_CANDIDATE_TREE.csv [BATCH_03]","1","Exact source row; Wave 15 Batch 03 proposal; Wave 32 finalization candidate; OM-R06=B; OM-R07=B; OM-R10=A. Canonical existence does not authorize runtime assignment or pilot activation; professional/policy gate remains open."
"CANONICAL-001397","Sağlık & Medikal","Evde Sağlık Ölçüm Cihazları","","","L2","NO","CANONICAL-001391","CONFIRMED — PRODUCT OWNER FINAL — CANONICAL V1","LEGAL_REVIEW_REQUIRED","YES","NO","NO","docs/TAXONOMY_W33_RESOLVED_UNIFIED_CANDIDATE_TREE.csv [BATCH_03]","1","Exact source row; Wave 15 Batch 03 proposal; Wave 32 finalization candidate; OM-R06=B; OM-R07=B; OM-R10=A. Canonical existence does not authorize runtime assignment or pilot activation; professional/policy gate remains open."
"CANONICAL-001398","Sağlık & Medikal","Evde Sağlık Ölçüm Cihazları","Ateş Ölçerler","","L3","YES","CANONICAL-001397","CONFIRMED — PRODUCT OWNER FINAL — CANONICAL V1","LEGAL_REVIEW_REQUIRED","YES","NO","NO","docs/TAXONOMY_W33_RESOLVED_UNIFIED_CANDIDATE_TREE.csv [BATCH_03]","1","Exact source row; Wave 15 Batch 03 proposal; Wave 32 finalization candidate; OM-R06=B; OM-R07=B; OM-R10=A. Canonical existence does not authorize runtime assignment or pilot activation; professional/policy gate remains open."
"CANONICAL-001399","Sağlık & Medikal","Evde Sağlık Ölçüm Cihazları","Cihaza Özgü Ölçüm Sarf & Aksesuarları","","L3","YES","CANONICAL-001397","CONFIRMED — PRODUCT OWNER FINAL — CANONICAL V1","LEGAL_REVIEW_REQUIRED","YES","NO","NO","docs/TAXONOMY_W33_RESOLVED_UNIFIED_CANDIDATE_TREE.csv [BATCH_03]","0","Exact source row; Wave 15 Batch 03 proposal; Wave 32 finalization candidate; OM-R06=B; OM-R07=B; OM-R10=A. Canonical existence does not authorize runtime assignment or pilot activation; professional/policy gate remains open."
"CANONICAL-001400","Sağlık & Medikal","Evde Sağlık Ölçüm Cihazları","Glikoz Ölçüm Cihazları","","L3","YES","CANONICAL-001397","CONFIRMED — PRODUCT OWNER FINAL — CANONICAL V1","LEGAL_REVIEW_REQUIRED","YES","NO","NO","docs/TAXONOMY_W33_RESOLVED_UNIFIED_CANDIDATE_TREE.csv [BATCH_03]","1","Exact source row; Wave 15 Batch 03 proposal; Wave 32 finalization candidate; OM-R06=B; OM-R07=B; OM-R10=A. Canonical existence does not authorize runtime assignment or pilot activation; professional/policy gate remains open."
"CANONICAL-001401","Sağlık & Medikal","Evde Sağlık Ölçüm Cihazları","Pulse Oksimetreler","","L3","YES","CANONICAL-001397","CONFIRMED — PRODUCT OWNER FINAL — CANONICAL V1","LEGAL_REVIEW_REQUIRED","YES","NO","NO","docs/TAXONOMY_W33_RESOLVED_UNIFIED_CANDIDATE_TREE.csv [BATCH_03]","1","Exact source row; Wave 15 Batch 03 proposal; Wave 32 finalization candidate; OM-R06=B; OM-R07=B; OM-R10=A. Canonical existence does not authorize runtime assignment or pilot activation; professional/policy gate remains open."
"CANONICAL-001402","Sağlık & Medikal","Evde Sağlık Ölçüm Cihazları","Sağlık Tipi Vücut Ölçüm Cihazları","","L3","YES","CANONICAL-001397","CONFIRMED — PRODUCT OWNER FINAL — CANONICAL V1","LEGAL_REVIEW_REQUIRED","YES","NO","NO","docs/TAXONOMY_W33_RESOLVED_UNIFIED_CANDIDATE_TREE.csv [BATCH_03]","1","Exact source row; Wave 15 Batch 03 proposal; Wave 32 finalization candidate; OM-R06=B; OM-R07=B; OM-R10=A. Canonical existence does not authorize runtime assignment or pilot activation; professional/policy gate remains open."
"CANONICAL-001403","Sağlık & Medikal","Evde Sağlık Ölçüm Cihazları","Tansiyon Ölçüm Cihazları","","L3","YES","CANONICAL-001397","CONFIRMED — PRODUCT OWNER FINAL — CANONICAL V1","LEGAL_REVIEW_REQUIRED","YES","NO","NO","docs/TAXONOMY_W33_RESOLVED_UNIFIED_CANDIDATE_TREE.csv [BATCH_03]","1","Exact source row; Wave 15 Batch 03 proposal; Wave 32 finalization candidate; OM-R06=B; OM-R07=B; OM-R10=A. Canonical existence does not authorize runtime assignment or pilot activation; professional/policy gate remains open."
"CANONICAL-001404","Sağlık & Medikal","Ortopedik Destekler & Kompresyon","","","L2","NO","CANONICAL-001391","CONFIRMED — PRODUCT OWNER FINAL — CANONICAL V1","LEGAL_REVIEW_REQUIRED","YES","NO","NO","docs/TAXONOMY_W33_RESOLVED_UNIFIED_CANDIDATE_TREE.csv [BATCH_03]","1","Exact source row; Wave 15 Batch 03 proposal; Wave 32 finalization candidate; OM-R06=B; OM-R07=B; OM-R10=A. Canonical existence does not authorize runtime assignment or pilot activation; professional/policy gate remains open."
"CANONICAL-001405","Sağlık & Medikal","Ortopedik Destekler & Kompresyon","Atel & Sabitleyiciler","","L3","YES","CANONICAL-001404","CONFIRMED — PRODUCT OWNER FINAL — CANONICAL V1","LEGAL_REVIEW_REQUIRED","YES","NO","NO","docs/TAXONOMY_W33_RESOLVED_UNIFIED_CANDIDATE_TREE.csv [BATCH_03]","0","Exact source row; Wave 15 Batch 03 proposal; Wave 32 finalization candidate; OM-R06=B; OM-R07=B; OM-R10=A. Canonical existence does not authorize runtime assignment or pilot activation; professional/policy gate remains open."
"CANONICAL-001406","Sağlık & Medikal","Ortopedik Destekler & Kompresyon","Bel & Boyun Destekleri","","L3","YES","CANONICAL-001404","CONFIRMED — PRODUCT OWNER FINAL — CANONICAL V1","LEGAL_REVIEW_REQUIRED","YES","NO","NO","docs/TAXONOMY_W33_RESOLVED_UNIFIED_CANDIDATE_TREE.csv [BATCH_03]","2","Exact source row; Wave 15 Batch 03 proposal; Wave 32 finalization candidate; OM-R06=B; OM-R07=B; OM-R10=A. Canonical existence does not authorize runtime assignment or pilot activation; professional/policy gate remains open."
"CANONICAL-001407","Sağlık & Medikal","Ortopedik Destekler & Kompresyon","Diz, Ayak & Alt Ekstremite Destekleri","","L3","YES","CANONICAL-001404","CONFIRMED — PRODUCT OWNER FINAL — CANONICAL V1","LEGAL_REVIEW_REQUIRED","YES","NO","NO","docs/TAXONOMY_W33_RESOLVED_UNIFIED_CANDIDATE_TREE.csv [BATCH_03]","0","Exact source row; Wave 15 Batch 03 proposal; Wave 32 finalization candidate; OM-R06=B; OM-R07=B; OM-R10=A. Canonical existence does not authorize runtime assignment or pilot activation; professional/policy gate remains open."
"CANONICAL-001408","Sağlık & Medikal","Ortopedik Destekler & Kompresyon","El, Bilek, Dirsek & Omuz Destekleri","","L3","YES","CANONICAL-001404","CONFIRMED — PRODUCT OWNER FINAL — CANONICAL V1","LEGAL_REVIEW_REQUIRED","YES","NO","NO","docs/TAXONOMY_W33_RESOLVED_UNIFIED_CANDIDATE_TREE.csv [BATCH_03]","0","Exact source row; Wave 15 Batch 03 proposal; Wave 32 finalization candidate; OM-R06=B; OM-R07=B; OM-R10=A. Canonical existence does not authorize runtime assignment or pilot activation; professional/policy gate remains open."
"CANONICAL-001409","Sağlık & Medikal","Ortopedik Destekler & Kompresyon","Kompresyon Ürünleri","","L3","YES","CANONICAL-001404","CONFIRMED — PRODUCT OWNER FINAL — CANONICAL V1","LEGAL_REVIEW_REQUIRED","YES","NO","NO","docs/TAXONOMY_W33_RESOLVED_UNIFIED_CANDIDATE_TREE.csv [BATCH_03]","2","Exact source row; Wave 15 Batch 03 proposal; Wave 32 finalization candidate; OM-R06=B; OM-R07=B; OM-R10=A. Canonical existence does not authorize runtime assignment or pilot activation; professional/policy gate remains open."
"CANONICAL-001410","Sağlık & Medikal","Ortopedik Destekler & Kompresyon","Ortopedik Tabanlık & Ayak Destekleri","","L3","YES","CANONICAL-001404","CONFIRMED — PRODUCT OWNER FINAL — CANONICAL V1","LEGAL_REVIEW_REQUIRED","YES","NO","NO","docs/TAXONOMY_W33_RESOLVED_UNIFIED_CANDIDATE_TREE.csv [BATCH_03]","0","Exact source row; Wave 15 Batch 03 proposal; Wave 32 finalization candidate; OM-R06=B; OM-R07=B; OM-R10=A. Canonical existence does not authorize runtime assignment or pilot activation; professional/policy gate remains open."
"CANONICAL-001411","Sağlık & Medikal","Hareket & Mobilite Yardımcıları","","","L2","NO","CANONICAL-001391","CONFIRMED — PRODUCT OWNER FINAL — CANONICAL V1","LEGAL_REVIEW_REQUIRED","YES","NO","NO","docs/TAXONOMY_W33_RESOLVED_UNIFIED_CANDIDATE_TREE.csv [BATCH_03]","1","Exact source row; Wave 15 Batch 03 proposal; Wave 32 finalization candidate; OM-R06=B; OM-R07=B; OM-R10=A. Canonical existence does not authorize runtime assignment or pilot activation; professional/policy gate remains open."
"CANONICAL-001412","Sağlık & Medikal","Hareket & Mobilite Yardımcıları","Baston & Koltuk Değnekleri","","L3","YES","CANONICAL-001411","CONFIRMED — PRODUCT OWNER FINAL — CANONICAL V1","LEGAL_REVIEW_REQUIRED","YES","NO","NO","docs/TAXONOMY_W33_RESOLVED_UNIFIED_CANDIDATE_TREE.csv [BATCH_03]","1","Exact source row; Wave 15 Batch 03 proposal; Wave 32 finalization candidate; OM-R06=B; OM-R07=B; OM-R10=A. Canonical existence does not authorize runtime assignment or pilot activation; professional/policy gate remains open."
"CANONICAL-001413","Sağlık & Medikal","Hareket & Mobilite Yardımcıları","Mobilite Aksesuarları","","L3","YES","CANONICAL-001411","CONFIRMED — PRODUCT OWNER FINAL — CANONICAL V1","LEGAL_REVIEW_REQUIRED","YES","NO","NO","docs/TAXONOMY_W33_RESOLVED_UNIFIED_CANDIDATE_TREE.csv [BATCH_03]","0","Exact source row; Wave 15 Batch 03 proposal; Wave 32 finalization candidate; OM-R06=B; OM-R07=B; OM-R10=A. Canonical existence does not authorize runtime assignment or pilot activation; professional/policy gate remains open."
"CANONICAL-001414","Sağlık & Medikal","Hareket & Mobilite Yardımcıları","Tekerlekli Sandalyeler","","L3","YES","CANONICAL-001411","CONFIRMED — PRODUCT OWNER FINAL — CANONICAL V1","LEGAL_REVIEW_REQUIRED","YES","NO","NO","docs/TAXONOMY_W33_RESOLVED_UNIFIED_CANDIDATE_TREE.csv [BATCH_03]","1","Exact source row; Wave 15 Batch 03 proposal; Wave 32 finalization candidate; OM-R06=B; OM-R07=B; OM-R10=A. Canonical existence does not authorize runtime assignment or pilot activation; professional/policy gate remains open."
"CANONICAL-001415","Sağlık & Medikal","Hareket & Mobilite Yardımcıları","Yürüteç & Rollatorlar","","L3","YES","CANONICAL-001411","CONFIRMED — PRODUCT OWNER FINAL — CANONICAL V1","LEGAL_REVIEW_REQUIRED","YES","NO","NO","docs/TAXONOMY_W33_RESOLVED_UNIFIED_CANDIDATE_TREE.csv [BATCH_03]","1","Exact source row; Wave 15 Batch 03 proposal; Wave 32 finalization candidate; OM-R06=B; OM-R07=B; OM-R10=A. Canonical existence does not authorize runtime assignment or pilot activation; professional/policy gate remains open."
"CANONICAL-001416","Sağlık & Medikal","Rehabilitasyon & Fizik Tedavi Ürünleri","","","L2","NO","CANONICAL-001391","CONFIRMED — PRODUCT OWNER FINAL — CANONICAL V1","LEGAL_REVIEW_REQUIRED","YES","NO","NO","docs/TAXONOMY_W33_RESOLVED_UNIFIED_CANDIDATE_TREE.csv [BATCH_03]","1","Exact source row; Wave 15 Batch 03 proposal; Wave 32 finalization candidate; OM-R06=B; OM-R07=B; OM-R10=A. Canonical existence does not authorize runtime assignment or pilot activation; professional/policy gate remains open."
"CANONICAL-001417","Sağlık & Medikal","Rehabilitasyon & Fizik Tedavi Ürünleri","El Rehabilitasyon Ürünleri","","L3","YES","CANONICAL-001416","CONFIRMED — PRODUCT OWNER FINAL — CANONICAL V1","LEGAL_REVIEW_REQUIRED","YES","NO","NO","docs/TAXONOMY_W33_RESOLVED_UNIFIED_CANDIDATE_TREE.csv [BATCH_03]","0","Exact source row; Wave 15 Batch 03 proposal; Wave 32 finalization candidate; OM-R06=B; OM-R07=B; OM-R10=A. Canonical existence does not authorize runtime assignment or pilot activation; professional/policy gate remains open."
"CANONICAL-001418","Sağlık & Medikal","Rehabilitasyon & Fizik Tedavi Ürünleri","Elektroterapi Cihazları","","L3","YES","CANONICAL-001416","CONFIRMED — PRODUCT OWNER FINAL — CANONICAL V1","LEGAL_REVIEW_REQUIRED","YES","NO","NO","docs/TAXONOMY_W33_RESOLVED_UNIFIED_CANDIDATE_TREE.csv [BATCH_03]","0","Exact source row; Wave 15 Batch 03 proposal; Wave 32 finalization candidate; OM-R06=B; OM-R07=B; OM-R10=A. Canonical existence does not authorize runtime assignment or pilot activation; professional/policy gate remains open."
"CANONICAL-001419","Sağlık & Medikal","Rehabilitasyon & Fizik Tedavi Ürünleri","Sıcak & Soğuk Uygulama Ürünleri","","L3","YES","CANONICAL-001416","CONFIRMED — PRODUCT OWNER FINAL — CANONICAL V1","LEGAL_REVIEW_REQUIRED","YES","NO","NO","docs/TAXONOMY_W33_RESOLVED_UNIFIED_CANDIDATE_TREE.csv [BATCH_03]","1","Exact source row; Wave 15 Batch 03 proposal; Wave 32 finalization candidate; OM-R06=B; OM-R07=B; OM-R10=A. Canonical existence does not authorize runtime assignment or pilot activation; professional/policy gate remains open."
"CANONICAL-001420","Sağlık & Medikal","Rehabilitasyon & Fizik Tedavi Ürünleri","Terapi Egzersiz Ürünleri","","L3","YES","CANONICAL-001416","CONFIRMED — PRODUCT OWNER FINAL — CANONICAL V1","LEGAL_REVIEW_REQUIRED","YES","NO","NO","docs/TAXONOMY_W33_RESOLVED_UNIFIED_CANDIDATE_TREE.csv [BATCH_03]","0","Exact source row; Wave 15 Batch 03 proposal; Wave 32 finalization candidate; OM-R06=B; OM-R07=B; OM-R10=A. Canonical existence does not authorize runtime assignment or pilot activation; professional/policy gate remains open."
"CANONICAL-001421","Sağlık & Medikal","Solunum & Evde Bakım Cihazları","","","L2","NO","CANONICAL-001391","CONFIRMED — PRODUCT OWNER FINAL — CANONICAL V1","LEGAL_REVIEW_REQUIRED","YES","NO","NO","docs/TAXONOMY_W33_RESOLVED_UNIFIED_CANDIDATE_TREE.csv [BATCH_03]","1","Exact source row; Wave 15 Batch 03 proposal; Wave 32 finalization candidate; OM-R06=B; OM-R07=B; OM-R10=A. Canonical existence does not authorize runtime assignment or pilot activation; professional/policy gate remains open."
"CANONICAL-001422","Sağlık & Medikal","Solunum & Evde Bakım Cihazları","CPAP & BPAP Cihazları","","L3","YES","CANONICAL-001421","CONFIRMED — PRODUCT OWNER FINAL — CANONICAL V1","LEGAL_REVIEW_REQUIRED","YES","NO","NO","docs/TAXONOMY_W33_RESOLVED_UNIFIED_CANDIDATE_TREE.csv [BATCH_03]","1","Exact source row; Wave 15 Batch 03 proposal; Wave 32 finalization candidate; OM-R06=B; OM-R07=B; OM-R10=A. Canonical existence does not authorize runtime assignment or pilot activation; professional/policy gate remains open."
"CANONICAL-001423","Sağlık & Medikal","Solunum & Evde Bakım Cihazları","Ev Tipi Aspiratörler","","L3","YES","CANONICAL-001421","CONFIRMED — PRODUCT OWNER FINAL — CANONICAL V1","LEGAL_REVIEW_REQUIRED","YES","NO","NO","docs/TAXONOMY_W33_RESOLVED_UNIFIED_CANDIDATE_TREE.csv [BATCH_03]","1","Exact source row; Wave 15 Batch 03 proposal; Wave 32 finalization candidate; OM-R06=B; OM-R07=B; OM-R10=A. Canonical existence does not authorize runtime assignment or pilot activation; professional/policy gate remains open."
"CANONICAL-001424","Sağlık & Medikal","Solunum & Evde Bakım Cihazları","Ev Tipi Nebulizerler","","L3","YES","CANONICAL-001421","CONFIRMED — PRODUCT OWNER FINAL — CANONICAL V1","LEGAL_REVIEW_REQUIRED","YES","NO","NO","docs/TAXONOMY_W33_RESOLVED_UNIFIED_CANDIDATE_TREE.csv [BATCH_03]","1","Exact source row; Wave 15 Batch 03 proposal; Wave 32 finalization candidate; OM-R06=B; OM-R07=B; OM-R10=A. Canonical existence does not authorize runtime assignment or pilot activation; professional/policy gate remains open."
"CANONICAL-001425","Sağlık & Medikal","Solunum & Evde Bakım Cihazları","Ev Tipi Oksijen Destek Cihazları","","L3","YES","CANONICAL-001421","CONFIRMED — PRODUCT OWNER FINAL — CANONICAL V1","LEGAL_REVIEW_REQUIRED","YES","NO","NO","docs/TAXONOMY_W33_RESOLVED_UNIFIED_CANDIDATE_TREE.csv [BATCH_03]","1","Exact source row; Wave 15 Batch 03 proposal; Wave 32 finalization candidate; OM-R06=B; OM-R07=B; OM-R10=A. Canonical existence does not authorize runtime assignment or pilot activation; professional/policy gate remains open."
"CANONICAL-001426","Sağlık & Medikal","Solunum & Evde Bakım Cihazları","Solunum Maskesi, Hortumu & Filtresi","","L3","YES","CANONICAL-001421","CONFIRMED — PRODUCT OWNER FINAL — CANONICAL V1","LEGAL_REVIEW_REQUIRED","YES","NO","NO","docs/TAXONOMY_W33_RESOLVED_UNIFIED_CANDIDATE_TREE.csv [BATCH_03]","1","Exact source row; Wave 15 Batch 03 proposal; Wave 32 finalization candidate; OM-R06=B; OM-R07=B; OM-R10=A. Canonical existence does not authorize runtime assignment or pilot activation; professional/policy gate remains open."
"CANONICAL-001427","Sağlık & Medikal","Medikal Sarf & Hasta Bakım Ürünleri","","","L2","NO","CANONICAL-001391","CONFIRMED — PRODUCT OWNER FINAL — CANONICAL V1","LEGAL_REVIEW_REQUIRED","YES","NO","NO","docs/TAXONOMY_W33_RESOLVED_UNIFIED_CANDIDATE_TREE.csv [BATCH_03]","1","Exact source row; Wave 15 Batch 03 proposal; Wave 32 finalization candidate; OM-R06=B; OM-R07=B; OM-R10=A. Canonical existence does not authorize runtime assignment or pilot activation; professional/policy gate remains open."
"CANONICAL-001428","Sağlık & Medikal","Medikal Sarf & Hasta Bakım Ürünleri","Enjeksiyon & Kanül Sarfı","","L3","YES","CANONICAL-001427","CONFIRMED — PRODUCT OWNER FINAL — CANONICAL V1","LEGAL_REVIEW_REQUIRED","YES","NO","NO","docs/TAXONOMY_W33_RESOLVED_UNIFIED_CANDIDATE_TREE.csv [BATCH_03]","0","Exact source row; Wave 15 Batch 03 proposal; Wave 32 finalization candidate; OM-R06=B; OM-R07=B; OM-R10=A. Canonical existence does not authorize runtime assignment or pilot activation; professional/policy gate remains open."
"CANONICAL-001429","Sağlık & Medikal","Medikal Sarf & Hasta Bakım Ürünleri","Hasta Bakım Örtüleri & Setleri","","L3","YES","CANONICAL-001427","CONFIRMED — PRODUCT OWNER FINAL — CANONICAL V1","LEGAL_REVIEW_REQUIRED","YES","NO","NO","docs/TAXONOMY_W33_RESOLVED_UNIFIED_CANDIDATE_TREE.csv [BATCH_03]","2","Exact source row; Wave 15 Batch 03 proposal; Wave 32 finalization candidate; OM-R06=B; OM-R07=B; OM-R10=A. Canonical existence does not authorize runtime assignment or pilot activation; professional/policy gate remains open."
"CANONICAL-001430","Sağlık & Medikal","Medikal Sarf & Hasta Bakım Ürünleri","İnkontinans Bakım Ürünleri","","L3","YES","CANONICAL-001427","CONFIRMED — PRODUCT OWNER FINAL — CANONICAL V1","LEGAL_REVIEW_REQUIRED","YES","NO","NO","docs/TAXONOMY_W33_RESOLVED_UNIFIED_CANDIDATE_TREE.csv [BATCH_03]","1","Exact source row; Wave 15 Batch 03 proposal; Wave 32 finalization candidate; OM-R06=B; OM-R07=B; OM-R10=A. Canonical existence does not authorize runtime assignment or pilot activation; professional/policy gate remains open."
"CANONICAL-001431","Sağlık & Medikal","Medikal Sarf & Hasta Bakım Ürünleri","Muayene & Pansuman Sarfı","","L3","YES","CANONICAL-001427","CONFIRMED — PRODUCT OWNER FINAL — CANONICAL V1","LEGAL_REVIEW_REQUIRED","YES","NO","NO","docs/TAXONOMY_W33_RESOLVED_UNIFIED_CANDIDATE_TREE.csv [BATCH_03]","0","Exact source row; Wave 15 Batch 03 proposal; Wave 32 finalization candidate; OM-R06=B; OM-R07=B; OM-R10=A. Canonical existence does not authorize runtime assignment or pilot activation; professional/policy gate remains open."
"CANONICAL-001432","Sağlık & Medikal","Medikal Sarf & Hasta Bakım Ürünleri","Ostomi Bakım Ürünleri","","L3","YES","CANONICAL-001427","CONFIRMED — PRODUCT OWNER FINAL — CANONICAL V1","LEGAL_REVIEW_REQUIRED","YES","NO","NO","docs/TAXONOMY_W33_RESOLVED_UNIFIED_CANDIDATE_TREE.csv [BATCH_03]","0","Exact source row; Wave 15 Batch 03 proposal; Wave 32 finalization candidate; OM-R06=B; OM-R07=B; OM-R10=A. Canonical existence does not authorize runtime assignment or pilot activation; professional/policy gate remains open."
"CANONICAL-001433","Sağlık & Medikal","Kişisel Koruyucu Medikal Ürünler","","","L2","NO","CANONICAL-001391","CONFIRMED — PRODUCT OWNER FINAL — CANONICAL V1","LEGAL_REVIEW_REQUIRED","YES","NO","NO","docs/TAXONOMY_W33_RESOLVED_UNIFIED_CANDIDATE_TREE.csv [BATCH_03]","1","Exact source row; Wave 15 Batch 03 proposal; Wave 32 finalization candidate; OM-R06=B; OM-R07=B; OM-R10=A. Canonical existence does not authorize runtime assignment or pilot activation; professional/policy gate remains open."
"CANONICAL-001434","Sağlık & Medikal","Kişisel Koruyucu Medikal Ürünler","Koruyucu Önlükler","","L3","YES","CANONICAL-001433","CONFIRMED — PRODUCT OWNER FINAL — CANONICAL V1","LEGAL_REVIEW_REQUIRED","YES","NO","NO","docs/TAXONOMY_W33_RESOLVED_UNIFIED_CANDIDATE_TREE.csv [BATCH_03]","0","Exact source row; Wave 15 Batch 03 proposal; Wave 32 finalization candidate; OM-R06=B; OM-R07=B; OM-R10=A. Canonical existence does not authorize runtime assignment or pilot activation; professional/policy gate remains open."
"CANONICAL-001435","Sağlık & Medikal","Kişisel Koruyucu Medikal Ürünler","Medikal Bone & Galoşlar","","L3","YES","CANONICAL-001433","CONFIRMED — PRODUCT OWNER FINAL — CANONICAL V1","LEGAL_REVIEW_REQUIRED","YES","NO","NO","docs/TAXONOMY_W33_RESOLVED_UNIFIED_CANDIDATE_TREE.csv [BATCH_03]","0","Exact source row; Wave 15 Batch 03 proposal; Wave 32 finalization candidate; OM-R06=B; OM-R07=B; OM-R10=A. Canonical existence does not authorize runtime assignment or pilot activation; professional/policy gate remains open."
"CANONICAL-001436","Sağlık & Medikal","Kişisel Koruyucu Medikal Ürünler","Medikal Maskeler & Respiratörler","","L3","YES","CANONICAL-001433","CONFIRMED — PRODUCT OWNER FINAL — CANONICAL V1","LEGAL_REVIEW_REQUIRED","YES","NO","NO","docs/TAXONOMY_W33_RESOLVED_UNIFIED_CANDIDATE_TREE.csv [BATCH_03]","1","Exact source row; Wave 15 Batch 03 proposal; Wave 32 finalization candidate; OM-R06=B; OM-R07=B; OM-R10=A. Canonical existence does not authorize runtime assignment or pilot activation; professional/policy gate remains open."
"CANONICAL-001437","Sağlık & Medikal","Kişisel Koruyucu Medikal Ürünler","Muayene Eldivenleri","","L3","YES","CANONICAL-001433","CONFIRMED — PRODUCT OWNER FINAL — CANONICAL V1","LEGAL_REVIEW_REQUIRED","YES","NO","NO","docs/TAXONOMY_W33_RESOLVED_UNIFIED_CANDIDATE_TREE.csv [BATCH_03]","1","Exact source row; Wave 15 Batch 03 proposal; Wave 32 finalization candidate; OM-R06=B; OM-R07=B; OM-R10=A. Canonical existence does not authorize runtime assignment or pilot activation; professional/policy gate remains open."
"CANONICAL-001438","Sağlık & Medikal","Kişisel Koruyucu Medikal Ürünler","Yüz Siperleri","","L3","YES","CANONICAL-001433","CONFIRMED — PRODUCT OWNER FINAL — CANONICAL V1","LEGAL_REVIEW_REQUIRED","YES","NO","NO","docs/TAXONOMY_W33_RESOLVED_UNIFIED_CANDIDATE_TREE.csv [BATCH_03]","0","Exact source row; Wave 15 Batch 03 proposal; Wave 32 finalization candidate; OM-R06=B; OM-R07=B; OM-R10=A. Canonical existence does not authorize runtime assignment or pilot activation; professional/policy gate remains open."
"CANONICAL-001439","Sağlık & Medikal","Günlük Yaşam & Erişilebilirlik Yardımcıları","","","L2","NO","CANONICAL-001391","CONFIRMED — PRODUCT OWNER FINAL — CANONICAL V1","LEGAL_REVIEW_REQUIRED","YES","NO","NO","docs/TAXONOMY_W33_RESOLVED_UNIFIED_CANDIDATE_TREE.csv [BATCH_03]","1","Exact source row; Wave 15 Batch 03 proposal; Wave 32 finalization candidate; OM-R06=B; OM-R07=B; OM-R10=A. Canonical existence does not authorize runtime assignment or pilot activation; professional/policy gate remains open."
"CANONICAL-001440","Sağlık & Medikal","Günlük Yaşam & Erişilebilirlik Yardımcıları","Banyo & Tuvalet Yardımcıları","","L3","YES","CANONICAL-001439","CONFIRMED — PRODUCT OWNER FINAL — CANONICAL V1","LEGAL_REVIEW_REQUIRED","YES","NO","NO","docs/TAXONOMY_W33_RESOLVED_UNIFIED_CANDIDATE_TREE.csv [BATCH_03]","1","Exact source row; Wave 15 Batch 03 proposal; Wave 32 finalization candidate; OM-R06=B; OM-R07=B; OM-R10=A. Canonical existence does not authorize runtime assignment or pilot activation; professional/policy gate remains open."
"CANONICAL-001441","Sağlık & Medikal","Günlük Yaşam & Erişilebilirlik Yardımcıları","Giyinme Yardımcıları","","L3","YES","CANONICAL-001439","CONFIRMED — PRODUCT OWNER FINAL — CANONICAL V1","LEGAL_REVIEW_REQUIRED","YES","NO","NO","docs/TAXONOMY_W33_RESOLVED_UNIFIED_CANDIDATE_TREE.csv [BATCH_03]","0","Exact source row; Wave 15 Batch 03 proposal; Wave 32 finalization candidate; OM-R06=B; OM-R07=B; OM-R10=A. Canonical existence does not authorize runtime assignment or pilot activation; professional/policy gate remains open."
"CANONICAL-001442","Sağlık & Medikal","Günlük Yaşam & Erişilebilirlik Yardımcıları","Transfer & Tutunma Yardımcıları","","L3","YES","CANONICAL-001439","CONFIRMED — PRODUCT OWNER FINAL — CANONICAL V1","LEGAL_REVIEW_REQUIRED","YES","NO","NO","docs/TAXONOMY_W33_RESOLVED_UNIFIED_CANDIDATE_TREE.csv [BATCH_03]","0","Exact source row; Wave 15 Batch 03 proposal; Wave 32 finalization candidate; OM-R06=B; OM-R07=B; OM-R10=A. Canonical existence does not authorize runtime assignment or pilot activation; professional/policy gate remains open."
"CANONICAL-001443","Sağlık & Medikal","Günlük Yaşam & Erişilebilirlik Yardımcıları","Uzanma & Kavrama Yardımcıları","","L3","YES","CANONICAL-001439","CONFIRMED — PRODUCT OWNER FINAL — CANONICAL V1","LEGAL_REVIEW_REQUIRED","YES","NO","NO","docs/TAXONOMY_W33_RESOLVED_UNIFIED_CANDIDATE_TREE.csv [BATCH_03]","0","Exact source row; Wave 15 Batch 03 proposal; Wave 32 finalization candidate; OM-R06=B; OM-R07=B; OM-R10=A. Canonical existence does not authorize runtime assignment or pilot activation; professional/policy gate remains open."
"CANONICAL-001444","Sağlık & Medikal","Günlük Yaşam & Erişilebilirlik Yardımcıları","Yeme & İçme Yardımcıları","","L3","YES","CANONICAL-001439","CONFIRMED — PRODUCT OWNER FINAL — CANONICAL V1","LEGAL_REVIEW_REQUIRED","YES","NO","NO","docs/TAXONOMY_W33_RESOLVED_UNIFIED_CANDIDATE_TREE.csv [BATCH_03]","0","Exact source row; Wave 15 Batch 03 proposal; Wave 32 finalization candidate; OM-R06=B; OM-R07=B; OM-R10=A. Canonical existence does not authorize runtime assignment or pilot activation; professional/policy gate remains open."
"CANONICAL-001445","Çiçek & Bahçe","","","","L1","NO","","CONFIRMED — PRODUCT OWNER FINAL — CANONICAL V1","NORMAL","NO","NO","NO","docs/ESNAFTAVAR_CANONICAL_CATEGORY_TAXONOMY.md","1","Canonical L1 root; never product-assignable; pilot activation requires at least one eligible descendant and a separate runtime decision."
"CANONICAL-001446","Çiçek & Bahçe","Canlı Saksı Bitkileri","","","L2","NO","CANONICAL-001445","CONFIRMED — PRODUCT OWNER FINAL — CANONICAL V1","LEGAL_REVIEW_REQUIRED","YES","NO","NO","docs/TAXONOMY_W33_RESOLVED_UNIFIED_CANDIDATE_TREE.csv [BATCH_03]","1","Exact source row; Wave 15 Batch 03 proposal; Wave 32 finalization candidate; OM-R06=B; OM-R07=B; OM-R10=A. Canonical existence does not authorize runtime assignment or pilot activation; professional/policy gate remains open."
"CANONICAL-001447","Çiçek & Bahçe","Canlı Saksı Bitkileri","Dekoratif Ağaç & Çalılar","","L3","YES","CANONICAL-001446","CONFIRMED — PRODUCT OWNER FINAL — CANONICAL V1","LEGAL_REVIEW_REQUIRED","YES","NO","NO","docs/TAXONOMY_W33_RESOLVED_UNIFIED_CANDIDATE_TREE.csv [BATCH_03]","0","Exact source row; Wave 15 Batch 03 proposal; Wave 32 finalization candidate; OM-R06=B; OM-R07=B; OM-R10=A. Canonical existence does not authorize runtime assignment or pilot activation; professional/policy gate remains open."
"CANONICAL-001448","Çiçek & Bahçe","Canlı Saksı Bitkileri","Dış Mekan & Balkon Bitkileri","","L3","YES","CANONICAL-001446","CONFIRMED — PRODUCT OWNER FINAL — CANONICAL V1","LEGAL_REVIEW_REQUIRED","YES","NO","NO","docs/TAXONOMY_W33_RESOLVED_UNIFIED_CANDIDATE_TREE.csv [BATCH_03]","0","Exact source row; Wave 15 Batch 03 proposal; Wave 32 finalization candidate; OM-R06=B; OM-R07=B; OM-R10=A. Canonical existence does not authorize runtime assignment or pilot activation; professional/policy gate remains open."
"CANONICAL-001449","Çiçek & Bahçe","Canlı Saksı Bitkileri","İç Mekan Saksı Bitkileri","","L3","YES","CANONICAL-001446","CONFIRMED — PRODUCT OWNER FINAL — CANONICAL V1","LEGAL_REVIEW_REQUIRED","YES","NO","NO","docs/TAXONOMY_W33_RESOLVED_UNIFIED_CANDIDATE_TREE.csv [BATCH_03]","1","Exact source row; Wave 15 Batch 03 proposal; Wave 32 finalization candidate; OM-R06=B; OM-R07=B; OM-R10=A. Canonical existence does not authorize runtime assignment or pilot activation; professional/policy gate remains open."
"CANONICAL-001450","Çiçek & Bahçe","Canlı Saksı Bitkileri","Sukulent & Kaktüsler","","L3","YES","CANONICAL-001446","CONFIRMED — PRODUCT OWNER FINAL — CANONICAL V1","LEGAL_REVIEW_REQUIRED","YES","NO","NO","docs/TAXONOMY_W33_RESOLVED_UNIFIED_CANDIDATE_TREE.csv [BATCH_03]","1","Exact source row; Wave 15 Batch 03 proposal; Wave 32 finalization candidate; OM-R06=B; OM-R07=B; OM-R10=A. Canonical existence does not authorize runtime assignment or pilot activation; professional/policy gate remains open."
"CANONICAL-001451","Çiçek & Bahçe","Kesme Çiçek & Fiziksel Aranjmanlar","","","L2","NO","CANONICAL-001445","CONFIRMED — PRODUCT OWNER FINAL — CANONICAL V1","LEGAL_REVIEW_REQUIRED","YES","NO","NO","docs/TAXONOMY_W33_RESOLVED_UNIFIED_CANDIDATE_TREE.csv [BATCH_03]","1","Exact source row; Wave 15 Batch 03 proposal; Wave 32 finalization candidate; OM-R06=B; OM-R07=B; OM-R10=A. Canonical existence does not authorize runtime assignment or pilot activation; professional/policy gate remains open."
"CANONICAL-001452","Çiçek & Bahçe","Kesme Çiçek & Fiziksel Aranjmanlar","Çelenkler","","L3","YES","CANONICAL-001451","CONFIRMED — PRODUCT OWNER FINAL — CANONICAL V1","LEGAL_REVIEW_REQUIRED","YES","NO","NO","docs/TAXONOMY_W33_RESOLVED_UNIFIED_CANDIDATE_TREE.csv [BATCH_03]","1","Exact source row; Wave 15 Batch 03 proposal; Wave 32 finalization candidate; OM-R06=B; OM-R07=B; OM-R10=A. Canonical existence does not authorize runtime assignment or pilot activation; professional/policy gate remains open."
"CANONICAL-001453","Çiçek & Bahçe","Kesme Çiçek & Fiziksel Aranjmanlar","Çiçek Buketleri","","L3","YES","CANONICAL-001451","CONFIRMED — PRODUCT OWNER FINAL — CANONICAL V1","LEGAL_REVIEW_REQUIRED","YES","NO","NO","docs/TAXONOMY_W33_RESOLVED_UNIFIED_CANDIDATE_TREE.csv [BATCH_03]","1","Exact source row; Wave 15 Batch 03 proposal; Wave 32 finalization candidate; OM-R06=B; OM-R07=B; OM-R10=A. Canonical existence does not authorize runtime assignment or pilot activation; professional/policy gate remains open."
"CANONICAL-001454","Çiçek & Bahçe","Kesme Çiçek & Fiziksel Aranjmanlar","Fiziksel Çiçek Aranjmanları","","L3","YES","CANONICAL-001451","CONFIRMED — PRODUCT OWNER FINAL — CANONICAL V1","LEGAL_REVIEW_REQUIRED","YES","NO","NO","docs/TAXONOMY_W33_RESOLVED_UNIFIED_CANDIDATE_TREE.csv [BATCH_03]","0","Exact source row; Wave 15 Batch 03 proposal; Wave 32 finalization candidate; OM-R06=B; OM-R07=B; OM-R10=A. Canonical existence does not authorize runtime assignment or pilot activation; professional/policy gate remains open."
"CANONICAL-001455","Çiçek & Bahçe","Kesme Çiçek & Fiziksel Aranjmanlar","Kesme Çiçekler","","L3","YES","CANONICAL-001451","CONFIRMED — PRODUCT OWNER FINAL — CANONICAL V1","LEGAL_REVIEW_REQUIRED","YES","NO","NO","docs/TAXONOMY_W33_RESOLVED_UNIFIED_CANDIDATE_TREE.csv [BATCH_03]","0","Exact source row; Wave 15 Batch 03 proposal; Wave 32 finalization candidate; OM-R06=B; OM-R07=B; OM-R10=A. Canonical existence does not authorize runtime assignment or pilot activation; professional/policy gate remains open."
"CANONICAL-001456","Çiçek & Bahçe","Tohum, Fide & Bitki Soğanları","","","L2","NO","CANONICAL-001445","CONFIRMED — PRODUCT OWNER FINAL — CANONICAL V1","LEGAL_REVIEW_REQUIRED","YES","NO","NO","docs/TAXONOMY_W33_RESOLVED_UNIFIED_CANDIDATE_TREE.csv [BATCH_03]","1","Exact source row; Wave 15 Batch 03 proposal; Wave 32 finalization candidate; OM-R06=B; OM-R07=B; OM-R10=A. Canonical existence does not authorize runtime assignment or pilot activation; professional/policy gate remains open."
"CANONICAL-001457","Çiçek & Bahçe","Tohum, Fide & Bitki Soğanları","Bitki Soğanı, Yumru & Rizomlar","","L3","YES","CANONICAL-001456","CONFIRMED — PRODUCT OWNER FINAL — CANONICAL V1","LEGAL_REVIEW_REQUIRED","YES","NO","NO","docs/TAXONOMY_W33_RESOLVED_UNIFIED_CANDIDATE_TREE.csv [BATCH_03]","1","Exact source row; Wave 15 Batch 03 proposal; Wave 32 finalization candidate; OM-R06=B; OM-R07=B; OM-R10=A. Canonical existence does not authorize runtime assignment or pilot activation; professional/policy gate remains open."
"CANONICAL-001458","Çiçek & Bahçe","Tohum, Fide & Bitki Soğanları","Çiçek Tohumları","","L3","YES","CANONICAL-001456","CONFIRMED — PRODUCT OWNER FINAL — CANONICAL V1","LEGAL_REVIEW_REQUIRED","YES","NO","NO","docs/TAXONOMY_W33_RESOLVED_UNIFIED_CANDIDATE_TREE.csv [BATCH_03]","1","Exact source row; Wave 15 Batch 03 proposal; Wave 32 finalization candidate; OM-R06=B; OM-R07=B; OM-R10=A. Canonical existence does not authorize runtime assignment or pilot activation; professional/policy gate remains open."
"CANONICAL-001459","Çiçek & Bahçe","Tohum, Fide & Bitki Soğanları","Çim Tohumları","","L3","YES","CANONICAL-001456","CONFIRMED — PRODUCT OWNER FINAL — CANONICAL V1","LEGAL_REVIEW_REQUIRED","YES","NO","NO","docs/TAXONOMY_W33_RESOLVED_UNIFIED_CANDIDATE_TREE.csv [BATCH_03]","0","Exact source row; Wave 15 Batch 03 proposal; Wave 32 finalization candidate; OM-R06=B; OM-R07=B; OM-R10=A. Canonical existence does not authorize runtime assignment or pilot activation; professional/policy gate remains open."
"CANONICAL-001460","Çiçek & Bahçe","Tohum, Fide & Bitki Soğanları","Fide & Fidanlar","","L3","YES","CANONICAL-001456","CONFIRMED — PRODUCT OWNER FINAL — CANONICAL V1","LEGAL_REVIEW_REQUIRED","YES","NO","NO","docs/TAXONOMY_W33_RESOLVED_UNIFIED_CANDIDATE_TREE.csv [BATCH_03]","1","Exact source row; Wave 15 Batch 03 proposal; Wave 32 finalization candidate; OM-R06=B; OM-R07=B; OM-R10=A. Canonical existence does not authorize runtime assignment or pilot activation; professional/policy gate remains open."
"CANONICAL-001461","Çiçek & Bahçe","Tohum, Fide & Bitki Soğanları","Sebze & Ot Tohumları","","L3","YES","CANONICAL-001456","CONFIRMED — PRODUCT OWNER FINAL — CANONICAL V1","LEGAL_REVIEW_REQUIRED","YES","NO","NO","docs/TAXONOMY_W33_RESOLVED_UNIFIED_CANDIDATE_TREE.csv [BATCH_03]","0","Exact source row; Wave 15 Batch 03 proposal; Wave 32 finalization candidate; OM-R06=B; OM-R07=B; OM-R10=A. Canonical existence does not authorize runtime assignment or pilot activation; professional/policy gate remains open."
"CANONICAL-001462","Çiçek & Bahçe","Yapay Çiçek & Yapay Bitkiler","","","L2","NO","CANONICAL-001445","CONFIRMED — PRODUCT OWNER FINAL — CANONICAL V1","REGULATED","YES","NO","NO","docs/TAXONOMY_W33_RESOLVED_UNIFIED_CANDIDATE_TREE.csv [BATCH_03]","0","Exact source row; Wave 15 Batch 03 proposal; Wave 32 finalization candidate; OM-R06=B; OM-R07=B; OM-R10=A. Canonical existence does not authorize runtime assignment or pilot activation; professional/policy gate remains open."
"CANONICAL-001463","Çiçek & Bahçe","Yapay Çiçek & Yapay Bitkiler","Yapay Çiçek Aranjmanları","","L3","YES","CANONICAL-001462","CONFIRMED — PRODUCT OWNER FINAL — CANONICAL V1","NORMAL","NO","NO","NO","docs/TAXONOMY_W33_RESOLVED_UNIFIED_CANDIDATE_TREE.csv [BATCH_03]","0","Exact source row; Wave 15 Batch 03 proposal; Wave 32 finalization candidate; OM-R06=B; OM-R07=B; OM-R10=A."
"CANONICAL-001464","Çiçek & Bahçe","Yapay Çiçek & Yapay Bitkiler","Yapay Çiçek Dalları","","L3","YES","CANONICAL-001462","CONFIRMED — PRODUCT OWNER FINAL — CANONICAL V1","NORMAL","NO","NO","NO","docs/TAXONOMY_W33_RESOLVED_UNIFIED_CANDIDATE_TREE.csv [BATCH_03]","0","Exact source row; Wave 15 Batch 03 proposal; Wave 32 finalization candidate; OM-R06=B; OM-R07=B; OM-R10=A."
"CANONICAL-001465","Çiçek & Bahçe","Yapay Çiçek & Yapay Bitkiler","Yapay Saksı Bitkileri","","L3","YES","CANONICAL-001462","CONFIRMED — PRODUCT OWNER FINAL — CANONICAL V1","NORMAL","NO","NO","NO","docs/TAXONOMY_W33_RESOLVED_UNIFIED_CANDIDATE_TREE.csv [BATCH_03]","0","Exact source row; Wave 15 Batch 03 proposal; Wave 32 finalization candidate; OM-R06=B; OM-R07=B; OM-R10=A."
"CANONICAL-001466","Çiçek & Bahçe","Yapay Çiçek & Yapay Bitkiler","Yapay Sarmaşık & Bitki Duvarları","","L3","YES","CANONICAL-001462","CONFIRMED — PRODUCT OWNER FINAL — CANONICAL V1","REGULATED","YES","NO","NO","docs/TAXONOMY_W33_RESOLVED_UNIFIED_CANDIDATE_TREE.csv [BATCH_03]","0","Exact source row; Wave 15 Batch 03 proposal; Wave 32 finalization candidate; OM-R06=B; OM-R07=B; OM-R10=A. Canonical existence does not authorize runtime assignment or pilot activation; professional/policy gate remains open."
"CANONICAL-001467","Çiçek & Bahçe","Saksı, Saksılık & Bitki Kapları","","","L2","NO","CANONICAL-001445","CONFIRMED — PRODUCT OWNER FINAL — CANONICAL V1","REGULATED","YES","NO","NO","docs/TAXONOMY_W33_RESOLVED_UNIFIED_CANDIDATE_TREE.csv [BATCH_03]","1","Exact source row; Wave 15 Batch 03 proposal; Wave 32 finalization candidate; OM-R06=B; OM-R07=B; OM-R10=A. Canonical existence does not authorize runtime assignment or pilot activation; professional/policy gate remains open."
"CANONICAL-001468","Çiçek & Bahçe","Saksı, Saksılık & Bitki Kapları","Asılı Saksı Sistemleri","","L3","YES","CANONICAL-001467","CONFIRMED — PRODUCT OWNER FINAL — CANONICAL V1","REGULATED","YES","NO","NO","docs/TAXONOMY_W33_RESOLVED_UNIFIED_CANDIDATE_TREE.csv [BATCH_03]","1","Exact source row; Wave 15 Batch 03 proposal; Wave 32 finalization candidate; OM-R06=B; OM-R07=B; OM-R10=A. Canonical existence does not authorize runtime assignment or pilot activation; professional/policy gate remains open."
"CANONICAL-001469","Çiçek & Bahçe","Saksı, Saksılık & Bitki Kapları","Saksı & Planterlar","","L3","YES","CANONICAL-001467","CONFIRMED — PRODUCT OWNER FINAL — CANONICAL V1","NORMAL","NO","NO","NO","docs/TAXONOMY_W33_RESOLVED_UNIFIED_CANDIDATE_TREE.csv [BATCH_03]","1","Exact source row; Wave 15 Batch 03 proposal; Wave 32 finalization candidate; OM-R06=B; OM-R07=B; OM-R10=A."
"CANONICAL-001470","Çiçek & Bahçe","Saksı, Saksılık & Bitki Kapları","Saksı Standları","","L3","YES","CANONICAL-001467","CONFIRMED — PRODUCT OWNER FINAL — CANONICAL V1","REGULATED","YES","NO","NO","docs/TAXONOMY_W33_RESOLVED_UNIFIED_CANDIDATE_TREE.csv [BATCH_03]","1","Exact source row; Wave 15 Batch 03 proposal; Wave 32 finalization candidate; OM-R06=B; OM-R07=B; OM-R10=A. Canonical existence does not authorize runtime assignment or pilot activation; professional/policy gate remains open."
"CANONICAL-001471","Çiçek & Bahçe","Saksı, Saksılık & Bitki Kapları","Saksı Tabakları & İç Kapları","","L3","YES","CANONICAL-001467","CONFIRMED — PRODUCT OWNER FINAL — CANONICAL V1","NORMAL","NO","NO","NO","docs/TAXONOMY_W33_RESOLVED_UNIFIED_CANDIDATE_TREE.csv [BATCH_03]","1","Exact source row; Wave 15 Batch 03 proposal; Wave 32 finalization candidate; OM-R06=B; OM-R07=B; OM-R10=A."
"CANONICAL-001472","Çiçek & Bahçe","Saksı, Saksılık & Bitki Kapları","Yetiştirme Torbaları","","L3","YES","CANONICAL-001467","CONFIRMED — PRODUCT OWNER FINAL — CANONICAL V1","NORMAL","NO","NO","NO","docs/TAXONOMY_W33_RESOLVED_UNIFIED_CANDIDATE_TREE.csv [BATCH_03]","0","Exact source row; Wave 15 Batch 03 proposal; Wave 32 finalization candidate; OM-R06=B; OM-R07=B; OM-R10=A."
"CANONICAL-001473","Çiçek & Bahçe","Toprak, Gübre & Bitki Besleme","","","L2","NO","CANONICAL-001445","CONFIRMED — PRODUCT OWNER FINAL — CANONICAL V1","LEGAL_REVIEW_REQUIRED","YES","NO","NO","docs/TAXONOMY_W33_RESOLVED_UNIFIED_CANDIDATE_TREE.csv [BATCH_03]","1","Exact source row; Wave 15 Batch 03 proposal; Wave 32 finalization candidate; OM-R06=B; OM-R07=B; OM-R10=A. Canonical existence does not authorize runtime assignment or pilot activation; professional/policy gate remains open."
"CANONICAL-001474","Çiçek & Bahçe","Toprak, Gübre & Bitki Besleme","Bitki Besinleri","","L3","YES","CANONICAL-001473","CONFIRMED — PRODUCT OWNER FINAL — CANONICAL V1","LEGAL_REVIEW_REQUIRED","YES","NO","NO","docs/TAXONOMY_W33_RESOLVED_UNIFIED_CANDIDATE_TREE.csv [BATCH_03]","0","Exact source row; Wave 15 Batch 03 proposal; Wave 32 finalization candidate; OM-R06=B; OM-R07=B; OM-R10=A. Canonical existence does not authorize runtime assignment or pilot activation; professional/policy gate remains open."
"CANONICAL-001475","Çiçek & Bahçe","Toprak, Gübre & Bitki Besleme","Gübreler","","L3","YES","CANONICAL-001473","CONFIRMED — PRODUCT OWNER FINAL — CANONICAL V1","LEGAL_REVIEW_REQUIRED","YES","NO","NO","docs/TAXONOMY_W33_RESOLVED_UNIFIED_CANDIDATE_TREE.csv [BATCH_03]","1","Exact source row; Wave 15 Batch 03 proposal; Wave 32 finalization candidate; OM-R06=B; OM-R07=B; OM-R10=A. Canonical existence does not authorize runtime assignment or pilot activation; professional/policy gate remains open."
"CANONICAL-001476","Çiçek & Bahçe","Toprak, Gübre & Bitki Besleme","Kompost Ürünleri","","L3","YES","CANONICAL-001473","CONFIRMED — PRODUCT OWNER FINAL — CANONICAL V1","LEGAL_REVIEW_REQUIRED","YES","NO","NO","docs/TAXONOMY_W33_RESOLVED_UNIFIED_CANDIDATE_TREE.csv [BATCH_03]","0","Exact source row; Wave 15 Batch 03 proposal; Wave 32 finalization candidate; OM-R06=B; OM-R07=B; OM-R10=A. Canonical existence does not authorize runtime assignment or pilot activation; professional/policy gate remains open."
"CANONICAL-001477","Çiçek & Bahçe","Toprak, Gübre & Bitki Besleme","Substrat & Toprak Düzenleyiciler","","L3","YES","CANONICAL-001473","CONFIRMED — PRODUCT OWNER FINAL — CANONICAL V1","LEGAL_REVIEW_REQUIRED","YES","NO","NO","docs/TAXONOMY_W33_RESOLVED_UNIFIED_CANDIDATE_TREE.csv [BATCH_03]","0","Exact source row; Wave 15 Batch 03 proposal; Wave 32 finalization candidate; OM-R06=B; OM-R07=B; OM-R10=A. Canonical existence does not authorize runtime assignment or pilot activation; professional/policy gate remains open."
"CANONICAL-001478","Çiçek & Bahçe","Toprak, Gübre & Bitki Besleme","Toprak & Torf","","L3","YES","CANONICAL-001473","CONFIRMED — PRODUCT OWNER FINAL — CANONICAL V1","LEGAL_REVIEW_REQUIRED","YES","NO","NO","docs/TAXONOMY_W33_RESOLVED_UNIFIED_CANDIDATE_TREE.csv [BATCH_03]","1","Exact source row; Wave 15 Batch 03 proposal; Wave 32 finalization candidate; OM-R06=B; OM-R07=B; OM-R10=A. Canonical existence does not authorize runtime assignment or pilot activation; professional/policy gate remains open."
"CANONICAL-001479","Çiçek & Bahçe","Sulama Ürünleri","","","L2","NO","CANONICAL-001445","CONFIRMED — PRODUCT OWNER FINAL — CANONICAL V1","REGULATED","YES","NO","NO","docs/TAXONOMY_W33_RESOLVED_UNIFIED_CANDIDATE_TREE.csv [BATCH_03]","1","Exact source row; Wave 15 Batch 03 proposal; Wave 32 finalization candidate; OM-R06=B; OM-R07=B; OM-R10=A. Canonical existence does not authorize runtime assignment or pilot activation; professional/policy gate remains open."
"CANONICAL-001480","Çiçek & Bahçe","Sulama Ürünleri","Bahçe Hortumu & Makaraları","","L3","YES","CANONICAL-001479","CONFIRMED — PRODUCT OWNER FINAL — CANONICAL V1","NORMAL","NO","NO","NO","docs/TAXONOMY_W33_RESOLVED_UNIFIED_CANDIDATE_TREE.csv [BATCH_03]","0","Exact source row; Wave 15 Batch 03 proposal; Wave 32 finalization candidate; OM-R06=B; OM-R07=B; OM-R10=A."
"CANONICAL-001481","Çiçek & Bahçe","Sulama Ürünleri","Damla & Mikro Sulama Sistemleri","","L3","YES","CANONICAL-001479","CONFIRMED — PRODUCT OWNER FINAL — CANONICAL V1","REGULATED","YES","NO","NO","docs/TAXONOMY_W33_RESOLVED_UNIFIED_CANDIDATE_TREE.csv [BATCH_03]","0","Exact source row; Wave 15 Batch 03 proposal; Wave 32 finalization candidate; OM-R06=B; OM-R07=B; OM-R10=A. Canonical existence does not authorize runtime assignment or pilot activation; professional/policy gate remains open."
"CANONICAL-001482","Çiçek & Bahçe","Sulama Ürünleri","Fıskiye & Yağmurlama Ürünleri","","L3","YES","CANONICAL-001479","CONFIRMED — PRODUCT OWNER FINAL — CANONICAL V1","REGULATED","YES","NO","NO","docs/TAXONOMY_W33_RESOLVED_UNIFIED_CANDIDATE_TREE.csv [BATCH_03]","0","Exact source row; Wave 15 Batch 03 proposal; Wave 32 finalization candidate; OM-R06=B; OM-R07=B; OM-R10=A. Canonical existence does not authorize runtime assignment or pilot activation; professional/policy gate remains open."
"CANONICAL-001483","Çiçek & Bahçe","Sulama Ürünleri","Hortum Bağlantı & Başlıkları","","L3","YES","CANONICAL-001479","CONFIRMED — PRODUCT OWNER FINAL — CANONICAL V1","NORMAL","NO","NO","NO","docs/TAXONOMY_W33_RESOLVED_UNIFIED_CANDIDATE_TREE.csv [BATCH_03]","0","Exact source row; Wave 15 Batch 03 proposal; Wave 32 finalization candidate; OM-R06=B; OM-R07=B; OM-R10=A."
"CANONICAL-001484","Çiçek & Bahçe","Sulama Ürünleri","Sulama Kapları","","L3","YES","CANONICAL-001479","CONFIRMED — PRODUCT OWNER FINAL — CANONICAL V1","NORMAL","NO","NO","NO","docs/TAXONOMY_W33_RESOLVED_UNIFIED_CANDIDATE_TREE.csv [BATCH_03]","1","Exact source row; Wave 15 Batch 03 proposal; Wave 32 finalization candidate; OM-R06=B; OM-R07=B; OM-R10=A."
"CANONICAL-001485","Çiçek & Bahçe","Sulama Ürünleri","Sulama Kontrolörleri & Zamanlayıcılar","","L3","YES","CANONICAL-001479","CONFIRMED — PRODUCT OWNER FINAL — CANONICAL V1","REGULATED","YES","NO","NO","docs/TAXONOMY_W33_RESOLVED_UNIFIED_CANDIDATE_TREE.csv [BATCH_03]","0","Exact source row; Wave 15 Batch 03 proposal; Wave 32 finalization candidate; OM-R06=B; OM-R07=B; OM-R10=A. Canonical existence does not authorize runtime assignment or pilot activation; professional/policy gate remains open."
"CANONICAL-001486","Çiçek & Bahçe","Bahçe El Aletleri","","","L2","NO","CANONICAL-001445","CONFIRMED — PRODUCT OWNER FINAL — CANONICAL V1","REGULATED","YES","NO","NO","docs/TAXONOMY_W33_RESOLVED_UNIFIED_CANDIDATE_TREE.csv [BATCH_03]","1","Exact source row; Wave 15 Batch 03 proposal; Wave 32 finalization candidate; OM-R06=B; OM-R07=B; OM-R10=A. Canonical existence does not authorize runtime assignment or pilot activation; professional/policy gate remains open."
"CANONICAL-001487","Çiçek & Bahçe","Bahçe El Aletleri","Bahçe El Aleti Setleri","","L3","YES","CANONICAL-001486","CONFIRMED — PRODUCT OWNER FINAL — CANONICAL V1","REGULATED","YES","NO","NO","docs/TAXONOMY_W33_RESOLVED_UNIFIED_CANDIDATE_TREE.csv [BATCH_03]","1","Exact source row; Wave 15 Batch 03 proposal; Wave 32 finalization candidate; OM-R06=B; OM-R07=B; OM-R10=A. Canonical existence does not authorize runtime assignment or pilot activation; professional/policy gate remains open."
"CANONICAL-001488","Çiçek & Bahçe","Bahçe El Aletleri","Bahçe Toplama & Temizlik El Aletleri","","L3","YES","CANONICAL-001486","CONFIRMED — PRODUCT OWNER FINAL — CANONICAL V1","REGULATED","YES","NO","NO","docs/TAXONOMY_W33_RESOLVED_UNIFIED_CANDIDATE_TREE.csv [BATCH_03]","0","Exact source row; Wave 15 Batch 03 proposal; Wave 32 finalization candidate; OM-R06=B; OM-R07=B; OM-R10=A. Canonical existence does not authorize runtime assignment or pilot activation; professional/policy gate remains open."
"CANONICAL-001489","Çiçek & Bahçe","Bahçe El Aletleri","Budama El Aletleri","","L3","YES","CANONICAL-001486","CONFIRMED — PRODUCT OWNER FINAL — CANONICAL V1","REGULATED","YES","NO","NO","docs/TAXONOMY_W33_RESOLVED_UNIFIED_CANDIDATE_TREE.csv [BATCH_03]","0","Exact source row; Wave 15 Batch 03 proposal; Wave 32 finalization candidate; OM-R06=B; OM-R07=B; OM-R10=A. Canonical existence does not authorize runtime assignment or pilot activation; professional/policy gate remains open."
"CANONICAL-001490","Çiçek & Bahçe","Bahçe El Aletleri","Kazma & Dikim El Aletleri","","L3","YES","CANONICAL-001486","CONFIRMED — PRODUCT OWNER FINAL — CANONICAL V1","REGULATED","YES","NO","NO","docs/TAXONOMY_W33_RESOLVED_UNIFIED_CANDIDATE_TREE.csv [BATCH_03]","0","Exact source row; Wave 15 Batch 03 proposal; Wave 32 finalization candidate; OM-R06=B; OM-R07=B; OM-R10=A. Canonical existence does not authorize runtime assignment or pilot activation; professional/policy gate remains open."
"CANONICAL-001491","Çiçek & Bahçe","Bahçe El Aletleri","Tırmık & Çapa El Aletleri","","L3","YES","CANONICAL-001486","CONFIRMED — PRODUCT OWNER FINAL — CANONICAL V1","REGULATED","YES","NO","NO","docs/TAXONOMY_W33_RESOLVED_UNIFIED_CANDIDATE_TREE.csv [BATCH_03]","0","Exact source row; Wave 15 Batch 03 proposal; Wave 32 finalization candidate; OM-R06=B; OM-R07=B; OM-R10=A. Canonical existence does not authorize runtime assignment or pilot activation; professional/policy gate remains open."
"CANONICAL-001492","Çiçek & Bahçe","Bitki Bakım & Yetiştirme Ürünleri","","","L2","NO","CANONICAL-001445","CONFIRMED — PRODUCT OWNER FINAL — CANONICAL V1","REGULATED","YES","NO","NO","docs/TAXONOMY_W33_RESOLVED_UNIFIED_CANDIDATE_TREE.csv [BATCH_03]","1","Exact source row; Wave 15 Batch 03 proposal; Wave 32 finalization candidate; OM-R06=B; OM-R07=B; OM-R10=A. Canonical existence does not authorize runtime assignment or pilot activation; professional/policy gate remains open."
"CANONICAL-001493","Çiçek & Bahçe","Bitki Bakım & Yetiştirme Ürünleri","Bitki Destekleri, Bağları & Klipsleri","","L3","YES","CANONICAL-001492","CONFIRMED — PRODUCT OWNER FINAL — CANONICAL V1","NORMAL","NO","NO","NO","docs/TAXONOMY_W33_RESOLVED_UNIFIED_CANDIDATE_TREE.csv [BATCH_03]","0","Exact source row; Wave 15 Batch 03 proposal; Wave 32 finalization candidate; OM-R06=B; OM-R07=B; OM-R10=A."
"CANONICAL-001494","Çiçek & Bahçe","Bitki Bakım & Yetiştirme Ürünleri","Bitkiye Özgü Yetiştirme Işıkları","","L3","YES","CANONICAL-001492","CONFIRMED — PRODUCT OWNER FINAL — CANONICAL V1","REGULATED","YES","NO","NO","docs/TAXONOMY_W33_RESOLVED_UNIFIED_CANDIDATE_TREE.csv [BATCH_03]","0","Exact source row; Wave 15 Batch 03 proposal; Wave 32 finalization candidate; OM-R06=B; OM-R07=B; OM-R10=A. Canonical existence does not authorize runtime assignment or pilot activation; professional/policy gate remains open."
"CANONICAL-001495","Çiçek & Bahçe","Bitki Bakım & Yetiştirme Ürünleri","Bitki Koruma Örtüleri","","L3","YES","CANONICAL-001492","CONFIRMED — PRODUCT OWNER FINAL — CANONICAL V1","REGULATED","YES","NO","NO","docs/TAXONOMY_W33_RESOLVED_UNIFIED_CANDIDATE_TREE.csv [BATCH_03]","0","Source lineage: Batch 03 candidate path Kimyasal Olmayan Bitki Koruma Örtüleri; Wave 33 taxonomy digest R09=A owner-final direction applied; not an OM root; pesticide and chemical gates remain open; OM-R06=B; OM-R07=B; OM-R10=A. Canonical existence does not authorize runtime assignment or pilot activation; professional/policy gate remains open."
"CANONICAL-001496","Çiçek & Bahçe","Bitki Bakım & Yetiştirme Ürünleri","Köklendirme & Fide Yetiştirme Kapları","","L3","YES","CANONICAL-001492","CONFIRMED — PRODUCT OWNER FINAL — CANONICAL V1","NORMAL","NO","NO","NO","docs/TAXONOMY_W33_RESOLVED_UNIFIED_CANDIDATE_TREE.csv [BATCH_03]","0","Exact source row; Wave 15 Batch 03 proposal; Wave 32 finalization candidate; OM-R06=B; OM-R07=B; OM-R10=A."
"CANONICAL-001497","Çiçek & Bahçe","Bitki Bakım & Yetiştirme Ürünleri","Nem, Işık & Toprak Ölçüm Yardımcıları","","L3","YES","CANONICAL-001492","CONFIRMED — PRODUCT OWNER FINAL — CANONICAL V1","REGULATED","YES","NO","NO","docs/TAXONOMY_W33_RESOLVED_UNIFIED_CANDIDATE_TREE.csv [BATCH_03]","0","Exact source row; Wave 15 Batch 03 proposal; Wave 32 finalization candidate; OM-R06=B; OM-R07=B; OM-R10=A. Canonical existence does not authorize runtime assignment or pilot activation; professional/policy gate remains open."
"CANONICAL-001498","Çiçek & Bahçe","Sera & Yetiştirme Ekipmanları","","","L2","NO","CANONICAL-001445","CONFIRMED — PRODUCT OWNER FINAL — CANONICAL V1","REGULATED","YES","NO","NO","docs/TAXONOMY_W33_RESOLVED_UNIFIED_CANDIDATE_TREE.csv [BATCH_03]","1","Exact source row; Wave 15 Batch 03 proposal; Wave 32 finalization candidate; OM-R06=B; OM-R07=B; OM-R10=A. Canonical existence does not authorize runtime assignment or pilot activation; professional/policy gate remains open."
"CANONICAL-001499","Çiçek & Bahçe","Sera & Yetiştirme Ekipmanları","Grow Tent Sistemleri","","L3","YES","CANONICAL-001498","CONFIRMED — PRODUCT OWNER FINAL — CANONICAL V1","REGULATED","YES","NO","NO","docs/TAXONOMY_W33_RESOLVED_UNIFIED_CANDIDATE_TREE.csv [BATCH_03]","0","Exact source row; Wave 15 Batch 03 proposal; Wave 32 finalization candidate; OM-R06=B; OM-R07=B; OM-R10=A. Canonical existence does not authorize runtime assignment or pilot activation; professional/policy gate remains open."
"CANONICAL-001500","Çiçek & Bahçe","Sera & Yetiştirme Ekipmanları","Hobi Seraları","","L3","YES","CANONICAL-001498","CONFIRMED — PRODUCT OWNER FINAL — CANONICAL V1","REGULATED","YES","NO","NO","docs/TAXONOMY_W33_RESOLVED_UNIFIED_CANDIDATE_TREE.csv [BATCH_03]","0","Exact source row; Wave 15 Batch 03 proposal; Wave 32 finalization candidate; OM-R06=B; OM-R07=B; OM-R10=A. Canonical existence does not authorize runtime assignment or pilot activation; professional/policy gate remains open."
"CANONICAL-001501","Çiçek & Bahçe","Sera & Yetiştirme Ekipmanları","Sera Havalandırma & İklim Ekipmanları","","L3","YES","CANONICAL-001498","CONFIRMED — PRODUCT OWNER FINAL — CANONICAL V1","REGULATED","YES","NO","NO","docs/TAXONOMY_W33_RESOLVED_UNIFIED_CANDIDATE_TREE.csv [BATCH_03]","0","Exact source row; Wave 15 Batch 03 proposal; Wave 32 finalization candidate; OM-R06=B; OM-R07=B; OM-R10=A. Canonical existence does not authorize runtime assignment or pilot activation; professional/policy gate remains open."
"CANONICAL-001502","Çiçek & Bahçe","Sera & Yetiştirme Ekipmanları","Sera Örtüleri","","L3","YES","CANONICAL-001498","CONFIRMED — PRODUCT OWNER FINAL — CANONICAL V1","REGULATED","YES","NO","NO","docs/TAXONOMY_W33_RESOLVED_UNIFIED_CANDIDATE_TREE.csv [BATCH_03]","0","Exact source row; Wave 15 Batch 03 proposal; Wave 32 finalization candidate; OM-R06=B; OM-R07=B; OM-R10=A. Canonical existence does not authorize runtime assignment or pilot activation; professional/policy gate remains open."
"CANONICAL-001503","Çiçek & Bahçe","Sera & Yetiştirme Ekipmanları","Sera Raf & Destekleri","","L3","YES","CANONICAL-001498","CONFIRMED — PRODUCT OWNER FINAL — CANONICAL V1","REGULATED","YES","NO","NO","docs/TAXONOMY_W33_RESOLVED_UNIFIED_CANDIDATE_TREE.csv [BATCH_03]","0","Exact source row; Wave 15 Batch 03 proposal; Wave 32 finalization candidate; OM-R06=B; OM-R07=B; OM-R10=A. Canonical existence does not authorize runtime assignment or pilot activation; professional/policy gate remains open."
"CANONICAL-001504","Çiçek & Bahçe","Bahçe Dekorasyonu & Peyzaj Aksesuarları","","","L2","NO","CANONICAL-001445","CONFIRMED — PRODUCT OWNER FINAL — CANONICAL V1","REGULATED","YES","NO","NO","docs/TAXONOMY_W33_RESOLVED_UNIFIED_CANDIDATE_TREE.csv [BATCH_03]","1","Exact source row; Wave 15 Batch 03 proposal; Wave 32 finalization candidate; OM-R06=B; OM-R07=B; OM-R10=A. Canonical existence does not authorize runtime assignment or pilot activation; professional/policy gate remains open."
"CANONICAL-001505","Çiçek & Bahçe","Bahçe Dekorasyonu & Peyzaj Aksesuarları","Bahçe Bordürü & Alçak Çitler","","L3","YES","CANONICAL-001504","CONFIRMED — PRODUCT OWNER FINAL — CANONICAL V1","REGULATED","YES","NO","NO","docs/TAXONOMY_W33_RESOLVED_UNIFIED_CANDIDATE_TREE.csv [BATCH_03]","0","Exact source row; Wave 15 Batch 03 proposal; Wave 32 finalization candidate; OM-R06=B; OM-R07=B; OM-R10=A. Canonical existence does not authorize runtime assignment or pilot activation; professional/policy gate remains open."
"CANONICAL-001506","Çiçek & Bahçe","Bahçe Dekorasyonu & Peyzaj Aksesuarları","Bahçe Süsleri & Figürleri","","L3","YES","CANONICAL-001504","CONFIRMED — PRODUCT OWNER FINAL — CANONICAL V1","NORMAL","NO","NO","NO","docs/TAXONOMY_W33_RESOLVED_UNIFIED_CANDIDATE_TREE.csv [BATCH_03]","0","Exact source row; Wave 15 Batch 03 proposal; Wave 32 finalization candidate; OM-R06=B; OM-R07=B; OM-R10=A."
"CANONICAL-001507","Çiçek & Bahçe","Bahçe Dekorasyonu & Peyzaj Aksesuarları","Bahçeye Özgü Dekoratif Aksesuarlar","","L3","YES","CANONICAL-001504","CONFIRMED — PRODUCT OWNER FINAL — CANONICAL V1","NORMAL","NO","NO","NO","docs/TAXONOMY_W33_RESOLVED_UNIFIED_CANDIDATE_TREE.csv [BATCH_03]","0","Exact source row; Wave 15 Batch 03 proposal; Wave 32 finalization candidate; OM-R06=B; OM-R07=B; OM-R10=A."
"CANONICAL-001508","Çiçek & Bahçe","Bahçe Dekorasyonu & Peyzaj Aksesuarları","Peyzaj Kumaşı & Yüzey Örtüleri","","L3","YES","CANONICAL-001504","CONFIRMED — PRODUCT OWNER FINAL — CANONICAL V1","REGULATED","YES","NO","NO","docs/TAXONOMY_W33_RESOLVED_UNIFIED_CANDIDATE_TREE.csv [BATCH_03]","0","Exact source row; Wave 15 Batch 03 proposal; Wave 32 finalization candidate; OM-R06=B; OM-R07=B; OM-R10=A. Canonical existence does not authorize runtime assignment or pilot activation; professional/policy gate remains open."
"CANONICAL-001509","Çiçek & Bahçe","Bahçe Dekorasyonu & Peyzaj Aksesuarları","Trellis & Bitki Kafesleri","","L3","YES","CANONICAL-001504","CONFIRMED — PRODUCT OWNER FINAL — CANONICAL V1","REGULATED","YES","NO","NO","docs/TAXONOMY_W33_RESOLVED_UNIFIED_CANDIDATE_TREE.csv [BATCH_03]","0","Exact source row; Wave 15 Batch 03 proposal; Wave 32 finalization candidate; OM-R06=B; OM-R07=B; OM-R10=A. Canonical existence does not authorize runtime assignment or pilot activation; professional/policy gate remains open."
"CANONICAL-001510","Hediyelik & Parti","","","","L1","NO","","CONFIRMED — PRODUCT OWNER FINAL — CANONICAL V1","NORMAL","NO","NO","YES","docs/ESNAFTAVAR_CANONICAL_CATEGORY_TAXONOMY.md","1","Canonical L1 root; never product-assignable; pilot activation requires at least one eligible descendant and a separate runtime decision."
"CANONICAL-001511","Hediyelik & Parti","Hatıra & Hediyelik Objeler","","","L2","NO","CANONICAL-001510","CONFIRMED — PRODUCT OWNER FINAL — CANONICAL V1","NORMAL","YES","NO","NO","docs/TAXONOMY_W33_RESOLVED_UNIFIED_CANDIDATE_TREE.csv [BATCH_02]","1","Exact source row; Batch 02 source proposal; finalization candidate; OM-R06=B; OM-R07=B; OM-R10=A Canonical existence does not authorize runtime assignment or pilot activation; professional/policy gate remains open."
"CANONICAL-001512","Hediyelik & Parti","Hatıra & Hediyelik Objeler","Hatıra Plaketi & Ödül Objeleri","","L3","YES","CANONICAL-001511","CONFIRMED — PRODUCT OWNER FINAL — CANONICAL V1","NORMAL","YES","NO","NO","docs/TAXONOMY_W33_RESOLVED_UNIFIED_CANDIDATE_TREE.csv [BATCH_02]","0","Exact source row; Batch 02 source proposal; finalization candidate; OM-R06=B; OM-R07=B; OM-R10=A Canonical existence does not authorize runtime assignment or pilot activation; professional/policy gate remains open."
"CANONICAL-001513","Hediyelik & Parti","Hatıra & Hediyelik Objeler","Magnet & Turistik Hatıralar","","L3","YES","CANONICAL-001511","CONFIRMED — PRODUCT OWNER FINAL — CANONICAL V1","NORMAL","YES","NO","NO","docs/TAXONOMY_W33_RESOLVED_UNIFIED_CANDIDATE_TREE.csv [BATCH_02]","1","Exact source row; Batch 02 source proposal; finalization candidate; OM-R06=B; OM-R07=B; OM-R10=A Canonical existence does not authorize runtime assignment or pilot activation; professional/policy gate remains open."
"CANONICAL-001514","Hediyelik & Parti","Hatıra & Hediyelik Objeler","Anı Kutusu & Hatıra Saklama Ürünleri","","L3","YES","CANONICAL-001511","CONFIRMED — PRODUCT OWNER FINAL — CANONICAL V1","NORMAL","YES","NO","NO","docs/TAXONOMY_W33_RESOLVED_UNIFIED_CANDIDATE_TREE.csv [BATCH_02]","0","Exact source row; Batch 02 source proposal; finalization candidate; OM-R06=B; OM-R07=B; OM-R10=A Canonical existence does not authorize runtime assignment or pilot activation; professional/policy gate remains open."
"CANONICAL-001515","Hediyelik & Parti","Hatıra & Hediyelik Objeler","Nikâh, Nişan & Bebek Hatıraları","","L3","YES","CANONICAL-001511","CONFIRMED — PRODUCT OWNER FINAL — CANONICAL V1","NORMAL","YES","NO","NO","docs/TAXONOMY_W33_RESOLVED_UNIFIED_CANDIDATE_TREE.csv [BATCH_02]","1","Exact source row; Batch 02 source proposal; finalization candidate; OM-R06=B; OM-R07=B; OM-R10=A Canonical existence does not authorize runtime assignment or pilot activation; professional/policy gate remains open."
"CANONICAL-001516","Hediyelik & Parti","Hediye Paketleme & Sunum","","","L2","NO","CANONICAL-001510","CONFIRMED — PRODUCT OWNER FINAL — CANONICAL V1","NORMAL","NO","NO","YES","docs/TAXONOMY_W33_RESOLVED_UNIFIED_CANDIDATE_TREE.csv [BATCH_02]","1","Exact source row; Batch 02 source proposal; finalization candidate; OM-R06=B; OM-R07=B; OM-R10=A"
"CANONICAL-001517","Hediyelik & Parti","Hediye Paketleme & Sunum","Hediye Kutuları","","L3","YES","CANONICAL-001516","CONFIRMED — PRODUCT OWNER FINAL — CANONICAL V1","NORMAL","NO","YES","YES","docs/TAXONOMY_W33_RESOLVED_UNIFIED_CANDIDATE_TREE.csv [BATCH_02]","0","Exact source row; Batch 02 source proposal; finalization candidate; OM-R06=B; OM-R07=B; OM-R10=A"
"CANONICAL-001518","Hediyelik & Parti","Hediye Paketleme & Sunum","Hediye Çantaları","","L3","YES","CANONICAL-001516","CONFIRMED — PRODUCT OWNER FINAL — CANONICAL V1","NORMAL","NO","YES","YES","docs/TAXONOMY_W33_RESOLVED_UNIFIED_CANDIDATE_TREE.csv [BATCH_02]","0","Exact source row; Batch 02 source proposal; finalization candidate; OM-R06=B; OM-R07=B; OM-R10=A"
"CANONICAL-001519","Hediyelik & Parti","Hediye Paketleme & Sunum","Paket Kâğıdı","","L3","YES","CANONICAL-001516","CONFIRMED — PRODUCT OWNER FINAL — CANONICAL V1","NORMAL","NO","YES","YES","docs/TAXONOMY_W33_RESOLVED_UNIFIED_CANDIDATE_TREE.csv [BATCH_02]","0","Exact source row; Batch 02 source proposal; finalization candidate; OM-R06=B; OM-R07=B; OM-R10=A"
"CANONICAL-001520","Hediyelik & Parti","Hediye Paketleme & Sunum","Kurdele & Fiyonklar","","L3","YES","CANONICAL-001516","CONFIRMED — PRODUCT OWNER FINAL — CANONICAL V1","NORMAL","NO","YES","YES","docs/TAXONOMY_W33_RESOLVED_UNIFIED_CANDIDATE_TREE.csv [BATCH_02]","0","Exact source row; Batch 02 source proposal; finalization candidate; OM-R06=B; OM-R07=B; OM-R10=A"
"CANONICAL-001521","Hediyelik & Parti","Hediye Paketleme & Sunum","Pelür & Sunum Dolguları","","L3","YES","CANONICAL-001516","CONFIRMED — PRODUCT OWNER FINAL — CANONICAL V1","NORMAL","NO","YES","YES","docs/TAXONOMY_W33_RESOLVED_UNIFIED_CANDIDATE_TREE.csv [BATCH_02]","0","Exact source row; Batch 02 source proposal; finalization candidate; OM-R06=B; OM-R07=B; OM-R10=A"
"CANONICAL-001522","Hediyelik & Parti","Tebrik Kartları, Davetiyeler & Kutlama Yazıları","","","L2","NO","CANONICAL-001510","CONFIRMED — PRODUCT OWNER FINAL — CANONICAL V1","NORMAL","YES","NO","NO","docs/TAXONOMY_W33_RESOLVED_UNIFIED_CANDIDATE_TREE.csv [BATCH_02]","1","Exact source row; Batch 02 source proposal; finalization candidate; OM-R06=B; OM-R07=B; OM-R10=A Canonical existence does not authorize runtime assignment or pilot activation; professional/policy gate remains open."
"CANONICAL-001523","Hediyelik & Parti","Tebrik Kartları, Davetiyeler & Kutlama Yazıları","Tebrik Kartları","","L3","YES","CANONICAL-001522","CONFIRMED — PRODUCT OWNER FINAL — CANONICAL V1","NORMAL","YES","NO","NO","docs/TAXONOMY_W33_RESOLVED_UNIFIED_CANDIDATE_TREE.csv [BATCH_02]","0","Exact source row; Batch 02 source proposal; finalization candidate; OM-R06=B; OM-R07=B; OM-R10=A Canonical existence does not authorize runtime assignment or pilot activation; professional/policy gate remains open."
"CANONICAL-001524","Hediyelik & Parti","Tebrik Kartları, Davetiyeler & Kutlama Yazıları","Fiziksel Davetiyeler","","L3","YES","CANONICAL-001522","CONFIRMED — PRODUCT OWNER FINAL — CANONICAL V1","NORMAL","YES","NO","NO","docs/TAXONOMY_W33_RESOLVED_UNIFIED_CANDIDATE_TREE.csv [BATCH_02]","0","Exact source row; Batch 02 source proposal; finalization candidate; OM-R06=B; OM-R07=B; OM-R10=A Canonical existence does not authorize runtime assignment or pilot activation; professional/policy gate remains open."
"CANONICAL-001525","Hediyelik & Parti","Tebrik Kartları, Davetiyeler & Kutlama Yazıları","Masa Kartı & Hediye Etiketleri","","L3","YES","CANONICAL-001522","CONFIRMED — PRODUCT OWNER FINAL — CANONICAL V1","NORMAL","YES","NO","NO","docs/TAXONOMY_W33_RESOLVED_UNIFIED_CANDIDATE_TREE.csv [BATCH_02]","0","Exact source row; Batch 02 source proposal; finalization candidate; OM-R06=B; OM-R07=B; OM-R10=A Canonical existence does not authorize runtime assignment or pilot activation; professional/policy gate remains open."
"CANONICAL-001526","Hediyelik & Parti","Tebrik Kartları, Davetiyeler & Kutlama Yazıları","Kutlama Harfleri & Yazıları","","L3","YES","CANONICAL-001522","CONFIRMED — PRODUCT OWNER FINAL — CANONICAL V1","NORMAL","YES","NO","NO","docs/TAXONOMY_W33_RESOLVED_UNIFIED_CANDIDATE_TREE.csv [BATCH_02]","0","Exact source row; Batch 02 source proposal; finalization candidate; OM-R06=B; OM-R07=B; OM-R10=A Canonical existence does not authorize runtime assignment or pilot activation; professional/policy gate remains open."
"CANONICAL-001527","Hediyelik & Parti","Balon & Balon Aksesuarları","","","L2","NO","CANONICAL-001510","CONFIRMED — PRODUCT OWNER FINAL — CANONICAL V1","REGULATED","YES","NO","NO","docs/TAXONOMY_W33_RESOLVED_UNIFIED_CANDIDATE_TREE.csv [BATCH_02]","1","Exact source row; Batch 02 source proposal; finalization candidate; OM-R06=B; OM-R07=B; OM-R10=A Canonical existence does not authorize runtime assignment or pilot activation; professional/policy gate remains open."
"CANONICAL-001528","Hediyelik & Parti","Balon & Balon Aksesuarları","Balonlar","","L3","NO","CANONICAL-001527","CONFIRMED — PRODUCT OWNER FINAL — CANONICAL V1","REGULATED","YES","NO","NO","docs/TAXONOMY_W33_RESOLVED_UNIFIED_CANDIDATE_TREE.csv [BATCH_02]","0","Exact source row; Batch 02 source proposal; finalization candidate; OM-R06=B; OM-R07=B; OM-R10=A Canonical existence does not authorize runtime assignment or pilot activation; professional/policy gate remains open."
"CANONICAL-001529","Hediyelik & Parti","Balon & Balon Aksesuarları","Balonlar","Lateks Balonlar","L4","YES","CANONICAL-001528","CONFIRMED — PRODUCT OWNER FINAL — CANONICAL V1","REGULATED","YES","NO","NO","docs/TAXONOMY_W33_RESOLVED_UNIFIED_CANDIDATE_TREE.csv [BATCH_02]","1","Exact source row; Batch 02 source proposal; finalization candidate; OM-R06=B; OM-R07=B; OM-R10=A Canonical existence does not authorize runtime assignment or pilot activation; professional/policy gate remains open."
"CANONICAL-001530","Hediyelik & Parti","Balon & Balon Aksesuarları","Balonlar","Folyo Balonlar","L4","YES","CANONICAL-001528","CONFIRMED — PRODUCT OWNER FINAL — CANONICAL V1","REGULATED","YES","NO","NO","docs/TAXONOMY_W33_RESOLVED_UNIFIED_CANDIDATE_TREE.csv [BATCH_02]","1","Exact source row; Batch 02 source proposal; finalization candidate; OM-R06=B; OM-R07=B; OM-R10=A Canonical existence does not authorize runtime assignment or pilot activation; professional/policy gate remains open."
"CANONICAL-001531","Hediyelik & Parti","Balon & Balon Aksesuarları","Balon Pompaları","","L3","YES","CANONICAL-001527","CONFIRMED — PRODUCT OWNER FINAL — CANONICAL V1","NORMAL","YES","NO","NO","docs/TAXONOMY_W33_RESOLVED_UNIFIED_CANDIDATE_TREE.csv [BATCH_02]","0","Exact source row; Batch 02 source proposal; finalization candidate; OM-R06=B; OM-R07=B; OM-R10=A Canonical existence does not authorize runtime assignment or pilot activation; professional/policy gate remains open."
"CANONICAL-001532","Hediyelik & Parti","Balon & Balon Aksesuarları","Balon Standı & Ağırlıkları","","L3","YES","CANONICAL-001527","CONFIRMED — PRODUCT OWNER FINAL — CANONICAL V1","NORMAL","YES","NO","NO","docs/TAXONOMY_W33_RESOLVED_UNIFIED_CANDIDATE_TREE.csv [BATCH_02]","0","Exact source row; Batch 02 source proposal; finalization candidate; OM-R06=B; OM-R07=B; OM-R10=A Canonical existence does not authorize runtime assignment or pilot activation; professional/policy gate remains open."
"CANONICAL-001533","Hediyelik & Parti","Balon & Balon Aksesuarları","Balon Bant & Bağlama Aksesuarları","","L3","YES","CANONICAL-001527","CONFIRMED — PRODUCT OWNER FINAL — CANONICAL V1","NORMAL","YES","NO","NO","docs/TAXONOMY_W33_RESOLVED_UNIFIED_CANDIDATE_TREE.csv [BATCH_02]","0","Exact source row; Batch 02 source proposal; finalization candidate; OM-R06=B; OM-R07=B; OM-R10=A Canonical existence does not authorize runtime assignment or pilot activation; professional/policy gate remains open."
"CANONICAL-001534","Hediyelik & Parti","Parti Süsleri & Mekân Dekorasyonu","","","L2","NO","CANONICAL-001510","CONFIRMED — PRODUCT OWNER FINAL — CANONICAL V1","REGULATED","YES","NO","NO","docs/TAXONOMY_W33_RESOLVED_UNIFIED_CANDIDATE_TREE.csv [BATCH_02]","1","Exact source row; Batch 02 source proposal; finalization candidate; OM-R06=B; OM-R07=B; OM-R10=A Canonical existence does not authorize runtime assignment or pilot activation; professional/policy gate remains open."
"CANONICAL-001535","Hediyelik & Parti","Parti Süsleri & Mekân Dekorasyonu","Banner & Girlandlar","","L3","YES","CANONICAL-001534","CONFIRMED — PRODUCT OWNER FINAL — CANONICAL V1","NORMAL","YES","NO","NO","docs/TAXONOMY_W33_RESOLVED_UNIFIED_CANDIDATE_TREE.csv [BATCH_02]","1","Exact source row; Batch 02 source proposal; finalization candidate; OM-R06=B; OM-R07=B; OM-R10=A Canonical existence does not authorize runtime assignment or pilot activation; professional/policy gate remains open."
"CANONICAL-001536","Hediyelik & Parti","Parti Süsleri & Mekân Dekorasyonu","Fon Perdesi & Parti Arka Planları","","L3","YES","CANONICAL-001534","CONFIRMED — PRODUCT OWNER FINAL — CANONICAL V1","REGULATED","YES","NO","NO","docs/TAXONOMY_W33_RESOLVED_UNIFIED_CANDIDATE_TREE.csv [BATCH_02]","0","Exact source row; Batch 02 source proposal; finalization candidate; OM-R06=B; OM-R07=B; OM-R10=A Canonical existence does not authorize runtime assignment or pilot activation; professional/policy gate remains open."
"CANONICAL-001537","Hediyelik & Parti","Parti Süsleri & Mekân Dekorasyonu","Asma Parti Süsleri","","L3","YES","CANONICAL-001534","CONFIRMED — PRODUCT OWNER FINAL — CANONICAL V1","REGULATED","YES","NO","NO","docs/TAXONOMY_W33_RESOLVED_UNIFIED_CANDIDATE_TREE.csv [BATCH_02]","0","Exact source row; Batch 02 source proposal; finalization candidate; OM-R06=B; OM-R07=B; OM-R10=A Canonical existence does not authorize runtime assignment or pilot activation; professional/policy gate remains open."
"CANONICAL-001538","Hediyelik & Parti","Parti Süsleri & Mekân Dekorasyonu","Masa & Mekân Parti Süsleri","","L3","YES","CANONICAL-001534","CONFIRMED — PRODUCT OWNER FINAL — CANONICAL V1","NORMAL","YES","NO","NO","docs/TAXONOMY_W33_RESOLVED_UNIFIED_CANDIDATE_TREE.csv [BATCH_02]","0","Exact source row; Batch 02 source proposal; finalization candidate; OM-R06=B; OM-R07=B; OM-R10=A Canonical existence does not authorize runtime assignment or pilot activation; professional/policy gate remains open."
"CANONICAL-001539","Hediyelik & Parti","Parti Süsleri & Mekân Dekorasyonu","Konfeti","","L3","YES","CANONICAL-001534","CONFIRMED — PRODUCT OWNER FINAL — CANONICAL V1","REGULATED","YES","NO","NO","docs/TAXONOMY_W33_RESOLVED_UNIFIED_CANDIDATE_TREE.csv [BATCH_02]","0","Source lineage: Batch 02 candidate path Piroteknik Olmayan Konfeti; Wave 33 taxonomy digest R09=A owner-final direction applied; not an OM root; pyrotechnics remain excluded; OM-R06=B; OM-R07=B; OM-R10=A Canonical existence does not authorize runtime assignment or pilot activation; professional/policy gate remains open."
"CANONICAL-001540","Hediyelik & Parti","Parti Sofrası & Servis Ürünleri","","","L2","NO","CANONICAL-001510","CONFIRMED — PRODUCT OWNER FINAL — CANONICAL V1","REGULATED","YES","NO","NO","docs/TAXONOMY_W33_RESOLVED_UNIFIED_CANDIDATE_TREE.csv [BATCH_02]","1","Exact source row; Batch 02 source proposal; finalization candidate; OM-R06=B; OM-R07=B; OM-R10=A Canonical existence does not authorize runtime assignment or pilot activation; professional/policy gate remains open."
"CANONICAL-001541","Hediyelik & Parti","Parti Sofrası & Servis Ürünleri","Tek Kullanımlık Parti Tabak & Kaseleri","","L3","YES","CANONICAL-001540","CONFIRMED — PRODUCT OWNER FINAL — CANONICAL V1","REGULATED","YES","NO","NO","docs/TAXONOMY_W33_RESOLVED_UNIFIED_CANDIDATE_TREE.csv [BATCH_02]","1","Exact source row; Batch 02 source proposal; finalization candidate; OM-R06=B; OM-R07=B; OM-R10=A Canonical existence does not authorize runtime assignment or pilot activation; professional/policy gate remains open."
"CANONICAL-001542","Hediyelik & Parti","Parti Sofrası & Servis Ürünleri","Parti Bardakları","","L3","YES","CANONICAL-001540","CONFIRMED — PRODUCT OWNER FINAL — CANONICAL V1","REGULATED","YES","NO","NO","docs/TAXONOMY_W33_RESOLVED_UNIFIED_CANDIDATE_TREE.csv [BATCH_02]","1","Exact source row; Batch 02 source proposal; finalization candidate; OM-R06=B; OM-R07=B; OM-R10=A Canonical existence does not authorize runtime assignment or pilot activation; professional/policy gate remains open."
"CANONICAL-001543","Hediyelik & Parti","Parti Sofrası & Servis Ürünleri","Parti Peçetesi & Masa Örtüleri","","L3","YES","CANONICAL-001540","CONFIRMED — PRODUCT OWNER FINAL — CANONICAL V1","REGULATED","YES","NO","NO","docs/TAXONOMY_W33_RESOLVED_UNIFIED_CANDIDATE_TREE.csv [BATCH_02]","1","Exact source row; Batch 02 source proposal; finalization candidate; OM-R06=B; OM-R07=B; OM-R10=A Canonical existence does not authorize runtime assignment or pilot activation; professional/policy gate remains open."
"CANONICAL-001544","Hediyelik & Parti","Parti Sofrası & Servis Ürünleri","Parti Çatal, Kaşık & Servis Ürünleri","","L3","YES","CANONICAL-001540","CONFIRMED — PRODUCT OWNER FINAL — CANONICAL V1","REGULATED","YES","NO","NO","docs/TAXONOMY_W33_RESOLVED_UNIFIED_CANDIDATE_TREE.csv [BATCH_02]","1","Exact source row; Batch 02 source proposal; finalization candidate; OM-R06=B; OM-R07=B; OM-R10=A Canonical existence does not authorize runtime assignment or pilot activation; professional/policy gate remains open."
"CANONICAL-001545","Hediyelik & Parti","Parti Sofrası & Servis Ürünleri","Pipet & Parti Servis Aksesuarları","","L3","YES","CANONICAL-001540","CONFIRMED — PRODUCT OWNER FINAL — CANONICAL V1","REGULATED","YES","NO","NO","docs/TAXONOMY_W33_RESOLVED_UNIFIED_CANDIDATE_TREE.csv [BATCH_02]","1","Exact source row; Batch 02 source proposal; finalization candidate; OM-R06=B; OM-R07=B; OM-R10=A Canonical existence does not authorize runtime assignment or pilot activation; professional/policy gate remains open."
"CANONICAL-001546","Hediyelik & Parti","Kostüm, Maske & Parti Aksesuarları","","","L2","NO","CANONICAL-001510","CONFIRMED — PRODUCT OWNER FINAL — CANONICAL V1","REGULATED","YES","NO","NO","docs/TAXONOMY_W33_RESOLVED_UNIFIED_CANDIDATE_TREE.csv [BATCH_02]","1","Exact source row; Batch 02 source proposal; finalization candidate; OM-R06=B; OM-R07=B; OM-R10=A Canonical existence does not authorize runtime assignment or pilot activation; professional/policy gate remains open."
"CANONICAL-001547","Hediyelik & Parti","Kostüm, Maske & Parti Aksesuarları","Parti Kostümleri","","L3","YES","CANONICAL-001546","CONFIRMED — PRODUCT OWNER FINAL — CANONICAL V1","REGULATED","YES","NO","NO","docs/TAXONOMY_W33_RESOLVED_UNIFIED_CANDIDATE_TREE.csv [BATCH_02]","1","Exact source row; Batch 02 source proposal; finalization candidate; OM-R06=B; OM-R07=B; OM-R10=A Canonical existence does not authorize runtime assignment or pilot activation; professional/policy gate remains open."
"CANONICAL-001548","Hediyelik & Parti","Kostüm, Maske & Parti Aksesuarları","Parti Maskeleri","","L3","YES","CANONICAL-001546","CONFIRMED — PRODUCT OWNER FINAL — CANONICAL V1","REGULATED","YES","NO","NO","docs/TAXONOMY_W33_RESOLVED_UNIFIED_CANDIDATE_TREE.csv [BATCH_02]","1","Exact source row; Batch 02 source proposal; finalization candidate; OM-R06=B; OM-R07=B; OM-R10=A Canonical existence does not authorize runtime assignment or pilot activation; professional/policy gate remains open."
"CANONICAL-001549","Hediyelik & Parti","Kostüm, Maske & Parti Aksesuarları","Parti Perukları","","L3","YES","CANONICAL-001546","CONFIRMED — PRODUCT OWNER FINAL — CANONICAL V1","REGULATED","YES","NO","NO","docs/TAXONOMY_W33_RESOLVED_UNIFIED_CANDIDATE_TREE.csv [BATCH_02]","0","Exact source row; Batch 02 source proposal; finalization candidate; OM-R06=B; OM-R07=B; OM-R10=A Canonical existence does not authorize runtime assignment or pilot activation; professional/policy gate remains open."
"CANONICAL-001550","Hediyelik & Parti","Kostüm, Maske & Parti Aksesuarları","Parti Şapkası, Taç & Baş Aksesuarları","","L3","YES","CANONICAL-001546","CONFIRMED — PRODUCT OWNER FINAL — CANONICAL V1","REGULATED","YES","NO","NO","docs/TAXONOMY_W33_RESOLVED_UNIFIED_CANDIDATE_TREE.csv [BATCH_02]","0","Exact source row; Batch 02 source proposal; finalization candidate; OM-R06=B; OM-R07=B; OM-R10=A Canonical existence does not authorize runtime assignment or pilot activation; professional/policy gate remains open."
"CANONICAL-001551","Hediyelik & Parti","Kostüm, Maske & Parti Aksesuarları","Giyilebilir Parti Aksesuarları","","L3","YES","CANONICAL-001546","CONFIRMED — PRODUCT OWNER FINAL — CANONICAL V1","REGULATED","YES","NO","NO","docs/TAXONOMY_W33_RESOLVED_UNIFIED_CANDIDATE_TREE.csv [BATCH_02]","0","Exact source row; Batch 02 source proposal; finalization candidate; OM-R06=B; OM-R07=B; OM-R10=A Canonical existence does not authorize runtime assignment or pilot activation; professional/policy gate remains open."
"CANONICAL-001552","Hediyelik & Parti","Kostüm, Maske & Parti Aksesuarları","Kostüm Amaçlı Ayak Aksesuarları","","L3","YES","CANONICAL-001546","CONFIRMED — PRODUCT OWNER FINAL — CANONICAL V1","REGULATED","YES","NO","NO","docs/TAXONOMY_W33_RESOLVED_UNIFIED_CANDIDATE_TREE.csv [BATCH_02]","0","Exact source row; Batch 02 source proposal; finalization candidate; OM-R06=B; OM-R07=B; OM-R10=A Canonical existence does not authorize runtime assignment or pilot activation; professional/policy gate remains open."
"CANONICAL-001553","Hediyelik & Parti","Pasta Süsleme & Kutlama Aksesuarları","","","L2","NO","CANONICAL-001510","CONFIRMED — PRODUCT OWNER FINAL — CANONICAL V1","REGULATED","YES","NO","NO","docs/TAXONOMY_W33_RESOLVED_UNIFIED_CANDIDATE_TREE.csv [BATCH_02]","1","Exact source row; Batch 02 source proposal; finalization candidate; OM-R06=B; OM-R07=B; OM-R10=A Canonical existence does not authorize runtime assignment or pilot activation; professional/policy gate remains open."
"CANONICAL-001554","Hediyelik & Parti","Pasta Süsleme & Kutlama Aksesuarları","Pasta Mumları","","L3","NO","CANONICAL-001553","CONFIRMED — PRODUCT OWNER FINAL — CANONICAL V1","REGULATED","YES","NO","NO","docs/TAXONOMY_W33_RESOLVED_UNIFIED_CANDIDATE_TREE.csv [BATCH_02]","0","Exact source row; Batch 02 source proposal; finalization candidate; OM-R06=B; OM-R07=B; OM-R10=A Canonical existence does not authorize runtime assignment or pilot activation; professional/policy gate remains open."
"CANONICAL-001555","Hediyelik & Parti","Pasta Süsleme & Kutlama Aksesuarları","Pasta Mumları","Standart Pasta Mumları","L4","YES","CANONICAL-001554","CONFIRMED — PRODUCT OWNER FINAL — CANONICAL V1","REGULATED","YES","NO","NO","docs/TAXONOMY_W33_RESOLVED_UNIFIED_CANDIDATE_TREE.csv [BATCH_02]","0","Exact source row; Batch 02 source proposal; finalization candidate; OM-R06=B; OM-R07=B; OM-R10=A Canonical existence does not authorize runtime assignment or pilot activation; professional/policy gate remains open."
"CANONICAL-001556","Hediyelik & Parti","Pasta Süsleme & Kutlama Aksesuarları","Pasta Mumları","Rakam & Harf Mumları","L4","YES","CANONICAL-001554","CONFIRMED — PRODUCT OWNER FINAL — CANONICAL V1","REGULATED","YES","NO","NO","docs/TAXONOMY_W33_RESOLVED_UNIFIED_CANDIDATE_TREE.csv [BATCH_02]","0","Exact source row; Batch 02 source proposal; finalization candidate; OM-R06=B; OM-R07=B; OM-R10=A Canonical existence does not authorize runtime assignment or pilot activation; professional/policy gate remains open."
"CANONICAL-001557","Hediyelik & Parti","Pasta Süsleme & Kutlama Aksesuarları","Pasta Topperları","","L3","YES","CANONICAL-001553","CONFIRMED — PRODUCT OWNER FINAL — CANONICAL V1","REGULATED","YES","NO","NO","docs/TAXONOMY_W33_RESOLVED_UNIFIED_CANDIDATE_TREE.csv [BATCH_02]","1","Exact source row; Batch 02 source proposal; finalization candidate; OM-R06=B; OM-R07=B; OM-R10=A Canonical existence does not authorize runtime assignment or pilot activation; professional/policy gate remains open."
"CANONICAL-001558","Hediyelik & Parti","Pasta Süsleme & Kutlama Aksesuarları","Pasta Dekor & Sunum Aksesuarları","","L3","YES","CANONICAL-001553","CONFIRMED — PRODUCT OWNER FINAL — CANONICAL V1","REGULATED","YES","NO","NO","docs/TAXONOMY_W33_RESOLVED_UNIFIED_CANDIDATE_TREE.csv [BATCH_02]","0","Exact source row; Batch 02 source proposal; finalization candidate; OM-R06=B; OM-R07=B; OM-R10=A Canonical existence does not authorize runtime assignment or pilot activation; professional/policy gate remains open."
"CANONICAL-001559","Hediyelik & Parti","Parti Eğlence & Fotoğraf Aksesuarları","","","L2","NO","CANONICAL-001510","CONFIRMED — PRODUCT OWNER FINAL — CANONICAL V1","REGULATED","YES","NO","NO","docs/TAXONOMY_W33_RESOLVED_UNIFIED_CANDIDATE_TREE.csv [BATCH_02]","1","Exact source row; Batch 02 source proposal; finalization candidate; OM-R06=B; OM-R07=B; OM-R10=A Canonical existence does not authorize runtime assignment or pilot activation; professional/policy gate remains open."
"CANONICAL-001560","Hediyelik & Parti","Parti Eğlence & Fotoğraf Aksesuarları","Photo Booth Aksesuarları","","L3","YES","CANONICAL-001559","CONFIRMED — PRODUCT OWNER FINAL — CANONICAL V1","NORMAL","YES","NO","NO","docs/TAXONOMY_W33_RESOLVED_UNIFIED_CANDIDATE_TREE.csv [BATCH_02]","0","Exact source row; Batch 02 source proposal; finalization candidate; OM-R06=B; OM-R07=B; OM-R10=A Canonical existence does not authorize runtime assignment or pilot activation; professional/policy gate remains open."
"CANONICAL-001561","Hediyelik & Parti","Parti Eğlence & Fotoğraf Aksesuarları","Pinyatalar","","L3","YES","CANONICAL-001559","CONFIRMED — PRODUCT OWNER FINAL — CANONICAL V1","REGULATED","YES","NO","NO","docs/TAXONOMY_W33_RESOLVED_UNIFIED_CANDIDATE_TREE.csv [BATCH_02]","0","Exact source row; Batch 02 source proposal; finalization candidate; OM-R06=B; OM-R07=B; OM-R10=A Canonical existence does not authorize runtime assignment or pilot activation; professional/policy gate remains open."
"CANONICAL-001562","Hediyelik & Parti","Parti Eğlence & Fotoğraf Aksesuarları","Parti Üflemelileri","","L3","YES","CANONICAL-001559","CONFIRMED — PRODUCT OWNER FINAL — CANONICAL V1","REGULATED","YES","NO","NO","docs/TAXONOMY_W33_RESOLVED_UNIFIED_CANDIDATE_TREE.csv [BATCH_02]","0","Source lineage: Batch 02 candidate path Piroteknik Olmayan Parti Üflemelileri; Wave 33 taxonomy digest R09=A owner-final direction applied; not an OM root; pyrotechnics remain excluded; OM-R06=B; OM-R07=B; OM-R10=A Canonical existence does not authorize runtime assignment or pilot activation; professional/policy gate remains open."
"CANONICAL-001563","Hediyelik & Parti","Parti Eğlence & Fotoğraf Aksesuarları","Kutlama Etkinlik Aksesuarları","","L3","YES","CANONICAL-001559","CONFIRMED — PRODUCT OWNER FINAL — CANONICAL V1","REGULATED","YES","NO","NO","docs/TAXONOMY_W33_RESOLVED_UNIFIED_CANDIDATE_TREE.csv [BATCH_02]","0","Exact source row; Batch 02 source proposal; finalization candidate; OM-R06=B; OM-R07=B; OM-R10=A Canonical existence does not authorize runtime assignment or pilot activation; professional/policy gate remains open."
