"L1","L2","L3","L4","LEAF_YN","NODE_STATE","POLICY_CLASS","PRIMARY_DOMAIN","FACET_NOTES","SYNONYM_NOTES","OWNER_DECISION_REQUIRED","PROFESSIONAL_REVIEW_REQUIRED","SOURCE_NOTES"
"Gıda & İçecek","Taze Meyve & Sebze","","","NO","CANDIDATE_FOR_PRODUCT_OWNER_FINALIZATION","NORMAL","Gıda & İçecek","See Gıda & İçecek candidate facet registry; characteristics remain facets","See Gıda & İçecek candidate synonym registry","YES","NO","Batch 01 source proposal; finalization candidate; OM-R06=B; OM-R07=B; OM-R10=A"
"Gıda & İçecek","Taze Meyve & Sebze","Taze Meyve","","YES","CANDIDATE_FOR_PRODUCT_OWNER_FINALIZATION","NORMAL","Gıda & İçecek","See Gıda & İçecek candidate facet registry; characteristics remain facets","See Gıda & İçecek candidate synonym registry","YES","NO","Batch 01 source proposal; finalization candidate; OM-R06=B; OM-R07=B; OM-R10=A"
"Gıda & İçecek","Taze Meyve & Sebze","Taze Sebze","","YES","CANDIDATE_FOR_PRODUCT_OWNER_FINALIZATION","NORMAL","Gıda & İçecek","See Gıda & İçecek candidate facet registry; characteristics remain facets","See Gıda & İçecek candidate synonym registry","YES","NO","Batch 01 source proposal; finalization candidate; OM-R06=B; OM-R07=B; OM-R10=A"
"Gıda & İçecek","Taze Meyve & Sebze","Mantar","","YES","CANDIDATE_FOR_PRODUCT_OWNER_FINALIZATION","NORMAL","Gıda & İçecek","See Gıda & İçecek candidate facet registry; characteristics remain facets","See Gıda & İçecek candidate synonym registry","YES","NO","Batch 01 source proposal; finalization candidate; OM-R06=B; OM-R07=B; OM-R10=A"
"Gıda & İçecek","Taze Meyve & Sebze","Taze Ot & Yeşillik","","YES","CANDIDATE_FOR_PRODUCT_OWNER_FINALIZATION","NORMAL","Gıda & İçecek","See Gıda & İçecek candidate facet registry; characteristics remain facets","See Gıda & İçecek candidate synonym registry","YES","NO","Batch 01 source proposal; finalization candidate; OM-R06=B; OM-R07=B; OM-R10=A"
"Gıda & İçecek","Et, Tavuk, Balık & Şarküteri","","","NO","CANDIDATE_FOR_PRODUCT_OWNER_FINALIZATION","REGULATED","Gıda & İçecek","See Gıda & İçecek candidate facet registry; characteristics remain facets","See Gıda & İçecek candidate synonym registry","YES","YES","Batch 01 source proposal; finalization candidate; OM-R06=B; OM-R07=B; OM-R10=A"
"Gıda & İçecek","Et, Tavuk, Balık & Şarküteri","Kırmızı Et","","YES","CANDIDATE_FOR_PRODUCT_OWNER_FINALIZATION","REGULATED","Gıda & İçecek","See Gıda & İçecek candidate facet registry; characteristics remain facets","See Gıda & İçecek candidate synonym registry","YES","YES","Batch 01 source proposal; finalization candidate; OM-R06=B; OM-R07=B; OM-R10=A"
"Gıda & İçecek","Et, Tavuk, Balık & Şarküteri","Tavuk & Kanatlı","","YES","CANDIDATE_FOR_PRODUCT_OWNER_FINALIZATION","REGULATED","Gıda & İçecek","See Gıda & İçecek candidate facet registry; characteristics remain facets","See Gıda & İçecek candidate synonym registry","YES","YES","Batch 01 source proposal; finalization candidate; OM-R06=B; OM-R07=B; OM-R10=A"
"Gıda & İçecek","Et, Tavuk, Balık & Şarküteri","Balık & Deniz Ürünleri","","YES","CANDIDATE_FOR_PRODUCT_OWNER_FINALIZATION","REGULATED","Gıda & İçecek","See Gıda & İçecek candidate facet registry; characteristics remain facets","See Gıda & İçecek candidate synonym registry","YES","YES","Batch 01 source proposal; finalization candidate; OM-R06=B; OM-R07=B; OM-R10=A"
"Gıda & İçecek","Et, Tavuk, Balık & Şarküteri","Şarküteri Ürünleri","","YES","CANDIDATE_FOR_PRODUCT_OWNER_FINALIZATION","REGULATED","Gıda & İçecek","See Gıda & İçecek candidate facet registry; characteristics remain facets","See Gıda & İçecek candidate synonym registry","YES","YES","Batch 01 source proposal; finalization candidate; OM-R06=B; OM-R07=B; OM-R10=A"
"Gıda & İçecek","Süt Ürünleri & Yumurta","","","NO","CANDIDATE_FOR_PRODUCT_OWNER_FINALIZATION","REGULATED","Gıda & İçecek","See Gıda & İçecek candidate facet registry; characteristics remain facets","See Gıda & İçecek candidate synonym registry","YES","YES","Batch 01 source proposal; finalization candidate; OM-R06=B; OM-R07=B; OM-R10=A"
"Gıda & İçecek","Süt Ürünleri & Yumurta","Süt","","YES","CANDIDATE_FOR_PRODUCT_OWNER_FINALIZATION","REGULATED","Gıda & İçecek","See Gıda & İçecek candidate facet registry; characteristics remain facets","See Gıda & İçecek candidate synonym registry","YES","YES","Batch 01 source proposal; finalization candidate; OM-R06=B; OM-R07=B; OM-R10=A"
"Gıda & İçecek","Süt Ürünleri & Yumurta","Yoğurt","","YES","CANDIDATE_FOR_PRODUCT_OWNER_FINALIZATION","REGULATED","Gıda & İçecek","See Gıda & İçecek candidate facet registry; characteristics remain facets","See Gıda & İçecek candidate synonym registry","YES","YES","Batch 01 source proposal; finalization candidate; OM-R06=B; OM-R07=B; OM-R10=A"
"Gıda & İçecek","Süt Ürünleri & Yumurta","Peynir","","YES","CANDIDATE_FOR_PRODUCT_OWNER_FINALIZATION","REGULATED","Gıda & İçecek","See Gıda & İçecek candidate facet registry; characteristics remain facets","See Gıda & İçecek candidate synonym registry","YES","YES","Batch 01 source proposal; finalization candidate; OM-R06=B; OM-R07=B; OM-R10=A"
"Gıda & İçecek","Süt Ürünleri & Yumurta","Ayran & Kefir","","YES","CANDIDATE_FOR_PRODUCT_OWNER_FINALIZATION","REGULATED","Gıda & İçecek","See Gıda & İçecek candidate facet registry; characteristics remain facets","See Gıda & İçecek candidate synonym registry","YES","YES","Batch 01 source proposal; finalization candidate; OM-R06=B; OM-R07=B; OM-R10=A"
"Gıda & İçecek","Süt Ürünleri & Yumurta","Tereyağı & Krema","","YES","CANDIDATE_FOR_PRODUCT_OWNER_FINALIZATION","REGULATED","Gıda & İçecek","See Gıda & İçecek candidate facet registry; characteristics remain facets","See Gıda & İçecek candidate synonym registry","YES","YES","Batch 01 source proposal; finalization candidate; OM-R06=B; OM-R07=B; OM-R10=A"
"Gıda & İçecek","Süt Ürünleri & Yumurta","Yumurta","","YES","CANDIDATE_FOR_PRODUCT_OWNER_FINALIZATION","REGULATED","Gıda & İçecek","See Gıda & İçecek candidate facet registry; characteristics remain facets","See Gıda & İçecek candidate synonym registry","YES","YES","Batch 01 source proposal; finalization candidate; OM-R06=B; OM-R07=B; OM-R10=A"
"Gıda & İçecek","Ekmek, Unlu Mamuller & Pastacılık","","","NO","CANDIDATE_FOR_PRODUCT_OWNER_FINALIZATION","REGULATED","Gıda & İçecek","See Gıda & İçecek candidate facet registry; characteristics remain facets","See Gıda & İçecek candidate synonym registry","YES","YES","Batch 01 source proposal; finalization candidate; OM-R06=B; OM-R07=B; OM-R10=A"
"Gıda & İçecek","Ekmek, Unlu Mamuller & Pastacılık","Ekmekler","","YES","CANDIDATE_FOR_PRODUCT_OWNER_FINALIZATION","NORMAL","Gıda & İçecek","See Gıda & İçecek candidate facet registry; characteristics remain facets","See Gıda & İçecek candidate synonym registry","YES","NO","Batch 01 source proposal; finalization candidate; OM-R06=B; OM-R07=B; OM-R10=A"
"Gıda & İçecek","Ekmek, Unlu Mamuller & Pastacılık","Simit, Poğaça & Börek","","YES","CANDIDATE_FOR_PRODUCT_OWNER_FINALIZATION","NORMAL","Gıda & İçecek","See Gıda & İçecek candidate facet registry; characteristics remain facets","See Gıda & İçecek candidate synonym registry","YES","NO","Batch 01 source proposal; finalization candidate; OM-R06=B; OM-R07=B; OM-R10=A"
"Gıda & İçecek","Ekmek, Unlu Mamuller & Pastacılık","Kek, Kurabiye & Paketli Unlu Mamuller","","YES","CANDIDATE_FOR_PRODUCT_OWNER_FINALIZATION","NORMAL","Gıda & İçecek","See Gıda & İçecek candidate facet registry; characteristics remain facets","See Gıda & İçecek candidate synonym registry","YES","NO","Batch 01 source proposal; finalization candidate; OM-R06=B; OM-R07=B; OM-R10=A"
"Gıda & İçecek","Ekmek, Unlu Mamuller & Pastacılık","Pasta & Pastane Tatlıları","","YES","CANDIDATE_FOR_PRODUCT_OWNER_FINALIZATION","REGULATED","Gıda & İçecek","See Gıda & İçecek candidate facet registry; characteristics remain facets","See Gıda & İçecek candidate synonym registry","YES","YES","Batch 01 source proposal; finalization candidate; OM-R06=B; OM-R07=B; OM-R10=A"
"Gıda & İçecek","Bakliyat, Tahıl & Makarna","","","NO","CANDIDATE_FOR_PRODUCT_OWNER_FINALIZATION","NORMAL","Gıda & İçecek","See Gıda & İçecek candidate facet registry; characteristics remain facets","See Gıda & İçecek candidate synonym registry","YES","NO","Batch 01 source proposal; finalization candidate; OM-R06=B; OM-R07=B; OM-R10=A"
"Gıda & İçecek","Bakliyat, Tahıl & Makarna","Bakliyat","","NO","CANDIDATE_FOR_PRODUCT_OWNER_FINALIZATION","NORMAL","Gıda & İçecek","See Gıda & İçecek candidate facet registry; characteristics remain facets","See Gıda & İçecek candidate synonym registry","YES","NO","Batch 01 source proposal; finalization candidate; OM-R06=B; OM-R07=B; OM-R10=A"
"Gıda & İçecek","Bakliyat, Tahıl & Makarna","Bakliyat","Mercimek","YES","CANDIDATE_FOR_PRODUCT_OWNER_FINALIZATION","NORMAL","Gıda & İçecek","See Gıda & İçecek candidate facet registry; characteristics remain facets","See Gıda & İçecek candidate synonym registry","YES","NO","Batch 01 source proposal; finalization candidate; OM-R06=B; OM-R07=B; OM-R10=A"
"Gıda & İçecek","Bakliyat, Tahıl & Makarna","Bakliyat","Nohut","YES","CANDIDATE_FOR_PRODUCT_OWNER_FINALIZATION","NORMAL","Gıda & İçecek","See Gıda & İçecek candidate facet registry; characteristics remain facets","See Gıda & İçecek candidate synonym registry","YES","NO","Batch 01 source proposal; finalization candidate; OM-R06=B; OM-R07=B; OM-R10=A"
"Gıda & İçecek","Bakliyat, Tahıl & Makarna","Bakliyat","Kuru Fasulye & Diğer Bakliyat","YES","CANDIDATE_FOR_PRODUCT_OWNER_FINALIZATION","NORMAL","Gıda & İçecek","See Gıda & İçecek candidate facet registry; characteristics remain facets","See Gıda & İçecek candidate synonym registry","YES","NO","Batch 01 source proposal; finalization candidate; OM-R06=B; OM-R07=B; OM-R10=A"
"Gıda & İçecek","Bakliyat, Tahıl & Makarna","Pirinç & Bulgur","","YES","CANDIDATE_FOR_PRODUCT_OWNER_FINALIZATION","NORMAL","Gıda & İçecek","See Gıda & İçecek candidate facet registry; characteristics remain facets","See Gıda & İçecek candidate synonym registry","YES","NO","Batch 01 source proposal; finalization candidate; OM-R06=B; OM-R07=B; OM-R10=A"
"Gıda & İçecek","Bakliyat, Tahıl & Makarna","Tahıl, Yulaf & Hububat","","YES","CANDIDATE_FOR_PRODUCT_OWNER_FINALIZATION","NORMAL","Gıda & İçecek","See Gıda & İçecek candidate facet registry; characteristics remain facets","See Gıda & İçecek candidate synonym registry","YES","NO","Batch 01 source proposal; finalization candidate; OM-R06=B; OM-R07=B; OM-R10=A"
"Gıda & İçecek","Bakliyat, Tahıl & Makarna","Makarna & Erişte","","YES","CANDIDATE_FOR_PRODUCT_OWNER_FINALIZATION","NORMAL","Gıda & İçecek","See Gıda & İçecek candidate facet registry; characteristics remain facets","See Gıda & İçecek candidate synonym registry","YES","NO","Batch 01 source proposal; finalization candidate; OM-R06=B; OM-R07=B; OM-R10=A"
"Gıda & İçecek","Un, Şeker & Pişirme Malzemeleri","","","NO","CANDIDATE_FOR_PRODUCT_OWNER_FINALIZATION","NORMAL","Gıda & İçecek","See Gıda & İçecek candidate facet registry; characteristics remain facets","See Gıda & İçecek candidate synonym registry","YES","NO","Batch 01 source proposal; finalization candidate; OM-R06=B; OM-R07=B; OM-R10=A"
"Gıda & İçecek","Un, Şeker & Pişirme Malzemeleri","Unlar","","YES","CANDIDATE_FOR_PRODUCT_OWNER_FINALIZATION","NORMAL","Gıda & İçecek","See Gıda & İçecek candidate facet registry; characteristics remain facets","See Gıda & İçecek candidate synonym registry","YES","NO","Batch 01 source proposal; finalization candidate; OM-R06=B; OM-R07=B; OM-R10=A"
"Gıda & İçecek","Un, Şeker & Pişirme Malzemeleri","Şeker & Tatlandırıcılar","","YES","CANDIDATE_FOR_PRODUCT_OWNER_FINALIZATION","NORMAL","Gıda & İçecek","See Gıda & İçecek candidate facet registry; characteristics remain facets","See Gıda & İçecek candidate synonym registry","YES","NO","Batch 01 source proposal; finalization candidate; OM-R06=B; OM-R07=B; OM-R10=A"
"Gıda & İçecek","Un, Şeker & Pişirme Malzemeleri","Maya & Kabartma Ürünleri","","YES","CANDIDATE_FOR_PRODUCT_OWNER_FINALIZATION","NORMAL","Gıda & İçecek","See Gıda & İçecek candidate facet registry; characteristics remain facets","See Gıda & İçecek candidate synonym registry","YES","NO","Batch 01 source proposal; finalization candidate; OM-R06=B; OM-R07=B; OM-R10=A"
"Gıda & İçecek","Un, Şeker & Pişirme Malzemeleri","Kakao & Pişirme Çikolatası","","YES","CANDIDATE_FOR_PRODUCT_OWNER_FINALIZATION","NORMAL","Gıda & İçecek","See Gıda & İçecek candidate facet registry; characteristics remain facets","See Gıda & İçecek candidate synonym registry","YES","NO","Batch 01 source proposal; finalization candidate; OM-R06=B; OM-R07=B; OM-R10=A"
"Gıda & İçecek","Un, Şeker & Pişirme Malzemeleri","Pasta Süsleme & Dolgu Malzemeleri","","YES","CANDIDATE_FOR_PRODUCT_OWNER_FINALIZATION","NORMAL","Gıda & İçecek","See Gıda & İçecek candidate facet registry; characteristics remain facets","See Gıda & İçecek candidate synonym registry","YES","NO","Batch 01 source proposal; finalization candidate; OM-R06=B; OM-R07=B; OM-R10=A"
"Gıda & İçecek","Yağ & Sirke","","","NO","CANDIDATE_FOR_PRODUCT_OWNER_FINALIZATION","NORMAL","Gıda & İçecek","See Gıda & İçecek candidate facet registry; characteristics remain facets","See Gıda & İçecek candidate synonym registry","YES","NO","Batch 01 source proposal; finalization candidate; OM-R06=B; OM-R07=B; OM-R10=A"
"Gıda & İçecek","Yağ & Sirke","Yemeklik Yağlar","","NO","CANDIDATE_FOR_PRODUCT_OWNER_FINALIZATION","NORMAL","Gıda & İçecek","See Gıda & İçecek candidate facet registry; characteristics remain facets","See Gıda & İçecek candidate synonym registry","YES","NO","Batch 01 source proposal; finalization candidate; OM-R06=B; OM-R07=B; OM-R10=A"
"Gıda & İçecek","Yağ & Sirke","Yemeklik Yağlar","Zeytinyağı","YES","CANDIDATE_FOR_PRODUCT_OWNER_FINALIZATION","NORMAL","Gıda & İçecek","See Gıda & İçecek candidate facet registry; characteristics remain facets","See Gıda & İçecek candidate synonym registry","YES","NO","Batch 01 source proposal; finalization candidate; OM-R06=B; OM-R07=B; OM-R10=A"
"Gıda & İçecek","Yağ & Sirke","Yemeklik Yağlar","Bitkisel Sıvı Yağlar","YES","CANDIDATE_FOR_PRODUCT_OWNER_FINALIZATION","NORMAL","Gıda & İçecek","See Gıda & İçecek candidate facet registry; characteristics remain facets","See Gıda & İçecek candidate synonym registry","YES","NO","Batch 01 source proposal; finalization candidate; OM-R06=B; OM-R07=B; OM-R10=A"
"Gıda & İçecek","Yağ & Sirke","Yemeklik Yağlar","Katı Yemeklik Yağlar","YES","CANDIDATE_FOR_PRODUCT_OWNER_FINALIZATION","NORMAL","Gıda & İçecek","See Gıda & İçecek candidate facet registry; characteristics remain facets","See Gıda & İçecek candidate synonym registry","YES","NO","Batch 01 source proposal; finalization candidate; OM-R06=B; OM-R07=B; OM-R10=A"
"Gıda & İçecek","Yağ & Sirke","Sirke","","YES","CANDIDATE_FOR_PRODUCT_OWNER_FINALIZATION","NORMAL","Gıda & İçecek","See Gıda & İçecek candidate facet registry; characteristics remain facets","See Gıda & İçecek candidate synonym registry","YES","NO","Batch 01 source proposal; finalization candidate; OM-R06=B; OM-R07=B; OM-R10=A"
"Gıda & İçecek","Kahvaltılık","","","NO","CANDIDATE_FOR_PRODUCT_OWNER_FINALIZATION","NORMAL","Gıda & İçecek","See Gıda & İçecek candidate facet registry; characteristics remain facets","See Gıda & İçecek candidate synonym registry","YES","NO","Batch 01 source proposal; finalization candidate; OM-R06=B; OM-R07=B; OM-R10=A"
"Gıda & İçecek","Kahvaltılık","Bal & Pekmez","","YES","CANDIDATE_FOR_PRODUCT_OWNER_FINALIZATION","NORMAL","Gıda & İçecek","See Gıda & İçecek candidate facet registry; characteristics remain facets","See Gıda & İçecek candidate synonym registry","YES","NO","Batch 01 source proposal; finalization candidate; OM-R06=B; OM-R07=B; OM-R10=A"
"Gıda & İçecek","Kahvaltılık","Reçel & Marmelat","","YES","CANDIDATE_FOR_PRODUCT_OWNER_FINALIZATION","NORMAL","Gıda & İçecek","See Gıda & İçecek candidate facet registry; characteristics remain facets","See Gıda & İçecek candidate synonym registry","YES","NO","Batch 01 source proposal; finalization candidate; OM-R06=B; OM-R07=B; OM-R10=A"
"Gıda & İçecek","Kahvaltılık","Sürülebilir Ezme & Kremalar","","YES","CANDIDATE_FOR_PRODUCT_OWNER_FINALIZATION","NORMAL","Gıda & İçecek","See Gıda & İçecek candidate facet registry; characteristics remain facets","See Gıda & İçecek candidate synonym registry","YES","NO","Batch 01 source proposal; finalization candidate; OM-R06=B; OM-R07=B; OM-R10=A"
"Gıda & İçecek","Kahvaltılık","Zeytin","","YES","CANDIDATE_FOR_PRODUCT_OWNER_FINALIZATION","NORMAL","Gıda & İçecek","See Gıda & İçecek candidate facet registry; characteristics remain facets","See Gıda & İçecek candidate synonym registry","YES","NO","Batch 01 source proposal; finalization candidate; OM-R06=B; OM-R07=B; OM-R10=A"
"Gıda & İçecek","Kahvaltılık","Kahvaltılık Gevrek & Granola","","YES","CANDIDATE_FOR_PRODUCT_OWNER_FINALIZATION","NORMAL","Gıda & İçecek","See Gıda & İçecek candidate facet registry; characteristics remain facets","See Gıda & İçecek candidate synonym registry","YES","NO","Batch 01 source proposal; finalization candidate; OM-R06=B; OM-R07=B; OM-R10=A"
"Gıda & İçecek","Atıştırmalık, Şekerleme & Kuruyemiş","","","NO","CANDIDATE_FOR_PRODUCT_OWNER_FINALIZATION","NORMAL","Gıda & İçecek","See Gıda & İçecek candidate facet registry; characteristics remain facets","See Gıda & İçecek candidate synonym registry","YES","NO","Batch 01 source proposal; finalization candidate; OM-R06=B; OM-R07=B; OM-R10=A"
"Gıda & İçecek","Atıştırmalık, Şekerleme & Kuruyemiş","Çikolata","","YES","CANDIDATE_FOR_PRODUCT_OWNER_FINALIZATION","NORMAL","Gıda & İçecek","See Gıda & İçecek candidate facet registry; characteristics remain facets","See Gıda & İçecek candidate synonym registry","YES","NO","Batch 01 source proposal; finalization candidate; OM-R06=B; OM-R07=B; OM-R10=A"
"Gıda & İçecek","Atıştırmalık, Şekerleme & Kuruyemiş","Şekerleme & Sakız","","YES","CANDIDATE_FOR_PRODUCT_OWNER_FINALIZATION","NORMAL","Gıda & İçecek","See Gıda & İçecek candidate facet registry; characteristics remain facets","See Gıda & İçecek candidate synonym registry","YES","NO","Batch 01 source proposal; finalization candidate; OM-R06=B; OM-R07=B; OM-R10=A"
"Gıda & İçecek","Atıştırmalık, Şekerleme & Kuruyemiş","Bisküvi, Kraker & Kek","","YES","CANDIDATE_FOR_PRODUCT_OWNER_FINALIZATION","NORMAL","Gıda & İçecek","See Gıda & İçecek candidate facet registry; characteristics remain facets","See Gıda & İçecek candidate synonym registry","YES","NO","Batch 01 source proposal; finalization candidate; OM-R06=B; OM-R07=B; OM-R10=A"
"Gıda & İçecek","Atıştırmalık, Şekerleme & Kuruyemiş","Cips & Tuzlu Atıştırmalık","","YES","CANDIDATE_FOR_PRODUCT_OWNER_FINALIZATION","NORMAL","Gıda & İçecek","See Gıda & İçecek candidate facet registry; characteristics remain facets","See Gıda & İçecek candidate synonym registry","YES","NO","Batch 01 source proposal; finalization candidate; OM-R06=B; OM-R07=B; OM-R10=A"
"Gıda & İçecek","Atıştırmalık, Şekerleme & Kuruyemiş","Kuruyemiş","","YES","CANDIDATE_FOR_PRODUCT_OWNER_FINALIZATION","NORMAL","Gıda & İçecek","See Gıda & İçecek candidate facet registry; characteristics remain facets","See Gıda & İçecek candidate synonym registry","YES","NO","Batch 01 source proposal; finalization candidate; OM-R06=B; OM-R07=B; OM-R10=A"
"Gıda & İçecek","Atıştırmalık, Şekerleme & Kuruyemiş","Kuru Meyve","","YES","CANDIDATE_FOR_PRODUCT_OWNER_FINALIZATION","NORMAL","Gıda & İçecek","See Gıda & İçecek candidate facet registry; characteristics remain facets","See Gıda & İçecek candidate synonym registry","YES","NO","Batch 01 source proposal; finalization candidate; OM-R06=B; OM-R07=B; OM-R10=A"
"Gıda & İçecek","Atıştırmalık, Şekerleme & Kuruyemiş","Atıştırmalık Barlar","","YES","CANDIDATE_FOR_PRODUCT_OWNER_FINALIZATION","NORMAL","Gıda & İçecek","See Gıda & İçecek candidate facet registry; characteristics remain facets","See Gıda & İçecek candidate synonym registry","YES","NO","Batch 01 source proposal; finalization candidate; OM-R06=B; OM-R07=B; OM-R10=A"
"Gıda & İçecek","Alkolsüz İçecekler","","","NO","CANDIDATE_FOR_PRODUCT_OWNER_FINALIZATION","LEGAL_REVIEW_REQUIRED","Gıda & İçecek","See Gıda & İçecek candidate facet registry; characteristics remain facets","See Gıda & İçecek candidate synonym registry","YES","YES","Batch 01 source proposal; finalization candidate; OM-R06=B; OM-R07=B; OM-R10=A"
"Gıda & İçecek","Alkolsüz İçecekler","Su & Maden Suyu","","YES","CANDIDATE_FOR_PRODUCT_OWNER_FINALIZATION","NORMAL","Gıda & İçecek","See Gıda & İçecek candidate facet registry; characteristics remain facets","See Gıda & İçecek candidate synonym registry","YES","NO","Batch 01 source proposal; finalization candidate; OM-R06=B; OM-R07=B; OM-R10=A"
"Gıda & İçecek","Alkolsüz İçecekler","Gazlı İçecekler","","YES","CANDIDATE_FOR_PRODUCT_OWNER_FINALIZATION","NORMAL","Gıda & İçecek","See Gıda & İçecek candidate facet registry; characteristics remain facets","See Gıda & İçecek candidate synonym registry","YES","NO","Batch 01 source proposal; finalization candidate; OM-R06=B; OM-R07=B; OM-R10=A"
"Gıda & İçecek","Alkolsüz İçecekler","Meyve Suyu & Meyveli İçecekler","","YES","CANDIDATE_FOR_PRODUCT_OWNER_FINALIZATION","NORMAL","Gıda & İçecek","See Gıda & İçecek candidate facet registry; characteristics remain facets","See Gıda & İçecek candidate synonym registry","YES","NO","Batch 01 source proposal; finalization candidate; OM-R06=B; OM-R07=B; OM-R10=A"
"Gıda & İçecek","Alkolsüz İçecekler","Çay","","YES","CANDIDATE_FOR_PRODUCT_OWNER_FINALIZATION","NORMAL","Gıda & İçecek","See Gıda & İçecek candidate facet registry; characteristics remain facets","See Gıda & İçecek candidate synonym registry","YES","NO","Batch 01 source proposal; finalization candidate; OM-R06=B; OM-R07=B; OM-R10=A"
"Gıda & İçecek","Alkolsüz İçecekler","Kahve","","YES","CANDIDATE_FOR_PRODUCT_OWNER_FINALIZATION","NORMAL","Gıda & İçecek","See Gıda & İçecek candidate facet registry; characteristics remain facets","See Gıda & İçecek candidate synonym registry","YES","NO","Batch 01 source proposal; finalization candidate; OM-R06=B; OM-R07=B; OM-R10=A"
"Gıda & İçecek","Alkolsüz İçecekler","Bitki & Meyve Çayları","","YES","CANDIDATE_FOR_PRODUCT_OWNER_FINALIZATION","LEGAL_REVIEW_REQUIRED","Gıda & İçecek","See Gıda & İçecek candidate facet registry; characteristics remain facets","See Gıda & İçecek candidate synonym registry","YES","YES","Batch 01 source proposal; finalization candidate; OM-R06=B; OM-R07=B; OM-R10=A"
"Gıda & İçecek","Alkolsüz İçecekler","İçecek Tozları & Konsantreler","","YES","CANDIDATE_FOR_PRODUCT_OWNER_FINALIZATION","NORMAL","Gıda & İçecek","See Gıda & İçecek candidate facet registry; characteristics remain facets","See Gıda & İçecek candidate synonym registry","YES","NO","Batch 01 source proposal; finalization candidate; OM-R06=B; OM-R07=B; OM-R10=A"
"Gıda & İçecek","Sos, Baharat & Çeşni","","","NO","CANDIDATE_FOR_PRODUCT_OWNER_FINALIZATION","NORMAL","Gıda & İçecek","See Gıda & İçecek candidate facet registry; characteristics remain facets","See Gıda & İçecek candidate synonym registry","YES","NO","Batch 01 source proposal; finalization candidate; OM-R06=B; OM-R07=B; OM-R10=A"
"Gıda & İçecek","Sos, Baharat & Çeşni","Salça","","YES","CANDIDATE_FOR_PRODUCT_OWNER_FINALIZATION","NORMAL","Gıda & İçecek","See Gıda & İçecek candidate facet registry; characteristics remain facets","See Gıda & İçecek candidate synonym registry","YES","NO","Batch 01 source proposal; finalization candidate; OM-R06=B; OM-R07=B; OM-R10=A"
"Gıda & İçecek","Sos, Baharat & Çeşni","Sofra Sosları","","YES","CANDIDATE_FOR_PRODUCT_OWNER_FINALIZATION","NORMAL","Gıda & İçecek","See Gıda & İçecek candidate facet registry; characteristics remain facets","See Gıda & İçecek candidate synonym registry","YES","NO","Batch 01 source proposal; finalization candidate; OM-R06=B; OM-R07=B; OM-R10=A"
"Gıda & İçecek","Sos, Baharat & Çeşni","Yemek & Pişirme Sosları","","YES","CANDIDATE_FOR_PRODUCT_OWNER_FINALIZATION","NORMAL","Gıda & İçecek","See Gıda & İçecek candidate facet registry; characteristics remain facets","See Gıda & İçecek candidate synonym registry","YES","NO","Batch 01 source proposal; finalization candidate; OM-R06=B; OM-R07=B; OM-R10=A"
"Gıda & İçecek","Sos, Baharat & Çeşni","Baharatlar","","YES","CANDIDATE_FOR_PRODUCT_OWNER_FINALIZATION","NORMAL","Gıda & İçecek","See Gıda & İçecek candidate facet registry; characteristics remain facets","See Gıda & İçecek candidate synonym registry","YES","NO","Batch 01 source proposal; finalization candidate; OM-R06=B; OM-R07=B; OM-R10=A"
"Gıda & İçecek","Sos, Baharat & Çeşni","Tuz & Çeşni Karışımları","","YES","CANDIDATE_FOR_PRODUCT_OWNER_FINALIZATION","NORMAL","Gıda & İçecek","See Gıda & İçecek candidate facet registry; characteristics remain facets","See Gıda & İçecek candidate synonym registry","YES","NO","Batch 01 source proposal; finalization candidate; OM-R06=B; OM-R07=B; OM-R10=A"
"Gıda & İçecek","Konserve & Kavanoz Ürünleri","","","NO","CANDIDATE_FOR_PRODUCT_OWNER_FINALIZATION","REGULATED","Gıda & İçecek","See Gıda & İçecek candidate facet registry; characteristics remain facets","See Gıda & İçecek candidate synonym registry","YES","YES","Batch 01 source proposal; finalization candidate; OM-R06=B; OM-R07=B; OM-R10=A"
"Gıda & İçecek","Konserve & Kavanoz Ürünleri","Sebze & Bakliyat Konserveleri","","YES","CANDIDATE_FOR_PRODUCT_OWNER_FINALIZATION","NORMAL","Gıda & İçecek","See Gıda & İçecek candidate facet registry; characteristics remain facets","See Gıda & İçecek candidate synonym registry","YES","NO","Batch 01 source proposal; finalization candidate; OM-R06=B; OM-R07=B; OM-R10=A"
"Gıda & İçecek","Konserve & Kavanoz Ürünleri","Balık & Et Konserveleri","","YES","CANDIDATE_FOR_PRODUCT_OWNER_FINALIZATION","REGULATED","Gıda & İçecek","See Gıda & İçecek candidate facet registry; characteristics remain facets","See Gıda & İçecek candidate synonym registry","YES","YES","Batch 01 source proposal; finalization candidate; OM-R06=B; OM-R07=B; OM-R10=A"
"Gıda & İçecek","Konserve & Kavanoz Ürünleri","Turşu","","YES","CANDIDATE_FOR_PRODUCT_OWNER_FINALIZATION","NORMAL","Gıda & İçecek","See Gıda & İçecek candidate facet registry; characteristics remain facets","See Gıda & İçecek candidate synonym registry","YES","NO","Batch 01 source proposal; finalization candidate; OM-R06=B; OM-R07=B; OM-R10=A"
"Gıda & İçecek","Konserve & Kavanoz Ürünleri","Kavanozda Korunmuş Gıdalar","","YES","CANDIDATE_FOR_PRODUCT_OWNER_FINALIZATION","NORMAL","Gıda & İçecek","See Gıda & İçecek candidate facet registry; characteristics remain facets","See Gıda & İçecek candidate synonym registry","YES","NO","Batch 01 source proposal; finalization candidate; OM-R06=B; OM-R07=B; OM-R10=A"
"Gıda & İçecek","Hazır & Pratik Gıda","","","NO","CANDIDATE_FOR_PRODUCT_OWNER_FINALIZATION","REGULATED","Gıda & İçecek","See Gıda & İçecek candidate facet registry; characteristics remain facets","See Gıda & İçecek candidate synonym registry","YES","YES","Batch 01 source proposal; finalization candidate; OM-R06=B; OM-R07=B; OM-R10=A"
"Gıda & İçecek","Hazır & Pratik Gıda","Hazır Çorba","","YES","CANDIDATE_FOR_PRODUCT_OWNER_FINALIZATION","NORMAL","Gıda & İçecek","See Gıda & İçecek candidate facet registry; characteristics remain facets","See Gıda & İçecek candidate synonym registry","YES","NO","Batch 01 source proposal; finalization candidate; OM-R06=B; OM-R07=B; OM-R10=A"
"Gıda & İçecek","Hazır & Pratik Gıda","Noodle & Hızlı Makarna","","YES","CANDIDATE_FOR_PRODUCT_OWNER_FINALIZATION","NORMAL","Gıda & İçecek","See Gıda & İçecek candidate facet registry; characteristics remain facets","See Gıda & İçecek candidate synonym registry","YES","NO","Batch 01 source proposal; finalization candidate; OM-R06=B; OM-R07=B; OM-R10=A"
"Gıda & İçecek","Hazır & Pratik Gıda","Paketli Hazır Yemek","","YES","CANDIDATE_FOR_PRODUCT_OWNER_FINALIZATION","NORMAL","Gıda & İçecek","See Gıda & İçecek candidate facet registry; characteristics remain facets","See Gıda & İçecek candidate synonym registry","YES","NO","Batch 01 source proposal; finalization candidate; OM-R06=B; OM-R07=B; OM-R10=A"
"Gıda & İçecek","Hazır & Pratik Gıda","Meze & Hazır Salata","","YES","CANDIDATE_FOR_PRODUCT_OWNER_FINALIZATION","REGULATED","Gıda & İçecek","See Gıda & İçecek candidate facet registry; characteristics remain facets","See Gıda & İçecek candidate synonym registry","YES","YES","Batch 01 source proposal; finalization candidate; OM-R06=B; OM-R07=B; OM-R10=A"
"Gıda & İçecek","Hazır & Pratik Gıda","Hazır Karışımlar","","YES","CANDIDATE_FOR_PRODUCT_OWNER_FINALIZATION","NORMAL","Gıda & İçecek","See Gıda & İçecek candidate facet registry; characteristics remain facets","See Gıda & İçecek candidate synonym registry","YES","NO","Batch 01 source proposal; finalization candidate; OM-R06=B; OM-R07=B; OM-R10=A"
"Gıda & İçecek","Donuk Gıda","","","NO","CANDIDATE_FOR_PRODUCT_OWNER_FINALIZATION","REGULATED","Gıda & İçecek","See Gıda & İçecek candidate facet registry; characteristics remain facets","See Gıda & İçecek candidate synonym registry","YES","YES","Batch 01 source proposal; finalization candidate; OM-R06=B; OM-R07=B; OM-R10=A"
"Gıda & İçecek","Donuk Gıda","Donuk Meyve & Sebze","","YES","CANDIDATE_FOR_PRODUCT_OWNER_FINALIZATION","REGULATED","Gıda & İçecek","See Gıda & İçecek candidate facet registry; characteristics remain facets","See Gıda & İçecek candidate synonym registry","YES","YES","Batch 01 source proposal; finalization candidate; OM-R06=B; OM-R07=B; OM-R10=A"
"Gıda & İçecek","Donuk Gıda","Donuk Et, Tavuk & Balık","","YES","CANDIDATE_FOR_PRODUCT_OWNER_FINALIZATION","REGULATED","Gıda & İçecek","See Gıda & İçecek candidate facet registry; characteristics remain facets","See Gıda & İçecek candidate synonym registry","YES","YES","Batch 01 source proposal; finalization candidate; OM-R06=B; OM-R07=B; OM-R10=A"
"Gıda & İçecek","Donuk Gıda","Donuk Hamur & Fırın Ürünleri","","YES","CANDIDATE_FOR_PRODUCT_OWNER_FINALIZATION","REGULATED","Gıda & İçecek","See Gıda & İçecek candidate facet registry; characteristics remain facets","See Gıda & İçecek candidate synonym registry","YES","YES","Batch 01 source proposal; finalization candidate; OM-R06=B; OM-R07=B; OM-R10=A"
"Gıda & İçecek","Donuk Gıda","Donuk Hazır Yemek & Atıştırmalık","","YES","CANDIDATE_FOR_PRODUCT_OWNER_FINALIZATION","REGULATED","Gıda & İçecek","See Gıda & İçecek candidate facet registry; characteristics remain facets","See Gıda & İçecek candidate synonym registry","YES","YES","Batch 01 source proposal; finalization candidate; OM-R06=B; OM-R07=B; OM-R10=A"
"Gıda & İçecek","Donuk Gıda","Dondurma & Donuk Tatlı","","YES","CANDIDATE_FOR_PRODUCT_OWNER_FINALIZATION","REGULATED","Gıda & İçecek","See Gıda & İçecek candidate facet registry; characteristics remain facets","See Gıda & İçecek candidate synonym registry","YES","YES","Batch 01 source proposal; finalization candidate; OM-R06=B; OM-R07=B; OM-R10=A"
"Giyim & Moda","Üst Giyim","","","NO","CANDIDATE_FOR_PRODUCT_OWNER_FINALIZATION","NORMAL","Giyim & Moda","See Giyim & Moda candidate facet registry; characteristics remain facets","See Giyim & Moda candidate synonym registry","YES","NO","Batch 01 source proposal; finalization candidate; OM-R06=B; OM-R07=B; OM-R10=A"
"Giyim & Moda","Üst Giyim","Tişört","","YES","CANDIDATE_FOR_PRODUCT_OWNER_FINALIZATION","NORMAL","Giyim & Moda","See Giyim & Moda candidate facet registry; characteristics remain facets","See Giyim & Moda candidate synonym registry","YES","NO","Batch 01 source proposal; finalization candidate; OM-R06=B; OM-R07=B; OM-R10=A"
"Giyim & Moda","Üst Giyim","Gömlek & Bluz","","YES","CANDIDATE_FOR_PRODUCT_OWNER_FINALIZATION","NORMAL","Giyim & Moda","See Giyim & Moda candidate facet registry; characteristics remain facets","See Giyim & Moda candidate synonym registry","YES","NO","Batch 01 source proposal; finalization candidate; OM-R06=B; OM-R07=B; OM-R10=A"
"Giyim & Moda","Üst Giyim","Kazak & Süveter","","YES","CANDIDATE_FOR_PRODUCT_OWNER_FINALIZATION","NORMAL","Giyim & Moda","See Giyim & Moda candidate facet registry; characteristics remain facets","See Giyim & Moda candidate synonym registry","YES","NO","Batch 01 source proposal; finalization candidate; OM-R06=B; OM-R07=B; OM-R10=A"
"Giyim & Moda","Üst Giyim","Hırka","","YES","CANDIDATE_FOR_PRODUCT_OWNER_FINALIZATION","NORMAL","Giyim & Moda","See Giyim & Moda candidate facet registry; characteristics remain facets","See Giyim & Moda candidate synonym registry","YES","NO","Batch 01 source proposal; finalization candidate; OM-R06=B; OM-R07=B; OM-R10=A"
"Giyim & Moda","Üst Giyim","Sweatshirt & Hoodie","","YES","CANDIDATE_FOR_PRODUCT_OWNER_FINALIZATION","NORMAL","Giyim & Moda","See Giyim & Moda candidate facet registry; characteristics remain facets","See Giyim & Moda candidate synonym registry","YES","NO","Batch 01 source proposal; finalization candidate; OM-R06=B; OM-R07=B; OM-R10=A"
"Giyim & Moda","Üst Giyim","Tunik","","YES","CANDIDATE_FOR_PRODUCT_OWNER_FINALIZATION","NORMAL","Giyim & Moda","See Giyim & Moda candidate facet registry; characteristics remain facets","See Giyim & Moda candidate synonym registry","YES","NO","Batch 01 source proposal; finalization candidate; OM-R06=B; OM-R07=B; OM-R10=A"
"Giyim & Moda","Alt Giyim","","","NO","CANDIDATE_FOR_PRODUCT_OWNER_FINALIZATION","NORMAL","Giyim & Moda","See Giyim & Moda candidate facet registry; characteristics remain facets","See Giyim & Moda candidate synonym registry","YES","NO","Batch 01 source proposal; finalization candidate; OM-R06=B; OM-R07=B; OM-R10=A"
"Giyim & Moda","Alt Giyim","Pantolon","","YES","CANDIDATE_FOR_PRODUCT_OWNER_FINALIZATION","NORMAL","Giyim & Moda","See Giyim & Moda candidate facet registry; characteristics remain facets","See Giyim & Moda candidate synonym registry","YES","NO","Batch 01 source proposal; finalization candidate; OM-R06=B; OM-R07=B; OM-R10=A"
"Giyim & Moda","Alt Giyim","Jean","","YES","CANDIDATE_FOR_PRODUCT_OWNER_FINALIZATION","NORMAL","Giyim & Moda","See Giyim & Moda candidate facet registry; characteristics remain facets","See Giyim & Moda candidate synonym registry","YES","NO","Batch 01 source proposal; finalization candidate; OM-R06=B; OM-R07=B; OM-R10=A"
"Giyim & Moda","Alt Giyim","Etek","","YES","CANDIDATE_FOR_PRODUCT_OWNER_FINALIZATION","NORMAL","Giyim & Moda","See Giyim & Moda candidate facet registry; characteristics remain facets","See Giyim & Moda candidate synonym registry","YES","NO","Batch 01 source proposal; finalization candidate; OM-R06=B; OM-R07=B; OM-R10=A"
"Giyim & Moda","Alt Giyim","Şort","","YES","CANDIDATE_FOR_PRODUCT_OWNER_FINALIZATION","NORMAL","Giyim & Moda","See Giyim & Moda candidate facet registry; characteristics remain facets","See Giyim & Moda candidate synonym registry","YES","NO","Batch 01 source proposal; finalization candidate; OM-R06=B; OM-R07=B; OM-R10=A"
"Giyim & Moda","Alt Giyim","Tayt","","YES","CANDIDATE_FOR_PRODUCT_OWNER_FINALIZATION","NORMAL","Giyim & Moda","See Giyim & Moda candidate facet registry; characteristics remain facets","See Giyim & Moda candidate synonym registry","YES","NO","Batch 01 source proposal; finalization candidate; OM-R06=B; OM-R07=B; OM-R10=A"
"Giyim & Moda","Alt Giyim","Eşofman Altı","","YES","CANDIDATE_FOR_PRODUCT_OWNER_FINALIZATION","NORMAL","Giyim & Moda","See Giyim & Moda candidate facet registry; characteristics remain facets","See Giyim & Moda candidate synonym registry","YES","NO","Batch 01 source proposal; finalization candidate; OM-R06=B; OM-R07=B; OM-R10=A"
"Giyim & Moda","Elbise & Tulum","","","NO","CANDIDATE_FOR_PRODUCT_OWNER_FINALIZATION","NORMAL","Giyim & Moda","See Giyim & Moda candidate facet registry; characteristics remain facets","See Giyim & Moda candidate synonym registry","YES","YES","Batch 01 source proposal; finalization candidate; OM-R06=B; OM-R07=B; OM-R10=A"
"Giyim & Moda","Elbise & Tulum","Elbiseler","","YES","CANDIDATE_FOR_PRODUCT_OWNER_FINALIZATION","NORMAL","Giyim & Moda","See Giyim & Moda candidate facet registry; characteristics remain facets","See Giyim & Moda candidate synonym registry","YES","NO","Batch 01 source proposal; finalization candidate; OM-R06=B; OM-R07=B; OM-R10=A"
"Giyim & Moda","Elbise & Tulum","Tulumlar","","YES","CANDIDATE_FOR_PRODUCT_OWNER_FINALIZATION","NORMAL","Giyim & Moda","See Giyim & Moda candidate facet registry; characteristics remain facets","See Giyim & Moda candidate synonym registry","YES","NO","Batch 01 source proposal; finalization candidate; OM-R06=B; OM-R07=B; OM-R10=A"
"Giyim & Moda","Elbise & Tulum","Ferace & Abaya","","YES","CANDIDATE_FOR_PRODUCT_OWNER_FINALIZATION","NORMAL","Giyim & Moda","See Giyim & Moda candidate facet registry; characteristics remain facets","See Giyim & Moda candidate synonym registry","YES","YES","Batch 01 source proposal; finalization candidate; OM-R06=B; OM-R07=B; OM-R10=A"
"Giyim & Moda","Takım & Kombinler","","","NO","CANDIDATE_FOR_PRODUCT_OWNER_FINALIZATION","NORMAL","Giyim & Moda","See Giyim & Moda candidate facet registry; characteristics remain facets","See Giyim & Moda candidate synonym registry","YES","NO","Batch 01 source proposal; finalization candidate; OM-R06=B; OM-R07=B; OM-R10=A"
"Giyim & Moda","Takım & Kombinler","Takım Elbise","","YES","CANDIDATE_FOR_PRODUCT_OWNER_FINALIZATION","NORMAL","Giyim & Moda","See Giyim & Moda candidate facet registry; characteristics remain facets","See Giyim & Moda candidate synonym registry","YES","NO","Batch 01 source proposal; finalization candidate; OM-R06=B; OM-R07=B; OM-R10=A"
"Giyim & Moda","Takım & Kombinler","Eşofman Takımı","","YES","CANDIDATE_FOR_PRODUCT_OWNER_FINALIZATION","NORMAL","Giyim & Moda","See Giyim & Moda candidate facet registry; characteristics remain facets","See Giyim & Moda candidate synonym registry","YES","NO","Batch 01 source proposal; finalization candidate; OM-R06=B; OM-R07=B; OM-R10=A"
"Giyim & Moda","Takım & Kombinler","Koordineli Alt-Üst Takımlar","","YES","CANDIDATE_FOR_PRODUCT_OWNER_FINALIZATION","NORMAL","Giyim & Moda","See Giyim & Moda candidate facet registry; characteristics remain facets","See Giyim & Moda candidate synonym registry","YES","NO","Batch 01 source proposal; finalization candidate; OM-R06=B; OM-R07=B; OM-R10=A"
"Giyim & Moda","Dış Giyim","","","NO","CANDIDATE_FOR_PRODUCT_OWNER_FINALIZATION","NORMAL","Giyim & Moda","See Giyim & Moda candidate facet registry; characteristics remain facets","See Giyim & Moda candidate synonym registry","YES","NO","Batch 01 source proposal; finalization candidate; OM-R06=B; OM-R07=B; OM-R10=A"
"Giyim & Moda","Dış Giyim","Kaban & Pardösü","","YES","CANDIDATE_FOR_PRODUCT_OWNER_FINALIZATION","NORMAL","Giyim & Moda","See Giyim & Moda candidate facet registry; characteristics remain facets","See Giyim & Moda candidate synonym registry","YES","NO","Batch 01 source proposal; finalization candidate; OM-R06=B; OM-R07=B; OM-R10=A"
"Giyim & Moda","Dış Giyim","Mont & Parka","","YES","CANDIDATE_FOR_PRODUCT_OWNER_FINALIZATION","NORMAL","Giyim & Moda","See Giyim & Moda candidate facet registry; characteristics remain facets","See Giyim & Moda candidate synonym registry","YES","NO","Batch 01 source proposal; finalization candidate; OM-R06=B; OM-R07=B; OM-R10=A"
"Giyim & Moda","Dış Giyim","Ceket & Blazer","","YES","CANDIDATE_FOR_PRODUCT_OWNER_FINALIZATION","NORMAL","Giyim & Moda","See Giyim & Moda candidate facet registry; characteristics remain facets","See Giyim & Moda candidate synonym registry","YES","NO","Batch 01 source proposal; finalization candidate; OM-R06=B; OM-R07=B; OM-R10=A"
"Giyim & Moda","Dış Giyim","Trençkot, Yağmurluk & Rüzgarlık","","YES","CANDIDATE_FOR_PRODUCT_OWNER_FINALIZATION","NORMAL","Giyim & Moda","See Giyim & Moda candidate facet registry; characteristics remain facets","See Giyim & Moda candidate synonym registry","YES","NO","Batch 01 source proposal; finalization candidate; OM-R06=B; OM-R07=B; OM-R10=A"
"Giyim & Moda","Dış Giyim","Yelek","","YES","CANDIDATE_FOR_PRODUCT_OWNER_FINALIZATION","NORMAL","Giyim & Moda","See Giyim & Moda candidate facet registry; characteristics remain facets","See Giyim & Moda candidate synonym registry","YES","NO","Batch 01 source proposal; finalization candidate; OM-R06=B; OM-R07=B; OM-R10=A"
"Giyim & Moda","İç Giyim","","","NO","CANDIDATE_FOR_PRODUCT_OWNER_FINALIZATION","NORMAL","Giyim & Moda","See Giyim & Moda candidate facet registry; characteristics remain facets","See Giyim & Moda candidate synonym registry","YES","NO","Batch 01 source proposal; finalization candidate; OM-R06=B; OM-R07=B; OM-R10=A"
"Giyim & Moda","İç Giyim","Külot & Boxer","","YES","CANDIDATE_FOR_PRODUCT_OWNER_FINALIZATION","NORMAL","Giyim & Moda","See Giyim & Moda candidate facet registry; characteristics remain facets","See Giyim & Moda candidate synonym registry","YES","NO","Batch 01 source proposal; finalization candidate; OM-R06=B; OM-R07=B; OM-R10=A"
"Giyim & Moda","İç Giyim","Sütyen & Bralet","","YES","CANDIDATE_FOR_PRODUCT_OWNER_FINALIZATION","NORMAL","Giyim & Moda","See Giyim & Moda candidate facet registry; characteristics remain facets","See Giyim & Moda candidate synonym registry","YES","NO","Batch 01 source proposal; finalization candidate; OM-R06=B; OM-R07=B; OM-R10=A"
"Giyim & Moda","İç Giyim","Korse","","YES","CANDIDATE_FOR_PRODUCT_OWNER_FINALIZATION","NORMAL","Giyim & Moda","See Giyim & Moda candidate facet registry; characteristics remain facets","See Giyim & Moda candidate synonym registry","YES","NO","Batch 01 source proposal; finalization candidate; OM-R06=B; OM-R07=B; OM-R10=A"
"Giyim & Moda","İç Giyim","İçlik & Termal İç Giyim","","YES","CANDIDATE_FOR_PRODUCT_OWNER_FINALIZATION","NORMAL","Giyim & Moda","See Giyim & Moda candidate facet registry; characteristics remain facets","See Giyim & Moda candidate synonym registry","YES","NO","Batch 01 source proposal; finalization candidate; OM-R06=B; OM-R07=B; OM-R10=A"
"Giyim & Moda","İç Giyim","Çorap & Külotlu Çorap","","YES","CANDIDATE_FOR_PRODUCT_OWNER_FINALIZATION","NORMAL","Giyim & Moda","See Giyim & Moda candidate facet registry; characteristics remain facets","See Giyim & Moda candidate synonym registry","YES","NO","Batch 01 source proposal; finalization candidate; OM-R06=B; OM-R07=B; OM-R10=A"
"Giyim & Moda","Ev & Uyku Giyimi","","","NO","CANDIDATE_FOR_PRODUCT_OWNER_FINALIZATION","NORMAL","Giyim & Moda","See Giyim & Moda candidate facet registry; characteristics remain facets","See Giyim & Moda candidate synonym registry","YES","NO","Batch 01 source proposal; finalization candidate; OM-R06=B; OM-R07=B; OM-R10=A"
"Giyim & Moda","Ev & Uyku Giyimi","Pijama","","YES","CANDIDATE_FOR_PRODUCT_OWNER_FINALIZATION","NORMAL","Giyim & Moda","See Giyim & Moda candidate facet registry; characteristics remain facets","See Giyim & Moda candidate synonym registry","YES","NO","Batch 01 source proposal; finalization candidate; OM-R06=B; OM-R07=B; OM-R10=A"
"Giyim & Moda","Ev & Uyku Giyimi","Gecelik & Sabahlık","","YES","CANDIDATE_FOR_PRODUCT_OWNER_FINALIZATION","NORMAL","Giyim & Moda","See Giyim & Moda candidate facet registry; characteristics remain facets","See Giyim & Moda candidate synonym registry","YES","NO","Batch 01 source proposal; finalization candidate; OM-R06=B; OM-R07=B; OM-R10=A"
"Giyim & Moda","Ev & Uyku Giyimi","Ev Giyimi","","YES","CANDIDATE_FOR_PRODUCT_OWNER_FINALIZATION","NORMAL","Giyim & Moda","See Giyim & Moda candidate facet registry; characteristics remain facets","See Giyim & Moda candidate synonym registry","YES","NO","Batch 01 source proposal; finalization candidate; OM-R06=B; OM-R07=B; OM-R10=A"
"Giyim & Moda","Spor & Performans Giyimi","","","NO","CANDIDATE_FOR_PRODUCT_OWNER_FINALIZATION","NORMAL","Giyim & Moda","See Giyim & Moda candidate facet registry; characteristics remain facets","See Giyim & Moda candidate synonym registry","YES","YES","Batch 01 source proposal; finalization candidate; OM-R06=B; OM-R07=B; OM-R10=A"
"Giyim & Moda","Spor & Performans Giyimi","Spor Üst Giyim","","YES","CANDIDATE_FOR_PRODUCT_OWNER_FINALIZATION","NORMAL","Giyim & Moda","See Giyim & Moda candidate facet registry; characteristics remain facets","See Giyim & Moda candidate synonym registry","YES","NO","Batch 01 source proposal; finalization candidate; OM-R06=B; OM-R07=B; OM-R10=A"
"Giyim & Moda","Spor & Performans Giyimi","Spor Alt Giyim","","YES","CANDIDATE_FOR_PRODUCT_OWNER_FINALIZATION","NORMAL","Giyim & Moda","See Giyim & Moda candidate facet registry; characteristics remain facets","See Giyim & Moda candidate synonym registry","YES","NO","Batch 01 source proposal; finalization candidate; OM-R06=B; OM-R07=B; OM-R10=A"
"Giyim & Moda","Spor & Performans Giyimi","Spor Tulum & Tek Parça","","YES","CANDIDATE_FOR_PRODUCT_OWNER_FINALIZATION","NORMAL","Giyim & Moda","See Giyim & Moda candidate facet registry; characteristics remain facets","See Giyim & Moda candidate synonym registry","YES","NO","Batch 01 source proposal; finalization candidate; OM-R06=B; OM-R07=B; OM-R10=A"
"Giyim & Moda","Spor & Performans Giyimi","Spor Sütyeni","","YES","CANDIDATE_FOR_PRODUCT_OWNER_FINALIZATION","NORMAL","Giyim & Moda","See Giyim & Moda candidate facet registry; characteristics remain facets","See Giyim & Moda candidate synonym registry","YES","YES","Batch 01 source proposal; finalization candidate; OM-R06=B; OM-R07=B; OM-R10=A"
"Giyim & Moda","Spor & Performans Giyimi","Teknik İç Katman","","YES","CANDIDATE_FOR_PRODUCT_OWNER_FINALIZATION","NORMAL","Giyim & Moda","See Giyim & Moda candidate facet registry; characteristics remain facets","See Giyim & Moda candidate synonym registry","YES","YES","Batch 01 source proposal; finalization candidate; OM-R06=B; OM-R07=B; OM-R10=A"
"Giyim & Moda","Mayo & Plaj Giyimi","","","NO","CANDIDATE_FOR_PRODUCT_OWNER_FINALIZATION","NORMAL","Giyim & Moda","See Giyim & Moda candidate facet registry; characteristics remain facets","See Giyim & Moda candidate synonym registry","YES","NO","Batch 01 source proposal; finalization candidate; OM-R06=B; OM-R07=B; OM-R10=A"
"Giyim & Moda","Mayo & Plaj Giyimi","Mayo","","YES","CANDIDATE_FOR_PRODUCT_OWNER_FINALIZATION","NORMAL","Giyim & Moda","See Giyim & Moda candidate facet registry; characteristics remain facets","See Giyim & Moda candidate synonym registry","YES","NO","Batch 01 source proposal; finalization candidate; OM-R06=B; OM-R07=B; OM-R10=A"
"Giyim & Moda","Mayo & Plaj Giyimi","Bikini & Tankini","","YES","CANDIDATE_FOR_PRODUCT_OWNER_FINALIZATION","NORMAL","Giyim & Moda","See Giyim & Moda candidate facet registry; characteristics remain facets","See Giyim & Moda candidate synonym registry","YES","NO","Batch 01 source proposal; finalization candidate; OM-R06=B; OM-R07=B; OM-R10=A"
"Giyim & Moda","Mayo & Plaj Giyimi","Yüzme Şortu","","YES","CANDIDATE_FOR_PRODUCT_OWNER_FINALIZATION","NORMAL","Giyim & Moda","See Giyim & Moda candidate facet registry; characteristics remain facets","See Giyim & Moda candidate synonym registry","YES","NO","Batch 01 source proposal; finalization candidate; OM-R06=B; OM-R07=B; OM-R10=A"
"Giyim & Moda","Mayo & Plaj Giyimi","Pareo & Plaj Üst Giyimi","","YES","CANDIDATE_FOR_PRODUCT_OWNER_FINALIZATION","NORMAL","Giyim & Moda","See Giyim & Moda candidate facet registry; characteristics remain facets","See Giyim & Moda candidate synonym registry","YES","NO","Batch 01 source proposal; finalization candidate; OM-R06=B; OM-R07=B; OM-R10=A"
"Giyim & Moda","İş Giyimi & Üniforma","","","NO","CANDIDATE_FOR_PRODUCT_OWNER_FINALIZATION","NORMAL","Giyim & Moda","See Giyim & Moda candidate facet registry; characteristics remain facets","See Giyim & Moda candidate synonym registry","YES","YES","Batch 01 source proposal; finalization candidate; OM-R06=B; OM-R07=B; OM-R10=A"
"Giyim & Moda","İş Giyimi & Üniforma","Kurumsal Üniforma","","YES","CANDIDATE_FOR_PRODUCT_OWNER_FINALIZATION","NORMAL","Giyim & Moda","See Giyim & Moda candidate facet registry; characteristics remain facets","See Giyim & Moda candidate synonym registry","YES","NO","Batch 01 source proposal; finalization candidate; OM-R06=B; OM-R07=B; OM-R10=A"
"Giyim & Moda","İş Giyimi & Üniforma","İş Tulumları","","YES","CANDIDATE_FOR_PRODUCT_OWNER_FINALIZATION","NORMAL","Giyim & Moda","See Giyim & Moda candidate facet registry; characteristics remain facets","See Giyim & Moda candidate synonym registry","YES","YES","Batch 01 source proposal; finalization candidate; OM-R06=B; OM-R07=B; OM-R10=A"
"Giyim & Moda","İş Giyimi & Üniforma","İş Önlüğü & Ceketi","","YES","CANDIDATE_FOR_PRODUCT_OWNER_FINALIZATION","NORMAL","Giyim & Moda","See Giyim & Moda candidate facet registry; characteristics remain facets","See Giyim & Moda candidate synonym registry","YES","YES","Batch 01 source proposal; finalization candidate; OM-R06=B; OM-R07=B; OM-R10=A"
"Ev & Yaşam","Mobilya","","","NO","CANDIDATE_FOR_PRODUCT_OWNER_FINALIZATION","NORMAL","Ev & Yaşam","See Ev & Yaşam candidate facet registry; characteristics remain facets","See Ev & Yaşam candidate synonym registry","YES","NO","Batch 01 source proposal; finalization candidate; OM-R06=B; OM-R07=B; OM-R10=A"
"Ev & Yaşam","Mobilya","Oturma Mobilyaları","","NO","CANDIDATE_FOR_PRODUCT_OWNER_FINALIZATION","NORMAL","Ev & Yaşam","See Ev & Yaşam candidate facet registry; characteristics remain facets","See Ev & Yaşam candidate synonym registry","YES","NO","Batch 01 source proposal; finalization candidate; OM-R06=B; OM-R07=B; OM-R10=A"
"Ev & Yaşam","Mobilya","Oturma Mobilyaları","Koltuk & Kanepe","YES","CANDIDATE_FOR_PRODUCT_OWNER_FINALIZATION","NORMAL","Ev & Yaşam","See Ev & Yaşam candidate facet registry; characteristics remain facets","See Ev & Yaşam candidate synonym registry","YES","NO","Batch 01 source proposal; finalization candidate; OM-R06=B; OM-R07=B; OM-R10=A"
"Ev & Yaşam","Mobilya","Oturma Mobilyaları","Berjer & Puf","YES","CANDIDATE_FOR_PRODUCT_OWNER_FINALIZATION","NORMAL","Ev & Yaşam","See Ev & Yaşam candidate facet registry; characteristics remain facets","See Ev & Yaşam candidate synonym registry","YES","NO","Batch 01 source proposal; finalization candidate; OM-R06=B; OM-R07=B; OM-R10=A"
"Ev & Yaşam","Mobilya","Masa Mobilyaları","","NO","CANDIDATE_FOR_PRODUCT_OWNER_FINALIZATION","NORMAL","Ev & Yaşam","See Ev & Yaşam candidate facet registry; characteristics remain facets","See Ev & Yaşam candidate synonym registry","YES","NO","Batch 01 source proposal; finalization candidate; OM-R06=B; OM-R07=B; OM-R10=A"
"Ev & Yaşam","Mobilya","Masa Mobilyaları","Yemek Masası","YES","CANDIDATE_FOR_PRODUCT_OWNER_FINALIZATION","NORMAL","Ev & Yaşam","See Ev & Yaşam candidate facet registry; characteristics remain facets","See Ev & Yaşam candidate synonym registry","YES","NO","Batch 01 source proposal; finalization candidate; OM-R06=B; OM-R07=B; OM-R10=A"
"Ev & Yaşam","Mobilya","Masa Mobilyaları","Çalışma Masası","YES","CANDIDATE_FOR_PRODUCT_OWNER_FINALIZATION","NORMAL","Ev & Yaşam","See Ev & Yaşam candidate facet registry; characteristics remain facets","See Ev & Yaşam candidate synonym registry","YES","NO","Batch 01 source proposal; finalization candidate; OM-R06=B; OM-R07=B; OM-R10=A"
"Ev & Yaşam","Mobilya","Masa Mobilyaları","Sehpa","YES","CANDIDATE_FOR_PRODUCT_OWNER_FINALIZATION","NORMAL","Ev & Yaşam","See Ev & Yaşam candidate facet registry; characteristics remain facets","See Ev & Yaşam candidate synonym registry","YES","NO","Batch 01 source proposal; finalization candidate; OM-R06=B; OM-R07=B; OM-R10=A"
"Ev & Yaşam","Mobilya","Oturma Birimleri","","NO","CANDIDATE_FOR_PRODUCT_OWNER_FINALIZATION","NORMAL","Ev & Yaşam","See Ev & Yaşam candidate facet registry; characteristics remain facets","See Ev & Yaşam candidate synonym registry","YES","NO","Batch 01 source proposal; finalization candidate; OM-R06=B; OM-R07=B; OM-R10=A"
"Ev & Yaşam","Mobilya","Oturma Birimleri","Sandalye","YES","CANDIDATE_FOR_PRODUCT_OWNER_FINALIZATION","NORMAL","Ev & Yaşam","See Ev & Yaşam candidate facet registry; characteristics remain facets","See Ev & Yaşam candidate synonym registry","YES","NO","Batch 01 source proposal; finalization candidate; OM-R06=B; OM-R07=B; OM-R10=A"
"Ev & Yaşam","Mobilya","Oturma Birimleri","Tabure & Bank","YES","CANDIDATE_FOR_PRODUCT_OWNER_FINALIZATION","NORMAL","Ev & Yaşam","See Ev & Yaşam candidate facet registry; characteristics remain facets","See Ev & Yaşam candidate synonym registry","YES","NO","Batch 01 source proposal; finalization candidate; OM-R06=B; OM-R07=B; OM-R10=A"
"Ev & Yaşam","Mobilya","Depolama Mobilyaları","","NO","CANDIDATE_FOR_PRODUCT_OWNER_FINALIZATION","NORMAL","Ev & Yaşam","See Ev & Yaşam candidate facet registry; characteristics remain facets","See Ev & Yaşam candidate synonym registry","YES","NO","Batch 01 source proposal; finalization candidate; OM-R06=B; OM-R07=B; OM-R10=A"
"Ev & Yaşam","Mobilya","Depolama Mobilyaları","Dolap & Şifonyer","YES","CANDIDATE_FOR_PRODUCT_OWNER_FINALIZATION","NORMAL","Ev & Yaşam","See Ev & Yaşam candidate facet registry; characteristics remain facets","See Ev & Yaşam candidate synonym registry","YES","NO","Batch 01 source proposal; finalization candidate; OM-R06=B; OM-R07=B; OM-R10=A"
"Ev & Yaşam","Mobilya","Depolama Mobilyaları","Raf & Kitaplık","YES","CANDIDATE_FOR_PRODUCT_OWNER_FINALIZATION","NORMAL","Ev & Yaşam","See Ev & Yaşam candidate facet registry; characteristics remain facets","See Ev & Yaşam candidate synonym registry","YES","NO","Batch 01 source proposal; finalization candidate; OM-R06=B; OM-R07=B; OM-R10=A"
"Ev & Yaşam","Mobilya","Depolama Mobilyaları","TV Ünitesi","YES","CANDIDATE_FOR_PRODUCT_OWNER_FINALIZATION","NORMAL","Ev & Yaşam","See Ev & Yaşam candidate facet registry; characteristics remain facets","See Ev & Yaşam candidate synonym registry","YES","NO","Batch 01 source proposal; finalization candidate; OM-R06=B; OM-R07=B; OM-R10=A"
"Ev & Yaşam","Mobilya","Yatak Mobilyaları","","NO","CANDIDATE_FOR_PRODUCT_OWNER_FINALIZATION","NORMAL","Ev & Yaşam","See Ev & Yaşam candidate facet registry; characteristics remain facets","See Ev & Yaşam candidate synonym registry","YES","NO","Batch 01 source proposal; finalization candidate; OM-R06=B; OM-R07=B; OM-R10=A"
"Ev & Yaşam","Mobilya","Yatak Mobilyaları","Karyola","YES","CANDIDATE_FOR_PRODUCT_OWNER_FINALIZATION","NORMAL","Ev & Yaşam","See Ev & Yaşam candidate facet registry; characteristics remain facets","See Ev & Yaşam candidate synonym registry","YES","NO","Batch 01 source proposal; finalization candidate; OM-R06=B; OM-R07=B; OM-R10=A"
"Ev & Yaşam","Mobilya","Yatak Mobilyaları","Baza & Başlık","YES","CANDIDATE_FOR_PRODUCT_OWNER_FINALIZATION","NORMAL","Ev & Yaşam","See Ev & Yaşam candidate facet registry; characteristics remain facets","See Ev & Yaşam candidate synonym registry","YES","NO","Batch 01 source proposal; finalization candidate; OM-R06=B; OM-R07=B; OM-R10=A"
"Ev & Yaşam","Yatak & Uyku Ürünleri","","","NO","CANDIDATE_FOR_PRODUCT_OWNER_FINALIZATION","LEGAL_REVIEW_REQUIRED","Ev & Yaşam","See Ev & Yaşam candidate facet registry; characteristics remain facets","See Ev & Yaşam candidate synonym registry","YES","YES","Batch 01 source proposal; finalization candidate; OM-R06=B; OM-R07=B; OM-R10=A"
"Ev & Yaşam","Yatak & Uyku Ürünleri","Yataklar","","YES","CANDIDATE_FOR_PRODUCT_OWNER_FINALIZATION","NORMAL","Ev & Yaşam","See Ev & Yaşam candidate facet registry; characteristics remain facets","See Ev & Yaşam candidate synonym registry","YES","YES","Batch 01 source proposal; finalization candidate; OM-R06=B; OM-R07=B; OM-R10=A"
"Ev & Yaşam","Yatak & Uyku Ürünleri","Yastıklar","","YES","CANDIDATE_FOR_PRODUCT_OWNER_FINALIZATION","NORMAL","Ev & Yaşam","See Ev & Yaşam candidate facet registry; characteristics remain facets","See Ev & Yaşam candidate synonym registry","YES","YES","Batch 01 source proposal; finalization candidate; OM-R06=B; OM-R07=B; OM-R10=A"
"Ev & Yaşam","Yatak & Uyku Ürünleri","Yorganlar","","YES","CANDIDATE_FOR_PRODUCT_OWNER_FINALIZATION","NORMAL","Ev & Yaşam","See Ev & Yaşam candidate facet registry; characteristics remain facets","See Ev & Yaşam candidate synonym registry","YES","NO","Batch 01 source proposal; finalization candidate; OM-R06=B; OM-R07=B; OM-R10=A"
"Ev & Yaşam","Yatak & Uyku Ürünleri","Yatak Pedi & Alez","","YES","CANDIDATE_FOR_PRODUCT_OWNER_FINALIZATION","NORMAL","Ev & Yaşam","See Ev & Yaşam candidate facet registry; characteristics remain facets","See Ev & Yaşam candidate synonym registry","YES","NO","Batch 01 source proposal; finalization candidate; OM-R06=B; OM-R07=B; OM-R10=A"
"Ev & Yaşam","Yatak & Uyku Ürünleri","Uyku Destek Ürünleri","","YES","CANDIDATE_FOR_PRODUCT_OWNER_FINALIZATION","LEGAL_REVIEW_REQUIRED","Ev & Yaşam","See Ev & Yaşam candidate facet registry; characteristics remain facets","See Ev & Yaşam candidate synonym registry","YES","YES","Batch 01 source proposal; finalization candidate; OM-R06=B; OM-R07=B; OM-R10=A"
"Ev & Yaşam","Ev Tekstili","","","NO","CANDIDATE_FOR_PRODUCT_OWNER_FINALIZATION","NORMAL","Ev & Yaşam","See Ev & Yaşam candidate facet registry; characteristics remain facets","See Ev & Yaşam candidate synonym registry","YES","NO","Batch 01 source proposal; finalization candidate; OM-R06=B; OM-R07=B; OM-R10=A"
"Ev & Yaşam","Ev Tekstili","Yatak Tekstili","","NO","CANDIDATE_FOR_PRODUCT_OWNER_FINALIZATION","NORMAL","Ev & Yaşam","See Ev & Yaşam candidate facet registry; characteristics remain facets","See Ev & Yaşam candidate synonym registry","YES","NO","Batch 01 source proposal; finalization candidate; OM-R06=B; OM-R07=B; OM-R10=A"
"Ev & Yaşam","Ev Tekstili","Yatak Tekstili","Nevresim Takımı","YES","CANDIDATE_FOR_PRODUCT_OWNER_FINALIZATION","NORMAL","Ev & Yaşam","See Ev & Yaşam candidate facet registry; characteristics remain facets","See Ev & Yaşam candidate synonym registry","YES","NO","Batch 01 source proposal; finalization candidate; OM-R06=B; OM-R07=B; OM-R10=A"
"Ev & Yaşam","Ev Tekstili","Yatak Tekstili","Çarşaf","YES","CANDIDATE_FOR_PRODUCT_OWNER_FINALIZATION","NORMAL","Ev & Yaşam","See Ev & Yaşam candidate facet registry; characteristics remain facets","See Ev & Yaşam candidate synonym registry","YES","NO","Batch 01 source proposal; finalization candidate; OM-R06=B; OM-R07=B; OM-R10=A"
"Ev & Yaşam","Ev Tekstili","Yatak Tekstili","Yatak Örtüsü","YES","CANDIDATE_FOR_PRODUCT_OWNER_FINALIZATION","NORMAL","Ev & Yaşam","See Ev & Yaşam candidate facet registry; characteristics remain facets","See Ev & Yaşam candidate synonym registry","YES","NO","Batch 01 source proposal; finalization candidate; OM-R06=B; OM-R07=B; OM-R10=A"
"Ev & Yaşam","Ev Tekstili","Banyo Tekstili","","NO","CANDIDATE_FOR_PRODUCT_OWNER_FINALIZATION","NORMAL","Ev & Yaşam","See Ev & Yaşam candidate facet registry; characteristics remain facets","See Ev & Yaşam candidate synonym registry","YES","NO","Batch 01 source proposal; finalization candidate; OM-R06=B; OM-R07=B; OM-R10=A"
"Ev & Yaşam","Ev Tekstili","Banyo Tekstili","Havlu","YES","CANDIDATE_FOR_PRODUCT_OWNER_FINALIZATION","NORMAL","Ev & Yaşam","See Ev & Yaşam candidate facet registry; characteristics remain facets","See Ev & Yaşam candidate synonym registry","YES","NO","Batch 01 source proposal; finalization candidate; OM-R06=B; OM-R07=B; OM-R10=A"
"Ev & Yaşam","Ev Tekstili","Banyo Tekstili","Bornoz","YES","CANDIDATE_FOR_PRODUCT_OWNER_FINALIZATION","NORMAL","Ev & Yaşam","See Ev & Yaşam candidate facet registry; characteristics remain facets","See Ev & Yaşam candidate synonym registry","YES","NO","Batch 01 source proposal; finalization candidate; OM-R06=B; OM-R07=B; OM-R10=A"
"Ev & Yaşam","Ev Tekstili","Battaniye & Örtü","","YES","CANDIDATE_FOR_PRODUCT_OWNER_FINALIZATION","NORMAL","Ev & Yaşam","See Ev & Yaşam candidate facet registry; characteristics remain facets","See Ev & Yaşam candidate synonym registry","YES","NO","Batch 01 source proposal; finalization candidate; OM-R06=B; OM-R07=B; OM-R10=A"
"Ev & Yaşam","Ev Tekstili","Kırlent","","YES","CANDIDATE_FOR_PRODUCT_OWNER_FINALIZATION","NORMAL","Ev & Yaşam","See Ev & Yaşam candidate facet registry; characteristics remain facets","See Ev & Yaşam candidate synonym registry","YES","NO","Batch 01 source proposal; finalization candidate; OM-R06=B; OM-R07=B; OM-R10=A"
"Ev & Yaşam","Perde & Pencere Tekstili","","","NO","CANDIDATE_FOR_PRODUCT_OWNER_FINALIZATION","NORMAL","Ev & Yaşam","See Ev & Yaşam candidate facet registry; characteristics remain facets","See Ev & Yaşam candidate synonym registry","YES","YES","Batch 01 source proposal; finalization candidate; OM-R06=B; OM-R07=B; OM-R10=A"
"Ev & Yaşam","Perde & Pencere Tekstili","Tül Perde","","YES","CANDIDATE_FOR_PRODUCT_OWNER_FINALIZATION","NORMAL","Ev & Yaşam","See Ev & Yaşam candidate facet registry; characteristics remain facets","See Ev & Yaşam candidate synonym registry","YES","NO","Batch 01 source proposal; finalization candidate; OM-R06=B; OM-R07=B; OM-R10=A"
"Ev & Yaşam","Perde & Pencere Tekstili","Fon Perde","","YES","CANDIDATE_FOR_PRODUCT_OWNER_FINALIZATION","NORMAL","Ev & Yaşam","See Ev & Yaşam candidate facet registry; characteristics remain facets","See Ev & Yaşam candidate synonym registry","YES","NO","Batch 01 source proposal; finalization candidate; OM-R06=B; OM-R07=B; OM-R10=A"
"Ev & Yaşam","Perde & Pencere Tekstili","Stor & Zebra Perde","","YES","CANDIDATE_FOR_PRODUCT_OWNER_FINALIZATION","NORMAL","Ev & Yaşam","See Ev & Yaşam candidate facet registry; characteristics remain facets","See Ev & Yaşam candidate synonym registry","YES","YES","Batch 01 source proposal; finalization candidate; OM-R06=B; OM-R07=B; OM-R10=A"
"Ev & Yaşam","Perde & Pencere Tekstili","Karartma Perdesi","","YES","CANDIDATE_FOR_PRODUCT_OWNER_FINALIZATION","NORMAL","Ev & Yaşam","See Ev & Yaşam candidate facet registry; characteristics remain facets","See Ev & Yaşam candidate synonym registry","YES","NO","Batch 01 source proposal; finalization candidate; OM-R06=B; OM-R07=B; OM-R10=A"
"Ev & Yaşam","Halı, Kilim & Paspas","","","NO","CANDIDATE_FOR_PRODUCT_OWNER_FINALIZATION","NORMAL","Ev & Yaşam","See Ev & Yaşam candidate facet registry; characteristics remain facets","See Ev & Yaşam candidate synonym registry","YES","NO","Batch 01 source proposal; finalization candidate; OM-R06=B; OM-R07=B; OM-R10=A"
"Ev & Yaşam","Halı, Kilim & Paspas","Halı","","YES","CANDIDATE_FOR_PRODUCT_OWNER_FINALIZATION","NORMAL","Ev & Yaşam","See Ev & Yaşam candidate facet registry; characteristics remain facets","See Ev & Yaşam candidate synonym registry","YES","NO","Batch 01 source proposal; finalization candidate; OM-R06=B; OM-R07=B; OM-R10=A"
"Ev & Yaşam","Halı, Kilim & Paspas","Kilim","","YES","CANDIDATE_FOR_PRODUCT_OWNER_FINALIZATION","NORMAL","Ev & Yaşam","See Ev & Yaşam candidate facet registry; characteristics remain facets","See Ev & Yaşam candidate synonym registry","YES","NO","Batch 01 source proposal; finalization candidate; OM-R06=B; OM-R07=B; OM-R10=A"
"Ev & Yaşam","Halı, Kilim & Paspas","Yolluk","","YES","CANDIDATE_FOR_PRODUCT_OWNER_FINALIZATION","NORMAL","Ev & Yaşam","See Ev & Yaşam candidate facet registry; characteristics remain facets","See Ev & Yaşam candidate synonym registry","YES","NO","Batch 01 source proposal; finalization candidate; OM-R06=B; OM-R07=B; OM-R10=A"
"Ev & Yaşam","Halı, Kilim & Paspas","Paspas","","YES","CANDIDATE_FOR_PRODUCT_OWNER_FINALIZATION","NORMAL","Ev & Yaşam","See Ev & Yaşam candidate facet registry; characteristics remain facets","See Ev & Yaşam candidate synonym registry","YES","NO","Batch 01 source proposal; finalization candidate; OM-R06=B; OM-R07=B; OM-R10=A"
"Ev & Yaşam","Dekorasyon & Duvar Aksesuarları","","","NO","CANDIDATE_FOR_PRODUCT_OWNER_FINALIZATION","REGULATED","Ev & Yaşam","See Ev & Yaşam candidate facet registry; characteristics remain facets","See Ev & Yaşam candidate synonym registry","YES","YES","Batch 01 source proposal; finalization candidate; OM-R06=B; OM-R07=B; OM-R10=A"
"Ev & Yaşam","Dekorasyon & Duvar Aksesuarları","Duvar Dekoru","","NO","CANDIDATE_FOR_PRODUCT_OWNER_FINALIZATION","NORMAL","Ev & Yaşam","See Ev & Yaşam candidate facet registry; characteristics remain facets","See Ev & Yaşam candidate synonym registry","YES","NO","Batch 01 source proposal; finalization candidate; OM-R06=B; OM-R07=B; OM-R10=A"
"Ev & Yaşam","Dekorasyon & Duvar Aksesuarları","Duvar Dekoru","Tablo & Poster","YES","CANDIDATE_FOR_PRODUCT_OWNER_FINALIZATION","NORMAL","Ev & Yaşam","See Ev & Yaşam candidate facet registry; characteristics remain facets","See Ev & Yaşam candidate synonym registry","YES","NO","Batch 01 source proposal; finalization candidate; OM-R06=B; OM-R07=B; OM-R10=A"
"Ev & Yaşam","Dekorasyon & Duvar Aksesuarları","Duvar Dekoru","Ayna","YES","CANDIDATE_FOR_PRODUCT_OWNER_FINALIZATION","NORMAL","Ev & Yaşam","See Ev & Yaşam candidate facet registry; characteristics remain facets","See Ev & Yaşam candidate synonym registry","YES","NO","Batch 01 source proposal; finalization candidate; OM-R06=B; OM-R07=B; OM-R10=A"
"Ev & Yaşam","Dekorasyon & Duvar Aksesuarları","Duvar Dekoru","Çerçeve","YES","CANDIDATE_FOR_PRODUCT_OWNER_FINALIZATION","NORMAL","Ev & Yaşam","See Ev & Yaşam candidate facet registry; characteristics remain facets","See Ev & Yaşam candidate synonym registry","YES","NO","Batch 01 source proposal; finalization candidate; OM-R06=B; OM-R07=B; OM-R10=A"
"Ev & Yaşam","Dekorasyon & Duvar Aksesuarları","Duvar Dekoru","Duvar Saati","YES","CANDIDATE_FOR_PRODUCT_OWNER_FINALIZATION","NORMAL","Ev & Yaşam","See Ev & Yaşam candidate facet registry; characteristics remain facets","See Ev & Yaşam candidate synonym registry","YES","NO","Batch 01 source proposal; finalization candidate; OM-R06=B; OM-R07=B; OM-R10=A"
"Ev & Yaşam","Dekorasyon & Duvar Aksesuarları","Dekoratif Objeler","","YES","CANDIDATE_FOR_PRODUCT_OWNER_FINALIZATION","NORMAL","Ev & Yaşam","See Ev & Yaşam candidate facet registry; characteristics remain facets","See Ev & Yaşam candidate synonym registry","YES","NO","Batch 01 source proposal; finalization candidate; OM-R06=B; OM-R07=B; OM-R10=A"
"Ev & Yaşam","Dekorasyon & Duvar Aksesuarları","Vazo","","YES","CANDIDATE_FOR_PRODUCT_OWNER_FINALIZATION","NORMAL","Ev & Yaşam","See Ev & Yaşam candidate facet registry; characteristics remain facets","See Ev & Yaşam candidate synonym registry","YES","NO","Batch 01 source proposal; finalization candidate; OM-R06=B; OM-R07=B; OM-R10=A"
"Ev & Yaşam","Dekorasyon & Duvar Aksesuarları","Mum & Oda Kokusu","","YES","CANDIDATE_FOR_PRODUCT_OWNER_FINALIZATION","REGULATED","Ev & Yaşam","See Ev & Yaşam candidate facet registry; characteristics remain facets","See Ev & Yaşam candidate synonym registry","YES","YES","Batch 01 source proposal; finalization candidate; OM-R06=B; OM-R07=B; OM-R10=A"
"Ev & Yaşam","Dekorasyon & Duvar Aksesuarları","Masaüstü Dekor","","YES","CANDIDATE_FOR_PRODUCT_OWNER_FINALIZATION","NORMAL","Ev & Yaşam","See Ev & Yaşam candidate facet registry; characteristics remain facets","See Ev & Yaşam candidate synonym registry","YES","NO","Batch 01 source proposal; finalization candidate; OM-R06=B; OM-R07=B; OM-R10=A"
"Ev & Yaşam","Aydınlatma","","","NO","CANDIDATE_FOR_PRODUCT_OWNER_FINALIZATION","REGULATED","Ev & Yaşam","See Ev & Yaşam candidate facet registry; characteristics remain facets","See Ev & Yaşam candidate synonym registry","YES","YES","Batch 01 source proposal; finalization candidate; OM-R06=B; OM-R07=B; OM-R10=A"
"Ev & Yaşam","Aydınlatma","Tavan Aydınlatmaları","","YES","CANDIDATE_FOR_PRODUCT_OWNER_FINALIZATION","NORMAL","Ev & Yaşam","See Ev & Yaşam candidate facet registry; characteristics remain facets","See Ev & Yaşam candidate synonym registry","YES","YES","Batch 01 source proposal; finalization candidate; OM-R06=B; OM-R07=B; OM-R10=A"
"Ev & Yaşam","Aydınlatma","Masa Lambaları","","YES","CANDIDATE_FOR_PRODUCT_OWNER_FINALIZATION","NORMAL","Ev & Yaşam","See Ev & Yaşam candidate facet registry; characteristics remain facets","See Ev & Yaşam candidate synonym registry","YES","YES","Batch 01 source proposal; finalization candidate; OM-R06=B; OM-R07=B; OM-R10=A"
"Ev & Yaşam","Aydınlatma","Lambader","","YES","CANDIDATE_FOR_PRODUCT_OWNER_FINALIZATION","NORMAL","Ev & Yaşam","See Ev & Yaşam candidate facet registry; characteristics remain facets","See Ev & Yaşam candidate synonym registry","YES","YES","Batch 01 source proposal; finalization candidate; OM-R06=B; OM-R07=B; OM-R10=A"
"Ev & Yaşam","Aydınlatma","Gece Lambaları","","YES","CANDIDATE_FOR_PRODUCT_OWNER_FINALIZATION","NORMAL","Ev & Yaşam","See Ev & Yaşam candidate facet registry; characteristics remain facets","See Ev & Yaşam candidate synonym registry","YES","YES","Batch 01 source proposal; finalization candidate; OM-R06=B; OM-R07=B; OM-R10=A"
"Ev & Yaşam","Aydınlatma","Standart Ampuller","","YES","CANDIDATE_FOR_PRODUCT_OWNER_FINALIZATION","REGULATED","Ev & Yaşam","See Ev & Yaşam candidate facet registry; characteristics remain facets","See Ev & Yaşam candidate synonym registry","YES","YES","Batch 01 source proposal; finalization candidate; OM-R06=B; OM-R07=B; OM-R10=A"
"Ev & Yaşam","Düzenleme & Saklama","","","NO","CANDIDATE_FOR_PRODUCT_OWNER_FINALIZATION","NORMAL","Ev & Yaşam","See Ev & Yaşam candidate facet registry; characteristics remain facets","See Ev & Yaşam candidate synonym registry","YES","NO","Batch 01 source proposal; finalization candidate; OM-R06=B; OM-R07=B; OM-R10=A"
"Ev & Yaşam","Düzenleme & Saklama","Saklama Kutusu & Sepet","","YES","CANDIDATE_FOR_PRODUCT_OWNER_FINALIZATION","NORMAL","Ev & Yaşam","See Ev & Yaşam candidate facet registry; characteristics remain facets","See Ev & Yaşam candidate synonym registry","YES","NO","Batch 01 source proposal; finalization candidate; OM-R06=B; OM-R07=B; OM-R10=A"
"Ev & Yaşam","Düzenleme & Saklama","Giysi Düzenleyiciler","","YES","CANDIDATE_FOR_PRODUCT_OWNER_FINALIZATION","NORMAL","Ev & Yaşam","See Ev & Yaşam candidate facet registry; characteristics remain facets","See Ev & Yaşam candidate synonym registry","YES","NO","Batch 01 source proposal; finalization candidate; OM-R06=B; OM-R07=B; OM-R10=A"
"Ev & Yaşam","Düzenleme & Saklama","Hurç & Vakumlu Torba","","YES","CANDIDATE_FOR_PRODUCT_OWNER_FINALIZATION","NORMAL","Ev & Yaşam","See Ev & Yaşam candidate facet registry; characteristics remain facets","See Ev & Yaşam candidate synonym registry","YES","NO","Batch 01 source proposal; finalization candidate; OM-R06=B; OM-R07=B; OM-R10=A"
"Ev & Yaşam","Düzenleme & Saklama","Askı & Dolap İçi Düzenleme","","YES","CANDIDATE_FOR_PRODUCT_OWNER_FINALIZATION","NORMAL","Ev & Yaşam","See Ev & Yaşam candidate facet registry; characteristics remain facets","See Ev & Yaşam candidate synonym registry","YES","NO","Batch 01 source proposal; finalization candidate; OM-R06=B; OM-R07=B; OM-R10=A"
"Ev & Yaşam","Düzenleme & Saklama","Çamaşır Sepeti","","YES","CANDIDATE_FOR_PRODUCT_OWNER_FINALIZATION","NORMAL","Ev & Yaşam","See Ev & Yaşam candidate facet registry; characteristics remain facets","See Ev & Yaşam candidate synonym registry","YES","NO","Batch 01 source proposal; finalization candidate; OM-R06=B; OM-R07=B; OM-R10=A"
"Ev & Yaşam","Düzenleme & Saklama","Ayakkabı Düzenleyiciler","","YES","CANDIDATE_FOR_PRODUCT_OWNER_FINALIZATION","NORMAL","Ev & Yaşam","See Ev & Yaşam candidate facet registry; characteristics remain facets","See Ev & Yaşam candidate synonym registry","YES","NO","Batch 01 source proposal; finalization candidate; OM-R06=B; OM-R07=B; OM-R10=A"
"Ev & Yaşam","Banyo Aksesuarları","","","NO","CANDIDATE_FOR_PRODUCT_OWNER_FINALIZATION","LEGAL_REVIEW_REQUIRED","Ev & Yaşam","See Ev & Yaşam candidate facet registry; characteristics remain facets","See Ev & Yaşam candidate synonym registry","YES","YES","Batch 01 source proposal; finalization candidate; OM-R06=B; OM-R07=B; OM-R10=A"
"Ev & Yaşam","Banyo Aksesuarları","Sabunluk & Dispenser","","YES","CANDIDATE_FOR_PRODUCT_OWNER_FINALIZATION","NORMAL","Ev & Yaşam","See Ev & Yaşam candidate facet registry; characteristics remain facets","See Ev & Yaşam candidate synonym registry","YES","NO","Batch 01 source proposal; finalization candidate; OM-R06=B; OM-R07=B; OM-R10=A"
"Ev & Yaşam","Banyo Aksesuarları","Duş Perdesi","","YES","CANDIDATE_FOR_PRODUCT_OWNER_FINALIZATION","NORMAL","Ev & Yaşam","See Ev & Yaşam candidate facet registry; characteristics remain facets","See Ev & Yaşam candidate synonym registry","YES","NO","Batch 01 source proposal; finalization candidate; OM-R06=B; OM-R07=B; OM-R10=A"
"Ev & Yaşam","Banyo Aksesuarları","Banyo Rafı & Düzenleyici","","YES","CANDIDATE_FOR_PRODUCT_OWNER_FINALIZATION","NORMAL","Ev & Yaşam","See Ev & Yaşam candidate facet registry; characteristics remain facets","See Ev & Yaşam candidate synonym registry","YES","NO","Batch 01 source proposal; finalization candidate; OM-R06=B; OM-R07=B; OM-R10=A"
"Ev & Yaşam","Banyo Aksesuarları","Tuvalet Aksesuarları","","YES","CANDIDATE_FOR_PRODUCT_OWNER_FINALIZATION","NORMAL","Ev & Yaşam","See Ev & Yaşam candidate facet registry; characteristics remain facets","See Ev & Yaşam candidate synonym registry","YES","NO","Batch 01 source proposal; finalization candidate; OM-R06=B; OM-R07=B; OM-R10=A"
"Ev & Yaşam","Banyo Aksesuarları","Bağımsız Banyo Yardımcıları","","YES","CANDIDATE_FOR_PRODUCT_OWNER_FINALIZATION","LEGAL_REVIEW_REQUIRED","Ev & Yaşam","See Ev & Yaşam candidate facet registry; characteristics remain facets","See Ev & Yaşam candidate synonym registry","YES","YES","Batch 01 source proposal; finalization candidate; OM-R06=B; OM-R07=B; OM-R10=A"
"Ev & Yaşam","Ev Temizliği & Çamaşır Bakımı","","","NO","CANDIDATE_FOR_PRODUCT_OWNER_FINALIZATION","REGULATED","Ev & Yaşam","See Ev & Yaşam candidate facet registry; characteristics remain facets","See Ev & Yaşam candidate synonym registry","YES","YES","Batch 01 source proposal; finalization candidate; OM-R06=B; OM-R07=B; OM-R10=A"
"Ev & Yaşam","Ev Temizliği & Çamaşır Bakımı","Yüzey Temizleyiciler","","YES","CANDIDATE_FOR_PRODUCT_OWNER_FINALIZATION","REGULATED","Ev & Yaşam","See Ev & Yaşam candidate facet registry; characteristics remain facets","See Ev & Yaşam candidate synonym registry","YES","YES","Batch 01 source proposal; finalization candidate; OM-R06=B; OM-R07=B; OM-R10=A"
"Ev & Yaşam","Ev Temizliği & Çamaşır Bakımı","Çamaşır Temizliği & Bakımı","","YES","CANDIDATE_FOR_PRODUCT_OWNER_FINALIZATION","REGULATED","Ev & Yaşam","See Ev & Yaşam candidate facet registry; characteristics remain facets","See Ev & Yaşam candidate synonym registry","YES","YES","Batch 01 source proposal; finalization candidate; OM-R06=B; OM-R07=B; OM-R10=A"
"Ev & Yaşam","Ev Temizliği & Çamaşır Bakımı","Bulaşık Temizliği & Bakımı","","YES","CANDIDATE_FOR_PRODUCT_OWNER_FINALIZATION","REGULATED","Ev & Yaşam","See Ev & Yaşam candidate facet registry; characteristics remain facets","See Ev & Yaşam candidate synonym registry","YES","YES","Batch 01 source proposal; finalization candidate; OM-R06=B; OM-R07=B; OM-R10=A"
"Ev & Yaşam","Ev Temizliği & Çamaşır Bakımı","Temizlik Gereçleri","","NO","CANDIDATE_FOR_PRODUCT_OWNER_FINALIZATION","NORMAL","Ev & Yaşam","See Ev & Yaşam candidate facet registry; characteristics remain facets","See Ev & Yaşam candidate synonym registry","YES","NO","Batch 01 source proposal; finalization candidate; OM-R06=B; OM-R07=B; OM-R10=A"
"Ev & Yaşam","Ev Temizliği & Çamaşır Bakımı","Temizlik Gereçleri","Mop & Paspas Aparatı","YES","CANDIDATE_FOR_PRODUCT_OWNER_FINALIZATION","NORMAL","Ev & Yaşam","See Ev & Yaşam candidate facet registry; characteristics remain facets","See Ev & Yaşam candidate synonym registry","YES","NO","Batch 01 source proposal; finalization candidate; OM-R06=B; OM-R07=B; OM-R10=A"
"Ev & Yaşam","Ev Temizliği & Çamaşır Bakımı","Temizlik Gereçleri","Süpürge & Faraş","YES","CANDIDATE_FOR_PRODUCT_OWNER_FINALIZATION","NORMAL","Ev & Yaşam","See Ev & Yaşam candidate facet registry; characteristics remain facets","See Ev & Yaşam candidate synonym registry","YES","NO","Batch 01 source proposal; finalization candidate; OM-R06=B; OM-R07=B; OM-R10=A"
"Ev & Yaşam","Ev Temizliği & Çamaşır Bakımı","Temizlik Gereçleri","Bez, Sünger & Fırça","YES","CANDIDATE_FOR_PRODUCT_OWNER_FINALIZATION","NORMAL","Ev & Yaşam","See Ev & Yaşam candidate facet registry; characteristics remain facets","See Ev & Yaşam candidate synonym registry","YES","NO","Batch 01 source proposal; finalization candidate; OM-R06=B; OM-R07=B; OM-R10=A"
"Ev & Yaşam","Ev Temizliği & Çamaşır Bakımı","Kağıt Ev Ürünleri","","YES","CANDIDATE_FOR_PRODUCT_OWNER_FINALIZATION","NORMAL","Ev & Yaşam","See Ev & Yaşam candidate facet registry; characteristics remain facets","See Ev & Yaşam candidate synonym registry","YES","NO","Batch 01 source proposal; finalization candidate; OM-R06=B; OM-R07=B; OM-R10=A"
"Ev & Yaşam","Ev Temizliği & Çamaşır Bakımı","Çöp Torbası & Ev Tipi Eldiven","","YES","CANDIDATE_FOR_PRODUCT_OWNER_FINALIZATION","NORMAL","Ev & Yaşam","See Ev & Yaşam candidate facet registry; characteristics remain facets","See Ev & Yaşam candidate synonym registry","YES","NO","Batch 01 source proposal; finalization candidate; OM-R06=B; OM-R07=B; OM-R10=A"
"Züccaciye & Mutfak","Tencere, Tava & Pişirme Kapları","","","NO","CANDIDATE_FOR_PRODUCT_OWNER_FINALIZATION","REGULATED","Züccaciye & Mutfak","See Züccaciye & Mutfak candidate facet registry; characteristics remain facets","See Züccaciye & Mutfak candidate synonym registry","YES","YES","Batch 01 source proposal; finalization candidate; OM-R06=B; OM-R07=B; OM-R10=A"
"Züccaciye & Mutfak","Tencere, Tava & Pişirme Kapları","Tencereler","","NO","CANDIDATE_FOR_PRODUCT_OWNER_FINALIZATION","REGULATED","Züccaciye & Mutfak","See Züccaciye & Mutfak candidate facet registry; characteristics remain facets","See Züccaciye & Mutfak candidate synonym registry","YES","YES","Batch 01 source proposal; finalization candidate; OM-R06=B; OM-R07=B; OM-R10=A"
"Züccaciye & Mutfak","Tencere, Tava & Pişirme Kapları","Tencereler","Standart Tencereler","YES","CANDIDATE_FOR_PRODUCT_OWNER_FINALIZATION","REGULATED","Züccaciye & Mutfak","See Züccaciye & Mutfak candidate facet registry; characteristics remain facets","See Züccaciye & Mutfak candidate synonym registry","YES","YES","Batch 01 source proposal; finalization candidate; OM-R06=B; OM-R07=B; OM-R10=A"
"Züccaciye & Mutfak","Tencere, Tava & Pişirme Kapları","Tencereler","Düdüklü Tencereler","YES","CANDIDATE_FOR_PRODUCT_OWNER_FINALIZATION","REGULATED","Züccaciye & Mutfak","See Züccaciye & Mutfak candidate facet registry; characteristics remain facets","See Züccaciye & Mutfak candidate synonym registry","YES","YES","Batch 01 source proposal; finalization candidate; OM-R06=B; OM-R07=B; OM-R10=A"
"Züccaciye & Mutfak","Tencere, Tava & Pişirme Kapları","Tavalar & Sahanlar","","YES","CANDIDATE_FOR_PRODUCT_OWNER_FINALIZATION","REGULATED","Züccaciye & Mutfak","See Züccaciye & Mutfak candidate facet registry; characteristics remain facets","See Züccaciye & Mutfak candidate synonym registry","YES","YES","Batch 01 source proposal; finalization candidate; OM-R06=B; OM-R07=B; OM-R10=A"
"Züccaciye & Mutfak","Tencere, Tava & Pişirme Kapları","Wok","","YES","CANDIDATE_FOR_PRODUCT_OWNER_FINALIZATION","REGULATED","Züccaciye & Mutfak","See Züccaciye & Mutfak candidate facet registry; characteristics remain facets","See Züccaciye & Mutfak candidate synonym registry","YES","YES","Batch 01 source proposal; finalization candidate; OM-R06=B; OM-R07=B; OM-R10=A"
"Züccaciye & Mutfak","Fırınlama & Pişirme Gereçleri","","","NO","CANDIDATE_FOR_PRODUCT_OWNER_FINALIZATION","REGULATED","Züccaciye & Mutfak","See Züccaciye & Mutfak candidate facet registry; characteristics remain facets","See Züccaciye & Mutfak candidate synonym registry","YES","YES","Batch 01 source proposal; finalization candidate; OM-R06=B; OM-R07=B; OM-R10=A"
"Züccaciye & Mutfak","Fırınlama & Pişirme Gereçleri","Fırın Kapları","","YES","CANDIDATE_FOR_PRODUCT_OWNER_FINALIZATION","REGULATED","Züccaciye & Mutfak","See Züccaciye & Mutfak candidate facet registry; characteristics remain facets","See Züccaciye & Mutfak candidate synonym registry","YES","YES","Batch 01 source proposal; finalization candidate; OM-R06=B; OM-R07=B; OM-R10=A"
"Züccaciye & Mutfak","Fırınlama & Pişirme Gereçleri","Fırın Tepsileri","","YES","CANDIDATE_FOR_PRODUCT_OWNER_FINALIZATION","REGULATED","Züccaciye & Mutfak","See Züccaciye & Mutfak candidate facet registry; characteristics remain facets","See Züccaciye & Mutfak candidate synonym registry","YES","YES","Batch 01 source proposal; finalization candidate; OM-R06=B; OM-R07=B; OM-R10=A"
"Züccaciye & Mutfak","Fırınlama & Pişirme Gereçleri","Kek & Pasta Kalıpları","","YES","CANDIDATE_FOR_PRODUCT_OWNER_FINALIZATION","REGULATED","Züccaciye & Mutfak","See Züccaciye & Mutfak candidate facet registry; characteristics remain facets","See Züccaciye & Mutfak candidate synonym registry","YES","YES","Batch 01 source proposal; finalization candidate; OM-R06=B; OM-R07=B; OM-R10=A"
"Züccaciye & Mutfak","Fırınlama & Pişirme Gereçleri","Fırın Matı & Pişirme Kağıdı","","YES","CANDIDATE_FOR_PRODUCT_OWNER_FINALIZATION","REGULATED","Züccaciye & Mutfak","See Züccaciye & Mutfak candidate facet registry; characteristics remain facets","See Züccaciye & Mutfak candidate synonym registry","YES","YES","Batch 01 source proposal; finalization candidate; OM-R06=B; OM-R07=B; OM-R10=A"
"Züccaciye & Mutfak","Mutfak Hazırlık Gereçleri","","","NO","CANDIDATE_FOR_PRODUCT_OWNER_FINALIZATION","REGULATED","Züccaciye & Mutfak","See Züccaciye & Mutfak candidate facet registry; characteristics remain facets","See Züccaciye & Mutfak candidate synonym registry","YES","YES","Batch 01 source proposal; finalization candidate; OM-R06=B; OM-R07=B; OM-R10=A"
"Züccaciye & Mutfak","Mutfak Hazırlık Gereçleri","Rende, Soyacak & Dilimleyici","","YES","CANDIDATE_FOR_PRODUCT_OWNER_FINALIZATION","REGULATED","Züccaciye & Mutfak","See Züccaciye & Mutfak candidate facet registry; characteristics remain facets","See Züccaciye & Mutfak candidate synonym registry","YES","YES","Batch 01 source proposal; finalization candidate; OM-R06=B; OM-R07=B; OM-R10=A"
"Züccaciye & Mutfak","Mutfak Hazırlık Gereçleri","Süzgeç & Elek","","YES","CANDIDATE_FOR_PRODUCT_OWNER_FINALIZATION","REGULATED","Züccaciye & Mutfak","See Züccaciye & Mutfak candidate facet registry; characteristics remain facets","See Züccaciye & Mutfak candidate synonym registry","YES","YES","Batch 01 source proposal; finalization candidate; OM-R06=B; OM-R07=B; OM-R10=A"
"Züccaciye & Mutfak","Mutfak Hazırlık Gereçleri","Karıştırma Kabı","","YES","CANDIDATE_FOR_PRODUCT_OWNER_FINALIZATION","REGULATED","Züccaciye & Mutfak","See Züccaciye & Mutfak candidate facet registry; characteristics remain facets","See Züccaciye & Mutfak candidate synonym registry","YES","YES","Batch 01 source proposal; finalization candidate; OM-R06=B; OM-R07=B; OM-R10=A"
"Züccaciye & Mutfak","Mutfak Hazırlık Gereçleri","Ölçü Gereçleri","","YES","CANDIDATE_FOR_PRODUCT_OWNER_FINALIZATION","REGULATED","Züccaciye & Mutfak","See Züccaciye & Mutfak candidate facet registry; characteristics remain facets","See Züccaciye & Mutfak candidate synonym registry","YES","YES","Batch 01 source proposal; finalization candidate; OM-R06=B; OM-R07=B; OM-R10=A"
"Züccaciye & Mutfak","Mutfak Hazırlık Gereçleri","Spatula, Çırpıcı & Karıştırıcı","","YES","CANDIDATE_FOR_PRODUCT_OWNER_FINALIZATION","REGULATED","Züccaciye & Mutfak","See Züccaciye & Mutfak candidate facet registry; characteristics remain facets","See Züccaciye & Mutfak candidate synonym registry","YES","YES","Batch 01 source proposal; finalization candidate; OM-R06=B; OM-R07=B; OM-R10=A"
"Züccaciye & Mutfak","Mutfak Hazırlık Gereçleri","Açacaklar","","YES","CANDIDATE_FOR_PRODUCT_OWNER_FINALIZATION","REGULATED","Züccaciye & Mutfak","See Züccaciye & Mutfak candidate facet registry; characteristics remain facets","See Züccaciye & Mutfak candidate synonym registry","YES","YES","Batch 01 source proposal; finalization candidate; OM-R06=B; OM-R07=B; OM-R10=A"
"Züccaciye & Mutfak","Bıçak & Kesme Gereçleri","","","NO","CANDIDATE_FOR_PRODUCT_OWNER_FINALIZATION","REGULATED","Züccaciye & Mutfak","See Züccaciye & Mutfak candidate facet registry; characteristics remain facets","See Züccaciye & Mutfak candidate synonym registry","YES","YES","Batch 01 source proposal; finalization candidate; OM-R06=B; OM-R07=B; OM-R10=A"
"Züccaciye & Mutfak","Bıçak & Kesme Gereçleri","Mutfak Bıçakları","","NO","CANDIDATE_FOR_PRODUCT_OWNER_FINALIZATION","REGULATED","Züccaciye & Mutfak","See Züccaciye & Mutfak candidate facet registry; characteristics remain facets","See Züccaciye & Mutfak candidate synonym registry","YES","YES","Batch 01 source proposal; finalization candidate; OM-R06=B; OM-R07=B; OM-R10=A"
"Züccaciye & Mutfak","Bıçak & Kesme Gereçleri","Mutfak Bıçakları","Şef Bıçağı","YES","CANDIDATE_FOR_PRODUCT_OWNER_FINALIZATION","REGULATED","Züccaciye & Mutfak","See Züccaciye & Mutfak candidate facet registry; characteristics remain facets","See Züccaciye & Mutfak candidate synonym registry","YES","YES","Batch 01 source proposal; finalization candidate; OM-R06=B; OM-R07=B; OM-R10=A"
"Züccaciye & Mutfak","Bıçak & Kesme Gereçleri","Mutfak Bıçakları","Ekmek Bıçağı","YES","CANDIDATE_FOR_PRODUCT_OWNER_FINALIZATION","REGULATED","Züccaciye & Mutfak","See Züccaciye & Mutfak candidate facet registry; characteristics remain facets","See Züccaciye & Mutfak candidate synonym registry","YES","YES","Batch 01 source proposal; finalization candidate; OM-R06=B; OM-R07=B; OM-R10=A"
"Züccaciye & Mutfak","Bıçak & Kesme Gereçleri","Mutfak Bıçakları","Soyma & Doğrama Bıçağı","YES","CANDIDATE_FOR_PRODUCT_OWNER_FINALIZATION","REGULATED","Züccaciye & Mutfak","See Züccaciye & Mutfak candidate facet registry; characteristics remain facets","See Züccaciye & Mutfak candidate synonym registry","YES","YES","Batch 01 source proposal; finalization candidate; OM-R06=B; OM-R07=B; OM-R10=A"
"Züccaciye & Mutfak","Bıçak & Kesme Gereçleri","Mutfak Makası","","YES","CANDIDATE_FOR_PRODUCT_OWNER_FINALIZATION","REGULATED","Züccaciye & Mutfak","See Züccaciye & Mutfak candidate facet registry; characteristics remain facets","See Züccaciye & Mutfak candidate synonym registry","YES","YES","Batch 01 source proposal; finalization candidate; OM-R06=B; OM-R07=B; OM-R10=A"
"Züccaciye & Mutfak","Bıçak & Kesme Gereçleri","Kesme Tahtası","","YES","CANDIDATE_FOR_PRODUCT_OWNER_FINALIZATION","REGULATED","Züccaciye & Mutfak","See Züccaciye & Mutfak candidate facet registry; characteristics remain facets","See Züccaciye & Mutfak candidate synonym registry","YES","YES","Batch 01 source proposal; finalization candidate; OM-R06=B; OM-R07=B; OM-R10=A"
"Züccaciye & Mutfak","Bıçak & Kesme Gereçleri","Bıçak Bileme Gereçleri","","YES","CANDIDATE_FOR_PRODUCT_OWNER_FINALIZATION","REGULATED","Züccaciye & Mutfak","See Züccaciye & Mutfak candidate facet registry; characteristics remain facets","See Züccaciye & Mutfak candidate synonym registry","YES","YES","Batch 01 source proposal; finalization candidate; OM-R06=B; OM-R07=B; OM-R10=A"
"Züccaciye & Mutfak","Sofra & Yemek Takımları","","","NO","CANDIDATE_FOR_PRODUCT_OWNER_FINALIZATION","REGULATED","Züccaciye & Mutfak","See Züccaciye & Mutfak candidate facet registry; characteristics remain facets","See Züccaciye & Mutfak candidate synonym registry","YES","YES","Batch 01 source proposal; finalization candidate; OM-R06=B; OM-R07=B; OM-R10=A"
"Züccaciye & Mutfak","Sofra & Yemek Takımları","Tabaklar","","YES","CANDIDATE_FOR_PRODUCT_OWNER_FINALIZATION","REGULATED","Züccaciye & Mutfak","See Züccaciye & Mutfak candidate facet registry; characteristics remain facets","See Züccaciye & Mutfak candidate synonym registry","YES","YES","Batch 01 source proposal; finalization candidate; OM-R06=B; OM-R07=B; OM-R10=A"
"Züccaciye & Mutfak","Sofra & Yemek Takımları","Kaseler","","YES","CANDIDATE_FOR_PRODUCT_OWNER_FINALIZATION","REGULATED","Züccaciye & Mutfak","See Züccaciye & Mutfak candidate facet registry; characteristics remain facets","See Züccaciye & Mutfak candidate synonym registry","YES","YES","Batch 01 source proposal; finalization candidate; OM-R06=B; OM-R07=B; OM-R10=A"
"Züccaciye & Mutfak","Sofra & Yemek Takımları","Yemek & Kahvaltı Takımları","","YES","CANDIDATE_FOR_PRODUCT_OWNER_FINALIZATION","REGULATED","Züccaciye & Mutfak","See Züccaciye & Mutfak candidate facet registry; characteristics remain facets","See Züccaciye & Mutfak candidate synonym registry","YES","YES","Batch 01 source proposal; finalization candidate; OM-R06=B; OM-R07=B; OM-R10=A"
"Züccaciye & Mutfak","Sofra & Yemek Takımları","Sosluk & Sunum Kapları","","YES","CANDIDATE_FOR_PRODUCT_OWNER_FINALIZATION","REGULATED","Züccaciye & Mutfak","See Züccaciye & Mutfak candidate facet registry; characteristics remain facets","See Züccaciye & Mutfak candidate synonym registry","YES","YES","Batch 01 source proposal; finalization candidate; OM-R06=B; OM-R07=B; OM-R10=A"
"Züccaciye & Mutfak","Çatal, Kaşık & Servis Gereçleri","","","NO","CANDIDATE_FOR_PRODUCT_OWNER_FINALIZATION","REGULATED","Züccaciye & Mutfak","See Züccaciye & Mutfak candidate facet registry; characteristics remain facets","See Züccaciye & Mutfak candidate synonym registry","YES","YES","Batch 01 source proposal; finalization candidate; OM-R06=B; OM-R07=B; OM-R10=A"
"Züccaciye & Mutfak","Çatal, Kaşık & Servis Gereçleri","Sofra Çatal, Kaşık & Bıçakları","","YES","CANDIDATE_FOR_PRODUCT_OWNER_FINALIZATION","REGULATED","Züccaciye & Mutfak","See Züccaciye & Mutfak candidate facet registry; characteristics remain facets","See Züccaciye & Mutfak candidate synonym registry","YES","YES","Batch 01 source proposal; finalization candidate; OM-R06=B; OM-R07=B; OM-R10=A"
"Züccaciye & Mutfak","Çatal, Kaşık & Servis Gereçleri","Kepçe & Servis Kaşığı","","YES","CANDIDATE_FOR_PRODUCT_OWNER_FINALIZATION","REGULATED","Züccaciye & Mutfak","See Züccaciye & Mutfak candidate facet registry; characteristics remain facets","See Züccaciye & Mutfak candidate synonym registry","YES","YES","Batch 01 source proposal; finalization candidate; OM-R06=B; OM-R07=B; OM-R10=A"
"Züccaciye & Mutfak","Çatal, Kaşık & Servis Gereçleri","Maşa & Servis Aparatları","","YES","CANDIDATE_FOR_PRODUCT_OWNER_FINALIZATION","REGULATED","Züccaciye & Mutfak","See Züccaciye & Mutfak candidate facet registry; characteristics remain facets","See Züccaciye & Mutfak candidate synonym registry","YES","YES","Batch 01 source proposal; finalization candidate; OM-R06=B; OM-R07=B; OM-R10=A"
"Züccaciye & Mutfak","Çatal, Kaşık & Servis Gereçleri","Tepsi & Nihale","","YES","CANDIDATE_FOR_PRODUCT_OWNER_FINALIZATION","REGULATED","Züccaciye & Mutfak","See Züccaciye & Mutfak candidate facet registry; characteristics remain facets","See Züccaciye & Mutfak candidate synonym registry","YES","YES","Batch 01 source proposal; finalization candidate; OM-R06=B; OM-R07=B; OM-R10=A"
"Züccaciye & Mutfak","Bardak, Kupa & İçecek Servisi","","","NO","CANDIDATE_FOR_PRODUCT_OWNER_FINALIZATION","REGULATED","Züccaciye & Mutfak","See Züccaciye & Mutfak candidate facet registry; characteristics remain facets","See Züccaciye & Mutfak candidate synonym registry","YES","YES","Batch 01 source proposal; finalization candidate; OM-R06=B; OM-R07=B; OM-R10=A"
"Züccaciye & Mutfak","Bardak, Kupa & İçecek Servisi","Su & Meşrubat Bardakları","","YES","CANDIDATE_FOR_PRODUCT_OWNER_FINALIZATION","REGULATED","Züccaciye & Mutfak","See Züccaciye & Mutfak candidate facet registry; characteristics remain facets","See Züccaciye & Mutfak candidate synonym registry","YES","YES","Batch 01 source proposal; finalization candidate; OM-R06=B; OM-R07=B; OM-R10=A"
"Züccaciye & Mutfak","Bardak, Kupa & İçecek Servisi","Çay Bardağı & Fincan","","YES","CANDIDATE_FOR_PRODUCT_OWNER_FINALIZATION","REGULATED","Züccaciye & Mutfak","See Züccaciye & Mutfak candidate facet registry; characteristics remain facets","See Züccaciye & Mutfak candidate synonym registry","YES","YES","Batch 01 source proposal; finalization candidate; OM-R06=B; OM-R07=B; OM-R10=A"
"Züccaciye & Mutfak","Bardak, Kupa & İçecek Servisi","Kupa","","YES","CANDIDATE_FOR_PRODUCT_OWNER_FINALIZATION","REGULATED","Züccaciye & Mutfak","See Züccaciye & Mutfak candidate facet registry; characteristics remain facets","See Züccaciye & Mutfak candidate synonym registry","YES","YES","Batch 01 source proposal; finalization candidate; OM-R06=B; OM-R07=B; OM-R10=A"
"Züccaciye & Mutfak","Bardak, Kupa & İçecek Servisi","Sürahi & Karaf","","YES","CANDIDATE_FOR_PRODUCT_OWNER_FINALIZATION","REGULATED","Züccaciye & Mutfak","See Züccaciye & Mutfak candidate facet registry; characteristics remain facets","See Züccaciye & Mutfak candidate synonym registry","YES","YES","Batch 01 source proposal; finalization candidate; OM-R06=B; OM-R07=B; OM-R10=A"
"Züccaciye & Mutfak","Bardak, Kupa & İçecek Servisi","İçecek Takımları","","YES","CANDIDATE_FOR_PRODUCT_OWNER_FINALIZATION","REGULATED","Züccaciye & Mutfak","See Züccaciye & Mutfak candidate facet registry; characteristics remain facets","See Züccaciye & Mutfak candidate synonym registry","YES","YES","Batch 01 source proposal; finalization candidate; OM-R06=B; OM-R07=B; OM-R10=A"
"Züccaciye & Mutfak","Çay & Kahve Demleme Gereçleri","","","NO","CANDIDATE_FOR_PRODUCT_OWNER_FINALIZATION","REGULATED","Züccaciye & Mutfak","See Züccaciye & Mutfak candidate facet registry; characteristics remain facets","See Züccaciye & Mutfak candidate synonym registry","YES","YES","Batch 01 source proposal; finalization candidate; OM-R06=B; OM-R07=B; OM-R10=A"
"Züccaciye & Mutfak","Çay & Kahve Demleme Gereçleri","Çaydanlık","","YES","CANDIDATE_FOR_PRODUCT_OWNER_FINALIZATION","REGULATED","Züccaciye & Mutfak","See Züccaciye & Mutfak candidate facet registry; characteristics remain facets","See Züccaciye & Mutfak candidate synonym registry","YES","YES","Batch 01 source proposal; finalization candidate; OM-R06=B; OM-R07=B; OM-R10=A"
"Züccaciye & Mutfak","Çay & Kahve Demleme Gereçleri","Cezve","","YES","CANDIDATE_FOR_PRODUCT_OWNER_FINALIZATION","REGULATED","Züccaciye & Mutfak","See Züccaciye & Mutfak candidate facet registry; characteristics remain facets","See Züccaciye & Mutfak candidate synonym registry","YES","YES","Batch 01 source proposal; finalization candidate; OM-R06=B; OM-R07=B; OM-R10=A"
"Züccaciye & Mutfak","Çay & Kahve Demleme Gereçleri","French Press","","YES","CANDIDATE_FOR_PRODUCT_OWNER_FINALIZATION","REGULATED","Züccaciye & Mutfak","See Züccaciye & Mutfak candidate facet registry; characteristics remain facets","See Züccaciye & Mutfak candidate synonym registry","YES","YES","Batch 01 source proposal; finalization candidate; OM-R06=B; OM-R07=B; OM-R10=A"
"Züccaciye & Mutfak","Çay & Kahve Demleme Gereçleri","Moka Pot","","YES","CANDIDATE_FOR_PRODUCT_OWNER_FINALIZATION","REGULATED","Züccaciye & Mutfak","See Züccaciye & Mutfak candidate facet registry; characteristics remain facets","See Züccaciye & Mutfak candidate synonym registry","YES","YES","Batch 01 source proposal; finalization candidate; OM-R06=B; OM-R07=B; OM-R10=A"
"Züccaciye & Mutfak","Çay & Kahve Demleme Gereçleri","Pour-Over & Dripper","","YES","CANDIDATE_FOR_PRODUCT_OWNER_FINALIZATION","REGULATED","Züccaciye & Mutfak","See Züccaciye & Mutfak candidate facet registry; characteristics remain facets","See Züccaciye & Mutfak candidate synonym registry","YES","YES","Batch 01 source proposal; finalization candidate; OM-R06=B; OM-R07=B; OM-R10=A"
"Züccaciye & Mutfak","Çay & Kahve Demleme Gereçleri","Manuel Kahve Değirmeni","","YES","CANDIDATE_FOR_PRODUCT_OWNER_FINALIZATION","REGULATED","Züccaciye & Mutfak","See Züccaciye & Mutfak candidate facet registry; characteristics remain facets","See Züccaciye & Mutfak candidate synonym registry","YES","YES","Batch 01 source proposal; finalization candidate; OM-R06=B; OM-R07=B; OM-R10=A"
"Züccaciye & Mutfak","Saklama & Mutfak Düzenleme","","","NO","CANDIDATE_FOR_PRODUCT_OWNER_FINALIZATION","REGULATED","Züccaciye & Mutfak","See Züccaciye & Mutfak candidate facet registry; characteristics remain facets","See Züccaciye & Mutfak candidate synonym registry","YES","YES","Batch 01 source proposal; finalization candidate; OM-R06=B; OM-R07=B; OM-R10=A"
"Züccaciye & Mutfak","Saklama & Mutfak Düzenleme","Gıda Saklama Kapları","","YES","CANDIDATE_FOR_PRODUCT_OWNER_FINALIZATION","REGULATED","Züccaciye & Mutfak","See Züccaciye & Mutfak candidate facet registry; characteristics remain facets","See Züccaciye & Mutfak candidate synonym registry","YES","YES","Batch 01 source proposal; finalization candidate; OM-R06=B; OM-R07=B; OM-R10=A"
"Züccaciye & Mutfak","Saklama & Mutfak Düzenleme","Kavanozlar","","YES","CANDIDATE_FOR_PRODUCT_OWNER_FINALIZATION","REGULATED","Züccaciye & Mutfak","See Züccaciye & Mutfak candidate facet registry; characteristics remain facets","See Züccaciye & Mutfak candidate synonym registry","YES","YES","Batch 01 source proposal; finalization candidate; OM-R06=B; OM-R07=B; OM-R10=A"
"Züccaciye & Mutfak","Saklama & Mutfak Düzenleme","Baharatlık, Yağlık & Sirkelik","","YES","CANDIDATE_FOR_PRODUCT_OWNER_FINALIZATION","REGULATED","Züccaciye & Mutfak","See Züccaciye & Mutfak candidate facet registry; characteristics remain facets","See Züccaciye & Mutfak candidate synonym registry","YES","YES","Batch 01 source proposal; finalization candidate; OM-R06=B; OM-R07=B; OM-R10=A"
"Züccaciye & Mutfak","Saklama & Mutfak Düzenleme","Mutfak Düzenleyiciler","","YES","CANDIDATE_FOR_PRODUCT_OWNER_FINALIZATION","NORMAL","Züccaciye & Mutfak","See Züccaciye & Mutfak candidate facet registry; characteristics remain facets","See Züccaciye & Mutfak candidate synonym registry","YES","NO","Batch 01 source proposal; finalization candidate; OM-R06=B; OM-R07=B; OM-R10=A"
"Züccaciye & Mutfak","Saklama & Mutfak Düzenleme","Ekmek Kutusu","","YES","CANDIDATE_FOR_PRODUCT_OWNER_FINALIZATION","REGULATED","Züccaciye & Mutfak","See Züccaciye & Mutfak candidate facet registry; characteristics remain facets","See Züccaciye & Mutfak candidate synonym registry","YES","YES","Batch 01 source proposal; finalization candidate; OM-R06=B; OM-R07=B; OM-R10=A"
"Züccaciye & Mutfak","Termos, Matara & Yiyecek Taşıma","","","NO","CANDIDATE_FOR_PRODUCT_OWNER_FINALIZATION","REGULATED","Züccaciye & Mutfak","See Züccaciye & Mutfak candidate facet registry; characteristics remain facets","See Züccaciye & Mutfak candidate synonym registry","YES","YES","Batch 01 source proposal; finalization candidate; OM-R06=B; OM-R07=B; OM-R10=A"
"Züccaciye & Mutfak","Termos, Matara & Yiyecek Taşıma","Termos","","YES","CANDIDATE_FOR_PRODUCT_OWNER_FINALIZATION","REGULATED","Züccaciye & Mutfak","See Züccaciye & Mutfak candidate facet registry; characteristics remain facets","See Züccaciye & Mutfak candidate synonym registry","YES","YES","Batch 01 source proposal; finalization candidate; OM-R06=B; OM-R07=B; OM-R10=A"
"Züccaciye & Mutfak","Termos, Matara & Yiyecek Taşıma","Matara","","YES","CANDIDATE_FOR_PRODUCT_OWNER_FINALIZATION","REGULATED","Züccaciye & Mutfak","See Züccaciye & Mutfak candidate facet registry; characteristics remain facets","See Züccaciye & Mutfak candidate synonym registry","YES","YES","Batch 01 source proposal; finalization candidate; OM-R06=B; OM-R07=B; OM-R10=A"
"Züccaciye & Mutfak","Termos, Matara & Yiyecek Taşıma","Termal Kupa","","YES","CANDIDATE_FOR_PRODUCT_OWNER_FINALIZATION","REGULATED","Züccaciye & Mutfak","See Züccaciye & Mutfak candidate facet registry; characteristics remain facets","See Züccaciye & Mutfak candidate synonym registry","YES","YES","Batch 01 source proposal; finalization candidate; OM-R06=B; OM-R07=B; OM-R10=A"
"Züccaciye & Mutfak","Termos, Matara & Yiyecek Taşıma","Beslenme Kutusu","","YES","CANDIDATE_FOR_PRODUCT_OWNER_FINALIZATION","REGULATED","Züccaciye & Mutfak","See Züccaciye & Mutfak candidate facet registry; characteristics remain facets","See Züccaciye & Mutfak candidate synonym registry","YES","YES","Batch 01 source proposal; finalization candidate; OM-R06=B; OM-R07=B; OM-R10=A"
"Züccaciye & Mutfak","Termos, Matara & Yiyecek Taşıma","Sefer Tası","","YES","CANDIDATE_FOR_PRODUCT_OWNER_FINALIZATION","REGULATED","Züccaciye & Mutfak","See Züccaciye & Mutfak candidate facet registry; characteristics remain facets","See Züccaciye & Mutfak candidate synonym registry","YES","YES","Batch 01 source proposal; finalization candidate; OM-R06=B; OM-R07=B; OM-R10=A"
"Züccaciye & Mutfak","Termos, Matara & Yiyecek Taşıma","Tüketici Tipi Soğutucu Çanta","","YES","CANDIDATE_FOR_PRODUCT_OWNER_FINALIZATION","REGULATED","Züccaciye & Mutfak","See Züccaciye & Mutfak candidate facet registry; characteristics remain facets","See Züccaciye & Mutfak candidate synonym registry","YES","YES","Batch 01 source proposal; finalization candidate; OM-R06=B; OM-R07=B; OM-R10=A"
"Züccaciye & Mutfak","Mutfak Tekstili","","","NO","CANDIDATE_FOR_PRODUCT_OWNER_FINALIZATION","NORMAL","Züccaciye & Mutfak","See Züccaciye & Mutfak candidate facet registry; characteristics remain facets","See Züccaciye & Mutfak candidate synonym registry","YES","YES","Batch 01 source proposal; finalization candidate; OM-R06=B; OM-R07=B; OM-R10=A"
"Züccaciye & Mutfak","Mutfak Tekstili","Mutfak Önlüğü","","YES","CANDIDATE_FOR_PRODUCT_OWNER_FINALIZATION","NORMAL","Züccaciye & Mutfak","See Züccaciye & Mutfak candidate facet registry; characteristics remain facets","See Züccaciye & Mutfak candidate synonym registry","YES","NO","Batch 01 source proposal; finalization candidate; OM-R06=B; OM-R07=B; OM-R10=A"
"Züccaciye & Mutfak","Mutfak Tekstili","Mutfak Havlusu & Kurulama Bezi","","YES","CANDIDATE_FOR_PRODUCT_OWNER_FINALIZATION","NORMAL","Züccaciye & Mutfak","See Züccaciye & Mutfak candidate facet registry; characteristics remain facets","See Züccaciye & Mutfak candidate synonym registry","YES","NO","Batch 01 source proposal; finalization candidate; OM-R06=B; OM-R07=B; OM-R10=A"
"Züccaciye & Mutfak","Mutfak Tekstili","Fırın Eldiveni & Tutacak","","YES","CANDIDATE_FOR_PRODUCT_OWNER_FINALIZATION","NORMAL","Züccaciye & Mutfak","See Züccaciye & Mutfak candidate facet registry; characteristics remain facets","See Züccaciye & Mutfak candidate synonym registry","YES","YES","Batch 01 source proposal; finalization candidate; OM-R06=B; OM-R07=B; OM-R10=A"
"Züccaciye & Mutfak","Mutfak Tekstili","Masa Örtüsü, Runner & Peçete","","YES","CANDIDATE_FOR_PRODUCT_OWNER_FINALIZATION","NORMAL","Züccaciye & Mutfak","See Züccaciye & Mutfak candidate facet registry; characteristics remain facets","See Züccaciye & Mutfak candidate synonym registry","YES","NO","Batch 01 source proposal; finalization candidate; OM-R06=B; OM-R07=B; OM-R10=A"
"Yapı, Hırdavat & Tesisat","El Aletleri & Atölye Ekipmanları","","","NO","CANDIDATE_FOR_PRODUCT_OWNER_FINALIZATION","NORMAL","Yapı, Hırdavat & Tesisat","See Yapı, Hırdavat & Tesisat candidate facet registry; characteristics remain facets","See Yapı, Hırdavat & Tesisat candidate synonym registry","YES","NO","Batch 01 source proposal; finalization candidate; OM-R06=B; OM-R07=B; OM-R10=A"
"Yapı, Hırdavat & Tesisat","El Aletleri & Atölye Ekipmanları","Tornavida & Anahtarlar","","YES","CANDIDATE_FOR_PRODUCT_OWNER_FINALIZATION","NORMAL","Yapı, Hırdavat & Tesisat","See Yapı, Hırdavat & Tesisat candidate facet registry; characteristics remain facets","See Yapı, Hırdavat & Tesisat candidate synonym registry","YES","NO","Batch 01 source proposal; finalization candidate; OM-R06=B; OM-R07=B; OM-R10=A"
"Yapı, Hırdavat & Tesisat","El Aletleri & Atölye Ekipmanları","Pense, Kerpeten & Kesiciler","","YES","CANDIDATE_FOR_PRODUCT_OWNER_FINALIZATION","NORMAL","Yapı, Hırdavat & Tesisat","See Yapı, Hırdavat & Tesisat candidate facet registry; characteristics remain facets","See Yapı, Hırdavat & Tesisat candidate synonym registry","YES","NO","Batch 01 source proposal; finalization candidate; OM-R06=B; OM-R07=B; OM-R10=A"
"Yapı, Hırdavat & Tesisat","El Aletleri & Atölye Ekipmanları","Çekiç & Tokmaklar","","YES","CANDIDATE_FOR_PRODUCT_OWNER_FINALIZATION","NORMAL","Yapı, Hırdavat & Tesisat","See Yapı, Hırdavat & Tesisat candidate facet registry; characteristics remain facets","See Yapı, Hırdavat & Tesisat candidate synonym registry","YES","NO","Batch 01 source proposal; finalization candidate; OM-R06=B; OM-R07=B; OM-R10=A"
"Yapı, Hırdavat & Tesisat","El Aletleri & Atölye Ekipmanları","El Testeresi, Eğe & Raspalar","","YES","CANDIDATE_FOR_PRODUCT_OWNER_FINALIZATION","NORMAL","Yapı, Hırdavat & Tesisat","See Yapı, Hırdavat & Tesisat candidate facet registry; characteristics remain facets","See Yapı, Hırdavat & Tesisat candidate synonym registry","YES","NO","Batch 01 source proposal; finalization candidate; OM-R06=B; OM-R07=B; OM-R10=A"
"Yapı, Hırdavat & Tesisat","El Aletleri & Atölye Ekipmanları","Mengene & Kelepçeler","","YES","CANDIDATE_FOR_PRODUCT_OWNER_FINALIZATION","NORMAL","Yapı, Hırdavat & Tesisat","See Yapı, Hırdavat & Tesisat candidate facet registry; characteristics remain facets","See Yapı, Hırdavat & Tesisat candidate synonym registry","YES","NO","Batch 01 source proposal; finalization candidate; OM-R06=B; OM-R07=B; OM-R10=A"
"Yapı, Hırdavat & Tesisat","El Aletleri & Atölye Ekipmanları","Takım Çantası & Atölye Düzenleme","","YES","CANDIDATE_FOR_PRODUCT_OWNER_FINALIZATION","NORMAL","Yapı, Hırdavat & Tesisat","See Yapı, Hırdavat & Tesisat candidate facet registry; characteristics remain facets","See Yapı, Hırdavat & Tesisat candidate synonym registry","YES","NO","Batch 01 source proposal; finalization candidate; OM-R06=B; OM-R07=B; OM-R10=A"
"Yapı, Hırdavat & Tesisat","Elektrikli & Akülü El Aletleri","","","NO","CANDIDATE_FOR_PRODUCT_OWNER_FINALIZATION","REGULATED","Yapı, Hırdavat & Tesisat","See Yapı, Hırdavat & Tesisat candidate facet registry; characteristics remain facets","See Yapı, Hırdavat & Tesisat candidate synonym registry","YES","YES","Batch 01 source proposal; finalization candidate; OM-R06=B; OM-R07=B; OM-R10=A"
"Yapı, Hırdavat & Tesisat","Elektrikli & Akülü El Aletleri","Matkap & Vidalama","","YES","CANDIDATE_FOR_PRODUCT_OWNER_FINALIZATION","REGULATED","Yapı, Hırdavat & Tesisat","See Yapı, Hırdavat & Tesisat candidate facet registry; characteristics remain facets","See Yapı, Hırdavat & Tesisat candidate synonym registry","YES","YES","Batch 01 source proposal; finalization candidate; OM-R06=B; OM-R07=B; OM-R10=A"
"Yapı, Hırdavat & Tesisat","Elektrikli & Akülü El Aletleri","Taşlama & Polisaj","","YES","CANDIDATE_FOR_PRODUCT_OWNER_FINALIZATION","REGULATED","Yapı, Hırdavat & Tesisat","See Yapı, Hırdavat & Tesisat candidate facet registry; characteristics remain facets","See Yapı, Hırdavat & Tesisat candidate synonym registry","YES","YES","Batch 01 source proposal; finalization candidate; OM-R06=B; OM-R07=B; OM-R10=A"
"Yapı, Hırdavat & Tesisat","Elektrikli & Akülü El Aletleri","Elektrikli Testereler","","YES","CANDIDATE_FOR_PRODUCT_OWNER_FINALIZATION","REGULATED","Yapı, Hırdavat & Tesisat","See Yapı, Hırdavat & Tesisat candidate facet registry; characteristics remain facets","See Yapı, Hırdavat & Tesisat candidate synonym registry","YES","YES","Batch 01 source proposal; finalization candidate; OM-R06=B; OM-R07=B; OM-R10=A"
"Yapı, Hırdavat & Tesisat","Elektrikli & Akülü El Aletleri","Zımpara Makineleri","","YES","CANDIDATE_FOR_PRODUCT_OWNER_FINALIZATION","REGULATED","Yapı, Hırdavat & Tesisat","See Yapı, Hırdavat & Tesisat candidate facet registry; characteristics remain facets","See Yapı, Hırdavat & Tesisat candidate synonym registry","YES","YES","Batch 01 source proposal; finalization candidate; OM-R06=B; OM-R07=B; OM-R10=A"
"Yapı, Hırdavat & Tesisat","Elektrikli & Akülü El Aletleri","Freze & Planya","","YES","CANDIDATE_FOR_PRODUCT_OWNER_FINALIZATION","REGULATED","Yapı, Hırdavat & Tesisat","See Yapı, Hırdavat & Tesisat candidate facet registry; characteristics remain facets","See Yapı, Hırdavat & Tesisat candidate synonym registry","YES","YES","Batch 01 source proposal; finalization candidate; OM-R06=B; OM-R07=B; OM-R10=A"
"Yapı, Hırdavat & Tesisat","Elektrikli & Akülü El Aletleri","Kompresör & Pnömatik Aletler","","YES","CANDIDATE_FOR_PRODUCT_OWNER_FINALIZATION","REGULATED","Yapı, Hırdavat & Tesisat","See Yapı, Hırdavat & Tesisat candidate facet registry; characteristics remain facets","See Yapı, Hırdavat & Tesisat candidate synonym registry","YES","YES","Batch 01 source proposal; finalization candidate; OM-R06=B; OM-R07=B; OM-R10=A"
"Yapı, Hırdavat & Tesisat","Alet Uçları, Aksesuarları & Sarfları","","","NO","CANDIDATE_FOR_PRODUCT_OWNER_FINALIZATION","REGULATED","Yapı, Hırdavat & Tesisat","See Yapı, Hırdavat & Tesisat candidate facet registry; characteristics remain facets","See Yapı, Hırdavat & Tesisat candidate synonym registry","YES","YES","Batch 01 source proposal; finalization candidate; OM-R06=B; OM-R07=B; OM-R10=A"
"Yapı, Hırdavat & Tesisat","Alet Uçları, Aksesuarları & Sarfları","Matkap Uçları","","YES","CANDIDATE_FOR_PRODUCT_OWNER_FINALIZATION","NORMAL","Yapı, Hırdavat & Tesisat","See Yapı, Hırdavat & Tesisat candidate facet registry; characteristics remain facets","See Yapı, Hırdavat & Tesisat candidate synonym registry","YES","NO","Batch 01 source proposal; finalization candidate; OM-R06=B; OM-R07=B; OM-R10=A"
"Yapı, Hırdavat & Tesisat","Alet Uçları, Aksesuarları & Sarfları","Vidalama Uçları","","YES","CANDIDATE_FOR_PRODUCT_OWNER_FINALIZATION","NORMAL","Yapı, Hırdavat & Tesisat","See Yapı, Hırdavat & Tesisat candidate facet registry; characteristics remain facets","See Yapı, Hırdavat & Tesisat candidate synonym registry","YES","NO","Batch 01 source proposal; finalization candidate; OM-R06=B; OM-R07=B; OM-R10=A"
"Yapı, Hırdavat & Tesisat","Alet Uçları, Aksesuarları & Sarfları","Testere Bıçakları","","YES","CANDIDATE_FOR_PRODUCT_OWNER_FINALIZATION","REGULATED","Yapı, Hırdavat & Tesisat","See Yapı, Hırdavat & Tesisat candidate facet registry; characteristics remain facets","See Yapı, Hırdavat & Tesisat candidate synonym registry","YES","YES","Batch 01 source proposal; finalization candidate; OM-R06=B; OM-R07=B; OM-R10=A"
"Yapı, Hırdavat & Tesisat","Alet Uçları, Aksesuarları & Sarfları","Taşlama & Kesme Diskleri","","YES","CANDIDATE_FOR_PRODUCT_OWNER_FINALIZATION","REGULATED","Yapı, Hırdavat & Tesisat","See Yapı, Hırdavat & Tesisat candidate facet registry; characteristics remain facets","See Yapı, Hırdavat & Tesisat candidate synonym registry","YES","YES","Batch 01 source proposal; finalization candidate; OM-R06=B; OM-R07=B; OM-R10=A"
"Yapı, Hırdavat & Tesisat","Alet Uçları, Aksesuarları & Sarfları","Zımpara Sarfları","","YES","CANDIDATE_FOR_PRODUCT_OWNER_FINALIZATION","NORMAL","Yapı, Hırdavat & Tesisat","See Yapı, Hırdavat & Tesisat candidate facet registry; characteristics remain facets","See Yapı, Hırdavat & Tesisat candidate synonym registry","YES","NO","Batch 01 source proposal; finalization candidate; OM-R06=B; OM-R07=B; OM-R10=A"
"Yapı, Hırdavat & Tesisat","Alet Uçları, Aksesuarları & Sarfları","Alete Özgü Batarya & Şarj Cihazı","","YES","CANDIDATE_FOR_PRODUCT_OWNER_FINALIZATION","REGULATED","Yapı, Hırdavat & Tesisat","See Yapı, Hırdavat & Tesisat candidate facet registry; characteristics remain facets","See Yapı, Hırdavat & Tesisat candidate synonym registry","YES","YES","Batch 01 source proposal; finalization candidate; OM-R06=B; OM-R07=B; OM-R10=A"
"Yapı, Hırdavat & Tesisat","Bağlantı Elemanları & Nalburiye","","","NO","CANDIDATE_FOR_PRODUCT_OWNER_FINALIZATION","NORMAL","Yapı, Hırdavat & Tesisat","See Yapı, Hırdavat & Tesisat candidate facet registry; characteristics remain facets","See Yapı, Hırdavat & Tesisat candidate synonym registry","YES","YES","Batch 01 source proposal; finalization candidate; OM-R06=B; OM-R07=B; OM-R10=A"
"Yapı, Hırdavat & Tesisat","Bağlantı Elemanları & Nalburiye","Vida, Çivi & Dübel","","YES","CANDIDATE_FOR_PRODUCT_OWNER_FINALIZATION","NORMAL","Yapı, Hırdavat & Tesisat","See Yapı, Hırdavat & Tesisat candidate facet registry; characteristics remain facets","See Yapı, Hırdavat & Tesisat candidate synonym registry","YES","NO","Batch 01 source proposal; finalization candidate; OM-R06=B; OM-R07=B; OM-R10=A"
"Yapı, Hırdavat & Tesisat","Bağlantı Elemanları & Nalburiye","Somun, Cıvata & Rondela","","YES","CANDIDATE_FOR_PRODUCT_OWNER_FINALIZATION","NORMAL","Yapı, Hırdavat & Tesisat","See Yapı, Hırdavat & Tesisat candidate facet registry; characteristics remain facets","See Yapı, Hırdavat & Tesisat candidate synonym registry","YES","NO","Batch 01 source proposal; finalization candidate; OM-R06=B; OM-R07=B; OM-R10=A"
"Yapı, Hırdavat & Tesisat","Bağlantı Elemanları & Nalburiye","Halat, Zincir & Kanca","","YES","CANDIDATE_FOR_PRODUCT_OWNER_FINALIZATION","NORMAL","Yapı, Hırdavat & Tesisat","See Yapı, Hırdavat & Tesisat candidate facet registry; characteristics remain facets","See Yapı, Hırdavat & Tesisat candidate synonym registry","YES","YES","Batch 01 source proposal; finalization candidate; OM-R06=B; OM-R07=B; OM-R10=A"
"Yapı, Hırdavat & Tesisat","Bağlantı Elemanları & Nalburiye","Köşebent, Plaka & Montaj Elemanları","","YES","CANDIDATE_FOR_PRODUCT_OWNER_FINALIZATION","NORMAL","Yapı, Hırdavat & Tesisat","See Yapı, Hırdavat & Tesisat candidate facet registry; characteristics remain facets","See Yapı, Hırdavat & Tesisat candidate synonym registry","YES","NO","Batch 01 source proposal; finalization candidate; OM-R06=B; OM-R07=B; OM-R10=A"
"Yapı, Hırdavat & Tesisat","Bağlantı Elemanları & Nalburiye","Zımba & Perçin","","YES","CANDIDATE_FOR_PRODUCT_OWNER_FINALIZATION","NORMAL","Yapı, Hırdavat & Tesisat","See Yapı, Hırdavat & Tesisat candidate facet registry; characteristics remain facets","See Yapı, Hırdavat & Tesisat candidate synonym registry","YES","NO","Batch 01 source proposal; finalization candidate; OM-R06=B; OM-R07=B; OM-R10=A"
"Yapı, Hırdavat & Tesisat","Ölçüm, Test & İşaretleme","","","NO","CANDIDATE_FOR_PRODUCT_OWNER_FINALIZATION","REGULATED","Yapı, Hırdavat & Tesisat","See Yapı, Hırdavat & Tesisat candidate facet registry; characteristics remain facets","See Yapı, Hırdavat & Tesisat candidate synonym registry","YES","YES","Batch 01 source proposal; finalization candidate; OM-R06=B; OM-R07=B; OM-R10=A"
"Yapı, Hırdavat & Tesisat","Ölçüm, Test & İşaretleme","Boyut & Açı Ölçümü","","YES","CANDIDATE_FOR_PRODUCT_OWNER_FINALIZATION","NORMAL","Yapı, Hırdavat & Tesisat","See Yapı, Hırdavat & Tesisat candidate facet registry; characteristics remain facets","See Yapı, Hırdavat & Tesisat candidate synonym registry","YES","NO","Batch 01 source proposal; finalization candidate; OM-R06=B; OM-R07=B; OM-R10=A"
"Yapı, Hırdavat & Tesisat","Ölçüm, Test & İşaretleme","Lazer Ölçüm & Terazi","","YES","CANDIDATE_FOR_PRODUCT_OWNER_FINALIZATION","REGULATED","Yapı, Hırdavat & Tesisat","See Yapı, Hırdavat & Tesisat candidate facet registry; characteristics remain facets","See Yapı, Hırdavat & Tesisat candidate synonym registry","YES","YES","Batch 01 source proposal; finalization candidate; OM-R06=B; OM-R07=B; OM-R10=A"
"Yapı, Hırdavat & Tesisat","Ölçüm, Test & İşaretleme","Elektrik Test Cihazları","","YES","CANDIDATE_FOR_PRODUCT_OWNER_FINALIZATION","REGULATED","Yapı, Hırdavat & Tesisat","See Yapı, Hırdavat & Tesisat candidate facet registry; characteristics remain facets","See Yapı, Hırdavat & Tesisat candidate synonym registry","YES","YES","Batch 01 source proposal; finalization candidate; OM-R06=B; OM-R07=B; OM-R10=A"
"Yapı, Hırdavat & Tesisat","Ölçüm, Test & İşaretleme","İşaretleme Gereçleri","","YES","CANDIDATE_FOR_PRODUCT_OWNER_FINALIZATION","NORMAL","Yapı, Hırdavat & Tesisat","See Yapı, Hırdavat & Tesisat candidate facet registry; characteristics remain facets","See Yapı, Hırdavat & Tesisat candidate synonym registry","YES","NO","Batch 01 source proposal; finalization candidate; OM-R06=B; OM-R07=B; OM-R10=A"
"Yapı, Hırdavat & Tesisat","Boya, Kaplama & Yüzey Hazırlama","","","NO","CANDIDATE_FOR_PRODUCT_OWNER_FINALIZATION","REGULATED","Yapı, Hırdavat & Tesisat","See Yapı, Hırdavat & Tesisat candidate facet registry; characteristics remain facets","See Yapı, Hırdavat & Tesisat candidate synonym registry","YES","YES","Batch 01 source proposal; finalization candidate; OM-R06=B; OM-R07=B; OM-R10=A"
"Yapı, Hırdavat & Tesisat","Boya, Kaplama & Yüzey Hazırlama","Boyalar","","NO","CANDIDATE_FOR_PRODUCT_OWNER_FINALIZATION","REGULATED","Yapı, Hırdavat & Tesisat","See Yapı, Hırdavat & Tesisat candidate facet registry; characteristics remain facets","See Yapı, Hırdavat & Tesisat candidate synonym registry","YES","YES","Batch 01 source proposal; finalization candidate; OM-R06=B; OM-R07=B; OM-R10=A"
"Yapı, Hırdavat & Tesisat","Boya, Kaplama & Yüzey Hazırlama","Boyalar","Duvar Boyası","YES","CANDIDATE_FOR_PRODUCT_OWNER_FINALIZATION","REGULATED","Yapı, Hırdavat & Tesisat","See Yapı, Hırdavat & Tesisat candidate facet registry; characteristics remain facets","See Yapı, Hırdavat & Tesisat candidate synonym registry","YES","YES","Batch 01 source proposal; finalization candidate; OM-R06=B; OM-R07=B; OM-R10=A"
"Yapı, Hırdavat & Tesisat","Boya, Kaplama & Yüzey Hazırlama","Boyalar","Ahşap & Metal Boyası","YES","CANDIDATE_FOR_PRODUCT_OWNER_FINALIZATION","REGULATED","Yapı, Hırdavat & Tesisat","See Yapı, Hırdavat & Tesisat candidate facet registry; characteristics remain facets","See Yapı, Hırdavat & Tesisat candidate synonym registry","YES","YES","Batch 01 source proposal; finalization candidate; OM-R06=B; OM-R07=B; OM-R10=A"
"Yapı, Hırdavat & Tesisat","Boya, Kaplama & Yüzey Hazırlama","Astar & Koruyucu Kaplama","","YES","CANDIDATE_FOR_PRODUCT_OWNER_FINALIZATION","REGULATED","Yapı, Hırdavat & Tesisat","See Yapı, Hırdavat & Tesisat candidate facet registry; characteristics remain facets","See Yapı, Hırdavat & Tesisat candidate synonym registry","YES","YES","Batch 01 source proposal; finalization candidate; OM-R06=B; OM-R07=B; OM-R10=A"
"Yapı, Hırdavat & Tesisat","Boya, Kaplama & Yüzey Hazırlama","Fırça, Rulo & Boya Aparatı","","YES","CANDIDATE_FOR_PRODUCT_OWNER_FINALIZATION","NORMAL","Yapı, Hırdavat & Tesisat","See Yapı, Hırdavat & Tesisat candidate facet registry; characteristics remain facets","See Yapı, Hırdavat & Tesisat candidate synonym registry","YES","NO","Batch 01 source proposal; finalization candidate; OM-R06=B; OM-R07=B; OM-R10=A"
"Yapı, Hırdavat & Tesisat","Boya, Kaplama & Yüzey Hazırlama","Zımpara & Yüzey Hazırlama","","YES","CANDIDATE_FOR_PRODUCT_OWNER_FINALIZATION","NORMAL","Yapı, Hırdavat & Tesisat","See Yapı, Hırdavat & Tesisat candidate facet registry; characteristics remain facets","See Yapı, Hırdavat & Tesisat candidate synonym registry","YES","NO","Batch 01 source proposal; finalization candidate; OM-R06=B; OM-R07=B; OM-R10=A"
"Yapı, Hırdavat & Tesisat","Boya, Kaplama & Yüzey Hazırlama","Maskeleme & Yüzey Koruma","","YES","CANDIDATE_FOR_PRODUCT_OWNER_FINALIZATION","NORMAL","Yapı, Hırdavat & Tesisat","See Yapı, Hırdavat & Tesisat candidate facet registry; characteristics remain facets","See Yapı, Hırdavat & Tesisat candidate synonym registry","YES","NO","Batch 01 source proposal; finalization candidate; OM-R06=B; OM-R07=B; OM-R10=A"
"Yapı, Hırdavat & Tesisat","Yapıştırıcı, Dolgu & Yapı Kimyasalları","","","NO","CANDIDATE_FOR_PRODUCT_OWNER_FINALIZATION","LEGAL_REVIEW_REQUIRED","Yapı, Hırdavat & Tesisat","See Yapı, Hırdavat & Tesisat candidate facet registry; characteristics remain facets","See Yapı, Hırdavat & Tesisat candidate synonym registry","YES","YES","Batch 01 source proposal; finalization candidate; OM-R06=B; OM-R07=B; OM-R10=A"
"Yapı, Hırdavat & Tesisat","Yapıştırıcı, Dolgu & Yapı Kimyasalları","Genel Amaçlı Yapıştırıcı","","YES","CANDIDATE_FOR_PRODUCT_OWNER_FINALIZATION","REGULATED","Yapı, Hırdavat & Tesisat","See Yapı, Hırdavat & Tesisat candidate facet registry; characteristics remain facets","See Yapı, Hırdavat & Tesisat candidate synonym registry","YES","YES","Batch 01 source proposal; finalization candidate; OM-R06=B; OM-R07=B; OM-R10=A"
"Yapı, Hırdavat & Tesisat","Yapıştırıcı, Dolgu & Yapı Kimyasalları","Yapı Yapıştırıcısı","","YES","CANDIDATE_FOR_PRODUCT_OWNER_FINALIZATION","REGULATED","Yapı, Hırdavat & Tesisat","See Yapı, Hırdavat & Tesisat candidate facet registry; characteristics remain facets","See Yapı, Hırdavat & Tesisat candidate synonym registry","YES","YES","Batch 01 source proposal; finalization candidate; OM-R06=B; OM-R07=B; OM-R10=A"
"Yapı, Hırdavat & Tesisat","Yapıştırıcı, Dolgu & Yapı Kimyasalları","Silikon & Mastik","","YES","CANDIDATE_FOR_PRODUCT_OWNER_FINALIZATION","REGULATED","Yapı, Hırdavat & Tesisat","See Yapı, Hırdavat & Tesisat candidate facet registry; characteristics remain facets","See Yapı, Hırdavat & Tesisat candidate synonym registry","YES","YES","Batch 01 source proposal; finalization candidate; OM-R06=B; OM-R07=B; OM-R10=A"
"Yapı, Hırdavat & Tesisat","Yapıştırıcı, Dolgu & Yapı Kimyasalları","Derz & Dolgu","","YES","CANDIDATE_FOR_PRODUCT_OWNER_FINALIZATION","REGULATED","Yapı, Hırdavat & Tesisat","See Yapı, Hırdavat & Tesisat candidate facet registry; characteristics remain facets","See Yapı, Hırdavat & Tesisat candidate synonym registry","YES","YES","Batch 01 source proposal; finalization candidate; OM-R06=B; OM-R07=B; OM-R10=A"
"Yapı, Hırdavat & Tesisat","Yapıştırıcı, Dolgu & Yapı Kimyasalları","Su Yalıtım Kimyasalları","","YES","CANDIDATE_FOR_PRODUCT_OWNER_FINALIZATION","REGULATED","Yapı, Hırdavat & Tesisat","See Yapı, Hırdavat & Tesisat candidate facet registry; characteristics remain facets","See Yapı, Hırdavat & Tesisat candidate synonym registry","YES","YES","Batch 01 source proposal; finalization candidate; OM-R06=B; OM-R07=B; OM-R10=A"
"Yapı, Hırdavat & Tesisat","Yapıştırıcı, Dolgu & Yapı Kimyasalları","Teknik Sprey & Solvent","","YES","CANDIDATE_FOR_PRODUCT_OWNER_FINALIZATION","LEGAL_REVIEW_REQUIRED","Yapı, Hırdavat & Tesisat","See Yapı, Hırdavat & Tesisat candidate facet registry; characteristics remain facets","See Yapı, Hırdavat & Tesisat candidate synonym registry","YES","YES","Batch 01 source proposal; finalization candidate; OM-R06=B; OM-R07=B; OM-R10=A"
"Yapı, Hırdavat & Tesisat","Yapı Malzemeleri","","","NO","CANDIDATE_FOR_PRODUCT_OWNER_FINALIZATION","REGULATED","Yapı, Hırdavat & Tesisat","See Yapı, Hırdavat & Tesisat candidate facet registry; characteristics remain facets","See Yapı, Hırdavat & Tesisat candidate synonym registry","YES","YES","Batch 01 source proposal; finalization candidate; OM-R06=B; OM-R07=B; OM-R10=A"
"Yapı, Hırdavat & Tesisat","Yapı Malzemeleri","Çimento, Harç & Sıva","","YES","CANDIDATE_FOR_PRODUCT_OWNER_FINALIZATION","REGULATED","Yapı, Hırdavat & Tesisat","See Yapı, Hırdavat & Tesisat candidate facet registry; characteristics remain facets","See Yapı, Hırdavat & Tesisat candidate synonym registry","YES","YES","Batch 01 source proposal; finalization candidate; OM-R06=B; OM-R07=B; OM-R10=A"
"Yapı, Hırdavat & Tesisat","Yapı Malzemeleri","Tuğla & Blok","","YES","CANDIDATE_FOR_PRODUCT_OWNER_FINALIZATION","REGULATED","Yapı, Hırdavat & Tesisat","See Yapı, Hırdavat & Tesisat candidate facet registry; characteristics remain facets","See Yapı, Hırdavat & Tesisat candidate synonym registry","YES","YES","Batch 01 source proposal; finalization candidate; OM-R06=B; OM-R07=B; OM-R10=A"
"Yapı, Hırdavat & Tesisat","Yapı Malzemeleri","Levha & Panel","","YES","CANDIDATE_FOR_PRODUCT_OWNER_FINALIZATION","REGULATED","Yapı, Hırdavat & Tesisat","See Yapı, Hırdavat & Tesisat candidate facet registry; characteristics remain facets","See Yapı, Hırdavat & Tesisat candidate synonym registry","YES","YES","Batch 01 source proposal; finalization candidate; OM-R06=B; OM-R07=B; OM-R10=A"
"Yapı, Hırdavat & Tesisat","Yapı Malzemeleri","Seramik & Zemin Kaplama","","YES","CANDIDATE_FOR_PRODUCT_OWNER_FINALIZATION","REGULATED","Yapı, Hırdavat & Tesisat","See Yapı, Hırdavat & Tesisat candidate facet registry; characteristics remain facets","See Yapı, Hırdavat & Tesisat candidate synonym registry","YES","YES","Batch 01 source proposal; finalization candidate; OM-R06=B; OM-R07=B; OM-R10=A"
"Yapı, Hırdavat & Tesisat","Yapı Malzemeleri","Isı & Ses Yalıtımı","","YES","CANDIDATE_FOR_PRODUCT_OWNER_FINALIZATION","REGULATED","Yapı, Hırdavat & Tesisat","See Yapı, Hırdavat & Tesisat candidate facet registry; characteristics remain facets","See Yapı, Hırdavat & Tesisat candidate synonym registry","YES","YES","Batch 01 source proposal; finalization candidate; OM-R06=B; OM-R07=B; OM-R10=A"
"Yapı, Hırdavat & Tesisat","Yapı Malzemeleri","Çatı & Su Yalıtım Malzemeleri","","YES","CANDIDATE_FOR_PRODUCT_OWNER_FINALIZATION","REGULATED","Yapı, Hırdavat & Tesisat","See Yapı, Hırdavat & Tesisat candidate facet registry; characteristics remain facets","See Yapı, Hırdavat & Tesisat candidate synonym registry","YES","YES","Batch 01 source proposal; finalization candidate; OM-R06=B; OM-R07=B; OM-R10=A"
"Yapı, Hırdavat & Tesisat","Su Tesisatı & Armatürler","","","NO","CANDIDATE_FOR_PRODUCT_OWNER_FINALIZATION","REGULATED","Yapı, Hırdavat & Tesisat","See Yapı, Hırdavat & Tesisat candidate facet registry; characteristics remain facets","See Yapı, Hırdavat & Tesisat candidate synonym registry","YES","YES","Batch 01 source proposal; finalization candidate; OM-R06=B; OM-R07=B; OM-R10=A"
"Yapı, Hırdavat & Tesisat","Su Tesisatı & Armatürler","Musluk, Batarya & Duş Sistemleri","","YES","CANDIDATE_FOR_PRODUCT_OWNER_FINALIZATION","REGULATED","Yapı, Hırdavat & Tesisat","See Yapı, Hırdavat & Tesisat candidate facet registry; characteristics remain facets","See Yapı, Hırdavat & Tesisat candidate synonym registry","YES","YES","Batch 01 source proposal; finalization candidate; OM-R06=B; OM-R07=B; OM-R10=A"
"Yapı, Hırdavat & Tesisat","Su Tesisatı & Armatürler","Vitrifiye & Sıhhi Ürünler","","YES","CANDIDATE_FOR_PRODUCT_OWNER_FINALIZATION","REGULATED","Yapı, Hırdavat & Tesisat","See Yapı, Hırdavat & Tesisat candidate facet registry; characteristics remain facets","See Yapı, Hırdavat & Tesisat candidate synonym registry","YES","YES","Batch 01 source proposal; finalization candidate; OM-R06=B; OM-R07=B; OM-R10=A"
"Yapı, Hırdavat & Tesisat","Su Tesisatı & Armatürler","Boru & Hortum","","YES","CANDIDATE_FOR_PRODUCT_OWNER_FINALIZATION","REGULATED","Yapı, Hırdavat & Tesisat","See Yapı, Hırdavat & Tesisat candidate facet registry; characteristics remain facets","See Yapı, Hırdavat & Tesisat candidate synonym registry","YES","YES","Batch 01 source proposal; finalization candidate; OM-R06=B; OM-R07=B; OM-R10=A"
"Yapı, Hırdavat & Tesisat","Su Tesisatı & Armatürler","Fittings & Bağlantı Parçaları","","YES","CANDIDATE_FOR_PRODUCT_OWNER_FINALIZATION","REGULATED","Yapı, Hırdavat & Tesisat","See Yapı, Hırdavat & Tesisat candidate facet registry; characteristics remain facets","See Yapı, Hırdavat & Tesisat candidate synonym registry","YES","YES","Batch 01 source proposal; finalization candidate; OM-R06=B; OM-R07=B; OM-R10=A"
"Yapı, Hırdavat & Tesisat","Su Tesisatı & Armatürler","Vana & Kontrol Elemanları","","YES","CANDIDATE_FOR_PRODUCT_OWNER_FINALIZATION","REGULATED","Yapı, Hırdavat & Tesisat","See Yapı, Hırdavat & Tesisat candidate facet registry; characteristics remain facets","See Yapı, Hırdavat & Tesisat candidate synonym registry","YES","YES","Batch 01 source proposal; finalization candidate; OM-R06=B; OM-R07=B; OM-R10=A"
"Yapı, Hırdavat & Tesisat","Su Tesisatı & Armatürler","Sifon & Gider Parçaları","","YES","CANDIDATE_FOR_PRODUCT_OWNER_FINALIZATION","REGULATED","Yapı, Hırdavat & Tesisat","See Yapı, Hırdavat & Tesisat candidate facet registry; characteristics remain facets","See Yapı, Hırdavat & Tesisat candidate synonym registry","YES","YES","Batch 01 source proposal; finalization candidate; OM-R06=B; OM-R07=B; OM-R10=A"
"Yapı, Hırdavat & Tesisat","Elektrik Tesisatı Malzemeleri","","","NO","CANDIDATE_FOR_PRODUCT_OWNER_FINALIZATION","REGULATED","Yapı, Hırdavat & Tesisat","See Yapı, Hırdavat & Tesisat candidate facet registry; characteristics remain facets","See Yapı, Hırdavat & Tesisat candidate synonym registry","YES","YES","Batch 01 source proposal; finalization candidate; OM-R06=B; OM-R07=B; OM-R10=A"
"Yapı, Hırdavat & Tesisat","Elektrik Tesisatı Malzemeleri","Anahtar, Priz & Fiş","","YES","CANDIDATE_FOR_PRODUCT_OWNER_FINALIZATION","REGULATED","Yapı, Hırdavat & Tesisat","See Yapı, Hırdavat & Tesisat candidate facet registry; characteristics remain facets","See Yapı, Hırdavat & Tesisat candidate synonym registry","YES","YES","Batch 01 source proposal; finalization candidate; OM-R06=B; OM-R07=B; OM-R10=A"
"Yapı, Hırdavat & Tesisat","Elektrik Tesisatı Malzemeleri","Kablo & İletken","","YES","CANDIDATE_FOR_PRODUCT_OWNER_FINALIZATION","REGULATED","Yapı, Hırdavat & Tesisat","See Yapı, Hırdavat & Tesisat candidate facet registry; characteristics remain facets","See Yapı, Hırdavat & Tesisat candidate synonym registry","YES","YES","Batch 01 source proposal; finalization candidate; OM-R06=B; OM-R07=B; OM-R10=A"
"Yapı, Hırdavat & Tesisat","Elektrik Tesisatı Malzemeleri","Sigorta & Elektrik Panosu","","YES","CANDIDATE_FOR_PRODUCT_OWNER_FINALIZATION","REGULATED","Yapı, Hırdavat & Tesisat","See Yapı, Hırdavat & Tesisat candidate facet registry; characteristics remain facets","See Yapı, Hırdavat & Tesisat candidate synonym registry","YES","YES","Batch 01 source proposal; finalization candidate; OM-R06=B; OM-R07=B; OM-R10=A"
"Yapı, Hırdavat & Tesisat","Elektrik Tesisatı Malzemeleri","Buat, Kablo Kanalı & Borusu","","YES","CANDIDATE_FOR_PRODUCT_OWNER_FINALIZATION","REGULATED","Yapı, Hırdavat & Tesisat","See Yapı, Hırdavat & Tesisat candidate facet registry; characteristics remain facets","See Yapı, Hırdavat & Tesisat candidate synonym registry","YES","YES","Batch 01 source proposal; finalization candidate; OM-R06=B; OM-R07=B; OM-R10=A"
"Yapı, Hırdavat & Tesisat","Elektrik Tesisatı Malzemeleri","Sabit Aydınlatma Tesisat Parçaları","","YES","CANDIDATE_FOR_PRODUCT_OWNER_FINALIZATION","REGULATED","Yapı, Hırdavat & Tesisat","See Yapı, Hırdavat & Tesisat candidate facet registry; characteristics remain facets","See Yapı, Hırdavat & Tesisat candidate synonym registry","YES","YES","Batch 01 source proposal; finalization candidate; OM-R06=B; OM-R07=B; OM-R10=A"
"Yapı, Hırdavat & Tesisat","Isıtma, Gaz & Havalandırma Tesisatı","","","NO","CANDIDATE_FOR_PRODUCT_OWNER_FINALIZATION","LEGAL_REVIEW_REQUIRED","Yapı, Hırdavat & Tesisat","See Yapı, Hırdavat & Tesisat candidate facet registry; characteristics remain facets","See Yapı, Hırdavat & Tesisat candidate synonym registry","YES","YES","Batch 01 source proposal; finalization candidate; OM-R06=B; OM-R07=B; OM-R10=A"
"Yapı, Hırdavat & Tesisat","Isıtma, Gaz & Havalandırma Tesisatı","Radyatör & Radyatör Vanası","","YES","CANDIDATE_FOR_PRODUCT_OWNER_FINALIZATION","REGULATED","Yapı, Hırdavat & Tesisat","See Yapı, Hırdavat & Tesisat candidate facet registry; characteristics remain facets","See Yapı, Hırdavat & Tesisat candidate synonym registry","YES","YES","Batch 01 source proposal; finalization candidate; OM-R06=B; OM-R07=B; OM-R10=A"
"Yapı, Hırdavat & Tesisat","Isıtma, Gaz & Havalandırma Tesisatı","Isıtma Tesisatı Parçaları","","YES","CANDIDATE_FOR_PRODUCT_OWNER_FINALIZATION","REGULATED","Yapı, Hırdavat & Tesisat","See Yapı, Hırdavat & Tesisat candidate facet registry; characteristics remain facets","See Yapı, Hırdavat & Tesisat candidate synonym registry","YES","YES","Batch 01 source proposal; finalization candidate; OM-R06=B; OM-R07=B; OM-R10=A"
"Yapı, Hırdavat & Tesisat","Isıtma, Gaz & Havalandırma Tesisatı","Havalandırma Kanalı & Menfez","","YES","CANDIDATE_FOR_PRODUCT_OWNER_FINALIZATION","REGULATED","Yapı, Hırdavat & Tesisat","See Yapı, Hırdavat & Tesisat candidate facet registry; characteristics remain facets","See Yapı, Hırdavat & Tesisat candidate synonym registry","YES","YES","Batch 01 source proposal; finalization candidate; OM-R06=B; OM-R07=B; OM-R10=A"
"Yapı, Hırdavat & Tesisat","Isıtma, Gaz & Havalandırma Tesisatı","Gaz Fittings & Regülatörleri","","YES","CANDIDATE_FOR_PRODUCT_OWNER_FINALIZATION","LEGAL_REVIEW_REQUIRED","Yapı, Hırdavat & Tesisat","See Yapı, Hırdavat & Tesisat candidate facet registry; characteristics remain facets","See Yapı, Hırdavat & Tesisat candidate synonym registry","YES","YES","Batch 01 source proposal; finalization candidate; OM-R06=B; OM-R07=B; OM-R10=A"
"Yapı, Hırdavat & Tesisat","Isıtma, Gaz & Havalandırma Tesisatı","Baca & Duman Tahliye Parçaları","","YES","CANDIDATE_FOR_PRODUCT_OWNER_FINALIZATION","LEGAL_REVIEW_REQUIRED","Yapı, Hırdavat & Tesisat","See Yapı, Hırdavat & Tesisat candidate facet registry; characteristics remain facets","See Yapı, Hırdavat & Tesisat candidate synonym registry","YES","YES","Batch 01 source proposal; finalization candidate; OM-R06=B; OM-R07=B; OM-R10=A"
"Yapı, Hırdavat & Tesisat","Kilit, Kapı & Pencere Donanımları","","","NO","CANDIDATE_FOR_PRODUCT_OWNER_FINALIZATION","REGULATED","Yapı, Hırdavat & Tesisat","See Yapı, Hırdavat & Tesisat candidate facet registry; characteristics remain facets","See Yapı, Hırdavat & Tesisat candidate synonym registry","YES","YES","Batch 01 source proposal; finalization candidate; OM-R06=B; OM-R07=B; OM-R10=A"
"Yapı, Hırdavat & Tesisat","Kilit, Kapı & Pencere Donanımları","Mekanik Kilit & Silindir","","YES","CANDIDATE_FOR_PRODUCT_OWNER_FINALIZATION","REGULATED","Yapı, Hırdavat & Tesisat","See Yapı, Hırdavat & Tesisat candidate facet registry; characteristics remain facets","See Yapı, Hırdavat & Tesisat candidate synonym registry","YES","YES","Batch 01 source proposal; finalization candidate; OM-R06=B; OM-R07=B; OM-R10=A"
"Yapı, Hırdavat & Tesisat","Kilit, Kapı & Pencere Donanımları","Menteşe","","YES","CANDIDATE_FOR_PRODUCT_OWNER_FINALIZATION","NORMAL","Yapı, Hırdavat & Tesisat","See Yapı, Hırdavat & Tesisat candidate facet registry; characteristics remain facets","See Yapı, Hırdavat & Tesisat candidate synonym registry","YES","NO","Batch 01 source proposal; finalization candidate; OM-R06=B; OM-R07=B; OM-R10=A"
"Yapı, Hırdavat & Tesisat","Kilit, Kapı & Pencere Donanımları","Kapı & Pencere Kolu","","YES","CANDIDATE_FOR_PRODUCT_OWNER_FINALIZATION","NORMAL","Yapı, Hırdavat & Tesisat","See Yapı, Hırdavat & Tesisat candidate facet registry; characteristics remain facets","See Yapı, Hırdavat & Tesisat candidate synonym registry","YES","NO","Batch 01 source proposal; finalization candidate; OM-R06=B; OM-R07=B; OM-R10=A"
"Yapı, Hırdavat & Tesisat","Kilit, Kapı & Pencere Donanımları","Ray & Kapatma Mekanizmaları","","YES","CANDIDATE_FOR_PRODUCT_OWNER_FINALIZATION","REGULATED","Yapı, Hırdavat & Tesisat","See Yapı, Hırdavat & Tesisat candidate facet registry; characteristics remain facets","See Yapı, Hırdavat & Tesisat candidate synonym registry","YES","YES","Batch 01 source proposal; finalization candidate; OM-R06=B; OM-R07=B; OM-R10=A"
"Yapı, Hırdavat & Tesisat","Kilit, Kapı & Pencere Donanımları","Pencere Donanımları","","YES","CANDIDATE_FOR_PRODUCT_OWNER_FINALIZATION","NORMAL","Yapı, Hırdavat & Tesisat","See Yapı, Hırdavat & Tesisat candidate facet registry; characteristics remain facets","See Yapı, Hırdavat & Tesisat candidate synonym registry","YES","NO","Batch 01 source proposal; finalization candidate; OM-R06=B; OM-R07=B; OM-R10=A"
"Yapı, Hırdavat & Tesisat","Kaynak, Lehim & Metal İşleme","","","NO","CANDIDATE_FOR_PRODUCT_OWNER_FINALIZATION","REGULATED","Yapı, Hırdavat & Tesisat","See Yapı, Hırdavat & Tesisat candidate facet registry; characteristics remain facets","See Yapı, Hırdavat & Tesisat candidate synonym registry","YES","YES","Batch 01 source proposal; finalization candidate; OM-R06=B; OM-R07=B; OM-R10=A"
"Yapı, Hırdavat & Tesisat","Kaynak, Lehim & Metal İşleme","Kaynak Makineleri","","YES","CANDIDATE_FOR_PRODUCT_OWNER_FINALIZATION","REGULATED","Yapı, Hırdavat & Tesisat","See Yapı, Hırdavat & Tesisat candidate facet registry; characteristics remain facets","See Yapı, Hırdavat & Tesisat candidate synonym registry","YES","YES","Batch 01 source proposal; finalization candidate; OM-R06=B; OM-R07=B; OM-R10=A"
"Yapı, Hırdavat & Tesisat","Kaynak, Lehim & Metal İşleme","Lehimleme Ekipmanları","","YES","CANDIDATE_FOR_PRODUCT_OWNER_FINALIZATION","REGULATED","Yapı, Hırdavat & Tesisat","See Yapı, Hırdavat & Tesisat candidate facet registry; characteristics remain facets","See Yapı, Hırdavat & Tesisat candidate synonym registry","YES","YES","Batch 01 source proposal; finalization candidate; OM-R06=B; OM-R07=B; OM-R10=A"
"Yapı, Hırdavat & Tesisat","Kaynak, Lehim & Metal İşleme","Kaynak Sarfları","","YES","CANDIDATE_FOR_PRODUCT_OWNER_FINALIZATION","REGULATED","Yapı, Hırdavat & Tesisat","See Yapı, Hırdavat & Tesisat candidate facet registry; characteristics remain facets","See Yapı, Hırdavat & Tesisat candidate synonym registry","YES","YES","Batch 01 source proposal; finalization candidate; OM-R06=B; OM-R07=B; OM-R10=A"
"Yapı, Hırdavat & Tesisat","Kaynak, Lehim & Metal İşleme","Lehimleme Sarfları","","YES","CANDIDATE_FOR_PRODUCT_OWNER_FINALIZATION","REGULATED","Yapı, Hırdavat & Tesisat","See Yapı, Hırdavat & Tesisat candidate facet registry; characteristics remain facets","See Yapı, Hırdavat & Tesisat candidate synonym registry","YES","YES","Batch 01 source proposal; finalization candidate; OM-R06=B; OM-R07=B; OM-R10=A"
"Yapı, Hırdavat & Tesisat","Kaynak, Lehim & Metal İşleme","Metal Kesme & Şekillendirme","","YES","CANDIDATE_FOR_PRODUCT_OWNER_FINALIZATION","REGULATED","Yapı, Hırdavat & Tesisat","See Yapı, Hırdavat & Tesisat candidate facet registry; characteristics remain facets","See Yapı, Hırdavat & Tesisat candidate synonym registry","YES","YES","Batch 01 source proposal; finalization candidate; OM-R06=B; OM-R07=B; OM-R10=A"
"Yapı, Hırdavat & Tesisat","İş Güvenliği & Koruyucu Donanım","","","NO","CANDIDATE_FOR_PRODUCT_OWNER_FINALIZATION","LEGAL_REVIEW_REQUIRED","Yapı, Hırdavat & Tesisat","See Yapı, Hırdavat & Tesisat candidate facet registry; characteristics remain facets","See Yapı, Hırdavat & Tesisat candidate synonym registry","YES","YES","Batch 01 source proposal; finalization candidate; OM-R06=B; OM-R07=B; OM-R10=A"
"Yapı, Hırdavat & Tesisat","İş Güvenliği & Koruyucu Donanım","Baş Koruma","","YES","CANDIDATE_FOR_PRODUCT_OWNER_FINALIZATION","REGULATED","Yapı, Hırdavat & Tesisat","See Yapı, Hırdavat & Tesisat candidate facet registry; characteristics remain facets","See Yapı, Hırdavat & Tesisat candidate synonym registry","YES","YES","Batch 01 source proposal; finalization candidate; OM-R06=B; OM-R07=B; OM-R10=A"
"Yapı, Hırdavat & Tesisat","İş Güvenliği & Koruyucu Donanım","Göz & Yüz Koruma","","YES","CANDIDATE_FOR_PRODUCT_OWNER_FINALIZATION","REGULATED","Yapı, Hırdavat & Tesisat","See Yapı, Hırdavat & Tesisat candidate facet registry; characteristics remain facets","See Yapı, Hırdavat & Tesisat candidate synonym registry","YES","YES","Batch 01 source proposal; finalization candidate; OM-R06=B; OM-R07=B; OM-R10=A"
"Yapı, Hırdavat & Tesisat","İş Güvenliği & Koruyucu Donanım","El Koruma","","YES","CANDIDATE_FOR_PRODUCT_OWNER_FINALIZATION","REGULATED","Yapı, Hırdavat & Tesisat","See Yapı, Hırdavat & Tesisat candidate facet registry; characteristics remain facets","See Yapı, Hırdavat & Tesisat candidate synonym registry","YES","YES","Batch 01 source proposal; finalization candidate; OM-R06=B; OM-R07=B; OM-R10=A"
"Yapı, Hırdavat & Tesisat","İş Güvenliği & Koruyucu Donanım","İşitme Koruma","","YES","CANDIDATE_FOR_PRODUCT_OWNER_FINALIZATION","REGULATED","Yapı, Hırdavat & Tesisat","See Yapı, Hırdavat & Tesisat candidate facet registry; characteristics remain facets","See Yapı, Hırdavat & Tesisat candidate synonym registry","YES","YES","Batch 01 source proposal; finalization candidate; OM-R06=B; OM-R07=B; OM-R10=A"
"Yapı, Hırdavat & Tesisat","İş Güvenliği & Koruyucu Donanım","Solunum Koruma","","YES","CANDIDATE_FOR_PRODUCT_OWNER_FINALIZATION","REGULATED","Yapı, Hırdavat & Tesisat","See Yapı, Hırdavat & Tesisat candidate facet registry; characteristics remain facets","See Yapı, Hırdavat & Tesisat candidate synonym registry","YES","YES","Batch 01 source proposal; finalization candidate; OM-R06=B; OM-R07=B; OM-R10=A"
"Yapı, Hırdavat & Tesisat","İş Güvenliği & Koruyucu Donanım","Yüksekte Çalışma & Düşüş Koruma","","YES","CANDIDATE_FOR_PRODUCT_OWNER_FINALIZATION","LEGAL_REVIEW_REQUIRED","Yapı, Hırdavat & Tesisat","See Yapı, Hırdavat & Tesisat candidate facet registry; characteristics remain facets","See Yapı, Hırdavat & Tesisat candidate synonym registry","YES","YES","Batch 01 source proposal; finalization candidate; OM-R06=B; OM-R07=B; OM-R10=A"
"Yapı, Hırdavat & Tesisat","İş Güvenliği & Koruyucu Donanım","İş Güvenliği Ayakkabıları","","YES","CANDIDATE_FOR_PRODUCT_OWNER_FINALIZATION","REGULATED","Yapı, Hırdavat & Tesisat","See Yapı, Hırdavat & Tesisat candidate facet registry; characteristics remain facets","See Yapı, Hırdavat & Tesisat candidate synonym registry","YES","YES","Batch 01 source proposal; finalization candidate; OM-R06=B; OM-R07=B; OM-R10=A"
"Yapı, Hırdavat & Tesisat","İş Güvenliği & Koruyucu Donanım","Görünürlük & Koruyucu İş Giyimi","","YES","CANDIDATE_FOR_PRODUCT_OWNER_FINALIZATION","REGULATED","Yapı, Hırdavat & Tesisat","See Yapı, Hırdavat & Tesisat candidate facet registry; characteristics remain facets","See Yapı, Hırdavat & Tesisat candidate synonym registry","YES","YES","Batch 01 source proposal; finalization candidate; OM-R06=B; OM-R07=B; OM-R10=A"
"Kozmetik & Kişisel Bakım","Makyaj","","","NO","CANDIDATE_FOR_PRODUCT_OWNER_FINALIZATION","REGULATED","Kozmetik & Kişisel Bakım","See Kozmetik & Kişisel Bakım candidate facet registry; characteristics remain facets","See Kozmetik & Kişisel Bakım candidate synonym registry","YES","YES","Batch 01 source proposal; finalization candidate; OM-R06=B; OM-R07=B; OM-R10=A"
"Kozmetik & Kişisel Bakım","Makyaj","Ten Makyajı","","NO","CANDIDATE_FOR_PRODUCT_OWNER_FINALIZATION","REGULATED","Kozmetik & Kişisel Bakım","See Kozmetik & Kişisel Bakım candidate facet registry; characteristics remain facets","See Kozmetik & Kişisel Bakım candidate synonym registry","YES","YES","Batch 01 source proposal; finalization candidate; OM-R06=B; OM-R07=B; OM-R10=A"
"Kozmetik & Kişisel Bakım","Makyaj","Ten Makyajı","Fondöten","YES","CANDIDATE_FOR_PRODUCT_OWNER_FINALIZATION","REGULATED","Kozmetik & Kişisel Bakım","See Kozmetik & Kişisel Bakım candidate facet registry; characteristics remain facets","See Kozmetik & Kişisel Bakım candidate synonym registry","YES","YES","Batch 01 source proposal; finalization candidate; OM-R06=B; OM-R07=B; OM-R10=A"
"Kozmetik & Kişisel Bakım","Makyaj","Ten Makyajı","Kapatıcı","YES","CANDIDATE_FOR_PRODUCT_OWNER_FINALIZATION","REGULATED","Kozmetik & Kişisel Bakım","See Kozmetik & Kişisel Bakım candidate facet registry; characteristics remain facets","See Kozmetik & Kişisel Bakım candidate synonym registry","YES","YES","Batch 01 source proposal; finalization candidate; OM-R06=B; OM-R07=B; OM-R10=A"
"Kozmetik & Kişisel Bakım","Makyaj","Ten Makyajı","Pudra","YES","CANDIDATE_FOR_PRODUCT_OWNER_FINALIZATION","REGULATED","Kozmetik & Kişisel Bakım","See Kozmetik & Kişisel Bakım candidate facet registry; characteristics remain facets","See Kozmetik & Kişisel Bakım candidate synonym registry","YES","YES","Batch 01 source proposal; finalization candidate; OM-R06=B; OM-R07=B; OM-R10=A"
"Kozmetik & Kişisel Bakım","Makyaj","Ten Makyajı","Allık, Bronzer & Aydınlatıcı","YES","CANDIDATE_FOR_PRODUCT_OWNER_FINALIZATION","REGULATED","Kozmetik & Kişisel Bakım","See Kozmetik & Kişisel Bakım candidate facet registry; characteristics remain facets","See Kozmetik & Kişisel Bakım candidate synonym registry","YES","YES","Batch 01 source proposal; finalization candidate; OM-R06=B; OM-R07=B; OM-R10=A"
"Kozmetik & Kişisel Bakım","Makyaj","Göz Makyajı","","NO","CANDIDATE_FOR_PRODUCT_OWNER_FINALIZATION","REGULATED","Kozmetik & Kişisel Bakım","See Kozmetik & Kişisel Bakım candidate facet registry; characteristics remain facets","See Kozmetik & Kişisel Bakım candidate synonym registry","YES","YES","Batch 01 source proposal; finalization candidate; OM-R06=B; OM-R07=B; OM-R10=A"
"Kozmetik & Kişisel Bakım","Makyaj","Göz Makyajı","Maskara","YES","CANDIDATE_FOR_PRODUCT_OWNER_FINALIZATION","REGULATED","Kozmetik & Kişisel Bakım","See Kozmetik & Kişisel Bakım candidate facet registry; characteristics remain facets","See Kozmetik & Kişisel Bakım candidate synonym registry","YES","YES","Batch 01 source proposal; finalization candidate; OM-R06=B; OM-R07=B; OM-R10=A"
"Kozmetik & Kişisel Bakım","Makyaj","Göz Makyajı","Eyeliner & Göz Kalemi","YES","CANDIDATE_FOR_PRODUCT_OWNER_FINALIZATION","REGULATED","Kozmetik & Kişisel Bakım","See Kozmetik & Kişisel Bakım candidate facet registry; characteristics remain facets","See Kozmetik & Kişisel Bakım candidate synonym registry","YES","YES","Batch 01 source proposal; finalization candidate; OM-R06=B; OM-R07=B; OM-R10=A"
"Kozmetik & Kişisel Bakım","Makyaj","Göz Makyajı","Far","YES","CANDIDATE_FOR_PRODUCT_OWNER_FINALIZATION","REGULATED","Kozmetik & Kişisel Bakım","See Kozmetik & Kişisel Bakım candidate facet registry; characteristics remain facets","See Kozmetik & Kişisel Bakım candidate synonym registry","YES","YES","Batch 01 source proposal; finalization candidate; OM-R06=B; OM-R07=B; OM-R10=A"
"Kozmetik & Kişisel Bakım","Makyaj","Dudak Makyajı","","NO","CANDIDATE_FOR_PRODUCT_OWNER_FINALIZATION","REGULATED","Kozmetik & Kişisel Bakım","See Kozmetik & Kişisel Bakım candidate facet registry; characteristics remain facets","See Kozmetik & Kişisel Bakım candidate synonym registry","YES","YES","Batch 01 source proposal; finalization candidate; OM-R06=B; OM-R07=B; OM-R10=A"
"Kozmetik & Kişisel Bakım","Makyaj","Dudak Makyajı","Ruj","YES","CANDIDATE_FOR_PRODUCT_OWNER_FINALIZATION","REGULATED","Kozmetik & Kişisel Bakım","See Kozmetik & Kişisel Bakım candidate facet registry; characteristics remain facets","See Kozmetik & Kişisel Bakım candidate synonym registry","YES","YES","Batch 01 source proposal; finalization candidate; OM-R06=B; OM-R07=B; OM-R10=A"
"Kozmetik & Kişisel Bakım","Makyaj","Dudak Makyajı","Dudak Parlatıcısı","YES","CANDIDATE_FOR_PRODUCT_OWNER_FINALIZATION","REGULATED","Kozmetik & Kişisel Bakım","See Kozmetik & Kişisel Bakım candidate facet registry; characteristics remain facets","See Kozmetik & Kişisel Bakım candidate synonym registry","YES","YES","Batch 01 source proposal; finalization candidate; OM-R06=B; OM-R07=B; OM-R10=A"
"Kozmetik & Kişisel Bakım","Makyaj","Dudak Makyajı","Dudak Kalemi","YES","CANDIDATE_FOR_PRODUCT_OWNER_FINALIZATION","REGULATED","Kozmetik & Kişisel Bakım","See Kozmetik & Kişisel Bakım candidate facet registry; characteristics remain facets","See Kozmetik & Kişisel Bakım candidate synonym registry","YES","YES","Batch 01 source proposal; finalization candidate; OM-R06=B; OM-R07=B; OM-R10=A"
"Kozmetik & Kişisel Bakım","Makyaj","Kaş Makyajı","","YES","CANDIDATE_FOR_PRODUCT_OWNER_FINALIZATION","REGULATED","Kozmetik & Kişisel Bakım","See Kozmetik & Kişisel Bakım candidate facet registry; characteristics remain facets","See Kozmetik & Kişisel Bakım candidate synonym registry","YES","YES","Batch 01 source proposal; finalization candidate; OM-R06=B; OM-R07=B; OM-R10=A"
"Kozmetik & Kişisel Bakım","Makyaj","Tırnak Makyajı","","YES","CANDIDATE_FOR_PRODUCT_OWNER_FINALIZATION","REGULATED","Kozmetik & Kişisel Bakım","See Kozmetik & Kişisel Bakım candidate facet registry; characteristics remain facets","See Kozmetik & Kişisel Bakım candidate synonym registry","YES","YES","Batch 01 source proposal; finalization candidate; OM-R06=B; OM-R07=B; OM-R10=A"
"Kozmetik & Kişisel Bakım","Cilt Bakımı","","","NO","CANDIDATE_FOR_PRODUCT_OWNER_FINALIZATION","REGULATED","Kozmetik & Kişisel Bakım","See Kozmetik & Kişisel Bakım candidate facet registry; characteristics remain facets","See Kozmetik & Kişisel Bakım candidate synonym registry","YES","YES","Batch 01 source proposal; finalization candidate; OM-R06=B; OM-R07=B; OM-R10=A"
"Kozmetik & Kişisel Bakım","Cilt Bakımı","Yüz Temizleme","","YES","CANDIDATE_FOR_PRODUCT_OWNER_FINALIZATION","REGULATED","Kozmetik & Kişisel Bakım","See Kozmetik & Kişisel Bakım candidate facet registry; characteristics remain facets","See Kozmetik & Kişisel Bakım candidate synonym registry","YES","YES","Batch 01 source proposal; finalization candidate; OM-R06=B; OM-R07=B; OM-R10=A"
"Kozmetik & Kişisel Bakım","Cilt Bakımı","Tonik & Esans","","YES","CANDIDATE_FOR_PRODUCT_OWNER_FINALIZATION","REGULATED","Kozmetik & Kişisel Bakım","See Kozmetik & Kişisel Bakım candidate facet registry; characteristics remain facets","See Kozmetik & Kişisel Bakım candidate synonym registry","YES","YES","Batch 01 source proposal; finalization candidate; OM-R06=B; OM-R07=B; OM-R10=A"
"Kozmetik & Kişisel Bakım","Cilt Bakımı","Nemlendirici","","YES","CANDIDATE_FOR_PRODUCT_OWNER_FINALIZATION","REGULATED","Kozmetik & Kişisel Bakım","See Kozmetik & Kişisel Bakım candidate facet registry; characteristics remain facets","See Kozmetik & Kişisel Bakım candidate synonym registry","YES","YES","Batch 01 source proposal; finalization candidate; OM-R06=B; OM-R07=B; OM-R10=A"
"Kozmetik & Kişisel Bakım","Cilt Bakımı","Serum","","YES","CANDIDATE_FOR_PRODUCT_OWNER_FINALIZATION","REGULATED","Kozmetik & Kişisel Bakım","See Kozmetik & Kişisel Bakım candidate facet registry; characteristics remain facets","See Kozmetik & Kişisel Bakım candidate synonym registry","YES","YES","Batch 01 source proposal; finalization candidate; OM-R06=B; OM-R07=B; OM-R10=A"
"Kozmetik & Kişisel Bakım","Cilt Bakımı","Maske & Peeling","","YES","CANDIDATE_FOR_PRODUCT_OWNER_FINALIZATION","REGULATED","Kozmetik & Kişisel Bakım","See Kozmetik & Kişisel Bakım candidate facet registry; characteristics remain facets","See Kozmetik & Kişisel Bakım candidate synonym registry","YES","YES","Batch 01 source proposal; finalization candidate; OM-R06=B; OM-R07=B; OM-R10=A"
"Kozmetik & Kişisel Bakım","Cilt Bakımı","Göz & Dudak Çevresi Bakımı","","YES","CANDIDATE_FOR_PRODUCT_OWNER_FINALIZATION","REGULATED","Kozmetik & Kişisel Bakım","See Kozmetik & Kişisel Bakım candidate facet registry; characteristics remain facets","See Kozmetik & Kişisel Bakım candidate synonym registry","YES","YES","Batch 01 source proposal; finalization candidate; OM-R06=B; OM-R07=B; OM-R10=A"
"Kozmetik & Kişisel Bakım","Güneş Bakımı","","","NO","CANDIDATE_FOR_PRODUCT_OWNER_FINALIZATION","REGULATED","Kozmetik & Kişisel Bakım","See Kozmetik & Kişisel Bakım candidate facet registry; characteristics remain facets","See Kozmetik & Kişisel Bakım candidate synonym registry","YES","YES","Batch 01 source proposal; finalization candidate; OM-R06=B; OM-R07=B; OM-R10=A"
"Kozmetik & Kişisel Bakım","Güneş Bakımı","Güneş Koruyucu","","YES","CANDIDATE_FOR_PRODUCT_OWNER_FINALIZATION","REGULATED","Kozmetik & Kişisel Bakım","See Kozmetik & Kişisel Bakım candidate facet registry; characteristics remain facets","See Kozmetik & Kişisel Bakım candidate synonym registry","YES","YES","Batch 01 source proposal; finalization candidate; OM-R06=B; OM-R07=B; OM-R10=A"
"Kozmetik & Kişisel Bakım","Güneş Bakımı","Güneş Sonrası Bakım","","YES","CANDIDATE_FOR_PRODUCT_OWNER_FINALIZATION","REGULATED","Kozmetik & Kişisel Bakım","See Kozmetik & Kişisel Bakım candidate facet registry; characteristics remain facets","See Kozmetik & Kişisel Bakım candidate synonym registry","YES","YES","Batch 01 source proposal; finalization candidate; OM-R06=B; OM-R07=B; OM-R10=A"
"Kozmetik & Kişisel Bakım","Güneş Bakımı","Bronzlaştırıcı & Otobronzan","","YES","CANDIDATE_FOR_PRODUCT_OWNER_FINALIZATION","REGULATED","Kozmetik & Kişisel Bakım","See Kozmetik & Kişisel Bakım candidate facet registry; characteristics remain facets","See Kozmetik & Kişisel Bakım candidate synonym registry","YES","YES","Batch 01 source proposal; finalization candidate; OM-R06=B; OM-R07=B; OM-R10=A"
"Kozmetik & Kişisel Bakım","Saç Bakımı & Şekillendirme","","","NO","CANDIDATE_FOR_PRODUCT_OWNER_FINALIZATION","LEGAL_REVIEW_REQUIRED","Kozmetik & Kişisel Bakım","See Kozmetik & Kişisel Bakım candidate facet registry; characteristics remain facets","See Kozmetik & Kişisel Bakım candidate synonym registry","YES","YES","Batch 01 source proposal; finalization candidate; OM-R06=B; OM-R07=B; OM-R10=A"
"Kozmetik & Kişisel Bakım","Saç Bakımı & Şekillendirme","Şampuan","","YES","CANDIDATE_FOR_PRODUCT_OWNER_FINALIZATION","REGULATED","Kozmetik & Kişisel Bakım","See Kozmetik & Kişisel Bakım candidate facet registry; characteristics remain facets","See Kozmetik & Kişisel Bakım candidate synonym registry","YES","YES","Batch 01 source proposal; finalization candidate; OM-R06=B; OM-R07=B; OM-R10=A"
"Kozmetik & Kişisel Bakım","Saç Bakımı & Şekillendirme","Saç Kremi & Maskesi","","YES","CANDIDATE_FOR_PRODUCT_OWNER_FINALIZATION","REGULATED","Kozmetik & Kişisel Bakım","See Kozmetik & Kişisel Bakım candidate facet registry; characteristics remain facets","See Kozmetik & Kişisel Bakım candidate synonym registry","YES","YES","Batch 01 source proposal; finalization candidate; OM-R06=B; OM-R07=B; OM-R10=A"
"Kozmetik & Kişisel Bakım","Saç Bakımı & Şekillendirme","Saç Yağı & Serumu","","YES","CANDIDATE_FOR_PRODUCT_OWNER_FINALIZATION","REGULATED","Kozmetik & Kişisel Bakım","See Kozmetik & Kişisel Bakım candidate facet registry; characteristics remain facets","See Kozmetik & Kişisel Bakım candidate synonym registry","YES","YES","Batch 01 source proposal; finalization candidate; OM-R06=B; OM-R07=B; OM-R10=A"
"Kozmetik & Kişisel Bakım","Saç Bakımı & Şekillendirme","Saç Şekillendirici","","YES","CANDIDATE_FOR_PRODUCT_OWNER_FINALIZATION","REGULATED","Kozmetik & Kişisel Bakım","See Kozmetik & Kişisel Bakım candidate facet registry; characteristics remain facets","See Kozmetik & Kişisel Bakım candidate synonym registry","YES","YES","Batch 01 source proposal; finalization candidate; OM-R06=B; OM-R07=B; OM-R10=A"
"Kozmetik & Kişisel Bakım","Saç Bakımı & Şekillendirme","Saç Boyası & Açıcı","","YES","CANDIDATE_FOR_PRODUCT_OWNER_FINALIZATION","REGULATED","Kozmetik & Kişisel Bakım","See Kozmetik & Kişisel Bakım candidate facet registry; characteristics remain facets","See Kozmetik & Kişisel Bakım candidate synonym registry","YES","YES","Batch 01 source proposal; finalization candidate; OM-R06=B; OM-R07=B; OM-R10=A"
"Kozmetik & Kişisel Bakım","Saç Bakımı & Şekillendirme","Saç Derisi Bakımı","","YES","CANDIDATE_FOR_PRODUCT_OWNER_FINALIZATION","LEGAL_REVIEW_REQUIRED","Kozmetik & Kişisel Bakım","See Kozmetik & Kişisel Bakım candidate facet registry; characteristics remain facets","See Kozmetik & Kişisel Bakım candidate synonym registry","YES","YES","Batch 01 source proposal; finalization candidate; OM-R06=B; OM-R07=B; OM-R10=A"
"Kozmetik & Kişisel Bakım","Parfüm & Deodorant","","","NO","CANDIDATE_FOR_PRODUCT_OWNER_FINALIZATION","REGULATED","Kozmetik & Kişisel Bakım","See Kozmetik & Kişisel Bakım candidate facet registry; characteristics remain facets","See Kozmetik & Kişisel Bakım candidate synonym registry","YES","YES","Batch 01 source proposal; finalization candidate; OM-R06=B; OM-R07=B; OM-R10=A"
"Kozmetik & Kişisel Bakım","Parfüm & Deodorant","Parfüm","","YES","CANDIDATE_FOR_PRODUCT_OWNER_FINALIZATION","REGULATED","Kozmetik & Kişisel Bakım","See Kozmetik & Kişisel Bakım candidate facet registry; characteristics remain facets","See Kozmetik & Kişisel Bakım candidate synonym registry","YES","YES","Batch 01 source proposal; finalization candidate; OM-R06=B; OM-R07=B; OM-R10=A"
"Kozmetik & Kişisel Bakım","Parfüm & Deodorant","Vücut Spreyi & Kolonya","","YES","CANDIDATE_FOR_PRODUCT_OWNER_FINALIZATION","REGULATED","Kozmetik & Kişisel Bakım","See Kozmetik & Kişisel Bakım candidate facet registry; characteristics remain facets","See Kozmetik & Kişisel Bakım candidate synonym registry","YES","YES","Batch 01 source proposal; finalization candidate; OM-R06=B; OM-R07=B; OM-R10=A"
"Kozmetik & Kişisel Bakım","Parfüm & Deodorant","Deodorant & Terleme Karşıtı","","YES","CANDIDATE_FOR_PRODUCT_OWNER_FINALIZATION","REGULATED","Kozmetik & Kişisel Bakım","See Kozmetik & Kişisel Bakım candidate facet registry; characteristics remain facets","See Kozmetik & Kişisel Bakım candidate synonym registry","YES","YES","Batch 01 source proposal; finalization candidate; OM-R06=B; OM-R07=B; OM-R10=A"
"Kozmetik & Kişisel Bakım","Banyo & Vücut Bakımı","","","NO","CANDIDATE_FOR_PRODUCT_OWNER_FINALIZATION","REGULATED","Kozmetik & Kişisel Bakım","See Kozmetik & Kişisel Bakım candidate facet registry; characteristics remain facets","See Kozmetik & Kişisel Bakım candidate synonym registry","YES","YES","Batch 01 source proposal; finalization candidate; OM-R06=B; OM-R07=B; OM-R10=A"
"Kozmetik & Kişisel Bakım","Banyo & Vücut Bakımı","Sabun & Duş Ürünleri","","YES","CANDIDATE_FOR_PRODUCT_OWNER_FINALIZATION","REGULATED","Kozmetik & Kişisel Bakım","See Kozmetik & Kişisel Bakım candidate facet registry; characteristics remain facets","See Kozmetik & Kişisel Bakım candidate synonym registry","YES","YES","Batch 01 source proposal; finalization candidate; OM-R06=B; OM-R07=B; OM-R10=A"
"Kozmetik & Kişisel Bakım","Banyo & Vücut Bakımı","Vücut Nemlendirici","","YES","CANDIDATE_FOR_PRODUCT_OWNER_FINALIZATION","REGULATED","Kozmetik & Kişisel Bakım","See Kozmetik & Kişisel Bakım candidate facet registry; characteristics remain facets","See Kozmetik & Kişisel Bakım candidate synonym registry","YES","YES","Batch 01 source proposal; finalization candidate; OM-R06=B; OM-R07=B; OM-R10=A"
"Kozmetik & Kişisel Bakım","Banyo & Vücut Bakımı","Vücut Peelingi","","YES","CANDIDATE_FOR_PRODUCT_OWNER_FINALIZATION","REGULATED","Kozmetik & Kişisel Bakım","See Kozmetik & Kişisel Bakım candidate facet registry; characteristics remain facets","See Kozmetik & Kişisel Bakım candidate synonym registry","YES","YES","Batch 01 source proposal; finalization candidate; OM-R06=B; OM-R07=B; OM-R10=A"
"Kozmetik & Kişisel Bakım","Banyo & Vücut Bakımı","Banyo Ürünleri","","YES","CANDIDATE_FOR_PRODUCT_OWNER_FINALIZATION","REGULATED","Kozmetik & Kişisel Bakım","See Kozmetik & Kişisel Bakım candidate facet registry; characteristics remain facets","See Kozmetik & Kişisel Bakım candidate synonym registry","YES","YES","Batch 01 source proposal; finalization candidate; OM-R06=B; OM-R07=B; OM-R10=A"
"Kozmetik & Kişisel Bakım","Banyo & Vücut Bakımı","Vücut Yağı","","YES","CANDIDATE_FOR_PRODUCT_OWNER_FINALIZATION","REGULATED","Kozmetik & Kişisel Bakım","See Kozmetik & Kişisel Bakım candidate facet registry; characteristics remain facets","See Kozmetik & Kişisel Bakım candidate synonym registry","YES","YES","Batch 01 source proposal; finalization candidate; OM-R06=B; OM-R07=B; OM-R10=A"
"Kozmetik & Kişisel Bakım","El, Ayak & Tırnak Bakımı","","","NO","CANDIDATE_FOR_PRODUCT_OWNER_FINALIZATION","REGULATED","Kozmetik & Kişisel Bakım","See Kozmetik & Kişisel Bakım candidate facet registry; characteristics remain facets","See Kozmetik & Kişisel Bakım candidate synonym registry","YES","YES","Batch 01 source proposal; finalization candidate; OM-R06=B; OM-R07=B; OM-R10=A"
"Kozmetik & Kişisel Bakım","El, Ayak & Tırnak Bakımı","El Bakımı","","YES","CANDIDATE_FOR_PRODUCT_OWNER_FINALIZATION","REGULATED","Kozmetik & Kişisel Bakım","See Kozmetik & Kişisel Bakım candidate facet registry; characteristics remain facets","See Kozmetik & Kişisel Bakım candidate synonym registry","YES","YES","Batch 01 source proposal; finalization candidate; OM-R06=B; OM-R07=B; OM-R10=A"
"Kozmetik & Kişisel Bakım","El, Ayak & Tırnak Bakımı","Ayak Bakımı","","YES","CANDIDATE_FOR_PRODUCT_OWNER_FINALIZATION","REGULATED","Kozmetik & Kişisel Bakım","See Kozmetik & Kişisel Bakım candidate facet registry; characteristics remain facets","See Kozmetik & Kişisel Bakım candidate synonym registry","YES","YES","Batch 01 source proposal; finalization candidate; OM-R06=B; OM-R07=B; OM-R10=A"
"Kozmetik & Kişisel Bakım","El, Ayak & Tırnak Bakımı","Tırnak Bakımı","","YES","CANDIDATE_FOR_PRODUCT_OWNER_FINALIZATION","REGULATED","Kozmetik & Kişisel Bakım","See Kozmetik & Kişisel Bakım candidate facet registry; characteristics remain facets","See Kozmetik & Kişisel Bakım candidate synonym registry","YES","YES","Batch 01 source proposal; finalization candidate; OM-R06=B; OM-R07=B; OM-R10=A"
"Kozmetik & Kişisel Bakım","El, Ayak & Tırnak Bakımı","Manikür & Pedikür Bakım Ürünleri","","YES","CANDIDATE_FOR_PRODUCT_OWNER_FINALIZATION","REGULATED","Kozmetik & Kişisel Bakım","See Kozmetik & Kişisel Bakım candidate facet registry; characteristics remain facets","See Kozmetik & Kişisel Bakım candidate synonym registry","YES","YES","Batch 01 source proposal; finalization candidate; OM-R06=B; OM-R07=B; OM-R10=A"
"Kozmetik & Kişisel Bakım","Ağız & Diş Bakımı","","","NO","CANDIDATE_FOR_PRODUCT_OWNER_FINALIZATION","LEGAL_REVIEW_REQUIRED","Kozmetik & Kişisel Bakım","See Kozmetik & Kişisel Bakım candidate facet registry; characteristics remain facets","See Kozmetik & Kişisel Bakım candidate synonym registry","YES","YES","Batch 01 source proposal; finalization candidate; OM-R06=B; OM-R07=B; OM-R10=A"
"Kozmetik & Kişisel Bakım","Ağız & Diş Bakımı","Diş Macunu","","YES","CANDIDATE_FOR_PRODUCT_OWNER_FINALIZATION","REGULATED","Kozmetik & Kişisel Bakım","See Kozmetik & Kişisel Bakım candidate facet registry; characteristics remain facets","See Kozmetik & Kişisel Bakım candidate synonym registry","YES","YES","Batch 01 source proposal; finalization candidate; OM-R06=B; OM-R07=B; OM-R10=A"
"Kozmetik & Kişisel Bakım","Ağız & Diş Bakımı","Manuel Diş Fırçası","","YES","CANDIDATE_FOR_PRODUCT_OWNER_FINALIZATION","REGULATED","Kozmetik & Kişisel Bakım","See Kozmetik & Kişisel Bakım candidate facet registry; characteristics remain facets","See Kozmetik & Kişisel Bakım candidate synonym registry","YES","YES","Batch 01 source proposal; finalization candidate; OM-R06=B; OM-R07=B; OM-R10=A"
"Kozmetik & Kişisel Bakım","Ağız & Diş Bakımı","Diş İpi & Arayüz Bakımı","","YES","CANDIDATE_FOR_PRODUCT_OWNER_FINALIZATION","REGULATED","Kozmetik & Kişisel Bakım","See Kozmetik & Kişisel Bakım candidate facet registry; characteristics remain facets","See Kozmetik & Kişisel Bakım candidate synonym registry","YES","YES","Batch 01 source proposal; finalization candidate; OM-R06=B; OM-R07=B; OM-R10=A"
"Kozmetik & Kişisel Bakım","Ağız & Diş Bakımı","Ağız Çalkalama Suyu","","YES","CANDIDATE_FOR_PRODUCT_OWNER_FINALIZATION","REGULATED","Kozmetik & Kişisel Bakım","See Kozmetik & Kişisel Bakım candidate facet registry; characteristics remain facets","See Kozmetik & Kişisel Bakım candidate synonym registry","YES","YES","Batch 01 source proposal; finalization candidate; OM-R06=B; OM-R07=B; OM-R10=A"
"Kozmetik & Kişisel Bakım","Ağız & Diş Bakımı","Protez Diş Bakımı","","YES","CANDIDATE_FOR_PRODUCT_OWNER_FINALIZATION","LEGAL_REVIEW_REQUIRED","Kozmetik & Kişisel Bakım","See Kozmetik & Kişisel Bakım candidate facet registry; characteristics remain facets","See Kozmetik & Kişisel Bakım candidate synonym registry","YES","YES","Batch 01 source proposal; finalization candidate; OM-R06=B; OM-R07=B; OM-R10=A"
"Kozmetik & Kişisel Bakım","Kişisel Hijyen","","","NO","CANDIDATE_FOR_PRODUCT_OWNER_FINALIZATION","LEGAL_REVIEW_REQUIRED","Kozmetik & Kişisel Bakım","See Kozmetik & Kişisel Bakım candidate facet registry; characteristics remain facets","See Kozmetik & Kişisel Bakım candidate synonym registry","YES","YES","Batch 01 source proposal; finalization candidate; OM-R06=B; OM-R07=B; OM-R10=A"
"Kozmetik & Kişisel Bakım","Kişisel Hijyen","Menstrüel Hijyen","","YES","CANDIDATE_FOR_PRODUCT_OWNER_FINALIZATION","REGULATED","Kozmetik & Kişisel Bakım","See Kozmetik & Kişisel Bakım candidate facet registry; characteristics remain facets","See Kozmetik & Kişisel Bakım candidate synonym registry","YES","YES","Batch 01 source proposal; finalization candidate; OM-R06=B; OM-R07=B; OM-R10=A"
"Kozmetik & Kişisel Bakım","Kişisel Hijyen","İnkontinans Hijyeni","","YES","CANDIDATE_FOR_PRODUCT_OWNER_FINALIZATION","LEGAL_REVIEW_REQUIRED","Kozmetik & Kişisel Bakım","See Kozmetik & Kişisel Bakım candidate facet registry; characteristics remain facets","See Kozmetik & Kişisel Bakım candidate synonym registry","YES","YES","Batch 01 source proposal; finalization candidate; OM-R06=B; OM-R07=B; OM-R10=A"
"Kozmetik & Kişisel Bakım","Kişisel Hijyen","İntim Hijyen","","YES","CANDIDATE_FOR_PRODUCT_OWNER_FINALIZATION","LEGAL_REVIEW_REQUIRED","Kozmetik & Kişisel Bakım","See Kozmetik & Kişisel Bakım candidate facet registry; characteristics remain facets","See Kozmetik & Kişisel Bakım candidate synonym registry","YES","YES","Batch 01 source proposal; finalization candidate; OM-R06=B; OM-R07=B; OM-R10=A"
"Kozmetik & Kişisel Bakım","Kişisel Hijyen","Islak Mendil","","YES","CANDIDATE_FOR_PRODUCT_OWNER_FINALIZATION","REGULATED","Kozmetik & Kişisel Bakım","See Kozmetik & Kişisel Bakım candidate facet registry; characteristics remain facets","See Kozmetik & Kişisel Bakım candidate synonym registry","YES","YES","Batch 01 source proposal; finalization candidate; OM-R06=B; OM-R07=B; OM-R10=A"
"Kozmetik & Kişisel Bakım","Kişisel Hijyen","Pamuk & Makyaj Pedi","","YES","CANDIDATE_FOR_PRODUCT_OWNER_FINALIZATION","REGULATED","Kozmetik & Kişisel Bakım","See Kozmetik & Kişisel Bakım candidate facet registry; characteristics remain facets","See Kozmetik & Kişisel Bakım candidate synonym registry","YES","YES","Batch 01 source proposal; finalization candidate; OM-R06=B; OM-R07=B; OM-R10=A"
"Kozmetik & Kişisel Bakım","Tıraş, Ağda & Epilasyon","","","NO","CANDIDATE_FOR_PRODUCT_OWNER_FINALIZATION","REGULATED","Kozmetik & Kişisel Bakım","See Kozmetik & Kişisel Bakım candidate facet registry; characteristics remain facets","See Kozmetik & Kişisel Bakım candidate synonym registry","YES","YES","Batch 01 source proposal; finalization candidate; OM-R06=B; OM-R07=B; OM-R10=A"
"Kozmetik & Kişisel Bakım","Tıraş, Ağda & Epilasyon","Manuel Tıraş Bıçağı & Yedekleri","","YES","CANDIDATE_FOR_PRODUCT_OWNER_FINALIZATION","REGULATED","Kozmetik & Kişisel Bakım","See Kozmetik & Kişisel Bakım candidate facet registry; characteristics remain facets","See Kozmetik & Kişisel Bakım candidate synonym registry","YES","YES","Batch 01 source proposal; finalization candidate; OM-R06=B; OM-R07=B; OM-R10=A"
"Kozmetik & Kişisel Bakım","Tıraş, Ağda & Epilasyon","Tıraş Hazırlık & Bakım Ürünleri","","YES","CANDIDATE_FOR_PRODUCT_OWNER_FINALIZATION","REGULATED","Kozmetik & Kişisel Bakım","See Kozmetik & Kişisel Bakım candidate facet registry; characteristics remain facets","See Kozmetik & Kişisel Bakım candidate synonym registry","YES","YES","Batch 01 source proposal; finalization candidate; OM-R06=B; OM-R07=B; OM-R10=A"
"Kozmetik & Kişisel Bakım","Tıraş, Ağda & Epilasyon","Ağda Ürünleri","","YES","CANDIDATE_FOR_PRODUCT_OWNER_FINALIZATION","REGULATED","Kozmetik & Kişisel Bakım","See Kozmetik & Kişisel Bakım candidate facet registry; characteristics remain facets","See Kozmetik & Kişisel Bakım candidate synonym registry","YES","YES","Batch 01 source proposal; finalization candidate; OM-R06=B; OM-R07=B; OM-R10=A"
"Kozmetik & Kişisel Bakım","Tıraş, Ağda & Epilasyon","Tüy Dökücü Ürünler","","YES","CANDIDATE_FOR_PRODUCT_OWNER_FINALIZATION","REGULATED","Kozmetik & Kişisel Bakım","See Kozmetik & Kişisel Bakım candidate facet registry; characteristics remain facets","See Kozmetik & Kişisel Bakım candidate synonym registry","YES","YES","Batch 01 source proposal; finalization candidate; OM-R06=B; OM-R07=B; OM-R10=A"
"Kozmetik & Kişisel Bakım","Tıraş, Ağda & Epilasyon","Epilasyon Sarfları","","YES","CANDIDATE_FOR_PRODUCT_OWNER_FINALIZATION","REGULATED","Kozmetik & Kişisel Bakım","See Kozmetik & Kişisel Bakım candidate facet registry; characteristics remain facets","See Kozmetik & Kişisel Bakım candidate synonym registry","YES","YES","Batch 01 source proposal; finalization candidate; OM-R06=B; OM-R07=B; OM-R10=A"
"Kozmetik & Kişisel Bakım","Kozmetik & Bakım Aksesuarları","","","NO","CANDIDATE_FOR_PRODUCT_OWNER_FINALIZATION","REGULATED","Kozmetik & Kişisel Bakım","See Kozmetik & Kişisel Bakım candidate facet registry; characteristics remain facets","See Kozmetik & Kişisel Bakım candidate synonym registry","YES","YES","Batch 01 source proposal; finalization candidate; OM-R06=B; OM-R07=B; OM-R10=A"
"Kozmetik & Kişisel Bakım","Kozmetik & Bakım Aksesuarları","Makyaj Uygulama Aksesuarları","","YES","CANDIDATE_FOR_PRODUCT_OWNER_FINALIZATION","NORMAL","Kozmetik & Kişisel Bakım","See Kozmetik & Kişisel Bakım candidate facet registry; characteristics remain facets","See Kozmetik & Kişisel Bakım candidate synonym registry","YES","YES","Batch 01 source proposal; finalization candidate; OM-R06=B; OM-R07=B; OM-R10=A"
"Kozmetik & Kişisel Bakım","Kozmetik & Bakım Aksesuarları","Saç Fırçası & Tarak","","YES","CANDIDATE_FOR_PRODUCT_OWNER_FINALIZATION","NORMAL","Kozmetik & Kişisel Bakım","See Kozmetik & Kişisel Bakım candidate facet registry; characteristics remain facets","See Kozmetik & Kişisel Bakım candidate synonym registry","YES","YES","Batch 01 source proposal; finalization candidate; OM-R06=B; OM-R07=B; OM-R10=A"
"Kozmetik & Kişisel Bakım","Kozmetik & Bakım Aksesuarları","Manikür & Pedikür Aletleri","","YES","CANDIDATE_FOR_PRODUCT_OWNER_FINALIZATION","REGULATED","Kozmetik & Kişisel Bakım","See Kozmetik & Kişisel Bakım candidate facet registry; characteristics remain facets","See Kozmetik & Kişisel Bakım candidate synonym registry","YES","YES","Batch 01 source proposal; finalization candidate; OM-R06=B; OM-R07=B; OM-R10=A"
"Kozmetik & Kişisel Bakım","Kozmetik & Bakım Aksesuarları","Bakım Aynaları","","YES","CANDIDATE_FOR_PRODUCT_OWNER_FINALIZATION","NORMAL","Kozmetik & Kişisel Bakım","See Kozmetik & Kişisel Bakım candidate facet registry; characteristics remain facets","See Kozmetik & Kişisel Bakım candidate synonym registry","YES","NO","Batch 01 source proposal; finalization candidate; OM-R06=B; OM-R07=B; OM-R10=A"
"Kozmetik & Kişisel Bakım","Kozmetik & Bakım Aksesuarları","Kozmetik Uygulama Kapları","","YES","CANDIDATE_FOR_PRODUCT_OWNER_FINALIZATION","NORMAL","Kozmetik & Kişisel Bakım","See Kozmetik & Kişisel Bakım candidate facet registry; characteristics remain facets","See Kozmetik & Kişisel Bakım candidate synonym registry","YES","YES","Batch 01 source proposal; finalization candidate; OM-R06=B; OM-R07=B; OM-R10=A"
