"LEGACY_LOCATOR","ACTION","CANDIDATE_TARGET_PATH","STABLE_ID_STRATEGY","ALIAS_REQUIRED","SPLIT_SUCCESSORS","OWNER_FINAL_REQUIRED","POLICY_REVIEW","RISK"
"market-gida","RENAME","Gıda & İçecek","ONE_TO_ONE_SUCCESSOR_WITH_LEGACY_ALIAS","YES","","NO","NO","LOW"
"temel-gida","SPLIT","<MULTIPLE — SEE SPLIT_SUCCESSORS>","ONE_TO_MANY_PRODUCT_RULE_REQUIRED","YES","Gıda & İçecek > Bakliyat, Tahıl & Makarna || Gıda & İçecek > Un, Şeker & Pişirme Malzemeleri || Gıda & İçecek > Yağ & Sirke || Gıda & İçecek > Sos, Baharat & Çeşni || Gıda & İçecek > Konserve & Kavanoz Ürünleri","YES","NO","HIGH"
"bakliyat","SPLIT","<MULTIPLE — SEE SPLIT_SUCCESSORS>","ONE_TO_MANY_PRODUCT_RULE_REQUIRED","YES","Gıda & İçecek > Bakliyat, Tahıl & Makarna > Bakliyat > Mercimek || Gıda & İçecek > Bakliyat, Tahıl & Makarna > Bakliyat > Nohut || Gıda & İçecek > Bakliyat, Tahıl & Makarna > Bakliyat > Kuru Fasulye & Diğer Bakliyat","YES","NO","HIGH"
"pirinc-bulgur-tahil","SPLIT","<MULTIPLE — SEE SPLIT_SUCCESSORS>","ONE_TO_MANY_PRODUCT_RULE_REQUIRED","YES","Gıda & İçecek > Bakliyat, Tahıl & Makarna > Pirinç & Bulgur || Gıda & İçecek > Bakliyat, Tahıl & Makarna > Tahıl, Yulaf & Hububat","YES","NO","HIGH"
"makarna-eriste","KEEP","Gıda & İçecek > Bakliyat, Tahıl & Makarna > Makarna & Erişte","ONE_TO_ONE_BIND_OR_ALLOCATE","NO","","YES","NO","LOW"
"un-hamur-isi-malzemeleri","SPLIT","<MULTIPLE — SEE SPLIT_SUCCESSORS>","ONE_TO_MANY_PRODUCT_RULE_REQUIRED","YES","Gıda & İçecek > Un, Şeker & Pişirme Malzemeleri > Unlar || Gıda & İçecek > Un, Şeker & Pişirme Malzemeleri > Maya & Kabartma Ürünleri || Gıda & İçecek > Un, Şeker & Pişirme Malzemeleri > Pasta Süsleme & Dolgu Malzemeleri","YES","NO","HIGH"
"seker-tuz-baharat","SPLIT","<MULTIPLE — SEE SPLIT_SUCCESSORS>","ONE_TO_MANY_PRODUCT_RULE_REQUIRED","YES","Gıda & İçecek > Un, Şeker & Pişirme Malzemeleri > Şeker & Tatlandırıcılar || Gıda & İçecek > Sos, Baharat & Çeşni > Baharatlar || Gıda & İçecek > Sos, Baharat & Çeşni > Tuz & Çeşni Karışımları","YES","NO","HIGH"
"sivi-yag-sos-sirke","SPLIT","<MULTIPLE — SEE SPLIT_SUCCESSORS>","ONE_TO_MANY_PRODUCT_RULE_REQUIRED","YES","Gıda & İçecek > Yağ & Sirke > Yemeklik Yağlar || Gıda & İçecek > Yağ & Sirke > Sirke || Gıda & İçecek > Sos, Baharat & Çeşni > Sofra Sosları || Gıda & İçecek > Sos, Baharat & Çeşni > Yemek & Pişirme Sosları","YES","NO","HIGH"
"kahvaltilik-sut-urunleri","SPLIT","<MULTIPLE — SEE SPLIT_SUCCESSORS>","ONE_TO_MANY_PRODUCT_RULE_REQUIRED","YES","Gıda & İçecek > Süt Ürünleri & Yumurta || Gıda & İçecek > Kahvaltılık","YES","NO","HIGH"
"sut-yogurt","SPLIT","<MULTIPLE — SEE SPLIT_SUCCESSORS>","ONE_TO_MANY_PRODUCT_RULE_REQUIRED","YES","Gıda & İçecek > Süt Ürünleri & Yumurta > Süt || Gıda & İçecek > Süt Ürünleri & Yumurta > Yoğurt","YES","YES","HIGH"
"peynir","KEEP","Gıda & İçecek > Süt Ürünleri & Yumurta > Peynir","ONE_TO_ONE_BIND_OR_ALLOCATE","NO","","YES","YES","HIGH"
"tereyagi-margarin","SPLIT","<MULTIPLE — SEE SPLIT_SUCCESSORS>","ONE_TO_MANY_PRODUCT_RULE_REQUIRED","YES","Gıda & İçecek > Süt Ürünleri & Yumurta > Tereyağı & Krema || Gıda & İçecek > Yağ & Sirke > Yemeklik Yağlar > Katı Yemeklik Yağlar","YES","YES","HIGH"
"yumurta","KEEP","Gıda & İçecek > Süt Ürünleri & Yumurta > Yumurta","ONE_TO_ONE_BIND_OR_ALLOCATE","NO","","YES","YES","HIGH"
"zeytin","KEEP","Gıda & İçecek > Kahvaltılık > Zeytin","ONE_TO_ONE_BIND_OR_ALLOCATE","NO","","YES","NO","LOW"
"bal-recel-surulebilir-urunler","SPLIT","<MULTIPLE — SEE SPLIT_SUCCESSORS>","ONE_TO_MANY_PRODUCT_RULE_REQUIRED","YES","Gıda & İçecek > Kahvaltılık > Bal & Pekmez || Gıda & İçecek > Kahvaltılık > Reçel & Marmelat || Gıda & İçecek > Kahvaltılık > Sürülebilir Ezme & Kremalar","YES","NO","HIGH"
"icecek-atistirmalik","SPLIT","<MULTIPLE — SEE SPLIT_SUCCESSORS>","ONE_TO_MANY_PRODUCT_RULE_REQUIRED","YES","Gıda & İçecek > Atıştırmalık, Şekerleme & Kuruyemiş || Gıda & İçecek > Alkolsüz İçecekler","YES","NO","HIGH"
"su-maden-suyu","MOVE","Gıda & İçecek > Alkolsüz İçecekler > Su & Maden Suyu","ONE_TO_ONE_SUCCESSOR_WITH_LEGACY_ALIAS","YES","","YES","NO","LOW"
"cay-bitki-cayi","SPLIT","<MULTIPLE — SEE SPLIT_SUCCESSORS>","ONE_TO_MANY_PRODUCT_RULE_REQUIRED","YES","Gıda & İçecek > Alkolsüz İçecekler > Çay || Gıda & İçecek > Alkolsüz İçecekler > Bitki & Meyve Çayları","YES","YES","HIGH"
"kahve-kakao","SPLIT","<MULTIPLE — SEE SPLIT_SUCCESSORS>","ONE_TO_MANY_PRODUCT_RULE_REQUIRED","YES","Gıda & İçecek > Alkolsüz İçecekler > Kahve || Gıda & İçecek > Un, Şeker & Pişirme Malzemeleri > Kakao & Pişirme Çikolatası","YES","NO","HIGH"
"gazli-icecek-meyve-suyu","SPLIT","<MULTIPLE — SEE SPLIT_SUCCESSORS>","ONE_TO_MANY_PRODUCT_RULE_REQUIRED","YES","Gıda & İçecek > Alkolsüz İçecekler > Gazlı İçecekler || Gıda & İçecek > Alkolsüz İçecekler > Meyve Suyu & Meyveli İçecekler","YES","NO","HIGH"
"cikolata-sekerleme","SPLIT","<MULTIPLE — SEE SPLIT_SUCCESSORS>","ONE_TO_MANY_PRODUCT_RULE_REQUIRED","YES","Gıda & İçecek > Atıştırmalık, Şekerleme & Kuruyemiş > Çikolata || Gıda & İçecek > Atıştırmalık, Şekerleme & Kuruyemiş > Şekerleme & Sakız","YES","NO","HIGH"
"biskuvi-kraker-kek","KEEP","Gıda & İçecek > Atıştırmalık, Şekerleme & Kuruyemiş > Bisküvi, Kraker & Kek","ONE_TO_ONE_BIND_OR_ALLOCATE","NO","","YES","NO","LOW"
"cips-patlamis-misir","RENAME","Gıda & İçecek > Atıştırmalık, Şekerleme & Kuruyemiş > Cips & Tuzlu Atıştırmalık","ONE_TO_ONE_SUCCESSOR_WITH_LEGACY_ALIAS","YES","","YES","NO","LOW"
"kuruyemis-kuru-meyve","SPLIT","<MULTIPLE — SEE SPLIT_SUCCESSORS>","ONE_TO_MANY_PRODUCT_RULE_REQUIRED","YES","Gıda & İçecek > Atıştırmalık, Şekerleme & Kuruyemiş > Kuru Meyve || Gıda & İçecek > Atıştırmalık, Şekerleme & Kuruyemiş > Kuruyemiş","YES","NO","HIGH"
"taze-donuk-hazir-gida","SPLIT","<MULTIPLE — SEE SPLIT_SUCCESSORS>","ONE_TO_MANY_PRODUCT_RULE_REQUIRED","YES","Gıda & İçecek > Taze Meyve & Sebze || Gıda & İçecek > Et, Tavuk, Balık & Şarküteri || Gıda & İçecek > Ekmek, Unlu Mamuller & Pastacılık || Gıda & İçecek > Hazır & Pratik Gıda || Gıda & İçecek > Donuk Gıda","YES","NO","HIGH"
"taze-meyve","KEEP","Gıda & İçecek > Taze Meyve & Sebze > Taze Meyve","ONE_TO_ONE_BIND_OR_ALLOCATE","NO","","YES","NO","LOW"
"taze-sebze","KEEP","Gıda & İçecek > Taze Meyve & Sebze > Taze Sebze","ONE_TO_ONE_BIND_OR_ALLOCATE","NO","","YES","NO","LOW"
"ekmek-unlu-mamuller","SPLIT","<MULTIPLE — SEE SPLIT_SUCCESSORS>","ONE_TO_MANY_PRODUCT_RULE_REQUIRED","YES","Gıda & İçecek > Ekmek, Unlu Mamuller & Pastacılık > Ekmekler || Gıda & İçecek > Ekmek, Unlu Mamuller & Pastacılık > Simit, Poğaça & Börek || Gıda & İçecek > Ekmek, Unlu Mamuller & Pastacılık > Kek, Kurabiye & Paketli Unlu Mamuller || Gıda & İçecek > Ekmek, Unlu Mamuller & Pastacılık > Pasta & Pastane Tatlıları","YES","YES","HIGH"
"et-tavuk-urunleri","SPLIT","<MULTIPLE — SEE SPLIT_SUCCESSORS>","ONE_TO_MANY_PRODUCT_RULE_REQUIRED","YES","Gıda & İçecek > Et, Tavuk, Balık & Şarküteri > Kırmızı Et || Gıda & İçecek > Et, Tavuk, Balık & Şarküteri > Tavuk & Kanatlı","YES","YES","HIGH"
"sarkuteri","RENAME","Gıda & İçecek > Et, Tavuk, Balık & Şarküteri > Şarküteri Ürünleri","ONE_TO_ONE_SUCCESSOR_WITH_LEGACY_ALIAS","YES","","YES","YES","HIGH"
"balik-deniz-urunleri","KEEP","Gıda & İçecek > Et, Tavuk, Balık & Şarküteri > Balık & Deniz Ürünleri","ONE_TO_ONE_BIND_OR_ALLOCATE","NO","","YES","YES","HIGH"
"dondurulmus-gida","SPLIT","<MULTIPLE — SEE SPLIT_SUCCESSORS>","ONE_TO_MANY_PRODUCT_RULE_REQUIRED","YES","Gıda & İçecek > Donuk Gıda > Donuk Meyve & Sebze || Gıda & İçecek > Donuk Gıda > Donuk Et, Tavuk & Balık || Gıda & İçecek > Donuk Gıda > Donuk Hamur & Fırın Ürünleri || Gıda & İçecek > Donuk Gıda > Donuk Hazır Yemek & Atıştırmalık || Gıda & İçecek > Donuk Gıda > Dondurma & Donuk Tatlı","YES","YES","HIGH"
"hazir-yemek-meze","SPLIT","<MULTIPLE — SEE SPLIT_SUCCESSORS>","ONE_TO_MANY_PRODUCT_RULE_REQUIRED","YES","Gıda & İçecek > Hazır & Pratik Gıda > Meze & Hazır Salata || Gıda & İçecek > Hazır & Pratik Gıda > Paketli Hazır Yemek","YES","YES","HIGH"
"moda-giyim","RENAME","Giyim & Moda","ONE_TO_ONE_SUCCESSOR_WITH_LEGACY_ALIAS","YES","","NO","NO","LOW"
"ust-giyim","KEEP","Giyim & Moda > Üst Giyim","ONE_TO_ONE_BIND_OR_ALLOCATE","NO","","YES","NO","LOW"
"tisort","KEEP","Giyim & Moda > Üst Giyim > Tişört","ONE_TO_ONE_BIND_OR_ALLOCATE","NO","","YES","NO","LOW"
"gomlek-bluz","KEEP","Giyim & Moda > Üst Giyim > Gömlek & Bluz","ONE_TO_ONE_BIND_OR_ALLOCATE","NO","","YES","NO","LOW"
"kazak-hirka","SPLIT","<MULTIPLE — SEE SPLIT_SUCCESSORS>","ONE_TO_MANY_PRODUCT_RULE_REQUIRED","YES","Giyim & Moda > Üst Giyim > Kazak & Süveter || Giyim & Moda > Üst Giyim > Hırka","YES","NO","HIGH"
"sweatshirt-hoodie","KEEP","Giyim & Moda > Üst Giyim > Sweatshirt & Hoodie","ONE_TO_ONE_BIND_OR_ALLOCATE","NO","","YES","NO","LOW"
"tunik","KEEP","Giyim & Moda > Üst Giyim > Tunik","ONE_TO_ONE_BIND_OR_ALLOCATE","NO","","YES","NO","LOW"
"alt-giyim","KEEP","Giyim & Moda > Alt Giyim","ONE_TO_ONE_BIND_OR_ALLOCATE","NO","","YES","NO","LOW"
"pantolon","KEEP","Giyim & Moda > Alt Giyim > Pantolon","ONE_TO_ONE_BIND_OR_ALLOCATE","NO","","YES","NO","LOW"
"jean","KEEP","Giyim & Moda > Alt Giyim > Jean","ONE_TO_ONE_BIND_OR_ALLOCATE","NO","","YES","NO","LOW"
"etek","KEEP","Giyim & Moda > Alt Giyim > Etek","ONE_TO_ONE_BIND_OR_ALLOCATE","NO","","YES","NO","LOW"
"sort","KEEP","Giyim & Moda > Alt Giyim > Şort","ONE_TO_ONE_BIND_OR_ALLOCATE","NO","","YES","NO","LOW"
"tayt-esofman-alti","SPLIT","<MULTIPLE — SEE SPLIT_SUCCESSORS>","ONE_TO_MANY_PRODUCT_RULE_REQUIRED","YES","Giyim & Moda > Alt Giyim > Tayt || Giyim & Moda > Alt Giyim > Eşofman Altı","YES","NO","HIGH"
"dis-giyim-tek-parca","SPLIT","<MULTIPLE — SEE SPLIT_SUCCESSORS>","ONE_TO_MANY_PRODUCT_RULE_REQUIRED","YES","Giyim & Moda > Elbise & Tulum || Giyim & Moda > Takım & Kombinler || Giyim & Moda > Dış Giyim","YES","NO","HIGH"
"mont-kaban-parka","SPLIT","<MULTIPLE — SEE SPLIT_SUCCESSORS>","ONE_TO_MANY_PRODUCT_RULE_REQUIRED","YES","Giyim & Moda > Dış Giyim > Kaban & Pardösü || Giyim & Moda > Dış Giyim > Mont & Parka","YES","NO","HIGH"
"ceket-blazer","KEEP","Giyim & Moda > Dış Giyim > Ceket & Blazer","ONE_TO_ONE_BIND_OR_ALLOCATE","NO","","YES","NO","LOW"
"yagmurluk-ruzgarlik","RENAME_AND_MOVE","Giyim & Moda > Dış Giyim > Trençkot, Yağmurluk & Rüzgarlık","ONE_TO_ONE_SUCCESSOR_WITH_LEGACY_ALIAS","YES","","YES","NO","LOW"
"elbise","RENAME","Giyim & Moda > Elbise & Tulum > Elbiseler","ONE_TO_ONE_SUCCESSOR_WITH_LEGACY_ALIAS","YES","","YES","NO","LOW"
"tulum-giyim","RENAME","Giyim & Moda > Elbise & Tulum > Tulumlar","ONE_TO_ONE_SUCCESSOR_WITH_LEGACY_ALIAS","YES","","YES","NO","LOW"
"takim-elbise","MOVE","Giyim & Moda > Takım & Kombinler > Takım Elbise","ONE_TO_ONE_SUCCESSOR_WITH_LEGACY_ALIAS","YES","","YES","NO","LOW"
"ic-giyim-ev-giyimi-fonksiyonel","SPLIT","<MULTIPLE — SEE SPLIT_SUCCESSORS>","ONE_TO_MANY_PRODUCT_RULE_REQUIRED","YES","Giyim & Moda > İç Giyim || Giyim & Moda > Ev & Uyku Giyimi || Giyim & Moda > Spor & Performans Giyimi || Giyim & Moda > Mayo & Plaj Giyimi || Giyim & Moda > İş Giyimi & Üniforma","YES","NO","HIGH"
"ic-camasiri","SPLIT","<MULTIPLE — SEE SPLIT_SUCCESSORS>","ONE_TO_MANY_PRODUCT_RULE_REQUIRED","YES","Giyim & Moda > İç Giyim > Külot & Boxer || Giyim & Moda > İç Giyim > Sütyen & Bralet || Giyim & Moda > İç Giyim > Korse || Giyim & Moda > İç Giyim > İçlik & Termal İç Giyim","YES","NO","HIGH"
"sutyen-korse","SPLIT","<MULTIPLE — SEE SPLIT_SUCCESSORS>","ONE_TO_MANY_PRODUCT_RULE_REQUIRED","YES","Giyim & Moda > İç Giyim > Sütyen & Bralet || Giyim & Moda > İç Giyim > Korse","YES","NO","HIGH"
"pijama-gecelik","SPLIT","<MULTIPLE — SEE SPLIT_SUCCESSORS>","ONE_TO_MANY_PRODUCT_RULE_REQUIRED","YES","Giyim & Moda > Ev & Uyku Giyimi > Pijama || Giyim & Moda > Ev & Uyku Giyimi > Gecelik & Sabahlık","YES","NO","HIGH"
"corap-kulotlu-corap","KEEP","Giyim & Moda > İç Giyim > Çorap & Külotlu Çorap","ONE_TO_ONE_BIND_OR_ALLOCATE","NO","","YES","NO","LOW"
"is-kiyafeti-uniforma","RENAME","Giyim & Moda > İş Giyimi & Üniforma > Kurumsal Üniforma","ONE_TO_ONE_SUCCESSOR_WITH_LEGACY_ALIAS","YES","","YES","YES","HIGH"
"mayo-plaj-giyimi","RENAME","Giyim & Moda > Mayo & Plaj Giyimi > Mayo","ONE_TO_ONE_SUCCESSOR_WITH_LEGACY_ALIAS","YES","","YES","NO","LOW"
"ayakkabi","KEEP","Ayakkabı","ONE_TO_ONE_BIND_OR_ALLOCATE","NO","","NO","NO","LOW"
"gunluk-klasik-ayakkabi","SPLIT","<MULTIPLE — SEE SPLIT_SUCCESSORS>","ONE_TO_MANY_PRODUCT_RULE_REQUIRED","YES","Ayakkabı > Günlük Ayakkabılar || Ayakkabı > Klasik Ayakkabılar","YES","NO","HIGH"
"gunluk-bagcikli-ayakkabi","RENAME","Ayakkabı > Günlük Ayakkabılar > Günlük Bağcıklı Ayakkabılar","ONE_TO_ONE_SUCCESSOR_WITH_LEGACY_ALIAS","YES","","YES","NO","LOW"
"mokasen-loafer","RENAME","Ayakkabı > Günlük Ayakkabılar > Loafer & Mokasen","ONE_TO_ONE_SUCCESSOR_WITH_LEGACY_ALIAS","YES","","YES","NO","LOW"
"babet-duz-ayakkabi","RENAME","Ayakkabı > Günlük Ayakkabılar > Babet & Düz Ayakkabılar","ONE_TO_ONE_SUCCESSOR_WITH_LEGACY_ALIAS","YES","","YES","NO","LOW"
"klasik-ayakkabi","SPLIT","<MULTIPLE — SEE SPLIT_SUCCESSORS>","ONE_TO_MANY_PRODUCT_RULE_REQUIRED","YES","Ayakkabı > Klasik Ayakkabılar > Oxford & Derby Ayakkabılar || Ayakkabı > Klasik Ayakkabılar > Klasik Loafer || Ayakkabı > Klasik Ayakkabılar > Topuklu Ayakkabılar || Ayakkabı > Klasik Ayakkabılar > Davet & Abiye Ayakkabılar","YES","NO","HIGH"
"topuklu-ayakkabi","RENAME_AND_MOVE","Ayakkabı > Klasik Ayakkabılar > Topuklu Ayakkabılar","ONE_TO_ONE_SUCCESSOR_WITH_LEGACY_ALIAS","YES","","YES","NO","LOW"
"spor-ayakkabi","RENAME","Ayakkabı > Spor Ayakkabıları","ONE_TO_ONE_SUCCESSOR_WITH_LEGACY_ALIAS","YES","","YES","NO","LOW"
"kosu-ayakkabisi","RENAME","Ayakkabı > Spor Ayakkabıları > Koşu & Yürüyüş Ayakkabıları > Koşu Ayakkabıları","ONE_TO_ONE_SUCCESSOR_WITH_LEGACY_ALIAS","YES","","YES","NO","LOW"
"yuruyus-ayakkabisi","RENAME","Ayakkabı > Spor Ayakkabıları > Koşu & Yürüyüş Ayakkabıları > Yürüyüş Ayakkabıları","ONE_TO_ONE_SUCCESSOR_WITH_LEGACY_ALIAS","YES","","YES","NO","LOW"
"gunluk-sneaker","KEEP","Ayakkabı > Günlük Ayakkabılar > Günlük Sneaker","ONE_TO_ONE_BIND_OR_ALLOCATE","NO","","YES","NO","LOW"
"salon-antrenman-ayakkabisi","RENAME","Ayakkabı > Spor Ayakkabıları > Antrenman & Salon Ayakkabıları","ONE_TO_ONE_SUCCESSOR_WITH_LEGACY_ALIAS","YES","","YES","NO","LOW"
"futbol-ayakkabisi","RENAME","Ayakkabı > Spor Ayakkabıları > Takım Sporu Ayakkabıları > Futbol Kramponları","ONE_TO_ONE_SUCCESSOR_WITH_LEGACY_ALIAS","YES","","YES","NO","LOW"
"bot-cizme","RENAME","Ayakkabı > Bot & Çizmeler","ONE_TO_ONE_SUCCESSOR_WITH_LEGACY_ALIAS","YES","","YES","NO","LOW"
"bot","RENAME","Ayakkabı > Bot & Çizmeler > Günlük Botlar","ONE_TO_ONE_SUCCESSOR_WITH_LEGACY_ALIAS","YES","","YES","NO","LOW"
"cizme","RENAME","Ayakkabı > Bot & Çizmeler > Çizmeler","ONE_TO_ONE_SUCCESSOR_WITH_LEGACY_ALIAS","YES","","YES","NO","LOW"
"kar-yagmur-botu","SPLIT","<MULTIPLE — SEE SPLIT_SUCCESSORS>","ONE_TO_MANY_PRODUCT_RULE_REQUIRED","YES","Ayakkabı > Bot & Çizmeler > Yağmur Botları || Ayakkabı > Bot & Çizmeler > Kar & Kış Botları","YES","NO","HIGH"
"trekking-ayakkabisi-botu","RENAME_AND_MOVE","Ayakkabı > Spor Ayakkabıları > Outdoor & Trekking Ayakkabıları","ONE_TO_ONE_SUCCESSOR_WITH_LEGACY_ALIAS","YES","","YES","NO","LOW"
"sandalet-terlik-uzmanlik-ayakkabisi","SPLIT","<MULTIPLE — SEE SPLIT_SUCCESSORS>","ONE_TO_MANY_PRODUCT_RULE_REQUIRED","YES","Ayakkabı > Sandalet & Terlikler || Ayakkabı > İş & Profesyonel Ayakkabılar","YES","YES","HIGH"
"sandalet","RENAME","Ayakkabı > Sandalet & Terlikler > Sandaletler","ONE_TO_ONE_SUCCESSOR_WITH_LEGACY_ALIAS","YES","","YES","NO","LOW"
"terlik","RENAME_AND_MOVE","Ayakkabı > Çocuk & Bebek Ayakkabıları > Çocuk Sandalet & Terlikleri","ONE_TO_ONE_SUCCESSOR_WITH_LEGACY_ALIAS","YES","","YES","NO","LOW"
"deniz-ayakkabisi","RENAME_AND_MOVE","Ayakkabı > Sandalet & Terlikler > Deniz Ayakkabıları","ONE_TO_ONE_SUCCESSOR_WITH_LEGACY_ALIAS","YES","","YES","NO","LOW"
"is-guvenligi-ayakkabisi","MOVE","Yapı, Hırdavat & Tesisat > İş Güvenliği & Koruyucu Donanım > İş Güvenliği Ayakkabıları","ONE_TO_ONE_SUCCESSOR_WITH_LEGACY_ALIAS","YES","","YES","YES","HIGH"
"medikal-konfor-ayakkabisi","UNRESOLVED","","MANUAL_SUCCESSOR_DECISION_REQUIRED","YES","","YES","YES","HIGH"
"canta-giyim-aksesuari","RENAME","Çanta & Aksesuar","ONE_TO_ONE_SUCCESSOR_WITH_LEGACY_ALIAS","YES","","NO","NO","LOW"
"gunluk-cantalar","SPLIT","<MULTIPLE — SEE SPLIT_SUCCESSORS>","ONE_TO_MANY_PRODUCT_RULE_REQUIRED","YES","Çanta & Aksesuar > El, Omuz & Bel Çantaları || Çanta & Aksesuar > Sırt Çantaları","YES","NO","HIGH"
"el-cantasi","RENAME","Çanta & Aksesuar > El, Omuz & Bel Çantaları > El Çantaları","ONE_TO_ONE_SUCCESSOR_WITH_LEGACY_ALIAS","YES","","YES","NO","LOW"
"omuz-capraz-canta","SPLIT","<MULTIPLE — SEE SPLIT_SUCCESSORS>","ONE_TO_MANY_PRODUCT_RULE_REQUIRED","YES","Çanta & Aksesuar > El, Omuz & Bel Çantaları > Çapraz Çantalar || Çanta & Aksesuar > El, Omuz & Bel Çantaları > Omuz Çantaları","YES","NO","HIGH"
"sirt-cantasi","RENAME","Çanta & Aksesuar > Sırt Çantaları > Günlük Sırt Çantaları","ONE_TO_ONE_SUCCESSOR_WITH_LEGACY_ALIAS","YES","","YES","NO","LOW"
"bel-cantasi","RENAME","Çanta & Aksesuar > El, Omuz & Bel Çantaları > Bel Çantaları","ONE_TO_ONE_SUCCESSOR_WITH_LEGACY_ALIAS","YES","","YES","NO","LOW"
"alisveris-bez-canta","UNRESOLVED","","MANUAL_SUCCESSOR_DECISION_REQUIRED","YES","","YES","NO","HIGH"
"is-okul-cihaz-cantalari","SPLIT","<MULTIPLE — SEE SPLIT_SUCCESSORS>","ONE_TO_MANY_PRODUCT_RULE_REQUIRED","YES","Çanta & Aksesuar > Sırt Çantaları || Çanta & Aksesuar > Evrak, Laptop & Ekipman Çantaları","YES","NO","HIGH"
"laptop-cantasi","RENAME","Çanta & Aksesuar > Evrak, Laptop & Ekipman Çantaları > Laptop Çantaları","ONE_TO_ONE_SUCCESSOR_WITH_LEGACY_ALIAS","YES","","YES","NO","LOW"
"evrak-cantasi","RENAME","Çanta & Aksesuar > Evrak, Laptop & Ekipman Çantaları > Evrak & İş Çantaları","ONE_TO_ONE_SUCCESSOR_WITH_LEGACY_ALIAS","YES","","YES","NO","LOW"
"okul-cantasi","RENAME","Çanta & Aksesuar > Sırt Çantaları > Okul Sırt Çantaları","ONE_TO_ONE_SUCCESSOR_WITH_LEGACY_ALIAS","YES","","YES","NO","LOW"
"fotograf-makinesi-cantasi","RENAME_AND_MOVE","Çanta & Aksesuar > Evrak, Laptop & Ekipman Çantaları > Kamera Çantaları","ONE_TO_ONE_SUCCESSOR_WITH_LEGACY_ALIAS","YES","","YES","NO","LOW"
"seyahat-cantalari","SPLIT","<MULTIPLE — SEE SPLIT_SUCCESSORS>","ONE_TO_MANY_PRODUCT_RULE_REQUIRED","YES","Çanta & Aksesuar > Valiz & Seyahat Çantaları || Çanta & Aksesuar > Seyahat Aksesuarları","YES","NO","HIGH"
"valiz","SPLIT","<MULTIPLE — SEE SPLIT_SUCCESSORS>","ONE_TO_MANY_PRODUCT_RULE_REQUIRED","YES","Çanta & Aksesuar > Valiz & Seyahat Çantaları > Kabin Boy Valizler || Çanta & Aksesuar > Valiz & Seyahat Çantaları > Orta & Büyük Boy Valizler","YES","NO","HIGH"
"seyahat-cantasi","RENAME","Çanta & Aksesuar > Valiz & Seyahat Çantaları > Seyahat & Duffel Çantaları","ONE_TO_ONE_SUCCESSOR_WITH_LEGACY_ALIAS","YES","","YES","NO","LOW"
"kabin-el-bagaji","RENAME","Çanta & Aksesuar > Valiz & Seyahat Çantaları > Kabin Boy Valizler","ONE_TO_ONE_SUCCESSOR_WITH_LEGACY_ALIAS","YES","","YES","NO","LOW"
"makyaj-bakim-cantasi","RENAME_AND_MOVE","Çanta & Aksesuar > Evrak, Laptop & Ekipman Çantaları > Genel Ekipman Çantaları","ONE_TO_ONE_SUCCESSOR_WITH_LEGACY_ALIAS","YES","","YES","NO","LOW"
"kucuk-deri-giyim-tamamlayicilari","SPLIT","<MULTIPLE — SEE SPLIT_SUCCESSORS>","ONE_TO_MANY_PRODUCT_RULE_REQUIRED","YES","Çanta & Aksesuar > Cüzdan, Kartlık & Anahtarlık || Çanta & Aksesuar > Kemer, Pantolon Askısı & Kravat || Çanta & Aksesuar > Şapka, Bere & Saç Aksesuarları || Çanta & Aksesuar > Atkı, Şal & Eldiven || Çanta & Aksesuar > Şemsiyeler || Çanta & Aksesuar > Seyahat Aksesuarları","YES","NO","HIGH"
"cuzdan-kartlik","SPLIT","<MULTIPLE — SEE SPLIT_SUCCESSORS>","ONE_TO_MANY_PRODUCT_RULE_REQUIRED","YES","Çanta & Aksesuar > Cüzdan, Kartlık & Anahtarlık > Cüzdanlar || Çanta & Aksesuar > Cüzdan, Kartlık & Anahtarlık > Kartlıklar","YES","NO","HIGH"
"kemer","RENAME","Çanta & Aksesuar > Kemer, Pantolon Askısı & Kravat > Kemerler","ONE_TO_ONE_SUCCESSOR_WITH_LEGACY_ALIAS","YES","","YES","NO","LOW"
"sapka-bere","SPLIT","<MULTIPLE — SEE SPLIT_SUCCESSORS>","ONE_TO_MANY_PRODUCT_RULE_REQUIRED","YES","Çanta & Aksesuar > Şapka, Bere & Saç Aksesuarları > Şapka & Kep || Çanta & Aksesuar > Şapka, Bere & Saç Aksesuarları > Bereler","YES","NO","HIGH"
"atki-sal-fular","SPLIT","<MULTIPLE — SEE SPLIT_SUCCESSORS>","ONE_TO_MANY_PRODUCT_RULE_REQUIRED","YES","Çanta & Aksesuar > Atkı, Şal & Eldiven > Atkı & Fular || Çanta & Aksesuar > Atkı, Şal & Eldiven > Şal & Eşarp","YES","NO","HIGH"
"eldiven","RENAME","Çanta & Aksesuar > Atkı, Şal & Eldiven > Günlük Eldivenler","ONE_TO_ONE_SUCCESSOR_WITH_LEGACY_ALIAS","YES","","YES","NO","LOW"
"kravat-papyon","KEEP","Çanta & Aksesuar > Kemer, Pantolon Askısı & Kravat > Kravat & Papyon","ONE_TO_ONE_BIND_OR_ALLOCATE","NO","","YES","NO","LOW"
"semsiye","SPLIT","<MULTIPLE — SEE SPLIT_SUCCESSORS>","ONE_TO_MANY_PRODUCT_RULE_REQUIRED","YES","Çanta & Aksesuar > Şemsiyeler > Kompakt Şemsiyeler || Çanta & Aksesuar > Şemsiyeler > Baston Şemsiyeler","YES","NO","HIGH"
"sac-aksesuarlari","RENAME","Çanta & Aksesuar > Şapka, Bere & Saç Aksesuarları > Saç Tokaları","ONE_TO_ONE_SUCCESSOR_WITH_LEGACY_ALIAS","YES","","YES","NO","LOW"
"elektronik","KEEP","Elektronik","ONE_TO_ONE_BIND_OR_ALLOCATE","NO","","NO","NO","LOW"
"telefon-giyilebilir-teknoloji","SPLIT","<MULTIPLE — SEE SPLIT_SUCCESSORS>","ONE_TO_MANY_PRODUCT_RULE_REQUIRED","YES","Elektronik > Telefon & Aksesuarları || Elektronik > Giyilebilir Teknoloji","NO","NO","HIGH"
"akilli-telefon","RENAME_AND_MOVE","Elektronik > Telefon & Aksesuarları > Cep Telefonları > Akıllı Telefonlar","ONE_TO_ONE_SUCCESSOR_WITH_LEGACY_ALIAS","YES","","NO","NO","LOW"
"tuslu-cep-telefonu","RENAME_AND_MOVE","Elektronik > Telefon & Aksesuarları > Cep Telefonları > Tuşlu Telefonlar","ONE_TO_ONE_SUCCESSOR_WITH_LEGACY_ALIAS","YES","","NO","NO","LOW"
"akilli-saat","MOVE","Elektronik > Giyilebilir Teknoloji","ONE_TO_ONE_SUCCESSOR_WITH_LEGACY_ALIAS","YES","","NO","NO","LOW"
"akilli-bileklik","MOVE","Elektronik > Giyilebilir Teknoloji","ONE_TO_ONE_SUCCESSOR_WITH_LEGACY_ALIAS","YES","","NO","NO","LOW"
"gps-takip-cihazi","MOVE","Elektronik > Giyilebilir Teknoloji","ONE_TO_ONE_SUCCESSOR_WITH_LEGACY_ALIAS","YES","","NO","NO","LOW"
"telefon-aksesuarlari","SPLIT","<MULTIPLE — SEE SPLIT_SUCCESSORS>","ONE_TO_MANY_PRODUCT_RULE_REQUIRED","YES","Elektronik > Telefon & Aksesuarları || Elektronik > Güç, Şarj & Bağlantı","NO","NO","HIGH"
"telefon-koruma-tasima","SPLIT","<MULTIPLE — SEE SPLIT_SUCCESSORS>","ONE_TO_MANY_PRODUCT_RULE_REQUIRED","YES","Elektronik > Telefon & Aksesuarları > Telefon Kılıfları || Elektronik > Telefon & Aksesuarları > Ekran Koruyucular","NO","NO","HIGH"
"cep-telefonu-kilifi","RENAME_AND_MOVE","Elektronik > Telefon & Aksesuarları > Telefon Kılıfları","ONE_TO_ONE_SUCCESSOR_WITH_LEGACY_ALIAS","YES","","NO","NO","LOW"
"telefon-ekran-koruyucu","RENAME_AND_MOVE","Elektronik > Telefon & Aksesuarları > Ekran Koruyucular","ONE_TO_ONE_SUCCESSOR_WITH_LEGACY_ALIAS","YES","","NO","NO","LOW"
"telefon-sarj-guc","MOVE","Elektronik > Güç, Şarj & Bağlantı","ONE_TO_ONE_SUCCESSOR_WITH_LEGACY_ALIAS","YES","","NO","NO","LOW"
"telefon-sarj-cihazi","MOVE","Elektronik > Güç, Şarj & Bağlantı","ONE_TO_ONE_SUCCESSOR_WITH_LEGACY_ALIAS","YES","","NO","NO","LOW"
"telefon-sarj-kablosu","MOVE","Elektronik > Güç, Şarj & Bağlantı","ONE_TO_ONE_SUCCESSOR_WITH_LEGACY_ALIAS","YES","","NO","NO","LOW"
"powerbank","MOVE","Elektronik > Güç, Şarj & Bağlantı","ONE_TO_ONE_SUCCESSOR_WITH_LEGACY_ALIAS","YES","","NO","NO","LOW"
"kablosuz-sarj-cihazi","MOVE","Elektronik > Güç, Şarj & Bağlantı","ONE_TO_ONE_SUCCESSOR_WITH_LEGACY_ALIAS","YES","","NO","NO","LOW"
"telefon-tutucu-giris-aksesuarlari","SPLIT","<MULTIPLE — SEE SPLIT_SUCCESSORS>","ONE_TO_MANY_PRODUCT_RULE_REQUIRED","YES","Elektronik > Telefon & Aksesuarları > Telefon Tutucu, Stand & Askıları || Elektronik > Telefon & Aksesuarları > Telefon Kamera & Çekim Aksesuarları || Otomotiv & Motosiklet > Araç İçi Aksesuarları","YES","NO","HIGH"
"telefon-tutucu","SPLIT","<MULTIPLE — SEE SPLIT_SUCCESSORS>","ONE_TO_MANY_PRODUCT_RULE_REQUIRED","YES","Elektronik > Telefon & Aksesuarları > Telefon Tutucu, Stand & Askıları || Otomotiv & Motosiklet > Araç İçi Aksesuarları","YES","NO","HIGH"
"selfie-cubugu-uzaktan-kumanda","RENAME_AND_MOVE","Elektronik > Telefon & Aksesuarları > Telefon Kamera & Çekim Aksesuarları","ONE_TO_ONE_SUCCESSOR_WITH_LEGACY_ALIAS","YES","","NO","NO","LOW"
"telefon-yedek-bilesenleri","RENAME_AND_MOVE","Elektronik > Telefon & Aksesuarları > Telefon Yedek Parçaları","ONE_TO_ONE_SUCCESSOR_WITH_LEGACY_ALIAS","YES","","NO","YES","HIGH"
"telefon-bataryasi","RENAME_AND_MOVE","Elektronik > Telefon & Aksesuarları > Telefon Yedek Parçaları > Telefon Bataryaları","ONE_TO_ONE_SUCCESSOR_WITH_LEGACY_ALIAS","YES","","NO","YES","HIGH"
"telefon-ekran-modulu","RENAME_AND_MOVE","Elektronik > Telefon & Aksesuarları > Telefon Yedek Parçaları > Ekran & Dokunmatik Modülleri","ONE_TO_ONE_SUCCESSOR_WITH_LEGACY_ALIAS","YES","","NO","YES","HIGH"
"ses-goruntu-sistemleri","SPLIT","<MULTIPLE — SEE SPLIT_SUCCESSORS>","ONE_TO_MANY_PRODUCT_RULE_REQUIRED","YES","Elektronik > TV & Görüntü Sistemleri || Elektronik > Ses & Kulaklık || Elektronik > Güç, Şarj & Bağlantı","NO","NO","HIGH"
"kulaklik","MOVE","Elektronik > Ses & Kulaklık","ONE_TO_ONE_SUCCESSOR_WITH_LEGACY_ALIAS","YES","","NO","NO","LOW"
"tasinabilir-hoparlor","MOVE","Elektronik > Ses & Kulaklık","ONE_TO_ONE_SUCCESSOR_WITH_LEGACY_ALIAS","YES","","NO","NO","LOW"
"ev-ses-sistemi","MOVE","Elektronik > Ses & Kulaklık","ONE_TO_ONE_SUCCESSOR_WITH_LEGACY_ALIAS","YES","","NO","NO","LOW"
"mikrofon","MOVE","Elektronik > Ses & Kulaklık","ONE_TO_ONE_SUCCESSOR_WITH_LEGACY_ALIAS","YES","","NO","NO","LOW"
"televizyon","MOVE","Elektronik > TV & Görüntü Sistemleri","ONE_TO_ONE_SUCCESSOR_WITH_LEGACY_ALIAS","YES","","NO","NO","LOW"
"projeksiyon-cihazi","MOVE","Elektronik > TV & Görüntü Sistemleri","ONE_TO_ONE_SUCCESSOR_WITH_LEGACY_ALIAS","YES","","NO","NO","LOW"
"medya-oynatici","MOVE","Elektronik > TV & Görüntü Sistemleri","ONE_TO_ONE_SUCCESSOR_WITH_LEGACY_ALIAS","YES","","NO","NO","LOW"
"uydu-alicisi-anten","MOVE","Elektronik > TV & Görüntü Sistemleri","ONE_TO_ONE_SUCCESSOR_WITH_LEGACY_ALIAS","YES","","NO","NO","LOW"
"kamera-guvenlik-elektronigi","SPLIT","<MULTIPLE — SEE SPLIT_SUCCESSORS>","ONE_TO_MANY_PRODUCT_RULE_REQUIRED","YES","Elektronik > Fotoğraf & Kamera || Elektronik > Akıllı Ev & Güvenlik","NO","NO","HIGH"
"fotograf-makinesi","MOVE","Elektronik > Fotoğraf & Kamera","ONE_TO_ONE_SUCCESSOR_WITH_LEGACY_ALIAS","YES","","NO","NO","LOW"
"aksiyon-kamerasi","MOVE","Elektronik > Fotoğraf & Kamera","ONE_TO_ONE_SUCCESSOR_WITH_LEGACY_ALIAS","YES","","NO","NO","LOW"
"kamera-lensi-fotograf-aksesuari","MOVE","Elektronik > Fotoğraf & Kamera","ONE_TO_ONE_SUCCESSOR_WITH_LEGACY_ALIAS","YES","","NO","NO","LOW"
"guvenlik-kamerasi","MOVE","Elektronik > Akıllı Ev & Güvenlik","ONE_TO_ONE_SUCCESSOR_WITH_LEGACY_ALIAS","YES","","NO","NO","LOW"
"alarm-akilli-kapi-zili","MOVE","Elektronik > Akıllı Ev & Güvenlik","ONE_TO_ONE_SUCCESSOR_WITH_LEGACY_ALIAS","YES","","NO","NO","LOW"
"bebek-kamerasi-telsizi","MOVE","Elektronik > Akıllı Ev & Güvenlik","ONE_TO_ONE_SUCCESSOR_WITH_LEGACY_ALIAS","YES","","NO","NO","LOW"
"oyun-konsolu-aksesuarlari","KEEP","Elektronik > Oyun Konsolu & Aksesuarları","ONE_TO_ONE_BIND_OR_ALLOCATE","NO","","NO","NO","LOW"
"oyun-konsolu","MOVE","Elektronik > Oyun Konsolu & Aksesuarları","ONE_TO_ONE_SUCCESSOR_WITH_LEGACY_ALIAS","YES","","NO","NO","LOW"
"oyun-kolu-kontrolcu","MOVE","Elektronik > Oyun Konsolu & Aksesuarları","ONE_TO_ONE_SUCCESSOR_WITH_LEGACY_ALIAS","YES","","NO","NO","LOW"
"konsol-aksesuari","MOVE","Elektronik > Oyun Konsolu & Aksesuarları","ONE_TO_ONE_SUCCESSOR_WITH_LEGACY_ALIAS","YES","","NO","NO","LOW"
"fiziksel-video-oyunu","MOVE","Elektronik > Oyun Konsolu & Aksesuarları","ONE_TO_ONE_SUCCESSOR_WITH_LEGACY_ALIAS","YES","","NO","NO","LOW"
"elektronik-guc-kablo-bilesen","SPLIT","<MULTIPLE — SEE SPLIT_SUCCESSORS>","ONE_TO_MANY_PRODUCT_RULE_REQUIRED","YES","Elektronik > Güç, Şarj & Bağlantı || Elektronik > Elektronik Bileşenler","NO","NO","HIGH"
"pil-sarjli-pil","MOVE","Elektronik > Güç, Şarj & Bağlantı","ONE_TO_ONE_SUCCESSOR_WITH_LEGACY_ALIAS","YES","","NO","YES","HIGH"
"genel-adaptor-guc-kaynagi","MOVE","Elektronik > Güç, Şarj & Bağlantı","ONE_TO_ONE_SUCCESSOR_WITH_LEGACY_ALIAS","YES","","NO","NO","LOW"
"ses-goruntu-veri-kablosu","MOVE","Elektronik > Güç, Şarj & Bağlantı","ONE_TO_ONE_SUCCESSOR_WITH_LEGACY_ALIAS","YES","","NO","NO","LOW"
"uzaktan-kumanda","MOVE","Elektronik > Güç, Şarj & Bağlantı","ONE_TO_ONE_SUCCESSOR_WITH_LEGACY_ALIAS","YES","","NO","NO","LOW"
"hobi-elektronik-bileseni","MOVE","Elektronik > Elektronik Bileşenler","ONE_TO_ONE_SUCCESSOR_WITH_LEGACY_ALIAS","YES","","NO","NO","LOW"
"bilgisayar-tablet","KEEP","Bilgisayar & Tablet","ONE_TO_ONE_BIND_OR_ALLOCATE","NO","","NO","NO","LOW"
"bilgisayar-tablet-okuyucu","SPLIT","<MULTIPLE — SEE SPLIT_SUCCESSORS>","ONE_TO_MANY_PRODUCT_RULE_REQUIRED","YES","Bilgisayar & Tablet > Dizüstü Bilgisayar || Bilgisayar & Tablet > Masaüstü Bilgisayar || Bilgisayar & Tablet > Tablet || Bilgisayar & Tablet > E-Kitap Okuyucu","NO","NO","HIGH"
"dizustu-bilgisayar","MOVE","Bilgisayar & Tablet > Dizüstü Bilgisayar","ONE_TO_ONE_SUCCESSOR_WITH_LEGACY_ALIAS","YES","","NO","NO","LOW"
"masaustu-bilgisayar","MOVE","Bilgisayar & Tablet > Masaüstü Bilgisayar","ONE_TO_ONE_SUCCESSOR_WITH_LEGACY_ALIAS","YES","","NO","NO","LOW"
"all-in-one-mini-bilgisayar","MOVE","Bilgisayar & Tablet > Masaüstü Bilgisayar","ONE_TO_ONE_SUCCESSOR_WITH_LEGACY_ALIAS","YES","","NO","NO","LOW"
"tablet","MOVE","Bilgisayar & Tablet > Tablet","ONE_TO_ONE_SUCCESSOR_WITH_LEGACY_ALIAS","YES","","NO","NO","LOW"
"e-kitap-okuyucu","MOVE","Bilgisayar & Tablet > E-Kitap Okuyucu","ONE_TO_ONE_SUCCESSOR_WITH_LEGACY_ALIAS","YES","","NO","NO","LOW"
"bilgisayar-bilesenleri","SPLIT","<MULTIPLE — SEE SPLIT_SUCCESSORS>","ONE_TO_MANY_PRODUCT_RULE_REQUIRED","YES","Bilgisayar & Tablet > Bilgisayar Bileşenleri || Bilgisayar & Tablet > Veri Depolama","NO","NO","HIGH"
"ana-bilgisayar-bilesenleri","SPLIT","<MULTIPLE — SEE SPLIT_SUCCESSORS>","ONE_TO_MANY_PRODUCT_RULE_REQUIRED","YES","Bilgisayar & Tablet > Bilgisayar Bileşenleri > İşlemci || Bilgisayar & Tablet > Bilgisayar Bileşenleri > Ekran Kartı || Bilgisayar & Tablet > Bilgisayar Bileşenleri > Anakart || Bilgisayar & Tablet > Bilgisayar Bileşenleri > RAM Bellek","NO","NO","HIGH"
"bilgisayar-islemcisi","MOVE","Bilgisayar & Tablet > Bilgisayar Bileşenleri > İşlemci","ONE_TO_ONE_SUCCESSOR_WITH_LEGACY_ALIAS","YES","","NO","NO","LOW"
"anakart","MOVE","Bilgisayar & Tablet > Bilgisayar Bileşenleri > Anakart","ONE_TO_ONE_SUCCESSOR_WITH_LEGACY_ALIAS","YES","","NO","NO","LOW"
"ram-bellek","MOVE","Bilgisayar & Tablet > Bilgisayar Bileşenleri > RAM Bellek","ONE_TO_ONE_SUCCESSOR_WITH_LEGACY_ALIAS","YES","","NO","NO","LOW"
"ekran-karti","MOVE","Bilgisayar & Tablet > Bilgisayar Bileşenleri > Ekran Kartı","ONE_TO_ONE_SUCCESSOR_WITH_LEGACY_ALIAS","YES","","NO","NO","LOW"
"dahili-depolama-bilesenleri","MOVE","Bilgisayar & Tablet > Veri Depolama","ONE_TO_ONE_SUCCESSOR_WITH_LEGACY_ALIAS","YES","","NO","NO","LOW"
"ssd","MOVE","Bilgisayar & Tablet > Veri Depolama","ONE_TO_ONE_SUCCESSOR_WITH_LEGACY_ALIAS","YES","","NO","NO","LOW"
"dahili-sabit-disk","MOVE","Bilgisayar & Tablet > Veri Depolama","ONE_TO_ONE_SUCCESSOR_WITH_LEGACY_ALIAS","YES","","NO","NO","LOW"
"optik-surucu","MOVE","Bilgisayar & Tablet > Veri Depolama","ONE_TO_ONE_SUCCESSOR_WITH_LEGACY_ALIAS","YES","","NO","NO","LOW"
"kasa-guc-sogutma","SPLIT","<MULTIPLE — SEE SPLIT_SUCCESSORS>","ONE_TO_MANY_PRODUCT_RULE_REQUIRED","YES","Bilgisayar & Tablet > Bilgisayar Bileşenleri > Güç Kaynağı || Bilgisayar & Tablet > Bilgisayar Bileşenleri > Bilgisayar Kasası || Bilgisayar & Tablet > Bilgisayar Bileşenleri > Soğutma","NO","NO","HIGH"
"bilgisayar-kasasi","MOVE","Bilgisayar & Tablet > Bilgisayar Bileşenleri > Bilgisayar Kasası","ONE_TO_ONE_SUCCESSOR_WITH_LEGACY_ALIAS","YES","","NO","NO","LOW"
"bilgisayar-guc-kaynagi","RENAME_AND_MOVE","Bilgisayar & Tablet > Bilgisayar Bileşenleri > Güç Kaynağı","ONE_TO_ONE_SUCCESSOR_WITH_LEGACY_ALIAS","YES","","NO","NO","LOW"
"bilgisayar-sogutma","SPLIT","<MULTIPLE — SEE SPLIT_SUCCESSORS>","ONE_TO_MANY_PRODUCT_RULE_REQUIRED","YES","Bilgisayar & Tablet > Bilgisayar Bileşenleri > Soğutma > İşlemci Soğutucu || Bilgisayar & Tablet > Bilgisayar Bileşenleri > Soğutma > Kasa Fanı || Bilgisayar & Tablet > Bilgisayar Bileşenleri > Soğutma > Sıvı Soğutma || Bilgisayar & Tablet > Bilgisayar Bileşenleri > Soğutma > Termal Macun & Ped","NO","NO","HIGH"
"bilgisayar-cevre-birimleri","SPLIT","<MULTIPLE — SEE SPLIT_SUCCESSORS>","ONE_TO_MANY_PRODUCT_RULE_REQUIRED","YES","Bilgisayar & Tablet > Monitör || Bilgisayar & Tablet > Klavye, Mouse & Çevre Birimleri || Bilgisayar & Tablet > Bilgisayar Aksesuarları","NO","NO","HIGH"
"monitor","MOVE","Bilgisayar & Tablet > Monitör","ONE_TO_ONE_SUCCESSOR_WITH_LEGACY_ALIAS","YES","","NO","NO","LOW"
"klavye","MOVE","Bilgisayar & Tablet > Klavye, Mouse & Çevre Birimleri","ONE_TO_ONE_SUCCESSOR_WITH_LEGACY_ALIAS","YES","","NO","NO","LOW"
"mouse-mousepad","MOVE","Bilgisayar & Tablet > Klavye, Mouse & Çevre Birimleri","ONE_TO_ONE_SUCCESSOR_WITH_LEGACY_ALIAS","YES","","NO","NO","LOW"
"webcam","MOVE","Bilgisayar & Tablet > Klavye, Mouse & Çevre Birimleri","ONE_TO_ONE_SUCCESSOR_WITH_LEGACY_ALIAS","YES","","NO","NO","LOW"
"grafik-tablet","MOVE","Bilgisayar & Tablet > Klavye, Mouse & Çevre Birimleri","ONE_TO_ONE_SUCCESSOR_WITH_LEGACY_ALIAS","YES","","NO","NO","LOW"
"usb-hub-dock-istasyonu","MOVE","Bilgisayar & Tablet > Bilgisayar Aksesuarları","ONE_TO_ONE_SUCCESSOR_WITH_LEGACY_ALIAS","YES","","NO","NO","LOW"
"tablet-giris-aksesuarlari","MOVE","Bilgisayar & Tablet > Bilgisayar Aksesuarları","ONE_TO_ONE_SUCCESSOR_WITH_LEGACY_ALIAS","YES","","NO","NO","LOW"
"dokunmatik-kalem","MOVE","Bilgisayar & Tablet > Bilgisayar Aksesuarları","ONE_TO_ONE_SUCCESSOR_WITH_LEGACY_ALIAS","YES","","NO","NO","LOW"
"ag-harici-depolama-baski","SPLIT","<MULTIPLE — SEE SPLIT_SUCCESSORS>","ONE_TO_MANY_PRODUCT_RULE_REQUIRED","YES","Bilgisayar & Tablet > Veri Depolama || Bilgisayar & Tablet > Yazıcı, Tarayıcı & Sarf Malzemeleri || Bilgisayar & Tablet > Ağ & İnternet Ürünleri","NO","NO","HIGH"
"modem-router","MOVE","Bilgisayar & Tablet > Ağ & İnternet Ürünleri","ONE_TO_ONE_SUCCESSOR_WITH_LEGACY_ALIAS","YES","","NO","NO","LOW"
"ag-cihazi-adaptoru","MOVE","Bilgisayar & Tablet > Ağ & İnternet Ürünleri","ONE_TO_ONE_SUCCESSOR_WITH_LEGACY_ALIAS","YES","","NO","NO","LOW"
"usb-bellek-hafiza-karti","MOVE","Bilgisayar & Tablet > Veri Depolama","ONE_TO_ONE_SUCCESSOR_WITH_LEGACY_ALIAS","YES","","NO","NO","LOW"
"harici-disk-nas","MOVE","Bilgisayar & Tablet > Veri Depolama","ONE_TO_ONE_SUCCESSOR_WITH_LEGACY_ALIAS","YES","","NO","NO","LOW"
"yazici","MOVE","Bilgisayar & Tablet > Yazıcı, Tarayıcı & Sarf Malzemeleri","ONE_TO_ONE_SUCCESSOR_WITH_LEGACY_ALIAS","YES","","NO","NO","LOW"
"tarayici","MOVE","Bilgisayar & Tablet > Yazıcı, Tarayıcı & Sarf Malzemeleri","ONE_TO_ONE_SUCCESSOR_WITH_LEGACY_ALIAS","YES","","NO","NO","LOW"
"kartus-toner","MOVE","Bilgisayar & Tablet > Yazıcı, Tarayıcı & Sarf Malzemeleri","ONE_TO_ONE_SUCCESSOR_WITH_LEGACY_ALIAS","YES","","NO","NO","LOW"
"beyaz-esya-ev-aletleri","KEEP","Beyaz Eşya & Ev Aletleri","ONE_TO_ONE_BIND_OR_ALLOCATE","NO","","NO","NO","LOW"
"sogutma-cihazlari","RENAME","Beyaz Eşya & Ev Aletleri > Soğutma & Gıda Saklama Cihazları","ONE_TO_ONE_SUCCESSOR_WITH_LEGACY_ALIAS","YES","","YES","NO","LOW"
"buzdolabi","SPLIT","<MULTIPLE — SEE SPLIT_SUCCESSORS>","ONE_TO_MANY_PRODUCT_RULE_REQUIRED","YES","Beyaz Eşya & Ev Aletleri > Soğutma & Gıda Saklama Cihazları > Buzdolapları > Üstten Donduruculu Buzdolapları || Beyaz Eşya & Ev Aletleri > Soğutma & Gıda Saklama Cihazları > Buzdolapları > Alttan Donduruculu & Kombi Buzdolapları || Beyaz Eşya & Ev Aletleri > Soğutma & Gıda Saklama Cihazları > Buzdolapları > Gardırop Tipi Buzdolapları || Beyaz Eşya & Ev Aletleri > Soğutma & Gıda Saklama Cihazları > Buzdolapları > Mini Buzdolapları","YES","NO","HIGH"
"derin-dondurucu","RENAME","Beyaz Eşya & Ev Aletleri > Soğutma & Gıda Saklama Cihazları > Buzdolapları > Alttan Donduruculu & Kombi Buzdolapları","ONE_TO_ONE_SUCCESSOR_WITH_LEGACY_ALIAS","YES","","YES","NO","LOW"
"mini-buzdolabi","RENAME","Beyaz Eşya & Ev Aletleri > Soğutma & Gıda Saklama Cihazları > Buzdolapları > Mini Buzdolapları","ONE_TO_ONE_SUCCESSOR_WITH_LEGACY_ALIAS","YES","","YES","NO","LOW"
"su-sebili","RENAME","Beyaz Eşya & Ev Aletleri > Soğutma & Gıda Saklama Cihazları > Su Sebilleri","ONE_TO_ONE_SUCCESSOR_WITH_LEGACY_ALIAS","YES","","YES","NO","LOW"
"camasir-bulasik-cihazlari","RENAME","Beyaz Eşya & Ev Aletleri > Çamaşır & Bulaşık Bakım Cihazları","ONE_TO_ONE_SUCCESSOR_WITH_LEGACY_ALIAS","YES","","YES","NO","LOW"
"camasir-makinesi","RENAME","Beyaz Eşya & Ev Aletleri > Çamaşır & Bulaşık Bakım Cihazları > Çamaşır Makineleri","ONE_TO_ONE_SUCCESSOR_WITH_LEGACY_ALIAS","YES","","YES","NO","LOW"
"kurutma-makinesi","RENAME","Beyaz Eşya & Ev Aletleri > Çamaşır & Bulaşık Bakım Cihazları > Kurutma Makineleri","ONE_TO_ONE_SUCCESSOR_WITH_LEGACY_ALIAS","YES","","YES","NO","LOW"
"bulasik-makinesi","RENAME","Beyaz Eşya & Ev Aletleri > Çamaşır & Bulaşık Bakım Cihazları > Bulaşık Makineleri","ONE_TO_ONE_SUCCESSOR_WITH_LEGACY_ALIAS","YES","","YES","NO","LOW"
"utu","RENAME","Beyaz Eşya & Ev Aletleri > Ütü & Tekstil Bakım Cihazları > Ütüler","ONE_TO_ONE_SUCCESSOR_WITH_LEGACY_ALIAS","YES","","YES","NO","LOW"
"dikis-makinesi","RENAME","Beyaz Eşya & Ev Aletleri > Ütü & Tekstil Bakım Cihazları > Ev Tipi Dikiş Makineleri","ONE_TO_ONE_SUCCESSOR_WITH_LEGACY_ALIAS","YES","","YES","NO","LOW"
"pisirme-mutfak-cihazlari","SPLIT","<MULTIPLE — SEE SPLIT_SUCCESSORS>","ONE_TO_MANY_PRODUCT_RULE_REQUIRED","YES","Beyaz Eşya & Ev Aletleri > Büyük Pişirme Cihazları || Beyaz Eşya & Ev Aletleri > Küçük Mutfak Aletleri || Beyaz Eşya & Ev Aletleri > Su Isıtma & Sıcak Su Cihazları","YES","NO","HIGH"
"firin-cihazi","RENAME","Beyaz Eşya & Ev Aletleri > Büyük Pişirme Cihazları > Fırınlar","ONE_TO_ONE_SUCCESSOR_WITH_LEGACY_ALIAS","YES","","YES","NO","LOW"
"ocak-cihazi","RENAME","Beyaz Eşya & Ev Aletleri > Büyük Pişirme Cihazları > Ocaklar","ONE_TO_ONE_SUCCESSOR_WITH_LEGACY_ALIAS","YES","","YES","YES","HIGH"
"davlumbaz-aspirator","KEEP","Beyaz Eşya & Ev Aletleri > Büyük Pişirme Cihazları > Davlumbaz & Aspiratörler","ONE_TO_ONE_BIND_OR_ALLOCATE","NO","","YES","NO","LOW"
"mikrodalga-firin","RENAME","Beyaz Eşya & Ev Aletleri > Büyük Pişirme Cihazları > Mikrodalga Fırınlar","ONE_TO_ONE_SUCCESSOR_WITH_LEGACY_ALIAS","YES","","YES","NO","LOW"
"cay-kahve-makinesi","RENAME","Beyaz Eşya & Ev Aletleri > Küçük Mutfak Aletleri > Çay & Kahve Hazırlama > Türk Kahvesi Makineleri","ONE_TO_ONE_SUCCESSOR_WITH_LEGACY_ALIAS","YES","","YES","NO","LOW"
"blender-mikser-dograyici","SPLIT","<MULTIPLE — SEE SPLIT_SUCCESSORS>","ONE_TO_MANY_PRODUCT_RULE_REQUIRED","YES","Beyaz Eşya & Ev Aletleri > Küçük Mutfak Aletleri > Blender, Mikser & Doğrayıcılar > Blenderlar || Beyaz Eşya & Ev Aletleri > Küçük Mutfak Aletleri > Blender, Mikser & Doğrayıcılar > Mikserler","YES","NO","HIGH"
"tost-izgara-airfryer","RENAME","Beyaz Eşya & Ev Aletleri > Küçük Mutfak Aletleri > Tost & Izgara Makineleri","ONE_TO_ONE_SUCCESSOR_WITH_LEGACY_ALIAS","YES","","YES","NO","LOW"
"su-isitici-elektrikli-pisirici","RENAME","Beyaz Eşya & Ev Aletleri > Küçük Mutfak Aletleri > Su Isıtıcılar","ONE_TO_ONE_SUCCESSOR_WITH_LEGACY_ALIAS","YES","","YES","NO","LOW"
"temizlik-iklimlendirme-kisisel-ev-aleti","SPLIT","<MULTIPLE — SEE SPLIT_SUCCESSORS>","ONE_TO_MANY_PRODUCT_RULE_REQUIRED","YES","Beyaz Eşya & Ev Aletleri > Temizlik Cihazları || Beyaz Eşya & Ev Aletleri > İklimlendirme & Hava Kalitesi || Beyaz Eşya & Ev Aletleri > Ütü & Tekstil Bakım Cihazları || Beyaz Eşya & Ev Aletleri > Elektrikli Kişisel Bakım Cihazları || Beyaz Eşya & Ev Aletleri > Ev Aleti Aksesuar, Filtre & Sarf Malzemeleri","YES","NO","HIGH"
"elektrikli-supurge","RENAME","Beyaz Eşya & Ev Aletleri > Temizlik Cihazları > Elektrikli Süpürgeler > Dikey Süpürgeler","ONE_TO_ONE_SUCCESSOR_WITH_LEGACY_ALIAS","YES","","YES","NO","LOW"
"buharli-temizleyici","RENAME_AND_MOVE","Beyaz Eşya & Ev Aletleri > Temizlik Cihazları > Buharlı Temizleyiciler","ONE_TO_ONE_SUCCESSOR_WITH_LEGACY_ALIAS","YES","","YES","NO","LOW"
"klima","RENAME","Beyaz Eşya & Ev Aletleri > İklimlendirme & Hava Kalitesi > Klimalar","ONE_TO_ONE_SUCCESSOR_WITH_LEGACY_ALIAS","YES","","YES","NO","LOW"
"vantilator-hava-sogutucu","RENAME","Beyaz Eşya & Ev Aletleri > İklimlendirme & Hava Kalitesi > Vantilatör & Hava Soğutucular","ONE_TO_ONE_SUCCESSOR_WITH_LEGACY_ALIAS","YES","","YES","NO","LOW"
"isitici-soba","RENAME","Beyaz Eşya & Ev Aletleri > İklimlendirme & Hava Kalitesi > Elektrikli Isıtıcılar","ONE_TO_ONE_SUCCESSOR_WITH_LEGACY_ALIAS","YES","","YES","YES","HIGH"
"hava-temizleyici-nem-cihazi","RENAME","Beyaz Eşya & Ev Aletleri > İklimlendirme & Hava Kalitesi > Hava Temizleyiciler","ONE_TO_ONE_SUCCESSOR_WITH_LEGACY_ALIAS","YES","","YES","YES","HIGH"
"ev-yasam","KEEP","Ev & Yaşam","ONE_TO_ONE_BIND_OR_ALLOCATE","NO","","NO","NO","LOW"
"mobilya","KEEP","Ev & Yaşam > Mobilya","ONE_TO_ONE_BIND_OR_ALLOCATE","NO","","YES","NO","LOW"
"koltuk-kanepe","KEEP","Ev & Yaşam > Mobilya > Oturma Mobilyaları > Koltuk & Kanepe","ONE_TO_ONE_BIND_OR_ALLOCATE","NO","","YES","NO","LOW"
"masa-sandalye","SPLIT","<MULTIPLE — SEE SPLIT_SUCCESSORS>","ONE_TO_MANY_PRODUCT_RULE_REQUIRED","YES","Ev & Yaşam > Mobilya > Masa Mobilyaları > Yemek Masası || Ev & Yaşam > Mobilya > Oturma Birimleri > Sandalye","YES","NO","HIGH"
"yatak-baza-baslik","SPLIT","<MULTIPLE — SEE SPLIT_SUCCESSORS>","ONE_TO_MANY_PRODUCT_RULE_REQUIRED","YES","Ev & Yaşam > Yatak & Uyku Ürünleri > Yataklar || Ev & Yaşam > Mobilya > Yatak Mobilyaları > Baza & Başlık","YES","NO","HIGH"
"dolap-sifonyer","KEEP","Ev & Yaşam > Mobilya > Depolama Mobilyaları > Dolap & Şifonyer","ONE_TO_ONE_BIND_OR_ALLOCATE","NO","","YES","NO","LOW"
"raf-kitaplik-tv-unitesi","SPLIT","<MULTIPLE — SEE SPLIT_SUCCESSORS>","ONE_TO_MANY_PRODUCT_RULE_REQUIRED","YES","Ev & Yaşam > Mobilya > Depolama Mobilyaları > Raf & Kitaplık || Ev & Yaşam > Mobilya > Depolama Mobilyaları > TV Ünitesi","YES","NO","HIGH"
"calisma-mobilyasi","RENAME","Ev & Yaşam > Mobilya > Masa Mobilyaları > Çalışma Masası","ONE_TO_ONE_SUCCESSOR_WITH_LEGACY_ALIAS","YES","","YES","NO","LOW"
"ev-tekstili","SPLIT","<MULTIPLE — SEE SPLIT_SUCCESSORS>","ONE_TO_MANY_PRODUCT_RULE_REQUIRED","YES","Ev & Yaşam > Yatak & Uyku Ürünleri || Ev & Yaşam > Ev Tekstili || Ev & Yaşam > Perde & Pencere Tekstili || Ev & Yaşam > Halı, Kilim & Paspas","YES","NO","HIGH"
"nevresim-yatak-ortusu","SPLIT","<MULTIPLE — SEE SPLIT_SUCCESSORS>","ONE_TO_MANY_PRODUCT_RULE_REQUIRED","YES","Ev & Yaşam > Ev Tekstili > Yatak Tekstili > Nevresim Takımı || Ev & Yaşam > Ev Tekstili > Yatak Tekstili > Yatak Örtüsü","YES","NO","HIGH"
"yastik-yorgan","SPLIT","<MULTIPLE — SEE SPLIT_SUCCESSORS>","ONE_TO_MANY_PRODUCT_RULE_REQUIRED","YES","Ev & Yaşam > Yatak & Uyku Ürünleri > Yastıklar || Ev & Yaşam > Yatak & Uyku Ürünleri > Yorganlar","YES","NO","HIGH"
"havlu-bornoz","SPLIT","<MULTIPLE — SEE SPLIT_SUCCESSORS>","ONE_TO_MANY_PRODUCT_RULE_REQUIRED","YES","Ev & Yaşam > Ev Tekstili > Banyo Tekstili > Havlu || Ev & Yaşam > Ev Tekstili > Banyo Tekstili > Bornoz","YES","NO","HIGH"
"perde-stor","SPLIT","<MULTIPLE — SEE SPLIT_SUCCESSORS>","ONE_TO_MANY_PRODUCT_RULE_REQUIRED","YES","Ev & Yaşam > Perde & Pencere Tekstili > Tül Perde || Ev & Yaşam > Perde & Pencere Tekstili > Fon Perde || Ev & Yaşam > Perde & Pencere Tekstili > Stor & Zebra Perde","YES","NO","HIGH"
"hali-kilim","SPLIT","<MULTIPLE — SEE SPLIT_SUCCESSORS>","ONE_TO_MANY_PRODUCT_RULE_REQUIRED","YES","Ev & Yaşam > Halı, Kilim & Paspas > Halı || Ev & Yaşam > Halı, Kilim & Paspas > Kilim || Ev & Yaşam > Halı, Kilim & Paspas > Yolluk","YES","NO","HIGH"
"battaniye-ortu-kirlent","RENAME","Ev & Yaşam > Ev Tekstili > Kırlent","ONE_TO_ONE_SUCCESSOR_WITH_LEGACY_ALIAS","YES","","YES","NO","LOW"
"dekorasyon-aydinlatma","SPLIT","<MULTIPLE — SEE SPLIT_SUCCESSORS>","ONE_TO_MANY_PRODUCT_RULE_REQUIRED","YES","Ev & Yaşam > Dekorasyon & Duvar Aksesuarları || Ev & Yaşam > Aydınlatma || Ev & Yaşam > Halı, Kilim & Paspas","YES","NO","HIGH"
"avize-tavan-aydinlatmasi","RENAME","Ev & Yaşam > Aydınlatma > Tavan Aydınlatmaları","ONE_TO_ONE_SUCCESSOR_WITH_LEGACY_ALIAS","YES","","YES","NO","LOW"
"masa-lambader-gece-lambasi","SPLIT","<MULTIPLE — SEE SPLIT_SUCCESSORS>","ONE_TO_MANY_PRODUCT_RULE_REQUIRED","YES","Ev & Yaşam > Aydınlatma > Gece Lambaları || Ev & Yaşam > Aydınlatma > Lambader","YES","NO","HIGH"
"ampul-dekoratif-isik","UNRESOLVED","Ev & Yaşam > Aydınlatma > Standart Ampuller","MANUAL_SUCCESSOR_DECISION_REQUIRED","YES","","YES","YES","HIGH"
"ayna","KEEP","Ev & Yaşam > Dekorasyon & Duvar Aksesuarları > Duvar Dekoru > Ayna","ONE_TO_ONE_BIND_OR_ALLOCATE","NO","","YES","NO","LOW"
"cerceve-duvar-dekoru","SPLIT","<MULTIPLE — SEE SPLIT_SUCCESSORS>","ONE_TO_MANY_PRODUCT_RULE_REQUIRED","YES","Ev & Yaşam > Dekorasyon & Duvar Aksesuarları > Duvar Dekoru > Çerçeve || Ev & Yaşam > Dekorasyon & Duvar Aksesuarları > Duvar Dekoru > Tablo & Poster","YES","NO","HIGH"
"duvar-masa-saati","UNRESOLVED","Ev & Yaşam > Dekorasyon & Duvar Aksesuarları > Duvar Dekoru > Duvar Saati","MANUAL_SUCCESSOR_DECISION_REQUIRED","YES","","YES","NO","HIGH"
"mum-oda-kokusu","MOVE","Ev & Yaşam > Dekorasyon & Duvar Aksesuarları > Mum & Oda Kokusu","ONE_TO_ONE_SUCCESSOR_WITH_LEGACY_ALIAS","YES","","YES","YES","HIGH"
"banyo-duzenleme","SPLIT","<MULTIPLE — SEE SPLIT_SUCCESSORS>","ONE_TO_MANY_PRODUCT_RULE_REQUIRED","YES","Ev & Yaşam > Düzenleme & Saklama || Ev & Yaşam > Banyo Aksesuarları","YES","NO","HIGH"
"banyo-aksesuar-seti","RENAME","Ev & Yaşam > Banyo Aksesuarları > Sabunluk & Dispenser","ONE_TO_ONE_SUCCESSOR_WITH_LEGACY_ALIAS","YES","","YES","NO","LOW"
"dus-perdesi-banyo-paspasi","SPLIT","<MULTIPLE — SEE SPLIT_SUCCESSORS>","ONE_TO_MANY_PRODUCT_RULE_REQUIRED","YES","Ev & Yaşam > Banyo Aksesuarları > Duş Perdesi || Ev & Yaşam > Halı, Kilim & Paspas > Paspas","YES","NO","HIGH"
"camasir-sepeti","KEEP","Ev & Yaşam > Düzenleme & Saklama > Çamaşır Sepeti","ONE_TO_ONE_BIND_OR_ALLOCATE","NO","","YES","NO","LOW"
"saklama-kutusu-sepet","KEEP","Ev & Yaşam > Düzenleme & Saklama > Saklama Kutusu & Sepet","ONE_TO_ONE_BIND_OR_ALLOCATE","NO","","YES","NO","LOW"
"aski-dolap-duzenleyici","RENAME","Ev & Yaşam > Düzenleme & Saklama > Askı & Dolap İçi Düzenleme","ONE_TO_ONE_SUCCESSOR_WITH_LEGACY_ALIAS","YES","","YES","NO","LOW"
"ev-temizlik-tuketim-urunleri","RENAME","Ev & Yaşam > Ev Temizliği & Çamaşır Bakımı","ONE_TO_ONE_SUCCESSOR_WITH_LEGACY_ALIAS","YES","","YES","YES","HIGH"
"temizlik-deterjani","RENAME","Ev & Yaşam > Ev Temizliği & Çamaşır Bakımı > Yüzey Temizleyiciler","ONE_TO_ONE_SUCCESSOR_WITH_LEGACY_ALIAS","YES","","YES","YES","HIGH"
"camasir-bakim-urunu","RENAME","Ev & Yaşam > Ev Temizliği & Çamaşır Bakımı > Çamaşır Temizliği & Bakımı","ONE_TO_ONE_SUCCESSOR_WITH_LEGACY_ALIAS","YES","","YES","YES","HIGH"
"supurge-mop-temizlik-bezi","RENAME","Ev & Yaşam > Ev Temizliği & Çamaşır Bakımı > Temizlik Gereçleri > Mop & Paspas Aparatı","ONE_TO_ONE_SUCCESSOR_WITH_LEGACY_ALIAS","YES","","YES","NO","LOW"
"ev-kagit-urunleri","RENAME","Ev & Yaşam > Ev Temizliği & Çamaşır Bakımı > Kağıt Ev Ürünleri","ONE_TO_ONE_SUCCESSOR_WITH_LEGACY_ALIAS","YES","","YES","NO","LOW"
"cop-torbasi-ev-eldiveni","RENAME","Ev & Yaşam > Ev Temizliği & Çamaşır Bakımı > Çöp Torbası & Ev Tipi Eldiven","ONE_TO_ONE_SUCCESSOR_WITH_LEGACY_ALIAS","YES","","YES","NO","LOW"
"zuccaciye-mutfak","KEEP","Züccaciye & Mutfak","ONE_TO_ONE_BIND_OR_ALLOCATE","NO","","NO","NO","LOW"
"pisirme-gerecleri","SPLIT","<MULTIPLE — SEE SPLIT_SUCCESSORS>","ONE_TO_MANY_PRODUCT_RULE_REQUIRED","YES","Züccaciye & Mutfak > Tencere, Tava & Pişirme Kapları || Züccaciye & Mutfak > Fırınlama & Pişirme Gereçleri","YES","NO","HIGH"
"tencere-seti","RENAME","Züccaciye & Mutfak > Tencere, Tava & Pişirme Kapları > Tencereler > Standart Tencereler","ONE_TO_ONE_SUCCESSOR_WITH_LEGACY_ALIAS","YES","","YES","YES","HIGH"
"tava-sahan","RENAME","Züccaciye & Mutfak > Tencere, Tava & Pişirme Kapları > Tavalar & Sahanlar","ONE_TO_ONE_SUCCESSOR_WITH_LEGACY_ALIAS","YES","","YES","YES","HIGH"
"duduklu-tencere","RENAME","Züccaciye & Mutfak > Tencere, Tava & Pişirme Kapları > Tencereler > Düdüklü Tencereler","ONE_TO_ONE_SUCCESSOR_WITH_LEGACY_ALIAS","YES","","YES","YES","HIGH"
"caydanlik-cezve","SPLIT","<MULTIPLE — SEE SPLIT_SUCCESSORS>","ONE_TO_MANY_PRODUCT_RULE_REQUIRED","YES","Züccaciye & Mutfak > Çay & Kahve Demleme Gereçleri > Çaydanlık || Züccaciye & Mutfak > Çay & Kahve Demleme Gereçleri > Cezve","YES","YES","HIGH"
"firin-kabi-tepsi","SPLIT","<MULTIPLE — SEE SPLIT_SUCCESSORS>","ONE_TO_MANY_PRODUCT_RULE_REQUIRED","YES","Züccaciye & Mutfak > Fırınlama & Pişirme Gereçleri > Fırın Kapları || Züccaciye & Mutfak > Fırınlama & Pişirme Gereçleri > Fırın Tepsileri","YES","YES","HIGH"
"kek-kalibi-pisirme-kalibi","RENAME","Züccaciye & Mutfak > Fırınlama & Pişirme Gereçleri > Kek & Pasta Kalıpları","ONE_TO_ONE_SUCCESSOR_WITH_LEGACY_ALIAS","YES","","YES","YES","HIGH"
"hazirlik-kesme-gerecleri","SPLIT","<MULTIPLE — SEE SPLIT_SUCCESSORS>","ONE_TO_MANY_PRODUCT_RULE_REQUIRED","YES","Züccaciye & Mutfak > Mutfak Hazırlık Gereçleri || Züccaciye & Mutfak > Bıçak & Kesme Gereçleri","YES","NO","HIGH"
"mutfak-bicagi-bicak-seti","RENAME","Züccaciye & Mutfak > Bıçak & Kesme Gereçleri > Mutfak Bıçakları > Şef Bıçağı","ONE_TO_ONE_SUCCESSOR_WITH_LEGACY_ALIAS","YES","","YES","YES","HIGH"
"kesme-tahtasi","KEEP","Züccaciye & Mutfak > Bıçak & Kesme Gereçleri > Kesme Tahtası","ONE_TO_ONE_BIND_OR_ALLOCATE","NO","","YES","YES","HIGH"
"rende-soyacak-dilimleyici","KEEP","Züccaciye & Mutfak > Mutfak Hazırlık Gereçleri > Rende, Soyacak & Dilimleyici","ONE_TO_ONE_BIND_OR_ALLOCATE","NO","","YES","YES","HIGH"
"karistirma-kabi-olcu-gereci","SPLIT","<MULTIPLE — SEE SPLIT_SUCCESSORS>","ONE_TO_MANY_PRODUCT_RULE_REQUIRED","YES","Züccaciye & Mutfak > Mutfak Hazırlık Gereçleri > Karıştırma Kabı || Züccaciye & Mutfak > Mutfak Hazırlık Gereçleri > Ölçü Gereçleri","YES","YES","HIGH"
"mutfak-el-aleti","RENAME","Züccaciye & Mutfak > Mutfak Hazırlık Gereçleri > Spatula, Çırpıcı & Karıştırıcı","ONE_TO_ONE_SUCCESSOR_WITH_LEGACY_ALIAS","YES","","YES","YES","HIGH"
"sofra-servis","SPLIT","<MULTIPLE — SEE SPLIT_SUCCESSORS>","ONE_TO_MANY_PRODUCT_RULE_REQUIRED","YES","Züccaciye & Mutfak > Sofra & Yemek Takımları || Züccaciye & Mutfak > Çatal, Kaşık & Servis Gereçleri || Züccaciye & Mutfak > Mutfak Tekstili","YES","NO","HIGH"
"yemek-takimi","RENAME","Züccaciye & Mutfak > Sofra & Yemek Takımları > Yemek & Kahvaltı Takımları","ONE_TO_ONE_SUCCESSOR_WITH_LEGACY_ALIAS","YES","","YES","YES","HIGH"
"tabak-kase","SPLIT","<MULTIPLE — SEE SPLIT_SUCCESSORS>","ONE_TO_MANY_PRODUCT_RULE_REQUIRED","YES","Züccaciye & Mutfak > Sofra & Yemek Takımları > Tabaklar || Züccaciye & Mutfak > Sofra & Yemek Takımları > Kaseler","YES","YES","HIGH"
"catal-kasik-bicak-takimi","RENAME","Züccaciye & Mutfak > Çatal, Kaşık & Servis Gereçleri > Sofra Çatal, Kaşık & Bıçakları","ONE_TO_ONE_SUCCESSOR_WITH_LEGACY_ALIAS","YES","","YES","YES","HIGH"
"servis-tabagi-sunum-gereci","SPLIT","<MULTIPLE — SEE SPLIT_SUCCESSORS>","ONE_TO_MANY_PRODUCT_RULE_REQUIRED","YES","Züccaciye & Mutfak > Sofra & Yemek Takımları > Sosluk & Sunum Kapları || Züccaciye & Mutfak > Çatal, Kaşık & Servis Gereçleri > Tepsi & Nihale","YES","YES","HIGH"
"tepsi","RENAME","Züccaciye & Mutfak > Çatal, Kaşık & Servis Gereçleri > Tepsi & Nihale","ONE_TO_ONE_SUCCESSOR_WITH_LEGACY_ALIAS","YES","","YES","YES","HIGH"
"bardak-icecek-servisi","SPLIT","<MULTIPLE — SEE SPLIT_SUCCESSORS>","ONE_TO_MANY_PRODUCT_RULE_REQUIRED","YES","Züccaciye & Mutfak > Bardak, Kupa & İçecek Servisi || Züccaciye & Mutfak > Çay & Kahve Demleme Gereçleri","YES","NO","HIGH"
"su-mesrubat-bardagi","RENAME_AND_MOVE","Züccaciye & Mutfak > Bardak, Kupa & İçecek Servisi > Su & Meşrubat Bardakları","ONE_TO_ONE_SUCCESSOR_WITH_LEGACY_ALIAS","YES","","YES","YES","HIGH"
"cay-bardagi-fincan","MOVE","Züccaciye & Mutfak > Bardak, Kupa & İçecek Servisi > Çay Bardağı & Fincan","ONE_TO_ONE_SUCCESSOR_WITH_LEGACY_ALIAS","YES","","YES","YES","HIGH"
"kupa","KEEP","Züccaciye & Mutfak > Bardak, Kupa & İçecek Servisi > Kupa","ONE_TO_ONE_BIND_OR_ALLOCATE","NO","","YES","YES","HIGH"
"surahi-karaf","MOVE","Züccaciye & Mutfak > Bardak, Kupa & İçecek Servisi > Sürahi & Karaf","ONE_TO_ONE_SUCCESSOR_WITH_LEGACY_ALIAS","YES","","YES","YES","HIGH"
"termos","KEEP","Züccaciye & Mutfak > Termos, Matara & Yiyecek Taşıma > Termos","ONE_TO_ONE_BIND_OR_ALLOCATE","NO","","YES","YES","HIGH"
"mutfak-saklama-duzenleme","SPLIT","<MULTIPLE — SEE SPLIT_SUCCESSORS>","ONE_TO_MANY_PRODUCT_RULE_REQUIRED","YES","Züccaciye & Mutfak > Saklama & Mutfak Düzenleme || Züccaciye & Mutfak > Termos, Matara & Yiyecek Taşıma","YES","NO","HIGH"
"saklama-kabi","RENAME","Züccaciye & Mutfak > Saklama & Mutfak Düzenleme > Kavanozlar","ONE_TO_ONE_SUCCESSOR_WITH_LEGACY_ALIAS","YES","","YES","YES","HIGH"
"baharatlik-yaglik","RENAME_AND_MOVE","Züccaciye & Mutfak > Saklama & Mutfak Düzenleme > Baharatlık, Yağlık & Sirkelik","ONE_TO_ONE_SUCCESSOR_WITH_LEGACY_ALIAS","YES","","YES","YES","HIGH"
"beslenme-kutusu","KEEP","Züccaciye & Mutfak > Termos, Matara & Yiyecek Taşıma > Beslenme Kutusu","ONE_TO_ONE_BIND_OR_ALLOCATE","NO","","YES","YES","HIGH"
"mutfak-rafi-duzenleyici","RENAME","Züccaciye & Mutfak > Saklama & Mutfak Düzenleme > Mutfak Düzenleyiciler","ONE_TO_ONE_SUCCESSOR_WITH_LEGACY_ALIAS","YES","","YES","NO","LOW"
"buz-kalibi-sogutucu-canta","UNRESOLVED","Züccaciye & Mutfak > Termos, Matara & Yiyecek Taşıma > Tüketici Tipi Soğutucu Çanta","MANUAL_SUCCESSOR_DECISION_REQUIRED","YES","","YES","YES","HIGH"
"yapi-hirdavat","RENAME","Yapı, Hırdavat & Tesisat","ONE_TO_ONE_SUCCESSOR_WITH_LEGACY_ALIAS","YES","","NO","NO","LOW"
"el-aletleri","SPLIT","<MULTIPLE — SEE SPLIT_SUCCESSORS>","ONE_TO_MANY_PRODUCT_RULE_REQUIRED","YES","Yapı, Hırdavat & Tesisat > El Aletleri & Atölye Ekipmanları || Yapı, Hırdavat & Tesisat > Ölçüm, Test & İşaretleme","YES","NO","HIGH"
"tornavida-anahtar","RENAME_AND_MOVE","Yapı, Hırdavat & Tesisat > El Aletleri & Atölye Ekipmanları > Tornavida & Anahtarlar","ONE_TO_ONE_SUCCESSOR_WITH_LEGACY_ALIAS","YES","","YES","NO","LOW"
"pense-kerpeten-kesici","RENAME_AND_MOVE","Yapı, Hırdavat & Tesisat > El Aletleri & Atölye Ekipmanları > Pense, Kerpeten & Kesiciler","ONE_TO_ONE_SUCCESSOR_WITH_LEGACY_ALIAS","YES","","YES","NO","LOW"
"cekic-tokmak","RENAME_AND_MOVE","Yapı, Hırdavat & Tesisat > El Aletleri & Atölye Ekipmanları > Çekiç & Tokmaklar","ONE_TO_ONE_SUCCESSOR_WITH_LEGACY_ALIAS","YES","","YES","NO","LOW"
"olcum-isaretleme-aleti","SPLIT","<MULTIPLE — SEE SPLIT_SUCCESSORS>","ONE_TO_MANY_PRODUCT_RULE_REQUIRED","YES","Yapı, Hırdavat & Tesisat > Ölçüm, Test & İşaretleme > Boyut & Açı Ölçümü || Yapı, Hırdavat & Tesisat > Ölçüm, Test & İşaretleme > İşaretleme Gereçleri","YES","NO","HIGH"
"testere-egeleme-aleti","RENAME","Yapı, Hırdavat & Tesisat > El Aletleri & Atölye Ekipmanları > El Testeresi, Eğe & Raspalar","ONE_TO_ONE_SUCCESSOR_WITH_LEGACY_ALIAS","YES","","YES","YES","HIGH"
"elektrikli-el-aletleri","SPLIT","<MULTIPLE — SEE SPLIT_SUCCESSORS>","ONE_TO_MANY_PRODUCT_RULE_REQUIRED","YES","Yapı, Hırdavat & Tesisat > Elektrikli & Akülü El Aletleri || Yapı, Hırdavat & Tesisat > Alet Uçları, Aksesuarları & Sarfları","YES","NO","HIGH"
"matkap-vidalama","MOVE","Yapı, Hırdavat & Tesisat > Elektrikli & Akülü El Aletleri > Matkap & Vidalama","ONE_TO_ONE_SUCCESSOR_WITH_LEGACY_ALIAS","YES","","YES","YES","HIGH"
"taslama-polisaj","MOVE","Yapı, Hırdavat & Tesisat > Elektrikli & Akülü El Aletleri > Taşlama & Polisaj","ONE_TO_ONE_SUCCESSOR_WITH_LEGACY_ALIAS","YES","","YES","YES","HIGH"
"elektrikli-testere","RENAME","Yapı, Hırdavat & Tesisat > Elektrikli & Akülü El Aletleri > Elektrikli Testereler","ONE_TO_ONE_SUCCESSOR_WITH_LEGACY_ALIAS","YES","","YES","YES","HIGH"
"zimpara-makinesi","RENAME_AND_MOVE","Yapı, Hırdavat & Tesisat > Elektrikli & Akülü El Aletleri > Zımpara Makineleri","ONE_TO_ONE_SUCCESSOR_WITH_LEGACY_ALIAS","YES","","YES","YES","HIGH"
"kaynak-lehim-ekipmani","SPLIT","<MULTIPLE — SEE SPLIT_SUCCESSORS>","ONE_TO_MANY_PRODUCT_RULE_REQUIRED","YES","Yapı, Hırdavat & Tesisat > Kaynak, Lehim & Metal İşleme > Kaynak Makineleri || Yapı, Hırdavat & Tesisat > Kaynak, Lehim & Metal İşleme > Lehimleme Ekipmanları","YES","YES","HIGH"
"baglanti-kilit-yapi-sarfi","SPLIT","<MULTIPLE — SEE SPLIT_SUCCESSORS>","ONE_TO_MANY_PRODUCT_RULE_REQUIRED","YES","Yapı, Hırdavat & Tesisat > Alet Uçları, Aksesuarları & Sarfları || Yapı, Hırdavat & Tesisat > Bağlantı Elemanları & Nalburiye || Yapı, Hırdavat & Tesisat > Kilit, Kapı & Pencere Donanımları","YES","NO","HIGH"
"vida-civi-dubel","KEEP","Yapı, Hırdavat & Tesisat > Bağlantı Elemanları & Nalburiye > Vida, Çivi & Dübel","ONE_TO_ONE_BIND_OR_ALLOCATE","NO","","YES","NO","LOW"
"somun-civata-rondela","KEEP","Yapı, Hırdavat & Tesisat > Bağlantı Elemanları & Nalburiye > Somun, Cıvata & Rondela","ONE_TO_ONE_BIND_OR_ALLOCATE","NO","","YES","NO","LOW"
"kapi-kilidi-silindir","RENAME","Yapı, Hırdavat & Tesisat > Kilit, Kapı & Pencere Donanımları > Mekanik Kilit & Silindir","ONE_TO_ONE_SUCCESSOR_WITH_LEGACY_ALIAS","YES","","YES","YES","HIGH"
"mentese-ray-mobilya-donanimi","SPLIT","<MULTIPLE — SEE SPLIT_SUCCESSORS>","ONE_TO_MANY_PRODUCT_RULE_REQUIRED","YES","Yapı, Hırdavat & Tesisat > Kilit, Kapı & Pencere Donanımları > Menteşe || Yapı, Hırdavat & Tesisat > Kilit, Kapı & Pencere Donanımları > Ray & Kapatma Mekanizmaları","YES","YES","HIGH"
"halat-zincir-kanca","MOVE","Yapı, Hırdavat & Tesisat > Bağlantı Elemanları & Nalburiye > Halat, Zincir & Kanca","ONE_TO_ONE_SUCCESSOR_WITH_LEGACY_ALIAS","YES","","YES","NO","LOW"
"boya-yapistirici-kimyasal","SPLIT","<MULTIPLE — SEE SPLIT_SUCCESSORS>","ONE_TO_MANY_PRODUCT_RULE_REQUIRED","YES","Yapı, Hırdavat & Tesisat > Boya, Kaplama & Yüzey Hazırlama || Yapı, Hırdavat & Tesisat > Yapıştırıcı, Dolgu & Yapı Kimyasalları","YES","NO","HIGH"
"ic-dis-cephe-boyasi","RENAME","Yapı, Hırdavat & Tesisat > Boya, Kaplama & Yüzey Hazırlama > Boyalar > Duvar Boyası","ONE_TO_ONE_SUCCESSOR_WITH_LEGACY_ALIAS","YES","","YES","YES","HIGH"
"ahsap-metal-boyasi","KEEP","Yapı, Hırdavat & Tesisat > Boya, Kaplama & Yüzey Hazırlama > Boyalar > Ahşap & Metal Boyası","ONE_TO_ONE_BIND_OR_ALLOCATE","NO","","YES","YES","HIGH"
"boya-fircasi-rulo","RENAME","Yapı, Hırdavat & Tesisat > Boya, Kaplama & Yüzey Hazırlama > Fırça, Rulo & Boya Aparatı","ONE_TO_ONE_SUCCESSOR_WITH_LEGACY_ALIAS","YES","","YES","NO","LOW"
"yapistirici-bant","UNRESOLVED","Yapı, Hırdavat & Tesisat > Yapıştırıcı, Dolgu & Yapı Kimyasalları > Genel Amaçlı Yapıştırıcı","MANUAL_SUCCESSOR_DECISION_REQUIRED","YES","","YES","YES","HIGH"
"derz-dolgu-mastik","SPLIT","<MULTIPLE — SEE SPLIT_SUCCESSORS>","ONE_TO_MANY_PRODUCT_RULE_REQUIRED","YES","Yapı, Hırdavat & Tesisat > Yapıştırıcı, Dolgu & Yapı Kimyasalları > Silikon & Mastik || Yapı, Hırdavat & Tesisat > Yapıştırıcı, Dolgu & Yapı Kimyasalları > Derz & Dolgu","YES","YES","HIGH"
"tesisat-elektrik-malzemeleri","SPLIT","<MULTIPLE — SEE SPLIT_SUCCESSORS>","ONE_TO_MANY_PRODUCT_RULE_REQUIRED","YES","Yapı, Hırdavat & Tesisat > Su Tesisatı & Armatürler || Yapı, Hırdavat & Tesisat > Elektrik Tesisatı Malzemeleri || Yapı, Hırdavat & Tesisat > Isıtma, Gaz & Havalandırma Tesisatı","YES","NO","HIGH"
"musluk-batarya-dus-sistemi","RENAME","Yapı, Hırdavat & Tesisat > Su Tesisatı & Armatürler > Musluk, Batarya & Duş Sistemleri","ONE_TO_ONE_SUCCESSOR_WITH_LEGACY_ALIAS","YES","","YES","YES","HIGH"
"boru-hortum-tesisat-baglantisi","SPLIT","<MULTIPLE — SEE SPLIT_SUCCESSORS>","ONE_TO_MANY_PRODUCT_RULE_REQUIRED","YES","Yapı, Hırdavat & Tesisat > Su Tesisatı & Armatürler > Boru & Hortum || Yapı, Hırdavat & Tesisat > Su Tesisatı & Armatürler > Fittings & Bağlantı Parçaları","YES","YES","HIGH"
"vana-sifon","SPLIT","<MULTIPLE — SEE SPLIT_SUCCESSORS>","ONE_TO_MANY_PRODUCT_RULE_REQUIRED","YES","Yapı, Hırdavat & Tesisat > Su Tesisatı & Armatürler > Vana & Kontrol Elemanları || Yapı, Hırdavat & Tesisat > Su Tesisatı & Armatürler > Sifon & Gider Parçaları","YES","YES","HIGH"
"priz-anahtar-fis","RENAME","Yapı, Hırdavat & Tesisat > Elektrik Tesisatı Malzemeleri > Anahtar, Priz & Fiş","ONE_TO_ONE_SUCCESSOR_WITH_LEGACY_ALIAS","YES","","YES","YES","HIGH"
"kablo-elektrik-baglanti-elemani","RENAME","Yapı, Hırdavat & Tesisat > Elektrik Tesisatı Malzemeleri > Kablo & İletken","ONE_TO_ONE_SUCCESSOR_WITH_LEGACY_ALIAS","YES","","YES","YES","HIGH"
"sigorta-elektrik-panosu","KEEP","Yapı, Hırdavat & Tesisat > Elektrik Tesisatı Malzemeleri > Sigorta & Elektrik Panosu","ONE_TO_ONE_BIND_OR_ALLOCATE","NO","","YES","YES","HIGH"
"yapi-malzemesi-is-guvenligi","SPLIT","<MULTIPLE — SEE SPLIT_SUCCESSORS>","ONE_TO_MANY_PRODUCT_RULE_REQUIRED","YES","Yapı, Hırdavat & Tesisat > Yapı Malzemeleri || Yapı, Hırdavat & Tesisat > Kaynak, Lehim & Metal İşleme || Yapı, Hırdavat & Tesisat > İş Güvenliği & Koruyucu Donanım","YES","NO","HIGH"
"cimento-harc-siva","MOVE","Yapı, Hırdavat & Tesisat > Yapı Malzemeleri > Çimento, Harç & Sıva","ONE_TO_ONE_SUCCESSOR_WITH_LEGACY_ALIAS","YES","","YES","YES","HIGH"
"seramik-zemin-kaplama","MOVE","Yapı, Hırdavat & Tesisat > Yapı Malzemeleri > Seramik & Zemin Kaplama","ONE_TO_ONE_SUCCESSOR_WITH_LEGACY_ALIAS","YES","","YES","YES","HIGH"
"isi-su-ses-yalitimi","SPLIT","<MULTIPLE — SEE SPLIT_SUCCESSORS>","ONE_TO_MANY_PRODUCT_RULE_REQUIRED","YES","Yapı, Hırdavat & Tesisat > Yapı Malzemeleri > Isı & Ses Yalıtımı || Yapı, Hırdavat & Tesisat > Yapı Malzemeleri > Çatı & Su Yalıtım Malzemeleri || Yapı, Hırdavat & Tesisat > Yapıştırıcı, Dolgu & Yapı Kimyasalları > Su Yalıtım Kimyasalları","YES","YES","HIGH"
"merdiven-iskele-ekipmani","UNRESOLVED","","MANUAL_SUCCESSOR_DECISION_REQUIRED","YES","","YES","YES","HIGH"
"is-eldiveni-koruyucu-donanim","RENAME","Yapı, Hırdavat & Tesisat > İş Güvenliği & Koruyucu Donanım > Görünürlük & Koruyucu İş Giyimi","ONE_TO_ONE_SUCCESSOR_WITH_LEGACY_ALIAS","YES","","YES","YES","HIGH"
"otomotiv-motosiklet","KEEP","Otomotiv & Motosiklet","ONE_TO_ONE_BIND_OR_ALLOCATE","NO","","NO","NO","LOW"
"arac-ici-dis-aksesuar","SPLIT","<MULTIPLE — SEE SPLIT_SUCCESSORS>","ONE_TO_MANY_PRODUCT_RULE_REQUIRED","YES","Otomotiv & Motosiklet > Araç İçi Aksesuarları || Otomotiv & Motosiklet > Araç Dış Aksesuarları","YES","NO","HIGH"
"oto-paspas-bagaj-havuzu","RENAME","Otomotiv & Motosiklet > Araç İçi Aksesuarları > Paspaslar","ONE_TO_ONE_SUCCESSOR_WITH_LEGACY_ALIAS","YES","","YES","NO","LOW"
"oto-koltuk-direksiyon-kilifi","RENAME","Otomotiv & Motosiklet > Araç İçi Aksesuarları > Koltuk Kılıfları & Minderler","ONE_TO_ONE_SUCCESSOR_WITH_LEGACY_ALIAS","YES","","YES","NO","LOW"
"arac-ici-duzenleyici","RENAME","Otomotiv & Motosiklet > Araç İçi Aksesuarları > Araç İçi Düzenleyiciler","ONE_TO_ONE_SUCCESSOR_WITH_LEGACY_ALIAS","YES","","YES","NO","LOW"
"silecek-ayna","UNRESOLVED","","MANUAL_SUCCESSOR_DECISION_REQUIRED","YES","","YES","YES","HIGH"
"oto-dis-koruma-kaplama","SPLIT","<MULTIPLE — SEE SPLIT_SUCCESSORS>","ONE_TO_MANY_PRODUCT_RULE_REQUIRED","YES","Otomotiv & Motosiklet > Araç Dış Aksesuarları > Dış Trim & Koruma Aksesuarları || Otomotiv & Motosiklet > Araç Bakım & Temizlik > Cila & Yüzey Koruma Ürünleri","YES","YES","HIGH"
"arac-aydinlatmasi","RENAME_AND_MOVE","Otomotiv & Motosiklet > Akü & Araç Elektriği > Araç Ampulleri & Elektrik Aydınlatma","ONE_TO_ONE_SUCCESSOR_WITH_LEGACY_ALIAS","YES","","YES","YES","HIGH"
"oto-elektronigi-bakim","SPLIT","<MULTIPLE — SEE SPLIT_SUCCESSORS>","ONE_TO_MANY_PRODUCT_RULE_REQUIRED","YES","Otomotiv & Motosiklet > Akü & Araç Elektriği || Otomotiv & Motosiklet > Araç Elektroniği || Otomotiv & Motosiklet > Araç Bakım & Temizlik || Otomotiv & Motosiklet > Motor Yağı, Sıvı & Katkılar || Otomotiv & Motosiklet > Araç Güvenlik & Acil Durum Ürünleri","YES","NO","HIGH"
"oto-multimedya-ses","RENAME","Otomotiv & Motosiklet > Araç Elektroniği > Araç Multimedya Sistemleri","ONE_TO_ONE_SUCCESSOR_WITH_LEGACY_ALIAS","YES","","YES","YES","HIGH"
"arac-kamerasi-navigasyon","SPLIT","<MULTIPLE — SEE SPLIT_SUCCESSORS>","ONE_TO_MANY_PRODUCT_RULE_REQUIRED","YES","Otomotiv & Motosiklet > Araç Elektroniği > Araç Kameraları || Otomotiv & Motosiklet > Araç Elektroniği > Araç Navigasyon Cihazları","YES","NO","HIGH"
"arac-sarj-donusturucu","UNRESOLVED","","MANUAL_SUCCESSOR_DECISION_REQUIRED","YES","","YES","YES","HIGH"
"oto-temizlik-bakim-urunu","RENAME","Otomotiv & Motosiklet > Araç Bakım & Temizlik > Cila & Yüzey Koruma Ürünleri","ONE_TO_ONE_SUCCESSOR_WITH_LEGACY_ALIAS","YES","","YES","YES","HIGH"
"motor-yagi-arac-sivisi","RENAME","Otomotiv & Motosiklet > Motor Yağı, Sıvı & Katkılar > Antifriz & Soğutma Sıvıları","ONE_TO_ONE_SUCCESSOR_WITH_LEGACY_ALIAS","YES","","YES","YES","HIGH"
"aku-takviye-ekipmani","RENAME","Otomotiv & Motosiklet > Akü & Araç Elektriği > Akü Şarj & Takviye Cihazları","ONE_TO_ONE_SUCCESSOR_WITH_LEGACY_ALIAS","YES","","YES","YES","HIGH"
"oto-yedek-parca","RENAME","Otomotiv & Motosiklet > Otomobil Yedek Parçaları","ONE_TO_ONE_SUCCESSOR_WITH_LEGACY_ALIAS","YES","","YES","YES","HIGH"
"motor-bakim-parcalari","MERGE","Otomotiv & Motosiklet > Otomobil Yedek Parçaları > Motor & Filtre > Motor Parçaları","MANY_TO_ONE_SUCCESSOR_WITH_ALL_LEGACY_ALIASES","YES","","YES","YES","HIGH"
"oto-filtreleri","RENAME","Otomotiv & Motosiklet > Otomobil Yedek Parçaları > Motor & Filtre > Hava Filtreleri","ONE_TO_ONE_SUCCESSOR_WITH_LEGACY_ALIAS","YES","","YES","YES","HIGH"
"buji-atesleme-parcasi","MERGE","Otomotiv & Motosiklet > Otomobil Yedek Parçaları > Motor & Filtre > Motor Parçaları","MANY_TO_ONE_SUCCESSOR_WITH_ALL_LEGACY_ALIASES","YES","","YES","YES","HIGH"
"kayis-gergi-parcasi","MERGE","Otomotiv & Motosiklet > Otomobil Yedek Parçaları > Motor & Filtre > Motor Parçaları","MANY_TO_ONE_SUCCESSOR_WITH_ALL_LEGACY_ALIASES","YES","","YES","YES","HIGH"
"fren-parcalari","KEEP","Otomotiv & Motosiklet > Otomobil Yedek Parçaları > Fren Parçaları","ONE_TO_ONE_BIND_OR_ALLOCATE","NO","","YES","YES","HIGH"
"fren-balatasi","RENAME","Otomotiv & Motosiklet > Otomobil Yedek Parçaları > Fren Parçaları > Fren Balataları","ONE_TO_ONE_SUCCESSOR_WITH_LEGACY_ALIAS","YES","","YES","YES","HIGH"
"fren-diski-kampana","RENAME","Otomotiv & Motosiklet > Otomobil Yedek Parçaları > Fren Parçaları > Fren Diskleri & Kampanaları","ONE_TO_ONE_SUCCESSOR_WITH_LEGACY_ALIAS","YES","","YES","YES","HIGH"
"suspansiyon-direksiyon-parcasi","SPLIT","<MULTIPLE — SEE SPLIT_SUCCESSORS>","ONE_TO_MANY_PRODUCT_RULE_REQUIRED","YES","Otomotiv & Motosiklet > Otomobil Yedek Parçaları > Süspansiyon & Direksiyon > Amortisör & Yaylar || Otomotiv & Motosiklet > Otomobil Yedek Parçaları > Süspansiyon & Direksiyon > Direksiyon Parçaları","YES","YES","HIGH"
"debriyaj-sanziman-parcasi","RENAME","Otomotiv & Motosiklet > Otomobil Yedek Parçaları > Aktarma Organları > Şanzıman Parçaları","ONE_TO_ONE_SUCCESSOR_WITH_LEGACY_ALIAS","YES","","YES","YES","HIGH"
"egzoz-emisyon-parcasi","RENAME","Otomotiv & Motosiklet > Otomobil Yedek Parçaları > Egzoz Parçaları","ONE_TO_ONE_SUCCESSOR_WITH_LEGACY_ALIAS","YES","","YES","YES","HIGH"
"kaporta-tampon-parcasi","RENAME","Otomotiv & Motosiklet > Otomobil Yedek Parçaları > Kaporta Parçaları","ONE_TO_ONE_SUCCESSOR_WITH_LEGACY_ALIAS","YES","","YES","YES","HIGH"
"lastik-jant-yol-ekipmani","SPLIT","<MULTIPLE — SEE SPLIT_SUCCESSORS>","ONE_TO_MANY_PRODUCT_RULE_REQUIRED","YES","Otomotiv & Motosiklet > Lastik, Jant & Tekerlek Ürünleri || Otomotiv & Motosiklet > Araç Güvenlik & Acil Durum Ürünleri","YES","NO","HIGH"
"otomobil-lastigi","RENAME","Otomotiv & Motosiklet > Lastik, Jant & Tekerlek Ürünleri > Otomobil Lastikleri","ONE_TO_ONE_SUCCESSOR_WITH_LEGACY_ALIAS","YES","","YES","YES","HIGH"
"jant-jant-kapagi","RENAME","Otomotiv & Motosiklet > Lastik, Jant & Tekerlek Ürünleri > Jantlar","ONE_TO_ONE_SUCCESSOR_WITH_LEGACY_ALIAS","YES","","YES","YES","HIGH"
"kar-zinciri-patinaj-onleyici","RENAME","Otomotiv & Motosiklet > Lastik, Jant & Tekerlek Ürünleri > Kar Zincirleri & Kar Paletleri","ONE_TO_ONE_SUCCESSOR_WITH_LEGACY_ALIAS","YES","","YES","YES","HIGH"
"lastik-tamir-sisirme","UNRESOLVED","Otomotiv & Motosiklet > Lastik, Jant & Tekerlek Ürünleri","MANUAL_SUCCESSOR_DECISION_REQUIRED","YES","","YES","YES","HIGH"
"acil-yol-cekme-ekipmani","RENAME","Otomotiv & Motosiklet > Araç Güvenlik & Acil Durum Ürünleri > Reflektör & Görünürlük Ürünleri","ONE_TO_ONE_SUCCESSOR_WITH_LEGACY_ALIAS","YES","","YES","YES","HIGH"
"motosiklet-ekipmani-parcasi","SPLIT","<MULTIPLE — SEE SPLIT_SUCCESSORS>","ONE_TO_MANY_PRODUCT_RULE_REQUIRED","YES","Otomotiv & Motosiklet > Motosiklet Yedek Parçaları || Otomotiv & Motosiklet > Motosiklet Kask & Koruma Ekipmanları || Otomotiv & Motosiklet > Araç Elektroniği","YES","NO","HIGH"
"motosiklet-kaski","RENAME","Otomotiv & Motosiklet > Motosiklet Kask & Koruma Ekipmanları > Motosiklet Kaskları","ONE_TO_ONE_SUCCESSOR_WITH_LEGACY_ALIAS","YES","","YES","YES","HIGH"
"motosiklet-koruma-giyimi","RENAME","Otomotiv & Motosiklet > Motosiklet Kask & Koruma Ekipmanları > Koruyucu Motosiklet Giyimi","ONE_TO_ONE_SUCCESSOR_WITH_LEGACY_ALIAS","YES","","YES","YES","HIGH"
"motosiklet-canta-tasima","UNRESOLVED","","MANUAL_SUCCESSOR_DECISION_REQUIRED","YES","","YES","YES","HIGH"
"motosiklet-aksesuari","UNRESOLVED","","MANUAL_SUCCESSOR_DECISION_REQUIRED","YES","","YES","YES","HIGH"
"motosiklet-yedek-parcasi","RENAME","Otomotiv & Motosiklet > Motosiklet Yedek Parçaları > Motor Parçaları","ONE_TO_ONE_SUCCESSOR_WITH_LEGACY_ALIAS","YES","","YES","YES","HIGH"
"motosiklet-lastigi-bakim-urunu","UNRESOLVED","Otomotiv & Motosiklet > Lastik, Jant & Tekerlek Ürünleri > Motosiklet Lastikleri","MANUAL_SUCCESSOR_DECISION_REQUIRED","YES","","YES","YES","HIGH"
"kisisel-bakim-kozmetik","RENAME","Kozmetik & Kişisel Bakım","ONE_TO_ONE_SUCCESSOR_WITH_LEGACY_ALIAS","YES","","NO","NO","LOW"
"cilt-bakimi","SPLIT","<MULTIPLE — SEE SPLIT_SUCCESSORS>","ONE_TO_MANY_PRODUCT_RULE_REQUIRED","YES","Kozmetik & Kişisel Bakım > Cilt Bakımı || Kozmetik & Kişisel Bakım > Güneş Bakımı","YES","NO","HIGH"
"yuz-temizleyici","RENAME","Kozmetik & Kişisel Bakım > Cilt Bakımı > Yüz Temizleme","ONE_TO_ONE_SUCCESSOR_WITH_LEGACY_ALIAS","YES","","YES","YES","HIGH"
"nemlendirici-serum","SPLIT","<MULTIPLE — SEE SPLIT_SUCCESSORS>","ONE_TO_MANY_PRODUCT_RULE_REQUIRED","YES","Kozmetik & Kişisel Bakım > Cilt Bakımı > Nemlendirici || Kozmetik & Kişisel Bakım > Cilt Bakımı > Serum","YES","NO","HIGH"
"gunes-koruyucu","KEEP","Kozmetik & Kişisel Bakım > Güneş Bakımı > Güneş Koruyucu","ONE_TO_ONE_BIND_OR_ALLOCATE","NO","","YES","YES","HIGH"
"maske-peeling","KEEP","Kozmetik & Kişisel Bakım > Cilt Bakımı > Maske & Peeling","ONE_TO_ONE_BIND_OR_ALLOCATE","NO","","YES","YES","HIGH"
"goz-dudak-bakimi","RENAME","Kozmetik & Kişisel Bakım > Cilt Bakımı > Göz & Dudak Çevresi Bakımı","ONE_TO_ONE_SUCCESSOR_WITH_LEGACY_ALIAS","YES","","YES","YES","HIGH"
"makyaj","KEEP","Kozmetik & Kişisel Bakım > Makyaj","ONE_TO_ONE_BIND_OR_ALLOCATE","NO","","YES","YES","HIGH"
"ten-makyaji","RENAME","Kozmetik & Kişisel Bakım > Makyaj > Ten Makyajı > Fondöten","ONE_TO_ONE_SUCCESSOR_WITH_LEGACY_ALIAS","YES","","YES","YES","HIGH"
"goz-makyaji","RENAME","Kozmetik & Kişisel Bakım > Makyaj > Göz Makyajı > Far","ONE_TO_ONE_SUCCESSOR_WITH_LEGACY_ALIAS","YES","","YES","YES","HIGH"
"dudak-makyaji","RENAME","Kozmetik & Kişisel Bakım > Makyaj > Dudak Makyajı > Dudak Kalemi","ONE_TO_ONE_SUCCESSOR_WITH_LEGACY_ALIAS","YES","","YES","YES","HIGH"
"tirnak-urunu","RENAME","Kozmetik & Kişisel Bakım > Makyaj > Tırnak Makyajı","ONE_TO_ONE_SUCCESSOR_WITH_LEGACY_ALIAS","YES","","YES","YES","HIGH"
"makyaj-fircasi-sungeri","RENAME_AND_MOVE","Kozmetik & Kişisel Bakım > Kozmetik & Bakım Aksesuarları > Makyaj Uygulama Aksesuarları","ONE_TO_ONE_SUCCESSOR_WITH_LEGACY_ALIAS","YES","","YES","YES","HIGH"
"sac-bakimi-sekillendirme","KEEP","Kozmetik & Kişisel Bakım > Saç Bakımı & Şekillendirme","ONE_TO_ONE_BIND_OR_ALLOCATE","NO","","YES","YES","HIGH"
"sampuan","KEEP","Kozmetik & Kişisel Bakım > Saç Bakımı & Şekillendirme > Şampuan","ONE_TO_ONE_BIND_OR_ALLOCATE","NO","","YES","YES","HIGH"
"sac-kremi-maske","RENAME","Kozmetik & Kişisel Bakım > Saç Bakımı & Şekillendirme > Saç Kremi & Maskesi","ONE_TO_ONE_SUCCESSOR_WITH_LEGACY_ALIAS","YES","","YES","YES","HIGH"
"sac-boyasi-acici","KEEP","Kozmetik & Kişisel Bakım > Saç Bakımı & Şekillendirme > Saç Boyası & Açıcı","ONE_TO_ONE_BIND_OR_ALLOCATE","NO","","YES","YES","HIGH"
"sac-sekillendirici-urun","RENAME","Kozmetik & Kişisel Bakım > Saç Bakımı & Şekillendirme > Saç Şekillendirici","ONE_TO_ONE_SUCCESSOR_WITH_LEGACY_ALIAS","YES","","YES","YES","HIGH"
"tarak-firca-sac-gereci","RENAME_AND_MOVE","Kozmetik & Kişisel Bakım > Kozmetik & Bakım Aksesuarları > Saç Fırçası & Tarak","ONE_TO_ONE_SUCCESSOR_WITH_LEGACY_ALIAS","YES","","YES","YES","HIGH"
"sac-kurutma-sekillendirme-cihazi","SPLIT","<MULTIPLE — SEE SPLIT_SUCCESSORS>","ONE_TO_MANY_PRODUCT_RULE_REQUIRED","YES","Beyaz Eşya & Ev Aletleri > Elektrikli Kişisel Bakım Cihazları > Saç Bakım Cihazları > Saç Kurutma Makineleri || Beyaz Eşya & Ev Aletleri > Elektrikli Kişisel Bakım Cihazları > Saç Bakım Cihazları > Saç Düzleştirici & Şekillendiriciler","YES","YES","HIGH"
"banyo-vucut-hijyen","SPLIT","<MULTIPLE — SEE SPLIT_SUCCESSORS>","ONE_TO_MANY_PRODUCT_RULE_REQUIRED","YES","Kozmetik & Kişisel Bakım > Banyo & Vücut Bakımı || Kozmetik & Kişisel Bakım > Ağız & Diş Bakımı || Kozmetik & Kişisel Bakım > Kişisel Hijyen","YES","NO","HIGH"
"sabun-dus-urunu","RENAME","Kozmetik & Kişisel Bakım > Banyo & Vücut Bakımı > Sabun & Duş Ürünleri","ONE_TO_ONE_SUCCESSOR_WITH_LEGACY_ALIAS","YES","","YES","YES","HIGH"
"deodorant-ter-onleyici","SPLIT","<MULTIPLE — SEE SPLIT_SUCCESSORS>","ONE_TO_MANY_PRODUCT_RULE_REQUIRED","YES","Kozmetik & Kişisel Bakım > Parfüm & Deodorant > Deodorant & Terleme Karşıtı","YES","YES","HIGH"
"vucut-bakimi","SPLIT","<MULTIPLE — SEE SPLIT_SUCCESSORS>","ONE_TO_MANY_PRODUCT_RULE_REQUIRED","YES","Kozmetik & Kişisel Bakım > Banyo & Vücut Bakımı > Sabun & Duş Ürünleri || Kozmetik & Kişisel Bakım > Banyo & Vücut Bakımı > Vücut Nemlendirici || Kozmetik & Kişisel Bakım > Banyo & Vücut Bakımı > Vücut Peelingi || Kozmetik & Kişisel Bakım > Banyo & Vücut Bakımı > Banyo Ürünleri || Kozmetik & Kişisel Bakım > Banyo & Vücut Bakımı > Vücut Yağı","YES","YES","HIGH"
"agiz-bakimi","RENAME","Kozmetik & Kişisel Bakım > Ağız & Diş Bakımı > Diş Macunu","ONE_TO_ONE_SUCCESSOR_WITH_LEGACY_ALIAS","YES","","YES","YES","HIGH"
"kadin-hijyen-urunu","RENAME","Kozmetik & Kişisel Bakım > Kişisel Hijyen > Menstrüel Hijyen","ONE_TO_ONE_SUCCESSOR_WITH_LEGACY_ALIAS","YES","","YES","YES","HIGH"
"pamuk-mendil-bakim-sarfi","RENAME","Kozmetik & Kişisel Bakım > Kişisel Hijyen > Islak Mendil","ONE_TO_ONE_SUCCESSOR_WITH_LEGACY_ALIAS","YES","","YES","YES","HIGH"
"parfum-tiras-el-ayak-bakimi","SPLIT","<MULTIPLE — SEE SPLIT_SUCCESSORS>","ONE_TO_MANY_PRODUCT_RULE_REQUIRED","YES","Kozmetik & Kişisel Bakım > Parfüm & Deodorant || Kozmetik & Kişisel Bakım > El, Ayak & Tırnak Bakımı || Kozmetik & Kişisel Bakım > Tıraş, Ağda & Epilasyon || Kozmetik & Kişisel Bakım > Kozmetik & Bakım Aksesuarları","YES","NO","HIGH"
"parfum","KEEP","Kozmetik & Kişisel Bakım > Parfüm & Deodorant > Parfüm","ONE_TO_ONE_BIND_OR_ALLOCATE","NO","","YES","YES","HIGH"
"kolonya-vucut-spreyi","RENAME_AND_MOVE","Kozmetik & Kişisel Bakım > Parfüm & Deodorant > Vücut Spreyi & Kolonya","ONE_TO_ONE_SUCCESSOR_WITH_LEGACY_ALIAS","YES","","YES","YES","HIGH"
"tiras-urunu","SPLIT","<MULTIPLE — SEE SPLIT_SUCCESSORS>","ONE_TO_MANY_PRODUCT_RULE_REQUIRED","YES","Kozmetik & Kişisel Bakım > Tıraş, Ağda & Epilasyon > Manuel Tıraş Bıçağı & Yedekleri || Kozmetik & Kişisel Bakım > Tıraş, Ağda & Epilasyon > Tıraş Hazırlık & Bakım Ürünleri","YES","YES","HIGH"
"agda-tuy-alma-urunu","SPLIT","<MULTIPLE — SEE SPLIT_SUCCESSORS>","ONE_TO_MANY_PRODUCT_RULE_REQUIRED","YES","Kozmetik & Kişisel Bakım > Tıraş, Ağda & Epilasyon > Ağda Ürünleri || Kozmetik & Kişisel Bakım > Tıraş, Ağda & Epilasyon > Tüy Dökücü Ürünler","YES","NO","HIGH"
"manikur-pedikur-gereci","RENAME","Kozmetik & Kişisel Bakım > El, Ayak & Tırnak Bakımı > Manikür & Pedikür Bakım Ürünleri","ONE_TO_ONE_SUCCESSOR_WITH_LEGACY_ALIAS","YES","","YES","YES","HIGH"
"tiras-epilasyon-cihazi","SPLIT","<MULTIPLE — SEE SPLIT_SUCCESSORS>","ONE_TO_MANY_PRODUCT_RULE_REQUIRED","YES","Beyaz Eşya & Ev Aletleri > Elektrikli Kişisel Bakım Cihazları > Tıraş & Saç Kesme Cihazları > Tıraş Makineleri || Beyaz Eşya & Ev Aletleri > Elektrikli Kişisel Bakım Cihazları > Epilasyon Cihazları","YES","YES","HIGH"
"bebek-cocuk","RENAME","Anne & Bebek","ONE_TO_ONE_SUCCESSOR_WITH_LEGACY_ALIAS","YES","","NO","NO","LOW"
"bebek-bezi-bakim","SPLIT","<MULTIPLE — SEE SPLIT_SUCCESSORS>","ONE_TO_MANY_PRODUCT_RULE_REQUIRED","YES","Anne & Bebek > Bebek Bezi & Alt Bakım || Anne & Bebek > Bebek Banyo, Bakım & Hijyen","YES","NO","HIGH"
"bebek-bezi","SPLIT","<MULTIPLE — SEE SPLIT_SUCCESSORS>","ONE_TO_MANY_PRODUCT_RULE_REQUIRED","YES","Anne & Bebek > Bebek Bezi & Alt Bakım > Bebek Bezleri > Tek Kullanımlık Bebek Bezleri || Anne & Bebek > Bebek Bezi & Alt Bakım > Bebek Bezleri > Yıkanabilir Bebek Bezleri || Anne & Bebek > Bebek Bezi & Alt Bakım > Bebek Bezleri > Yüzme Bezleri","YES","YES","HIGH"
"bebek-islak-mendili","RENAME_AND_MOVE","Anne & Bebek > Bebek Bezi & Alt Bakım > Bebek Islak Mendil & Temizleme Ürünleri","ONE_TO_ONE_SUCCESSOR_WITH_LEGACY_ALIAS","YES","","YES","YES","HIGH"
"bebek-cilt-bakimi","RENAME_AND_MOVE","Anne & Bebek > Bebek Bezi & Alt Bakım > Alt Bakım Koruma Ürünleri","ONE_TO_ONE_SUCCESSOR_WITH_LEGACY_ALIAS","YES","","YES","YES","HIGH"
"bebek-banyo-urunu","SPLIT","<MULTIPLE — SEE SPLIT_SUCCESSORS>","ONE_TO_MANY_PRODUCT_RULE_REQUIRED","YES","Anne & Bebek > Bebek Banyo, Bakım & Hijyen > Bebek Küveti & Banyo Destekleri || Anne & Bebek > Bebek Banyo, Bakım & Hijyen > Bebek Havlusu & Banyo Tekstili || Anne & Bebek > Bebek Banyo, Bakım & Hijyen > Bebek Bakım Setleri || Anne & Bebek > Bebek Banyo, Bakım & Hijyen > Bebek Hijyen Aksesuarları","YES","YES","HIGH"
"alt-degistirme-bakim-gereci","RENAME","Anne & Bebek > Bebek Banyo, Bakım & Hijyen > Bebek Bakım Setleri","ONE_TO_ONE_SUCCESSOR_WITH_LEGACY_ALIAS","YES","","YES","YES","HIGH"
"bebek-beslenme","SPLIT","<MULTIPLE — SEE SPLIT_SUCCESSORS>","ONE_TO_MANY_PRODUCT_RULE_REQUIRED","YES","Anne & Bebek > Bebek Beslenme || Anne & Bebek > Emzirme & Anne Sütü Ürünleri","YES","NO","HIGH"
"biberon-biberon-aksesuari","SPLIT","<MULTIPLE — SEE SPLIT_SUCCESSORS>","ONE_TO_MANY_PRODUCT_RULE_REQUIRED","YES","Anne & Bebek > Bebek Beslenme > Biberon & Aksesuarları > Biberonlar || Anne & Bebek > Bebek Beslenme > Biberon & Aksesuarları > Biberon Emzikleri || Anne & Bebek > Bebek Beslenme > Biberon & Aksesuarları > Biberon Temizleme & Hazırlama Aksesuarları","YES","YES","HIGH"
"mama-sandalyesi","RENAME","Anne & Bebek > Bebek Beslenme > Mama Sandalyeleri","ONE_TO_ONE_SUCCESSOR_WITH_LEGACY_ALIAS","YES","","YES","YES","HIGH"
"bebek-tabak-kasik-suluk","RENAME","Anne & Bebek > Bebek Beslenme > Bebek Sofra Ürünleri & Alıştırma Bardakları","ONE_TO_ONE_SUCCESSOR_WITH_LEGACY_ALIAS","YES","","YES","YES","HIGH"
"gogus-pompasi-emzirme-urunu","SPLIT","<MULTIPLE — SEE SPLIT_SUCCESSORS>","ONE_TO_MANY_PRODUCT_RULE_REQUIRED","YES","Anne & Bebek > Emzirme & Anne Sütü Ürünleri > Göğüs Pompaları > Elektrikli Göğüs Pompaları || Anne & Bebek > Emzirme & Anne Sütü Ürünleri > Göğüs Pompaları > Manuel Göğüs Pompaları","YES","NO","HIGH"
"bebek-mamasi-ek-gida","SPLIT","<MULTIPLE — SEE SPLIT_SUCCESSORS>","ONE_TO_MANY_PRODUCT_RULE_REQUIRED","YES","Anne & Bebek > Bebek Beslenme > Bebek Formülü & Yaşa Özgü Gıdalar > Bebek Tahıl & Ek Gıdaları || Anne & Bebek > Bebek Beslenme > Mama Sandalyeleri","YES","YES","HIGH"
"bebek-tasima-guvenlik","SPLIT","<MULTIPLE — SEE SPLIT_SUCCESSORS>","ONE_TO_MANY_PRODUCT_RULE_REQUIRED","YES","Anne & Bebek > Bebek Arabaları & Taşıma || Anne & Bebek > Oto Koltukları & Seyahat Güvenliği || Anne & Bebek > Bebek Güvenlik & Ev İçi Koruma","YES","NO","HIGH"
"bebek-arabasi","RENAME","Anne & Bebek > Bebek Arabaları & Taşıma > Bebek Arabası Aksesuarları","ONE_TO_ONE_SUCCESSOR_WITH_LEGACY_ALIAS","YES","","YES","YES","HIGH"
"bebek-oto-koltugu-yukseltici","SPLIT","<MULTIPLE — SEE SPLIT_SUCCESSORS>","ONE_TO_MANY_PRODUCT_RULE_REQUIRED","YES","Anne & Bebek > Oto Koltukları & Seyahat Güvenliği > Bebek & Çocuk Oto Koltukları || Anne & Bebek > Oto Koltukları & Seyahat Güvenliği > Yükseltici Koltuklar","YES","YES","HIGH"
"ana-kucagi-bebek-tasiyici","SPLIT","<MULTIPLE — SEE SPLIT_SUCCESSORS>","ONE_TO_MANY_PRODUCT_RULE_REQUIRED","YES","Anne & Bebek > Bebek Arabaları & Taşıma > Puset & Portbebeler || Anne & Bebek > Bebek Arabaları & Taşıma > Kanguru, Sling & Taşıyıcılar","YES","YES","HIGH"
"park-yatak-seyahat-yatagi","RENAME","Anne & Bebek > Bebek Odası & Uyku > Park Yataklar","ONE_TO_ONE_SUCCESSOR_WITH_LEGACY_ALIAS","YES","","YES","YES","HIGH"
"ev-ici-bebek-guvenligi","RENAME","Anne & Bebek > Bebek Güvenlik & Ev İçi Koruma > Priz Koruyucuları","ONE_TO_ONE_SUCCESSOR_WITH_LEGACY_ALIAS","YES","","YES","YES","HIGH"
"bebek-odasi-gelisim-gerecleri","SPLIT","<MULTIPLE — SEE SPLIT_SUCCESSORS>","ONE_TO_MANY_PRODUCT_RULE_REQUIRED","YES","Anne & Bebek > Bebek Odası & Uyku || Anne & Bebek > Bebek Güvenlik & Ev İçi Koruma || Anne & Bebek > Hamilelik & Lohusalık Ürünleri","YES","NO","HIGH"
"bebek-besigi-karyolasi","RENAME","Anne & Bebek > Bebek Odası & Uyku > Beşik & Bebek Karyolaları > Beşikler","ONE_TO_ONE_SUCCESSOR_WITH_LEGACY_ALIAS","YES","","YES","YES","HIGH"
"bebek-yatagi-uyku-tekstili","RENAME","Anne & Bebek > Bebek Odası & Uyku > Bebek Uyku Tekstili & Uyku Tulumları","ONE_TO_ONE_SUCCESSOR_WITH_LEGACY_ALIAS","YES","","YES","YES","HIGH"
"bebek-odasi-mobilyasi","UNRESOLVED","Anne & Bebek > Bebek Odası & Uyku > Alt Değiştirme Mobilyaları","MANUAL_SUCCESSOR_DECISION_REQUIRED","YES","","YES","YES","HIGH"
"lazimlik-tuvalet-egitimi","UNRESOLVED","","MANUAL_SUCCESSOR_DECISION_REQUIRED","YES","","YES","YES","HIGH"
"emzik-dis-kasiyici","SPLIT","<MULTIPLE — SEE SPLIT_SUCCESSORS>","ONE_TO_MANY_PRODUCT_RULE_REQUIRED","YES","Anne & Bebek > Bebek Beslenme > Emzikler || Oyuncak & Hobi > Bebek & Okul Öncesi Oyuncaklar > Çıngırak & Diş Kaşıma Oyuncakları","YES","YES","HIGH"
"oyuncak-hobi-muzik","SPLIT","<MULTIPLE — SEE SPLIT_SUCCESSORS>","ONE_TO_MANY_PRODUCT_RULE_REQUIRED","YES","Oyuncak & Hobi || Müzik & Enstrüman","NO","NO","HIGH"
"erken-yas-egitici-oyuncak","SPLIT","<MULTIPLE — SEE SPLIT_SUCCESSORS>","ONE_TO_MANY_PRODUCT_RULE_REQUIRED","YES","Oyuncak & Hobi > Bebek & Okul Öncesi Oyuncaklar || Oyuncak & Hobi > Eğitici, Bilim & Keşif Oyuncakları","YES","NO","HIGH"
"bebek-oyuncagi","RENAME","Oyuncak & Hobi > Bebek & Okul Öncesi Oyuncaklar > Çıngırak & Diş Kaşıma Oyuncakları","ONE_TO_ONE_SUCCESSOR_WITH_LEGACY_ALIAS","YES","","YES","YES","HIGH"
"egitici-oyuncak","SPLIT","<MULTIPLE — SEE SPLIT_SUCCESSORS>","ONE_TO_MANY_PRODUCT_RULE_REQUIRED","YES","Oyuncak & Hobi > Eğitici, Bilim & Keşif Oyuncakları > Bilim & Deney Setleri > Kimya & Malzeme Deney Setleri || Oyuncak & Hobi > Eğitici, Bilim & Keşif Oyuncakları > Bilim & Deney Setleri > Fizik & Elektronik Deney Setleri || Oyuncak & Hobi > Eğitici, Bilim & Keşif Oyuncakları > Bilim & Deney Setleri > Doğa & Keşif Setleri || Oyuncak & Hobi > Eğitici, Bilim & Keşif Oyuncakları > Kodlama & Robotik Oyuncakları || Oyuncak & Hobi > Eğitici, Bilim & Keşif Oyuncakları > Çocuk Mikroskobu & Teleskobu || Oyuncak & Hobi > Eğitici, Bilim & Keşif Oyuncakları > Dil, Matematik & Öğrenme Oyuncakları","YES","YES","HIGH"
"ahsap-oyuncak","UNRESOLVED","","MANUAL_SUCCESSOR_DECISION_REQUIRED","YES","","YES","YES","HIGH"
"bilim-deney-seti","RENAME","Oyuncak & Hobi > Eğitici, Bilim & Keşif Oyuncakları > Bilim & Deney Setleri > Kimya & Malzeme Deney Setleri","ONE_TO_ONE_SUCCESSOR_WITH_LEGACY_ALIAS","YES","","YES","YES","HIGH"
"figur-bebek-rol-oyunu","SPLIT","<MULTIPLE — SEE SPLIT_SUCCESSORS>","ONE_TO_MANY_PRODUCT_RULE_REQUIRED","YES","Oyuncak & Hobi > Figür, Bebek & Rol Oyunları || Oyuncak & Hobi > Koleksiyon Ürünleri","YES","NO","HIGH"
"oyuncak-bebek-aksesuari","SPLIT","<MULTIPLE — SEE SPLIT_SUCCESSORS>","ONE_TO_MANY_PRODUCT_RULE_REQUIRED","YES","Oyuncak & Hobi > Figür, Bebek & Rol Oyunları > Bebek Evi & Aksesuarları || Oyuncak & Hobi > Figür, Bebek & Rol Oyunları > Oyuncak Bebekler","YES","NO","HIGH"
"aksiyon-figuru","RENAME","Oyuncak & Hobi > Figür, Bebek & Rol Oyunları > Aksiyon & Oyun Figürleri","ONE_TO_ONE_SUCCESSOR_WITH_LEGACY_ALIAS","YES","","YES","YES","HIGH"
"pelus-oyuncak","RENAME_AND_MOVE","Oyuncak & Hobi > Figür, Bebek & Rol Oyunları > Peluş Oyuncaklar","ONE_TO_ONE_SUCCESSOR_WITH_LEGACY_ALIAS","YES","","YES","YES","HIGH"
"meslek-rol-oyunu-seti","RENAME","Oyuncak & Hobi > Figür, Bebek & Rol Oyunları > Rol Oyun Setleri","ONE_TO_ONE_SUCCESSOR_WITH_LEGACY_ALIAS","YES","","YES","YES","HIGH"
"kostum-rol-oyunu-aksesuari","MOVE","Hediyelik & Parti > Kostüm, Maske & Parti Aksesuarları > Parti Kostümleri","ONE_TO_ONE_SUCCESSOR_WITH_LEGACY_ALIAS","YES","","YES","YES","HIGH"
"arac-yapi-uzaktan-kumandali-oyuncak","SPLIT","<MULTIPLE — SEE SPLIT_SUCCESSORS>","ONE_TO_MANY_PRODUCT_RULE_REQUIRED","YES","Oyuncak & Hobi > Yapı & İnşa Oyuncakları || Oyuncak & Hobi > Oyuncak Araçlar & Uzaktan Kumandalı Oyuncaklar || Oyuncak & Hobi > Açık Hava & Aktivite Oyuncakları","YES","NO","HIGH"
"oyuncak-araba-arac","RENAME","Oyuncak & Hobi > Oyuncak Araçlar & Uzaktan Kumandalı Oyuncaklar > Oyuncak Kara Araçları","ONE_TO_ONE_SUCCESSOR_WITH_LEGACY_ALIAS","YES","","YES","YES","HIGH"
"yapi-bloku-insa-seti","RENAME","Oyuncak & Hobi > Yapı & İnşa Oyuncakları > Yapı Blokları","ONE_TO_ONE_SUCCESSOR_WITH_LEGACY_ALIAS","YES","","YES","YES","HIGH"
"tren-pist-seti","RENAME","Oyuncak & Hobi > Oyuncak Araçlar & Uzaktan Kumandalı Oyuncaklar > Oyuncak Tren & Ray Setleri","ONE_TO_ONE_SUCCESSOR_WITH_LEGACY_ALIAS","YES","","YES","YES","HIGH"
"uzaktan-kumandali-arac","RENAME","Oyuncak & Hobi > Oyuncak Araçlar & Uzaktan Kumandalı Oyuncaklar > Uzaktan Kumandalı Kara Araçları","ONE_TO_ONE_SUCCESSOR_WITH_LEGACY_ALIAS","YES","","YES","YES","HIGH"
"oyuncak-drone","RENAME","Oyuncak & Hobi > Oyuncak Araçlar & Uzaktan Kumandalı Oyuncaklar > Oyuncak Dronelar","ONE_TO_ONE_SUCCESSOR_WITH_LEGACY_ALIAS","YES","","YES","YES","HIGH"
"oyun-puzzle-sanat-hobisi","SPLIT","<MULTIPLE — SEE SPLIT_SUCCESSORS>","ONE_TO_MANY_PRODUCT_RULE_REQUIRED","YES","Oyuncak & Hobi > Kutu Oyunları & Oyun Takımları || Oyuncak & Hobi > Puzzle & Zeka Oyunları || Oyuncak & Hobi > Model, Maket & Minyatür || Oyuncak & Hobi > Koleksiyon Ürünleri || Oyuncak & Hobi > Sanat, El İşi & Hobi Kitleri","YES","NO","HIGH"
"kutu-oyunu","RENAME","Oyuncak & Hobi > Kutu Oyunları & Oyun Takımları > Aile Kutu Oyunları","ONE_TO_ONE_SUCCESSOR_WITH_LEGACY_ALIAS","YES","","YES","YES","HIGH"
"puzzle","RENAME","Oyuncak & Hobi > Puzzle & Zeka Oyunları > Yapbozlar > İki Boyutlu Yapbozlar","ONE_TO_ONE_SUCCESSOR_WITH_LEGACY_ALIAS","YES","","YES","NO","LOW"
"kart-oyunu","RENAME","Oyuncak & Hobi > Kutu Oyunları & Oyun Takımları > Oyun Kartları","ONE_TO_ONE_SUCCESSOR_WITH_LEGACY_ALIAS","YES","","YES","YES","HIGH"
"boyama-cocuk-sanat-seti","RENAME_AND_MOVE","Oyuncak & Hobi > Sanat, El İşi & Hobi Kitleri > Boyama & Çizim Kitleri","ONE_TO_ONE_SUCCESSOR_WITH_LEGACY_ALIAS","YES","","YES","YES","HIGH"
"model-maket-koleksiyon-kiti","RENAME","Oyuncak & Hobi > Model, Maket & Minyatür > Model Kitleri > Diğer Model Kitleri","ONE_TO_ONE_SUCCESSOR_WITH_LEGACY_ALIAS","YES","","YES","NO","LOW"
"muzik-enstrumani-ekipmani","SPLIT","<MULTIPLE — SEE SPLIT_SUCCESSORS>","ONE_TO_MANY_PRODUCT_RULE_REQUIRED","YES","Müzik & Enstrüman > Gitar & Bas || Müzik & Enstrüman > Piyano, Org & Klavyeli Çalgılar || Müzik & Enstrüman > Telli & Yaylı Çalgılar || Müzik & Enstrüman > Nefesli Çalgılar || Müzik & Enstrüman > Vurmalı Çalgılar || Müzik & Enstrüman > Geleneksel Türk Müziği Enstrümanları || Müzik & Enstrüman > Elektronik Müzik & DJ Ekipmanları || Müzik & Enstrüman > Stüdyo, Kayıt & Canlı Ses Ekipmanları || Müzik & Enstrüman > Enstrüman Amfi & Efektleri || Müzik & Enstrüman > Enstrüman Aksesuar, Bakım & Sarf Malzemeleri","YES","NO","HIGH"
"gitar-telli-calgi","SPLIT","<MULTIPLE — SEE SPLIT_SUCCESSORS>","ONE_TO_MANY_PRODUCT_RULE_REQUIRED","YES","Müzik & Enstrüman > Gitar & Bas || Müzik & Enstrüman > Telli & Yaylı Çalgılar || Müzik & Enstrüman > Geleneksel Türk Müziği Enstrümanları","YES","NO","HIGH"
"klavye-piyano","SPLIT","<MULTIPLE — SEE SPLIT_SUCCESSORS>","ONE_TO_MANY_PRODUCT_RULE_REQUIRED","YES","Müzik & Enstrüman > Piyano, Org & Klavyeli Çalgılar > Piyanolar || Müzik & Enstrüman > Piyano, Org & Klavyeli Çalgılar > Org & Performans Klavyeleri","YES","NO","HIGH"
"davul-vurmali-calgi","RENAME","Müzik & Enstrüman > Vurmalı Çalgılar > El Perküsyonları","ONE_TO_ONE_SUCCESSOR_WITH_LEGACY_ALIAS","YES","","YES","NO","LOW"
"nefesli-calgi","RENAME","Müzik & Enstrüman > Nefesli Çalgılar > Tahta Nefesliler > Flütler","ONE_TO_ONE_SUCCESSOR_WITH_LEGACY_ALIAS","YES","","YES","NO","LOW"
"enstruman-aksesuari","SPLIT","<MULTIPLE — SEE SPLIT_SUCCESSORS>","ONE_TO_MANY_PRODUCT_RULE_REQUIRED","YES","Müzik & Enstrüman > Enstrüman Aksesuar, Bakım & Sarf Malzemeleri > Enstrüman Telleri || Müzik & Enstrüman > Enstrüman Aksesuar, Bakım & Sarf Malzemeleri > Pena & Mızraplar || Müzik & Enstrüman > Enstrüman Aksesuar, Bakım & Sarf Malzemeleri > Baget & Tokmaklar || Müzik & Enstrüman > Enstrüman Aksesuar, Bakım & Sarf Malzemeleri > Kamış, Ağızlık & Bekler || Müzik & Enstrüman > Enstrüman Aksesuar, Bakım & Sarf Malzemeleri > Enstrüman Standları || Müzik & Enstrüman > Enstrüman Aksesuar, Bakım & Sarf Malzemeleri > Akort Cihazı & Metronomlar || Müzik & Enstrüman > Enstrüman Aksesuar, Bakım & Sarf Malzemeleri > Enstrümana Özgü Kablolar || Müzik & Enstrüman > Enstrüman Aksesuar, Bakım & Sarf Malzemeleri > Enstrüman Temizlik & Bakım Ürünleri || Müzik & Enstrüman > Enstrüman Aksesuar, Bakım & Sarf Malzemeleri > Askı, Tutucu & Nota Sehpaları","YES","YES","HIGH"
"spor-outdoor","KEEP","Spor & Outdoor","ONE_TO_ONE_BIND_OR_ALLOCATE","NO","","NO","NO","LOW"
"fitness-antrenman","SPLIT","<MULTIPLE — SEE SPLIT_SUCCESSORS>","ONE_TO_MANY_PRODUCT_RULE_REQUIRED","YES","Spor & Outdoor > Fitness & Kondisyon || Spor & Outdoor > Bireysel Sporlar & Jimnastik || Spor & Outdoor > Dövüş Sporları","YES","NO","HIGH"
"agirlik-dambil","SPLIT","<MULTIPLE — SEE SPLIT_SUCCESSORS>","ONE_TO_MANY_PRODUCT_RULE_REQUIRED","YES","Spor & Outdoor > Fitness & Kondisyon > Ağırlık Antrenmanı > Bar, Plaka & Ağırlık Setleri || Spor & Outdoor > Fitness & Kondisyon > Ağırlık Antrenmanı > Dambıl & Kettlebell","YES","NO","HIGH"
"yoga-pilates-ekipmani","RENAME","Spor & Outdoor > Bireysel Sporlar & Jimnastik > Yoga & Pilates Ekipmanları","ONE_TO_ONE_SUCCESSOR_WITH_LEGACY_ALIAS","YES","","YES","NO","LOW"
"kondisyon-aleti","SPLIT","<MULTIPLE — SEE SPLIT_SUCCESSORS>","ONE_TO_MANY_PRODUCT_RULE_REQUIRED","YES","Spor & Outdoor > Fitness & Kondisyon > Kardiyo Cihazları > Koşu Bantları || Spor & Outdoor > Fitness & Kondisyon > Kardiyo Cihazları > Kondisyon Bisikletleri || Spor & Outdoor > Fitness & Kondisyon > Kardiyo Cihazları > Eliptik & Kürek Cihazları","YES","NO","HIGH"
"direnc-bandi-atlama-ipi","RENAME_AND_MOVE","Spor & Outdoor > Fitness & Kondisyon > Atlama İpi & Kondisyon Aksesuarları","ONE_TO_ONE_SUCCESSOR_WITH_LEGACY_ALIAS","YES","","YES","NO","LOW"
"spor-koruyucu-destek","UNRESOLVED","","MANUAL_SUCCESSOR_DECISION_REQUIRED","YES","","YES","YES","HIGH"
"takim-raket-sporlari","SPLIT","<MULTIPLE — SEE SPLIT_SUCCESSORS>","ONE_TO_MANY_PRODUCT_RULE_REQUIRED","YES","Spor & Outdoor > Takım Sporları || Spor & Outdoor > Raket Sporları","YES","NO","HIGH"
"futbol-ekipmani","SPLIT","<MULTIPLE — SEE SPLIT_SUCCESSORS>","ONE_TO_MANY_PRODUCT_RULE_REQUIRED","YES","Spor & Outdoor > Takım Sporları > Futbol Ekipmanları > Futbol Topları || Spor & Outdoor > Takım Sporları > Futbol Ekipmanları > Kale & Antrenman Ekipmanları || Spor & Outdoor > Takım Sporları > Futbol Ekipmanları > Kaleci Ekipmanları","YES","YES","HIGH"
"basketbol-voleybol-ekipmani","SPLIT","<MULTIPLE — SEE SPLIT_SUCCESSORS>","ONE_TO_MANY_PRODUCT_RULE_REQUIRED","YES","Spor & Outdoor > Takım Sporları > Basketbol Ekipmanları > Basketbol Topları || Spor & Outdoor > Takım Sporları > Basketbol Ekipmanları > Pota & Basketbol Aksesuarları || Spor & Outdoor > Takım Sporları > Voleybol Ekipmanları > Voleybol Topları || Spor & Outdoor > Takım Sporları > Voleybol Ekipmanları > File & Voleybol Aksesuarları","YES","YES","HIGH"
"tenis-badminton-ekipmani","SPLIT","<MULTIPLE — SEE SPLIT_SUCCESSORS>","ONE_TO_MANY_PRODUCT_RULE_REQUIRED","YES","Spor & Outdoor > Raket Sporları > Tenis Ekipmanları || Spor & Outdoor > Raket Sporları > Badminton Ekipmanları","YES","NO","HIGH"
"masa-tenisi-ekipmani","RENAME","Spor & Outdoor > Raket Sporları > Masa Tenisi Ekipmanları > Masa Tenisi Raketleri","ONE_TO_ONE_SUCCESSOR_WITH_LEGACY_ALIAS","YES","","YES","NO","LOW"
"kaleci-takim-koruma-ekipmani","RENAME","Spor & Outdoor > Takım Sporları > Futbol Ekipmanları > Kaleci Ekipmanları","ONE_TO_ONE_SUCCESSOR_WITH_LEGACY_ALIAS","YES","","YES","YES","HIGH"
"bisiklet-paten-kaykay","SPLIT","<MULTIPLE — SEE SPLIT_SUCCESSORS>","ONE_TO_MANY_PRODUCT_RULE_REQUIRED","YES","Spor & Outdoor > Bisiklet || Spor & Outdoor > Bireysel Sporlar & Jimnastik","YES","NO","HIGH"
"bisiklet","RENAME","Spor & Outdoor > Bisiklet > Bisikletler > Dağ Bisikletleri","ONE_TO_ONE_SUCCESSOR_WITH_LEGACY_ALIAS","YES","","YES","NO","LOW"
"bisiklet-parcasi-aksesuari","SPLIT","<MULTIPLE — SEE SPLIT_SUCCESSORS>","ONE_TO_MANY_PRODUCT_RULE_REQUIRED","YES","Spor & Outdoor > Bisiklet > Bisiklet Parçaları > Aktarma Organları || Spor & Outdoor > Bisiklet > Bisiklet Parçaları > Fren Parçaları || Spor & Outdoor > Bisiklet > Bisiklet Parçaları > Jant, Lastik & Tekerlek Parçaları || Spor & Outdoor > Bisiklet > Bisiklet Parçaları > Gidon, Sele & Kontrol Parçaları || Spor & Outdoor > Bisiklet > Bisiklet Kaskı & Koruyucuları || Spor & Outdoor > Bisiklet > Bisiklet Kilidi & Güvenlik Ürünleri || Spor & Outdoor > Bisiklet > Pompa, Bakım & Sürüş Aksesuarları || Spor & Outdoor > Bisiklet > Bisiklete Monte Çanta & Taşıyıcılar","YES","YES","HIGH"
"bisiklet-kaski-korumasi","RENAME","Spor & Outdoor > Bisiklet > Bisiklet Kaskı & Koruyucuları","ONE_TO_ONE_SUCCESSOR_WITH_LEGACY_ALIAS","YES","","YES","YES","HIGH"
"paten","RENAME","Spor & Outdoor > Bireysel Sporlar & Jimnastik > Paten & Kaykay","ONE_TO_ONE_SUCCESSOR_WITH_LEGACY_ALIAS","YES","","YES","YES","HIGH"
"kaykay-scooter","UNRESOLVED","Spor & Outdoor > Bireysel Sporlar & Jimnastik > Paten & Kaykay","MANUAL_SUCCESSOR_DECISION_REQUIRED","YES","","YES","YES","HIGH"
"kamp-yuruyus-outdoor","RENAME","Spor & Outdoor > Outdoor, Kamp & Trekking","ONE_TO_ONE_SUCCESSOR_WITH_LEGACY_ALIAS","YES","","YES","YES","HIGH"
"cadir","RENAME","Spor & Outdoor > Outdoor, Kamp & Trekking > Kamp Barınakları > Çadırlar","ONE_TO_ONE_SUCCESSOR_WITH_LEGACY_ALIAS","YES","","YES","NO","LOW"
"uyku-tulumu-kamp-mati","SPLIT","<MULTIPLE — SEE SPLIT_SUCCESSORS>","ONE_TO_MANY_PRODUCT_RULE_REQUIRED","YES","Spor & Outdoor > Outdoor, Kamp & Trekking > Uyku Sistemleri > Uyku Tulumları || Spor & Outdoor > Outdoor, Kamp & Trekking > Uyku Sistemleri > Kamp Matları","YES","NO","HIGH"
"kamp-mobilyasi","RENAME","Spor & Outdoor > Outdoor, Kamp & Trekking > Kamp Mobilyaları","ONE_TO_ONE_SUCCESSOR_WITH_LEGACY_ALIAS","YES","","YES","YES","HIGH"
"kamp-ocagi-pisirme-ekipmani","RENAME","Spor & Outdoor > Outdoor, Kamp & Trekking > Kamp Ocağı & Outdoor Pişirme Ekipmanları","ONE_TO_ONE_SUCCESSOR_WITH_LEGACY_ALIAS","YES","","YES","YES","HIGH"
"fener-outdoor-aydinlatma","RENAME","Spor & Outdoor > Outdoor, Kamp & Trekking > Outdoor Aydınlatma Ekipmanları","ONE_TO_ONE_SUCCESSOR_WITH_LEGACY_ALIAS","YES","","YES","YES","HIGH"
"trekking-bastonu-outdoor-aksesuari","RENAME","Spor & Outdoor > Outdoor, Kamp & Trekking > Trekking & Yürüyüş Ekipmanları","ONE_TO_ONE_SUCCESSOR_WITH_LEGACY_ALIAS","YES","","YES","YES","HIGH"
"spor-matarasi","MOVE","Züccaciye & Mutfak > Termos, Matara & Yiyecek Taşıma > Matara","ONE_TO_ONE_SUCCESSOR_WITH_LEGACY_ALIAS","YES","","YES","YES","HIGH"
"balikcilik-su-kis-sporlari","SPLIT","<MULTIPLE — SEE SPLIT_SUCCESSORS>","ONE_TO_MANY_PRODUCT_RULE_REQUIRED","YES","Spor & Outdoor > Balıkçılık || Spor & Outdoor > Su Sporları || Spor & Outdoor > Kış Sporları","YES","YES","HIGH"
"olta-balikcilik-takimi","SPLIT","<MULTIPLE — SEE SPLIT_SUCCESSORS>","ONE_TO_MANY_PRODUCT_RULE_REQUIRED","YES","Spor & Outdoor > Balıkçılık > Olta Kamışları || Spor & Outdoor > Balıkçılık > Olta Makineleri || Spor & Outdoor > Balıkçılık > Misina, İğne & Bağlantı Takımları || Spor & Outdoor > Balıkçılık > Suni Yem & Balıkçılık Yemleri || Spor & Outdoor > Balıkçılık > Kepçe, Ağ & Balıkçılık Aksesuarları || Spor & Outdoor > Balıkçılık > Balıkçı Kutusu & Taşıma Ürünleri","YES","YES","HIGH"
"yuzme-ekipmani","RENAME","Spor & Outdoor > Su Sporları > Yüzme Ekipmanları","ONE_TO_ONE_SUCCESSOR_WITH_LEGACY_ALIAS","YES","","YES","YES","HIGH"
"snorkel-dalis-ekipmani","RENAME","Spor & Outdoor > Su Sporları > Dalış & Şnorkel Ekipmanları","ONE_TO_ONE_SUCCESSOR_WITH_LEGACY_ALIAS","YES","","YES","YES","HIGH"
"sisme-deniz-urunu","RENAME","Spor & Outdoor > Su Sporları > Şişme Su Sporu Ürünleri","ONE_TO_ONE_SUCCESSOR_WITH_LEGACY_ALIAS","YES","","YES","YES","HIGH"
"kayak-snowboard-ekipmani","SPLIT","<MULTIPLE — SEE SPLIT_SUCCESSORS>","ONE_TO_MANY_PRODUCT_RULE_REQUIRED","YES","Spor & Outdoor > Kış Sporları > Kayak Ekipmanları || Spor & Outdoor > Kış Sporları > Snowboard Ekipmanları","YES","YES","HIGH"
"kitap","KEEP","Kitap","ONE_TO_ONE_BIND_OR_ALLOCATE","NO","","NO","NO","LOW"
"kitaplar","SPLIT","<MULTIPLE — SEE SPLIT_SUCCESSORS>","ONE_TO_MANY_PRODUCT_RULE_REQUIRED","YES","Kitap > Edebiyat & Kurgu || Kitap > Çocuk & Gençlik Kitapları || Kitap > Eğitim & Ders Kitapları || Kitap > Sınav Hazırlık Kitapları || Kitap > Akademik & Mesleki Kitaplar || Kitap > Araştırma, İnceleme & Düşünce || Kitap > Kişisel Gelişim & Yaşam || Kitap > Sanat, Kültür & Hobi Kitapları || Kitap > Çizgi Roman & Manga || Kitap > Dil Öğrenimi & Sözlükler","YES","NO","HIGH"
"roman-oyku","SPLIT","<MULTIPLE — SEE SPLIT_SUCCESSORS>","ONE_TO_MANY_PRODUCT_RULE_REQUIRED","YES","Kitap > Edebiyat & Kurgu > Öykü || Kitap > Edebiyat & Kurgu > Roman","YES","NO","HIGH"
"siir-edebiyat-inceleme","RENAME","Kitap > Edebiyat & Kurgu > Şiir","ONE_TO_ONE_SUCCESSOR_WITH_LEGACY_ALIAS","YES","","YES","NO","LOW"
"cocuk-kitabi","RENAME","Kitap > Çocuk & Gençlik Kitapları > Çocuk Edebiyatı","ONE_TO_ONE_SUCCESSOR_WITH_LEGACY_ALIAS","YES","","YES","YES","HIGH"
"genclik-kitabi","RENAME_AND_MOVE","Kitap > Çocuk & Gençlik Kitapları > Gençlik Edebiyatı","ONE_TO_ONE_SUCCESSOR_WITH_LEGACY_ALIAS","YES","","YES","YES","HIGH"
"egitim-sinav-kitabi","SPLIT","<MULTIPLE — SEE SPLIT_SUCCESSORS>","ONE_TO_MANY_PRODUCT_RULE_REQUIRED","YES","Kitap > Eğitim & Ders Kitapları || Kitap > Sınav Hazırlık Kitapları","YES","YES","HIGH"
"akademik-mesleki-kitap","SPLIT","<MULTIPLE — SEE SPLIT_SUCCESSORS>","ONE_TO_MANY_PRODUCT_RULE_REQUIRED","YES","Kitap > Akademik & Mesleki Kitaplar > Fen Bilimleri Kitapları || Kitap > Akademik & Mesleki Kitaplar > Hukuk Kitapları || Kitap > Akademik & Mesleki Kitaplar > İşletme & Ekonomi Kitapları || Kitap > Akademik & Mesleki Kitaplar > Mühendislik & Teknoloji Kitapları || Kitap > Akademik & Mesleki Kitaplar > Sağlık Bilimleri Kitapları || Kitap > Akademik & Mesleki Kitaplar > Sosyal Bilimler Kitapları","YES","NO","HIGH"
"arastirma-tarih-toplum-kitabi","RENAME","Kitap > Araştırma, İnceleme & Düşünce > Tarih","ONE_TO_ONE_SUCCESSOR_WITH_LEGACY_ALIAS","YES","","YES","NO","LOW"
"bilim-teknoloji-doga-kitabi","RENAME_AND_MOVE","Kitap > Araştırma, İnceleme & Düşünce > Popüler Bilim","ONE_TO_ONE_SUCCESSOR_WITH_LEGACY_ALIAS","YES","","YES","NO","LOW"
"kisisel-gelisim-is-dunyasi-kitabi","RENAME","Kitap > Kişisel Gelişim & Yaşam > Kişisel Gelişim","ONE_TO_ONE_SUCCESSOR_WITH_LEGACY_ALIAS","YES","","YES","NO","LOW"
"din-felsefe-dusunce-kitabi","RENAME","Kitap > Araştırma, İnceleme & Düşünce > Felsefe","ONE_TO_ONE_SUCCESSOR_WITH_LEGACY_ALIAS","YES","","YES","NO","LOW"
"sanat-hobi-yasam-kitabi","RENAME","Kitap > Sanat, Kültür & Hobi Kitapları > Gezi","ONE_TO_ONE_SUCCESSOR_WITH_LEGACY_ALIAS","YES","","YES","NO","LOW"
"cizgi-roman-manga","SPLIT","<MULTIPLE — SEE SPLIT_SUCCESSORS>","ONE_TO_MANY_PRODUCT_RULE_REQUIRED","YES","Kitap > Çizgi Roman & Manga > Çizgi Roman || Kitap > Çizgi Roman & Manga > Manga","YES","NO","HIGH"
"sozluk-atlas-basvuru-kitabi","UNRESOLVED","Kitap > Dil Öğrenimi & Sözlükler","MANUAL_SUCCESSOR_DECISION_REQUIRED","YES","","YES","NO","HIGH"
"kirtasiye-ofis","KEEP","Kırtasiye & Ofis","ONE_TO_ONE_BIND_OR_ALLOCATE","NO","","NO","NO","LOW"
"yazim-okul-gerecleri","SPLIT","<MULTIPLE — SEE SPLIT_SUCCESSORS>","ONE_TO_MANY_PRODUCT_RULE_REQUIRED","YES","Kırtasiye & Ofis > Kalem & Yazım Gereçleri || Kırtasiye & Ofis > Yapıştırıcı, Bant & Kesim Gereçleri || Kırtasiye & Ofis > Okul Kırtasiyesi & Eğitim Gereçleri","YES","NO","HIGH"
"kursun-kalem-uc","SPLIT","<MULTIPLE — SEE SPLIT_SUCCESSORS>","ONE_TO_MANY_PRODUCT_RULE_REQUIRED","YES","Kırtasiye & Ofis > Kalem & Yazım Gereçleri > Kalem Ucu & Mürekkep || Kırtasiye & Ofis > Kalem & Yazım Gereçleri > Kurşun & Versatil Kalemler","YES","NO","HIGH"
"tukenmez-jel-roller-kalem","RENAME","Kırtasiye & Ofis > Kalem & Yazım Gereçleri > Tükenmez & Roller Kalemler","ONE_TO_ONE_SUCCESSOR_WITH_LEGACY_ALIAS","YES","","YES","NO","LOW"
"dolma-kalem-murekkep","SPLIT","<MULTIPLE — SEE SPLIT_SUCCESSORS>","ONE_TO_MANY_PRODUCT_RULE_REQUIRED","YES","Kırtasiye & Ofis > Kalem & Yazım Gereçleri > Dolma Kalemler || Kırtasiye & Ofis > Kalem & Yazım Gereçleri > Kalem Ucu & Mürekkep","YES","YES","HIGH"
"keceli-fosforlu-tahta-kalemi","RENAME","Kırtasiye & Ofis > Kalem & Yazım Gereçleri > Marker & Fosforlu Kalemler","ONE_TO_ONE_SUCCESSOR_WITH_LEGACY_ALIAS","YES","","YES","YES","HIGH"
"silgi-kalemtiras-cetvel","RENAME","Kırtasiye & Ofis > Kalem & Yazım Gereçleri > Silgi & Düzeltme Gereçleri","ONE_TO_ONE_SUCCESSOR_WITH_LEGACY_ALIAS","YES","","YES","YES","HIGH"
"kalemlik","RENAME_AND_MOVE","Kırtasiye & Ofis > Okul Kırtasiyesi & Eğitim Gereçleri > Kalem Kutuları","ONE_TO_ONE_SUCCESSOR_WITH_LEGACY_ALIAS","YES","","YES","NO","LOW"
"okul-geometri-matematik-seti","RENAME","Kırtasiye & Ofis > Okul Kırtasiyesi & Eğitim Gereçleri > Geometri Setleri","ONE_TO_ONE_SUCCESSOR_WITH_LEGACY_ALIAS","YES","","YES","YES","HIGH"
"defter-kagit-sunum","SPLIT","<MULTIPLE — SEE SPLIT_SUCCESSORS>","ONE_TO_MANY_PRODUCT_RULE_REQUIRED","YES","Kırtasiye & Ofis > Defter, Ajanda & Planlayıcılar || Kırtasiye & Ofis > Kağıt, Etiket & Baskı Sarfı || Kırtasiye & Ofis > Sunum, Pano & Yazı Tahtası Ürünleri","YES","NO","HIGH"
"defter","RENAME","Kırtasiye & Ofis > Defter, Ajanda & Planlayıcılar > Defterler","ONE_TO_ONE_SUCCESSOR_WITH_LEGACY_ALIAS","YES","","YES","NO","LOW"
"ajanda-planlayici","SPLIT","<MULTIPLE — SEE SPLIT_SUCCESSORS>","ONE_TO_MANY_PRODUCT_RULE_REQUIRED","YES","Kırtasiye & Ofis > Defter, Ajanda & Planlayıcılar > Ajandalar || Kırtasiye & Ofis > Defter, Ajanda & Planlayıcılar > Planlayıcılar","YES","NO","HIGH"
"not-kagidi-yapiskanli-not","UNRESOLVED","Kırtasiye & Ofis > Defter, Ajanda & Planlayıcılar > Bloknotlar","MANUAL_SUCCESSOR_DECISION_REQUIRED","YES","","YES","NO","HIGH"
"fotokopi-yazici-kagidi","RENAME","Kırtasiye & Ofis > Kağıt, Etiket & Baskı Sarfı > Fotokopi & Yazıcı Kağıtları","ONE_TO_ONE_SUCCESSOR_WITH_LEGACY_ALIAS","YES","","YES","NO","LOW"
"resim-fon-kartonu","RENAME_AND_MOVE","Kırtasiye & Ofis > Kağıt, Etiket & Baskı Sarfı > Karton & Fon Kağıtları","ONE_TO_ONE_SUCCESSOR_WITH_LEGACY_ALIAS","YES","","YES","NO","LOW"
"etiket-sticker","RENAME","Kırtasiye & Ofis > Kağıt, Etiket & Baskı Sarfı > Etiket & Sticker Kağıtları","ONE_TO_ONE_SUCCESSOR_WITH_LEGACY_ALIAS","YES","","YES","NO","LOW"
"yazi-tahtasi-pano","SPLIT","<MULTIPLE — SEE SPLIT_SUCCESSORS>","ONE_TO_MANY_PRODUCT_RULE_REQUIRED","YES","Kırtasiye & Ofis > Sunum, Pano & Yazı Tahtası Ürünleri > Mantar & İlan Panoları || Kırtasiye & Ofis > Sunum, Pano & Yazı Tahtası Ürünleri > Yazı Tahtaları","YES","NO","HIGH"
"ofis-dosyalama-masaustu","SPLIT","<MULTIPLE — SEE SPLIT_SUCCESSORS>","ONE_TO_MANY_PRODUCT_RULE_REQUIRED","YES","Kırtasiye & Ofis > Dosyalama & Arşivleme || Kırtasiye & Ofis > Masaüstü Ofis Gereçleri || Kırtasiye & Ofis > Ofis Makineleri & Ciltleme Ekipmanları","YES","NO","HIGH"
"klasor-dosya","SPLIT","<MULTIPLE — SEE SPLIT_SUCCESSORS>","ONE_TO_MANY_PRODUCT_RULE_REQUIRED","YES","Kırtasiye & Ofis > Dosyalama & Arşivleme > Klasörler || Kırtasiye & Ofis > Dosyalama & Arşivleme > Dosyalar","YES","NO","HIGH"
"zimba-delgec-atas","SPLIT","<MULTIPLE — SEE SPLIT_SUCCESSORS>","ONE_TO_MANY_PRODUCT_RULE_REQUIRED","YES","Kırtasiye & Ofis > Masaüstü Ofis Gereçleri > Ataş, Klips & Raptiyeler || Kırtasiye & Ofis > Masaüstü Ofis Gereçleri > Zımba & Delgeçler","YES","NO","HIGH"
"makas-maket-bicagi","SPLIT","<MULTIPLE — SEE SPLIT_SUCCESSORS>","ONE_TO_MANY_PRODUCT_RULE_REQUIRED","YES","Kırtasiye & Ofis > Yapıştırıcı, Bant & Kesim Gereçleri > Makaslar || Kırtasiye & Ofis > Yapıştırıcı, Bant & Kesim Gereçleri > Maket Bıçakları","YES","YES","HIGH"
"masaustu-duzenleyici","RENAME","Kırtasiye & Ofis > Masaüstü Ofis Gereçleri > Masaüstü Düzenleyiciler","ONE_TO_ONE_SUCCESSOR_WITH_LEGACY_ALIAS","YES","","YES","NO","LOW"
"hesap-makinesi","RENAME","Kırtasiye & Ofis > Ofis Makineleri & Ciltleme Ekipmanları > Hesap Makineleri","ONE_TO_ONE_SUCCESSOR_WITH_LEGACY_ALIAS","YES","","YES","YES","HIGH"
"kase-istampa-numarator","RENAME_AND_MOVE","Kırtasiye & Ofis > Masaüstü Ofis Gereçleri > Kaşe & Tarih Damgaları","ONE_TO_ONE_SUCCESSOR_WITH_LEGACY_ALIAS","YES","","YES","NO","LOW"
"sanat-el-isi-paketleme","SPLIT","<MULTIPLE — SEE SPLIT_SUCCESSORS>","ONE_TO_MANY_PRODUCT_RULE_REQUIRED","YES","Kırtasiye & Ofis > Sanat & Çizim Malzemeleri || Kırtasiye & Ofis > Paketleme & Postalama Ürünleri","YES","NO","HIGH"
"boya-cizim-malzemesi","SPLIT","<MULTIPLE — SEE SPLIT_SUCCESSORS>","ONE_TO_MANY_PRODUCT_RULE_REQUIRED","YES","Kırtasiye & Ofis > Sanat & Çizim Malzemeleri > Boyalar > Akrilik & Yağlı Boyalar || Kırtasiye & Ofis > Sanat & Çizim Malzemeleri > Boyalar > Sulu & Guaj Boyalar","YES","NO","HIGH"
"tuval-cizim-yuzeyi","RENAME","Kırtasiye & Ofis > Sanat & Çizim Malzemeleri > Tuval & Çizim Yüzeyleri","ONE_TO_ONE_SUCCESSOR_WITH_LEGACY_ALIAS","YES","","YES","NO","LOW"
"firca-sanat-araci","RENAME","Kırtasiye & Ofis > Sanat & Çizim Malzemeleri > Fırçalar","ONE_TO_ONE_SUCCESSOR_WITH_LEGACY_ALIAS","YES","","YES","NO","LOW"
"hobi-kagidi-el-isi-malzemesi","UNRESOLVED","","MANUAL_SUCCESSOR_DECISION_REQUIRED","YES","","YES","NO","HIGH"
"kirtasiye-yapistirici-hobi-bandi","SPLIT","<MULTIPLE — SEE SPLIT_SUCCESSORS>","ONE_TO_MANY_PRODUCT_RULE_REQUIRED","YES","Kırtasiye & Ofis > Yapıştırıcı, Bant & Kesim Gereçleri > Yapıştırıcılar || Kırtasiye & Ofis > Yapıştırıcı, Bant & Kesim Gereçleri > Ofis & Kırtasiye Bantları","YES","YES","HIGH"
"kargo-poseti-zarf-kutu","SPLIT","<MULTIPLE — SEE SPLIT_SUCCESSORS>","ONE_TO_MANY_PRODUCT_RULE_REQUIRED","YES","Kırtasiye & Ofis > Paketleme & Postalama Ürünleri > Kargo & Postalama Kutuları || Kırtasiye & Ofis > Paketleme & Postalama Ürünleri > Postalama Poşetleri || Kırtasiye & Ofis > Kağıt, Etiket & Baskı Sarfı > Zarflar","YES","NO","HIGH"
"hediye-kagidi-paketleme","RENAME","Kırtasiye & Ofis > Paketleme & Postalama Ürünleri > Paketleme Bantları","ONE_TO_ONE_SUCCESSOR_WITH_LEGACY_ALIAS","YES","","YES","NO","LOW"
"pet-shop","RENAME","Evcil Hayvan Ürünleri","ONE_TO_ONE_SUCCESSOR_WITH_LEGACY_ALIAS","YES","","NO","NO","LOW"
"evcil-hayvan-mamalari","SPLIT","<MULTIPLE — SEE SPLIT_SUCCESSORS>","ONE_TO_MANY_PRODUCT_RULE_REQUIRED","YES","Evcil Hayvan Ürünleri > Kedi Ürünleri || Evcil Hayvan Ürünleri > Köpek Ürünleri || Evcil Hayvan Ürünleri > Akvaryum & Balık Ürünleri || Evcil Hayvan Ürünleri > Kuş Ürünleri || Evcil Hayvan Ürünleri > Küçük Hayvan Ürünleri || Evcil Hayvan Ürünleri > Sürüngen & Egzotik Pet Ürünleri","YES","NO","HIGH"
"kopek-mamasi","RENAME","Evcil Hayvan Ürünleri > Köpek Ürünleri","ONE_TO_ONE_SUCCESSOR_WITH_LEGACY_ALIAS","YES","","YES","YES","HIGH"
"kuru-kopek-mamasi","MERGE","Evcil Hayvan Ürünleri > Köpek Ürünleri > Köpek Mamaları","MANY_TO_ONE_SUCCESSOR_WITH_ALL_LEGACY_ALIASES","YES","","YES","YES","HIGH"
"yas-kopek-mamasi","MERGE","Evcil Hayvan Ürünleri > Köpek Ürünleri > Köpek Mamaları","MANY_TO_ONE_SUCCESSOR_WITH_ALL_LEGACY_ALIASES","YES","","YES","YES","HIGH"
"kopek-odulu","RENAME","Evcil Hayvan Ürünleri > Köpek Ürünleri > Köpek Ödül & Çiğneme Ürünleri","ONE_TO_ONE_SUCCESSOR_WITH_LEGACY_ALIAS","YES","","YES","YES","HIGH"
"kedi-mamasi","RENAME","Evcil Hayvan Ürünleri > Kedi Ürünleri","ONE_TO_ONE_SUCCESSOR_WITH_LEGACY_ALIAS","YES","","YES","YES","HIGH"
"kuru-kedi-mamasi","MERGE","Evcil Hayvan Ürünleri > Kedi Ürünleri > Kedi Mamaları","MANY_TO_ONE_SUCCESSOR_WITH_ALL_LEGACY_ALIASES","YES","","YES","YES","HIGH"
"yas-kedi-mamasi","MERGE","Evcil Hayvan Ürünleri > Kedi Ürünleri > Kedi Mamaları","MANY_TO_ONE_SUCCESSOR_WITH_ALL_LEGACY_ALIASES","YES","","YES","YES","HIGH"
"kedi-odulu","RENAME","Evcil Hayvan Ürünleri > Kedi Ürünleri > Kedi Ödülleri","ONE_TO_ONE_SUCCESSOR_WITH_LEGACY_ALIAS","YES","","YES","YES","HIGH"
"kus-yemi","RENAME_AND_MOVE","Evcil Hayvan Ürünleri > Kuş Ürünleri > Kuş Yem & Ödülleri","ONE_TO_ONE_SUCCESSOR_WITH_LEGACY_ALIAS","YES","","YES","YES","HIGH"
"balik-yemi","RENAME","Evcil Hayvan Ürünleri > Akvaryum & Balık Ürünleri > Balık Yemleri","ONE_TO_ONE_SUCCESSOR_WITH_LEGACY_ALIAS","YES","","YES","YES","HIGH"
"kucuk-hayvan-yemi","RENAME","Evcil Hayvan Ürünleri > Küçük Hayvan Ürünleri > Küçük Hayvan Yem & Ödülleri","ONE_TO_ONE_SUCCESSOR_WITH_LEGACY_ALIAS","YES","","YES","YES","HIGH"
"kedi-kopek-ekipmanlari","SPLIT","<MULTIPLE — SEE SPLIT_SUCCESSORS>","ONE_TO_MANY_PRODUCT_RULE_REQUIRED","YES","Evcil Hayvan Ürünleri > Kedi Ürünleri || Evcil Hayvan Ürünleri > Köpek Ürünleri","YES","NO","HIGH"
"pet-mama-su-kabi","RENAME_AND_MOVE","Evcil Hayvan Ürünleri > Ortak Pet Bakım & Aksesuarları > Ortak Mama & Su Kapları","ONE_TO_ONE_SUCCESSOR_WITH_LEGACY_ALIAS","YES","","YES","YES","HIGH"
"tasma-kayis-gogus-tasmasi","SPLIT","<MULTIPLE — SEE SPLIT_SUCCESSORS>","ONE_TO_MANY_PRODUCT_RULE_REQUIRED","YES","Evcil Hayvan Ürünleri > Kedi Ürünleri > Kedi Tasma & Güvenlik Ürünleri || Evcil Hayvan Ürünleri > Köpek Ürünleri > Köpek Tasma & Gezdirme Ürünleri","YES","NO","HIGH"
"pet-yatagi-minderi","SPLIT","<MULTIPLE — SEE SPLIT_SUCCESSORS>","ONE_TO_MANY_PRODUCT_RULE_REQUIRED","YES","Evcil Hayvan Ürünleri > Kedi Ürünleri > Kedi Yatak & Taşıma Ürünleri || Evcil Hayvan Ürünleri > Köpek Ürünleri > Köpek Yatak & Taşıma Ürünleri","YES","YES","HIGH"
"pet-tasima-cantasi-kafesi","SPLIT","<MULTIPLE — SEE SPLIT_SUCCESSORS>","ONE_TO_MANY_PRODUCT_RULE_REQUIRED","YES","Evcil Hayvan Ürünleri > Kedi Ürünleri > Kedi Yatak & Taşıma Ürünleri || Evcil Hayvan Ürünleri > Köpek Ürünleri > Köpek Yatak & Taşıma Ürünleri","YES","NO","HIGH"
"kedi-kopek-oyuncagi","SPLIT","<MULTIPLE — SEE SPLIT_SUCCESSORS>","ONE_TO_MANY_PRODUCT_RULE_REQUIRED","YES","Evcil Hayvan Ürünleri > Kedi Ürünleri > Kedi Oyuncakları || Evcil Hayvan Ürünleri > Köpek Ürünleri > Köpek Oyuncak & Aktivite Ürünleri","YES","YES","HIGH"
"kedi-tirmalama-mobilyasi","RENAME","Evcil Hayvan Ürünleri > Kedi Ürünleri > Tırmalama & Kedi Yaşam Alanları","ONE_TO_ONE_SUCCESSOR_WITH_LEGACY_ALIAS","YES","","YES","NO","LOW"
"akvaryum-kus-kucuk-hayvan","SPLIT","<MULTIPLE — SEE SPLIT_SUCCESSORS>","ONE_TO_MANY_PRODUCT_RULE_REQUIRED","YES","Evcil Hayvan Ürünleri > Akvaryum & Balık Ürünleri || Evcil Hayvan Ürünleri > Kuş Ürünleri || Evcil Hayvan Ürünleri > Küçük Hayvan Ürünleri || Evcil Hayvan Ürünleri > Sürüngen & Egzotik Pet Ürünleri","YES","NO","HIGH"
"akvaryum","RENAME","Evcil Hayvan Ürünleri > Akvaryum & Balık Ürünleri > Akvaryumlar","ONE_TO_ONE_SUCCESSOR_WITH_LEGACY_ALIAS","YES","","YES","NO","LOW"
"akvaryum-filtre-pompasi","RENAME","Evcil Hayvan Ürünleri > Akvaryum & Balık Ürünleri > Filtre & Pompalar","ONE_TO_ONE_SUCCESSOR_WITH_LEGACY_ALIAS","YES","","YES","YES","HIGH"
"akvaryum-dekor-bakim-gereci","SPLIT","<MULTIPLE — SEE SPLIT_SUCCESSORS>","ONE_TO_MANY_PRODUCT_RULE_REQUIRED","YES","Evcil Hayvan Ürünleri > Akvaryum & Balık Ürünleri > Akvaryum Dekoru & Substratı || Evcil Hayvan Ürünleri > Akvaryum & Balık Ürünleri > Akvaryum Su Bakım Ürünleri || Evcil Hayvan Ürünleri > Akvaryum & Balık Ürünleri > Akvaryum Temizlik Ekipmanları","YES","YES","HIGH"
"kus-kafesi-aksesuari","SPLIT","<MULTIPLE — SEE SPLIT_SUCCESSORS>","ONE_TO_MANY_PRODUCT_RULE_REQUIRED","YES","Evcil Hayvan Ürünleri > Kuş Ürünleri > Kuş Kafesi & Standları || Evcil Hayvan Ürünleri > Kuş Ürünleri > Tünekler || Evcil Hayvan Ürünleri > Kuş Ürünleri > Kuş Suluk & Yemlikleri","YES","YES","HIGH"
"kemirgen-kafesi-ekipmani","RENAME","Evcil Hayvan Ürünleri > Küçük Hayvan Ürünleri > Küçük Hayvan Kafes & Yaşam Alanları","ONE_TO_ONE_SUCCESSOR_WITH_LEGACY_ALIAS","YES","","YES","NO","LOW"
"pet-bakim-hijyen-saglik-destegi","SPLIT","<MULTIPLE — SEE SPLIT_SUCCESSORS>","ONE_TO_MANY_PRODUCT_RULE_REQUIRED","YES","Evcil Hayvan Ürünleri > Kedi Ürünleri || Evcil Hayvan Ürünleri > Köpek Ürünleri || Evcil Hayvan Ürünleri > Ortak Pet Bakım & Aksesuarları","YES","NO","HIGH"
"kedi-kumu-tuvaleti","RENAME","Evcil Hayvan Ürünleri > Kedi Ürünleri > Kedi Kumu & Tuvalet Ürünleri","ONE_TO_ONE_SUCCESSOR_WITH_LEGACY_ALIAS","YES","","YES","YES","HIGH"
"pet-sampuani-tuy-bakimi","SPLIT","<MULTIPLE — SEE SPLIT_SUCCESSORS>","ONE_TO_MANY_PRODUCT_RULE_REQUIRED","YES","Evcil Hayvan Ürünleri > Kedi Ürünleri > Kedi Bakım & Hijyen Ürünleri || Evcil Hayvan Ürünleri > Köpek Ürünleri > Köpek Bakım & Hijyen Ürünleri","YES","YES","HIGH"
"pet-temizlik-koku-urunu","SPLIT","<MULTIPLE — SEE SPLIT_SUCCESSORS>","ONE_TO_MANY_PRODUCT_RULE_REQUIRED","YES","Evcil Hayvan Ürünleri > Kedi Ürünleri > Kedi Bakım & Hijyen Ürünleri || Evcil Hayvan Ürünleri > Köpek Ürünleri > Köpek Bakım & Hijyen Ürünleri || Evcil Hayvan Ürünleri > Küçük Hayvan Ürünleri > Küçük Hayvan Bakım Ürünleri","YES","YES","HIGH"
"pet-egitim-tuvalet-urunu","RENAME_AND_MOVE","Evcil Hayvan Ürünleri > Köpek Ürünleri > Köpek Eğitim Aksesuarları","ONE_TO_ONE_SUCCESSOR_WITH_LEGACY_ALIAS","YES","","YES","YES","HIGH"
"pet-saglik-destek-urunu","OUT_OF_PRODUCT_TAXONOMY","","TOMBSTONE_OUT_OF_PRODUCT_TAXONOMY","YES","","YES","YES","HIGH"
"optik","RENAME","Gözlük & Optik","ONE_TO_ONE_SUCCESSOR_WITH_LEGACY_ALIAS","YES","","NO","NO","LOW"
"gozluk-optik-urunler","SPLIT","<MULTIPLE — SEE SPLIT_SUCCESSORS>","ONE_TO_MANY_PRODUCT_RULE_REQUIRED","YES","Gözlük & Optik > Optik Gözlük Çerçeveleri || Gözlük & Optik > Güneş Gözlükleri || Gözlük & Optik > Hazır Okuma Gözlükleri || Gözlük & Optik > Gözlük Camları || Gözlük & Optik > Kontakt Lensler || Gözlük & Optik > Kontakt Lens Bakım Ürünleri || Gözlük & Optik > Gözlük & Optik Aksesuarları","YES","NO","HIGH"
"optik-gozluk-cercevesi","RENAME","Gözlük & Optik > Optik Gözlük Çerçeveleri > Çerçevesiz Gözlük Çerçeveleri","ONE_TO_ONE_SUCCESSOR_WITH_LEGACY_ALIAS","YES","","YES","YES","HIGH"
"gunes-gozlugu","SPLIT","<MULTIPLE — SEE SPLIT_SUCCESSORS>","ONE_TO_MANY_PRODUCT_RULE_REQUIRED","YES","Gözlük & Optik > Güneş Gözlükleri > Standart Güneş Gözlükleri || Gözlük & Optik > Güneş Gözlükleri > Clip-on Güneş Gözlükleri","YES","YES","HIGH"
"hazir-okuma-gozlugu","RENAME","Gözlük & Optik > Hazır Okuma Gözlükleri","ONE_TO_ONE_SUCCESSOR_WITH_LEGACY_ALIAS","YES","","YES","YES","HIGH"
"kontakt-lens","RENAME","Gözlük & Optik > Kontakt Lensler > Multifokal Kontakt Lensler","ONE_TO_ONE_SUCCESSOR_WITH_LEGACY_ALIAS","YES","","YES","YES","HIGH"
"lens-solusyonu-kabi","SPLIT","<MULTIPLE — SEE SPLIT_SUCCESSORS>","ONE_TO_MANY_PRODUCT_RULE_REQUIRED","YES","Gözlük & Optik > Kontakt Lens Bakım Ürünleri > Çok Amaçlı Lens Solüsyonları || Gözlük & Optik > Kontakt Lens Bakım Ürünleri > Lens Durulama & Salin Ürünleri || Gözlük & Optik > Kontakt Lens Bakım Ürünleri > Peroksitli Lens Bakım Sistemleri || Gözlük & Optik > Kontakt Lens Bakım Ürünleri > Kontakt Lens Kapları","YES","YES","HIGH"
"gozluk-kilifi-bakim-urunu","SPLIT","<MULTIPLE — SEE SPLIT_SUCCESSORS>","ONE_TO_MANY_PRODUCT_RULE_REQUIRED","YES","Gözlük & Optik > Gözlük & Optik Aksesuarları > Gözlük Kılıfları || Gözlük & Optik > Gözlük & Optik Aksesuarları > Gözlük Temizlik Bezleri & Kitleri","YES","YES","HIGH"
"saat-taki","KEEP","Saat & Takı","ONE_TO_ONE_BIND_OR_ALLOCATE","NO","","NO","NO","LOW"
"saat-saat-aksesuarlari","SPLIT","<MULTIPLE — SEE SPLIT_SUCCESSORS>","ONE_TO_MANY_PRODUCT_RULE_REQUIRED","YES","Saat & Takı > Klasik Kol Saatleri || Saat & Takı > Cep Saatleri || Saat & Takı > Saat Kayışları & Aksesuarları","YES","NO","HIGH"
"kol-saati","RENAME","Saat & Takı > Klasik Kol Saatleri > Analog Kol Saatleri","ONE_TO_ONE_SUCCESSOR_WITH_LEGACY_ALIAS","YES","","YES","YES","HIGH"
"cep-yaka-saati","RENAME","Saat & Takı > Cep Saatleri","ONE_TO_ONE_SUCCESSOR_WITH_LEGACY_ALIAS","YES","","YES","YES","HIGH"
"saat-kayisi","RENAME","Saat & Takı > Saat Kayışları & Aksesuarları > Saat Kayışları & Kordonları","ONE_TO_ONE_SUCCESSOR_WITH_LEGACY_ALIAS","YES","","YES","NO","LOW"
"saat-kutusu-standi","RENAME_AND_MOVE","Saat & Takı > Saat Kayışları & Aksesuarları > Saat Saklama & Kurma Ürünleri","ONE_TO_ONE_SUCCESSOR_WITH_LEGACY_ALIAS","YES","","YES","YES","HIGH"
"saat-pili-yedek-bileseni","RENAME","Saat & Takı > Saat Kayışları & Aksesuarları > Saat Pili & Bakım Ürünleri","ONE_TO_ONE_SUCCESSOR_WITH_LEGACY_ALIAS","YES","","YES","YES","HIGH"
"taki-mucevher","SPLIT","<MULTIPLE — SEE SPLIT_SUCCESSORS>","ONE_TO_MANY_PRODUCT_RULE_REQUIRED","YES","Saat & Takı > Kolyeler & Takı Uçları || Saat & Takı > Küpeler || Saat & Takı > Yüzükler || Saat & Takı > Bileklik, Bilezik & Halhallar || Saat & Takı > Broş & Giyim Takıları || Saat & Takı > Vücut Takıları || Saat & Takı > Takı Aksesuarları & Saklama || Saat & Takı > Takı Yapım Malzemeleri","YES","NO","HIGH"
"kolye-uc","SPLIT","<MULTIPLE — SEE SPLIT_SUCCESSORS>","ONE_TO_MANY_PRODUCT_RULE_REQUIRED","YES","Saat & Takı > Kolyeler & Takı Uçları > Kolyeler & Zincirler || Saat & Takı > Kolyeler & Takı Uçları > Takı Uçları & Charmlar","YES","YES","HIGH"
"kupe","RENAME","Saat & Takı > Küpeler > Çivi Küpeler","ONE_TO_ONE_SUCCESSOR_WITH_LEGACY_ALIAS","YES","","YES","YES","HIGH"
"yuzuk","RENAME","Saat & Takı > Yüzükler > Ayarlanabilir Yüzükler","ONE_TO_ONE_SUCCESSOR_WITH_LEGACY_ALIAS","YES","","YES","YES","HIGH"
"bileklik-halhal","SPLIT","<MULTIPLE — SEE SPLIT_SUCCESSORS>","ONE_TO_MANY_PRODUCT_RULE_REQUIRED","YES","Saat & Takı > Bileklik, Bilezik & Halhallar > Bileklikler || Saat & Takı > Bileklik, Bilezik & Halhallar > Halhallar","YES","NO","HIGH"
"bros-rozet-piercing-takisi","SPLIT","<MULTIPLE — SEE SPLIT_SUCCESSORS>","ONE_TO_MANY_PRODUCT_RULE_REQUIRED","YES","Saat & Takı > Broş & Giyim Takıları > Broş & Rozetler || Saat & Takı > Vücut Takıları > Piercing Takıları","YES","YES","HIGH"
"taki-kutusu-bakim-urunu","SPLIT","<MULTIPLE — SEE SPLIT_SUCCESSORS>","ONE_TO_MANY_PRODUCT_RULE_REQUIRED","YES","Saat & Takı > Takı Aksesuarları & Saklama > Takı Kutuları & Organizerler || Saat & Takı > Takı Aksesuarları & Saklama > Takı Temizlik & Bakım Ürünleri","YES","NO","HIGH"
"saglik-medikal","KEEP","Sağlık & Medikal","ONE_TO_ONE_BIND_OR_ALLOCATE","NO","","NO","YES","HIGH"
"ilk-yardim-koruyucu-urun","SPLIT","<MULTIPLE — SEE SPLIT_SUCCESSORS>","ONE_TO_MANY_PRODUCT_RULE_REQUIRED","YES","Sağlık & Medikal > İlk Yardım & Yara Bakımı || Sağlık & Medikal > Kişisel Koruyucu Medikal Ürünler","YES","NO","HIGH"
"ilk-yardim-seti","RENAME","Sağlık & Medikal > İlk Yardım & Yara Bakımı > İlk Yardım Setleri","ONE_TO_ONE_SUCCESSOR_WITH_LEGACY_ALIAS","YES","","YES","YES","HIGH"
"bandaj-gazli-bez-flaster","SPLIT","<MULTIPLE — SEE SPLIT_SUCCESSORS>","ONE_TO_MANY_PRODUCT_RULE_REQUIRED","YES","Sağlık & Medikal > İlk Yardım & Yara Bakımı > Bandaj & Flasterler || Sağlık & Medikal > İlk Yardım & Yara Bakımı > Steril Kompres & Yara Örtüleri","YES","YES","HIGH"
"antiseptik-dezenfeksiyon-urunu","OUT_OF_PRODUCT_TAXONOMY","","TOMBSTONE_OUT_OF_PRODUCT_TAXONOMY","YES","","YES","YES","HIGH"
"sicak-soguk-uygulama-urunu","KEEP","Sağlık & Medikal > Rehabilitasyon & Fizik Tedavi Ürünleri > Sıcak & Soğuk Uygulama Ürünleri","ONE_TO_ONE_BIND_OR_ALLOCATE","NO","","YES","YES","HIGH"
"tibbi-maske-muayene-eldiveni","SPLIT","<MULTIPLE — SEE SPLIT_SUCCESSORS>","ONE_TO_MANY_PRODUCT_RULE_REQUIRED","YES","Sağlık & Medikal > Kişisel Koruyucu Medikal Ürünler > Medikal Maskeler & Respiratörler || Sağlık & Medikal > Kişisel Koruyucu Medikal Ürünler > Muayene Eldivenleri","YES","YES","HIGH"
"olcum-takip-cihazlari","RENAME","Sağlık & Medikal > Evde Sağlık Ölçüm Cihazları","ONE_TO_ONE_SUCCESSOR_WITH_LEGACY_ALIAS","YES","","YES","YES","HIGH"
"ates-olcer","RENAME","Sağlık & Medikal > Evde Sağlık Ölçüm Cihazları > Ateş Ölçerler","ONE_TO_ONE_SUCCESSOR_WITH_LEGACY_ALIAS","YES","","YES","YES","HIGH"
"tansiyon-aleti","RENAME","Sağlık & Medikal > Evde Sağlık Ölçüm Cihazları > Tansiyon Ölçüm Cihazları","ONE_TO_ONE_SUCCESSOR_WITH_LEGACY_ALIAS","YES","","YES","YES","HIGH"
"kan-sekeri-olcum-cihazi","RENAME","Sağlık & Medikal > Evde Sağlık Ölçüm Cihazları > Glikoz Ölçüm Cihazları","ONE_TO_ONE_SUCCESSOR_WITH_LEGACY_ALIAS","YES","","YES","YES","HIGH"
"nabiz-oksimetre","RENAME","Sağlık & Medikal > Evde Sağlık Ölçüm Cihazları > Pulse Oksimetreler","ONE_TO_ONE_SUCCESSOR_WITH_LEGACY_ALIAS","YES","","YES","YES","HIGH"
"vucut-tartisi-analiz-cihazi","RENAME","Sağlık & Medikal > Evde Sağlık Ölçüm Cihazları > Sağlık Tipi Vücut Ölçüm Cihazları","ONE_TO_ONE_SUCCESSOR_WITH_LEGACY_ALIAS","YES","","YES","YES","HIGH"
"ortopedi-hareket-solunum-destegi","SPLIT","<MULTIPLE — SEE SPLIT_SUCCESSORS>","ONE_TO_MANY_PRODUCT_RULE_REQUIRED","YES","Sağlık & Medikal > Ortopedik Destekler & Kompresyon || Sağlık & Medikal > Hareket & Mobilite Yardımcıları || Sağlık & Medikal > Rehabilitasyon & Fizik Tedavi Ürünleri || Sağlık & Medikal > Solunum & Evde Bakım Cihazları","YES","NO","HIGH"
"ortez-eklem-destegi","RENAME","Sağlık & Medikal > Ortopedik Destekler & Kompresyon > Bel & Boyun Destekleri","ONE_TO_ONE_SUCCESSOR_WITH_LEGACY_ALIAS","YES","","YES","YES","HIGH"
"medikal-korse-varis-corabi","SPLIT","<MULTIPLE — SEE SPLIT_SUCCESSORS>","ONE_TO_MANY_PRODUCT_RULE_REQUIRED","YES","Sağlık & Medikal > Ortopedik Destekler & Kompresyon > Bel & Boyun Destekleri || Sağlık & Medikal > Ortopedik Destekler & Kompresyon > Kompresyon Ürünleri","YES","YES","HIGH"
"baston-koltuk-degnegi-yurutec","SPLIT","<MULTIPLE — SEE SPLIT_SUCCESSORS>","ONE_TO_MANY_PRODUCT_RULE_REQUIRED","YES","Sağlık & Medikal > Hareket & Mobilite Yardımcıları > Baston & Koltuk Değnekleri || Sağlık & Medikal > Hareket & Mobilite Yardımcıları > Yürüteç & Rollatorlar","YES","YES","HIGH"
"tekerlekli-sandalye","RENAME","Sağlık & Medikal > Hareket & Mobilite Yardımcıları > Tekerlekli Sandalyeler","ONE_TO_ONE_SUCCESSOR_WITH_LEGACY_ALIAS","YES","","YES","YES","HIGH"
"nebulizator-solunum-cihazi","SPLIT","<MULTIPLE — SEE SPLIT_SUCCESSORS>","ONE_TO_MANY_PRODUCT_RULE_REQUIRED","YES","Sağlık & Medikal > Solunum & Evde Bakım Cihazları > Ev Tipi Nebulizerler || Sağlık & Medikal > Solunum & Evde Bakım Cihazları > Ev Tipi Oksijen Destek Cihazları || Sağlık & Medikal > Solunum & Evde Bakım Cihazları > CPAP & BPAP Cihazları || Sağlık & Medikal > Solunum & Evde Bakım Cihazları > Ev Tipi Aspiratörler","YES","YES","HIGH"
"solunum-maskesi-cihaz-aksesuari","RENAME","Sağlık & Medikal > Solunum & Evde Bakım Cihazları > Solunum Maskesi, Hortumu & Filtresi","ONE_TO_ONE_SUCCESSOR_WITH_LEGACY_ALIAS","YES","","YES","YES","HIGH"
"medikal-bakim-gunluk-yasam","SPLIT","<MULTIPLE — SEE SPLIT_SUCCESSORS>","ONE_TO_MANY_PRODUCT_RULE_REQUIRED","YES","Sağlık & Medikal > Medikal Sarf & Hasta Bakım Ürünleri || Sağlık & Medikal > Günlük Yaşam & Erişilebilirlik Yardımcıları","YES","NO","HIGH"
"yetiskin-hasta-bezi","RENAME","Sağlık & Medikal > Medikal Sarf & Hasta Bakım Ürünleri > İnkontinans Bakım Ürünleri","ONE_TO_ONE_SUCCESSOR_WITH_LEGACY_ALIAS","YES","","YES","YES","HIGH"
"yatak-koruyucu-hasta-bakim-ortusu","RENAME","Sağlık & Medikal > Medikal Sarf & Hasta Bakım Ürünleri > Hasta Bakım Örtüleri & Setleri","ONE_TO_ONE_SUCCESSOR_WITH_LEGACY_ALIAS","YES","","YES","YES","HIGH"
"medikal-kompresyon-bakim-tekstili","SPLIT","<MULTIPLE — SEE SPLIT_SUCCESSORS>","ONE_TO_MANY_PRODUCT_RULE_REQUIRED","YES","Sağlık & Medikal > Ortopedik Destekler & Kompresyon > Kompresyon Ürünleri || Sağlık & Medikal > Medikal Sarf & Hasta Bakım Ürünleri > Hasta Bakım Örtüleri & Setleri","YES","YES","HIGH"
"ilac-kutusu-gunluk-takip-gereci","UNRESOLVED","","MANUAL_SUCCESSOR_DECISION_REQUIRED","YES","","YES","YES","HIGH"
"banyo-tuvalet-destek-urunu","RENAME","Sağlık & Medikal > Günlük Yaşam & Erişilebilirlik Yardımcıları > Banyo & Tuvalet Yardımcıları","ONE_TO_ONE_SUCCESSOR_WITH_LEGACY_ALIAS","YES","","YES","YES","HIGH"
"besin-destegi-koruyucu-saglik-urunu","UNRESOLVED","Sağlık & Medikal > Kişisel Koruyucu Medikal Ürünler","MANUAL_SUCCESSOR_DECISION_REQUIRED","YES","","YES","YES","HIGH"
"vitamin-mineral-destegi","OUT_OF_PRODUCT_TAXONOMY","","TOMBSTONE_OUT_OF_PRODUCT_TAXONOMY","YES","","YES","YES","HIGH"
"protein-sporcu-destegi","OUT_OF_PRODUCT_TAXONOMY","","TOMBSTONE_OUT_OF_PRODUCT_TAXONOMY","YES","","YES","YES","HIGH"
"bitkisel-fonksiyonel-destek","OUT_OF_PRODUCT_TAXONOMY","","TOMBSTONE_OUT_OF_PRODUCT_TAXONOMY","YES","","YES","YES","HIGH"
"prezervatif-bariyer-urunu","OUT_OF_PRODUCT_TAXONOMY","","TOMBSTONE_OUT_OF_PRODUCT_TAXONOMY","YES","","YES","YES","HIGH"
"uyku-rahatlama-gereci","OUT_OF_PRODUCT_TAXONOMY","","TOMBSTONE_OUT_OF_PRODUCT_TAXONOMY","YES","","YES","YES","HIGH"
"cicek-bahce","KEEP","Çiçek & Bahçe","ONE_TO_ONE_BIND_OR_ALLOCATE","NO","","NO","NO","LOW"
"canli-bitki-cicek","SPLIT","<MULTIPLE — SEE SPLIT_SUCCESSORS>","ONE_TO_MANY_PRODUCT_RULE_REQUIRED","YES","Çiçek & Bahçe > Canlı Saksı Bitkileri || Çiçek & Bahçe > Kesme Çiçek & Fiziksel Aranjmanlar || Çiçek & Bahçe > Tohum, Fide & Bitki Soğanları","YES","NO","HIGH"
"saksi-bitkisi","RENAME","Çiçek & Bahçe > Canlı Saksı Bitkileri > İç Mekan Saksı Bitkileri","ONE_TO_ONE_SUCCESSOR_WITH_LEGACY_ALIAS","YES","","YES","YES","HIGH"
"kaktus-sukulent","RENAME_AND_MOVE","Çiçek & Bahçe > Canlı Saksı Bitkileri > Sukulent & Kaktüsler","ONE_TO_ONE_SUCCESSOR_WITH_LEGACY_ALIAS","YES","","YES","YES","HIGH"
"bahce-bitkisi-fidan","RENAME_AND_MOVE","Çiçek & Bahçe > Tohum, Fide & Bitki Soğanları > Fide & Fidanlar","ONE_TO_ONE_SUCCESSOR_WITH_LEGACY_ALIAS","YES","","YES","YES","HIGH"
"kesme-cicek-buket","RENAME","Çiçek & Bahçe > Kesme Çiçek & Fiziksel Aranjmanlar > Çiçek Buketleri","ONE_TO_ONE_SUCCESSOR_WITH_LEGACY_ALIAS","YES","","YES","YES","HIGH"
"celenk-aranjman","RENAME","Çiçek & Bahçe > Kesme Çiçek & Fiziksel Aranjmanlar > Çelenkler","ONE_TO_ONE_SUCCESSOR_WITH_LEGACY_ALIAS","YES","","YES","YES","HIGH"
"bahce-yetistirme-bakim","SPLIT","<MULTIPLE — SEE SPLIT_SUCCESSORS>","ONE_TO_MANY_PRODUCT_RULE_REQUIRED","YES","Çiçek & Bahçe > Saksı, Saksılık & Bitki Kapları || Çiçek & Bahçe > Toprak, Gübre & Bitki Besleme || Çiçek & Bahçe > Sulama Ürünleri || Çiçek & Bahçe > Bahçe El Aletleri || Çiçek & Bahçe > Bitki Bakım & Yetiştirme Ürünleri || Çiçek & Bahçe > Sera & Yetiştirme Ekipmanları || Çiçek & Bahçe > Bahçe Dekorasyonu & Peyzaj Aksesuarları","YES","NO","HIGH"
"tohum-cicek-sogani","SPLIT","<MULTIPLE — SEE SPLIT_SUCCESSORS>","ONE_TO_MANY_PRODUCT_RULE_REQUIRED","YES","Çiçek & Bahçe > Tohum, Fide & Bitki Soğanları > Çiçek Tohumları || Çiçek & Bahçe > Tohum, Fide & Bitki Soğanları > Bitki Soğanı, Yumru & Rizomlar","YES","YES","HIGH"
"toprak-yetistirme-ortami","RENAME_AND_MOVE","Çiçek & Bahçe > Toprak, Gübre & Bitki Besleme > Toprak & Torf","ONE_TO_ONE_SUCCESSOR_WITH_LEGACY_ALIAS","YES","","YES","YES","HIGH"
"gubre-bitki-besini","RENAME","Çiçek & Bahçe > Toprak, Gübre & Bitki Besleme > Gübreler","ONE_TO_ONE_SUCCESSOR_WITH_LEGACY_ALIAS","YES","","YES","YES","HIGH"
"saksi-bitki-kabi","SPLIT","<MULTIPLE — SEE SPLIT_SUCCESSORS>","ONE_TO_MANY_PRODUCT_RULE_REQUIRED","YES","Çiçek & Bahçe > Saksı, Saksılık & Bitki Kapları > Asılı Saksı Sistemleri || Çiçek & Bahçe > Saksı, Saksılık & Bitki Kapları > Saksı & Planterlar || Çiçek & Bahçe > Saksı, Saksılık & Bitki Kapları > Saksı Standları || Çiçek & Bahçe > Saksı, Saksılık & Bitki Kapları > Saksı Tabakları & İç Kapları","YES","NO","HIGH"
"sulama-ekipmani","RENAME","Çiçek & Bahçe > Sulama Ürünleri > Sulama Kapları","ONE_TO_ONE_SUCCESSOR_WITH_LEGACY_ALIAS","YES","","YES","NO","LOW"
"bahce-el-aleti","RENAME","Çiçek & Bahçe > Bahçe El Aletleri > Bahçe El Aleti Setleri","ONE_TO_ONE_SUCCESSOR_WITH_LEGACY_ALIAS","YES","","YES","YES","HIGH"
"hediyelik-parti","KEEP","Hediyelik & Parti","ONE_TO_ONE_BIND_OR_ALLOCATE","NO","","NO","NO","LOW"
"hediye-hatira","SPLIT","<MULTIPLE — SEE SPLIT_SUCCESSORS>","ONE_TO_MANY_PRODUCT_RULE_REQUIRED","YES","Hediyelik & Parti > Hatıra & Hediyelik Objeler || Hediyelik & Parti > Hediye Paketleme & Sunum || Hediyelik & Parti > Tebrik Kartları, Davetiyeler & Kutlama Yazıları","YES","NO","HIGH"
"hediyelik-obje","RETIRE","Hediyelik & Parti > Hatıra & Hediyelik Objeler","TOMBSTONE_NO_ACTIVE_SUCCESSOR","YES","","YES","NO","LOW"
"magnet-turistik-hatira","RENAME","Hediyelik & Parti > Hatıra & Hediyelik Objeler > Magnet & Turistik Hatıralar","ONE_TO_ONE_SUCCESSOR_WITH_LEGACY_ALIAS","YES","","YES","NO","LOW"
"tespih-manevi-hediyelik","UNRESOLVED","","MANUAL_SUCCESSOR_DECISION_REQUIRED","YES","","YES","NO","HIGH"
"nikah-nisan-bebek-hatirasi","RENAME","Hediyelik & Parti > Hatıra & Hediyelik Objeler > Nikâh, Nişan & Bebek Hatıraları","ONE_TO_ONE_SUCCESSOR_WITH_LEGACY_ALIAS","YES","","YES","NO","LOW"
"parti-kutlama","SPLIT","<MULTIPLE — SEE SPLIT_SUCCESSORS>","ONE_TO_MANY_PRODUCT_RULE_REQUIRED","YES","Hediyelik & Parti > Balon & Balon Aksesuarları || Hediyelik & Parti > Parti Süsleri & Mekân Dekorasyonu || Hediyelik & Parti > Parti Sofrası & Servis Ürünleri || Hediyelik & Parti > Kostüm, Maske & Parti Aksesuarları || Hediyelik & Parti > Pasta Süsleme & Kutlama Aksesuarları || Hediyelik & Parti > Parti Eğlence & Fotoğraf Aksesuarları","YES","NO","HIGH"
"balon","SPLIT","<MULTIPLE — SEE SPLIT_SUCCESSORS>","ONE_TO_MANY_PRODUCT_RULE_REQUIRED","YES","Hediyelik & Parti > Balon & Balon Aksesuarları > Balonlar > Lateks Balonlar || Hediyelik & Parti > Balon & Balon Aksesuarları > Balonlar > Folyo Balonlar","YES","YES","HIGH"
"parti-susleme-seti","RENAME","Hediyelik & Parti > Parti Süsleri & Mekân Dekorasyonu > Banner & Girlandlar","ONE_TO_ONE_SUCCESSOR_WITH_LEGACY_ALIAS","YES","","YES","NO","LOW"
"tek-kullanimlik-parti-sofrasi","SPLIT","<MULTIPLE — SEE SPLIT_SUCCESSORS>","ONE_TO_MANY_PRODUCT_RULE_REQUIRED","YES","Hediyelik & Parti > Parti Sofrası & Servis Ürünleri > Tek Kullanımlık Parti Tabak & Kaseleri || Hediyelik & Parti > Parti Sofrası & Servis Ürünleri > Parti Bardakları || Hediyelik & Parti > Parti Sofrası & Servis Ürünleri > Parti Peçetesi & Masa Örtüleri || Hediyelik & Parti > Parti Sofrası & Servis Ürünleri > Parti Çatal, Kaşık & Servis Ürünleri || Hediyelik & Parti > Parti Sofrası & Servis Ürünleri > Pipet & Parti Servis Aksesuarları","YES","YES","HIGH"
"pasta-mumu-kutlama-aksesuari","RENAME","Hediyelik & Parti > Pasta Süsleme & Kutlama Aksesuarları > Pasta Topperları","ONE_TO_ONE_SUCCESSOR_WITH_LEGACY_ALIAS","YES","","YES","YES","HIGH"
"kostum-partisi-aksesuari","RENAME","Hediyelik & Parti > Kostüm, Maske & Parti Aksesuarları > Parti Maskeleri","ONE_TO_ONE_SUCCESSOR_WITH_LEGACY_ALIAS","YES","","YES","YES","HIGH"
