"PLANNING_KEY","DEVELOPMENT_UUID","CANONICAL_PATH","LEVEL","LEAF_YN","CANONICAL_EXISTS_YN","STAGED_YN","QUALIFICATION","ASSIGNABLE_CANDIDATE_YN","PUBLICLY_VISIBLE_YN","PILOT_ACTIVE_YN","POLICY_CLASS","EFFECTIVE_POLICY_GATE","PROFESSIONAL_REVIEW_STATUS","EFFECTIVE_PROFESSIONAL_REVIEW_GATE","FAIL_CLOSED_REASON","TAXONOMY_VERSION","NOTES"
"CANONICAL-000001","714f42ff-37ee-466c-9726-796097910936","Gıda & İçecek","1","NO","YES","YES","CONTAINER_NOT_ASSIGNABLE","NO","NO","NO","NORMAL","PASS","not_required","PASS","STRUCTURAL_CONTAINER","canonical-v1.0.0","Structurally eligible for a later separately authorized activation review; this package keeps it staged and not public."
"CANONICAL-000002","645f6241-56f9-4f60-a520-24a811512930","Gıda & İçecek > Taze Meyve & Sebze","2","NO","YES","YES","CONTAINER_NOT_ASSIGNABLE","NO","NO","NO","NORMAL","PASS","not_required","PASS","STRUCTURAL_CONTAINER","canonical-v1.0.0","Structurally eligible for a later separately authorized activation review; this package keeps it staged and not public."
"CANONICAL-000003","3bf17f8c-d2fc-4596-a3d3-e570166a8b8a","Gıda & İçecek > Taze Meyve & Sebze > Taze Meyve","3","YES","YES","YES","LEAF_ASSIGNABLE_CANDIDATE","YES","NO","NO","NORMAL","PASS","not_required","PASS","NONE","canonical-v1.0.0","Structurally eligible for a later separately authorized activation review; this package keeps it staged and not public."
"CANONICAL-000004","805f433d-0480-4b6c-8088-15b71a3085f6","Gıda & İçecek > Taze Meyve & Sebze > Taze Sebze","3","YES","YES","YES","LEAF_ASSIGNABLE_CANDIDATE","YES","NO","NO","NORMAL","PASS","not_required","PASS","NONE","canonical-v1.0.0","Structurally eligible for a later separately authorized activation review; this package keeps it staged and not public."
"CANONICAL-000005","9b1d4f7a-efdf-439b-ba1a-8fad64c98a18","Gıda & İçecek > Taze Meyve & Sebze > Mantar","3","YES","YES","YES","LEAF_ASSIGNABLE_CANDIDATE","YES","NO","NO","NORMAL","PASS","not_required","PASS","NONE","canonical-v1.0.0","Structurally eligible for a later separately authorized activation review; this package keeps it staged and not public."
"CANONICAL-000006","96656e93-cd63-49e5-b39c-cbd24364f9b4","Gıda & İçecek > Taze Meyve & Sebze > Taze Ot & Yeşillik","3","YES","YES","YES","LEAF_ASSIGNABLE_CANDIDATE","YES","NO","NO","NORMAL","PASS","not_required","PASS","NONE","canonical-v1.0.0","Structurally eligible for a later separately authorized activation review; this package keeps it staged and not public."
"CANONICAL-000007","7b544021-bf6b-4fc0-baa5-2ade3d99d7e7","Gıda & İçecek > Et, Tavuk, Balık & Şarküteri","2","NO","YES","YES","CONTAINER_NOT_ASSIGNABLE","NO","NO","NO","REGULATED","FAIL_CLOSED","pending","FAIL_CLOSED","POLICY_CHAIN=Gıda & İçecek > Et, Tavuk, Balık & Şarküteri:REGULATED; PROFESSIONAL_REVIEW_CHAIN=Gıda & İçecek > Et, Tavuk, Balık & Şarküteri","canonical-v1.0.0","No public/pilot activation candidate in the canonical source; this package keeps it staged and fail-closed."
"CANONICAL-000008","379e9f64-047c-4fd4-98e8-0acd75a9cf80","Gıda & İçecek > Et, Tavuk, Balık & Şarküteri > Kırmızı Et","3","YES","YES","YES","POLICY_BLOCKED","NO","NO","NO","REGULATED","FAIL_CLOSED","pending","FAIL_CLOSED","POLICY_CHAIN=Gıda & İçecek > Et, Tavuk, Balık & Şarküteri:REGULATED | Gıda & İçecek > Et, Tavuk, Balık & Şarküteri > Kırmızı Et:REGULATED; PROFESSIONAL_REVIEW_CHAIN=Gıda & İçecek > Et, Tavuk, Balık & Şarküteri | Gıda & İçecek > Et, Tavuk, Balık & Şarküteri > Kırmızı Et","canonical-v1.0.0","No public/pilot activation candidate in the canonical source; this package keeps it staged and fail-closed."
"CANONICAL-000009","056da839-a77a-4539-a6d8-48523f0508dd","Gıda & İçecek > Et, Tavuk, Balık & Şarküteri > Tavuk & Kanatlı","3","YES","YES","YES","POLICY_BLOCKED","NO","NO","NO","REGULATED","FAIL_CLOSED","pending","FAIL_CLOSED","POLICY_CHAIN=Gıda & İçecek > Et, Tavuk, Balık & Şarküteri:REGULATED | Gıda & İçecek > Et, Tavuk, Balık & Şarküteri > Tavuk & Kanatlı:REGULATED; PROFESSIONAL_REVIEW_CHAIN=Gıda & İçecek > Et, Tavuk, Balık & Şarküteri | Gıda & İçecek > Et, Tavuk, Balık & Şarküteri > Tavuk & Kanatlı","canonical-v1.0.0","No public/pilot activation candidate in the canonical source; this package keeps it staged and fail-closed."
"CANONICAL-000010","dfc97fff-ec18-4d9c-a365-f6e3373fc300","Gıda & İçecek > Et, Tavuk, Balık & Şarküteri > Balık & Deniz Ürünleri","3","YES","YES","YES","POLICY_BLOCKED","NO","NO","NO","REGULATED","FAIL_CLOSED","pending","FAIL_CLOSED","POLICY_CHAIN=Gıda & İçecek > Et, Tavuk, Balık & Şarküteri:REGULATED | Gıda & İçecek > Et, Tavuk, Balık & Şarküteri > Balık & Deniz Ürünleri:REGULATED; PROFESSIONAL_REVIEW_CHAIN=Gıda & İçecek > Et, Tavuk, Balık & Şarküteri | Gıda & İçecek > Et, Tavuk, Balık & Şarküteri > Balık & Deniz Ürünleri","canonical-v1.0.0","No public/pilot activation candidate in the canonical source; this package keeps it staged and fail-closed."
"CANONICAL-000011","6c1ee017-c0ed-4eab-be94-992aad9fa1c8","Gıda & İçecek > Et, Tavuk, Balık & Şarküteri > Şarküteri Ürünleri","3","YES","YES","YES","POLICY_BLOCKED","NO","NO","NO","REGULATED","FAIL_CLOSED","pending","FAIL_CLOSED","POLICY_CHAIN=Gıda & İçecek > Et, Tavuk, Balık & Şarküteri:REGULATED | Gıda & İçecek > Et, Tavuk, Balık & Şarküteri > Şarküteri Ürünleri:REGULATED; PROFESSIONAL_REVIEW_CHAIN=Gıda & İçecek > Et, Tavuk, Balık & Şarküteri | Gıda & İçecek > Et, Tavuk, Balık & Şarküteri > Şarküteri Ürünleri","canonical-v1.0.0","No public/pilot activation candidate in the canonical source; this package keeps it staged and fail-closed."
"CANONICAL-000012","99afb20e-3adf-4892-aa5f-d88ac74726c9","Gıda & İçecek > Süt Ürünleri & Yumurta","2","NO","YES","YES","CONTAINER_NOT_ASSIGNABLE","NO","NO","NO","REGULATED","FAIL_CLOSED","pending","FAIL_CLOSED","POLICY_CHAIN=Gıda & İçecek > Süt Ürünleri & Yumurta:REGULATED; PROFESSIONAL_REVIEW_CHAIN=Gıda & İçecek > Süt Ürünleri & Yumurta","canonical-v1.0.0","No public/pilot activation candidate in the canonical source; this package keeps it staged and fail-closed."
"CANONICAL-000013","41c349e6-6e2f-41fb-be06-2a8ec864bb2f","Gıda & İçecek > Süt Ürünleri & Yumurta > Süt","3","YES","YES","YES","POLICY_BLOCKED","NO","NO","NO","REGULATED","FAIL_CLOSED","pending","FAIL_CLOSED","POLICY_CHAIN=Gıda & İçecek > Süt Ürünleri & Yumurta:REGULATED | Gıda & İçecek > Süt Ürünleri & Yumurta > Süt:REGULATED; PROFESSIONAL_REVIEW_CHAIN=Gıda & İçecek > Süt Ürünleri & Yumurta | Gıda & İçecek > Süt Ürünleri & Yumurta > Süt","canonical-v1.0.0","No public/pilot activation candidate in the canonical source; this package keeps it staged and fail-closed."
"CANONICAL-000014","57381e62-915b-4011-87cc-f0d149ba5f5b","Gıda & İçecek > Süt Ürünleri & Yumurta > Yoğurt","3","YES","YES","YES","POLICY_BLOCKED","NO","NO","NO","REGULATED","FAIL_CLOSED","pending","FAIL_CLOSED","POLICY_CHAIN=Gıda & İçecek > Süt Ürünleri & Yumurta:REGULATED | Gıda & İçecek > Süt Ürünleri & Yumurta > Yoğurt:REGULATED; PROFESSIONAL_REVIEW_CHAIN=Gıda & İçecek > Süt Ürünleri & Yumurta | Gıda & İçecek > Süt Ürünleri & Yumurta > Yoğurt","canonical-v1.0.0","No public/pilot activation candidate in the canonical source; this package keeps it staged and fail-closed."
"CANONICAL-000015","d33ba6c3-fa3d-4e30-86ba-ad6d5f8ec198","Gıda & İçecek > Süt Ürünleri & Yumurta > Peynir","3","YES","YES","YES","POLICY_BLOCKED","NO","NO","NO","REGULATED","FAIL_CLOSED","pending","FAIL_CLOSED","POLICY_CHAIN=Gıda & İçecek > Süt Ürünleri & Yumurta:REGULATED | Gıda & İçecek > Süt Ürünleri & Yumurta > Peynir:REGULATED; PROFESSIONAL_REVIEW_CHAIN=Gıda & İçecek > Süt Ürünleri & Yumurta | Gıda & İçecek > Süt Ürünleri & Yumurta > Peynir","canonical-v1.0.0","No public/pilot activation candidate in the canonical source; this package keeps it staged and fail-closed."
"CANONICAL-000016","19e05c96-0129-4069-bc97-a5a945c9a057","Gıda & İçecek > Süt Ürünleri & Yumurta > Ayran & Kefir","3","YES","YES","YES","POLICY_BLOCKED","NO","NO","NO","REGULATED","FAIL_CLOSED","pending","FAIL_CLOSED","POLICY_CHAIN=Gıda & İçecek > Süt Ürünleri & Yumurta:REGULATED | Gıda & İçecek > Süt Ürünleri & Yumurta > Ayran & Kefir:REGULATED; PROFESSIONAL_REVIEW_CHAIN=Gıda & İçecek > Süt Ürünleri & Yumurta | Gıda & İçecek > Süt Ürünleri & Yumurta > Ayran & Kefir","canonical-v1.0.0","No public/pilot activation candidate in the canonical source; this package keeps it staged and fail-closed."
"CANONICAL-000017","a4070730-0f30-4894-b41e-e983cd0a4d33","Gıda & İçecek > Süt Ürünleri & Yumurta > Tereyağı & Krema","3","YES","YES","YES","POLICY_BLOCKED","NO","NO","NO","REGULATED","FAIL_CLOSED","pending","FAIL_CLOSED","POLICY_CHAIN=Gıda & İçecek > Süt Ürünleri & Yumurta:REGULATED | Gıda & İçecek > Süt Ürünleri & Yumurta > Tereyağı & Krema:REGULATED; PROFESSIONAL_REVIEW_CHAIN=Gıda & İçecek > Süt Ürünleri & Yumurta | Gıda & İçecek > Süt Ürünleri & Yumurta > Tereyağı & Krema","canonical-v1.0.0","No public/pilot activation candidate in the canonical source; this package keeps it staged and fail-closed."
"CANONICAL-000018","426c30c9-1532-45a5-9ff6-c4f3858ef6ca","Gıda & İçecek > Süt Ürünleri & Yumurta > Yumurta","3","YES","YES","YES","POLICY_BLOCKED","NO","NO","NO","REGULATED","FAIL_CLOSED","pending","FAIL_CLOSED","POLICY_CHAIN=Gıda & İçecek > Süt Ürünleri & Yumurta:REGULATED | Gıda & İçecek > Süt Ürünleri & Yumurta > Yumurta:REGULATED; PROFESSIONAL_REVIEW_CHAIN=Gıda & İçecek > Süt Ürünleri & Yumurta | Gıda & İçecek > Süt Ürünleri & Yumurta > Yumurta","canonical-v1.0.0","No public/pilot activation candidate in the canonical source; this package keeps it staged and fail-closed."
"CANONICAL-000019","2b4458bb-3de0-46cd-a2f6-815d3cd3fcb5","Gıda & İçecek > Ekmek, Unlu Mamuller & Pastacılık","2","NO","YES","YES","CONTAINER_NOT_ASSIGNABLE","NO","NO","NO","REGULATED","FAIL_CLOSED","pending","FAIL_CLOSED","POLICY_CHAIN=Gıda & İçecek > Ekmek, Unlu Mamuller & Pastacılık:REGULATED; PROFESSIONAL_REVIEW_CHAIN=Gıda & İçecek > Ekmek, Unlu Mamuller & Pastacılık","canonical-v1.0.0","No public/pilot activation candidate in the canonical source; this package keeps it staged and fail-closed."
"CANONICAL-000020","064d6b72-9e6c-4efd-841f-69dac600ed62","Gıda & İçecek > Ekmek, Unlu Mamuller & Pastacılık > Ekmekler","3","YES","YES","YES","POLICY_BLOCKED","NO","NO","NO","NORMAL","FAIL_CLOSED","not_required","FAIL_CLOSED","POLICY_CHAIN=Gıda & İçecek > Ekmek, Unlu Mamuller & Pastacılık:REGULATED; PROFESSIONAL_REVIEW_CHAIN=Gıda & İçecek > Ekmek, Unlu Mamuller & Pastacılık","canonical-v1.0.0","No public/pilot activation candidate in the canonical source; this package keeps it staged and fail-closed."
"CANONICAL-000021","b54d45e6-8e79-430b-b2e6-e48fc2ecb299","Gıda & İçecek > Ekmek, Unlu Mamuller & Pastacılık > Simit, Poğaça & Börek","3","YES","YES","YES","POLICY_BLOCKED","NO","NO","NO","NORMAL","FAIL_CLOSED","not_required","FAIL_CLOSED","POLICY_CHAIN=Gıda & İçecek > Ekmek, Unlu Mamuller & Pastacılık:REGULATED; PROFESSIONAL_REVIEW_CHAIN=Gıda & İçecek > Ekmek, Unlu Mamuller & Pastacılık","canonical-v1.0.0","No public/pilot activation candidate in the canonical source; this package keeps it staged and fail-closed."
"CANONICAL-000022","1faa1628-adb2-4927-9391-3be8f0e1c0d6","Gıda & İçecek > Ekmek, Unlu Mamuller & Pastacılık > Kek, Kurabiye & Paketli Unlu Mamuller","3","YES","YES","YES","POLICY_BLOCKED","NO","NO","NO","NORMAL","FAIL_CLOSED","not_required","FAIL_CLOSED","POLICY_CHAIN=Gıda & İçecek > Ekmek, Unlu Mamuller & Pastacılık:REGULATED; PROFESSIONAL_REVIEW_CHAIN=Gıda & İçecek > Ekmek, Unlu Mamuller & Pastacılık","canonical-v1.0.0","No public/pilot activation candidate in the canonical source; this package keeps it staged and fail-closed."
"CANONICAL-000023","822d3223-fc2f-446f-9002-961a13395f56","Gıda & İçecek > Ekmek, Unlu Mamuller & Pastacılık > Pasta & Pastane Tatlıları","3","YES","YES","YES","POLICY_BLOCKED","NO","NO","NO","REGULATED","FAIL_CLOSED","pending","FAIL_CLOSED","POLICY_CHAIN=Gıda & İçecek > Ekmek, Unlu Mamuller & Pastacılık:REGULATED | Gıda & İçecek > Ekmek, Unlu Mamuller & Pastacılık > Pasta & Pastane Tatlıları:REGULATED; PROFESSIONAL_REVIEW_CHAIN=Gıda & İçecek > Ekmek, Unlu Mamuller & Pastacılık | Gıda & İçecek > Ekmek, Unlu Mamuller & Pastacılık > Pasta & Pastane Tatlıları","canonical-v1.0.0","No public/pilot activation candidate in the canonical source; this package keeps it staged and fail-closed."
"CANONICAL-000024","00afeab7-ccc6-49fb-99f5-be6f868cd12b","Gıda & İçecek > Bakliyat, Tahıl & Makarna","2","NO","YES","YES","CONTAINER_NOT_ASSIGNABLE","NO","NO","NO","NORMAL","PASS","not_required","PASS","STRUCTURAL_CONTAINER","canonical-v1.0.0","Structurally eligible for a later separately authorized activation review; this package keeps it staged and not public."
"CANONICAL-000025","1c802cb7-24ef-465f-8cae-a85adc283637","Gıda & İçecek > Bakliyat, Tahıl & Makarna > Bakliyat","3","NO","YES","YES","CONTAINER_NOT_ASSIGNABLE","NO","NO","NO","NORMAL","PASS","not_required","PASS","STRUCTURAL_CONTAINER","canonical-v1.0.0","Structurally eligible for a later separately authorized activation review; this package keeps it staged and not public."
"CANONICAL-000026","d06e3b25-40b6-48f1-bd14-13ae4d1378b2","Gıda & İçecek > Bakliyat, Tahıl & Makarna > Bakliyat > Mercimek","4","YES","YES","YES","LEAF_ASSIGNABLE_CANDIDATE","YES","NO","NO","NORMAL","PASS","not_required","PASS","NONE","canonical-v1.0.0","Structurally eligible for a later separately authorized activation review; this package keeps it staged and not public."
"CANONICAL-000027","02a9722f-b0f4-4203-b222-1a47d02993f1","Gıda & İçecek > Bakliyat, Tahıl & Makarna > Bakliyat > Nohut","4","YES","YES","YES","LEAF_ASSIGNABLE_CANDIDATE","YES","NO","NO","NORMAL","PASS","not_required","PASS","NONE","canonical-v1.0.0","Structurally eligible for a later separately authorized activation review; this package keeps it staged and not public."
"CANONICAL-000028","860a7ac7-3ec7-42ad-9b74-925967b666a7","Gıda & İçecek > Bakliyat, Tahıl & Makarna > Bakliyat > Kuru Fasulye & Diğer Bakliyat","4","YES","YES","YES","LEAF_ASSIGNABLE_CANDIDATE","YES","NO","NO","NORMAL","PASS","not_required","PASS","NONE","canonical-v1.0.0","Structurally eligible for a later separately authorized activation review; this package keeps it staged and not public."
"CANONICAL-000029","8f7811ef-faba-4f9d-bb62-90012af7ceae","Gıda & İçecek > Bakliyat, Tahıl & Makarna > Pirinç & Bulgur","3","YES","YES","YES","LEAF_ASSIGNABLE_CANDIDATE","YES","NO","NO","NORMAL","PASS","not_required","PASS","NONE","canonical-v1.0.0","Structurally eligible for a later separately authorized activation review; this package keeps it staged and not public."
"CANONICAL-000030","d7d00dc3-a64e-49dd-bd1c-af5898759d01","Gıda & İçecek > Bakliyat, Tahıl & Makarna > Tahıl, Yulaf & Hububat","3","YES","YES","YES","LEAF_ASSIGNABLE_CANDIDATE","YES","NO","NO","NORMAL","PASS","not_required","PASS","NONE","canonical-v1.0.0","Structurally eligible for a later separately authorized activation review; this package keeps it staged and not public."
"CANONICAL-000031","e3a6976d-4b89-44db-9202-06dbd2d836ef","Gıda & İçecek > Bakliyat, Tahıl & Makarna > Makarna & Erişte","3","YES","YES","YES","LEAF_ASSIGNABLE_CANDIDATE","YES","NO","NO","NORMAL","PASS","not_required","PASS","NONE","canonical-v1.0.0","Structurally eligible for a later separately authorized activation review; this package keeps it staged and not public."
"CANONICAL-000032","564ac894-3ae8-4f90-afde-1fd8b0dd1ed2","Gıda & İçecek > Un, Şeker & Pişirme Malzemeleri","2","NO","YES","YES","CONTAINER_NOT_ASSIGNABLE","NO","NO","NO","NORMAL","PASS","not_required","PASS","STRUCTURAL_CONTAINER","canonical-v1.0.0","Structurally eligible for a later separately authorized activation review; this package keeps it staged and not public."
"CANONICAL-000033","fb2d209c-0781-4e3f-8c8d-1c8813896c58","Gıda & İçecek > Un, Şeker & Pişirme Malzemeleri > Unlar","3","YES","YES","YES","LEAF_ASSIGNABLE_CANDIDATE","YES","NO","NO","NORMAL","PASS","not_required","PASS","NONE","canonical-v1.0.0","Structurally eligible for a later separately authorized activation review; this package keeps it staged and not public."
"CANONICAL-000034","2c5d7dd3-8f88-4f0e-861a-cf7aef34f69a","Gıda & İçecek > Un, Şeker & Pişirme Malzemeleri > Şeker & Tatlandırıcılar","3","YES","YES","YES","LEAF_ASSIGNABLE_CANDIDATE","YES","NO","NO","NORMAL","PASS","not_required","PASS","NONE","canonical-v1.0.0","Structurally eligible for a later separately authorized activation review; this package keeps it staged and not public."
"CANONICAL-000035","4ad7e9be-3b1a-4604-88d3-8e62156505b8","Gıda & İçecek > Un, Şeker & Pişirme Malzemeleri > Maya & Kabartma Ürünleri","3","YES","YES","YES","LEAF_ASSIGNABLE_CANDIDATE","YES","NO","NO","NORMAL","PASS","not_required","PASS","NONE","canonical-v1.0.0","Structurally eligible for a later separately authorized activation review; this package keeps it staged and not public."
"CANONICAL-000036","fe3611fa-7ec3-43d7-92a1-c94647f3723c","Gıda & İçecek > Un, Şeker & Pişirme Malzemeleri > Kakao & Pişirme Çikolatası","3","YES","YES","YES","LEAF_ASSIGNABLE_CANDIDATE","YES","NO","NO","NORMAL","PASS","not_required","PASS","NONE","canonical-v1.0.0","Structurally eligible for a later separately authorized activation review; this package keeps it staged and not public."
"CANONICAL-000037","1c29d7d7-3e90-4ac6-a695-99f0e5a83494","Gıda & İçecek > Un, Şeker & Pişirme Malzemeleri > Pasta Süsleme & Dolgu Malzemeleri","3","YES","YES","YES","LEAF_ASSIGNABLE_CANDIDATE","YES","NO","NO","NORMAL","PASS","not_required","PASS","NONE","canonical-v1.0.0","Structurally eligible for a later separately authorized activation review; this package keeps it staged and not public."
"CANONICAL-000038","bcd6c281-00fd-4f6e-b644-02465abb5eca","Gıda & İçecek > Yağ & Sirke","2","NO","YES","YES","CONTAINER_NOT_ASSIGNABLE","NO","NO","NO","NORMAL","PASS","not_required","PASS","STRUCTURAL_CONTAINER","canonical-v1.0.0","Structurally eligible for a later separately authorized activation review; this package keeps it staged and not public."
"CANONICAL-000039","7420b0b1-054f-4aa5-a888-4f95c6228750","Gıda & İçecek > Yağ & Sirke > Yemeklik Yağlar","3","NO","YES","YES","CONTAINER_NOT_ASSIGNABLE","NO","NO","NO","NORMAL","PASS","not_required","PASS","STRUCTURAL_CONTAINER","canonical-v1.0.0","Structurally eligible for a later separately authorized activation review; this package keeps it staged and not public."
"CANONICAL-000040","f7d0bbfd-4908-4edc-8501-13aa1bdbd2a5","Gıda & İçecek > Yağ & Sirke > Yemeklik Yağlar > Zeytinyağı","4","YES","YES","YES","LEAF_ASSIGNABLE_CANDIDATE","YES","NO","NO","NORMAL","PASS","not_required","PASS","NONE","canonical-v1.0.0","Structurally eligible for a later separately authorized activation review; this package keeps it staged and not public."
"CANONICAL-000041","1d4933d5-55d4-45f1-9b09-86c374472646","Gıda & İçecek > Yağ & Sirke > Yemeklik Yağlar > Bitkisel Sıvı Yağlar","4","YES","YES","YES","LEAF_ASSIGNABLE_CANDIDATE","YES","NO","NO","NORMAL","PASS","not_required","PASS","NONE","canonical-v1.0.0","Structurally eligible for a later separately authorized activation review; this package keeps it staged and not public."
"CANONICAL-000042","844918ea-c131-41c2-9f3d-b47d024b2318","Gıda & İçecek > Yağ & Sirke > Yemeklik Yağlar > Katı Yemeklik Yağlar","4","YES","YES","YES","LEAF_ASSIGNABLE_CANDIDATE","YES","NO","NO","NORMAL","PASS","not_required","PASS","NONE","canonical-v1.0.0","Structurally eligible for a later separately authorized activation review; this package keeps it staged and not public."
"CANONICAL-000043","ca6c089a-fe5c-4cba-b7a0-3a0e718707f9","Gıda & İçecek > Yağ & Sirke > Sirke","3","YES","YES","YES","LEAF_ASSIGNABLE_CANDIDATE","YES","NO","NO","NORMAL","PASS","not_required","PASS","NONE","canonical-v1.0.0","Structurally eligible for a later separately authorized activation review; this package keeps it staged and not public."
"CANONICAL-000044","fe8a1c0e-65d8-4a3d-a3b0-a7294dc3b8e2","Gıda & İçecek > Kahvaltılık","2","NO","YES","YES","CONTAINER_NOT_ASSIGNABLE","NO","NO","NO","NORMAL","PASS","not_required","PASS","STRUCTURAL_CONTAINER","canonical-v1.0.0","Structurally eligible for a later separately authorized activation review; this package keeps it staged and not public."
"CANONICAL-000045","668bf582-8953-4582-985a-28933b613569","Gıda & İçecek > Kahvaltılık > Bal & Pekmez","3","YES","YES","YES","LEAF_ASSIGNABLE_CANDIDATE","YES","NO","NO","NORMAL","PASS","not_required","PASS","NONE","canonical-v1.0.0","Structurally eligible for a later separately authorized activation review; this package keeps it staged and not public."
"CANONICAL-000046","82a301a5-97cf-4341-a215-d5a8804a80d0","Gıda & İçecek > Kahvaltılık > Reçel & Marmelat","3","YES","YES","YES","LEAF_ASSIGNABLE_CANDIDATE","YES","NO","NO","NORMAL","PASS","not_required","PASS","NONE","canonical-v1.0.0","Structurally eligible for a later separately authorized activation review; this package keeps it staged and not public."
"CANONICAL-000047","861d88fa-8b1d-4c14-a736-3d6d0879d0e0","Gıda & İçecek > Kahvaltılık > Sürülebilir Ezme & Kremalar","3","YES","YES","YES","LEAF_ASSIGNABLE_CANDIDATE","YES","NO","NO","NORMAL","PASS","not_required","PASS","NONE","canonical-v1.0.0","Structurally eligible for a later separately authorized activation review; this package keeps it staged and not public."
"CANONICAL-000048","772eb705-dd3c-465a-a27d-9749c60e9043","Gıda & İçecek > Kahvaltılık > Zeytin","3","YES","YES","YES","LEAF_ASSIGNABLE_CANDIDATE","YES","NO","NO","NORMAL","PASS","not_required","PASS","NONE","canonical-v1.0.0","Structurally eligible for a later separately authorized activation review; this package keeps it staged and not public."
"CANONICAL-000049","42b23611-1c78-4409-aa56-3a94a9462b5f","Gıda & İçecek > Kahvaltılık > Kahvaltılık Gevrek & Granola","3","YES","YES","YES","LEAF_ASSIGNABLE_CANDIDATE","YES","NO","NO","NORMAL","PASS","not_required","PASS","NONE","canonical-v1.0.0","Structurally eligible for a later separately authorized activation review; this package keeps it staged and not public."
"CANONICAL-000050","0585f5a3-4923-48a1-934c-62ac5b62373b","Gıda & İçecek > Atıştırmalık, Şekerleme & Kuruyemiş","2","NO","YES","YES","CONTAINER_NOT_ASSIGNABLE","NO","NO","NO","NORMAL","PASS","not_required","PASS","STRUCTURAL_CONTAINER","canonical-v1.0.0","Structurally eligible for a later separately authorized activation review; this package keeps it staged and not public."
"CANONICAL-000051","7eb9cbe8-20b1-4642-a9a9-8d9d30dd3dfc","Gıda & İçecek > Atıştırmalık, Şekerleme & Kuruyemiş > Çikolata","3","YES","YES","YES","LEAF_ASSIGNABLE_CANDIDATE","YES","NO","NO","NORMAL","PASS","not_required","PASS","NONE","canonical-v1.0.0","Structurally eligible for a later separately authorized activation review; this package keeps it staged and not public."
"CANONICAL-000052","caf0e205-8a5b-40bb-a98f-3c01a39037c6","Gıda & İçecek > Atıştırmalık, Şekerleme & Kuruyemiş > Şekerleme & Sakız","3","YES","YES","YES","LEAF_ASSIGNABLE_CANDIDATE","YES","NO","NO","NORMAL","PASS","not_required","PASS","NONE","canonical-v1.0.0","Structurally eligible for a later separately authorized activation review; this package keeps it staged and not public."
"CANONICAL-000053","88629b61-6cae-4a7b-9a06-e9f9a71e87ba","Gıda & İçecek > Atıştırmalık, Şekerleme & Kuruyemiş > Bisküvi, Kraker & Kek","3","YES","YES","YES","LEAF_ASSIGNABLE_CANDIDATE","YES","NO","NO","NORMAL","PASS","not_required","PASS","NONE","canonical-v1.0.0","Structurally eligible for a later separately authorized activation review; this package keeps it staged and not public."
"CANONICAL-000054","65b68d69-1723-42de-8b13-6a3b32ebf501","Gıda & İçecek > Atıştırmalık, Şekerleme & Kuruyemiş > Cips & Tuzlu Atıştırmalık","3","YES","YES","YES","LEAF_ASSIGNABLE_CANDIDATE","YES","NO","NO","NORMAL","PASS","not_required","PASS","NONE","canonical-v1.0.0","Structurally eligible for a later separately authorized activation review; this package keeps it staged and not public."
"CANONICAL-000055","fa04d86e-8e0f-4bd8-8764-8c40bd565825","Gıda & İçecek > Atıştırmalık, Şekerleme & Kuruyemiş > Kuruyemiş","3","YES","YES","YES","LEAF_ASSIGNABLE_CANDIDATE","YES","NO","NO","NORMAL","PASS","not_required","PASS","NONE","canonical-v1.0.0","Structurally eligible for a later separately authorized activation review; this package keeps it staged and not public."
"CANONICAL-000056","7c70ca6a-ef04-4e37-b1d5-2a8315149885","Gıda & İçecek > Atıştırmalık, Şekerleme & Kuruyemiş > Kuru Meyve","3","YES","YES","YES","LEAF_ASSIGNABLE_CANDIDATE","YES","NO","NO","NORMAL","PASS","not_required","PASS","NONE","canonical-v1.0.0","Structurally eligible for a later separately authorized activation review; this package keeps it staged and not public."
"CANONICAL-000057","946936c7-c9ef-4045-a6e7-891cdbace1f8","Gıda & İçecek > Atıştırmalık, Şekerleme & Kuruyemiş > Atıştırmalık Barlar","3","YES","YES","YES","LEAF_ASSIGNABLE_CANDIDATE","YES","NO","NO","NORMAL","PASS","not_required","PASS","NONE","canonical-v1.0.0","Structurally eligible for a later separately authorized activation review; this package keeps it staged and not public."
"CANONICAL-000058","94b62cce-bf66-42da-a3e7-5e25371112bc","Gıda & İçecek > Alkolsüz İçecekler","2","NO","YES","YES","CONTAINER_NOT_ASSIGNABLE","NO","NO","NO","LEGAL_REVIEW_REQUIRED","FAIL_CLOSED","pending","FAIL_CLOSED","POLICY_CHAIN=Gıda & İçecek > Alkolsüz İçecekler:LEGAL_REVIEW_REQUIRED; PROFESSIONAL_REVIEW_CHAIN=Gıda & İçecek > Alkolsüz İçecekler","canonical-v1.0.0","No public/pilot activation candidate in the canonical source; this package keeps it staged and fail-closed."
"CANONICAL-000059","b660ccee-3a5a-4e56-817c-f19b6c649a86","Gıda & İçecek > Alkolsüz İçecekler > Su & Maden Suyu","3","YES","YES","YES","POLICY_BLOCKED","NO","NO","NO","NORMAL","FAIL_CLOSED","not_required","FAIL_CLOSED","POLICY_CHAIN=Gıda & İçecek > Alkolsüz İçecekler:LEGAL_REVIEW_REQUIRED; PROFESSIONAL_REVIEW_CHAIN=Gıda & İçecek > Alkolsüz İçecekler","canonical-v1.0.0","No public/pilot activation candidate in the canonical source; this package keeps it staged and fail-closed."
"CANONICAL-000060","8524f2f1-f2bb-486b-bb65-08272e8255d5","Gıda & İçecek > Alkolsüz İçecekler > Gazlı İçecekler","3","YES","YES","YES","POLICY_BLOCKED","NO","NO","NO","NORMAL","FAIL_CLOSED","not_required","FAIL_CLOSED","POLICY_CHAIN=Gıda & İçecek > Alkolsüz İçecekler:LEGAL_REVIEW_REQUIRED; PROFESSIONAL_REVIEW_CHAIN=Gıda & İçecek > Alkolsüz İçecekler","canonical-v1.0.0","No public/pilot activation candidate in the canonical source; this package keeps it staged and fail-closed."
"CANONICAL-000061","85f4d3c4-c4f0-4efa-af94-f40cc8408378","Gıda & İçecek > Alkolsüz İçecekler > Meyve Suyu & Meyveli İçecekler","3","YES","YES","YES","POLICY_BLOCKED","NO","NO","NO","NORMAL","FAIL_CLOSED","not_required","FAIL_CLOSED","POLICY_CHAIN=Gıda & İçecek > Alkolsüz İçecekler:LEGAL_REVIEW_REQUIRED; PROFESSIONAL_REVIEW_CHAIN=Gıda & İçecek > Alkolsüz İçecekler","canonical-v1.0.0","No public/pilot activation candidate in the canonical source; this package keeps it staged and fail-closed."
"CANONICAL-000062","d746b1a6-1d3f-4f42-a342-fdd4fd5433c7","Gıda & İçecek > Alkolsüz İçecekler > Çay","3","YES","YES","YES","POLICY_BLOCKED","NO","NO","NO","NORMAL","FAIL_CLOSED","not_required","FAIL_CLOSED","POLICY_CHAIN=Gıda & İçecek > Alkolsüz İçecekler:LEGAL_REVIEW_REQUIRED; PROFESSIONAL_REVIEW_CHAIN=Gıda & İçecek > Alkolsüz İçecekler","canonical-v1.0.0","No public/pilot activation candidate in the canonical source; this package keeps it staged and fail-closed."
"CANONICAL-000063","c487428f-976b-4168-bab6-fdc9296fc581","Gıda & İçecek > Alkolsüz İçecekler > Kahve","3","YES","YES","YES","POLICY_BLOCKED","NO","NO","NO","NORMAL","FAIL_CLOSED","not_required","FAIL_CLOSED","POLICY_CHAIN=Gıda & İçecek > Alkolsüz İçecekler:LEGAL_REVIEW_REQUIRED; PROFESSIONAL_REVIEW_CHAIN=Gıda & İçecek > Alkolsüz İçecekler","canonical-v1.0.0","No public/pilot activation candidate in the canonical source; this package keeps it staged and fail-closed."
"CANONICAL-000064","2b9a9054-4f9d-4007-bf86-420fc8e9688f","Gıda & İçecek > Alkolsüz İçecekler > Bitki & Meyve Çayları","3","YES","YES","YES","POLICY_BLOCKED","NO","NO","NO","LEGAL_REVIEW_REQUIRED","FAIL_CLOSED","pending","FAIL_CLOSED","POLICY_CHAIN=Gıda & İçecek > Alkolsüz İçecekler:LEGAL_REVIEW_REQUIRED | Gıda & İçecek > Alkolsüz İçecekler > Bitki & Meyve Çayları:LEGAL_REVIEW_REQUIRED; PROFESSIONAL_REVIEW_CHAIN=Gıda & İçecek > Alkolsüz İçecekler | Gıda & İçecek > Alkolsüz İçecekler > Bitki & Meyve Çayları","canonical-v1.0.0","No public/pilot activation candidate in the canonical source; this package keeps it staged and fail-closed."
"CANONICAL-000065","aa82b63b-1a34-4773-988c-13e5f4db4d42","Gıda & İçecek > Alkolsüz İçecekler > İçecek Tozları & Konsantreler","3","YES","YES","YES","POLICY_BLOCKED","NO","NO","NO","NORMAL","FAIL_CLOSED","not_required","FAIL_CLOSED","POLICY_CHAIN=Gıda & İçecek > Alkolsüz İçecekler:LEGAL_REVIEW_REQUIRED; PROFESSIONAL_REVIEW_CHAIN=Gıda & İçecek > Alkolsüz İçecekler","canonical-v1.0.0","No public/pilot activation candidate in the canonical source; this package keeps it staged and fail-closed."
"CANONICAL-000066","d29e0bb9-5b36-45d4-82a9-b56b76aed724","Gıda & İçecek > Sos, Baharat & Çeşni","2","NO","YES","YES","CONTAINER_NOT_ASSIGNABLE","NO","NO","NO","NORMAL","PASS","not_required","PASS","STRUCTURAL_CONTAINER","canonical-v1.0.0","Structurally eligible for a later separately authorized activation review; this package keeps it staged and not public."
"CANONICAL-000067","f70e58f9-6856-4c4f-aa0d-96e2228bb1e0","Gıda & İçecek > Sos, Baharat & Çeşni > Salça","3","YES","YES","YES","LEAF_ASSIGNABLE_CANDIDATE","YES","NO","NO","NORMAL","PASS","not_required","PASS","NONE","canonical-v1.0.0","Structurally eligible for a later separately authorized activation review; this package keeps it staged and not public."
"CANONICAL-000068","9196b8aa-3a71-4c0b-b08b-597848411641","Gıda & İçecek > Sos, Baharat & Çeşni > Sofra Sosları","3","YES","YES","YES","LEAF_ASSIGNABLE_CANDIDATE","YES","NO","NO","NORMAL","PASS","not_required","PASS","NONE","canonical-v1.0.0","Structurally eligible for a later separately authorized activation review; this package keeps it staged and not public."
"CANONICAL-000069","7eedd164-46fb-4b0b-8acd-378c0d67512c","Gıda & İçecek > Sos, Baharat & Çeşni > Yemek & Pişirme Sosları","3","YES","YES","YES","LEAF_ASSIGNABLE_CANDIDATE","YES","NO","NO","NORMAL","PASS","not_required","PASS","NONE","canonical-v1.0.0","Structurally eligible for a later separately authorized activation review; this package keeps it staged and not public."
"CANONICAL-000070","8a871bc6-3786-4cec-a914-c408f3eb6b1c","Gıda & İçecek > Sos, Baharat & Çeşni > Baharatlar","3","YES","YES","YES","LEAF_ASSIGNABLE_CANDIDATE","YES","NO","NO","NORMAL","PASS","not_required","PASS","NONE","canonical-v1.0.0","Structurally eligible for a later separately authorized activation review; this package keeps it staged and not public."
"CANONICAL-000071","41baf285-9cc6-4d72-bfe1-571b0bd1380f","Gıda & İçecek > Sos, Baharat & Çeşni > Tuz & Çeşni Karışımları","3","YES","YES","YES","LEAF_ASSIGNABLE_CANDIDATE","YES","NO","NO","NORMAL","PASS","not_required","PASS","NONE","canonical-v1.0.0","Structurally eligible for a later separately authorized activation review; this package keeps it staged and not public."
"CANONICAL-000072","7b8a85d0-1dd1-4aba-96f2-838770ddf043","Gıda & İçecek > Konserve & Kavanoz Ürünleri","2","NO","YES","YES","CONTAINER_NOT_ASSIGNABLE","NO","NO","NO","REGULATED","FAIL_CLOSED","pending","FAIL_CLOSED","POLICY_CHAIN=Gıda & İçecek > Konserve & Kavanoz Ürünleri:REGULATED; PROFESSIONAL_REVIEW_CHAIN=Gıda & İçecek > Konserve & Kavanoz Ürünleri","canonical-v1.0.0","No public/pilot activation candidate in the canonical source; this package keeps it staged and fail-closed."
"CANONICAL-000073","1cc5f1b6-fc41-474a-9b79-834662074e6a","Gıda & İçecek > Konserve & Kavanoz Ürünleri > Sebze & Bakliyat Konserveleri","3","YES","YES","YES","POLICY_BLOCKED","NO","NO","NO","NORMAL","FAIL_CLOSED","not_required","FAIL_CLOSED","POLICY_CHAIN=Gıda & İçecek > Konserve & Kavanoz Ürünleri:REGULATED; PROFESSIONAL_REVIEW_CHAIN=Gıda & İçecek > Konserve & Kavanoz Ürünleri","canonical-v1.0.0","No public/pilot activation candidate in the canonical source; this package keeps it staged and fail-closed."
"CANONICAL-000074","31b5d118-0ab7-4d2f-90d8-0b2fe1f35a36","Gıda & İçecek > Konserve & Kavanoz Ürünleri > Balık & Et Konserveleri","3","YES","YES","YES","POLICY_BLOCKED","NO","NO","NO","REGULATED","FAIL_CLOSED","pending","FAIL_CLOSED","POLICY_CHAIN=Gıda & İçecek > Konserve & Kavanoz Ürünleri:REGULATED | Gıda & İçecek > Konserve & Kavanoz Ürünleri > Balık & Et Konserveleri:REGULATED; PROFESSIONAL_REVIEW_CHAIN=Gıda & İçecek > Konserve & Kavanoz Ürünleri | Gıda & İçecek > Konserve & Kavanoz Ürünleri > Balık & Et Konserveleri","canonical-v1.0.0","No public/pilot activation candidate in the canonical source; this package keeps it staged and fail-closed."
"CANONICAL-000075","4d607635-52bc-4fd9-b3ac-930e164495c1","Gıda & İçecek > Konserve & Kavanoz Ürünleri > Turşu","3","YES","YES","YES","POLICY_BLOCKED","NO","NO","NO","NORMAL","FAIL_CLOSED","not_required","FAIL_CLOSED","POLICY_CHAIN=Gıda & İçecek > Konserve & Kavanoz Ürünleri:REGULATED; PROFESSIONAL_REVIEW_CHAIN=Gıda & İçecek > Konserve & Kavanoz Ürünleri","canonical-v1.0.0","No public/pilot activation candidate in the canonical source; this package keeps it staged and fail-closed."
"CANONICAL-000076","bebbf6ae-ffcb-41b1-a501-ab23d2f2896d","Gıda & İçecek > Konserve & Kavanoz Ürünleri > Kavanozda Korunmuş Gıdalar","3","YES","YES","YES","POLICY_BLOCKED","NO","NO","NO","NORMAL","FAIL_CLOSED","not_required","FAIL_CLOSED","POLICY_CHAIN=Gıda & İçecek > Konserve & Kavanoz Ürünleri:REGULATED; PROFESSIONAL_REVIEW_CHAIN=Gıda & İçecek > Konserve & Kavanoz Ürünleri","canonical-v1.0.0","No public/pilot activation candidate in the canonical source; this package keeps it staged and fail-closed."
"CANONICAL-000077","2441c0ba-976f-43b2-abae-6dbc3e5fa642","Gıda & İçecek > Hazır & Pratik Gıda","2","NO","YES","YES","CONTAINER_NOT_ASSIGNABLE","NO","NO","NO","REGULATED","FAIL_CLOSED","pending","FAIL_CLOSED","POLICY_CHAIN=Gıda & İçecek > Hazır & Pratik Gıda:REGULATED; PROFESSIONAL_REVIEW_CHAIN=Gıda & İçecek > Hazır & Pratik Gıda","canonical-v1.0.0","No public/pilot activation candidate in the canonical source; this package keeps it staged and fail-closed."
"CANONICAL-000078","4c6d098e-e5ea-40c4-9879-770b3a6d54b0","Gıda & İçecek > Hazır & Pratik Gıda > Hazır Çorba","3","YES","YES","YES","POLICY_BLOCKED","NO","NO","NO","NORMAL","FAIL_CLOSED","not_required","FAIL_CLOSED","POLICY_CHAIN=Gıda & İçecek > Hazır & Pratik Gıda:REGULATED; PROFESSIONAL_REVIEW_CHAIN=Gıda & İçecek > Hazır & Pratik Gıda","canonical-v1.0.0","No public/pilot activation candidate in the canonical source; this package keeps it staged and fail-closed."
"CANONICAL-000079","58eb214f-2e2a-4534-89c1-dc5c303769fa","Gıda & İçecek > Hazır & Pratik Gıda > Noodle & Hızlı Makarna","3","YES","YES","YES","POLICY_BLOCKED","NO","NO","NO","NORMAL","FAIL_CLOSED","not_required","FAIL_CLOSED","POLICY_CHAIN=Gıda & İçecek > Hazır & Pratik Gıda:REGULATED; PROFESSIONAL_REVIEW_CHAIN=Gıda & İçecek > Hazır & Pratik Gıda","canonical-v1.0.0","No public/pilot activation candidate in the canonical source; this package keeps it staged and fail-closed."
"CANONICAL-000080","3b68beca-5035-40cf-b12f-c8e28014530d","Gıda & İçecek > Hazır & Pratik Gıda > Paketli Hazır Yemek","3","YES","YES","YES","POLICY_BLOCKED","NO","NO","NO","NORMAL","FAIL_CLOSED","not_required","FAIL_CLOSED","POLICY_CHAIN=Gıda & İçecek > Hazır & Pratik Gıda:REGULATED; PROFESSIONAL_REVIEW_CHAIN=Gıda & İçecek > Hazır & Pratik Gıda","canonical-v1.0.0","No public/pilot activation candidate in the canonical source; this package keeps it staged and fail-closed."
"CANONICAL-000081","636789b9-08f5-4803-ab6f-b7693381b382","Gıda & İçecek > Hazır & Pratik Gıda > Meze & Hazır Salata","3","YES","YES","YES","POLICY_BLOCKED","NO","NO","NO","REGULATED","FAIL_CLOSED","pending","FAIL_CLOSED","POLICY_CHAIN=Gıda & İçecek > Hazır & Pratik Gıda:REGULATED | Gıda & İçecek > Hazır & Pratik Gıda > Meze & Hazır Salata:REGULATED; PROFESSIONAL_REVIEW_CHAIN=Gıda & İçecek > Hazır & Pratik Gıda | Gıda & İçecek > Hazır & Pratik Gıda > Meze & Hazır Salata","canonical-v1.0.0","No public/pilot activation candidate in the canonical source; this package keeps it staged and fail-closed."
"CANONICAL-000082","5a2dec08-1e95-4b00-a07d-62a8a94eddec","Gıda & İçecek > Hazır & Pratik Gıda > Hazır Karışımlar","3","YES","YES","YES","POLICY_BLOCKED","NO","NO","NO","NORMAL","FAIL_CLOSED","not_required","FAIL_CLOSED","POLICY_CHAIN=Gıda & İçecek > Hazır & Pratik Gıda:REGULATED; PROFESSIONAL_REVIEW_CHAIN=Gıda & İçecek > Hazır & Pratik Gıda","canonical-v1.0.0","No public/pilot activation candidate in the canonical source; this package keeps it staged and fail-closed."
"CANONICAL-000083","45504af4-44b8-4ab7-b47a-ff01b4dfe083","Gıda & İçecek > Donuk Gıda","2","NO","YES","YES","CONTAINER_NOT_ASSIGNABLE","NO","NO","NO","REGULATED","FAIL_CLOSED","pending","FAIL_CLOSED","POLICY_CHAIN=Gıda & İçecek > Donuk Gıda:REGULATED; PROFESSIONAL_REVIEW_CHAIN=Gıda & İçecek > Donuk Gıda","canonical-v1.0.0","No public/pilot activation candidate in the canonical source; this package keeps it staged and fail-closed."
"CANONICAL-000084","c7d8b27d-0c29-4886-bac0-1c99c861eb5e","Gıda & İçecek > Donuk Gıda > Donuk Meyve & Sebze","3","YES","YES","YES","POLICY_BLOCKED","NO","NO","NO","REGULATED","FAIL_CLOSED","pending","FAIL_CLOSED","POLICY_CHAIN=Gıda & İçecek > Donuk Gıda:REGULATED | Gıda & İçecek > Donuk Gıda > Donuk Meyve & Sebze:REGULATED; PROFESSIONAL_REVIEW_CHAIN=Gıda & İçecek > Donuk Gıda | Gıda & İçecek > Donuk Gıda > Donuk Meyve & Sebze","canonical-v1.0.0","No public/pilot activation candidate in the canonical source; this package keeps it staged and fail-closed."
"CANONICAL-000085","7ed6daa5-d67d-46ef-8f71-6baafb80ffe1","Gıda & İçecek > Donuk Gıda > Donuk Et, Tavuk & Balık","3","YES","YES","YES","POLICY_BLOCKED","NO","NO","NO","REGULATED","FAIL_CLOSED","pending","FAIL_CLOSED","POLICY_CHAIN=Gıda & İçecek > Donuk Gıda:REGULATED | Gıda & İçecek > Donuk Gıda > Donuk Et, Tavuk & Balık:REGULATED; PROFESSIONAL_REVIEW_CHAIN=Gıda & İçecek > Donuk Gıda | Gıda & İçecek > Donuk Gıda > Donuk Et, Tavuk & Balık","canonical-v1.0.0","No public/pilot activation candidate in the canonical source; this package keeps it staged and fail-closed."
"CANONICAL-000086","a8f15550-1c1c-4d36-9bb1-4f3b283f1320","Gıda & İçecek > Donuk Gıda > Donuk Hamur & Fırın Ürünleri","3","YES","YES","YES","POLICY_BLOCKED","NO","NO","NO","REGULATED","FAIL_CLOSED","pending","FAIL_CLOSED","POLICY_CHAIN=Gıda & İçecek > Donuk Gıda:REGULATED | Gıda & İçecek > Donuk Gıda > Donuk Hamur & Fırın Ürünleri:REGULATED; PROFESSIONAL_REVIEW_CHAIN=Gıda & İçecek > Donuk Gıda | Gıda & İçecek > Donuk Gıda > Donuk Hamur & Fırın Ürünleri","canonical-v1.0.0","No public/pilot activation candidate in the canonical source; this package keeps it staged and fail-closed."
"CANONICAL-000087","4203b372-db37-4fcd-a9b8-2e9ab451f0ce","Gıda & İçecek > Donuk Gıda > Donuk Hazır Yemek & Atıştırmalık","3","YES","YES","YES","POLICY_BLOCKED","NO","NO","NO","REGULATED","FAIL_CLOSED","pending","FAIL_CLOSED","POLICY_CHAIN=Gıda & İçecek > Donuk Gıda:REGULATED | Gıda & İçecek > Donuk Gıda > Donuk Hazır Yemek & Atıştırmalık:REGULATED; PROFESSIONAL_REVIEW_CHAIN=Gıda & İçecek > Donuk Gıda | Gıda & İçecek > Donuk Gıda > Donuk Hazır Yemek & Atıştırmalık","canonical-v1.0.0","No public/pilot activation candidate in the canonical source; this package keeps it staged and fail-closed."
"CANONICAL-000088","23c5d906-e75c-462a-8b93-bd2f2279e2e2","Gıda & İçecek > Donuk Gıda > Dondurma & Donuk Tatlı","3","YES","YES","YES","POLICY_BLOCKED","NO","NO","NO","REGULATED","FAIL_CLOSED","pending","FAIL_CLOSED","POLICY_CHAIN=Gıda & İçecek > Donuk Gıda:REGULATED | Gıda & İçecek > Donuk Gıda > Dondurma & Donuk Tatlı:REGULATED; PROFESSIONAL_REVIEW_CHAIN=Gıda & İçecek > Donuk Gıda | Gıda & İçecek > Donuk Gıda > Dondurma & Donuk Tatlı","canonical-v1.0.0","No public/pilot activation candidate in the canonical source; this package keeps it staged and fail-closed."
"CANONICAL-000089","737eb7ae-eb06-442b-83e0-f02834950be7","Giyim & Moda","1","NO","YES","YES","CONTAINER_NOT_ASSIGNABLE","NO","NO","NO","NORMAL","PASS","not_required","PASS","STRUCTURAL_CONTAINER","canonical-v1.0.0","Structurally eligible for a later separately authorized activation review; this package keeps it staged and not public."
"CANONICAL-000090","93fed91c-0756-4749-9664-ac4e19bed07c","Giyim & Moda > Üst Giyim","2","NO","YES","YES","CONTAINER_NOT_ASSIGNABLE","NO","NO","NO","NORMAL","PASS","not_required","PASS","STRUCTURAL_CONTAINER","canonical-v1.0.0","Structurally eligible for a later separately authorized activation review; this package keeps it staged and not public."
"CANONICAL-000091","6fc0742c-1233-4bec-afd9-5e805d9fb50d","Giyim & Moda > Üst Giyim > Tişört","3","YES","YES","YES","LEAF_ASSIGNABLE_CANDIDATE","YES","NO","NO","NORMAL","PASS","not_required","PASS","NONE","canonical-v1.0.0","Structurally eligible for a later separately authorized activation review; this package keeps it staged and not public."
"CANONICAL-000092","eec7990b-004f-44cb-8784-e25106179a63","Giyim & Moda > Üst Giyim > Gömlek & Bluz","3","YES","YES","YES","LEAF_ASSIGNABLE_CANDIDATE","YES","NO","NO","NORMAL","PASS","not_required","PASS","NONE","canonical-v1.0.0","Structurally eligible for a later separately authorized activation review; this package keeps it staged and not public."
"CANONICAL-000093","9ba22fcd-a390-4c76-a948-30197dda9fe1","Giyim & Moda > Üst Giyim > Kazak & Süveter","3","YES","YES","YES","LEAF_ASSIGNABLE_CANDIDATE","YES","NO","NO","NORMAL","PASS","not_required","PASS","NONE","canonical-v1.0.0","Structurally eligible for a later separately authorized activation review; this package keeps it staged and not public."
"CANONICAL-000094","b6c304f5-c04f-4b5c-ab1f-061292a8a4d9","Giyim & Moda > Üst Giyim > Hırka","3","YES","YES","YES","LEAF_ASSIGNABLE_CANDIDATE","YES","NO","NO","NORMAL","PASS","not_required","PASS","NONE","canonical-v1.0.0","Structurally eligible for a later separately authorized activation review; this package keeps it staged and not public."
"CANONICAL-000095","7ba74f25-77a0-4489-909f-f18a7b7614e6","Giyim & Moda > Üst Giyim > Sweatshirt & Hoodie","3","YES","YES","YES","LEAF_ASSIGNABLE_CANDIDATE","YES","NO","NO","NORMAL","PASS","not_required","PASS","NONE","canonical-v1.0.0","Structurally eligible for a later separately authorized activation review; this package keeps it staged and not public."
"CANONICAL-000096","fa5d20d2-f24c-4cdc-849c-44c9cf37f6a3","Giyim & Moda > Üst Giyim > Tunik","3","YES","YES","YES","LEAF_ASSIGNABLE_CANDIDATE","YES","NO","NO","NORMAL","PASS","not_required","PASS","NONE","canonical-v1.0.0","Structurally eligible for a later separately authorized activation review; this package keeps it staged and not public."
"CANONICAL-000097","f10ff4b7-919f-4d3d-b19c-2e69801f1662","Giyim & Moda > Alt Giyim","2","NO","YES","YES","CONTAINER_NOT_ASSIGNABLE","NO","NO","NO","NORMAL","PASS","not_required","PASS","STRUCTURAL_CONTAINER","canonical-v1.0.0","Structurally eligible for a later separately authorized activation review; this package keeps it staged and not public."
"CANONICAL-000098","0f922061-8442-4a46-9758-df9ce35d59f7","Giyim & Moda > Alt Giyim > Pantolon","3","YES","YES","YES","LEAF_ASSIGNABLE_CANDIDATE","YES","NO","NO","NORMAL","PASS","not_required","PASS","NONE","canonical-v1.0.0","Structurally eligible for a later separately authorized activation review; this package keeps it staged and not public."
"CANONICAL-000099","16a9b4c4-439b-4944-ab4e-62c03138dd2d","Giyim & Moda > Alt Giyim > Jean","3","YES","YES","YES","LEAF_ASSIGNABLE_CANDIDATE","YES","NO","NO","NORMAL","PASS","not_required","PASS","NONE","canonical-v1.0.0","Structurally eligible for a later separately authorized activation review; this package keeps it staged and not public."
"CANONICAL-000100","2e7651e3-45cb-4691-a8d0-5110109a51e8","Giyim & Moda > Alt Giyim > Etek","3","YES","YES","YES","LEAF_ASSIGNABLE_CANDIDATE","YES","NO","NO","NORMAL","PASS","not_required","PASS","NONE","canonical-v1.0.0","Structurally eligible for a later separately authorized activation review; this package keeps it staged and not public."
"CANONICAL-000101","b628c5e0-15b5-4443-a566-48e40a2d7cd6","Giyim & Moda > Alt Giyim > Şort","3","YES","YES","YES","LEAF_ASSIGNABLE_CANDIDATE","YES","NO","NO","NORMAL","PASS","not_required","PASS","NONE","canonical-v1.0.0","Structurally eligible for a later separately authorized activation review; this package keeps it staged and not public."
"CANONICAL-000102","9c6cd28b-598a-4ab3-9434-24dd150cdc5b","Giyim & Moda > Alt Giyim > Tayt","3","YES","YES","YES","LEAF_ASSIGNABLE_CANDIDATE","YES","NO","NO","NORMAL","PASS","not_required","PASS","NONE","canonical-v1.0.0","Structurally eligible for a later separately authorized activation review; this package keeps it staged and not public."
"CANONICAL-000103","721c26b7-de40-4860-be7a-2ee0b38346c2","Giyim & Moda > Alt Giyim > Eşofman Altı","3","YES","YES","YES","LEAF_ASSIGNABLE_CANDIDATE","YES","NO","NO","NORMAL","PASS","not_required","PASS","NONE","canonical-v1.0.0","Structurally eligible for a later separately authorized activation review; this package keeps it staged and not public."
"CANONICAL-000104","6d52587b-4992-4fe5-a66a-e36efe6e9260","Giyim & Moda > Elbise & Tulum","2","NO","YES","YES","CONTAINER_NOT_ASSIGNABLE","NO","NO","NO","NORMAL","PASS","pending","FAIL_CLOSED","PROFESSIONAL_REVIEW_CHAIN=Giyim & Moda > Elbise & Tulum","canonical-v1.0.0","No public/pilot activation candidate in the canonical source; this package keeps it staged and fail-closed."
"CANONICAL-000105","dfa232fa-b998-42c8-9229-e7fc1b8eb238","Giyim & Moda > Elbise & Tulum > Elbiseler","3","YES","YES","YES","PROFESSIONAL_REVIEW","NO","NO","NO","NORMAL","PASS","not_required","FAIL_CLOSED","PROFESSIONAL_REVIEW_CHAIN=Giyim & Moda > Elbise & Tulum","canonical-v1.0.0","No public/pilot activation candidate in the canonical source; this package keeps it staged and fail-closed."
"CANONICAL-000106","839dc7fd-092d-4c66-9b22-4df13f551446","Giyim & Moda > Elbise & Tulum > Tulumlar","3","YES","YES","YES","PROFESSIONAL_REVIEW","NO","NO","NO","NORMAL","PASS","not_required","FAIL_CLOSED","PROFESSIONAL_REVIEW_CHAIN=Giyim & Moda > Elbise & Tulum","canonical-v1.0.0","No public/pilot activation candidate in the canonical source; this package keeps it staged and fail-closed."
"CANONICAL-000107","81aaa766-0001-4e48-8e59-462780bbb317","Giyim & Moda > Elbise & Tulum > Ferace & Abaya","3","YES","YES","YES","PROFESSIONAL_REVIEW","NO","NO","NO","NORMAL","PASS","pending","FAIL_CLOSED","PROFESSIONAL_REVIEW_CHAIN=Giyim & Moda > Elbise & Tulum | Giyim & Moda > Elbise & Tulum > Ferace & Abaya","canonical-v1.0.0","No public/pilot activation candidate in the canonical source; this package keeps it staged and fail-closed."
"CANONICAL-000108","e4007055-ee37-4906-ad57-edca35eea551","Giyim & Moda > Takım & Kombinler","2","NO","YES","YES","CONTAINER_NOT_ASSIGNABLE","NO","NO","NO","NORMAL","PASS","not_required","PASS","STRUCTURAL_CONTAINER","canonical-v1.0.0","Structurally eligible for a later separately authorized activation review; this package keeps it staged and not public."
"CANONICAL-000109","a0e439f0-0c88-42c7-9aac-43663b802806","Giyim & Moda > Takım & Kombinler > Takım Elbise","3","YES","YES","YES","LEAF_ASSIGNABLE_CANDIDATE","YES","NO","NO","NORMAL","PASS","not_required","PASS","NONE","canonical-v1.0.0","Structurally eligible for a later separately authorized activation review; this package keeps it staged and not public."
"CANONICAL-000110","4a597f73-00c0-4e95-9279-01066ac80a38","Giyim & Moda > Takım & Kombinler > Eşofman Takımı","3","YES","YES","YES","LEAF_ASSIGNABLE_CANDIDATE","YES","NO","NO","NORMAL","PASS","not_required","PASS","NONE","canonical-v1.0.0","Structurally eligible for a later separately authorized activation review; this package keeps it staged and not public."
"CANONICAL-000111","eb683d42-1373-4ac6-b26b-acf632c39e2c","Giyim & Moda > Takım & Kombinler > Koordineli Alt-Üst Takımlar","3","YES","YES","YES","LEAF_ASSIGNABLE_CANDIDATE","YES","NO","NO","NORMAL","PASS","not_required","PASS","NONE","canonical-v1.0.0","Structurally eligible for a later separately authorized activation review; this package keeps it staged and not public."
"CANONICAL-000112","c855ea30-a536-4906-8e98-e3e00c817e28","Giyim & Moda > Dış Giyim","2","NO","YES","YES","CONTAINER_NOT_ASSIGNABLE","NO","NO","NO","NORMAL","PASS","not_required","PASS","STRUCTURAL_CONTAINER","canonical-v1.0.0","Structurally eligible for a later separately authorized activation review; this package keeps it staged and not public."
"CANONICAL-000113","64e13442-e0b1-45f9-aa12-152bf67de326","Giyim & Moda > Dış Giyim > Kaban & Pardösü","3","YES","YES","YES","LEAF_ASSIGNABLE_CANDIDATE","YES","NO","NO","NORMAL","PASS","not_required","PASS","NONE","canonical-v1.0.0","Structurally eligible for a later separately authorized activation review; this package keeps it staged and not public."
"CANONICAL-000114","02e46a96-d7a4-4846-80d5-6c64d746766b","Giyim & Moda > Dış Giyim > Mont & Parka","3","YES","YES","YES","LEAF_ASSIGNABLE_CANDIDATE","YES","NO","NO","NORMAL","PASS","not_required","PASS","NONE","canonical-v1.0.0","Structurally eligible for a later separately authorized activation review; this package keeps it staged and not public."
"CANONICAL-000115","d2f24a5b-27e0-421d-a6b9-579a7273009f","Giyim & Moda > Dış Giyim > Ceket & Blazer","3","YES","YES","YES","LEAF_ASSIGNABLE_CANDIDATE","YES","NO","NO","NORMAL","PASS","not_required","PASS","NONE","canonical-v1.0.0","Structurally eligible for a later separately authorized activation review; this package keeps it staged and not public."
"CANONICAL-000116","a553a6c1-e446-40a0-a7cb-6c2043ee92d2","Giyim & Moda > Dış Giyim > Trençkot, Yağmurluk & Rüzgarlık","3","YES","YES","YES","LEAF_ASSIGNABLE_CANDIDATE","YES","NO","NO","NORMAL","PASS","not_required","PASS","NONE","canonical-v1.0.0","Structurally eligible for a later separately authorized activation review; this package keeps it staged and not public."
"CANONICAL-000117","cc95013d-76ba-4643-8ae1-9b36df3ee2b4","Giyim & Moda > Dış Giyim > Yelek","3","YES","YES","YES","LEAF_ASSIGNABLE_CANDIDATE","YES","NO","NO","NORMAL","PASS","not_required","PASS","NONE","canonical-v1.0.0","Structurally eligible for a later separately authorized activation review; this package keeps it staged and not public."
"CANONICAL-000118","1bec688b-cb6f-44c4-8d7c-ee17a4cfe9f3","Giyim & Moda > İç Giyim","2","NO","YES","YES","CONTAINER_NOT_ASSIGNABLE","NO","NO","NO","NORMAL","PASS","not_required","PASS","STRUCTURAL_CONTAINER","canonical-v1.0.0","Structurally eligible for a later separately authorized activation review; this package keeps it staged and not public."
"CANONICAL-000119","b44c9f2b-7c72-44ea-9400-5d296f00b548","Giyim & Moda > İç Giyim > Külot & Boxer","3","YES","YES","YES","LEAF_ASSIGNABLE_CANDIDATE","YES","NO","NO","NORMAL","PASS","not_required","PASS","NONE","canonical-v1.0.0","Structurally eligible for a later separately authorized activation review; this package keeps it staged and not public."
"CANONICAL-000120","6c3751b4-0728-4479-aa71-633708f351c3","Giyim & Moda > İç Giyim > Sütyen & Bralet","3","YES","YES","YES","LEAF_ASSIGNABLE_CANDIDATE","YES","NO","NO","NORMAL","PASS","not_required","PASS","NONE","canonical-v1.0.0","Structurally eligible for a later separately authorized activation review; this package keeps it staged and not public."
"CANONICAL-000121","a965dfb2-d63c-417c-b6e4-0de0f8d66d04","Giyim & Moda > İç Giyim > Korse","3","YES","YES","YES","LEAF_ASSIGNABLE_CANDIDATE","YES","NO","NO","NORMAL","PASS","not_required","PASS","NONE","canonical-v1.0.0","Structurally eligible for a later separately authorized activation review; this package keeps it staged and not public."
"CANONICAL-000122","aac725cf-5856-4a67-a558-639aea0e4048","Giyim & Moda > İç Giyim > İçlik & Termal İç Giyim","3","YES","YES","YES","LEAF_ASSIGNABLE_CANDIDATE","YES","NO","NO","NORMAL","PASS","not_required","PASS","NONE","canonical-v1.0.0","Structurally eligible for a later separately authorized activation review; this package keeps it staged and not public."
"CANONICAL-000123","76086492-d59c-4677-bfb9-e726702e4255","Giyim & Moda > İç Giyim > Çorap & Külotlu Çorap","3","YES","YES","YES","LEAF_ASSIGNABLE_CANDIDATE","YES","NO","NO","NORMAL","PASS","not_required","PASS","NONE","canonical-v1.0.0","Structurally eligible for a later separately authorized activation review; this package keeps it staged and not public."
"CANONICAL-000124","646953fd-a423-4f17-ba35-761838f421f7","Giyim & Moda > Ev & Uyku Giyimi","2","NO","YES","YES","CONTAINER_NOT_ASSIGNABLE","NO","NO","NO","NORMAL","PASS","not_required","PASS","STRUCTURAL_CONTAINER","canonical-v1.0.0","Structurally eligible for a later separately authorized activation review; this package keeps it staged and not public."
"CANONICAL-000125","597425c9-d1b8-478e-83f3-42db8308961b","Giyim & Moda > Ev & Uyku Giyimi > Pijama","3","YES","YES","YES","LEAF_ASSIGNABLE_CANDIDATE","YES","NO","NO","NORMAL","PASS","not_required","PASS","NONE","canonical-v1.0.0","Structurally eligible for a later separately authorized activation review; this package keeps it staged and not public."
"CANONICAL-000126","317909a4-1a95-48e2-b91a-85b8cd187fd2","Giyim & Moda > Ev & Uyku Giyimi > Gecelik & Sabahlık","3","YES","YES","YES","LEAF_ASSIGNABLE_CANDIDATE","YES","NO","NO","NORMAL","PASS","not_required","PASS","NONE","canonical-v1.0.0","Structurally eligible for a later separately authorized activation review; this package keeps it staged and not public."
"CANONICAL-000127","cf77c09e-7bb7-48ff-8603-56aac7721f16","Giyim & Moda > Ev & Uyku Giyimi > Ev Giyimi","3","YES","YES","YES","LEAF_ASSIGNABLE_CANDIDATE","YES","NO","NO","NORMAL","PASS","not_required","PASS","NONE","canonical-v1.0.0","Structurally eligible for a later separately authorized activation review; this package keeps it staged and not public."
"CANONICAL-000128","690881a9-8b57-4cd2-a35f-4a5a3fa784bb","Giyim & Moda > Spor & Performans Giyimi","2","NO","YES","YES","CONTAINER_NOT_ASSIGNABLE","NO","NO","NO","NORMAL","PASS","pending","FAIL_CLOSED","PROFESSIONAL_REVIEW_CHAIN=Giyim & Moda > Spor & Performans Giyimi","canonical-v1.0.0","No public/pilot activation candidate in the canonical source; this package keeps it staged and fail-closed."
"CANONICAL-000129","ac137e01-9c22-4487-bcae-cc06fc84172b","Giyim & Moda > Spor & Performans Giyimi > Spor Üst Giyim","3","YES","YES","YES","PROFESSIONAL_REVIEW","NO","NO","NO","NORMAL","PASS","not_required","FAIL_CLOSED","PROFESSIONAL_REVIEW_CHAIN=Giyim & Moda > Spor & Performans Giyimi","canonical-v1.0.0","No public/pilot activation candidate in the canonical source; this package keeps it staged and fail-closed."
"CANONICAL-000130","204e4844-d4c3-49c0-bd72-724ce255f08b","Giyim & Moda > Spor & Performans Giyimi > Spor Alt Giyim","3","YES","YES","YES","PROFESSIONAL_REVIEW","NO","NO","NO","NORMAL","PASS","not_required","FAIL_CLOSED","PROFESSIONAL_REVIEW_CHAIN=Giyim & Moda > Spor & Performans Giyimi","canonical-v1.0.0","No public/pilot activation candidate in the canonical source; this package keeps it staged and fail-closed."
"CANONICAL-000131","3c4a80c0-3749-4ba2-9f77-c95f21b28083","Giyim & Moda > Spor & Performans Giyimi > Spor Tulum & Tek Parça","3","YES","YES","YES","PROFESSIONAL_REVIEW","NO","NO","NO","NORMAL","PASS","not_required","FAIL_CLOSED","PROFESSIONAL_REVIEW_CHAIN=Giyim & Moda > Spor & Performans Giyimi","canonical-v1.0.0","No public/pilot activation candidate in the canonical source; this package keeps it staged and fail-closed."
"CANONICAL-000132","40dc8727-005c-4062-8455-eae9dc26981d","Giyim & Moda > Spor & Performans Giyimi > Spor Sütyeni","3","YES","YES","YES","PROFESSIONAL_REVIEW","NO","NO","NO","NORMAL","PASS","pending","FAIL_CLOSED","PROFESSIONAL_REVIEW_CHAIN=Giyim & Moda > Spor & Performans Giyimi | Giyim & Moda > Spor & Performans Giyimi > Spor Sütyeni","canonical-v1.0.0","No public/pilot activation candidate in the canonical source; this package keeps it staged and fail-closed."
"CANONICAL-000133","ed38cd0d-917d-4be4-8bb9-9354d4267bdd","Giyim & Moda > Spor & Performans Giyimi > Teknik İç Katman","3","YES","YES","YES","PROFESSIONAL_REVIEW","NO","NO","NO","NORMAL","PASS","pending","FAIL_CLOSED","PROFESSIONAL_REVIEW_CHAIN=Giyim & Moda > Spor & Performans Giyimi | Giyim & Moda > Spor & Performans Giyimi > Teknik İç Katman","canonical-v1.0.0","No public/pilot activation candidate in the canonical source; this package keeps it staged and fail-closed."
"CANONICAL-000134","d37c4244-df55-4e0f-8d12-90468f94daf0","Giyim & Moda > Mayo & Plaj Giyimi","2","NO","YES","YES","CONTAINER_NOT_ASSIGNABLE","NO","NO","NO","NORMAL","PASS","not_required","PASS","STRUCTURAL_CONTAINER","canonical-v1.0.0","Structurally eligible for a later separately authorized activation review; this package keeps it staged and not public."
"CANONICAL-000135","8dfccf9d-d036-4ead-9ab9-fbbec15e8a64","Giyim & Moda > Mayo & Plaj Giyimi > Mayo","3","YES","YES","YES","LEAF_ASSIGNABLE_CANDIDATE","YES","NO","NO","NORMAL","PASS","not_required","PASS","NONE","canonical-v1.0.0","Structurally eligible for a later separately authorized activation review; this package keeps it staged and not public."
"CANONICAL-000136","305afd5a-3f50-4eea-9986-6d65a12033dd","Giyim & Moda > Mayo & Plaj Giyimi > Bikini & Tankini","3","YES","YES","YES","LEAF_ASSIGNABLE_CANDIDATE","YES","NO","NO","NORMAL","PASS","not_required","PASS","NONE","canonical-v1.0.0","Structurally eligible for a later separately authorized activation review; this package keeps it staged and not public."
"CANONICAL-000137","c4926b95-d465-474e-93fa-8fd5fde2e6e0","Giyim & Moda > Mayo & Plaj Giyimi > Yüzme Şortu","3","YES","YES","YES","LEAF_ASSIGNABLE_CANDIDATE","YES","NO","NO","NORMAL","PASS","not_required","PASS","NONE","canonical-v1.0.0","Structurally eligible for a later separately authorized activation review; this package keeps it staged and not public."
"CANONICAL-000138","95ea8fff-55c9-47ef-9d02-3dcaa30c0552","Giyim & Moda > Mayo & Plaj Giyimi > Pareo & Plaj Üst Giyimi","3","YES","YES","YES","LEAF_ASSIGNABLE_CANDIDATE","YES","NO","NO","NORMAL","PASS","not_required","PASS","NONE","canonical-v1.0.0","Structurally eligible for a later separately authorized activation review; this package keeps it staged and not public."
"CANONICAL-000139","3ab5a76c-e4ac-4b0f-b6d0-16ebd76a93f3","Giyim & Moda > İş Giyimi & Üniforma","2","NO","YES","YES","CONTAINER_NOT_ASSIGNABLE","NO","NO","NO","NORMAL","PASS","pending","FAIL_CLOSED","PROFESSIONAL_REVIEW_CHAIN=Giyim & Moda > İş Giyimi & Üniforma","canonical-v1.0.0","No public/pilot activation candidate in the canonical source; this package keeps it staged and fail-closed."
"CANONICAL-000140","02820e85-3de1-4e5e-a682-ef6e19b08a24","Giyim & Moda > İş Giyimi & Üniforma > Kurumsal Üniforma","3","YES","YES","YES","PROFESSIONAL_REVIEW","NO","NO","NO","NORMAL","PASS","not_required","FAIL_CLOSED","PROFESSIONAL_REVIEW_CHAIN=Giyim & Moda > İş Giyimi & Üniforma","canonical-v1.0.0","No public/pilot activation candidate in the canonical source; this package keeps it staged and fail-closed."
"CANONICAL-000141","cc89a54b-1968-4bec-9c05-d65a689ab6c0","Giyim & Moda > İş Giyimi & Üniforma > İş Tulumları","3","YES","YES","YES","PROFESSIONAL_REVIEW","NO","NO","NO","NORMAL","PASS","pending","FAIL_CLOSED","PROFESSIONAL_REVIEW_CHAIN=Giyim & Moda > İş Giyimi & Üniforma | Giyim & Moda > İş Giyimi & Üniforma > İş Tulumları","canonical-v1.0.0","No public/pilot activation candidate in the canonical source; this package keeps it staged and fail-closed."
"CANONICAL-000142","3b11a6d3-c2f2-467b-a270-9f20ac9829d5","Giyim & Moda > İş Giyimi & Üniforma > İş Önlüğü & Ceketi","3","YES","YES","YES","PROFESSIONAL_REVIEW","NO","NO","NO","NORMAL","PASS","pending","FAIL_CLOSED","PROFESSIONAL_REVIEW_CHAIN=Giyim & Moda > İş Giyimi & Üniforma | Giyim & Moda > İş Giyimi & Üniforma > İş Önlüğü & Ceketi","canonical-v1.0.0","No public/pilot activation candidate in the canonical source; this package keeps it staged and fail-closed."
"CANONICAL-000143","3767cb95-6117-49cc-9298-4f0e8eb5dbb3","Ayakkabı","1","NO","YES","YES","CONTAINER_NOT_ASSIGNABLE","NO","NO","NO","NORMAL","PASS","not_required","PASS","STRUCTURAL_CONTAINER","canonical-v1.0.0","Structurally eligible for a later separately authorized activation review; this package keeps it staged and not public."
"CANONICAL-000144","500ef9c6-5f82-43d8-a922-5969a1c148e3","Ayakkabı > Günlük Ayakkabılar","2","NO","YES","YES","CONTAINER_NOT_ASSIGNABLE","NO","NO","NO","NORMAL","PASS","not_required","PASS","STRUCTURAL_CONTAINER","canonical-v1.0.0","Structurally eligible for a later separately authorized activation review; this package keeps it staged and not public."
"CANONICAL-000145","40baf723-e808-4bdf-a7fd-6ab32f725681","Ayakkabı > Günlük Ayakkabılar > Günlük Sneaker","3","YES","YES","YES","LEAF_ASSIGNABLE_CANDIDATE","YES","NO","NO","NORMAL","PASS","not_required","PASS","NONE","canonical-v1.0.0","Structurally eligible for a later separately authorized activation review; this package keeps it staged and not public."
"CANONICAL-000146","3576d7fc-20ee-4266-97f7-6f83ec5306e1","Ayakkabı > Günlük Ayakkabılar > Günlük Bağcıklı Ayakkabılar","3","YES","YES","YES","LEAF_ASSIGNABLE_CANDIDATE","YES","NO","NO","NORMAL","PASS","not_required","PASS","NONE","canonical-v1.0.0","Structurally eligible for a later separately authorized activation review; this package keeps it staged and not public."
"CANONICAL-000147","fd583558-0ba3-412e-9b49-14e3896e59ea","Ayakkabı > Günlük Ayakkabılar > Loafer & Mokasen","3","YES","YES","YES","LEAF_ASSIGNABLE_CANDIDATE","YES","NO","NO","NORMAL","PASS","not_required","PASS","NONE","canonical-v1.0.0","Structurally eligible for a later separately authorized activation review; this package keeps it staged and not public."
"CANONICAL-000148","4386b060-001a-4e1d-9b54-af08b28135c2","Ayakkabı > Günlük Ayakkabılar > Babet & Düz Ayakkabılar","3","YES","YES","YES","LEAF_ASSIGNABLE_CANDIDATE","YES","NO","NO","NORMAL","PASS","not_required","PASS","NONE","canonical-v1.0.0","Structurally eligible for a later separately authorized activation review; this package keeps it staged and not public."
"CANONICAL-000149","c6831969-d385-4ecd-baed-3f7c6f1a5ad8","Ayakkabı > Günlük Ayakkabılar > Slip-on & Espadril","3","YES","YES","YES","LEAF_ASSIGNABLE_CANDIDATE","YES","NO","NO","NORMAL","PASS","not_required","PASS","NONE","canonical-v1.0.0","Structurally eligible for a later separately authorized activation review; this package keeps it staged and not public."
"CANONICAL-000150","0c4d9dca-98d3-42c2-b5fd-63e24e7d2095","Ayakkabı > Spor Ayakkabıları","2","NO","YES","YES","CONTAINER_NOT_ASSIGNABLE","NO","NO","NO","NORMAL","PASS","pending","FAIL_CLOSED","PROFESSIONAL_REVIEW_CHAIN=Ayakkabı > Spor Ayakkabıları","canonical-v1.0.0","No public/pilot activation candidate in the canonical source; this package keeps it staged and fail-closed."
"CANONICAL-000151","80423491-5d60-4ce1-9500-37557b0ccd81","Ayakkabı > Spor Ayakkabıları > Koşu & Yürüyüş Ayakkabıları","3","NO","YES","YES","CONTAINER_NOT_ASSIGNABLE","NO","NO","NO","NORMAL","PASS","not_required","FAIL_CLOSED","PROFESSIONAL_REVIEW_CHAIN=Ayakkabı > Spor Ayakkabıları","canonical-v1.0.0","No public/pilot activation candidate in the canonical source; this package keeps it staged and fail-closed."
"CANONICAL-000152","c78d46fc-34d4-4e76-8597-4166f81b25ed","Ayakkabı > Spor Ayakkabıları > Koşu & Yürüyüş Ayakkabıları > Koşu Ayakkabıları","4","YES","YES","YES","PROFESSIONAL_REVIEW","NO","NO","NO","NORMAL","PASS","not_required","FAIL_CLOSED","PROFESSIONAL_REVIEW_CHAIN=Ayakkabı > Spor Ayakkabıları","canonical-v1.0.0","No public/pilot activation candidate in the canonical source; this package keeps it staged and fail-closed."
"CANONICAL-000153","6ea85c81-b463-4269-9d17-15479a5865f0","Ayakkabı > Spor Ayakkabıları > Koşu & Yürüyüş Ayakkabıları > Yürüyüş Ayakkabıları","4","YES","YES","YES","PROFESSIONAL_REVIEW","NO","NO","NO","NORMAL","PASS","not_required","FAIL_CLOSED","PROFESSIONAL_REVIEW_CHAIN=Ayakkabı > Spor Ayakkabıları","canonical-v1.0.0","No public/pilot activation candidate in the canonical source; this package keeps it staged and fail-closed."
"CANONICAL-000154","a58c533a-7e55-43c9-86b8-7c212fbddc60","Ayakkabı > Spor Ayakkabıları > Antrenman & Salon Ayakkabıları","3","YES","YES","YES","PROFESSIONAL_REVIEW","NO","NO","NO","NORMAL","PASS","not_required","FAIL_CLOSED","PROFESSIONAL_REVIEW_CHAIN=Ayakkabı > Spor Ayakkabıları","canonical-v1.0.0","No public/pilot activation candidate in the canonical source; this package keeps it staged and fail-closed."
"CANONICAL-000155","18e54caf-2f46-429d-b2b8-6ce30667bd0e","Ayakkabı > Spor Ayakkabıları > Takım Sporu Ayakkabıları","3","NO","YES","YES","CONTAINER_NOT_ASSIGNABLE","NO","NO","NO","NORMAL","PASS","not_required","FAIL_CLOSED","PROFESSIONAL_REVIEW_CHAIN=Ayakkabı > Spor Ayakkabıları","canonical-v1.0.0","No public/pilot activation candidate in the canonical source; this package keeps it staged and fail-closed."
"CANONICAL-000156","5dbca40d-13a4-4a04-a9b3-4acd4244c782","Ayakkabı > Spor Ayakkabıları > Takım Sporu Ayakkabıları > Futbol Kramponları","4","YES","YES","YES","PROFESSIONAL_REVIEW","NO","NO","NO","NORMAL","PASS","not_required","FAIL_CLOSED","PROFESSIONAL_REVIEW_CHAIN=Ayakkabı > Spor Ayakkabıları","canonical-v1.0.0","No public/pilot activation candidate in the canonical source; this package keeps it staged and fail-closed."
"CANONICAL-000157","86f3b170-42c7-49a8-a700-f3d3fd740c1d","Ayakkabı > Spor Ayakkabıları > Takım Sporu Ayakkabıları > Basketbol Ayakkabıları","4","YES","YES","YES","PROFESSIONAL_REVIEW","NO","NO","NO","NORMAL","PASS","not_required","FAIL_CLOSED","PROFESSIONAL_REVIEW_CHAIN=Ayakkabı > Spor Ayakkabıları","canonical-v1.0.0","No public/pilot activation candidate in the canonical source; this package keeps it staged and fail-closed."
"CANONICAL-000158","cfb5d89c-570f-4bdb-b1e3-a7962a7aa1c1","Ayakkabı > Spor Ayakkabıları > Takım Sporu Ayakkabıları > Diğer Takım Sporu Ayakkabıları","4","YES","YES","YES","PROFESSIONAL_REVIEW","NO","NO","NO","NORMAL","PASS","not_required","FAIL_CLOSED","PROFESSIONAL_REVIEW_CHAIN=Ayakkabı > Spor Ayakkabıları","canonical-v1.0.0","No public/pilot activation candidate in the canonical source; this package keeps it staged and fail-closed."
"CANONICAL-000159","c0d37770-eef0-42f8-97a9-549c8188368e","Ayakkabı > Spor Ayakkabıları > Raket Sporu Ayakkabıları","3","YES","YES","YES","PROFESSIONAL_REVIEW","NO","NO","NO","NORMAL","PASS","not_required","FAIL_CLOSED","PROFESSIONAL_REVIEW_CHAIN=Ayakkabı > Spor Ayakkabıları","canonical-v1.0.0","No public/pilot activation candidate in the canonical source; this package keeps it staged and fail-closed."
"CANONICAL-000160","c16a198a-fe73-4710-90a7-3629304c03fb","Ayakkabı > Spor Ayakkabıları > Outdoor & Trekking Ayakkabıları","3","YES","YES","YES","PROFESSIONAL_REVIEW","NO","NO","NO","NORMAL","PASS","pending","FAIL_CLOSED","PROFESSIONAL_REVIEW_CHAIN=Ayakkabı > Spor Ayakkabıları | Ayakkabı > Spor Ayakkabıları > Outdoor & Trekking Ayakkabıları","canonical-v1.0.0","No public/pilot activation candidate in the canonical source; this package keeps it staged and fail-closed."
"CANONICAL-000161","1524fdb2-a1d8-433c-9202-75102b359d21","Ayakkabı > Klasik Ayakkabılar","2","NO","YES","YES","CONTAINER_NOT_ASSIGNABLE","NO","NO","NO","NORMAL","PASS","not_required","PASS","STRUCTURAL_CONTAINER","canonical-v1.0.0","Structurally eligible for a later separately authorized activation review; this package keeps it staged and not public."
"CANONICAL-000162","9a950bc5-0035-4fe4-9776-5333a65c5ea4","Ayakkabı > Klasik Ayakkabılar > Oxford & Derby Ayakkabılar","3","YES","YES","YES","LEAF_ASSIGNABLE_CANDIDATE","YES","NO","NO","NORMAL","PASS","not_required","PASS","NONE","canonical-v1.0.0","Structurally eligible for a later separately authorized activation review; this package keeps it staged and not public."
"CANONICAL-000163","a37e6d4b-644d-41e2-92a4-c4883ef29667","Ayakkabı > Klasik Ayakkabılar > Klasik Loafer","3","YES","YES","YES","LEAF_ASSIGNABLE_CANDIDATE","YES","NO","NO","NORMAL","PASS","not_required","PASS","NONE","canonical-v1.0.0","Structurally eligible for a later separately authorized activation review; this package keeps it staged and not public."
"CANONICAL-000164","e8b70a15-6b2b-4e11-98f3-bfca0475a0aa","Ayakkabı > Klasik Ayakkabılar > Topuklu Ayakkabılar","3","YES","YES","YES","LEAF_ASSIGNABLE_CANDIDATE","YES","NO","NO","NORMAL","PASS","not_required","PASS","NONE","canonical-v1.0.0","Structurally eligible for a later separately authorized activation review; this package keeps it staged and not public."
"CANONICAL-000165","159b5913-08c2-4b4c-a6ab-5e0b6dda2199","Ayakkabı > Klasik Ayakkabılar > Davet & Abiye Ayakkabılar","3","YES","YES","YES","LEAF_ASSIGNABLE_CANDIDATE","YES","NO","NO","NORMAL","PASS","not_required","PASS","NONE","canonical-v1.0.0","Structurally eligible for a later separately authorized activation review; this package keeps it staged and not public."
"CANONICAL-000166","f2c6d458-b8d9-4c22-8e09-c4f1347c3156","Ayakkabı > Bot & Çizmeler","2","NO","YES","YES","CONTAINER_NOT_ASSIGNABLE","NO","NO","NO","NORMAL","PASS","pending","FAIL_CLOSED","PROFESSIONAL_REVIEW_CHAIN=Ayakkabı > Bot & Çizmeler","canonical-v1.0.0","No public/pilot activation candidate in the canonical source; this package keeps it staged and fail-closed."
"CANONICAL-000167","cc48511d-e0ea-4020-a782-8535fd7cb0ed","Ayakkabı > Bot & Çizmeler > Günlük Botlar","3","YES","YES","YES","PROFESSIONAL_REVIEW","NO","NO","NO","NORMAL","PASS","not_required","FAIL_CLOSED","PROFESSIONAL_REVIEW_CHAIN=Ayakkabı > Bot & Çizmeler","canonical-v1.0.0","No public/pilot activation candidate in the canonical source; this package keeps it staged and fail-closed."
"CANONICAL-000168","80466496-e1af-4ebb-81f1-0f75469a41cd","Ayakkabı > Bot & Çizmeler > Çizmeler","3","YES","YES","YES","PROFESSIONAL_REVIEW","NO","NO","NO","NORMAL","PASS","not_required","FAIL_CLOSED","PROFESSIONAL_REVIEW_CHAIN=Ayakkabı > Bot & Çizmeler","canonical-v1.0.0","No public/pilot activation candidate in the canonical source; this package keeps it staged and fail-closed."
"CANONICAL-000169","458c23a5-82e4-425c-b877-a4816a49d916","Ayakkabı > Bot & Çizmeler > Yağmur Botları","3","YES","YES","YES","PROFESSIONAL_REVIEW","NO","NO","NO","NORMAL","PASS","pending","FAIL_CLOSED","PROFESSIONAL_REVIEW_CHAIN=Ayakkabı > Bot & Çizmeler | Ayakkabı > Bot & Çizmeler > Yağmur Botları","canonical-v1.0.0","No public/pilot activation candidate in the canonical source; this package keeps it staged and fail-closed."
"CANONICAL-000170","caa70e70-f8a9-4f4d-84e2-8097da22f92a","Ayakkabı > Bot & Çizmeler > Kar & Kış Botları","3","YES","YES","YES","PROFESSIONAL_REVIEW","NO","NO","NO","NORMAL","PASS","pending","FAIL_CLOSED","PROFESSIONAL_REVIEW_CHAIN=Ayakkabı > Bot & Çizmeler | Ayakkabı > Bot & Çizmeler > Kar & Kış Botları","canonical-v1.0.0","No public/pilot activation candidate in the canonical source; this package keeps it staged and fail-closed."
"CANONICAL-000171","c50fd559-0cd6-4f3d-bcac-6c7994d9e551","Ayakkabı > Sandalet & Terlikler","2","NO","YES","YES","CONTAINER_NOT_ASSIGNABLE","NO","NO","NO","NORMAL","PASS","pending","FAIL_CLOSED","PROFESSIONAL_REVIEW_CHAIN=Ayakkabı > Sandalet & Terlikler","canonical-v1.0.0","No public/pilot activation candidate in the canonical source; this package keeps it staged and fail-closed."
"CANONICAL-000172","b0d6b9e9-9c12-4e67-9d73-f7a6079d989d","Ayakkabı > Sandalet & Terlikler > Sandaletler","3","YES","YES","YES","PROFESSIONAL_REVIEW","NO","NO","NO","NORMAL","PASS","not_required","FAIL_CLOSED","PROFESSIONAL_REVIEW_CHAIN=Ayakkabı > Sandalet & Terlikler","canonical-v1.0.0","No public/pilot activation candidate in the canonical source; this package keeps it staged and fail-closed."
"CANONICAL-000173","24d09297-c222-40f5-a1f6-418550da60df","Ayakkabı > Sandalet & Terlikler > Ev Terlikleri","3","YES","YES","YES","PROFESSIONAL_REVIEW","NO","NO","NO","NORMAL","PASS","not_required","FAIL_CLOSED","PROFESSIONAL_REVIEW_CHAIN=Ayakkabı > Sandalet & Terlikler","canonical-v1.0.0","No public/pilot activation candidate in the canonical source; this package keeps it staged and fail-closed."
"CANONICAL-000174","c5ffcc5f-1c3d-42ab-b448-d7a714cfca9d","Ayakkabı > Sandalet & Terlikler > Plaj & Havuz Terlikleri","3","YES","YES","YES","PROFESSIONAL_REVIEW","NO","NO","NO","NORMAL","PASS","not_required","FAIL_CLOSED","PROFESSIONAL_REVIEW_CHAIN=Ayakkabı > Sandalet & Terlikler","canonical-v1.0.0","No public/pilot activation candidate in the canonical source; this package keeps it staged and fail-closed."
"CANONICAL-000175","27fab915-66db-4e0a-9b65-01ac5d4589c1","Ayakkabı > Sandalet & Terlikler > Sabo & Mule","3","YES","YES","YES","PROFESSIONAL_REVIEW","NO","NO","NO","NORMAL","PASS","not_required","FAIL_CLOSED","PROFESSIONAL_REVIEW_CHAIN=Ayakkabı > Sandalet & Terlikler","canonical-v1.0.0","No public/pilot activation candidate in the canonical source; this package keeps it staged and fail-closed."
"CANONICAL-000176","b63113d1-5718-42df-810c-30f7d87dea08","Ayakkabı > Sandalet & Terlikler > Deniz Ayakkabıları","3","YES","YES","YES","PROFESSIONAL_REVIEW","NO","NO","NO","NORMAL","PASS","pending","FAIL_CLOSED","PROFESSIONAL_REVIEW_CHAIN=Ayakkabı > Sandalet & Terlikler | Ayakkabı > Sandalet & Terlikler > Deniz Ayakkabıları","canonical-v1.0.0","No public/pilot activation candidate in the canonical source; this package keeps it staged and fail-closed."
"CANONICAL-000177","181b52d0-3e52-41c1-b21a-8865caec1a52","Ayakkabı > Çocuk & Bebek Ayakkabıları","2","NO","YES","YES","CONTAINER_NOT_ASSIGNABLE","NO","NO","NO","NORMAL","PASS","pending","FAIL_CLOSED","PROFESSIONAL_REVIEW_CHAIN=Ayakkabı > Çocuk & Bebek Ayakkabıları","canonical-v1.0.0","No public/pilot activation candidate in the canonical source; this package keeps it staged and fail-closed."
"CANONICAL-000178","266f3c7c-e902-422f-a6e1-13f3c6571f24","Ayakkabı > Çocuk & Bebek Ayakkabıları > Bebek & İlk Adım Ayakkabıları","3","YES","YES","YES","PROFESSIONAL_REVIEW","NO","NO","NO","NORMAL","PASS","pending","FAIL_CLOSED","PROFESSIONAL_REVIEW_CHAIN=Ayakkabı > Çocuk & Bebek Ayakkabıları | Ayakkabı > Çocuk & Bebek Ayakkabıları > Bebek & İlk Adım Ayakkabıları","canonical-v1.0.0","No public/pilot activation candidate in the canonical source; this package keeps it staged and fail-closed."
"CANONICAL-000179","ad414dd3-1f0e-43c6-ae07-5682e7a5d1a4","Ayakkabı > Çocuk & Bebek Ayakkabıları > Çocuk Günlük Ayakkabıları","3","YES","YES","YES","PROFESSIONAL_REVIEW","NO","NO","NO","NORMAL","PASS","pending","FAIL_CLOSED","PROFESSIONAL_REVIEW_CHAIN=Ayakkabı > Çocuk & Bebek Ayakkabıları | Ayakkabı > Çocuk & Bebek Ayakkabıları > Çocuk Günlük Ayakkabıları","canonical-v1.0.0","No public/pilot activation candidate in the canonical source; this package keeps it staged and fail-closed."
"CANONICAL-000180","20cd410c-342b-4fdc-913c-349ef48092b6","Ayakkabı > Çocuk & Bebek Ayakkabıları > Çocuk Spor Ayakkabıları","3","YES","YES","YES","PROFESSIONAL_REVIEW","NO","NO","NO","NORMAL","PASS","pending","FAIL_CLOSED","PROFESSIONAL_REVIEW_CHAIN=Ayakkabı > Çocuk & Bebek Ayakkabıları | Ayakkabı > Çocuk & Bebek Ayakkabıları > Çocuk Spor Ayakkabıları","canonical-v1.0.0","No public/pilot activation candidate in the canonical source; this package keeps it staged and fail-closed."
"CANONICAL-000181","80aa77cf-fb3c-41ca-84b4-33849612c017","Ayakkabı > Çocuk & Bebek Ayakkabıları > Okul Ayakkabıları","3","YES","YES","YES","PROFESSIONAL_REVIEW","NO","NO","NO","NORMAL","PASS","pending","FAIL_CLOSED","PROFESSIONAL_REVIEW_CHAIN=Ayakkabı > Çocuk & Bebek Ayakkabıları | Ayakkabı > Çocuk & Bebek Ayakkabıları > Okul Ayakkabıları","canonical-v1.0.0","No public/pilot activation candidate in the canonical source; this package keeps it staged and fail-closed."
"CANONICAL-000182","df49c749-19c8-4af8-b920-ba3eca2517b7","Ayakkabı > Çocuk & Bebek Ayakkabıları > Çocuk Bot & Çizmeleri","3","YES","YES","YES","PROFESSIONAL_REVIEW","NO","NO","NO","NORMAL","PASS","pending","FAIL_CLOSED","PROFESSIONAL_REVIEW_CHAIN=Ayakkabı > Çocuk & Bebek Ayakkabıları | Ayakkabı > Çocuk & Bebek Ayakkabıları > Çocuk Bot & Çizmeleri","canonical-v1.0.0","No public/pilot activation candidate in the canonical source; this package keeps it staged and fail-closed."
"CANONICAL-000183","73b582dc-8582-48cc-b4e3-a78cf08f2ed2","Ayakkabı > Çocuk & Bebek Ayakkabıları > Çocuk Sandalet & Terlikleri","3","YES","YES","YES","PROFESSIONAL_REVIEW","NO","NO","NO","NORMAL","PASS","pending","FAIL_CLOSED","PROFESSIONAL_REVIEW_CHAIN=Ayakkabı > Çocuk & Bebek Ayakkabıları | Ayakkabı > Çocuk & Bebek Ayakkabıları > Çocuk Sandalet & Terlikleri","canonical-v1.0.0","No public/pilot activation candidate in the canonical source; this package keeps it staged and fail-closed."
"CANONICAL-000184","ca3a855a-8eb7-4f2a-adfb-4a30e469b1b9","Ayakkabı > İş & Profesyonel Ayakkabılar","2","NO","YES","YES","CONTAINER_NOT_ASSIGNABLE","NO","NO","NO","REGULATED","FAIL_CLOSED","pending","FAIL_CLOSED","POLICY_CHAIN=Ayakkabı > İş & Profesyonel Ayakkabılar:REGULATED; PROFESSIONAL_REVIEW_CHAIN=Ayakkabı > İş & Profesyonel Ayakkabılar","canonical-v1.0.0","No public/pilot activation candidate in the canonical source; this package keeps it staged and fail-closed."
"CANONICAL-000185","3574cf86-6bcb-4cd1-9c88-4b3bffa75af8","Ayakkabı > İş & Profesyonel Ayakkabılar > Kaymaz Profesyonel Ayakkabılar","3","YES","YES","YES","POLICY_BLOCKED","NO","NO","NO","REGULATED","FAIL_CLOSED","pending","FAIL_CLOSED","POLICY_CHAIN=Ayakkabı > İş & Profesyonel Ayakkabılar:REGULATED | Ayakkabı > İş & Profesyonel Ayakkabılar > Kaymaz Profesyonel Ayakkabılar:REGULATED; PROFESSIONAL_REVIEW_CHAIN=Ayakkabı > İş & Profesyonel Ayakkabılar | Ayakkabı > İş & Profesyonel Ayakkabılar > Kaymaz Profesyonel Ayakkabılar","canonical-v1.0.0","No public/pilot activation candidate in the canonical source; this package keeps it staged and fail-closed."
"CANONICAL-000186","687f86c2-7e54-42e9-ba8f-61ebf30b7e30","Ayakkabı > İş & Profesyonel Ayakkabılar > Profesyonel Sabo & Terlikler","3","YES","YES","YES","POLICY_BLOCKED","NO","NO","NO","REGULATED","FAIL_CLOSED","pending","FAIL_CLOSED","POLICY_CHAIN=Ayakkabı > İş & Profesyonel Ayakkabılar:REGULATED | Ayakkabı > İş & Profesyonel Ayakkabılar > Profesyonel Sabo & Terlikler:REGULATED; PROFESSIONAL_REVIEW_CHAIN=Ayakkabı > İş & Profesyonel Ayakkabılar | Ayakkabı > İş & Profesyonel Ayakkabılar > Profesyonel Sabo & Terlikler","canonical-v1.0.0","No public/pilot activation candidate in the canonical source; this package keeps it staged and fail-closed."
"CANONICAL-000187","3bdfa491-3c5d-4da3-bf1c-fe89a3377b09","Ayakkabı > İş & Profesyonel Ayakkabılar > Üniforma & Servis Ayakkabıları","3","YES","YES","YES","POLICY_BLOCKED","NO","NO","NO","REGULATED","FAIL_CLOSED","pending","FAIL_CLOSED","POLICY_CHAIN=Ayakkabı > İş & Profesyonel Ayakkabılar:REGULATED | Ayakkabı > İş & Profesyonel Ayakkabılar > Üniforma & Servis Ayakkabıları:REGULATED; PROFESSIONAL_REVIEW_CHAIN=Ayakkabı > İş & Profesyonel Ayakkabılar | Ayakkabı > İş & Profesyonel Ayakkabılar > Üniforma & Servis Ayakkabıları","canonical-v1.0.0","No public/pilot activation candidate in the canonical source; this package keeps it staged and fail-closed."
"CANONICAL-000188","841e870c-6790-4a23-95bb-13e85baea4d6","Ayakkabı > Ayakkabı Bakım & Aksesuarları","2","NO","YES","YES","CONTAINER_NOT_ASSIGNABLE","NO","NO","NO","REGULATED","FAIL_CLOSED","pending","FAIL_CLOSED","POLICY_CHAIN=Ayakkabı > Ayakkabı Bakım & Aksesuarları:REGULATED; PROFESSIONAL_REVIEW_CHAIN=Ayakkabı > Ayakkabı Bakım & Aksesuarları","canonical-v1.0.0","No public/pilot activation candidate in the canonical source; this package keeps it staged and fail-closed."
"CANONICAL-000189","43600b55-5d71-455e-aa9e-e35d707def82","Ayakkabı > Ayakkabı Bakım & Aksesuarları > Konfor Tabanlıkları","3","YES","YES","YES","POLICY_BLOCKED","NO","NO","NO","NORMAL","FAIL_CLOSED","pending","FAIL_CLOSED","POLICY_CHAIN=Ayakkabı > Ayakkabı Bakım & Aksesuarları:REGULATED; PROFESSIONAL_REVIEW_CHAIN=Ayakkabı > Ayakkabı Bakım & Aksesuarları | Ayakkabı > Ayakkabı Bakım & Aksesuarları > Konfor Tabanlıkları","canonical-v1.0.0","No public/pilot activation candidate in the canonical source; this package keeps it staged and fail-closed."
"CANONICAL-000190","3afdb054-3007-44eb-a158-ccba38ecce7d","Ayakkabı > Ayakkabı Bakım & Aksesuarları > Bağcıklar","3","YES","YES","YES","POLICY_BLOCKED","NO","NO","NO","NORMAL","FAIL_CLOSED","not_required","FAIL_CLOSED","POLICY_CHAIN=Ayakkabı > Ayakkabı Bakım & Aksesuarları:REGULATED; PROFESSIONAL_REVIEW_CHAIN=Ayakkabı > Ayakkabı Bakım & Aksesuarları","canonical-v1.0.0","No public/pilot activation candidate in the canonical source; this package keeps it staged and fail-closed."
"CANONICAL-000191","dbe64fe1-8afc-4457-a7d4-97603e0865da","Ayakkabı > Ayakkabı Bakım & Aksesuarları > Cila, Boya & Bakım Ürünleri","3","YES","YES","YES","POLICY_BLOCKED","NO","NO","NO","REGULATED","FAIL_CLOSED","pending","FAIL_CLOSED","POLICY_CHAIN=Ayakkabı > Ayakkabı Bakım & Aksesuarları:REGULATED | Ayakkabı > Ayakkabı Bakım & Aksesuarları > Cila, Boya & Bakım Ürünleri:REGULATED; PROFESSIONAL_REVIEW_CHAIN=Ayakkabı > Ayakkabı Bakım & Aksesuarları | Ayakkabı > Ayakkabı Bakım & Aksesuarları > Cila, Boya & Bakım Ürünleri","canonical-v1.0.0","No public/pilot activation candidate in the canonical source; this package keeps it staged and fail-closed."
"CANONICAL-000192","c9103d50-4689-4cb6-b1a3-acda16ed64ab","Ayakkabı > Ayakkabı Bakım & Aksesuarları > Fırça & Temizleme Araçları","3","YES","YES","YES","POLICY_BLOCKED","NO","NO","NO","NORMAL","FAIL_CLOSED","not_required","FAIL_CLOSED","POLICY_CHAIN=Ayakkabı > Ayakkabı Bakım & Aksesuarları:REGULATED; PROFESSIONAL_REVIEW_CHAIN=Ayakkabı > Ayakkabı Bakım & Aksesuarları","canonical-v1.0.0","No public/pilot activation candidate in the canonical source; this package keeps it staged and fail-closed."
"CANONICAL-000193","42f4f746-9470-47ec-9329-f9dc47da8c14","Ayakkabı > Ayakkabı Bakım & Aksesuarları > Ayakkabı Kalıbı & Çekeceği","3","YES","YES","YES","POLICY_BLOCKED","NO","NO","NO","NORMAL","FAIL_CLOSED","not_required","FAIL_CLOSED","POLICY_CHAIN=Ayakkabı > Ayakkabı Bakım & Aksesuarları:REGULATED; PROFESSIONAL_REVIEW_CHAIN=Ayakkabı > Ayakkabı Bakım & Aksesuarları","canonical-v1.0.0","No public/pilot activation candidate in the canonical source; this package keeps it staged and fail-closed."
"CANONICAL-000194","51ceb5ee-4385-4d29-9b63-1a261c77555c","Ayakkabı > Ayakkabı Bakım & Aksesuarları > Galoş & Ayakkabı Koruyucuları","3","YES","YES","YES","POLICY_BLOCKED","NO","NO","NO","NORMAL","FAIL_CLOSED","not_required","FAIL_CLOSED","POLICY_CHAIN=Ayakkabı > Ayakkabı Bakım & Aksesuarları:REGULATED; PROFESSIONAL_REVIEW_CHAIN=Ayakkabı > Ayakkabı Bakım & Aksesuarları","canonical-v1.0.0","No public/pilot activation candidate in the canonical source; this package keeps it staged and fail-closed."
"CANONICAL-000195","ea3a65e3-02c1-4e3a-a281-cd4205243cba","Çanta & Aksesuar","1","NO","YES","YES","CONTAINER_NOT_ASSIGNABLE","NO","NO","NO","NORMAL","PASS","not_required","PASS","STRUCTURAL_CONTAINER","canonical-v1.0.0","Structurally eligible for a later separately authorized activation review; this package keeps it staged and not public."
"CANONICAL-000196","ff554e62-89c1-41fa-8892-5875bbe1c8a0","Çanta & Aksesuar > El, Omuz & Bel Çantaları","2","NO","YES","YES","CONTAINER_NOT_ASSIGNABLE","NO","NO","NO","NORMAL","PASS","not_required","PASS","STRUCTURAL_CONTAINER","canonical-v1.0.0","Structurally eligible for a later separately authorized activation review; this package keeps it staged and not public."
"CANONICAL-000197","de044ed2-77b2-4310-af8a-43ba3eec34da","Çanta & Aksesuar > El, Omuz & Bel Çantaları > El Çantaları","3","YES","YES","YES","LEAF_ASSIGNABLE_CANDIDATE","YES","NO","NO","NORMAL","PASS","not_required","PASS","NONE","canonical-v1.0.0","Structurally eligible for a later separately authorized activation review; this package keeps it staged and not public."
"CANONICAL-000198","bc6a2ce2-eeb2-4b22-8813-881c93edcd87","Çanta & Aksesuar > El, Omuz & Bel Çantaları > Omuz Çantaları","3","YES","YES","YES","LEAF_ASSIGNABLE_CANDIDATE","YES","NO","NO","NORMAL","PASS","not_required","PASS","NONE","canonical-v1.0.0","Structurally eligible for a later separately authorized activation review; this package keeps it staged and not public."
"CANONICAL-000199","2bfd0511-ecc6-44ed-a1b7-61fe7eda7c7f","Çanta & Aksesuar > El, Omuz & Bel Çantaları > Çapraz Çantalar","3","YES","YES","YES","LEAF_ASSIGNABLE_CANDIDATE","YES","NO","NO","NORMAL","PASS","not_required","PASS","NONE","canonical-v1.0.0","Structurally eligible for a later separately authorized activation review; this package keeps it staged and not public."
"CANONICAL-000200","9db0e48e-15fd-42f6-b29c-abc36426b2b2","Çanta & Aksesuar > El, Omuz & Bel Çantaları > Bel Çantaları","3","YES","YES","YES","LEAF_ASSIGNABLE_CANDIDATE","YES","NO","NO","NORMAL","PASS","not_required","PASS","NONE","canonical-v1.0.0","Structurally eligible for a later separately authorized activation review; this package keeps it staged and not public."
"CANONICAL-000201","8cf0e120-b68b-4ab4-9f9b-741c2790211b","Çanta & Aksesuar > El, Omuz & Bel Çantaları > Clutch & Portföy Çantalar","3","YES","YES","YES","LEAF_ASSIGNABLE_CANDIDATE","YES","NO","NO","NORMAL","PASS","not_required","PASS","NONE","canonical-v1.0.0","Structurally eligible for a later separately authorized activation review; this package keeps it staged and not public."
"CANONICAL-000202","e024355c-7026-484b-8330-56f62d3e594f","Çanta & Aksesuar > Sırt Çantaları","2","NO","YES","YES","CONTAINER_NOT_ASSIGNABLE","NO","NO","NO","NORMAL","PASS","pending","FAIL_CLOSED","PROFESSIONAL_REVIEW_CHAIN=Çanta & Aksesuar > Sırt Çantaları","canonical-v1.0.0","No public/pilot activation candidate in the canonical source; this package keeps it staged and fail-closed."
"CANONICAL-000203","2f58ac43-2299-4c90-811b-fec364bcd5a3","Çanta & Aksesuar > Sırt Çantaları > Günlük Sırt Çantaları","3","YES","YES","YES","PROFESSIONAL_REVIEW","NO","NO","NO","NORMAL","PASS","not_required","FAIL_CLOSED","PROFESSIONAL_REVIEW_CHAIN=Çanta & Aksesuar > Sırt Çantaları","canonical-v1.0.0","No public/pilot activation candidate in the canonical source; this package keeps it staged and fail-closed."
"CANONICAL-000204","06c47770-f562-4952-b5f8-1942a23a9546","Çanta & Aksesuar > Sırt Çantaları > Okul Sırt Çantaları","3","YES","YES","YES","PROFESSIONAL_REVIEW","NO","NO","NO","NORMAL","PASS","pending","FAIL_CLOSED","PROFESSIONAL_REVIEW_CHAIN=Çanta & Aksesuar > Sırt Çantaları | Çanta & Aksesuar > Sırt Çantaları > Okul Sırt Çantaları","canonical-v1.0.0","No public/pilot activation candidate in the canonical source; this package keeps it staged and fail-closed."
"CANONICAL-000205","6731d15d-2cb4-4dd8-b4c3-bad8108b2558","Çanta & Aksesuar > Sırt Çantaları > Şehir & Seyahat Sırt Çantaları","3","YES","YES","YES","PROFESSIONAL_REVIEW","NO","NO","NO","NORMAL","PASS","not_required","FAIL_CLOSED","PROFESSIONAL_REVIEW_CHAIN=Çanta & Aksesuar > Sırt Çantaları","canonical-v1.0.0","No public/pilot activation candidate in the canonical source; this package keeps it staged and fail-closed."
"CANONICAL-000206","f5e7e76d-babb-4b7e-bcb5-2de61e2ee893","Çanta & Aksesuar > Evrak, Laptop & Ekipman Çantaları","2","NO","YES","YES","CONTAINER_NOT_ASSIGNABLE","NO","NO","NO","NORMAL","PASS","pending","FAIL_CLOSED","PROFESSIONAL_REVIEW_CHAIN=Çanta & Aksesuar > Evrak, Laptop & Ekipman Çantaları","canonical-v1.0.0","No public/pilot activation candidate in the canonical source; this package keeps it staged and fail-closed."
"CANONICAL-000207","732ec7c5-17be-4ead-ac25-b7c873730c40","Çanta & Aksesuar > Evrak, Laptop & Ekipman Çantaları > Evrak & İş Çantaları","3","YES","YES","YES","PROFESSIONAL_REVIEW","NO","NO","NO","NORMAL","PASS","not_required","FAIL_CLOSED","PROFESSIONAL_REVIEW_CHAIN=Çanta & Aksesuar > Evrak, Laptop & Ekipman Çantaları","canonical-v1.0.0","No public/pilot activation candidate in the canonical source; this package keeps it staged and fail-closed."
"CANONICAL-000208","56f4d75b-e8c5-4b75-a879-cc8e454c4db0","Çanta & Aksesuar > Evrak, Laptop & Ekipman Çantaları > Laptop Çantaları","3","YES","YES","YES","PROFESSIONAL_REVIEW","NO","NO","NO","NORMAL","PASS","not_required","FAIL_CLOSED","PROFESSIONAL_REVIEW_CHAIN=Çanta & Aksesuar > Evrak, Laptop & Ekipman Çantaları","canonical-v1.0.0","No public/pilot activation candidate in the canonical source; this package keeps it staged and fail-closed."
"CANONICAL-000209","e08925b4-c7cb-477b-9816-ee9da14fff50","Çanta & Aksesuar > Evrak, Laptop & Ekipman Çantaları > Tablet & Cihaz Çantaları","3","YES","YES","YES","PROFESSIONAL_REVIEW","NO","NO","NO","NORMAL","PASS","not_required","FAIL_CLOSED","PROFESSIONAL_REVIEW_CHAIN=Çanta & Aksesuar > Evrak, Laptop & Ekipman Çantaları","canonical-v1.0.0","No public/pilot activation candidate in the canonical source; this package keeps it staged and fail-closed."
"CANONICAL-000210","ebb23f64-abba-4779-b5e8-ed4afcfe6cbb","Çanta & Aksesuar > Evrak, Laptop & Ekipman Çantaları > Kamera Çantaları","3","YES","YES","YES","PROFESSIONAL_REVIEW","NO","NO","NO","NORMAL","PASS","not_required","FAIL_CLOSED","PROFESSIONAL_REVIEW_CHAIN=Çanta & Aksesuar > Evrak, Laptop & Ekipman Çantaları","canonical-v1.0.0","No public/pilot activation candidate in the canonical source; this package keeps it staged and fail-closed."
"CANONICAL-000211","9945d2df-f2c3-460d-b9c2-7b64aee22d8e","Çanta & Aksesuar > Evrak, Laptop & Ekipman Çantaları > Enstrüman Çantaları","3","YES","YES","YES","PROFESSIONAL_REVIEW","NO","NO","NO","NORMAL","PASS","not_required","FAIL_CLOSED","PROFESSIONAL_REVIEW_CHAIN=Çanta & Aksesuar > Evrak, Laptop & Ekipman Çantaları","canonical-v1.0.0","No public/pilot activation candidate in the canonical source; this package keeps it staged and fail-closed."
"CANONICAL-000212","438cc0bb-92fc-4294-b37f-81adb36d614e","Çanta & Aksesuar > Evrak, Laptop & Ekipman Çantaları > Bebek Bakım Çantaları","3","YES","YES","YES","PROFESSIONAL_REVIEW","NO","NO","NO","NORMAL","PASS","pending","FAIL_CLOSED","PROFESSIONAL_REVIEW_CHAIN=Çanta & Aksesuar > Evrak, Laptop & Ekipman Çantaları | Çanta & Aksesuar > Evrak, Laptop & Ekipman Çantaları > Bebek Bakım Çantaları","canonical-v1.0.0","No public/pilot activation candidate in the canonical source; this package keeps it staged and fail-closed."
"CANONICAL-000213","dedbd294-6eb9-42dc-bdbe-1242a9d0e4ba","Çanta & Aksesuar > Evrak, Laptop & Ekipman Çantaları > Genel Ekipman Çantaları","3","YES","YES","YES","PROFESSIONAL_REVIEW","NO","NO","NO","NORMAL","PASS","pending","FAIL_CLOSED","PROFESSIONAL_REVIEW_CHAIN=Çanta & Aksesuar > Evrak, Laptop & Ekipman Çantaları | Çanta & Aksesuar > Evrak, Laptop & Ekipman Çantaları > Genel Ekipman Çantaları","canonical-v1.0.0","No public/pilot activation candidate in the canonical source; this package keeps it staged and fail-closed."
"CANONICAL-000214","8d29433a-c9dd-4b9b-bfb7-7281d98b660c","Çanta & Aksesuar > Valiz & Seyahat Çantaları","2","NO","YES","YES","CONTAINER_NOT_ASSIGNABLE","NO","NO","NO","NORMAL","PASS","not_required","PASS","STRUCTURAL_CONTAINER","canonical-v1.0.0","Structurally eligible for a later separately authorized activation review; this package keeps it staged and not public."
"CANONICAL-000215","92f6b020-bf39-4bd7-9597-64ee0bf25505","Çanta & Aksesuar > Valiz & Seyahat Çantaları > Kabin Boy Valizler","3","YES","YES","YES","LEAF_ASSIGNABLE_CANDIDATE","YES","NO","NO","NORMAL","PASS","not_required","PASS","NONE","canonical-v1.0.0","Structurally eligible for a later separately authorized activation review; this package keeps it staged and not public."
"CANONICAL-000216","39373563-e64f-4dc8-bec6-3efa242578e1","Çanta & Aksesuar > Valiz & Seyahat Çantaları > Orta & Büyük Boy Valizler","3","YES","YES","YES","LEAF_ASSIGNABLE_CANDIDATE","YES","NO","NO","NORMAL","PASS","not_required","PASS","NONE","canonical-v1.0.0","Structurally eligible for a later separately authorized activation review; this package keeps it staged and not public."
"CANONICAL-000217","e64560a3-5cc7-4baa-9efb-9d6edb1e28a2","Çanta & Aksesuar > Valiz & Seyahat Çantaları > Seyahat & Duffel Çantaları","3","YES","YES","YES","LEAF_ASSIGNABLE_CANDIDATE","YES","NO","NO","NORMAL","PASS","not_required","PASS","NONE","canonical-v1.0.0","Structurally eligible for a later separately authorized activation review; this package keeps it staged and not public."
"CANONICAL-000218","e8550489-9fc0-477b-98b3-d927eb3095fc","Çanta & Aksesuar > Valiz & Seyahat Çantaları > Takım Elbise Taşıma Çantaları","3","YES","YES","YES","LEAF_ASSIGNABLE_CANDIDATE","YES","NO","NO","NORMAL","PASS","not_required","PASS","NONE","canonical-v1.0.0","Structurally eligible for a later separately authorized activation review; this package keeps it staged and not public."
"CANONICAL-000219","ccc94c72-6c01-40bd-ab61-86a5d540c9cb","Çanta & Aksesuar > Valiz & Seyahat Çantaları > Katlanabilir Seyahat Çantaları","3","YES","YES","YES","LEAF_ASSIGNABLE_CANDIDATE","YES","NO","NO","NORMAL","PASS","not_required","PASS","NONE","canonical-v1.0.0","Structurally eligible for a later separately authorized activation review; this package keeps it staged and not public."
"CANONICAL-000220","7ebeb436-d7d0-41fc-8c5c-4aec58d01a16","Çanta & Aksesuar > Cüzdan, Kartlık & Anahtarlık","2","NO","YES","YES","CONTAINER_NOT_ASSIGNABLE","NO","NO","NO","NORMAL","PASS","not_required","PASS","STRUCTURAL_CONTAINER","canonical-v1.0.0","Structurally eligible for a later separately authorized activation review; this package keeps it staged and not public."
"CANONICAL-000221","56a1a33c-d482-425f-a65a-dd031bb01b71","Çanta & Aksesuar > Cüzdan, Kartlık & Anahtarlık > Cüzdanlar","3","YES","YES","YES","LEAF_ASSIGNABLE_CANDIDATE","YES","NO","NO","NORMAL","PASS","not_required","PASS","NONE","canonical-v1.0.0","Structurally eligible for a later separately authorized activation review; this package keeps it staged and not public."
"CANONICAL-000222","43761b1f-2d18-47a7-abf5-a78245a2938d","Çanta & Aksesuar > Cüzdan, Kartlık & Anahtarlık > Kartlıklar","3","YES","YES","YES","LEAF_ASSIGNABLE_CANDIDATE","YES","NO","NO","NORMAL","PASS","not_required","PASS","NONE","canonical-v1.0.0","Structurally eligible for a later separately authorized activation review; this package keeps it staged and not public."
"CANONICAL-000223","555e004b-8c28-49d5-b6a7-e6feb9ceea88","Çanta & Aksesuar > Cüzdan, Kartlık & Anahtarlık > Bozuk Para Çantaları","3","YES","YES","YES","LEAF_ASSIGNABLE_CANDIDATE","YES","NO","NO","NORMAL","PASS","not_required","PASS","NONE","canonical-v1.0.0","Structurally eligible for a later separately authorized activation review; this package keeps it staged and not public."
"CANONICAL-000224","505261b8-3899-4255-b6ac-68e33ebef5bb","Çanta & Aksesuar > Cüzdan, Kartlık & Anahtarlık > Pasaportluklar","3","YES","YES","YES","LEAF_ASSIGNABLE_CANDIDATE","YES","NO","NO","NORMAL","PASS","not_required","PASS","NONE","canonical-v1.0.0","Structurally eligible for a later separately authorized activation review; this package keeps it staged and not public."
"CANONICAL-000225","0e87dd26-bcca-405e-a7e1-ff25f4366990","Çanta & Aksesuar > Cüzdan, Kartlık & Anahtarlık > Anahtarlıklar","3","YES","YES","YES","LEAF_ASSIGNABLE_CANDIDATE","YES","NO","NO","NORMAL","PASS","not_required","PASS","NONE","canonical-v1.0.0","Structurally eligible for a later separately authorized activation review; this package keeps it staged and not public."
"CANONICAL-000226","f4ec0bbb-fa12-4ce9-8eae-af3a612f0ea2","Çanta & Aksesuar > Kemer, Pantolon Askısı & Kravat","2","NO","YES","YES","CONTAINER_NOT_ASSIGNABLE","NO","NO","NO","NORMAL","PASS","not_required","PASS","STRUCTURAL_CONTAINER","canonical-v1.0.0","Structurally eligible for a later separately authorized activation review; this package keeps it staged and not public."
"CANONICAL-000227","d842cb9c-01e6-4a38-9c27-fa052781a70d","Çanta & Aksesuar > Kemer, Pantolon Askısı & Kravat > Kemerler","3","YES","YES","YES","LEAF_ASSIGNABLE_CANDIDATE","YES","NO","NO","NORMAL","PASS","not_required","PASS","NONE","canonical-v1.0.0","Structurally eligible for a later separately authorized activation review; this package keeps it staged and not public."
"CANONICAL-000228","921d9608-0d53-4169-b599-29a00e33b51f","Çanta & Aksesuar > Kemer, Pantolon Askısı & Kravat > Pantolon Askıları","3","YES","YES","YES","LEAF_ASSIGNABLE_CANDIDATE","YES","NO","NO","NORMAL","PASS","not_required","PASS","NONE","canonical-v1.0.0","Structurally eligible for a later separately authorized activation review; this package keeps it staged and not public."
"CANONICAL-000229","cb9ab2a3-56cd-4667-afef-07ea9e4bf1be","Çanta & Aksesuar > Kemer, Pantolon Askısı & Kravat > Kravat & Papyon","3","YES","YES","YES","LEAF_ASSIGNABLE_CANDIDATE","YES","NO","NO","NORMAL","PASS","not_required","PASS","NONE","canonical-v1.0.0","Structurally eligible for a later separately authorized activation review; this package keeps it staged and not public."
"CANONICAL-000230","bb30016f-5b47-4781-af50-bd52e95831a1","Çanta & Aksesuar > Kemer, Pantolon Askısı & Kravat > Kravat Aksesuarları","3","YES","YES","YES","LEAF_ASSIGNABLE_CANDIDATE","YES","NO","NO","NORMAL","PASS","not_required","PASS","NONE","canonical-v1.0.0","Structurally eligible for a later separately authorized activation review; this package keeps it staged and not public."
"CANONICAL-000231","7493f383-dec6-4d9d-9fbc-f50c3c52e66f","Çanta & Aksesuar > Şapka, Bere & Saç Aksesuarları","2","NO","YES","YES","CONTAINER_NOT_ASSIGNABLE","NO","NO","NO","NORMAL","PASS","pending","FAIL_CLOSED","PROFESSIONAL_REVIEW_CHAIN=Çanta & Aksesuar > Şapka, Bere & Saç Aksesuarları","canonical-v1.0.0","No public/pilot activation candidate in the canonical source; this package keeps it staged and fail-closed."
"CANONICAL-000232","0986862a-9c76-40aa-94b8-fcf0922e055e","Çanta & Aksesuar > Şapka, Bere & Saç Aksesuarları > Şapka & Kep","3","YES","YES","YES","PROFESSIONAL_REVIEW","NO","NO","NO","NORMAL","PASS","not_required","FAIL_CLOSED","PROFESSIONAL_REVIEW_CHAIN=Çanta & Aksesuar > Şapka, Bere & Saç Aksesuarları","canonical-v1.0.0","No public/pilot activation candidate in the canonical source; this package keeps it staged and fail-closed."
"CANONICAL-000233","474b7478-a91a-4f1b-b653-0ff1a30d3e61","Çanta & Aksesuar > Şapka, Bere & Saç Aksesuarları > Bereler","3","YES","YES","YES","PROFESSIONAL_REVIEW","NO","NO","NO","NORMAL","PASS","not_required","FAIL_CLOSED","PROFESSIONAL_REVIEW_CHAIN=Çanta & Aksesuar > Şapka, Bere & Saç Aksesuarları","canonical-v1.0.0","No public/pilot activation candidate in the canonical source; this package keeps it staged and fail-closed."
"CANONICAL-000234","8b23147f-6e84-40b4-b906-3f6aa2b7a9e2","Çanta & Aksesuar > Şapka, Bere & Saç Aksesuarları > Saç Tokaları","3","YES","YES","YES","PROFESSIONAL_REVIEW","NO","NO","NO","NORMAL","PASS","pending","FAIL_CLOSED","PROFESSIONAL_REVIEW_CHAIN=Çanta & Aksesuar > Şapka, Bere & Saç Aksesuarları | Çanta & Aksesuar > Şapka, Bere & Saç Aksesuarları > Saç Tokaları","canonical-v1.0.0","No public/pilot activation candidate in the canonical source; this package keeps it staged and fail-closed."
"CANONICAL-000235","9f7823a9-c200-48b1-9b7b-ff879bd3b0d7","Çanta & Aksesuar > Şapka, Bere & Saç Aksesuarları > Taç, Bandana & Saç Bantları","3","YES","YES","YES","PROFESSIONAL_REVIEW","NO","NO","NO","NORMAL","PASS","pending","FAIL_CLOSED","PROFESSIONAL_REVIEW_CHAIN=Çanta & Aksesuar > Şapka, Bere & Saç Aksesuarları | Çanta & Aksesuar > Şapka, Bere & Saç Aksesuarları > Taç, Bandana & Saç Bantları","canonical-v1.0.0","No public/pilot activation candidate in the canonical source; this package keeps it staged and fail-closed."
"CANONICAL-000236","707291c2-70eb-4b8a-9561-bc5cb3450b97","Çanta & Aksesuar > Atkı, Şal & Eldiven","2","NO","YES","YES","CONTAINER_NOT_ASSIGNABLE","NO","NO","NO","NORMAL","PASS","not_required","PASS","STRUCTURAL_CONTAINER","canonical-v1.0.0","Structurally eligible for a later separately authorized activation review; this package keeps it staged and not public."
"CANONICAL-000237","8ed8a3dd-4339-446c-b34e-7992bd92137b","Çanta & Aksesuar > Atkı, Şal & Eldiven > Atkı & Fular","3","YES","YES","YES","LEAF_ASSIGNABLE_CANDIDATE","YES","NO","NO","NORMAL","PASS","not_required","PASS","NONE","canonical-v1.0.0","Structurally eligible for a later separately authorized activation review; this package keeps it staged and not public."
"CANONICAL-000238","1faff5df-658a-4198-a9be-8a27f2511ad9","Çanta & Aksesuar > Atkı, Şal & Eldiven > Şal & Eşarp","3","YES","YES","YES","LEAF_ASSIGNABLE_CANDIDATE","YES","NO","NO","NORMAL","PASS","not_required","PASS","NONE","canonical-v1.0.0","Structurally eligible for a later separately authorized activation review; this package keeps it staged and not public."
"CANONICAL-000239","aa675043-ca77-44a9-b29d-3ac04e3891fc","Çanta & Aksesuar > Atkı, Şal & Eldiven > Günlük Eldivenler","3","YES","YES","YES","LEAF_ASSIGNABLE_CANDIDATE","YES","NO","NO","NORMAL","PASS","not_required","PASS","NONE","canonical-v1.0.0","Structurally eligible for a later separately authorized activation review; this package keeps it staged and not public."
"CANONICAL-000240","3edf5cd8-d0da-46f1-886f-29d1295ddc58","Çanta & Aksesuar > Atkı, Şal & Eldiven > Boyunluklar","3","YES","YES","YES","LEAF_ASSIGNABLE_CANDIDATE","YES","NO","NO","NORMAL","PASS","not_required","PASS","NONE","canonical-v1.0.0","Structurally eligible for a later separately authorized activation review; this package keeps it staged and not public."
"CANONICAL-000241","7386f481-57cc-4391-9097-e74d67e90adf","Çanta & Aksesuar > Şemsiyeler","2","NO","YES","YES","CONTAINER_NOT_ASSIGNABLE","NO","NO","NO","NORMAL","PASS","pending","FAIL_CLOSED","PROFESSIONAL_REVIEW_CHAIN=Çanta & Aksesuar > Şemsiyeler","canonical-v1.0.0","No public/pilot activation candidate in the canonical source; this package keeps it staged and fail-closed."
"CANONICAL-000242","8775b06e-2212-4da0-a280-4bedfab25cdf","Çanta & Aksesuar > Şemsiyeler > Kompakt Şemsiyeler","3","YES","YES","YES","PROFESSIONAL_REVIEW","NO","NO","NO","NORMAL","PASS","not_required","FAIL_CLOSED","PROFESSIONAL_REVIEW_CHAIN=Çanta & Aksesuar > Şemsiyeler","canonical-v1.0.0","No public/pilot activation candidate in the canonical source; this package keeps it staged and fail-closed."
"CANONICAL-000243","4e397549-454b-4e7e-868b-42bdb316c782","Çanta & Aksesuar > Şemsiyeler > Baston Şemsiyeler","3","YES","YES","YES","PROFESSIONAL_REVIEW","NO","NO","NO","NORMAL","PASS","not_required","FAIL_CLOSED","PROFESSIONAL_REVIEW_CHAIN=Çanta & Aksesuar > Şemsiyeler","canonical-v1.0.0","No public/pilot activation candidate in the canonical source; this package keeps it staged and fail-closed."
"CANONICAL-000244","937365f3-f447-4bf0-83d3-56eb0feb553f","Çanta & Aksesuar > Şemsiyeler > Çocuk Şemsiyeleri","3","YES","YES","YES","PROFESSIONAL_REVIEW","NO","NO","NO","NORMAL","PASS","pending","FAIL_CLOSED","PROFESSIONAL_REVIEW_CHAIN=Çanta & Aksesuar > Şemsiyeler | Çanta & Aksesuar > Şemsiyeler > Çocuk Şemsiyeleri","canonical-v1.0.0","No public/pilot activation candidate in the canonical source; this package keeps it staged and fail-closed."
"CANONICAL-000245","64205c30-cd7f-4973-82b4-d0c13c8e1ee2","Çanta & Aksesuar > Seyahat Aksesuarları","2","NO","YES","YES","CONTAINER_NOT_ASSIGNABLE","NO","NO","NO","NORMAL","PASS","pending","FAIL_CLOSED","PROFESSIONAL_REVIEW_CHAIN=Çanta & Aksesuar > Seyahat Aksesuarları","canonical-v1.0.0","No public/pilot activation candidate in the canonical source; this package keeps it staged and fail-closed."
"CANONICAL-000246","30fe8554-0468-4893-a710-3d66f0c5f439","Çanta & Aksesuar > Seyahat Aksesuarları > Bagaj Etiketi & Kilidi","3","YES","YES","YES","PROFESSIONAL_REVIEW","NO","NO","NO","NORMAL","PASS","not_required","FAIL_CLOSED","PROFESSIONAL_REVIEW_CHAIN=Çanta & Aksesuar > Seyahat Aksesuarları","canonical-v1.0.0","No public/pilot activation candidate in the canonical source; this package keeps it staged and fail-closed."
"CANONICAL-000247","8b2948af-690a-43a3-b5e2-ab8c81e4976a","Çanta & Aksesuar > Seyahat Aksesuarları > Valiz Kılıfı & Kemeri","3","YES","YES","YES","PROFESSIONAL_REVIEW","NO","NO","NO","NORMAL","PASS","not_required","FAIL_CLOSED","PROFESSIONAL_REVIEW_CHAIN=Çanta & Aksesuar > Seyahat Aksesuarları","canonical-v1.0.0","No public/pilot activation candidate in the canonical source; this package keeps it staged and fail-closed."
"CANONICAL-000248","409b1e21-2327-41e3-ba9b-3127e8f59ba8","Çanta & Aksesuar > Seyahat Aksesuarları > Seyahat Organizerleri","3","YES","YES","YES","PROFESSIONAL_REVIEW","NO","NO","NO","NORMAL","PASS","not_required","FAIL_CLOSED","PROFESSIONAL_REVIEW_CHAIN=Çanta & Aksesuar > Seyahat Aksesuarları","canonical-v1.0.0","No public/pilot activation candidate in the canonical source; this package keeps it staged and fail-closed."
"CANONICAL-000249","76d136d9-ad16-4687-b3bd-a151eeb5df55","Çanta & Aksesuar > Seyahat Aksesuarları > Boyun Yastığı & Uyku Aksesuarları","3","YES","YES","YES","PROFESSIONAL_REVIEW","NO","NO","NO","NORMAL","PASS","pending","FAIL_CLOSED","PROFESSIONAL_REVIEW_CHAIN=Çanta & Aksesuar > Seyahat Aksesuarları | Çanta & Aksesuar > Seyahat Aksesuarları > Boyun Yastığı & Uyku Aksesuarları","canonical-v1.0.0","No public/pilot activation candidate in the canonical source; this package keeps it staged and fail-closed."
"CANONICAL-000250","0c56e25a-ccf8-4b90-9c81-98044ee76995","Çanta & Aksesuar > Seyahat Aksesuarları > Seyahat Şişe & Kap Setleri","3","YES","YES","YES","PROFESSIONAL_REVIEW","NO","NO","NO","NORMAL","PASS","pending","FAIL_CLOSED","PROFESSIONAL_REVIEW_CHAIN=Çanta & Aksesuar > Seyahat Aksesuarları | Çanta & Aksesuar > Seyahat Aksesuarları > Seyahat Şişe & Kap Setleri","canonical-v1.0.0","No public/pilot activation candidate in the canonical source; this package keeps it staged and fail-closed."
"CANONICAL-000251","dae0270c-90ac-4248-919b-05531cf7c0e8","Elektronik","1","NO","YES","YES","CONTAINER_NOT_ASSIGNABLE","NO","NO","NO","NORMAL","PASS","not_required","PASS","STRUCTURAL_CONTAINER","canonical-v1.0.0","Structurally eligible for a later separately authorized activation review; this package keeps it staged and not public."
"CANONICAL-000252","57418383-3e49-4bb7-ac9a-57432eaa5db7","Elektronik > Telefon & Aksesuarları","2","NO","YES","YES","CONTAINER_NOT_ASSIGNABLE","NO","NO","NO","NORMAL","PASS","not_required","PASS","STRUCTURAL_CONTAINER","canonical-v1.0.0","Structurally eligible for a later separately authorized activation review; this package keeps it staged and not public."
"CANONICAL-000253","14cb432c-a2ea-4ab8-9ebf-948fd91ffff5","Elektronik > Telefon & Aksesuarları > Cep Telefonları","3","NO","YES","YES","CONTAINER_NOT_ASSIGNABLE","NO","NO","NO","NORMAL","PASS","not_required","PASS","STRUCTURAL_CONTAINER","canonical-v1.0.0","Structurally eligible for a later separately authorized activation review; this package keeps it staged and not public."
"CANONICAL-000254","b7cee2cf-3005-4e9d-95ff-5dfe106f1da3","Elektronik > Telefon & Aksesuarları > Cep Telefonları > Akıllı Telefonlar","4","YES","YES","YES","LEAF_ASSIGNABLE_CANDIDATE","YES","NO","NO","NORMAL","PASS","not_required","PASS","NONE","canonical-v1.0.0","Structurally eligible for a later separately authorized activation review; this package keeps it staged and not public."
"CANONICAL-000255","4fcbb434-492e-44d6-9f52-328cf2342478","Elektronik > Telefon & Aksesuarları > Cep Telefonları > Tuşlu Telefonlar","4","YES","YES","YES","LEAF_ASSIGNABLE_CANDIDATE","YES","NO","NO","NORMAL","PASS","not_required","PASS","NONE","canonical-v1.0.0","Structurally eligible for a later separately authorized activation review; this package keeps it staged and not public."
"CANONICAL-000256","f962be59-61cd-4bb0-811f-4066263f0fa6","Elektronik > Telefon & Aksesuarları > Telefon Kılıfları","3","YES","YES","YES","LEAF_ASSIGNABLE_CANDIDATE","YES","NO","NO","NORMAL","PASS","not_required","PASS","NONE","canonical-v1.0.0","Structurally eligible for a later separately authorized activation review; this package keeps it staged and not public."
"CANONICAL-000257","eb8da75d-f847-4f8c-94cc-5fe921cbac40","Elektronik > Telefon & Aksesuarları > Ekran Koruyucular","3","YES","YES","YES","LEAF_ASSIGNABLE_CANDIDATE","YES","NO","NO","NORMAL","PASS","not_required","PASS","NONE","canonical-v1.0.0","Structurally eligible for a later separately authorized activation review; this package keeps it staged and not public."
"CANONICAL-000258","55efa657-d036-4e78-9a96-2a7946cabd16","Elektronik > Telefon & Aksesuarları > Kamera Lens Koruyucuları","3","YES","YES","YES","LEAF_ASSIGNABLE_CANDIDATE","YES","NO","NO","NORMAL","PASS","not_required","PASS","NONE","canonical-v1.0.0","Structurally eligible for a later separately authorized activation review; this package keeps it staged and not public."
"CANONICAL-000259","bb29f067-1f0c-4f6f-bfd2-f3dcf3b8b03a","Elektronik > Telefon & Aksesuarları > Telefon Tutucu, Stand & Askıları","3","YES","YES","YES","LEAF_ASSIGNABLE_CANDIDATE","YES","NO","NO","NORMAL","PASS","not_required","PASS","NONE","canonical-v1.0.0","Structurally eligible for a later separately authorized activation review; this package keeps it staged and not public."
"CANONICAL-000260","5f147f01-2889-4906-a375-a4912710fe72","Elektronik > Telefon & Aksesuarları > Telefon Modeline Özgü Şarj Aksesuarları","3","YES","YES","YES","LEAF_ASSIGNABLE_CANDIDATE","YES","NO","NO","NORMAL","PASS","not_required","PASS","NONE","canonical-v1.0.0","Structurally eligible for a later separately authorized activation review; this package keeps it staged and not public."
"CANONICAL-000261","cddf1092-28ba-4697-b18c-ff448838c794","Elektronik > Telefon & Aksesuarları > Telefon Kamera & Çekim Aksesuarları","3","YES","YES","YES","LEAF_ASSIGNABLE_CANDIDATE","YES","NO","NO","NORMAL","PASS","not_required","PASS","NONE","canonical-v1.0.0","Structurally eligible for a later separately authorized activation review; this package keeps it staged and not public."
"CANONICAL-000262","547b9080-af66-4e6f-808e-fd074a256edf","Elektronik > Telefon & Aksesuarları > Telefon Kalemleri","3","YES","YES","YES","LEAF_ASSIGNABLE_CANDIDATE","YES","NO","NO","NORMAL","PASS","not_required","PASS","NONE","canonical-v1.0.0","Structurally eligible for a later separately authorized activation review; this package keeps it staged and not public."
"CANONICAL-000263","33cdeabc-024d-48de-b5c0-c8943b7b9c27","Elektronik > Telefon & Aksesuarları > Telefon Yedek Parçaları","3","NO","YES","YES","CONTAINER_NOT_ASSIGNABLE","NO","NO","NO","NORMAL","PASS","not_required","PASS","STRUCTURAL_CONTAINER","canonical-v1.0.0","Structurally eligible for a later separately authorized activation review; this package keeps it staged and not public."
"CANONICAL-000264","8da8849a-5f0e-4401-b502-f3eff77429f5","Elektronik > Telefon & Aksesuarları > Telefon Yedek Parçaları > Telefon Bataryaları","4","YES","YES","YES","POLICY_BLOCKED","NO","NO","NO","REGULATED","FAIL_CLOSED","pending","FAIL_CLOSED","POLICY_CHAIN=Elektronik > Telefon & Aksesuarları > Telefon Yedek Parçaları > Telefon Bataryaları:REGULATED; PROFESSIONAL_REVIEW_CHAIN=Elektronik > Telefon & Aksesuarları > Telefon Yedek Parçaları > Telefon Bataryaları","canonical-v1.0.0","No public/pilot activation candidate in the canonical source; this package keeps it staged and fail-closed."
"CANONICAL-000265","54fd9bd1-0cd9-4d9e-97d7-3a03fe49bf78","Elektronik > Telefon & Aksesuarları > Telefon Yedek Parçaları > Ekran & Dokunmatik Modülleri","4","YES","YES","YES","LEAF_ASSIGNABLE_CANDIDATE","YES","NO","NO","NORMAL","PASS","not_required","PASS","NONE","canonical-v1.0.0","Structurally eligible for a later separately authorized activation review; this package keeps it staged and not public."
"CANONICAL-000266","e08bb782-5521-4362-abba-a3b6f1b6800b","Elektronik > Telefon & Aksesuarları > Telefon Yedek Parçaları > Şarj Soketi & Bağlantı Parçaları","4","YES","YES","YES","LEAF_ASSIGNABLE_CANDIDATE","YES","NO","NO","NORMAL","PASS","not_required","PASS","NONE","canonical-v1.0.0","Structurally eligible for a later separately authorized activation review; this package keeps it staged and not public."
"CANONICAL-000267","76c57e02-0050-40ea-ad0a-0c09761034e8","Elektronik > Telefon & Aksesuarları > Telefon Yedek Parçaları > Kamera Modülleri","4","YES","YES","YES","LEAF_ASSIGNABLE_CANDIDATE","YES","NO","NO","NORMAL","PASS","not_required","PASS","NONE","canonical-v1.0.0","Structurally eligible for a later separately authorized activation review; this package keeps it staged and not public."
"CANONICAL-000268","c8da1d3f-8eed-43c4-9acf-433bae60527a","Elektronik > Telefon & Aksesuarları > Telefon Yedek Parçaları > Flex Kablo & Dahili Parçalar","4","YES","YES","YES","LEAF_ASSIGNABLE_CANDIDATE","YES","NO","NO","NORMAL","PASS","not_required","PASS","NONE","canonical-v1.0.0","Structurally eligible for a later separately authorized activation review; this package keeps it staged and not public."
"CANONICAL-000269","5dacd9c2-56dd-4b41-9c31-e3d99ba53865","Elektronik > TV & Görüntü Sistemleri","2","YES","YES","YES","LEAF_ASSIGNABLE_CANDIDATE","YES","NO","NO","NORMAL","PASS","not_required","PASS","NONE","canonical-v1.0.0","Structurally eligible for a later separately authorized activation review; this package keeps it staged and not public."
"CANONICAL-000270","b7d2e9fc-fcab-4426-9a43-1831071ef0c3","Elektronik > Ses & Kulaklık","2","YES","YES","YES","LEAF_ASSIGNABLE_CANDIDATE","YES","NO","NO","NORMAL","PASS","not_required","PASS","NONE","canonical-v1.0.0","Structurally eligible for a later separately authorized activation review; this package keeps it staged and not public."
"CANONICAL-000271","b8538f25-25b5-4047-9690-9b6e1de35ff7","Elektronik > Fotoğraf & Kamera","2","YES","YES","YES","LEAF_ASSIGNABLE_CANDIDATE","YES","NO","NO","NORMAL","PASS","not_required","PASS","NONE","canonical-v1.0.0","Structurally eligible for a later separately authorized activation review; this package keeps it staged and not public."
"CANONICAL-000272","bfe7fa8f-fd01-4cd4-8e47-676df6c3884d","Elektronik > Oyun Konsolu & Aksesuarları","2","YES","YES","YES","LEAF_ASSIGNABLE_CANDIDATE","YES","NO","NO","NORMAL","PASS","not_required","PASS","NONE","canonical-v1.0.0","Structurally eligible for a later separately authorized activation review; this package keeps it staged and not public."
"CANONICAL-000273","99d6a538-2324-4e59-9dc9-6f0de8968482","Elektronik > Giyilebilir Teknoloji","2","YES","YES","YES","LEAF_ASSIGNABLE_CANDIDATE","YES","NO","NO","NORMAL","PASS","not_required","PASS","NONE","canonical-v1.0.0","Structurally eligible for a later separately authorized activation review; this package keeps it staged and not public."
"CANONICAL-000274","69a0de3e-4fd1-44cc-800a-887aac8581c1","Elektronik > Akıllı Ev & Güvenlik","2","YES","YES","YES","LEAF_ASSIGNABLE_CANDIDATE","YES","NO","NO","NORMAL","PASS","not_required","PASS","NONE","canonical-v1.0.0","Structurally eligible for a later separately authorized activation review; this package keeps it staged and not public."
"CANONICAL-000275","1bd43c2b-adb9-42a9-9a8e-f179e11739e8","Elektronik > Güç, Şarj & Bağlantı","2","YES","YES","YES","LEAF_ASSIGNABLE_CANDIDATE","YES","NO","NO","NORMAL","PASS","not_required","PASS","NONE","canonical-v1.0.0","Structurally eligible for a later separately authorized activation review; this package keeps it staged and not public."
"CANONICAL-000276","28a1783d-44f8-405d-8a31-758b80ce3877","Elektronik > Elektronik Bileşenler","2","YES","YES","YES","LEAF_ASSIGNABLE_CANDIDATE","YES","NO","NO","NORMAL","PASS","not_required","PASS","NONE","canonical-v1.0.0","Structurally eligible for a later separately authorized activation review; this package keeps it staged and not public."
"CANONICAL-000277","7d59f4a3-8828-4231-9502-ac91b7b0baa0","Bilgisayar & Tablet","1","NO","YES","YES","CONTAINER_NOT_ASSIGNABLE","NO","NO","NO","NORMAL","PASS","not_required","PASS","STRUCTURAL_CONTAINER","canonical-v1.0.0","Structurally eligible for a later separately authorized activation review; this package keeps it staged and not public."
"CANONICAL-000278","74c61d22-b273-43e6-969b-a07c9acc31a6","Bilgisayar & Tablet > Dizüstü Bilgisayar","2","YES","YES","YES","LEAF_ASSIGNABLE_CANDIDATE","YES","NO","NO","NORMAL","PASS","not_required","PASS","NONE","canonical-v1.0.0","Structurally eligible for a later separately authorized activation review; this package keeps it staged and not public."
"CANONICAL-000279","8e6d029e-74d1-4434-9793-495489f603d9","Bilgisayar & Tablet > Masaüstü Bilgisayar","2","YES","YES","YES","LEAF_ASSIGNABLE_CANDIDATE","YES","NO","NO","NORMAL","PASS","not_required","PASS","NONE","canonical-v1.0.0","Structurally eligible for a later separately authorized activation review; this package keeps it staged and not public."
"CANONICAL-000280","5b7008ce-9358-46bf-9b67-69b5ad322a06","Bilgisayar & Tablet > Tablet","2","YES","YES","YES","LEAF_ASSIGNABLE_CANDIDATE","YES","NO","NO","NORMAL","PASS","not_required","PASS","NONE","canonical-v1.0.0","Structurally eligible for a later separately authorized activation review; this package keeps it staged and not public."
"CANONICAL-000281","06488b80-d1b5-49c7-aa84-74b24d729465","Bilgisayar & Tablet > E-Kitap Okuyucu","2","YES","YES","YES","LEAF_ASSIGNABLE_CANDIDATE","YES","NO","NO","NORMAL","PASS","not_required","PASS","NONE","canonical-v1.0.0","Structurally eligible for a later separately authorized activation review; this package keeps it staged and not public."
"CANONICAL-000282","02ce70b4-1fae-4d67-92c2-e11b2a893167","Bilgisayar & Tablet > Monitör","2","YES","YES","YES","LEAF_ASSIGNABLE_CANDIDATE","YES","NO","NO","NORMAL","PASS","not_required","PASS","NONE","canonical-v1.0.0","Structurally eligible for a later separately authorized activation review; this package keeps it staged and not public."
"CANONICAL-000283","c30df5b7-fc56-445b-9e31-f0304018336d","Bilgisayar & Tablet > Bilgisayar Bileşenleri","2","NO","YES","YES","CONTAINER_NOT_ASSIGNABLE","NO","NO","NO","NORMAL","PASS","not_required","PASS","STRUCTURAL_CONTAINER","canonical-v1.0.0","Structurally eligible for a later separately authorized activation review; this package keeps it staged and not public."
"CANONICAL-000284","32df2806-c4e5-42a1-8ecb-221c73435d85","Bilgisayar & Tablet > Bilgisayar Bileşenleri > İşlemci","3","YES","YES","YES","LEAF_ASSIGNABLE_CANDIDATE","YES","NO","NO","NORMAL","PASS","not_required","PASS","NONE","canonical-v1.0.0","Structurally eligible for a later separately authorized activation review; this package keeps it staged and not public."
"CANONICAL-000285","4eba55a6-b4d6-4ec1-a5ab-7bd91eb443ad","Bilgisayar & Tablet > Bilgisayar Bileşenleri > Ekran Kartı","3","YES","YES","YES","LEAF_ASSIGNABLE_CANDIDATE","YES","NO","NO","NORMAL","PASS","not_required","PASS","NONE","canonical-v1.0.0","Structurally eligible for a later separately authorized activation review; this package keeps it staged and not public."
"CANONICAL-000286","25b8d0b1-2801-434a-9272-c2bb4a778197","Bilgisayar & Tablet > Bilgisayar Bileşenleri > Anakart","3","YES","YES","YES","LEAF_ASSIGNABLE_CANDIDATE","YES","NO","NO","NORMAL","PASS","not_required","PASS","NONE","canonical-v1.0.0","Structurally eligible for a later separately authorized activation review; this package keeps it staged and not public."
"CANONICAL-000287","89f7c6dc-398b-4b6b-9261-6b845c673587","Bilgisayar & Tablet > Bilgisayar Bileşenleri > RAM Bellek","3","YES","YES","YES","LEAF_ASSIGNABLE_CANDIDATE","YES","NO","NO","NORMAL","PASS","not_required","PASS","NONE","canonical-v1.0.0","Structurally eligible for a later separately authorized activation review; this package keeps it staged and not public."
"CANONICAL-000288","29e2c98e-5d5e-4ed9-ae7e-c0e9fb8f6483","Bilgisayar & Tablet > Bilgisayar Bileşenleri > Güç Kaynağı","3","YES","YES","YES","LEAF_ASSIGNABLE_CANDIDATE","YES","NO","NO","NORMAL","PASS","not_required","PASS","NONE","canonical-v1.0.0","Structurally eligible for a later separately authorized activation review; this package keeps it staged and not public."
"CANONICAL-000289","f0107842-0d86-4490-bc49-4ad34288e2ce","Bilgisayar & Tablet > Bilgisayar Bileşenleri > Bilgisayar Kasası","3","YES","YES","YES","LEAF_ASSIGNABLE_CANDIDATE","YES","NO","NO","NORMAL","PASS","not_required","PASS","NONE","canonical-v1.0.0","Structurally eligible for a later separately authorized activation review; this package keeps it staged and not public."
"CANONICAL-000290","ab551b79-a671-49d4-a1d1-7589722ba805","Bilgisayar & Tablet > Bilgisayar Bileşenleri > Soğutma","3","NO","YES","YES","CONTAINER_NOT_ASSIGNABLE","NO","NO","NO","NORMAL","PASS","not_required","PASS","STRUCTURAL_CONTAINER","canonical-v1.0.0","Structurally eligible for a later separately authorized activation review; this package keeps it staged and not public."
"CANONICAL-000291","d6792ea7-5781-41b0-8678-cff27008414d","Bilgisayar & Tablet > Bilgisayar Bileşenleri > Soğutma > İşlemci Soğutucu","4","YES","YES","YES","LEAF_ASSIGNABLE_CANDIDATE","YES","NO","NO","NORMAL","PASS","not_required","PASS","NONE","canonical-v1.0.0","Structurally eligible for a later separately authorized activation review; this package keeps it staged and not public."
"CANONICAL-000292","09e9539f-eab0-41ed-9307-cffc442a6a20","Bilgisayar & Tablet > Bilgisayar Bileşenleri > Soğutma > Kasa Fanı","4","YES","YES","YES","LEAF_ASSIGNABLE_CANDIDATE","YES","NO","NO","NORMAL","PASS","not_required","PASS","NONE","canonical-v1.0.0","Structurally eligible for a later separately authorized activation review; this package keeps it staged and not public."
"CANONICAL-000293","c8207f28-1d65-437a-92d6-1d363aa13751","Bilgisayar & Tablet > Bilgisayar Bileşenleri > Soğutma > Sıvı Soğutma","4","YES","YES","YES","LEAF_ASSIGNABLE_CANDIDATE","YES","NO","NO","NORMAL","PASS","not_required","PASS","NONE","canonical-v1.0.0","Structurally eligible for a later separately authorized activation review; this package keeps it staged and not public."
"CANONICAL-000294","f1f9156a-ffd6-40e6-81ab-fcb8592a6f94","Bilgisayar & Tablet > Bilgisayar Bileşenleri > Soğutma > Termal Macun & Ped","4","YES","YES","YES","LEAF_ASSIGNABLE_CANDIDATE","YES","NO","NO","NORMAL","PASS","not_required","PASS","NONE","canonical-v1.0.0","Structurally eligible for a later separately authorized activation review; this package keeps it staged and not public."
"CANONICAL-000295","c6c55d63-e6e7-4e24-af53-9a4115f94191","Bilgisayar & Tablet > Bilgisayar Bileşenleri > Genişleme Kartları","3","NO","YES","YES","CONTAINER_NOT_ASSIGNABLE","NO","NO","NO","NORMAL","PASS","not_required","PASS","STRUCTURAL_CONTAINER","canonical-v1.0.0","Structurally eligible for a later separately authorized activation review; this package keeps it staged and not public."
"CANONICAL-000296","b684cffa-e24d-4915-a2ec-913742eefaae","Bilgisayar & Tablet > Bilgisayar Bileşenleri > Genişleme Kartları > Ses Kartı","4","YES","YES","YES","LEAF_ASSIGNABLE_CANDIDATE","YES","NO","NO","NORMAL","PASS","not_required","PASS","NONE","canonical-v1.0.0","Structurally eligible for a later separately authorized activation review; this package keeps it staged and not public."
"CANONICAL-000297","51bbe264-5bdd-48ca-a35b-e8c1e127a1c1","Bilgisayar & Tablet > Bilgisayar Bileşenleri > Genişleme Kartları > Görüntü Yakalama Kartı","4","YES","YES","YES","LEAF_ASSIGNABLE_CANDIDATE","YES","NO","NO","NORMAL","PASS","not_required","PASS","NONE","canonical-v1.0.0","Structurally eligible for a later separately authorized activation review; this package keeps it staged and not public."
"CANONICAL-000298","9c1315d9-896f-406c-8218-b82e959fb384","Bilgisayar & Tablet > Bilgisayar Bileşenleri > Genişleme Kartları > Bağlantı & Denetleyici Kartları","4","YES","YES","YES","LEAF_ASSIGNABLE_CANDIDATE","YES","NO","NO","NORMAL","PASS","not_required","PASS","NONE","canonical-v1.0.0","Structurally eligible for a later separately authorized activation review; this package keeps it staged and not public."
"CANONICAL-000299","4d173637-a99f-4f8a-b200-1318326477a2","Bilgisayar & Tablet > Bilgisayar Bileşenleri > Tek Kart Bilgisayar (SBC)","3","YES","YES","YES","LEAF_ASSIGNABLE_CANDIDATE","YES","NO","NO","NORMAL","PASS","not_required","PASS","NONE","canonical-v1.0.0","Structurally eligible for a later separately authorized activation review; this package keeps it staged and not public."
"CANONICAL-000300","a8ddf788-ca38-4c45-a032-6cbe3317663e","Bilgisayar & Tablet > Veri Depolama","2","YES","YES","YES","LEAF_ASSIGNABLE_CANDIDATE","YES","NO","NO","NORMAL","PASS","not_required","PASS","NONE","canonical-v1.0.0","Structurally eligible for a later separately authorized activation review; this package keeps it staged and not public."
"CANONICAL-000301","00084e98-e0ba-494a-8c19-8fa57272abd3","Bilgisayar & Tablet > Klavye, Mouse & Çevre Birimleri","2","YES","YES","YES","LEAF_ASSIGNABLE_CANDIDATE","YES","NO","NO","NORMAL","PASS","not_required","PASS","NONE","canonical-v1.0.0","Structurally eligible for a later separately authorized activation review; this package keeps it staged and not public."
"CANONICAL-000302","01b7629f-9397-49d7-9bf7-e2218f3f25fd","Bilgisayar & Tablet > Bilgisayar Aksesuarları","2","YES","YES","YES","LEAF_ASSIGNABLE_CANDIDATE","YES","NO","NO","NORMAL","PASS","not_required","PASS","NONE","canonical-v1.0.0","Structurally eligible for a later separately authorized activation review; this package keeps it staged and not public."
"CANONICAL-000303","9562acb3-4406-4819-8653-d25bbd5751d1","Bilgisayar & Tablet > Yazıcı, Tarayıcı & Sarf Malzemeleri","2","YES","YES","YES","LEAF_ASSIGNABLE_CANDIDATE","YES","NO","NO","NORMAL","PASS","not_required","PASS","NONE","canonical-v1.0.0","Structurally eligible for a later separately authorized activation review; this package keeps it staged and not public."
"CANONICAL-000304","412ea590-9820-4621-8260-e5dab6d8c70f","Bilgisayar & Tablet > Ağ & İnternet Ürünleri","2","YES","YES","YES","LEAF_ASSIGNABLE_CANDIDATE","YES","NO","NO","NORMAL","PASS","not_required","PASS","NONE","canonical-v1.0.0","Structurally eligible for a later separately authorized activation review; this package keeps it staged and not public."
"CANONICAL-000305","49b1fa71-f885-4e5f-86dc-66f32f7687a5","Beyaz Eşya & Ev Aletleri","1","NO","YES","YES","CONTAINER_NOT_ASSIGNABLE","NO","NO","NO","NORMAL","PASS","not_required","PASS","STRUCTURAL_CONTAINER","canonical-v1.0.0","No public/pilot activation candidate in the canonical source; this package keeps it staged and fail-closed."
"CANONICAL-000306","bac8a865-7f7e-455e-984d-e44fd2803ccc","Beyaz Eşya & Ev Aletleri > Soğutma & Gıda Saklama Cihazları","2","NO","YES","YES","CONTAINER_NOT_ASSIGNABLE","NO","NO","NO","NORMAL","PASS","pending","FAIL_CLOSED","PROFESSIONAL_REVIEW_CHAIN=Beyaz Eşya & Ev Aletleri > Soğutma & Gıda Saklama Cihazları","canonical-v1.0.0","No public/pilot activation candidate in the canonical source; this package keeps it staged and fail-closed."
"CANONICAL-000307","3cc0b406-2b02-4df5-a7c4-fc4445a9627f","Beyaz Eşya & Ev Aletleri > Soğutma & Gıda Saklama Cihazları > Buzdolapları","3","NO","YES","YES","CONTAINER_NOT_ASSIGNABLE","NO","NO","NO","NORMAL","PASS","pending","FAIL_CLOSED","PROFESSIONAL_REVIEW_CHAIN=Beyaz Eşya & Ev Aletleri > Soğutma & Gıda Saklama Cihazları | Beyaz Eşya & Ev Aletleri > Soğutma & Gıda Saklama Cihazları > Buzdolapları","canonical-v1.0.0","No public/pilot activation candidate in the canonical source; this package keeps it staged and fail-closed."
"CANONICAL-000308","737d495e-c2a0-4011-b808-65dc8cfb0ecf","Beyaz Eşya & Ev Aletleri > Soğutma & Gıda Saklama Cihazları > Buzdolapları > Üstten Donduruculu Buzdolapları","4","YES","YES","YES","PROFESSIONAL_REVIEW","NO","NO","NO","NORMAL","PASS","pending","FAIL_CLOSED","PROFESSIONAL_REVIEW_CHAIN=Beyaz Eşya & Ev Aletleri > Soğutma & Gıda Saklama Cihazları | Beyaz Eşya & Ev Aletleri > Soğutma & Gıda Saklama Cihazları > Buzdolapları | Beyaz Eşya & Ev Aletleri > Soğutma & Gıda Saklama Cihazları > Buzdolapları > Üstten Donduruculu Buzdolapları","canonical-v1.0.0","No public/pilot activation candidate in the canonical source; this package keeps it staged and fail-closed."
"CANONICAL-000309","1bbee204-d598-4400-af74-5c542cfec6bd","Beyaz Eşya & Ev Aletleri > Soğutma & Gıda Saklama Cihazları > Buzdolapları > Alttan Donduruculu & Kombi Buzdolapları","4","YES","YES","YES","PROFESSIONAL_REVIEW","NO","NO","NO","NORMAL","PASS","pending","FAIL_CLOSED","PROFESSIONAL_REVIEW_CHAIN=Beyaz Eşya & Ev Aletleri > Soğutma & Gıda Saklama Cihazları | Beyaz Eşya & Ev Aletleri > Soğutma & Gıda Saklama Cihazları > Buzdolapları | Beyaz Eşya & Ev Aletleri > Soğutma & Gıda Saklama Cihazları > Buzdolapları > Alttan Donduruculu & Kombi Buzdolapları","canonical-v1.0.0","No public/pilot activation candidate in the canonical source; this package keeps it staged and fail-closed."
"CANONICAL-000310","720ecb16-589a-4199-b677-9e6ae6ef4229","Beyaz Eşya & Ev Aletleri > Soğutma & Gıda Saklama Cihazları > Buzdolapları > Gardırop Tipi Buzdolapları","4","YES","YES","YES","PROFESSIONAL_REVIEW","NO","NO","NO","NORMAL","PASS","pending","FAIL_CLOSED","PROFESSIONAL_REVIEW_CHAIN=Beyaz Eşya & Ev Aletleri > Soğutma & Gıda Saklama Cihazları | Beyaz Eşya & Ev Aletleri > Soğutma & Gıda Saklama Cihazları > Buzdolapları | Beyaz Eşya & Ev Aletleri > Soğutma & Gıda Saklama Cihazları > Buzdolapları > Gardırop Tipi Buzdolapları","canonical-v1.0.0","No public/pilot activation candidate in the canonical source; this package keeps it staged and fail-closed."
"CANONICAL-000311","4a73f478-fc28-40c9-bed1-b4832768be48","Beyaz Eşya & Ev Aletleri > Soğutma & Gıda Saklama Cihazları > Buzdolapları > Mini Buzdolapları","4","YES","YES","YES","PROFESSIONAL_REVIEW","NO","NO","NO","NORMAL","PASS","pending","FAIL_CLOSED","PROFESSIONAL_REVIEW_CHAIN=Beyaz Eşya & Ev Aletleri > Soğutma & Gıda Saklama Cihazları | Beyaz Eşya & Ev Aletleri > Soğutma & Gıda Saklama Cihazları > Buzdolapları | Beyaz Eşya & Ev Aletleri > Soğutma & Gıda Saklama Cihazları > Buzdolapları > Mini Buzdolapları","canonical-v1.0.0","No public/pilot activation candidate in the canonical source; this package keeps it staged and fail-closed."
"CANONICAL-000312","2cd349e8-7cf9-4efc-ab91-1c1ae2d41024","Beyaz Eşya & Ev Aletleri > Soğutma & Gıda Saklama Cihazları > Derin Dondurucular","3","NO","YES","YES","CONTAINER_NOT_ASSIGNABLE","NO","NO","NO","NORMAL","PASS","pending","FAIL_CLOSED","PROFESSIONAL_REVIEW_CHAIN=Beyaz Eşya & Ev Aletleri > Soğutma & Gıda Saklama Cihazları | Beyaz Eşya & Ev Aletleri > Soğutma & Gıda Saklama Cihazları > Derin Dondurucular","canonical-v1.0.0","No public/pilot activation candidate in the canonical source; this package keeps it staged and fail-closed."
"CANONICAL-000313","11ba2b3d-d036-4fb3-9e35-b0facf47b0ca","Beyaz Eşya & Ev Aletleri > Soğutma & Gıda Saklama Cihazları > Derin Dondurucular > Çekmeceli Derin Dondurucular","4","YES","YES","YES","PROFESSIONAL_REVIEW","NO","NO","NO","NORMAL","PASS","pending","FAIL_CLOSED","PROFESSIONAL_REVIEW_CHAIN=Beyaz Eşya & Ev Aletleri > Soğutma & Gıda Saklama Cihazları | Beyaz Eşya & Ev Aletleri > Soğutma & Gıda Saklama Cihazları > Derin Dondurucular | Beyaz Eşya & Ev Aletleri > Soğutma & Gıda Saklama Cihazları > Derin Dondurucular > Çekmeceli Derin Dondurucular","canonical-v1.0.0","No public/pilot activation candidate in the canonical source; this package keeps it staged and fail-closed."
"CANONICAL-000314","2115ff9b-201c-4c89-af3c-c43e44cf80bc","Beyaz Eşya & Ev Aletleri > Soğutma & Gıda Saklama Cihazları > Derin Dondurucular > Sandık Tipi Derin Dondurucular","4","YES","YES","YES","PROFESSIONAL_REVIEW","NO","NO","NO","NORMAL","PASS","pending","FAIL_CLOSED","PROFESSIONAL_REVIEW_CHAIN=Beyaz Eşya & Ev Aletleri > Soğutma & Gıda Saklama Cihazları | Beyaz Eşya & Ev Aletleri > Soğutma & Gıda Saklama Cihazları > Derin Dondurucular | Beyaz Eşya & Ev Aletleri > Soğutma & Gıda Saklama Cihazları > Derin Dondurucular > Sandık Tipi Derin Dondurucular","canonical-v1.0.0","No public/pilot activation candidate in the canonical source; this package keeps it staged and fail-closed."
"CANONICAL-000315","068a9a1e-55a4-46c3-a09c-25b19cf9717d","Beyaz Eşya & Ev Aletleri > Soğutma & Gıda Saklama Cihazları > İçecek & Şarap Soğutucuları","3","YES","YES","YES","PROFESSIONAL_REVIEW","NO","NO","NO","NORMAL","PASS","pending","FAIL_CLOSED","PROFESSIONAL_REVIEW_CHAIN=Beyaz Eşya & Ev Aletleri > Soğutma & Gıda Saklama Cihazları | Beyaz Eşya & Ev Aletleri > Soğutma & Gıda Saklama Cihazları > İçecek & Şarap Soğutucuları","canonical-v1.0.0","No public/pilot activation candidate in the canonical source; this package keeps it staged and fail-closed."
"CANONICAL-000316","89d9bc07-dbd3-408d-b177-4e845581d05b","Beyaz Eşya & Ev Aletleri > Soğutma & Gıda Saklama Cihazları > Su Sebilleri","3","YES","YES","YES","PROFESSIONAL_REVIEW","NO","NO","NO","NORMAL","PASS","pending","FAIL_CLOSED","PROFESSIONAL_REVIEW_CHAIN=Beyaz Eşya & Ev Aletleri > Soğutma & Gıda Saklama Cihazları | Beyaz Eşya & Ev Aletleri > Soğutma & Gıda Saklama Cihazları > Su Sebilleri","canonical-v1.0.0","No public/pilot activation candidate in the canonical source; this package keeps it staged and fail-closed."
"CANONICAL-000317","20546a65-480f-45cb-9a23-a134b52bdf53","Beyaz Eşya & Ev Aletleri > Çamaşır & Bulaşık Bakım Cihazları","2","NO","YES","YES","CONTAINER_NOT_ASSIGNABLE","NO","NO","NO","NORMAL","PASS","pending","FAIL_CLOSED","PROFESSIONAL_REVIEW_CHAIN=Beyaz Eşya & Ev Aletleri > Çamaşır & Bulaşık Bakım Cihazları","canonical-v1.0.0","No public/pilot activation candidate in the canonical source; this package keeps it staged and fail-closed."
"CANONICAL-000318","d7b12547-e998-4c3e-a815-43829e7f8172","Beyaz Eşya & Ev Aletleri > Çamaşır & Bulaşık Bakım Cihazları > Çamaşır Makineleri","3","YES","YES","YES","PROFESSIONAL_REVIEW","NO","NO","NO","NORMAL","PASS","pending","FAIL_CLOSED","PROFESSIONAL_REVIEW_CHAIN=Beyaz Eşya & Ev Aletleri > Çamaşır & Bulaşık Bakım Cihazları | Beyaz Eşya & Ev Aletleri > Çamaşır & Bulaşık Bakım Cihazları > Çamaşır Makineleri","canonical-v1.0.0","No public/pilot activation candidate in the canonical source; this package keeps it staged and fail-closed."
"CANONICAL-000319","c7ba0083-343f-44de-9675-97d050b0d295","Beyaz Eşya & Ev Aletleri > Çamaşır & Bulaşık Bakım Cihazları > Kurutma Makineleri","3","YES","YES","YES","PROFESSIONAL_REVIEW","NO","NO","NO","NORMAL","PASS","pending","FAIL_CLOSED","PROFESSIONAL_REVIEW_CHAIN=Beyaz Eşya & Ev Aletleri > Çamaşır & Bulaşık Bakım Cihazları | Beyaz Eşya & Ev Aletleri > Çamaşır & Bulaşık Bakım Cihazları > Kurutma Makineleri","canonical-v1.0.0","No public/pilot activation candidate in the canonical source; this package keeps it staged and fail-closed."
"CANONICAL-000320","737c073f-40ef-4fa9-a58f-f7108643ca9a","Beyaz Eşya & Ev Aletleri > Çamaşır & Bulaşık Bakım Cihazları > Yıkamalı Kurutma Makineleri","3","YES","YES","YES","PROFESSIONAL_REVIEW","NO","NO","NO","NORMAL","PASS","pending","FAIL_CLOSED","PROFESSIONAL_REVIEW_CHAIN=Beyaz Eşya & Ev Aletleri > Çamaşır & Bulaşık Bakım Cihazları | Beyaz Eşya & Ev Aletleri > Çamaşır & Bulaşık Bakım Cihazları > Yıkamalı Kurutma Makineleri","canonical-v1.0.0","No public/pilot activation candidate in the canonical source; this package keeps it staged and fail-closed."
"CANONICAL-000321","a3b7d5cf-1ee6-4089-821a-2ff56af50830","Beyaz Eşya & Ev Aletleri > Çamaşır & Bulaşık Bakım Cihazları > Bulaşık Makineleri","3","YES","YES","YES","PROFESSIONAL_REVIEW","NO","NO","NO","NORMAL","PASS","pending","FAIL_CLOSED","PROFESSIONAL_REVIEW_CHAIN=Beyaz Eşya & Ev Aletleri > Çamaşır & Bulaşık Bakım Cihazları | Beyaz Eşya & Ev Aletleri > Çamaşır & Bulaşık Bakım Cihazları > Bulaşık Makineleri","canonical-v1.0.0","No public/pilot activation candidate in the canonical source; this package keeps it staged and fail-closed."
"CANONICAL-000322","5e5462a6-cd78-4771-a4ee-c3529b8b3a7c","Beyaz Eşya & Ev Aletleri > Büyük Pişirme Cihazları","2","NO","YES","YES","CONTAINER_NOT_ASSIGNABLE","NO","NO","NO","REGULATED","FAIL_CLOSED","pending","FAIL_CLOSED","POLICY_CHAIN=Beyaz Eşya & Ev Aletleri > Büyük Pişirme Cihazları:REGULATED; PROFESSIONAL_REVIEW_CHAIN=Beyaz Eşya & Ev Aletleri > Büyük Pişirme Cihazları","canonical-v1.0.0","No public/pilot activation candidate in the canonical source; this package keeps it staged and fail-closed."
"CANONICAL-000323","950993a8-1448-4e04-acfd-d1c8b3513741","Beyaz Eşya & Ev Aletleri > Büyük Pişirme Cihazları > Fırınlar","3","YES","YES","YES","POLICY_BLOCKED","NO","NO","NO","NORMAL","FAIL_CLOSED","pending","FAIL_CLOSED","POLICY_CHAIN=Beyaz Eşya & Ev Aletleri > Büyük Pişirme Cihazları:REGULATED; PROFESSIONAL_REVIEW_CHAIN=Beyaz Eşya & Ev Aletleri > Büyük Pişirme Cihazları | Beyaz Eşya & Ev Aletleri > Büyük Pişirme Cihazları > Fırınlar","canonical-v1.0.0","No public/pilot activation candidate in the canonical source; this package keeps it staged and fail-closed."
"CANONICAL-000324","0d2de97f-fdc2-4e99-8542-66ad67418436","Beyaz Eşya & Ev Aletleri > Büyük Pişirme Cihazları > Ocaklar","3","YES","YES","YES","POLICY_BLOCKED","NO","NO","NO","REGULATED","FAIL_CLOSED","pending","FAIL_CLOSED","POLICY_CHAIN=Beyaz Eşya & Ev Aletleri > Büyük Pişirme Cihazları:REGULATED | Beyaz Eşya & Ev Aletleri > Büyük Pişirme Cihazları > Ocaklar:REGULATED; PROFESSIONAL_REVIEW_CHAIN=Beyaz Eşya & Ev Aletleri > Büyük Pişirme Cihazları | Beyaz Eşya & Ev Aletleri > Büyük Pişirme Cihazları > Ocaklar","canonical-v1.0.0","No public/pilot activation candidate in the canonical source; this package keeps it staged and fail-closed."
"CANONICAL-000325","8c9712ea-ec27-4bfa-8a6f-5bba33dd8b0d","Beyaz Eşya & Ev Aletleri > Büyük Pişirme Cihazları > Mikrodalga Fırınlar","3","YES","YES","YES","POLICY_BLOCKED","NO","NO","NO","NORMAL","FAIL_CLOSED","pending","FAIL_CLOSED","POLICY_CHAIN=Beyaz Eşya & Ev Aletleri > Büyük Pişirme Cihazları:REGULATED; PROFESSIONAL_REVIEW_CHAIN=Beyaz Eşya & Ev Aletleri > Büyük Pişirme Cihazları | Beyaz Eşya & Ev Aletleri > Büyük Pişirme Cihazları > Mikrodalga Fırınlar","canonical-v1.0.0","No public/pilot activation candidate in the canonical source; this package keeps it staged and fail-closed."
"CANONICAL-000326","cf198619-4448-47c8-8536-d8ce2b62a19d","Beyaz Eşya & Ev Aletleri > Büyük Pişirme Cihazları > Davlumbaz & Aspiratörler","3","YES","YES","YES","POLICY_BLOCKED","NO","NO","NO","NORMAL","FAIL_CLOSED","pending","FAIL_CLOSED","POLICY_CHAIN=Beyaz Eşya & Ev Aletleri > Büyük Pişirme Cihazları:REGULATED; PROFESSIONAL_REVIEW_CHAIN=Beyaz Eşya & Ev Aletleri > Büyük Pişirme Cihazları | Beyaz Eşya & Ev Aletleri > Büyük Pişirme Cihazları > Davlumbaz & Aspiratörler","canonical-v1.0.0","No public/pilot activation candidate in the canonical source; this package keeps it staged and fail-closed."
"CANONICAL-000327","40ff56bd-8273-4257-9a42-9dfd1c48be33","Beyaz Eşya & Ev Aletleri > Büyük Pişirme Cihazları > Bağımsız Kuzine & Pişiriciler","3","YES","YES","YES","POLICY_BLOCKED","NO","NO","NO","REGULATED","FAIL_CLOSED","pending","FAIL_CLOSED","POLICY_CHAIN=Beyaz Eşya & Ev Aletleri > Büyük Pişirme Cihazları:REGULATED | Beyaz Eşya & Ev Aletleri > Büyük Pişirme Cihazları > Bağımsız Kuzine & Pişiriciler:REGULATED; PROFESSIONAL_REVIEW_CHAIN=Beyaz Eşya & Ev Aletleri > Büyük Pişirme Cihazları | Beyaz Eşya & Ev Aletleri > Büyük Pişirme Cihazları > Bağımsız Kuzine & Pişiriciler","canonical-v1.0.0","No public/pilot activation candidate in the canonical source; this package keeps it staged and fail-closed."
"CANONICAL-000328","49df9ddf-1358-4932-ac9a-739eb82ea0b3","Beyaz Eşya & Ev Aletleri > Küçük Mutfak Aletleri","2","NO","YES","YES","CONTAINER_NOT_ASSIGNABLE","NO","NO","NO","NORMAL","PASS","pending","FAIL_CLOSED","PROFESSIONAL_REVIEW_CHAIN=Beyaz Eşya & Ev Aletleri > Küçük Mutfak Aletleri","canonical-v1.0.0","No public/pilot activation candidate in the canonical source; this package keeps it staged and fail-closed."
"CANONICAL-000329","be122801-465b-44f8-8655-647803551362","Beyaz Eşya & Ev Aletleri > Küçük Mutfak Aletleri > Çay & Kahve Hazırlama","3","NO","YES","YES","CONTAINER_NOT_ASSIGNABLE","NO","NO","NO","NORMAL","PASS","pending","FAIL_CLOSED","PROFESSIONAL_REVIEW_CHAIN=Beyaz Eşya & Ev Aletleri > Küçük Mutfak Aletleri | Beyaz Eşya & Ev Aletleri > Küçük Mutfak Aletleri > Çay & Kahve Hazırlama","canonical-v1.0.0","No public/pilot activation candidate in the canonical source; this package keeps it staged and fail-closed."
"CANONICAL-000330","13606534-902d-48ea-af62-7fb6503561a2","Beyaz Eşya & Ev Aletleri > Küçük Mutfak Aletleri > Çay & Kahve Hazırlama > Çay Makineleri","4","YES","YES","YES","PROFESSIONAL_REVIEW","NO","NO","NO","NORMAL","PASS","pending","FAIL_CLOSED","PROFESSIONAL_REVIEW_CHAIN=Beyaz Eşya & Ev Aletleri > Küçük Mutfak Aletleri | Beyaz Eşya & Ev Aletleri > Küçük Mutfak Aletleri > Çay & Kahve Hazırlama | Beyaz Eşya & Ev Aletleri > Küçük Mutfak Aletleri > Çay & Kahve Hazırlama > Çay Makineleri","canonical-v1.0.0","No public/pilot activation candidate in the canonical source; this package keeps it staged and fail-closed."
"CANONICAL-000331","61bf1dc6-76ef-4920-8a2b-08c54b193432","Beyaz Eşya & Ev Aletleri > Küçük Mutfak Aletleri > Çay & Kahve Hazırlama > Türk Kahvesi Makineleri","4","YES","YES","YES","PROFESSIONAL_REVIEW","NO","NO","NO","NORMAL","PASS","pending","FAIL_CLOSED","PROFESSIONAL_REVIEW_CHAIN=Beyaz Eşya & Ev Aletleri > Küçük Mutfak Aletleri | Beyaz Eşya & Ev Aletleri > Küçük Mutfak Aletleri > Çay & Kahve Hazırlama | Beyaz Eşya & Ev Aletleri > Küçük Mutfak Aletleri > Çay & Kahve Hazırlama > Türk Kahvesi Makineleri","canonical-v1.0.0","No public/pilot activation candidate in the canonical source; this package keeps it staged and fail-closed."
"CANONICAL-000332","d6ffac07-eb21-41c3-ad1e-071eada1afa7","Beyaz Eşya & Ev Aletleri > Küçük Mutfak Aletleri > Çay & Kahve Hazırlama > Filtre Kahve Makineleri","4","YES","YES","YES","PROFESSIONAL_REVIEW","NO","NO","NO","NORMAL","PASS","pending","FAIL_CLOSED","PROFESSIONAL_REVIEW_CHAIN=Beyaz Eşya & Ev Aletleri > Küçük Mutfak Aletleri | Beyaz Eşya & Ev Aletleri > Küçük Mutfak Aletleri > Çay & Kahve Hazırlama | Beyaz Eşya & Ev Aletleri > Küçük Mutfak Aletleri > Çay & Kahve Hazırlama > Filtre Kahve Makineleri","canonical-v1.0.0","No public/pilot activation candidate in the canonical source; this package keeps it staged and fail-closed."
"CANONICAL-000333","2a1aae83-1781-4c46-87f7-d05214449d1a","Beyaz Eşya & Ev Aletleri > Küçük Mutfak Aletleri > Çay & Kahve Hazırlama > Espresso Makineleri","4","YES","YES","YES","PROFESSIONAL_REVIEW","NO","NO","NO","NORMAL","PASS","pending","FAIL_CLOSED","PROFESSIONAL_REVIEW_CHAIN=Beyaz Eşya & Ev Aletleri > Küçük Mutfak Aletleri | Beyaz Eşya & Ev Aletleri > Küçük Mutfak Aletleri > Çay & Kahve Hazırlama | Beyaz Eşya & Ev Aletleri > Küçük Mutfak Aletleri > Çay & Kahve Hazırlama > Espresso Makineleri","canonical-v1.0.0","No public/pilot activation candidate in the canonical source; this package keeps it staged and fail-closed."
"CANONICAL-000334","09108152-9e20-42aa-8f56-9da999eb42c8","Beyaz Eşya & Ev Aletleri > Küçük Mutfak Aletleri > Blender, Mikser & Doğrayıcılar","3","NO","YES","YES","CONTAINER_NOT_ASSIGNABLE","NO","NO","NO","NORMAL","PASS","pending","FAIL_CLOSED","PROFESSIONAL_REVIEW_CHAIN=Beyaz Eşya & Ev Aletleri > Küçük Mutfak Aletleri | Beyaz Eşya & Ev Aletleri > Küçük Mutfak Aletleri > Blender, Mikser & Doğrayıcılar","canonical-v1.0.0","No public/pilot activation candidate in the canonical source; this package keeps it staged and fail-closed."
"CANONICAL-000335","436f4aba-1f82-4e64-92e8-f839e8ff67c6","Beyaz Eşya & Ev Aletleri > Küçük Mutfak Aletleri > Blender, Mikser & Doğrayıcılar > Blenderlar","4","YES","YES","YES","PROFESSIONAL_REVIEW","NO","NO","NO","NORMAL","PASS","pending","FAIL_CLOSED","PROFESSIONAL_REVIEW_CHAIN=Beyaz Eşya & Ev Aletleri > Küçük Mutfak Aletleri | Beyaz Eşya & Ev Aletleri > Küçük Mutfak Aletleri > Blender, Mikser & Doğrayıcılar | Beyaz Eşya & Ev Aletleri > Küçük Mutfak Aletleri > Blender, Mikser & Doğrayıcılar > Blenderlar","canonical-v1.0.0","No public/pilot activation candidate in the canonical source; this package keeps it staged and fail-closed."
"CANONICAL-000336","42c13797-1622-408d-a343-9becb54cc9ba","Beyaz Eşya & Ev Aletleri > Küçük Mutfak Aletleri > Blender, Mikser & Doğrayıcılar > Mikserler","4","YES","YES","YES","PROFESSIONAL_REVIEW","NO","NO","NO","NORMAL","PASS","pending","FAIL_CLOSED","PROFESSIONAL_REVIEW_CHAIN=Beyaz Eşya & Ev Aletleri > Küçük Mutfak Aletleri | Beyaz Eşya & Ev Aletleri > Küçük Mutfak Aletleri > Blender, Mikser & Doğrayıcılar | Beyaz Eşya & Ev Aletleri > Küçük Mutfak Aletleri > Blender, Mikser & Doğrayıcılar > Mikserler","canonical-v1.0.0","No public/pilot activation candidate in the canonical source; this package keeps it staged and fail-closed."
"CANONICAL-000337","bc5a4b78-b1d1-47f3-aa69-356629a8e9f0","Beyaz Eşya & Ev Aletleri > Küçük Mutfak Aletleri > Blender, Mikser & Doğrayıcılar > Doğrayıcılar","4","YES","YES","YES","PROFESSIONAL_REVIEW","NO","NO","NO","NORMAL","PASS","pending","FAIL_CLOSED","PROFESSIONAL_REVIEW_CHAIN=Beyaz Eşya & Ev Aletleri > Küçük Mutfak Aletleri | Beyaz Eşya & Ev Aletleri > Küçük Mutfak Aletleri > Blender, Mikser & Doğrayıcılar | Beyaz Eşya & Ev Aletleri > Küçük Mutfak Aletleri > Blender, Mikser & Doğrayıcılar > Doğrayıcılar","canonical-v1.0.0","No public/pilot activation candidate in the canonical source; this package keeps it staged and fail-closed."
"CANONICAL-000338","ba722eab-21f3-46e8-bf4a-4947bb7015ec","Beyaz Eşya & Ev Aletleri > Küçük Mutfak Aletleri > Tost & Izgara Makineleri","3","YES","YES","YES","PROFESSIONAL_REVIEW","NO","NO","NO","NORMAL","PASS","pending","FAIL_CLOSED","PROFESSIONAL_REVIEW_CHAIN=Beyaz Eşya & Ev Aletleri > Küçük Mutfak Aletleri | Beyaz Eşya & Ev Aletleri > Küçük Mutfak Aletleri > Tost & Izgara Makineleri","canonical-v1.0.0","No public/pilot activation candidate in the canonical source; this package keeps it staged and fail-closed."
"CANONICAL-000339","4ac3fecc-67aa-4b07-b299-ed1cfa227043","Beyaz Eşya & Ev Aletleri > Küçük Mutfak Aletleri > Airfryer & Fritözler","3","YES","YES","YES","PROFESSIONAL_REVIEW","NO","NO","NO","NORMAL","PASS","pending","FAIL_CLOSED","PROFESSIONAL_REVIEW_CHAIN=Beyaz Eşya & Ev Aletleri > Küçük Mutfak Aletleri | Beyaz Eşya & Ev Aletleri > Küçük Mutfak Aletleri > Airfryer & Fritözler","canonical-v1.0.0","No public/pilot activation candidate in the canonical source; this package keeps it staged and fail-closed."
"CANONICAL-000340","bf49d409-6de5-46c3-802c-2911e7618807","Beyaz Eşya & Ev Aletleri > Küçük Mutfak Aletleri > Mutfak Robotları","3","YES","YES","YES","PROFESSIONAL_REVIEW","NO","NO","NO","NORMAL","PASS","pending","FAIL_CLOSED","PROFESSIONAL_REVIEW_CHAIN=Beyaz Eşya & Ev Aletleri > Küçük Mutfak Aletleri | Beyaz Eşya & Ev Aletleri > Küçük Mutfak Aletleri > Mutfak Robotları","canonical-v1.0.0","No public/pilot activation candidate in the canonical source; this package keeps it staged and fail-closed."
"CANONICAL-000341","0934dbf2-a041-43ec-b644-d2f4b2f49b53","Beyaz Eşya & Ev Aletleri > Küçük Mutfak Aletleri > Su Isıtıcılar","3","YES","YES","YES","PROFESSIONAL_REVIEW","NO","NO","NO","NORMAL","PASS","pending","FAIL_CLOSED","PROFESSIONAL_REVIEW_CHAIN=Beyaz Eşya & Ev Aletleri > Küçük Mutfak Aletleri | Beyaz Eşya & Ev Aletleri > Küçük Mutfak Aletleri > Su Isıtıcılar","canonical-v1.0.0","No public/pilot activation candidate in the canonical source; this package keeps it staged and fail-closed."
"CANONICAL-000342","0d50ceb5-83a3-462c-bd06-e3261a297535","Beyaz Eşya & Ev Aletleri > Küçük Mutfak Aletleri > Meyve Sıkacağı & Katı Meyve Presleri","3","YES","YES","YES","PROFESSIONAL_REVIEW","NO","NO","NO","NORMAL","PASS","pending","FAIL_CLOSED","PROFESSIONAL_REVIEW_CHAIN=Beyaz Eşya & Ev Aletleri > Küçük Mutfak Aletleri | Beyaz Eşya & Ev Aletleri > Küçük Mutfak Aletleri > Meyve Sıkacağı & Katı Meyve Presleri","canonical-v1.0.0","No public/pilot activation candidate in the canonical source; this package keeps it staged and fail-closed."
"CANONICAL-000343","65539636-83a5-4a4b-ac9f-23a76474b028","Beyaz Eşya & Ev Aletleri > Küçük Mutfak Aletleri > Ekmek & Yoğurt Yapma Makineleri","3","YES","YES","YES","PROFESSIONAL_REVIEW","NO","NO","NO","NORMAL","PASS","pending","FAIL_CLOSED","PROFESSIONAL_REVIEW_CHAIN=Beyaz Eşya & Ev Aletleri > Küçük Mutfak Aletleri | Beyaz Eşya & Ev Aletleri > Küçük Mutfak Aletleri > Ekmek & Yoğurt Yapma Makineleri","canonical-v1.0.0","No public/pilot activation candidate in the canonical source; this package keeps it staged and fail-closed."
"CANONICAL-000344","a4439b09-0447-4e79-aafd-7d15b5feac70","Beyaz Eşya & Ev Aletleri > Temizlik Cihazları","2","NO","YES","YES","CONTAINER_NOT_ASSIGNABLE","NO","NO","NO","NORMAL","PASS","pending","FAIL_CLOSED","PROFESSIONAL_REVIEW_CHAIN=Beyaz Eşya & Ev Aletleri > Temizlik Cihazları","canonical-v1.0.0","No public/pilot activation candidate in the canonical source; this package keeps it staged and fail-closed."
"CANONICAL-000345","83b5e0b3-3dcb-46bc-bb39-343fa0875b8d","Beyaz Eşya & Ev Aletleri > Temizlik Cihazları > Elektrikli Süpürgeler","3","NO","YES","YES","CONTAINER_NOT_ASSIGNABLE","NO","NO","NO","NORMAL","PASS","pending","FAIL_CLOSED","PROFESSIONAL_REVIEW_CHAIN=Beyaz Eşya & Ev Aletleri > Temizlik Cihazları | Beyaz Eşya & Ev Aletleri > Temizlik Cihazları > Elektrikli Süpürgeler","canonical-v1.0.0","No public/pilot activation candidate in the canonical source; this package keeps it staged and fail-closed."
"CANONICAL-000346","a6d69c95-3f2d-49ce-b561-f2916efb91be","Beyaz Eşya & Ev Aletleri > Temizlik Cihazları > Elektrikli Süpürgeler > Robot Süpürgeler","4","YES","YES","YES","PROFESSIONAL_REVIEW","NO","NO","NO","NORMAL","PASS","pending","FAIL_CLOSED","PROFESSIONAL_REVIEW_CHAIN=Beyaz Eşya & Ev Aletleri > Temizlik Cihazları | Beyaz Eşya & Ev Aletleri > Temizlik Cihazları > Elektrikli Süpürgeler | Beyaz Eşya & Ev Aletleri > Temizlik Cihazları > Elektrikli Süpürgeler > Robot Süpürgeler","canonical-v1.0.0","No public/pilot activation candidate in the canonical source; this package keeps it staged and fail-closed."
"CANONICAL-000347","5da9a710-cfb4-4f8a-9bad-f7bb77d06465","Beyaz Eşya & Ev Aletleri > Temizlik Cihazları > Elektrikli Süpürgeler > Dikey Süpürgeler","4","YES","YES","YES","PROFESSIONAL_REVIEW","NO","NO","NO","NORMAL","PASS","pending","FAIL_CLOSED","PROFESSIONAL_REVIEW_CHAIN=Beyaz Eşya & Ev Aletleri > Temizlik Cihazları | Beyaz Eşya & Ev Aletleri > Temizlik Cihazları > Elektrikli Süpürgeler | Beyaz Eşya & Ev Aletleri > Temizlik Cihazları > Elektrikli Süpürgeler > Dikey Süpürgeler","canonical-v1.0.0","No public/pilot activation candidate in the canonical source; this package keeps it staged and fail-closed."
"CANONICAL-000348","acb320a2-0f86-43ca-92ca-365c6cbe401b","Beyaz Eşya & Ev Aletleri > Temizlik Cihazları > Elektrikli Süpürgeler > Yatay Süpürgeler","4","YES","YES","YES","PROFESSIONAL_REVIEW","NO","NO","NO","NORMAL","PASS","pending","FAIL_CLOSED","PROFESSIONAL_REVIEW_CHAIN=Beyaz Eşya & Ev Aletleri > Temizlik Cihazları | Beyaz Eşya & Ev Aletleri > Temizlik Cihazları > Elektrikli Süpürgeler | Beyaz Eşya & Ev Aletleri > Temizlik Cihazları > Elektrikli Süpürgeler > Yatay Süpürgeler","canonical-v1.0.0","No public/pilot activation candidate in the canonical source; this package keeps it staged and fail-closed."
"CANONICAL-000349","3f2d256d-36e4-48ba-9b71-0cbeb6ec6bac","Beyaz Eşya & Ev Aletleri > Temizlik Cihazları > Elektrikli Süpürgeler > Islak & Kuru Süpürgeler","4","YES","YES","YES","PROFESSIONAL_REVIEW","NO","NO","NO","NORMAL","PASS","pending","FAIL_CLOSED","PROFESSIONAL_REVIEW_CHAIN=Beyaz Eşya & Ev Aletleri > Temizlik Cihazları | Beyaz Eşya & Ev Aletleri > Temizlik Cihazları > Elektrikli Süpürgeler | Beyaz Eşya & Ev Aletleri > Temizlik Cihazları > Elektrikli Süpürgeler > Islak & Kuru Süpürgeler","canonical-v1.0.0","No public/pilot activation candidate in the canonical source; this package keeps it staged and fail-closed."
"CANONICAL-000350","5e00e675-f3b8-4ede-a7e7-a8951af9d18e","Beyaz Eşya & Ev Aletleri > Temizlik Cihazları > Buharlı Temizleyiciler","3","YES","YES","YES","PROFESSIONAL_REVIEW","NO","NO","NO","NORMAL","PASS","pending","FAIL_CLOSED","PROFESSIONAL_REVIEW_CHAIN=Beyaz Eşya & Ev Aletleri > Temizlik Cihazları | Beyaz Eşya & Ev Aletleri > Temizlik Cihazları > Buharlı Temizleyiciler","canonical-v1.0.0","No public/pilot activation candidate in the canonical source; this package keeps it staged and fail-closed."
"CANONICAL-000351","d5cd6688-ecc5-45c3-801e-7c3e1182d533","Beyaz Eşya & Ev Aletleri > Temizlik Cihazları > Halı & Koltuk Yıkama Cihazları","3","YES","YES","YES","PROFESSIONAL_REVIEW","NO","NO","NO","NORMAL","PASS","pending","FAIL_CLOSED","PROFESSIONAL_REVIEW_CHAIN=Beyaz Eşya & Ev Aletleri > Temizlik Cihazları | Beyaz Eşya & Ev Aletleri > Temizlik Cihazları > Halı & Koltuk Yıkama Cihazları","canonical-v1.0.0","No public/pilot activation candidate in the canonical source; this package keeps it staged and fail-closed."
"CANONICAL-000352","597a545c-26ab-480f-b8b5-9bfcd59211d8","Beyaz Eşya & Ev Aletleri > Temizlik Cihazları > Zemin Bakım & Parlatma Cihazları","3","YES","YES","YES","PROFESSIONAL_REVIEW","NO","NO","NO","NORMAL","PASS","pending","FAIL_CLOSED","PROFESSIONAL_REVIEW_CHAIN=Beyaz Eşya & Ev Aletleri > Temizlik Cihazları | Beyaz Eşya & Ev Aletleri > Temizlik Cihazları > Zemin Bakım & Parlatma Cihazları","canonical-v1.0.0","No public/pilot activation candidate in the canonical source; this package keeps it staged and fail-closed."
"CANONICAL-000353","7c4e59db-c2b6-4954-bf7c-74d53f18dc1f","Beyaz Eşya & Ev Aletleri > Temizlik Cihazları > Cam Temizleme Cihazları","3","YES","YES","YES","PROFESSIONAL_REVIEW","NO","NO","NO","NORMAL","PASS","pending","FAIL_CLOSED","PROFESSIONAL_REVIEW_CHAIN=Beyaz Eşya & Ev Aletleri > Temizlik Cihazları | Beyaz Eşya & Ev Aletleri > Temizlik Cihazları > Cam Temizleme Cihazları","canonical-v1.0.0","No public/pilot activation candidate in the canonical source; this package keeps it staged and fail-closed."
"CANONICAL-000354","639b6d85-0624-462c-802d-1b2d1b84a62e","Beyaz Eşya & Ev Aletleri > İklimlendirme & Hava Kalitesi","2","NO","YES","YES","CONTAINER_NOT_ASSIGNABLE","NO","NO","NO","LEGAL_REVIEW_REQUIRED","FAIL_CLOSED","pending","FAIL_CLOSED","POLICY_CHAIN=Beyaz Eşya & Ev Aletleri > İklimlendirme & Hava Kalitesi:LEGAL_REVIEW_REQUIRED; PROFESSIONAL_REVIEW_CHAIN=Beyaz Eşya & Ev Aletleri > İklimlendirme & Hava Kalitesi","canonical-v1.0.0","No public/pilot activation candidate in the canonical source; this package keeps it staged and fail-closed."
"CANONICAL-000355","75543354-900c-4565-8bac-a5a10cd21de2","Beyaz Eşya & Ev Aletleri > İklimlendirme & Hava Kalitesi > Klimalar","3","YES","YES","YES","POLICY_BLOCKED","NO","NO","NO","NORMAL","FAIL_CLOSED","pending","FAIL_CLOSED","POLICY_CHAIN=Beyaz Eşya & Ev Aletleri > İklimlendirme & Hava Kalitesi:LEGAL_REVIEW_REQUIRED; PROFESSIONAL_REVIEW_CHAIN=Beyaz Eşya & Ev Aletleri > İklimlendirme & Hava Kalitesi | Beyaz Eşya & Ev Aletleri > İklimlendirme & Hava Kalitesi > Klimalar","canonical-v1.0.0","No public/pilot activation candidate in the canonical source; this package keeps it staged and fail-closed."
"CANONICAL-000356","228773bf-b230-4422-8f35-771766f1fb52","Beyaz Eşya & Ev Aletleri > İklimlendirme & Hava Kalitesi > Vantilatör & Hava Soğutucular","3","YES","YES","YES","POLICY_BLOCKED","NO","NO","NO","NORMAL","FAIL_CLOSED","pending","FAIL_CLOSED","POLICY_CHAIN=Beyaz Eşya & Ev Aletleri > İklimlendirme & Hava Kalitesi:LEGAL_REVIEW_REQUIRED; PROFESSIONAL_REVIEW_CHAIN=Beyaz Eşya & Ev Aletleri > İklimlendirme & Hava Kalitesi | Beyaz Eşya & Ev Aletleri > İklimlendirme & Hava Kalitesi > Vantilatör & Hava Soğutucular","canonical-v1.0.0","No public/pilot activation candidate in the canonical source; this package keeps it staged and fail-closed."
"CANONICAL-000357","b981a183-638b-4920-a422-ad398aacc78e","Beyaz Eşya & Ev Aletleri > İklimlendirme & Hava Kalitesi > Elektrikli Isıtıcılar","3","YES","YES","YES","POLICY_BLOCKED","NO","NO","NO","REGULATED","FAIL_CLOSED","pending","FAIL_CLOSED","POLICY_CHAIN=Beyaz Eşya & Ev Aletleri > İklimlendirme & Hava Kalitesi:LEGAL_REVIEW_REQUIRED | Beyaz Eşya & Ev Aletleri > İklimlendirme & Hava Kalitesi > Elektrikli Isıtıcılar:REGULATED; PROFESSIONAL_REVIEW_CHAIN=Beyaz Eşya & Ev Aletleri > İklimlendirme & Hava Kalitesi | Beyaz Eşya & Ev Aletleri > İklimlendirme & Hava Kalitesi > Elektrikli Isıtıcılar","canonical-v1.0.0","No public/pilot activation candidate in the canonical source; this package keeps it staged and fail-closed."
"CANONICAL-000358","19cc0d46-eff6-4f94-82a5-3774e7f7d8e8","Beyaz Eşya & Ev Aletleri > İklimlendirme & Hava Kalitesi > Hava Temizleyiciler","3","YES","YES","YES","POLICY_BLOCKED","NO","NO","NO","LEGAL_REVIEW_REQUIRED","FAIL_CLOSED","pending","FAIL_CLOSED","POLICY_CHAIN=Beyaz Eşya & Ev Aletleri > İklimlendirme & Hava Kalitesi:LEGAL_REVIEW_REQUIRED | Beyaz Eşya & Ev Aletleri > İklimlendirme & Hava Kalitesi > Hava Temizleyiciler:LEGAL_REVIEW_REQUIRED; PROFESSIONAL_REVIEW_CHAIN=Beyaz Eşya & Ev Aletleri > İklimlendirme & Hava Kalitesi | Beyaz Eşya & Ev Aletleri > İklimlendirme & Hava Kalitesi > Hava Temizleyiciler","canonical-v1.0.0","No public/pilot activation candidate in the canonical source; this package keeps it staged and fail-closed."
"CANONICAL-000359","8fc6c816-7bab-4737-816f-f893e6fc5d00","Beyaz Eşya & Ev Aletleri > İklimlendirme & Hava Kalitesi > Nemlendirici & Nem Alıcılar","3","YES","YES","YES","POLICY_BLOCKED","NO","NO","NO","LEGAL_REVIEW_REQUIRED","FAIL_CLOSED","pending","FAIL_CLOSED","POLICY_CHAIN=Beyaz Eşya & Ev Aletleri > İklimlendirme & Hava Kalitesi:LEGAL_REVIEW_REQUIRED | Beyaz Eşya & Ev Aletleri > İklimlendirme & Hava Kalitesi > Nemlendirici & Nem Alıcılar:LEGAL_REVIEW_REQUIRED; PROFESSIONAL_REVIEW_CHAIN=Beyaz Eşya & Ev Aletleri > İklimlendirme & Hava Kalitesi | Beyaz Eşya & Ev Aletleri > İklimlendirme & Hava Kalitesi > Nemlendirici & Nem Alıcılar","canonical-v1.0.0","No public/pilot activation candidate in the canonical source; this package keeps it staged and fail-closed."
"CANONICAL-000360","ecfafb40-8d90-4c85-99fd-f7377f66289a","Beyaz Eşya & Ev Aletleri > Su Isıtma & Sıcak Su Cihazları","2","NO","YES","YES","CONTAINER_NOT_ASSIGNABLE","NO","NO","NO","REGULATED","FAIL_CLOSED","pending","FAIL_CLOSED","POLICY_CHAIN=Beyaz Eşya & Ev Aletleri > Su Isıtma & Sıcak Su Cihazları:REGULATED; PROFESSIONAL_REVIEW_CHAIN=Beyaz Eşya & Ev Aletleri > Su Isıtma & Sıcak Su Cihazları","canonical-v1.0.0","No public/pilot activation candidate in the canonical source; this package keeps it staged and fail-closed."
"CANONICAL-000361","a9b893a8-678c-4c67-bb5e-b623d578c854","Beyaz Eşya & Ev Aletleri > Su Isıtma & Sıcak Su Cihazları > Şofbenler","3","YES","YES","YES","POLICY_BLOCKED","NO","NO","NO","REGULATED","FAIL_CLOSED","pending","FAIL_CLOSED","POLICY_CHAIN=Beyaz Eşya & Ev Aletleri > Su Isıtma & Sıcak Su Cihazları:REGULATED | Beyaz Eşya & Ev Aletleri > Su Isıtma & Sıcak Su Cihazları > Şofbenler:REGULATED; PROFESSIONAL_REVIEW_CHAIN=Beyaz Eşya & Ev Aletleri > Su Isıtma & Sıcak Su Cihazları | Beyaz Eşya & Ev Aletleri > Su Isıtma & Sıcak Su Cihazları > Şofbenler","canonical-v1.0.0","No public/pilot activation candidate in the canonical source; this package keeps it staged and fail-closed."
"CANONICAL-000362","6beb2469-13ac-4b1a-93cc-31d5133167ba","Beyaz Eşya & Ev Aletleri > Su Isıtma & Sıcak Su Cihazları > Termosifonlar","3","YES","YES","YES","POLICY_BLOCKED","NO","NO","NO","REGULATED","FAIL_CLOSED","pending","FAIL_CLOSED","POLICY_CHAIN=Beyaz Eşya & Ev Aletleri > Su Isıtma & Sıcak Su Cihazları:REGULATED | Beyaz Eşya & Ev Aletleri > Su Isıtma & Sıcak Su Cihazları > Termosifonlar:REGULATED; PROFESSIONAL_REVIEW_CHAIN=Beyaz Eşya & Ev Aletleri > Su Isıtma & Sıcak Su Cihazları | Beyaz Eşya & Ev Aletleri > Su Isıtma & Sıcak Su Cihazları > Termosifonlar","canonical-v1.0.0","No public/pilot activation candidate in the canonical source; this package keeps it staged and fail-closed."
"CANONICAL-000363","dcdc6698-ba91-474a-b9a3-fba9e78e0b9a","Beyaz Eşya & Ev Aletleri > Su Isıtma & Sıcak Su Cihazları > Ani Sıcak Su Cihazları","3","YES","YES","YES","POLICY_BLOCKED","NO","NO","NO","REGULATED","FAIL_CLOSED","pending","FAIL_CLOSED","POLICY_CHAIN=Beyaz Eşya & Ev Aletleri > Su Isıtma & Sıcak Su Cihazları:REGULATED | Beyaz Eşya & Ev Aletleri > Su Isıtma & Sıcak Su Cihazları > Ani Sıcak Su Cihazları:REGULATED; PROFESSIONAL_REVIEW_CHAIN=Beyaz Eşya & Ev Aletleri > Su Isıtma & Sıcak Su Cihazları | Beyaz Eşya & Ev Aletleri > Su Isıtma & Sıcak Su Cihazları > Ani Sıcak Su Cihazları","canonical-v1.0.0","No public/pilot activation candidate in the canonical source; this package keeps it staged and fail-closed."
"CANONICAL-000364","80fd9626-03d7-4cc3-9331-983e467da07c","Beyaz Eşya & Ev Aletleri > Ütü & Tekstil Bakım Cihazları","2","NO","YES","YES","CONTAINER_NOT_ASSIGNABLE","NO","NO","NO","NORMAL","PASS","pending","FAIL_CLOSED","PROFESSIONAL_REVIEW_CHAIN=Beyaz Eşya & Ev Aletleri > Ütü & Tekstil Bakım Cihazları","canonical-v1.0.0","No public/pilot activation candidate in the canonical source; this package keeps it staged and fail-closed."
"CANONICAL-000365","0677f340-3533-4e47-a414-8ad15ccaba48","Beyaz Eşya & Ev Aletleri > Ütü & Tekstil Bakım Cihazları > Ütüler","3","YES","YES","YES","PROFESSIONAL_REVIEW","NO","NO","NO","NORMAL","PASS","pending","FAIL_CLOSED","PROFESSIONAL_REVIEW_CHAIN=Beyaz Eşya & Ev Aletleri > Ütü & Tekstil Bakım Cihazları | Beyaz Eşya & Ev Aletleri > Ütü & Tekstil Bakım Cihazları > Ütüler","canonical-v1.0.0","No public/pilot activation candidate in the canonical source; this package keeps it staged and fail-closed."
"CANONICAL-000366","e36ae0bc-c580-4358-bcfc-16201883b98c","Beyaz Eşya & Ev Aletleri > Ütü & Tekstil Bakım Cihazları > Buhar Kazanlı Ütüler","3","YES","YES","YES","PROFESSIONAL_REVIEW","NO","NO","NO","NORMAL","PASS","pending","FAIL_CLOSED","PROFESSIONAL_REVIEW_CHAIN=Beyaz Eşya & Ev Aletleri > Ütü & Tekstil Bakım Cihazları | Beyaz Eşya & Ev Aletleri > Ütü & Tekstil Bakım Cihazları > Buhar Kazanlı Ütüler","canonical-v1.0.0","No public/pilot activation candidate in the canonical source; this package keeps it staged and fail-closed."
"CANONICAL-000367","f0a9c0d9-0087-4a38-abc8-ff3494eef721","Beyaz Eşya & Ev Aletleri > Ütü & Tekstil Bakım Cihazları > Dikey Buharlı Düzleştiriciler","3","YES","YES","YES","PROFESSIONAL_REVIEW","NO","NO","NO","NORMAL","PASS","pending","FAIL_CLOSED","PROFESSIONAL_REVIEW_CHAIN=Beyaz Eşya & Ev Aletleri > Ütü & Tekstil Bakım Cihazları | Beyaz Eşya & Ev Aletleri > Ütü & Tekstil Bakım Cihazları > Dikey Buharlı Düzleştiriciler","canonical-v1.0.0","No public/pilot activation candidate in the canonical source; this package keeps it staged and fail-closed."
"CANONICAL-000368","784eeb64-1400-4c09-a28c-a0de585881ab","Beyaz Eşya & Ev Aletleri > Ütü & Tekstil Bakım Cihazları > Kumaş Tüy Temizleyiciler","3","YES","YES","YES","PROFESSIONAL_REVIEW","NO","NO","NO","NORMAL","PASS","pending","FAIL_CLOSED","PROFESSIONAL_REVIEW_CHAIN=Beyaz Eşya & Ev Aletleri > Ütü & Tekstil Bakım Cihazları | Beyaz Eşya & Ev Aletleri > Ütü & Tekstil Bakım Cihazları > Kumaş Tüy Temizleyiciler","canonical-v1.0.0","No public/pilot activation candidate in the canonical source; this package keeps it staged and fail-closed."
"CANONICAL-000369","ad36ba75-e714-417c-a8f5-68444521dab4","Beyaz Eşya & Ev Aletleri > Ütü & Tekstil Bakım Cihazları > Ev Tipi Dikiş Makineleri","3","YES","YES","YES","PROFESSIONAL_REVIEW","NO","NO","NO","NORMAL","PASS","pending","FAIL_CLOSED","PROFESSIONAL_REVIEW_CHAIN=Beyaz Eşya & Ev Aletleri > Ütü & Tekstil Bakım Cihazları | Beyaz Eşya & Ev Aletleri > Ütü & Tekstil Bakım Cihazları > Ev Tipi Dikiş Makineleri","canonical-v1.0.0","No public/pilot activation candidate in the canonical source; this package keeps it staged and fail-closed."
"CANONICAL-000370","7b4ed3a1-dfbd-49ec-aee2-36f1715ce98d","Beyaz Eşya & Ev Aletleri > Elektrikli Kişisel Bakım Cihazları","2","NO","YES","YES","CONTAINER_NOT_ASSIGNABLE","NO","NO","NO","LEGAL_REVIEW_REQUIRED","FAIL_CLOSED","pending","FAIL_CLOSED","POLICY_CHAIN=Beyaz Eşya & Ev Aletleri > Elektrikli Kişisel Bakım Cihazları:LEGAL_REVIEW_REQUIRED; PROFESSIONAL_REVIEW_CHAIN=Beyaz Eşya & Ev Aletleri > Elektrikli Kişisel Bakım Cihazları","canonical-v1.0.0","No public/pilot activation candidate in the canonical source; this package keeps it staged and fail-closed."
"CANONICAL-000371","cfbf2922-f25c-448a-847a-517a05340cb9","Beyaz Eşya & Ev Aletleri > Elektrikli Kişisel Bakım Cihazları > Saç Bakım Cihazları","3","NO","YES","YES","CONTAINER_NOT_ASSIGNABLE","NO","NO","NO","NORMAL","FAIL_CLOSED","pending","FAIL_CLOSED","POLICY_CHAIN=Beyaz Eşya & Ev Aletleri > Elektrikli Kişisel Bakım Cihazları:LEGAL_REVIEW_REQUIRED; PROFESSIONAL_REVIEW_CHAIN=Beyaz Eşya & Ev Aletleri > Elektrikli Kişisel Bakım Cihazları | Beyaz Eşya & Ev Aletleri > Elektrikli Kişisel Bakım Cihazları > Saç Bakım Cihazları","canonical-v1.0.0","No public/pilot activation candidate in the canonical source; this package keeps it staged and fail-closed."
"CANONICAL-000372","31ad1f00-0c95-4dc7-801c-bc66b6ba08c3","Beyaz Eşya & Ev Aletleri > Elektrikli Kişisel Bakım Cihazları > Saç Bakım Cihazları > Saç Kurutma Makineleri","4","YES","YES","YES","POLICY_BLOCKED","NO","NO","NO","NORMAL","FAIL_CLOSED","pending","FAIL_CLOSED","POLICY_CHAIN=Beyaz Eşya & Ev Aletleri > Elektrikli Kişisel Bakım Cihazları:LEGAL_REVIEW_REQUIRED; PROFESSIONAL_REVIEW_CHAIN=Beyaz Eşya & Ev Aletleri > Elektrikli Kişisel Bakım Cihazları | Beyaz Eşya & Ev Aletleri > Elektrikli Kişisel Bakım Cihazları > Saç Bakım Cihazları | Beyaz Eşya & Ev Aletleri > Elektrikli Kişisel Bakım Cihazları > Saç Bakım Cihazları > Saç Kurutma Makineleri","canonical-v1.0.0","No public/pilot activation candidate in the canonical source; this package keeps it staged and fail-closed."
"CANONICAL-000373","885ec0a1-b5a0-4067-a1ce-bdbb32af3024","Beyaz Eşya & Ev Aletleri > Elektrikli Kişisel Bakım Cihazları > Saç Bakım Cihazları > Saç Düzleştirici & Şekillendiriciler","4","YES","YES","YES","POLICY_BLOCKED","NO","NO","NO","NORMAL","FAIL_CLOSED","pending","FAIL_CLOSED","POLICY_CHAIN=Beyaz Eşya & Ev Aletleri > Elektrikli Kişisel Bakım Cihazları:LEGAL_REVIEW_REQUIRED; PROFESSIONAL_REVIEW_CHAIN=Beyaz Eşya & Ev Aletleri > Elektrikli Kişisel Bakım Cihazları | Beyaz Eşya & Ev Aletleri > Elektrikli Kişisel Bakım Cihazları > Saç Bakım Cihazları | Beyaz Eşya & Ev Aletleri > Elektrikli Kişisel Bakım Cihazları > Saç Bakım Cihazları > Saç Düzleştirici & Şekillendiriciler","canonical-v1.0.0","No public/pilot activation candidate in the canonical source; this package keeps it staged and fail-closed."
"CANONICAL-000374","bf644640-dc1e-4e65-a191-a03b18c928ae","Beyaz Eşya & Ev Aletleri > Elektrikli Kişisel Bakım Cihazları > Tıraş & Saç Kesme Cihazları","3","NO","YES","YES","CONTAINER_NOT_ASSIGNABLE","NO","NO","NO","NORMAL","FAIL_CLOSED","pending","FAIL_CLOSED","POLICY_CHAIN=Beyaz Eşya & Ev Aletleri > Elektrikli Kişisel Bakım Cihazları:LEGAL_REVIEW_REQUIRED; PROFESSIONAL_REVIEW_CHAIN=Beyaz Eşya & Ev Aletleri > Elektrikli Kişisel Bakım Cihazları | Beyaz Eşya & Ev Aletleri > Elektrikli Kişisel Bakım Cihazları > Tıraş & Saç Kesme Cihazları","canonical-v1.0.0","No public/pilot activation candidate in the canonical source; this package keeps it staged and fail-closed."
"CANONICAL-000375","202f3f37-2cdc-4557-be10-5c9eda588a69","Beyaz Eşya & Ev Aletleri > Elektrikli Kişisel Bakım Cihazları > Tıraş & Saç Kesme Cihazları > Tıraş Makineleri","4","YES","YES","YES","POLICY_BLOCKED","NO","NO","NO","NORMAL","FAIL_CLOSED","pending","FAIL_CLOSED","POLICY_CHAIN=Beyaz Eşya & Ev Aletleri > Elektrikli Kişisel Bakım Cihazları:LEGAL_REVIEW_REQUIRED; PROFESSIONAL_REVIEW_CHAIN=Beyaz Eşya & Ev Aletleri > Elektrikli Kişisel Bakım Cihazları | Beyaz Eşya & Ev Aletleri > Elektrikli Kişisel Bakım Cihazları > Tıraş & Saç Kesme Cihazları | Beyaz Eşya & Ev Aletleri > Elektrikli Kişisel Bakım Cihazları > Tıraş & Saç Kesme Cihazları > Tıraş Makineleri","canonical-v1.0.0","No public/pilot activation candidate in the canonical source; this package keeps it staged and fail-closed."
"CANONICAL-000376","a9645b6a-f54c-4307-bab5-6121334ce795","Beyaz Eşya & Ev Aletleri > Elektrikli Kişisel Bakım Cihazları > Tıraş & Saç Kesme Cihazları > Saç Kesme Makineleri","4","YES","YES","YES","POLICY_BLOCKED","NO","NO","NO","NORMAL","FAIL_CLOSED","pending","FAIL_CLOSED","POLICY_CHAIN=Beyaz Eşya & Ev Aletleri > Elektrikli Kişisel Bakım Cihazları:LEGAL_REVIEW_REQUIRED; PROFESSIONAL_REVIEW_CHAIN=Beyaz Eşya & Ev Aletleri > Elektrikli Kişisel Bakım Cihazları | Beyaz Eşya & Ev Aletleri > Elektrikli Kişisel Bakım Cihazları > Tıraş & Saç Kesme Cihazları | Beyaz Eşya & Ev Aletleri > Elektrikli Kişisel Bakım Cihazları > Tıraş & Saç Kesme Cihazları > Saç Kesme Makineleri","canonical-v1.0.0","No public/pilot activation candidate in the canonical source; this package keeps it staged and fail-closed."
"CANONICAL-000377","fc033620-f0db-4daa-b752-dfe82b997a93","Beyaz Eşya & Ev Aletleri > Elektrikli Kişisel Bakım Cihazları > Epilasyon Cihazları","3","YES","YES","YES","POLICY_BLOCKED","NO","NO","NO","NORMAL","FAIL_CLOSED","pending","FAIL_CLOSED","POLICY_CHAIN=Beyaz Eşya & Ev Aletleri > Elektrikli Kişisel Bakım Cihazları:LEGAL_REVIEW_REQUIRED; PROFESSIONAL_REVIEW_CHAIN=Beyaz Eşya & Ev Aletleri > Elektrikli Kişisel Bakım Cihazları | Beyaz Eşya & Ev Aletleri > Elektrikli Kişisel Bakım Cihazları > Epilasyon Cihazları","canonical-v1.0.0","No public/pilot activation candidate in the canonical source; this package keeps it staged and fail-closed."
"CANONICAL-000378","e8e62eb8-e997-4f8a-9222-32725409f618","Beyaz Eşya & Ev Aletleri > Elektrikli Kişisel Bakım Cihazları > Elektrikli Ağız Bakım Cihazları","3","NO","YES","YES","CONTAINER_NOT_ASSIGNABLE","NO","NO","NO","LEGAL_REVIEW_REQUIRED","FAIL_CLOSED","pending","FAIL_CLOSED","POLICY_CHAIN=Beyaz Eşya & Ev Aletleri > Elektrikli Kişisel Bakım Cihazları:LEGAL_REVIEW_REQUIRED | Beyaz Eşya & Ev Aletleri > Elektrikli Kişisel Bakım Cihazları > Elektrikli Ağız Bakım Cihazları:LEGAL_REVIEW_REQUIRED; PROFESSIONAL_REVIEW_CHAIN=Beyaz Eşya & Ev Aletleri > Elektrikli Kişisel Bakım Cihazları | Beyaz Eşya & Ev Aletleri > Elektrikli Kişisel Bakım Cihazları > Elektrikli Ağız Bakım Cihazları","canonical-v1.0.0","No public/pilot activation candidate in the canonical source; this package keeps it staged and fail-closed."
"CANONICAL-000379","2bd93802-f7b4-442f-94da-a1b2f6c2da07","Beyaz Eşya & Ev Aletleri > Elektrikli Kişisel Bakım Cihazları > Elektrikli Ağız Bakım Cihazları > Elektrikli Diş Fırçaları","4","YES","YES","YES","POLICY_BLOCKED","NO","NO","NO","NORMAL","FAIL_CLOSED","pending","FAIL_CLOSED","POLICY_CHAIN=Beyaz Eşya & Ev Aletleri > Elektrikli Kişisel Bakım Cihazları:LEGAL_REVIEW_REQUIRED | Beyaz Eşya & Ev Aletleri > Elektrikli Kişisel Bakım Cihazları > Elektrikli Ağız Bakım Cihazları:LEGAL_REVIEW_REQUIRED; PROFESSIONAL_REVIEW_CHAIN=Beyaz Eşya & Ev Aletleri > Elektrikli Kişisel Bakım Cihazları | Beyaz Eşya & Ev Aletleri > Elektrikli Kişisel Bakım Cihazları > Elektrikli Ağız Bakım Cihazları | Beyaz Eşya & Ev Aletleri > Elektrikli Kişisel Bakım Cihazları > Elektrikli Ağız Bakım Cihazları > Elektrikli Diş Fırçaları","canonical-v1.0.0","No public/pilot activation candidate in the canonical source; this package keeps it staged and fail-closed."
"CANONICAL-000380","8f84d623-4ab8-4ebe-ae7c-6ebf043cf2ee","Beyaz Eşya & Ev Aletleri > Elektrikli Kişisel Bakım Cihazları > Elektrikli Ağız Bakım Cihazları > Ağız Duşları","4","YES","YES","YES","POLICY_BLOCKED","NO","NO","NO","LEGAL_REVIEW_REQUIRED","FAIL_CLOSED","pending","FAIL_CLOSED","POLICY_CHAIN=Beyaz Eşya & Ev Aletleri > Elektrikli Kişisel Bakım Cihazları:LEGAL_REVIEW_REQUIRED | Beyaz Eşya & Ev Aletleri > Elektrikli Kişisel Bakım Cihazları > Elektrikli Ağız Bakım Cihazları:LEGAL_REVIEW_REQUIRED | Beyaz Eşya & Ev Aletleri > Elektrikli Kişisel Bakım Cihazları > Elektrikli Ağız Bakım Cihazları > Ağız Duşları:LEGAL_REVIEW_REQUIRED; PROFESSIONAL_REVIEW_CHAIN=Beyaz Eşya & Ev Aletleri > Elektrikli Kişisel Bakım Cihazları | Beyaz Eşya & Ev Aletleri > Elektrikli Kişisel Bakım Cihazları > Elektrikli Ağız Bakım Cihazları | Beyaz Eşya & Ev Aletleri > Elektrikli Kişisel Bakım Cihazları > Elektrikli Ağız Bakım Cihazları > Ağız Duşları","canonical-v1.0.0","No public/pilot activation candidate in the canonical source; this package keeps it staged and fail-closed."
"CANONICAL-000381","56737347-5ceb-4988-b797-8c27267b7179","Beyaz Eşya & Ev Aletleri > Elektrikli Kişisel Bakım Cihazları > Elektrikli El & Tırnak Bakım Cihazları","3","YES","YES","YES","POLICY_BLOCKED","NO","NO","NO","NORMAL","FAIL_CLOSED","pending","FAIL_CLOSED","POLICY_CHAIN=Beyaz Eşya & Ev Aletleri > Elektrikli Kişisel Bakım Cihazları:LEGAL_REVIEW_REQUIRED; PROFESSIONAL_REVIEW_CHAIN=Beyaz Eşya & Ev Aletleri > Elektrikli Kişisel Bakım Cihazları | Beyaz Eşya & Ev Aletleri > Elektrikli Kişisel Bakım Cihazları > Elektrikli El & Tırnak Bakım Cihazları","canonical-v1.0.0","No public/pilot activation candidate in the canonical source; this package keeps it staged and fail-closed."
"CANONICAL-000382","9ff620da-4fdd-4b11-84e1-c757a708b2d1","Beyaz Eşya & Ev Aletleri > Elektrikli Kişisel Bakım Cihazları > Masaj & Rahatlama Cihazları","3","YES","YES","YES","POLICY_BLOCKED","NO","NO","NO","LEGAL_REVIEW_REQUIRED","FAIL_CLOSED","pending","FAIL_CLOSED","POLICY_CHAIN=Beyaz Eşya & Ev Aletleri > Elektrikli Kişisel Bakım Cihazları:LEGAL_REVIEW_REQUIRED | Beyaz Eşya & Ev Aletleri > Elektrikli Kişisel Bakım Cihazları > Masaj & Rahatlama Cihazları:LEGAL_REVIEW_REQUIRED; PROFESSIONAL_REVIEW_CHAIN=Beyaz Eşya & Ev Aletleri > Elektrikli Kişisel Bakım Cihazları | Beyaz Eşya & Ev Aletleri > Elektrikli Kişisel Bakım Cihazları > Masaj & Rahatlama Cihazları","canonical-v1.0.0","No public/pilot activation candidate in the canonical source; this package keeps it staged and fail-closed."
"CANONICAL-000383","47da94ee-5945-41f6-a9dc-7c27b976fd90","Beyaz Eşya & Ev Aletleri > Ev Aleti Aksesuar, Filtre & Sarf Malzemeleri","2","NO","YES","YES","CONTAINER_NOT_ASSIGNABLE","NO","NO","NO","REGULATED","FAIL_CLOSED","pending","FAIL_CLOSED","POLICY_CHAIN=Beyaz Eşya & Ev Aletleri > Ev Aleti Aksesuar, Filtre & Sarf Malzemeleri:REGULATED; PROFESSIONAL_REVIEW_CHAIN=Beyaz Eşya & Ev Aletleri > Ev Aleti Aksesuar, Filtre & Sarf Malzemeleri","canonical-v1.0.0","No public/pilot activation candidate in the canonical source; this package keeps it staged and fail-closed."
"CANONICAL-000384","aaca4278-78f8-4b1e-ae85-cf37e28aa4e5","Beyaz Eşya & Ev Aletleri > Ev Aleti Aksesuar, Filtre & Sarf Malzemeleri > Süpürge Torbaları","3","YES","YES","YES","POLICY_BLOCKED","NO","NO","NO","NORMAL","FAIL_CLOSED","pending","FAIL_CLOSED","POLICY_CHAIN=Beyaz Eşya & Ev Aletleri > Ev Aleti Aksesuar, Filtre & Sarf Malzemeleri:REGULATED; PROFESSIONAL_REVIEW_CHAIN=Beyaz Eşya & Ev Aletleri > Ev Aleti Aksesuar, Filtre & Sarf Malzemeleri | Beyaz Eşya & Ev Aletleri > Ev Aleti Aksesuar, Filtre & Sarf Malzemeleri > Süpürge Torbaları","canonical-v1.0.0","No public/pilot activation candidate in the canonical source; this package keeps it staged and fail-closed."
"CANONICAL-000385","59369e0c-5a98-438d-964b-43b55eff4ab2","Beyaz Eşya & Ev Aletleri > Ev Aleti Aksesuar, Filtre & Sarf Malzemeleri > Kullanıcı Değişimli Filtreler","3","YES","YES","YES","POLICY_BLOCKED","NO","NO","NO","NORMAL","FAIL_CLOSED","pending","FAIL_CLOSED","POLICY_CHAIN=Beyaz Eşya & Ev Aletleri > Ev Aleti Aksesuar, Filtre & Sarf Malzemeleri:REGULATED; PROFESSIONAL_REVIEW_CHAIN=Beyaz Eşya & Ev Aletleri > Ev Aleti Aksesuar, Filtre & Sarf Malzemeleri | Beyaz Eşya & Ev Aletleri > Ev Aleti Aksesuar, Filtre & Sarf Malzemeleri > Kullanıcı Değişimli Filtreler","canonical-v1.0.0","No public/pilot activation candidate in the canonical source; this package keeps it staged and fail-closed."
"CANONICAL-000386","72a9e05c-ff60-41a4-8e0b-f99cc7febee1","Beyaz Eşya & Ev Aletleri > Ev Aleti Aksesuar, Filtre & Sarf Malzemeleri > Kullanıcı Değişimli Aparat & Başlıklar","3","YES","YES","YES","POLICY_BLOCKED","NO","NO","NO","NORMAL","FAIL_CLOSED","pending","FAIL_CLOSED","POLICY_CHAIN=Beyaz Eşya & Ev Aletleri > Ev Aleti Aksesuar, Filtre & Sarf Malzemeleri:REGULATED; PROFESSIONAL_REVIEW_CHAIN=Beyaz Eşya & Ev Aletleri > Ev Aleti Aksesuar, Filtre & Sarf Malzemeleri | Beyaz Eşya & Ev Aletleri > Ev Aleti Aksesuar, Filtre & Sarf Malzemeleri > Kullanıcı Değişimli Aparat & Başlıklar","canonical-v1.0.0","No public/pilot activation candidate in the canonical source; this package keeps it staged and fail-closed."
"CANONICAL-000387","35d7ec20-1250-4f68-b605-62f65e62ebca","Beyaz Eşya & Ev Aletleri > Ev Aleti Aksesuar, Filtre & Sarf Malzemeleri > Cihaz Bakım & Kireç Çözme Sarfları","3","YES","YES","YES","POLICY_BLOCKED","NO","NO","NO","REGULATED","FAIL_CLOSED","pending","FAIL_CLOSED","POLICY_CHAIN=Beyaz Eşya & Ev Aletleri > Ev Aleti Aksesuar, Filtre & Sarf Malzemeleri:REGULATED | Beyaz Eşya & Ev Aletleri > Ev Aleti Aksesuar, Filtre & Sarf Malzemeleri > Cihaz Bakım & Kireç Çözme Sarfları:REGULATED; PROFESSIONAL_REVIEW_CHAIN=Beyaz Eşya & Ev Aletleri > Ev Aleti Aksesuar, Filtre & Sarf Malzemeleri | Beyaz Eşya & Ev Aletleri > Ev Aleti Aksesuar, Filtre & Sarf Malzemeleri > Cihaz Bakım & Kireç Çözme Sarfları","canonical-v1.0.0","No public/pilot activation candidate in the canonical source; this package keeps it staged and fail-closed."
"CANONICAL-000388","9caef645-a290-44e5-8016-5c6e73fb9a37","Beyaz Eşya & Ev Aletleri > Ev Aleti Aksesuar, Filtre & Sarf Malzemeleri > Cihaza Özgü Pişirme Aksesuarları","3","YES","YES","YES","POLICY_BLOCKED","NO","NO","NO","NORMAL","FAIL_CLOSED","pending","FAIL_CLOSED","POLICY_CHAIN=Beyaz Eşya & Ev Aletleri > Ev Aleti Aksesuar, Filtre & Sarf Malzemeleri:REGULATED; PROFESSIONAL_REVIEW_CHAIN=Beyaz Eşya & Ev Aletleri > Ev Aleti Aksesuar, Filtre & Sarf Malzemeleri | Beyaz Eşya & Ev Aletleri > Ev Aleti Aksesuar, Filtre & Sarf Malzemeleri > Cihaza Özgü Pişirme Aksesuarları","canonical-v1.0.0","No public/pilot activation candidate in the canonical source; this package keeps it staged and fail-closed."
"CANONICAL-000389","caf25454-af53-46b9-ad50-8729034dfcbf","Beyaz Eşya & Ev Aletleri > Ev Aleti Aksesuar, Filtre & Sarf Malzemeleri > Cihaza Özgü Su Filtreleri","3","YES","YES","YES","POLICY_BLOCKED","NO","NO","NO","NORMAL","FAIL_CLOSED","pending","FAIL_CLOSED","POLICY_CHAIN=Beyaz Eşya & Ev Aletleri > Ev Aleti Aksesuar, Filtre & Sarf Malzemeleri:REGULATED; PROFESSIONAL_REVIEW_CHAIN=Beyaz Eşya & Ev Aletleri > Ev Aleti Aksesuar, Filtre & Sarf Malzemeleri | Beyaz Eşya & Ev Aletleri > Ev Aleti Aksesuar, Filtre & Sarf Malzemeleri > Cihaza Özgü Su Filtreleri","canonical-v1.0.0","No public/pilot activation candidate in the canonical source; this package keeps it staged and fail-closed."
"CANONICAL-000390","8ff9e12d-e19b-4fc9-8a42-b3ddbd8b7c5a","Ev & Yaşam","1","NO","YES","YES","CONTAINER_NOT_ASSIGNABLE","NO","NO","NO","NORMAL","PASS","not_required","PASS","STRUCTURAL_CONTAINER","canonical-v1.0.0","Structurally eligible for a later separately authorized activation review; this package keeps it staged and not public."
"CANONICAL-000391","67c75316-7136-43c4-bf34-855592afe6bd","Ev & Yaşam > Mobilya","2","NO","YES","YES","CONTAINER_NOT_ASSIGNABLE","NO","NO","NO","NORMAL","PASS","not_required","PASS","STRUCTURAL_CONTAINER","canonical-v1.0.0","Structurally eligible for a later separately authorized activation review; this package keeps it staged and not public."
"CANONICAL-000392","341af81e-20ea-427e-b38e-9b9a268a0a17","Ev & Yaşam > Mobilya > Oturma Mobilyaları","3","NO","YES","YES","CONTAINER_NOT_ASSIGNABLE","NO","NO","NO","NORMAL","PASS","not_required","PASS","STRUCTURAL_CONTAINER","canonical-v1.0.0","Structurally eligible for a later separately authorized activation review; this package keeps it staged and not public."
"CANONICAL-000393","b27df312-01c3-4aa3-abad-8b4063d1ebc1","Ev & Yaşam > Mobilya > Oturma Mobilyaları > Koltuk & Kanepe","4","YES","YES","YES","LEAF_ASSIGNABLE_CANDIDATE","YES","NO","NO","NORMAL","PASS","not_required","PASS","NONE","canonical-v1.0.0","Structurally eligible for a later separately authorized activation review; this package keeps it staged and not public."
"CANONICAL-000394","afc438b4-6d92-40b5-9b83-1692ec9f99a7","Ev & Yaşam > Mobilya > Oturma Mobilyaları > Berjer & Puf","4","YES","YES","YES","LEAF_ASSIGNABLE_CANDIDATE","YES","NO","NO","NORMAL","PASS","not_required","PASS","NONE","canonical-v1.0.0","Structurally eligible for a later separately authorized activation review; this package keeps it staged and not public."
"CANONICAL-000395","934fbe91-9e16-4b81-ada8-a7d555622088","Ev & Yaşam > Mobilya > Masa Mobilyaları","3","NO","YES","YES","CONTAINER_NOT_ASSIGNABLE","NO","NO","NO","NORMAL","PASS","not_required","PASS","STRUCTURAL_CONTAINER","canonical-v1.0.0","Structurally eligible for a later separately authorized activation review; this package keeps it staged and not public."
"CANONICAL-000396","a1a9b0cc-afaa-4340-aece-768ad41efb9f","Ev & Yaşam > Mobilya > Masa Mobilyaları > Yemek Masası","4","YES","YES","YES","LEAF_ASSIGNABLE_CANDIDATE","YES","NO","NO","NORMAL","PASS","not_required","PASS","NONE","canonical-v1.0.0","Structurally eligible for a later separately authorized activation review; this package keeps it staged and not public."
"CANONICAL-000397","60880518-c386-480b-b48f-86ff91357bf7","Ev & Yaşam > Mobilya > Masa Mobilyaları > Çalışma Masası","4","YES","YES","YES","LEAF_ASSIGNABLE_CANDIDATE","YES","NO","NO","NORMAL","PASS","not_required","PASS","NONE","canonical-v1.0.0","Structurally eligible for a later separately authorized activation review; this package keeps it staged and not public."
"CANONICAL-000398","96f61183-3a27-4d13-bf89-173080bc1e6f","Ev & Yaşam > Mobilya > Masa Mobilyaları > Sehpa","4","YES","YES","YES","LEAF_ASSIGNABLE_CANDIDATE","YES","NO","NO","NORMAL","PASS","not_required","PASS","NONE","canonical-v1.0.0","Structurally eligible for a later separately authorized activation review; this package keeps it staged and not public."
"CANONICAL-000399","8e8fc7b8-6f4f-4b3c-bd6d-98d1690f0061","Ev & Yaşam > Mobilya > Oturma Birimleri","3","NO","YES","YES","CONTAINER_NOT_ASSIGNABLE","NO","NO","NO","NORMAL","PASS","not_required","PASS","STRUCTURAL_CONTAINER","canonical-v1.0.0","Structurally eligible for a later separately authorized activation review; this package keeps it staged and not public."
"CANONICAL-000400","a10cb743-fbf6-409b-a350-d6867573b23b","Ev & Yaşam > Mobilya > Oturma Birimleri > Sandalye","4","YES","YES","YES","LEAF_ASSIGNABLE_CANDIDATE","YES","NO","NO","NORMAL","PASS","not_required","PASS","NONE","canonical-v1.0.0","Structurally eligible for a later separately authorized activation review; this package keeps it staged and not public."
"CANONICAL-000401","6c331980-fd43-499d-8b18-d4e434004675","Ev & Yaşam > Mobilya > Oturma Birimleri > Tabure & Bank","4","YES","YES","YES","LEAF_ASSIGNABLE_CANDIDATE","YES","NO","NO","NORMAL","PASS","not_required","PASS","NONE","canonical-v1.0.0","Structurally eligible for a later separately authorized activation review; this package keeps it staged and not public."
"CANONICAL-000402","2fe31e1a-21b7-4077-b7b8-e386806741c8","Ev & Yaşam > Mobilya > Depolama Mobilyaları","3","NO","YES","YES","CONTAINER_NOT_ASSIGNABLE","NO","NO","NO","NORMAL","PASS","not_required","PASS","STRUCTURAL_CONTAINER","canonical-v1.0.0","Structurally eligible for a later separately authorized activation review; this package keeps it staged and not public."
"CANONICAL-000403","3994cc56-9c20-4786-9e08-cab9b55367aa","Ev & Yaşam > Mobilya > Depolama Mobilyaları > Dolap & Şifonyer","4","YES","YES","YES","LEAF_ASSIGNABLE_CANDIDATE","YES","NO","NO","NORMAL","PASS","not_required","PASS","NONE","canonical-v1.0.0","Structurally eligible for a later separately authorized activation review; this package keeps it staged and not public."
"CANONICAL-000404","cf0d66c2-aa77-4b1c-a747-a153aa38a07f","Ev & Yaşam > Mobilya > Depolama Mobilyaları > Raf & Kitaplık","4","YES","YES","YES","LEAF_ASSIGNABLE_CANDIDATE","YES","NO","NO","NORMAL","PASS","not_required","PASS","NONE","canonical-v1.0.0","Structurally eligible for a later separately authorized activation review; this package keeps it staged and not public."
"CANONICAL-000405","4043b88b-8a8e-4c25-8b84-ab1b88476a66","Ev & Yaşam > Mobilya > Depolama Mobilyaları > TV Ünitesi","4","YES","YES","YES","LEAF_ASSIGNABLE_CANDIDATE","YES","NO","NO","NORMAL","PASS","not_required","PASS","NONE","canonical-v1.0.0","Structurally eligible for a later separately authorized activation review; this package keeps it staged and not public."
"CANONICAL-000406","139ad4cc-d9c7-4101-9b2d-a3a232c44b10","Ev & Yaşam > Mobilya > Yatak Mobilyaları","3","NO","YES","YES","CONTAINER_NOT_ASSIGNABLE","NO","NO","NO","NORMAL","PASS","not_required","PASS","STRUCTURAL_CONTAINER","canonical-v1.0.0","Structurally eligible for a later separately authorized activation review; this package keeps it staged and not public."
"CANONICAL-000407","f57630b8-07c3-4798-aa89-482fce54edfe","Ev & Yaşam > Mobilya > Yatak Mobilyaları > Karyola","4","YES","YES","YES","LEAF_ASSIGNABLE_CANDIDATE","YES","NO","NO","NORMAL","PASS","not_required","PASS","NONE","canonical-v1.0.0","Structurally eligible for a later separately authorized activation review; this package keeps it staged and not public."
"CANONICAL-000408","4ca11a44-11e9-4543-9b7c-a250098aace1","Ev & Yaşam > Mobilya > Yatak Mobilyaları > Baza & Başlık","4","YES","YES","YES","LEAF_ASSIGNABLE_CANDIDATE","YES","NO","NO","NORMAL","PASS","not_required","PASS","NONE","canonical-v1.0.0","Structurally eligible for a later separately authorized activation review; this package keeps it staged and not public."
"CANONICAL-000409","913a99a0-73c9-4dba-ad59-417230648816","Ev & Yaşam > Yatak & Uyku Ürünleri","2","NO","YES","YES","CONTAINER_NOT_ASSIGNABLE","NO","NO","NO","LEGAL_REVIEW_REQUIRED","FAIL_CLOSED","pending","FAIL_CLOSED","POLICY_CHAIN=Ev & Yaşam > Yatak & Uyku Ürünleri:LEGAL_REVIEW_REQUIRED; PROFESSIONAL_REVIEW_CHAIN=Ev & Yaşam > Yatak & Uyku Ürünleri","canonical-v1.0.0","No public/pilot activation candidate in the canonical source; this package keeps it staged and fail-closed."
"CANONICAL-000410","9429aecd-d3d4-427c-93bb-4c3fced1e6c3","Ev & Yaşam > Yatak & Uyku Ürünleri > Yataklar","3","YES","YES","YES","POLICY_BLOCKED","NO","NO","NO","NORMAL","FAIL_CLOSED","pending","FAIL_CLOSED","POLICY_CHAIN=Ev & Yaşam > Yatak & Uyku Ürünleri:LEGAL_REVIEW_REQUIRED; PROFESSIONAL_REVIEW_CHAIN=Ev & Yaşam > Yatak & Uyku Ürünleri | Ev & Yaşam > Yatak & Uyku Ürünleri > Yataklar","canonical-v1.0.0","No public/pilot activation candidate in the canonical source; this package keeps it staged and fail-closed."
"CANONICAL-000411","bc41be29-cf59-4c2b-b169-70800a95c4c2","Ev & Yaşam > Yatak & Uyku Ürünleri > Yastıklar","3","YES","YES","YES","POLICY_BLOCKED","NO","NO","NO","NORMAL","FAIL_CLOSED","pending","FAIL_CLOSED","POLICY_CHAIN=Ev & Yaşam > Yatak & Uyku Ürünleri:LEGAL_REVIEW_REQUIRED; PROFESSIONAL_REVIEW_CHAIN=Ev & Yaşam > Yatak & Uyku Ürünleri | Ev & Yaşam > Yatak & Uyku Ürünleri > Yastıklar","canonical-v1.0.0","No public/pilot activation candidate in the canonical source; this package keeps it staged and fail-closed."
"CANONICAL-000412","152cec62-6aa6-4904-a698-4de1fd87b656","Ev & Yaşam > Yatak & Uyku Ürünleri > Yorganlar","3","YES","YES","YES","POLICY_BLOCKED","NO","NO","NO","NORMAL","FAIL_CLOSED","not_required","FAIL_CLOSED","POLICY_CHAIN=Ev & Yaşam > Yatak & Uyku Ürünleri:LEGAL_REVIEW_REQUIRED; PROFESSIONAL_REVIEW_CHAIN=Ev & Yaşam > Yatak & Uyku Ürünleri","canonical-v1.0.0","No public/pilot activation candidate in the canonical source; this package keeps it staged and fail-closed."
"CANONICAL-000413","8ca9a9cb-56df-4158-9c43-df1121873383","Ev & Yaşam > Yatak & Uyku Ürünleri > Yatak Pedi & Alez","3","YES","YES","YES","POLICY_BLOCKED","NO","NO","NO","NORMAL","FAIL_CLOSED","not_required","FAIL_CLOSED","POLICY_CHAIN=Ev & Yaşam > Yatak & Uyku Ürünleri:LEGAL_REVIEW_REQUIRED; PROFESSIONAL_REVIEW_CHAIN=Ev & Yaşam > Yatak & Uyku Ürünleri","canonical-v1.0.0","No public/pilot activation candidate in the canonical source; this package keeps it staged and fail-closed."
"CANONICAL-000414","6f0c7bbe-f478-4922-bd00-ff57f5934e67","Ev & Yaşam > Ev Tekstili","2","NO","YES","YES","CONTAINER_NOT_ASSIGNABLE","NO","NO","NO","NORMAL","PASS","not_required","PASS","STRUCTURAL_CONTAINER","canonical-v1.0.0","Structurally eligible for a later separately authorized activation review; this package keeps it staged and not public."
"CANONICAL-000415","16470718-e2d2-4517-bd0d-16e759b3b2cd","Ev & Yaşam > Ev Tekstili > Yatak Tekstili","3","NO","YES","YES","CONTAINER_NOT_ASSIGNABLE","NO","NO","NO","NORMAL","PASS","not_required","PASS","STRUCTURAL_CONTAINER","canonical-v1.0.0","Structurally eligible for a later separately authorized activation review; this package keeps it staged and not public."
"CANONICAL-000416","16c478f2-1130-42aa-8d55-96e4c292faf0","Ev & Yaşam > Ev Tekstili > Yatak Tekstili > Nevresim Takımı","4","YES","YES","YES","LEAF_ASSIGNABLE_CANDIDATE","YES","NO","NO","NORMAL","PASS","not_required","PASS","NONE","canonical-v1.0.0","Structurally eligible for a later separately authorized activation review; this package keeps it staged and not public."
"CANONICAL-000417","2d9b7578-6472-455f-8f56-24565d7a275b","Ev & Yaşam > Ev Tekstili > Yatak Tekstili > Çarşaf","4","YES","YES","YES","LEAF_ASSIGNABLE_CANDIDATE","YES","NO","NO","NORMAL","PASS","not_required","PASS","NONE","canonical-v1.0.0","Structurally eligible for a later separately authorized activation review; this package keeps it staged and not public."
"CANONICAL-000418","a979c7b9-16cc-4309-aa24-95763244a277","Ev & Yaşam > Ev Tekstili > Yatak Tekstili > Yatak Örtüsü","4","YES","YES","YES","LEAF_ASSIGNABLE_CANDIDATE","YES","NO","NO","NORMAL","PASS","not_required","PASS","NONE","canonical-v1.0.0","Structurally eligible for a later separately authorized activation review; this package keeps it staged and not public."
"CANONICAL-000419","bca36280-86f4-48c9-a53d-ca2e7c355174","Ev & Yaşam > Ev Tekstili > Banyo Tekstili","3","NO","YES","YES","CONTAINER_NOT_ASSIGNABLE","NO","NO","NO","NORMAL","PASS","not_required","PASS","STRUCTURAL_CONTAINER","canonical-v1.0.0","Structurally eligible for a later separately authorized activation review; this package keeps it staged and not public."
"CANONICAL-000420","858876bf-3aae-48b4-85cc-64c9093cdbe6","Ev & Yaşam > Ev Tekstili > Banyo Tekstili > Havlu","4","YES","YES","YES","LEAF_ASSIGNABLE_CANDIDATE","YES","NO","NO","NORMAL","PASS","not_required","PASS","NONE","canonical-v1.0.0","Structurally eligible for a later separately authorized activation review; this package keeps it staged and not public."
"CANONICAL-000421","940a777e-e9b1-4f0b-8042-519eb9e8e49b","Ev & Yaşam > Ev Tekstili > Banyo Tekstili > Bornoz","4","YES","YES","YES","LEAF_ASSIGNABLE_CANDIDATE","YES","NO","NO","NORMAL","PASS","not_required","PASS","NONE","canonical-v1.0.0","Structurally eligible for a later separately authorized activation review; this package keeps it staged and not public."
"CANONICAL-000422","4795d0d0-4f80-4b0f-94be-2503498da90e","Ev & Yaşam > Ev Tekstili > Battaniye & Örtü","3","YES","YES","YES","LEAF_ASSIGNABLE_CANDIDATE","YES","NO","NO","NORMAL","PASS","not_required","PASS","NONE","canonical-v1.0.0","Structurally eligible for a later separately authorized activation review; this package keeps it staged and not public."
"CANONICAL-000423","bfeb0431-1552-4c5e-ae3f-f7fc884f61df","Ev & Yaşam > Ev Tekstili > Kırlent","3","YES","YES","YES","LEAF_ASSIGNABLE_CANDIDATE","YES","NO","NO","NORMAL","PASS","not_required","PASS","NONE","canonical-v1.0.0","Structurally eligible for a later separately authorized activation review; this package keeps it staged and not public."
"CANONICAL-000424","03e846de-56e2-4542-8aa9-6b538c3f0352","Ev & Yaşam > Perde & Pencere Tekstili","2","NO","YES","YES","CONTAINER_NOT_ASSIGNABLE","NO","NO","NO","NORMAL","PASS","pending","FAIL_CLOSED","PROFESSIONAL_REVIEW_CHAIN=Ev & Yaşam > Perde & Pencere Tekstili","canonical-v1.0.0","No public/pilot activation candidate in the canonical source; this package keeps it staged and fail-closed."
"CANONICAL-000425","579a996f-4058-4898-a137-4a0bbf3f30ca","Ev & Yaşam > Perde & Pencere Tekstili > Tül Perde","3","YES","YES","YES","PROFESSIONAL_REVIEW","NO","NO","NO","NORMAL","PASS","not_required","FAIL_CLOSED","PROFESSIONAL_REVIEW_CHAIN=Ev & Yaşam > Perde & Pencere Tekstili","canonical-v1.0.0","No public/pilot activation candidate in the canonical source; this package keeps it staged and fail-closed."
"CANONICAL-000426","42a8a3bf-d198-45ee-9788-5de5386d43a2","Ev & Yaşam > Perde & Pencere Tekstili > Fon Perde","3","YES","YES","YES","PROFESSIONAL_REVIEW","NO","NO","NO","NORMAL","PASS","not_required","FAIL_CLOSED","PROFESSIONAL_REVIEW_CHAIN=Ev & Yaşam > Perde & Pencere Tekstili","canonical-v1.0.0","No public/pilot activation candidate in the canonical source; this package keeps it staged and fail-closed."
"CANONICAL-000427","22f2c31c-3139-4c29-9468-6bfdc70036e5","Ev & Yaşam > Perde & Pencere Tekstili > Stor & Zebra Perde","3","YES","YES","YES","PROFESSIONAL_REVIEW","NO","NO","NO","NORMAL","PASS","pending","FAIL_CLOSED","PROFESSIONAL_REVIEW_CHAIN=Ev & Yaşam > Perde & Pencere Tekstili | Ev & Yaşam > Perde & Pencere Tekstili > Stor & Zebra Perde","canonical-v1.0.0","No public/pilot activation candidate in the canonical source; this package keeps it staged and fail-closed."
"CANONICAL-000428","cf408967-af8a-43ca-aab5-20d2c266ceae","Ev & Yaşam > Perde & Pencere Tekstili > Karartma Perdesi","3","YES","YES","YES","PROFESSIONAL_REVIEW","NO","NO","NO","NORMAL","PASS","not_required","FAIL_CLOSED","PROFESSIONAL_REVIEW_CHAIN=Ev & Yaşam > Perde & Pencere Tekstili","canonical-v1.0.0","No public/pilot activation candidate in the canonical source; this package keeps it staged and fail-closed."
"CANONICAL-000429","9eabb092-4e6f-4c4a-b01f-a08f63e08bc4","Ev & Yaşam > Halı, Kilim & Paspas","2","NO","YES","YES","CONTAINER_NOT_ASSIGNABLE","NO","NO","NO","NORMAL","PASS","not_required","PASS","STRUCTURAL_CONTAINER","canonical-v1.0.0","Structurally eligible for a later separately authorized activation review; this package keeps it staged and not public."
"CANONICAL-000430","04a3afb3-ca1c-4779-9a86-904cb4278ca9","Ev & Yaşam > Halı, Kilim & Paspas > Halı","3","YES","YES","YES","LEAF_ASSIGNABLE_CANDIDATE","YES","NO","NO","NORMAL","PASS","not_required","PASS","NONE","canonical-v1.0.0","Structurally eligible for a later separately authorized activation review; this package keeps it staged and not public."
"CANONICAL-000431","ee119f91-76aa-4812-b2ef-2e3d485565c9","Ev & Yaşam > Halı, Kilim & Paspas > Kilim","3","YES","YES","YES","LEAF_ASSIGNABLE_CANDIDATE","YES","NO","NO","NORMAL","PASS","not_required","PASS","NONE","canonical-v1.0.0","Structurally eligible for a later separately authorized activation review; this package keeps it staged and not public."
"CANONICAL-000432","c66c9c49-f967-43b7-ad83-54214d46827f","Ev & Yaşam > Halı, Kilim & Paspas > Yolluk","3","YES","YES","YES","LEAF_ASSIGNABLE_CANDIDATE","YES","NO","NO","NORMAL","PASS","not_required","PASS","NONE","canonical-v1.0.0","Structurally eligible for a later separately authorized activation review; this package keeps it staged and not public."
"CANONICAL-000433","69b1efa6-1aa6-442c-ae4a-8c6ce2ca7537","Ev & Yaşam > Halı, Kilim & Paspas > Paspas","3","YES","YES","YES","LEAF_ASSIGNABLE_CANDIDATE","YES","NO","NO","NORMAL","PASS","not_required","PASS","NONE","canonical-v1.0.0","Structurally eligible for a later separately authorized activation review; this package keeps it staged and not public."
"CANONICAL-000434","9513ead3-7f30-4f59-9522-d76bf5e4f032","Ev & Yaşam > Dekorasyon & Duvar Aksesuarları","2","NO","YES","YES","CONTAINER_NOT_ASSIGNABLE","NO","NO","NO","REGULATED","FAIL_CLOSED","pending","FAIL_CLOSED","POLICY_CHAIN=Ev & Yaşam > Dekorasyon & Duvar Aksesuarları:REGULATED; PROFESSIONAL_REVIEW_CHAIN=Ev & Yaşam > Dekorasyon & Duvar Aksesuarları","canonical-v1.0.0","No public/pilot activation candidate in the canonical source; this package keeps it staged and fail-closed."
"CANONICAL-000435","a8681331-f7b9-46bf-91af-fb06c5a7a103","Ev & Yaşam > Dekorasyon & Duvar Aksesuarları > Duvar Dekoru","3","NO","YES","YES","CONTAINER_NOT_ASSIGNABLE","NO","NO","NO","NORMAL","FAIL_CLOSED","not_required","FAIL_CLOSED","POLICY_CHAIN=Ev & Yaşam > Dekorasyon & Duvar Aksesuarları:REGULATED; PROFESSIONAL_REVIEW_CHAIN=Ev & Yaşam > Dekorasyon & Duvar Aksesuarları","canonical-v1.0.0","No public/pilot activation candidate in the canonical source; this package keeps it staged and fail-closed."
"CANONICAL-000436","41eefa8e-6dd9-489d-9b6f-2ea205f27f83","Ev & Yaşam > Dekorasyon & Duvar Aksesuarları > Duvar Dekoru > Tablo & Poster","4","YES","YES","YES","POLICY_BLOCKED","NO","NO","NO","NORMAL","FAIL_CLOSED","not_required","FAIL_CLOSED","POLICY_CHAIN=Ev & Yaşam > Dekorasyon & Duvar Aksesuarları:REGULATED; PROFESSIONAL_REVIEW_CHAIN=Ev & Yaşam > Dekorasyon & Duvar Aksesuarları","canonical-v1.0.0","No public/pilot activation candidate in the canonical source; this package keeps it staged and fail-closed."
"CANONICAL-000437","cdbdfa21-91db-4de3-91c5-96b53cd1242c","Ev & Yaşam > Dekorasyon & Duvar Aksesuarları > Duvar Dekoru > Ayna","4","YES","YES","YES","POLICY_BLOCKED","NO","NO","NO","NORMAL","FAIL_CLOSED","not_required","FAIL_CLOSED","POLICY_CHAIN=Ev & Yaşam > Dekorasyon & Duvar Aksesuarları:REGULATED; PROFESSIONAL_REVIEW_CHAIN=Ev & Yaşam > Dekorasyon & Duvar Aksesuarları","canonical-v1.0.0","No public/pilot activation candidate in the canonical source; this package keeps it staged and fail-closed."
"CANONICAL-000438","09d0cdcf-a67f-4b44-8afe-71f6759d4d5d","Ev & Yaşam > Dekorasyon & Duvar Aksesuarları > Duvar Dekoru > Çerçeve","4","YES","YES","YES","POLICY_BLOCKED","NO","NO","NO","NORMAL","FAIL_CLOSED","not_required","FAIL_CLOSED","POLICY_CHAIN=Ev & Yaşam > Dekorasyon & Duvar Aksesuarları:REGULATED; PROFESSIONAL_REVIEW_CHAIN=Ev & Yaşam > Dekorasyon & Duvar Aksesuarları","canonical-v1.0.0","No public/pilot activation candidate in the canonical source; this package keeps it staged and fail-closed."
"CANONICAL-000439","c6e7d1f9-3932-4805-a0ca-6dd059c2fd62","Ev & Yaşam > Dekorasyon & Duvar Aksesuarları > Duvar Dekoru > Duvar Saati","4","YES","YES","YES","POLICY_BLOCKED","NO","NO","NO","NORMAL","FAIL_CLOSED","not_required","FAIL_CLOSED","POLICY_CHAIN=Ev & Yaşam > Dekorasyon & Duvar Aksesuarları:REGULATED; PROFESSIONAL_REVIEW_CHAIN=Ev & Yaşam > Dekorasyon & Duvar Aksesuarları","canonical-v1.0.0","No public/pilot activation candidate in the canonical source; this package keeps it staged and fail-closed."
"CANONICAL-000440","17c44756-f909-4f8e-a48c-670e65214fe4","Ev & Yaşam > Dekorasyon & Duvar Aksesuarları > Dekoratif Objeler","3","YES","YES","YES","POLICY_BLOCKED","NO","NO","NO","NORMAL","FAIL_CLOSED","not_required","FAIL_CLOSED","POLICY_CHAIN=Ev & Yaşam > Dekorasyon & Duvar Aksesuarları:REGULATED; PROFESSIONAL_REVIEW_CHAIN=Ev & Yaşam > Dekorasyon & Duvar Aksesuarları","canonical-v1.0.0","No public/pilot activation candidate in the canonical source; this package keeps it staged and fail-closed."
"CANONICAL-000441","ba639d9e-a4ec-4d8d-af27-162761e131a4","Ev & Yaşam > Dekorasyon & Duvar Aksesuarları > Vazo","3","YES","YES","YES","POLICY_BLOCKED","NO","NO","NO","NORMAL","FAIL_CLOSED","not_required","FAIL_CLOSED","POLICY_CHAIN=Ev & Yaşam > Dekorasyon & Duvar Aksesuarları:REGULATED; PROFESSIONAL_REVIEW_CHAIN=Ev & Yaşam > Dekorasyon & Duvar Aksesuarları","canonical-v1.0.0","No public/pilot activation candidate in the canonical source; this package keeps it staged and fail-closed."
"CANONICAL-000442","858363fb-15bf-45cc-8960-dc4cb27a86ef","Ev & Yaşam > Dekorasyon & Duvar Aksesuarları > Mum & Oda Kokusu","3","YES","YES","YES","POLICY_BLOCKED","NO","NO","NO","REGULATED","FAIL_CLOSED","pending","FAIL_CLOSED","POLICY_CHAIN=Ev & Yaşam > Dekorasyon & Duvar Aksesuarları:REGULATED | Ev & Yaşam > Dekorasyon & Duvar Aksesuarları > Mum & Oda Kokusu:REGULATED; PROFESSIONAL_REVIEW_CHAIN=Ev & Yaşam > Dekorasyon & Duvar Aksesuarları | Ev & Yaşam > Dekorasyon & Duvar Aksesuarları > Mum & Oda Kokusu","canonical-v1.0.0","No public/pilot activation candidate in the canonical source; this package keeps it staged and fail-closed."
"CANONICAL-000443","2f49990e-25fc-4063-bec6-c2487e62965c","Ev & Yaşam > Dekorasyon & Duvar Aksesuarları > Masaüstü Dekor","3","YES","YES","YES","POLICY_BLOCKED","NO","NO","NO","NORMAL","FAIL_CLOSED","not_required","FAIL_CLOSED","POLICY_CHAIN=Ev & Yaşam > Dekorasyon & Duvar Aksesuarları:REGULATED; PROFESSIONAL_REVIEW_CHAIN=Ev & Yaşam > Dekorasyon & Duvar Aksesuarları","canonical-v1.0.0","No public/pilot activation candidate in the canonical source; this package keeps it staged and fail-closed."
"CANONICAL-000444","f099acd5-6a2a-4b52-b76c-80c4632a380c","Ev & Yaşam > Aydınlatma","2","NO","YES","YES","CONTAINER_NOT_ASSIGNABLE","NO","NO","NO","REGULATED","FAIL_CLOSED","pending","FAIL_CLOSED","POLICY_CHAIN=Ev & Yaşam > Aydınlatma:REGULATED; PROFESSIONAL_REVIEW_CHAIN=Ev & Yaşam > Aydınlatma","canonical-v1.0.0","No public/pilot activation candidate in the canonical source; this package keeps it staged and fail-closed."
"CANONICAL-000445","d946ef83-8a32-446d-bf28-df9017ae4820","Ev & Yaşam > Aydınlatma > Tavan Aydınlatmaları","3","YES","YES","YES","POLICY_BLOCKED","NO","NO","NO","NORMAL","FAIL_CLOSED","pending","FAIL_CLOSED","POLICY_CHAIN=Ev & Yaşam > Aydınlatma:REGULATED; PROFESSIONAL_REVIEW_CHAIN=Ev & Yaşam > Aydınlatma | Ev & Yaşam > Aydınlatma > Tavan Aydınlatmaları","canonical-v1.0.0","No public/pilot activation candidate in the canonical source; this package keeps it staged and fail-closed."
"CANONICAL-000446","b70f32bd-8ccc-4287-8912-107244a5ed0f","Ev & Yaşam > Aydınlatma > Masa Lambaları","3","YES","YES","YES","POLICY_BLOCKED","NO","NO","NO","NORMAL","FAIL_CLOSED","pending","FAIL_CLOSED","POLICY_CHAIN=Ev & Yaşam > Aydınlatma:REGULATED; PROFESSIONAL_REVIEW_CHAIN=Ev & Yaşam > Aydınlatma | Ev & Yaşam > Aydınlatma > Masa Lambaları","canonical-v1.0.0","No public/pilot activation candidate in the canonical source; this package keeps it staged and fail-closed."
"CANONICAL-000447","23596b40-5760-4ba9-86c0-f0e565bdd486","Ev & Yaşam > Aydınlatma > Lambader","3","YES","YES","YES","POLICY_BLOCKED","NO","NO","NO","NORMAL","FAIL_CLOSED","pending","FAIL_CLOSED","POLICY_CHAIN=Ev & Yaşam > Aydınlatma:REGULATED; PROFESSIONAL_REVIEW_CHAIN=Ev & Yaşam > Aydınlatma | Ev & Yaşam > Aydınlatma > Lambader","canonical-v1.0.0","No public/pilot activation candidate in the canonical source; this package keeps it staged and fail-closed."
"CANONICAL-000448","b880358a-3a4c-46a1-96c5-f693dcce8a5b","Ev & Yaşam > Aydınlatma > Gece Lambaları","3","YES","YES","YES","POLICY_BLOCKED","NO","NO","NO","NORMAL","FAIL_CLOSED","pending","FAIL_CLOSED","POLICY_CHAIN=Ev & Yaşam > Aydınlatma:REGULATED; PROFESSIONAL_REVIEW_CHAIN=Ev & Yaşam > Aydınlatma | Ev & Yaşam > Aydınlatma > Gece Lambaları","canonical-v1.0.0","No public/pilot activation candidate in the canonical source; this package keeps it staged and fail-closed."
"CANONICAL-000449","2c3f1ee3-f308-4c64-9f46-c1a6efa8209f","Ev & Yaşam > Aydınlatma > Standart Ampuller","3","YES","YES","YES","POLICY_BLOCKED","NO","NO","NO","REGULATED","FAIL_CLOSED","pending","FAIL_CLOSED","POLICY_CHAIN=Ev & Yaşam > Aydınlatma:REGULATED | Ev & Yaşam > Aydınlatma > Standart Ampuller:REGULATED; PROFESSIONAL_REVIEW_CHAIN=Ev & Yaşam > Aydınlatma | Ev & Yaşam > Aydınlatma > Standart Ampuller","canonical-v1.0.0","No public/pilot activation candidate in the canonical source; this package keeps it staged and fail-closed."
"CANONICAL-000450","995239c5-604c-4e24-bbc4-40538f0d3b50","Ev & Yaşam > Düzenleme & Saklama","2","NO","YES","YES","CONTAINER_NOT_ASSIGNABLE","NO","NO","NO","NORMAL","PASS","not_required","PASS","STRUCTURAL_CONTAINER","canonical-v1.0.0","Structurally eligible for a later separately authorized activation review; this package keeps it staged and not public."
"CANONICAL-000451","3c71ec2d-4855-462c-9d4a-b952d5390e00","Ev & Yaşam > Düzenleme & Saklama > Saklama Kutusu & Sepet","3","YES","YES","YES","LEAF_ASSIGNABLE_CANDIDATE","YES","NO","NO","NORMAL","PASS","not_required","PASS","NONE","canonical-v1.0.0","Structurally eligible for a later separately authorized activation review; this package keeps it staged and not public."
"CANONICAL-000452","3597cb17-562d-4bd7-9248-83af2dd9114f","Ev & Yaşam > Düzenleme & Saklama > Giysi Düzenleyiciler","3","YES","YES","YES","LEAF_ASSIGNABLE_CANDIDATE","YES","NO","NO","NORMAL","PASS","not_required","PASS","NONE","canonical-v1.0.0","Structurally eligible for a later separately authorized activation review; this package keeps it staged and not public."
"CANONICAL-000453","048fc260-3a57-40a9-9f14-825766f5ddd5","Ev & Yaşam > Düzenleme & Saklama > Hurç & Vakumlu Torba","3","YES","YES","YES","LEAF_ASSIGNABLE_CANDIDATE","YES","NO","NO","NORMAL","PASS","not_required","PASS","NONE","canonical-v1.0.0","Structurally eligible for a later separately authorized activation review; this package keeps it staged and not public."
"CANONICAL-000454","85905e1a-45ca-4cd1-a2f4-004378cc846f","Ev & Yaşam > Düzenleme & Saklama > Askı & Dolap İçi Düzenleme","3","YES","YES","YES","LEAF_ASSIGNABLE_CANDIDATE","YES","NO","NO","NORMAL","PASS","not_required","PASS","NONE","canonical-v1.0.0","Structurally eligible for a later separately authorized activation review; this package keeps it staged and not public."
"CANONICAL-000455","6a3e09e8-ef4d-4bbc-8d3c-9ef59335ebe0","Ev & Yaşam > Düzenleme & Saklama > Çamaşır Sepeti","3","YES","YES","YES","LEAF_ASSIGNABLE_CANDIDATE","YES","NO","NO","NORMAL","PASS","not_required","PASS","NONE","canonical-v1.0.0","Structurally eligible for a later separately authorized activation review; this package keeps it staged and not public."
"CANONICAL-000456","5fff1ba0-0a13-409c-8624-b318ca326b13","Ev & Yaşam > Düzenleme & Saklama > Ayakkabı Düzenleyiciler","3","YES","YES","YES","LEAF_ASSIGNABLE_CANDIDATE","YES","NO","NO","NORMAL","PASS","not_required","PASS","NONE","canonical-v1.0.0","Structurally eligible for a later separately authorized activation review; this package keeps it staged and not public."
"CANONICAL-000457","adf37d08-be46-48ab-b78b-121827cd7b85","Ev & Yaşam > Banyo Aksesuarları","2","NO","YES","YES","CONTAINER_NOT_ASSIGNABLE","NO","NO","NO","LEGAL_REVIEW_REQUIRED","FAIL_CLOSED","pending","FAIL_CLOSED","POLICY_CHAIN=Ev & Yaşam > Banyo Aksesuarları:LEGAL_REVIEW_REQUIRED; PROFESSIONAL_REVIEW_CHAIN=Ev & Yaşam > Banyo Aksesuarları","canonical-v1.0.0","No public/pilot activation candidate in the canonical source; this package keeps it staged and fail-closed."
"CANONICAL-000458","0fcf1bf6-990f-4b43-831c-b1ff492892b4","Ev & Yaşam > Banyo Aksesuarları > Sabunluk & Dispenser","3","YES","YES","YES","POLICY_BLOCKED","NO","NO","NO","NORMAL","FAIL_CLOSED","not_required","FAIL_CLOSED","POLICY_CHAIN=Ev & Yaşam > Banyo Aksesuarları:LEGAL_REVIEW_REQUIRED; PROFESSIONAL_REVIEW_CHAIN=Ev & Yaşam > Banyo Aksesuarları","canonical-v1.0.0","No public/pilot activation candidate in the canonical source; this package keeps it staged and fail-closed."
"CANONICAL-000459","bf3b08bd-b909-4f8e-88c6-2bd995fbdeed","Ev & Yaşam > Banyo Aksesuarları > Duş Perdesi","3","YES","YES","YES","POLICY_BLOCKED","NO","NO","NO","NORMAL","FAIL_CLOSED","not_required","FAIL_CLOSED","POLICY_CHAIN=Ev & Yaşam > Banyo Aksesuarları:LEGAL_REVIEW_REQUIRED; PROFESSIONAL_REVIEW_CHAIN=Ev & Yaşam > Banyo Aksesuarları","canonical-v1.0.0","No public/pilot activation candidate in the canonical source; this package keeps it staged and fail-closed."
"CANONICAL-000460","3df38a85-c8d7-4146-bd52-2de3449742ef","Ev & Yaşam > Banyo Aksesuarları > Banyo Rafı & Düzenleyici","3","YES","YES","YES","POLICY_BLOCKED","NO","NO","NO","NORMAL","FAIL_CLOSED","not_required","FAIL_CLOSED","POLICY_CHAIN=Ev & Yaşam > Banyo Aksesuarları:LEGAL_REVIEW_REQUIRED; PROFESSIONAL_REVIEW_CHAIN=Ev & Yaşam > Banyo Aksesuarları","canonical-v1.0.0","No public/pilot activation candidate in the canonical source; this package keeps it staged and fail-closed."
"CANONICAL-000461","6315472a-b045-4c5f-80f5-bc158c93beea","Ev & Yaşam > Banyo Aksesuarları > Tuvalet Aksesuarları","3","YES","YES","YES","POLICY_BLOCKED","NO","NO","NO","NORMAL","FAIL_CLOSED","not_required","FAIL_CLOSED","POLICY_CHAIN=Ev & Yaşam > Banyo Aksesuarları:LEGAL_REVIEW_REQUIRED; PROFESSIONAL_REVIEW_CHAIN=Ev & Yaşam > Banyo Aksesuarları","canonical-v1.0.0","No public/pilot activation candidate in the canonical source; this package keeps it staged and fail-closed."
"CANONICAL-000462","51fdc8d4-e06e-4142-9f80-2f73b993cf9f","Ev & Yaşam > Banyo Aksesuarları > Banyo Taburesi & Basamakları","3","YES","YES","YES","POLICY_BLOCKED","NO","NO","NO","LEGAL_REVIEW_REQUIRED","FAIL_CLOSED","pending","FAIL_CLOSED","POLICY_CHAIN=Ev & Yaşam > Banyo Aksesuarları:LEGAL_REVIEW_REQUIRED | Ev & Yaşam > Banyo Aksesuarları > Banyo Taburesi & Basamakları:LEGAL_REVIEW_REQUIRED; PROFESSIONAL_REVIEW_CHAIN=Ev & Yaşam > Banyo Aksesuarları | Ev & Yaşam > Banyo Aksesuarları > Banyo Taburesi & Basamakları","canonical-v1.0.0","No public/pilot activation candidate in the canonical source; this package keeps it staged and fail-closed."
"CANONICAL-000463","f92fab7a-c2bf-472c-80b6-eb64492800ba","Ev & Yaşam > Ev Temizliği & Çamaşır Bakımı","2","NO","YES","YES","CONTAINER_NOT_ASSIGNABLE","NO","NO","NO","REGULATED","FAIL_CLOSED","pending","FAIL_CLOSED","POLICY_CHAIN=Ev & Yaşam > Ev Temizliği & Çamaşır Bakımı:REGULATED; PROFESSIONAL_REVIEW_CHAIN=Ev & Yaşam > Ev Temizliği & Çamaşır Bakımı","canonical-v1.0.0","No public/pilot activation candidate in the canonical source; this package keeps it staged and fail-closed."
"CANONICAL-000464","713769cf-e81d-42fe-b26a-a964f902dda1","Ev & Yaşam > Ev Temizliği & Çamaşır Bakımı > Yüzey Temizleyiciler","3","YES","YES","YES","POLICY_BLOCKED","NO","NO","NO","REGULATED","FAIL_CLOSED","pending","FAIL_CLOSED","POLICY_CHAIN=Ev & Yaşam > Ev Temizliği & Çamaşır Bakımı:REGULATED | Ev & Yaşam > Ev Temizliği & Çamaşır Bakımı > Yüzey Temizleyiciler:REGULATED; PROFESSIONAL_REVIEW_CHAIN=Ev & Yaşam > Ev Temizliği & Çamaşır Bakımı | Ev & Yaşam > Ev Temizliği & Çamaşır Bakımı > Yüzey Temizleyiciler","canonical-v1.0.0","No public/pilot activation candidate in the canonical source; this package keeps it staged and fail-closed."
"CANONICAL-000465","e3eedc8d-310a-4b9b-9e18-c983ba4896fc","Ev & Yaşam > Ev Temizliği & Çamaşır Bakımı > Çamaşır Temizliği & Bakımı","3","YES","YES","YES","POLICY_BLOCKED","NO","NO","NO","REGULATED","FAIL_CLOSED","pending","FAIL_CLOSED","POLICY_CHAIN=Ev & Yaşam > Ev Temizliği & Çamaşır Bakımı:REGULATED | Ev & Yaşam > Ev Temizliği & Çamaşır Bakımı > Çamaşır Temizliği & Bakımı:REGULATED; PROFESSIONAL_REVIEW_CHAIN=Ev & Yaşam > Ev Temizliği & Çamaşır Bakımı | Ev & Yaşam > Ev Temizliği & Çamaşır Bakımı > Çamaşır Temizliği & Bakımı","canonical-v1.0.0","No public/pilot activation candidate in the canonical source; this package keeps it staged and fail-closed."
"CANONICAL-000466","5d7a8fc5-44bf-48f0-9ad5-d6e5566c64ef","Ev & Yaşam > Ev Temizliği & Çamaşır Bakımı > Bulaşık Temizliği & Bakımı","3","YES","YES","YES","POLICY_BLOCKED","NO","NO","NO","REGULATED","FAIL_CLOSED","pending","FAIL_CLOSED","POLICY_CHAIN=Ev & Yaşam > Ev Temizliği & Çamaşır Bakımı:REGULATED | Ev & Yaşam > Ev Temizliği & Çamaşır Bakımı > Bulaşık Temizliği & Bakımı:REGULATED; PROFESSIONAL_REVIEW_CHAIN=Ev & Yaşam > Ev Temizliği & Çamaşır Bakımı | Ev & Yaşam > Ev Temizliği & Çamaşır Bakımı > Bulaşık Temizliği & Bakımı","canonical-v1.0.0","No public/pilot activation candidate in the canonical source; this package keeps it staged and fail-closed."
"CANONICAL-000467","969f8546-8ea1-4dd3-aa60-d06f9dad4947","Ev & Yaşam > Ev Temizliği & Çamaşır Bakımı > Temizlik Gereçleri","3","NO","YES","YES","CONTAINER_NOT_ASSIGNABLE","NO","NO","NO","NORMAL","FAIL_CLOSED","not_required","FAIL_CLOSED","POLICY_CHAIN=Ev & Yaşam > Ev Temizliği & Çamaşır Bakımı:REGULATED; PROFESSIONAL_REVIEW_CHAIN=Ev & Yaşam > Ev Temizliği & Çamaşır Bakımı","canonical-v1.0.0","No public/pilot activation candidate in the canonical source; this package keeps it staged and fail-closed."
"CANONICAL-000468","69ef037a-dc92-4e02-ad73-beb846a70f8e","Ev & Yaşam > Ev Temizliği & Çamaşır Bakımı > Temizlik Gereçleri > Mop & Paspas Aparatı","4","YES","YES","YES","POLICY_BLOCKED","NO","NO","NO","NORMAL","FAIL_CLOSED","not_required","FAIL_CLOSED","POLICY_CHAIN=Ev & Yaşam > Ev Temizliği & Çamaşır Bakımı:REGULATED; PROFESSIONAL_REVIEW_CHAIN=Ev & Yaşam > Ev Temizliği & Çamaşır Bakımı","canonical-v1.0.0","No public/pilot activation candidate in the canonical source; this package keeps it staged and fail-closed."
"CANONICAL-000469","7d190833-faca-4624-8489-275aacfc3358","Ev & Yaşam > Ev Temizliği & Çamaşır Bakımı > Temizlik Gereçleri > Süpürge & Faraş","4","YES","YES","YES","POLICY_BLOCKED","NO","NO","NO","NORMAL","FAIL_CLOSED","not_required","FAIL_CLOSED","POLICY_CHAIN=Ev & Yaşam > Ev Temizliği & Çamaşır Bakımı:REGULATED; PROFESSIONAL_REVIEW_CHAIN=Ev & Yaşam > Ev Temizliği & Çamaşır Bakımı","canonical-v1.0.0","No public/pilot activation candidate in the canonical source; this package keeps it staged and fail-closed."
"CANONICAL-000470","6fc14a2e-72ba-4546-a184-0f2e6be979f2","Ev & Yaşam > Ev Temizliği & Çamaşır Bakımı > Temizlik Gereçleri > Bez, Sünger & Fırça","4","YES","YES","YES","POLICY_BLOCKED","NO","NO","NO","NORMAL","FAIL_CLOSED","not_required","FAIL_CLOSED","POLICY_CHAIN=Ev & Yaşam > Ev Temizliği & Çamaşır Bakımı:REGULATED; PROFESSIONAL_REVIEW_CHAIN=Ev & Yaşam > Ev Temizliği & Çamaşır Bakımı","canonical-v1.0.0","No public/pilot activation candidate in the canonical source; this package keeps it staged and fail-closed."
"CANONICAL-000471","293c9671-cdfd-4f66-9fd2-428cedf0f353","Ev & Yaşam > Ev Temizliği & Çamaşır Bakımı > Kağıt Ev Ürünleri","3","YES","YES","YES","POLICY_BLOCKED","NO","NO","NO","NORMAL","FAIL_CLOSED","not_required","FAIL_CLOSED","POLICY_CHAIN=Ev & Yaşam > Ev Temizliği & Çamaşır Bakımı:REGULATED; PROFESSIONAL_REVIEW_CHAIN=Ev & Yaşam > Ev Temizliği & Çamaşır Bakımı","canonical-v1.0.0","No public/pilot activation candidate in the canonical source; this package keeps it staged and fail-closed."
"CANONICAL-000472","ac27dc73-d73b-4390-b429-32f32bc17a83","Ev & Yaşam > Ev Temizliği & Çamaşır Bakımı > Çöp Torbası & Ev Tipi Eldiven","3","YES","YES","YES","POLICY_BLOCKED","NO","NO","NO","NORMAL","FAIL_CLOSED","not_required","FAIL_CLOSED","POLICY_CHAIN=Ev & Yaşam > Ev Temizliği & Çamaşır Bakımı:REGULATED; PROFESSIONAL_REVIEW_CHAIN=Ev & Yaşam > Ev Temizliği & Çamaşır Bakımı","canonical-v1.0.0","No public/pilot activation candidate in the canonical source; this package keeps it staged and fail-closed."
"CANONICAL-000473","4ad28c36-e233-461d-9c28-87accfc43adb","Züccaciye & Mutfak","1","NO","YES","YES","CONTAINER_NOT_ASSIGNABLE","NO","NO","NO","NORMAL","PASS","not_required","PASS","STRUCTURAL_CONTAINER","canonical-v1.0.0","No public/pilot activation candidate in the canonical source; this package keeps it staged and fail-closed."
"CANONICAL-000474","156249d1-b445-45ee-afef-a6228e42d2fc","Züccaciye & Mutfak > Tencere, Tava & Pişirme Kapları","2","NO","YES","YES","CONTAINER_NOT_ASSIGNABLE","NO","NO","NO","REGULATED","FAIL_CLOSED","pending","FAIL_CLOSED","POLICY_CHAIN=Züccaciye & Mutfak > Tencere, Tava & Pişirme Kapları:REGULATED; PROFESSIONAL_REVIEW_CHAIN=Züccaciye & Mutfak > Tencere, Tava & Pişirme Kapları","canonical-v1.0.0","No public/pilot activation candidate in the canonical source; this package keeps it staged and fail-closed."
"CANONICAL-000475","236a0482-e008-433b-bef4-fc74a0bf39e7","Züccaciye & Mutfak > Tencere, Tava & Pişirme Kapları > Tencereler","3","NO","YES","YES","CONTAINER_NOT_ASSIGNABLE","NO","NO","NO","REGULATED","FAIL_CLOSED","pending","FAIL_CLOSED","POLICY_CHAIN=Züccaciye & Mutfak > Tencere, Tava & Pişirme Kapları:REGULATED | Züccaciye & Mutfak > Tencere, Tava & Pişirme Kapları > Tencereler:REGULATED; PROFESSIONAL_REVIEW_CHAIN=Züccaciye & Mutfak > Tencere, Tava & Pişirme Kapları | Züccaciye & Mutfak > Tencere, Tava & Pişirme Kapları > Tencereler","canonical-v1.0.0","No public/pilot activation candidate in the canonical source; this package keeps it staged and fail-closed."
"CANONICAL-000476","9f10de59-7f69-4c0a-b6ee-04cdf5c2156b","Züccaciye & Mutfak > Tencere, Tava & Pişirme Kapları > Tencereler > Standart Tencereler","4","YES","YES","YES","POLICY_BLOCKED","NO","NO","NO","REGULATED","FAIL_CLOSED","pending","FAIL_CLOSED","POLICY_CHAIN=Züccaciye & Mutfak > Tencere, Tava & Pişirme Kapları:REGULATED | Züccaciye & Mutfak > Tencere, Tava & Pişirme Kapları > Tencereler:REGULATED | Züccaciye & Mutfak > Tencere, Tava & Pişirme Kapları > Tencereler > Standart Tencereler:REGULATED; PROFESSIONAL_REVIEW_CHAIN=Züccaciye & Mutfak > Tencere, Tava & Pişirme Kapları | Züccaciye & Mutfak > Tencere, Tava & Pişirme Kapları > Tencereler | Züccaciye & Mutfak > Tencere, Tava & Pişirme Kapları > Tencereler > Standart Tencereler","canonical-v1.0.0","No public/pilot activation candidate in the canonical source; this package keeps it staged and fail-closed."
"CANONICAL-000477","9ed32fef-4ab7-40aa-b536-6dd4afc20073","Züccaciye & Mutfak > Tencere, Tava & Pişirme Kapları > Tencereler > Düdüklü Tencereler","4","YES","YES","YES","POLICY_BLOCKED","NO","NO","NO","REGULATED","FAIL_CLOSED","pending","FAIL_CLOSED","POLICY_CHAIN=Züccaciye & Mutfak > Tencere, Tava & Pişirme Kapları:REGULATED | Züccaciye & Mutfak > Tencere, Tava & Pişirme Kapları > Tencereler:REGULATED | Züccaciye & Mutfak > Tencere, Tava & Pişirme Kapları > Tencereler > Düdüklü Tencereler:REGULATED; PROFESSIONAL_REVIEW_CHAIN=Züccaciye & Mutfak > Tencere, Tava & Pişirme Kapları | Züccaciye & Mutfak > Tencere, Tava & Pişirme Kapları > Tencereler | Züccaciye & Mutfak > Tencere, Tava & Pişirme Kapları > Tencereler > Düdüklü Tencereler","canonical-v1.0.0","No public/pilot activation candidate in the canonical source; this package keeps it staged and fail-closed."
"CANONICAL-000478","c5e05be7-48b1-47fa-ba12-f6bf32557622","Züccaciye & Mutfak > Tencere, Tava & Pişirme Kapları > Tavalar & Sahanlar","3","YES","YES","YES","POLICY_BLOCKED","NO","NO","NO","REGULATED","FAIL_CLOSED","pending","FAIL_CLOSED","POLICY_CHAIN=Züccaciye & Mutfak > Tencere, Tava & Pişirme Kapları:REGULATED | Züccaciye & Mutfak > Tencere, Tava & Pişirme Kapları > Tavalar & Sahanlar:REGULATED; PROFESSIONAL_REVIEW_CHAIN=Züccaciye & Mutfak > Tencere, Tava & Pişirme Kapları | Züccaciye & Mutfak > Tencere, Tava & Pişirme Kapları > Tavalar & Sahanlar","canonical-v1.0.0","No public/pilot activation candidate in the canonical source; this package keeps it staged and fail-closed."
"CANONICAL-000479","8384fecc-c004-4db4-8ea4-84aca3b8a2db","Züccaciye & Mutfak > Tencere, Tava & Pişirme Kapları > Wok","3","YES","YES","YES","POLICY_BLOCKED","NO","NO","NO","REGULATED","FAIL_CLOSED","pending","FAIL_CLOSED","POLICY_CHAIN=Züccaciye & Mutfak > Tencere, Tava & Pişirme Kapları:REGULATED | Züccaciye & Mutfak > Tencere, Tava & Pişirme Kapları > Wok:REGULATED; PROFESSIONAL_REVIEW_CHAIN=Züccaciye & Mutfak > Tencere, Tava & Pişirme Kapları | Züccaciye & Mutfak > Tencere, Tava & Pişirme Kapları > Wok","canonical-v1.0.0","No public/pilot activation candidate in the canonical source; this package keeps it staged and fail-closed."
"CANONICAL-000480","9c8d2923-1095-44d4-908f-05cef7de752b","Züccaciye & Mutfak > Fırınlama & Pişirme Gereçleri","2","NO","YES","YES","CONTAINER_NOT_ASSIGNABLE","NO","NO","NO","REGULATED","FAIL_CLOSED","pending","FAIL_CLOSED","POLICY_CHAIN=Züccaciye & Mutfak > Fırınlama & Pişirme Gereçleri:REGULATED; PROFESSIONAL_REVIEW_CHAIN=Züccaciye & Mutfak > Fırınlama & Pişirme Gereçleri","canonical-v1.0.0","No public/pilot activation candidate in the canonical source; this package keeps it staged and fail-closed."
"CANONICAL-000481","f5e46152-14c2-4607-a2c1-a01a854353bb","Züccaciye & Mutfak > Fırınlama & Pişirme Gereçleri > Fırın Kapları","3","YES","YES","YES","POLICY_BLOCKED","NO","NO","NO","REGULATED","FAIL_CLOSED","pending","FAIL_CLOSED","POLICY_CHAIN=Züccaciye & Mutfak > Fırınlama & Pişirme Gereçleri:REGULATED | Züccaciye & Mutfak > Fırınlama & Pişirme Gereçleri > Fırın Kapları:REGULATED; PROFESSIONAL_REVIEW_CHAIN=Züccaciye & Mutfak > Fırınlama & Pişirme Gereçleri | Züccaciye & Mutfak > Fırınlama & Pişirme Gereçleri > Fırın Kapları","canonical-v1.0.0","No public/pilot activation candidate in the canonical source; this package keeps it staged and fail-closed."
"CANONICAL-000482","f6deaa68-47de-4b9e-b563-301719904d26","Züccaciye & Mutfak > Fırınlama & Pişirme Gereçleri > Fırın Tepsileri","3","YES","YES","YES","POLICY_BLOCKED","NO","NO","NO","REGULATED","FAIL_CLOSED","pending","FAIL_CLOSED","POLICY_CHAIN=Züccaciye & Mutfak > Fırınlama & Pişirme Gereçleri:REGULATED | Züccaciye & Mutfak > Fırınlama & Pişirme Gereçleri > Fırın Tepsileri:REGULATED; PROFESSIONAL_REVIEW_CHAIN=Züccaciye & Mutfak > Fırınlama & Pişirme Gereçleri | Züccaciye & Mutfak > Fırınlama & Pişirme Gereçleri > Fırın Tepsileri","canonical-v1.0.0","No public/pilot activation candidate in the canonical source; this package keeps it staged and fail-closed."
"CANONICAL-000483","c6c44167-a8a8-471f-a875-d19b6a80f1e1","Züccaciye & Mutfak > Fırınlama & Pişirme Gereçleri > Kek & Pasta Kalıpları","3","YES","YES","YES","POLICY_BLOCKED","NO","NO","NO","REGULATED","FAIL_CLOSED","pending","FAIL_CLOSED","POLICY_CHAIN=Züccaciye & Mutfak > Fırınlama & Pişirme Gereçleri:REGULATED | Züccaciye & Mutfak > Fırınlama & Pişirme Gereçleri > Kek & Pasta Kalıpları:REGULATED; PROFESSIONAL_REVIEW_CHAIN=Züccaciye & Mutfak > Fırınlama & Pişirme Gereçleri | Züccaciye & Mutfak > Fırınlama & Pişirme Gereçleri > Kek & Pasta Kalıpları","canonical-v1.0.0","No public/pilot activation candidate in the canonical source; this package keeps it staged and fail-closed."
"CANONICAL-000484","6717d18d-b245-4097-b3ce-d360d14de238","Züccaciye & Mutfak > Fırınlama & Pişirme Gereçleri > Fırın Matı & Pişirme Kağıdı","3","YES","YES","YES","POLICY_BLOCKED","NO","NO","NO","REGULATED","FAIL_CLOSED","pending","FAIL_CLOSED","POLICY_CHAIN=Züccaciye & Mutfak > Fırınlama & Pişirme Gereçleri:REGULATED | Züccaciye & Mutfak > Fırınlama & Pişirme Gereçleri > Fırın Matı & Pişirme Kağıdı:REGULATED; PROFESSIONAL_REVIEW_CHAIN=Züccaciye & Mutfak > Fırınlama & Pişirme Gereçleri | Züccaciye & Mutfak > Fırınlama & Pişirme Gereçleri > Fırın Matı & Pişirme Kağıdı","canonical-v1.0.0","No public/pilot activation candidate in the canonical source; this package keeps it staged and fail-closed."
"CANONICAL-000485","caedf93d-d02d-41b8-b725-4afa0cd3f119","Züccaciye & Mutfak > Mutfak Hazırlık Gereçleri","2","NO","YES","YES","CONTAINER_NOT_ASSIGNABLE","NO","NO","NO","REGULATED","FAIL_CLOSED","pending","FAIL_CLOSED","POLICY_CHAIN=Züccaciye & Mutfak > Mutfak Hazırlık Gereçleri:REGULATED; PROFESSIONAL_REVIEW_CHAIN=Züccaciye & Mutfak > Mutfak Hazırlık Gereçleri","canonical-v1.0.0","No public/pilot activation candidate in the canonical source; this package keeps it staged and fail-closed."
"CANONICAL-000486","3b4f5873-79d7-4853-b30c-b32b8a07e491","Züccaciye & Mutfak > Mutfak Hazırlık Gereçleri > Rende, Soyacak & Dilimleyici","3","YES","YES","YES","POLICY_BLOCKED","NO","NO","NO","REGULATED","FAIL_CLOSED","pending","FAIL_CLOSED","POLICY_CHAIN=Züccaciye & Mutfak > Mutfak Hazırlık Gereçleri:REGULATED | Züccaciye & Mutfak > Mutfak Hazırlık Gereçleri > Rende, Soyacak & Dilimleyici:REGULATED; PROFESSIONAL_REVIEW_CHAIN=Züccaciye & Mutfak > Mutfak Hazırlık Gereçleri | Züccaciye & Mutfak > Mutfak Hazırlık Gereçleri > Rende, Soyacak & Dilimleyici","canonical-v1.0.0","No public/pilot activation candidate in the canonical source; this package keeps it staged and fail-closed."
"CANONICAL-000487","1869ac86-09b8-486e-b464-05188c56806f","Züccaciye & Mutfak > Mutfak Hazırlık Gereçleri > Süzgeç & Elek","3","YES","YES","YES","POLICY_BLOCKED","NO","NO","NO","REGULATED","FAIL_CLOSED","pending","FAIL_CLOSED","POLICY_CHAIN=Züccaciye & Mutfak > Mutfak Hazırlık Gereçleri:REGULATED | Züccaciye & Mutfak > Mutfak Hazırlık Gereçleri > Süzgeç & Elek:REGULATED; PROFESSIONAL_REVIEW_CHAIN=Züccaciye & Mutfak > Mutfak Hazırlık Gereçleri | Züccaciye & Mutfak > Mutfak Hazırlık Gereçleri > Süzgeç & Elek","canonical-v1.0.0","No public/pilot activation candidate in the canonical source; this package keeps it staged and fail-closed."
"CANONICAL-000488","a76d274c-28b5-4bba-986b-4c6160126143","Züccaciye & Mutfak > Mutfak Hazırlık Gereçleri > Karıştırma Kabı","3","YES","YES","YES","POLICY_BLOCKED","NO","NO","NO","REGULATED","FAIL_CLOSED","pending","FAIL_CLOSED","POLICY_CHAIN=Züccaciye & Mutfak > Mutfak Hazırlık Gereçleri:REGULATED | Züccaciye & Mutfak > Mutfak Hazırlık Gereçleri > Karıştırma Kabı:REGULATED; PROFESSIONAL_REVIEW_CHAIN=Züccaciye & Mutfak > Mutfak Hazırlık Gereçleri | Züccaciye & Mutfak > Mutfak Hazırlık Gereçleri > Karıştırma Kabı","canonical-v1.0.0","No public/pilot activation candidate in the canonical source; this package keeps it staged and fail-closed."
"CANONICAL-000489","8298d496-425b-4140-accf-82ef1cdddc57","Züccaciye & Mutfak > Mutfak Hazırlık Gereçleri > Ölçü Gereçleri","3","YES","YES","YES","POLICY_BLOCKED","NO","NO","NO","REGULATED","FAIL_CLOSED","pending","FAIL_CLOSED","POLICY_CHAIN=Züccaciye & Mutfak > Mutfak Hazırlık Gereçleri:REGULATED | Züccaciye & Mutfak > Mutfak Hazırlık Gereçleri > Ölçü Gereçleri:REGULATED; PROFESSIONAL_REVIEW_CHAIN=Züccaciye & Mutfak > Mutfak Hazırlık Gereçleri | Züccaciye & Mutfak > Mutfak Hazırlık Gereçleri > Ölçü Gereçleri","canonical-v1.0.0","No public/pilot activation candidate in the canonical source; this package keeps it staged and fail-closed."
"CANONICAL-000490","dbe86fa2-d3a7-4ce6-a7f8-e0e8d42801f9","Züccaciye & Mutfak > Mutfak Hazırlık Gereçleri > Spatula, Çırpıcı & Karıştırıcı","3","YES","YES","YES","POLICY_BLOCKED","NO","NO","NO","REGULATED","FAIL_CLOSED","pending","FAIL_CLOSED","POLICY_CHAIN=Züccaciye & Mutfak > Mutfak Hazırlık Gereçleri:REGULATED | Züccaciye & Mutfak > Mutfak Hazırlık Gereçleri > Spatula, Çırpıcı & Karıştırıcı:REGULATED; PROFESSIONAL_REVIEW_CHAIN=Züccaciye & Mutfak > Mutfak Hazırlık Gereçleri | Züccaciye & Mutfak > Mutfak Hazırlık Gereçleri > Spatula, Çırpıcı & Karıştırıcı","canonical-v1.0.0","No public/pilot activation candidate in the canonical source; this package keeps it staged and fail-closed."
"CANONICAL-000491","3939ca5a-af62-4bf1-975f-9ffa902bd562","Züccaciye & Mutfak > Mutfak Hazırlık Gereçleri > Açacaklar","3","YES","YES","YES","POLICY_BLOCKED","NO","NO","NO","REGULATED","FAIL_CLOSED","pending","FAIL_CLOSED","POLICY_CHAIN=Züccaciye & Mutfak > Mutfak Hazırlık Gereçleri:REGULATED | Züccaciye & Mutfak > Mutfak Hazırlık Gereçleri > Açacaklar:REGULATED; PROFESSIONAL_REVIEW_CHAIN=Züccaciye & Mutfak > Mutfak Hazırlık Gereçleri | Züccaciye & Mutfak > Mutfak Hazırlık Gereçleri > Açacaklar","canonical-v1.0.0","No public/pilot activation candidate in the canonical source; this package keeps it staged and fail-closed."
"CANONICAL-000492","0ef71c63-d526-4a78-92b1-6ab19b6420b1","Züccaciye & Mutfak > Bıçak & Kesme Gereçleri","2","NO","YES","YES","CONTAINER_NOT_ASSIGNABLE","NO","NO","NO","REGULATED","FAIL_CLOSED","pending","FAIL_CLOSED","POLICY_CHAIN=Züccaciye & Mutfak > Bıçak & Kesme Gereçleri:REGULATED; PROFESSIONAL_REVIEW_CHAIN=Züccaciye & Mutfak > Bıçak & Kesme Gereçleri","canonical-v1.0.0","No public/pilot activation candidate in the canonical source; this package keeps it staged and fail-closed."
"CANONICAL-000493","46fa735a-770d-454d-bf44-433874cd4e8c","Züccaciye & Mutfak > Bıçak & Kesme Gereçleri > Mutfak Bıçakları","3","NO","YES","YES","CONTAINER_NOT_ASSIGNABLE","NO","NO","NO","REGULATED","FAIL_CLOSED","pending","FAIL_CLOSED","POLICY_CHAIN=Züccaciye & Mutfak > Bıçak & Kesme Gereçleri:REGULATED | Züccaciye & Mutfak > Bıçak & Kesme Gereçleri > Mutfak Bıçakları:REGULATED; PROFESSIONAL_REVIEW_CHAIN=Züccaciye & Mutfak > Bıçak & Kesme Gereçleri | Züccaciye & Mutfak > Bıçak & Kesme Gereçleri > Mutfak Bıçakları","canonical-v1.0.0","No public/pilot activation candidate in the canonical source; this package keeps it staged and fail-closed."
"CANONICAL-000494","06211ae6-fe6c-482b-8f7a-47119ccf61e0","Züccaciye & Mutfak > Bıçak & Kesme Gereçleri > Mutfak Bıçakları > Şef Bıçağı","4","YES","YES","YES","POLICY_BLOCKED","NO","NO","NO","REGULATED","FAIL_CLOSED","pending","FAIL_CLOSED","POLICY_CHAIN=Züccaciye & Mutfak > Bıçak & Kesme Gereçleri:REGULATED | Züccaciye & Mutfak > Bıçak & Kesme Gereçleri > Mutfak Bıçakları:REGULATED | Züccaciye & Mutfak > Bıçak & Kesme Gereçleri > Mutfak Bıçakları > Şef Bıçağı:REGULATED; PROFESSIONAL_REVIEW_CHAIN=Züccaciye & Mutfak > Bıçak & Kesme Gereçleri | Züccaciye & Mutfak > Bıçak & Kesme Gereçleri > Mutfak Bıçakları | Züccaciye & Mutfak > Bıçak & Kesme Gereçleri > Mutfak Bıçakları > Şef Bıçağı","canonical-v1.0.0","No public/pilot activation candidate in the canonical source; this package keeps it staged and fail-closed."
"CANONICAL-000495","f7395494-e4a5-4a72-b141-0ee5e264ee2a","Züccaciye & Mutfak > Bıçak & Kesme Gereçleri > Mutfak Bıçakları > Ekmek Bıçağı","4","YES","YES","YES","POLICY_BLOCKED","NO","NO","NO","REGULATED","FAIL_CLOSED","pending","FAIL_CLOSED","POLICY_CHAIN=Züccaciye & Mutfak > Bıçak & Kesme Gereçleri:REGULATED | Züccaciye & Mutfak > Bıçak & Kesme Gereçleri > Mutfak Bıçakları:REGULATED | Züccaciye & Mutfak > Bıçak & Kesme Gereçleri > Mutfak Bıçakları > Ekmek Bıçağı:REGULATED; PROFESSIONAL_REVIEW_CHAIN=Züccaciye & Mutfak > Bıçak & Kesme Gereçleri | Züccaciye & Mutfak > Bıçak & Kesme Gereçleri > Mutfak Bıçakları | Züccaciye & Mutfak > Bıçak & Kesme Gereçleri > Mutfak Bıçakları > Ekmek Bıçağı","canonical-v1.0.0","No public/pilot activation candidate in the canonical source; this package keeps it staged and fail-closed."
"CANONICAL-000496","1dd9fb3f-fab0-4c56-9bea-4ab978f3276e","Züccaciye & Mutfak > Bıçak & Kesme Gereçleri > Mutfak Bıçakları > Soyma & Doğrama Bıçağı","4","YES","YES","YES","POLICY_BLOCKED","NO","NO","NO","REGULATED","FAIL_CLOSED","pending","FAIL_CLOSED","POLICY_CHAIN=Züccaciye & Mutfak > Bıçak & Kesme Gereçleri:REGULATED | Züccaciye & Mutfak > Bıçak & Kesme Gereçleri > Mutfak Bıçakları:REGULATED | Züccaciye & Mutfak > Bıçak & Kesme Gereçleri > Mutfak Bıçakları > Soyma & Doğrama Bıçağı:REGULATED; PROFESSIONAL_REVIEW_CHAIN=Züccaciye & Mutfak > Bıçak & Kesme Gereçleri | Züccaciye & Mutfak > Bıçak & Kesme Gereçleri > Mutfak Bıçakları | Züccaciye & Mutfak > Bıçak & Kesme Gereçleri > Mutfak Bıçakları > Soyma & Doğrama Bıçağı","canonical-v1.0.0","No public/pilot activation candidate in the canonical source; this package keeps it staged and fail-closed."
"CANONICAL-000497","1254cdc6-5ceb-4483-9ea2-97d47346dce2","Züccaciye & Mutfak > Bıçak & Kesme Gereçleri > Mutfak Makası","3","YES","YES","YES","POLICY_BLOCKED","NO","NO","NO","REGULATED","FAIL_CLOSED","pending","FAIL_CLOSED","POLICY_CHAIN=Züccaciye & Mutfak > Bıçak & Kesme Gereçleri:REGULATED | Züccaciye & Mutfak > Bıçak & Kesme Gereçleri > Mutfak Makası:REGULATED; PROFESSIONAL_REVIEW_CHAIN=Züccaciye & Mutfak > Bıçak & Kesme Gereçleri | Züccaciye & Mutfak > Bıçak & Kesme Gereçleri > Mutfak Makası","canonical-v1.0.0","No public/pilot activation candidate in the canonical source; this package keeps it staged and fail-closed."
"CANONICAL-000498","be8e0467-9c5f-470d-8b76-1fabb4cb4dff","Züccaciye & Mutfak > Bıçak & Kesme Gereçleri > Kesme Tahtası","3","YES","YES","YES","POLICY_BLOCKED","NO","NO","NO","REGULATED","FAIL_CLOSED","pending","FAIL_CLOSED","POLICY_CHAIN=Züccaciye & Mutfak > Bıçak & Kesme Gereçleri:REGULATED | Züccaciye & Mutfak > Bıçak & Kesme Gereçleri > Kesme Tahtası:REGULATED; PROFESSIONAL_REVIEW_CHAIN=Züccaciye & Mutfak > Bıçak & Kesme Gereçleri | Züccaciye & Mutfak > Bıçak & Kesme Gereçleri > Kesme Tahtası","canonical-v1.0.0","No public/pilot activation candidate in the canonical source; this package keeps it staged and fail-closed."
"CANONICAL-000499","04f07485-bc05-46a6-a4fe-3d840a0fdc76","Züccaciye & Mutfak > Bıçak & Kesme Gereçleri > Bıçak Bileme Gereçleri","3","YES","YES","YES","POLICY_BLOCKED","NO","NO","NO","REGULATED","FAIL_CLOSED","pending","FAIL_CLOSED","POLICY_CHAIN=Züccaciye & Mutfak > Bıçak & Kesme Gereçleri:REGULATED | Züccaciye & Mutfak > Bıçak & Kesme Gereçleri > Bıçak Bileme Gereçleri:REGULATED; PROFESSIONAL_REVIEW_CHAIN=Züccaciye & Mutfak > Bıçak & Kesme Gereçleri | Züccaciye & Mutfak > Bıçak & Kesme Gereçleri > Bıçak Bileme Gereçleri","canonical-v1.0.0","No public/pilot activation candidate in the canonical source; this package keeps it staged and fail-closed."
"CANONICAL-000500","42e4b4a2-8b92-49cb-b84f-6443323f98f8","Züccaciye & Mutfak > Sofra & Yemek Takımları","2","NO","YES","YES","CONTAINER_NOT_ASSIGNABLE","NO","NO","NO","REGULATED","FAIL_CLOSED","pending","FAIL_CLOSED","POLICY_CHAIN=Züccaciye & Mutfak > Sofra & Yemek Takımları:REGULATED; PROFESSIONAL_REVIEW_CHAIN=Züccaciye & Mutfak > Sofra & Yemek Takımları","canonical-v1.0.0","No public/pilot activation candidate in the canonical source; this package keeps it staged and fail-closed."
"CANONICAL-000501","a3f82425-7fe8-43b6-aa39-f7781a0314be","Züccaciye & Mutfak > Sofra & Yemek Takımları > Tabaklar","3","YES","YES","YES","POLICY_BLOCKED","NO","NO","NO","REGULATED","FAIL_CLOSED","pending","FAIL_CLOSED","POLICY_CHAIN=Züccaciye & Mutfak > Sofra & Yemek Takımları:REGULATED | Züccaciye & Mutfak > Sofra & Yemek Takımları > Tabaklar:REGULATED; PROFESSIONAL_REVIEW_CHAIN=Züccaciye & Mutfak > Sofra & Yemek Takımları | Züccaciye & Mutfak > Sofra & Yemek Takımları > Tabaklar","canonical-v1.0.0","No public/pilot activation candidate in the canonical source; this package keeps it staged and fail-closed."
"CANONICAL-000502","e3b799f8-985c-44fb-96f0-9b8e3a1ced30","Züccaciye & Mutfak > Sofra & Yemek Takımları > Kaseler","3","YES","YES","YES","POLICY_BLOCKED","NO","NO","NO","REGULATED","FAIL_CLOSED","pending","FAIL_CLOSED","POLICY_CHAIN=Züccaciye & Mutfak > Sofra & Yemek Takımları:REGULATED | Züccaciye & Mutfak > Sofra & Yemek Takımları > Kaseler:REGULATED; PROFESSIONAL_REVIEW_CHAIN=Züccaciye & Mutfak > Sofra & Yemek Takımları | Züccaciye & Mutfak > Sofra & Yemek Takımları > Kaseler","canonical-v1.0.0","No public/pilot activation candidate in the canonical source; this package keeps it staged and fail-closed."
"CANONICAL-000503","554d6213-1441-4b46-8080-9399f5d17d79","Züccaciye & Mutfak > Sofra & Yemek Takımları > Yemek & Kahvaltı Takımları","3","YES","YES","YES","POLICY_BLOCKED","NO","NO","NO","REGULATED","FAIL_CLOSED","pending","FAIL_CLOSED","POLICY_CHAIN=Züccaciye & Mutfak > Sofra & Yemek Takımları:REGULATED | Züccaciye & Mutfak > Sofra & Yemek Takımları > Yemek & Kahvaltı Takımları:REGULATED; PROFESSIONAL_REVIEW_CHAIN=Züccaciye & Mutfak > Sofra & Yemek Takımları | Züccaciye & Mutfak > Sofra & Yemek Takımları > Yemek & Kahvaltı Takımları","canonical-v1.0.0","No public/pilot activation candidate in the canonical source; this package keeps it staged and fail-closed."
"CANONICAL-000504","40529561-9f25-46b8-9423-9e3d65178ee4","Züccaciye & Mutfak > Sofra & Yemek Takımları > Sosluk & Sunum Kapları","3","YES","YES","YES","POLICY_BLOCKED","NO","NO","NO","REGULATED","FAIL_CLOSED","pending","FAIL_CLOSED","POLICY_CHAIN=Züccaciye & Mutfak > Sofra & Yemek Takımları:REGULATED | Züccaciye & Mutfak > Sofra & Yemek Takımları > Sosluk & Sunum Kapları:REGULATED; PROFESSIONAL_REVIEW_CHAIN=Züccaciye & Mutfak > Sofra & Yemek Takımları | Züccaciye & Mutfak > Sofra & Yemek Takımları > Sosluk & Sunum Kapları","canonical-v1.0.0","No public/pilot activation candidate in the canonical source; this package keeps it staged and fail-closed."
"CANONICAL-000505","0fd5319b-349f-4261-a367-4db1d469292d","Züccaciye & Mutfak > Çatal, Kaşık & Servis Gereçleri","2","NO","YES","YES","CONTAINER_NOT_ASSIGNABLE","NO","NO","NO","REGULATED","FAIL_CLOSED","pending","FAIL_CLOSED","POLICY_CHAIN=Züccaciye & Mutfak > Çatal, Kaşık & Servis Gereçleri:REGULATED; PROFESSIONAL_REVIEW_CHAIN=Züccaciye & Mutfak > Çatal, Kaşık & Servis Gereçleri","canonical-v1.0.0","No public/pilot activation candidate in the canonical source; this package keeps it staged and fail-closed."
"CANONICAL-000506","fcd114be-7e47-4fd6-a7a5-a60fdc3ed394","Züccaciye & Mutfak > Çatal, Kaşık & Servis Gereçleri > Sofra Çatal, Kaşık & Bıçakları","3","YES","YES","YES","POLICY_BLOCKED","NO","NO","NO","REGULATED","FAIL_CLOSED","pending","FAIL_CLOSED","POLICY_CHAIN=Züccaciye & Mutfak > Çatal, Kaşık & Servis Gereçleri:REGULATED | Züccaciye & Mutfak > Çatal, Kaşık & Servis Gereçleri > Sofra Çatal, Kaşık & Bıçakları:REGULATED; PROFESSIONAL_REVIEW_CHAIN=Züccaciye & Mutfak > Çatal, Kaşık & Servis Gereçleri | Züccaciye & Mutfak > Çatal, Kaşık & Servis Gereçleri > Sofra Çatal, Kaşık & Bıçakları","canonical-v1.0.0","No public/pilot activation candidate in the canonical source; this package keeps it staged and fail-closed."
"CANONICAL-000507","86ada209-e0b7-4cc0-b045-9861be9b9c03","Züccaciye & Mutfak > Çatal, Kaşık & Servis Gereçleri > Kepçe & Servis Kaşığı","3","YES","YES","YES","POLICY_BLOCKED","NO","NO","NO","REGULATED","FAIL_CLOSED","pending","FAIL_CLOSED","POLICY_CHAIN=Züccaciye & Mutfak > Çatal, Kaşık & Servis Gereçleri:REGULATED | Züccaciye & Mutfak > Çatal, Kaşık & Servis Gereçleri > Kepçe & Servis Kaşığı:REGULATED; PROFESSIONAL_REVIEW_CHAIN=Züccaciye & Mutfak > Çatal, Kaşık & Servis Gereçleri | Züccaciye & Mutfak > Çatal, Kaşık & Servis Gereçleri > Kepçe & Servis Kaşığı","canonical-v1.0.0","No public/pilot activation candidate in the canonical source; this package keeps it staged and fail-closed."
"CANONICAL-000508","6776b0aa-da99-4b4f-9723-5ede2984da5c","Züccaciye & Mutfak > Çatal, Kaşık & Servis Gereçleri > Maşa & Servis Aparatları","3","YES","YES","YES","POLICY_BLOCKED","NO","NO","NO","REGULATED","FAIL_CLOSED","pending","FAIL_CLOSED","POLICY_CHAIN=Züccaciye & Mutfak > Çatal, Kaşık & Servis Gereçleri:REGULATED | Züccaciye & Mutfak > Çatal, Kaşık & Servis Gereçleri > Maşa & Servis Aparatları:REGULATED; PROFESSIONAL_REVIEW_CHAIN=Züccaciye & Mutfak > Çatal, Kaşık & Servis Gereçleri | Züccaciye & Mutfak > Çatal, Kaşık & Servis Gereçleri > Maşa & Servis Aparatları","canonical-v1.0.0","No public/pilot activation candidate in the canonical source; this package keeps it staged and fail-closed."
"CANONICAL-000509","233a30e1-17c3-4605-97f9-2e13e0bc2402","Züccaciye & Mutfak > Çatal, Kaşık & Servis Gereçleri > Tepsi & Nihale","3","YES","YES","YES","POLICY_BLOCKED","NO","NO","NO","REGULATED","FAIL_CLOSED","pending","FAIL_CLOSED","POLICY_CHAIN=Züccaciye & Mutfak > Çatal, Kaşık & Servis Gereçleri:REGULATED | Züccaciye & Mutfak > Çatal, Kaşık & Servis Gereçleri > Tepsi & Nihale:REGULATED; PROFESSIONAL_REVIEW_CHAIN=Züccaciye & Mutfak > Çatal, Kaşık & Servis Gereçleri | Züccaciye & Mutfak > Çatal, Kaşık & Servis Gereçleri > Tepsi & Nihale","canonical-v1.0.0","No public/pilot activation candidate in the canonical source; this package keeps it staged and fail-closed."
"CANONICAL-000510","d3f35d6f-985d-4103-a6a6-75de1482bf22","Züccaciye & Mutfak > Bardak, Kupa & İçecek Servisi","2","NO","YES","YES","CONTAINER_NOT_ASSIGNABLE","NO","NO","NO","REGULATED","FAIL_CLOSED","pending","FAIL_CLOSED","POLICY_CHAIN=Züccaciye & Mutfak > Bardak, Kupa & İçecek Servisi:REGULATED; PROFESSIONAL_REVIEW_CHAIN=Züccaciye & Mutfak > Bardak, Kupa & İçecek Servisi","canonical-v1.0.0","No public/pilot activation candidate in the canonical source; this package keeps it staged and fail-closed."
"CANONICAL-000511","95d089eb-5295-4223-865f-e55807eba56e","Züccaciye & Mutfak > Bardak, Kupa & İçecek Servisi > Su & Meşrubat Bardakları","3","YES","YES","YES","POLICY_BLOCKED","NO","NO","NO","REGULATED","FAIL_CLOSED","pending","FAIL_CLOSED","POLICY_CHAIN=Züccaciye & Mutfak > Bardak, Kupa & İçecek Servisi:REGULATED | Züccaciye & Mutfak > Bardak, Kupa & İçecek Servisi > Su & Meşrubat Bardakları:REGULATED; PROFESSIONAL_REVIEW_CHAIN=Züccaciye & Mutfak > Bardak, Kupa & İçecek Servisi | Züccaciye & Mutfak > Bardak, Kupa & İçecek Servisi > Su & Meşrubat Bardakları","canonical-v1.0.0","No public/pilot activation candidate in the canonical source; this package keeps it staged and fail-closed."
"CANONICAL-000512","a55c7efc-0f72-4636-b98d-d401cb188a74","Züccaciye & Mutfak > Bardak, Kupa & İçecek Servisi > Çay Bardağı & Fincan","3","YES","YES","YES","POLICY_BLOCKED","NO","NO","NO","REGULATED","FAIL_CLOSED","pending","FAIL_CLOSED","POLICY_CHAIN=Züccaciye & Mutfak > Bardak, Kupa & İçecek Servisi:REGULATED | Züccaciye & Mutfak > Bardak, Kupa & İçecek Servisi > Çay Bardağı & Fincan:REGULATED; PROFESSIONAL_REVIEW_CHAIN=Züccaciye & Mutfak > Bardak, Kupa & İçecek Servisi | Züccaciye & Mutfak > Bardak, Kupa & İçecek Servisi > Çay Bardağı & Fincan","canonical-v1.0.0","No public/pilot activation candidate in the canonical source; this package keeps it staged and fail-closed."
"CANONICAL-000513","4fab166c-acbb-444e-a6c9-5f2d7b90cebe","Züccaciye & Mutfak > Bardak, Kupa & İçecek Servisi > Kupa","3","YES","YES","YES","POLICY_BLOCKED","NO","NO","NO","REGULATED","FAIL_CLOSED","pending","FAIL_CLOSED","POLICY_CHAIN=Züccaciye & Mutfak > Bardak, Kupa & İçecek Servisi:REGULATED | Züccaciye & Mutfak > Bardak, Kupa & İçecek Servisi > Kupa:REGULATED; PROFESSIONAL_REVIEW_CHAIN=Züccaciye & Mutfak > Bardak, Kupa & İçecek Servisi | Züccaciye & Mutfak > Bardak, Kupa & İçecek Servisi > Kupa","canonical-v1.0.0","No public/pilot activation candidate in the canonical source; this package keeps it staged and fail-closed."
"CANONICAL-000514","f36d4390-8e24-4eda-b13c-d5037fb24a6b","Züccaciye & Mutfak > Bardak, Kupa & İçecek Servisi > Sürahi & Karaf","3","YES","YES","YES","POLICY_BLOCKED","NO","NO","NO","REGULATED","FAIL_CLOSED","pending","FAIL_CLOSED","POLICY_CHAIN=Züccaciye & Mutfak > Bardak, Kupa & İçecek Servisi:REGULATED | Züccaciye & Mutfak > Bardak, Kupa & İçecek Servisi > Sürahi & Karaf:REGULATED; PROFESSIONAL_REVIEW_CHAIN=Züccaciye & Mutfak > Bardak, Kupa & İçecek Servisi | Züccaciye & Mutfak > Bardak, Kupa & İçecek Servisi > Sürahi & Karaf","canonical-v1.0.0","No public/pilot activation candidate in the canonical source; this package keeps it staged and fail-closed."
"CANONICAL-000515","459bef66-46e7-49c8-a3b3-412ec8fde617","Züccaciye & Mutfak > Bardak, Kupa & İçecek Servisi > İçecek Takımları","3","YES","YES","YES","POLICY_BLOCKED","NO","NO","NO","REGULATED","FAIL_CLOSED","pending","FAIL_CLOSED","POLICY_CHAIN=Züccaciye & Mutfak > Bardak, Kupa & İçecek Servisi:REGULATED | Züccaciye & Mutfak > Bardak, Kupa & İçecek Servisi > İçecek Takımları:REGULATED; PROFESSIONAL_REVIEW_CHAIN=Züccaciye & Mutfak > Bardak, Kupa & İçecek Servisi | Züccaciye & Mutfak > Bardak, Kupa & İçecek Servisi > İçecek Takımları","canonical-v1.0.0","No public/pilot activation candidate in the canonical source; this package keeps it staged and fail-closed."
"CANONICAL-000516","49b9e64a-cba3-4294-92b9-e7807e745946","Züccaciye & Mutfak > Çay & Kahve Demleme Gereçleri","2","NO","YES","YES","CONTAINER_NOT_ASSIGNABLE","NO","NO","NO","REGULATED","FAIL_CLOSED","pending","FAIL_CLOSED","POLICY_CHAIN=Züccaciye & Mutfak > Çay & Kahve Demleme Gereçleri:REGULATED; PROFESSIONAL_REVIEW_CHAIN=Züccaciye & Mutfak > Çay & Kahve Demleme Gereçleri","canonical-v1.0.0","No public/pilot activation candidate in the canonical source; this package keeps it staged and fail-closed."
"CANONICAL-000517","0492e046-2a62-4e31-9b6e-4db79415a9f5","Züccaciye & Mutfak > Çay & Kahve Demleme Gereçleri > Çaydanlık","3","YES","YES","YES","POLICY_BLOCKED","NO","NO","NO","REGULATED","FAIL_CLOSED","pending","FAIL_CLOSED","POLICY_CHAIN=Züccaciye & Mutfak > Çay & Kahve Demleme Gereçleri:REGULATED | Züccaciye & Mutfak > Çay & Kahve Demleme Gereçleri > Çaydanlık:REGULATED; PROFESSIONAL_REVIEW_CHAIN=Züccaciye & Mutfak > Çay & Kahve Demleme Gereçleri | Züccaciye & Mutfak > Çay & Kahve Demleme Gereçleri > Çaydanlık","canonical-v1.0.0","No public/pilot activation candidate in the canonical source; this package keeps it staged and fail-closed."
"CANONICAL-000518","4482813b-6342-4b18-b440-77cd3c1221a0","Züccaciye & Mutfak > Çay & Kahve Demleme Gereçleri > Cezve","3","YES","YES","YES","POLICY_BLOCKED","NO","NO","NO","REGULATED","FAIL_CLOSED","pending","FAIL_CLOSED","POLICY_CHAIN=Züccaciye & Mutfak > Çay & Kahve Demleme Gereçleri:REGULATED | Züccaciye & Mutfak > Çay & Kahve Demleme Gereçleri > Cezve:REGULATED; PROFESSIONAL_REVIEW_CHAIN=Züccaciye & Mutfak > Çay & Kahve Demleme Gereçleri | Züccaciye & Mutfak > Çay & Kahve Demleme Gereçleri > Cezve","canonical-v1.0.0","No public/pilot activation candidate in the canonical source; this package keeps it staged and fail-closed."
"CANONICAL-000519","1438dd7d-1ff3-4ce8-b0c2-feb018ec465f","Züccaciye & Mutfak > Çay & Kahve Demleme Gereçleri > French Press","3","YES","YES","YES","POLICY_BLOCKED","NO","NO","NO","REGULATED","FAIL_CLOSED","pending","FAIL_CLOSED","POLICY_CHAIN=Züccaciye & Mutfak > Çay & Kahve Demleme Gereçleri:REGULATED | Züccaciye & Mutfak > Çay & Kahve Demleme Gereçleri > French Press:REGULATED; PROFESSIONAL_REVIEW_CHAIN=Züccaciye & Mutfak > Çay & Kahve Demleme Gereçleri | Züccaciye & Mutfak > Çay & Kahve Demleme Gereçleri > French Press","canonical-v1.0.0","No public/pilot activation candidate in the canonical source; this package keeps it staged and fail-closed."
"CANONICAL-000520","9ae8254d-33db-4427-91fa-a2065659ccaa","Züccaciye & Mutfak > Çay & Kahve Demleme Gereçleri > Moka Pot","3","YES","YES","YES","POLICY_BLOCKED","NO","NO","NO","REGULATED","FAIL_CLOSED","pending","FAIL_CLOSED","POLICY_CHAIN=Züccaciye & Mutfak > Çay & Kahve Demleme Gereçleri:REGULATED | Züccaciye & Mutfak > Çay & Kahve Demleme Gereçleri > Moka Pot:REGULATED; PROFESSIONAL_REVIEW_CHAIN=Züccaciye & Mutfak > Çay & Kahve Demleme Gereçleri | Züccaciye & Mutfak > Çay & Kahve Demleme Gereçleri > Moka Pot","canonical-v1.0.0","No public/pilot activation candidate in the canonical source; this package keeps it staged and fail-closed."
"CANONICAL-000521","b999eab1-3905-4b07-949b-f64d98121443","Züccaciye & Mutfak > Çay & Kahve Demleme Gereçleri > Pour-Over & Dripper","3","YES","YES","YES","POLICY_BLOCKED","NO","NO","NO","REGULATED","FAIL_CLOSED","pending","FAIL_CLOSED","POLICY_CHAIN=Züccaciye & Mutfak > Çay & Kahve Demleme Gereçleri:REGULATED | Züccaciye & Mutfak > Çay & Kahve Demleme Gereçleri > Pour-Over & Dripper:REGULATED; PROFESSIONAL_REVIEW_CHAIN=Züccaciye & Mutfak > Çay & Kahve Demleme Gereçleri | Züccaciye & Mutfak > Çay & Kahve Demleme Gereçleri > Pour-Over & Dripper","canonical-v1.0.0","No public/pilot activation candidate in the canonical source; this package keeps it staged and fail-closed."
"CANONICAL-000522","b7e37b62-047d-4df5-9621-ca805d7219b5","Züccaciye & Mutfak > Çay & Kahve Demleme Gereçleri > Manuel Kahve Değirmeni","3","YES","YES","YES","POLICY_BLOCKED","NO","NO","NO","REGULATED","FAIL_CLOSED","pending","FAIL_CLOSED","POLICY_CHAIN=Züccaciye & Mutfak > Çay & Kahve Demleme Gereçleri:REGULATED | Züccaciye & Mutfak > Çay & Kahve Demleme Gereçleri > Manuel Kahve Değirmeni:REGULATED; PROFESSIONAL_REVIEW_CHAIN=Züccaciye & Mutfak > Çay & Kahve Demleme Gereçleri | Züccaciye & Mutfak > Çay & Kahve Demleme Gereçleri > Manuel Kahve Değirmeni","canonical-v1.0.0","No public/pilot activation candidate in the canonical source; this package keeps it staged and fail-closed."
"CANONICAL-000523","d44661a7-aa48-4a00-9aff-241c1637ede1","Züccaciye & Mutfak > Saklama & Mutfak Düzenleme","2","NO","YES","YES","CONTAINER_NOT_ASSIGNABLE","NO","NO","NO","REGULATED","FAIL_CLOSED","pending","FAIL_CLOSED","POLICY_CHAIN=Züccaciye & Mutfak > Saklama & Mutfak Düzenleme:REGULATED; PROFESSIONAL_REVIEW_CHAIN=Züccaciye & Mutfak > Saklama & Mutfak Düzenleme","canonical-v1.0.0","No public/pilot activation candidate in the canonical source; this package keeps it staged and fail-closed."
"CANONICAL-000524","7601eed0-0d18-4c18-a75c-262d0999a8e2","Züccaciye & Mutfak > Saklama & Mutfak Düzenleme > Gıda Saklama Kapları","3","YES","YES","YES","POLICY_BLOCKED","NO","NO","NO","REGULATED","FAIL_CLOSED","pending","FAIL_CLOSED","POLICY_CHAIN=Züccaciye & Mutfak > Saklama & Mutfak Düzenleme:REGULATED | Züccaciye & Mutfak > Saklama & Mutfak Düzenleme > Gıda Saklama Kapları:REGULATED; PROFESSIONAL_REVIEW_CHAIN=Züccaciye & Mutfak > Saklama & Mutfak Düzenleme | Züccaciye & Mutfak > Saklama & Mutfak Düzenleme > Gıda Saklama Kapları","canonical-v1.0.0","No public/pilot activation candidate in the canonical source; this package keeps it staged and fail-closed."
"CANONICAL-000525","cb78323d-4d04-4dba-8e46-ae22a70dbbe2","Züccaciye & Mutfak > Saklama & Mutfak Düzenleme > Kavanozlar","3","YES","YES","YES","POLICY_BLOCKED","NO","NO","NO","REGULATED","FAIL_CLOSED","pending","FAIL_CLOSED","POLICY_CHAIN=Züccaciye & Mutfak > Saklama & Mutfak Düzenleme:REGULATED | Züccaciye & Mutfak > Saklama & Mutfak Düzenleme > Kavanozlar:REGULATED; PROFESSIONAL_REVIEW_CHAIN=Züccaciye & Mutfak > Saklama & Mutfak Düzenleme | Züccaciye & Mutfak > Saklama & Mutfak Düzenleme > Kavanozlar","canonical-v1.0.0","No public/pilot activation candidate in the canonical source; this package keeps it staged and fail-closed."
"CANONICAL-000526","34b8c7a0-50a5-4c4e-a166-5ad98906a293","Züccaciye & Mutfak > Saklama & Mutfak Düzenleme > Baharatlık, Yağlık & Sirkelik","3","YES","YES","YES","POLICY_BLOCKED","NO","NO","NO","REGULATED","FAIL_CLOSED","pending","FAIL_CLOSED","POLICY_CHAIN=Züccaciye & Mutfak > Saklama & Mutfak Düzenleme:REGULATED | Züccaciye & Mutfak > Saklama & Mutfak Düzenleme > Baharatlık, Yağlık & Sirkelik:REGULATED; PROFESSIONAL_REVIEW_CHAIN=Züccaciye & Mutfak > Saklama & Mutfak Düzenleme | Züccaciye & Mutfak > Saklama & Mutfak Düzenleme > Baharatlık, Yağlık & Sirkelik","canonical-v1.0.0","No public/pilot activation candidate in the canonical source; this package keeps it staged and fail-closed."
"CANONICAL-000527","88d970d8-d7d2-4640-8186-8a0397edb989","Züccaciye & Mutfak > Saklama & Mutfak Düzenleme > Mutfak Düzenleyiciler","3","YES","YES","YES","POLICY_BLOCKED","NO","NO","NO","NORMAL","FAIL_CLOSED","not_required","FAIL_CLOSED","POLICY_CHAIN=Züccaciye & Mutfak > Saklama & Mutfak Düzenleme:REGULATED; PROFESSIONAL_REVIEW_CHAIN=Züccaciye & Mutfak > Saklama & Mutfak Düzenleme","canonical-v1.0.0","No public/pilot activation candidate in the canonical source; this package keeps it staged and fail-closed."
"CANONICAL-000528","68a4816c-4720-4c8f-8bad-d6e10a68f321","Züccaciye & Mutfak > Saklama & Mutfak Düzenleme > Ekmek Kutusu","3","YES","YES","YES","POLICY_BLOCKED","NO","NO","NO","REGULATED","FAIL_CLOSED","pending","FAIL_CLOSED","POLICY_CHAIN=Züccaciye & Mutfak > Saklama & Mutfak Düzenleme:REGULATED | Züccaciye & Mutfak > Saklama & Mutfak Düzenleme > Ekmek Kutusu:REGULATED; PROFESSIONAL_REVIEW_CHAIN=Züccaciye & Mutfak > Saklama & Mutfak Düzenleme | Züccaciye & Mutfak > Saklama & Mutfak Düzenleme > Ekmek Kutusu","canonical-v1.0.0","No public/pilot activation candidate in the canonical source; this package keeps it staged and fail-closed."
"CANONICAL-000529","f48e3eb0-4da1-4ba1-8b57-d7dbbebf603c","Züccaciye & Mutfak > Termos, Matara & Yiyecek Taşıma","2","NO","YES","YES","CONTAINER_NOT_ASSIGNABLE","NO","NO","NO","REGULATED","FAIL_CLOSED","pending","FAIL_CLOSED","POLICY_CHAIN=Züccaciye & Mutfak > Termos, Matara & Yiyecek Taşıma:REGULATED; PROFESSIONAL_REVIEW_CHAIN=Züccaciye & Mutfak > Termos, Matara & Yiyecek Taşıma","canonical-v1.0.0","No public/pilot activation candidate in the canonical source; this package keeps it staged and fail-closed."
"CANONICAL-000530","37f92044-b2d2-4a9c-84e7-119c33e622d9","Züccaciye & Mutfak > Termos, Matara & Yiyecek Taşıma > Termos","3","YES","YES","YES","POLICY_BLOCKED","NO","NO","NO","REGULATED","FAIL_CLOSED","pending","FAIL_CLOSED","POLICY_CHAIN=Züccaciye & Mutfak > Termos, Matara & Yiyecek Taşıma:REGULATED | Züccaciye & Mutfak > Termos, Matara & Yiyecek Taşıma > Termos:REGULATED; PROFESSIONAL_REVIEW_CHAIN=Züccaciye & Mutfak > Termos, Matara & Yiyecek Taşıma | Züccaciye & Mutfak > Termos, Matara & Yiyecek Taşıma > Termos","canonical-v1.0.0","No public/pilot activation candidate in the canonical source; this package keeps it staged and fail-closed."
"CANONICAL-000531","e5c0cae3-93dd-4fd1-aaab-e83db8a043f0","Züccaciye & Mutfak > Termos, Matara & Yiyecek Taşıma > Matara","3","YES","YES","YES","POLICY_BLOCKED","NO","NO","NO","REGULATED","FAIL_CLOSED","pending","FAIL_CLOSED","POLICY_CHAIN=Züccaciye & Mutfak > Termos, Matara & Yiyecek Taşıma:REGULATED | Züccaciye & Mutfak > Termos, Matara & Yiyecek Taşıma > Matara:REGULATED; PROFESSIONAL_REVIEW_CHAIN=Züccaciye & Mutfak > Termos, Matara & Yiyecek Taşıma | Züccaciye & Mutfak > Termos, Matara & Yiyecek Taşıma > Matara","canonical-v1.0.0","No public/pilot activation candidate in the canonical source; this package keeps it staged and fail-closed."
"CANONICAL-000532","4de505f2-ea96-4bce-b16a-7b6a30073534","Züccaciye & Mutfak > Termos, Matara & Yiyecek Taşıma > Termal Kupa","3","YES","YES","YES","POLICY_BLOCKED","NO","NO","NO","REGULATED","FAIL_CLOSED","pending","FAIL_CLOSED","POLICY_CHAIN=Züccaciye & Mutfak > Termos, Matara & Yiyecek Taşıma:REGULATED | Züccaciye & Mutfak > Termos, Matara & Yiyecek Taşıma > Termal Kupa:REGULATED; PROFESSIONAL_REVIEW_CHAIN=Züccaciye & Mutfak > Termos, Matara & Yiyecek Taşıma | Züccaciye & Mutfak > Termos, Matara & Yiyecek Taşıma > Termal Kupa","canonical-v1.0.0","No public/pilot activation candidate in the canonical source; this package keeps it staged and fail-closed."
"CANONICAL-000533","21e9cfd0-2d08-483b-b7bc-d8947378e0cb","Züccaciye & Mutfak > Termos, Matara & Yiyecek Taşıma > Beslenme Kutusu","3","YES","YES","YES","POLICY_BLOCKED","NO","NO","NO","REGULATED","FAIL_CLOSED","pending","FAIL_CLOSED","POLICY_CHAIN=Züccaciye & Mutfak > Termos, Matara & Yiyecek Taşıma:REGULATED | Züccaciye & Mutfak > Termos, Matara & Yiyecek Taşıma > Beslenme Kutusu:REGULATED; PROFESSIONAL_REVIEW_CHAIN=Züccaciye & Mutfak > Termos, Matara & Yiyecek Taşıma | Züccaciye & Mutfak > Termos, Matara & Yiyecek Taşıma > Beslenme Kutusu","canonical-v1.0.0","No public/pilot activation candidate in the canonical source; this package keeps it staged and fail-closed."
"CANONICAL-000534","5fbc0a71-ff4a-4608-b366-411b24e4eb2a","Züccaciye & Mutfak > Termos, Matara & Yiyecek Taşıma > Sefer Tası","3","YES","YES","YES","POLICY_BLOCKED","NO","NO","NO","REGULATED","FAIL_CLOSED","pending","FAIL_CLOSED","POLICY_CHAIN=Züccaciye & Mutfak > Termos, Matara & Yiyecek Taşıma:REGULATED | Züccaciye & Mutfak > Termos, Matara & Yiyecek Taşıma > Sefer Tası:REGULATED; PROFESSIONAL_REVIEW_CHAIN=Züccaciye & Mutfak > Termos, Matara & Yiyecek Taşıma | Züccaciye & Mutfak > Termos, Matara & Yiyecek Taşıma > Sefer Tası","canonical-v1.0.0","No public/pilot activation candidate in the canonical source; this package keeps it staged and fail-closed."
"CANONICAL-000535","6e0e82f8-c0d5-4c23-a089-61d825b74019","Züccaciye & Mutfak > Termos, Matara & Yiyecek Taşıma > Tüketici Tipi Soğutucu Çanta","3","YES","YES","YES","POLICY_BLOCKED","NO","NO","NO","REGULATED","FAIL_CLOSED","pending","FAIL_CLOSED","POLICY_CHAIN=Züccaciye & Mutfak > Termos, Matara & Yiyecek Taşıma:REGULATED | Züccaciye & Mutfak > Termos, Matara & Yiyecek Taşıma > Tüketici Tipi Soğutucu Çanta:REGULATED; PROFESSIONAL_REVIEW_CHAIN=Züccaciye & Mutfak > Termos, Matara & Yiyecek Taşıma | Züccaciye & Mutfak > Termos, Matara & Yiyecek Taşıma > Tüketici Tipi Soğutucu Çanta","canonical-v1.0.0","No public/pilot activation candidate in the canonical source; this package keeps it staged and fail-closed."
"CANONICAL-000536","6eb2d8fb-a8d8-4193-9606-f28ce79e5b72","Züccaciye & Mutfak > Mutfak Tekstili","2","NO","YES","YES","CONTAINER_NOT_ASSIGNABLE","NO","NO","NO","NORMAL","PASS","pending","FAIL_CLOSED","PROFESSIONAL_REVIEW_CHAIN=Züccaciye & Mutfak > Mutfak Tekstili","canonical-v1.0.0","No public/pilot activation candidate in the canonical source; this package keeps it staged and fail-closed."
"CANONICAL-000537","b533284c-8ed3-421a-8ea9-240f97734666","Züccaciye & Mutfak > Mutfak Tekstili > Mutfak Önlüğü","3","YES","YES","YES","PROFESSIONAL_REVIEW","NO","NO","NO","NORMAL","PASS","not_required","FAIL_CLOSED","PROFESSIONAL_REVIEW_CHAIN=Züccaciye & Mutfak > Mutfak Tekstili","canonical-v1.0.0","No public/pilot activation candidate in the canonical source; this package keeps it staged and fail-closed."
"CANONICAL-000538","07785db0-e471-4e1f-8a4f-8b60b05ff79b","Züccaciye & Mutfak > Mutfak Tekstili > Mutfak Havlusu & Kurulama Bezi","3","YES","YES","YES","PROFESSIONAL_REVIEW","NO","NO","NO","NORMAL","PASS","not_required","FAIL_CLOSED","PROFESSIONAL_REVIEW_CHAIN=Züccaciye & Mutfak > Mutfak Tekstili","canonical-v1.0.0","No public/pilot activation candidate in the canonical source; this package keeps it staged and fail-closed."
"CANONICAL-000539","4ea95000-1b7d-4b67-a5a0-9ef071f3ef23","Züccaciye & Mutfak > Mutfak Tekstili > Fırın Eldiveni & Tutacak","3","YES","YES","YES","PROFESSIONAL_REVIEW","NO","NO","NO","NORMAL","PASS","pending","FAIL_CLOSED","PROFESSIONAL_REVIEW_CHAIN=Züccaciye & Mutfak > Mutfak Tekstili | Züccaciye & Mutfak > Mutfak Tekstili > Fırın Eldiveni & Tutacak","canonical-v1.0.0","No public/pilot activation candidate in the canonical source; this package keeps it staged and fail-closed."
"CANONICAL-000540","be1cbc4a-4239-4464-b422-2544c67693f5","Züccaciye & Mutfak > Mutfak Tekstili > Masa Örtüsü, Runner & Peçete","3","YES","YES","YES","PROFESSIONAL_REVIEW","NO","NO","NO","NORMAL","PASS","not_required","FAIL_CLOSED","PROFESSIONAL_REVIEW_CHAIN=Züccaciye & Mutfak > Mutfak Tekstili","canonical-v1.0.0","No public/pilot activation candidate in the canonical source; this package keeps it staged and fail-closed."
"CANONICAL-000541","27523f6b-a340-418b-985a-c806b5d59eb4","Yapı, Hırdavat & Tesisat","1","NO","YES","YES","CONTAINER_NOT_ASSIGNABLE","NO","NO","NO","NORMAL","PASS","not_required","PASS","STRUCTURAL_CONTAINER","canonical-v1.0.0","Structurally eligible for a later separately authorized activation review; this package keeps it staged and not public."
"CANONICAL-000542","c19ea49d-f745-45a7-b425-b4dec1e99da5","Yapı, Hırdavat & Tesisat > El Aletleri & Atölye Ekipmanları","2","NO","YES","YES","CONTAINER_NOT_ASSIGNABLE","NO","NO","NO","NORMAL","PASS","not_required","PASS","STRUCTURAL_CONTAINER","canonical-v1.0.0","Structurally eligible for a later separately authorized activation review; this package keeps it staged and not public."
"CANONICAL-000543","edf33b55-6c60-4fe6-82a9-839359ab625a","Yapı, Hırdavat & Tesisat > El Aletleri & Atölye Ekipmanları > Tornavida & Anahtarlar","3","YES","YES","YES","LEAF_ASSIGNABLE_CANDIDATE","YES","NO","NO","NORMAL","PASS","not_required","PASS","NONE","canonical-v1.0.0","Structurally eligible for a later separately authorized activation review; this package keeps it staged and not public."
"CANONICAL-000544","1baac74a-33de-4f91-aa7b-44f40db94c96","Yapı, Hırdavat & Tesisat > El Aletleri & Atölye Ekipmanları > Pense, Kerpeten & Kesiciler","3","YES","YES","YES","LEAF_ASSIGNABLE_CANDIDATE","YES","NO","NO","NORMAL","PASS","not_required","PASS","NONE","canonical-v1.0.0","Structurally eligible for a later separately authorized activation review; this package keeps it staged and not public."
"CANONICAL-000545","8395457b-d7c7-4eb4-a079-b1de36a82b0b","Yapı, Hırdavat & Tesisat > El Aletleri & Atölye Ekipmanları > Çekiç & Tokmaklar","3","YES","YES","YES","LEAF_ASSIGNABLE_CANDIDATE","YES","NO","NO","NORMAL","PASS","not_required","PASS","NONE","canonical-v1.0.0","Structurally eligible for a later separately authorized activation review; this package keeps it staged and not public."
"CANONICAL-000546","9615cba9-cf14-4e82-8d2c-ba883dde9073","Yapı, Hırdavat & Tesisat > El Aletleri & Atölye Ekipmanları > El Testeresi, Eğe & Raspalar","3","YES","YES","YES","LEAF_ASSIGNABLE_CANDIDATE","YES","NO","NO","NORMAL","PASS","not_required","PASS","NONE","canonical-v1.0.0","Structurally eligible for a later separately authorized activation review; this package keeps it staged and not public."
"CANONICAL-000547","1fd60ea3-177d-46da-9ed4-379442d3b4e6","Yapı, Hırdavat & Tesisat > El Aletleri & Atölye Ekipmanları > Mengene & Kelepçeler","3","YES","YES","YES","LEAF_ASSIGNABLE_CANDIDATE","YES","NO","NO","NORMAL","PASS","not_required","PASS","NONE","canonical-v1.0.0","Structurally eligible for a later separately authorized activation review; this package keeps it staged and not public."
"CANONICAL-000548","2495d47a-5383-4691-930a-e858110cfa3e","Yapı, Hırdavat & Tesisat > El Aletleri & Atölye Ekipmanları > Takım Çantası & Atölye Düzenleme","3","YES","YES","YES","LEAF_ASSIGNABLE_CANDIDATE","YES","NO","NO","NORMAL","PASS","not_required","PASS","NONE","canonical-v1.0.0","Structurally eligible for a later separately authorized activation review; this package keeps it staged and not public."
"CANONICAL-000549","9761b058-9fc9-4c65-b772-b08eebd7e65c","Yapı, Hırdavat & Tesisat > Elektrikli & Akülü El Aletleri","2","NO","YES","YES","CONTAINER_NOT_ASSIGNABLE","NO","NO","NO","REGULATED","FAIL_CLOSED","pending","FAIL_CLOSED","POLICY_CHAIN=Yapı, Hırdavat & Tesisat > Elektrikli & Akülü El Aletleri:REGULATED; PROFESSIONAL_REVIEW_CHAIN=Yapı, Hırdavat & Tesisat > Elektrikli & Akülü El Aletleri","canonical-v1.0.0","No public/pilot activation candidate in the canonical source; this package keeps it staged and fail-closed."
"CANONICAL-000550","421e6377-2cd8-4e9f-9c3b-59fcf18dc531","Yapı, Hırdavat & Tesisat > Elektrikli & Akülü El Aletleri > Matkap & Vidalama","3","YES","YES","YES","POLICY_BLOCKED","NO","NO","NO","REGULATED","FAIL_CLOSED","pending","FAIL_CLOSED","POLICY_CHAIN=Yapı, Hırdavat & Tesisat > Elektrikli & Akülü El Aletleri:REGULATED | Yapı, Hırdavat & Tesisat > Elektrikli & Akülü El Aletleri > Matkap & Vidalama:REGULATED; PROFESSIONAL_REVIEW_CHAIN=Yapı, Hırdavat & Tesisat > Elektrikli & Akülü El Aletleri | Yapı, Hırdavat & Tesisat > Elektrikli & Akülü El Aletleri > Matkap & Vidalama","canonical-v1.0.0","No public/pilot activation candidate in the canonical source; this package keeps it staged and fail-closed."
"CANONICAL-000551","b4edec2b-8c58-490a-a429-c92ce50a9f79","Yapı, Hırdavat & Tesisat > Elektrikli & Akülü El Aletleri > Taşlama & Polisaj","3","YES","YES","YES","POLICY_BLOCKED","NO","NO","NO","REGULATED","FAIL_CLOSED","pending","FAIL_CLOSED","POLICY_CHAIN=Yapı, Hırdavat & Tesisat > Elektrikli & Akülü El Aletleri:REGULATED | Yapı, Hırdavat & Tesisat > Elektrikli & Akülü El Aletleri > Taşlama & Polisaj:REGULATED; PROFESSIONAL_REVIEW_CHAIN=Yapı, Hırdavat & Tesisat > Elektrikli & Akülü El Aletleri | Yapı, Hırdavat & Tesisat > Elektrikli & Akülü El Aletleri > Taşlama & Polisaj","canonical-v1.0.0","No public/pilot activation candidate in the canonical source; this package keeps it staged and fail-closed."
"CANONICAL-000552","863aa61b-fe7a-4314-b886-958f469d0932","Yapı, Hırdavat & Tesisat > Elektrikli & Akülü El Aletleri > Elektrikli Testereler","3","YES","YES","YES","POLICY_BLOCKED","NO","NO","NO","REGULATED","FAIL_CLOSED","pending","FAIL_CLOSED","POLICY_CHAIN=Yapı, Hırdavat & Tesisat > Elektrikli & Akülü El Aletleri:REGULATED | Yapı, Hırdavat & Tesisat > Elektrikli & Akülü El Aletleri > Elektrikli Testereler:REGULATED; PROFESSIONAL_REVIEW_CHAIN=Yapı, Hırdavat & Tesisat > Elektrikli & Akülü El Aletleri | Yapı, Hırdavat & Tesisat > Elektrikli & Akülü El Aletleri > Elektrikli Testereler","canonical-v1.0.0","No public/pilot activation candidate in the canonical source; this package keeps it staged and fail-closed."
"CANONICAL-000553","5878c150-9b51-486d-b5de-c459de93975f","Yapı, Hırdavat & Tesisat > Elektrikli & Akülü El Aletleri > Zımpara Makineleri","3","YES","YES","YES","POLICY_BLOCKED","NO","NO","NO","REGULATED","FAIL_CLOSED","pending","FAIL_CLOSED","POLICY_CHAIN=Yapı, Hırdavat & Tesisat > Elektrikli & Akülü El Aletleri:REGULATED | Yapı, Hırdavat & Tesisat > Elektrikli & Akülü El Aletleri > Zımpara Makineleri:REGULATED; PROFESSIONAL_REVIEW_CHAIN=Yapı, Hırdavat & Tesisat > Elektrikli & Akülü El Aletleri | Yapı, Hırdavat & Tesisat > Elektrikli & Akülü El Aletleri > Zımpara Makineleri","canonical-v1.0.0","No public/pilot activation candidate in the canonical source; this package keeps it staged and fail-closed."
"CANONICAL-000554","22e48daa-1d15-46eb-961b-7798223eaf44","Yapı, Hırdavat & Tesisat > Elektrikli & Akülü El Aletleri > Freze & Planya","3","YES","YES","YES","POLICY_BLOCKED","NO","NO","NO","REGULATED","FAIL_CLOSED","pending","FAIL_CLOSED","POLICY_CHAIN=Yapı, Hırdavat & Tesisat > Elektrikli & Akülü El Aletleri:REGULATED | Yapı, Hırdavat & Tesisat > Elektrikli & Akülü El Aletleri > Freze & Planya:REGULATED; PROFESSIONAL_REVIEW_CHAIN=Yapı, Hırdavat & Tesisat > Elektrikli & Akülü El Aletleri | Yapı, Hırdavat & Tesisat > Elektrikli & Akülü El Aletleri > Freze & Planya","canonical-v1.0.0","No public/pilot activation candidate in the canonical source; this package keeps it staged and fail-closed."
"CANONICAL-000555","cb0d2b31-3f0e-466c-9e67-2d99d7ea01cb","Yapı, Hırdavat & Tesisat > Elektrikli & Akülü El Aletleri > Kompresör & Pnömatik Aletler","3","YES","YES","YES","POLICY_BLOCKED","NO","NO","NO","REGULATED","FAIL_CLOSED","pending","FAIL_CLOSED","POLICY_CHAIN=Yapı, Hırdavat & Tesisat > Elektrikli & Akülü El Aletleri:REGULATED | Yapı, Hırdavat & Tesisat > Elektrikli & Akülü El Aletleri > Kompresör & Pnömatik Aletler:REGULATED; PROFESSIONAL_REVIEW_CHAIN=Yapı, Hırdavat & Tesisat > Elektrikli & Akülü El Aletleri | Yapı, Hırdavat & Tesisat > Elektrikli & Akülü El Aletleri > Kompresör & Pnömatik Aletler","canonical-v1.0.0","No public/pilot activation candidate in the canonical source; this package keeps it staged and fail-closed."
"CANONICAL-000556","bf5cd9b2-ce87-4105-8278-21d28223ecb1","Yapı, Hırdavat & Tesisat > Alet Uçları, Aksesuarları & Sarfları","2","NO","YES","YES","CONTAINER_NOT_ASSIGNABLE","NO","NO","NO","REGULATED","FAIL_CLOSED","pending","FAIL_CLOSED","POLICY_CHAIN=Yapı, Hırdavat & Tesisat > Alet Uçları, Aksesuarları & Sarfları:REGULATED; PROFESSIONAL_REVIEW_CHAIN=Yapı, Hırdavat & Tesisat > Alet Uçları, Aksesuarları & Sarfları","canonical-v1.0.0","No public/pilot activation candidate in the canonical source; this package keeps it staged and fail-closed."
"CANONICAL-000557","fcd73f6e-fcb9-4183-af41-5d9c9d813028","Yapı, Hırdavat & Tesisat > Alet Uçları, Aksesuarları & Sarfları > Matkap Uçları","3","YES","YES","YES","POLICY_BLOCKED","NO","NO","NO","NORMAL","FAIL_CLOSED","not_required","FAIL_CLOSED","POLICY_CHAIN=Yapı, Hırdavat & Tesisat > Alet Uçları, Aksesuarları & Sarfları:REGULATED; PROFESSIONAL_REVIEW_CHAIN=Yapı, Hırdavat & Tesisat > Alet Uçları, Aksesuarları & Sarfları","canonical-v1.0.0","No public/pilot activation candidate in the canonical source; this package keeps it staged and fail-closed."
"CANONICAL-000558","c4cd78aa-3be7-495f-9167-26f06f3058d7","Yapı, Hırdavat & Tesisat > Alet Uçları, Aksesuarları & Sarfları > Vidalama Uçları","3","YES","YES","YES","POLICY_BLOCKED","NO","NO","NO","NORMAL","FAIL_CLOSED","not_required","FAIL_CLOSED","POLICY_CHAIN=Yapı, Hırdavat & Tesisat > Alet Uçları, Aksesuarları & Sarfları:REGULATED; PROFESSIONAL_REVIEW_CHAIN=Yapı, Hırdavat & Tesisat > Alet Uçları, Aksesuarları & Sarfları","canonical-v1.0.0","No public/pilot activation candidate in the canonical source; this package keeps it staged and fail-closed."
"CANONICAL-000559","3d4cc174-fe0e-418b-a381-57fca51966bd","Yapı, Hırdavat & Tesisat > Alet Uçları, Aksesuarları & Sarfları > Testere Bıçakları","3","YES","YES","YES","POLICY_BLOCKED","NO","NO","NO","REGULATED","FAIL_CLOSED","pending","FAIL_CLOSED","POLICY_CHAIN=Yapı, Hırdavat & Tesisat > Alet Uçları, Aksesuarları & Sarfları:REGULATED | Yapı, Hırdavat & Tesisat > Alet Uçları, Aksesuarları & Sarfları > Testere Bıçakları:REGULATED; PROFESSIONAL_REVIEW_CHAIN=Yapı, Hırdavat & Tesisat > Alet Uçları, Aksesuarları & Sarfları | Yapı, Hırdavat & Tesisat > Alet Uçları, Aksesuarları & Sarfları > Testere Bıçakları","canonical-v1.0.0","No public/pilot activation candidate in the canonical source; this package keeps it staged and fail-closed."
"CANONICAL-000560","e57949c1-87bb-4fa9-8f84-d1bc6403c8df","Yapı, Hırdavat & Tesisat > Alet Uçları, Aksesuarları & Sarfları > Taşlama & Kesme Diskleri","3","YES","YES","YES","POLICY_BLOCKED","NO","NO","NO","REGULATED","FAIL_CLOSED","pending","FAIL_CLOSED","POLICY_CHAIN=Yapı, Hırdavat & Tesisat > Alet Uçları, Aksesuarları & Sarfları:REGULATED | Yapı, Hırdavat & Tesisat > Alet Uçları, Aksesuarları & Sarfları > Taşlama & Kesme Diskleri:REGULATED; PROFESSIONAL_REVIEW_CHAIN=Yapı, Hırdavat & Tesisat > Alet Uçları, Aksesuarları & Sarfları | Yapı, Hırdavat & Tesisat > Alet Uçları, Aksesuarları & Sarfları > Taşlama & Kesme Diskleri","canonical-v1.0.0","No public/pilot activation candidate in the canonical source; this package keeps it staged and fail-closed."
"CANONICAL-000561","e3994372-e03f-4a27-9889-8f3c400e8e8a","Yapı, Hırdavat & Tesisat > Alet Uçları, Aksesuarları & Sarfları > Zımpara Sarfları","3","YES","YES","YES","POLICY_BLOCKED","NO","NO","NO","NORMAL","FAIL_CLOSED","not_required","FAIL_CLOSED","POLICY_CHAIN=Yapı, Hırdavat & Tesisat > Alet Uçları, Aksesuarları & Sarfları:REGULATED; PROFESSIONAL_REVIEW_CHAIN=Yapı, Hırdavat & Tesisat > Alet Uçları, Aksesuarları & Sarfları","canonical-v1.0.0","No public/pilot activation candidate in the canonical source; this package keeps it staged and fail-closed."
"CANONICAL-000562","d1429629-5a93-4386-a4da-99ae0789038d","Yapı, Hırdavat & Tesisat > Alet Uçları, Aksesuarları & Sarfları > Alete Özgü Batarya & Şarj Cihazı","3","YES","YES","YES","POLICY_BLOCKED","NO","NO","NO","REGULATED","FAIL_CLOSED","pending","FAIL_CLOSED","POLICY_CHAIN=Yapı, Hırdavat & Tesisat > Alet Uçları, Aksesuarları & Sarfları:REGULATED | Yapı, Hırdavat & Tesisat > Alet Uçları, Aksesuarları & Sarfları > Alete Özgü Batarya & Şarj Cihazı:REGULATED; PROFESSIONAL_REVIEW_CHAIN=Yapı, Hırdavat & Tesisat > Alet Uçları, Aksesuarları & Sarfları | Yapı, Hırdavat & Tesisat > Alet Uçları, Aksesuarları & Sarfları > Alete Özgü Batarya & Şarj Cihazı","canonical-v1.0.0","No public/pilot activation candidate in the canonical source; this package keeps it staged and fail-closed."
"CANONICAL-000563","3e8286d4-94ff-47c6-8116-a07ab3bf94cd","Yapı, Hırdavat & Tesisat > Bağlantı Elemanları & Nalburiye","2","NO","YES","YES","CONTAINER_NOT_ASSIGNABLE","NO","NO","NO","NORMAL","PASS","pending","FAIL_CLOSED","PROFESSIONAL_REVIEW_CHAIN=Yapı, Hırdavat & Tesisat > Bağlantı Elemanları & Nalburiye","canonical-v1.0.0","No public/pilot activation candidate in the canonical source; this package keeps it staged and fail-closed."
"CANONICAL-000564","2d54872a-3911-4ffc-a23a-073b1ad9c03e","Yapı, Hırdavat & Tesisat > Bağlantı Elemanları & Nalburiye > Vida, Çivi & Dübel","3","YES","YES","YES","PROFESSIONAL_REVIEW","NO","NO","NO","NORMAL","PASS","not_required","FAIL_CLOSED","PROFESSIONAL_REVIEW_CHAIN=Yapı, Hırdavat & Tesisat > Bağlantı Elemanları & Nalburiye","canonical-v1.0.0","No public/pilot activation candidate in the canonical source; this package keeps it staged and fail-closed."
"CANONICAL-000565","e25149c6-a976-4a2c-a3a7-f0a2ea1cf575","Yapı, Hırdavat & Tesisat > Bağlantı Elemanları & Nalburiye > Somun, Cıvata & Rondela","3","YES","YES","YES","PROFESSIONAL_REVIEW","NO","NO","NO","NORMAL","PASS","not_required","FAIL_CLOSED","PROFESSIONAL_REVIEW_CHAIN=Yapı, Hırdavat & Tesisat > Bağlantı Elemanları & Nalburiye","canonical-v1.0.0","No public/pilot activation candidate in the canonical source; this package keeps it staged and fail-closed."
"CANONICAL-000566","96b874d9-1909-4614-a0bf-783cd4af807e","Yapı, Hırdavat & Tesisat > Bağlantı Elemanları & Nalburiye > Halat, Zincir & Kanca","3","YES","YES","YES","PROFESSIONAL_REVIEW","NO","NO","NO","NORMAL","PASS","pending","FAIL_CLOSED","PROFESSIONAL_REVIEW_CHAIN=Yapı, Hırdavat & Tesisat > Bağlantı Elemanları & Nalburiye | Yapı, Hırdavat & Tesisat > Bağlantı Elemanları & Nalburiye > Halat, Zincir & Kanca","canonical-v1.0.0","No public/pilot activation candidate in the canonical source; this package keeps it staged and fail-closed."
"CANONICAL-000567","220cfb01-cae5-44b0-b823-9fefa59c46b5","Yapı, Hırdavat & Tesisat > Bağlantı Elemanları & Nalburiye > Köşebent, Plaka & Montaj Elemanları","3","YES","YES","YES","PROFESSIONAL_REVIEW","NO","NO","NO","NORMAL","PASS","not_required","FAIL_CLOSED","PROFESSIONAL_REVIEW_CHAIN=Yapı, Hırdavat & Tesisat > Bağlantı Elemanları & Nalburiye","canonical-v1.0.0","No public/pilot activation candidate in the canonical source; this package keeps it staged and fail-closed."
"CANONICAL-000568","feedd8f2-40c4-4571-a8a7-f34048da4d92","Yapı, Hırdavat & Tesisat > Bağlantı Elemanları & Nalburiye > Zımba & Perçin","3","YES","YES","YES","PROFESSIONAL_REVIEW","NO","NO","NO","NORMAL","PASS","not_required","FAIL_CLOSED","PROFESSIONAL_REVIEW_CHAIN=Yapı, Hırdavat & Tesisat > Bağlantı Elemanları & Nalburiye","canonical-v1.0.0","No public/pilot activation candidate in the canonical source; this package keeps it staged and fail-closed."
"CANONICAL-000569","b14ffb06-418a-4dd5-af9e-77ecf911dafa","Yapı, Hırdavat & Tesisat > Ölçüm, Test & İşaretleme","2","NO","YES","YES","CONTAINER_NOT_ASSIGNABLE","NO","NO","NO","REGULATED","FAIL_CLOSED","pending","FAIL_CLOSED","POLICY_CHAIN=Yapı, Hırdavat & Tesisat > Ölçüm, Test & İşaretleme:REGULATED; PROFESSIONAL_REVIEW_CHAIN=Yapı, Hırdavat & Tesisat > Ölçüm, Test & İşaretleme","canonical-v1.0.0","No public/pilot activation candidate in the canonical source; this package keeps it staged and fail-closed."
"CANONICAL-000570","e7679535-6d85-4f89-a330-0f2a55e8ce31","Yapı, Hırdavat & Tesisat > Ölçüm, Test & İşaretleme > Boyut & Açı Ölçümü","3","YES","YES","YES","POLICY_BLOCKED","NO","NO","NO","NORMAL","FAIL_CLOSED","not_required","FAIL_CLOSED","POLICY_CHAIN=Yapı, Hırdavat & Tesisat > Ölçüm, Test & İşaretleme:REGULATED; PROFESSIONAL_REVIEW_CHAIN=Yapı, Hırdavat & Tesisat > Ölçüm, Test & İşaretleme","canonical-v1.0.0","No public/pilot activation candidate in the canonical source; this package keeps it staged and fail-closed."
"CANONICAL-000571","59d6ea2d-4369-4679-a603-d8c548e50b88","Yapı, Hırdavat & Tesisat > Ölçüm, Test & İşaretleme > Lazer Ölçüm & Terazi","3","YES","YES","YES","POLICY_BLOCKED","NO","NO","NO","REGULATED","FAIL_CLOSED","pending","FAIL_CLOSED","POLICY_CHAIN=Yapı, Hırdavat & Tesisat > Ölçüm, Test & İşaretleme:REGULATED | Yapı, Hırdavat & Tesisat > Ölçüm, Test & İşaretleme > Lazer Ölçüm & Terazi:REGULATED; PROFESSIONAL_REVIEW_CHAIN=Yapı, Hırdavat & Tesisat > Ölçüm, Test & İşaretleme | Yapı, Hırdavat & Tesisat > Ölçüm, Test & İşaretleme > Lazer Ölçüm & Terazi","canonical-v1.0.0","No public/pilot activation candidate in the canonical source; this package keeps it staged and fail-closed."
"CANONICAL-000572","1aedf166-8f24-4d84-a0f6-af959ffb7e48","Yapı, Hırdavat & Tesisat > Ölçüm, Test & İşaretleme > Elektrik Test Cihazları","3","YES","YES","YES","POLICY_BLOCKED","NO","NO","NO","REGULATED","FAIL_CLOSED","pending","FAIL_CLOSED","POLICY_CHAIN=Yapı, Hırdavat & Tesisat > Ölçüm, Test & İşaretleme:REGULATED | Yapı, Hırdavat & Tesisat > Ölçüm, Test & İşaretleme > Elektrik Test Cihazları:REGULATED; PROFESSIONAL_REVIEW_CHAIN=Yapı, Hırdavat & Tesisat > Ölçüm, Test & İşaretleme | Yapı, Hırdavat & Tesisat > Ölçüm, Test & İşaretleme > Elektrik Test Cihazları","canonical-v1.0.0","No public/pilot activation candidate in the canonical source; this package keeps it staged and fail-closed."
"CANONICAL-000573","59a9dba9-65f5-4593-8c14-1046fb5fb5cb","Yapı, Hırdavat & Tesisat > Ölçüm, Test & İşaretleme > İşaretleme Gereçleri","3","YES","YES","YES","POLICY_BLOCKED","NO","NO","NO","NORMAL","FAIL_CLOSED","not_required","FAIL_CLOSED","POLICY_CHAIN=Yapı, Hırdavat & Tesisat > Ölçüm, Test & İşaretleme:REGULATED; PROFESSIONAL_REVIEW_CHAIN=Yapı, Hırdavat & Tesisat > Ölçüm, Test & İşaretleme","canonical-v1.0.0","No public/pilot activation candidate in the canonical source; this package keeps it staged and fail-closed."
"CANONICAL-000574","b27a16f8-7394-4245-879d-0dbd6a1cb354","Yapı, Hırdavat & Tesisat > Boya, Kaplama & Yüzey Hazırlama","2","NO","YES","YES","CONTAINER_NOT_ASSIGNABLE","NO","NO","NO","REGULATED","FAIL_CLOSED","pending","FAIL_CLOSED","POLICY_CHAIN=Yapı, Hırdavat & Tesisat > Boya, Kaplama & Yüzey Hazırlama:REGULATED; PROFESSIONAL_REVIEW_CHAIN=Yapı, Hırdavat & Tesisat > Boya, Kaplama & Yüzey Hazırlama","canonical-v1.0.0","No public/pilot activation candidate in the canonical source; this package keeps it staged and fail-closed."
"CANONICAL-000575","57ded489-5c44-422e-8387-562555a9cd91","Yapı, Hırdavat & Tesisat > Boya, Kaplama & Yüzey Hazırlama > Boyalar","3","NO","YES","YES","CONTAINER_NOT_ASSIGNABLE","NO","NO","NO","REGULATED","FAIL_CLOSED","pending","FAIL_CLOSED","POLICY_CHAIN=Yapı, Hırdavat & Tesisat > Boya, Kaplama & Yüzey Hazırlama:REGULATED | Yapı, Hırdavat & Tesisat > Boya, Kaplama & Yüzey Hazırlama > Boyalar:REGULATED; PROFESSIONAL_REVIEW_CHAIN=Yapı, Hırdavat & Tesisat > Boya, Kaplama & Yüzey Hazırlama | Yapı, Hırdavat & Tesisat > Boya, Kaplama & Yüzey Hazırlama > Boyalar","canonical-v1.0.0","No public/pilot activation candidate in the canonical source; this package keeps it staged and fail-closed."
"CANONICAL-000576","c67f92b4-3b9f-4272-b1f0-932518e2cae1","Yapı, Hırdavat & Tesisat > Boya, Kaplama & Yüzey Hazırlama > Boyalar > Duvar Boyası","4","YES","YES","YES","POLICY_BLOCKED","NO","NO","NO","REGULATED","FAIL_CLOSED","pending","FAIL_CLOSED","POLICY_CHAIN=Yapı, Hırdavat & Tesisat > Boya, Kaplama & Yüzey Hazırlama:REGULATED | Yapı, Hırdavat & Tesisat > Boya, Kaplama & Yüzey Hazırlama > Boyalar:REGULATED | Yapı, Hırdavat & Tesisat > Boya, Kaplama & Yüzey Hazırlama > Boyalar > Duvar Boyası:REGULATED; PROFESSIONAL_REVIEW_CHAIN=Yapı, Hırdavat & Tesisat > Boya, Kaplama & Yüzey Hazırlama | Yapı, Hırdavat & Tesisat > Boya, Kaplama & Yüzey Hazırlama > Boyalar | Yapı, Hırdavat & Tesisat > Boya, Kaplama & Yüzey Hazırlama > Boyalar > Duvar Boyası","canonical-v1.0.0","No public/pilot activation candidate in the canonical source; this package keeps it staged and fail-closed."
"CANONICAL-000577","25cb9c10-06bd-4fad-b383-1f184fe9eadd","Yapı, Hırdavat & Tesisat > Boya, Kaplama & Yüzey Hazırlama > Boyalar > Ahşap & Metal Boyası","4","YES","YES","YES","POLICY_BLOCKED","NO","NO","NO","REGULATED","FAIL_CLOSED","pending","FAIL_CLOSED","POLICY_CHAIN=Yapı, Hırdavat & Tesisat > Boya, Kaplama & Yüzey Hazırlama:REGULATED | Yapı, Hırdavat & Tesisat > Boya, Kaplama & Yüzey Hazırlama > Boyalar:REGULATED | Yapı, Hırdavat & Tesisat > Boya, Kaplama & Yüzey Hazırlama > Boyalar > Ahşap & Metal Boyası:REGULATED; PROFESSIONAL_REVIEW_CHAIN=Yapı, Hırdavat & Tesisat > Boya, Kaplama & Yüzey Hazırlama | Yapı, Hırdavat & Tesisat > Boya, Kaplama & Yüzey Hazırlama > Boyalar | Yapı, Hırdavat & Tesisat > Boya, Kaplama & Yüzey Hazırlama > Boyalar > Ahşap & Metal Boyası","canonical-v1.0.0","No public/pilot activation candidate in the canonical source; this package keeps it staged and fail-closed."
"CANONICAL-000578","21413956-b021-471f-8289-9932730468d5","Yapı, Hırdavat & Tesisat > Boya, Kaplama & Yüzey Hazırlama > Astar & Koruyucu Kaplama","3","YES","YES","YES","POLICY_BLOCKED","NO","NO","NO","REGULATED","FAIL_CLOSED","pending","FAIL_CLOSED","POLICY_CHAIN=Yapı, Hırdavat & Tesisat > Boya, Kaplama & Yüzey Hazırlama:REGULATED | Yapı, Hırdavat & Tesisat > Boya, Kaplama & Yüzey Hazırlama > Astar & Koruyucu Kaplama:REGULATED; PROFESSIONAL_REVIEW_CHAIN=Yapı, Hırdavat & Tesisat > Boya, Kaplama & Yüzey Hazırlama | Yapı, Hırdavat & Tesisat > Boya, Kaplama & Yüzey Hazırlama > Astar & Koruyucu Kaplama","canonical-v1.0.0","No public/pilot activation candidate in the canonical source; this package keeps it staged and fail-closed."
"CANONICAL-000579","fb645e58-b043-4e5c-a59e-b40d72be021e","Yapı, Hırdavat & Tesisat > Boya, Kaplama & Yüzey Hazırlama > Fırça, Rulo & Boya Aparatı","3","YES","YES","YES","POLICY_BLOCKED","NO","NO","NO","NORMAL","FAIL_CLOSED","not_required","FAIL_CLOSED","POLICY_CHAIN=Yapı, Hırdavat & Tesisat > Boya, Kaplama & Yüzey Hazırlama:REGULATED; PROFESSIONAL_REVIEW_CHAIN=Yapı, Hırdavat & Tesisat > Boya, Kaplama & Yüzey Hazırlama","canonical-v1.0.0","No public/pilot activation candidate in the canonical source; this package keeps it staged and fail-closed."
"CANONICAL-000580","997d115d-26d0-47e5-b22f-3878064d20b0","Yapı, Hırdavat & Tesisat > Boya, Kaplama & Yüzey Hazırlama > Zımpara & Yüzey Hazırlama","3","YES","YES","YES","POLICY_BLOCKED","NO","NO","NO","NORMAL","FAIL_CLOSED","not_required","FAIL_CLOSED","POLICY_CHAIN=Yapı, Hırdavat & Tesisat > Boya, Kaplama & Yüzey Hazırlama:REGULATED; PROFESSIONAL_REVIEW_CHAIN=Yapı, Hırdavat & Tesisat > Boya, Kaplama & Yüzey Hazırlama","canonical-v1.0.0","No public/pilot activation candidate in the canonical source; this package keeps it staged and fail-closed."
"CANONICAL-000581","4be1fcad-d640-4299-8000-fe27b8089710","Yapı, Hırdavat & Tesisat > Boya, Kaplama & Yüzey Hazırlama > Maskeleme & Yüzey Koruma","3","YES","YES","YES","POLICY_BLOCKED","NO","NO","NO","NORMAL","FAIL_CLOSED","not_required","FAIL_CLOSED","POLICY_CHAIN=Yapı, Hırdavat & Tesisat > Boya, Kaplama & Yüzey Hazırlama:REGULATED; PROFESSIONAL_REVIEW_CHAIN=Yapı, Hırdavat & Tesisat > Boya, Kaplama & Yüzey Hazırlama","canonical-v1.0.0","No public/pilot activation candidate in the canonical source; this package keeps it staged and fail-closed."
"CANONICAL-000582","863480dd-35d4-4af7-aaa5-dacbda911579","Yapı, Hırdavat & Tesisat > Yapıştırıcı, Dolgu & Yapı Kimyasalları","2","NO","YES","YES","CONTAINER_NOT_ASSIGNABLE","NO","NO","NO","LEGAL_REVIEW_REQUIRED","FAIL_CLOSED","pending","FAIL_CLOSED","POLICY_CHAIN=Yapı, Hırdavat & Tesisat > Yapıştırıcı, Dolgu & Yapı Kimyasalları:LEGAL_REVIEW_REQUIRED; PROFESSIONAL_REVIEW_CHAIN=Yapı, Hırdavat & Tesisat > Yapıştırıcı, Dolgu & Yapı Kimyasalları","canonical-v1.0.0","No public/pilot activation candidate in the canonical source; this package keeps it staged and fail-closed."
"CANONICAL-000583","1e6c41be-f5ec-4394-8b56-050714ce0590","Yapı, Hırdavat & Tesisat > Yapıştırıcı, Dolgu & Yapı Kimyasalları > Genel Amaçlı Yapıştırıcı","3","YES","YES","YES","POLICY_BLOCKED","NO","NO","NO","REGULATED","FAIL_CLOSED","pending","FAIL_CLOSED","POLICY_CHAIN=Yapı, Hırdavat & Tesisat > Yapıştırıcı, Dolgu & Yapı Kimyasalları:LEGAL_REVIEW_REQUIRED | Yapı, Hırdavat & Tesisat > Yapıştırıcı, Dolgu & Yapı Kimyasalları > Genel Amaçlı Yapıştırıcı:REGULATED; PROFESSIONAL_REVIEW_CHAIN=Yapı, Hırdavat & Tesisat > Yapıştırıcı, Dolgu & Yapı Kimyasalları | Yapı, Hırdavat & Tesisat > Yapıştırıcı, Dolgu & Yapı Kimyasalları > Genel Amaçlı Yapıştırıcı","canonical-v1.0.0","No public/pilot activation candidate in the canonical source; this package keeps it staged and fail-closed."
"CANONICAL-000584","7499f027-feaf-4bf0-8033-34d68479362e","Yapı, Hırdavat & Tesisat > Yapıştırıcı, Dolgu & Yapı Kimyasalları > Yapı Yapıştırıcısı","3","YES","YES","YES","POLICY_BLOCKED","NO","NO","NO","REGULATED","FAIL_CLOSED","pending","FAIL_CLOSED","POLICY_CHAIN=Yapı, Hırdavat & Tesisat > Yapıştırıcı, Dolgu & Yapı Kimyasalları:LEGAL_REVIEW_REQUIRED | Yapı, Hırdavat & Tesisat > Yapıştırıcı, Dolgu & Yapı Kimyasalları > Yapı Yapıştırıcısı:REGULATED; PROFESSIONAL_REVIEW_CHAIN=Yapı, Hırdavat & Tesisat > Yapıştırıcı, Dolgu & Yapı Kimyasalları | Yapı, Hırdavat & Tesisat > Yapıştırıcı, Dolgu & Yapı Kimyasalları > Yapı Yapıştırıcısı","canonical-v1.0.0","No public/pilot activation candidate in the canonical source; this package keeps it staged and fail-closed."
"CANONICAL-000585","9a2724ea-b8f7-47e0-8b0e-7d7c1e98c55d","Yapı, Hırdavat & Tesisat > Yapıştırıcı, Dolgu & Yapı Kimyasalları > Silikon & Mastik","3","YES","YES","YES","POLICY_BLOCKED","NO","NO","NO","REGULATED","FAIL_CLOSED","pending","FAIL_CLOSED","POLICY_CHAIN=Yapı, Hırdavat & Tesisat > Yapıştırıcı, Dolgu & Yapı Kimyasalları:LEGAL_REVIEW_REQUIRED | Yapı, Hırdavat & Tesisat > Yapıştırıcı, Dolgu & Yapı Kimyasalları > Silikon & Mastik:REGULATED; PROFESSIONAL_REVIEW_CHAIN=Yapı, Hırdavat & Tesisat > Yapıştırıcı, Dolgu & Yapı Kimyasalları | Yapı, Hırdavat & Tesisat > Yapıştırıcı, Dolgu & Yapı Kimyasalları > Silikon & Mastik","canonical-v1.0.0","No public/pilot activation candidate in the canonical source; this package keeps it staged and fail-closed."
"CANONICAL-000586","2f5ec13f-9e20-4eab-9f9c-133450c9ecc5","Yapı, Hırdavat & Tesisat > Yapıştırıcı, Dolgu & Yapı Kimyasalları > Derz & Dolgu","3","YES","YES","YES","POLICY_BLOCKED","NO","NO","NO","REGULATED","FAIL_CLOSED","pending","FAIL_CLOSED","POLICY_CHAIN=Yapı, Hırdavat & Tesisat > Yapıştırıcı, Dolgu & Yapı Kimyasalları:LEGAL_REVIEW_REQUIRED | Yapı, Hırdavat & Tesisat > Yapıştırıcı, Dolgu & Yapı Kimyasalları > Derz & Dolgu:REGULATED; PROFESSIONAL_REVIEW_CHAIN=Yapı, Hırdavat & Tesisat > Yapıştırıcı, Dolgu & Yapı Kimyasalları | Yapı, Hırdavat & Tesisat > Yapıştırıcı, Dolgu & Yapı Kimyasalları > Derz & Dolgu","canonical-v1.0.0","No public/pilot activation candidate in the canonical source; this package keeps it staged and fail-closed."
"CANONICAL-000587","282ca795-aa55-4f47-a0a3-6f949513fd39","Yapı, Hırdavat & Tesisat > Yapıştırıcı, Dolgu & Yapı Kimyasalları > Su Yalıtım Kimyasalları","3","YES","YES","YES","POLICY_BLOCKED","NO","NO","NO","REGULATED","FAIL_CLOSED","pending","FAIL_CLOSED","POLICY_CHAIN=Yapı, Hırdavat & Tesisat > Yapıştırıcı, Dolgu & Yapı Kimyasalları:LEGAL_REVIEW_REQUIRED | Yapı, Hırdavat & Tesisat > Yapıştırıcı, Dolgu & Yapı Kimyasalları > Su Yalıtım Kimyasalları:REGULATED; PROFESSIONAL_REVIEW_CHAIN=Yapı, Hırdavat & Tesisat > Yapıştırıcı, Dolgu & Yapı Kimyasalları | Yapı, Hırdavat & Tesisat > Yapıştırıcı, Dolgu & Yapı Kimyasalları > Su Yalıtım Kimyasalları","canonical-v1.0.0","No public/pilot activation candidate in the canonical source; this package keeps it staged and fail-closed."
"CANONICAL-000588","a84dd9b4-e2be-4200-a712-27feb22214d3","Yapı, Hırdavat & Tesisat > Yapıştırıcı, Dolgu & Yapı Kimyasalları > Teknik Sprey & Solvent","3","YES","YES","YES","POLICY_BLOCKED","NO","NO","NO","LEGAL_REVIEW_REQUIRED","FAIL_CLOSED","pending","FAIL_CLOSED","POLICY_CHAIN=Yapı, Hırdavat & Tesisat > Yapıştırıcı, Dolgu & Yapı Kimyasalları:LEGAL_REVIEW_REQUIRED | Yapı, Hırdavat & Tesisat > Yapıştırıcı, Dolgu & Yapı Kimyasalları > Teknik Sprey & Solvent:LEGAL_REVIEW_REQUIRED; PROFESSIONAL_REVIEW_CHAIN=Yapı, Hırdavat & Tesisat > Yapıştırıcı, Dolgu & Yapı Kimyasalları | Yapı, Hırdavat & Tesisat > Yapıştırıcı, Dolgu & Yapı Kimyasalları > Teknik Sprey & Solvent","canonical-v1.0.0","No public/pilot activation candidate in the canonical source; this package keeps it staged and fail-closed."
"CANONICAL-000589","427648ad-e236-476e-822b-38d49a8ed46e","Yapı, Hırdavat & Tesisat > Yapı Malzemeleri","2","NO","YES","YES","CONTAINER_NOT_ASSIGNABLE","NO","NO","NO","REGULATED","FAIL_CLOSED","pending","FAIL_CLOSED","POLICY_CHAIN=Yapı, Hırdavat & Tesisat > Yapı Malzemeleri:REGULATED; PROFESSIONAL_REVIEW_CHAIN=Yapı, Hırdavat & Tesisat > Yapı Malzemeleri","canonical-v1.0.0","No public/pilot activation candidate in the canonical source; this package keeps it staged and fail-closed."
"CANONICAL-000590","e02d6e29-f94a-450c-82cd-f9e515e6b452","Yapı, Hırdavat & Tesisat > Yapı Malzemeleri > Çimento, Harç & Sıva","3","YES","YES","YES","POLICY_BLOCKED","NO","NO","NO","REGULATED","FAIL_CLOSED","pending","FAIL_CLOSED","POLICY_CHAIN=Yapı, Hırdavat & Tesisat > Yapı Malzemeleri:REGULATED | Yapı, Hırdavat & Tesisat > Yapı Malzemeleri > Çimento, Harç & Sıva:REGULATED; PROFESSIONAL_REVIEW_CHAIN=Yapı, Hırdavat & Tesisat > Yapı Malzemeleri | Yapı, Hırdavat & Tesisat > Yapı Malzemeleri > Çimento, Harç & Sıva","canonical-v1.0.0","No public/pilot activation candidate in the canonical source; this package keeps it staged and fail-closed."
"CANONICAL-000591","215008f2-b34d-4d88-9fe6-c172c950fb2b","Yapı, Hırdavat & Tesisat > Yapı Malzemeleri > Tuğla & Blok","3","YES","YES","YES","POLICY_BLOCKED","NO","NO","NO","REGULATED","FAIL_CLOSED","pending","FAIL_CLOSED","POLICY_CHAIN=Yapı, Hırdavat & Tesisat > Yapı Malzemeleri:REGULATED | Yapı, Hırdavat & Tesisat > Yapı Malzemeleri > Tuğla & Blok:REGULATED; PROFESSIONAL_REVIEW_CHAIN=Yapı, Hırdavat & Tesisat > Yapı Malzemeleri | Yapı, Hırdavat & Tesisat > Yapı Malzemeleri > Tuğla & Blok","canonical-v1.0.0","No public/pilot activation candidate in the canonical source; this package keeps it staged and fail-closed."
"CANONICAL-000592","e79320d8-8e7a-4479-af28-51c67a58e2e1","Yapı, Hırdavat & Tesisat > Yapı Malzemeleri > Levha & Panel","3","YES","YES","YES","POLICY_BLOCKED","NO","NO","NO","REGULATED","FAIL_CLOSED","pending","FAIL_CLOSED","POLICY_CHAIN=Yapı, Hırdavat & Tesisat > Yapı Malzemeleri:REGULATED | Yapı, Hırdavat & Tesisat > Yapı Malzemeleri > Levha & Panel:REGULATED; PROFESSIONAL_REVIEW_CHAIN=Yapı, Hırdavat & Tesisat > Yapı Malzemeleri | Yapı, Hırdavat & Tesisat > Yapı Malzemeleri > Levha & Panel","canonical-v1.0.0","No public/pilot activation candidate in the canonical source; this package keeps it staged and fail-closed."
"CANONICAL-000593","fd34654b-ba47-4500-a6fe-c77560ce4f48","Yapı, Hırdavat & Tesisat > Yapı Malzemeleri > Seramik & Zemin Kaplama","3","YES","YES","YES","POLICY_BLOCKED","NO","NO","NO","REGULATED","FAIL_CLOSED","pending","FAIL_CLOSED","POLICY_CHAIN=Yapı, Hırdavat & Tesisat > Yapı Malzemeleri:REGULATED | Yapı, Hırdavat & Tesisat > Yapı Malzemeleri > Seramik & Zemin Kaplama:REGULATED; PROFESSIONAL_REVIEW_CHAIN=Yapı, Hırdavat & Tesisat > Yapı Malzemeleri | Yapı, Hırdavat & Tesisat > Yapı Malzemeleri > Seramik & Zemin Kaplama","canonical-v1.0.0","No public/pilot activation candidate in the canonical source; this package keeps it staged and fail-closed."
"CANONICAL-000594","306f8130-cdcb-4163-b3a8-c8cc0c5ada53","Yapı, Hırdavat & Tesisat > Yapı Malzemeleri > Isı & Ses Yalıtımı","3","YES","YES","YES","POLICY_BLOCKED","NO","NO","NO","REGULATED","FAIL_CLOSED","pending","FAIL_CLOSED","POLICY_CHAIN=Yapı, Hırdavat & Tesisat > Yapı Malzemeleri:REGULATED | Yapı, Hırdavat & Tesisat > Yapı Malzemeleri > Isı & Ses Yalıtımı:REGULATED; PROFESSIONAL_REVIEW_CHAIN=Yapı, Hırdavat & Tesisat > Yapı Malzemeleri | Yapı, Hırdavat & Tesisat > Yapı Malzemeleri > Isı & Ses Yalıtımı","canonical-v1.0.0","No public/pilot activation candidate in the canonical source; this package keeps it staged and fail-closed."
"CANONICAL-000595","1c6adff4-b411-48a3-beaf-86cc95495f28","Yapı, Hırdavat & Tesisat > Yapı Malzemeleri > Çatı & Su Yalıtım Malzemeleri","3","YES","YES","YES","POLICY_BLOCKED","NO","NO","NO","REGULATED","FAIL_CLOSED","pending","FAIL_CLOSED","POLICY_CHAIN=Yapı, Hırdavat & Tesisat > Yapı Malzemeleri:REGULATED | Yapı, Hırdavat & Tesisat > Yapı Malzemeleri > Çatı & Su Yalıtım Malzemeleri:REGULATED; PROFESSIONAL_REVIEW_CHAIN=Yapı, Hırdavat & Tesisat > Yapı Malzemeleri | Yapı, Hırdavat & Tesisat > Yapı Malzemeleri > Çatı & Su Yalıtım Malzemeleri","canonical-v1.0.0","No public/pilot activation candidate in the canonical source; this package keeps it staged and fail-closed."
"CANONICAL-000596","79462ef0-92a0-4678-b9ea-8677487d3965","Yapı, Hırdavat & Tesisat > Su Tesisatı & Armatürler","2","NO","YES","YES","CONTAINER_NOT_ASSIGNABLE","NO","NO","NO","REGULATED","FAIL_CLOSED","pending","FAIL_CLOSED","POLICY_CHAIN=Yapı, Hırdavat & Tesisat > Su Tesisatı & Armatürler:REGULATED; PROFESSIONAL_REVIEW_CHAIN=Yapı, Hırdavat & Tesisat > Su Tesisatı & Armatürler","canonical-v1.0.0","No public/pilot activation candidate in the canonical source; this package keeps it staged and fail-closed."
"CANONICAL-000597","a2351b39-9ecb-4f6c-a844-36153078a610","Yapı, Hırdavat & Tesisat > Su Tesisatı & Armatürler > Musluk, Batarya & Duş Sistemleri","3","YES","YES","YES","POLICY_BLOCKED","NO","NO","NO","REGULATED","FAIL_CLOSED","pending","FAIL_CLOSED","POLICY_CHAIN=Yapı, Hırdavat & Tesisat > Su Tesisatı & Armatürler:REGULATED | Yapı, Hırdavat & Tesisat > Su Tesisatı & Armatürler > Musluk, Batarya & Duş Sistemleri:REGULATED; PROFESSIONAL_REVIEW_CHAIN=Yapı, Hırdavat & Tesisat > Su Tesisatı & Armatürler | Yapı, Hırdavat & Tesisat > Su Tesisatı & Armatürler > Musluk, Batarya & Duş Sistemleri","canonical-v1.0.0","No public/pilot activation candidate in the canonical source; this package keeps it staged and fail-closed."
"CANONICAL-000598","1a77d962-c67c-4b7e-9a15-09053ef62ad9","Yapı, Hırdavat & Tesisat > Su Tesisatı & Armatürler > Vitrifiye & Sıhhi Ürünler","3","YES","YES","YES","POLICY_BLOCKED","NO","NO","NO","REGULATED","FAIL_CLOSED","pending","FAIL_CLOSED","POLICY_CHAIN=Yapı, Hırdavat & Tesisat > Su Tesisatı & Armatürler:REGULATED | Yapı, Hırdavat & Tesisat > Su Tesisatı & Armatürler > Vitrifiye & Sıhhi Ürünler:REGULATED; PROFESSIONAL_REVIEW_CHAIN=Yapı, Hırdavat & Tesisat > Su Tesisatı & Armatürler | Yapı, Hırdavat & Tesisat > Su Tesisatı & Armatürler > Vitrifiye & Sıhhi Ürünler","canonical-v1.0.0","No public/pilot activation candidate in the canonical source; this package keeps it staged and fail-closed."
"CANONICAL-000599","63f92288-58b8-4f5d-a3c5-703452648253","Yapı, Hırdavat & Tesisat > Su Tesisatı & Armatürler > Boru & Hortum","3","YES","YES","YES","POLICY_BLOCKED","NO","NO","NO","REGULATED","FAIL_CLOSED","pending","FAIL_CLOSED","POLICY_CHAIN=Yapı, Hırdavat & Tesisat > Su Tesisatı & Armatürler:REGULATED | Yapı, Hırdavat & Tesisat > Su Tesisatı & Armatürler > Boru & Hortum:REGULATED; PROFESSIONAL_REVIEW_CHAIN=Yapı, Hırdavat & Tesisat > Su Tesisatı & Armatürler | Yapı, Hırdavat & Tesisat > Su Tesisatı & Armatürler > Boru & Hortum","canonical-v1.0.0","No public/pilot activation candidate in the canonical source; this package keeps it staged and fail-closed."
"CANONICAL-000600","0c80f310-e0c1-4357-a0b6-6807666aac69","Yapı, Hırdavat & Tesisat > Su Tesisatı & Armatürler > Fittings & Bağlantı Parçaları","3","YES","YES","YES","POLICY_BLOCKED","NO","NO","NO","REGULATED","FAIL_CLOSED","pending","FAIL_CLOSED","POLICY_CHAIN=Yapı, Hırdavat & Tesisat > Su Tesisatı & Armatürler:REGULATED | Yapı, Hırdavat & Tesisat > Su Tesisatı & Armatürler > Fittings & Bağlantı Parçaları:REGULATED; PROFESSIONAL_REVIEW_CHAIN=Yapı, Hırdavat & Tesisat > Su Tesisatı & Armatürler | Yapı, Hırdavat & Tesisat > Su Tesisatı & Armatürler > Fittings & Bağlantı Parçaları","canonical-v1.0.0","No public/pilot activation candidate in the canonical source; this package keeps it staged and fail-closed."
"CANONICAL-000601","f30ac99e-c8df-4e5f-a4b8-25284e258455","Yapı, Hırdavat & Tesisat > Su Tesisatı & Armatürler > Vana & Kontrol Elemanları","3","YES","YES","YES","POLICY_BLOCKED","NO","NO","NO","REGULATED","FAIL_CLOSED","pending","FAIL_CLOSED","POLICY_CHAIN=Yapı, Hırdavat & Tesisat > Su Tesisatı & Armatürler:REGULATED | Yapı, Hırdavat & Tesisat > Su Tesisatı & Armatürler > Vana & Kontrol Elemanları:REGULATED; PROFESSIONAL_REVIEW_CHAIN=Yapı, Hırdavat & Tesisat > Su Tesisatı & Armatürler | Yapı, Hırdavat & Tesisat > Su Tesisatı & Armatürler > Vana & Kontrol Elemanları","canonical-v1.0.0","No public/pilot activation candidate in the canonical source; this package keeps it staged and fail-closed."
"CANONICAL-000602","b4d45686-357a-4d57-8535-1cbb541b9b19","Yapı, Hırdavat & Tesisat > Su Tesisatı & Armatürler > Sifon & Gider Parçaları","3","YES","YES","YES","POLICY_BLOCKED","NO","NO","NO","REGULATED","FAIL_CLOSED","pending","FAIL_CLOSED","POLICY_CHAIN=Yapı, Hırdavat & Tesisat > Su Tesisatı & Armatürler:REGULATED | Yapı, Hırdavat & Tesisat > Su Tesisatı & Armatürler > Sifon & Gider Parçaları:REGULATED; PROFESSIONAL_REVIEW_CHAIN=Yapı, Hırdavat & Tesisat > Su Tesisatı & Armatürler | Yapı, Hırdavat & Tesisat > Su Tesisatı & Armatürler > Sifon & Gider Parçaları","canonical-v1.0.0","No public/pilot activation candidate in the canonical source; this package keeps it staged and fail-closed."
"CANONICAL-000603","63b23516-5a3f-48b8-b93c-4843b773d260","Yapı, Hırdavat & Tesisat > Elektrik Tesisatı Malzemeleri","2","NO","YES","YES","CONTAINER_NOT_ASSIGNABLE","NO","NO","NO","REGULATED","FAIL_CLOSED","pending","FAIL_CLOSED","POLICY_CHAIN=Yapı, Hırdavat & Tesisat > Elektrik Tesisatı Malzemeleri:REGULATED; PROFESSIONAL_REVIEW_CHAIN=Yapı, Hırdavat & Tesisat > Elektrik Tesisatı Malzemeleri","canonical-v1.0.0","No public/pilot activation candidate in the canonical source; this package keeps it staged and fail-closed."
"CANONICAL-000604","c436b4f1-2a2e-4ffb-8813-b6a946871bb8","Yapı, Hırdavat & Tesisat > Elektrik Tesisatı Malzemeleri > Anahtar, Priz & Fiş","3","YES","YES","YES","POLICY_BLOCKED","NO","NO","NO","REGULATED","FAIL_CLOSED","pending","FAIL_CLOSED","POLICY_CHAIN=Yapı, Hırdavat & Tesisat > Elektrik Tesisatı Malzemeleri:REGULATED | Yapı, Hırdavat & Tesisat > Elektrik Tesisatı Malzemeleri > Anahtar, Priz & Fiş:REGULATED; PROFESSIONAL_REVIEW_CHAIN=Yapı, Hırdavat & Tesisat > Elektrik Tesisatı Malzemeleri | Yapı, Hırdavat & Tesisat > Elektrik Tesisatı Malzemeleri > Anahtar, Priz & Fiş","canonical-v1.0.0","No public/pilot activation candidate in the canonical source; this package keeps it staged and fail-closed."
"CANONICAL-000605","da9a16fe-f0b6-4207-91f6-1619339ef6df","Yapı, Hırdavat & Tesisat > Elektrik Tesisatı Malzemeleri > Kablo & İletken","3","YES","YES","YES","POLICY_BLOCKED","NO","NO","NO","REGULATED","FAIL_CLOSED","pending","FAIL_CLOSED","POLICY_CHAIN=Yapı, Hırdavat & Tesisat > Elektrik Tesisatı Malzemeleri:REGULATED | Yapı, Hırdavat & Tesisat > Elektrik Tesisatı Malzemeleri > Kablo & İletken:REGULATED; PROFESSIONAL_REVIEW_CHAIN=Yapı, Hırdavat & Tesisat > Elektrik Tesisatı Malzemeleri | Yapı, Hırdavat & Tesisat > Elektrik Tesisatı Malzemeleri > Kablo & İletken","canonical-v1.0.0","No public/pilot activation candidate in the canonical source; this package keeps it staged and fail-closed."
"CANONICAL-000606","c875201d-ab72-4a36-8807-aa4a05627dd9","Yapı, Hırdavat & Tesisat > Elektrik Tesisatı Malzemeleri > Sigorta & Elektrik Panosu","3","YES","YES","YES","POLICY_BLOCKED","NO","NO","NO","REGULATED","FAIL_CLOSED","pending","FAIL_CLOSED","POLICY_CHAIN=Yapı, Hırdavat & Tesisat > Elektrik Tesisatı Malzemeleri:REGULATED | Yapı, Hırdavat & Tesisat > Elektrik Tesisatı Malzemeleri > Sigorta & Elektrik Panosu:REGULATED; PROFESSIONAL_REVIEW_CHAIN=Yapı, Hırdavat & Tesisat > Elektrik Tesisatı Malzemeleri | Yapı, Hırdavat & Tesisat > Elektrik Tesisatı Malzemeleri > Sigorta & Elektrik Panosu","canonical-v1.0.0","No public/pilot activation candidate in the canonical source; this package keeps it staged and fail-closed."
"CANONICAL-000607","3b3f8ea0-a8a4-4f8c-a239-aeafe0d79624","Yapı, Hırdavat & Tesisat > Elektrik Tesisatı Malzemeleri > Buat, Kablo Kanalı & Borusu","3","YES","YES","YES","POLICY_BLOCKED","NO","NO","NO","REGULATED","FAIL_CLOSED","pending","FAIL_CLOSED","POLICY_CHAIN=Yapı, Hırdavat & Tesisat > Elektrik Tesisatı Malzemeleri:REGULATED | Yapı, Hırdavat & Tesisat > Elektrik Tesisatı Malzemeleri > Buat, Kablo Kanalı & Borusu:REGULATED; PROFESSIONAL_REVIEW_CHAIN=Yapı, Hırdavat & Tesisat > Elektrik Tesisatı Malzemeleri | Yapı, Hırdavat & Tesisat > Elektrik Tesisatı Malzemeleri > Buat, Kablo Kanalı & Borusu","canonical-v1.0.0","No public/pilot activation candidate in the canonical source; this package keeps it staged and fail-closed."
"CANONICAL-000608","94b74b55-1574-4482-ad0e-61caeca00104","Yapı, Hırdavat & Tesisat > Elektrik Tesisatı Malzemeleri > Sabit Aydınlatma Tesisat Parçaları","3","YES","YES","YES","POLICY_BLOCKED","NO","NO","NO","REGULATED","FAIL_CLOSED","pending","FAIL_CLOSED","POLICY_CHAIN=Yapı, Hırdavat & Tesisat > Elektrik Tesisatı Malzemeleri:REGULATED | Yapı, Hırdavat & Tesisat > Elektrik Tesisatı Malzemeleri > Sabit Aydınlatma Tesisat Parçaları:REGULATED; PROFESSIONAL_REVIEW_CHAIN=Yapı, Hırdavat & Tesisat > Elektrik Tesisatı Malzemeleri | Yapı, Hırdavat & Tesisat > Elektrik Tesisatı Malzemeleri > Sabit Aydınlatma Tesisat Parçaları","canonical-v1.0.0","No public/pilot activation candidate in the canonical source; this package keeps it staged and fail-closed."
"CANONICAL-000609","47228c1e-94a9-4dc4-94da-c523292807d2","Yapı, Hırdavat & Tesisat > Isıtma, Gaz & Havalandırma Tesisatı","2","NO","YES","YES","CONTAINER_NOT_ASSIGNABLE","NO","NO","NO","LEGAL_REVIEW_REQUIRED","FAIL_CLOSED","pending","FAIL_CLOSED","POLICY_CHAIN=Yapı, Hırdavat & Tesisat > Isıtma, Gaz & Havalandırma Tesisatı:LEGAL_REVIEW_REQUIRED; PROFESSIONAL_REVIEW_CHAIN=Yapı, Hırdavat & Tesisat > Isıtma, Gaz & Havalandırma Tesisatı","canonical-v1.0.0","No public/pilot activation candidate in the canonical source; this package keeps it staged and fail-closed."
"CANONICAL-000610","6a135b59-d090-4b31-851d-3b25f7080673","Yapı, Hırdavat & Tesisat > Isıtma, Gaz & Havalandırma Tesisatı > Radyatör & Radyatör Vanası","3","YES","YES","YES","POLICY_BLOCKED","NO","NO","NO","REGULATED","FAIL_CLOSED","pending","FAIL_CLOSED","POLICY_CHAIN=Yapı, Hırdavat & Tesisat > Isıtma, Gaz & Havalandırma Tesisatı:LEGAL_REVIEW_REQUIRED | Yapı, Hırdavat & Tesisat > Isıtma, Gaz & Havalandırma Tesisatı > Radyatör & Radyatör Vanası:REGULATED; PROFESSIONAL_REVIEW_CHAIN=Yapı, Hırdavat & Tesisat > Isıtma, Gaz & Havalandırma Tesisatı | Yapı, Hırdavat & Tesisat > Isıtma, Gaz & Havalandırma Tesisatı > Radyatör & Radyatör Vanası","canonical-v1.0.0","No public/pilot activation candidate in the canonical source; this package keeps it staged and fail-closed."
"CANONICAL-000611","24e90e4d-ea98-48c8-bde7-6e57a154833a","Yapı, Hırdavat & Tesisat > Isıtma, Gaz & Havalandırma Tesisatı > Isıtma Tesisatı Parçaları","3","YES","YES","YES","POLICY_BLOCKED","NO","NO","NO","REGULATED","FAIL_CLOSED","pending","FAIL_CLOSED","POLICY_CHAIN=Yapı, Hırdavat & Tesisat > Isıtma, Gaz & Havalandırma Tesisatı:LEGAL_REVIEW_REQUIRED | Yapı, Hırdavat & Tesisat > Isıtma, Gaz & Havalandırma Tesisatı > Isıtma Tesisatı Parçaları:REGULATED; PROFESSIONAL_REVIEW_CHAIN=Yapı, Hırdavat & Tesisat > Isıtma, Gaz & Havalandırma Tesisatı | Yapı, Hırdavat & Tesisat > Isıtma, Gaz & Havalandırma Tesisatı > Isıtma Tesisatı Parçaları","canonical-v1.0.0","No public/pilot activation candidate in the canonical source; this package keeps it staged and fail-closed."
"CANONICAL-000612","ea4f6654-9c71-46db-85a0-b9fe81ff5e92","Yapı, Hırdavat & Tesisat > Isıtma, Gaz & Havalandırma Tesisatı > Havalandırma Kanalı & Menfez","3","YES","YES","YES","POLICY_BLOCKED","NO","NO","NO","REGULATED","FAIL_CLOSED","pending","FAIL_CLOSED","POLICY_CHAIN=Yapı, Hırdavat & Tesisat > Isıtma, Gaz & Havalandırma Tesisatı:LEGAL_REVIEW_REQUIRED | Yapı, Hırdavat & Tesisat > Isıtma, Gaz & Havalandırma Tesisatı > Havalandırma Kanalı & Menfez:REGULATED; PROFESSIONAL_REVIEW_CHAIN=Yapı, Hırdavat & Tesisat > Isıtma, Gaz & Havalandırma Tesisatı | Yapı, Hırdavat & Tesisat > Isıtma, Gaz & Havalandırma Tesisatı > Havalandırma Kanalı & Menfez","canonical-v1.0.0","No public/pilot activation candidate in the canonical source; this package keeps it staged and fail-closed."
"CANONICAL-000613","05e872fc-b250-4725-9796-d7ee1ddfb596","Yapı, Hırdavat & Tesisat > Isıtma, Gaz & Havalandırma Tesisatı > Gaz Fittings & Regülatörleri","3","YES","YES","YES","POLICY_BLOCKED","NO","NO","NO","LEGAL_REVIEW_REQUIRED","FAIL_CLOSED","pending","FAIL_CLOSED","POLICY_CHAIN=Yapı, Hırdavat & Tesisat > Isıtma, Gaz & Havalandırma Tesisatı:LEGAL_REVIEW_REQUIRED | Yapı, Hırdavat & Tesisat > Isıtma, Gaz & Havalandırma Tesisatı > Gaz Fittings & Regülatörleri:LEGAL_REVIEW_REQUIRED; PROFESSIONAL_REVIEW_CHAIN=Yapı, Hırdavat & Tesisat > Isıtma, Gaz & Havalandırma Tesisatı | Yapı, Hırdavat & Tesisat > Isıtma, Gaz & Havalandırma Tesisatı > Gaz Fittings & Regülatörleri","canonical-v1.0.0","No public/pilot activation candidate in the canonical source; this package keeps it staged and fail-closed."
"CANONICAL-000614","7e110e59-f1c9-4b03-b432-fe21c1f84a8c","Yapı, Hırdavat & Tesisat > Isıtma, Gaz & Havalandırma Tesisatı > Baca & Duman Tahliye Parçaları","3","YES","YES","YES","POLICY_BLOCKED","NO","NO","NO","LEGAL_REVIEW_REQUIRED","FAIL_CLOSED","pending","FAIL_CLOSED","POLICY_CHAIN=Yapı, Hırdavat & Tesisat > Isıtma, Gaz & Havalandırma Tesisatı:LEGAL_REVIEW_REQUIRED | Yapı, Hırdavat & Tesisat > Isıtma, Gaz & Havalandırma Tesisatı > Baca & Duman Tahliye Parçaları:LEGAL_REVIEW_REQUIRED; PROFESSIONAL_REVIEW_CHAIN=Yapı, Hırdavat & Tesisat > Isıtma, Gaz & Havalandırma Tesisatı | Yapı, Hırdavat & Tesisat > Isıtma, Gaz & Havalandırma Tesisatı > Baca & Duman Tahliye Parçaları","canonical-v1.0.0","No public/pilot activation candidate in the canonical source; this package keeps it staged and fail-closed."
"CANONICAL-000615","24d4881c-8e53-4406-a9a5-6fc8e61677e0","Yapı, Hırdavat & Tesisat > Kilit, Kapı & Pencere Donanımları","2","NO","YES","YES","CONTAINER_NOT_ASSIGNABLE","NO","NO","NO","REGULATED","FAIL_CLOSED","pending","FAIL_CLOSED","POLICY_CHAIN=Yapı, Hırdavat & Tesisat > Kilit, Kapı & Pencere Donanımları:REGULATED; PROFESSIONAL_REVIEW_CHAIN=Yapı, Hırdavat & Tesisat > Kilit, Kapı & Pencere Donanımları","canonical-v1.0.0","No public/pilot activation candidate in the canonical source; this package keeps it staged and fail-closed."
"CANONICAL-000616","1b61b034-537f-4392-992d-91abd4735ed5","Yapı, Hırdavat & Tesisat > Kilit, Kapı & Pencere Donanımları > Mekanik Kilit & Silindir","3","YES","YES","YES","POLICY_BLOCKED","NO","NO","NO","REGULATED","FAIL_CLOSED","pending","FAIL_CLOSED","POLICY_CHAIN=Yapı, Hırdavat & Tesisat > Kilit, Kapı & Pencere Donanımları:REGULATED | Yapı, Hırdavat & Tesisat > Kilit, Kapı & Pencere Donanımları > Mekanik Kilit & Silindir:REGULATED; PROFESSIONAL_REVIEW_CHAIN=Yapı, Hırdavat & Tesisat > Kilit, Kapı & Pencere Donanımları | Yapı, Hırdavat & Tesisat > Kilit, Kapı & Pencere Donanımları > Mekanik Kilit & Silindir","canonical-v1.0.0","No public/pilot activation candidate in the canonical source; this package keeps it staged and fail-closed."
"CANONICAL-000617","5305870c-5096-4742-8eb8-8e8b493c9635","Yapı, Hırdavat & Tesisat > Kilit, Kapı & Pencere Donanımları > Menteşe","3","YES","YES","YES","POLICY_BLOCKED","NO","NO","NO","NORMAL","FAIL_CLOSED","not_required","FAIL_CLOSED","POLICY_CHAIN=Yapı, Hırdavat & Tesisat > Kilit, Kapı & Pencere Donanımları:REGULATED; PROFESSIONAL_REVIEW_CHAIN=Yapı, Hırdavat & Tesisat > Kilit, Kapı & Pencere Donanımları","canonical-v1.0.0","No public/pilot activation candidate in the canonical source; this package keeps it staged and fail-closed."
"CANONICAL-000618","f0745564-6267-4646-bc63-afd01d4e2688","Yapı, Hırdavat & Tesisat > Kilit, Kapı & Pencere Donanımları > Kapı & Pencere Kolu","3","YES","YES","YES","POLICY_BLOCKED","NO","NO","NO","NORMAL","FAIL_CLOSED","not_required","FAIL_CLOSED","POLICY_CHAIN=Yapı, Hırdavat & Tesisat > Kilit, Kapı & Pencere Donanımları:REGULATED; PROFESSIONAL_REVIEW_CHAIN=Yapı, Hırdavat & Tesisat > Kilit, Kapı & Pencere Donanımları","canonical-v1.0.0","No public/pilot activation candidate in the canonical source; this package keeps it staged and fail-closed."
"CANONICAL-000619","afba2c90-88b4-4c55-a252-e7adb29d1836","Yapı, Hırdavat & Tesisat > Kilit, Kapı & Pencere Donanımları > Ray & Kapatma Mekanizmaları","3","YES","YES","YES","POLICY_BLOCKED","NO","NO","NO","REGULATED","FAIL_CLOSED","pending","FAIL_CLOSED","POLICY_CHAIN=Yapı, Hırdavat & Tesisat > Kilit, Kapı & Pencere Donanımları:REGULATED | Yapı, Hırdavat & Tesisat > Kilit, Kapı & Pencere Donanımları > Ray & Kapatma Mekanizmaları:REGULATED; PROFESSIONAL_REVIEW_CHAIN=Yapı, Hırdavat & Tesisat > Kilit, Kapı & Pencere Donanımları | Yapı, Hırdavat & Tesisat > Kilit, Kapı & Pencere Donanımları > Ray & Kapatma Mekanizmaları","canonical-v1.0.0","No public/pilot activation candidate in the canonical source; this package keeps it staged and fail-closed."
"CANONICAL-000620","6598fc63-d273-4d45-8935-76d915cbade0","Yapı, Hırdavat & Tesisat > Kilit, Kapı & Pencere Donanımları > Pencere Donanımları","3","YES","YES","YES","POLICY_BLOCKED","NO","NO","NO","NORMAL","FAIL_CLOSED","not_required","FAIL_CLOSED","POLICY_CHAIN=Yapı, Hırdavat & Tesisat > Kilit, Kapı & Pencere Donanımları:REGULATED; PROFESSIONAL_REVIEW_CHAIN=Yapı, Hırdavat & Tesisat > Kilit, Kapı & Pencere Donanımları","canonical-v1.0.0","No public/pilot activation candidate in the canonical source; this package keeps it staged and fail-closed."
"CANONICAL-000621","3f7e18c0-b8f5-4b5c-8285-fcc7161126e3","Yapı, Hırdavat & Tesisat > Kaynak, Lehim & Metal İşleme","2","NO","YES","YES","CONTAINER_NOT_ASSIGNABLE","NO","NO","NO","REGULATED","FAIL_CLOSED","pending","FAIL_CLOSED","POLICY_CHAIN=Yapı, Hırdavat & Tesisat > Kaynak, Lehim & Metal İşleme:REGULATED; PROFESSIONAL_REVIEW_CHAIN=Yapı, Hırdavat & Tesisat > Kaynak, Lehim & Metal İşleme","canonical-v1.0.0","No public/pilot activation candidate in the canonical source; this package keeps it staged and fail-closed."
"CANONICAL-000622","993f4677-a2fb-414a-b65c-077ec6c94b0f","Yapı, Hırdavat & Tesisat > Kaynak, Lehim & Metal İşleme > Kaynak Makineleri","3","YES","YES","YES","POLICY_BLOCKED","NO","NO","NO","REGULATED","FAIL_CLOSED","pending","FAIL_CLOSED","POLICY_CHAIN=Yapı, Hırdavat & Tesisat > Kaynak, Lehim & Metal İşleme:REGULATED | Yapı, Hırdavat & Tesisat > Kaynak, Lehim & Metal İşleme > Kaynak Makineleri:REGULATED; PROFESSIONAL_REVIEW_CHAIN=Yapı, Hırdavat & Tesisat > Kaynak, Lehim & Metal İşleme | Yapı, Hırdavat & Tesisat > Kaynak, Lehim & Metal İşleme > Kaynak Makineleri","canonical-v1.0.0","No public/pilot activation candidate in the canonical source; this package keeps it staged and fail-closed."
"CANONICAL-000623","43001482-2d9f-4767-8392-f8f7bb8e61c5","Yapı, Hırdavat & Tesisat > Kaynak, Lehim & Metal İşleme > Lehimleme Ekipmanları","3","YES","YES","YES","POLICY_BLOCKED","NO","NO","NO","REGULATED","FAIL_CLOSED","pending","FAIL_CLOSED","POLICY_CHAIN=Yapı, Hırdavat & Tesisat > Kaynak, Lehim & Metal İşleme:REGULATED | Yapı, Hırdavat & Tesisat > Kaynak, Lehim & Metal İşleme > Lehimleme Ekipmanları:REGULATED; PROFESSIONAL_REVIEW_CHAIN=Yapı, Hırdavat & Tesisat > Kaynak, Lehim & Metal İşleme | Yapı, Hırdavat & Tesisat > Kaynak, Lehim & Metal İşleme > Lehimleme Ekipmanları","canonical-v1.0.0","No public/pilot activation candidate in the canonical source; this package keeps it staged and fail-closed."
"CANONICAL-000624","150402b0-ff5a-4dc3-9a53-48a9754eb422","Yapı, Hırdavat & Tesisat > Kaynak, Lehim & Metal İşleme > Kaynak Sarfları","3","YES","YES","YES","POLICY_BLOCKED","NO","NO","NO","REGULATED","FAIL_CLOSED","pending","FAIL_CLOSED","POLICY_CHAIN=Yapı, Hırdavat & Tesisat > Kaynak, Lehim & Metal İşleme:REGULATED | Yapı, Hırdavat & Tesisat > Kaynak, Lehim & Metal İşleme > Kaynak Sarfları:REGULATED; PROFESSIONAL_REVIEW_CHAIN=Yapı, Hırdavat & Tesisat > Kaynak, Lehim & Metal İşleme | Yapı, Hırdavat & Tesisat > Kaynak, Lehim & Metal İşleme > Kaynak Sarfları","canonical-v1.0.0","No public/pilot activation candidate in the canonical source; this package keeps it staged and fail-closed."
"CANONICAL-000625","3a1909f9-2cf8-4095-8626-bda437addf6a","Yapı, Hırdavat & Tesisat > Kaynak, Lehim & Metal İşleme > Lehimleme Sarfları","3","YES","YES","YES","POLICY_BLOCKED","NO","NO","NO","REGULATED","FAIL_CLOSED","pending","FAIL_CLOSED","POLICY_CHAIN=Yapı, Hırdavat & Tesisat > Kaynak, Lehim & Metal İşleme:REGULATED | Yapı, Hırdavat & Tesisat > Kaynak, Lehim & Metal İşleme > Lehimleme Sarfları:REGULATED; PROFESSIONAL_REVIEW_CHAIN=Yapı, Hırdavat & Tesisat > Kaynak, Lehim & Metal İşleme | Yapı, Hırdavat & Tesisat > Kaynak, Lehim & Metal İşleme > Lehimleme Sarfları","canonical-v1.0.0","No public/pilot activation candidate in the canonical source; this package keeps it staged and fail-closed."
"CANONICAL-000626","ad6db8a4-a620-4feb-a172-adb472727081","Yapı, Hırdavat & Tesisat > Kaynak, Lehim & Metal İşleme > Metal Kesme & Şekillendirme","3","YES","YES","YES","POLICY_BLOCKED","NO","NO","NO","REGULATED","FAIL_CLOSED","pending","FAIL_CLOSED","POLICY_CHAIN=Yapı, Hırdavat & Tesisat > Kaynak, Lehim & Metal İşleme:REGULATED | Yapı, Hırdavat & Tesisat > Kaynak, Lehim & Metal İşleme > Metal Kesme & Şekillendirme:REGULATED; PROFESSIONAL_REVIEW_CHAIN=Yapı, Hırdavat & Tesisat > Kaynak, Lehim & Metal İşleme | Yapı, Hırdavat & Tesisat > Kaynak, Lehim & Metal İşleme > Metal Kesme & Şekillendirme","canonical-v1.0.0","No public/pilot activation candidate in the canonical source; this package keeps it staged and fail-closed."
"CANONICAL-000627","8207cb55-4f64-49ce-a6f7-30e49a4d0cee","Yapı, Hırdavat & Tesisat > İş Güvenliği & Koruyucu Donanım","2","NO","YES","YES","CONTAINER_NOT_ASSIGNABLE","NO","NO","NO","LEGAL_REVIEW_REQUIRED","FAIL_CLOSED","pending","FAIL_CLOSED","POLICY_CHAIN=Yapı, Hırdavat & Tesisat > İş Güvenliği & Koruyucu Donanım:LEGAL_REVIEW_REQUIRED; PROFESSIONAL_REVIEW_CHAIN=Yapı, Hırdavat & Tesisat > İş Güvenliği & Koruyucu Donanım","canonical-v1.0.0","No public/pilot activation candidate in the canonical source; this package keeps it staged and fail-closed."
"CANONICAL-000628","629f57a5-0582-4373-8ac4-d029958b2a62","Yapı, Hırdavat & Tesisat > İş Güvenliği & Koruyucu Donanım > Baş Koruma","3","YES","YES","YES","POLICY_BLOCKED","NO","NO","NO","REGULATED","FAIL_CLOSED","pending","FAIL_CLOSED","POLICY_CHAIN=Yapı, Hırdavat & Tesisat > İş Güvenliği & Koruyucu Donanım:LEGAL_REVIEW_REQUIRED | Yapı, Hırdavat & Tesisat > İş Güvenliği & Koruyucu Donanım > Baş Koruma:REGULATED; PROFESSIONAL_REVIEW_CHAIN=Yapı, Hırdavat & Tesisat > İş Güvenliği & Koruyucu Donanım | Yapı, Hırdavat & Tesisat > İş Güvenliği & Koruyucu Donanım > Baş Koruma","canonical-v1.0.0","No public/pilot activation candidate in the canonical source; this package keeps it staged and fail-closed."
"CANONICAL-000629","2a1bb9e2-9a03-4fee-bd3f-64343ad6bd7e","Yapı, Hırdavat & Tesisat > İş Güvenliği & Koruyucu Donanım > Göz & Yüz Koruma","3","YES","YES","YES","POLICY_BLOCKED","NO","NO","NO","REGULATED","FAIL_CLOSED","pending","FAIL_CLOSED","POLICY_CHAIN=Yapı, Hırdavat & Tesisat > İş Güvenliği & Koruyucu Donanım:LEGAL_REVIEW_REQUIRED | Yapı, Hırdavat & Tesisat > İş Güvenliği & Koruyucu Donanım > Göz & Yüz Koruma:REGULATED; PROFESSIONAL_REVIEW_CHAIN=Yapı, Hırdavat & Tesisat > İş Güvenliği & Koruyucu Donanım | Yapı, Hırdavat & Tesisat > İş Güvenliği & Koruyucu Donanım > Göz & Yüz Koruma","canonical-v1.0.0","No public/pilot activation candidate in the canonical source; this package keeps it staged and fail-closed."
"CANONICAL-000630","b81e88ac-0f18-4fbb-9d30-40eddc98ec02","Yapı, Hırdavat & Tesisat > İş Güvenliği & Koruyucu Donanım > El Koruma","3","YES","YES","YES","POLICY_BLOCKED","NO","NO","NO","REGULATED","FAIL_CLOSED","pending","FAIL_CLOSED","POLICY_CHAIN=Yapı, Hırdavat & Tesisat > İş Güvenliği & Koruyucu Donanım:LEGAL_REVIEW_REQUIRED | Yapı, Hırdavat & Tesisat > İş Güvenliği & Koruyucu Donanım > El Koruma:REGULATED; PROFESSIONAL_REVIEW_CHAIN=Yapı, Hırdavat & Tesisat > İş Güvenliği & Koruyucu Donanım | Yapı, Hırdavat & Tesisat > İş Güvenliği & Koruyucu Donanım > El Koruma","canonical-v1.0.0","No public/pilot activation candidate in the canonical source; this package keeps it staged and fail-closed."
"CANONICAL-000631","0dc771cc-44e6-4372-8355-773c4fd0b0db","Yapı, Hırdavat & Tesisat > İş Güvenliği & Koruyucu Donanım > İşitme Koruma","3","YES","YES","YES","POLICY_BLOCKED","NO","NO","NO","REGULATED","FAIL_CLOSED","pending","FAIL_CLOSED","POLICY_CHAIN=Yapı, Hırdavat & Tesisat > İş Güvenliği & Koruyucu Donanım:LEGAL_REVIEW_REQUIRED | Yapı, Hırdavat & Tesisat > İş Güvenliği & Koruyucu Donanım > İşitme Koruma:REGULATED; PROFESSIONAL_REVIEW_CHAIN=Yapı, Hırdavat & Tesisat > İş Güvenliği & Koruyucu Donanım | Yapı, Hırdavat & Tesisat > İş Güvenliği & Koruyucu Donanım > İşitme Koruma","canonical-v1.0.0","No public/pilot activation candidate in the canonical source; this package keeps it staged and fail-closed."
"CANONICAL-000632","8624c140-dec5-4c46-91ea-36ddebb7fcc6","Yapı, Hırdavat & Tesisat > İş Güvenliği & Koruyucu Donanım > Solunum Koruma","3","YES","YES","YES","POLICY_BLOCKED","NO","NO","NO","REGULATED","FAIL_CLOSED","pending","FAIL_CLOSED","POLICY_CHAIN=Yapı, Hırdavat & Tesisat > İş Güvenliği & Koruyucu Donanım:LEGAL_REVIEW_REQUIRED | Yapı, Hırdavat & Tesisat > İş Güvenliği & Koruyucu Donanım > Solunum Koruma:REGULATED; PROFESSIONAL_REVIEW_CHAIN=Yapı, Hırdavat & Tesisat > İş Güvenliği & Koruyucu Donanım | Yapı, Hırdavat & Tesisat > İş Güvenliği & Koruyucu Donanım > Solunum Koruma","canonical-v1.0.0","No public/pilot activation candidate in the canonical source; this package keeps it staged and fail-closed."
"CANONICAL-000633","21937925-e3be-4dc9-90f0-800206d9d50a","Yapı, Hırdavat & Tesisat > İş Güvenliği & Koruyucu Donanım > Yüksekte Çalışma & Düşüş Koruma","3","YES","YES","YES","POLICY_BLOCKED","NO","NO","NO","LEGAL_REVIEW_REQUIRED","FAIL_CLOSED","pending","FAIL_CLOSED","POLICY_CHAIN=Yapı, Hırdavat & Tesisat > İş Güvenliği & Koruyucu Donanım:LEGAL_REVIEW_REQUIRED | Yapı, Hırdavat & Tesisat > İş Güvenliği & Koruyucu Donanım > Yüksekte Çalışma & Düşüş Koruma:LEGAL_REVIEW_REQUIRED; PROFESSIONAL_REVIEW_CHAIN=Yapı, Hırdavat & Tesisat > İş Güvenliği & Koruyucu Donanım | Yapı, Hırdavat & Tesisat > İş Güvenliği & Koruyucu Donanım > Yüksekte Çalışma & Düşüş Koruma","canonical-v1.0.0","No public/pilot activation candidate in the canonical source; this package keeps it staged and fail-closed."
"CANONICAL-000634","5d04468c-9abb-47a5-909a-ad429e428c5f","Yapı, Hırdavat & Tesisat > İş Güvenliği & Koruyucu Donanım > İş Güvenliği Ayakkabıları","3","YES","YES","YES","POLICY_BLOCKED","NO","NO","NO","REGULATED","FAIL_CLOSED","pending","FAIL_CLOSED","POLICY_CHAIN=Yapı, Hırdavat & Tesisat > İş Güvenliği & Koruyucu Donanım:LEGAL_REVIEW_REQUIRED | Yapı, Hırdavat & Tesisat > İş Güvenliği & Koruyucu Donanım > İş Güvenliği Ayakkabıları:REGULATED; PROFESSIONAL_REVIEW_CHAIN=Yapı, Hırdavat & Tesisat > İş Güvenliği & Koruyucu Donanım | Yapı, Hırdavat & Tesisat > İş Güvenliği & Koruyucu Donanım > İş Güvenliği Ayakkabıları","canonical-v1.0.0","No public/pilot activation candidate in the canonical source; this package keeps it staged and fail-closed."
"CANONICAL-000635","2deaa482-cb6d-47aa-a589-584552e2e7ab","Yapı, Hırdavat & Tesisat > İş Güvenliği & Koruyucu Donanım > Görünürlük & Koruyucu İş Giyimi","3","YES","YES","YES","POLICY_BLOCKED","NO","NO","NO","REGULATED","FAIL_CLOSED","pending","FAIL_CLOSED","POLICY_CHAIN=Yapı, Hırdavat & Tesisat > İş Güvenliği & Koruyucu Donanım:LEGAL_REVIEW_REQUIRED | Yapı, Hırdavat & Tesisat > İş Güvenliği & Koruyucu Donanım > Görünürlük & Koruyucu İş Giyimi:REGULATED; PROFESSIONAL_REVIEW_CHAIN=Yapı, Hırdavat & Tesisat > İş Güvenliği & Koruyucu Donanım | Yapı, Hırdavat & Tesisat > İş Güvenliği & Koruyucu Donanım > Görünürlük & Koruyucu İş Giyimi","canonical-v1.0.0","No public/pilot activation candidate in the canonical source; this package keeps it staged and fail-closed."
"CANONICAL-000636","8b7bf2c6-fb37-4bc3-9826-564ba9c021f5","Otomotiv & Motosiklet","1","NO","YES","YES","CONTAINER_NOT_ASSIGNABLE","NO","NO","NO","NORMAL","PASS","not_required","PASS","STRUCTURAL_CONTAINER","canonical-v1.0.0","Structurally eligible for a later separately authorized activation review; this package keeps it staged and not public."
"CANONICAL-000637","8d4c64ac-7eb2-4022-9ddf-c32de019ec93","Otomotiv & Motosiklet > Otomobil Yedek Parçaları","2","NO","YES","YES","CONTAINER_NOT_ASSIGNABLE","NO","NO","NO","REGULATED","FAIL_CLOSED","pending","FAIL_CLOSED","POLICY_CHAIN=Otomotiv & Motosiklet > Otomobil Yedek Parçaları:REGULATED; PROFESSIONAL_REVIEW_CHAIN=Otomotiv & Motosiklet > Otomobil Yedek Parçaları","canonical-v1.0.0","No public/pilot activation candidate in the canonical source; this package keeps it staged and fail-closed."
"CANONICAL-000638","d4bd822a-3cfa-4e67-af07-a38733ace723","Otomotiv & Motosiklet > Otomobil Yedek Parçaları > Aktarma Organları","3","NO","YES","YES","CONTAINER_NOT_ASSIGNABLE","NO","NO","NO","REGULATED","FAIL_CLOSED","pending","FAIL_CLOSED","POLICY_CHAIN=Otomotiv & Motosiklet > Otomobil Yedek Parçaları:REGULATED | Otomotiv & Motosiklet > Otomobil Yedek Parçaları > Aktarma Organları:REGULATED; PROFESSIONAL_REVIEW_CHAIN=Otomotiv & Motosiklet > Otomobil Yedek Parçaları | Otomotiv & Motosiklet > Otomobil Yedek Parçaları > Aktarma Organları","canonical-v1.0.0","No public/pilot activation candidate in the canonical source; this package keeps it staged and fail-closed."
"CANONICAL-000639","d541ebb4-ad34-4817-be0f-ac8b13373f23","Otomotiv & Motosiklet > Otomobil Yedek Parçaları > Aktarma Organları > Aks & Mafsal Parçaları","4","YES","YES","YES","POLICY_BLOCKED","NO","NO","NO","REGULATED","FAIL_CLOSED","pending","FAIL_CLOSED","POLICY_CHAIN=Otomotiv & Motosiklet > Otomobil Yedek Parçaları:REGULATED | Otomotiv & Motosiklet > Otomobil Yedek Parçaları > Aktarma Organları:REGULATED | Otomotiv & Motosiklet > Otomobil Yedek Parçaları > Aktarma Organları > Aks & Mafsal Parçaları:REGULATED; PROFESSIONAL_REVIEW_CHAIN=Otomotiv & Motosiklet > Otomobil Yedek Parçaları | Otomotiv & Motosiklet > Otomobil Yedek Parçaları > Aktarma Organları | Otomotiv & Motosiklet > Otomobil Yedek Parçaları > Aktarma Organları > Aks & Mafsal Parçaları","canonical-v1.0.0","No public/pilot activation candidate in the canonical source; this package keeps it staged and fail-closed."
"CANONICAL-000640","ef529029-d805-48bc-a320-748feca8eae4","Otomotiv & Motosiklet > Otomobil Yedek Parçaları > Aktarma Organları > Debriyaj Parçaları","4","YES","YES","YES","POLICY_BLOCKED","NO","NO","NO","REGULATED","FAIL_CLOSED","pending","FAIL_CLOSED","POLICY_CHAIN=Otomotiv & Motosiklet > Otomobil Yedek Parçaları:REGULATED | Otomotiv & Motosiklet > Otomobil Yedek Parçaları > Aktarma Organları:REGULATED | Otomotiv & Motosiklet > Otomobil Yedek Parçaları > Aktarma Organları > Debriyaj Parçaları:REGULATED; PROFESSIONAL_REVIEW_CHAIN=Otomotiv & Motosiklet > Otomobil Yedek Parçaları | Otomotiv & Motosiklet > Otomobil Yedek Parçaları > Aktarma Organları | Otomotiv & Motosiklet > Otomobil Yedek Parçaları > Aktarma Organları > Debriyaj Parçaları","canonical-v1.0.0","No public/pilot activation candidate in the canonical source; this package keeps it staged and fail-closed."
"CANONICAL-000641","95631d2b-a520-46e0-8ce8-06a1730a7283","Otomotiv & Motosiklet > Otomobil Yedek Parçaları > Aktarma Organları > Şanzıman Parçaları","4","YES","YES","YES","POLICY_BLOCKED","NO","NO","NO","REGULATED","FAIL_CLOSED","pending","FAIL_CLOSED","POLICY_CHAIN=Otomotiv & Motosiklet > Otomobil Yedek Parçaları:REGULATED | Otomotiv & Motosiklet > Otomobil Yedek Parçaları > Aktarma Organları:REGULATED | Otomotiv & Motosiklet > Otomobil Yedek Parçaları > Aktarma Organları > Şanzıman Parçaları:REGULATED; PROFESSIONAL_REVIEW_CHAIN=Otomotiv & Motosiklet > Otomobil Yedek Parçaları | Otomotiv & Motosiklet > Otomobil Yedek Parçaları > Aktarma Organları | Otomotiv & Motosiklet > Otomobil Yedek Parçaları > Aktarma Organları > Şanzıman Parçaları","canonical-v1.0.0","No public/pilot activation candidate in the canonical source; this package keeps it staged and fail-closed."
"CANONICAL-000642","23aab385-9b1d-4f67-bd90-ed1bf7470b3b","Otomotiv & Motosiklet > Otomobil Yedek Parçaları > Egzoz Parçaları","3","YES","YES","YES","POLICY_BLOCKED","NO","NO","NO","REGULATED","FAIL_CLOSED","pending","FAIL_CLOSED","POLICY_CHAIN=Otomotiv & Motosiklet > Otomobil Yedek Parçaları:REGULATED | Otomotiv & Motosiklet > Otomobil Yedek Parçaları > Egzoz Parçaları:REGULATED; PROFESSIONAL_REVIEW_CHAIN=Otomotiv & Motosiklet > Otomobil Yedek Parçaları | Otomotiv & Motosiklet > Otomobil Yedek Parçaları > Egzoz Parçaları","canonical-v1.0.0","No public/pilot activation candidate in the canonical source; this package keeps it staged and fail-closed."
"CANONICAL-000643","4a482ba0-11d2-43c8-899c-c45ddec732b6","Otomotiv & Motosiklet > Otomobil Yedek Parçaları > Fren Parçaları","3","NO","YES","YES","CONTAINER_NOT_ASSIGNABLE","NO","NO","NO","REGULATED","FAIL_CLOSED","pending","FAIL_CLOSED","POLICY_CHAIN=Otomotiv & Motosiklet > Otomobil Yedek Parçaları:REGULATED | Otomotiv & Motosiklet > Otomobil Yedek Parçaları > Fren Parçaları:REGULATED; PROFESSIONAL_REVIEW_CHAIN=Otomotiv & Motosiklet > Otomobil Yedek Parçaları | Otomotiv & Motosiklet > Otomobil Yedek Parçaları > Fren Parçaları","canonical-v1.0.0","No public/pilot activation candidate in the canonical source; this package keeps it staged and fail-closed."
"CANONICAL-000644","3fce6b37-3fb4-4b21-adeb-75acd95318fb","Otomotiv & Motosiklet > Otomobil Yedek Parçaları > Fren Parçaları > Fren Balataları","4","YES","YES","YES","POLICY_BLOCKED","NO","NO","NO","REGULATED","FAIL_CLOSED","pending","FAIL_CLOSED","POLICY_CHAIN=Otomotiv & Motosiklet > Otomobil Yedek Parçaları:REGULATED | Otomotiv & Motosiklet > Otomobil Yedek Parçaları > Fren Parçaları:REGULATED | Otomotiv & Motosiklet > Otomobil Yedek Parçaları > Fren Parçaları > Fren Balataları:REGULATED; PROFESSIONAL_REVIEW_CHAIN=Otomotiv & Motosiklet > Otomobil Yedek Parçaları | Otomotiv & Motosiklet > Otomobil Yedek Parçaları > Fren Parçaları | Otomotiv & Motosiklet > Otomobil Yedek Parçaları > Fren Parçaları > Fren Balataları","canonical-v1.0.0","No public/pilot activation candidate in the canonical source; this package keeps it staged and fail-closed."
"CANONICAL-000645","dd4884d3-b14e-4af7-a636-2cfe99fb2577","Otomotiv & Motosiklet > Otomobil Yedek Parçaları > Fren Parçaları > Fren Diskleri & Kampanaları","4","YES","YES","YES","POLICY_BLOCKED","NO","NO","NO","REGULATED","FAIL_CLOSED","pending","FAIL_CLOSED","POLICY_CHAIN=Otomotiv & Motosiklet > Otomobil Yedek Parçaları:REGULATED | Otomotiv & Motosiklet > Otomobil Yedek Parçaları > Fren Parçaları:REGULATED | Otomotiv & Motosiklet > Otomobil Yedek Parçaları > Fren Parçaları > Fren Diskleri & Kampanaları:REGULATED; PROFESSIONAL_REVIEW_CHAIN=Otomotiv & Motosiklet > Otomobil Yedek Parçaları | Otomotiv & Motosiklet > Otomobil Yedek Parçaları > Fren Parçaları | Otomotiv & Motosiklet > Otomobil Yedek Parçaları > Fren Parçaları > Fren Diskleri & Kampanaları","canonical-v1.0.0","No public/pilot activation candidate in the canonical source; this package keeps it staged and fail-closed."
"CANONICAL-000646","169d25e4-2526-4a56-917b-f73749ca0de3","Otomotiv & Motosiklet > Otomobil Yedek Parçaları > Fren Parçaları > Fren Mekanizması Parçaları","4","YES","YES","YES","POLICY_BLOCKED","NO","NO","NO","REGULATED","FAIL_CLOSED","pending","FAIL_CLOSED","POLICY_CHAIN=Otomotiv & Motosiklet > Otomobil Yedek Parçaları:REGULATED | Otomotiv & Motosiklet > Otomobil Yedek Parçaları > Fren Parçaları:REGULATED | Otomotiv & Motosiklet > Otomobil Yedek Parçaları > Fren Parçaları > Fren Mekanizması Parçaları:REGULATED; PROFESSIONAL_REVIEW_CHAIN=Otomotiv & Motosiklet > Otomobil Yedek Parçaları | Otomotiv & Motosiklet > Otomobil Yedek Parçaları > Fren Parçaları | Otomotiv & Motosiklet > Otomobil Yedek Parçaları > Fren Parçaları > Fren Mekanizması Parçaları","canonical-v1.0.0","No public/pilot activation candidate in the canonical source; this package keeps it staged and fail-closed."
"CANONICAL-000647","3a0851a2-3487-4e48-b293-3cca52f8b179","Otomotiv & Motosiklet > Otomobil Yedek Parçaları > Kaporta Parçaları","3","YES","YES","YES","POLICY_BLOCKED","NO","NO","NO","REGULATED","FAIL_CLOSED","pending","FAIL_CLOSED","POLICY_CHAIN=Otomotiv & Motosiklet > Otomobil Yedek Parçaları:REGULATED | Otomotiv & Motosiklet > Otomobil Yedek Parçaları > Kaporta Parçaları:REGULATED; PROFESSIONAL_REVIEW_CHAIN=Otomotiv & Motosiklet > Otomobil Yedek Parçaları | Otomotiv & Motosiklet > Otomobil Yedek Parçaları > Kaporta Parçaları","canonical-v1.0.0","No public/pilot activation candidate in the canonical source; this package keeps it staged and fail-closed."
"CANONICAL-000648","d7dd4178-d10f-42bd-b179-e193316bcfd6","Otomotiv & Motosiklet > Otomobil Yedek Parçaları > Motor & Filtre","3","NO","YES","YES","CONTAINER_NOT_ASSIGNABLE","NO","NO","NO","REGULATED","FAIL_CLOSED","pending","FAIL_CLOSED","POLICY_CHAIN=Otomotiv & Motosiklet > Otomobil Yedek Parçaları:REGULATED | Otomotiv & Motosiklet > Otomobil Yedek Parçaları > Motor & Filtre:REGULATED; PROFESSIONAL_REVIEW_CHAIN=Otomotiv & Motosiklet > Otomobil Yedek Parçaları | Otomotiv & Motosiklet > Otomobil Yedek Parçaları > Motor & Filtre","canonical-v1.0.0","No public/pilot activation candidate in the canonical source; this package keeps it staged and fail-closed."
"CANONICAL-000649","4d6bc83b-b62e-47fe-a091-f890191fff31","Otomotiv & Motosiklet > Otomobil Yedek Parçaları > Motor & Filtre > Hava Filtreleri","4","YES","YES","YES","POLICY_BLOCKED","NO","NO","NO","REGULATED","FAIL_CLOSED","pending","FAIL_CLOSED","POLICY_CHAIN=Otomotiv & Motosiklet > Otomobil Yedek Parçaları:REGULATED | Otomotiv & Motosiklet > Otomobil Yedek Parçaları > Motor & Filtre:REGULATED | Otomotiv & Motosiklet > Otomobil Yedek Parçaları > Motor & Filtre > Hava Filtreleri:REGULATED; PROFESSIONAL_REVIEW_CHAIN=Otomotiv & Motosiklet > Otomobil Yedek Parçaları | Otomotiv & Motosiklet > Otomobil Yedek Parçaları > Motor & Filtre | Otomotiv & Motosiklet > Otomobil Yedek Parçaları > Motor & Filtre > Hava Filtreleri","canonical-v1.0.0","No public/pilot activation candidate in the canonical source; this package keeps it staged and fail-closed."
"CANONICAL-000650","4458d572-96a9-40df-bf7b-589345aab0c6","Otomotiv & Motosiklet > Otomobil Yedek Parçaları > Motor & Filtre > Kabin Filtreleri","4","YES","YES","YES","POLICY_BLOCKED","NO","NO","NO","REGULATED","FAIL_CLOSED","pending","FAIL_CLOSED","POLICY_CHAIN=Otomotiv & Motosiklet > Otomobil Yedek Parçaları:REGULATED | Otomotiv & Motosiklet > Otomobil Yedek Parçaları > Motor & Filtre:REGULATED | Otomotiv & Motosiklet > Otomobil Yedek Parçaları > Motor & Filtre > Kabin Filtreleri:REGULATED; PROFESSIONAL_REVIEW_CHAIN=Otomotiv & Motosiklet > Otomobil Yedek Parçaları | Otomotiv & Motosiklet > Otomobil Yedek Parçaları > Motor & Filtre | Otomotiv & Motosiklet > Otomobil Yedek Parçaları > Motor & Filtre > Kabin Filtreleri","canonical-v1.0.0","No public/pilot activation candidate in the canonical source; this package keeps it staged and fail-closed."
"CANONICAL-000651","5f9851ac-4df4-4c78-8d40-6e0ca5359076","Otomotiv & Motosiklet > Otomobil Yedek Parçaları > Motor & Filtre > Motor Parçaları","4","YES","YES","YES","POLICY_BLOCKED","NO","NO","NO","REGULATED","FAIL_CLOSED","pending","FAIL_CLOSED","POLICY_CHAIN=Otomotiv & Motosiklet > Otomobil Yedek Parçaları:REGULATED | Otomotiv & Motosiklet > Otomobil Yedek Parçaları > Motor & Filtre:REGULATED | Otomotiv & Motosiklet > Otomobil Yedek Parçaları > Motor & Filtre > Motor Parçaları:REGULATED; PROFESSIONAL_REVIEW_CHAIN=Otomotiv & Motosiklet > Otomobil Yedek Parçaları | Otomotiv & Motosiklet > Otomobil Yedek Parçaları > Motor & Filtre | Otomotiv & Motosiklet > Otomobil Yedek Parçaları > Motor & Filtre > Motor Parçaları","canonical-v1.0.0","No public/pilot activation candidate in the canonical source; this package keeps it staged and fail-closed."
"CANONICAL-000652","0f088b10-f697-47a8-abb4-5e93b0ef5787","Otomotiv & Motosiklet > Otomobil Yedek Parçaları > Motor & Filtre > Yağ Filtreleri","4","YES","YES","YES","POLICY_BLOCKED","NO","NO","NO","REGULATED","FAIL_CLOSED","pending","FAIL_CLOSED","POLICY_CHAIN=Otomotiv & Motosiklet > Otomobil Yedek Parçaları:REGULATED | Otomotiv & Motosiklet > Otomobil Yedek Parçaları > Motor & Filtre:REGULATED | Otomotiv & Motosiklet > Otomobil Yedek Parçaları > Motor & Filtre > Yağ Filtreleri:REGULATED; PROFESSIONAL_REVIEW_CHAIN=Otomotiv & Motosiklet > Otomobil Yedek Parçaları | Otomotiv & Motosiklet > Otomobil Yedek Parçaları > Motor & Filtre | Otomotiv & Motosiklet > Otomobil Yedek Parçaları > Motor & Filtre > Yağ Filtreleri","canonical-v1.0.0","No public/pilot activation candidate in the canonical source; this package keeps it staged and fail-closed."
"CANONICAL-000653","91f7c1c2-06d9-45aa-9b50-d4a3ac105ee4","Otomotiv & Motosiklet > Otomobil Yedek Parçaları > Motor & Filtre > Yakıt Filtreleri","4","YES","YES","YES","POLICY_BLOCKED","NO","NO","NO","REGULATED","FAIL_CLOSED","pending","FAIL_CLOSED","POLICY_CHAIN=Otomotiv & Motosiklet > Otomobil Yedek Parçaları:REGULATED | Otomotiv & Motosiklet > Otomobil Yedek Parçaları > Motor & Filtre:REGULATED | Otomotiv & Motosiklet > Otomobil Yedek Parçaları > Motor & Filtre > Yakıt Filtreleri:REGULATED; PROFESSIONAL_REVIEW_CHAIN=Otomotiv & Motosiklet > Otomobil Yedek Parçaları | Otomotiv & Motosiklet > Otomobil Yedek Parçaları > Motor & Filtre | Otomotiv & Motosiklet > Otomobil Yedek Parçaları > Motor & Filtre > Yakıt Filtreleri","canonical-v1.0.0","No public/pilot activation candidate in the canonical source; this package keeps it staged and fail-closed."
"CANONICAL-000654","64f0a424-8958-43cb-803f-bafdb2571f20","Otomotiv & Motosiklet > Otomobil Yedek Parçaları > Süspansiyon & Direksiyon","3","NO","YES","YES","CONTAINER_NOT_ASSIGNABLE","NO","NO","NO","REGULATED","FAIL_CLOSED","pending","FAIL_CLOSED","POLICY_CHAIN=Otomotiv & Motosiklet > Otomobil Yedek Parçaları:REGULATED | Otomotiv & Motosiklet > Otomobil Yedek Parçaları > Süspansiyon & Direksiyon:REGULATED; PROFESSIONAL_REVIEW_CHAIN=Otomotiv & Motosiklet > Otomobil Yedek Parçaları | Otomotiv & Motosiklet > Otomobil Yedek Parçaları > Süspansiyon & Direksiyon","canonical-v1.0.0","No public/pilot activation candidate in the canonical source; this package keeps it staged and fail-closed."
"CANONICAL-000655","41aaf4ee-08c2-4b62-ac87-0152b245f8b0","Otomotiv & Motosiklet > Otomobil Yedek Parçaları > Süspansiyon & Direksiyon > Amortisör & Yaylar","4","YES","YES","YES","POLICY_BLOCKED","NO","NO","NO","REGULATED","FAIL_CLOSED","pending","FAIL_CLOSED","POLICY_CHAIN=Otomotiv & Motosiklet > Otomobil Yedek Parçaları:REGULATED | Otomotiv & Motosiklet > Otomobil Yedek Parçaları > Süspansiyon & Direksiyon:REGULATED | Otomotiv & Motosiklet > Otomobil Yedek Parçaları > Süspansiyon & Direksiyon > Amortisör & Yaylar:REGULATED; PROFESSIONAL_REVIEW_CHAIN=Otomotiv & Motosiklet > Otomobil Yedek Parçaları | Otomotiv & Motosiklet > Otomobil Yedek Parçaları > Süspansiyon & Direksiyon | Otomotiv & Motosiklet > Otomobil Yedek Parçaları > Süspansiyon & Direksiyon > Amortisör & Yaylar","canonical-v1.0.0","No public/pilot activation candidate in the canonical source; this package keeps it staged and fail-closed."
"CANONICAL-000656","ea17616b-6b57-469f-b272-219cb3878bdd","Otomotiv & Motosiklet > Otomobil Yedek Parçaları > Süspansiyon & Direksiyon > Direksiyon Parçaları","4","YES","YES","YES","POLICY_BLOCKED","NO","NO","NO","REGULATED","FAIL_CLOSED","pending","FAIL_CLOSED","POLICY_CHAIN=Otomotiv & Motosiklet > Otomobil Yedek Parçaları:REGULATED | Otomotiv & Motosiklet > Otomobil Yedek Parçaları > Süspansiyon & Direksiyon:REGULATED | Otomotiv & Motosiklet > Otomobil Yedek Parçaları > Süspansiyon & Direksiyon > Direksiyon Parçaları:REGULATED; PROFESSIONAL_REVIEW_CHAIN=Otomotiv & Motosiklet > Otomobil Yedek Parçaları | Otomotiv & Motosiklet > Otomobil Yedek Parçaları > Süspansiyon & Direksiyon | Otomotiv & Motosiklet > Otomobil Yedek Parçaları > Süspansiyon & Direksiyon > Direksiyon Parçaları","canonical-v1.0.0","No public/pilot activation candidate in the canonical source; this package keeps it staged and fail-closed."
"CANONICAL-000657","e9bfac56-7633-4219-ab2e-53237f760602","Otomotiv & Motosiklet > Otomobil Yedek Parçaları > Süspansiyon & Direksiyon > Rot, Rotil & Bağlantılar","4","YES","YES","YES","POLICY_BLOCKED","NO","NO","NO","REGULATED","FAIL_CLOSED","pending","FAIL_CLOSED","POLICY_CHAIN=Otomotiv & Motosiklet > Otomobil Yedek Parçaları:REGULATED | Otomotiv & Motosiklet > Otomobil Yedek Parçaları > Süspansiyon & Direksiyon:REGULATED | Otomotiv & Motosiklet > Otomobil Yedek Parçaları > Süspansiyon & Direksiyon > Rot, Rotil & Bağlantılar:REGULATED; PROFESSIONAL_REVIEW_CHAIN=Otomotiv & Motosiklet > Otomobil Yedek Parçaları | Otomotiv & Motosiklet > Otomobil Yedek Parçaları > Süspansiyon & Direksiyon | Otomotiv & Motosiklet > Otomobil Yedek Parçaları > Süspansiyon & Direksiyon > Rot, Rotil & Bağlantılar","canonical-v1.0.0","No public/pilot activation candidate in the canonical source; this package keeps it staged and fail-closed."
"CANONICAL-000658","bf50875b-01bb-42a4-a8dc-8431046d2754","Otomotiv & Motosiklet > Motosiklet Yedek Parçaları","2","NO","YES","YES","CONTAINER_NOT_ASSIGNABLE","NO","NO","NO","REGULATED","FAIL_CLOSED","pending","FAIL_CLOSED","POLICY_CHAIN=Otomotiv & Motosiklet > Motosiklet Yedek Parçaları:REGULATED; PROFESSIONAL_REVIEW_CHAIN=Otomotiv & Motosiklet > Motosiklet Yedek Parçaları","canonical-v1.0.0","No public/pilot activation candidate in the canonical source; this package keeps it staged and fail-closed."
"CANONICAL-000659","cc22b5e8-6df2-4668-a482-4a03e129e45e","Otomotiv & Motosiklet > Motosiklet Yedek Parçaları > Aktarma & Debriyaj Parçaları","3","YES","YES","YES","POLICY_BLOCKED","NO","NO","NO","REGULATED","FAIL_CLOSED","pending","FAIL_CLOSED","POLICY_CHAIN=Otomotiv & Motosiklet > Motosiklet Yedek Parçaları:REGULATED | Otomotiv & Motosiklet > Motosiklet Yedek Parçaları > Aktarma & Debriyaj Parçaları:REGULATED; PROFESSIONAL_REVIEW_CHAIN=Otomotiv & Motosiklet > Motosiklet Yedek Parçaları | Otomotiv & Motosiklet > Motosiklet Yedek Parçaları > Aktarma & Debriyaj Parçaları","canonical-v1.0.0","No public/pilot activation candidate in the canonical source; this package keeps it staged and fail-closed."
"CANONICAL-000660","9a3208e8-0733-4089-9f8e-449fd5fd7991","Otomotiv & Motosiklet > Motosiklet Yedek Parçaları > Aydınlatma Parçaları","3","YES","YES","YES","POLICY_BLOCKED","NO","NO","NO","REGULATED","FAIL_CLOSED","pending","FAIL_CLOSED","POLICY_CHAIN=Otomotiv & Motosiklet > Motosiklet Yedek Parçaları:REGULATED | Otomotiv & Motosiklet > Motosiklet Yedek Parçaları > Aydınlatma Parçaları:REGULATED; PROFESSIONAL_REVIEW_CHAIN=Otomotiv & Motosiklet > Motosiklet Yedek Parçaları | Otomotiv & Motosiklet > Motosiklet Yedek Parçaları > Aydınlatma Parçaları","canonical-v1.0.0","No public/pilot activation candidate in the canonical source; this package keeps it staged and fail-closed."
"CANONICAL-000661","59db4667-ba27-4f8a-9f78-ad1e52a8e703","Otomotiv & Motosiklet > Motosiklet Yedek Parçaları > Egzoz Parçaları","3","YES","YES","YES","POLICY_BLOCKED","NO","NO","NO","REGULATED","FAIL_CLOSED","pending","FAIL_CLOSED","POLICY_CHAIN=Otomotiv & Motosiklet > Motosiklet Yedek Parçaları:REGULATED | Otomotiv & Motosiklet > Motosiklet Yedek Parçaları > Egzoz Parçaları:REGULATED; PROFESSIONAL_REVIEW_CHAIN=Otomotiv & Motosiklet > Motosiklet Yedek Parçaları | Otomotiv & Motosiklet > Motosiklet Yedek Parçaları > Egzoz Parçaları","canonical-v1.0.0","No public/pilot activation candidate in the canonical source; this package keeps it staged and fail-closed."
"CANONICAL-000662","e2f6730d-dc25-48bd-bd4b-30207f3132ea","Otomotiv & Motosiklet > Motosiklet Yedek Parçaları > Fren Parçaları","3","YES","YES","YES","POLICY_BLOCKED","NO","NO","NO","REGULATED","FAIL_CLOSED","pending","FAIL_CLOSED","POLICY_CHAIN=Otomotiv & Motosiklet > Motosiklet Yedek Parçaları:REGULATED | Otomotiv & Motosiklet > Motosiklet Yedek Parçaları > Fren Parçaları:REGULATED; PROFESSIONAL_REVIEW_CHAIN=Otomotiv & Motosiklet > Motosiklet Yedek Parçaları | Otomotiv & Motosiklet > Motosiklet Yedek Parçaları > Fren Parçaları","canonical-v1.0.0","No public/pilot activation candidate in the canonical source; this package keeps it staged and fail-closed."
"CANONICAL-000663","15b45bc0-1993-4d9e-9895-fd10eeaa48a6","Otomotiv & Motosiklet > Motosiklet Yedek Parçaları > Motor Parçaları","3","YES","YES","YES","POLICY_BLOCKED","NO","NO","NO","REGULATED","FAIL_CLOSED","pending","FAIL_CLOSED","POLICY_CHAIN=Otomotiv & Motosiklet > Motosiklet Yedek Parçaları:REGULATED | Otomotiv & Motosiklet > Motosiklet Yedek Parçaları > Motor Parçaları:REGULATED; PROFESSIONAL_REVIEW_CHAIN=Otomotiv & Motosiklet > Motosiklet Yedek Parçaları | Otomotiv & Motosiklet > Motosiklet Yedek Parçaları > Motor Parçaları","canonical-v1.0.0","No public/pilot activation candidate in the canonical source; this package keeps it staged and fail-closed."
"CANONICAL-000664","1e1faebf-a61a-4bd6-8a98-8975f1bf00e2","Otomotiv & Motosiklet > Motosiklet Yedek Parçaları > Süspansiyon & Direksiyon Parçaları","3","YES","YES","YES","POLICY_BLOCKED","NO","NO","NO","REGULATED","FAIL_CLOSED","pending","FAIL_CLOSED","POLICY_CHAIN=Otomotiv & Motosiklet > Motosiklet Yedek Parçaları:REGULATED | Otomotiv & Motosiklet > Motosiklet Yedek Parçaları > Süspansiyon & Direksiyon Parçaları:REGULATED; PROFESSIONAL_REVIEW_CHAIN=Otomotiv & Motosiklet > Motosiklet Yedek Parçaları | Otomotiv & Motosiklet > Motosiklet Yedek Parçaları > Süspansiyon & Direksiyon Parçaları","canonical-v1.0.0","No public/pilot activation candidate in the canonical source; this package keeps it staged and fail-closed."
"CANONICAL-000665","722b52e2-b8bb-403f-b178-2a175bcc8e8e","Otomotiv & Motosiklet > Araç İçi Aksesuarları","2","NO","YES","YES","CONTAINER_NOT_ASSIGNABLE","NO","NO","NO","NORMAL","PASS","not_required","PASS","STRUCTURAL_CONTAINER","canonical-v1.0.0","Structurally eligible for a later separately authorized activation review; this package keeps it staged and not public."
"CANONICAL-000666","d148e3cb-c211-476c-9d5f-0b4e6fac84fe","Otomotiv & Motosiklet > Araç İçi Aksesuarları > Araç İçi Düzenleyiciler","3","YES","YES","YES","LEAF_ASSIGNABLE_CANDIDATE","YES","NO","NO","NORMAL","PASS","not_required","PASS","NONE","canonical-v1.0.0","Structurally eligible for a later separately authorized activation review; this package keeps it staged and not public."
"CANONICAL-000667","5a671952-7972-478e-8d0c-2710e8d72e28","Otomotiv & Motosiklet > Araç İçi Aksesuarları > Direksiyon & Vites Aksesuarları","3","YES","YES","YES","LEAF_ASSIGNABLE_CANDIDATE","YES","NO","NO","NORMAL","PASS","not_required","PASS","NONE","canonical-v1.0.0","Structurally eligible for a later separately authorized activation review; this package keeps it staged and not public."
"CANONICAL-000668","177e7ce4-75a7-4d11-ba68-4d12c2eb3d38","Otomotiv & Motosiklet > Araç İçi Aksesuarları > Güneşlik & Cam Aksesuarları","3","YES","YES","YES","LEAF_ASSIGNABLE_CANDIDATE","YES","NO","NO","NORMAL","PASS","not_required","PASS","NONE","canonical-v1.0.0","Structurally eligible for a later separately authorized activation review; this package keeps it staged and not public."
"CANONICAL-000669","de7d257a-1c5c-4270-824f-ea7930588970","Otomotiv & Motosiklet > Araç İçi Aksesuarları > İç Trim & Koruma Aksesuarları","3","YES","YES","YES","LEAF_ASSIGNABLE_CANDIDATE","YES","NO","NO","NORMAL","PASS","not_required","PASS","NONE","canonical-v1.0.0","Structurally eligible for a later separately authorized activation review; this package keeps it staged and not public."
"CANONICAL-000670","71ee1293-07c2-497c-9910-45be212366d0","Otomotiv & Motosiklet > Araç İçi Aksesuarları > Koltuk Kılıfları & Minderler","3","YES","YES","YES","LEAF_ASSIGNABLE_CANDIDATE","YES","NO","NO","NORMAL","PASS","not_required","PASS","NONE","canonical-v1.0.0","Structurally eligible for a later separately authorized activation review; this package keeps it staged and not public."
"CANONICAL-000671","d14fc363-50f2-49d9-bd3c-66cd9c61fbab","Otomotiv & Motosiklet > Araç İçi Aksesuarları > Paspaslar","3","YES","YES","YES","LEAF_ASSIGNABLE_CANDIDATE","YES","NO","NO","NORMAL","PASS","not_required","PASS","NONE","canonical-v1.0.0","Structurally eligible for a later separately authorized activation review; this package keeps it staged and not public."
"CANONICAL-000672","417a7bc8-6655-4538-9ff8-85acc9d7872f","Otomotiv & Motosiklet > Araç Dış Aksesuarları","2","NO","YES","YES","CONTAINER_NOT_ASSIGNABLE","NO","NO","NO","REGULATED","FAIL_CLOSED","pending","FAIL_CLOSED","POLICY_CHAIN=Otomotiv & Motosiklet > Araç Dış Aksesuarları:REGULATED; PROFESSIONAL_REVIEW_CHAIN=Otomotiv & Motosiklet > Araç Dış Aksesuarları","canonical-v1.0.0","No public/pilot activation candidate in the canonical source; this package keeps it staged and fail-closed."
"CANONICAL-000673","cd3daeaf-fb81-46f6-844b-41a8f3ee845c","Otomotiv & Motosiklet > Araç Dış Aksesuarları > Araç Örtüleri","3","YES","YES","YES","POLICY_BLOCKED","NO","NO","NO","NORMAL","FAIL_CLOSED","not_required","FAIL_CLOSED","POLICY_CHAIN=Otomotiv & Motosiklet > Araç Dış Aksesuarları:REGULATED; PROFESSIONAL_REVIEW_CHAIN=Otomotiv & Motosiklet > Araç Dış Aksesuarları","canonical-v1.0.0","No public/pilot activation candidate in the canonical source; this package keeps it staged and fail-closed."
"CANONICAL-000674","0be6d632-07a5-43ac-8cef-066e8945232b","Otomotiv & Motosiklet > Araç Dış Aksesuarları > Dış Trim & Koruma Aksesuarları","3","YES","YES","YES","POLICY_BLOCKED","NO","NO","NO","NORMAL","FAIL_CLOSED","not_required","FAIL_CLOSED","POLICY_CHAIN=Otomotiv & Motosiklet > Araç Dış Aksesuarları:REGULATED; PROFESSIONAL_REVIEW_CHAIN=Otomotiv & Motosiklet > Araç Dış Aksesuarları","canonical-v1.0.0","No public/pilot activation candidate in the canonical source; this package keeps it staged and fail-closed."
"CANONICAL-000675","f5d20baf-6c04-4063-9314-5e90de1a220a","Otomotiv & Motosiklet > Araç Dış Aksesuarları > Paçalık & Çamurluk Aksesuarları","3","YES","YES","YES","POLICY_BLOCKED","NO","NO","NO","NORMAL","FAIL_CLOSED","not_required","FAIL_CLOSED","POLICY_CHAIN=Otomotiv & Motosiklet > Araç Dış Aksesuarları:REGULATED; PROFESSIONAL_REVIEW_CHAIN=Otomotiv & Motosiklet > Araç Dış Aksesuarları","canonical-v1.0.0","No public/pilot activation candidate in the canonical source; this package keeps it staged and fail-closed."
"CANONICAL-000676","8fe8a638-a908-41ed-bfe4-f578d51c8f90","Otomotiv & Motosiklet > Araç Dış Aksesuarları > Plaka Çerçeveleri","3","YES","YES","YES","POLICY_BLOCKED","NO","NO","NO","NORMAL","FAIL_CLOSED","not_required","FAIL_CLOSED","POLICY_CHAIN=Otomotiv & Motosiklet > Araç Dış Aksesuarları:REGULATED; PROFESSIONAL_REVIEW_CHAIN=Otomotiv & Motosiklet > Araç Dış Aksesuarları","canonical-v1.0.0","No public/pilot activation candidate in the canonical source; this package keeps it staged and fail-closed."
"CANONICAL-000677","eb61baa8-9f46-4327-940b-32edd4bfe8ae","Otomotiv & Motosiklet > Araç Dış Aksesuarları > Tavan Taşıma Aksesuarları","3","YES","YES","YES","POLICY_BLOCKED","NO","NO","NO","REGULATED","FAIL_CLOSED","pending","FAIL_CLOSED","POLICY_CHAIN=Otomotiv & Motosiklet > Araç Dış Aksesuarları:REGULATED | Otomotiv & Motosiklet > Araç Dış Aksesuarları > Tavan Taşıma Aksesuarları:REGULATED; PROFESSIONAL_REVIEW_CHAIN=Otomotiv & Motosiklet > Araç Dış Aksesuarları | Otomotiv & Motosiklet > Araç Dış Aksesuarları > Tavan Taşıma Aksesuarları","canonical-v1.0.0","No public/pilot activation candidate in the canonical source; this package keeps it staged and fail-closed."
"CANONICAL-000678","e16cd7e4-ac4f-4e8f-8d8d-e1dde09f685d","Otomotiv & Motosiklet > Lastik, Jant & Tekerlek Ürünleri","2","NO","YES","YES","CONTAINER_NOT_ASSIGNABLE","NO","NO","NO","REGULATED","FAIL_CLOSED","pending","FAIL_CLOSED","POLICY_CHAIN=Otomotiv & Motosiklet > Lastik, Jant & Tekerlek Ürünleri:REGULATED; PROFESSIONAL_REVIEW_CHAIN=Otomotiv & Motosiklet > Lastik, Jant & Tekerlek Ürünleri","canonical-v1.0.0","No public/pilot activation candidate in the canonical source; this package keeps it staged and fail-closed."
"CANONICAL-000679","feb89131-7128-46f7-9fb8-077c399448b7","Otomotiv & Motosiklet > Lastik, Jant & Tekerlek Ürünleri > Bijon & Tekerlek Aksesuarları","3","YES","YES","YES","POLICY_BLOCKED","NO","NO","NO","REGULATED","FAIL_CLOSED","pending","FAIL_CLOSED","POLICY_CHAIN=Otomotiv & Motosiklet > Lastik, Jant & Tekerlek Ürünleri:REGULATED | Otomotiv & Motosiklet > Lastik, Jant & Tekerlek Ürünleri > Bijon & Tekerlek Aksesuarları:REGULATED; PROFESSIONAL_REVIEW_CHAIN=Otomotiv & Motosiklet > Lastik, Jant & Tekerlek Ürünleri | Otomotiv & Motosiklet > Lastik, Jant & Tekerlek Ürünleri > Bijon & Tekerlek Aksesuarları","canonical-v1.0.0","No public/pilot activation candidate in the canonical source; this package keeps it staged and fail-closed."
"CANONICAL-000680","4a408733-eae9-40de-a3f7-ef959f5639f2","Otomotiv & Motosiklet > Lastik, Jant & Tekerlek Ürünleri > Jantlar","3","YES","YES","YES","POLICY_BLOCKED","NO","NO","NO","REGULATED","FAIL_CLOSED","pending","FAIL_CLOSED","POLICY_CHAIN=Otomotiv & Motosiklet > Lastik, Jant & Tekerlek Ürünleri:REGULATED | Otomotiv & Motosiklet > Lastik, Jant & Tekerlek Ürünleri > Jantlar:REGULATED; PROFESSIONAL_REVIEW_CHAIN=Otomotiv & Motosiklet > Lastik, Jant & Tekerlek Ürünleri | Otomotiv & Motosiklet > Lastik, Jant & Tekerlek Ürünleri > Jantlar","canonical-v1.0.0","No public/pilot activation candidate in the canonical source; this package keeps it staged and fail-closed."
"CANONICAL-000681","f42419a9-6f9b-411b-82f8-1f96c5843801","Otomotiv & Motosiklet > Lastik, Jant & Tekerlek Ürünleri > Kar Zincirleri & Kar Paletleri","3","YES","YES","YES","POLICY_BLOCKED","NO","NO","NO","REGULATED","FAIL_CLOSED","pending","FAIL_CLOSED","POLICY_CHAIN=Otomotiv & Motosiklet > Lastik, Jant & Tekerlek Ürünleri:REGULATED | Otomotiv & Motosiklet > Lastik, Jant & Tekerlek Ürünleri > Kar Zincirleri & Kar Paletleri:REGULATED; PROFESSIONAL_REVIEW_CHAIN=Otomotiv & Motosiklet > Lastik, Jant & Tekerlek Ürünleri | Otomotiv & Motosiklet > Lastik, Jant & Tekerlek Ürünleri > Kar Zincirleri & Kar Paletleri","canonical-v1.0.0","No public/pilot activation candidate in the canonical source; this package keeps it staged and fail-closed."
"CANONICAL-000682","c4927212-e862-4100-9fd8-e92e9fa7b07b","Otomotiv & Motosiklet > Lastik, Jant & Tekerlek Ürünleri > Motosiklet Lastikleri","3","YES","YES","YES","POLICY_BLOCKED","NO","NO","NO","REGULATED","FAIL_CLOSED","pending","FAIL_CLOSED","POLICY_CHAIN=Otomotiv & Motosiklet > Lastik, Jant & Tekerlek Ürünleri:REGULATED | Otomotiv & Motosiklet > Lastik, Jant & Tekerlek Ürünleri > Motosiklet Lastikleri:REGULATED; PROFESSIONAL_REVIEW_CHAIN=Otomotiv & Motosiklet > Lastik, Jant & Tekerlek Ürünleri | Otomotiv & Motosiklet > Lastik, Jant & Tekerlek Ürünleri > Motosiklet Lastikleri","canonical-v1.0.0","No public/pilot activation candidate in the canonical source; this package keeps it staged and fail-closed."
"CANONICAL-000683","89691071-ba97-4d17-bf06-9df2e8a826f5","Otomotiv & Motosiklet > Lastik, Jant & Tekerlek Ürünleri > Otomobil Lastikleri","3","YES","YES","YES","POLICY_BLOCKED","NO","NO","NO","REGULATED","FAIL_CLOSED","pending","FAIL_CLOSED","POLICY_CHAIN=Otomotiv & Motosiklet > Lastik, Jant & Tekerlek Ürünleri:REGULATED | Otomotiv & Motosiklet > Lastik, Jant & Tekerlek Ürünleri > Otomobil Lastikleri:REGULATED; PROFESSIONAL_REVIEW_CHAIN=Otomotiv & Motosiklet > Lastik, Jant & Tekerlek Ürünleri | Otomotiv & Motosiklet > Lastik, Jant & Tekerlek Ürünleri > Otomobil Lastikleri","canonical-v1.0.0","No public/pilot activation candidate in the canonical source; this package keeps it staged and fail-closed."
"CANONICAL-000684","b34405fe-8ccf-4db8-b0b1-1706b208e2be","Otomotiv & Motosiklet > Akü & Araç Elektriği","2","NO","YES","YES","CONTAINER_NOT_ASSIGNABLE","NO","NO","NO","LEGAL_REVIEW_REQUIRED","FAIL_CLOSED","pending","FAIL_CLOSED","POLICY_CHAIN=Otomotiv & Motosiklet > Akü & Araç Elektriği:LEGAL_REVIEW_REQUIRED; PROFESSIONAL_REVIEW_CHAIN=Otomotiv & Motosiklet > Akü & Araç Elektriği","canonical-v1.0.0","No public/pilot activation candidate in the canonical source; this package keeps it staged and fail-closed."
"CANONICAL-000685","b73efb58-2d4a-44ea-90e8-631d238e0e64","Otomotiv & Motosiklet > Akü & Araç Elektriği > Akü Şarj & Takviye Cihazları","3","YES","YES","YES","POLICY_BLOCKED","NO","NO","NO","LEGAL_REVIEW_REQUIRED","FAIL_CLOSED","pending","FAIL_CLOSED","POLICY_CHAIN=Otomotiv & Motosiklet > Akü & Araç Elektriği:LEGAL_REVIEW_REQUIRED | Otomotiv & Motosiklet > Akü & Araç Elektriği > Akü Şarj & Takviye Cihazları:LEGAL_REVIEW_REQUIRED; PROFESSIONAL_REVIEW_CHAIN=Otomotiv & Motosiklet > Akü & Araç Elektriği | Otomotiv & Motosiklet > Akü & Araç Elektriği > Akü Şarj & Takviye Cihazları","canonical-v1.0.0","No public/pilot activation candidate in the canonical source; this package keeps it staged and fail-closed."
"CANONICAL-000686","0beb49fa-7c55-4bcb-8aa8-bfaed4776446","Otomotiv & Motosiklet > Akü & Araç Elektriği > Araç Aküleri","3","YES","YES","YES","POLICY_BLOCKED","NO","NO","NO","LEGAL_REVIEW_REQUIRED","FAIL_CLOSED","pending","FAIL_CLOSED","POLICY_CHAIN=Otomotiv & Motosiklet > Akü & Araç Elektriği:LEGAL_REVIEW_REQUIRED | Otomotiv & Motosiklet > Akü & Araç Elektriği > Araç Aküleri:LEGAL_REVIEW_REQUIRED; PROFESSIONAL_REVIEW_CHAIN=Otomotiv & Motosiklet > Akü & Araç Elektriği | Otomotiv & Motosiklet > Akü & Araç Elektriği > Araç Aküleri","canonical-v1.0.0","No public/pilot activation candidate in the canonical source; this package keeps it staged and fail-closed."
"CANONICAL-000687","63d3547b-f713-4eb5-8100-81c2fb440c00","Otomotiv & Motosiklet > Akü & Araç Elektriği > Araç Ampulleri & Elektrik Aydınlatma","3","YES","YES","YES","POLICY_BLOCKED","NO","NO","NO","REGULATED","FAIL_CLOSED","pending","FAIL_CLOSED","POLICY_CHAIN=Otomotiv & Motosiklet > Akü & Araç Elektriği:LEGAL_REVIEW_REQUIRED | Otomotiv & Motosiklet > Akü & Araç Elektriği > Araç Ampulleri & Elektrik Aydınlatma:REGULATED; PROFESSIONAL_REVIEW_CHAIN=Otomotiv & Motosiklet > Akü & Araç Elektriği | Otomotiv & Motosiklet > Akü & Araç Elektriği > Araç Ampulleri & Elektrik Aydınlatma","canonical-v1.0.0","No public/pilot activation candidate in the canonical source; this package keeps it staged and fail-closed."
"CANONICAL-000688","d04d7ecf-4cbb-4618-af32-e687d5d6ec87","Otomotiv & Motosiklet > Akü & Araç Elektriği > Araç Kablo & Konnektörleri","3","YES","YES","YES","POLICY_BLOCKED","NO","NO","NO","REGULATED","FAIL_CLOSED","pending","FAIL_CLOSED","POLICY_CHAIN=Otomotiv & Motosiklet > Akü & Araç Elektriği:LEGAL_REVIEW_REQUIRED | Otomotiv & Motosiklet > Akü & Araç Elektriği > Araç Kablo & Konnektörleri:REGULATED; PROFESSIONAL_REVIEW_CHAIN=Otomotiv & Motosiklet > Akü & Araç Elektriği | Otomotiv & Motosiklet > Akü & Araç Elektriği > Araç Kablo & Konnektörleri","canonical-v1.0.0","No public/pilot activation candidate in the canonical source; this package keeps it staged and fail-closed."
"CANONICAL-000689","0652dd37-76ae-48b8-9e02-1df50359b778","Otomotiv & Motosiklet > Akü & Araç Elektriği > Sigorta, Röle & Elektrik Parçaları","3","YES","YES","YES","POLICY_BLOCKED","NO","NO","NO","REGULATED","FAIL_CLOSED","pending","FAIL_CLOSED","POLICY_CHAIN=Otomotiv & Motosiklet > Akü & Araç Elektriği:LEGAL_REVIEW_REQUIRED | Otomotiv & Motosiklet > Akü & Araç Elektriği > Sigorta, Röle & Elektrik Parçaları:REGULATED; PROFESSIONAL_REVIEW_CHAIN=Otomotiv & Motosiklet > Akü & Araç Elektriği | Otomotiv & Motosiklet > Akü & Araç Elektriği > Sigorta, Röle & Elektrik Parçaları","canonical-v1.0.0","No public/pilot activation candidate in the canonical source; this package keeps it staged and fail-closed."
"CANONICAL-000690","70654dba-d64c-46d6-8cf6-d84f9ce49798","Otomotiv & Motosiklet > Araç Elektroniği","2","NO","YES","YES","CONTAINER_NOT_ASSIGNABLE","NO","NO","NO","LEGAL_REVIEW_REQUIRED","FAIL_CLOSED","pending","FAIL_CLOSED","POLICY_CHAIN=Otomotiv & Motosiklet > Araç Elektroniği:LEGAL_REVIEW_REQUIRED; PROFESSIONAL_REVIEW_CHAIN=Otomotiv & Motosiklet > Araç Elektroniği","canonical-v1.0.0","No public/pilot activation candidate in the canonical source; this package keeps it staged and fail-closed."
"CANONICAL-000691","69cd2b7b-cf5a-459c-b321-03391a3c3a2c","Otomotiv & Motosiklet > Araç Elektroniği > Araç Kameraları","3","YES","YES","YES","POLICY_BLOCKED","NO","NO","NO","REGULATED","FAIL_CLOSED","pending","FAIL_CLOSED","POLICY_CHAIN=Otomotiv & Motosiklet > Araç Elektroniği:LEGAL_REVIEW_REQUIRED | Otomotiv & Motosiklet > Araç Elektroniği > Araç Kameraları:REGULATED; PROFESSIONAL_REVIEW_CHAIN=Otomotiv & Motosiklet > Araç Elektroniği | Otomotiv & Motosiklet > Araç Elektroniği > Araç Kameraları","canonical-v1.0.0","No public/pilot activation candidate in the canonical source; this package keeps it staged and fail-closed."
"CANONICAL-000692","67fd5217-2cf0-4bf1-b2c4-96b626086da9","Otomotiv & Motosiklet > Araç Elektroniği > Araç Multimedya Sistemleri","3","YES","YES","YES","POLICY_BLOCKED","NO","NO","NO","REGULATED","FAIL_CLOSED","pending","FAIL_CLOSED","POLICY_CHAIN=Otomotiv & Motosiklet > Araç Elektroniği:LEGAL_REVIEW_REQUIRED | Otomotiv & Motosiklet > Araç Elektroniği > Araç Multimedya Sistemleri:REGULATED; PROFESSIONAL_REVIEW_CHAIN=Otomotiv & Motosiklet > Araç Elektroniği | Otomotiv & Motosiklet > Araç Elektroniği > Araç Multimedya Sistemleri","canonical-v1.0.0","No public/pilot activation candidate in the canonical source; this package keeps it staged and fail-closed."
"CANONICAL-000693","b290bc28-6ae9-46d2-b335-f783c7218d2f","Otomotiv & Motosiklet > Araç Elektroniği > Araç Navigasyon Cihazları","3","YES","YES","YES","POLICY_BLOCKED","NO","NO","NO","REGULATED","FAIL_CLOSED","pending","FAIL_CLOSED","POLICY_CHAIN=Otomotiv & Motosiklet > Araç Elektroniği:LEGAL_REVIEW_REQUIRED | Otomotiv & Motosiklet > Araç Elektroniği > Araç Navigasyon Cihazları:REGULATED; PROFESSIONAL_REVIEW_CHAIN=Otomotiv & Motosiklet > Araç Elektroniği | Otomotiv & Motosiklet > Araç Elektroniği > Araç Navigasyon Cihazları","canonical-v1.0.0","No public/pilot activation candidate in the canonical source; this package keeps it staged and fail-closed."
"CANONICAL-000694","122e92d8-7b9f-4222-a31a-99f610927a6d","Otomotiv & Motosiklet > Araç Elektroniği > Elektronik Alarm & İmmobilizer Sistemleri","3","YES","YES","YES","POLICY_BLOCKED","NO","NO","NO","LEGAL_REVIEW_REQUIRED","FAIL_CLOSED","pending","FAIL_CLOSED","POLICY_CHAIN=Otomotiv & Motosiklet > Araç Elektroniği:LEGAL_REVIEW_REQUIRED | Otomotiv & Motosiklet > Araç Elektroniği > Elektronik Alarm & İmmobilizer Sistemleri:LEGAL_REVIEW_REQUIRED; PROFESSIONAL_REVIEW_CHAIN=Otomotiv & Motosiklet > Araç Elektroniği | Otomotiv & Motosiklet > Araç Elektroniği > Elektronik Alarm & İmmobilizer Sistemleri","canonical-v1.0.0","No public/pilot activation candidate in the canonical source; this package keeps it staged and fail-closed."
"CANONICAL-000695","68735661-9446-4dec-82bc-d25711e8ae08","Otomotiv & Motosiklet > Araç Elektroniği > OBD & Araç Teşhis Cihazları","3","YES","YES","YES","POLICY_BLOCKED","NO","NO","NO","LEGAL_REVIEW_REQUIRED","FAIL_CLOSED","pending","FAIL_CLOSED","POLICY_CHAIN=Otomotiv & Motosiklet > Araç Elektroniği:LEGAL_REVIEW_REQUIRED | Otomotiv & Motosiklet > Araç Elektroniği > OBD & Araç Teşhis Cihazları:LEGAL_REVIEW_REQUIRED; PROFESSIONAL_REVIEW_CHAIN=Otomotiv & Motosiklet > Araç Elektroniği | Otomotiv & Motosiklet > Araç Elektroniği > OBD & Araç Teşhis Cihazları","canonical-v1.0.0","No public/pilot activation candidate in the canonical source; this package keeps it staged and fail-closed."
"CANONICAL-000696","2fc3781e-d58a-49c7-9e9e-7a50fe6209b5","Otomotiv & Motosiklet > Araç Elektroniği > Park & Geri Görüş Sistemleri","3","YES","YES","YES","POLICY_BLOCKED","NO","NO","NO","REGULATED","FAIL_CLOSED","pending","FAIL_CLOSED","POLICY_CHAIN=Otomotiv & Motosiklet > Araç Elektroniği:LEGAL_REVIEW_REQUIRED | Otomotiv & Motosiklet > Araç Elektroniği > Park & Geri Görüş Sistemleri:REGULATED; PROFESSIONAL_REVIEW_CHAIN=Otomotiv & Motosiklet > Araç Elektroniği | Otomotiv & Motosiklet > Araç Elektroniği > Park & Geri Görüş Sistemleri","canonical-v1.0.0","No public/pilot activation candidate in the canonical source; this package keeps it staged and fail-closed."
"CANONICAL-000697","40a866b4-d1e7-428d-8500-9f282e16de88","Otomotiv & Motosiklet > Araç Bakım & Temizlik","2","NO","YES","YES","CONTAINER_NOT_ASSIGNABLE","NO","NO","NO","LEGAL_REVIEW_REQUIRED","FAIL_CLOSED","pending","FAIL_CLOSED","POLICY_CHAIN=Otomotiv & Motosiklet > Araç Bakım & Temizlik:LEGAL_REVIEW_REQUIRED; PROFESSIONAL_REVIEW_CHAIN=Otomotiv & Motosiklet > Araç Bakım & Temizlik","canonical-v1.0.0","No public/pilot activation candidate in the canonical source; this package keeps it staged and fail-closed."
"CANONICAL-000698","38ec6ed4-9252-4523-b267-d1f61a44f4b2","Otomotiv & Motosiklet > Araç Bakım & Temizlik > Araç Dış Temizlik Ürünleri","3","YES","YES","YES","POLICY_BLOCKED","NO","NO","NO","LEGAL_REVIEW_REQUIRED","FAIL_CLOSED","pending","FAIL_CLOSED","POLICY_CHAIN=Otomotiv & Motosiklet > Araç Bakım & Temizlik:LEGAL_REVIEW_REQUIRED | Otomotiv & Motosiklet > Araç Bakım & Temizlik > Araç Dış Temizlik Ürünleri:LEGAL_REVIEW_REQUIRED; PROFESSIONAL_REVIEW_CHAIN=Otomotiv & Motosiklet > Araç Bakım & Temizlik | Otomotiv & Motosiklet > Araç Bakım & Temizlik > Araç Dış Temizlik Ürünleri","canonical-v1.0.0","No public/pilot activation candidate in the canonical source; this package keeps it staged and fail-closed."
"CANONICAL-000699","6898f97e-11fe-487f-8e7a-98ef94a1fcb6","Otomotiv & Motosiklet > Araç Bakım & Temizlik > Araç İçi Temizlik Ürünleri","3","YES","YES","YES","POLICY_BLOCKED","NO","NO","NO","LEGAL_REVIEW_REQUIRED","FAIL_CLOSED","pending","FAIL_CLOSED","POLICY_CHAIN=Otomotiv & Motosiklet > Araç Bakım & Temizlik:LEGAL_REVIEW_REQUIRED | Otomotiv & Motosiklet > Araç Bakım & Temizlik > Araç İçi Temizlik Ürünleri:LEGAL_REVIEW_REQUIRED; PROFESSIONAL_REVIEW_CHAIN=Otomotiv & Motosiklet > Araç Bakım & Temizlik | Otomotiv & Motosiklet > Araç Bakım & Temizlik > Araç İçi Temizlik Ürünleri","canonical-v1.0.0","No public/pilot activation candidate in the canonical source; this package keeps it staged and fail-closed."
"CANONICAL-000700","f3d105c2-5a14-4dd2-9881-547007ea1b01","Otomotiv & Motosiklet > Araç Bakım & Temizlik > Cila & Yüzey Koruma Ürünleri","3","YES","YES","YES","POLICY_BLOCKED","NO","NO","NO","LEGAL_REVIEW_REQUIRED","FAIL_CLOSED","pending","FAIL_CLOSED","POLICY_CHAIN=Otomotiv & Motosiklet > Araç Bakım & Temizlik:LEGAL_REVIEW_REQUIRED | Otomotiv & Motosiklet > Araç Bakım & Temizlik > Cila & Yüzey Koruma Ürünleri:LEGAL_REVIEW_REQUIRED; PROFESSIONAL_REVIEW_CHAIN=Otomotiv & Motosiklet > Araç Bakım & Temizlik | Otomotiv & Motosiklet > Araç Bakım & Temizlik > Cila & Yüzey Koruma Ürünleri","canonical-v1.0.0","No public/pilot activation candidate in the canonical source; this package keeps it staged and fail-closed."
"CANONICAL-000701","3bf88854-554d-4b7d-8f81-49ccc02b0c09","Otomotiv & Motosiklet > Araç Bakım & Temizlik > Temizlik Uygulama Aksesuarları","3","YES","YES","YES","POLICY_BLOCKED","NO","NO","NO","NORMAL","FAIL_CLOSED","not_required","FAIL_CLOSED","POLICY_CHAIN=Otomotiv & Motosiklet > Araç Bakım & Temizlik:LEGAL_REVIEW_REQUIRED; PROFESSIONAL_REVIEW_CHAIN=Otomotiv & Motosiklet > Araç Bakım & Temizlik","canonical-v1.0.0","No public/pilot activation candidate in the canonical source; this package keeps it staged and fail-closed."
"CANONICAL-000702","a45e8393-b08c-4a59-8e30-e41017d9fb17","Otomotiv & Motosiklet > Araç Bakım & Temizlik > Yıkama & Kurulama Aksesuarları","3","YES","YES","YES","POLICY_BLOCKED","NO","NO","NO","NORMAL","FAIL_CLOSED","not_required","FAIL_CLOSED","POLICY_CHAIN=Otomotiv & Motosiklet > Araç Bakım & Temizlik:LEGAL_REVIEW_REQUIRED; PROFESSIONAL_REVIEW_CHAIN=Otomotiv & Motosiklet > Araç Bakım & Temizlik","canonical-v1.0.0","No public/pilot activation candidate in the canonical source; this package keeps it staged and fail-closed."
"CANONICAL-000703","6ac2daea-6475-4ce3-ad00-8c50a8bca2fb","Otomotiv & Motosiklet > Motor Yağı, Sıvı & Katkılar","2","NO","YES","YES","CONTAINER_NOT_ASSIGNABLE","NO","NO","NO","LEGAL_REVIEW_REQUIRED","FAIL_CLOSED","pending","FAIL_CLOSED","POLICY_CHAIN=Otomotiv & Motosiklet > Motor Yağı, Sıvı & Katkılar:LEGAL_REVIEW_REQUIRED; PROFESSIONAL_REVIEW_CHAIN=Otomotiv & Motosiklet > Motor Yağı, Sıvı & Katkılar","canonical-v1.0.0","No public/pilot activation candidate in the canonical source; this package keeps it staged and fail-closed."
"CANONICAL-000704","dae7b70d-cbd5-4d94-8b99-107786b5da50","Otomotiv & Motosiklet > Motor Yağı, Sıvı & Katkılar > Antifriz & Soğutma Sıvıları","3","YES","YES","YES","POLICY_BLOCKED","NO","NO","NO","LEGAL_REVIEW_REQUIRED","FAIL_CLOSED","pending","FAIL_CLOSED","POLICY_CHAIN=Otomotiv & Motosiklet > Motor Yağı, Sıvı & Katkılar:LEGAL_REVIEW_REQUIRED | Otomotiv & Motosiklet > Motor Yağı, Sıvı & Katkılar > Antifriz & Soğutma Sıvıları:LEGAL_REVIEW_REQUIRED; PROFESSIONAL_REVIEW_CHAIN=Otomotiv & Motosiklet > Motor Yağı, Sıvı & Katkılar | Otomotiv & Motosiklet > Motor Yağı, Sıvı & Katkılar > Antifriz & Soğutma Sıvıları","canonical-v1.0.0","No public/pilot activation candidate in the canonical source; this package keeps it staged and fail-closed."
"CANONICAL-000705","060068be-da14-43ef-97b8-6b0128df7f1a","Otomotiv & Motosiklet > Motor Yağı, Sıvı & Katkılar > Fren & Hidrolik Sıvıları","3","YES","YES","YES","POLICY_BLOCKED","NO","NO","NO","LEGAL_REVIEW_REQUIRED","FAIL_CLOSED","pending","FAIL_CLOSED","POLICY_CHAIN=Otomotiv & Motosiklet > Motor Yağı, Sıvı & Katkılar:LEGAL_REVIEW_REQUIRED | Otomotiv & Motosiklet > Motor Yağı, Sıvı & Katkılar > Fren & Hidrolik Sıvıları:LEGAL_REVIEW_REQUIRED; PROFESSIONAL_REVIEW_CHAIN=Otomotiv & Motosiklet > Motor Yağı, Sıvı & Katkılar | Otomotiv & Motosiklet > Motor Yağı, Sıvı & Katkılar > Fren & Hidrolik Sıvıları","canonical-v1.0.0","No public/pilot activation candidate in the canonical source; this package keeps it staged and fail-closed."
"CANONICAL-000706","19bde5a7-7110-431c-af93-91d7ae360d55","Otomotiv & Motosiklet > Motor Yağı, Sıvı & Katkılar > Motor Yağları","3","YES","YES","YES","POLICY_BLOCKED","NO","NO","NO","LEGAL_REVIEW_REQUIRED","FAIL_CLOSED","pending","FAIL_CLOSED","POLICY_CHAIN=Otomotiv & Motosiklet > Motor Yağı, Sıvı & Katkılar:LEGAL_REVIEW_REQUIRED | Otomotiv & Motosiklet > Motor Yağı, Sıvı & Katkılar > Motor Yağları:LEGAL_REVIEW_REQUIRED; PROFESSIONAL_REVIEW_CHAIN=Otomotiv & Motosiklet > Motor Yağı, Sıvı & Katkılar | Otomotiv & Motosiklet > Motor Yağı, Sıvı & Katkılar > Motor Yağları","canonical-v1.0.0","No public/pilot activation candidate in the canonical source; this package keeps it staged and fail-closed."
"CANONICAL-000707","707cfb93-87d3-46e9-a7df-2fadcf501e09","Otomotiv & Motosiklet > Motor Yağı, Sıvı & Katkılar > Şanzıman & Diferansiyel Yağları","3","YES","YES","YES","POLICY_BLOCKED","NO","NO","NO","LEGAL_REVIEW_REQUIRED","FAIL_CLOSED","pending","FAIL_CLOSED","POLICY_CHAIN=Otomotiv & Motosiklet > Motor Yağı, Sıvı & Katkılar:LEGAL_REVIEW_REQUIRED | Otomotiv & Motosiklet > Motor Yağı, Sıvı & Katkılar > Şanzıman & Diferansiyel Yağları:LEGAL_REVIEW_REQUIRED; PROFESSIONAL_REVIEW_CHAIN=Otomotiv & Motosiklet > Motor Yağı, Sıvı & Katkılar | Otomotiv & Motosiklet > Motor Yağı, Sıvı & Katkılar > Şanzıman & Diferansiyel Yağları","canonical-v1.0.0","No public/pilot activation candidate in the canonical source; this package keeps it staged and fail-closed."
"CANONICAL-000708","b42bd9b4-9f40-468f-9a5a-a440a2600b39","Otomotiv & Motosiklet > Motor Yağı, Sıvı & Katkılar > Yakıt & Motor Katkıları","3","YES","YES","YES","POLICY_BLOCKED","NO","NO","NO","LEGAL_REVIEW_REQUIRED","FAIL_CLOSED","pending","FAIL_CLOSED","POLICY_CHAIN=Otomotiv & Motosiklet > Motor Yağı, Sıvı & Katkılar:LEGAL_REVIEW_REQUIRED | Otomotiv & Motosiklet > Motor Yağı, Sıvı & Katkılar > Yakıt & Motor Katkıları:LEGAL_REVIEW_REQUIRED; PROFESSIONAL_REVIEW_CHAIN=Otomotiv & Motosiklet > Motor Yağı, Sıvı & Katkılar | Otomotiv & Motosiklet > Motor Yağı, Sıvı & Katkılar > Yakıt & Motor Katkıları","canonical-v1.0.0","No public/pilot activation candidate in the canonical source; this package keeps it staged and fail-closed."
"CANONICAL-000709","280ca428-b211-4496-8b3e-9eadb589fc32","Otomotiv & Motosiklet > Motosiklet Kask & Koruma Ekipmanları","2","NO","YES","YES","CONTAINER_NOT_ASSIGNABLE","NO","NO","NO","REGULATED","FAIL_CLOSED","pending","FAIL_CLOSED","POLICY_CHAIN=Otomotiv & Motosiklet > Motosiklet Kask & Koruma Ekipmanları:REGULATED; PROFESSIONAL_REVIEW_CHAIN=Otomotiv & Motosiklet > Motosiklet Kask & Koruma Ekipmanları","canonical-v1.0.0","No public/pilot activation candidate in the canonical source; this package keeps it staged and fail-closed."
"CANONICAL-000710","2b245773-0883-44b8-a3d5-828aab50c32d","Otomotiv & Motosiklet > Motosiklet Kask & Koruma Ekipmanları > Koruyucu Motosiklet Giyimi","3","YES","YES","YES","POLICY_BLOCKED","NO","NO","NO","REGULATED","FAIL_CLOSED","pending","FAIL_CLOSED","POLICY_CHAIN=Otomotiv & Motosiklet > Motosiklet Kask & Koruma Ekipmanları:REGULATED | Otomotiv & Motosiklet > Motosiklet Kask & Koruma Ekipmanları > Koruyucu Motosiklet Giyimi:REGULATED; PROFESSIONAL_REVIEW_CHAIN=Otomotiv & Motosiklet > Motosiklet Kask & Koruma Ekipmanları | Otomotiv & Motosiklet > Motosiklet Kask & Koruma Ekipmanları > Koruyucu Motosiklet Giyimi","canonical-v1.0.0","No public/pilot activation candidate in the canonical source; this package keeps it staged and fail-closed."
"CANONICAL-000711","d2b53d03-6038-41af-89e5-1bb97d7f115d","Otomotiv & Motosiklet > Motosiklet Kask & Koruma Ekipmanları > Motosiklet Botları","3","YES","YES","YES","POLICY_BLOCKED","NO","NO","NO","REGULATED","FAIL_CLOSED","pending","FAIL_CLOSED","POLICY_CHAIN=Otomotiv & Motosiklet > Motosiklet Kask & Koruma Ekipmanları:REGULATED | Otomotiv & Motosiklet > Motosiklet Kask & Koruma Ekipmanları > Motosiklet Botları:REGULATED; PROFESSIONAL_REVIEW_CHAIN=Otomotiv & Motosiklet > Motosiklet Kask & Koruma Ekipmanları | Otomotiv & Motosiklet > Motosiklet Kask & Koruma Ekipmanları > Motosiklet Botları","canonical-v1.0.0","No public/pilot activation candidate in the canonical source; this package keeps it staged and fail-closed."
"CANONICAL-000712","1a8240bb-026b-443a-b7d7-197626108a8b","Otomotiv & Motosiklet > Motosiklet Kask & Koruma Ekipmanları > Motosiklet Eldivenleri","3","YES","YES","YES","POLICY_BLOCKED","NO","NO","NO","REGULATED","FAIL_CLOSED","pending","FAIL_CLOSED","POLICY_CHAIN=Otomotiv & Motosiklet > Motosiklet Kask & Koruma Ekipmanları:REGULATED | Otomotiv & Motosiklet > Motosiklet Kask & Koruma Ekipmanları > Motosiklet Eldivenleri:REGULATED; PROFESSIONAL_REVIEW_CHAIN=Otomotiv & Motosiklet > Motosiklet Kask & Koruma Ekipmanları | Otomotiv & Motosiklet > Motosiklet Kask & Koruma Ekipmanları > Motosiklet Eldivenleri","canonical-v1.0.0","No public/pilot activation candidate in the canonical source; this package keeps it staged and fail-closed."
"CANONICAL-000713","34d1244e-c724-4176-8348-63b8536199b3","Otomotiv & Motosiklet > Motosiklet Kask & Koruma Ekipmanları > Motosiklet Kaskları","3","YES","YES","YES","POLICY_BLOCKED","NO","NO","NO","REGULATED","FAIL_CLOSED","pending","FAIL_CLOSED","POLICY_CHAIN=Otomotiv & Motosiklet > Motosiklet Kask & Koruma Ekipmanları:REGULATED | Otomotiv & Motosiklet > Motosiklet Kask & Koruma Ekipmanları > Motosiklet Kaskları:REGULATED; PROFESSIONAL_REVIEW_CHAIN=Otomotiv & Motosiklet > Motosiklet Kask & Koruma Ekipmanları | Otomotiv & Motosiklet > Motosiklet Kask & Koruma Ekipmanları > Motosiklet Kaskları","canonical-v1.0.0","No public/pilot activation candidate in the canonical source; this package keeps it staged and fail-closed."
"CANONICAL-000714","299bd54b-f18c-4e25-8fac-4ef5a649e0d8","Otomotiv & Motosiklet > Motosiklet Kask & Koruma Ekipmanları > Vücut Koruyucuları","3","YES","YES","YES","POLICY_BLOCKED","NO","NO","NO","REGULATED","FAIL_CLOSED","pending","FAIL_CLOSED","POLICY_CHAIN=Otomotiv & Motosiklet > Motosiklet Kask & Koruma Ekipmanları:REGULATED | Otomotiv & Motosiklet > Motosiklet Kask & Koruma Ekipmanları > Vücut Koruyucuları:REGULATED; PROFESSIONAL_REVIEW_CHAIN=Otomotiv & Motosiklet > Motosiklet Kask & Koruma Ekipmanları | Otomotiv & Motosiklet > Motosiklet Kask & Koruma Ekipmanları > Vücut Koruyucuları","canonical-v1.0.0","No public/pilot activation candidate in the canonical source; this package keeps it staged and fail-closed."
"CANONICAL-000715","b894c3df-c54d-453c-a689-e07b867f1c35","Otomotiv & Motosiklet > Motosiklet Kask & Koruma Ekipmanları > Yağmur & Görünürlük Ekipmanları","3","YES","YES","YES","POLICY_BLOCKED","NO","NO","NO","REGULATED","FAIL_CLOSED","pending","FAIL_CLOSED","POLICY_CHAIN=Otomotiv & Motosiklet > Motosiklet Kask & Koruma Ekipmanları:REGULATED | Otomotiv & Motosiklet > Motosiklet Kask & Koruma Ekipmanları > Yağmur & Görünürlük Ekipmanları:REGULATED; PROFESSIONAL_REVIEW_CHAIN=Otomotiv & Motosiklet > Motosiklet Kask & Koruma Ekipmanları | Otomotiv & Motosiklet > Motosiklet Kask & Koruma Ekipmanları > Yağmur & Görünürlük Ekipmanları","canonical-v1.0.0","No public/pilot activation candidate in the canonical source; this package keeps it staged and fail-closed."
"CANONICAL-000716","94112c85-d696-45e4-8972-1a742dc23b1f","Otomotiv & Motosiklet > Araç Güvenlik & Acil Durum Ürünleri","2","NO","YES","YES","CONTAINER_NOT_ASSIGNABLE","NO","NO","NO","LEGAL_REVIEW_REQUIRED","FAIL_CLOSED","pending","FAIL_CLOSED","POLICY_CHAIN=Otomotiv & Motosiklet > Araç Güvenlik & Acil Durum Ürünleri:LEGAL_REVIEW_REQUIRED; PROFESSIONAL_REVIEW_CHAIN=Otomotiv & Motosiklet > Araç Güvenlik & Acil Durum Ürünleri","canonical-v1.0.0","No public/pilot activation candidate in the canonical source; this package keeps it staged and fail-closed."
"CANONICAL-000717","41624335-436e-4b91-9ee1-eaababc0f4ef","Otomotiv & Motosiklet > Araç Güvenlik & Acil Durum Ürünleri > Acil Durum El Aletleri","3","YES","YES","YES","POLICY_BLOCKED","NO","NO","NO","REGULATED","FAIL_CLOSED","pending","FAIL_CLOSED","POLICY_CHAIN=Otomotiv & Motosiklet > Araç Güvenlik & Acil Durum Ürünleri:LEGAL_REVIEW_REQUIRED | Otomotiv & Motosiklet > Araç Güvenlik & Acil Durum Ürünleri > Acil Durum El Aletleri:REGULATED; PROFESSIONAL_REVIEW_CHAIN=Otomotiv & Motosiklet > Araç Güvenlik & Acil Durum Ürünleri | Otomotiv & Motosiklet > Araç Güvenlik & Acil Durum Ürünleri > Acil Durum El Aletleri","canonical-v1.0.0","No public/pilot activation candidate in the canonical source; this package keeps it staged and fail-closed."
"CANONICAL-000718","a38268a8-80b7-47c3-a9ef-bb71697c8dd5","Otomotiv & Motosiklet > Araç Güvenlik & Acil Durum Ürünleri > Araç İlk Yardım Setleri","3","YES","YES","YES","POLICY_BLOCKED","NO","NO","NO","LEGAL_REVIEW_REQUIRED","FAIL_CLOSED","pending","FAIL_CLOSED","POLICY_CHAIN=Otomotiv & Motosiklet > Araç Güvenlik & Acil Durum Ürünleri:LEGAL_REVIEW_REQUIRED | Otomotiv & Motosiklet > Araç Güvenlik & Acil Durum Ürünleri > Araç İlk Yardım Setleri:LEGAL_REVIEW_REQUIRED; PROFESSIONAL_REVIEW_CHAIN=Otomotiv & Motosiklet > Araç Güvenlik & Acil Durum Ürünleri | Otomotiv & Motosiklet > Araç Güvenlik & Acil Durum Ürünleri > Araç İlk Yardım Setleri","canonical-v1.0.0","No public/pilot activation candidate in the canonical source; this package keeps it staged and fail-closed."
"CANONICAL-000719","ece887e2-1521-42b8-9ff3-c12003abf4e6","Otomotiv & Motosiklet > Araç Güvenlik & Acil Durum Ürünleri > Araç Yangın Söndürücüleri","3","YES","YES","YES","POLICY_BLOCKED","NO","NO","NO","LEGAL_REVIEW_REQUIRED","FAIL_CLOSED","pending","FAIL_CLOSED","POLICY_CHAIN=Otomotiv & Motosiklet > Araç Güvenlik & Acil Durum Ürünleri:LEGAL_REVIEW_REQUIRED | Otomotiv & Motosiklet > Araç Güvenlik & Acil Durum Ürünleri > Araç Yangın Söndürücüleri:LEGAL_REVIEW_REQUIRED; PROFESSIONAL_REVIEW_CHAIN=Otomotiv & Motosiklet > Araç Güvenlik & Acil Durum Ürünleri | Otomotiv & Motosiklet > Araç Güvenlik & Acil Durum Ürünleri > Araç Yangın Söndürücüleri","canonical-v1.0.0","No public/pilot activation candidate in the canonical source; this package keeps it staged and fail-closed."
"CANONICAL-000720","46e76936-f221-44ec-9a7d-33e6aabb4807","Otomotiv & Motosiklet > Araç Güvenlik & Acil Durum Ürünleri > Mekanik Direksiyon & Pedal Kilitleri","3","YES","YES","YES","POLICY_BLOCKED","NO","NO","NO","NORMAL","FAIL_CLOSED","not_required","FAIL_CLOSED","POLICY_CHAIN=Otomotiv & Motosiklet > Araç Güvenlik & Acil Durum Ürünleri:LEGAL_REVIEW_REQUIRED; PROFESSIONAL_REVIEW_CHAIN=Otomotiv & Motosiklet > Araç Güvenlik & Acil Durum Ürünleri","canonical-v1.0.0","No public/pilot activation candidate in the canonical source; this package keeps it staged and fail-closed."
"CANONICAL-000721","98feb3f8-caff-4b3c-8dc2-4350b274b1b4","Otomotiv & Motosiklet > Araç Güvenlik & Acil Durum Ürünleri > Reflektör & Görünürlük Ürünleri","3","YES","YES","YES","POLICY_BLOCKED","NO","NO","NO","REGULATED","FAIL_CLOSED","pending","FAIL_CLOSED","POLICY_CHAIN=Otomotiv & Motosiklet > Araç Güvenlik & Acil Durum Ürünleri:LEGAL_REVIEW_REQUIRED | Otomotiv & Motosiklet > Araç Güvenlik & Acil Durum Ürünleri > Reflektör & Görünürlük Ürünleri:REGULATED; PROFESSIONAL_REVIEW_CHAIN=Otomotiv & Motosiklet > Araç Güvenlik & Acil Durum Ürünleri | Otomotiv & Motosiklet > Araç Güvenlik & Acil Durum Ürünleri > Reflektör & Görünürlük Ürünleri","canonical-v1.0.0","No public/pilot activation candidate in the canonical source; this package keeps it staged and fail-closed."
"CANONICAL-000722","6422a405-83f7-4695-93f1-b1b02085f7eb","Otomotiv & Motosiklet > Araç Güvenlik & Acil Durum Ürünleri > Takviye Kabloları & Çekme Halatları","3","YES","YES","YES","POLICY_BLOCKED","NO","NO","NO","REGULATED","FAIL_CLOSED","pending","FAIL_CLOSED","POLICY_CHAIN=Otomotiv & Motosiklet > Araç Güvenlik & Acil Durum Ürünleri:LEGAL_REVIEW_REQUIRED | Otomotiv & Motosiklet > Araç Güvenlik & Acil Durum Ürünleri > Takviye Kabloları & Çekme Halatları:REGULATED; PROFESSIONAL_REVIEW_CHAIN=Otomotiv & Motosiklet > Araç Güvenlik & Acil Durum Ürünleri | Otomotiv & Motosiklet > Araç Güvenlik & Acil Durum Ürünleri > Takviye Kabloları & Çekme Halatları","canonical-v1.0.0","No public/pilot activation candidate in the canonical source; this package keeps it staged and fail-closed."
"CANONICAL-000723","18a06d0f-4e85-4f02-8ca3-90070c5e506d","Kozmetik & Kişisel Bakım","1","NO","YES","YES","CONTAINER_NOT_ASSIGNABLE","NO","NO","NO","NORMAL","PASS","not_required","PASS","STRUCTURAL_CONTAINER","canonical-v1.0.0","No public/pilot activation candidate in the canonical source; this package keeps it staged and fail-closed."
"CANONICAL-000724","414f2613-29d9-4caf-a2c2-cc353560b8b6","Kozmetik & Kişisel Bakım > Makyaj","2","NO","YES","YES","CONTAINER_NOT_ASSIGNABLE","NO","NO","NO","REGULATED","FAIL_CLOSED","pending","FAIL_CLOSED","POLICY_CHAIN=Kozmetik & Kişisel Bakım > Makyaj:REGULATED; PROFESSIONAL_REVIEW_CHAIN=Kozmetik & Kişisel Bakım > Makyaj","canonical-v1.0.0","No public/pilot activation candidate in the canonical source; this package keeps it staged and fail-closed."
"CANONICAL-000725","e22146c9-d5b9-4e63-b464-5abd77f507d8","Kozmetik & Kişisel Bakım > Makyaj > Ten Makyajı","3","NO","YES","YES","CONTAINER_NOT_ASSIGNABLE","NO","NO","NO","REGULATED","FAIL_CLOSED","pending","FAIL_CLOSED","POLICY_CHAIN=Kozmetik & Kişisel Bakım > Makyaj:REGULATED | Kozmetik & Kişisel Bakım > Makyaj > Ten Makyajı:REGULATED; PROFESSIONAL_REVIEW_CHAIN=Kozmetik & Kişisel Bakım > Makyaj | Kozmetik & Kişisel Bakım > Makyaj > Ten Makyajı","canonical-v1.0.0","No public/pilot activation candidate in the canonical source; this package keeps it staged and fail-closed."
"CANONICAL-000726","48b6ca52-fc67-4ec6-881e-907ec5b401ac","Kozmetik & Kişisel Bakım > Makyaj > Ten Makyajı > Fondöten","4","YES","YES","YES","POLICY_BLOCKED","NO","NO","NO","REGULATED","FAIL_CLOSED","pending","FAIL_CLOSED","POLICY_CHAIN=Kozmetik & Kişisel Bakım > Makyaj:REGULATED | Kozmetik & Kişisel Bakım > Makyaj > Ten Makyajı:REGULATED | Kozmetik & Kişisel Bakım > Makyaj > Ten Makyajı > Fondöten:REGULATED; PROFESSIONAL_REVIEW_CHAIN=Kozmetik & Kişisel Bakım > Makyaj | Kozmetik & Kişisel Bakım > Makyaj > Ten Makyajı | Kozmetik & Kişisel Bakım > Makyaj > Ten Makyajı > Fondöten","canonical-v1.0.0","No public/pilot activation candidate in the canonical source; this package keeps it staged and fail-closed."
"CANONICAL-000727","2d009c37-6271-4012-9068-9342d687bef7","Kozmetik & Kişisel Bakım > Makyaj > Ten Makyajı > Kapatıcı","4","YES","YES","YES","POLICY_BLOCKED","NO","NO","NO","REGULATED","FAIL_CLOSED","pending","FAIL_CLOSED","POLICY_CHAIN=Kozmetik & Kişisel Bakım > Makyaj:REGULATED | Kozmetik & Kişisel Bakım > Makyaj > Ten Makyajı:REGULATED | Kozmetik & Kişisel Bakım > Makyaj > Ten Makyajı > Kapatıcı:REGULATED; PROFESSIONAL_REVIEW_CHAIN=Kozmetik & Kişisel Bakım > Makyaj | Kozmetik & Kişisel Bakım > Makyaj > Ten Makyajı | Kozmetik & Kişisel Bakım > Makyaj > Ten Makyajı > Kapatıcı","canonical-v1.0.0","No public/pilot activation candidate in the canonical source; this package keeps it staged and fail-closed."
"CANONICAL-000728","6472d86e-f01d-437d-bb60-99385fdc8c01","Kozmetik & Kişisel Bakım > Makyaj > Ten Makyajı > Pudra","4","YES","YES","YES","POLICY_BLOCKED","NO","NO","NO","REGULATED","FAIL_CLOSED","pending","FAIL_CLOSED","POLICY_CHAIN=Kozmetik & Kişisel Bakım > Makyaj:REGULATED | Kozmetik & Kişisel Bakım > Makyaj > Ten Makyajı:REGULATED | Kozmetik & Kişisel Bakım > Makyaj > Ten Makyajı > Pudra:REGULATED; PROFESSIONAL_REVIEW_CHAIN=Kozmetik & Kişisel Bakım > Makyaj | Kozmetik & Kişisel Bakım > Makyaj > Ten Makyajı | Kozmetik & Kişisel Bakım > Makyaj > Ten Makyajı > Pudra","canonical-v1.0.0","No public/pilot activation candidate in the canonical source; this package keeps it staged and fail-closed."
"CANONICAL-000729","b4a2893e-f338-4570-8316-77210c840149","Kozmetik & Kişisel Bakım > Makyaj > Ten Makyajı > Allık, Bronzer & Aydınlatıcı","4","YES","YES","YES","POLICY_BLOCKED","NO","NO","NO","REGULATED","FAIL_CLOSED","pending","FAIL_CLOSED","POLICY_CHAIN=Kozmetik & Kişisel Bakım > Makyaj:REGULATED | Kozmetik & Kişisel Bakım > Makyaj > Ten Makyajı:REGULATED | Kozmetik & Kişisel Bakım > Makyaj > Ten Makyajı > Allık, Bronzer & Aydınlatıcı:REGULATED; PROFESSIONAL_REVIEW_CHAIN=Kozmetik & Kişisel Bakım > Makyaj | Kozmetik & Kişisel Bakım > Makyaj > Ten Makyajı | Kozmetik & Kişisel Bakım > Makyaj > Ten Makyajı > Allık, Bronzer & Aydınlatıcı","canonical-v1.0.0","No public/pilot activation candidate in the canonical source; this package keeps it staged and fail-closed."
"CANONICAL-000730","e7b813a0-4ca5-4a42-81ca-c294b956be42","Kozmetik & Kişisel Bakım > Makyaj > Göz Makyajı","3","NO","YES","YES","CONTAINER_NOT_ASSIGNABLE","NO","NO","NO","REGULATED","FAIL_CLOSED","pending","FAIL_CLOSED","POLICY_CHAIN=Kozmetik & Kişisel Bakım > Makyaj:REGULATED | Kozmetik & Kişisel Bakım > Makyaj > Göz Makyajı:REGULATED; PROFESSIONAL_REVIEW_CHAIN=Kozmetik & Kişisel Bakım > Makyaj | Kozmetik & Kişisel Bakım > Makyaj > Göz Makyajı","canonical-v1.0.0","No public/pilot activation candidate in the canonical source; this package keeps it staged and fail-closed."
"CANONICAL-000731","321e033b-17d6-4daf-9ff1-e598f2043166","Kozmetik & Kişisel Bakım > Makyaj > Göz Makyajı > Maskara","4","YES","YES","YES","POLICY_BLOCKED","NO","NO","NO","REGULATED","FAIL_CLOSED","pending","FAIL_CLOSED","POLICY_CHAIN=Kozmetik & Kişisel Bakım > Makyaj:REGULATED | Kozmetik & Kişisel Bakım > Makyaj > Göz Makyajı:REGULATED | Kozmetik & Kişisel Bakım > Makyaj > Göz Makyajı > Maskara:REGULATED; PROFESSIONAL_REVIEW_CHAIN=Kozmetik & Kişisel Bakım > Makyaj | Kozmetik & Kişisel Bakım > Makyaj > Göz Makyajı | Kozmetik & Kişisel Bakım > Makyaj > Göz Makyajı > Maskara","canonical-v1.0.0","No public/pilot activation candidate in the canonical source; this package keeps it staged and fail-closed."
"CANONICAL-000732","5a1b46d0-4e56-4712-ba90-caf6dc0d388f","Kozmetik & Kişisel Bakım > Makyaj > Göz Makyajı > Eyeliner & Göz Kalemi","4","YES","YES","YES","POLICY_BLOCKED","NO","NO","NO","REGULATED","FAIL_CLOSED","pending","FAIL_CLOSED","POLICY_CHAIN=Kozmetik & Kişisel Bakım > Makyaj:REGULATED | Kozmetik & Kişisel Bakım > Makyaj > Göz Makyajı:REGULATED | Kozmetik & Kişisel Bakım > Makyaj > Göz Makyajı > Eyeliner & Göz Kalemi:REGULATED; PROFESSIONAL_REVIEW_CHAIN=Kozmetik & Kişisel Bakım > Makyaj | Kozmetik & Kişisel Bakım > Makyaj > Göz Makyajı | Kozmetik & Kişisel Bakım > Makyaj > Göz Makyajı > Eyeliner & Göz Kalemi","canonical-v1.0.0","No public/pilot activation candidate in the canonical source; this package keeps it staged and fail-closed."
"CANONICAL-000733","102519e3-304f-4843-8e11-397783191df5","Kozmetik & Kişisel Bakım > Makyaj > Göz Makyajı > Far","4","YES","YES","YES","POLICY_BLOCKED","NO","NO","NO","REGULATED","FAIL_CLOSED","pending","FAIL_CLOSED","POLICY_CHAIN=Kozmetik & Kişisel Bakım > Makyaj:REGULATED | Kozmetik & Kişisel Bakım > Makyaj > Göz Makyajı:REGULATED | Kozmetik & Kişisel Bakım > Makyaj > Göz Makyajı > Far:REGULATED; PROFESSIONAL_REVIEW_CHAIN=Kozmetik & Kişisel Bakım > Makyaj | Kozmetik & Kişisel Bakım > Makyaj > Göz Makyajı | Kozmetik & Kişisel Bakım > Makyaj > Göz Makyajı > Far","canonical-v1.0.0","No public/pilot activation candidate in the canonical source; this package keeps it staged and fail-closed."
"CANONICAL-000734","177435fd-b883-4b42-8847-a51ae69f04bf","Kozmetik & Kişisel Bakım > Makyaj > Dudak Makyajı","3","NO","YES","YES","CONTAINER_NOT_ASSIGNABLE","NO","NO","NO","REGULATED","FAIL_CLOSED","pending","FAIL_CLOSED","POLICY_CHAIN=Kozmetik & Kişisel Bakım > Makyaj:REGULATED | Kozmetik & Kişisel Bakım > Makyaj > Dudak Makyajı:REGULATED; PROFESSIONAL_REVIEW_CHAIN=Kozmetik & Kişisel Bakım > Makyaj | Kozmetik & Kişisel Bakım > Makyaj > Dudak Makyajı","canonical-v1.0.0","No public/pilot activation candidate in the canonical source; this package keeps it staged and fail-closed."
"CANONICAL-000735","fb608e22-6e74-4fc7-b3a3-5e75841cadf5","Kozmetik & Kişisel Bakım > Makyaj > Dudak Makyajı > Ruj","4","YES","YES","YES","POLICY_BLOCKED","NO","NO","NO","REGULATED","FAIL_CLOSED","pending","FAIL_CLOSED","POLICY_CHAIN=Kozmetik & Kişisel Bakım > Makyaj:REGULATED | Kozmetik & Kişisel Bakım > Makyaj > Dudak Makyajı:REGULATED | Kozmetik & Kişisel Bakım > Makyaj > Dudak Makyajı > Ruj:REGULATED; PROFESSIONAL_REVIEW_CHAIN=Kozmetik & Kişisel Bakım > Makyaj | Kozmetik & Kişisel Bakım > Makyaj > Dudak Makyajı | Kozmetik & Kişisel Bakım > Makyaj > Dudak Makyajı > Ruj","canonical-v1.0.0","No public/pilot activation candidate in the canonical source; this package keeps it staged and fail-closed."
"CANONICAL-000736","994ca0c5-e974-4fac-b378-28ad4aaf54fc","Kozmetik & Kişisel Bakım > Makyaj > Dudak Makyajı > Dudak Parlatıcısı","4","YES","YES","YES","POLICY_BLOCKED","NO","NO","NO","REGULATED","FAIL_CLOSED","pending","FAIL_CLOSED","POLICY_CHAIN=Kozmetik & Kişisel Bakım > Makyaj:REGULATED | Kozmetik & Kişisel Bakım > Makyaj > Dudak Makyajı:REGULATED | Kozmetik & Kişisel Bakım > Makyaj > Dudak Makyajı > Dudak Parlatıcısı:REGULATED; PROFESSIONAL_REVIEW_CHAIN=Kozmetik & Kişisel Bakım > Makyaj | Kozmetik & Kişisel Bakım > Makyaj > Dudak Makyajı | Kozmetik & Kişisel Bakım > Makyaj > Dudak Makyajı > Dudak Parlatıcısı","canonical-v1.0.0","No public/pilot activation candidate in the canonical source; this package keeps it staged and fail-closed."
"CANONICAL-000737","7b725c84-8b0e-440e-945d-116838adc420","Kozmetik & Kişisel Bakım > Makyaj > Dudak Makyajı > Dudak Kalemi","4","YES","YES","YES","POLICY_BLOCKED","NO","NO","NO","REGULATED","FAIL_CLOSED","pending","FAIL_CLOSED","POLICY_CHAIN=Kozmetik & Kişisel Bakım > Makyaj:REGULATED | Kozmetik & Kişisel Bakım > Makyaj > Dudak Makyajı:REGULATED | Kozmetik & Kişisel Bakım > Makyaj > Dudak Makyajı > Dudak Kalemi:REGULATED; PROFESSIONAL_REVIEW_CHAIN=Kozmetik & Kişisel Bakım > Makyaj | Kozmetik & Kişisel Bakım > Makyaj > Dudak Makyajı | Kozmetik & Kişisel Bakım > Makyaj > Dudak Makyajı > Dudak Kalemi","canonical-v1.0.0","No public/pilot activation candidate in the canonical source; this package keeps it staged and fail-closed."
"CANONICAL-000738","5520766d-2a1d-4ea2-bd57-64c94f199fcf","Kozmetik & Kişisel Bakım > Makyaj > Kaş Makyajı","3","YES","YES","YES","POLICY_BLOCKED","NO","NO","NO","REGULATED","FAIL_CLOSED","pending","FAIL_CLOSED","POLICY_CHAIN=Kozmetik & Kişisel Bakım > Makyaj:REGULATED | Kozmetik & Kişisel Bakım > Makyaj > Kaş Makyajı:REGULATED; PROFESSIONAL_REVIEW_CHAIN=Kozmetik & Kişisel Bakım > Makyaj | Kozmetik & Kişisel Bakım > Makyaj > Kaş Makyajı","canonical-v1.0.0","No public/pilot activation candidate in the canonical source; this package keeps it staged and fail-closed."
"CANONICAL-000739","6404450a-3bcf-47a9-a101-7fbf775afa3d","Kozmetik & Kişisel Bakım > Makyaj > Tırnak Makyajı","3","YES","YES","YES","POLICY_BLOCKED","NO","NO","NO","REGULATED","FAIL_CLOSED","pending","FAIL_CLOSED","POLICY_CHAIN=Kozmetik & Kişisel Bakım > Makyaj:REGULATED | Kozmetik & Kişisel Bakım > Makyaj > Tırnak Makyajı:REGULATED; PROFESSIONAL_REVIEW_CHAIN=Kozmetik & Kişisel Bakım > Makyaj | Kozmetik & Kişisel Bakım > Makyaj > Tırnak Makyajı","canonical-v1.0.0","No public/pilot activation candidate in the canonical source; this package keeps it staged and fail-closed."
"CANONICAL-000740","112e049c-4712-4cb6-8303-014ab9b9d2f4","Kozmetik & Kişisel Bakım > Cilt Bakımı","2","NO","YES","YES","CONTAINER_NOT_ASSIGNABLE","NO","NO","NO","REGULATED","FAIL_CLOSED","pending","FAIL_CLOSED","POLICY_CHAIN=Kozmetik & Kişisel Bakım > Cilt Bakımı:REGULATED; PROFESSIONAL_REVIEW_CHAIN=Kozmetik & Kişisel Bakım > Cilt Bakımı","canonical-v1.0.0","No public/pilot activation candidate in the canonical source; this package keeps it staged and fail-closed."
"CANONICAL-000741","ef486ab1-bfdf-4793-8a65-ac1886473f5f","Kozmetik & Kişisel Bakım > Cilt Bakımı > Yüz Temizleme","3","YES","YES","YES","POLICY_BLOCKED","NO","NO","NO","REGULATED","FAIL_CLOSED","pending","FAIL_CLOSED","POLICY_CHAIN=Kozmetik & Kişisel Bakım > Cilt Bakımı:REGULATED | Kozmetik & Kişisel Bakım > Cilt Bakımı > Yüz Temizleme:REGULATED; PROFESSIONAL_REVIEW_CHAIN=Kozmetik & Kişisel Bakım > Cilt Bakımı | Kozmetik & Kişisel Bakım > Cilt Bakımı > Yüz Temizleme","canonical-v1.0.0","No public/pilot activation candidate in the canonical source; this package keeps it staged and fail-closed."
"CANONICAL-000742","9d7a54d1-ebc2-48f3-a48d-52c4abf79f71","Kozmetik & Kişisel Bakım > Cilt Bakımı > Tonik & Esans","3","YES","YES","YES","POLICY_BLOCKED","NO","NO","NO","REGULATED","FAIL_CLOSED","pending","FAIL_CLOSED","POLICY_CHAIN=Kozmetik & Kişisel Bakım > Cilt Bakımı:REGULATED | Kozmetik & Kişisel Bakım > Cilt Bakımı > Tonik & Esans:REGULATED; PROFESSIONAL_REVIEW_CHAIN=Kozmetik & Kişisel Bakım > Cilt Bakımı | Kozmetik & Kişisel Bakım > Cilt Bakımı > Tonik & Esans","canonical-v1.0.0","No public/pilot activation candidate in the canonical source; this package keeps it staged and fail-closed."
"CANONICAL-000743","f2fc4041-cca6-40a3-adec-14d997f0138b","Kozmetik & Kişisel Bakım > Cilt Bakımı > Nemlendirici","3","YES","YES","YES","POLICY_BLOCKED","NO","NO","NO","REGULATED","FAIL_CLOSED","pending","FAIL_CLOSED","POLICY_CHAIN=Kozmetik & Kişisel Bakım > Cilt Bakımı:REGULATED | Kozmetik & Kişisel Bakım > Cilt Bakımı > Nemlendirici:REGULATED; PROFESSIONAL_REVIEW_CHAIN=Kozmetik & Kişisel Bakım > Cilt Bakımı | Kozmetik & Kişisel Bakım > Cilt Bakımı > Nemlendirici","canonical-v1.0.0","No public/pilot activation candidate in the canonical source; this package keeps it staged and fail-closed."
"CANONICAL-000744","9460f10b-8128-4429-a979-48e8956d3014","Kozmetik & Kişisel Bakım > Cilt Bakımı > Serum","3","YES","YES","YES","POLICY_BLOCKED","NO","NO","NO","REGULATED","FAIL_CLOSED","pending","FAIL_CLOSED","POLICY_CHAIN=Kozmetik & Kişisel Bakım > Cilt Bakımı:REGULATED | Kozmetik & Kişisel Bakım > Cilt Bakımı > Serum:REGULATED; PROFESSIONAL_REVIEW_CHAIN=Kozmetik & Kişisel Bakım > Cilt Bakımı | Kozmetik & Kişisel Bakım > Cilt Bakımı > Serum","canonical-v1.0.0","No public/pilot activation candidate in the canonical source; this package keeps it staged and fail-closed."
"CANONICAL-000745","b0f8eaca-7b37-4a3f-a285-3a5371154844","Kozmetik & Kişisel Bakım > Cilt Bakımı > Maske & Peeling","3","YES","YES","YES","POLICY_BLOCKED","NO","NO","NO","REGULATED","FAIL_CLOSED","pending","FAIL_CLOSED","POLICY_CHAIN=Kozmetik & Kişisel Bakım > Cilt Bakımı:REGULATED | Kozmetik & Kişisel Bakım > Cilt Bakımı > Maske & Peeling:REGULATED; PROFESSIONAL_REVIEW_CHAIN=Kozmetik & Kişisel Bakım > Cilt Bakımı | Kozmetik & Kişisel Bakım > Cilt Bakımı > Maske & Peeling","canonical-v1.0.0","No public/pilot activation candidate in the canonical source; this package keeps it staged and fail-closed."
"CANONICAL-000746","184e8d03-0635-4871-845d-318e8d749e9f","Kozmetik & Kişisel Bakım > Cilt Bakımı > Göz & Dudak Çevresi Bakımı","3","YES","YES","YES","POLICY_BLOCKED","NO","NO","NO","REGULATED","FAIL_CLOSED","pending","FAIL_CLOSED","POLICY_CHAIN=Kozmetik & Kişisel Bakım > Cilt Bakımı:REGULATED | Kozmetik & Kişisel Bakım > Cilt Bakımı > Göz & Dudak Çevresi Bakımı:REGULATED; PROFESSIONAL_REVIEW_CHAIN=Kozmetik & Kişisel Bakım > Cilt Bakımı | Kozmetik & Kişisel Bakım > Cilt Bakımı > Göz & Dudak Çevresi Bakımı","canonical-v1.0.0","No public/pilot activation candidate in the canonical source; this package keeps it staged and fail-closed."
"CANONICAL-000747","57ad4ba1-181d-4033-af6d-4b818561847b","Kozmetik & Kişisel Bakım > Güneş Bakımı","2","NO","YES","YES","CONTAINER_NOT_ASSIGNABLE","NO","NO","NO","REGULATED","FAIL_CLOSED","pending","FAIL_CLOSED","POLICY_CHAIN=Kozmetik & Kişisel Bakım > Güneş Bakımı:REGULATED; PROFESSIONAL_REVIEW_CHAIN=Kozmetik & Kişisel Bakım > Güneş Bakımı","canonical-v1.0.0","No public/pilot activation candidate in the canonical source; this package keeps it staged and fail-closed."
"CANONICAL-000748","b9e90266-5330-454e-97fd-6f0d61c329a7","Kozmetik & Kişisel Bakım > Güneş Bakımı > Güneş Koruyucu","3","YES","YES","YES","POLICY_BLOCKED","NO","NO","NO","REGULATED","FAIL_CLOSED","pending","FAIL_CLOSED","POLICY_CHAIN=Kozmetik & Kişisel Bakım > Güneş Bakımı:REGULATED | Kozmetik & Kişisel Bakım > Güneş Bakımı > Güneş Koruyucu:REGULATED; PROFESSIONAL_REVIEW_CHAIN=Kozmetik & Kişisel Bakım > Güneş Bakımı | Kozmetik & Kişisel Bakım > Güneş Bakımı > Güneş Koruyucu","canonical-v1.0.0","No public/pilot activation candidate in the canonical source; this package keeps it staged and fail-closed."
"CANONICAL-000749","87785b36-b547-4e12-a693-932ae25ad5b1","Kozmetik & Kişisel Bakım > Güneş Bakımı > Güneş Sonrası Bakım","3","YES","YES","YES","POLICY_BLOCKED","NO","NO","NO","REGULATED","FAIL_CLOSED","pending","FAIL_CLOSED","POLICY_CHAIN=Kozmetik & Kişisel Bakım > Güneş Bakımı:REGULATED | Kozmetik & Kişisel Bakım > Güneş Bakımı > Güneş Sonrası Bakım:REGULATED; PROFESSIONAL_REVIEW_CHAIN=Kozmetik & Kişisel Bakım > Güneş Bakımı | Kozmetik & Kişisel Bakım > Güneş Bakımı > Güneş Sonrası Bakım","canonical-v1.0.0","No public/pilot activation candidate in the canonical source; this package keeps it staged and fail-closed."
"CANONICAL-000750","f86f99ec-a067-44ba-94a6-f6b6a6e1e3f0","Kozmetik & Kişisel Bakım > Güneş Bakımı > Bronzlaştırıcı & Otobronzan","3","YES","YES","YES","POLICY_BLOCKED","NO","NO","NO","REGULATED","FAIL_CLOSED","pending","FAIL_CLOSED","POLICY_CHAIN=Kozmetik & Kişisel Bakım > Güneş Bakımı:REGULATED | Kozmetik & Kişisel Bakım > Güneş Bakımı > Bronzlaştırıcı & Otobronzan:REGULATED; PROFESSIONAL_REVIEW_CHAIN=Kozmetik & Kişisel Bakım > Güneş Bakımı | Kozmetik & Kişisel Bakım > Güneş Bakımı > Bronzlaştırıcı & Otobronzan","canonical-v1.0.0","No public/pilot activation candidate in the canonical source; this package keeps it staged and fail-closed."
"CANONICAL-000751","16691422-f948-42a5-93e8-703a1db040f0","Kozmetik & Kişisel Bakım > Saç Bakımı & Şekillendirme","2","NO","YES","YES","CONTAINER_NOT_ASSIGNABLE","NO","NO","NO","LEGAL_REVIEW_REQUIRED","FAIL_CLOSED","pending","FAIL_CLOSED","POLICY_CHAIN=Kozmetik & Kişisel Bakım > Saç Bakımı & Şekillendirme:LEGAL_REVIEW_REQUIRED; PROFESSIONAL_REVIEW_CHAIN=Kozmetik & Kişisel Bakım > Saç Bakımı & Şekillendirme","canonical-v1.0.0","No public/pilot activation candidate in the canonical source; this package keeps it staged and fail-closed."
"CANONICAL-000752","cf72a216-672d-48eb-be1f-453206dc925f","Kozmetik & Kişisel Bakım > Saç Bakımı & Şekillendirme > Şampuan","3","YES","YES","YES","POLICY_BLOCKED","NO","NO","NO","REGULATED","FAIL_CLOSED","pending","FAIL_CLOSED","POLICY_CHAIN=Kozmetik & Kişisel Bakım > Saç Bakımı & Şekillendirme:LEGAL_REVIEW_REQUIRED | Kozmetik & Kişisel Bakım > Saç Bakımı & Şekillendirme > Şampuan:REGULATED; PROFESSIONAL_REVIEW_CHAIN=Kozmetik & Kişisel Bakım > Saç Bakımı & Şekillendirme | Kozmetik & Kişisel Bakım > Saç Bakımı & Şekillendirme > Şampuan","canonical-v1.0.0","No public/pilot activation candidate in the canonical source; this package keeps it staged and fail-closed."
"CANONICAL-000753","2dc3d0d5-47ac-4d5d-80eb-426288f950b8","Kozmetik & Kişisel Bakım > Saç Bakımı & Şekillendirme > Saç Kremi & Maskesi","3","YES","YES","YES","POLICY_BLOCKED","NO","NO","NO","REGULATED","FAIL_CLOSED","pending","FAIL_CLOSED","POLICY_CHAIN=Kozmetik & Kişisel Bakım > Saç Bakımı & Şekillendirme:LEGAL_REVIEW_REQUIRED | Kozmetik & Kişisel Bakım > Saç Bakımı & Şekillendirme > Saç Kremi & Maskesi:REGULATED; PROFESSIONAL_REVIEW_CHAIN=Kozmetik & Kişisel Bakım > Saç Bakımı & Şekillendirme | Kozmetik & Kişisel Bakım > Saç Bakımı & Şekillendirme > Saç Kremi & Maskesi","canonical-v1.0.0","No public/pilot activation candidate in the canonical source; this package keeps it staged and fail-closed."
"CANONICAL-000754","5a852e51-71bc-4003-b625-752c5d6587aa","Kozmetik & Kişisel Bakım > Saç Bakımı & Şekillendirme > Saç Yağı & Serumu","3","YES","YES","YES","POLICY_BLOCKED","NO","NO","NO","REGULATED","FAIL_CLOSED","pending","FAIL_CLOSED","POLICY_CHAIN=Kozmetik & Kişisel Bakım > Saç Bakımı & Şekillendirme:LEGAL_REVIEW_REQUIRED | Kozmetik & Kişisel Bakım > Saç Bakımı & Şekillendirme > Saç Yağı & Serumu:REGULATED; PROFESSIONAL_REVIEW_CHAIN=Kozmetik & Kişisel Bakım > Saç Bakımı & Şekillendirme | Kozmetik & Kişisel Bakım > Saç Bakımı & Şekillendirme > Saç Yağı & Serumu","canonical-v1.0.0","No public/pilot activation candidate in the canonical source; this package keeps it staged and fail-closed."
"CANONICAL-000755","8f9dbb82-a045-41b0-90d9-fee29a7ba1ba","Kozmetik & Kişisel Bakım > Saç Bakımı & Şekillendirme > Saç Şekillendirici","3","YES","YES","YES","POLICY_BLOCKED","NO","NO","NO","REGULATED","FAIL_CLOSED","pending","FAIL_CLOSED","POLICY_CHAIN=Kozmetik & Kişisel Bakım > Saç Bakımı & Şekillendirme:LEGAL_REVIEW_REQUIRED | Kozmetik & Kişisel Bakım > Saç Bakımı & Şekillendirme > Saç Şekillendirici:REGULATED; PROFESSIONAL_REVIEW_CHAIN=Kozmetik & Kişisel Bakım > Saç Bakımı & Şekillendirme | Kozmetik & Kişisel Bakım > Saç Bakımı & Şekillendirme > Saç Şekillendirici","canonical-v1.0.0","No public/pilot activation candidate in the canonical source; this package keeps it staged and fail-closed."
"CANONICAL-000756","aad84d09-4dcc-4548-bdc4-ba59ed68967e","Kozmetik & Kişisel Bakım > Saç Bakımı & Şekillendirme > Saç Boyası & Açıcı","3","YES","YES","YES","POLICY_BLOCKED","NO","NO","NO","REGULATED","FAIL_CLOSED","pending","FAIL_CLOSED","POLICY_CHAIN=Kozmetik & Kişisel Bakım > Saç Bakımı & Şekillendirme:LEGAL_REVIEW_REQUIRED | Kozmetik & Kişisel Bakım > Saç Bakımı & Şekillendirme > Saç Boyası & Açıcı:REGULATED; PROFESSIONAL_REVIEW_CHAIN=Kozmetik & Kişisel Bakım > Saç Bakımı & Şekillendirme | Kozmetik & Kişisel Bakım > Saç Bakımı & Şekillendirme > Saç Boyası & Açıcı","canonical-v1.0.0","No public/pilot activation candidate in the canonical source; this package keeps it staged and fail-closed."
"CANONICAL-000757","80ef81ea-01cd-47d9-a52b-8ef678ca0d35","Kozmetik & Kişisel Bakım > Saç Bakımı & Şekillendirme > Saç Derisi Bakımı","3","YES","YES","YES","POLICY_BLOCKED","NO","NO","NO","LEGAL_REVIEW_REQUIRED","FAIL_CLOSED","pending","FAIL_CLOSED","POLICY_CHAIN=Kozmetik & Kişisel Bakım > Saç Bakımı & Şekillendirme:LEGAL_REVIEW_REQUIRED | Kozmetik & Kişisel Bakım > Saç Bakımı & Şekillendirme > Saç Derisi Bakımı:LEGAL_REVIEW_REQUIRED; PROFESSIONAL_REVIEW_CHAIN=Kozmetik & Kişisel Bakım > Saç Bakımı & Şekillendirme | Kozmetik & Kişisel Bakım > Saç Bakımı & Şekillendirme > Saç Derisi Bakımı","canonical-v1.0.0","No public/pilot activation candidate in the canonical source; this package keeps it staged and fail-closed."
"CANONICAL-000758","83b29fdc-008a-4013-9716-f1ce906af71b","Kozmetik & Kişisel Bakım > Parfüm & Deodorant","2","NO","YES","YES","CONTAINER_NOT_ASSIGNABLE","NO","NO","NO","REGULATED","FAIL_CLOSED","pending","FAIL_CLOSED","POLICY_CHAIN=Kozmetik & Kişisel Bakım > Parfüm & Deodorant:REGULATED; PROFESSIONAL_REVIEW_CHAIN=Kozmetik & Kişisel Bakım > Parfüm & Deodorant","canonical-v1.0.0","No public/pilot activation candidate in the canonical source; this package keeps it staged and fail-closed."
"CANONICAL-000759","f57d8a00-61e0-4f6e-ba82-27faf5c769c8","Kozmetik & Kişisel Bakım > Parfüm & Deodorant > Parfüm","3","YES","YES","YES","POLICY_BLOCKED","NO","NO","NO","REGULATED","FAIL_CLOSED","pending","FAIL_CLOSED","POLICY_CHAIN=Kozmetik & Kişisel Bakım > Parfüm & Deodorant:REGULATED | Kozmetik & Kişisel Bakım > Parfüm & Deodorant > Parfüm:REGULATED; PROFESSIONAL_REVIEW_CHAIN=Kozmetik & Kişisel Bakım > Parfüm & Deodorant | Kozmetik & Kişisel Bakım > Parfüm & Deodorant > Parfüm","canonical-v1.0.0","No public/pilot activation candidate in the canonical source; this package keeps it staged and fail-closed."
"CANONICAL-000760","d0914e7a-18dc-4e73-a15a-4833470a3a24","Kozmetik & Kişisel Bakım > Parfüm & Deodorant > Vücut Spreyi & Kolonya","3","YES","YES","YES","POLICY_BLOCKED","NO","NO","NO","REGULATED","FAIL_CLOSED","pending","FAIL_CLOSED","POLICY_CHAIN=Kozmetik & Kişisel Bakım > Parfüm & Deodorant:REGULATED | Kozmetik & Kişisel Bakım > Parfüm & Deodorant > Vücut Spreyi & Kolonya:REGULATED; PROFESSIONAL_REVIEW_CHAIN=Kozmetik & Kişisel Bakım > Parfüm & Deodorant | Kozmetik & Kişisel Bakım > Parfüm & Deodorant > Vücut Spreyi & Kolonya","canonical-v1.0.0","No public/pilot activation candidate in the canonical source; this package keeps it staged and fail-closed."
"CANONICAL-000761","80425580-8916-4939-9bf1-3c420ca698a5","Kozmetik & Kişisel Bakım > Parfüm & Deodorant > Deodorant & Terleme Karşıtı","3","YES","YES","YES","POLICY_BLOCKED","NO","NO","NO","REGULATED","FAIL_CLOSED","pending","FAIL_CLOSED","POLICY_CHAIN=Kozmetik & Kişisel Bakım > Parfüm & Deodorant:REGULATED | Kozmetik & Kişisel Bakım > Parfüm & Deodorant > Deodorant & Terleme Karşıtı:REGULATED; PROFESSIONAL_REVIEW_CHAIN=Kozmetik & Kişisel Bakım > Parfüm & Deodorant | Kozmetik & Kişisel Bakım > Parfüm & Deodorant > Deodorant & Terleme Karşıtı","canonical-v1.0.0","No public/pilot activation candidate in the canonical source; this package keeps it staged and fail-closed."
"CANONICAL-000762","ec77daec-632c-4aad-8c21-3baaed74b404","Kozmetik & Kişisel Bakım > Banyo & Vücut Bakımı","2","NO","YES","YES","CONTAINER_NOT_ASSIGNABLE","NO","NO","NO","REGULATED","FAIL_CLOSED","pending","FAIL_CLOSED","POLICY_CHAIN=Kozmetik & Kişisel Bakım > Banyo & Vücut Bakımı:REGULATED; PROFESSIONAL_REVIEW_CHAIN=Kozmetik & Kişisel Bakım > Banyo & Vücut Bakımı","canonical-v1.0.0","No public/pilot activation candidate in the canonical source; this package keeps it staged and fail-closed."
"CANONICAL-000763","53c38994-f8ee-4741-89d7-1461b798dc92","Kozmetik & Kişisel Bakım > Banyo & Vücut Bakımı > Sabun & Duş Ürünleri","3","YES","YES","YES","POLICY_BLOCKED","NO","NO","NO","REGULATED","FAIL_CLOSED","pending","FAIL_CLOSED","POLICY_CHAIN=Kozmetik & Kişisel Bakım > Banyo & Vücut Bakımı:REGULATED | Kozmetik & Kişisel Bakım > Banyo & Vücut Bakımı > Sabun & Duş Ürünleri:REGULATED; PROFESSIONAL_REVIEW_CHAIN=Kozmetik & Kişisel Bakım > Banyo & Vücut Bakımı | Kozmetik & Kişisel Bakım > Banyo & Vücut Bakımı > Sabun & Duş Ürünleri","canonical-v1.0.0","No public/pilot activation candidate in the canonical source; this package keeps it staged and fail-closed."
"CANONICAL-000764","938a8ea3-9dd0-4b90-8e07-60c4a365a4c7","Kozmetik & Kişisel Bakım > Banyo & Vücut Bakımı > Vücut Nemlendirici","3","YES","YES","YES","POLICY_BLOCKED","NO","NO","NO","REGULATED","FAIL_CLOSED","pending","FAIL_CLOSED","POLICY_CHAIN=Kozmetik & Kişisel Bakım > Banyo & Vücut Bakımı:REGULATED | Kozmetik & Kişisel Bakım > Banyo & Vücut Bakımı > Vücut Nemlendirici:REGULATED; PROFESSIONAL_REVIEW_CHAIN=Kozmetik & Kişisel Bakım > Banyo & Vücut Bakımı | Kozmetik & Kişisel Bakım > Banyo & Vücut Bakımı > Vücut Nemlendirici","canonical-v1.0.0","No public/pilot activation candidate in the canonical source; this package keeps it staged and fail-closed."
"CANONICAL-000765","3f01282b-054f-4658-a6eb-83086cc348e8","Kozmetik & Kişisel Bakım > Banyo & Vücut Bakımı > Vücut Peelingi","3","YES","YES","YES","POLICY_BLOCKED","NO","NO","NO","REGULATED","FAIL_CLOSED","pending","FAIL_CLOSED","POLICY_CHAIN=Kozmetik & Kişisel Bakım > Banyo & Vücut Bakımı:REGULATED | Kozmetik & Kişisel Bakım > Banyo & Vücut Bakımı > Vücut Peelingi:REGULATED; PROFESSIONAL_REVIEW_CHAIN=Kozmetik & Kişisel Bakım > Banyo & Vücut Bakımı | Kozmetik & Kişisel Bakım > Banyo & Vücut Bakımı > Vücut Peelingi","canonical-v1.0.0","No public/pilot activation candidate in the canonical source; this package keeps it staged and fail-closed."
"CANONICAL-000766","bb4b8e5c-eb51-4aa4-98f1-7f1787418531","Kozmetik & Kişisel Bakım > Banyo & Vücut Bakımı > Banyo Ürünleri","3","YES","YES","YES","POLICY_BLOCKED","NO","NO","NO","REGULATED","FAIL_CLOSED","pending","FAIL_CLOSED","POLICY_CHAIN=Kozmetik & Kişisel Bakım > Banyo & Vücut Bakımı:REGULATED | Kozmetik & Kişisel Bakım > Banyo & Vücut Bakımı > Banyo Ürünleri:REGULATED; PROFESSIONAL_REVIEW_CHAIN=Kozmetik & Kişisel Bakım > Banyo & Vücut Bakımı | Kozmetik & Kişisel Bakım > Banyo & Vücut Bakımı > Banyo Ürünleri","canonical-v1.0.0","No public/pilot activation candidate in the canonical source; this package keeps it staged and fail-closed."
"CANONICAL-000767","b973bcfc-d27e-4386-90f8-ab3078c78cdc","Kozmetik & Kişisel Bakım > Banyo & Vücut Bakımı > Vücut Yağı","3","YES","YES","YES","POLICY_BLOCKED","NO","NO","NO","REGULATED","FAIL_CLOSED","pending","FAIL_CLOSED","POLICY_CHAIN=Kozmetik & Kişisel Bakım > Banyo & Vücut Bakımı:REGULATED | Kozmetik & Kişisel Bakım > Banyo & Vücut Bakımı > Vücut Yağı:REGULATED; PROFESSIONAL_REVIEW_CHAIN=Kozmetik & Kişisel Bakım > Banyo & Vücut Bakımı | Kozmetik & Kişisel Bakım > Banyo & Vücut Bakımı > Vücut Yağı","canonical-v1.0.0","No public/pilot activation candidate in the canonical source; this package keeps it staged and fail-closed."
"CANONICAL-000768","d4b5f46a-3ee5-419f-8d8d-81aa57f10f56","Kozmetik & Kişisel Bakım > El, Ayak & Tırnak Bakımı","2","NO","YES","YES","CONTAINER_NOT_ASSIGNABLE","NO","NO","NO","REGULATED","FAIL_CLOSED","pending","FAIL_CLOSED","POLICY_CHAIN=Kozmetik & Kişisel Bakım > El, Ayak & Tırnak Bakımı:REGULATED; PROFESSIONAL_REVIEW_CHAIN=Kozmetik & Kişisel Bakım > El, Ayak & Tırnak Bakımı","canonical-v1.0.0","No public/pilot activation candidate in the canonical source; this package keeps it staged and fail-closed."
"CANONICAL-000769","95e6fcc3-a62f-4a1a-99ec-ebda0b3e2ea9","Kozmetik & Kişisel Bakım > El, Ayak & Tırnak Bakımı > El Bakımı","3","YES","YES","YES","POLICY_BLOCKED","NO","NO","NO","REGULATED","FAIL_CLOSED","pending","FAIL_CLOSED","POLICY_CHAIN=Kozmetik & Kişisel Bakım > El, Ayak & Tırnak Bakımı:REGULATED | Kozmetik & Kişisel Bakım > El, Ayak & Tırnak Bakımı > El Bakımı:REGULATED; PROFESSIONAL_REVIEW_CHAIN=Kozmetik & Kişisel Bakım > El, Ayak & Tırnak Bakımı | Kozmetik & Kişisel Bakım > El, Ayak & Tırnak Bakımı > El Bakımı","canonical-v1.0.0","No public/pilot activation candidate in the canonical source; this package keeps it staged and fail-closed."
"CANONICAL-000770","1de076fc-ab05-4dea-8ff7-918bd9457a64","Kozmetik & Kişisel Bakım > El, Ayak & Tırnak Bakımı > Ayak Bakımı","3","YES","YES","YES","POLICY_BLOCKED","NO","NO","NO","REGULATED","FAIL_CLOSED","pending","FAIL_CLOSED","POLICY_CHAIN=Kozmetik & Kişisel Bakım > El, Ayak & Tırnak Bakımı:REGULATED | Kozmetik & Kişisel Bakım > El, Ayak & Tırnak Bakımı > Ayak Bakımı:REGULATED; PROFESSIONAL_REVIEW_CHAIN=Kozmetik & Kişisel Bakım > El, Ayak & Tırnak Bakımı | Kozmetik & Kişisel Bakım > El, Ayak & Tırnak Bakımı > Ayak Bakımı","canonical-v1.0.0","No public/pilot activation candidate in the canonical source; this package keeps it staged and fail-closed."
"CANONICAL-000771","c5bf3d0e-5085-4b23-9f26-e042f78de4bb","Kozmetik & Kişisel Bakım > El, Ayak & Tırnak Bakımı > Tırnak Bakımı","3","YES","YES","YES","POLICY_BLOCKED","NO","NO","NO","REGULATED","FAIL_CLOSED","pending","FAIL_CLOSED","POLICY_CHAIN=Kozmetik & Kişisel Bakım > El, Ayak & Tırnak Bakımı:REGULATED | Kozmetik & Kişisel Bakım > El, Ayak & Tırnak Bakımı > Tırnak Bakımı:REGULATED; PROFESSIONAL_REVIEW_CHAIN=Kozmetik & Kişisel Bakım > El, Ayak & Tırnak Bakımı | Kozmetik & Kişisel Bakım > El, Ayak & Tırnak Bakımı > Tırnak Bakımı","canonical-v1.0.0","No public/pilot activation candidate in the canonical source; this package keeps it staged and fail-closed."
"CANONICAL-000772","a1362e3f-db53-462c-9d78-b80d14f751fd","Kozmetik & Kişisel Bakım > El, Ayak & Tırnak Bakımı > Manikür & Pedikür Bakım Ürünleri","3","YES","YES","YES","POLICY_BLOCKED","NO","NO","NO","REGULATED","FAIL_CLOSED","pending","FAIL_CLOSED","POLICY_CHAIN=Kozmetik & Kişisel Bakım > El, Ayak & Tırnak Bakımı:REGULATED | Kozmetik & Kişisel Bakım > El, Ayak & Tırnak Bakımı > Manikür & Pedikür Bakım Ürünleri:REGULATED; PROFESSIONAL_REVIEW_CHAIN=Kozmetik & Kişisel Bakım > El, Ayak & Tırnak Bakımı | Kozmetik & Kişisel Bakım > El, Ayak & Tırnak Bakımı > Manikür & Pedikür Bakım Ürünleri","canonical-v1.0.0","No public/pilot activation candidate in the canonical source; this package keeps it staged and fail-closed."
"CANONICAL-000773","d6e17c0b-060f-4619-98ed-457d248e7a1d","Kozmetik & Kişisel Bakım > Ağız & Diş Bakımı","2","NO","YES","YES","CONTAINER_NOT_ASSIGNABLE","NO","NO","NO","LEGAL_REVIEW_REQUIRED","FAIL_CLOSED","pending","FAIL_CLOSED","POLICY_CHAIN=Kozmetik & Kişisel Bakım > Ağız & Diş Bakımı:LEGAL_REVIEW_REQUIRED; PROFESSIONAL_REVIEW_CHAIN=Kozmetik & Kişisel Bakım > Ağız & Diş Bakımı","canonical-v1.0.0","No public/pilot activation candidate in the canonical source; this package keeps it staged and fail-closed."
"CANONICAL-000774","9e353b48-641a-4b2d-9485-49197d7c75a9","Kozmetik & Kişisel Bakım > Ağız & Diş Bakımı > Diş Macunu","3","YES","YES","YES","POLICY_BLOCKED","NO","NO","NO","REGULATED","FAIL_CLOSED","pending","FAIL_CLOSED","POLICY_CHAIN=Kozmetik & Kişisel Bakım > Ağız & Diş Bakımı:LEGAL_REVIEW_REQUIRED | Kozmetik & Kişisel Bakım > Ağız & Diş Bakımı > Diş Macunu:REGULATED; PROFESSIONAL_REVIEW_CHAIN=Kozmetik & Kişisel Bakım > Ağız & Diş Bakımı | Kozmetik & Kişisel Bakım > Ağız & Diş Bakımı > Diş Macunu","canonical-v1.0.0","No public/pilot activation candidate in the canonical source; this package keeps it staged and fail-closed."
"CANONICAL-000775","0a0da2f1-18e9-4ea2-82f7-13aa8cc25163","Kozmetik & Kişisel Bakım > Ağız & Diş Bakımı > Manuel Diş Fırçası","3","YES","YES","YES","POLICY_BLOCKED","NO","NO","NO","REGULATED","FAIL_CLOSED","pending","FAIL_CLOSED","POLICY_CHAIN=Kozmetik & Kişisel Bakım > Ağız & Diş Bakımı:LEGAL_REVIEW_REQUIRED | Kozmetik & Kişisel Bakım > Ağız & Diş Bakımı > Manuel Diş Fırçası:REGULATED; PROFESSIONAL_REVIEW_CHAIN=Kozmetik & Kişisel Bakım > Ağız & Diş Bakımı | Kozmetik & Kişisel Bakım > Ağız & Diş Bakımı > Manuel Diş Fırçası","canonical-v1.0.0","No public/pilot activation candidate in the canonical source; this package keeps it staged and fail-closed."
"CANONICAL-000776","53bd7cda-99fd-4217-899c-efb8369283a3","Kozmetik & Kişisel Bakım > Ağız & Diş Bakımı > Diş İpi & Arayüz Bakımı","3","YES","YES","YES","POLICY_BLOCKED","NO","NO","NO","REGULATED","FAIL_CLOSED","pending","FAIL_CLOSED","POLICY_CHAIN=Kozmetik & Kişisel Bakım > Ağız & Diş Bakımı:LEGAL_REVIEW_REQUIRED | Kozmetik & Kişisel Bakım > Ağız & Diş Bakımı > Diş İpi & Arayüz Bakımı:REGULATED; PROFESSIONAL_REVIEW_CHAIN=Kozmetik & Kişisel Bakım > Ağız & Diş Bakımı | Kozmetik & Kişisel Bakım > Ağız & Diş Bakımı > Diş İpi & Arayüz Bakımı","canonical-v1.0.0","No public/pilot activation candidate in the canonical source; this package keeps it staged and fail-closed."
"CANONICAL-000777","94c9020e-7d32-467c-93c8-55f04afc4da3","Kozmetik & Kişisel Bakım > Ağız & Diş Bakımı > Ağız Çalkalama Suyu","3","YES","YES","YES","POLICY_BLOCKED","NO","NO","NO","REGULATED","FAIL_CLOSED","pending","FAIL_CLOSED","POLICY_CHAIN=Kozmetik & Kişisel Bakım > Ağız & Diş Bakımı:LEGAL_REVIEW_REQUIRED | Kozmetik & Kişisel Bakım > Ağız & Diş Bakımı > Ağız Çalkalama Suyu:REGULATED; PROFESSIONAL_REVIEW_CHAIN=Kozmetik & Kişisel Bakım > Ağız & Diş Bakımı | Kozmetik & Kişisel Bakım > Ağız & Diş Bakımı > Ağız Çalkalama Suyu","canonical-v1.0.0","No public/pilot activation candidate in the canonical source; this package keeps it staged and fail-closed."
"CANONICAL-000778","38e296c0-c472-41c5-a39d-e73058b75fb4","Kozmetik & Kişisel Bakım > Ağız & Diş Bakımı > Protez Diş Bakımı","3","YES","YES","YES","POLICY_BLOCKED","NO","NO","NO","LEGAL_REVIEW_REQUIRED","FAIL_CLOSED","pending","FAIL_CLOSED","POLICY_CHAIN=Kozmetik & Kişisel Bakım > Ağız & Diş Bakımı:LEGAL_REVIEW_REQUIRED | Kozmetik & Kişisel Bakım > Ağız & Diş Bakımı > Protez Diş Bakımı:LEGAL_REVIEW_REQUIRED; PROFESSIONAL_REVIEW_CHAIN=Kozmetik & Kişisel Bakım > Ağız & Diş Bakımı | Kozmetik & Kişisel Bakım > Ağız & Diş Bakımı > Protez Diş Bakımı","canonical-v1.0.0","No public/pilot activation candidate in the canonical source; this package keeps it staged and fail-closed."
"CANONICAL-000779","b6918492-7fed-48b2-9d2d-cc8b1698a79a","Kozmetik & Kişisel Bakım > Kişisel Hijyen","2","NO","YES","YES","CONTAINER_NOT_ASSIGNABLE","NO","NO","NO","LEGAL_REVIEW_REQUIRED","FAIL_CLOSED","pending","FAIL_CLOSED","POLICY_CHAIN=Kozmetik & Kişisel Bakım > Kişisel Hijyen:LEGAL_REVIEW_REQUIRED; PROFESSIONAL_REVIEW_CHAIN=Kozmetik & Kişisel Bakım > Kişisel Hijyen","canonical-v1.0.0","No public/pilot activation candidate in the canonical source; this package keeps it staged and fail-closed."
"CANONICAL-000780","742fa50a-4e30-45a4-ab61-c247f51efce9","Kozmetik & Kişisel Bakım > Kişisel Hijyen > Menstrüel Hijyen","3","YES","YES","YES","POLICY_BLOCKED","NO","NO","NO","REGULATED","FAIL_CLOSED","pending","FAIL_CLOSED","POLICY_CHAIN=Kozmetik & Kişisel Bakım > Kişisel Hijyen:LEGAL_REVIEW_REQUIRED | Kozmetik & Kişisel Bakım > Kişisel Hijyen > Menstrüel Hijyen:REGULATED; PROFESSIONAL_REVIEW_CHAIN=Kozmetik & Kişisel Bakım > Kişisel Hijyen | Kozmetik & Kişisel Bakım > Kişisel Hijyen > Menstrüel Hijyen","canonical-v1.0.0","No public/pilot activation candidate in the canonical source; this package keeps it staged and fail-closed."
"CANONICAL-000781","d73a3c93-65c5-4ddf-ad83-8675b4c6d279","Kozmetik & Kişisel Bakım > Kişisel Hijyen > İnkontinans Hijyeni","3","YES","YES","YES","POLICY_BLOCKED","NO","NO","NO","LEGAL_REVIEW_REQUIRED","FAIL_CLOSED","pending","FAIL_CLOSED","POLICY_CHAIN=Kozmetik & Kişisel Bakım > Kişisel Hijyen:LEGAL_REVIEW_REQUIRED | Kozmetik & Kişisel Bakım > Kişisel Hijyen > İnkontinans Hijyeni:LEGAL_REVIEW_REQUIRED; PROFESSIONAL_REVIEW_CHAIN=Kozmetik & Kişisel Bakım > Kişisel Hijyen | Kozmetik & Kişisel Bakım > Kişisel Hijyen > İnkontinans Hijyeni","canonical-v1.0.0","No public/pilot activation candidate in the canonical source; this package keeps it staged and fail-closed."
"CANONICAL-000782","7c439af9-866b-4ce5-88eb-64d1bd4ec4df","Kozmetik & Kişisel Bakım > Kişisel Hijyen > İntim Hijyen","3","YES","YES","YES","POLICY_BLOCKED","NO","NO","NO","LEGAL_REVIEW_REQUIRED","FAIL_CLOSED","pending","FAIL_CLOSED","POLICY_CHAIN=Kozmetik & Kişisel Bakım > Kişisel Hijyen:LEGAL_REVIEW_REQUIRED | Kozmetik & Kişisel Bakım > Kişisel Hijyen > İntim Hijyen:LEGAL_REVIEW_REQUIRED; PROFESSIONAL_REVIEW_CHAIN=Kozmetik & Kişisel Bakım > Kişisel Hijyen | Kozmetik & Kişisel Bakım > Kişisel Hijyen > İntim Hijyen","canonical-v1.0.0","No public/pilot activation candidate in the canonical source; this package keeps it staged and fail-closed."
"CANONICAL-000783","22366c5b-e38f-4b5b-8b25-a547362ca209","Kozmetik & Kişisel Bakım > Kişisel Hijyen > Islak Mendil","3","YES","YES","YES","POLICY_BLOCKED","NO","NO","NO","REGULATED","FAIL_CLOSED","pending","FAIL_CLOSED","POLICY_CHAIN=Kozmetik & Kişisel Bakım > Kişisel Hijyen:LEGAL_REVIEW_REQUIRED | Kozmetik & Kişisel Bakım > Kişisel Hijyen > Islak Mendil:REGULATED; PROFESSIONAL_REVIEW_CHAIN=Kozmetik & Kişisel Bakım > Kişisel Hijyen | Kozmetik & Kişisel Bakım > Kişisel Hijyen > Islak Mendil","canonical-v1.0.0","No public/pilot activation candidate in the canonical source; this package keeps it staged and fail-closed."
"CANONICAL-000784","e506ddba-a29b-48e7-b4d4-97830a0de7e0","Kozmetik & Kişisel Bakım > Kişisel Hijyen > Pamuk & Makyaj Pedi","3","YES","YES","YES","POLICY_BLOCKED","NO","NO","NO","REGULATED","FAIL_CLOSED","pending","FAIL_CLOSED","POLICY_CHAIN=Kozmetik & Kişisel Bakım > Kişisel Hijyen:LEGAL_REVIEW_REQUIRED | Kozmetik & Kişisel Bakım > Kişisel Hijyen > Pamuk & Makyaj Pedi:REGULATED; PROFESSIONAL_REVIEW_CHAIN=Kozmetik & Kişisel Bakım > Kişisel Hijyen | Kozmetik & Kişisel Bakım > Kişisel Hijyen > Pamuk & Makyaj Pedi","canonical-v1.0.0","No public/pilot activation candidate in the canonical source; this package keeps it staged and fail-closed."
"CANONICAL-000785","3888d14b-ad29-4bbf-8a92-27d100870c64","Kozmetik & Kişisel Bakım > Tıraş, Ağda & Epilasyon","2","NO","YES","YES","CONTAINER_NOT_ASSIGNABLE","NO","NO","NO","REGULATED","FAIL_CLOSED","pending","FAIL_CLOSED","POLICY_CHAIN=Kozmetik & Kişisel Bakım > Tıraş, Ağda & Epilasyon:REGULATED; PROFESSIONAL_REVIEW_CHAIN=Kozmetik & Kişisel Bakım > Tıraş, Ağda & Epilasyon","canonical-v1.0.0","No public/pilot activation candidate in the canonical source; this package keeps it staged and fail-closed."
"CANONICAL-000786","e11681af-233e-48ec-854e-2fb0087ec004","Kozmetik & Kişisel Bakım > Tıraş, Ağda & Epilasyon > Manuel Tıraş Bıçağı & Yedekleri","3","YES","YES","YES","POLICY_BLOCKED","NO","NO","NO","REGULATED","FAIL_CLOSED","pending","FAIL_CLOSED","POLICY_CHAIN=Kozmetik & Kişisel Bakım > Tıraş, Ağda & Epilasyon:REGULATED | Kozmetik & Kişisel Bakım > Tıraş, Ağda & Epilasyon > Manuel Tıraş Bıçağı & Yedekleri:REGULATED; PROFESSIONAL_REVIEW_CHAIN=Kozmetik & Kişisel Bakım > Tıraş, Ağda & Epilasyon | Kozmetik & Kişisel Bakım > Tıraş, Ağda & Epilasyon > Manuel Tıraş Bıçağı & Yedekleri","canonical-v1.0.0","No public/pilot activation candidate in the canonical source; this package keeps it staged and fail-closed."
"CANONICAL-000787","13e22fbd-4528-4794-9f2c-5e3af266d16b","Kozmetik & Kişisel Bakım > Tıraş, Ağda & Epilasyon > Tıraş Hazırlık & Bakım Ürünleri","3","YES","YES","YES","POLICY_BLOCKED","NO","NO","NO","REGULATED","FAIL_CLOSED","pending","FAIL_CLOSED","POLICY_CHAIN=Kozmetik & Kişisel Bakım > Tıraş, Ağda & Epilasyon:REGULATED | Kozmetik & Kişisel Bakım > Tıraş, Ağda & Epilasyon > Tıraş Hazırlık & Bakım Ürünleri:REGULATED; PROFESSIONAL_REVIEW_CHAIN=Kozmetik & Kişisel Bakım > Tıraş, Ağda & Epilasyon | Kozmetik & Kişisel Bakım > Tıraş, Ağda & Epilasyon > Tıraş Hazırlık & Bakım Ürünleri","canonical-v1.0.0","No public/pilot activation candidate in the canonical source; this package keeps it staged and fail-closed."
"CANONICAL-000788","bd7b2f6c-0945-4efa-862d-a6d181ca66e2","Kozmetik & Kişisel Bakım > Tıraş, Ağda & Epilasyon > Ağda Ürünleri","3","YES","YES","YES","POLICY_BLOCKED","NO","NO","NO","REGULATED","FAIL_CLOSED","pending","FAIL_CLOSED","POLICY_CHAIN=Kozmetik & Kişisel Bakım > Tıraş, Ağda & Epilasyon:REGULATED | Kozmetik & Kişisel Bakım > Tıraş, Ağda & Epilasyon > Ağda Ürünleri:REGULATED; PROFESSIONAL_REVIEW_CHAIN=Kozmetik & Kişisel Bakım > Tıraş, Ağda & Epilasyon | Kozmetik & Kişisel Bakım > Tıraş, Ağda & Epilasyon > Ağda Ürünleri","canonical-v1.0.0","No public/pilot activation candidate in the canonical source; this package keeps it staged and fail-closed."
"CANONICAL-000789","b7a1dba6-488e-4769-9ec5-0b719b0f515f","Kozmetik & Kişisel Bakım > Tıraş, Ağda & Epilasyon > Tüy Dökücü Ürünler","3","YES","YES","YES","POLICY_BLOCKED","NO","NO","NO","REGULATED","FAIL_CLOSED","pending","FAIL_CLOSED","POLICY_CHAIN=Kozmetik & Kişisel Bakım > Tıraş, Ağda & Epilasyon:REGULATED | Kozmetik & Kişisel Bakım > Tıraş, Ağda & Epilasyon > Tüy Dökücü Ürünler:REGULATED; PROFESSIONAL_REVIEW_CHAIN=Kozmetik & Kişisel Bakım > Tıraş, Ağda & Epilasyon | Kozmetik & Kişisel Bakım > Tıraş, Ağda & Epilasyon > Tüy Dökücü Ürünler","canonical-v1.0.0","No public/pilot activation candidate in the canonical source; this package keeps it staged and fail-closed."
"CANONICAL-000790","de2813d8-c3dd-49eb-af52-cfbc41f55d64","Kozmetik & Kişisel Bakım > Tıraş, Ağda & Epilasyon > Epilasyon Sarfları","3","YES","YES","YES","POLICY_BLOCKED","NO","NO","NO","REGULATED","FAIL_CLOSED","pending","FAIL_CLOSED","POLICY_CHAIN=Kozmetik & Kişisel Bakım > Tıraş, Ağda & Epilasyon:REGULATED | Kozmetik & Kişisel Bakım > Tıraş, Ağda & Epilasyon > Epilasyon Sarfları:REGULATED; PROFESSIONAL_REVIEW_CHAIN=Kozmetik & Kişisel Bakım > Tıraş, Ağda & Epilasyon | Kozmetik & Kişisel Bakım > Tıraş, Ağda & Epilasyon > Epilasyon Sarfları","canonical-v1.0.0","No public/pilot activation candidate in the canonical source; this package keeps it staged and fail-closed."
"CANONICAL-000791","7eed328e-f6d7-4e5b-a8b3-fa024575626a","Kozmetik & Kişisel Bakım > Kozmetik & Bakım Aksesuarları","2","NO","YES","YES","CONTAINER_NOT_ASSIGNABLE","NO","NO","NO","REGULATED","FAIL_CLOSED","pending","FAIL_CLOSED","POLICY_CHAIN=Kozmetik & Kişisel Bakım > Kozmetik & Bakım Aksesuarları:REGULATED; PROFESSIONAL_REVIEW_CHAIN=Kozmetik & Kişisel Bakım > Kozmetik & Bakım Aksesuarları","canonical-v1.0.0","No public/pilot activation candidate in the canonical source; this package keeps it staged and fail-closed."
"CANONICAL-000792","187c4e02-8b05-4f03-bb1b-a15512b5a4aa","Kozmetik & Kişisel Bakım > Kozmetik & Bakım Aksesuarları > Makyaj Uygulama Aksesuarları","3","YES","YES","YES","POLICY_BLOCKED","NO","NO","NO","NORMAL","FAIL_CLOSED","pending","FAIL_CLOSED","POLICY_CHAIN=Kozmetik & Kişisel Bakım > Kozmetik & Bakım Aksesuarları:REGULATED; PROFESSIONAL_REVIEW_CHAIN=Kozmetik & Kişisel Bakım > Kozmetik & Bakım Aksesuarları | Kozmetik & Kişisel Bakım > Kozmetik & Bakım Aksesuarları > Makyaj Uygulama Aksesuarları","canonical-v1.0.0","No public/pilot activation candidate in the canonical source; this package keeps it staged and fail-closed."
"CANONICAL-000793","d1fb547d-0c87-4938-8d86-096671c93d5c","Kozmetik & Kişisel Bakım > Kozmetik & Bakım Aksesuarları > Saç Fırçası & Tarak","3","YES","YES","YES","POLICY_BLOCKED","NO","NO","NO","NORMAL","FAIL_CLOSED","pending","FAIL_CLOSED","POLICY_CHAIN=Kozmetik & Kişisel Bakım > Kozmetik & Bakım Aksesuarları:REGULATED; PROFESSIONAL_REVIEW_CHAIN=Kozmetik & Kişisel Bakım > Kozmetik & Bakım Aksesuarları | Kozmetik & Kişisel Bakım > Kozmetik & Bakım Aksesuarları > Saç Fırçası & Tarak","canonical-v1.0.0","No public/pilot activation candidate in the canonical source; this package keeps it staged and fail-closed."
"CANONICAL-000794","7ea747b7-53f7-4e5c-a59f-e25af3e766f9","Kozmetik & Kişisel Bakım > Kozmetik & Bakım Aksesuarları > Manikür & Pedikür Aletleri","3","YES","YES","YES","POLICY_BLOCKED","NO","NO","NO","REGULATED","FAIL_CLOSED","pending","FAIL_CLOSED","POLICY_CHAIN=Kozmetik & Kişisel Bakım > Kozmetik & Bakım Aksesuarları:REGULATED | Kozmetik & Kişisel Bakım > Kozmetik & Bakım Aksesuarları > Manikür & Pedikür Aletleri:REGULATED; PROFESSIONAL_REVIEW_CHAIN=Kozmetik & Kişisel Bakım > Kozmetik & Bakım Aksesuarları | Kozmetik & Kişisel Bakım > Kozmetik & Bakım Aksesuarları > Manikür & Pedikür Aletleri","canonical-v1.0.0","No public/pilot activation candidate in the canonical source; this package keeps it staged and fail-closed."
"CANONICAL-000795","5c1e524f-3d9d-4552-8a09-ce4d1179f734","Kozmetik & Kişisel Bakım > Kozmetik & Bakım Aksesuarları > Bakım Aynaları","3","YES","YES","YES","POLICY_BLOCKED","NO","NO","NO","NORMAL","FAIL_CLOSED","not_required","FAIL_CLOSED","POLICY_CHAIN=Kozmetik & Kişisel Bakım > Kozmetik & Bakım Aksesuarları:REGULATED; PROFESSIONAL_REVIEW_CHAIN=Kozmetik & Kişisel Bakım > Kozmetik & Bakım Aksesuarları","canonical-v1.0.0","No public/pilot activation candidate in the canonical source; this package keeps it staged and fail-closed."
"CANONICAL-000796","5f013878-3215-4534-b7b8-88a033402dde","Kozmetik & Kişisel Bakım > Kozmetik & Bakım Aksesuarları > Kozmetik Uygulama Kapları","3","YES","YES","YES","POLICY_BLOCKED","NO","NO","NO","NORMAL","FAIL_CLOSED","pending","FAIL_CLOSED","POLICY_CHAIN=Kozmetik & Kişisel Bakım > Kozmetik & Bakım Aksesuarları:REGULATED; PROFESSIONAL_REVIEW_CHAIN=Kozmetik & Kişisel Bakım > Kozmetik & Bakım Aksesuarları | Kozmetik & Kişisel Bakım > Kozmetik & Bakım Aksesuarları > Kozmetik Uygulama Kapları","canonical-v1.0.0","No public/pilot activation candidate in the canonical source; this package keeps it staged and fail-closed."
"CANONICAL-000797","8d28867d-0ee1-43e3-8027-22b428b55f3d","Anne & Bebek","1","NO","YES","YES","CONTAINER_NOT_ASSIGNABLE","NO","NO","NO","NORMAL","PASS","not_required","PASS","STRUCTURAL_CONTAINER","canonical-v1.0.0","No public/pilot activation candidate in the canonical source; this package keeps it staged and fail-closed."
"CANONICAL-000798","8f088728-8a77-42d6-b33c-128bd7111fad","Anne & Bebek > Bebek Beslenme","2","NO","YES","YES","CONTAINER_NOT_ASSIGNABLE","NO","NO","NO","LEGAL_REVIEW_REQUIRED","FAIL_CLOSED","pending","FAIL_CLOSED","POLICY_CHAIN=Anne & Bebek > Bebek Beslenme:LEGAL_REVIEW_REQUIRED; PROFESSIONAL_REVIEW_CHAIN=Anne & Bebek > Bebek Beslenme","canonical-v1.0.0","No public/pilot activation candidate in the canonical source; this package keeps it staged and fail-closed."
"CANONICAL-000799","8ce877dc-fdcb-41b0-922f-83b8d5f6e566","Anne & Bebek > Bebek Beslenme > Bebek Formülü & Yaşa Özgü Gıdalar","3","NO","YES","YES","CONTAINER_NOT_ASSIGNABLE","NO","NO","NO","LEGAL_REVIEW_REQUIRED","FAIL_CLOSED","pending","FAIL_CLOSED","POLICY_CHAIN=Anne & Bebek > Bebek Beslenme:LEGAL_REVIEW_REQUIRED | Anne & Bebek > Bebek Beslenme > Bebek Formülü & Yaşa Özgü Gıdalar:LEGAL_REVIEW_REQUIRED; PROFESSIONAL_REVIEW_CHAIN=Anne & Bebek > Bebek Beslenme | Anne & Bebek > Bebek Beslenme > Bebek Formülü & Yaşa Özgü Gıdalar","canonical-v1.0.0","No public/pilot activation candidate in the canonical source; this package keeps it staged and fail-closed."
"CANONICAL-000800","8eca0527-7139-41dd-b3bd-180b9fd36f6e","Anne & Bebek > Bebek Beslenme > Bebek Formülü & Yaşa Özgü Gıdalar > Başlangıç Bebek Formülleri","4","YES","YES","YES","POLICY_BLOCKED","NO","NO","NO","LEGAL_REVIEW_REQUIRED","FAIL_CLOSED","pending","FAIL_CLOSED","POLICY_CHAIN=Anne & Bebek > Bebek Beslenme:LEGAL_REVIEW_REQUIRED | Anne & Bebek > Bebek Beslenme > Bebek Formülü & Yaşa Özgü Gıdalar:LEGAL_REVIEW_REQUIRED | Anne & Bebek > Bebek Beslenme > Bebek Formülü & Yaşa Özgü Gıdalar > Başlangıç Bebek Formülleri:LEGAL_REVIEW_REQUIRED; PROFESSIONAL_REVIEW_CHAIN=Anne & Bebek > Bebek Beslenme | Anne & Bebek > Bebek Beslenme > Bebek Formülü & Yaşa Özgü Gıdalar | Anne & Bebek > Bebek Beslenme > Bebek Formülü & Yaşa Özgü Gıdalar > Başlangıç Bebek Formülleri","canonical-v1.0.0","No public/pilot activation candidate in the canonical source; this package keeps it staged and fail-closed."
"CANONICAL-000801","a9839ba5-4db1-4108-b1f3-7d1906e17d17","Anne & Bebek > Bebek Beslenme > Bebek Formülü & Yaşa Özgü Gıdalar > Devam Sütü & Büyüme Ürünleri","4","YES","YES","YES","POLICY_BLOCKED","NO","NO","NO","LEGAL_REVIEW_REQUIRED","FAIL_CLOSED","pending","FAIL_CLOSED","POLICY_CHAIN=Anne & Bebek > Bebek Beslenme:LEGAL_REVIEW_REQUIRED | Anne & Bebek > Bebek Beslenme > Bebek Formülü & Yaşa Özgü Gıdalar:LEGAL_REVIEW_REQUIRED | Anne & Bebek > Bebek Beslenme > Bebek Formülü & Yaşa Özgü Gıdalar > Devam Sütü & Büyüme Ürünleri:LEGAL_REVIEW_REQUIRED; PROFESSIONAL_REVIEW_CHAIN=Anne & Bebek > Bebek Beslenme | Anne & Bebek > Bebek Beslenme > Bebek Formülü & Yaşa Özgü Gıdalar | Anne & Bebek > Bebek Beslenme > Bebek Formülü & Yaşa Özgü Gıdalar > Devam Sütü & Büyüme Ürünleri","canonical-v1.0.0","No public/pilot activation candidate in the canonical source; this package keeps it staged and fail-closed."
"CANONICAL-000802","c3dbdfaa-4289-4809-ab65-f760b8bebae7","Anne & Bebek > Bebek Beslenme > Bebek Formülü & Yaşa Özgü Gıdalar > Bebek Tahıl & Ek Gıdaları","4","YES","YES","YES","POLICY_BLOCKED","NO","NO","NO","REGULATED","FAIL_CLOSED","pending","FAIL_CLOSED","POLICY_CHAIN=Anne & Bebek > Bebek Beslenme:LEGAL_REVIEW_REQUIRED | Anne & Bebek > Bebek Beslenme > Bebek Formülü & Yaşa Özgü Gıdalar:LEGAL_REVIEW_REQUIRED | Anne & Bebek > Bebek Beslenme > Bebek Formülü & Yaşa Özgü Gıdalar > Bebek Tahıl & Ek Gıdaları:REGULATED; PROFESSIONAL_REVIEW_CHAIN=Anne & Bebek > Bebek Beslenme | Anne & Bebek > Bebek Beslenme > Bebek Formülü & Yaşa Özgü Gıdalar | Anne & Bebek > Bebek Beslenme > Bebek Formülü & Yaşa Özgü Gıdalar > Bebek Tahıl & Ek Gıdaları","canonical-v1.0.0","No public/pilot activation candidate in the canonical source; this package keeps it staged and fail-closed."
"CANONICAL-000803","8c13dd43-2e42-4912-a530-85db6a2bba26","Anne & Bebek > Bebek Beslenme > Bebek Formülü & Yaşa Özgü Gıdalar > Bebek Püre & Atıştırmalıkları","4","YES","YES","YES","POLICY_BLOCKED","NO","NO","NO","REGULATED","FAIL_CLOSED","pending","FAIL_CLOSED","POLICY_CHAIN=Anne & Bebek > Bebek Beslenme:LEGAL_REVIEW_REQUIRED | Anne & Bebek > Bebek Beslenme > Bebek Formülü & Yaşa Özgü Gıdalar:LEGAL_REVIEW_REQUIRED | Anne & Bebek > Bebek Beslenme > Bebek Formülü & Yaşa Özgü Gıdalar > Bebek Püre & Atıştırmalıkları:REGULATED; PROFESSIONAL_REVIEW_CHAIN=Anne & Bebek > Bebek Beslenme | Anne & Bebek > Bebek Beslenme > Bebek Formülü & Yaşa Özgü Gıdalar | Anne & Bebek > Bebek Beslenme > Bebek Formülü & Yaşa Özgü Gıdalar > Bebek Püre & Atıştırmalıkları","canonical-v1.0.0","No public/pilot activation candidate in the canonical source; this package keeps it staged and fail-closed."
"CANONICAL-000804","61207121-2a6d-4632-81e8-e0597fbc4827","Anne & Bebek > Bebek Beslenme > Biberon & Aksesuarları","3","NO","YES","YES","CONTAINER_NOT_ASSIGNABLE","NO","NO","NO","REGULATED","FAIL_CLOSED","pending","FAIL_CLOSED","POLICY_CHAIN=Anne & Bebek > Bebek Beslenme:LEGAL_REVIEW_REQUIRED | Anne & Bebek > Bebek Beslenme > Biberon & Aksesuarları:REGULATED; PROFESSIONAL_REVIEW_CHAIN=Anne & Bebek > Bebek Beslenme | Anne & Bebek > Bebek Beslenme > Biberon & Aksesuarları","canonical-v1.0.0","No public/pilot activation candidate in the canonical source; this package keeps it staged and fail-closed."
"CANONICAL-000805","ff0658fb-0d64-41ff-8a36-f1f098a3d3b6","Anne & Bebek > Bebek Beslenme > Biberon & Aksesuarları > Biberonlar","4","YES","YES","YES","POLICY_BLOCKED","NO","NO","NO","REGULATED","FAIL_CLOSED","pending","FAIL_CLOSED","POLICY_CHAIN=Anne & Bebek > Bebek Beslenme:LEGAL_REVIEW_REQUIRED | Anne & Bebek > Bebek Beslenme > Biberon & Aksesuarları:REGULATED | Anne & Bebek > Bebek Beslenme > Biberon & Aksesuarları > Biberonlar:REGULATED; PROFESSIONAL_REVIEW_CHAIN=Anne & Bebek > Bebek Beslenme | Anne & Bebek > Bebek Beslenme > Biberon & Aksesuarları | Anne & Bebek > Bebek Beslenme > Biberon & Aksesuarları > Biberonlar","canonical-v1.0.0","No public/pilot activation candidate in the canonical source; this package keeps it staged and fail-closed."
"CANONICAL-000806","d8e31e92-69f3-45f5-9ba3-994f4305a87b","Anne & Bebek > Bebek Beslenme > Biberon & Aksesuarları > Biberon Emzikleri","4","YES","YES","YES","POLICY_BLOCKED","NO","NO","NO","REGULATED","FAIL_CLOSED","pending","FAIL_CLOSED","POLICY_CHAIN=Anne & Bebek > Bebek Beslenme:LEGAL_REVIEW_REQUIRED | Anne & Bebek > Bebek Beslenme > Biberon & Aksesuarları:REGULATED | Anne & Bebek > Bebek Beslenme > Biberon & Aksesuarları > Biberon Emzikleri:REGULATED; PROFESSIONAL_REVIEW_CHAIN=Anne & Bebek > Bebek Beslenme | Anne & Bebek > Bebek Beslenme > Biberon & Aksesuarları | Anne & Bebek > Bebek Beslenme > Biberon & Aksesuarları > Biberon Emzikleri","canonical-v1.0.0","No public/pilot activation candidate in the canonical source; this package keeps it staged and fail-closed."
"CANONICAL-000807","c53be0c3-c276-459e-988d-342f5fa5355f","Anne & Bebek > Bebek Beslenme > Biberon & Aksesuarları > Biberon Temizleme & Hazırlama Aksesuarları","4","YES","YES","YES","POLICY_BLOCKED","NO","NO","NO","REGULATED","FAIL_CLOSED","pending","FAIL_CLOSED","POLICY_CHAIN=Anne & Bebek > Bebek Beslenme:LEGAL_REVIEW_REQUIRED | Anne & Bebek > Bebek Beslenme > Biberon & Aksesuarları:REGULATED | Anne & Bebek > Bebek Beslenme > Biberon & Aksesuarları > Biberon Temizleme & Hazırlama Aksesuarları:REGULATED; PROFESSIONAL_REVIEW_CHAIN=Anne & Bebek > Bebek Beslenme | Anne & Bebek > Bebek Beslenme > Biberon & Aksesuarları | Anne & Bebek > Bebek Beslenme > Biberon & Aksesuarları > Biberon Temizleme & Hazırlama Aksesuarları","canonical-v1.0.0","No public/pilot activation candidate in the canonical source; this package keeps it staged and fail-closed."
"CANONICAL-000808","f167a32e-2878-4c74-9f7d-ddd35da5607f","Anne & Bebek > Bebek Beslenme > Emzikler","3","YES","YES","YES","POLICY_BLOCKED","NO","NO","NO","REGULATED","FAIL_CLOSED","pending","FAIL_CLOSED","POLICY_CHAIN=Anne & Bebek > Bebek Beslenme:LEGAL_REVIEW_REQUIRED | Anne & Bebek > Bebek Beslenme > Emzikler:REGULATED; PROFESSIONAL_REVIEW_CHAIN=Anne & Bebek > Bebek Beslenme | Anne & Bebek > Bebek Beslenme > Emzikler","canonical-v1.0.0","No public/pilot activation candidate in the canonical source; this package keeps it staged and fail-closed."
"CANONICAL-000809","f410bed6-a353-4983-8ab9-29df1ecfc70c","Anne & Bebek > Bebek Beslenme > Bebek Sofra Ürünleri & Alıştırma Bardakları","3","YES","YES","YES","POLICY_BLOCKED","NO","NO","NO","REGULATED","FAIL_CLOSED","pending","FAIL_CLOSED","POLICY_CHAIN=Anne & Bebek > Bebek Beslenme:LEGAL_REVIEW_REQUIRED | Anne & Bebek > Bebek Beslenme > Bebek Sofra Ürünleri & Alıştırma Bardakları:REGULATED; PROFESSIONAL_REVIEW_CHAIN=Anne & Bebek > Bebek Beslenme | Anne & Bebek > Bebek Beslenme > Bebek Sofra Ürünleri & Alıştırma Bardakları","canonical-v1.0.0","No public/pilot activation candidate in the canonical source; this package keeps it staged and fail-closed."
"CANONICAL-000810","e8bb6849-66f6-4819-bb52-9d5b5c824613","Anne & Bebek > Bebek Beslenme > Mama Sandalyeleri","3","YES","YES","YES","POLICY_BLOCKED","NO","NO","NO","REGULATED","FAIL_CLOSED","pending","FAIL_CLOSED","POLICY_CHAIN=Anne & Bebek > Bebek Beslenme:LEGAL_REVIEW_REQUIRED | Anne & Bebek > Bebek Beslenme > Mama Sandalyeleri:REGULATED; PROFESSIONAL_REVIEW_CHAIN=Anne & Bebek > Bebek Beslenme | Anne & Bebek > Bebek Beslenme > Mama Sandalyeleri","canonical-v1.0.0","No public/pilot activation candidate in the canonical source; this package keeps it staged and fail-closed."
"CANONICAL-000811","21b74d47-0ea6-48dc-82e5-29172abc7cbd","Anne & Bebek > Emzirme & Anne Sütü Ürünleri","2","NO","YES","YES","CONTAINER_NOT_ASSIGNABLE","NO","NO","NO","LEGAL_REVIEW_REQUIRED","FAIL_CLOSED","pending","FAIL_CLOSED","POLICY_CHAIN=Anne & Bebek > Emzirme & Anne Sütü Ürünleri:LEGAL_REVIEW_REQUIRED; PROFESSIONAL_REVIEW_CHAIN=Anne & Bebek > Emzirme & Anne Sütü Ürünleri","canonical-v1.0.0","No public/pilot activation candidate in the canonical source; this package keeps it staged and fail-closed."
"CANONICAL-000812","9bb4df50-64aa-4db5-a90f-6dea255c372a","Anne & Bebek > Emzirme & Anne Sütü Ürünleri > Göğüs Pompaları","3","NO","YES","YES","CONTAINER_NOT_ASSIGNABLE","NO","NO","NO","REGULATED","FAIL_CLOSED","pending","FAIL_CLOSED","POLICY_CHAIN=Anne & Bebek > Emzirme & Anne Sütü Ürünleri:LEGAL_REVIEW_REQUIRED | Anne & Bebek > Emzirme & Anne Sütü Ürünleri > Göğüs Pompaları:REGULATED; PROFESSIONAL_REVIEW_CHAIN=Anne & Bebek > Emzirme & Anne Sütü Ürünleri | Anne & Bebek > Emzirme & Anne Sütü Ürünleri > Göğüs Pompaları","canonical-v1.0.0","No public/pilot activation candidate in the canonical source; this package keeps it staged and fail-closed."
"CANONICAL-000813","323ce3b0-c0fc-4473-b4b0-1588e4d49d86","Anne & Bebek > Emzirme & Anne Sütü Ürünleri > Göğüs Pompaları > Manuel Göğüs Pompaları","4","YES","YES","YES","POLICY_BLOCKED","NO","NO","NO","REGULATED","FAIL_CLOSED","pending","FAIL_CLOSED","POLICY_CHAIN=Anne & Bebek > Emzirme & Anne Sütü Ürünleri:LEGAL_REVIEW_REQUIRED | Anne & Bebek > Emzirme & Anne Sütü Ürünleri > Göğüs Pompaları:REGULATED | Anne & Bebek > Emzirme & Anne Sütü Ürünleri > Göğüs Pompaları > Manuel Göğüs Pompaları:REGULATED; PROFESSIONAL_REVIEW_CHAIN=Anne & Bebek > Emzirme & Anne Sütü Ürünleri | Anne & Bebek > Emzirme & Anne Sütü Ürünleri > Göğüs Pompaları | Anne & Bebek > Emzirme & Anne Sütü Ürünleri > Göğüs Pompaları > Manuel Göğüs Pompaları","canonical-v1.0.0","No public/pilot activation candidate in the canonical source; this package keeps it staged and fail-closed."
"CANONICAL-000814","8edd00f3-34db-4291-ab5e-806462125e1b","Anne & Bebek > Emzirme & Anne Sütü Ürünleri > Göğüs Pompaları > Elektrikli Göğüs Pompaları","4","YES","YES","YES","POLICY_BLOCKED","NO","NO","NO","REGULATED","FAIL_CLOSED","pending","FAIL_CLOSED","POLICY_CHAIN=Anne & Bebek > Emzirme & Anne Sütü Ürünleri:LEGAL_REVIEW_REQUIRED | Anne & Bebek > Emzirme & Anne Sütü Ürünleri > Göğüs Pompaları:REGULATED | Anne & Bebek > Emzirme & Anne Sütü Ürünleri > Göğüs Pompaları > Elektrikli Göğüs Pompaları:REGULATED; PROFESSIONAL_REVIEW_CHAIN=Anne & Bebek > Emzirme & Anne Sütü Ürünleri | Anne & Bebek > Emzirme & Anne Sütü Ürünleri > Göğüs Pompaları | Anne & Bebek > Emzirme & Anne Sütü Ürünleri > Göğüs Pompaları > Elektrikli Göğüs Pompaları","canonical-v1.0.0","No public/pilot activation candidate in the canonical source; this package keeps it staged and fail-closed."
"CANONICAL-000815","d6669b66-02d5-4589-99b9-b949e721abda","Anne & Bebek > Emzirme & Anne Sütü Ürünleri > Anne Sütü Saklama Ürünleri","3","YES","YES","YES","POLICY_BLOCKED","NO","NO","NO","REGULATED","FAIL_CLOSED","pending","FAIL_CLOSED","POLICY_CHAIN=Anne & Bebek > Emzirme & Anne Sütü Ürünleri:LEGAL_REVIEW_REQUIRED | Anne & Bebek > Emzirme & Anne Sütü Ürünleri > Anne Sütü Saklama Ürünleri:REGULATED; PROFESSIONAL_REVIEW_CHAIN=Anne & Bebek > Emzirme & Anne Sütü Ürünleri | Anne & Bebek > Emzirme & Anne Sütü Ürünleri > Anne Sütü Saklama Ürünleri","canonical-v1.0.0","No public/pilot activation candidate in the canonical source; this package keeps it staged and fail-closed."
"CANONICAL-000816","0da9f745-b8bc-4a1a-9764-e62dfa42d726","Anne & Bebek > Emzirme & Anne Sütü Ürünleri > Göğüs Pedi & Süt Toplayıcıları","3","YES","YES","YES","POLICY_BLOCKED","NO","NO","NO","REGULATED","FAIL_CLOSED","pending","FAIL_CLOSED","POLICY_CHAIN=Anne & Bebek > Emzirme & Anne Sütü Ürünleri:LEGAL_REVIEW_REQUIRED | Anne & Bebek > Emzirme & Anne Sütü Ürünleri > Göğüs Pedi & Süt Toplayıcıları:REGULATED; PROFESSIONAL_REVIEW_CHAIN=Anne & Bebek > Emzirme & Anne Sütü Ürünleri | Anne & Bebek > Emzirme & Anne Sütü Ürünleri > Göğüs Pedi & Süt Toplayıcıları","canonical-v1.0.0","No public/pilot activation candidate in the canonical source; this package keeps it staged and fail-closed."
"CANONICAL-000817","1d089103-34d5-4860-81fd-e359c4f585eb","Anne & Bebek > Emzirme & Anne Sütü Ürünleri > Emzirme Yastığı & Örtüleri","3","YES","YES","YES","POLICY_BLOCKED","NO","NO","NO","NORMAL","FAIL_CLOSED","pending","FAIL_CLOSED","POLICY_CHAIN=Anne & Bebek > Emzirme & Anne Sütü Ürünleri:LEGAL_REVIEW_REQUIRED; PROFESSIONAL_REVIEW_CHAIN=Anne & Bebek > Emzirme & Anne Sütü Ürünleri | Anne & Bebek > Emzirme & Anne Sütü Ürünleri > Emzirme Yastığı & Örtüleri","canonical-v1.0.0","No public/pilot activation candidate in the canonical source; this package keeps it staged and fail-closed."
"CANONICAL-000818","662c5fa7-4193-47d2-bbf8-fb654b9e0f78","Anne & Bebek > Emzirme & Anne Sütü Ürünleri > Emzirme Bakım Aksesuarları","3","YES","YES","YES","POLICY_BLOCKED","NO","NO","NO","LEGAL_REVIEW_REQUIRED","FAIL_CLOSED","pending","FAIL_CLOSED","POLICY_CHAIN=Anne & Bebek > Emzirme & Anne Sütü Ürünleri:LEGAL_REVIEW_REQUIRED | Anne & Bebek > Emzirme & Anne Sütü Ürünleri > Emzirme Bakım Aksesuarları:LEGAL_REVIEW_REQUIRED; PROFESSIONAL_REVIEW_CHAIN=Anne & Bebek > Emzirme & Anne Sütü Ürünleri | Anne & Bebek > Emzirme & Anne Sütü Ürünleri > Emzirme Bakım Aksesuarları","canonical-v1.0.0","No public/pilot activation candidate in the canonical source; this package keeps it staged and fail-closed."
"CANONICAL-000819","b1149ec7-8c04-4bc7-96d4-b5977b1a3f36","Anne & Bebek > Bebek Bezi & Alt Bakım","2","NO","YES","YES","CONTAINER_NOT_ASSIGNABLE","NO","NO","NO","LEGAL_REVIEW_REQUIRED","FAIL_CLOSED","pending","FAIL_CLOSED","POLICY_CHAIN=Anne & Bebek > Bebek Bezi & Alt Bakım:LEGAL_REVIEW_REQUIRED; PROFESSIONAL_REVIEW_CHAIN=Anne & Bebek > Bebek Bezi & Alt Bakım","canonical-v1.0.0","No public/pilot activation candidate in the canonical source; this package keeps it staged and fail-closed."
"CANONICAL-000820","5b26bbc8-856e-4bc1-86c8-618c833fe2aa","Anne & Bebek > Bebek Bezi & Alt Bakım > Bebek Bezleri","3","NO","YES","YES","CONTAINER_NOT_ASSIGNABLE","NO","NO","NO","REGULATED","FAIL_CLOSED","pending","FAIL_CLOSED","POLICY_CHAIN=Anne & Bebek > Bebek Bezi & Alt Bakım:LEGAL_REVIEW_REQUIRED | Anne & Bebek > Bebek Bezi & Alt Bakım > Bebek Bezleri:REGULATED; PROFESSIONAL_REVIEW_CHAIN=Anne & Bebek > Bebek Bezi & Alt Bakım | Anne & Bebek > Bebek Bezi & Alt Bakım > Bebek Bezleri","canonical-v1.0.0","No public/pilot activation candidate in the canonical source; this package keeps it staged and fail-closed."
"CANONICAL-000821","4b5a86b8-b607-4d6b-946d-ad6bbc847c3d","Anne & Bebek > Bebek Bezi & Alt Bakım > Bebek Bezleri > Tek Kullanımlık Bebek Bezleri","4","YES","YES","YES","POLICY_BLOCKED","NO","NO","NO","REGULATED","FAIL_CLOSED","pending","FAIL_CLOSED","POLICY_CHAIN=Anne & Bebek > Bebek Bezi & Alt Bakım:LEGAL_REVIEW_REQUIRED | Anne & Bebek > Bebek Bezi & Alt Bakım > Bebek Bezleri:REGULATED | Anne & Bebek > Bebek Bezi & Alt Bakım > Bebek Bezleri > Tek Kullanımlık Bebek Bezleri:REGULATED; PROFESSIONAL_REVIEW_CHAIN=Anne & Bebek > Bebek Bezi & Alt Bakım | Anne & Bebek > Bebek Bezi & Alt Bakım > Bebek Bezleri | Anne & Bebek > Bebek Bezi & Alt Bakım > Bebek Bezleri > Tek Kullanımlık Bebek Bezleri","canonical-v1.0.0","No public/pilot activation candidate in the canonical source; this package keeps it staged and fail-closed."
"CANONICAL-000822","921757c2-12d0-4697-bd53-08ed60ecca9e","Anne & Bebek > Bebek Bezi & Alt Bakım > Bebek Bezleri > Yıkanabilir Bebek Bezleri","4","YES","YES","YES","POLICY_BLOCKED","NO","NO","NO","REGULATED","FAIL_CLOSED","pending","FAIL_CLOSED","POLICY_CHAIN=Anne & Bebek > Bebek Bezi & Alt Bakım:LEGAL_REVIEW_REQUIRED | Anne & Bebek > Bebek Bezi & Alt Bakım > Bebek Bezleri:REGULATED | Anne & Bebek > Bebek Bezi & Alt Bakım > Bebek Bezleri > Yıkanabilir Bebek Bezleri:REGULATED; PROFESSIONAL_REVIEW_CHAIN=Anne & Bebek > Bebek Bezi & Alt Bakım | Anne & Bebek > Bebek Bezi & Alt Bakım > Bebek Bezleri | Anne & Bebek > Bebek Bezi & Alt Bakım > Bebek Bezleri > Yıkanabilir Bebek Bezleri","canonical-v1.0.0","No public/pilot activation candidate in the canonical source; this package keeps it staged and fail-closed."
"CANONICAL-000823","fcc15f38-dc93-4273-876b-eebbd93c6d98","Anne & Bebek > Bebek Bezi & Alt Bakım > Bebek Bezleri > Yüzme Bezleri","4","YES","YES","YES","POLICY_BLOCKED","NO","NO","NO","REGULATED","FAIL_CLOSED","pending","FAIL_CLOSED","POLICY_CHAIN=Anne & Bebek > Bebek Bezi & Alt Bakım:LEGAL_REVIEW_REQUIRED | Anne & Bebek > Bebek Bezi & Alt Bakım > Bebek Bezleri:REGULATED | Anne & Bebek > Bebek Bezi & Alt Bakım > Bebek Bezleri > Yüzme Bezleri:REGULATED; PROFESSIONAL_REVIEW_CHAIN=Anne & Bebek > Bebek Bezi & Alt Bakım | Anne & Bebek > Bebek Bezi & Alt Bakım > Bebek Bezleri | Anne & Bebek > Bebek Bezi & Alt Bakım > Bebek Bezleri > Yüzme Bezleri","canonical-v1.0.0","No public/pilot activation candidate in the canonical source; this package keeps it staged and fail-closed."
"CANONICAL-000824","510f7c90-3a54-4684-8735-e381dbe2f15b","Anne & Bebek > Bebek Bezi & Alt Bakım > Alt Değiştirme Pedleri","3","YES","YES","YES","POLICY_BLOCKED","NO","NO","NO","REGULATED","FAIL_CLOSED","pending","FAIL_CLOSED","POLICY_CHAIN=Anne & Bebek > Bebek Bezi & Alt Bakım:LEGAL_REVIEW_REQUIRED | Anne & Bebek > Bebek Bezi & Alt Bakım > Alt Değiştirme Pedleri:REGULATED; PROFESSIONAL_REVIEW_CHAIN=Anne & Bebek > Bebek Bezi & Alt Bakım | Anne & Bebek > Bebek Bezi & Alt Bakım > Alt Değiştirme Pedleri","canonical-v1.0.0","No public/pilot activation candidate in the canonical source; this package keeps it staged and fail-closed."
"CANONICAL-000825","955221ef-f3d7-471e-98b6-91790ffcbe3d","Anne & Bebek > Bebek Bezi & Alt Bakım > Bebek Islak Mendil & Temizleme Ürünleri","3","YES","YES","YES","POLICY_BLOCKED","NO","NO","NO","REGULATED","FAIL_CLOSED","pending","FAIL_CLOSED","POLICY_CHAIN=Anne & Bebek > Bebek Bezi & Alt Bakım:LEGAL_REVIEW_REQUIRED | Anne & Bebek > Bebek Bezi & Alt Bakım > Bebek Islak Mendil & Temizleme Ürünleri:REGULATED; PROFESSIONAL_REVIEW_CHAIN=Anne & Bebek > Bebek Bezi & Alt Bakım | Anne & Bebek > Bebek Bezi & Alt Bakım > Bebek Islak Mendil & Temizleme Ürünleri","canonical-v1.0.0","No public/pilot activation candidate in the canonical source; this package keeps it staged and fail-closed."
"CANONICAL-000826","dc4220ee-70c4-4abe-be42-71bf1819cc72","Anne & Bebek > Bebek Bezi & Alt Bakım > Bez Kovası & Yedekleri","3","YES","YES","YES","POLICY_BLOCKED","NO","NO","NO","NORMAL","FAIL_CLOSED","pending","FAIL_CLOSED","POLICY_CHAIN=Anne & Bebek > Bebek Bezi & Alt Bakım:LEGAL_REVIEW_REQUIRED; PROFESSIONAL_REVIEW_CHAIN=Anne & Bebek > Bebek Bezi & Alt Bakım | Anne & Bebek > Bebek Bezi & Alt Bakım > Bez Kovası & Yedekleri","canonical-v1.0.0","No public/pilot activation candidate in the canonical source; this package keeps it staged and fail-closed."
"CANONICAL-000827","d434605a-608c-47fb-b4f8-bd67880b8102","Anne & Bebek > Bebek Bezi & Alt Bakım > Alt Bakım Koruma Ürünleri","3","YES","YES","YES","POLICY_BLOCKED","NO","NO","NO","LEGAL_REVIEW_REQUIRED","FAIL_CLOSED","pending","FAIL_CLOSED","POLICY_CHAIN=Anne & Bebek > Bebek Bezi & Alt Bakım:LEGAL_REVIEW_REQUIRED | Anne & Bebek > Bebek Bezi & Alt Bakım > Alt Bakım Koruma Ürünleri:LEGAL_REVIEW_REQUIRED; PROFESSIONAL_REVIEW_CHAIN=Anne & Bebek > Bebek Bezi & Alt Bakım | Anne & Bebek > Bebek Bezi & Alt Bakım > Alt Bakım Koruma Ürünleri","canonical-v1.0.0","No public/pilot activation candidate in the canonical source; this package keeps it staged and fail-closed."
"CANONICAL-000828","4ae5044a-ff3a-4681-ad8f-e5d433062b44","Anne & Bebek > Bebek Banyo, Bakım & Hijyen","2","NO","YES","YES","CONTAINER_NOT_ASSIGNABLE","NO","NO","NO","LEGAL_REVIEW_REQUIRED","FAIL_CLOSED","pending","FAIL_CLOSED","POLICY_CHAIN=Anne & Bebek > Bebek Banyo, Bakım & Hijyen:LEGAL_REVIEW_REQUIRED; PROFESSIONAL_REVIEW_CHAIN=Anne & Bebek > Bebek Banyo, Bakım & Hijyen","canonical-v1.0.0","No public/pilot activation candidate in the canonical source; this package keeps it staged and fail-closed."
"CANONICAL-000829","66738ce2-077f-42e9-bb05-fe88da980eb4","Anne & Bebek > Bebek Banyo, Bakım & Hijyen > Bebek Küveti & Banyo Destekleri","3","YES","YES","YES","POLICY_BLOCKED","NO","NO","NO","REGULATED","FAIL_CLOSED","pending","FAIL_CLOSED","POLICY_CHAIN=Anne & Bebek > Bebek Banyo, Bakım & Hijyen:LEGAL_REVIEW_REQUIRED | Anne & Bebek > Bebek Banyo, Bakım & Hijyen > Bebek Küveti & Banyo Destekleri:REGULATED; PROFESSIONAL_REVIEW_CHAIN=Anne & Bebek > Bebek Banyo, Bakım & Hijyen | Anne & Bebek > Bebek Banyo, Bakım & Hijyen > Bebek Küveti & Banyo Destekleri","canonical-v1.0.0","No public/pilot activation candidate in the canonical source; this package keeps it staged and fail-closed."
"CANONICAL-000830","bbcf2a22-6fac-46cb-9707-e3537b09fcfb","Anne & Bebek > Bebek Banyo, Bakım & Hijyen > Bebek Havlusu & Banyo Tekstili","3","YES","YES","YES","POLICY_BLOCKED","NO","NO","NO","NORMAL","FAIL_CLOSED","pending","FAIL_CLOSED","POLICY_CHAIN=Anne & Bebek > Bebek Banyo, Bakım & Hijyen:LEGAL_REVIEW_REQUIRED; PROFESSIONAL_REVIEW_CHAIN=Anne & Bebek > Bebek Banyo, Bakım & Hijyen | Anne & Bebek > Bebek Banyo, Bakım & Hijyen > Bebek Havlusu & Banyo Tekstili","canonical-v1.0.0","No public/pilot activation candidate in the canonical source; this package keeps it staged and fail-closed."
"CANONICAL-000831","6d0b6735-aa25-4918-bc17-5ae221a54a20","Anne & Bebek > Bebek Banyo, Bakım & Hijyen > Bebek Bakım Setleri","3","YES","YES","YES","POLICY_BLOCKED","NO","NO","NO","REGULATED","FAIL_CLOSED","pending","FAIL_CLOSED","POLICY_CHAIN=Anne & Bebek > Bebek Banyo, Bakım & Hijyen:LEGAL_REVIEW_REQUIRED | Anne & Bebek > Bebek Banyo, Bakım & Hijyen > Bebek Bakım Setleri:REGULATED; PROFESSIONAL_REVIEW_CHAIN=Anne & Bebek > Bebek Banyo, Bakım & Hijyen | Anne & Bebek > Bebek Banyo, Bakım & Hijyen > Bebek Bakım Setleri","canonical-v1.0.0","No public/pilot activation candidate in the canonical source; this package keeps it staged and fail-closed."
"CANONICAL-000832","035a834a-7748-4aeb-ab62-c93033300d3c","Anne & Bebek > Bebek Banyo, Bakım & Hijyen > Medikal İddiasız Burun Aspiratörleri","3","YES","YES","YES","POLICY_BLOCKED","NO","NO","NO","LEGAL_REVIEW_REQUIRED","FAIL_CLOSED","pending","FAIL_CLOSED","POLICY_CHAIN=Anne & Bebek > Bebek Banyo, Bakım & Hijyen:LEGAL_REVIEW_REQUIRED | Anne & Bebek > Bebek Banyo, Bakım & Hijyen > Medikal İddiasız Burun Aspiratörleri:LEGAL_REVIEW_REQUIRED; PROFESSIONAL_REVIEW_CHAIN=Anne & Bebek > Bebek Banyo, Bakım & Hijyen | Anne & Bebek > Bebek Banyo, Bakım & Hijyen > Medikal İddiasız Burun Aspiratörleri","canonical-v1.0.0","No public/pilot activation candidate in the canonical source; this package keeps it staged and fail-closed."
"CANONICAL-000833","b0cf3f2d-cac1-46a4-9f02-45b331ff7d09","Anne & Bebek > Bebek Banyo, Bakım & Hijyen > Bebek Hijyen Aksesuarları","3","YES","YES","YES","POLICY_BLOCKED","NO","NO","NO","REGULATED","FAIL_CLOSED","pending","FAIL_CLOSED","POLICY_CHAIN=Anne & Bebek > Bebek Banyo, Bakım & Hijyen:LEGAL_REVIEW_REQUIRED | Anne & Bebek > Bebek Banyo, Bakım & Hijyen > Bebek Hijyen Aksesuarları:REGULATED; PROFESSIONAL_REVIEW_CHAIN=Anne & Bebek > Bebek Banyo, Bakım & Hijyen | Anne & Bebek > Bebek Banyo, Bakım & Hijyen > Bebek Hijyen Aksesuarları","canonical-v1.0.0","No public/pilot activation candidate in the canonical source; this package keeps it staged and fail-closed."
"CANONICAL-000834","e6abd13d-42b0-4f39-9e45-93e28366dee6","Anne & Bebek > Bebek Arabaları & Taşıma","2","NO","YES","YES","CONTAINER_NOT_ASSIGNABLE","NO","NO","NO","REGULATED","FAIL_CLOSED","pending","FAIL_CLOSED","POLICY_CHAIN=Anne & Bebek > Bebek Arabaları & Taşıma:REGULATED; PROFESSIONAL_REVIEW_CHAIN=Anne & Bebek > Bebek Arabaları & Taşıma","canonical-v1.0.0","No public/pilot activation candidate in the canonical source; this package keeps it staged and fail-closed."
"CANONICAL-000835","955f57ea-2632-4aee-8019-988680cb67e0","Anne & Bebek > Bebek Arabaları & Taşıma > Bebek Arabaları","3","NO","YES","YES","CONTAINER_NOT_ASSIGNABLE","NO","NO","NO","REGULATED","FAIL_CLOSED","pending","FAIL_CLOSED","POLICY_CHAIN=Anne & Bebek > Bebek Arabaları & Taşıma:REGULATED | Anne & Bebek > Bebek Arabaları & Taşıma > Bebek Arabaları:REGULATED; PROFESSIONAL_REVIEW_CHAIN=Anne & Bebek > Bebek Arabaları & Taşıma | Anne & Bebek > Bebek Arabaları & Taşıma > Bebek Arabaları","canonical-v1.0.0","No public/pilot activation candidate in the canonical source; this package keeps it staged and fail-closed."
"CANONICAL-000836","4811a696-9015-4d51-9c02-ad67c281c8ed","Anne & Bebek > Bebek Arabaları & Taşıma > Bebek Arabaları > Standart Bebek Arabaları","4","YES","YES","YES","POLICY_BLOCKED","NO","NO","NO","REGULATED","FAIL_CLOSED","pending","FAIL_CLOSED","POLICY_CHAIN=Anne & Bebek > Bebek Arabaları & Taşıma:REGULATED | Anne & Bebek > Bebek Arabaları & Taşıma > Bebek Arabaları:REGULATED | Anne & Bebek > Bebek Arabaları & Taşıma > Bebek Arabaları > Standart Bebek Arabaları:REGULATED; PROFESSIONAL_REVIEW_CHAIN=Anne & Bebek > Bebek Arabaları & Taşıma | Anne & Bebek > Bebek Arabaları & Taşıma > Bebek Arabaları | Anne & Bebek > Bebek Arabaları & Taşıma > Bebek Arabaları > Standart Bebek Arabaları","canonical-v1.0.0","No public/pilot activation candidate in the canonical source; this package keeps it staged and fail-closed."
"CANONICAL-000837","54a9f570-a2ba-4987-8901-f397eb558c6b","Anne & Bebek > Bebek Arabaları & Taşıma > Bebek Arabaları > Hafif & Kabin Tipi Bebek Arabaları","4","YES","YES","YES","POLICY_BLOCKED","NO","NO","NO","REGULATED","FAIL_CLOSED","pending","FAIL_CLOSED","POLICY_CHAIN=Anne & Bebek > Bebek Arabaları & Taşıma:REGULATED | Anne & Bebek > Bebek Arabaları & Taşıma > Bebek Arabaları:REGULATED | Anne & Bebek > Bebek Arabaları & Taşıma > Bebek Arabaları > Hafif & Kabin Tipi Bebek Arabaları:REGULATED; PROFESSIONAL_REVIEW_CHAIN=Anne & Bebek > Bebek Arabaları & Taşıma | Anne & Bebek > Bebek Arabaları & Taşıma > Bebek Arabaları | Anne & Bebek > Bebek Arabaları & Taşıma > Bebek Arabaları > Hafif & Kabin Tipi Bebek Arabaları","canonical-v1.0.0","No public/pilot activation candidate in the canonical source; this package keeps it staged and fail-closed."
"CANONICAL-000838","84060133-53ec-47a9-914a-a1c8c6b69b56","Anne & Bebek > Bebek Arabaları & Taşıma > Bebek Arabaları > İkiz & Çoklu Bebek Arabaları","4","YES","YES","YES","POLICY_BLOCKED","NO","NO","NO","REGULATED","FAIL_CLOSED","pending","FAIL_CLOSED","POLICY_CHAIN=Anne & Bebek > Bebek Arabaları & Taşıma:REGULATED | Anne & Bebek > Bebek Arabaları & Taşıma > Bebek Arabaları:REGULATED | Anne & Bebek > Bebek Arabaları & Taşıma > Bebek Arabaları > İkiz & Çoklu Bebek Arabaları:REGULATED; PROFESSIONAL_REVIEW_CHAIN=Anne & Bebek > Bebek Arabaları & Taşıma | Anne & Bebek > Bebek Arabaları & Taşıma > Bebek Arabaları | Anne & Bebek > Bebek Arabaları & Taşıma > Bebek Arabaları > İkiz & Çoklu Bebek Arabaları","canonical-v1.0.0","No public/pilot activation candidate in the canonical source; this package keeps it staged and fail-closed."
"CANONICAL-000839","97e754c1-aee3-421e-95b5-74b23eaeb784","Anne & Bebek > Bebek Arabaları & Taşıma > Puset & Portbebeler","3","YES","YES","YES","POLICY_BLOCKED","NO","NO","NO","REGULATED","FAIL_CLOSED","pending","FAIL_CLOSED","POLICY_CHAIN=Anne & Bebek > Bebek Arabaları & Taşıma:REGULATED | Anne & Bebek > Bebek Arabaları & Taşıma > Puset & Portbebeler:REGULATED; PROFESSIONAL_REVIEW_CHAIN=Anne & Bebek > Bebek Arabaları & Taşıma | Anne & Bebek > Bebek Arabaları & Taşıma > Puset & Portbebeler","canonical-v1.0.0","No public/pilot activation candidate in the canonical source; this package keeps it staged and fail-closed."
"CANONICAL-000840","b8f268cb-1785-43c6-897f-b01383122590","Anne & Bebek > Bebek Arabaları & Taşıma > Kanguru, Sling & Taşıyıcılar","3","YES","YES","YES","POLICY_BLOCKED","NO","NO","NO","REGULATED","FAIL_CLOSED","pending","FAIL_CLOSED","POLICY_CHAIN=Anne & Bebek > Bebek Arabaları & Taşıma:REGULATED | Anne & Bebek > Bebek Arabaları & Taşıma > Kanguru, Sling & Taşıyıcılar:REGULATED; PROFESSIONAL_REVIEW_CHAIN=Anne & Bebek > Bebek Arabaları & Taşıma | Anne & Bebek > Bebek Arabaları & Taşıma > Kanguru, Sling & Taşıyıcılar","canonical-v1.0.0","No public/pilot activation candidate in the canonical source; this package keeps it staged and fail-closed."
"CANONICAL-000841","85c17b20-f294-44dd-9524-96afcd1b0d1a","Anne & Bebek > Bebek Arabaları & Taşıma > Bebek Arabası Aksesuarları","3","YES","YES","YES","POLICY_BLOCKED","NO","NO","NO","REGULATED","FAIL_CLOSED","pending","FAIL_CLOSED","POLICY_CHAIN=Anne & Bebek > Bebek Arabaları & Taşıma:REGULATED | Anne & Bebek > Bebek Arabaları & Taşıma > Bebek Arabası Aksesuarları:REGULATED; PROFESSIONAL_REVIEW_CHAIN=Anne & Bebek > Bebek Arabaları & Taşıma | Anne & Bebek > Bebek Arabaları & Taşıma > Bebek Arabası Aksesuarları","canonical-v1.0.0","No public/pilot activation candidate in the canonical source; this package keeps it staged and fail-closed."
"CANONICAL-000842","1be236b2-4fa0-4efc-9a45-e02ae841e189","Anne & Bebek > Oto Koltukları & Seyahat Güvenliği","2","NO","YES","YES","CONTAINER_NOT_ASSIGNABLE","NO","NO","NO","REGULATED","FAIL_CLOSED","pending","FAIL_CLOSED","POLICY_CHAIN=Anne & Bebek > Oto Koltukları & Seyahat Güvenliği:REGULATED; PROFESSIONAL_REVIEW_CHAIN=Anne & Bebek > Oto Koltukları & Seyahat Güvenliği","canonical-v1.0.0","No public/pilot activation candidate in the canonical source; this package keeps it staged and fail-closed."
"CANONICAL-000843","609ca515-9d99-410f-93e0-039aa8cf58b1","Anne & Bebek > Oto Koltukları & Seyahat Güvenliği > Bebek & Çocuk Oto Koltukları","3","YES","YES","YES","POLICY_BLOCKED","NO","NO","NO","REGULATED","FAIL_CLOSED","pending","FAIL_CLOSED","POLICY_CHAIN=Anne & Bebek > Oto Koltukları & Seyahat Güvenliği:REGULATED | Anne & Bebek > Oto Koltukları & Seyahat Güvenliği > Bebek & Çocuk Oto Koltukları:REGULATED; PROFESSIONAL_REVIEW_CHAIN=Anne & Bebek > Oto Koltukları & Seyahat Güvenliği | Anne & Bebek > Oto Koltukları & Seyahat Güvenliği > Bebek & Çocuk Oto Koltukları","canonical-v1.0.0","No public/pilot activation candidate in the canonical source; this package keeps it staged and fail-closed."
"CANONICAL-000844","607c1a6d-082d-4635-b278-52a6aa580af7","Anne & Bebek > Oto Koltukları & Seyahat Güvenliği > Yükseltici Koltuklar","3","YES","YES","YES","POLICY_BLOCKED","NO","NO","NO","REGULATED","FAIL_CLOSED","pending","FAIL_CLOSED","POLICY_CHAIN=Anne & Bebek > Oto Koltukları & Seyahat Güvenliği:REGULATED | Anne & Bebek > Oto Koltukları & Seyahat Güvenliği > Yükseltici Koltuklar:REGULATED; PROFESSIONAL_REVIEW_CHAIN=Anne & Bebek > Oto Koltukları & Seyahat Güvenliği | Anne & Bebek > Oto Koltukları & Seyahat Güvenliği > Yükseltici Koltuklar","canonical-v1.0.0","No public/pilot activation candidate in the canonical source; this package keeps it staged and fail-closed."
"CANONICAL-000845","b024cd22-943d-4c2e-a0f8-9489e7086ea4","Anne & Bebek > Oto Koltukları & Seyahat Güvenliği > Oto Koltuğu Bazası & Adaptörleri","3","YES","YES","YES","POLICY_BLOCKED","NO","NO","NO","REGULATED","FAIL_CLOSED","pending","FAIL_CLOSED","POLICY_CHAIN=Anne & Bebek > Oto Koltukları & Seyahat Güvenliği:REGULATED | Anne & Bebek > Oto Koltukları & Seyahat Güvenliği > Oto Koltuğu Bazası & Adaptörleri:REGULATED; PROFESSIONAL_REVIEW_CHAIN=Anne & Bebek > Oto Koltukları & Seyahat Güvenliği | Anne & Bebek > Oto Koltukları & Seyahat Güvenliği > Oto Koltuğu Bazası & Adaptörleri","canonical-v1.0.0","No public/pilot activation candidate in the canonical source; this package keeps it staged and fail-closed."
"CANONICAL-000846","032976ad-825c-4c0f-a05a-a7f1ef04ac7c","Anne & Bebek > Oto Koltukları & Seyahat Güvenliği > Çocuk Seyahat Güvenlik Aksesuarları","3","YES","YES","YES","POLICY_BLOCKED","NO","NO","NO","REGULATED","FAIL_CLOSED","pending","FAIL_CLOSED","POLICY_CHAIN=Anne & Bebek > Oto Koltukları & Seyahat Güvenliği:REGULATED | Anne & Bebek > Oto Koltukları & Seyahat Güvenliği > Çocuk Seyahat Güvenlik Aksesuarları:REGULATED; PROFESSIONAL_REVIEW_CHAIN=Anne & Bebek > Oto Koltukları & Seyahat Güvenliği | Anne & Bebek > Oto Koltukları & Seyahat Güvenliği > Çocuk Seyahat Güvenlik Aksesuarları","canonical-v1.0.0","No public/pilot activation candidate in the canonical source; this package keeps it staged and fail-closed."
"CANONICAL-000847","dd375558-266c-4f5d-972f-1edc89cd3e00","Anne & Bebek > Bebek Odası & Uyku","2","NO","YES","YES","CONTAINER_NOT_ASSIGNABLE","NO","NO","NO","REGULATED","FAIL_CLOSED","pending","FAIL_CLOSED","POLICY_CHAIN=Anne & Bebek > Bebek Odası & Uyku:REGULATED; PROFESSIONAL_REVIEW_CHAIN=Anne & Bebek > Bebek Odası & Uyku","canonical-v1.0.0","No public/pilot activation candidate in the canonical source; this package keeps it staged and fail-closed."
"CANONICAL-000848","0914830b-1917-4169-a7dc-61fdc79c4a18","Anne & Bebek > Bebek Odası & Uyku > Beşik & Bebek Karyolaları","3","NO","YES","YES","CONTAINER_NOT_ASSIGNABLE","NO","NO","NO","REGULATED","FAIL_CLOSED","pending","FAIL_CLOSED","POLICY_CHAIN=Anne & Bebek > Bebek Odası & Uyku:REGULATED | Anne & Bebek > Bebek Odası & Uyku > Beşik & Bebek Karyolaları:REGULATED; PROFESSIONAL_REVIEW_CHAIN=Anne & Bebek > Bebek Odası & Uyku | Anne & Bebek > Bebek Odası & Uyku > Beşik & Bebek Karyolaları","canonical-v1.0.0","No public/pilot activation candidate in the canonical source; this package keeps it staged and fail-closed."
"CANONICAL-000849","bb68b889-3e47-49b7-962a-d655848e5c46","Anne & Bebek > Bebek Odası & Uyku > Beşik & Bebek Karyolaları > Beşikler","4","YES","YES","YES","POLICY_BLOCKED","NO","NO","NO","REGULATED","FAIL_CLOSED","pending","FAIL_CLOSED","POLICY_CHAIN=Anne & Bebek > Bebek Odası & Uyku:REGULATED | Anne & Bebek > Bebek Odası & Uyku > Beşik & Bebek Karyolaları:REGULATED | Anne & Bebek > Bebek Odası & Uyku > Beşik & Bebek Karyolaları > Beşikler:REGULATED; PROFESSIONAL_REVIEW_CHAIN=Anne & Bebek > Bebek Odası & Uyku | Anne & Bebek > Bebek Odası & Uyku > Beşik & Bebek Karyolaları | Anne & Bebek > Bebek Odası & Uyku > Beşik & Bebek Karyolaları > Beşikler","canonical-v1.0.0","No public/pilot activation candidate in the canonical source; this package keeps it staged and fail-closed."
"CANONICAL-000850","cb729693-7a5c-4455-b0b3-e1c51f379ad3","Anne & Bebek > Bebek Odası & Uyku > Beşik & Bebek Karyolaları > Bebek Karyolaları & Anne Yanı Yataklar","4","YES","YES","YES","POLICY_BLOCKED","NO","NO","NO","REGULATED","FAIL_CLOSED","pending","FAIL_CLOSED","POLICY_CHAIN=Anne & Bebek > Bebek Odası & Uyku:REGULATED | Anne & Bebek > Bebek Odası & Uyku > Beşik & Bebek Karyolaları:REGULATED | Anne & Bebek > Bebek Odası & Uyku > Beşik & Bebek Karyolaları > Bebek Karyolaları & Anne Yanı Yataklar:REGULATED; PROFESSIONAL_REVIEW_CHAIN=Anne & Bebek > Bebek Odası & Uyku | Anne & Bebek > Bebek Odası & Uyku > Beşik & Bebek Karyolaları | Anne & Bebek > Bebek Odası & Uyku > Beşik & Bebek Karyolaları > Bebek Karyolaları & Anne Yanı Yataklar","canonical-v1.0.0","No public/pilot activation candidate in the canonical source; this package keeps it staged and fail-closed."
"CANONICAL-000851","5d1ca175-2c95-4341-9b17-09ac6cfbcc56","Anne & Bebek > Bebek Odası & Uyku > Park Yataklar","3","YES","YES","YES","POLICY_BLOCKED","NO","NO","NO","REGULATED","FAIL_CLOSED","pending","FAIL_CLOSED","POLICY_CHAIN=Anne & Bebek > Bebek Odası & Uyku:REGULATED | Anne & Bebek > Bebek Odası & Uyku > Park Yataklar:REGULATED; PROFESSIONAL_REVIEW_CHAIN=Anne & Bebek > Bebek Odası & Uyku | Anne & Bebek > Bebek Odası & Uyku > Park Yataklar","canonical-v1.0.0","No public/pilot activation candidate in the canonical source; this package keeps it staged and fail-closed."
"CANONICAL-000852","04611d6b-89e7-4909-bbc9-0396d7823eaf","Anne & Bebek > Bebek Odası & Uyku > Bebek Yatakları","3","YES","YES","YES","POLICY_BLOCKED","NO","NO","NO","REGULATED","FAIL_CLOSED","pending","FAIL_CLOSED","POLICY_CHAIN=Anne & Bebek > Bebek Odası & Uyku:REGULATED | Anne & Bebek > Bebek Odası & Uyku > Bebek Yatakları:REGULATED; PROFESSIONAL_REVIEW_CHAIN=Anne & Bebek > Bebek Odası & Uyku | Anne & Bebek > Bebek Odası & Uyku > Bebek Yatakları","canonical-v1.0.0","No public/pilot activation candidate in the canonical source; this package keeps it staged and fail-closed."
"CANONICAL-000853","9b822bed-360c-4b2b-8eb9-9f0a80934160","Anne & Bebek > Bebek Odası & Uyku > Bebek Uyku Tekstili & Uyku Tulumları","3","YES","YES","YES","POLICY_BLOCKED","NO","NO","NO","REGULATED","FAIL_CLOSED","pending","FAIL_CLOSED","POLICY_CHAIN=Anne & Bebek > Bebek Odası & Uyku:REGULATED | Anne & Bebek > Bebek Odası & Uyku > Bebek Uyku Tekstili & Uyku Tulumları:REGULATED; PROFESSIONAL_REVIEW_CHAIN=Anne & Bebek > Bebek Odası & Uyku | Anne & Bebek > Bebek Odası & Uyku > Bebek Uyku Tekstili & Uyku Tulumları","canonical-v1.0.0","No public/pilot activation candidate in the canonical source; this package keeps it staged and fail-closed."
"CANONICAL-000854","8ecf367b-be03-4658-bda4-d23e285a41ba","Anne & Bebek > Bebek Odası & Uyku > Alt Değiştirme Mobilyaları","3","YES","YES","YES","POLICY_BLOCKED","NO","NO","NO","REGULATED","FAIL_CLOSED","pending","FAIL_CLOSED","POLICY_CHAIN=Anne & Bebek > Bebek Odası & Uyku:REGULATED | Anne & Bebek > Bebek Odası & Uyku > Alt Değiştirme Mobilyaları:REGULATED; PROFESSIONAL_REVIEW_CHAIN=Anne & Bebek > Bebek Odası & Uyku | Anne & Bebek > Bebek Odası & Uyku > Alt Değiştirme Mobilyaları","canonical-v1.0.0","No public/pilot activation candidate in the canonical source; this package keeps it staged and fail-closed."
"CANONICAL-000855","1d79303d-57fb-4166-a8f5-3e74015865cc","Anne & Bebek > Bebek Güvenlik & Ev İçi Koruma","2","NO","YES","YES","CONTAINER_NOT_ASSIGNABLE","NO","NO","NO","REGULATED","FAIL_CLOSED","pending","FAIL_CLOSED","POLICY_CHAIN=Anne & Bebek > Bebek Güvenlik & Ev İçi Koruma:REGULATED; PROFESSIONAL_REVIEW_CHAIN=Anne & Bebek > Bebek Güvenlik & Ev İçi Koruma","canonical-v1.0.0","No public/pilot activation candidate in the canonical source; this package keeps it staged and fail-closed."
"CANONICAL-000856","ce7f2f7d-4acb-4707-bdc1-162e468c2ce9","Anne & Bebek > Bebek Güvenlik & Ev İçi Koruma > Bebek Güvenlik Kapıları","3","YES","YES","YES","POLICY_BLOCKED","NO","NO","NO","REGULATED","FAIL_CLOSED","pending","FAIL_CLOSED","POLICY_CHAIN=Anne & Bebek > Bebek Güvenlik & Ev İçi Koruma:REGULATED | Anne & Bebek > Bebek Güvenlik & Ev İçi Koruma > Bebek Güvenlik Kapıları:REGULATED; PROFESSIONAL_REVIEW_CHAIN=Anne & Bebek > Bebek Güvenlik & Ev İçi Koruma | Anne & Bebek > Bebek Güvenlik & Ev İçi Koruma > Bebek Güvenlik Kapıları","canonical-v1.0.0","No public/pilot activation candidate in the canonical source; this package keeps it staged and fail-closed."
"CANONICAL-000857","33616b42-be12-4bf9-b4c8-8b308ecc4d5c","Anne & Bebek > Bebek Güvenlik & Ev İçi Koruma > Dolap & Çekmece Kilitleri","3","YES","YES","YES","POLICY_BLOCKED","NO","NO","NO","REGULATED","FAIL_CLOSED","pending","FAIL_CLOSED","POLICY_CHAIN=Anne & Bebek > Bebek Güvenlik & Ev İçi Koruma:REGULATED | Anne & Bebek > Bebek Güvenlik & Ev İçi Koruma > Dolap & Çekmece Kilitleri:REGULATED; PROFESSIONAL_REVIEW_CHAIN=Anne & Bebek > Bebek Güvenlik & Ev İçi Koruma | Anne & Bebek > Bebek Güvenlik & Ev İçi Koruma > Dolap & Çekmece Kilitleri","canonical-v1.0.0","No public/pilot activation candidate in the canonical source; this package keeps it staged and fail-closed."
"CANONICAL-000858","ba26c725-0ef3-41e9-a6e0-8784eaacbeeb","Anne & Bebek > Bebek Güvenlik & Ev İçi Koruma > Köşe & Kenar Koruyucuları","3","YES","YES","YES","POLICY_BLOCKED","NO","NO","NO","REGULATED","FAIL_CLOSED","pending","FAIL_CLOSED","POLICY_CHAIN=Anne & Bebek > Bebek Güvenlik & Ev İçi Koruma:REGULATED | Anne & Bebek > Bebek Güvenlik & Ev İçi Koruma > Köşe & Kenar Koruyucuları:REGULATED; PROFESSIONAL_REVIEW_CHAIN=Anne & Bebek > Bebek Güvenlik & Ev İçi Koruma | Anne & Bebek > Bebek Güvenlik & Ev İçi Koruma > Köşe & Kenar Koruyucuları","canonical-v1.0.0","No public/pilot activation candidate in the canonical source; this package keeps it staged and fail-closed."
"CANONICAL-000859","b3868f65-b876-4465-8b31-18e892e6aed5","Anne & Bebek > Bebek Güvenlik & Ev İçi Koruma > Priz Koruyucuları","3","YES","YES","YES","POLICY_BLOCKED","NO","NO","NO","REGULATED","FAIL_CLOSED","pending","FAIL_CLOSED","POLICY_CHAIN=Anne & Bebek > Bebek Güvenlik & Ev İçi Koruma:REGULATED | Anne & Bebek > Bebek Güvenlik & Ev İçi Koruma > Priz Koruyucuları:REGULATED; PROFESSIONAL_REVIEW_CHAIN=Anne & Bebek > Bebek Güvenlik & Ev İçi Koruma | Anne & Bebek > Bebek Güvenlik & Ev İçi Koruma > Priz Koruyucuları","canonical-v1.0.0","No public/pilot activation candidate in the canonical source; this package keeps it staged and fail-closed."
"CANONICAL-000860","ee3f3ffd-e749-4d43-a85c-2ff11ef5f03c","Anne & Bebek > Bebek Güvenlik & Ev İçi Koruma > Yatak Bariyerleri","3","YES","YES","YES","POLICY_BLOCKED","NO","NO","NO","REGULATED","FAIL_CLOSED","pending","FAIL_CLOSED","POLICY_CHAIN=Anne & Bebek > Bebek Güvenlik & Ev İçi Koruma:REGULATED | Anne & Bebek > Bebek Güvenlik & Ev İçi Koruma > Yatak Bariyerleri:REGULATED; PROFESSIONAL_REVIEW_CHAIN=Anne & Bebek > Bebek Güvenlik & Ev İçi Koruma | Anne & Bebek > Bebek Güvenlik & Ev İçi Koruma > Yatak Bariyerleri","canonical-v1.0.0","No public/pilot activation candidate in the canonical source; this package keeps it staged and fail-closed."
"CANONICAL-000861","919809f1-fa85-4bdb-bf96-16b844b25c1c","Anne & Bebek > Hamilelik & Lohusalık Ürünleri","2","NO","YES","YES","CONTAINER_NOT_ASSIGNABLE","NO","NO","NO","LEGAL_REVIEW_REQUIRED","FAIL_CLOSED","pending","FAIL_CLOSED","POLICY_CHAIN=Anne & Bebek > Hamilelik & Lohusalık Ürünleri:LEGAL_REVIEW_REQUIRED; PROFESSIONAL_REVIEW_CHAIN=Anne & Bebek > Hamilelik & Lohusalık Ürünleri","canonical-v1.0.0","No public/pilot activation candidate in the canonical source; this package keeps it staged and fail-closed."
"CANONICAL-000862","0d8c99fe-8d1d-4d83-a554-0e03772b853a","Anne & Bebek > Hamilelik & Lohusalık Ürünleri > Hamile Destek Yastıkları","3","YES","YES","YES","POLICY_BLOCKED","NO","NO","NO","NORMAL","FAIL_CLOSED","pending","FAIL_CLOSED","POLICY_CHAIN=Anne & Bebek > Hamilelik & Lohusalık Ürünleri:LEGAL_REVIEW_REQUIRED; PROFESSIONAL_REVIEW_CHAIN=Anne & Bebek > Hamilelik & Lohusalık Ürünleri | Anne & Bebek > Hamilelik & Lohusalık Ürünleri > Hamile Destek Yastıkları","canonical-v1.0.0","No public/pilot activation candidate in the canonical source; this package keeps it staged and fail-closed."
"CANONICAL-000863","f12041a3-f7b6-4dc6-8c59-67b88f9e1f69","Anne & Bebek > Hamilelik & Lohusalık Ürünleri > Medikal İddiasız Hamile Destekleri","3","YES","YES","YES","POLICY_BLOCKED","NO","NO","NO","LEGAL_REVIEW_REQUIRED","FAIL_CLOSED","pending","FAIL_CLOSED","POLICY_CHAIN=Anne & Bebek > Hamilelik & Lohusalık Ürünleri:LEGAL_REVIEW_REQUIRED | Anne & Bebek > Hamilelik & Lohusalık Ürünleri > Medikal İddiasız Hamile Destekleri:LEGAL_REVIEW_REQUIRED; PROFESSIONAL_REVIEW_CHAIN=Anne & Bebek > Hamilelik & Lohusalık Ürünleri | Anne & Bebek > Hamilelik & Lohusalık Ürünleri > Medikal İddiasız Hamile Destekleri","canonical-v1.0.0","No public/pilot activation candidate in the canonical source; this package keeps it staged and fail-closed."
"CANONICAL-000864","4cd6834c-c423-4bfd-b9e2-6d03f296173f","Anne & Bebek > Hamilelik & Lohusalık Ürünleri > Lohusa Pedleri","3","YES","YES","YES","POLICY_BLOCKED","NO","NO","NO","REGULATED","FAIL_CLOSED","pending","FAIL_CLOSED","POLICY_CHAIN=Anne & Bebek > Hamilelik & Lohusalık Ürünleri:LEGAL_REVIEW_REQUIRED | Anne & Bebek > Hamilelik & Lohusalık Ürünleri > Lohusa Pedleri:REGULATED; PROFESSIONAL_REVIEW_CHAIN=Anne & Bebek > Hamilelik & Lohusalık Ürünleri | Anne & Bebek > Hamilelik & Lohusalık Ürünleri > Lohusa Pedleri","canonical-v1.0.0","No public/pilot activation candidate in the canonical source; this package keeps it staged and fail-closed."
"CANONICAL-000865","c76d635d-ddcb-4b69-9699-33f3494c4b6c","Anne & Bebek > Hamilelik & Lohusalık Ürünleri > Lohusalık Bakım Aksesuarları","3","YES","YES","YES","POLICY_BLOCKED","NO","NO","NO","LEGAL_REVIEW_REQUIRED","FAIL_CLOSED","pending","FAIL_CLOSED","POLICY_CHAIN=Anne & Bebek > Hamilelik & Lohusalık Ürünleri:LEGAL_REVIEW_REQUIRED | Anne & Bebek > Hamilelik & Lohusalık Ürünleri > Lohusalık Bakım Aksesuarları:LEGAL_REVIEW_REQUIRED; PROFESSIONAL_REVIEW_CHAIN=Anne & Bebek > Hamilelik & Lohusalık Ürünleri | Anne & Bebek > Hamilelik & Lohusalık Ürünleri > Lohusalık Bakım Aksesuarları","canonical-v1.0.0","No public/pilot activation candidate in the canonical source; this package keeps it staged and fail-closed."
"CANONICAL-000866","52adad9e-8fcf-48e0-9418-33ee5d51abc4","Oyuncak & Hobi","1","NO","YES","YES","CONTAINER_NOT_ASSIGNABLE","NO","NO","NO","NORMAL","PASS","not_required","PASS","STRUCTURAL_CONTAINER","canonical-v1.0.0","No public/pilot activation candidate in the canonical source; this package keeps it staged and fail-closed."
"CANONICAL-000867","8057bf86-480f-4345-80b0-f5f9dd702ae8","Oyuncak & Hobi > Bebek & Okul Öncesi Oyuncaklar","2","NO","YES","YES","CONTAINER_NOT_ASSIGNABLE","NO","NO","NO","REGULATED","FAIL_CLOSED","pending","FAIL_CLOSED","POLICY_CHAIN=Oyuncak & Hobi > Bebek & Okul Öncesi Oyuncaklar:REGULATED; PROFESSIONAL_REVIEW_CHAIN=Oyuncak & Hobi > Bebek & Okul Öncesi Oyuncaklar","canonical-v1.0.0","No public/pilot activation candidate in the canonical source; this package keeps it staged and fail-closed."
"CANONICAL-000868","b35a860e-58f8-41b4-8236-4ebe77dd9a29","Oyuncak & Hobi > Bebek & Okul Öncesi Oyuncaklar > Çıngırak & Diş Kaşıma Oyuncakları","3","YES","YES","YES","POLICY_BLOCKED","NO","NO","NO","REGULATED","FAIL_CLOSED","pending","FAIL_CLOSED","POLICY_CHAIN=Oyuncak & Hobi > Bebek & Okul Öncesi Oyuncaklar:REGULATED | Oyuncak & Hobi > Bebek & Okul Öncesi Oyuncaklar > Çıngırak & Diş Kaşıma Oyuncakları:REGULATED; PROFESSIONAL_REVIEW_CHAIN=Oyuncak & Hobi > Bebek & Okul Öncesi Oyuncaklar | Oyuncak & Hobi > Bebek & Okul Öncesi Oyuncaklar > Çıngırak & Diş Kaşıma Oyuncakları","canonical-v1.0.0","No public/pilot activation candidate in the canonical source; this package keeps it staged and fail-closed."
"CANONICAL-000869","232619ae-0b93-4501-998f-40902f190176","Oyuncak & Hobi > Bebek & Okul Öncesi Oyuncaklar > Duyusal Oyuncaklar","3","YES","YES","YES","POLICY_BLOCKED","NO","NO","NO","REGULATED","FAIL_CLOSED","pending","FAIL_CLOSED","POLICY_CHAIN=Oyuncak & Hobi > Bebek & Okul Öncesi Oyuncaklar:REGULATED | Oyuncak & Hobi > Bebek & Okul Öncesi Oyuncaklar > Duyusal Oyuncaklar:REGULATED; PROFESSIONAL_REVIEW_CHAIN=Oyuncak & Hobi > Bebek & Okul Öncesi Oyuncaklar | Oyuncak & Hobi > Bebek & Okul Öncesi Oyuncaklar > Duyusal Oyuncaklar","canonical-v1.0.0","No public/pilot activation candidate in the canonical source; this package keeps it staged and fail-closed."
"CANONICAL-000870","188c830d-c187-4c7f-a4ae-d6ece75a1ea8","Oyuncak & Hobi > Bebek & Okul Öncesi Oyuncaklar > Aktivite Merkezi & Oyun Halıları","3","YES","YES","YES","POLICY_BLOCKED","NO","NO","NO","REGULATED","FAIL_CLOSED","pending","FAIL_CLOSED","POLICY_CHAIN=Oyuncak & Hobi > Bebek & Okul Öncesi Oyuncaklar:REGULATED | Oyuncak & Hobi > Bebek & Okul Öncesi Oyuncaklar > Aktivite Merkezi & Oyun Halıları:REGULATED; PROFESSIONAL_REVIEW_CHAIN=Oyuncak & Hobi > Bebek & Okul Öncesi Oyuncaklar | Oyuncak & Hobi > Bebek & Okul Öncesi Oyuncaklar > Aktivite Merkezi & Oyun Halıları","canonical-v1.0.0","No public/pilot activation candidate in the canonical source; this package keeps it staged and fail-closed."
"CANONICAL-000871","a0496999-3dc2-469d-8cd3-1d6c5f849bcc","Oyuncak & Hobi > Bebek & Okul Öncesi Oyuncaklar > Dizme, Sıralama & Eşleştirme Oyuncakları","3","YES","YES","YES","POLICY_BLOCKED","NO","NO","NO","REGULATED","FAIL_CLOSED","pending","FAIL_CLOSED","POLICY_CHAIN=Oyuncak & Hobi > Bebek & Okul Öncesi Oyuncaklar:REGULATED | Oyuncak & Hobi > Bebek & Okul Öncesi Oyuncaklar > Dizme, Sıralama & Eşleştirme Oyuncakları:REGULATED; PROFESSIONAL_REVIEW_CHAIN=Oyuncak & Hobi > Bebek & Okul Öncesi Oyuncaklar | Oyuncak & Hobi > Bebek & Okul Öncesi Oyuncaklar > Dizme, Sıralama & Eşleştirme Oyuncakları","canonical-v1.0.0","No public/pilot activation candidate in the canonical source; this package keeps it staged and fail-closed."
"CANONICAL-000872","3a486912-1f63-4e16-9c9e-44dd7080fca6","Oyuncak & Hobi > Bebek & Okul Öncesi Oyuncaklar > İtme & Çekme Oyuncakları","3","YES","YES","YES","POLICY_BLOCKED","NO","NO","NO","REGULATED","FAIL_CLOSED","pending","FAIL_CLOSED","POLICY_CHAIN=Oyuncak & Hobi > Bebek & Okul Öncesi Oyuncaklar:REGULATED | Oyuncak & Hobi > Bebek & Okul Öncesi Oyuncaklar > İtme & Çekme Oyuncakları:REGULATED; PROFESSIONAL_REVIEW_CHAIN=Oyuncak & Hobi > Bebek & Okul Öncesi Oyuncaklar | Oyuncak & Hobi > Bebek & Okul Öncesi Oyuncaklar > İtme & Çekme Oyuncakları","canonical-v1.0.0","No public/pilot activation candidate in the canonical source; this package keeps it staged and fail-closed."
"CANONICAL-000873","0ec5f418-0e22-497b-af90-557a63272625","Oyuncak & Hobi > Eğitici, Bilim & Keşif Oyuncakları","2","NO","YES","YES","CONTAINER_NOT_ASSIGNABLE","NO","NO","NO","LEGAL_REVIEW_REQUIRED","FAIL_CLOSED","pending","FAIL_CLOSED","POLICY_CHAIN=Oyuncak & Hobi > Eğitici, Bilim & Keşif Oyuncakları:LEGAL_REVIEW_REQUIRED; PROFESSIONAL_REVIEW_CHAIN=Oyuncak & Hobi > Eğitici, Bilim & Keşif Oyuncakları","canonical-v1.0.0","No public/pilot activation candidate in the canonical source; this package keeps it staged and fail-closed."
"CANONICAL-000874","468fcc98-d57b-4701-b371-aa9e3fe44e24","Oyuncak & Hobi > Eğitici, Bilim & Keşif Oyuncakları > Bilim & Deney Setleri","3","NO","YES","YES","CONTAINER_NOT_ASSIGNABLE","NO","NO","NO","LEGAL_REVIEW_REQUIRED","FAIL_CLOSED","pending","FAIL_CLOSED","POLICY_CHAIN=Oyuncak & Hobi > Eğitici, Bilim & Keşif Oyuncakları:LEGAL_REVIEW_REQUIRED | Oyuncak & Hobi > Eğitici, Bilim & Keşif Oyuncakları > Bilim & Deney Setleri:LEGAL_REVIEW_REQUIRED; PROFESSIONAL_REVIEW_CHAIN=Oyuncak & Hobi > Eğitici, Bilim & Keşif Oyuncakları | Oyuncak & Hobi > Eğitici, Bilim & Keşif Oyuncakları > Bilim & Deney Setleri","canonical-v1.0.0","No public/pilot activation candidate in the canonical source; this package keeps it staged and fail-closed."
"CANONICAL-000875","c76322b2-38d6-40bf-8fba-4c6b243a9fd1","Oyuncak & Hobi > Eğitici, Bilim & Keşif Oyuncakları > Bilim & Deney Setleri > Kimya & Malzeme Deney Setleri","4","YES","YES","YES","POLICY_BLOCKED","NO","NO","NO","LEGAL_REVIEW_REQUIRED","FAIL_CLOSED","pending","FAIL_CLOSED","POLICY_CHAIN=Oyuncak & Hobi > Eğitici, Bilim & Keşif Oyuncakları:LEGAL_REVIEW_REQUIRED | Oyuncak & Hobi > Eğitici, Bilim & Keşif Oyuncakları > Bilim & Deney Setleri:LEGAL_REVIEW_REQUIRED | Oyuncak & Hobi > Eğitici, Bilim & Keşif Oyuncakları > Bilim & Deney Setleri > Kimya & Malzeme Deney Setleri:LEGAL_REVIEW_REQUIRED; PROFESSIONAL_REVIEW_CHAIN=Oyuncak & Hobi > Eğitici, Bilim & Keşif Oyuncakları | Oyuncak & Hobi > Eğitici, Bilim & Keşif Oyuncakları > Bilim & Deney Setleri | Oyuncak & Hobi > Eğitici, Bilim & Keşif Oyuncakları > Bilim & Deney Setleri > Kimya & Malzeme Deney Setleri","canonical-v1.0.0","No public/pilot activation candidate in the canonical source; this package keeps it staged and fail-closed."
"CANONICAL-000876","b7f21734-a517-4090-be90-8621619d82e5","Oyuncak & Hobi > Eğitici, Bilim & Keşif Oyuncakları > Bilim & Deney Setleri > Fizik & Elektronik Deney Setleri","4","YES","YES","YES","POLICY_BLOCKED","NO","NO","NO","REGULATED","FAIL_CLOSED","pending","FAIL_CLOSED","POLICY_CHAIN=Oyuncak & Hobi > Eğitici, Bilim & Keşif Oyuncakları:LEGAL_REVIEW_REQUIRED | Oyuncak & Hobi > Eğitici, Bilim & Keşif Oyuncakları > Bilim & Deney Setleri:LEGAL_REVIEW_REQUIRED | Oyuncak & Hobi > Eğitici, Bilim & Keşif Oyuncakları > Bilim & Deney Setleri > Fizik & Elektronik Deney Setleri:REGULATED; PROFESSIONAL_REVIEW_CHAIN=Oyuncak & Hobi > Eğitici, Bilim & Keşif Oyuncakları | Oyuncak & Hobi > Eğitici, Bilim & Keşif Oyuncakları > Bilim & Deney Setleri | Oyuncak & Hobi > Eğitici, Bilim & Keşif Oyuncakları > Bilim & Deney Setleri > Fizik & Elektronik Deney Setleri","canonical-v1.0.0","No public/pilot activation candidate in the canonical source; this package keeps it staged and fail-closed."
"CANONICAL-000877","db3bc1cd-b1b3-4056-9959-ed85927fe50a","Oyuncak & Hobi > Eğitici, Bilim & Keşif Oyuncakları > Bilim & Deney Setleri > Doğa & Keşif Setleri","4","YES","YES","YES","POLICY_BLOCKED","NO","NO","NO","REGULATED","FAIL_CLOSED","pending","FAIL_CLOSED","POLICY_CHAIN=Oyuncak & Hobi > Eğitici, Bilim & Keşif Oyuncakları:LEGAL_REVIEW_REQUIRED | Oyuncak & Hobi > Eğitici, Bilim & Keşif Oyuncakları > Bilim & Deney Setleri:LEGAL_REVIEW_REQUIRED | Oyuncak & Hobi > Eğitici, Bilim & Keşif Oyuncakları > Bilim & Deney Setleri > Doğa & Keşif Setleri:REGULATED; PROFESSIONAL_REVIEW_CHAIN=Oyuncak & Hobi > Eğitici, Bilim & Keşif Oyuncakları | Oyuncak & Hobi > Eğitici, Bilim & Keşif Oyuncakları > Bilim & Deney Setleri | Oyuncak & Hobi > Eğitici, Bilim & Keşif Oyuncakları > Bilim & Deney Setleri > Doğa & Keşif Setleri","canonical-v1.0.0","No public/pilot activation candidate in the canonical source; this package keeps it staged and fail-closed."
"CANONICAL-000878","c3fd72c8-ecad-4d81-9520-b82c10720fb8","Oyuncak & Hobi > Eğitici, Bilim & Keşif Oyuncakları > Kodlama & Robotik Oyuncakları","3","YES","YES","YES","POLICY_BLOCKED","NO","NO","NO","REGULATED","FAIL_CLOSED","pending","FAIL_CLOSED","POLICY_CHAIN=Oyuncak & Hobi > Eğitici, Bilim & Keşif Oyuncakları:LEGAL_REVIEW_REQUIRED | Oyuncak & Hobi > Eğitici, Bilim & Keşif Oyuncakları > Kodlama & Robotik Oyuncakları:REGULATED; PROFESSIONAL_REVIEW_CHAIN=Oyuncak & Hobi > Eğitici, Bilim & Keşif Oyuncakları | Oyuncak & Hobi > Eğitici, Bilim & Keşif Oyuncakları > Kodlama & Robotik Oyuncakları","canonical-v1.0.0","No public/pilot activation candidate in the canonical source; this package keeps it staged and fail-closed."
"CANONICAL-000879","ac307b5c-0ce7-480d-9277-cac111b8263c","Oyuncak & Hobi > Eğitici, Bilim & Keşif Oyuncakları > Çocuk Mikroskobu & Teleskobu","3","YES","YES","YES","POLICY_BLOCKED","NO","NO","NO","REGULATED","FAIL_CLOSED","pending","FAIL_CLOSED","POLICY_CHAIN=Oyuncak & Hobi > Eğitici, Bilim & Keşif Oyuncakları:LEGAL_REVIEW_REQUIRED | Oyuncak & Hobi > Eğitici, Bilim & Keşif Oyuncakları > Çocuk Mikroskobu & Teleskobu:REGULATED; PROFESSIONAL_REVIEW_CHAIN=Oyuncak & Hobi > Eğitici, Bilim & Keşif Oyuncakları | Oyuncak & Hobi > Eğitici, Bilim & Keşif Oyuncakları > Çocuk Mikroskobu & Teleskobu","canonical-v1.0.0","No public/pilot activation candidate in the canonical source; this package keeps it staged and fail-closed."
"CANONICAL-000880","922caab3-c6d0-475a-8c48-1db83dfbfdd5","Oyuncak & Hobi > Eğitici, Bilim & Keşif Oyuncakları > Dil, Matematik & Öğrenme Oyuncakları","3","YES","YES","YES","POLICY_BLOCKED","NO","NO","NO","REGULATED","FAIL_CLOSED","pending","FAIL_CLOSED","POLICY_CHAIN=Oyuncak & Hobi > Eğitici, Bilim & Keşif Oyuncakları:LEGAL_REVIEW_REQUIRED | Oyuncak & Hobi > Eğitici, Bilim & Keşif Oyuncakları > Dil, Matematik & Öğrenme Oyuncakları:REGULATED; PROFESSIONAL_REVIEW_CHAIN=Oyuncak & Hobi > Eğitici, Bilim & Keşif Oyuncakları | Oyuncak & Hobi > Eğitici, Bilim & Keşif Oyuncakları > Dil, Matematik & Öğrenme Oyuncakları","canonical-v1.0.0","No public/pilot activation candidate in the canonical source; this package keeps it staged and fail-closed."
"CANONICAL-000881","ad4450bd-0cb6-4800-8e42-933aab2ececf","Oyuncak & Hobi > Figür, Bebek & Rol Oyunları","2","NO","YES","YES","CONTAINER_NOT_ASSIGNABLE","NO","NO","NO","REGULATED","FAIL_CLOSED","pending","FAIL_CLOSED","POLICY_CHAIN=Oyuncak & Hobi > Figür, Bebek & Rol Oyunları:REGULATED; PROFESSIONAL_REVIEW_CHAIN=Oyuncak & Hobi > Figür, Bebek & Rol Oyunları","canonical-v1.0.0","No public/pilot activation candidate in the canonical source; this package keeps it staged and fail-closed."
"CANONICAL-000882","a5bbd6dd-74d8-4687-bdaf-4fea2bb56a96","Oyuncak & Hobi > Figür, Bebek & Rol Oyunları > Oyuncak Bebekler","3","YES","YES","YES","POLICY_BLOCKED","NO","NO","NO","REGULATED","FAIL_CLOSED","pending","FAIL_CLOSED","POLICY_CHAIN=Oyuncak & Hobi > Figür, Bebek & Rol Oyunları:REGULATED | Oyuncak & Hobi > Figür, Bebek & Rol Oyunları > Oyuncak Bebekler:REGULATED; PROFESSIONAL_REVIEW_CHAIN=Oyuncak & Hobi > Figür, Bebek & Rol Oyunları | Oyuncak & Hobi > Figür, Bebek & Rol Oyunları > Oyuncak Bebekler","canonical-v1.0.0","No public/pilot activation candidate in the canonical source; this package keeps it staged and fail-closed."
"CANONICAL-000883","50cc3a1a-d39d-48e4-9db8-739aa6f8c661","Oyuncak & Hobi > Figür, Bebek & Rol Oyunları > Aksiyon & Oyun Figürleri","3","YES","YES","YES","POLICY_BLOCKED","NO","NO","NO","REGULATED","FAIL_CLOSED","pending","FAIL_CLOSED","POLICY_CHAIN=Oyuncak & Hobi > Figür, Bebek & Rol Oyunları:REGULATED | Oyuncak & Hobi > Figür, Bebek & Rol Oyunları > Aksiyon & Oyun Figürleri:REGULATED; PROFESSIONAL_REVIEW_CHAIN=Oyuncak & Hobi > Figür, Bebek & Rol Oyunları | Oyuncak & Hobi > Figür, Bebek & Rol Oyunları > Aksiyon & Oyun Figürleri","canonical-v1.0.0","No public/pilot activation candidate in the canonical source; this package keeps it staged and fail-closed."
"CANONICAL-000884","147c21e6-5c19-413f-baa6-3f49e09c4485","Oyuncak & Hobi > Figür, Bebek & Rol Oyunları > Bebek Evi & Aksesuarları","3","YES","YES","YES","POLICY_BLOCKED","NO","NO","NO","REGULATED","FAIL_CLOSED","pending","FAIL_CLOSED","POLICY_CHAIN=Oyuncak & Hobi > Figür, Bebek & Rol Oyunları:REGULATED | Oyuncak & Hobi > Figür, Bebek & Rol Oyunları > Bebek Evi & Aksesuarları:REGULATED; PROFESSIONAL_REVIEW_CHAIN=Oyuncak & Hobi > Figür, Bebek & Rol Oyunları | Oyuncak & Hobi > Figür, Bebek & Rol Oyunları > Bebek Evi & Aksesuarları","canonical-v1.0.0","No public/pilot activation candidate in the canonical source; this package keeps it staged and fail-closed."
"CANONICAL-000885","7e44f3f3-af9e-4705-b4a8-5387e3329d2d","Oyuncak & Hobi > Figür, Bebek & Rol Oyunları > Peluş Oyuncaklar","3","YES","YES","YES","POLICY_BLOCKED","NO","NO","NO","REGULATED","FAIL_CLOSED","pending","FAIL_CLOSED","POLICY_CHAIN=Oyuncak & Hobi > Figür, Bebek & Rol Oyunları:REGULATED | Oyuncak & Hobi > Figür, Bebek & Rol Oyunları > Peluş Oyuncaklar:REGULATED; PROFESSIONAL_REVIEW_CHAIN=Oyuncak & Hobi > Figür, Bebek & Rol Oyunları | Oyuncak & Hobi > Figür, Bebek & Rol Oyunları > Peluş Oyuncaklar","canonical-v1.0.0","No public/pilot activation candidate in the canonical source; this package keeps it staged and fail-closed."
"CANONICAL-000886","873143f3-f3f5-47e8-a7f5-02d20511536c","Oyuncak & Hobi > Figür, Bebek & Rol Oyunları > Rol Oyun Setleri","3","YES","YES","YES","POLICY_BLOCKED","NO","NO","NO","REGULATED","FAIL_CLOSED","pending","FAIL_CLOSED","POLICY_CHAIN=Oyuncak & Hobi > Figür, Bebek & Rol Oyunları:REGULATED | Oyuncak & Hobi > Figür, Bebek & Rol Oyunları > Rol Oyun Setleri:REGULATED; PROFESSIONAL_REVIEW_CHAIN=Oyuncak & Hobi > Figür, Bebek & Rol Oyunları | Oyuncak & Hobi > Figür, Bebek & Rol Oyunları > Rol Oyun Setleri","canonical-v1.0.0","No public/pilot activation candidate in the canonical source; this package keeps it staged and fail-closed."
"CANONICAL-000887","ac591152-f827-451a-8846-48b080675e64","Oyuncak & Hobi > Yapı & İnşa Oyuncakları","2","NO","YES","YES","CONTAINER_NOT_ASSIGNABLE","NO","NO","NO","REGULATED","FAIL_CLOSED","pending","FAIL_CLOSED","POLICY_CHAIN=Oyuncak & Hobi > Yapı & İnşa Oyuncakları:REGULATED; PROFESSIONAL_REVIEW_CHAIN=Oyuncak & Hobi > Yapı & İnşa Oyuncakları","canonical-v1.0.0","No public/pilot activation candidate in the canonical source; this package keeps it staged and fail-closed."
"CANONICAL-000888","95e2a2ce-0296-44a4-b3fa-af4f1851379d","Oyuncak & Hobi > Yapı & İnşa Oyuncakları > Yapı Blokları","3","YES","YES","YES","POLICY_BLOCKED","NO","NO","NO","REGULATED","FAIL_CLOSED","pending","FAIL_CLOSED","POLICY_CHAIN=Oyuncak & Hobi > Yapı & İnşa Oyuncakları:REGULATED | Oyuncak & Hobi > Yapı & İnşa Oyuncakları > Yapı Blokları:REGULATED; PROFESSIONAL_REVIEW_CHAIN=Oyuncak & Hobi > Yapı & İnşa Oyuncakları | Oyuncak & Hobi > Yapı & İnşa Oyuncakları > Yapı Blokları","canonical-v1.0.0","No public/pilot activation candidate in the canonical source; this package keeps it staged and fail-closed."
"CANONICAL-000889","301461b6-3410-4f89-aad8-f3a285ebe023","Oyuncak & Hobi > Yapı & İnşa Oyuncakları > Manyetik Yapı Setleri","3","YES","YES","YES","POLICY_BLOCKED","NO","NO","NO","REGULATED","FAIL_CLOSED","pending","FAIL_CLOSED","POLICY_CHAIN=Oyuncak & Hobi > Yapı & İnşa Oyuncakları:REGULATED | Oyuncak & Hobi > Yapı & İnşa Oyuncakları > Manyetik Yapı Setleri:REGULATED; PROFESSIONAL_REVIEW_CHAIN=Oyuncak & Hobi > Yapı & İnşa Oyuncakları | Oyuncak & Hobi > Yapı & İnşa Oyuncakları > Manyetik Yapı Setleri","canonical-v1.0.0","No public/pilot activation candidate in the canonical source; this package keeps it staged and fail-closed."
"CANONICAL-000890","a134d410-1686-4009-92bf-679f916ec2b1","Oyuncak & Hobi > Yapı & İnşa Oyuncakları > Mekanik İnşa Setleri","3","YES","YES","YES","POLICY_BLOCKED","NO","NO","NO","REGULATED","FAIL_CLOSED","pending","FAIL_CLOSED","POLICY_CHAIN=Oyuncak & Hobi > Yapı & İnşa Oyuncakları:REGULATED | Oyuncak & Hobi > Yapı & İnşa Oyuncakları > Mekanik İnşa Setleri:REGULATED; PROFESSIONAL_REVIEW_CHAIN=Oyuncak & Hobi > Yapı & İnşa Oyuncakları | Oyuncak & Hobi > Yapı & İnşa Oyuncakları > Mekanik İnşa Setleri","canonical-v1.0.0","No public/pilot activation candidate in the canonical source; this package keeps it staged and fail-closed."
"CANONICAL-000891","f6a0a87f-8335-44c7-87ce-c2ce5dddc07b","Oyuncak & Hobi > Yapı & İnşa Oyuncakları > Bilye Yolu & Hareketli Yapı Setleri","3","YES","YES","YES","POLICY_BLOCKED","NO","NO","NO","REGULATED","FAIL_CLOSED","pending","FAIL_CLOSED","POLICY_CHAIN=Oyuncak & Hobi > Yapı & İnşa Oyuncakları:REGULATED | Oyuncak & Hobi > Yapı & İnşa Oyuncakları > Bilye Yolu & Hareketli Yapı Setleri:REGULATED; PROFESSIONAL_REVIEW_CHAIN=Oyuncak & Hobi > Yapı & İnşa Oyuncakları | Oyuncak & Hobi > Yapı & İnşa Oyuncakları > Bilye Yolu & Hareketli Yapı Setleri","canonical-v1.0.0","No public/pilot activation candidate in the canonical source; this package keeps it staged and fail-closed."
"CANONICAL-000892","698564c8-5338-4b56-8af1-967590405834","Oyuncak & Hobi > Oyuncak Araçlar & Uzaktan Kumandalı Oyuncaklar","2","NO","YES","YES","CONTAINER_NOT_ASSIGNABLE","NO","NO","NO","LEGAL_REVIEW_REQUIRED","FAIL_CLOSED","pending","FAIL_CLOSED","POLICY_CHAIN=Oyuncak & Hobi > Oyuncak Araçlar & Uzaktan Kumandalı Oyuncaklar:LEGAL_REVIEW_REQUIRED; PROFESSIONAL_REVIEW_CHAIN=Oyuncak & Hobi > Oyuncak Araçlar & Uzaktan Kumandalı Oyuncaklar","canonical-v1.0.0","No public/pilot activation candidate in the canonical source; this package keeps it staged and fail-closed."
"CANONICAL-000893","b458f95c-a386-405c-b29d-00577fc97b98","Oyuncak & Hobi > Oyuncak Araçlar & Uzaktan Kumandalı Oyuncaklar > Oyuncak Kara Araçları","3","YES","YES","YES","POLICY_BLOCKED","NO","NO","NO","REGULATED","FAIL_CLOSED","pending","FAIL_CLOSED","POLICY_CHAIN=Oyuncak & Hobi > Oyuncak Araçlar & Uzaktan Kumandalı Oyuncaklar:LEGAL_REVIEW_REQUIRED | Oyuncak & Hobi > Oyuncak Araçlar & Uzaktan Kumandalı Oyuncaklar > Oyuncak Kara Araçları:REGULATED; PROFESSIONAL_REVIEW_CHAIN=Oyuncak & Hobi > Oyuncak Araçlar & Uzaktan Kumandalı Oyuncaklar | Oyuncak & Hobi > Oyuncak Araçlar & Uzaktan Kumandalı Oyuncaklar > Oyuncak Kara Araçları","canonical-v1.0.0","No public/pilot activation candidate in the canonical source; this package keeps it staged and fail-closed."
"CANONICAL-000894","7d5078df-4590-4142-b89a-afd1b6117696","Oyuncak & Hobi > Oyuncak Araçlar & Uzaktan Kumandalı Oyuncaklar > Pist, Garaj & Araç Oyun Setleri","3","YES","YES","YES","POLICY_BLOCKED","NO","NO","NO","REGULATED","FAIL_CLOSED","pending","FAIL_CLOSED","POLICY_CHAIN=Oyuncak & Hobi > Oyuncak Araçlar & Uzaktan Kumandalı Oyuncaklar:LEGAL_REVIEW_REQUIRED | Oyuncak & Hobi > Oyuncak Araçlar & Uzaktan Kumandalı Oyuncaklar > Pist, Garaj & Araç Oyun Setleri:REGULATED; PROFESSIONAL_REVIEW_CHAIN=Oyuncak & Hobi > Oyuncak Araçlar & Uzaktan Kumandalı Oyuncaklar | Oyuncak & Hobi > Oyuncak Araçlar & Uzaktan Kumandalı Oyuncaklar > Pist, Garaj & Araç Oyun Setleri","canonical-v1.0.0","No public/pilot activation candidate in the canonical source; this package keeps it staged and fail-closed."
"CANONICAL-000895","5f2617ea-a88b-46b6-857e-3f7c6e6fad35","Oyuncak & Hobi > Oyuncak Araçlar & Uzaktan Kumandalı Oyuncaklar > Uzaktan Kumandalı Kara Araçları","3","YES","YES","YES","POLICY_BLOCKED","NO","NO","NO","REGULATED","FAIL_CLOSED","pending","FAIL_CLOSED","POLICY_CHAIN=Oyuncak & Hobi > Oyuncak Araçlar & Uzaktan Kumandalı Oyuncaklar:LEGAL_REVIEW_REQUIRED | Oyuncak & Hobi > Oyuncak Araçlar & Uzaktan Kumandalı Oyuncaklar > Uzaktan Kumandalı Kara Araçları:REGULATED; PROFESSIONAL_REVIEW_CHAIN=Oyuncak & Hobi > Oyuncak Araçlar & Uzaktan Kumandalı Oyuncaklar | Oyuncak & Hobi > Oyuncak Araçlar & Uzaktan Kumandalı Oyuncaklar > Uzaktan Kumandalı Kara Araçları","canonical-v1.0.0","No public/pilot activation candidate in the canonical source; this package keeps it staged and fail-closed."
"CANONICAL-000896","c02d9b4d-32df-4795-a109-30c956ae08e6","Oyuncak & Hobi > Oyuncak Araçlar & Uzaktan Kumandalı Oyuncaklar > Oyuncak Dronelar","3","YES","YES","YES","POLICY_BLOCKED","NO","NO","NO","LEGAL_REVIEW_REQUIRED","FAIL_CLOSED","pending","FAIL_CLOSED","POLICY_CHAIN=Oyuncak & Hobi > Oyuncak Araçlar & Uzaktan Kumandalı Oyuncaklar:LEGAL_REVIEW_REQUIRED | Oyuncak & Hobi > Oyuncak Araçlar & Uzaktan Kumandalı Oyuncaklar > Oyuncak Dronelar:LEGAL_REVIEW_REQUIRED; PROFESSIONAL_REVIEW_CHAIN=Oyuncak & Hobi > Oyuncak Araçlar & Uzaktan Kumandalı Oyuncaklar | Oyuncak & Hobi > Oyuncak Araçlar & Uzaktan Kumandalı Oyuncaklar > Oyuncak Dronelar","canonical-v1.0.0","No public/pilot activation candidate in the canonical source; this package keeps it staged and fail-closed."
"CANONICAL-000897","e4e41884-515a-4409-8451-a031c8698c92","Oyuncak & Hobi > Oyuncak Araçlar & Uzaktan Kumandalı Oyuncaklar > Oyuncak Tren & Ray Setleri","3","YES","YES","YES","POLICY_BLOCKED","NO","NO","NO","REGULATED","FAIL_CLOSED","pending","FAIL_CLOSED","POLICY_CHAIN=Oyuncak & Hobi > Oyuncak Araçlar & Uzaktan Kumandalı Oyuncaklar:LEGAL_REVIEW_REQUIRED | Oyuncak & Hobi > Oyuncak Araçlar & Uzaktan Kumandalı Oyuncaklar > Oyuncak Tren & Ray Setleri:REGULATED; PROFESSIONAL_REVIEW_CHAIN=Oyuncak & Hobi > Oyuncak Araçlar & Uzaktan Kumandalı Oyuncaklar | Oyuncak & Hobi > Oyuncak Araçlar & Uzaktan Kumandalı Oyuncaklar > Oyuncak Tren & Ray Setleri","canonical-v1.0.0","No public/pilot activation candidate in the canonical source; this package keeps it staged and fail-closed."
"CANONICAL-000898","6a34fa55-73f7-40b5-9b16-b13e000f4a9b","Oyuncak & Hobi > Oyuncak Araçlar & Uzaktan Kumandalı Oyuncaklar > Oyuncak Tekne & Deniz Araçları","3","YES","YES","YES","POLICY_BLOCKED","NO","NO","NO","REGULATED","FAIL_CLOSED","pending","FAIL_CLOSED","POLICY_CHAIN=Oyuncak & Hobi > Oyuncak Araçlar & Uzaktan Kumandalı Oyuncaklar:LEGAL_REVIEW_REQUIRED | Oyuncak & Hobi > Oyuncak Araçlar & Uzaktan Kumandalı Oyuncaklar > Oyuncak Tekne & Deniz Araçları:REGULATED; PROFESSIONAL_REVIEW_CHAIN=Oyuncak & Hobi > Oyuncak Araçlar & Uzaktan Kumandalı Oyuncaklar | Oyuncak & Hobi > Oyuncak Araçlar & Uzaktan Kumandalı Oyuncaklar > Oyuncak Tekne & Deniz Araçları","canonical-v1.0.0","No public/pilot activation candidate in the canonical source; this package keeps it staged and fail-closed."
"CANONICAL-000899","bb5f7429-94e2-4d46-8c0e-8220773c57f8","Oyuncak & Hobi > Kutu Oyunları & Oyun Takımları","2","NO","YES","YES","CONTAINER_NOT_ASSIGNABLE","NO","NO","NO","LEGAL_REVIEW_REQUIRED","FAIL_CLOSED","pending","FAIL_CLOSED","POLICY_CHAIN=Oyuncak & Hobi > Kutu Oyunları & Oyun Takımları:LEGAL_REVIEW_REQUIRED; PROFESSIONAL_REVIEW_CHAIN=Oyuncak & Hobi > Kutu Oyunları & Oyun Takımları","canonical-v1.0.0","No public/pilot activation candidate in the canonical source; this package keeps it staged and fail-closed."
"CANONICAL-000900","c87f58f3-9ab4-4ce3-a081-1accba645855","Oyuncak & Hobi > Kutu Oyunları & Oyun Takımları > Aile Kutu Oyunları","3","YES","YES","YES","POLICY_BLOCKED","NO","NO","NO","REGULATED","FAIL_CLOSED","pending","FAIL_CLOSED","POLICY_CHAIN=Oyuncak & Hobi > Kutu Oyunları & Oyun Takımları:LEGAL_REVIEW_REQUIRED | Oyuncak & Hobi > Kutu Oyunları & Oyun Takımları > Aile Kutu Oyunları:REGULATED; PROFESSIONAL_REVIEW_CHAIN=Oyuncak & Hobi > Kutu Oyunları & Oyun Takımları | Oyuncak & Hobi > Kutu Oyunları & Oyun Takımları > Aile Kutu Oyunları","canonical-v1.0.0","No public/pilot activation candidate in the canonical source; this package keeps it staged and fail-closed."
"CANONICAL-000901","c0b357e2-6c8f-48ed-8fbc-a22c53e594ed","Oyuncak & Hobi > Kutu Oyunları & Oyun Takımları > Strateji Kutu Oyunları","3","YES","YES","YES","POLICY_BLOCKED","NO","NO","NO","REGULATED","FAIL_CLOSED","pending","FAIL_CLOSED","POLICY_CHAIN=Oyuncak & Hobi > Kutu Oyunları & Oyun Takımları:LEGAL_REVIEW_REQUIRED | Oyuncak & Hobi > Kutu Oyunları & Oyun Takımları > Strateji Kutu Oyunları:REGULATED; PROFESSIONAL_REVIEW_CHAIN=Oyuncak & Hobi > Kutu Oyunları & Oyun Takımları | Oyuncak & Hobi > Kutu Oyunları & Oyun Takımları > Strateji Kutu Oyunları","canonical-v1.0.0","No public/pilot activation candidate in the canonical source; this package keeps it staged and fail-closed."
"CANONICAL-000902","105276a1-9d8f-48a0-bcae-5e68022cbbfa","Oyuncak & Hobi > Kutu Oyunları & Oyun Takımları > Parti Kutu Oyunları","3","YES","YES","YES","POLICY_BLOCKED","NO","NO","NO","REGULATED","FAIL_CLOSED","pending","FAIL_CLOSED","POLICY_CHAIN=Oyuncak & Hobi > Kutu Oyunları & Oyun Takımları:LEGAL_REVIEW_REQUIRED | Oyuncak & Hobi > Kutu Oyunları & Oyun Takımları > Parti Kutu Oyunları:REGULATED; PROFESSIONAL_REVIEW_CHAIN=Oyuncak & Hobi > Kutu Oyunları & Oyun Takımları | Oyuncak & Hobi > Kutu Oyunları & Oyun Takımları > Parti Kutu Oyunları","canonical-v1.0.0","No public/pilot activation candidate in the canonical source; this package keeps it staged and fail-closed."
"CANONICAL-000903","4c276b0b-272f-47ec-804c-4364bcf76ee0","Oyuncak & Hobi > Kutu Oyunları & Oyun Takımları > Satranç, Dama & Klasik Oyun Takımları","3","YES","YES","YES","POLICY_BLOCKED","NO","NO","NO","NORMAL","FAIL_CLOSED","pending","FAIL_CLOSED","POLICY_CHAIN=Oyuncak & Hobi > Kutu Oyunları & Oyun Takımları:LEGAL_REVIEW_REQUIRED; PROFESSIONAL_REVIEW_CHAIN=Oyuncak & Hobi > Kutu Oyunları & Oyun Takımları | Oyuncak & Hobi > Kutu Oyunları & Oyun Takımları > Satranç, Dama & Klasik Oyun Takımları","canonical-v1.0.0","No public/pilot activation candidate in the canonical source; this package keeps it staged and fail-closed."
"CANONICAL-000904","a592dfa9-4168-4702-ac88-86f9244163c4","Oyuncak & Hobi > Kutu Oyunları & Oyun Takımları > Oyun Kartları","3","YES","YES","YES","POLICY_BLOCKED","NO","NO","NO","LEGAL_REVIEW_REQUIRED","FAIL_CLOSED","pending","FAIL_CLOSED","POLICY_CHAIN=Oyuncak & Hobi > Kutu Oyunları & Oyun Takımları:LEGAL_REVIEW_REQUIRED | Oyuncak & Hobi > Kutu Oyunları & Oyun Takımları > Oyun Kartları:LEGAL_REVIEW_REQUIRED; PROFESSIONAL_REVIEW_CHAIN=Oyuncak & Hobi > Kutu Oyunları & Oyun Takımları | Oyuncak & Hobi > Kutu Oyunları & Oyun Takımları > Oyun Kartları","canonical-v1.0.0","No public/pilot activation candidate in the canonical source; this package keeps it staged and fail-closed."
"CANONICAL-000905","731fc24f-2ae2-4582-90c9-f4adf5ac8c50","Oyuncak & Hobi > Puzzle & Zeka Oyunları","2","NO","YES","YES","CONTAINER_NOT_ASSIGNABLE","NO","NO","NO","NORMAL","PASS","pending","FAIL_CLOSED","PROFESSIONAL_REVIEW_CHAIN=Oyuncak & Hobi > Puzzle & Zeka Oyunları","canonical-v1.0.0","No public/pilot activation candidate in the canonical source; this package keeps it staged and fail-closed."
"CANONICAL-000906","7f58949e-070e-4d52-b1cc-21cf7281049c","Oyuncak & Hobi > Puzzle & Zeka Oyunları > Yapbozlar","3","NO","YES","YES","CONTAINER_NOT_ASSIGNABLE","NO","NO","NO","NORMAL","PASS","pending","FAIL_CLOSED","PROFESSIONAL_REVIEW_CHAIN=Oyuncak & Hobi > Puzzle & Zeka Oyunları | Oyuncak & Hobi > Puzzle & Zeka Oyunları > Yapbozlar","canonical-v1.0.0","No public/pilot activation candidate in the canonical source; this package keeps it staged and fail-closed."
"CANONICAL-000907","a86adc08-f99a-4f1e-81ed-e460e2031c32","Oyuncak & Hobi > Puzzle & Zeka Oyunları > Yapbozlar > İki Boyutlu Yapbozlar","4","YES","YES","YES","PROFESSIONAL_REVIEW","NO","NO","NO","NORMAL","PASS","pending","FAIL_CLOSED","PROFESSIONAL_REVIEW_CHAIN=Oyuncak & Hobi > Puzzle & Zeka Oyunları | Oyuncak & Hobi > Puzzle & Zeka Oyunları > Yapbozlar | Oyuncak & Hobi > Puzzle & Zeka Oyunları > Yapbozlar > İki Boyutlu Yapbozlar","canonical-v1.0.0","No public/pilot activation candidate in the canonical source; this package keeps it staged and fail-closed."
"CANONICAL-000908","b447444e-360c-4787-8de4-a3eeddd7d2b3","Oyuncak & Hobi > Puzzle & Zeka Oyunları > Yapbozlar > Üç Boyutlu Yapbozlar","4","YES","YES","YES","PROFESSIONAL_REVIEW","NO","NO","NO","NORMAL","PASS","pending","FAIL_CLOSED","PROFESSIONAL_REVIEW_CHAIN=Oyuncak & Hobi > Puzzle & Zeka Oyunları | Oyuncak & Hobi > Puzzle & Zeka Oyunları > Yapbozlar | Oyuncak & Hobi > Puzzle & Zeka Oyunları > Yapbozlar > Üç Boyutlu Yapbozlar","canonical-v1.0.0","No public/pilot activation candidate in the canonical source; this package keeps it staged and fail-closed."
"CANONICAL-000909","ca354a23-c010-4732-8ab6-df28358b83ce","Oyuncak & Hobi > Puzzle & Zeka Oyunları > Mantık & Zeka Oyunları","3","YES","YES","YES","PROFESSIONAL_REVIEW","NO","NO","NO","NORMAL","PASS","pending","FAIL_CLOSED","PROFESSIONAL_REVIEW_CHAIN=Oyuncak & Hobi > Puzzle & Zeka Oyunları | Oyuncak & Hobi > Puzzle & Zeka Oyunları > Mantık & Zeka Oyunları","canonical-v1.0.0","No public/pilot activation candidate in the canonical source; this package keeps it staged and fail-closed."
"CANONICAL-000910","9dbacddb-6ef9-41e2-ac9c-b6c99b1ae8a2","Oyuncak & Hobi > Puzzle & Zeka Oyunları > Mekanik Bulmacalar","3","YES","YES","YES","PROFESSIONAL_REVIEW","NO","NO","NO","NORMAL","PASS","pending","FAIL_CLOSED","PROFESSIONAL_REVIEW_CHAIN=Oyuncak & Hobi > Puzzle & Zeka Oyunları | Oyuncak & Hobi > Puzzle & Zeka Oyunları > Mekanik Bulmacalar","canonical-v1.0.0","No public/pilot activation candidate in the canonical source; this package keeps it staged and fail-closed."
"CANONICAL-000911","1c2bde5b-e303-4755-8636-8c884b78cb39","Oyuncak & Hobi > Model, Maket & Minyatür","2","NO","YES","YES","CONTAINER_NOT_ASSIGNABLE","NO","NO","NO","REGULATED","FAIL_CLOSED","pending","FAIL_CLOSED","POLICY_CHAIN=Oyuncak & Hobi > Model, Maket & Minyatür:REGULATED; PROFESSIONAL_REVIEW_CHAIN=Oyuncak & Hobi > Model, Maket & Minyatür","canonical-v1.0.0","No public/pilot activation candidate in the canonical source; this package keeps it staged and fail-closed."
"CANONICAL-000912","8c52a82f-dd60-4a29-8954-1838e676a4f4","Oyuncak & Hobi > Model, Maket & Minyatür > Model Kitleri","3","NO","YES","YES","CONTAINER_NOT_ASSIGNABLE","NO","NO","NO","NORMAL","FAIL_CLOSED","pending","FAIL_CLOSED","POLICY_CHAIN=Oyuncak & Hobi > Model, Maket & Minyatür:REGULATED; PROFESSIONAL_REVIEW_CHAIN=Oyuncak & Hobi > Model, Maket & Minyatür | Oyuncak & Hobi > Model, Maket & Minyatür > Model Kitleri","canonical-v1.0.0","No public/pilot activation candidate in the canonical source; this package keeps it staged and fail-closed."
"CANONICAL-000913","3e8cd1c5-6175-495a-91ac-54fce653a2b5","Oyuncak & Hobi > Model, Maket & Minyatür > Model Kitleri > Model Araç Kitleri","4","YES","YES","YES","POLICY_BLOCKED","NO","NO","NO","NORMAL","FAIL_CLOSED","pending","FAIL_CLOSED","POLICY_CHAIN=Oyuncak & Hobi > Model, Maket & Minyatür:REGULATED; PROFESSIONAL_REVIEW_CHAIN=Oyuncak & Hobi > Model, Maket & Minyatür | Oyuncak & Hobi > Model, Maket & Minyatür > Model Kitleri | Oyuncak & Hobi > Model, Maket & Minyatür > Model Kitleri > Model Araç Kitleri","canonical-v1.0.0","No public/pilot activation candidate in the canonical source; this package keeps it staged and fail-closed."
"CANONICAL-000914","4d35c3fd-7cff-4188-8720-cd0072667707","Oyuncak & Hobi > Model, Maket & Minyatür > Model Kitleri > Model Yapı Kitleri","4","YES","YES","YES","POLICY_BLOCKED","NO","NO","NO","NORMAL","FAIL_CLOSED","pending","FAIL_CLOSED","POLICY_CHAIN=Oyuncak & Hobi > Model, Maket & Minyatür:REGULATED; PROFESSIONAL_REVIEW_CHAIN=Oyuncak & Hobi > Model, Maket & Minyatür | Oyuncak & Hobi > Model, Maket & Minyatür > Model Kitleri | Oyuncak & Hobi > Model, Maket & Minyatür > Model Kitleri > Model Yapı Kitleri","canonical-v1.0.0","No public/pilot activation candidate in the canonical source; this package keeps it staged and fail-closed."
"CANONICAL-000915","ddde4f80-20d7-4202-b028-cd0b85ec2e6b","Oyuncak & Hobi > Model, Maket & Minyatür > Model Kitleri > Diğer Model Kitleri","4","YES","YES","YES","POLICY_BLOCKED","NO","NO","NO","NORMAL","FAIL_CLOSED","pending","FAIL_CLOSED","POLICY_CHAIN=Oyuncak & Hobi > Model, Maket & Minyatür:REGULATED; PROFESSIONAL_REVIEW_CHAIN=Oyuncak & Hobi > Model, Maket & Minyatür | Oyuncak & Hobi > Model, Maket & Minyatür > Model Kitleri | Oyuncak & Hobi > Model, Maket & Minyatür > Model Kitleri > Diğer Model Kitleri","canonical-v1.0.0","No public/pilot activation candidate in the canonical source; this package keeps it staged and fail-closed."
"CANONICAL-000916","b5b8fe7c-2408-4dd8-9ab6-c69f0f7b307a","Oyuncak & Hobi > Model, Maket & Minyatür > Minyatür & Diorama Ürünleri","3","YES","YES","YES","POLICY_BLOCKED","NO","NO","NO","NORMAL","FAIL_CLOSED","pending","FAIL_CLOSED","POLICY_CHAIN=Oyuncak & Hobi > Model, Maket & Minyatür:REGULATED; PROFESSIONAL_REVIEW_CHAIN=Oyuncak & Hobi > Model, Maket & Minyatür | Oyuncak & Hobi > Model, Maket & Minyatür > Minyatür & Diorama Ürünleri","canonical-v1.0.0","No public/pilot activation candidate in the canonical source; this package keeps it staged and fail-closed."
"CANONICAL-000917","6b0fab21-d6e9-4e63-a6ab-451aa2c5d2f2","Oyuncak & Hobi > Model, Maket & Minyatür > Model Demiryolu Ürünleri","3","YES","YES","YES","POLICY_BLOCKED","NO","NO","NO","REGULATED","FAIL_CLOSED","pending","FAIL_CLOSED","POLICY_CHAIN=Oyuncak & Hobi > Model, Maket & Minyatür:REGULATED | Oyuncak & Hobi > Model, Maket & Minyatür > Model Demiryolu Ürünleri:REGULATED; PROFESSIONAL_REVIEW_CHAIN=Oyuncak & Hobi > Model, Maket & Minyatür | Oyuncak & Hobi > Model, Maket & Minyatür > Model Demiryolu Ürünleri","canonical-v1.0.0","No public/pilot activation candidate in the canonical source; this package keeps it staged and fail-closed."
"CANONICAL-000918","114aa583-e5c4-4cb6-880a-4c8ddcd41717","Oyuncak & Hobi > Koleksiyon Ürünleri","2","NO","YES","YES","CONTAINER_NOT_ASSIGNABLE","NO","NO","NO","LEGAL_REVIEW_REQUIRED","FAIL_CLOSED","pending","FAIL_CLOSED","POLICY_CHAIN=Oyuncak & Hobi > Koleksiyon Ürünleri:LEGAL_REVIEW_REQUIRED; PROFESSIONAL_REVIEW_CHAIN=Oyuncak & Hobi > Koleksiyon Ürünleri","canonical-v1.0.0","No public/pilot activation candidate in the canonical source; this package keeps it staged and fail-closed."
"CANONICAL-000919","f92e1d2a-545d-462e-adc5-eb9733d232b5","Oyuncak & Hobi > Koleksiyon Ürünleri > Koleksiyon Figürleri","3","YES","YES","YES","POLICY_BLOCKED","NO","NO","NO","NORMAL","FAIL_CLOSED","pending","FAIL_CLOSED","POLICY_CHAIN=Oyuncak & Hobi > Koleksiyon Ürünleri:LEGAL_REVIEW_REQUIRED; PROFESSIONAL_REVIEW_CHAIN=Oyuncak & Hobi > Koleksiyon Ürünleri | Oyuncak & Hobi > Koleksiyon Ürünleri > Koleksiyon Figürleri","canonical-v1.0.0","No public/pilot activation candidate in the canonical source; this package keeps it staged and fail-closed."
"CANONICAL-000920","cb9afc6e-9a24-436f-881b-0312135f7bf7","Oyuncak & Hobi > Koleksiyon Ürünleri > Koleksiyon Kartları","3","YES","YES","YES","POLICY_BLOCKED","NO","NO","NO","LEGAL_REVIEW_REQUIRED","FAIL_CLOSED","pending","FAIL_CLOSED","POLICY_CHAIN=Oyuncak & Hobi > Koleksiyon Ürünleri:LEGAL_REVIEW_REQUIRED | Oyuncak & Hobi > Koleksiyon Ürünleri > Koleksiyon Kartları:LEGAL_REVIEW_REQUIRED; PROFESSIONAL_REVIEW_CHAIN=Oyuncak & Hobi > Koleksiyon Ürünleri | Oyuncak & Hobi > Koleksiyon Ürünleri > Koleksiyon Kartları","canonical-v1.0.0","No public/pilot activation candidate in the canonical source; this package keeps it staged and fail-closed."
"CANONICAL-000921","0c603922-12ca-419a-aef6-7d617348bf35","Oyuncak & Hobi > Koleksiyon Ürünleri > Sergileme Amaçlı Model Araçlar","3","YES","YES","YES","POLICY_BLOCKED","NO","NO","NO","NORMAL","FAIL_CLOSED","pending","FAIL_CLOSED","POLICY_CHAIN=Oyuncak & Hobi > Koleksiyon Ürünleri:LEGAL_REVIEW_REQUIRED; PROFESSIONAL_REVIEW_CHAIN=Oyuncak & Hobi > Koleksiyon Ürünleri | Oyuncak & Hobi > Koleksiyon Ürünleri > Sergileme Amaçlı Model Araçlar","canonical-v1.0.0","No public/pilot activation candidate in the canonical source; this package keeps it staged and fail-closed."
"CANONICAL-000922","94ff6f23-ff5f-4667-b358-b0d56d419730","Oyuncak & Hobi > Koleksiyon Ürünleri > Sürpriz & Rastgele İçerikli Koleksiyon Paketleri","3","YES","YES","YES","POLICY_BLOCKED","NO","NO","NO","LEGAL_REVIEW_REQUIRED","FAIL_CLOSED","pending","FAIL_CLOSED","POLICY_CHAIN=Oyuncak & Hobi > Koleksiyon Ürünleri:LEGAL_REVIEW_REQUIRED | Oyuncak & Hobi > Koleksiyon Ürünleri > Sürpriz & Rastgele İçerikli Koleksiyon Paketleri:LEGAL_REVIEW_REQUIRED; PROFESSIONAL_REVIEW_CHAIN=Oyuncak & Hobi > Koleksiyon Ürünleri | Oyuncak & Hobi > Koleksiyon Ürünleri > Sürpriz & Rastgele İçerikli Koleksiyon Paketleri","canonical-v1.0.0","No public/pilot activation candidate in the canonical source; this package keeps it staged and fail-closed."
"CANONICAL-000923","84ccc3ea-bb47-47c4-80ff-435b423104d7","Oyuncak & Hobi > Sanat, El İşi & Hobi Kitleri","2","NO","YES","YES","CONTAINER_NOT_ASSIGNABLE","NO","NO","NO","LEGAL_REVIEW_REQUIRED","FAIL_CLOSED","pending","FAIL_CLOSED","POLICY_CHAIN=Oyuncak & Hobi > Sanat, El İşi & Hobi Kitleri:LEGAL_REVIEW_REQUIRED; PROFESSIONAL_REVIEW_CHAIN=Oyuncak & Hobi > Sanat, El İşi & Hobi Kitleri","canonical-v1.0.0","No public/pilot activation candidate in the canonical source; this package keeps it staged and fail-closed."
"CANONICAL-000924","4005f11f-7e6f-4cff-9803-ae33483a7aec","Oyuncak & Hobi > Sanat, El İşi & Hobi Kitleri > Boyama & Çizim Kitleri","3","YES","YES","YES","POLICY_BLOCKED","NO","NO","NO","REGULATED","FAIL_CLOSED","pending","FAIL_CLOSED","POLICY_CHAIN=Oyuncak & Hobi > Sanat, El İşi & Hobi Kitleri:LEGAL_REVIEW_REQUIRED | Oyuncak & Hobi > Sanat, El İşi & Hobi Kitleri > Boyama & Çizim Kitleri:REGULATED; PROFESSIONAL_REVIEW_CHAIN=Oyuncak & Hobi > Sanat, El İşi & Hobi Kitleri | Oyuncak & Hobi > Sanat, El İşi & Hobi Kitleri > Boyama & Çizim Kitleri","canonical-v1.0.0","No public/pilot activation candidate in the canonical source; this package keeps it staged and fail-closed."
"CANONICAL-000925","53dc16af-0074-4cc2-8696-08288b8210f3","Oyuncak & Hobi > Sanat, El İşi & Hobi Kitleri > Takı Yapım Kitleri","3","YES","YES","YES","POLICY_BLOCKED","NO","NO","NO","REGULATED","FAIL_CLOSED","pending","FAIL_CLOSED","POLICY_CHAIN=Oyuncak & Hobi > Sanat, El İşi & Hobi Kitleri:LEGAL_REVIEW_REQUIRED | Oyuncak & Hobi > Sanat, El İşi & Hobi Kitleri > Takı Yapım Kitleri:REGULATED; PROFESSIONAL_REVIEW_CHAIN=Oyuncak & Hobi > Sanat, El İşi & Hobi Kitleri | Oyuncak & Hobi > Sanat, El İşi & Hobi Kitleri > Takı Yapım Kitleri","canonical-v1.0.0","No public/pilot activation candidate in the canonical source; this package keeps it staged and fail-closed."
"CANONICAL-000926","61e6be52-aad9-496a-8250-3870dbf4c0b0","Oyuncak & Hobi > Sanat, El İşi & Hobi Kitleri > Kil, Seramik & Şekillendirme Kitleri","3","YES","YES","YES","POLICY_BLOCKED","NO","NO","NO","REGULATED","FAIL_CLOSED","pending","FAIL_CLOSED","POLICY_CHAIN=Oyuncak & Hobi > Sanat, El İşi & Hobi Kitleri:LEGAL_REVIEW_REQUIRED | Oyuncak & Hobi > Sanat, El İşi & Hobi Kitleri > Kil, Seramik & Şekillendirme Kitleri:REGULATED; PROFESSIONAL_REVIEW_CHAIN=Oyuncak & Hobi > Sanat, El İşi & Hobi Kitleri | Oyuncak & Hobi > Sanat, El İşi & Hobi Kitleri > Kil, Seramik & Şekillendirme Kitleri","canonical-v1.0.0","No public/pilot activation candidate in the canonical source; this package keeps it staged and fail-closed."
"CANONICAL-000927","66c44ed9-5bf7-43df-9c9f-bbf56555a5c4","Oyuncak & Hobi > Sanat, El İşi & Hobi Kitleri > Tekstil, Dikiş & Örgü Kitleri","3","YES","YES","YES","POLICY_BLOCKED","NO","NO","NO","REGULATED","FAIL_CLOSED","pending","FAIL_CLOSED","POLICY_CHAIN=Oyuncak & Hobi > Sanat, El İşi & Hobi Kitleri:LEGAL_REVIEW_REQUIRED | Oyuncak & Hobi > Sanat, El İşi & Hobi Kitleri > Tekstil, Dikiş & Örgü Kitleri:REGULATED; PROFESSIONAL_REVIEW_CHAIN=Oyuncak & Hobi > Sanat, El İşi & Hobi Kitleri | Oyuncak & Hobi > Sanat, El İşi & Hobi Kitleri > Tekstil, Dikiş & Örgü Kitleri","canonical-v1.0.0","No public/pilot activation candidate in the canonical source; this package keeps it staged and fail-closed."
"CANONICAL-000928","9e41be05-c0bf-4ee5-b6f0-a59f6eed8b14","Oyuncak & Hobi > Sanat, El İşi & Hobi Kitleri > Slime & Duyusal Üretim Kitleri","3","YES","YES","YES","POLICY_BLOCKED","NO","NO","NO","LEGAL_REVIEW_REQUIRED","FAIL_CLOSED","pending","FAIL_CLOSED","POLICY_CHAIN=Oyuncak & Hobi > Sanat, El İşi & Hobi Kitleri:LEGAL_REVIEW_REQUIRED | Oyuncak & Hobi > Sanat, El İşi & Hobi Kitleri > Slime & Duyusal Üretim Kitleri:LEGAL_REVIEW_REQUIRED; PROFESSIONAL_REVIEW_CHAIN=Oyuncak & Hobi > Sanat, El İşi & Hobi Kitleri | Oyuncak & Hobi > Sanat, El İşi & Hobi Kitleri > Slime & Duyusal Üretim Kitleri","canonical-v1.0.0","No public/pilot activation candidate in the canonical source; this package keeps it staged and fail-closed."
"CANONICAL-000929","fd3504e6-ac82-4acb-85a1-a7facd3f852e","Oyuncak & Hobi > Açık Hava & Aktivite Oyuncakları","2","NO","YES","YES","CONTAINER_NOT_ASSIGNABLE","NO","NO","NO","REGULATED","FAIL_CLOSED","pending","FAIL_CLOSED","POLICY_CHAIN=Oyuncak & Hobi > Açık Hava & Aktivite Oyuncakları:REGULATED; PROFESSIONAL_REVIEW_CHAIN=Oyuncak & Hobi > Açık Hava & Aktivite Oyuncakları","canonical-v1.0.0","No public/pilot activation candidate in the canonical source; this package keeps it staged and fail-closed."
"CANONICAL-000930","a350f8da-c89b-4450-b7b2-f6862111af6d","Oyuncak & Hobi > Açık Hava & Aktivite Oyuncakları > Binilebilir Oyuncaklar","3","YES","YES","YES","POLICY_BLOCKED","NO","NO","NO","REGULATED","FAIL_CLOSED","pending","FAIL_CLOSED","POLICY_CHAIN=Oyuncak & Hobi > Açık Hava & Aktivite Oyuncakları:REGULATED | Oyuncak & Hobi > Açık Hava & Aktivite Oyuncakları > Binilebilir Oyuncaklar:REGULATED; PROFESSIONAL_REVIEW_CHAIN=Oyuncak & Hobi > Açık Hava & Aktivite Oyuncakları | Oyuncak & Hobi > Açık Hava & Aktivite Oyuncakları > Binilebilir Oyuncaklar","canonical-v1.0.0","No public/pilot activation candidate in the canonical source; this package keeps it staged and fail-closed."
"CANONICAL-000931","db139867-f06f-459f-a685-6ca933caa3a8","Oyuncak & Hobi > Açık Hava & Aktivite Oyuncakları > Kum & Su Oyuncakları","3","YES","YES","YES","POLICY_BLOCKED","NO","NO","NO","REGULATED","FAIL_CLOSED","pending","FAIL_CLOSED","POLICY_CHAIN=Oyuncak & Hobi > Açık Hava & Aktivite Oyuncakları:REGULATED | Oyuncak & Hobi > Açık Hava & Aktivite Oyuncakları > Kum & Su Oyuncakları:REGULATED; PROFESSIONAL_REVIEW_CHAIN=Oyuncak & Hobi > Açık Hava & Aktivite Oyuncakları | Oyuncak & Hobi > Açık Hava & Aktivite Oyuncakları > Kum & Su Oyuncakları","canonical-v1.0.0","No public/pilot activation candidate in the canonical source; this package keeps it staged and fail-closed."
"CANONICAL-000932","47814a1d-65be-49f0-8a42-a780f690f3cf","Oyuncak & Hobi > Açık Hava & Aktivite Oyuncakları > Uçurtma & Baloncuk Oyuncakları","3","YES","YES","YES","POLICY_BLOCKED","NO","NO","NO","REGULATED","FAIL_CLOSED","pending","FAIL_CLOSED","POLICY_CHAIN=Oyuncak & Hobi > Açık Hava & Aktivite Oyuncakları:REGULATED | Oyuncak & Hobi > Açık Hava & Aktivite Oyuncakları > Uçurtma & Baloncuk Oyuncakları:REGULATED; PROFESSIONAL_REVIEW_CHAIN=Oyuncak & Hobi > Açık Hava & Aktivite Oyuncakları | Oyuncak & Hobi > Açık Hava & Aktivite Oyuncakları > Uçurtma & Baloncuk Oyuncakları","canonical-v1.0.0","No public/pilot activation candidate in the canonical source; this package keeps it staged and fail-closed."
"CANONICAL-000933","8552874b-9d3d-40d1-8d5a-aebbb5537e0c","Oyuncak & Hobi > Açık Hava & Aktivite Oyuncakları > Oyuncak Çadır & Oyun Evleri","3","YES","YES","YES","POLICY_BLOCKED","NO","NO","NO","REGULATED","FAIL_CLOSED","pending","FAIL_CLOSED","POLICY_CHAIN=Oyuncak & Hobi > Açık Hava & Aktivite Oyuncakları:REGULATED | Oyuncak & Hobi > Açık Hava & Aktivite Oyuncakları > Oyuncak Çadır & Oyun Evleri:REGULATED; PROFESSIONAL_REVIEW_CHAIN=Oyuncak & Hobi > Açık Hava & Aktivite Oyuncakları | Oyuncak & Hobi > Açık Hava & Aktivite Oyuncakları > Oyuncak Çadır & Oyun Evleri","canonical-v1.0.0","No public/pilot activation candidate in the canonical source; this package keeps it staged and fail-closed."
"CANONICAL-000934","8c7622b5-bccb-4e01-81a3-b2f166da54c2","Oyuncak & Hobi > Açık Hava & Aktivite Oyuncakları > Bahçe Oyun Ekipmanları","3","YES","YES","YES","POLICY_BLOCKED","NO","NO","NO","REGULATED","FAIL_CLOSED","pending","FAIL_CLOSED","POLICY_CHAIN=Oyuncak & Hobi > Açık Hava & Aktivite Oyuncakları:REGULATED | Oyuncak & Hobi > Açık Hava & Aktivite Oyuncakları > Bahçe Oyun Ekipmanları:REGULATED; PROFESSIONAL_REVIEW_CHAIN=Oyuncak & Hobi > Açık Hava & Aktivite Oyuncakları | Oyuncak & Hobi > Açık Hava & Aktivite Oyuncakları > Bahçe Oyun Ekipmanları","canonical-v1.0.0","No public/pilot activation candidate in the canonical source; this package keeps it staged and fail-closed."
"CANONICAL-000935","f2bb26a2-7b41-4658-914f-941dac535391","Oyuncak & Hobi > Açık Hava & Aktivite Oyuncakları > Top Havuzu & Aktivite Alanları","3","YES","YES","YES","POLICY_BLOCKED","NO","NO","NO","REGULATED","FAIL_CLOSED","pending","FAIL_CLOSED","POLICY_CHAIN=Oyuncak & Hobi > Açık Hava & Aktivite Oyuncakları:REGULATED | Oyuncak & Hobi > Açık Hava & Aktivite Oyuncakları > Top Havuzu & Aktivite Alanları:REGULATED; PROFESSIONAL_REVIEW_CHAIN=Oyuncak & Hobi > Açık Hava & Aktivite Oyuncakları | Oyuncak & Hobi > Açık Hava & Aktivite Oyuncakları > Top Havuzu & Aktivite Alanları","canonical-v1.0.0","No public/pilot activation candidate in the canonical source; this package keeps it staged and fail-closed."
"CANONICAL-000936","6de8a72c-5c18-4aed-9ddd-41ec87c6af08","Müzik & Enstrüman","1","NO","YES","YES","CONTAINER_NOT_ASSIGNABLE","NO","NO","NO","NORMAL","PASS","not_required","PASS","STRUCTURAL_CONTAINER","canonical-v1.0.0","No public/pilot activation candidate in the canonical source; this package keeps it staged and fail-closed."
"CANONICAL-000937","be96e6d3-410a-4533-873f-244d6d9c60ac","Müzik & Enstrüman > Gitar & Bas","2","NO","YES","YES","CONTAINER_NOT_ASSIGNABLE","NO","NO","NO","NORMAL","PASS","pending","FAIL_CLOSED","PROFESSIONAL_REVIEW_CHAIN=Müzik & Enstrüman > Gitar & Bas","canonical-v1.0.0","No public/pilot activation candidate in the canonical source; this package keeps it staged and fail-closed."
"CANONICAL-000938","705cb291-dfc7-4ec3-8704-1193d31445d7","Müzik & Enstrüman > Gitar & Bas > Gitarlar","3","NO","YES","YES","CONTAINER_NOT_ASSIGNABLE","NO","NO","NO","NORMAL","PASS","pending","FAIL_CLOSED","PROFESSIONAL_REVIEW_CHAIN=Müzik & Enstrüman > Gitar & Bas | Müzik & Enstrüman > Gitar & Bas > Gitarlar","canonical-v1.0.0","No public/pilot activation candidate in the canonical source; this package keeps it staged and fail-closed."
"CANONICAL-000939","2d4cca1d-5cc3-48ba-8a79-df29ce144060","Müzik & Enstrüman > Gitar & Bas > Gitarlar > Klasik Gitarlar","4","YES","YES","YES","PROFESSIONAL_REVIEW","NO","NO","NO","NORMAL","PASS","pending","FAIL_CLOSED","PROFESSIONAL_REVIEW_CHAIN=Müzik & Enstrüman > Gitar & Bas | Müzik & Enstrüman > Gitar & Bas > Gitarlar | Müzik & Enstrüman > Gitar & Bas > Gitarlar > Klasik Gitarlar","canonical-v1.0.0","No public/pilot activation candidate in the canonical source; this package keeps it staged and fail-closed."
"CANONICAL-000940","d8176e05-d4f5-4152-a748-c4ae6f75e196","Müzik & Enstrüman > Gitar & Bas > Gitarlar > Akustik Gitarlar","4","YES","YES","YES","PROFESSIONAL_REVIEW","NO","NO","NO","NORMAL","PASS","pending","FAIL_CLOSED","PROFESSIONAL_REVIEW_CHAIN=Müzik & Enstrüman > Gitar & Bas | Müzik & Enstrüman > Gitar & Bas > Gitarlar | Müzik & Enstrüman > Gitar & Bas > Gitarlar > Akustik Gitarlar","canonical-v1.0.0","No public/pilot activation candidate in the canonical source; this package keeps it staged and fail-closed."
"CANONICAL-000941","c9cd491b-a46b-4eed-ad47-e04bc3cb9ad6","Müzik & Enstrüman > Gitar & Bas > Gitarlar > Elektro Gitarlar","4","YES","YES","YES","PROFESSIONAL_REVIEW","NO","NO","NO","NORMAL","PASS","pending","FAIL_CLOSED","PROFESSIONAL_REVIEW_CHAIN=Müzik & Enstrüman > Gitar & Bas | Müzik & Enstrüman > Gitar & Bas > Gitarlar | Müzik & Enstrüman > Gitar & Bas > Gitarlar > Elektro Gitarlar","canonical-v1.0.0","No public/pilot activation candidate in the canonical source; this package keeps it staged and fail-closed."
"CANONICAL-000942","abbdcbc3-c046-46e3-bf0c-26e350d05985","Müzik & Enstrüman > Gitar & Bas > Bas Gitarlar","3","NO","YES","YES","CONTAINER_NOT_ASSIGNABLE","NO","NO","NO","NORMAL","PASS","pending","FAIL_CLOSED","PROFESSIONAL_REVIEW_CHAIN=Müzik & Enstrüman > Gitar & Bas | Müzik & Enstrüman > Gitar & Bas > Bas Gitarlar","canonical-v1.0.0","No public/pilot activation candidate in the canonical source; this package keeps it staged and fail-closed."
"CANONICAL-000943","c0d9e2c7-dca3-4db8-b556-56cd495b342a","Müzik & Enstrüman > Gitar & Bas > Bas Gitarlar > Elektro Bas Gitarlar","4","YES","YES","YES","PROFESSIONAL_REVIEW","NO","NO","NO","NORMAL","PASS","pending","FAIL_CLOSED","PROFESSIONAL_REVIEW_CHAIN=Müzik & Enstrüman > Gitar & Bas | Müzik & Enstrüman > Gitar & Bas > Bas Gitarlar | Müzik & Enstrüman > Gitar & Bas > Bas Gitarlar > Elektro Bas Gitarlar","canonical-v1.0.0","No public/pilot activation candidate in the canonical source; this package keeps it staged and fail-closed."
"CANONICAL-000944","c385acb7-54c8-4aed-8e04-f049e4a60767","Müzik & Enstrüman > Gitar & Bas > Bas Gitarlar > Akustik Bas Gitarlar","4","YES","YES","YES","PROFESSIONAL_REVIEW","NO","NO","NO","NORMAL","PASS","pending","FAIL_CLOSED","PROFESSIONAL_REVIEW_CHAIN=Müzik & Enstrüman > Gitar & Bas | Müzik & Enstrüman > Gitar & Bas > Bas Gitarlar | Müzik & Enstrüman > Gitar & Bas > Bas Gitarlar > Akustik Bas Gitarlar","canonical-v1.0.0","No public/pilot activation candidate in the canonical source; this package keeps it staged and fail-closed."
"CANONICAL-000945","2cef91c5-736e-4e58-91d7-cdd8e3f7ede0","Müzik & Enstrüman > Gitar & Bas > Ukuleleler","3","YES","YES","YES","PROFESSIONAL_REVIEW","NO","NO","NO","NORMAL","PASS","pending","FAIL_CLOSED","PROFESSIONAL_REVIEW_CHAIN=Müzik & Enstrüman > Gitar & Bas | Müzik & Enstrüman > Gitar & Bas > Ukuleleler","canonical-v1.0.0","No public/pilot activation candidate in the canonical source; this package keeps it staged and fail-closed."
"CANONICAL-000946","ba3a8b47-08e9-4536-a67a-47e710d06bae","Müzik & Enstrüman > Piyano, Org & Klavyeli Çalgılar","2","NO","YES","YES","CONTAINER_NOT_ASSIGNABLE","NO","NO","NO","NORMAL","PASS","pending","FAIL_CLOSED","PROFESSIONAL_REVIEW_CHAIN=Müzik & Enstrüman > Piyano, Org & Klavyeli Çalgılar","canonical-v1.0.0","No public/pilot activation candidate in the canonical source; this package keeps it staged and fail-closed."
"CANONICAL-000947","67c83afa-bfcc-4366-b7ef-43f4b356941f","Müzik & Enstrüman > Piyano, Org & Klavyeli Çalgılar > Piyanolar","3","NO","YES","YES","CONTAINER_NOT_ASSIGNABLE","NO","NO","NO","NORMAL","PASS","pending","FAIL_CLOSED","PROFESSIONAL_REVIEW_CHAIN=Müzik & Enstrüman > Piyano, Org & Klavyeli Çalgılar | Müzik & Enstrüman > Piyano, Org & Klavyeli Çalgılar > Piyanolar","canonical-v1.0.0","No public/pilot activation candidate in the canonical source; this package keeps it staged and fail-closed."
"CANONICAL-000948","91eea306-4e38-42ed-a5c5-c51a9ecb564a","Müzik & Enstrüman > Piyano, Org & Klavyeli Çalgılar > Piyanolar > Akustik Piyanolar","4","YES","YES","YES","PROFESSIONAL_REVIEW","NO","NO","NO","NORMAL","PASS","pending","FAIL_CLOSED","PROFESSIONAL_REVIEW_CHAIN=Müzik & Enstrüman > Piyano, Org & Klavyeli Çalgılar | Müzik & Enstrüman > Piyano, Org & Klavyeli Çalgılar > Piyanolar | Müzik & Enstrüman > Piyano, Org & Klavyeli Çalgılar > Piyanolar > Akustik Piyanolar","canonical-v1.0.0","No public/pilot activation candidate in the canonical source; this package keeps it staged and fail-closed."
"CANONICAL-000949","f37ce374-169e-4d9c-926f-f7351b765f43","Müzik & Enstrüman > Piyano, Org & Klavyeli Çalgılar > Piyanolar > Dijital Piyanolar","4","YES","YES","YES","PROFESSIONAL_REVIEW","NO","NO","NO","NORMAL","PASS","pending","FAIL_CLOSED","PROFESSIONAL_REVIEW_CHAIN=Müzik & Enstrüman > Piyano, Org & Klavyeli Çalgılar | Müzik & Enstrüman > Piyano, Org & Klavyeli Çalgılar > Piyanolar | Müzik & Enstrüman > Piyano, Org & Klavyeli Çalgılar > Piyanolar > Dijital Piyanolar","canonical-v1.0.0","No public/pilot activation candidate in the canonical source; this package keeps it staged and fail-closed."
"CANONICAL-000950","6d4c6c4d-7ab9-41b5-bbef-6ac788821cd6","Müzik & Enstrüman > Piyano, Org & Klavyeli Çalgılar > Org & Performans Klavyeleri","3","YES","YES","YES","PROFESSIONAL_REVIEW","NO","NO","NO","NORMAL","PASS","pending","FAIL_CLOSED","PROFESSIONAL_REVIEW_CHAIN=Müzik & Enstrüman > Piyano, Org & Klavyeli Çalgılar | Müzik & Enstrüman > Piyano, Org & Klavyeli Çalgılar > Org & Performans Klavyeleri","canonical-v1.0.0","No public/pilot activation candidate in the canonical source; this package keeps it staged and fail-closed."
"CANONICAL-000951","45acc95e-af40-4670-8b59-5e6521cf9bfa","Müzik & Enstrüman > Piyano, Org & Klavyeli Çalgılar > Akordeonlar","3","YES","YES","YES","PROFESSIONAL_REVIEW","NO","NO","NO","NORMAL","PASS","pending","FAIL_CLOSED","PROFESSIONAL_REVIEW_CHAIN=Müzik & Enstrüman > Piyano, Org & Klavyeli Çalgılar | Müzik & Enstrüman > Piyano, Org & Klavyeli Çalgılar > Akordeonlar","canonical-v1.0.0","No public/pilot activation candidate in the canonical source; this package keeps it staged and fail-closed."
"CANONICAL-000952","51265112-f940-4325-a764-2776542cbb84","Müzik & Enstrüman > Telli & Yaylı Çalgılar","2","NO","YES","YES","CONTAINER_NOT_ASSIGNABLE","NO","NO","NO","NORMAL","PASS","pending","FAIL_CLOSED","PROFESSIONAL_REVIEW_CHAIN=Müzik & Enstrüman > Telli & Yaylı Çalgılar","canonical-v1.0.0","No public/pilot activation candidate in the canonical source; this package keeps it staged and fail-closed."
"CANONICAL-000953","15d769e3-d492-4e3c-a842-f47c52aa7ba0","Müzik & Enstrüman > Telli & Yaylı Çalgılar > Keman Ailesi","3","NO","YES","YES","CONTAINER_NOT_ASSIGNABLE","NO","NO","NO","NORMAL","PASS","pending","FAIL_CLOSED","PROFESSIONAL_REVIEW_CHAIN=Müzik & Enstrüman > Telli & Yaylı Çalgılar | Müzik & Enstrüman > Telli & Yaylı Çalgılar > Keman Ailesi","canonical-v1.0.0","No public/pilot activation candidate in the canonical source; this package keeps it staged and fail-closed."
"CANONICAL-000954","e7bef31e-d668-457b-bd0b-a9ce4b3cb2c5","Müzik & Enstrüman > Telli & Yaylı Çalgılar > Keman Ailesi > Kemanlar","4","YES","YES","YES","PROFESSIONAL_REVIEW","NO","NO","NO","NORMAL","PASS","pending","FAIL_CLOSED","PROFESSIONAL_REVIEW_CHAIN=Müzik & Enstrüman > Telli & Yaylı Çalgılar | Müzik & Enstrüman > Telli & Yaylı Çalgılar > Keman Ailesi | Müzik & Enstrüman > Telli & Yaylı Çalgılar > Keman Ailesi > Kemanlar","canonical-v1.0.0","No public/pilot activation candidate in the canonical source; this package keeps it staged and fail-closed."
"CANONICAL-000955","9b1d6ea1-a8b6-4ded-a318-4998e62a40f8","Müzik & Enstrüman > Telli & Yaylı Çalgılar > Keman Ailesi > Viyolalar","4","YES","YES","YES","PROFESSIONAL_REVIEW","NO","NO","NO","NORMAL","PASS","pending","FAIL_CLOSED","PROFESSIONAL_REVIEW_CHAIN=Müzik & Enstrüman > Telli & Yaylı Çalgılar | Müzik & Enstrüman > Telli & Yaylı Çalgılar > Keman Ailesi | Müzik & Enstrüman > Telli & Yaylı Çalgılar > Keman Ailesi > Viyolalar","canonical-v1.0.0","No public/pilot activation candidate in the canonical source; this package keeps it staged and fail-closed."
"CANONICAL-000956","37ae9687-bfe4-4e4d-879e-1faaa5231352","Müzik & Enstrüman > Telli & Yaylı Çalgılar > Keman Ailesi > Çellolar","4","YES","YES","YES","PROFESSIONAL_REVIEW","NO","NO","NO","NORMAL","PASS","pending","FAIL_CLOSED","PROFESSIONAL_REVIEW_CHAIN=Müzik & Enstrüman > Telli & Yaylı Çalgılar | Müzik & Enstrüman > Telli & Yaylı Çalgılar > Keman Ailesi | Müzik & Enstrüman > Telli & Yaylı Çalgılar > Keman Ailesi > Çellolar","canonical-v1.0.0","No public/pilot activation candidate in the canonical source; this package keeps it staged and fail-closed."
"CANONICAL-000957","131fa0bc-faee-48ff-8d63-4366c2afc079","Müzik & Enstrüman > Telli & Yaylı Çalgılar > Keman Ailesi > Kontrbaslar","4","YES","YES","YES","PROFESSIONAL_REVIEW","NO","NO","NO","NORMAL","PASS","pending","FAIL_CLOSED","PROFESSIONAL_REVIEW_CHAIN=Müzik & Enstrüman > Telli & Yaylı Çalgılar | Müzik & Enstrüman > Telli & Yaylı Çalgılar > Keman Ailesi | Müzik & Enstrüman > Telli & Yaylı Çalgılar > Keman Ailesi > Kontrbaslar","canonical-v1.0.0","No public/pilot activation candidate in the canonical source; this package keeps it staged and fail-closed."
"CANONICAL-000958","479bb122-eb51-4bc6-8bae-2a8608d039f7","Müzik & Enstrüman > Telli & Yaylı Çalgılar > Arplar","3","YES","YES","YES","PROFESSIONAL_REVIEW","NO","NO","NO","NORMAL","PASS","pending","FAIL_CLOSED","PROFESSIONAL_REVIEW_CHAIN=Müzik & Enstrüman > Telli & Yaylı Çalgılar | Müzik & Enstrüman > Telli & Yaylı Çalgılar > Arplar","canonical-v1.0.0","No public/pilot activation candidate in the canonical source; this package keeps it staged and fail-closed."
"CANONICAL-000959","7c4b37ca-56a4-4360-9038-faab260e491b","Müzik & Enstrüman > Telli & Yaylı Çalgılar > Diğer Telli Çalgılar","3","YES","YES","YES","PROFESSIONAL_REVIEW","NO","NO","NO","NORMAL","PASS","pending","FAIL_CLOSED","PROFESSIONAL_REVIEW_CHAIN=Müzik & Enstrüman > Telli & Yaylı Çalgılar | Müzik & Enstrüman > Telli & Yaylı Çalgılar > Diğer Telli Çalgılar","canonical-v1.0.0","No public/pilot activation candidate in the canonical source; this package keeps it staged and fail-closed."
"CANONICAL-000960","d2775ff6-efec-4608-926c-385d2aae0d56","Müzik & Enstrüman > Nefesli Çalgılar","2","NO","YES","YES","CONTAINER_NOT_ASSIGNABLE","NO","NO","NO","NORMAL","PASS","pending","FAIL_CLOSED","PROFESSIONAL_REVIEW_CHAIN=Müzik & Enstrüman > Nefesli Çalgılar","canonical-v1.0.0","No public/pilot activation candidate in the canonical source; this package keeps it staged and fail-closed."
"CANONICAL-000961","a1a52462-1a34-424c-82cc-27e57ccf2895","Müzik & Enstrüman > Nefesli Çalgılar > Tahta Nefesliler","3","NO","YES","YES","CONTAINER_NOT_ASSIGNABLE","NO","NO","NO","NORMAL","PASS","pending","FAIL_CLOSED","PROFESSIONAL_REVIEW_CHAIN=Müzik & Enstrüman > Nefesli Çalgılar | Müzik & Enstrüman > Nefesli Çalgılar > Tahta Nefesliler","canonical-v1.0.0","No public/pilot activation candidate in the canonical source; this package keeps it staged and fail-closed."
"CANONICAL-000962","2f059e4e-c2ac-4c58-8d2c-50cede3ad544","Müzik & Enstrüman > Nefesli Çalgılar > Tahta Nefesliler > Flütler","4","YES","YES","YES","PROFESSIONAL_REVIEW","NO","NO","NO","NORMAL","PASS","pending","FAIL_CLOSED","PROFESSIONAL_REVIEW_CHAIN=Müzik & Enstrüman > Nefesli Çalgılar | Müzik & Enstrüman > Nefesli Çalgılar > Tahta Nefesliler | Müzik & Enstrüman > Nefesli Çalgılar > Tahta Nefesliler > Flütler","canonical-v1.0.0","No public/pilot activation candidate in the canonical source; this package keeps it staged and fail-closed."
"CANONICAL-000963","ab79cbbd-01d4-40b6-b810-4b81d73df171","Müzik & Enstrüman > Nefesli Çalgılar > Tahta Nefesliler > Klarnetler","4","YES","YES","YES","PROFESSIONAL_REVIEW","NO","NO","NO","NORMAL","PASS","pending","FAIL_CLOSED","PROFESSIONAL_REVIEW_CHAIN=Müzik & Enstrüman > Nefesli Çalgılar | Müzik & Enstrüman > Nefesli Çalgılar > Tahta Nefesliler | Müzik & Enstrüman > Nefesli Çalgılar > Tahta Nefesliler > Klarnetler","canonical-v1.0.0","No public/pilot activation candidate in the canonical source; this package keeps it staged and fail-closed."
"CANONICAL-000964","7f4452fe-ebdf-40e9-bdf0-e826dd3777bd","Müzik & Enstrüman > Nefesli Çalgılar > Tahta Nefesliler > Saksafonlar","4","YES","YES","YES","PROFESSIONAL_REVIEW","NO","NO","NO","NORMAL","PASS","pending","FAIL_CLOSED","PROFESSIONAL_REVIEW_CHAIN=Müzik & Enstrüman > Nefesli Çalgılar | Müzik & Enstrüman > Nefesli Çalgılar > Tahta Nefesliler | Müzik & Enstrüman > Nefesli Çalgılar > Tahta Nefesliler > Saksafonlar","canonical-v1.0.0","No public/pilot activation candidate in the canonical source; this package keeps it staged and fail-closed."
"CANONICAL-000965","cba88f32-e7b9-41ad-8eed-ca11ba384ca2","Müzik & Enstrüman > Nefesli Çalgılar > Tahta Nefesliler > Obua & Fagotlar","4","YES","YES","YES","PROFESSIONAL_REVIEW","NO","NO","NO","NORMAL","PASS","pending","FAIL_CLOSED","PROFESSIONAL_REVIEW_CHAIN=Müzik & Enstrüman > Nefesli Çalgılar | Müzik & Enstrüman > Nefesli Çalgılar > Tahta Nefesliler | Müzik & Enstrüman > Nefesli Çalgılar > Tahta Nefesliler > Obua & Fagotlar","canonical-v1.0.0","No public/pilot activation candidate in the canonical source; this package keeps it staged and fail-closed."
"CANONICAL-000966","d486e35f-ca7b-44e5-bd6a-5524cf2fe81e","Müzik & Enstrüman > Nefesli Çalgılar > Bakır Nefesliler","3","NO","YES","YES","CONTAINER_NOT_ASSIGNABLE","NO","NO","NO","NORMAL","PASS","pending","FAIL_CLOSED","PROFESSIONAL_REVIEW_CHAIN=Müzik & Enstrüman > Nefesli Çalgılar | Müzik & Enstrüman > Nefesli Çalgılar > Bakır Nefesliler","canonical-v1.0.0","No public/pilot activation candidate in the canonical source; this package keeps it staged and fail-closed."
"CANONICAL-000967","b775424b-45fb-4c3a-bbb7-6e3e95728cae","Müzik & Enstrüman > Nefesli Çalgılar > Bakır Nefesliler > Trompet & Kornetler","4","YES","YES","YES","PROFESSIONAL_REVIEW","NO","NO","NO","NORMAL","PASS","pending","FAIL_CLOSED","PROFESSIONAL_REVIEW_CHAIN=Müzik & Enstrüman > Nefesli Çalgılar | Müzik & Enstrüman > Nefesli Çalgılar > Bakır Nefesliler | Müzik & Enstrüman > Nefesli Çalgılar > Bakır Nefesliler > Trompet & Kornetler","canonical-v1.0.0","No public/pilot activation candidate in the canonical source; this package keeps it staged and fail-closed."
"CANONICAL-000968","88a2eb34-c02a-476a-8113-abc25217e378","Müzik & Enstrüman > Nefesli Çalgılar > Bakır Nefesliler > Trombonlar","4","YES","YES","YES","PROFESSIONAL_REVIEW","NO","NO","NO","NORMAL","PASS","pending","FAIL_CLOSED","PROFESSIONAL_REVIEW_CHAIN=Müzik & Enstrüman > Nefesli Çalgılar | Müzik & Enstrüman > Nefesli Çalgılar > Bakır Nefesliler | Müzik & Enstrüman > Nefesli Çalgılar > Bakır Nefesliler > Trombonlar","canonical-v1.0.0","No public/pilot activation candidate in the canonical source; this package keeps it staged and fail-closed."
"CANONICAL-000969","0551fac0-944c-459c-bac5-7e69dcad98fe","Müzik & Enstrüman > Nefesli Çalgılar > Bakır Nefesliler > Korno, Tuba & Diğer Bakır Nefesliler","4","YES","YES","YES","PROFESSIONAL_REVIEW","NO","NO","NO","NORMAL","PASS","pending","FAIL_CLOSED","PROFESSIONAL_REVIEW_CHAIN=Müzik & Enstrüman > Nefesli Çalgılar | Müzik & Enstrüman > Nefesli Çalgılar > Bakır Nefesliler | Müzik & Enstrüman > Nefesli Çalgılar > Bakır Nefesliler > Korno, Tuba & Diğer Bakır Nefesliler","canonical-v1.0.0","No public/pilot activation candidate in the canonical source; this package keeps it staged and fail-closed."
"CANONICAL-000970","2086e3cb-c352-42aa-823e-953566f99654","Müzik & Enstrüman > Nefesli Çalgılar > Mızıka & Melodikalar","3","YES","YES","YES","PROFESSIONAL_REVIEW","NO","NO","NO","NORMAL","PASS","pending","FAIL_CLOSED","PROFESSIONAL_REVIEW_CHAIN=Müzik & Enstrüman > Nefesli Çalgılar | Müzik & Enstrüman > Nefesli Çalgılar > Mızıka & Melodikalar","canonical-v1.0.0","No public/pilot activation candidate in the canonical source; this package keeps it staged and fail-closed."
"CANONICAL-000971","7bb856f7-849d-463d-8d6b-6760dd1d9337","Müzik & Enstrüman > Vurmalı Çalgılar","2","NO","YES","YES","CONTAINER_NOT_ASSIGNABLE","NO","NO","NO","NORMAL","PASS","pending","FAIL_CLOSED","PROFESSIONAL_REVIEW_CHAIN=Müzik & Enstrüman > Vurmalı Çalgılar","canonical-v1.0.0","No public/pilot activation candidate in the canonical source; this package keeps it staged and fail-closed."
"CANONICAL-000972","0f0fdee4-472a-43bb-8cb4-e02a48066647","Müzik & Enstrüman > Vurmalı Çalgılar > Bateri Setleri","3","NO","YES","YES","CONTAINER_NOT_ASSIGNABLE","NO","NO","NO","NORMAL","PASS","pending","FAIL_CLOSED","PROFESSIONAL_REVIEW_CHAIN=Müzik & Enstrüman > Vurmalı Çalgılar | Müzik & Enstrüman > Vurmalı Çalgılar > Bateri Setleri","canonical-v1.0.0","No public/pilot activation candidate in the canonical source; this package keeps it staged and fail-closed."
"CANONICAL-000973","0d118ea0-5d77-4255-9471-90080c6d53cc","Müzik & Enstrüman > Vurmalı Çalgılar > Bateri Setleri > Akustik Bateri Setleri","4","YES","YES","YES","PROFESSIONAL_REVIEW","NO","NO","NO","NORMAL","PASS","pending","FAIL_CLOSED","PROFESSIONAL_REVIEW_CHAIN=Müzik & Enstrüman > Vurmalı Çalgılar | Müzik & Enstrüman > Vurmalı Çalgılar > Bateri Setleri | Müzik & Enstrüman > Vurmalı Çalgılar > Bateri Setleri > Akustik Bateri Setleri","canonical-v1.0.0","No public/pilot activation candidate in the canonical source; this package keeps it staged and fail-closed."
"CANONICAL-000974","4b2b01fb-4580-4870-96b4-63b44af76028","Müzik & Enstrüman > Vurmalı Çalgılar > Bateri Setleri > Elektronik Bateri Setleri","4","YES","YES","YES","PROFESSIONAL_REVIEW","NO","NO","NO","NORMAL","PASS","pending","FAIL_CLOSED","PROFESSIONAL_REVIEW_CHAIN=Müzik & Enstrüman > Vurmalı Çalgılar | Müzik & Enstrüman > Vurmalı Çalgılar > Bateri Setleri | Müzik & Enstrüman > Vurmalı Çalgılar > Bateri Setleri > Elektronik Bateri Setleri","canonical-v1.0.0","No public/pilot activation candidate in the canonical source; this package keeps it staged and fail-closed."
"CANONICAL-000975","9189f2de-e4cf-48df-8ba1-6755e231e601","Müzik & Enstrüman > Vurmalı Çalgılar > Ziller","3","YES","YES","YES","PROFESSIONAL_REVIEW","NO","NO","NO","NORMAL","PASS","pending","FAIL_CLOSED","PROFESSIONAL_REVIEW_CHAIN=Müzik & Enstrüman > Vurmalı Çalgılar | Müzik & Enstrüman > Vurmalı Çalgılar > Ziller","canonical-v1.0.0","No public/pilot activation candidate in the canonical source; this package keeps it staged and fail-closed."
"CANONICAL-000976","657c94c4-6ffe-4ada-a51f-eb904e92453b","Müzik & Enstrüman > Vurmalı Çalgılar > El Perküsyonları","3","YES","YES","YES","PROFESSIONAL_REVIEW","NO","NO","NO","NORMAL","PASS","pending","FAIL_CLOSED","PROFESSIONAL_REVIEW_CHAIN=Müzik & Enstrüman > Vurmalı Çalgılar | Müzik & Enstrüman > Vurmalı Çalgılar > El Perküsyonları","canonical-v1.0.0","No public/pilot activation candidate in the canonical source; this package keeps it staged and fail-closed."
"CANONICAL-000977","dd662b7b-7e4f-476e-91fd-c1dfd4d966b6","Müzik & Enstrüman > Vurmalı Çalgılar > Orkestra Vurmalıları","3","YES","YES","YES","PROFESSIONAL_REVIEW","NO","NO","NO","NORMAL","PASS","pending","FAIL_CLOSED","PROFESSIONAL_REVIEW_CHAIN=Müzik & Enstrüman > Vurmalı Çalgılar | Müzik & Enstrüman > Vurmalı Çalgılar > Orkestra Vurmalıları","canonical-v1.0.0","No public/pilot activation candidate in the canonical source; this package keeps it staged and fail-closed."
"CANONICAL-000978","1f278922-ca42-47df-945b-d51164429c25","Müzik & Enstrüman > Vurmalı Çalgılar > Çalışma Padleri","3","YES","YES","YES","PROFESSIONAL_REVIEW","NO","NO","NO","NORMAL","PASS","pending","FAIL_CLOSED","PROFESSIONAL_REVIEW_CHAIN=Müzik & Enstrüman > Vurmalı Çalgılar | Müzik & Enstrüman > Vurmalı Çalgılar > Çalışma Padleri","canonical-v1.0.0","No public/pilot activation candidate in the canonical source; this package keeps it staged and fail-closed."
"CANONICAL-000979","dbb76e67-0c4c-45ab-b4ce-fab1d8666d93","Müzik & Enstrüman > Geleneksel Türk Müziği Enstrümanları","2","NO","YES","YES","CONTAINER_NOT_ASSIGNABLE","NO","NO","NO","NORMAL","PASS","pending","FAIL_CLOSED","PROFESSIONAL_REVIEW_CHAIN=Müzik & Enstrüman > Geleneksel Türk Müziği Enstrümanları","canonical-v1.0.0","No public/pilot activation candidate in the canonical source; this package keeps it staged and fail-closed."
"CANONICAL-000980","f93928f0-0e48-475c-8c0c-e133d1ebbb39","Müzik & Enstrüman > Geleneksel Türk Müziği Enstrümanları > Bağlama Ailesi","3","NO","YES","YES","CONTAINER_NOT_ASSIGNABLE","NO","NO","NO","NORMAL","PASS","pending","FAIL_CLOSED","PROFESSIONAL_REVIEW_CHAIN=Müzik & Enstrüman > Geleneksel Türk Müziği Enstrümanları | Müzik & Enstrüman > Geleneksel Türk Müziği Enstrümanları > Bağlama Ailesi","canonical-v1.0.0","No public/pilot activation candidate in the canonical source; this package keeps it staged and fail-closed."
"CANONICAL-000981","9a8d2667-ffc2-409d-a75a-24c84586a160","Müzik & Enstrüman > Geleneksel Türk Müziği Enstrümanları > Bağlama Ailesi > Bağlamalar","4","YES","YES","YES","PROFESSIONAL_REVIEW","NO","NO","NO","NORMAL","PASS","pending","FAIL_CLOSED","PROFESSIONAL_REVIEW_CHAIN=Müzik & Enstrüman > Geleneksel Türk Müziği Enstrümanları | Müzik & Enstrüman > Geleneksel Türk Müziği Enstrümanları > Bağlama Ailesi | Müzik & Enstrüman > Geleneksel Türk Müziği Enstrümanları > Bağlama Ailesi > Bağlamalar","canonical-v1.0.0","No public/pilot activation candidate in the canonical source; this package keeps it staged and fail-closed."
"CANONICAL-000982","4702192a-5e37-424a-8919-2837b3a8b68d","Müzik & Enstrüman > Geleneksel Türk Müziği Enstrümanları > Bağlama Ailesi > Curalar","4","YES","YES","YES","PROFESSIONAL_REVIEW","NO","NO","NO","NORMAL","PASS","pending","FAIL_CLOSED","PROFESSIONAL_REVIEW_CHAIN=Müzik & Enstrüman > Geleneksel Türk Müziği Enstrümanları | Müzik & Enstrüman > Geleneksel Türk Müziği Enstrümanları > Bağlama Ailesi | Müzik & Enstrüman > Geleneksel Türk Müziği Enstrümanları > Bağlama Ailesi > Curalar","canonical-v1.0.0","No public/pilot activation candidate in the canonical source; this package keeps it staged and fail-closed."
"CANONICAL-000983","481f02c2-12bd-4610-a97d-17f7e5564695","Müzik & Enstrüman > Geleneksel Türk Müziği Enstrümanları > Bağlama Ailesi > Divan Sazları","4","YES","YES","YES","PROFESSIONAL_REVIEW","NO","NO","NO","NORMAL","PASS","pending","FAIL_CLOSED","PROFESSIONAL_REVIEW_CHAIN=Müzik & Enstrüman > Geleneksel Türk Müziği Enstrümanları | Müzik & Enstrüman > Geleneksel Türk Müziği Enstrümanları > Bağlama Ailesi | Müzik & Enstrüman > Geleneksel Türk Müziği Enstrümanları > Bağlama Ailesi > Divan Sazları","canonical-v1.0.0","No public/pilot activation candidate in the canonical source; this package keeps it staged and fail-closed."
"CANONICAL-000984","07f611e6-85fa-42f9-861e-cbd808631fc6","Müzik & Enstrüman > Geleneksel Türk Müziği Enstrümanları > Udlar","3","YES","YES","YES","PROFESSIONAL_REVIEW","NO","NO","NO","NORMAL","PASS","pending","FAIL_CLOSED","PROFESSIONAL_REVIEW_CHAIN=Müzik & Enstrüman > Geleneksel Türk Müziği Enstrümanları | Müzik & Enstrüman > Geleneksel Türk Müziği Enstrümanları > Udlar","canonical-v1.0.0","No public/pilot activation candidate in the canonical source; this package keeps it staged and fail-closed."
"CANONICAL-000985","426f1746-156d-4dc7-848e-50935bf3f8be","Müzik & Enstrüman > Geleneksel Türk Müziği Enstrümanları > Kanunlar","3","YES","YES","YES","PROFESSIONAL_REVIEW","NO","NO","NO","NORMAL","PASS","pending","FAIL_CLOSED","PROFESSIONAL_REVIEW_CHAIN=Müzik & Enstrüman > Geleneksel Türk Müziği Enstrümanları | Müzik & Enstrüman > Geleneksel Türk Müziği Enstrümanları > Kanunlar","canonical-v1.0.0","No public/pilot activation candidate in the canonical source; this package keeps it staged and fail-closed."
"CANONICAL-000986","3b55c7f7-7012-49e7-b7cd-3e80142a5aae","Müzik & Enstrüman > Geleneksel Türk Müziği Enstrümanları > Kemençeler","3","YES","YES","YES","PROFESSIONAL_REVIEW","NO","NO","NO","NORMAL","PASS","pending","FAIL_CLOSED","PROFESSIONAL_REVIEW_CHAIN=Müzik & Enstrüman > Geleneksel Türk Müziği Enstrümanları | Müzik & Enstrüman > Geleneksel Türk Müziği Enstrümanları > Kemençeler","canonical-v1.0.0","No public/pilot activation candidate in the canonical source; this package keeps it staged and fail-closed."
"CANONICAL-000987","c51e53be-0a15-4485-8ab0-8bac57eb1e0e","Müzik & Enstrüman > Geleneksel Türk Müziği Enstrümanları > Geleneksel Nefesliler","3","NO","YES","YES","CONTAINER_NOT_ASSIGNABLE","NO","NO","NO","NORMAL","PASS","pending","FAIL_CLOSED","PROFESSIONAL_REVIEW_CHAIN=Müzik & Enstrüman > Geleneksel Türk Müziği Enstrümanları | Müzik & Enstrüman > Geleneksel Türk Müziği Enstrümanları > Geleneksel Nefesliler","canonical-v1.0.0","No public/pilot activation candidate in the canonical source; this package keeps it staged and fail-closed."
"CANONICAL-000988","7e8c8bf4-ae6d-4597-b06a-a2c1edc247ed","Müzik & Enstrüman > Geleneksel Türk Müziği Enstrümanları > Geleneksel Nefesliler > Neyler","4","YES","YES","YES","PROFESSIONAL_REVIEW","NO","NO","NO","NORMAL","PASS","pending","FAIL_CLOSED","PROFESSIONAL_REVIEW_CHAIN=Müzik & Enstrüman > Geleneksel Türk Müziği Enstrümanları | Müzik & Enstrüman > Geleneksel Türk Müziği Enstrümanları > Geleneksel Nefesliler | Müzik & Enstrüman > Geleneksel Türk Müziği Enstrümanları > Geleneksel Nefesliler > Neyler","canonical-v1.0.0","No public/pilot activation candidate in the canonical source; this package keeps it staged and fail-closed."
"CANONICAL-000989","20dbf85b-6304-4f4d-9703-eb7f4fe5f56f","Müzik & Enstrüman > Geleneksel Türk Müziği Enstrümanları > Geleneksel Nefesliler > Zurna & Meyler","4","YES","YES","YES","PROFESSIONAL_REVIEW","NO","NO","NO","NORMAL","PASS","pending","FAIL_CLOSED","PROFESSIONAL_REVIEW_CHAIN=Müzik & Enstrüman > Geleneksel Türk Müziği Enstrümanları | Müzik & Enstrüman > Geleneksel Türk Müziği Enstrümanları > Geleneksel Nefesliler | Müzik & Enstrüman > Geleneksel Türk Müziği Enstrümanları > Geleneksel Nefesliler > Zurna & Meyler","canonical-v1.0.0","No public/pilot activation candidate in the canonical source; this package keeps it staged and fail-closed."
"CANONICAL-000990","fe1d9c78-9b85-4e90-bb55-e94e45602439","Müzik & Enstrüman > Geleneksel Türk Müziği Enstrümanları > Geleneksel Vurmalılar","3","NO","YES","YES","CONTAINER_NOT_ASSIGNABLE","NO","NO","NO","NORMAL","PASS","pending","FAIL_CLOSED","PROFESSIONAL_REVIEW_CHAIN=Müzik & Enstrüman > Geleneksel Türk Müziği Enstrümanları | Müzik & Enstrüman > Geleneksel Türk Müziği Enstrümanları > Geleneksel Vurmalılar","canonical-v1.0.0","No public/pilot activation candidate in the canonical source; this package keeps it staged and fail-closed."
"CANONICAL-000991","de33880b-7077-4622-8cd4-a79b9637684e","Müzik & Enstrüman > Geleneksel Türk Müziği Enstrümanları > Geleneksel Vurmalılar > Darbukalar","4","YES","YES","YES","PROFESSIONAL_REVIEW","NO","NO","NO","NORMAL","PASS","pending","FAIL_CLOSED","PROFESSIONAL_REVIEW_CHAIN=Müzik & Enstrüman > Geleneksel Türk Müziği Enstrümanları | Müzik & Enstrüman > Geleneksel Türk Müziği Enstrümanları > Geleneksel Vurmalılar | Müzik & Enstrüman > Geleneksel Türk Müziği Enstrümanları > Geleneksel Vurmalılar > Darbukalar","canonical-v1.0.0","No public/pilot activation candidate in the canonical source; this package keeps it staged and fail-closed."
"CANONICAL-000992","57b594fd-449e-4b1d-8a15-43035ff63e8d","Müzik & Enstrüman > Geleneksel Türk Müziği Enstrümanları > Geleneksel Vurmalılar > Bendirler","4","YES","YES","YES","PROFESSIONAL_REVIEW","NO","NO","NO","NORMAL","PASS","pending","FAIL_CLOSED","PROFESSIONAL_REVIEW_CHAIN=Müzik & Enstrüman > Geleneksel Türk Müziği Enstrümanları | Müzik & Enstrüman > Geleneksel Türk Müziği Enstrümanları > Geleneksel Vurmalılar | Müzik & Enstrüman > Geleneksel Türk Müziği Enstrümanları > Geleneksel Vurmalılar > Bendirler","canonical-v1.0.0","No public/pilot activation candidate in the canonical source; this package keeps it staged and fail-closed."
"CANONICAL-000993","35d0a5c8-7235-4ed4-8cfa-98bcf184f49c","Müzik & Enstrüman > Geleneksel Türk Müziği Enstrümanları > Geleneksel Vurmalılar > Davullar","4","YES","YES","YES","PROFESSIONAL_REVIEW","NO","NO","NO","NORMAL","PASS","pending","FAIL_CLOSED","PROFESSIONAL_REVIEW_CHAIN=Müzik & Enstrüman > Geleneksel Türk Müziği Enstrümanları | Müzik & Enstrüman > Geleneksel Türk Müziği Enstrümanları > Geleneksel Vurmalılar | Müzik & Enstrüman > Geleneksel Türk Müziği Enstrümanları > Geleneksel Vurmalılar > Davullar","canonical-v1.0.0","No public/pilot activation candidate in the canonical source; this package keeps it staged and fail-closed."
"CANONICAL-000994","db9cd2ce-f27f-4359-b797-ae29b3c533e4","Müzik & Enstrüman > Elektronik Müzik & DJ Ekipmanları","2","NO","YES","YES","CONTAINER_NOT_ASSIGNABLE","NO","NO","NO","NORMAL","PASS","pending","FAIL_CLOSED","PROFESSIONAL_REVIEW_CHAIN=Müzik & Enstrüman > Elektronik Müzik & DJ Ekipmanları","canonical-v1.0.0","No public/pilot activation candidate in the canonical source; this package keeps it staged and fail-closed."
"CANONICAL-000995","f095ad56-fea5-4887-846c-313389fc6a39","Müzik & Enstrüman > Elektronik Müzik & DJ Ekipmanları > Synthesizerlar","3","YES","YES","YES","PROFESSIONAL_REVIEW","NO","NO","NO","NORMAL","PASS","pending","FAIL_CLOSED","PROFESSIONAL_REVIEW_CHAIN=Müzik & Enstrüman > Elektronik Müzik & DJ Ekipmanları | Müzik & Enstrüman > Elektronik Müzik & DJ Ekipmanları > Synthesizerlar","canonical-v1.0.0","No public/pilot activation candidate in the canonical source; this package keeps it staged and fail-closed."
"CANONICAL-000996","5fa0aa90-bc41-4965-8143-c684d25f5431","Müzik & Enstrüman > Elektronik Müzik & DJ Ekipmanları > Sampler & Grooveboxlar","3","YES","YES","YES","PROFESSIONAL_REVIEW","NO","NO","NO","NORMAL","PASS","pending","FAIL_CLOSED","PROFESSIONAL_REVIEW_CHAIN=Müzik & Enstrüman > Elektronik Müzik & DJ Ekipmanları | Müzik & Enstrüman > Elektronik Müzik & DJ Ekipmanları > Sampler & Grooveboxlar","canonical-v1.0.0","No public/pilot activation candidate in the canonical source; this package keeps it staged and fail-closed."
"CANONICAL-000997","2aee7b6a-088e-4b47-b58c-d50284565b19","Müzik & Enstrüman > Elektronik Müzik & DJ Ekipmanları > MIDI Kontrolcüleri","3","YES","YES","YES","PROFESSIONAL_REVIEW","NO","NO","NO","NORMAL","PASS","pending","FAIL_CLOSED","PROFESSIONAL_REVIEW_CHAIN=Müzik & Enstrüman > Elektronik Müzik & DJ Ekipmanları | Müzik & Enstrüman > Elektronik Müzik & DJ Ekipmanları > MIDI Kontrolcüleri","canonical-v1.0.0","No public/pilot activation candidate in the canonical source; this package keeps it staged and fail-closed."
"CANONICAL-000998","7df0b21a-9dfb-4738-ae49-d83136eb70c3","Müzik & Enstrüman > Elektronik Müzik & DJ Ekipmanları > Davul Makineleri & Sequencerlar","3","YES","YES","YES","PROFESSIONAL_REVIEW","NO","NO","NO","NORMAL","PASS","pending","FAIL_CLOSED","PROFESSIONAL_REVIEW_CHAIN=Müzik & Enstrüman > Elektronik Müzik & DJ Ekipmanları | Müzik & Enstrüman > Elektronik Müzik & DJ Ekipmanları > Davul Makineleri & Sequencerlar","canonical-v1.0.0","No public/pilot activation candidate in the canonical source; this package keeps it staged and fail-closed."
"CANONICAL-000999","dbddcd27-9214-467a-81a0-ab0587af1f63","Müzik & Enstrüman > Elektronik Müzik & DJ Ekipmanları > DJ Kontrolcüleri","3","YES","YES","YES","PROFESSIONAL_REVIEW","NO","NO","NO","NORMAL","PASS","pending","FAIL_CLOSED","PROFESSIONAL_REVIEW_CHAIN=Müzik & Enstrüman > Elektronik Müzik & DJ Ekipmanları | Müzik & Enstrüman > Elektronik Müzik & DJ Ekipmanları > DJ Kontrolcüleri","canonical-v1.0.0","No public/pilot activation candidate in the canonical source; this package keeps it staged and fail-closed."
"CANONICAL-001000","8f118114-bf6e-4058-83dd-edcc50c26231","Müzik & Enstrüman > Elektronik Müzik & DJ Ekipmanları > DJ Mikserleri","3","YES","YES","YES","PROFESSIONAL_REVIEW","NO","NO","NO","NORMAL","PASS","pending","FAIL_CLOSED","PROFESSIONAL_REVIEW_CHAIN=Müzik & Enstrüman > Elektronik Müzik & DJ Ekipmanları | Müzik & Enstrüman > Elektronik Müzik & DJ Ekipmanları > DJ Mikserleri","canonical-v1.0.0","No public/pilot activation candidate in the canonical source; this package keeps it staged and fail-closed."
"CANONICAL-001001","35632545-a3dc-4771-9dee-5360b85ca2fd","Müzik & Enstrüman > Elektronik Müzik & DJ Ekipmanları > DJ Pikapları","3","YES","YES","YES","PROFESSIONAL_REVIEW","NO","NO","NO","NORMAL","PASS","pending","FAIL_CLOSED","PROFESSIONAL_REVIEW_CHAIN=Müzik & Enstrüman > Elektronik Müzik & DJ Ekipmanları | Müzik & Enstrüman > Elektronik Müzik & DJ Ekipmanları > DJ Pikapları","canonical-v1.0.0","No public/pilot activation candidate in the canonical source; this package keeps it staged and fail-closed."
"CANONICAL-001002","684cefc1-d705-4a8e-b528-a60b4c8d56cb","Müzik & Enstrüman > Stüdyo, Kayıt & Canlı Ses Ekipmanları","2","NO","YES","YES","CONTAINER_NOT_ASSIGNABLE","NO","NO","NO","REGULATED","FAIL_CLOSED","pending","FAIL_CLOSED","POLICY_CHAIN=Müzik & Enstrüman > Stüdyo, Kayıt & Canlı Ses Ekipmanları:REGULATED; PROFESSIONAL_REVIEW_CHAIN=Müzik & Enstrüman > Stüdyo, Kayıt & Canlı Ses Ekipmanları","canonical-v1.0.0","No public/pilot activation candidate in the canonical source; this package keeps it staged and fail-closed."
"CANONICAL-001003","385880b4-140e-4403-aafa-5179475e6083","Müzik & Enstrüman > Stüdyo, Kayıt & Canlı Ses Ekipmanları > Mikrofonlar","3","NO","YES","YES","CONTAINER_NOT_ASSIGNABLE","NO","NO","NO","REGULATED","FAIL_CLOSED","pending","FAIL_CLOSED","POLICY_CHAIN=Müzik & Enstrüman > Stüdyo, Kayıt & Canlı Ses Ekipmanları:REGULATED | Müzik & Enstrüman > Stüdyo, Kayıt & Canlı Ses Ekipmanları > Mikrofonlar:REGULATED; PROFESSIONAL_REVIEW_CHAIN=Müzik & Enstrüman > Stüdyo, Kayıt & Canlı Ses Ekipmanları | Müzik & Enstrüman > Stüdyo, Kayıt & Canlı Ses Ekipmanları > Mikrofonlar","canonical-v1.0.0","No public/pilot activation candidate in the canonical source; this package keeps it staged and fail-closed."
"CANONICAL-001004","8009aa9c-acd9-4037-9348-576bb22cfa54","Müzik & Enstrüman > Stüdyo, Kayıt & Canlı Ses Ekipmanları > Mikrofonlar > Kondenser Mikrofonlar","4","YES","YES","YES","POLICY_BLOCKED","NO","NO","NO","NORMAL","FAIL_CLOSED","pending","FAIL_CLOSED","POLICY_CHAIN=Müzik & Enstrüman > Stüdyo, Kayıt & Canlı Ses Ekipmanları:REGULATED | Müzik & Enstrüman > Stüdyo, Kayıt & Canlı Ses Ekipmanları > Mikrofonlar:REGULATED; PROFESSIONAL_REVIEW_CHAIN=Müzik & Enstrüman > Stüdyo, Kayıt & Canlı Ses Ekipmanları | Müzik & Enstrüman > Stüdyo, Kayıt & Canlı Ses Ekipmanları > Mikrofonlar | Müzik & Enstrüman > Stüdyo, Kayıt & Canlı Ses Ekipmanları > Mikrofonlar > Kondenser Mikrofonlar","canonical-v1.0.0","No public/pilot activation candidate in the canonical source; this package keeps it staged and fail-closed."
"CANONICAL-001005","ce4fd697-e155-4f45-bf81-91c27d2bd9e2","Müzik & Enstrüman > Stüdyo, Kayıt & Canlı Ses Ekipmanları > Mikrofonlar > Dinamik Mikrofonlar","4","YES","YES","YES","POLICY_BLOCKED","NO","NO","NO","NORMAL","FAIL_CLOSED","pending","FAIL_CLOSED","POLICY_CHAIN=Müzik & Enstrüman > Stüdyo, Kayıt & Canlı Ses Ekipmanları:REGULATED | Müzik & Enstrüman > Stüdyo, Kayıt & Canlı Ses Ekipmanları > Mikrofonlar:REGULATED; PROFESSIONAL_REVIEW_CHAIN=Müzik & Enstrüman > Stüdyo, Kayıt & Canlı Ses Ekipmanları | Müzik & Enstrüman > Stüdyo, Kayıt & Canlı Ses Ekipmanları > Mikrofonlar | Müzik & Enstrüman > Stüdyo, Kayıt & Canlı Ses Ekipmanları > Mikrofonlar > Dinamik Mikrofonlar","canonical-v1.0.0","No public/pilot activation candidate in the canonical source; this package keeps it staged and fail-closed."
"CANONICAL-001006","796adbcf-92ca-49f6-88ae-ab6f34629037","Müzik & Enstrüman > Stüdyo, Kayıt & Canlı Ses Ekipmanları > Mikrofonlar > Kablosuz Mikrofon Sistemleri","4","YES","YES","YES","POLICY_BLOCKED","NO","NO","NO","REGULATED","FAIL_CLOSED","pending","FAIL_CLOSED","POLICY_CHAIN=Müzik & Enstrüman > Stüdyo, Kayıt & Canlı Ses Ekipmanları:REGULATED | Müzik & Enstrüman > Stüdyo, Kayıt & Canlı Ses Ekipmanları > Mikrofonlar:REGULATED | Müzik & Enstrüman > Stüdyo, Kayıt & Canlı Ses Ekipmanları > Mikrofonlar > Kablosuz Mikrofon Sistemleri:REGULATED; PROFESSIONAL_REVIEW_CHAIN=Müzik & Enstrüman > Stüdyo, Kayıt & Canlı Ses Ekipmanları | Müzik & Enstrüman > Stüdyo, Kayıt & Canlı Ses Ekipmanları > Mikrofonlar | Müzik & Enstrüman > Stüdyo, Kayıt & Canlı Ses Ekipmanları > Mikrofonlar > Kablosuz Mikrofon Sistemleri","canonical-v1.0.0","No public/pilot activation candidate in the canonical source; this package keeps it staged and fail-closed."
"CANONICAL-001007","2374d03a-c28d-4af6-8470-d83c01370577","Müzik & Enstrüman > Stüdyo, Kayıt & Canlı Ses Ekipmanları > Ses Arayüzleri","3","YES","YES","YES","POLICY_BLOCKED","NO","NO","NO","NORMAL","FAIL_CLOSED","pending","FAIL_CLOSED","POLICY_CHAIN=Müzik & Enstrüman > Stüdyo, Kayıt & Canlı Ses Ekipmanları:REGULATED; PROFESSIONAL_REVIEW_CHAIN=Müzik & Enstrüman > Stüdyo, Kayıt & Canlı Ses Ekipmanları | Müzik & Enstrüman > Stüdyo, Kayıt & Canlı Ses Ekipmanları > Ses Arayüzleri","canonical-v1.0.0","No public/pilot activation candidate in the canonical source; this package keeps it staged and fail-closed."
"CANONICAL-001008","07ecc959-17ee-476b-954f-3e790f42b1ef","Müzik & Enstrüman > Stüdyo, Kayıt & Canlı Ses Ekipmanları > Stüdyo Monitörleri","3","YES","YES","YES","POLICY_BLOCKED","NO","NO","NO","NORMAL","FAIL_CLOSED","pending","FAIL_CLOSED","POLICY_CHAIN=Müzik & Enstrüman > Stüdyo, Kayıt & Canlı Ses Ekipmanları:REGULATED; PROFESSIONAL_REVIEW_CHAIN=Müzik & Enstrüman > Stüdyo, Kayıt & Canlı Ses Ekipmanları | Müzik & Enstrüman > Stüdyo, Kayıt & Canlı Ses Ekipmanları > Stüdyo Monitörleri","canonical-v1.0.0","No public/pilot activation candidate in the canonical source; this package keeps it staged and fail-closed."
"CANONICAL-001009","5a526706-824b-4c13-b5aa-b06e2f233f01","Müzik & Enstrüman > Stüdyo, Kayıt & Canlı Ses Ekipmanları > Kayıt & Canlı Ses Mikserleri","3","YES","YES","YES","POLICY_BLOCKED","NO","NO","NO","NORMAL","FAIL_CLOSED","pending","FAIL_CLOSED","POLICY_CHAIN=Müzik & Enstrüman > Stüdyo, Kayıt & Canlı Ses Ekipmanları:REGULATED; PROFESSIONAL_REVIEW_CHAIN=Müzik & Enstrüman > Stüdyo, Kayıt & Canlı Ses Ekipmanları | Müzik & Enstrüman > Stüdyo, Kayıt & Canlı Ses Ekipmanları > Kayıt & Canlı Ses Mikserleri","canonical-v1.0.0","No public/pilot activation candidate in the canonical source; this package keeps it staged and fail-closed."
"CANONICAL-001010","fd3162d1-d2b8-4469-a6da-426a5343a587","Müzik & Enstrüman > Stüdyo, Kayıt & Canlı Ses Ekipmanları > PA Hoparlörleri","3","YES","YES","YES","POLICY_BLOCKED","NO","NO","NO","NORMAL","FAIL_CLOSED","pending","FAIL_CLOSED","POLICY_CHAIN=Müzik & Enstrüman > Stüdyo, Kayıt & Canlı Ses Ekipmanları:REGULATED; PROFESSIONAL_REVIEW_CHAIN=Müzik & Enstrüman > Stüdyo, Kayıt & Canlı Ses Ekipmanları | Müzik & Enstrüman > Stüdyo, Kayıt & Canlı Ses Ekipmanları > PA Hoparlörleri","canonical-v1.0.0","No public/pilot activation candidate in the canonical source; this package keeps it staged and fail-closed."
"CANONICAL-001011","ad598585-6e1e-456d-bb5b-2a6d0c3f51df","Müzik & Enstrüman > Stüdyo, Kayıt & Canlı Ses Ekipmanları > Taşınabilir Ses Kayıt Cihazları","3","YES","YES","YES","POLICY_BLOCKED","NO","NO","NO","NORMAL","FAIL_CLOSED","pending","FAIL_CLOSED","POLICY_CHAIN=Müzik & Enstrüman > Stüdyo, Kayıt & Canlı Ses Ekipmanları:REGULATED; PROFESSIONAL_REVIEW_CHAIN=Müzik & Enstrüman > Stüdyo, Kayıt & Canlı Ses Ekipmanları | Müzik & Enstrüman > Stüdyo, Kayıt & Canlı Ses Ekipmanları > Taşınabilir Ses Kayıt Cihazları","canonical-v1.0.0","No public/pilot activation candidate in the canonical source; this package keeps it staged and fail-closed."
"CANONICAL-001012","7459b937-832c-4c2c-9b8a-7900e1713258","Müzik & Enstrüman > Stüdyo, Kayıt & Canlı Ses Ekipmanları > Stüdyo Kulaklıkları","3","YES","YES","YES","POLICY_BLOCKED","NO","NO","NO","NORMAL","FAIL_CLOSED","pending","FAIL_CLOSED","POLICY_CHAIN=Müzik & Enstrüman > Stüdyo, Kayıt & Canlı Ses Ekipmanları:REGULATED; PROFESSIONAL_REVIEW_CHAIN=Müzik & Enstrüman > Stüdyo, Kayıt & Canlı Ses Ekipmanları | Müzik & Enstrüman > Stüdyo, Kayıt & Canlı Ses Ekipmanları > Stüdyo Kulaklıkları","canonical-v1.0.0","No public/pilot activation candidate in the canonical source; this package keeps it staged and fail-closed."
"CANONICAL-001013","a0600329-3dab-4bec-ac28-ba5c07346b7a","Müzik & Enstrüman > Enstrüman Amfi & Efektleri","2","NO","YES","YES","CONTAINER_NOT_ASSIGNABLE","NO","NO","NO","NORMAL","PASS","pending","FAIL_CLOSED","PROFESSIONAL_REVIEW_CHAIN=Müzik & Enstrüman > Enstrüman Amfi & Efektleri","canonical-v1.0.0","No public/pilot activation candidate in the canonical source; this package keeps it staged and fail-closed."
"CANONICAL-001014","b1a3b590-5d26-4a5e-84db-31b1b640a8de","Müzik & Enstrüman > Enstrüman Amfi & Efektleri > Gitar Amfileri","3","YES","YES","YES","PROFESSIONAL_REVIEW","NO","NO","NO","NORMAL","PASS","pending","FAIL_CLOSED","PROFESSIONAL_REVIEW_CHAIN=Müzik & Enstrüman > Enstrüman Amfi & Efektleri | Müzik & Enstrüman > Enstrüman Amfi & Efektleri > Gitar Amfileri","canonical-v1.0.0","No public/pilot activation candidate in the canonical source; this package keeps it staged and fail-closed."
"CANONICAL-001015","b849caf3-43ce-4b40-afc5-435f7f161718","Müzik & Enstrüman > Enstrüman Amfi & Efektleri > Bas Amfileri","3","YES","YES","YES","PROFESSIONAL_REVIEW","NO","NO","NO","NORMAL","PASS","pending","FAIL_CLOSED","PROFESSIONAL_REVIEW_CHAIN=Müzik & Enstrüman > Enstrüman Amfi & Efektleri | Müzik & Enstrüman > Enstrüman Amfi & Efektleri > Bas Amfileri","canonical-v1.0.0","No public/pilot activation candidate in the canonical source; this package keeps it staged and fail-closed."
"CANONICAL-001016","15377ce8-0fb8-4335-a3ea-09d1fcd43e81","Müzik & Enstrüman > Enstrüman Amfi & Efektleri > Enstrüman Kabinleri","3","YES","YES","YES","PROFESSIONAL_REVIEW","NO","NO","NO","NORMAL","PASS","pending","FAIL_CLOSED","PROFESSIONAL_REVIEW_CHAIN=Müzik & Enstrüman > Enstrüman Amfi & Efektleri | Müzik & Enstrüman > Enstrüman Amfi & Efektleri > Enstrüman Kabinleri","canonical-v1.0.0","No public/pilot activation candidate in the canonical source; this package keeps it staged and fail-closed."
"CANONICAL-001017","47555ac1-1d87-4085-ab3b-0d0f22b0f490","Müzik & Enstrüman > Enstrüman Amfi & Efektleri > Efekt Pedalları","3","YES","YES","YES","PROFESSIONAL_REVIEW","NO","NO","NO","NORMAL","PASS","pending","FAIL_CLOSED","PROFESSIONAL_REVIEW_CHAIN=Müzik & Enstrüman > Enstrüman Amfi & Efektleri | Müzik & Enstrüman > Enstrüman Amfi & Efektleri > Efekt Pedalları","canonical-v1.0.0","No public/pilot activation candidate in the canonical source; this package keeps it staged and fail-closed."
"CANONICAL-001018","452dc68c-9afd-43b0-b2aa-ae22123a9dd9","Müzik & Enstrüman > Enstrüman Amfi & Efektleri > Çoklu Efekt İşlemcileri","3","YES","YES","YES","PROFESSIONAL_REVIEW","NO","NO","NO","NORMAL","PASS","pending","FAIL_CLOSED","PROFESSIONAL_REVIEW_CHAIN=Müzik & Enstrüman > Enstrüman Amfi & Efektleri | Müzik & Enstrüman > Enstrüman Amfi & Efektleri > Çoklu Efekt İşlemcileri","canonical-v1.0.0","No public/pilot activation candidate in the canonical source; this package keeps it staged and fail-closed."
"CANONICAL-001019","cc3e5b6c-f4a1-4959-ba40-eaf11d52d50f","Müzik & Enstrüman > Enstrüman Amfi & Efektleri > Akustik Enstrüman Amfileri","3","YES","YES","YES","PROFESSIONAL_REVIEW","NO","NO","NO","NORMAL","PASS","pending","FAIL_CLOSED","PROFESSIONAL_REVIEW_CHAIN=Müzik & Enstrüman > Enstrüman Amfi & Efektleri | Müzik & Enstrüman > Enstrüman Amfi & Efektleri > Akustik Enstrüman Amfileri","canonical-v1.0.0","No public/pilot activation candidate in the canonical source; this package keeps it staged and fail-closed."
"CANONICAL-001020","99826996-49d1-4016-b8dd-745cdda12ff6","Müzik & Enstrüman > Enstrüman Aksesuar, Bakım & Sarf Malzemeleri","2","NO","YES","YES","CONTAINER_NOT_ASSIGNABLE","NO","NO","NO","LEGAL_REVIEW_REQUIRED","FAIL_CLOSED","pending","FAIL_CLOSED","POLICY_CHAIN=Müzik & Enstrüman > Enstrüman Aksesuar, Bakım & Sarf Malzemeleri:LEGAL_REVIEW_REQUIRED; PROFESSIONAL_REVIEW_CHAIN=Müzik & Enstrüman > Enstrüman Aksesuar, Bakım & Sarf Malzemeleri","canonical-v1.0.0","No public/pilot activation candidate in the canonical source; this package keeps it staged and fail-closed."
"CANONICAL-001021","2dc7e952-7588-412c-94e7-9383d22ef90b","Müzik & Enstrüman > Enstrüman Aksesuar, Bakım & Sarf Malzemeleri > Enstrüman Telleri","3","YES","YES","YES","POLICY_BLOCKED","NO","NO","NO","NORMAL","FAIL_CLOSED","pending","FAIL_CLOSED","POLICY_CHAIN=Müzik & Enstrüman > Enstrüman Aksesuar, Bakım & Sarf Malzemeleri:LEGAL_REVIEW_REQUIRED; PROFESSIONAL_REVIEW_CHAIN=Müzik & Enstrüman > Enstrüman Aksesuar, Bakım & Sarf Malzemeleri | Müzik & Enstrüman > Enstrüman Aksesuar, Bakım & Sarf Malzemeleri > Enstrüman Telleri","canonical-v1.0.0","No public/pilot activation candidate in the canonical source; this package keeps it staged and fail-closed."
"CANONICAL-001022","eb2ceb5a-1681-4f34-98a1-201081d4e36c","Müzik & Enstrüman > Enstrüman Aksesuar, Bakım & Sarf Malzemeleri > Pena & Mızraplar","3","YES","YES","YES","POLICY_BLOCKED","NO","NO","NO","NORMAL","FAIL_CLOSED","pending","FAIL_CLOSED","POLICY_CHAIN=Müzik & Enstrüman > Enstrüman Aksesuar, Bakım & Sarf Malzemeleri:LEGAL_REVIEW_REQUIRED; PROFESSIONAL_REVIEW_CHAIN=Müzik & Enstrüman > Enstrüman Aksesuar, Bakım & Sarf Malzemeleri | Müzik & Enstrüman > Enstrüman Aksesuar, Bakım & Sarf Malzemeleri > Pena & Mızraplar","canonical-v1.0.0","No public/pilot activation candidate in the canonical source; this package keeps it staged and fail-closed."
"CANONICAL-001023","9eee5897-7a5e-4950-9d90-24a55619800f","Müzik & Enstrüman > Enstrüman Aksesuar, Bakım & Sarf Malzemeleri > Baget & Tokmaklar","3","YES","YES","YES","POLICY_BLOCKED","NO","NO","NO","NORMAL","FAIL_CLOSED","pending","FAIL_CLOSED","POLICY_CHAIN=Müzik & Enstrüman > Enstrüman Aksesuar, Bakım & Sarf Malzemeleri:LEGAL_REVIEW_REQUIRED; PROFESSIONAL_REVIEW_CHAIN=Müzik & Enstrüman > Enstrüman Aksesuar, Bakım & Sarf Malzemeleri | Müzik & Enstrüman > Enstrüman Aksesuar, Bakım & Sarf Malzemeleri > Baget & Tokmaklar","canonical-v1.0.0","No public/pilot activation candidate in the canonical source; this package keeps it staged and fail-closed."
"CANONICAL-001024","1945df90-d332-43c3-b1ca-520468f5b401","Müzik & Enstrüman > Enstrüman Aksesuar, Bakım & Sarf Malzemeleri > Kamış, Ağızlık & Bekler","3","YES","YES","YES","POLICY_BLOCKED","NO","NO","NO","NORMAL","FAIL_CLOSED","pending","FAIL_CLOSED","POLICY_CHAIN=Müzik & Enstrüman > Enstrüman Aksesuar, Bakım & Sarf Malzemeleri:LEGAL_REVIEW_REQUIRED; PROFESSIONAL_REVIEW_CHAIN=Müzik & Enstrüman > Enstrüman Aksesuar, Bakım & Sarf Malzemeleri | Müzik & Enstrüman > Enstrüman Aksesuar, Bakım & Sarf Malzemeleri > Kamış, Ağızlık & Bekler","canonical-v1.0.0","No public/pilot activation candidate in the canonical source; this package keeps it staged and fail-closed."
"CANONICAL-001025","5600693c-b246-42b8-b23b-2810ef51cb12","Müzik & Enstrüman > Enstrüman Aksesuar, Bakım & Sarf Malzemeleri > Enstrüman Standları","3","YES","YES","YES","POLICY_BLOCKED","NO","NO","NO","NORMAL","FAIL_CLOSED","pending","FAIL_CLOSED","POLICY_CHAIN=Müzik & Enstrüman > Enstrüman Aksesuar, Bakım & Sarf Malzemeleri:LEGAL_REVIEW_REQUIRED; PROFESSIONAL_REVIEW_CHAIN=Müzik & Enstrüman > Enstrüman Aksesuar, Bakım & Sarf Malzemeleri | Müzik & Enstrüman > Enstrüman Aksesuar, Bakım & Sarf Malzemeleri > Enstrüman Standları","canonical-v1.0.0","No public/pilot activation candidate in the canonical source; this package keeps it staged and fail-closed."
"CANONICAL-001026","37aa75d1-291d-458e-8be0-9a1909b5f67c","Müzik & Enstrüman > Enstrüman Aksesuar, Bakım & Sarf Malzemeleri > Akort Cihazı & Metronomlar","3","YES","YES","YES","POLICY_BLOCKED","NO","NO","NO","NORMAL","FAIL_CLOSED","pending","FAIL_CLOSED","POLICY_CHAIN=Müzik & Enstrüman > Enstrüman Aksesuar, Bakım & Sarf Malzemeleri:LEGAL_REVIEW_REQUIRED; PROFESSIONAL_REVIEW_CHAIN=Müzik & Enstrüman > Enstrüman Aksesuar, Bakım & Sarf Malzemeleri | Müzik & Enstrüman > Enstrüman Aksesuar, Bakım & Sarf Malzemeleri > Akort Cihazı & Metronomlar","canonical-v1.0.0","No public/pilot activation candidate in the canonical source; this package keeps it staged and fail-closed."
"CANONICAL-001027","482e8569-a2d7-47c8-a573-842360fe717a","Müzik & Enstrüman > Enstrüman Aksesuar, Bakım & Sarf Malzemeleri > Enstrümana Özgü Kablolar","3","YES","YES","YES","POLICY_BLOCKED","NO","NO","NO","NORMAL","FAIL_CLOSED","pending","FAIL_CLOSED","POLICY_CHAIN=Müzik & Enstrüman > Enstrüman Aksesuar, Bakım & Sarf Malzemeleri:LEGAL_REVIEW_REQUIRED; PROFESSIONAL_REVIEW_CHAIN=Müzik & Enstrüman > Enstrüman Aksesuar, Bakım & Sarf Malzemeleri | Müzik & Enstrüman > Enstrüman Aksesuar, Bakım & Sarf Malzemeleri > Enstrümana Özgü Kablolar","canonical-v1.0.0","No public/pilot activation candidate in the canonical source; this package keeps it staged and fail-closed."
"CANONICAL-001028","f15ac396-98ba-4f3d-a333-b0622c569437","Müzik & Enstrüman > Enstrüman Aksesuar, Bakım & Sarf Malzemeleri > Enstrüman Temizlik & Bakım Ürünleri","3","YES","YES","YES","POLICY_BLOCKED","NO","NO","NO","LEGAL_REVIEW_REQUIRED","FAIL_CLOSED","pending","FAIL_CLOSED","POLICY_CHAIN=Müzik & Enstrüman > Enstrüman Aksesuar, Bakım & Sarf Malzemeleri:LEGAL_REVIEW_REQUIRED | Müzik & Enstrüman > Enstrüman Aksesuar, Bakım & Sarf Malzemeleri > Enstrüman Temizlik & Bakım Ürünleri:LEGAL_REVIEW_REQUIRED; PROFESSIONAL_REVIEW_CHAIN=Müzik & Enstrüman > Enstrüman Aksesuar, Bakım & Sarf Malzemeleri | Müzik & Enstrüman > Enstrüman Aksesuar, Bakım & Sarf Malzemeleri > Enstrüman Temizlik & Bakım Ürünleri","canonical-v1.0.0","No public/pilot activation candidate in the canonical source; this package keeps it staged and fail-closed."
"CANONICAL-001029","23149289-224a-43bf-8351-63c47e8c47b9","Müzik & Enstrüman > Enstrüman Aksesuar, Bakım & Sarf Malzemeleri > Askı, Tutucu & Nota Sehpaları","3","YES","YES","YES","POLICY_BLOCKED","NO","NO","NO","NORMAL","FAIL_CLOSED","pending","FAIL_CLOSED","POLICY_CHAIN=Müzik & Enstrüman > Enstrüman Aksesuar, Bakım & Sarf Malzemeleri:LEGAL_REVIEW_REQUIRED; PROFESSIONAL_REVIEW_CHAIN=Müzik & Enstrüman > Enstrüman Aksesuar, Bakım & Sarf Malzemeleri | Müzik & Enstrüman > Enstrüman Aksesuar, Bakım & Sarf Malzemeleri > Askı, Tutucu & Nota Sehpaları","canonical-v1.0.0","No public/pilot activation candidate in the canonical source; this package keeps it staged and fail-closed."
"CANONICAL-001030","7de86dff-38db-41b3-803a-9163af5e55a5","Spor & Outdoor","1","NO","YES","YES","CONTAINER_NOT_ASSIGNABLE","NO","NO","NO","NORMAL","PASS","not_required","PASS","STRUCTURAL_CONTAINER","canonical-v1.0.0","No public/pilot activation candidate in the canonical source; this package keeps it staged and fail-closed."
"CANONICAL-001031","1af1bcee-5ee0-4e6f-8ccb-fa0c674246fe","Spor & Outdoor > Fitness & Kondisyon","2","NO","YES","YES","CONTAINER_NOT_ASSIGNABLE","NO","NO","NO","REGULATED","FAIL_CLOSED","pending","FAIL_CLOSED","POLICY_CHAIN=Spor & Outdoor > Fitness & Kondisyon:REGULATED; PROFESSIONAL_REVIEW_CHAIN=Spor & Outdoor > Fitness & Kondisyon","canonical-v1.0.0","No public/pilot activation candidate in the canonical source; this package keeps it staged and fail-closed."
"CANONICAL-001032","e22ea31c-2df7-4356-9c9b-2bb346227802","Spor & Outdoor > Fitness & Kondisyon > Ağırlık Antrenmanı","3","NO","YES","YES","CONTAINER_NOT_ASSIGNABLE","NO","NO","NO","REGULATED","FAIL_CLOSED","pending","FAIL_CLOSED","POLICY_CHAIN=Spor & Outdoor > Fitness & Kondisyon:REGULATED | Spor & Outdoor > Fitness & Kondisyon > Ağırlık Antrenmanı:REGULATED; PROFESSIONAL_REVIEW_CHAIN=Spor & Outdoor > Fitness & Kondisyon | Spor & Outdoor > Fitness & Kondisyon > Ağırlık Antrenmanı","canonical-v1.0.0","No public/pilot activation candidate in the canonical source; this package keeps it staged and fail-closed."
"CANONICAL-001033","ac61374a-4328-4ce5-8ba5-994cbe87a31e","Spor & Outdoor > Fitness & Kondisyon > Ağırlık Antrenmanı > Dambıl & Kettlebell","4","YES","YES","YES","POLICY_BLOCKED","NO","NO","NO","NORMAL","FAIL_CLOSED","pending","FAIL_CLOSED","POLICY_CHAIN=Spor & Outdoor > Fitness & Kondisyon:REGULATED | Spor & Outdoor > Fitness & Kondisyon > Ağırlık Antrenmanı:REGULATED; PROFESSIONAL_REVIEW_CHAIN=Spor & Outdoor > Fitness & Kondisyon | Spor & Outdoor > Fitness & Kondisyon > Ağırlık Antrenmanı | Spor & Outdoor > Fitness & Kondisyon > Ağırlık Antrenmanı > Dambıl & Kettlebell","canonical-v1.0.0","No public/pilot activation candidate in the canonical source; this package keeps it staged and fail-closed."
"CANONICAL-001034","152552a5-0921-4a58-9fbd-4fff7b02e860","Spor & Outdoor > Fitness & Kondisyon > Ağırlık Antrenmanı > Bar, Plaka & Ağırlık Setleri","4","YES","YES","YES","POLICY_BLOCKED","NO","NO","NO","NORMAL","FAIL_CLOSED","pending","FAIL_CLOSED","POLICY_CHAIN=Spor & Outdoor > Fitness & Kondisyon:REGULATED | Spor & Outdoor > Fitness & Kondisyon > Ağırlık Antrenmanı:REGULATED; PROFESSIONAL_REVIEW_CHAIN=Spor & Outdoor > Fitness & Kondisyon | Spor & Outdoor > Fitness & Kondisyon > Ağırlık Antrenmanı | Spor & Outdoor > Fitness & Kondisyon > Ağırlık Antrenmanı > Bar, Plaka & Ağırlık Setleri","canonical-v1.0.0","No public/pilot activation candidate in the canonical source; this package keeps it staged and fail-closed."
"CANONICAL-001035","a4a3373f-11a1-43ad-84a2-93f7247e2f49","Spor & Outdoor > Fitness & Kondisyon > Ağırlık Antrenmanı > Kuvvet İstasyonları","4","YES","YES","YES","POLICY_BLOCKED","NO","NO","NO","REGULATED","FAIL_CLOSED","pending","FAIL_CLOSED","POLICY_CHAIN=Spor & Outdoor > Fitness & Kondisyon:REGULATED | Spor & Outdoor > Fitness & Kondisyon > Ağırlık Antrenmanı:REGULATED | Spor & Outdoor > Fitness & Kondisyon > Ağırlık Antrenmanı > Kuvvet İstasyonları:REGULATED; PROFESSIONAL_REVIEW_CHAIN=Spor & Outdoor > Fitness & Kondisyon | Spor & Outdoor > Fitness & Kondisyon > Ağırlık Antrenmanı | Spor & Outdoor > Fitness & Kondisyon > Ağırlık Antrenmanı > Kuvvet İstasyonları","canonical-v1.0.0","No public/pilot activation candidate in the canonical source; this package keeps it staged and fail-closed."
"CANONICAL-001036","0885b77b-abad-4b2a-9778-bb08090516b2","Spor & Outdoor > Fitness & Kondisyon > Ağırlık Antrenmanı > Ağırlık Sehpası & Rack Sistemleri","4","YES","YES","YES","POLICY_BLOCKED","NO","NO","NO","REGULATED","FAIL_CLOSED","pending","FAIL_CLOSED","POLICY_CHAIN=Spor & Outdoor > Fitness & Kondisyon:REGULATED | Spor & Outdoor > Fitness & Kondisyon > Ağırlık Antrenmanı:REGULATED | Spor & Outdoor > Fitness & Kondisyon > Ağırlık Antrenmanı > Ağırlık Sehpası & Rack Sistemleri:REGULATED; PROFESSIONAL_REVIEW_CHAIN=Spor & Outdoor > Fitness & Kondisyon | Spor & Outdoor > Fitness & Kondisyon > Ağırlık Antrenmanı | Spor & Outdoor > Fitness & Kondisyon > Ağırlık Antrenmanı > Ağırlık Sehpası & Rack Sistemleri","canonical-v1.0.0","No public/pilot activation candidate in the canonical source; this package keeps it staged and fail-closed."
"CANONICAL-001037","67b4e910-f380-4e17-8084-1dd089022716","Spor & Outdoor > Fitness & Kondisyon > Kardiyo Cihazları","3","NO","YES","YES","CONTAINER_NOT_ASSIGNABLE","NO","NO","NO","NORMAL","FAIL_CLOSED","pending","FAIL_CLOSED","POLICY_CHAIN=Spor & Outdoor > Fitness & Kondisyon:REGULATED; PROFESSIONAL_REVIEW_CHAIN=Spor & Outdoor > Fitness & Kondisyon | Spor & Outdoor > Fitness & Kondisyon > Kardiyo Cihazları","canonical-v1.0.0","No public/pilot activation candidate in the canonical source; this package keeps it staged and fail-closed."
"CANONICAL-001038","27d35e98-55b4-49fc-9ae9-2c2cd7d85ded","Spor & Outdoor > Fitness & Kondisyon > Kardiyo Cihazları > Koşu Bantları","4","YES","YES","YES","POLICY_BLOCKED","NO","NO","NO","NORMAL","FAIL_CLOSED","pending","FAIL_CLOSED","POLICY_CHAIN=Spor & Outdoor > Fitness & Kondisyon:REGULATED; PROFESSIONAL_REVIEW_CHAIN=Spor & Outdoor > Fitness & Kondisyon | Spor & Outdoor > Fitness & Kondisyon > Kardiyo Cihazları | Spor & Outdoor > Fitness & Kondisyon > Kardiyo Cihazları > Koşu Bantları","canonical-v1.0.0","No public/pilot activation candidate in the canonical source; this package keeps it staged and fail-closed."
"CANONICAL-001039","c0d1a717-01b6-45bb-b722-8b08e0301d4a","Spor & Outdoor > Fitness & Kondisyon > Kardiyo Cihazları > Kondisyon Bisikletleri","4","YES","YES","YES","POLICY_BLOCKED","NO","NO","NO","NORMAL","FAIL_CLOSED","pending","FAIL_CLOSED","POLICY_CHAIN=Spor & Outdoor > Fitness & Kondisyon:REGULATED; PROFESSIONAL_REVIEW_CHAIN=Spor & Outdoor > Fitness & Kondisyon | Spor & Outdoor > Fitness & Kondisyon > Kardiyo Cihazları | Spor & Outdoor > Fitness & Kondisyon > Kardiyo Cihazları > Kondisyon Bisikletleri","canonical-v1.0.0","No public/pilot activation candidate in the canonical source; this package keeps it staged and fail-closed."
"CANONICAL-001040","b356fe43-688f-4de3-b7e7-e4e33ebdf4c9","Spor & Outdoor > Fitness & Kondisyon > Kardiyo Cihazları > Eliptik & Kürek Cihazları","4","YES","YES","YES","POLICY_BLOCKED","NO","NO","NO","NORMAL","FAIL_CLOSED","pending","FAIL_CLOSED","POLICY_CHAIN=Spor & Outdoor > Fitness & Kondisyon:REGULATED; PROFESSIONAL_REVIEW_CHAIN=Spor & Outdoor > Fitness & Kondisyon | Spor & Outdoor > Fitness & Kondisyon > Kardiyo Cihazları | Spor & Outdoor > Fitness & Kondisyon > Kardiyo Cihazları > Eliptik & Kürek Cihazları","canonical-v1.0.0","No public/pilot activation candidate in the canonical source; this package keeps it staged and fail-closed."
"CANONICAL-001041","95defbfb-b2b3-4ea3-b5d6-d937551581ff","Spor & Outdoor > Fitness & Kondisyon > Direnç & Esneklik Ekipmanları","3","YES","YES","YES","POLICY_BLOCKED","NO","NO","NO","NORMAL","FAIL_CLOSED","pending","FAIL_CLOSED","POLICY_CHAIN=Spor & Outdoor > Fitness & Kondisyon:REGULATED; PROFESSIONAL_REVIEW_CHAIN=Spor & Outdoor > Fitness & Kondisyon | Spor & Outdoor > Fitness & Kondisyon > Direnç & Esneklik Ekipmanları","canonical-v1.0.0","No public/pilot activation candidate in the canonical source; this package keeps it staged and fail-closed."
"CANONICAL-001042","a3cea88a-b534-4919-a8ee-f1e3d384e83f","Spor & Outdoor > Fitness & Kondisyon > Atlama İpi & Kondisyon Aksesuarları","3","YES","YES","YES","POLICY_BLOCKED","NO","NO","NO","NORMAL","FAIL_CLOSED","pending","FAIL_CLOSED","POLICY_CHAIN=Spor & Outdoor > Fitness & Kondisyon:REGULATED; PROFESSIONAL_REVIEW_CHAIN=Spor & Outdoor > Fitness & Kondisyon | Spor & Outdoor > Fitness & Kondisyon > Atlama İpi & Kondisyon Aksesuarları","canonical-v1.0.0","No public/pilot activation candidate in the canonical source; this package keeps it staged and fail-closed."
"CANONICAL-001043","e7dbfa02-81c2-4983-9bac-ff5c50bbe8d6","Spor & Outdoor > Takım Sporları","2","NO","YES","YES","CONTAINER_NOT_ASSIGNABLE","NO","NO","NO","REGULATED","FAIL_CLOSED","pending","FAIL_CLOSED","POLICY_CHAIN=Spor & Outdoor > Takım Sporları:REGULATED; PROFESSIONAL_REVIEW_CHAIN=Spor & Outdoor > Takım Sporları","canonical-v1.0.0","No public/pilot activation candidate in the canonical source; this package keeps it staged and fail-closed."
"CANONICAL-001044","9ec80db2-2886-4421-80df-24738193fca7","Spor & Outdoor > Takım Sporları > Futbol Ekipmanları","3","NO","YES","YES","CONTAINER_NOT_ASSIGNABLE","NO","NO","NO","REGULATED","FAIL_CLOSED","pending","FAIL_CLOSED","POLICY_CHAIN=Spor & Outdoor > Takım Sporları:REGULATED | Spor & Outdoor > Takım Sporları > Futbol Ekipmanları:REGULATED; PROFESSIONAL_REVIEW_CHAIN=Spor & Outdoor > Takım Sporları | Spor & Outdoor > Takım Sporları > Futbol Ekipmanları","canonical-v1.0.0","No public/pilot activation candidate in the canonical source; this package keeps it staged and fail-closed."
"CANONICAL-001045","e918a448-ce4e-40fe-a0d4-65907ca3c7ce","Spor & Outdoor > Takım Sporları > Futbol Ekipmanları > Futbol Topları","4","YES","YES","YES","POLICY_BLOCKED","NO","NO","NO","NORMAL","FAIL_CLOSED","pending","FAIL_CLOSED","POLICY_CHAIN=Spor & Outdoor > Takım Sporları:REGULATED | Spor & Outdoor > Takım Sporları > Futbol Ekipmanları:REGULATED; PROFESSIONAL_REVIEW_CHAIN=Spor & Outdoor > Takım Sporları | Spor & Outdoor > Takım Sporları > Futbol Ekipmanları | Spor & Outdoor > Takım Sporları > Futbol Ekipmanları > Futbol Topları","canonical-v1.0.0","No public/pilot activation candidate in the canonical source; this package keeps it staged and fail-closed."
"CANONICAL-001046","26e870df-99d6-41b9-a057-1dc0ba5ac8d5","Spor & Outdoor > Takım Sporları > Futbol Ekipmanları > Kale & Antrenman Ekipmanları","4","YES","YES","YES","POLICY_BLOCKED","NO","NO","NO","NORMAL","FAIL_CLOSED","pending","FAIL_CLOSED","POLICY_CHAIN=Spor & Outdoor > Takım Sporları:REGULATED | Spor & Outdoor > Takım Sporları > Futbol Ekipmanları:REGULATED; PROFESSIONAL_REVIEW_CHAIN=Spor & Outdoor > Takım Sporları | Spor & Outdoor > Takım Sporları > Futbol Ekipmanları | Spor & Outdoor > Takım Sporları > Futbol Ekipmanları > Kale & Antrenman Ekipmanları","canonical-v1.0.0","No public/pilot activation candidate in the canonical source; this package keeps it staged and fail-closed."
"CANONICAL-001047","cd6b143a-08d2-40f8-95af-2f85a032c385","Spor & Outdoor > Takım Sporları > Futbol Ekipmanları > Kaleci Ekipmanları","4","YES","YES","YES","POLICY_BLOCKED","NO","NO","NO","REGULATED","FAIL_CLOSED","pending","FAIL_CLOSED","POLICY_CHAIN=Spor & Outdoor > Takım Sporları:REGULATED | Spor & Outdoor > Takım Sporları > Futbol Ekipmanları:REGULATED | Spor & Outdoor > Takım Sporları > Futbol Ekipmanları > Kaleci Ekipmanları:REGULATED; PROFESSIONAL_REVIEW_CHAIN=Spor & Outdoor > Takım Sporları | Spor & Outdoor > Takım Sporları > Futbol Ekipmanları | Spor & Outdoor > Takım Sporları > Futbol Ekipmanları > Kaleci Ekipmanları","canonical-v1.0.0","No public/pilot activation candidate in the canonical source; this package keeps it staged and fail-closed."
"CANONICAL-001048","1b414c7e-6458-45e0-bdc7-54721a5620dd","Spor & Outdoor > Takım Sporları > Basketbol Ekipmanları","3","NO","YES","YES","CONTAINER_NOT_ASSIGNABLE","NO","NO","NO","REGULATED","FAIL_CLOSED","pending","FAIL_CLOSED","POLICY_CHAIN=Spor & Outdoor > Takım Sporları:REGULATED | Spor & Outdoor > Takım Sporları > Basketbol Ekipmanları:REGULATED; PROFESSIONAL_REVIEW_CHAIN=Spor & Outdoor > Takım Sporları | Spor & Outdoor > Takım Sporları > Basketbol Ekipmanları","canonical-v1.0.0","No public/pilot activation candidate in the canonical source; this package keeps it staged and fail-closed."
"CANONICAL-001049","ab9e200c-19fc-4ec0-9ba8-7ceb26700f1f","Spor & Outdoor > Takım Sporları > Basketbol Ekipmanları > Basketbol Topları","4","YES","YES","YES","POLICY_BLOCKED","NO","NO","NO","NORMAL","FAIL_CLOSED","pending","FAIL_CLOSED","POLICY_CHAIN=Spor & Outdoor > Takım Sporları:REGULATED | Spor & Outdoor > Takım Sporları > Basketbol Ekipmanları:REGULATED; PROFESSIONAL_REVIEW_CHAIN=Spor & Outdoor > Takım Sporları | Spor & Outdoor > Takım Sporları > Basketbol Ekipmanları | Spor & Outdoor > Takım Sporları > Basketbol Ekipmanları > Basketbol Topları","canonical-v1.0.0","No public/pilot activation candidate in the canonical source; this package keeps it staged and fail-closed."
"CANONICAL-001050","1c772e44-613c-44be-873c-7f02f849e8d6","Spor & Outdoor > Takım Sporları > Basketbol Ekipmanları > Pota & Basketbol Aksesuarları","4","YES","YES","YES","POLICY_BLOCKED","NO","NO","NO","REGULATED","FAIL_CLOSED","pending","FAIL_CLOSED","POLICY_CHAIN=Spor & Outdoor > Takım Sporları:REGULATED | Spor & Outdoor > Takım Sporları > Basketbol Ekipmanları:REGULATED | Spor & Outdoor > Takım Sporları > Basketbol Ekipmanları > Pota & Basketbol Aksesuarları:REGULATED; PROFESSIONAL_REVIEW_CHAIN=Spor & Outdoor > Takım Sporları | Spor & Outdoor > Takım Sporları > Basketbol Ekipmanları | Spor & Outdoor > Takım Sporları > Basketbol Ekipmanları > Pota & Basketbol Aksesuarları","canonical-v1.0.0","No public/pilot activation candidate in the canonical source; this package keeps it staged and fail-closed."
"CANONICAL-001051","cceacfaa-a875-4478-908a-0ab0e5a69f81","Spor & Outdoor > Takım Sporları > Voleybol Ekipmanları","3","NO","YES","YES","CONTAINER_NOT_ASSIGNABLE","NO","NO","NO","NORMAL","FAIL_CLOSED","pending","FAIL_CLOSED","POLICY_CHAIN=Spor & Outdoor > Takım Sporları:REGULATED; PROFESSIONAL_REVIEW_CHAIN=Spor & Outdoor > Takım Sporları | Spor & Outdoor > Takım Sporları > Voleybol Ekipmanları","canonical-v1.0.0","No public/pilot activation candidate in the canonical source; this package keeps it staged and fail-closed."
"CANONICAL-001052","23fd2711-26bc-47e3-aeb7-bb9c6e9374e3","Spor & Outdoor > Takım Sporları > Voleybol Ekipmanları > Voleybol Topları","4","YES","YES","YES","POLICY_BLOCKED","NO","NO","NO","NORMAL","FAIL_CLOSED","pending","FAIL_CLOSED","POLICY_CHAIN=Spor & Outdoor > Takım Sporları:REGULATED; PROFESSIONAL_REVIEW_CHAIN=Spor & Outdoor > Takım Sporları | Spor & Outdoor > Takım Sporları > Voleybol Ekipmanları | Spor & Outdoor > Takım Sporları > Voleybol Ekipmanları > Voleybol Topları","canonical-v1.0.0","No public/pilot activation candidate in the canonical source; this package keeps it staged and fail-closed."
"CANONICAL-001053","abf22aea-f881-4e00-9705-669fa5044865","Spor & Outdoor > Takım Sporları > Voleybol Ekipmanları > File & Voleybol Aksesuarları","4","YES","YES","YES","POLICY_BLOCKED","NO","NO","NO","NORMAL","FAIL_CLOSED","pending","FAIL_CLOSED","POLICY_CHAIN=Spor & Outdoor > Takım Sporları:REGULATED; PROFESSIONAL_REVIEW_CHAIN=Spor & Outdoor > Takım Sporları | Spor & Outdoor > Takım Sporları > Voleybol Ekipmanları | Spor & Outdoor > Takım Sporları > Voleybol Ekipmanları > File & Voleybol Aksesuarları","canonical-v1.0.0","No public/pilot activation candidate in the canonical source; this package keeps it staged and fail-closed."
"CANONICAL-001054","1e99559f-2847-482c-b169-b75581eec6d1","Spor & Outdoor > Takım Sporları > Hentbol & Diğer Takım Sporları","3","YES","YES","YES","POLICY_BLOCKED","NO","NO","NO","NORMAL","FAIL_CLOSED","pending","FAIL_CLOSED","POLICY_CHAIN=Spor & Outdoor > Takım Sporları:REGULATED; PROFESSIONAL_REVIEW_CHAIN=Spor & Outdoor > Takım Sporları | Spor & Outdoor > Takım Sporları > Hentbol & Diğer Takım Sporları","canonical-v1.0.0","No public/pilot activation candidate in the canonical source; this package keeps it staged and fail-closed."
"CANONICAL-001055","762c1665-c16f-4869-a30f-73a5fcb9f978","Spor & Outdoor > Raket Sporları","2","NO","YES","YES","CONTAINER_NOT_ASSIGNABLE","NO","NO","NO","REGULATED","FAIL_CLOSED","pending","FAIL_CLOSED","POLICY_CHAIN=Spor & Outdoor > Raket Sporları:REGULATED; PROFESSIONAL_REVIEW_CHAIN=Spor & Outdoor > Raket Sporları","canonical-v1.0.0","No public/pilot activation candidate in the canonical source; this package keeps it staged and fail-closed."
"CANONICAL-001056","aedc3b8b-1dd1-4e92-a3f1-1c03e62ab910","Spor & Outdoor > Raket Sporları > Tenis Ekipmanları","3","NO","YES","YES","CONTAINER_NOT_ASSIGNABLE","NO","NO","NO","NORMAL","FAIL_CLOSED","pending","FAIL_CLOSED","POLICY_CHAIN=Spor & Outdoor > Raket Sporları:REGULATED; PROFESSIONAL_REVIEW_CHAIN=Spor & Outdoor > Raket Sporları | Spor & Outdoor > Raket Sporları > Tenis Ekipmanları","canonical-v1.0.0","No public/pilot activation candidate in the canonical source; this package keeps it staged and fail-closed."
"CANONICAL-001057","52bef2b1-77ba-4179-96c4-e1829d824a6b","Spor & Outdoor > Raket Sporları > Tenis Ekipmanları > Tenis Raketleri","4","YES","YES","YES","POLICY_BLOCKED","NO","NO","NO","NORMAL","FAIL_CLOSED","pending","FAIL_CLOSED","POLICY_CHAIN=Spor & Outdoor > Raket Sporları:REGULATED; PROFESSIONAL_REVIEW_CHAIN=Spor & Outdoor > Raket Sporları | Spor & Outdoor > Raket Sporları > Tenis Ekipmanları | Spor & Outdoor > Raket Sporları > Tenis Ekipmanları > Tenis Raketleri","canonical-v1.0.0","No public/pilot activation candidate in the canonical source; this package keeps it staged and fail-closed."
"CANONICAL-001058","2c37cf66-faae-43a1-8121-f9bd4b841589","Spor & Outdoor > Raket Sporları > Tenis Ekipmanları > Tenis Topları","4","YES","YES","YES","POLICY_BLOCKED","NO","NO","NO","NORMAL","FAIL_CLOSED","pending","FAIL_CLOSED","POLICY_CHAIN=Spor & Outdoor > Raket Sporları:REGULATED; PROFESSIONAL_REVIEW_CHAIN=Spor & Outdoor > Raket Sporları | Spor & Outdoor > Raket Sporları > Tenis Ekipmanları | Spor & Outdoor > Raket Sporları > Tenis Ekipmanları > Tenis Topları","canonical-v1.0.0","No public/pilot activation candidate in the canonical source; this package keeps it staged and fail-closed."
"CANONICAL-001059","db2339cb-7ba4-4cff-81c3-b6611567114a","Spor & Outdoor > Raket Sporları > Tenis Ekipmanları > Tenis Filesi & Aksesuarları","4","YES","YES","YES","POLICY_BLOCKED","NO","NO","NO","NORMAL","FAIL_CLOSED","pending","FAIL_CLOSED","POLICY_CHAIN=Spor & Outdoor > Raket Sporları:REGULATED; PROFESSIONAL_REVIEW_CHAIN=Spor & Outdoor > Raket Sporları | Spor & Outdoor > Raket Sporları > Tenis Ekipmanları | Spor & Outdoor > Raket Sporları > Tenis Ekipmanları > Tenis Filesi & Aksesuarları","canonical-v1.0.0","No public/pilot activation candidate in the canonical source; this package keeps it staged and fail-closed."
"CANONICAL-001060","e72a3c6a-7c3c-4c2d-9fa3-46ae66689fcf","Spor & Outdoor > Raket Sporları > Masa Tenisi Ekipmanları","3","NO","YES","YES","CONTAINER_NOT_ASSIGNABLE","NO","NO","NO","REGULATED","FAIL_CLOSED","pending","FAIL_CLOSED","POLICY_CHAIN=Spor & Outdoor > Raket Sporları:REGULATED | Spor & Outdoor > Raket Sporları > Masa Tenisi Ekipmanları:REGULATED; PROFESSIONAL_REVIEW_CHAIN=Spor & Outdoor > Raket Sporları | Spor & Outdoor > Raket Sporları > Masa Tenisi Ekipmanları","canonical-v1.0.0","No public/pilot activation candidate in the canonical source; this package keeps it staged and fail-closed."
"CANONICAL-001061","21f4e1bb-09f3-4668-ad32-87db8ae74dae","Spor & Outdoor > Raket Sporları > Masa Tenisi Ekipmanları > Masa Tenisi Raketleri","4","YES","YES","YES","POLICY_BLOCKED","NO","NO","NO","NORMAL","FAIL_CLOSED","pending","FAIL_CLOSED","POLICY_CHAIN=Spor & Outdoor > Raket Sporları:REGULATED | Spor & Outdoor > Raket Sporları > Masa Tenisi Ekipmanları:REGULATED; PROFESSIONAL_REVIEW_CHAIN=Spor & Outdoor > Raket Sporları | Spor & Outdoor > Raket Sporları > Masa Tenisi Ekipmanları | Spor & Outdoor > Raket Sporları > Masa Tenisi Ekipmanları > Masa Tenisi Raketleri","canonical-v1.0.0","No public/pilot activation candidate in the canonical source; this package keeps it staged and fail-closed."
"CANONICAL-001062","4b848692-e22a-4ea0-a3ee-ec55586dbf2b","Spor & Outdoor > Raket Sporları > Masa Tenisi Ekipmanları > Masa Tenisi Topları","4","YES","YES","YES","POLICY_BLOCKED","NO","NO","NO","NORMAL","FAIL_CLOSED","pending","FAIL_CLOSED","POLICY_CHAIN=Spor & Outdoor > Raket Sporları:REGULATED | Spor & Outdoor > Raket Sporları > Masa Tenisi Ekipmanları:REGULATED; PROFESSIONAL_REVIEW_CHAIN=Spor & Outdoor > Raket Sporları | Spor & Outdoor > Raket Sporları > Masa Tenisi Ekipmanları | Spor & Outdoor > Raket Sporları > Masa Tenisi Ekipmanları > Masa Tenisi Topları","canonical-v1.0.0","No public/pilot activation candidate in the canonical source; this package keeps it staged and fail-closed."
"CANONICAL-001063","d9f7907a-6e2b-4588-8892-1eaac33deb6d","Spor & Outdoor > Raket Sporları > Masa Tenisi Ekipmanları > Masa & File Sistemleri","4","YES","YES","YES","POLICY_BLOCKED","NO","NO","NO","REGULATED","FAIL_CLOSED","pending","FAIL_CLOSED","POLICY_CHAIN=Spor & Outdoor > Raket Sporları:REGULATED | Spor & Outdoor > Raket Sporları > Masa Tenisi Ekipmanları:REGULATED | Spor & Outdoor > Raket Sporları > Masa Tenisi Ekipmanları > Masa & File Sistemleri:REGULATED; PROFESSIONAL_REVIEW_CHAIN=Spor & Outdoor > Raket Sporları | Spor & Outdoor > Raket Sporları > Masa Tenisi Ekipmanları | Spor & Outdoor > Raket Sporları > Masa Tenisi Ekipmanları > Masa & File Sistemleri","canonical-v1.0.0","No public/pilot activation candidate in the canonical source; this package keeps it staged and fail-closed."
"CANONICAL-001064","a0ce816f-c122-4b69-b963-35f3a88e1e11","Spor & Outdoor > Raket Sporları > Badminton Ekipmanları","3","NO","YES","YES","CONTAINER_NOT_ASSIGNABLE","NO","NO","NO","NORMAL","FAIL_CLOSED","pending","FAIL_CLOSED","POLICY_CHAIN=Spor & Outdoor > Raket Sporları:REGULATED; PROFESSIONAL_REVIEW_CHAIN=Spor & Outdoor > Raket Sporları | Spor & Outdoor > Raket Sporları > Badminton Ekipmanları","canonical-v1.0.0","No public/pilot activation candidate in the canonical source; this package keeps it staged and fail-closed."
"CANONICAL-001065","5f4b4605-36e5-4025-9d48-adf44b841299","Spor & Outdoor > Raket Sporları > Badminton Ekipmanları > Badminton Raketleri","4","YES","YES","YES","POLICY_BLOCKED","NO","NO","NO","NORMAL","FAIL_CLOSED","pending","FAIL_CLOSED","POLICY_CHAIN=Spor & Outdoor > Raket Sporları:REGULATED; PROFESSIONAL_REVIEW_CHAIN=Spor & Outdoor > Raket Sporları | Spor & Outdoor > Raket Sporları > Badminton Ekipmanları | Spor & Outdoor > Raket Sporları > Badminton Ekipmanları > Badminton Raketleri","canonical-v1.0.0","No public/pilot activation candidate in the canonical source; this package keeps it staged and fail-closed."
"CANONICAL-001066","f8c31378-363c-41af-a086-bfaafcd406e9","Spor & Outdoor > Raket Sporları > Badminton Ekipmanları > Badminton Topu & Fileleri","4","YES","YES","YES","POLICY_BLOCKED","NO","NO","NO","NORMAL","FAIL_CLOSED","pending","FAIL_CLOSED","POLICY_CHAIN=Spor & Outdoor > Raket Sporları:REGULATED; PROFESSIONAL_REVIEW_CHAIN=Spor & Outdoor > Raket Sporları | Spor & Outdoor > Raket Sporları > Badminton Ekipmanları | Spor & Outdoor > Raket Sporları > Badminton Ekipmanları > Badminton Topu & Fileleri","canonical-v1.0.0","No public/pilot activation candidate in the canonical source; this package keeps it staged and fail-closed."
"CANONICAL-001067","e54e76f5-631b-43c3-847b-a26f60cb8e5e","Spor & Outdoor > Raket Sporları > Squash Ekipmanları","3","YES","YES","YES","POLICY_BLOCKED","NO","NO","NO","NORMAL","FAIL_CLOSED","pending","FAIL_CLOSED","POLICY_CHAIN=Spor & Outdoor > Raket Sporları:REGULATED; PROFESSIONAL_REVIEW_CHAIN=Spor & Outdoor > Raket Sporları | Spor & Outdoor > Raket Sporları > Squash Ekipmanları","canonical-v1.0.0","No public/pilot activation candidate in the canonical source; this package keeps it staged and fail-closed."
"CANONICAL-001068","0f0b8ccb-bdc8-4ea1-8ee6-26fd4abed73a","Spor & Outdoor > Raket Sporları > Padel Ekipmanları","3","YES","YES","YES","POLICY_BLOCKED","NO","NO","NO","NORMAL","FAIL_CLOSED","pending","FAIL_CLOSED","POLICY_CHAIN=Spor & Outdoor > Raket Sporları:REGULATED; PROFESSIONAL_REVIEW_CHAIN=Spor & Outdoor > Raket Sporları | Spor & Outdoor > Raket Sporları > Padel Ekipmanları","canonical-v1.0.0","No public/pilot activation candidate in the canonical source; this package keeps it staged and fail-closed."
"CANONICAL-001069","3199b822-64ad-430c-814a-e1f0f2eea6ef","Spor & Outdoor > Bireysel Sporlar & Jimnastik","2","NO","YES","YES","CONTAINER_NOT_ASSIGNABLE","NO","NO","NO","LEGAL_REVIEW_REQUIRED","FAIL_CLOSED","pending","FAIL_CLOSED","POLICY_CHAIN=Spor & Outdoor > Bireysel Sporlar & Jimnastik:LEGAL_REVIEW_REQUIRED; PROFESSIONAL_REVIEW_CHAIN=Spor & Outdoor > Bireysel Sporlar & Jimnastik","canonical-v1.0.0","No public/pilot activation candidate in the canonical source; this package keeps it staged and fail-closed."
"CANONICAL-001070","2d8d3c08-05fd-465f-b409-449dd83dc1cc","Spor & Outdoor > Bireysel Sporlar & Jimnastik > Atletizm Ekipmanları","3","YES","YES","YES","POLICY_BLOCKED","NO","NO","NO","REGULATED","FAIL_CLOSED","pending","FAIL_CLOSED","POLICY_CHAIN=Spor & Outdoor > Bireysel Sporlar & Jimnastik:LEGAL_REVIEW_REQUIRED | Spor & Outdoor > Bireysel Sporlar & Jimnastik > Atletizm Ekipmanları:REGULATED; PROFESSIONAL_REVIEW_CHAIN=Spor & Outdoor > Bireysel Sporlar & Jimnastik | Spor & Outdoor > Bireysel Sporlar & Jimnastik > Atletizm Ekipmanları","canonical-v1.0.0","No public/pilot activation candidate in the canonical source; this package keeps it staged and fail-closed."
"CANONICAL-001071","4760adab-883b-40e9-868d-969875708719","Spor & Outdoor > Bireysel Sporlar & Jimnastik > Jimnastik Ekipmanları","3","YES","YES","YES","POLICY_BLOCKED","NO","NO","NO","REGULATED","FAIL_CLOSED","pending","FAIL_CLOSED","POLICY_CHAIN=Spor & Outdoor > Bireysel Sporlar & Jimnastik:LEGAL_REVIEW_REQUIRED | Spor & Outdoor > Bireysel Sporlar & Jimnastik > Jimnastik Ekipmanları:REGULATED; PROFESSIONAL_REVIEW_CHAIN=Spor & Outdoor > Bireysel Sporlar & Jimnastik | Spor & Outdoor > Bireysel Sporlar & Jimnastik > Jimnastik Ekipmanları","canonical-v1.0.0","No public/pilot activation candidate in the canonical source; this package keeps it staged and fail-closed."
"CANONICAL-001072","bb96dbce-84e8-49da-909e-652ce6a69f0b","Spor & Outdoor > Bireysel Sporlar & Jimnastik > Yoga & Pilates Ekipmanları","3","YES","YES","YES","POLICY_BLOCKED","NO","NO","NO","NORMAL","FAIL_CLOSED","pending","FAIL_CLOSED","POLICY_CHAIN=Spor & Outdoor > Bireysel Sporlar & Jimnastik:LEGAL_REVIEW_REQUIRED; PROFESSIONAL_REVIEW_CHAIN=Spor & Outdoor > Bireysel Sporlar & Jimnastik | Spor & Outdoor > Bireysel Sporlar & Jimnastik > Yoga & Pilates Ekipmanları","canonical-v1.0.0","No public/pilot activation candidate in the canonical source; this package keeps it staged and fail-closed."
"CANONICAL-001073","fc015dce-0200-470d-a0e1-6b1dbe519509","Spor & Outdoor > Bireysel Sporlar & Jimnastik > Dart Ekipmanları","3","YES","YES","YES","POLICY_BLOCKED","NO","NO","NO","LEGAL_REVIEW_REQUIRED","FAIL_CLOSED","pending","FAIL_CLOSED","POLICY_CHAIN=Spor & Outdoor > Bireysel Sporlar & Jimnastik:LEGAL_REVIEW_REQUIRED | Spor & Outdoor > Bireysel Sporlar & Jimnastik > Dart Ekipmanları:LEGAL_REVIEW_REQUIRED; PROFESSIONAL_REVIEW_CHAIN=Spor & Outdoor > Bireysel Sporlar & Jimnastik | Spor & Outdoor > Bireysel Sporlar & Jimnastik > Dart Ekipmanları","canonical-v1.0.0","No public/pilot activation candidate in the canonical source; this package keeps it staged and fail-closed."
"CANONICAL-001074","e171e64f-e258-4933-9b79-0fcfc2aab9bc","Spor & Outdoor > Bireysel Sporlar & Jimnastik > Okçuluk & Hedef Sporları Ekipmanları","3","YES","YES","YES","POLICY_BLOCKED","NO","NO","NO","LEGAL_REVIEW_REQUIRED","FAIL_CLOSED","pending","FAIL_CLOSED","POLICY_CHAIN=Spor & Outdoor > Bireysel Sporlar & Jimnastik:LEGAL_REVIEW_REQUIRED | Spor & Outdoor > Bireysel Sporlar & Jimnastik > Okçuluk & Hedef Sporları Ekipmanları:LEGAL_REVIEW_REQUIRED; PROFESSIONAL_REVIEW_CHAIN=Spor & Outdoor > Bireysel Sporlar & Jimnastik | Spor & Outdoor > Bireysel Sporlar & Jimnastik > Okçuluk & Hedef Sporları Ekipmanları","canonical-v1.0.0","No public/pilot activation candidate in the canonical source; this package keeps it staged and fail-closed."
"CANONICAL-001075","74ddfcbc-b5f5-43d1-9fdf-b336e7350aac","Spor & Outdoor > Bireysel Sporlar & Jimnastik > Paten & Kaykay","3","YES","YES","YES","POLICY_BLOCKED","NO","NO","NO","REGULATED","FAIL_CLOSED","pending","FAIL_CLOSED","POLICY_CHAIN=Spor & Outdoor > Bireysel Sporlar & Jimnastik:LEGAL_REVIEW_REQUIRED | Spor & Outdoor > Bireysel Sporlar & Jimnastik > Paten & Kaykay:REGULATED; PROFESSIONAL_REVIEW_CHAIN=Spor & Outdoor > Bireysel Sporlar & Jimnastik | Spor & Outdoor > Bireysel Sporlar & Jimnastik > Paten & Kaykay","canonical-v1.0.0","No public/pilot activation candidate in the canonical source; this package keeps it staged and fail-closed."
"CANONICAL-001076","628f7076-8c70-4846-8c46-2119fe3ee058","Spor & Outdoor > Dövüş Sporları","2","NO","YES","YES","CONTAINER_NOT_ASSIGNABLE","NO","NO","NO","REGULATED","FAIL_CLOSED","pending","FAIL_CLOSED","POLICY_CHAIN=Spor & Outdoor > Dövüş Sporları:REGULATED; PROFESSIONAL_REVIEW_CHAIN=Spor & Outdoor > Dövüş Sporları","canonical-v1.0.0","No public/pilot activation candidate in the canonical source; this package keeps it staged and fail-closed."
"CANONICAL-001077","3f21f3bb-ec85-4ac2-b88c-0f615e28cc51","Spor & Outdoor > Dövüş Sporları > Boks Ekipmanları","3","YES","YES","YES","POLICY_BLOCKED","NO","NO","NO","REGULATED","FAIL_CLOSED","pending","FAIL_CLOSED","POLICY_CHAIN=Spor & Outdoor > Dövüş Sporları:REGULATED | Spor & Outdoor > Dövüş Sporları > Boks Ekipmanları:REGULATED; PROFESSIONAL_REVIEW_CHAIN=Spor & Outdoor > Dövüş Sporları | Spor & Outdoor > Dövüş Sporları > Boks Ekipmanları","canonical-v1.0.0","No public/pilot activation candidate in the canonical source; this package keeps it staged and fail-closed."
"CANONICAL-001078","f50335b7-8b39-4da8-b6fc-1add42e1d18b","Spor & Outdoor > Dövüş Sporları > Kickboks & MMA Ekipmanları","3","YES","YES","YES","POLICY_BLOCKED","NO","NO","NO","REGULATED","FAIL_CLOSED","pending","FAIL_CLOSED","POLICY_CHAIN=Spor & Outdoor > Dövüş Sporları:REGULATED | Spor & Outdoor > Dövüş Sporları > Kickboks & MMA Ekipmanları:REGULATED; PROFESSIONAL_REVIEW_CHAIN=Spor & Outdoor > Dövüş Sporları | Spor & Outdoor > Dövüş Sporları > Kickboks & MMA Ekipmanları","canonical-v1.0.0","No public/pilot activation candidate in the canonical source; this package keeps it staged and fail-closed."
"CANONICAL-001079","149c46be-b763-4643-bf9f-a7e098540d3e","Spor & Outdoor > Dövüş Sporları > Dövüş Sporu Koruyucuları","3","YES","YES","YES","POLICY_BLOCKED","NO","NO","NO","REGULATED","FAIL_CLOSED","pending","FAIL_CLOSED","POLICY_CHAIN=Spor & Outdoor > Dövüş Sporları:REGULATED | Spor & Outdoor > Dövüş Sporları > Dövüş Sporu Koruyucuları:REGULATED; PROFESSIONAL_REVIEW_CHAIN=Spor & Outdoor > Dövüş Sporları | Spor & Outdoor > Dövüş Sporları > Dövüş Sporu Koruyucuları","canonical-v1.0.0","No public/pilot activation candidate in the canonical source; this package keeps it staged and fail-closed."
"CANONICAL-001080","7d4a755c-f0c6-407d-87e0-b1e8ea64a764","Spor & Outdoor > Dövüş Sporları > Kum Torbası & Antrenman Hedefleri","3","YES","YES","YES","POLICY_BLOCKED","NO","NO","NO","REGULATED","FAIL_CLOSED","pending","FAIL_CLOSED","POLICY_CHAIN=Spor & Outdoor > Dövüş Sporları:REGULATED | Spor & Outdoor > Dövüş Sporları > Kum Torbası & Antrenman Hedefleri:REGULATED; PROFESSIONAL_REVIEW_CHAIN=Spor & Outdoor > Dövüş Sporları | Spor & Outdoor > Dövüş Sporları > Kum Torbası & Antrenman Hedefleri","canonical-v1.0.0","No public/pilot activation candidate in the canonical source; this package keeps it staged and fail-closed."
"CANONICAL-001081","8b3a76fc-58e4-4f32-b09d-f95860563e3b","Spor & Outdoor > Dövüş Sporları > Dövüş Sporu Minderleri","3","YES","YES","YES","POLICY_BLOCKED","NO","NO","NO","REGULATED","FAIL_CLOSED","pending","FAIL_CLOSED","POLICY_CHAIN=Spor & Outdoor > Dövüş Sporları:REGULATED | Spor & Outdoor > Dövüş Sporları > Dövüş Sporu Minderleri:REGULATED; PROFESSIONAL_REVIEW_CHAIN=Spor & Outdoor > Dövüş Sporları | Spor & Outdoor > Dövüş Sporları > Dövüş Sporu Minderleri","canonical-v1.0.0","No public/pilot activation candidate in the canonical source; this package keeps it staged and fail-closed."
"CANONICAL-001082","c8aa9332-1530-4e0f-8261-fee2652a4493","Spor & Outdoor > Outdoor, Kamp & Trekking","2","NO","YES","YES","CONTAINER_NOT_ASSIGNABLE","NO","NO","NO","LEGAL_REVIEW_REQUIRED","FAIL_CLOSED","pending","FAIL_CLOSED","POLICY_CHAIN=Spor & Outdoor > Outdoor, Kamp & Trekking:LEGAL_REVIEW_REQUIRED; PROFESSIONAL_REVIEW_CHAIN=Spor & Outdoor > Outdoor, Kamp & Trekking","canonical-v1.0.0","No public/pilot activation candidate in the canonical source; this package keeps it staged and fail-closed."
"CANONICAL-001083","6a2b91cd-c953-40d7-b9f3-4075ef091be5","Spor & Outdoor > Outdoor, Kamp & Trekking > Kamp Barınakları","3","NO","YES","YES","CONTAINER_NOT_ASSIGNABLE","NO","NO","NO","NORMAL","FAIL_CLOSED","pending","FAIL_CLOSED","POLICY_CHAIN=Spor & Outdoor > Outdoor, Kamp & Trekking:LEGAL_REVIEW_REQUIRED; PROFESSIONAL_REVIEW_CHAIN=Spor & Outdoor > Outdoor, Kamp & Trekking | Spor & Outdoor > Outdoor, Kamp & Trekking > Kamp Barınakları","canonical-v1.0.0","No public/pilot activation candidate in the canonical source; this package keeps it staged and fail-closed."
"CANONICAL-001084","27b48380-dcc0-4a9c-a5d7-8d11f751b97d","Spor & Outdoor > Outdoor, Kamp & Trekking > Kamp Barınakları > Çadırlar","4","YES","YES","YES","POLICY_BLOCKED","NO","NO","NO","NORMAL","FAIL_CLOSED","pending","FAIL_CLOSED","POLICY_CHAIN=Spor & Outdoor > Outdoor, Kamp & Trekking:LEGAL_REVIEW_REQUIRED; PROFESSIONAL_REVIEW_CHAIN=Spor & Outdoor > Outdoor, Kamp & Trekking | Spor & Outdoor > Outdoor, Kamp & Trekking > Kamp Barınakları | Spor & Outdoor > Outdoor, Kamp & Trekking > Kamp Barınakları > Çadırlar","canonical-v1.0.0","No public/pilot activation candidate in the canonical source; this package keeps it staged and fail-closed."
"CANONICAL-001085","65bc8a3a-6d2a-4629-b401-1098a6918d9b","Spor & Outdoor > Outdoor, Kamp & Trekking > Kamp Barınakları > Tarp & Gölgelikler","4","YES","YES","YES","POLICY_BLOCKED","NO","NO","NO","NORMAL","FAIL_CLOSED","pending","FAIL_CLOSED","POLICY_CHAIN=Spor & Outdoor > Outdoor, Kamp & Trekking:LEGAL_REVIEW_REQUIRED; PROFESSIONAL_REVIEW_CHAIN=Spor & Outdoor > Outdoor, Kamp & Trekking | Spor & Outdoor > Outdoor, Kamp & Trekking > Kamp Barınakları | Spor & Outdoor > Outdoor, Kamp & Trekking > Kamp Barınakları > Tarp & Gölgelikler","canonical-v1.0.0","No public/pilot activation candidate in the canonical source; this package keeps it staged and fail-closed."
"CANONICAL-001086","962ed9b3-f0e9-49eb-95dd-bb2af85c9013","Spor & Outdoor > Outdoor, Kamp & Trekking > Uyku Sistemleri","3","NO","YES","YES","CONTAINER_NOT_ASSIGNABLE","NO","NO","NO","NORMAL","FAIL_CLOSED","pending","FAIL_CLOSED","POLICY_CHAIN=Spor & Outdoor > Outdoor, Kamp & Trekking:LEGAL_REVIEW_REQUIRED; PROFESSIONAL_REVIEW_CHAIN=Spor & Outdoor > Outdoor, Kamp & Trekking | Spor & Outdoor > Outdoor, Kamp & Trekking > Uyku Sistemleri","canonical-v1.0.0","No public/pilot activation candidate in the canonical source; this package keeps it staged and fail-closed."
"CANONICAL-001087","4fa79302-64d9-47b1-8afe-b80bc25a0ade","Spor & Outdoor > Outdoor, Kamp & Trekking > Uyku Sistemleri > Uyku Tulumları","4","YES","YES","YES","POLICY_BLOCKED","NO","NO","NO","NORMAL","FAIL_CLOSED","pending","FAIL_CLOSED","POLICY_CHAIN=Spor & Outdoor > Outdoor, Kamp & Trekking:LEGAL_REVIEW_REQUIRED; PROFESSIONAL_REVIEW_CHAIN=Spor & Outdoor > Outdoor, Kamp & Trekking | Spor & Outdoor > Outdoor, Kamp & Trekking > Uyku Sistemleri | Spor & Outdoor > Outdoor, Kamp & Trekking > Uyku Sistemleri > Uyku Tulumları","canonical-v1.0.0","No public/pilot activation candidate in the canonical source; this package keeps it staged and fail-closed."
"CANONICAL-001088","62902d5c-14b7-4491-8f47-4b6000c15203","Spor & Outdoor > Outdoor, Kamp & Trekking > Uyku Sistemleri > Kamp Matları","4","YES","YES","YES","POLICY_BLOCKED","NO","NO","NO","NORMAL","FAIL_CLOSED","pending","FAIL_CLOSED","POLICY_CHAIN=Spor & Outdoor > Outdoor, Kamp & Trekking:LEGAL_REVIEW_REQUIRED; PROFESSIONAL_REVIEW_CHAIN=Spor & Outdoor > Outdoor, Kamp & Trekking | Spor & Outdoor > Outdoor, Kamp & Trekking > Uyku Sistemleri | Spor & Outdoor > Outdoor, Kamp & Trekking > Uyku Sistemleri > Kamp Matları","canonical-v1.0.0","No public/pilot activation candidate in the canonical source; this package keeps it staged and fail-closed."
"CANONICAL-001089","f6b9d8c3-7b91-49ba-a5b5-d4739d3038de","Spor & Outdoor > Outdoor, Kamp & Trekking > Kamp Mobilyaları","3","YES","YES","YES","POLICY_BLOCKED","NO","NO","NO","REGULATED","FAIL_CLOSED","pending","FAIL_CLOSED","POLICY_CHAIN=Spor & Outdoor > Outdoor, Kamp & Trekking:LEGAL_REVIEW_REQUIRED | Spor & Outdoor > Outdoor, Kamp & Trekking > Kamp Mobilyaları:REGULATED; PROFESSIONAL_REVIEW_CHAIN=Spor & Outdoor > Outdoor, Kamp & Trekking | Spor & Outdoor > Outdoor, Kamp & Trekking > Kamp Mobilyaları","canonical-v1.0.0","No public/pilot activation candidate in the canonical source; this package keeps it staged and fail-closed."
"CANONICAL-001090","89fdf16a-41ae-446d-ad09-fa2007e38f2c","Spor & Outdoor > Outdoor, Kamp & Trekking > Kamp Ocağı & Outdoor Pişirme Ekipmanları","3","YES","YES","YES","POLICY_BLOCKED","NO","NO","NO","REGULATED","FAIL_CLOSED","pending","FAIL_CLOSED","POLICY_CHAIN=Spor & Outdoor > Outdoor, Kamp & Trekking:LEGAL_REVIEW_REQUIRED | Spor & Outdoor > Outdoor, Kamp & Trekking > Kamp Ocağı & Outdoor Pişirme Ekipmanları:REGULATED; PROFESSIONAL_REVIEW_CHAIN=Spor & Outdoor > Outdoor, Kamp & Trekking | Spor & Outdoor > Outdoor, Kamp & Trekking > Kamp Ocağı & Outdoor Pişirme Ekipmanları","canonical-v1.0.0","No public/pilot activation candidate in the canonical source; this package keeps it staged and fail-closed."
"CANONICAL-001091","e8dc601d-28ae-4905-a593-def413a873fa","Spor & Outdoor > Outdoor, Kamp & Trekking > Trekking & Yürüyüş Ekipmanları","3","YES","YES","YES","POLICY_BLOCKED","NO","NO","NO","REGULATED","FAIL_CLOSED","pending","FAIL_CLOSED","POLICY_CHAIN=Spor & Outdoor > Outdoor, Kamp & Trekking:LEGAL_REVIEW_REQUIRED | Spor & Outdoor > Outdoor, Kamp & Trekking > Trekking & Yürüyüş Ekipmanları:REGULATED; PROFESSIONAL_REVIEW_CHAIN=Spor & Outdoor > Outdoor, Kamp & Trekking | Spor & Outdoor > Outdoor, Kamp & Trekking > Trekking & Yürüyüş Ekipmanları","canonical-v1.0.0","No public/pilot activation candidate in the canonical source; this package keeps it staged and fail-closed."
"CANONICAL-001092","50c8c988-0871-4a47-95e5-d05b10b4b419","Spor & Outdoor > Outdoor, Kamp & Trekking > Outdoor Aydınlatma Ekipmanları","3","YES","YES","YES","POLICY_BLOCKED","NO","NO","NO","REGULATED","FAIL_CLOSED","pending","FAIL_CLOSED","POLICY_CHAIN=Spor & Outdoor > Outdoor, Kamp & Trekking:LEGAL_REVIEW_REQUIRED | Spor & Outdoor > Outdoor, Kamp & Trekking > Outdoor Aydınlatma Ekipmanları:REGULATED; PROFESSIONAL_REVIEW_CHAIN=Spor & Outdoor > Outdoor, Kamp & Trekking | Spor & Outdoor > Outdoor, Kamp & Trekking > Outdoor Aydınlatma Ekipmanları","canonical-v1.0.0","No public/pilot activation candidate in the canonical source; this package keeps it staged and fail-closed."
"CANONICAL-001093","e67bd113-e8da-467e-bab3-1ad74039d2d4","Spor & Outdoor > Outdoor, Kamp & Trekking > Tırmanış & Dağcılık Ekipmanları","3","YES","YES","YES","POLICY_BLOCKED","NO","NO","NO","LEGAL_REVIEW_REQUIRED","FAIL_CLOSED","pending","FAIL_CLOSED","POLICY_CHAIN=Spor & Outdoor > Outdoor, Kamp & Trekking:LEGAL_REVIEW_REQUIRED | Spor & Outdoor > Outdoor, Kamp & Trekking > Tırmanış & Dağcılık Ekipmanları:LEGAL_REVIEW_REQUIRED; PROFESSIONAL_REVIEW_CHAIN=Spor & Outdoor > Outdoor, Kamp & Trekking | Spor & Outdoor > Outdoor, Kamp & Trekking > Tırmanış & Dağcılık Ekipmanları","canonical-v1.0.0","No public/pilot activation candidate in the canonical source; this package keeps it staged and fail-closed."
"CANONICAL-001094","d7070d55-ce1b-4dba-82a2-79f0c917acec","Spor & Outdoor > Outdoor, Kamp & Trekking > Teknik Hidrasyon & Taşıma Sistemleri","3","YES","YES","YES","POLICY_BLOCKED","NO","NO","NO","REGULATED","FAIL_CLOSED","pending","FAIL_CLOSED","POLICY_CHAIN=Spor & Outdoor > Outdoor, Kamp & Trekking:LEGAL_REVIEW_REQUIRED | Spor & Outdoor > Outdoor, Kamp & Trekking > Teknik Hidrasyon & Taşıma Sistemleri:REGULATED; PROFESSIONAL_REVIEW_CHAIN=Spor & Outdoor > Outdoor, Kamp & Trekking | Spor & Outdoor > Outdoor, Kamp & Trekking > Teknik Hidrasyon & Taşıma Sistemleri","canonical-v1.0.0","No public/pilot activation candidate in the canonical source; this package keeps it staged and fail-closed."
"CANONICAL-001095","c31955c3-6471-4d5a-b8ef-bfe56c515abf","Spor & Outdoor > Bisiklet","2","NO","YES","YES","CONTAINER_NOT_ASSIGNABLE","NO","NO","NO","REGULATED","FAIL_CLOSED","pending","FAIL_CLOSED","POLICY_CHAIN=Spor & Outdoor > Bisiklet:REGULATED; PROFESSIONAL_REVIEW_CHAIN=Spor & Outdoor > Bisiklet","canonical-v1.0.0","No public/pilot activation candidate in the canonical source; this package keeps it staged and fail-closed."
"CANONICAL-001096","c207b8e7-53a5-438f-a23a-519c2566cf3d","Spor & Outdoor > Bisiklet > Bisikletler","3","NO","YES","YES","CONTAINER_NOT_ASSIGNABLE","NO","NO","NO","REGULATED","FAIL_CLOSED","pending","FAIL_CLOSED","POLICY_CHAIN=Spor & Outdoor > Bisiklet:REGULATED | Spor & Outdoor > Bisiklet > Bisikletler:REGULATED; PROFESSIONAL_REVIEW_CHAIN=Spor & Outdoor > Bisiklet | Spor & Outdoor > Bisiklet > Bisikletler","canonical-v1.0.0","No public/pilot activation candidate in the canonical source; this package keeps it staged and fail-closed."
"CANONICAL-001097","c40c1b13-cba8-4e71-a8a6-627893b56118","Spor & Outdoor > Bisiklet > Bisikletler > Dağ Bisikletleri","4","YES","YES","YES","POLICY_BLOCKED","NO","NO","NO","NORMAL","FAIL_CLOSED","pending","FAIL_CLOSED","POLICY_CHAIN=Spor & Outdoor > Bisiklet:REGULATED | Spor & Outdoor > Bisiklet > Bisikletler:REGULATED; PROFESSIONAL_REVIEW_CHAIN=Spor & Outdoor > Bisiklet | Spor & Outdoor > Bisiklet > Bisikletler | Spor & Outdoor > Bisiklet > Bisikletler > Dağ Bisikletleri","canonical-v1.0.0","No public/pilot activation candidate in the canonical source; this package keeps it staged and fail-closed."
"CANONICAL-001098","cbd80b0b-b098-47f0-814d-18ef90c4557e","Spor & Outdoor > Bisiklet > Bisikletler > Yol Bisikletleri","4","YES","YES","YES","POLICY_BLOCKED","NO","NO","NO","NORMAL","FAIL_CLOSED","pending","FAIL_CLOSED","POLICY_CHAIN=Spor & Outdoor > Bisiklet:REGULATED | Spor & Outdoor > Bisiklet > Bisikletler:REGULATED; PROFESSIONAL_REVIEW_CHAIN=Spor & Outdoor > Bisiklet | Spor & Outdoor > Bisiklet > Bisikletler | Spor & Outdoor > Bisiklet > Bisikletler > Yol Bisikletleri","canonical-v1.0.0","No public/pilot activation candidate in the canonical source; this package keeps it staged and fail-closed."
"CANONICAL-001099","97d18b29-eccd-4e62-8350-7f703b65c6b4","Spor & Outdoor > Bisiklet > Bisikletler > Şehir & Tur Bisikletleri","4","YES","YES","YES","POLICY_BLOCKED","NO","NO","NO","NORMAL","FAIL_CLOSED","pending","FAIL_CLOSED","POLICY_CHAIN=Spor & Outdoor > Bisiklet:REGULATED | Spor & Outdoor > Bisiklet > Bisikletler:REGULATED; PROFESSIONAL_REVIEW_CHAIN=Spor & Outdoor > Bisiklet | Spor & Outdoor > Bisiklet > Bisikletler | Spor & Outdoor > Bisiklet > Bisikletler > Şehir & Tur Bisikletleri","canonical-v1.0.0","No public/pilot activation candidate in the canonical source; this package keeps it staged and fail-closed."
"CANONICAL-001100","2f15521c-1a9b-4242-be4f-c29defb92978","Spor & Outdoor > Bisiklet > Bisikletler > Çocuk Bisikletleri","4","YES","YES","YES","POLICY_BLOCKED","NO","NO","NO","REGULATED","FAIL_CLOSED","pending","FAIL_CLOSED","POLICY_CHAIN=Spor & Outdoor > Bisiklet:REGULATED | Spor & Outdoor > Bisiklet > Bisikletler:REGULATED | Spor & Outdoor > Bisiklet > Bisikletler > Çocuk Bisikletleri:REGULATED; PROFESSIONAL_REVIEW_CHAIN=Spor & Outdoor > Bisiklet | Spor & Outdoor > Bisiklet > Bisikletler | Spor & Outdoor > Bisiklet > Bisikletler > Çocuk Bisikletleri","canonical-v1.0.0","No public/pilot activation candidate in the canonical source; this package keeps it staged and fail-closed."
"CANONICAL-001101","abea6e5c-bff9-4451-847b-1b4827028c9e","Spor & Outdoor > Bisiklet > Bisiklet Parçaları","3","NO","YES","YES","CONTAINER_NOT_ASSIGNABLE","NO","NO","NO","REGULATED","FAIL_CLOSED","pending","FAIL_CLOSED","POLICY_CHAIN=Spor & Outdoor > Bisiklet:REGULATED | Spor & Outdoor > Bisiklet > Bisiklet Parçaları:REGULATED; PROFESSIONAL_REVIEW_CHAIN=Spor & Outdoor > Bisiklet | Spor & Outdoor > Bisiklet > Bisiklet Parçaları","canonical-v1.0.0","No public/pilot activation candidate in the canonical source; this package keeps it staged and fail-closed."
"CANONICAL-001102","f2831675-4c54-4d25-ad25-9fbcc6c98fc1","Spor & Outdoor > Bisiklet > Bisiklet Parçaları > Aktarma Organları","4","YES","YES","YES","POLICY_BLOCKED","NO","NO","NO","NORMAL","FAIL_CLOSED","pending","FAIL_CLOSED","POLICY_CHAIN=Spor & Outdoor > Bisiklet:REGULATED | Spor & Outdoor > Bisiklet > Bisiklet Parçaları:REGULATED; PROFESSIONAL_REVIEW_CHAIN=Spor & Outdoor > Bisiklet | Spor & Outdoor > Bisiklet > Bisiklet Parçaları | Spor & Outdoor > Bisiklet > Bisiklet Parçaları > Aktarma Organları","canonical-v1.0.0","No public/pilot activation candidate in the canonical source; this package keeps it staged and fail-closed."
"CANONICAL-001103","6e224f49-c97f-4a1d-b169-4e36dc324e14","Spor & Outdoor > Bisiklet > Bisiklet Parçaları > Fren Parçaları","4","YES","YES","YES","POLICY_BLOCKED","NO","NO","NO","REGULATED","FAIL_CLOSED","pending","FAIL_CLOSED","POLICY_CHAIN=Spor & Outdoor > Bisiklet:REGULATED | Spor & Outdoor > Bisiklet > Bisiklet Parçaları:REGULATED | Spor & Outdoor > Bisiklet > Bisiklet Parçaları > Fren Parçaları:REGULATED; PROFESSIONAL_REVIEW_CHAIN=Spor & Outdoor > Bisiklet | Spor & Outdoor > Bisiklet > Bisiklet Parçaları | Spor & Outdoor > Bisiklet > Bisiklet Parçaları > Fren Parçaları","canonical-v1.0.0","No public/pilot activation candidate in the canonical source; this package keeps it staged and fail-closed."
"CANONICAL-001104","da671044-b5b7-4984-9f21-2abc11d0ab68","Spor & Outdoor > Bisiklet > Bisiklet Parçaları > Jant, Lastik & Tekerlek Parçaları","4","YES","YES","YES","POLICY_BLOCKED","NO","NO","NO","NORMAL","FAIL_CLOSED","pending","FAIL_CLOSED","POLICY_CHAIN=Spor & Outdoor > Bisiklet:REGULATED | Spor & Outdoor > Bisiklet > Bisiklet Parçaları:REGULATED; PROFESSIONAL_REVIEW_CHAIN=Spor & Outdoor > Bisiklet | Spor & Outdoor > Bisiklet > Bisiklet Parçaları | Spor & Outdoor > Bisiklet > Bisiklet Parçaları > Jant, Lastik & Tekerlek Parçaları","canonical-v1.0.0","No public/pilot activation candidate in the canonical source; this package keeps it staged and fail-closed."
"CANONICAL-001105","c86c0a12-7073-4259-9029-73dce96579be","Spor & Outdoor > Bisiklet > Bisiklet Parçaları > Gidon, Sele & Kontrol Parçaları","4","YES","YES","YES","POLICY_BLOCKED","NO","NO","NO","NORMAL","FAIL_CLOSED","pending","FAIL_CLOSED","POLICY_CHAIN=Spor & Outdoor > Bisiklet:REGULATED | Spor & Outdoor > Bisiklet > Bisiklet Parçaları:REGULATED; PROFESSIONAL_REVIEW_CHAIN=Spor & Outdoor > Bisiklet | Spor & Outdoor > Bisiklet > Bisiklet Parçaları | Spor & Outdoor > Bisiklet > Bisiklet Parçaları > Gidon, Sele & Kontrol Parçaları","canonical-v1.0.0","No public/pilot activation candidate in the canonical source; this package keeps it staged and fail-closed."
"CANONICAL-001106","99b00bcd-0252-4985-aaf8-6fb6874a9e6e","Spor & Outdoor > Bisiklet > Bisiklet Kaskı & Koruyucuları","3","YES","YES","YES","POLICY_BLOCKED","NO","NO","NO","REGULATED","FAIL_CLOSED","pending","FAIL_CLOSED","POLICY_CHAIN=Spor & Outdoor > Bisiklet:REGULATED | Spor & Outdoor > Bisiklet > Bisiklet Kaskı & Koruyucuları:REGULATED; PROFESSIONAL_REVIEW_CHAIN=Spor & Outdoor > Bisiklet | Spor & Outdoor > Bisiklet > Bisiklet Kaskı & Koruyucuları","canonical-v1.0.0","No public/pilot activation candidate in the canonical source; this package keeps it staged and fail-closed."
"CANONICAL-001107","a8d2773c-0d68-4e93-9f29-a9b836a3c6bf","Spor & Outdoor > Bisiklet > Bisiklet Kilidi & Güvenlik Ürünleri","3","YES","YES","YES","POLICY_BLOCKED","NO","NO","NO","NORMAL","FAIL_CLOSED","pending","FAIL_CLOSED","POLICY_CHAIN=Spor & Outdoor > Bisiklet:REGULATED; PROFESSIONAL_REVIEW_CHAIN=Spor & Outdoor > Bisiklet | Spor & Outdoor > Bisiklet > Bisiklet Kilidi & Güvenlik Ürünleri","canonical-v1.0.0","No public/pilot activation candidate in the canonical source; this package keeps it staged and fail-closed."
"CANONICAL-001108","d37beff2-11e7-4de5-8ba2-7f5d5b65483e","Spor & Outdoor > Bisiklet > Pompa, Bakım & Sürüş Aksesuarları","3","YES","YES","YES","POLICY_BLOCKED","NO","NO","NO","NORMAL","FAIL_CLOSED","pending","FAIL_CLOSED","POLICY_CHAIN=Spor & Outdoor > Bisiklet:REGULATED; PROFESSIONAL_REVIEW_CHAIN=Spor & Outdoor > Bisiklet | Spor & Outdoor > Bisiklet > Pompa, Bakım & Sürüş Aksesuarları","canonical-v1.0.0","No public/pilot activation candidate in the canonical source; this package keeps it staged and fail-closed."
"CANONICAL-001109","782edf8f-68c4-401a-8bb6-6fd8a2c16e13","Spor & Outdoor > Bisiklet > Bisiklete Monte Çanta & Taşıyıcılar","3","YES","YES","YES","POLICY_BLOCKED","NO","NO","NO","REGULATED","FAIL_CLOSED","pending","FAIL_CLOSED","POLICY_CHAIN=Spor & Outdoor > Bisiklet:REGULATED | Spor & Outdoor > Bisiklet > Bisiklete Monte Çanta & Taşıyıcılar:REGULATED; PROFESSIONAL_REVIEW_CHAIN=Spor & Outdoor > Bisiklet | Spor & Outdoor > Bisiklet > Bisiklete Monte Çanta & Taşıyıcılar","canonical-v1.0.0","No public/pilot activation candidate in the canonical source; this package keeps it staged and fail-closed."
"CANONICAL-001110","b0b23dd2-f6c4-4b1e-af2b-8035672f3579","Spor & Outdoor > Su Sporları","2","NO","YES","YES","CONTAINER_NOT_ASSIGNABLE","NO","NO","NO","LEGAL_REVIEW_REQUIRED","FAIL_CLOSED","pending","FAIL_CLOSED","POLICY_CHAIN=Spor & Outdoor > Su Sporları:LEGAL_REVIEW_REQUIRED; PROFESSIONAL_REVIEW_CHAIN=Spor & Outdoor > Su Sporları","canonical-v1.0.0","No public/pilot activation candidate in the canonical source; this package keeps it staged and fail-closed."
"CANONICAL-001111","a40cabcb-16a2-4e3e-b4e3-cb18b4d24bf7","Spor & Outdoor > Su Sporları > Yüzme Ekipmanları","3","YES","YES","YES","POLICY_BLOCKED","NO","NO","NO","REGULATED","FAIL_CLOSED","pending","FAIL_CLOSED","POLICY_CHAIN=Spor & Outdoor > Su Sporları:LEGAL_REVIEW_REQUIRED | Spor & Outdoor > Su Sporları > Yüzme Ekipmanları:REGULATED; PROFESSIONAL_REVIEW_CHAIN=Spor & Outdoor > Su Sporları | Spor & Outdoor > Su Sporları > Yüzme Ekipmanları","canonical-v1.0.0","No public/pilot activation candidate in the canonical source; this package keeps it staged and fail-closed."
"CANONICAL-001112","bff6a795-0972-442f-a851-cfe7449fdd3e","Spor & Outdoor > Su Sporları > Dalış & Şnorkel Ekipmanları","3","YES","YES","YES","POLICY_BLOCKED","NO","NO","NO","LEGAL_REVIEW_REQUIRED","FAIL_CLOSED","pending","FAIL_CLOSED","POLICY_CHAIN=Spor & Outdoor > Su Sporları:LEGAL_REVIEW_REQUIRED | Spor & Outdoor > Su Sporları > Dalış & Şnorkel Ekipmanları:LEGAL_REVIEW_REQUIRED; PROFESSIONAL_REVIEW_CHAIN=Spor & Outdoor > Su Sporları | Spor & Outdoor > Su Sporları > Dalış & Şnorkel Ekipmanları","canonical-v1.0.0","No public/pilot activation candidate in the canonical source; this package keeps it staged and fail-closed."
"CANONICAL-001113","5398f880-3406-44fb-90b5-e74dc9b294f0","Spor & Outdoor > Su Sporları > Sörf & SUP Ekipmanları","3","YES","YES","YES","POLICY_BLOCKED","NO","NO","NO","REGULATED","FAIL_CLOSED","pending","FAIL_CLOSED","POLICY_CHAIN=Spor & Outdoor > Su Sporları:LEGAL_REVIEW_REQUIRED | Spor & Outdoor > Su Sporları > Sörf & SUP Ekipmanları:REGULATED; PROFESSIONAL_REVIEW_CHAIN=Spor & Outdoor > Su Sporları | Spor & Outdoor > Su Sporları > Sörf & SUP Ekipmanları","canonical-v1.0.0","No public/pilot activation candidate in the canonical source; this package keeps it staged and fail-closed."
"CANONICAL-001114","c20a11fd-0417-4780-b93f-afabf668cad4","Spor & Outdoor > Su Sporları > Kano & Kayak Ekipmanları","3","YES","YES","YES","POLICY_BLOCKED","NO","NO","NO","REGULATED","FAIL_CLOSED","pending","FAIL_CLOSED","POLICY_CHAIN=Spor & Outdoor > Su Sporları:LEGAL_REVIEW_REQUIRED | Spor & Outdoor > Su Sporları > Kano & Kayak Ekipmanları:REGULATED; PROFESSIONAL_REVIEW_CHAIN=Spor & Outdoor > Su Sporları | Spor & Outdoor > Su Sporları > Kano & Kayak Ekipmanları","canonical-v1.0.0","No public/pilot activation candidate in the canonical source; this package keeps it staged and fail-closed."
"CANONICAL-001115","732aee4f-1cbb-40dd-8272-e67b333e38fd","Spor & Outdoor > Su Sporları > Can Yeleği & Su Güvenliği Ekipmanları","3","YES","YES","YES","POLICY_BLOCKED","NO","NO","NO","REGULATED","FAIL_CLOSED","pending","FAIL_CLOSED","POLICY_CHAIN=Spor & Outdoor > Su Sporları:LEGAL_REVIEW_REQUIRED | Spor & Outdoor > Su Sporları > Can Yeleği & Su Güvenliği Ekipmanları:REGULATED; PROFESSIONAL_REVIEW_CHAIN=Spor & Outdoor > Su Sporları | Spor & Outdoor > Su Sporları > Can Yeleği & Su Güvenliği Ekipmanları","canonical-v1.0.0","No public/pilot activation candidate in the canonical source; this package keeps it staged and fail-closed."
"CANONICAL-001116","b79254f6-8ed7-496d-8046-fd90d21ae404","Spor & Outdoor > Su Sporları > Şişme Su Sporu Ürünleri","3","YES","YES","YES","POLICY_BLOCKED","NO","NO","NO","REGULATED","FAIL_CLOSED","pending","FAIL_CLOSED","POLICY_CHAIN=Spor & Outdoor > Su Sporları:LEGAL_REVIEW_REQUIRED | Spor & Outdoor > Su Sporları > Şişme Su Sporu Ürünleri:REGULATED; PROFESSIONAL_REVIEW_CHAIN=Spor & Outdoor > Su Sporları | Spor & Outdoor > Su Sporları > Şişme Su Sporu Ürünleri","canonical-v1.0.0","No public/pilot activation candidate in the canonical source; this package keeps it staged and fail-closed."
"CANONICAL-001117","42490a60-0c8e-4335-99d8-0f1e2a235d2f","Spor & Outdoor > Kış Sporları","2","NO","YES","YES","CONTAINER_NOT_ASSIGNABLE","NO","NO","NO","REGULATED","FAIL_CLOSED","pending","FAIL_CLOSED","POLICY_CHAIN=Spor & Outdoor > Kış Sporları:REGULATED; PROFESSIONAL_REVIEW_CHAIN=Spor & Outdoor > Kış Sporları","canonical-v1.0.0","No public/pilot activation candidate in the canonical source; this package keeps it staged and fail-closed."
"CANONICAL-001118","0abed260-9119-499e-9f9a-66fd91cfcd0e","Spor & Outdoor > Kış Sporları > Kayak Ekipmanları","3","YES","YES","YES","POLICY_BLOCKED","NO","NO","NO","REGULATED","FAIL_CLOSED","pending","FAIL_CLOSED","POLICY_CHAIN=Spor & Outdoor > Kış Sporları:REGULATED | Spor & Outdoor > Kış Sporları > Kayak Ekipmanları:REGULATED; PROFESSIONAL_REVIEW_CHAIN=Spor & Outdoor > Kış Sporları | Spor & Outdoor > Kış Sporları > Kayak Ekipmanları","canonical-v1.0.0","No public/pilot activation candidate in the canonical source; this package keeps it staged and fail-closed."
"CANONICAL-001119","2e816bac-34f0-4e80-9caa-b44fcc3bfab9","Spor & Outdoor > Kış Sporları > Snowboard Ekipmanları","3","YES","YES","YES","POLICY_BLOCKED","NO","NO","NO","REGULATED","FAIL_CLOSED","pending","FAIL_CLOSED","POLICY_CHAIN=Spor & Outdoor > Kış Sporları:REGULATED | Spor & Outdoor > Kış Sporları > Snowboard Ekipmanları:REGULATED; PROFESSIONAL_REVIEW_CHAIN=Spor & Outdoor > Kış Sporları | Spor & Outdoor > Kış Sporları > Snowboard Ekipmanları","canonical-v1.0.0","No public/pilot activation candidate in the canonical source; this package keeps it staged and fail-closed."
"CANONICAL-001120","2c16b179-ae2e-486a-91ef-cccf23848116","Spor & Outdoor > Kış Sporları > Kızaklar","3","YES","YES","YES","POLICY_BLOCKED","NO","NO","NO","REGULATED","FAIL_CLOSED","pending","FAIL_CLOSED","POLICY_CHAIN=Spor & Outdoor > Kış Sporları:REGULATED | Spor & Outdoor > Kış Sporları > Kızaklar:REGULATED; PROFESSIONAL_REVIEW_CHAIN=Spor & Outdoor > Kış Sporları | Spor & Outdoor > Kış Sporları > Kızaklar","canonical-v1.0.0","No public/pilot activation candidate in the canonical source; this package keeps it staged and fail-closed."
"CANONICAL-001121","c7f7b96d-5673-48b2-b93d-573a9f81cba5","Spor & Outdoor > Kış Sporları > Kış Sporu Koruyucuları","3","YES","YES","YES","POLICY_BLOCKED","NO","NO","NO","REGULATED","FAIL_CLOSED","pending","FAIL_CLOSED","POLICY_CHAIN=Spor & Outdoor > Kış Sporları:REGULATED | Spor & Outdoor > Kış Sporları > Kış Sporu Koruyucuları:REGULATED; PROFESSIONAL_REVIEW_CHAIN=Spor & Outdoor > Kış Sporları | Spor & Outdoor > Kış Sporları > Kış Sporu Koruyucuları","canonical-v1.0.0","No public/pilot activation candidate in the canonical source; this package keeps it staged and fail-closed."
"CANONICAL-001122","4e2f4734-e01c-47a0-aa0e-b0091085735f","Spor & Outdoor > Kış Sporları > Kış Sporu Aksesuarları","3","YES","YES","YES","POLICY_BLOCKED","NO","NO","NO","REGULATED","FAIL_CLOSED","pending","FAIL_CLOSED","POLICY_CHAIN=Spor & Outdoor > Kış Sporları:REGULATED | Spor & Outdoor > Kış Sporları > Kış Sporu Aksesuarları:REGULATED; PROFESSIONAL_REVIEW_CHAIN=Spor & Outdoor > Kış Sporları | Spor & Outdoor > Kış Sporları > Kış Sporu Aksesuarları","canonical-v1.0.0","No public/pilot activation candidate in the canonical source; this package keeps it staged and fail-closed."
"CANONICAL-001123","19f60998-49fd-41e2-8925-48e4a127801b","Spor & Outdoor > Balıkçılık","2","NO","YES","YES","CONTAINER_NOT_ASSIGNABLE","NO","NO","NO","LEGAL_REVIEW_REQUIRED","FAIL_CLOSED","pending","FAIL_CLOSED","POLICY_CHAIN=Spor & Outdoor > Balıkçılık:LEGAL_REVIEW_REQUIRED; PROFESSIONAL_REVIEW_CHAIN=Spor & Outdoor > Balıkçılık","canonical-v1.0.0","No public/pilot activation candidate in the canonical source; this package keeps it staged and fail-closed."
"CANONICAL-001124","34b7ec3a-8788-40b8-8010-c36dbb0d6fab","Spor & Outdoor > Balıkçılık > Olta Kamışları","3","YES","YES","YES","POLICY_BLOCKED","NO","NO","NO","NORMAL","FAIL_CLOSED","pending","FAIL_CLOSED","POLICY_CHAIN=Spor & Outdoor > Balıkçılık:LEGAL_REVIEW_REQUIRED; PROFESSIONAL_REVIEW_CHAIN=Spor & Outdoor > Balıkçılık | Spor & Outdoor > Balıkçılık > Olta Kamışları","canonical-v1.0.0","No public/pilot activation candidate in the canonical source; this package keeps it staged and fail-closed."
"CANONICAL-001125","234edf95-18d6-48c4-8809-053a6c24a9a5","Spor & Outdoor > Balıkçılık > Olta Makineleri","3","YES","YES","YES","POLICY_BLOCKED","NO","NO","NO","NORMAL","FAIL_CLOSED","pending","FAIL_CLOSED","POLICY_CHAIN=Spor & Outdoor > Balıkçılık:LEGAL_REVIEW_REQUIRED; PROFESSIONAL_REVIEW_CHAIN=Spor & Outdoor > Balıkçılık | Spor & Outdoor > Balıkçılık > Olta Makineleri","canonical-v1.0.0","No public/pilot activation candidate in the canonical source; this package keeps it staged and fail-closed."
"CANONICAL-001126","9454d43f-600d-446f-be27-badfe1069f6c","Spor & Outdoor > Balıkçılık > Misina, İğne & Bağlantı Takımları","3","YES","YES","YES","POLICY_BLOCKED","NO","NO","NO","LEGAL_REVIEW_REQUIRED","FAIL_CLOSED","pending","FAIL_CLOSED","POLICY_CHAIN=Spor & Outdoor > Balıkçılık:LEGAL_REVIEW_REQUIRED | Spor & Outdoor > Balıkçılık > Misina, İğne & Bağlantı Takımları:LEGAL_REVIEW_REQUIRED; PROFESSIONAL_REVIEW_CHAIN=Spor & Outdoor > Balıkçılık | Spor & Outdoor > Balıkçılık > Misina, İğne & Bağlantı Takımları","canonical-v1.0.0","No public/pilot activation candidate in the canonical source; this package keeps it staged and fail-closed."
"CANONICAL-001127","654f7766-1c74-4d44-a68b-5dbb1a85bc57","Spor & Outdoor > Balıkçılık > Suni Yem & Balıkçılık Yemleri","3","YES","YES","YES","POLICY_BLOCKED","NO","NO","NO","LEGAL_REVIEW_REQUIRED","FAIL_CLOSED","pending","FAIL_CLOSED","POLICY_CHAIN=Spor & Outdoor > Balıkçılık:LEGAL_REVIEW_REQUIRED | Spor & Outdoor > Balıkçılık > Suni Yem & Balıkçılık Yemleri:LEGAL_REVIEW_REQUIRED; PROFESSIONAL_REVIEW_CHAIN=Spor & Outdoor > Balıkçılık | Spor & Outdoor > Balıkçılık > Suni Yem & Balıkçılık Yemleri","canonical-v1.0.0","No public/pilot activation candidate in the canonical source; this package keeps it staged and fail-closed."
"CANONICAL-001128","15fbebd2-7211-4152-96ad-8ace7bc46edf","Spor & Outdoor > Balıkçılık > Kepçe, Ağ & Balıkçılık Aksesuarları","3","YES","YES","YES","POLICY_BLOCKED","NO","NO","NO","LEGAL_REVIEW_REQUIRED","FAIL_CLOSED","pending","FAIL_CLOSED","POLICY_CHAIN=Spor & Outdoor > Balıkçılık:LEGAL_REVIEW_REQUIRED | Spor & Outdoor > Balıkçılık > Kepçe, Ağ & Balıkçılık Aksesuarları:LEGAL_REVIEW_REQUIRED; PROFESSIONAL_REVIEW_CHAIN=Spor & Outdoor > Balıkçılık | Spor & Outdoor > Balıkçılık > Kepçe, Ağ & Balıkçılık Aksesuarları","canonical-v1.0.0","No public/pilot activation candidate in the canonical source; this package keeps it staged and fail-closed."
"CANONICAL-001129","af10fe13-9c6a-4fd1-8f48-ddb0119e2301","Spor & Outdoor > Balıkçılık > Balıkçı Kutusu & Taşıma Ürünleri","3","YES","YES","YES","POLICY_BLOCKED","NO","NO","NO","NORMAL","FAIL_CLOSED","pending","FAIL_CLOSED","POLICY_CHAIN=Spor & Outdoor > Balıkçılık:LEGAL_REVIEW_REQUIRED; PROFESSIONAL_REVIEW_CHAIN=Spor & Outdoor > Balıkçılık | Spor & Outdoor > Balıkçılık > Balıkçı Kutusu & Taşıma Ürünleri","canonical-v1.0.0","No public/pilot activation candidate in the canonical source; this package keeps it staged and fail-closed."
"CANONICAL-001130","a6dc7c8c-d0ad-4347-b3f8-db4a7a5d5ea7","Kitap","1","NO","YES","YES","CONTAINER_NOT_ASSIGNABLE","NO","NO","NO","NORMAL","PASS","not_required","PASS","STRUCTURAL_CONTAINER","canonical-v1.0.0","Structurally eligible for a later separately authorized activation review; this package keeps it staged and not public."
"CANONICAL-001131","b7830e3d-8f00-4b3f-8180-ca12c4a6747c","Kitap > Edebiyat & Kurgu","2","NO","YES","YES","CONTAINER_NOT_ASSIGNABLE","NO","NO","NO","NORMAL","PASS","not_required","PASS","STRUCTURAL_CONTAINER","canonical-v1.0.0","Structurally eligible for a later separately authorized activation review; this package keeps it staged and not public."
"CANONICAL-001132","6314b40e-34c7-4581-a351-187926931751","Kitap > Edebiyat & Kurgu > Deneme","3","YES","YES","YES","LEAF_ASSIGNABLE_CANDIDATE","YES","NO","NO","NORMAL","PASS","not_required","PASS","NONE","canonical-v1.0.0","Structurally eligible for a later separately authorized activation review; this package keeps it staged and not public."
"CANONICAL-001133","637393e9-3395-4d2f-95ff-21291052fbab","Kitap > Edebiyat & Kurgu > Öykü","3","YES","YES","YES","LEAF_ASSIGNABLE_CANDIDATE","YES","NO","NO","NORMAL","PASS","not_required","PASS","NONE","canonical-v1.0.0","Structurally eligible for a later separately authorized activation review; this package keeps it staged and not public."
"CANONICAL-001134","8da25361-573a-42e1-adab-76050e101ffc","Kitap > Edebiyat & Kurgu > Roman","3","YES","YES","YES","LEAF_ASSIGNABLE_CANDIDATE","YES","NO","NO","NORMAL","PASS","not_required","PASS","NONE","canonical-v1.0.0","Structurally eligible for a later separately authorized activation review; this package keeps it staged and not public."
"CANONICAL-001135","cc76db32-23b9-4cf9-ae8c-2dcf8b4a7d5f","Kitap > Edebiyat & Kurgu > Şiir","3","YES","YES","YES","LEAF_ASSIGNABLE_CANDIDATE","YES","NO","NO","NORMAL","PASS","not_required","PASS","NONE","canonical-v1.0.0","Structurally eligible for a later separately authorized activation review; this package keeps it staged and not public."
"CANONICAL-001136","35357f29-78d0-4de8-a673-ab1b1bedf328","Kitap > Edebiyat & Kurgu > Tiyatro Eserleri","3","YES","YES","YES","LEAF_ASSIGNABLE_CANDIDATE","YES","NO","NO","NORMAL","PASS","not_required","PASS","NONE","canonical-v1.0.0","Structurally eligible for a later separately authorized activation review; this package keeps it staged and not public."
"CANONICAL-001137","cdef243b-a84d-43fa-93ec-37423415cb75","Kitap > Çocuk & Gençlik Kitapları","2","NO","YES","YES","CONTAINER_NOT_ASSIGNABLE","NO","NO","NO","REGULATED","FAIL_CLOSED","pending","FAIL_CLOSED","POLICY_CHAIN=Kitap > Çocuk & Gençlik Kitapları:REGULATED; PROFESSIONAL_REVIEW_CHAIN=Kitap > Çocuk & Gençlik Kitapları","canonical-v1.0.0","No public/pilot activation candidate in the canonical source; this package keeps it staged and fail-closed."
"CANONICAL-001138","035d722b-f31b-4f32-a49b-b31971d3691c","Kitap > Çocuk & Gençlik Kitapları > Çocuk Edebiyatı","3","YES","YES","YES","POLICY_BLOCKED","NO","NO","NO","REGULATED","FAIL_CLOSED","pending","FAIL_CLOSED","POLICY_CHAIN=Kitap > Çocuk & Gençlik Kitapları:REGULATED | Kitap > Çocuk & Gençlik Kitapları > Çocuk Edebiyatı:REGULATED; PROFESSIONAL_REVIEW_CHAIN=Kitap > Çocuk & Gençlik Kitapları | Kitap > Çocuk & Gençlik Kitapları > Çocuk Edebiyatı","canonical-v1.0.0","No public/pilot activation candidate in the canonical source; this package keeps it staged and fail-closed."
"CANONICAL-001139","d625a3a8-d925-48a9-a9c9-9b624f0360c3","Kitap > Çocuk & Gençlik Kitapları > Çocuk Etkinlik Kitapları","3","YES","YES","YES","POLICY_BLOCKED","NO","NO","NO","REGULATED","FAIL_CLOSED","pending","FAIL_CLOSED","POLICY_CHAIN=Kitap > Çocuk & Gençlik Kitapları:REGULATED | Kitap > Çocuk & Gençlik Kitapları > Çocuk Etkinlik Kitapları:REGULATED; PROFESSIONAL_REVIEW_CHAIN=Kitap > Çocuk & Gençlik Kitapları | Kitap > Çocuk & Gençlik Kitapları > Çocuk Etkinlik Kitapları","canonical-v1.0.0","No public/pilot activation candidate in the canonical source; this package keeps it staged and fail-closed."
"CANONICAL-001140","bc1f4423-20c6-485b-8164-89dd2c855586","Kitap > Çocuk & Gençlik Kitapları > Gençlik Edebiyatı","3","YES","YES","YES","POLICY_BLOCKED","NO","NO","NO","REGULATED","FAIL_CLOSED","pending","FAIL_CLOSED","POLICY_CHAIN=Kitap > Çocuk & Gençlik Kitapları:REGULATED | Kitap > Çocuk & Gençlik Kitapları > Gençlik Edebiyatı:REGULATED; PROFESSIONAL_REVIEW_CHAIN=Kitap > Çocuk & Gençlik Kitapları | Kitap > Çocuk & Gençlik Kitapları > Gençlik Edebiyatı","canonical-v1.0.0","No public/pilot activation candidate in the canonical source; this package keeps it staged and fail-closed."
"CANONICAL-001141","350d9a2d-2d42-4e3f-9c95-a4e681467805","Kitap > Çocuk & Gençlik Kitapları > İlk Okuma Kitapları","3","YES","YES","YES","POLICY_BLOCKED","NO","NO","NO","REGULATED","FAIL_CLOSED","pending","FAIL_CLOSED","POLICY_CHAIN=Kitap > Çocuk & Gençlik Kitapları:REGULATED | Kitap > Çocuk & Gençlik Kitapları > İlk Okuma Kitapları:REGULATED; PROFESSIONAL_REVIEW_CHAIN=Kitap > Çocuk & Gençlik Kitapları | Kitap > Çocuk & Gençlik Kitapları > İlk Okuma Kitapları","canonical-v1.0.0","No public/pilot activation candidate in the canonical source; this package keeps it staged and fail-closed."
"CANONICAL-001142","10ebe448-ca87-4198-86f6-5729ae33d057","Kitap > Çocuk & Gençlik Kitapları > Okul Öncesi Kitapları","3","YES","YES","YES","POLICY_BLOCKED","NO","NO","NO","REGULATED","FAIL_CLOSED","pending","FAIL_CLOSED","POLICY_CHAIN=Kitap > Çocuk & Gençlik Kitapları:REGULATED | Kitap > Çocuk & Gençlik Kitapları > Okul Öncesi Kitapları:REGULATED; PROFESSIONAL_REVIEW_CHAIN=Kitap > Çocuk & Gençlik Kitapları | Kitap > Çocuk & Gençlik Kitapları > Okul Öncesi Kitapları","canonical-v1.0.0","No public/pilot activation candidate in the canonical source; this package keeps it staged and fail-closed."
"CANONICAL-001143","a9238c84-13fb-458d-b20b-a2876265a669","Kitap > Eğitim & Ders Kitapları","2","NO","YES","YES","CONTAINER_NOT_ASSIGNABLE","NO","NO","NO","REGULATED","FAIL_CLOSED","pending","FAIL_CLOSED","POLICY_CHAIN=Kitap > Eğitim & Ders Kitapları:REGULATED; PROFESSIONAL_REVIEW_CHAIN=Kitap > Eğitim & Ders Kitapları","canonical-v1.0.0","No public/pilot activation candidate in the canonical source; this package keeps it staged and fail-closed."
"CANONICAL-001144","8d0719e5-e20b-4a94-9674-8a536eeb720e","Kitap > Eğitim & Ders Kitapları > İlkokul Ders Kitapları","3","YES","YES","YES","POLICY_BLOCKED","NO","NO","NO","NORMAL","FAIL_CLOSED","not_required","FAIL_CLOSED","POLICY_CHAIN=Kitap > Eğitim & Ders Kitapları:REGULATED; PROFESSIONAL_REVIEW_CHAIN=Kitap > Eğitim & Ders Kitapları","canonical-v1.0.0","No public/pilot activation candidate in the canonical source; this package keeps it staged and fail-closed."
"CANONICAL-001145","f61e250e-d97f-4a8c-8b23-850fe512ce2b","Kitap > Eğitim & Ders Kitapları > Lise Ders Kitapları","3","YES","YES","YES","POLICY_BLOCKED","NO","NO","NO","NORMAL","FAIL_CLOSED","not_required","FAIL_CLOSED","POLICY_CHAIN=Kitap > Eğitim & Ders Kitapları:REGULATED; PROFESSIONAL_REVIEW_CHAIN=Kitap > Eğitim & Ders Kitapları","canonical-v1.0.0","No public/pilot activation candidate in the canonical source; this package keeps it staged and fail-closed."
"CANONICAL-001146","3b43d308-2fef-4dad-862b-06d1f53cfae1","Kitap > Eğitim & Ders Kitapları > Okul Öncesi Eğitim Kitapları","3","YES","YES","YES","POLICY_BLOCKED","NO","NO","NO","REGULATED","FAIL_CLOSED","pending","FAIL_CLOSED","POLICY_CHAIN=Kitap > Eğitim & Ders Kitapları:REGULATED | Kitap > Eğitim & Ders Kitapları > Okul Öncesi Eğitim Kitapları:REGULATED; PROFESSIONAL_REVIEW_CHAIN=Kitap > Eğitim & Ders Kitapları | Kitap > Eğitim & Ders Kitapları > Okul Öncesi Eğitim Kitapları","canonical-v1.0.0","No public/pilot activation candidate in the canonical source; this package keeps it staged and fail-closed."
"CANONICAL-001147","5f05453c-5f89-4fee-a143-9e5932b8fe08","Kitap > Eğitim & Ders Kitapları > Ortaokul Ders Kitapları","3","YES","YES","YES","POLICY_BLOCKED","NO","NO","NO","NORMAL","FAIL_CLOSED","not_required","FAIL_CLOSED","POLICY_CHAIN=Kitap > Eğitim & Ders Kitapları:REGULATED; PROFESSIONAL_REVIEW_CHAIN=Kitap > Eğitim & Ders Kitapları","canonical-v1.0.0","No public/pilot activation candidate in the canonical source; this package keeps it staged and fail-closed."
"CANONICAL-001148","68561f9c-00d9-4c22-b215-77fdf5ac2d45","Kitap > Eğitim & Ders Kitapları > Öğretmen Kaynak Kitapları","3","YES","YES","YES","POLICY_BLOCKED","NO","NO","NO","NORMAL","FAIL_CLOSED","not_required","FAIL_CLOSED","POLICY_CHAIN=Kitap > Eğitim & Ders Kitapları:REGULATED; PROFESSIONAL_REVIEW_CHAIN=Kitap > Eğitim & Ders Kitapları","canonical-v1.0.0","No public/pilot activation candidate in the canonical source; this package keeps it staged and fail-closed."
"CANONICAL-001149","609dc8d9-7b26-4ae6-b223-b38f03925082","Kitap > Sınav Hazırlık Kitapları","2","NO","YES","YES","CONTAINER_NOT_ASSIGNABLE","NO","NO","NO","NORMAL","PASS","not_required","PASS","STRUCTURAL_CONTAINER","canonical-v1.0.0","Structurally eligible for a later separately authorized activation review; this package keeps it staged and not public."
"CANONICAL-001150","120bcb91-85be-4feb-9c41-4713369b74c6","Kitap > Sınav Hazırlık Kitapları > Kamu & Meslek Sınavlarına Hazırlık","3","YES","YES","YES","LEAF_ASSIGNABLE_CANDIDATE","YES","NO","NO","NORMAL","PASS","not_required","PASS","NONE","canonical-v1.0.0","Structurally eligible for a later separately authorized activation review; this package keeps it staged and not public."
"CANONICAL-001151","a0fed1eb-f78d-444c-8102-b748d3490c49","Kitap > Sınav Hazırlık Kitapları > Lise Geçiş Sınavlarına Hazırlık","3","YES","YES","YES","LEAF_ASSIGNABLE_CANDIDATE","YES","NO","NO","NORMAL","PASS","not_required","PASS","NONE","canonical-v1.0.0","Structurally eligible for a later separately authorized activation review; this package keeps it staged and not public."
"CANONICAL-001152","5eba1849-47ba-4488-9a63-5c51199670ef","Kitap > Sınav Hazırlık Kitapları > Okul Sınavlarına Hazırlık","3","YES","YES","YES","LEAF_ASSIGNABLE_CANDIDATE","YES","NO","NO","NORMAL","PASS","not_required","PASS","NONE","canonical-v1.0.0","Structurally eligible for a later separately authorized activation review; this package keeps it staged and not public."
"CANONICAL-001153","25098e99-1ffc-46f2-aec0-c05cc015faaa","Kitap > Sınav Hazırlık Kitapları > Üniversite Giriş Sınavlarına Hazırlık","3","YES","YES","YES","LEAF_ASSIGNABLE_CANDIDATE","YES","NO","NO","NORMAL","PASS","not_required","PASS","NONE","canonical-v1.0.0","Structurally eligible for a later separately authorized activation review; this package keeps it staged and not public."
"CANONICAL-001154","416131aa-63e9-49ac-bc67-99b4661b8761","Kitap > Sınav Hazırlık Kitapları > Yabancı Dil Sınavlarına Hazırlık","3","YES","YES","YES","LEAF_ASSIGNABLE_CANDIDATE","YES","NO","NO","NORMAL","PASS","not_required","PASS","NONE","canonical-v1.0.0","Structurally eligible for a later separately authorized activation review; this package keeps it staged and not public."
"CANONICAL-001155","12ee839b-0539-4735-807a-dc30a5cdc506","Kitap > Akademik & Mesleki Kitaplar","2","NO","YES","YES","CONTAINER_NOT_ASSIGNABLE","NO","NO","NO","NORMAL","PASS","not_required","PASS","STRUCTURAL_CONTAINER","canonical-v1.0.0","Structurally eligible for a later separately authorized activation review; this package keeps it staged and not public."
"CANONICAL-001156","6a709a14-b956-450e-accb-a7220a0a4325","Kitap > Akademik & Mesleki Kitaplar > Fen Bilimleri Kitapları","3","YES","YES","YES","LEAF_ASSIGNABLE_CANDIDATE","YES","NO","NO","NORMAL","PASS","not_required","PASS","NONE","canonical-v1.0.0","Structurally eligible for a later separately authorized activation review; this package keeps it staged and not public."
"CANONICAL-001157","91c30ef7-bdf9-4f2f-b2c2-e28f2dfff7fb","Kitap > Akademik & Mesleki Kitaplar > Hukuk Kitapları","3","YES","YES","YES","LEAF_ASSIGNABLE_CANDIDATE","YES","NO","NO","NORMAL","PASS","not_required","PASS","NONE","canonical-v1.0.0","Structurally eligible for a later separately authorized activation review; this package keeps it staged and not public."
"CANONICAL-001158","570d473b-f689-4fc8-b6c1-84ffc55f16f0","Kitap > Akademik & Mesleki Kitaplar > İşletme & Ekonomi Kitapları","3","YES","YES","YES","LEAF_ASSIGNABLE_CANDIDATE","YES","NO","NO","NORMAL","PASS","not_required","PASS","NONE","canonical-v1.0.0","Structurally eligible for a later separately authorized activation review; this package keeps it staged and not public."
"CANONICAL-001159","0734aa9a-c049-44ca-952c-9aa1e1774fa9","Kitap > Akademik & Mesleki Kitaplar > Mühendislik & Teknoloji Kitapları","3","YES","YES","YES","LEAF_ASSIGNABLE_CANDIDATE","YES","NO","NO","NORMAL","PASS","not_required","PASS","NONE","canonical-v1.0.0","Structurally eligible for a later separately authorized activation review; this package keeps it staged and not public."
"CANONICAL-001160","7826f0ed-47cd-4de2-b4ff-d5518f11c3f1","Kitap > Akademik & Mesleki Kitaplar > Sağlık Bilimleri Kitapları","3","YES","YES","YES","LEAF_ASSIGNABLE_CANDIDATE","YES","NO","NO","NORMAL","PASS","not_required","PASS","NONE","canonical-v1.0.0","Structurally eligible for a later separately authorized activation review; this package keeps it staged and not public."
"CANONICAL-001161","7bcc3b5b-32d7-46df-813f-0aef38301482","Kitap > Akademik & Mesleki Kitaplar > Sosyal Bilimler Kitapları","3","YES","YES","YES","LEAF_ASSIGNABLE_CANDIDATE","YES","NO","NO","NORMAL","PASS","not_required","PASS","NONE","canonical-v1.0.0","Structurally eligible for a later separately authorized activation review; this package keeps it staged and not public."
"CANONICAL-001162","001789ee-b111-44b7-a546-3715fd073139","Kitap > Araştırma, İnceleme & Düşünce","2","NO","YES","YES","CONTAINER_NOT_ASSIGNABLE","NO","NO","NO","NORMAL","PASS","not_required","PASS","STRUCTURAL_CONTAINER","canonical-v1.0.0","Structurally eligible for a later separately authorized activation review; this package keeps it staged and not public."
"CANONICAL-001163","4143f953-7529-4f4c-934a-1e81f1aecac1","Kitap > Araştırma, İnceleme & Düşünce > Biyografi & Anı","3","YES","YES","YES","LEAF_ASSIGNABLE_CANDIDATE","YES","NO","NO","NORMAL","PASS","not_required","PASS","NONE","canonical-v1.0.0","Structurally eligible for a later separately authorized activation review; this package keeps it staged and not public."
"CANONICAL-001164","2f354ce2-2f67-4490-83cd-a933395e057b","Kitap > Araştırma, İnceleme & Düşünce > Din & Mitoloji","3","YES","YES","YES","LEAF_ASSIGNABLE_CANDIDATE","YES","NO","NO","NORMAL","PASS","not_required","PASS","NONE","canonical-v1.0.0","Structurally eligible for a later separately authorized activation review; this package keeps it staged and not public."
"CANONICAL-001165","a450bb9c-4e77-4472-bc52-9424b74baa8e","Kitap > Araştırma, İnceleme & Düşünce > Felsefe","3","YES","YES","YES","LEAF_ASSIGNABLE_CANDIDATE","YES","NO","NO","NORMAL","PASS","not_required","PASS","NONE","canonical-v1.0.0","Structurally eligible for a later separately authorized activation review; this package keeps it staged and not public."
"CANONICAL-001166","d04cebe9-2c31-41fc-a74f-5a8752f51844","Kitap > Araştırma, İnceleme & Düşünce > Popüler Bilim","3","YES","YES","YES","LEAF_ASSIGNABLE_CANDIDATE","YES","NO","NO","NORMAL","PASS","not_required","PASS","NONE","canonical-v1.0.0","Structurally eligible for a later separately authorized activation review; this package keeps it staged and not public."
"CANONICAL-001167","2cdb3dff-1dc1-4102-89de-f9b8a4ad7790","Kitap > Araştırma, İnceleme & Düşünce > Tarih","3","YES","YES","YES","LEAF_ASSIGNABLE_CANDIDATE","YES","NO","NO","NORMAL","PASS","not_required","PASS","NONE","canonical-v1.0.0","Structurally eligible for a later separately authorized activation review; this package keeps it staged and not public."
"CANONICAL-001168","aff0b251-b10e-44b1-80db-5b563c104c80","Kitap > Araştırma, İnceleme & Düşünce > Toplum & Siyaset","3","YES","YES","YES","LEAF_ASSIGNABLE_CANDIDATE","YES","NO","NO","NORMAL","PASS","not_required","PASS","NONE","canonical-v1.0.0","Structurally eligible for a later separately authorized activation review; this package keeps it staged and not public."
"CANONICAL-001169","d2f6690a-700b-4969-a23d-9d230fbded78","Kitap > Kişisel Gelişim & Yaşam","2","NO","YES","YES","CONTAINER_NOT_ASSIGNABLE","NO","NO","NO","REGULATED","FAIL_CLOSED","pending","FAIL_CLOSED","POLICY_CHAIN=Kitap > Kişisel Gelişim & Yaşam:REGULATED; PROFESSIONAL_REVIEW_CHAIN=Kitap > Kişisel Gelişim & Yaşam","canonical-v1.0.0","No public/pilot activation candidate in the canonical source; this package keeps it staged and fail-closed."
"CANONICAL-001170","7dab472e-05fe-42bc-aaf9-826dcb259c6e","Kitap > Kişisel Gelişim & Yaşam > Aile & İlişkiler","3","YES","YES","YES","POLICY_BLOCKED","NO","NO","NO","NORMAL","FAIL_CLOSED","not_required","FAIL_CLOSED","POLICY_CHAIN=Kitap > Kişisel Gelişim & Yaşam:REGULATED; PROFESSIONAL_REVIEW_CHAIN=Kitap > Kişisel Gelişim & Yaşam","canonical-v1.0.0","No public/pilot activation candidate in the canonical source; this package keeps it staged and fail-closed."
"CANONICAL-001171","d27b2056-b90e-4ee2-a11e-5c7d3384d54d","Kitap > Kişisel Gelişim & Yaşam > Kariyer & İş Yaşamı","3","YES","YES","YES","POLICY_BLOCKED","NO","NO","NO","NORMAL","FAIL_CLOSED","not_required","FAIL_CLOSED","POLICY_CHAIN=Kitap > Kişisel Gelişim & Yaşam:REGULATED; PROFESSIONAL_REVIEW_CHAIN=Kitap > Kişisel Gelişim & Yaşam","canonical-v1.0.0","No public/pilot activation candidate in the canonical source; this package keeps it staged and fail-closed."
"CANONICAL-001172","0abaf792-b12e-4738-9b14-6908ccdca6bf","Kitap > Kişisel Gelişim & Yaşam > Kişisel Gelişim","3","YES","YES","YES","POLICY_BLOCKED","NO","NO","NO","NORMAL","FAIL_CLOSED","not_required","FAIL_CLOSED","POLICY_CHAIN=Kitap > Kişisel Gelişim & Yaşam:REGULATED; PROFESSIONAL_REVIEW_CHAIN=Kitap > Kişisel Gelişim & Yaşam","canonical-v1.0.0","No public/pilot activation candidate in the canonical source; this package keeps it staged and fail-closed."
"CANONICAL-001173","6dd8ec37-0140-45df-a0a8-fd50b4718579","Kitap > Kişisel Gelişim & Yaşam > Psikoloji & İyi Yaşam","3","YES","YES","YES","POLICY_BLOCKED","NO","NO","NO","REGULATED","FAIL_CLOSED","pending","FAIL_CLOSED","POLICY_CHAIN=Kitap > Kişisel Gelişim & Yaşam:REGULATED | Kitap > Kişisel Gelişim & Yaşam > Psikoloji & İyi Yaşam:REGULATED; PROFESSIONAL_REVIEW_CHAIN=Kitap > Kişisel Gelişim & Yaşam | Kitap > Kişisel Gelişim & Yaşam > Psikoloji & İyi Yaşam","canonical-v1.0.0","No public/pilot activation candidate in the canonical source; this package keeps it staged and fail-closed."
"CANONICAL-001174","5ff27fa1-78db-4601-b018-a7079358cf08","Kitap > Sanat, Kültür & Hobi Kitapları","2","NO","YES","YES","CONTAINER_NOT_ASSIGNABLE","NO","NO","NO","NORMAL","PASS","not_required","PASS","STRUCTURAL_CONTAINER","canonical-v1.0.0","Structurally eligible for a later separately authorized activation review; this package keeps it staged and not public."
"CANONICAL-001175","29501ead-b637-44b5-9f71-ee68c61c2e54","Kitap > Sanat, Kültür & Hobi Kitapları > El Sanatları & Hobi","3","YES","YES","YES","LEAF_ASSIGNABLE_CANDIDATE","YES","NO","NO","NORMAL","PASS","not_required","PASS","NONE","canonical-v1.0.0","Structurally eligible for a later separately authorized activation review; this package keeps it staged and not public."
"CANONICAL-001176","36cf6e9d-ee18-4213-859a-8269d2e01137","Kitap > Sanat, Kültür & Hobi Kitapları > Fotoğraf","3","YES","YES","YES","LEAF_ASSIGNABLE_CANDIDATE","YES","NO","NO","NORMAL","PASS","not_required","PASS","NONE","canonical-v1.0.0","Structurally eligible for a later separately authorized activation review; this package keeps it staged and not public."
"CANONICAL-001177","b78b31f1-e81e-4a6d-97b9-262c4d9e642c","Kitap > Sanat, Kültür & Hobi Kitapları > Gezi","3","YES","YES","YES","LEAF_ASSIGNABLE_CANDIDATE","YES","NO","NO","NORMAL","PASS","not_required","PASS","NONE","canonical-v1.0.0","Structurally eligible for a later separately authorized activation review; this package keeps it staged and not public."
"CANONICAL-001178","3ac03b6d-1aaf-40d7-93c8-dedf7981cb32","Kitap > Sanat, Kültür & Hobi Kitapları > Görsel Sanatlar","3","YES","YES","YES","LEAF_ASSIGNABLE_CANDIDATE","YES","NO","NO","NORMAL","PASS","not_required","PASS","NONE","canonical-v1.0.0","Structurally eligible for a later separately authorized activation review; this package keeps it staged and not public."
"CANONICAL-001179","e185c19b-ac64-4719-bce3-d9f9b9467b20","Kitap > Sanat, Kültür & Hobi Kitapları > Müzik","3","YES","YES","YES","LEAF_ASSIGNABLE_CANDIDATE","YES","NO","NO","NORMAL","PASS","not_required","PASS","NONE","canonical-v1.0.0","Structurally eligible for a later separately authorized activation review; this package keeps it staged and not public."
"CANONICAL-001180","95b99a36-f5aa-45b5-be52-69213fd02f11","Kitap > Sanat, Kültür & Hobi Kitapları > Sinema & Tiyatro","3","YES","YES","YES","LEAF_ASSIGNABLE_CANDIDATE","YES","NO","NO","NORMAL","PASS","not_required","PASS","NONE","canonical-v1.0.0","Structurally eligible for a later separately authorized activation review; this package keeps it staged and not public."
"CANONICAL-001181","2da6b541-0092-4d7a-ba21-8ff95548249d","Kitap > Sanat, Kültür & Hobi Kitapları > Yemek & Mutfak","3","YES","YES","YES","LEAF_ASSIGNABLE_CANDIDATE","YES","NO","NO","NORMAL","PASS","not_required","PASS","NONE","canonical-v1.0.0","Structurally eligible for a later separately authorized activation review; this package keeps it staged and not public."
"CANONICAL-001182","730ec7a7-a572-4722-bdc1-d0c21691cb92","Kitap > Çizgi Roman & Manga","2","NO","YES","YES","CONTAINER_NOT_ASSIGNABLE","NO","NO","NO","NORMAL","PASS","not_required","PASS","STRUCTURAL_CONTAINER","canonical-v1.0.0","Structurally eligible for a later separately authorized activation review; this package keeps it staged and not public."
"CANONICAL-001183","05ee0ee3-bb67-4c95-a61e-95b0cd58f101","Kitap > Çizgi Roman & Manga > Çizgi Roman","3","YES","YES","YES","LEAF_ASSIGNABLE_CANDIDATE","YES","NO","NO","NORMAL","PASS","not_required","PASS","NONE","canonical-v1.0.0","Structurally eligible for a later separately authorized activation review; this package keeps it staged and not public."
"CANONICAL-001184","68e47016-307d-4dcd-9515-c1488ec2f32a","Kitap > Çizgi Roman & Manga > Grafik Roman","3","YES","YES","YES","LEAF_ASSIGNABLE_CANDIDATE","YES","NO","NO","NORMAL","PASS","not_required","PASS","NONE","canonical-v1.0.0","Structurally eligible for a later separately authorized activation review; this package keeps it staged and not public."
"CANONICAL-001185","82a3d70a-3518-4b74-a6db-0b62490d872b","Kitap > Çizgi Roman & Manga > Manga","3","YES","YES","YES","LEAF_ASSIGNABLE_CANDIDATE","YES","NO","NO","NORMAL","PASS","not_required","PASS","NONE","canonical-v1.0.0","Structurally eligible for a later separately authorized activation review; this package keeps it staged and not public."
"CANONICAL-001186","cf2d4d4b-6da1-4a88-865d-494eaf583aef","Kitap > Dil Öğrenimi & Sözlükler","2","NO","YES","YES","CONTAINER_NOT_ASSIGNABLE","NO","NO","NO","NORMAL","PASS","not_required","PASS","STRUCTURAL_CONTAINER","canonical-v1.0.0","Structurally eligible for a later separately authorized activation review; this package keeps it staged and not public."
"CANONICAL-001187","b9529476-1e9e-4113-bb62-348932a1f206","Kitap > Dil Öğrenimi & Sözlükler > Dil Bilgisi & Yazım Kaynakları","3","YES","YES","YES","LEAF_ASSIGNABLE_CANDIDATE","YES","NO","NO","NORMAL","PASS","not_required","PASS","NONE","canonical-v1.0.0","Structurally eligible for a later separately authorized activation review; this package keeps it staged and not public."
"CANONICAL-001188","f8815f4f-94dc-4387-bb45-12ad02209e11","Kitap > Dil Öğrenimi & Sözlükler > Dil Öğrenim Kitapları","3","YES","YES","YES","LEAF_ASSIGNABLE_CANDIDATE","YES","NO","NO","NORMAL","PASS","not_required","PASS","NONE","canonical-v1.0.0","Structurally eligible for a later separately authorized activation review; this package keeps it staged and not public."
"CANONICAL-001189","cf475dfc-b9e5-4d48-b725-1f18c774394a","Kitap > Dil Öğrenimi & Sözlükler > Konuşma Kılavuzları","3","YES","YES","YES","LEAF_ASSIGNABLE_CANDIDATE","YES","NO","NO","NORMAL","PASS","not_required","PASS","NONE","canonical-v1.0.0","Structurally eligible for a later separately authorized activation review; this package keeps it staged and not public."
"CANONICAL-001190","254da393-2d21-42b6-a0c5-f66c920d47ee","Kitap > Dil Öğrenimi & Sözlükler > Sözlükler","3","YES","YES","YES","LEAF_ASSIGNABLE_CANDIDATE","YES","NO","NO","NORMAL","PASS","not_required","PASS","NONE","canonical-v1.0.0","Structurally eligible for a later separately authorized activation review; this package keeps it staged and not public."
"CANONICAL-001191","b4a582c3-9e08-446f-a15c-6ee06316b14d","Kırtasiye & Ofis","1","NO","YES","YES","CONTAINER_NOT_ASSIGNABLE","NO","NO","NO","NORMAL","PASS","not_required","PASS","STRUCTURAL_CONTAINER","canonical-v1.0.0","Structurally eligible for a later separately authorized activation review; this package keeps it staged and not public."
"CANONICAL-001192","50bd4e0f-74c0-4780-8481-74ad3c0163e5","Kırtasiye & Ofis > Kalem & Yazım Gereçleri","2","NO","YES","YES","CONTAINER_NOT_ASSIGNABLE","NO","NO","NO","REGULATED","FAIL_CLOSED","pending","FAIL_CLOSED","POLICY_CHAIN=Kırtasiye & Ofis > Kalem & Yazım Gereçleri:REGULATED; PROFESSIONAL_REVIEW_CHAIN=Kırtasiye & Ofis > Kalem & Yazım Gereçleri","canonical-v1.0.0","No public/pilot activation candidate in the canonical source; this package keeps it staged and fail-closed."
"CANONICAL-001193","744f314b-ccae-41ba-9737-f48318356f52","Kırtasiye & Ofis > Kalem & Yazım Gereçleri > Dolma Kalemler","3","YES","YES","YES","POLICY_BLOCKED","NO","NO","NO","NORMAL","FAIL_CLOSED","not_required","FAIL_CLOSED","POLICY_CHAIN=Kırtasiye & Ofis > Kalem & Yazım Gereçleri:REGULATED; PROFESSIONAL_REVIEW_CHAIN=Kırtasiye & Ofis > Kalem & Yazım Gereçleri","canonical-v1.0.0","No public/pilot activation candidate in the canonical source; this package keeps it staged and fail-closed."
"CANONICAL-001194","dc64d467-b961-45e9-8322-2b88bd168c14","Kırtasiye & Ofis > Kalem & Yazım Gereçleri > Kalem Ucu & Mürekkep","3","YES","YES","YES","POLICY_BLOCKED","NO","NO","NO","REGULATED","FAIL_CLOSED","pending","FAIL_CLOSED","POLICY_CHAIN=Kırtasiye & Ofis > Kalem & Yazım Gereçleri:REGULATED | Kırtasiye & Ofis > Kalem & Yazım Gereçleri > Kalem Ucu & Mürekkep:REGULATED; PROFESSIONAL_REVIEW_CHAIN=Kırtasiye & Ofis > Kalem & Yazım Gereçleri | Kırtasiye & Ofis > Kalem & Yazım Gereçleri > Kalem Ucu & Mürekkep","canonical-v1.0.0","No public/pilot activation candidate in the canonical source; this package keeps it staged and fail-closed."
"CANONICAL-001195","74a855c1-d2c9-4f0d-b451-f9fd98d98a8e","Kırtasiye & Ofis > Kalem & Yazım Gereçleri > Kurşun & Versatil Kalemler","3","YES","YES","YES","POLICY_BLOCKED","NO","NO","NO","NORMAL","FAIL_CLOSED","not_required","FAIL_CLOSED","POLICY_CHAIN=Kırtasiye & Ofis > Kalem & Yazım Gereçleri:REGULATED; PROFESSIONAL_REVIEW_CHAIN=Kırtasiye & Ofis > Kalem & Yazım Gereçleri","canonical-v1.0.0","No public/pilot activation candidate in the canonical source; this package keeps it staged and fail-closed."
"CANONICAL-001196","99eb94af-477c-489b-8296-a86adc37a976","Kırtasiye & Ofis > Kalem & Yazım Gereçleri > Marker & Fosforlu Kalemler","3","YES","YES","YES","POLICY_BLOCKED","NO","NO","NO","REGULATED","FAIL_CLOSED","pending","FAIL_CLOSED","POLICY_CHAIN=Kırtasiye & Ofis > Kalem & Yazım Gereçleri:REGULATED | Kırtasiye & Ofis > Kalem & Yazım Gereçleri > Marker & Fosforlu Kalemler:REGULATED; PROFESSIONAL_REVIEW_CHAIN=Kırtasiye & Ofis > Kalem & Yazım Gereçleri | Kırtasiye & Ofis > Kalem & Yazım Gereçleri > Marker & Fosforlu Kalemler","canonical-v1.0.0","No public/pilot activation candidate in the canonical source; this package keeps it staged and fail-closed."
"CANONICAL-001197","f745144f-2b5a-423c-9493-7cc84476d4dd","Kırtasiye & Ofis > Kalem & Yazım Gereçleri > Silgi & Düzeltme Gereçleri","3","YES","YES","YES","POLICY_BLOCKED","NO","NO","NO","REGULATED","FAIL_CLOSED","pending","FAIL_CLOSED","POLICY_CHAIN=Kırtasiye & Ofis > Kalem & Yazım Gereçleri:REGULATED | Kırtasiye & Ofis > Kalem & Yazım Gereçleri > Silgi & Düzeltme Gereçleri:REGULATED; PROFESSIONAL_REVIEW_CHAIN=Kırtasiye & Ofis > Kalem & Yazım Gereçleri | Kırtasiye & Ofis > Kalem & Yazım Gereçleri > Silgi & Düzeltme Gereçleri","canonical-v1.0.0","No public/pilot activation candidate in the canonical source; this package keeps it staged and fail-closed."
"CANONICAL-001198","1492b2ab-1147-4255-b6ee-4900f3af333a","Kırtasiye & Ofis > Kalem & Yazım Gereçleri > Tükenmez & Roller Kalemler","3","YES","YES","YES","POLICY_BLOCKED","NO","NO","NO","NORMAL","FAIL_CLOSED","not_required","FAIL_CLOSED","POLICY_CHAIN=Kırtasiye & Ofis > Kalem & Yazım Gereçleri:REGULATED; PROFESSIONAL_REVIEW_CHAIN=Kırtasiye & Ofis > Kalem & Yazım Gereçleri","canonical-v1.0.0","No public/pilot activation candidate in the canonical source; this package keeps it staged and fail-closed."
"CANONICAL-001199","c6890eca-1253-4ef5-852d-22c98607a544","Kırtasiye & Ofis > Defter, Ajanda & Planlayıcılar","2","NO","YES","YES","CONTAINER_NOT_ASSIGNABLE","NO","NO","NO","NORMAL","PASS","not_required","PASS","STRUCTURAL_CONTAINER","canonical-v1.0.0","Structurally eligible for a later separately authorized activation review; this package keeps it staged and not public."
"CANONICAL-001200","f6479f41-2d24-43de-9db0-2933f8a0dd73","Kırtasiye & Ofis > Defter, Ajanda & Planlayıcılar > Ajandalar","3","YES","YES","YES","LEAF_ASSIGNABLE_CANDIDATE","YES","NO","NO","NORMAL","PASS","not_required","PASS","NONE","canonical-v1.0.0","Structurally eligible for a later separately authorized activation review; this package keeps it staged and not public."
"CANONICAL-001201","48305568-afae-47dd-bb55-dd681f19559a","Kırtasiye & Ofis > Defter, Ajanda & Planlayıcılar > Bloknotlar","3","YES","YES","YES","LEAF_ASSIGNABLE_CANDIDATE","YES","NO","NO","NORMAL","PASS","not_required","PASS","NONE","canonical-v1.0.0","Structurally eligible for a later separately authorized activation review; this package keeps it staged and not public."
"CANONICAL-001202","b25a9b03-afec-4b95-a372-3b8437579829","Kırtasiye & Ofis > Defter, Ajanda & Planlayıcılar > Defterler","3","YES","YES","YES","LEAF_ASSIGNABLE_CANDIDATE","YES","NO","NO","NORMAL","PASS","not_required","PASS","NONE","canonical-v1.0.0","Structurally eligible for a later separately authorized activation review; this package keeps it staged and not public."
"CANONICAL-001203","6ee42d5a-75ca-4fd9-809f-cf5da4008504","Kırtasiye & Ofis > Defter, Ajanda & Planlayıcılar > Günlükler","3","YES","YES","YES","LEAF_ASSIGNABLE_CANDIDATE","YES","NO","NO","NORMAL","PASS","not_required","PASS","NONE","canonical-v1.0.0","Structurally eligible for a later separately authorized activation review; this package keeps it staged and not public."
"CANONICAL-001204","bc9408a4-1648-43f8-b919-3f2574d4bb3a","Kırtasiye & Ofis > Defter, Ajanda & Planlayıcılar > Planlayıcılar","3","YES","YES","YES","LEAF_ASSIGNABLE_CANDIDATE","YES","NO","NO","NORMAL","PASS","not_required","PASS","NONE","canonical-v1.0.0","Structurally eligible for a later separately authorized activation review; this package keeps it staged and not public."
"CANONICAL-001205","8bf4b0d2-6ce9-425b-8c86-b503f46de4f3","Kırtasiye & Ofis > Kağıt, Etiket & Baskı Sarfı","2","NO","YES","YES","CONTAINER_NOT_ASSIGNABLE","NO","NO","NO","NORMAL","PASS","not_required","PASS","STRUCTURAL_CONTAINER","canonical-v1.0.0","Structurally eligible for a later separately authorized activation review; this package keeps it staged and not public."
"CANONICAL-001206","bf641bc7-1325-4a06-92ae-f99244b1f5d8","Kırtasiye & Ofis > Kağıt, Etiket & Baskı Sarfı > Çizim & Fotoğraf Kağıtları","3","YES","YES","YES","LEAF_ASSIGNABLE_CANDIDATE","YES","NO","NO","NORMAL","PASS","not_required","PASS","NONE","canonical-v1.0.0","Structurally eligible for a later separately authorized activation review; this package keeps it staged and not public."
"CANONICAL-001207","4ef69b3a-d6f9-4726-af19-cefe11a2edba","Kırtasiye & Ofis > Kağıt, Etiket & Baskı Sarfı > Etiket & Sticker Kağıtları","3","YES","YES","YES","LEAF_ASSIGNABLE_CANDIDATE","YES","NO","NO","NORMAL","PASS","not_required","PASS","NONE","canonical-v1.0.0","Structurally eligible for a later separately authorized activation review; this package keeps it staged and not public."
"CANONICAL-001208","8d968ee1-3518-47ae-aad9-d9ebaf4b7fce","Kırtasiye & Ofis > Kağıt, Etiket & Baskı Sarfı > Fotokopi & Yazıcı Kağıtları","3","YES","YES","YES","LEAF_ASSIGNABLE_CANDIDATE","YES","NO","NO","NORMAL","PASS","not_required","PASS","NONE","canonical-v1.0.0","Structurally eligible for a later separately authorized activation review; this package keeps it staged and not public."
"CANONICAL-001209","41127be8-39e2-4d87-b92d-c0a6cdad1c63","Kırtasiye & Ofis > Kağıt, Etiket & Baskı Sarfı > Karton & Fon Kağıtları","3","YES","YES","YES","LEAF_ASSIGNABLE_CANDIDATE","YES","NO","NO","NORMAL","PASS","not_required","PASS","NONE","canonical-v1.0.0","Structurally eligible for a later separately authorized activation review; this package keeps it staged and not public."
"CANONICAL-001210","33cd2bfb-27d2-4af1-9b06-c82f381ebf65","Kırtasiye & Ofis > Kağıt, Etiket & Baskı Sarfı > Termal & Plotter Ruloları","3","YES","YES","YES","LEAF_ASSIGNABLE_CANDIDATE","YES","NO","NO","NORMAL","PASS","not_required","PASS","NONE","canonical-v1.0.0","Structurally eligible for a later separately authorized activation review; this package keeps it staged and not public."
"CANONICAL-001211","d6ed6600-c7f9-407c-b832-f1460770e40e","Kırtasiye & Ofis > Kağıt, Etiket & Baskı Sarfı > Zarflar","3","YES","YES","YES","LEAF_ASSIGNABLE_CANDIDATE","YES","NO","NO","NORMAL","PASS","not_required","PASS","NONE","canonical-v1.0.0","Structurally eligible for a later separately authorized activation review; this package keeps it staged and not public."
"CANONICAL-001212","bfbd5c92-b01c-43c3-b520-f2012186b604","Kırtasiye & Ofis > Dosyalama & Arşivleme","2","NO","YES","YES","CONTAINER_NOT_ASSIGNABLE","NO","NO","NO","NORMAL","PASS","not_required","PASS","STRUCTURAL_CONTAINER","canonical-v1.0.0","Structurally eligible for a later separately authorized activation review; this package keeps it staged and not public."
"CANONICAL-001213","eb50d6b2-4c67-4190-b1c6-4fe21e9ff1fd","Kırtasiye & Ofis > Dosyalama & Arşivleme > Arşiv Kutuları","3","YES","YES","YES","LEAF_ASSIGNABLE_CANDIDATE","YES","NO","NO","NORMAL","PASS","not_required","PASS","NONE","canonical-v1.0.0","Structurally eligible for a later separately authorized activation review; this package keeps it staged and not public."
"CANONICAL-001214","8be76252-a4a3-4b9a-9789-68f406cc34ad","Kırtasiye & Ofis > Dosyalama & Arşivleme > Dosyalar","3","YES","YES","YES","LEAF_ASSIGNABLE_CANDIDATE","YES","NO","NO","NORMAL","PASS","not_required","PASS","NONE","canonical-v1.0.0","Structurally eligible for a later separately authorized activation review; this package keeps it staged and not public."
"CANONICAL-001215","1e1ba919-d658-4115-beab-9b424a64a2ad","Kırtasiye & Ofis > Dosyalama & Arşivleme > Evrak Rafları & Kutuları","3","YES","YES","YES","LEAF_ASSIGNABLE_CANDIDATE","YES","NO","NO","NORMAL","PASS","not_required","PASS","NONE","canonical-v1.0.0","Structurally eligible for a later separately authorized activation review; this package keeps it staged and not public."
"CANONICAL-001216","19ea63ea-4456-4ca9-ad14-e359be403c73","Kırtasiye & Ofis > Dosyalama & Arşivleme > Klasörler","3","YES","YES","YES","LEAF_ASSIGNABLE_CANDIDATE","YES","NO","NO","NORMAL","PASS","not_required","PASS","NONE","canonical-v1.0.0","Structurally eligible for a later separately authorized activation review; this package keeps it staged and not public."
"CANONICAL-001217","1525f06e-d1fc-4863-a673-ff6ef833d2be","Kırtasiye & Ofis > Dosyalama & Arşivleme > Separatör & İndeksler","3","YES","YES","YES","LEAF_ASSIGNABLE_CANDIDATE","YES","NO","NO","NORMAL","PASS","not_required","PASS","NONE","canonical-v1.0.0","Structurally eligible for a later separately authorized activation review; this package keeps it staged and not public."
"CANONICAL-001218","9ebe70d5-08f5-4624-98f4-7c5ffec3617e","Kırtasiye & Ofis > Masaüstü Ofis Gereçleri","2","NO","YES","YES","CONTAINER_NOT_ASSIGNABLE","NO","NO","NO","REGULATED","FAIL_CLOSED","pending","FAIL_CLOSED","POLICY_CHAIN=Kırtasiye & Ofis > Masaüstü Ofis Gereçleri:REGULATED; PROFESSIONAL_REVIEW_CHAIN=Kırtasiye & Ofis > Masaüstü Ofis Gereçleri","canonical-v1.0.0","No public/pilot activation candidate in the canonical source; this package keeps it staged and fail-closed."
"CANONICAL-001219","860a2a99-b7f9-48c3-a37b-643779ed1ba6","Kırtasiye & Ofis > Masaüstü Ofis Gereçleri > Ataş, Klips & Raptiyeler","3","YES","YES","YES","POLICY_BLOCKED","NO","NO","NO","REGULATED","FAIL_CLOSED","pending","FAIL_CLOSED","POLICY_CHAIN=Kırtasiye & Ofis > Masaüstü Ofis Gereçleri:REGULATED | Kırtasiye & Ofis > Masaüstü Ofis Gereçleri > Ataş, Klips & Raptiyeler:REGULATED; PROFESSIONAL_REVIEW_CHAIN=Kırtasiye & Ofis > Masaüstü Ofis Gereçleri | Kırtasiye & Ofis > Masaüstü Ofis Gereçleri > Ataş, Klips & Raptiyeler","canonical-v1.0.0","No public/pilot activation candidate in the canonical source; this package keeps it staged and fail-closed."
"CANONICAL-001220","952ee49c-abbe-4892-bad9-49f94ebd46a6","Kırtasiye & Ofis > Masaüstü Ofis Gereçleri > Cetvel & Ölçüm Gereçleri","3","YES","YES","YES","POLICY_BLOCKED","NO","NO","NO","NORMAL","FAIL_CLOSED","not_required","FAIL_CLOSED","POLICY_CHAIN=Kırtasiye & Ofis > Masaüstü Ofis Gereçleri:REGULATED; PROFESSIONAL_REVIEW_CHAIN=Kırtasiye & Ofis > Masaüstü Ofis Gereçleri","canonical-v1.0.0","No public/pilot activation candidate in the canonical source; this package keeps it staged and fail-closed."
"CANONICAL-001221","b495308c-e9aa-44aa-8685-f72b078b4bfb","Kırtasiye & Ofis > Masaüstü Ofis Gereçleri > Kaşe & Tarih Damgaları","3","YES","YES","YES","POLICY_BLOCKED","NO","NO","NO","NORMAL","FAIL_CLOSED","not_required","FAIL_CLOSED","POLICY_CHAIN=Kırtasiye & Ofis > Masaüstü Ofis Gereçleri:REGULATED; PROFESSIONAL_REVIEW_CHAIN=Kırtasiye & Ofis > Masaüstü Ofis Gereçleri","canonical-v1.0.0","No public/pilot activation candidate in the canonical source; this package keeps it staged and fail-closed."
"CANONICAL-001222","da78c373-0bfa-4893-b3f8-a98596a0f299","Kırtasiye & Ofis > Masaüstü Ofis Gereçleri > Masaüstü Düzenleyiciler","3","YES","YES","YES","POLICY_BLOCKED","NO","NO","NO","NORMAL","FAIL_CLOSED","not_required","FAIL_CLOSED","POLICY_CHAIN=Kırtasiye & Ofis > Masaüstü Ofis Gereçleri:REGULATED; PROFESSIONAL_REVIEW_CHAIN=Kırtasiye & Ofis > Masaüstü Ofis Gereçleri","canonical-v1.0.0","No public/pilot activation candidate in the canonical source; this package keeps it staged and fail-closed."
"CANONICAL-001223","df38ae24-aa85-47b0-9d3d-e7a94cd7d9d3","Kırtasiye & Ofis > Masaüstü Ofis Gereçleri > Zımba & Delgeçler","3","YES","YES","YES","POLICY_BLOCKED","NO","NO","NO","NORMAL","FAIL_CLOSED","not_required","FAIL_CLOSED","POLICY_CHAIN=Kırtasiye & Ofis > Masaüstü Ofis Gereçleri:REGULATED; PROFESSIONAL_REVIEW_CHAIN=Kırtasiye & Ofis > Masaüstü Ofis Gereçleri","canonical-v1.0.0","No public/pilot activation candidate in the canonical source; this package keeps it staged and fail-closed."
"CANONICAL-001224","1a77d27a-5416-47dd-a505-f53ed3591459","Kırtasiye & Ofis > Yapıştırıcı, Bant & Kesim Gereçleri","2","NO","YES","YES","CONTAINER_NOT_ASSIGNABLE","NO","NO","NO","LEGAL_REVIEW_REQUIRED","FAIL_CLOSED","pending","FAIL_CLOSED","POLICY_CHAIN=Kırtasiye & Ofis > Yapıştırıcı, Bant & Kesim Gereçleri:LEGAL_REVIEW_REQUIRED; PROFESSIONAL_REVIEW_CHAIN=Kırtasiye & Ofis > Yapıştırıcı, Bant & Kesim Gereçleri","canonical-v1.0.0","No public/pilot activation candidate in the canonical source; this package keeps it staged and fail-closed."
"CANONICAL-001225","73f19e8d-fd9f-49e2-9341-13913f5de290","Kırtasiye & Ofis > Yapıştırıcı, Bant & Kesim Gereçleri > Bant Kesiciler","3","YES","YES","YES","POLICY_BLOCKED","NO","NO","NO","REGULATED","FAIL_CLOSED","pending","FAIL_CLOSED","POLICY_CHAIN=Kırtasiye & Ofis > Yapıştırıcı, Bant & Kesim Gereçleri:LEGAL_REVIEW_REQUIRED | Kırtasiye & Ofis > Yapıştırıcı, Bant & Kesim Gereçleri > Bant Kesiciler:REGULATED; PROFESSIONAL_REVIEW_CHAIN=Kırtasiye & Ofis > Yapıştırıcı, Bant & Kesim Gereçleri | Kırtasiye & Ofis > Yapıştırıcı, Bant & Kesim Gereçleri > Bant Kesiciler","canonical-v1.0.0","No public/pilot activation candidate in the canonical source; this package keeps it staged and fail-closed."
"CANONICAL-001226","86e805ca-4673-451a-9bec-8f35105256a7","Kırtasiye & Ofis > Yapıştırıcı, Bant & Kesim Gereçleri > Kesim Matları","3","YES","YES","YES","POLICY_BLOCKED","NO","NO","NO","NORMAL","FAIL_CLOSED","not_required","FAIL_CLOSED","POLICY_CHAIN=Kırtasiye & Ofis > Yapıştırıcı, Bant & Kesim Gereçleri:LEGAL_REVIEW_REQUIRED; PROFESSIONAL_REVIEW_CHAIN=Kırtasiye & Ofis > Yapıştırıcı, Bant & Kesim Gereçleri","canonical-v1.0.0","No public/pilot activation candidate in the canonical source; this package keeps it staged and fail-closed."
"CANONICAL-001227","8281a467-8ba0-429a-b601-b766c0ea1f44","Kırtasiye & Ofis > Yapıştırıcı, Bant & Kesim Gereçleri > Makaslar","3","YES","YES","YES","POLICY_BLOCKED","NO","NO","NO","REGULATED","FAIL_CLOSED","pending","FAIL_CLOSED","POLICY_CHAIN=Kırtasiye & Ofis > Yapıştırıcı, Bant & Kesim Gereçleri:LEGAL_REVIEW_REQUIRED | Kırtasiye & Ofis > Yapıştırıcı, Bant & Kesim Gereçleri > Makaslar:REGULATED; PROFESSIONAL_REVIEW_CHAIN=Kırtasiye & Ofis > Yapıştırıcı, Bant & Kesim Gereçleri | Kırtasiye & Ofis > Yapıştırıcı, Bant & Kesim Gereçleri > Makaslar","canonical-v1.0.0","No public/pilot activation candidate in the canonical source; this package keeps it staged and fail-closed."
"CANONICAL-001228","c8249606-126c-4de0-9334-2be5f3217987","Kırtasiye & Ofis > Yapıştırıcı, Bant & Kesim Gereçleri > Maket Bıçakları","3","YES","YES","YES","POLICY_BLOCKED","NO","NO","NO","LEGAL_REVIEW_REQUIRED","FAIL_CLOSED","pending","FAIL_CLOSED","POLICY_CHAIN=Kırtasiye & Ofis > Yapıştırıcı, Bant & Kesim Gereçleri:LEGAL_REVIEW_REQUIRED | Kırtasiye & Ofis > Yapıştırıcı, Bant & Kesim Gereçleri > Maket Bıçakları:LEGAL_REVIEW_REQUIRED; PROFESSIONAL_REVIEW_CHAIN=Kırtasiye & Ofis > Yapıştırıcı, Bant & Kesim Gereçleri | Kırtasiye & Ofis > Yapıştırıcı, Bant & Kesim Gereçleri > Maket Bıçakları","canonical-v1.0.0","No public/pilot activation candidate in the canonical source; this package keeps it staged and fail-closed."
"CANONICAL-001229","beb41e43-1778-467a-a5d0-a5a8842a247d","Kırtasiye & Ofis > Yapıştırıcı, Bant & Kesim Gereçleri > Ofis & Kırtasiye Bantları","3","YES","YES","YES","POLICY_BLOCKED","NO","NO","NO","NORMAL","FAIL_CLOSED","not_required","FAIL_CLOSED","POLICY_CHAIN=Kırtasiye & Ofis > Yapıştırıcı, Bant & Kesim Gereçleri:LEGAL_REVIEW_REQUIRED; PROFESSIONAL_REVIEW_CHAIN=Kırtasiye & Ofis > Yapıştırıcı, Bant & Kesim Gereçleri","canonical-v1.0.0","No public/pilot activation candidate in the canonical source; this package keeps it staged and fail-closed."
"CANONICAL-001230","d3967eef-3633-4e2f-8bfc-b330dd047dbd","Kırtasiye & Ofis > Yapıştırıcı, Bant & Kesim Gereçleri > Yapıştırıcılar","3","YES","YES","YES","POLICY_BLOCKED","NO","NO","NO","LEGAL_REVIEW_REQUIRED","FAIL_CLOSED","pending","FAIL_CLOSED","POLICY_CHAIN=Kırtasiye & Ofis > Yapıştırıcı, Bant & Kesim Gereçleri:LEGAL_REVIEW_REQUIRED | Kırtasiye & Ofis > Yapıştırıcı, Bant & Kesim Gereçleri > Yapıştırıcılar:LEGAL_REVIEW_REQUIRED; PROFESSIONAL_REVIEW_CHAIN=Kırtasiye & Ofis > Yapıştırıcı, Bant & Kesim Gereçleri | Kırtasiye & Ofis > Yapıştırıcı, Bant & Kesim Gereçleri > Yapıştırıcılar","canonical-v1.0.0","No public/pilot activation candidate in the canonical source; this package keeps it staged and fail-closed."
"CANONICAL-001231","0c3aae60-4726-4241-8b30-9f390120baa8","Kırtasiye & Ofis > Okul Kırtasiyesi & Eğitim Gereçleri","2","NO","YES","YES","CONTAINER_NOT_ASSIGNABLE","NO","NO","NO","REGULATED","FAIL_CLOSED","pending","FAIL_CLOSED","POLICY_CHAIN=Kırtasiye & Ofis > Okul Kırtasiyesi & Eğitim Gereçleri:REGULATED; PROFESSIONAL_REVIEW_CHAIN=Kırtasiye & Ofis > Okul Kırtasiyesi & Eğitim Gereçleri","canonical-v1.0.0","No public/pilot activation candidate in the canonical source; this package keeps it staged and fail-closed."
"CANONICAL-001232","c4c061c7-6cd4-4f12-a995-0efe109623b0","Kırtasiye & Ofis > Okul Kırtasiyesi & Eğitim Gereçleri > Eğitim Kartları & Öğrenme Gereçleri","3","YES","YES","YES","POLICY_BLOCKED","NO","NO","NO","REGULATED","FAIL_CLOSED","pending","FAIL_CLOSED","POLICY_CHAIN=Kırtasiye & Ofis > Okul Kırtasiyesi & Eğitim Gereçleri:REGULATED | Kırtasiye & Ofis > Okul Kırtasiyesi & Eğitim Gereçleri > Eğitim Kartları & Öğrenme Gereçleri:REGULATED; PROFESSIONAL_REVIEW_CHAIN=Kırtasiye & Ofis > Okul Kırtasiyesi & Eğitim Gereçleri | Kırtasiye & Ofis > Okul Kırtasiyesi & Eğitim Gereçleri > Eğitim Kartları & Öğrenme Gereçleri","canonical-v1.0.0","No public/pilot activation candidate in the canonical source; this package keeps it staged and fail-closed."
"CANONICAL-001233","b4651894-0307-42c7-b1ea-6ff31b2c3b75","Kırtasiye & Ofis > Okul Kırtasiyesi & Eğitim Gereçleri > Geometri Setleri","3","YES","YES","YES","POLICY_BLOCKED","NO","NO","NO","REGULATED","FAIL_CLOSED","pending","FAIL_CLOSED","POLICY_CHAIN=Kırtasiye & Ofis > Okul Kırtasiyesi & Eğitim Gereçleri:REGULATED | Kırtasiye & Ofis > Okul Kırtasiyesi & Eğitim Gereçleri > Geometri Setleri:REGULATED; PROFESSIONAL_REVIEW_CHAIN=Kırtasiye & Ofis > Okul Kırtasiyesi & Eğitim Gereçleri | Kırtasiye & Ofis > Okul Kırtasiyesi & Eğitim Gereçleri > Geometri Setleri","canonical-v1.0.0","No public/pilot activation candidate in the canonical source; this package keeps it staged and fail-closed."
"CANONICAL-001234","9800a0e5-7a43-4562-b0e9-f4bcd06f7664","Kırtasiye & Ofis > Okul Kırtasiyesi & Eğitim Gereçleri > Kalem Kutuları","3","YES","YES","YES","POLICY_BLOCKED","NO","NO","NO","NORMAL","FAIL_CLOSED","not_required","FAIL_CLOSED","POLICY_CHAIN=Kırtasiye & Ofis > Okul Kırtasiyesi & Eğitim Gereçleri:REGULATED; PROFESSIONAL_REVIEW_CHAIN=Kırtasiye & Ofis > Okul Kırtasiyesi & Eğitim Gereçleri","canonical-v1.0.0","No public/pilot activation candidate in the canonical source; this package keeps it staged and fail-closed."
"CANONICAL-001235","23e4993a-60f6-4e12-a439-3b525841172d","Kırtasiye & Ofis > Okul Kırtasiyesi & Eğitim Gereçleri > Küre & Eğitim Haritaları","3","YES","YES","YES","POLICY_BLOCKED","NO","NO","NO","NORMAL","FAIL_CLOSED","not_required","FAIL_CLOSED","POLICY_CHAIN=Kırtasiye & Ofis > Okul Kırtasiyesi & Eğitim Gereçleri:REGULATED; PROFESSIONAL_REVIEW_CHAIN=Kırtasiye & Ofis > Okul Kırtasiyesi & Eğitim Gereçleri","canonical-v1.0.0","No public/pilot activation candidate in the canonical source; this package keeps it staged and fail-closed."
"CANONICAL-001236","60298e1c-375c-4d8d-97fd-29742e5f8de7","Kırtasiye & Ofis > Okul Kırtasiyesi & Eğitim Gereçleri > Sayı Sayma & Matematik Gereçleri","3","YES","YES","YES","POLICY_BLOCKED","NO","NO","NO","REGULATED","FAIL_CLOSED","pending","FAIL_CLOSED","POLICY_CHAIN=Kırtasiye & Ofis > Okul Kırtasiyesi & Eğitim Gereçleri:REGULATED | Kırtasiye & Ofis > Okul Kırtasiyesi & Eğitim Gereçleri > Sayı Sayma & Matematik Gereçleri:REGULATED; PROFESSIONAL_REVIEW_CHAIN=Kırtasiye & Ofis > Okul Kırtasiyesi & Eğitim Gereçleri | Kırtasiye & Ofis > Okul Kırtasiyesi & Eğitim Gereçleri > Sayı Sayma & Matematik Gereçleri","canonical-v1.0.0","No public/pilot activation candidate in the canonical source; this package keeps it staged and fail-closed."
"CANONICAL-001237","9c109dc2-243a-4807-9f95-d41c716653c1","Kırtasiye & Ofis > Sanat & Çizim Malzemeleri","2","NO","YES","YES","CONTAINER_NOT_ASSIGNABLE","NO","NO","NO","LEGAL_REVIEW_REQUIRED","FAIL_CLOSED","pending","FAIL_CLOSED","POLICY_CHAIN=Kırtasiye & Ofis > Sanat & Çizim Malzemeleri:LEGAL_REVIEW_REQUIRED; PROFESSIONAL_REVIEW_CHAIN=Kırtasiye & Ofis > Sanat & Çizim Malzemeleri","canonical-v1.0.0","No public/pilot activation candidate in the canonical source; this package keeps it staged and fail-closed."
"CANONICAL-001238","9dbe4d20-051a-4d2c-8e7c-4493b7b9f745","Kırtasiye & Ofis > Sanat & Çizim Malzemeleri > Boyalar","3","NO","YES","YES","CONTAINER_NOT_ASSIGNABLE","NO","NO","NO","LEGAL_REVIEW_REQUIRED","FAIL_CLOSED","pending","FAIL_CLOSED","POLICY_CHAIN=Kırtasiye & Ofis > Sanat & Çizim Malzemeleri:LEGAL_REVIEW_REQUIRED | Kırtasiye & Ofis > Sanat & Çizim Malzemeleri > Boyalar:LEGAL_REVIEW_REQUIRED; PROFESSIONAL_REVIEW_CHAIN=Kırtasiye & Ofis > Sanat & Çizim Malzemeleri | Kırtasiye & Ofis > Sanat & Çizim Malzemeleri > Boyalar","canonical-v1.0.0","No public/pilot activation candidate in the canonical source; this package keeps it staged and fail-closed."
"CANONICAL-001239","46266408-a2e4-499f-ae5d-80b5d137cbb7","Kırtasiye & Ofis > Sanat & Çizim Malzemeleri > Boyalar > Akrilik & Yağlı Boyalar","4","YES","YES","YES","POLICY_BLOCKED","NO","NO","NO","LEGAL_REVIEW_REQUIRED","FAIL_CLOSED","pending","FAIL_CLOSED","POLICY_CHAIN=Kırtasiye & Ofis > Sanat & Çizim Malzemeleri:LEGAL_REVIEW_REQUIRED | Kırtasiye & Ofis > Sanat & Çizim Malzemeleri > Boyalar:LEGAL_REVIEW_REQUIRED | Kırtasiye & Ofis > Sanat & Çizim Malzemeleri > Boyalar > Akrilik & Yağlı Boyalar:LEGAL_REVIEW_REQUIRED; PROFESSIONAL_REVIEW_CHAIN=Kırtasiye & Ofis > Sanat & Çizim Malzemeleri | Kırtasiye & Ofis > Sanat & Çizim Malzemeleri > Boyalar | Kırtasiye & Ofis > Sanat & Çizim Malzemeleri > Boyalar > Akrilik & Yağlı Boyalar","canonical-v1.0.0","No public/pilot activation candidate in the canonical source; this package keeps it staged and fail-closed."
"CANONICAL-001240","86af10e3-4940-4363-a8a4-769192d7bf02","Kırtasiye & Ofis > Sanat & Çizim Malzemeleri > Boyalar > Sulu & Guaj Boyalar","4","YES","YES","YES","POLICY_BLOCKED","NO","NO","NO","REGULATED","FAIL_CLOSED","pending","FAIL_CLOSED","POLICY_CHAIN=Kırtasiye & Ofis > Sanat & Çizim Malzemeleri:LEGAL_REVIEW_REQUIRED | Kırtasiye & Ofis > Sanat & Çizim Malzemeleri > Boyalar:LEGAL_REVIEW_REQUIRED | Kırtasiye & Ofis > Sanat & Çizim Malzemeleri > Boyalar > Sulu & Guaj Boyalar:REGULATED; PROFESSIONAL_REVIEW_CHAIN=Kırtasiye & Ofis > Sanat & Çizim Malzemeleri | Kırtasiye & Ofis > Sanat & Çizim Malzemeleri > Boyalar | Kırtasiye & Ofis > Sanat & Çizim Malzemeleri > Boyalar > Sulu & Guaj Boyalar","canonical-v1.0.0","No public/pilot activation candidate in the canonical source; this package keeps it staged and fail-closed."
"CANONICAL-001241","0283fc63-d6d0-4a7c-9373-0918fab2899a","Kırtasiye & Ofis > Sanat & Çizim Malzemeleri > Fırçalar","3","YES","YES","YES","POLICY_BLOCKED","NO","NO","NO","NORMAL","FAIL_CLOSED","not_required","FAIL_CLOSED","POLICY_CHAIN=Kırtasiye & Ofis > Sanat & Çizim Malzemeleri:LEGAL_REVIEW_REQUIRED; PROFESSIONAL_REVIEW_CHAIN=Kırtasiye & Ofis > Sanat & Çizim Malzemeleri","canonical-v1.0.0","No public/pilot activation candidate in the canonical source; this package keeps it staged and fail-closed."
"CANONICAL-001242","b2786a3d-2e9b-47ce-ad20-ffe42e111156","Kırtasiye & Ofis > Sanat & Çizim Malzemeleri > Medium & Sanat Yardımcıları","3","YES","YES","YES","POLICY_BLOCKED","NO","NO","NO","LEGAL_REVIEW_REQUIRED","FAIL_CLOSED","pending","FAIL_CLOSED","POLICY_CHAIN=Kırtasiye & Ofis > Sanat & Çizim Malzemeleri:LEGAL_REVIEW_REQUIRED | Kırtasiye & Ofis > Sanat & Çizim Malzemeleri > Medium & Sanat Yardımcıları:LEGAL_REVIEW_REQUIRED; PROFESSIONAL_REVIEW_CHAIN=Kırtasiye & Ofis > Sanat & Çizim Malzemeleri | Kırtasiye & Ofis > Sanat & Çizim Malzemeleri > Medium & Sanat Yardımcıları","canonical-v1.0.0","No public/pilot activation candidate in the canonical source; this package keeps it staged and fail-closed."
"CANONICAL-001243","e3cffe00-2225-4607-a975-ee45db00fec0","Kırtasiye & Ofis > Sanat & Çizim Malzemeleri > Modelleme & Seramik Hamurları","3","YES","YES","YES","POLICY_BLOCKED","NO","NO","NO","REGULATED","FAIL_CLOSED","pending","FAIL_CLOSED","POLICY_CHAIN=Kırtasiye & Ofis > Sanat & Çizim Malzemeleri:LEGAL_REVIEW_REQUIRED | Kırtasiye & Ofis > Sanat & Çizim Malzemeleri > Modelleme & Seramik Hamurları:REGULATED; PROFESSIONAL_REVIEW_CHAIN=Kırtasiye & Ofis > Sanat & Çizim Malzemeleri | Kırtasiye & Ofis > Sanat & Çizim Malzemeleri > Modelleme & Seramik Hamurları","canonical-v1.0.0","No public/pilot activation candidate in the canonical source; this package keeps it staged and fail-closed."
"CANONICAL-001244","8eb8f1d4-a787-4af2-ad78-7ae0c86209d8","Kırtasiye & Ofis > Sanat & Çizim Malzemeleri > Pastel & Karakalem Malzemeleri","3","YES","YES","YES","POLICY_BLOCKED","NO","NO","NO","REGULATED","FAIL_CLOSED","pending","FAIL_CLOSED","POLICY_CHAIN=Kırtasiye & Ofis > Sanat & Çizim Malzemeleri:LEGAL_REVIEW_REQUIRED | Kırtasiye & Ofis > Sanat & Çizim Malzemeleri > Pastel & Karakalem Malzemeleri:REGULATED; PROFESSIONAL_REVIEW_CHAIN=Kırtasiye & Ofis > Sanat & Çizim Malzemeleri | Kırtasiye & Ofis > Sanat & Çizim Malzemeleri > Pastel & Karakalem Malzemeleri","canonical-v1.0.0","No public/pilot activation candidate in the canonical source; this package keeps it staged and fail-closed."
"CANONICAL-001245","04db40ea-ce8c-45f3-9723-ae2c5b419853","Kırtasiye & Ofis > Sanat & Çizim Malzemeleri > Tuval & Çizim Yüzeyleri","3","YES","YES","YES","POLICY_BLOCKED","NO","NO","NO","NORMAL","FAIL_CLOSED","not_required","FAIL_CLOSED","POLICY_CHAIN=Kırtasiye & Ofis > Sanat & Çizim Malzemeleri:LEGAL_REVIEW_REQUIRED; PROFESSIONAL_REVIEW_CHAIN=Kırtasiye & Ofis > Sanat & Çizim Malzemeleri","canonical-v1.0.0","No public/pilot activation candidate in the canonical source; this package keeps it staged and fail-closed."
"CANONICAL-001246","c22240fb-4a9e-41fd-b4c7-bb7f72953b10","Kırtasiye & Ofis > Sunum, Pano & Yazı Tahtası Ürünleri","2","NO","YES","YES","CONTAINER_NOT_ASSIGNABLE","NO","NO","NO","NORMAL","PASS","not_required","PASS","STRUCTURAL_CONTAINER","canonical-v1.0.0","Structurally eligible for a later separately authorized activation review; this package keeps it staged and not public."
"CANONICAL-001247","355c0b08-9f03-41cf-b729-c2c7f1f124ff","Kırtasiye & Ofis > Sunum, Pano & Yazı Tahtası Ürünleri > Flipchart & Sunum Şövaleleri","3","YES","YES","YES","LEAF_ASSIGNABLE_CANDIDATE","YES","NO","NO","NORMAL","PASS","not_required","PASS","NONE","canonical-v1.0.0","Structurally eligible for a later separately authorized activation review; this package keeps it staged and not public."
"CANONICAL-001248","d95b2984-d7a0-481b-b9b7-3cf581031ce1","Kırtasiye & Ofis > Sunum, Pano & Yazı Tahtası Ürünleri > Mantar & İlan Panoları","3","YES","YES","YES","LEAF_ASSIGNABLE_CANDIDATE","YES","NO","NO","NORMAL","PASS","not_required","PASS","NONE","canonical-v1.0.0","Structurally eligible for a later separately authorized activation review; this package keeps it staged and not public."
"CANONICAL-001249","f600a4c6-ead1-4f7f-9473-03c55ab79765","Kırtasiye & Ofis > Sunum, Pano & Yazı Tahtası Ürünleri > Tahta Silgisi & Aksesuarları","3","YES","YES","YES","LEAF_ASSIGNABLE_CANDIDATE","YES","NO","NO","NORMAL","PASS","not_required","PASS","NONE","canonical-v1.0.0","Structurally eligible for a later separately authorized activation review; this package keeps it staged and not public."
"CANONICAL-001250","23e27aae-9fbb-4328-9655-6f899fde14c1","Kırtasiye & Ofis > Sunum, Pano & Yazı Tahtası Ürünleri > Yazı Tahtaları","3","YES","YES","YES","LEAF_ASSIGNABLE_CANDIDATE","YES","NO","NO","NORMAL","PASS","not_required","PASS","NONE","canonical-v1.0.0","Structurally eligible for a later separately authorized activation review; this package keeps it staged and not public."
"CANONICAL-001251","0ae82360-4421-4cd1-b6e0-4e28bf23b9e4","Kırtasiye & Ofis > Ofis Makineleri & Ciltleme Ekipmanları","2","NO","YES","YES","CONTAINER_NOT_ASSIGNABLE","NO","NO","NO","LEGAL_REVIEW_REQUIRED","FAIL_CLOSED","pending","FAIL_CLOSED","POLICY_CHAIN=Kırtasiye & Ofis > Ofis Makineleri & Ciltleme Ekipmanları:LEGAL_REVIEW_REQUIRED; PROFESSIONAL_REVIEW_CHAIN=Kırtasiye & Ofis > Ofis Makineleri & Ciltleme Ekipmanları","canonical-v1.0.0","No public/pilot activation candidate in the canonical source; this package keeps it staged and fail-closed."
"CANONICAL-001252","d8689088-705c-49dd-972d-0684d5d054b7","Kırtasiye & Ofis > Ofis Makineleri & Ciltleme Ekipmanları > Ciltleme Makineleri & Sarfı","3","YES","YES","YES","POLICY_BLOCKED","NO","NO","NO","REGULATED","FAIL_CLOSED","pending","FAIL_CLOSED","POLICY_CHAIN=Kırtasiye & Ofis > Ofis Makineleri & Ciltleme Ekipmanları:LEGAL_REVIEW_REQUIRED | Kırtasiye & Ofis > Ofis Makineleri & Ciltleme Ekipmanları > Ciltleme Makineleri & Sarfı:REGULATED; PROFESSIONAL_REVIEW_CHAIN=Kırtasiye & Ofis > Ofis Makineleri & Ciltleme Ekipmanları | Kırtasiye & Ofis > Ofis Makineleri & Ciltleme Ekipmanları > Ciltleme Makineleri & Sarfı","canonical-v1.0.0","No public/pilot activation candidate in the canonical source; this package keeps it staged and fail-closed."
"CANONICAL-001253","bbe52d65-7443-4c5c-9e2f-8637bf03c4d3","Kırtasiye & Ofis > Ofis Makineleri & Ciltleme Ekipmanları > Etiketleme Makineleri","3","YES","YES","YES","POLICY_BLOCKED","NO","NO","NO","REGULATED","FAIL_CLOSED","pending","FAIL_CLOSED","POLICY_CHAIN=Kırtasiye & Ofis > Ofis Makineleri & Ciltleme Ekipmanları:LEGAL_REVIEW_REQUIRED | Kırtasiye & Ofis > Ofis Makineleri & Ciltleme Ekipmanları > Etiketleme Makineleri:REGULATED; PROFESSIONAL_REVIEW_CHAIN=Kırtasiye & Ofis > Ofis Makineleri & Ciltleme Ekipmanları | Kırtasiye & Ofis > Ofis Makineleri & Ciltleme Ekipmanları > Etiketleme Makineleri","canonical-v1.0.0","No public/pilot activation candidate in the canonical source; this package keeps it staged and fail-closed."
"CANONICAL-001254","2ee06cbb-412c-4c6d-8219-314746c52343","Kırtasiye & Ofis > Ofis Makineleri & Ciltleme Ekipmanları > Evrak İmha Makineleri","3","YES","YES","YES","POLICY_BLOCKED","NO","NO","NO","REGULATED","FAIL_CLOSED","pending","FAIL_CLOSED","POLICY_CHAIN=Kırtasiye & Ofis > Ofis Makineleri & Ciltleme Ekipmanları:LEGAL_REVIEW_REQUIRED | Kırtasiye & Ofis > Ofis Makineleri & Ciltleme Ekipmanları > Evrak İmha Makineleri:REGULATED; PROFESSIONAL_REVIEW_CHAIN=Kırtasiye & Ofis > Ofis Makineleri & Ciltleme Ekipmanları | Kırtasiye & Ofis > Ofis Makineleri & Ciltleme Ekipmanları > Evrak İmha Makineleri","canonical-v1.0.0","No public/pilot activation candidate in the canonical source; this package keeps it staged and fail-closed."
"CANONICAL-001255","920cf4d6-c226-4e04-a758-d575da26f71a","Kırtasiye & Ofis > Ofis Makineleri & Ciltleme Ekipmanları > Hesap Makineleri","3","YES","YES","YES","POLICY_BLOCKED","NO","NO","NO","REGULATED","FAIL_CLOSED","pending","FAIL_CLOSED","POLICY_CHAIN=Kırtasiye & Ofis > Ofis Makineleri & Ciltleme Ekipmanları:LEGAL_REVIEW_REQUIRED | Kırtasiye & Ofis > Ofis Makineleri & Ciltleme Ekipmanları > Hesap Makineleri:REGULATED; PROFESSIONAL_REVIEW_CHAIN=Kırtasiye & Ofis > Ofis Makineleri & Ciltleme Ekipmanları | Kırtasiye & Ofis > Ofis Makineleri & Ciltleme Ekipmanları > Hesap Makineleri","canonical-v1.0.0","No public/pilot activation candidate in the canonical source; this package keeps it staged and fail-closed."
"CANONICAL-001256","395a730d-c7dd-46ae-94b9-2ea4c9d9169b","Kırtasiye & Ofis > Ofis Makineleri & Ciltleme Ekipmanları > Laminasyon Makineleri","3","YES","YES","YES","POLICY_BLOCKED","NO","NO","NO","REGULATED","FAIL_CLOSED","pending","FAIL_CLOSED","POLICY_CHAIN=Kırtasiye & Ofis > Ofis Makineleri & Ciltleme Ekipmanları:LEGAL_REVIEW_REQUIRED | Kırtasiye & Ofis > Ofis Makineleri & Ciltleme Ekipmanları > Laminasyon Makineleri:REGULATED; PROFESSIONAL_REVIEW_CHAIN=Kırtasiye & Ofis > Ofis Makineleri & Ciltleme Ekipmanları | Kırtasiye & Ofis > Ofis Makineleri & Ciltleme Ekipmanları > Laminasyon Makineleri","canonical-v1.0.0","No public/pilot activation candidate in the canonical source; this package keeps it staged and fail-closed."
"CANONICAL-001257","52424990-2815-4117-85b5-14b215e796e7","Kırtasiye & Ofis > Ofis Makineleri & Ciltleme Ekipmanları > Para Sayma & Kontrol Makineleri","3","YES","YES","YES","POLICY_BLOCKED","NO","NO","NO","LEGAL_REVIEW_REQUIRED","FAIL_CLOSED","pending","FAIL_CLOSED","POLICY_CHAIN=Kırtasiye & Ofis > Ofis Makineleri & Ciltleme Ekipmanları:LEGAL_REVIEW_REQUIRED | Kırtasiye & Ofis > Ofis Makineleri & Ciltleme Ekipmanları > Para Sayma & Kontrol Makineleri:LEGAL_REVIEW_REQUIRED; PROFESSIONAL_REVIEW_CHAIN=Kırtasiye & Ofis > Ofis Makineleri & Ciltleme Ekipmanları | Kırtasiye & Ofis > Ofis Makineleri & Ciltleme Ekipmanları > Para Sayma & Kontrol Makineleri","canonical-v1.0.0","No public/pilot activation candidate in the canonical source; this package keeps it staged and fail-closed."
"CANONICAL-001258","2683aeb7-41aa-463b-b855-c41104ff427a","Kırtasiye & Ofis > Paketleme & Postalama Ürünleri","2","NO","YES","YES","CONTAINER_NOT_ASSIGNABLE","NO","NO","NO","REGULATED","FAIL_CLOSED","pending","FAIL_CLOSED","POLICY_CHAIN=Kırtasiye & Ofis > Paketleme & Postalama Ürünleri:REGULATED; PROFESSIONAL_REVIEW_CHAIN=Kırtasiye & Ofis > Paketleme & Postalama Ürünleri","canonical-v1.0.0","No public/pilot activation candidate in the canonical source; this package keeps it staged and fail-closed."
"CANONICAL-001259","08e3ba01-0093-4d19-916f-5757c9147724","Kırtasiye & Ofis > Paketleme & Postalama Ürünleri > Kargo & Postalama Kutuları","3","YES","YES","YES","POLICY_BLOCKED","NO","NO","NO","NORMAL","FAIL_CLOSED","not_required","FAIL_CLOSED","POLICY_CHAIN=Kırtasiye & Ofis > Paketleme & Postalama Ürünleri:REGULATED; PROFESSIONAL_REVIEW_CHAIN=Kırtasiye & Ofis > Paketleme & Postalama Ürünleri","canonical-v1.0.0","No public/pilot activation candidate in the canonical source; this package keeps it staged and fail-closed."
"CANONICAL-001260","5b5dda10-6cba-44b4-9eea-620352f16d65","Kırtasiye & Ofis > Paketleme & Postalama Ürünleri > Koruyucu Dolgu & Balonlu Ambalaj","3","YES","YES","YES","POLICY_BLOCKED","NO","NO","NO","NORMAL","FAIL_CLOSED","not_required","FAIL_CLOSED","POLICY_CHAIN=Kırtasiye & Ofis > Paketleme & Postalama Ürünleri:REGULATED; PROFESSIONAL_REVIEW_CHAIN=Kırtasiye & Ofis > Paketleme & Postalama Ürünleri","canonical-v1.0.0","No public/pilot activation candidate in the canonical source; this package keeps it staged and fail-closed."
"CANONICAL-001261","dfca1923-7a26-4541-9897-9144177b1af0","Kırtasiye & Ofis > Paketleme & Postalama Ürünleri > Paketleme Bantları","3","YES","YES","YES","POLICY_BLOCKED","NO","NO","NO","NORMAL","FAIL_CLOSED","not_required","FAIL_CLOSED","POLICY_CHAIN=Kırtasiye & Ofis > Paketleme & Postalama Ürünleri:REGULATED; PROFESSIONAL_REVIEW_CHAIN=Kırtasiye & Ofis > Paketleme & Postalama Ürünleri","canonical-v1.0.0","No public/pilot activation candidate in the canonical source; this package keeps it staged and fail-closed."
"CANONICAL-001262","2a4fb442-7955-4813-9bae-64baf66123a3","Kırtasiye & Ofis > Paketleme & Postalama Ürünleri > Paketleme İpi & Çemberleme Ürünleri","3","YES","YES","YES","POLICY_BLOCKED","NO","NO","NO","REGULATED","FAIL_CLOSED","pending","FAIL_CLOSED","POLICY_CHAIN=Kırtasiye & Ofis > Paketleme & Postalama Ürünleri:REGULATED | Kırtasiye & Ofis > Paketleme & Postalama Ürünleri > Paketleme İpi & Çemberleme Ürünleri:REGULATED; PROFESSIONAL_REVIEW_CHAIN=Kırtasiye & Ofis > Paketleme & Postalama Ürünleri | Kırtasiye & Ofis > Paketleme & Postalama Ürünleri > Paketleme İpi & Çemberleme Ürünleri","canonical-v1.0.0","No public/pilot activation candidate in the canonical source; this package keeps it staged and fail-closed."
"CANONICAL-001263","d6f82b15-a22b-4272-b693-15efa8aad8c8","Kırtasiye & Ofis > Paketleme & Postalama Ürünleri > Postalama Poşetleri","3","YES","YES","YES","POLICY_BLOCKED","NO","NO","NO","NORMAL","FAIL_CLOSED","not_required","FAIL_CLOSED","POLICY_CHAIN=Kırtasiye & Ofis > Paketleme & Postalama Ürünleri:REGULATED; PROFESSIONAL_REVIEW_CHAIN=Kırtasiye & Ofis > Paketleme & Postalama Ürünleri","canonical-v1.0.0","No public/pilot activation candidate in the canonical source; this package keeps it staged and fail-closed."
"CANONICAL-001264","b5c2618f-4c71-42d5-aa80-d443377ee469","Evcil Hayvan Ürünleri","1","NO","YES","YES","CONTAINER_NOT_ASSIGNABLE","NO","NO","NO","NORMAL","PASS","not_required","PASS","STRUCTURAL_CONTAINER","canonical-v1.0.0","No public/pilot activation candidate in the canonical source; this package keeps it staged and fail-closed."
"CANONICAL-001265","b815f133-b652-4748-aa96-b46c6c9ed987","Evcil Hayvan Ürünleri > Kedi Ürünleri","2","NO","YES","YES","CONTAINER_NOT_ASSIGNABLE","NO","NO","NO","LEGAL_REVIEW_REQUIRED","FAIL_CLOSED","pending","FAIL_CLOSED","POLICY_CHAIN=Evcil Hayvan Ürünleri > Kedi Ürünleri:LEGAL_REVIEW_REQUIRED; PROFESSIONAL_REVIEW_CHAIN=Evcil Hayvan Ürünleri > Kedi Ürünleri","canonical-v1.0.0","No public/pilot activation candidate in the canonical source; this package keeps it staged and fail-closed."
"CANONICAL-001266","8c82c97a-30ab-4d28-bacb-a633bf143096","Evcil Hayvan Ürünleri > Kedi Ürünleri > Kedi Bakım & Hijyen Ürünleri","3","YES","YES","YES","POLICY_BLOCKED","NO","NO","NO","LEGAL_REVIEW_REQUIRED","FAIL_CLOSED","pending","FAIL_CLOSED","POLICY_CHAIN=Evcil Hayvan Ürünleri > Kedi Ürünleri:LEGAL_REVIEW_REQUIRED | Evcil Hayvan Ürünleri > Kedi Ürünleri > Kedi Bakım & Hijyen Ürünleri:LEGAL_REVIEW_REQUIRED; PROFESSIONAL_REVIEW_CHAIN=Evcil Hayvan Ürünleri > Kedi Ürünleri | Evcil Hayvan Ürünleri > Kedi Ürünleri > Kedi Bakım & Hijyen Ürünleri","canonical-v1.0.0","No public/pilot activation candidate in the canonical source; this package keeps it staged and fail-closed."
"CANONICAL-001267","65198d02-a5b9-410a-9993-a47609f3ed01","Evcil Hayvan Ürünleri > Kedi Ürünleri > Kedi Kumu & Tuvalet Ürünleri","3","YES","YES","YES","POLICY_BLOCKED","NO","NO","NO","REGULATED","FAIL_CLOSED","pending","FAIL_CLOSED","POLICY_CHAIN=Evcil Hayvan Ürünleri > Kedi Ürünleri:LEGAL_REVIEW_REQUIRED | Evcil Hayvan Ürünleri > Kedi Ürünleri > Kedi Kumu & Tuvalet Ürünleri:REGULATED; PROFESSIONAL_REVIEW_CHAIN=Evcil Hayvan Ürünleri > Kedi Ürünleri | Evcil Hayvan Ürünleri > Kedi Ürünleri > Kedi Kumu & Tuvalet Ürünleri","canonical-v1.0.0","No public/pilot activation candidate in the canonical source; this package keeps it staged and fail-closed."
"CANONICAL-001268","75bae228-a633-49e5-9407-cd44b20a5d7d","Evcil Hayvan Ürünleri > Kedi Ürünleri > Kedi Mamaları","3","YES","YES","YES","POLICY_BLOCKED","NO","NO","NO","LEGAL_REVIEW_REQUIRED","FAIL_CLOSED","pending","FAIL_CLOSED","POLICY_CHAIN=Evcil Hayvan Ürünleri > Kedi Ürünleri:LEGAL_REVIEW_REQUIRED | Evcil Hayvan Ürünleri > Kedi Ürünleri > Kedi Mamaları:LEGAL_REVIEW_REQUIRED; PROFESSIONAL_REVIEW_CHAIN=Evcil Hayvan Ürünleri > Kedi Ürünleri | Evcil Hayvan Ürünleri > Kedi Ürünleri > Kedi Mamaları","canonical-v1.0.0","No public/pilot activation candidate in the canonical source; this package keeps it staged and fail-closed."
"CANONICAL-001269","d0c7b7df-4255-44f5-bf13-12b6f3a7be21","Evcil Hayvan Ürünleri > Kedi Ürünleri > Kedi Oyuncakları","3","YES","YES","YES","POLICY_BLOCKED","NO","NO","NO","REGULATED","FAIL_CLOSED","pending","FAIL_CLOSED","POLICY_CHAIN=Evcil Hayvan Ürünleri > Kedi Ürünleri:LEGAL_REVIEW_REQUIRED | Evcil Hayvan Ürünleri > Kedi Ürünleri > Kedi Oyuncakları:REGULATED; PROFESSIONAL_REVIEW_CHAIN=Evcil Hayvan Ürünleri > Kedi Ürünleri | Evcil Hayvan Ürünleri > Kedi Ürünleri > Kedi Oyuncakları","canonical-v1.0.0","No public/pilot activation candidate in the canonical source; this package keeps it staged and fail-closed."
"CANONICAL-001270","16c57e4f-b1f8-4562-8a3b-bf474ea0a77a","Evcil Hayvan Ürünleri > Kedi Ürünleri > Kedi Ödülleri","3","YES","YES","YES","POLICY_BLOCKED","NO","NO","NO","LEGAL_REVIEW_REQUIRED","FAIL_CLOSED","pending","FAIL_CLOSED","POLICY_CHAIN=Evcil Hayvan Ürünleri > Kedi Ürünleri:LEGAL_REVIEW_REQUIRED | Evcil Hayvan Ürünleri > Kedi Ürünleri > Kedi Ödülleri:LEGAL_REVIEW_REQUIRED; PROFESSIONAL_REVIEW_CHAIN=Evcil Hayvan Ürünleri > Kedi Ürünleri | Evcil Hayvan Ürünleri > Kedi Ürünleri > Kedi Ödülleri","canonical-v1.0.0","No public/pilot activation candidate in the canonical source; this package keeps it staged and fail-closed."
"CANONICAL-001271","51cf3c42-46a9-456d-84a8-bd363f06cdf5","Evcil Hayvan Ürünleri > Kedi Ürünleri > Kedi Tasma & Güvenlik Ürünleri","3","YES","YES","YES","POLICY_BLOCKED","NO","NO","NO","REGULATED","FAIL_CLOSED","pending","FAIL_CLOSED","POLICY_CHAIN=Evcil Hayvan Ürünleri > Kedi Ürünleri:LEGAL_REVIEW_REQUIRED | Evcil Hayvan Ürünleri > Kedi Ürünleri > Kedi Tasma & Güvenlik Ürünleri:REGULATED; PROFESSIONAL_REVIEW_CHAIN=Evcil Hayvan Ürünleri > Kedi Ürünleri | Evcil Hayvan Ürünleri > Kedi Ürünleri > Kedi Tasma & Güvenlik Ürünleri","canonical-v1.0.0","No public/pilot activation candidate in the canonical source; this package keeps it staged and fail-closed."
"CANONICAL-001272","da1a7d81-0909-4779-82a3-57d8cfd3cfdf","Evcil Hayvan Ürünleri > Kedi Ürünleri > Kedi Yatak & Taşıma Ürünleri","3","YES","YES","YES","POLICY_BLOCKED","NO","NO","NO","NORMAL","FAIL_CLOSED","not_required","FAIL_CLOSED","POLICY_CHAIN=Evcil Hayvan Ürünleri > Kedi Ürünleri:LEGAL_REVIEW_REQUIRED; PROFESSIONAL_REVIEW_CHAIN=Evcil Hayvan Ürünleri > Kedi Ürünleri","canonical-v1.0.0","No public/pilot activation candidate in the canonical source; this package keeps it staged and fail-closed."
"CANONICAL-001273","96c643c3-637c-4c60-adb2-32ed620d45b1","Evcil Hayvan Ürünleri > Kedi Ürünleri > Tırmalama & Kedi Yaşam Alanları","3","YES","YES","YES","POLICY_BLOCKED","NO","NO","NO","NORMAL","FAIL_CLOSED","not_required","FAIL_CLOSED","POLICY_CHAIN=Evcil Hayvan Ürünleri > Kedi Ürünleri:LEGAL_REVIEW_REQUIRED; PROFESSIONAL_REVIEW_CHAIN=Evcil Hayvan Ürünleri > Kedi Ürünleri","canonical-v1.0.0","No public/pilot activation candidate in the canonical source; this package keeps it staged and fail-closed."
"CANONICAL-001274","69d3453c-fc16-40d0-98fc-6190e26d4bb5","Evcil Hayvan Ürünleri > Köpek Ürünleri","2","NO","YES","YES","CONTAINER_NOT_ASSIGNABLE","NO","NO","NO","LEGAL_REVIEW_REQUIRED","FAIL_CLOSED","pending","FAIL_CLOSED","POLICY_CHAIN=Evcil Hayvan Ürünleri > Köpek Ürünleri:LEGAL_REVIEW_REQUIRED; PROFESSIONAL_REVIEW_CHAIN=Evcil Hayvan Ürünleri > Köpek Ürünleri","canonical-v1.0.0","No public/pilot activation candidate in the canonical source; this package keeps it staged and fail-closed."
"CANONICAL-001275","49608d15-5a51-4f56-8eab-bc363b057af6","Evcil Hayvan Ürünleri > Köpek Ürünleri > Köpek Bakım & Hijyen Ürünleri","3","YES","YES","YES","POLICY_BLOCKED","NO","NO","NO","LEGAL_REVIEW_REQUIRED","FAIL_CLOSED","pending","FAIL_CLOSED","POLICY_CHAIN=Evcil Hayvan Ürünleri > Köpek Ürünleri:LEGAL_REVIEW_REQUIRED | Evcil Hayvan Ürünleri > Köpek Ürünleri > Köpek Bakım & Hijyen Ürünleri:LEGAL_REVIEW_REQUIRED; PROFESSIONAL_REVIEW_CHAIN=Evcil Hayvan Ürünleri > Köpek Ürünleri | Evcil Hayvan Ürünleri > Köpek Ürünleri > Köpek Bakım & Hijyen Ürünleri","canonical-v1.0.0","No public/pilot activation candidate in the canonical source; this package keeps it staged and fail-closed."
"CANONICAL-001276","d5628fb6-f148-447f-baf5-53d7fcdedade","Evcil Hayvan Ürünleri > Köpek Ürünleri > Köpek Eğitim Aksesuarları","3","YES","YES","YES","POLICY_BLOCKED","NO","NO","NO","LEGAL_REVIEW_REQUIRED","FAIL_CLOSED","pending","FAIL_CLOSED","POLICY_CHAIN=Evcil Hayvan Ürünleri > Köpek Ürünleri:LEGAL_REVIEW_REQUIRED | Evcil Hayvan Ürünleri > Köpek Ürünleri > Köpek Eğitim Aksesuarları:LEGAL_REVIEW_REQUIRED; PROFESSIONAL_REVIEW_CHAIN=Evcil Hayvan Ürünleri > Köpek Ürünleri | Evcil Hayvan Ürünleri > Köpek Ürünleri > Köpek Eğitim Aksesuarları","canonical-v1.0.0","No public/pilot activation candidate in the canonical source; this package keeps it staged and fail-closed."
"CANONICAL-001277","d38f40f4-ba5f-405d-8fc3-a65e549ef16e","Evcil Hayvan Ürünleri > Köpek Ürünleri > Köpek Mamaları","3","YES","YES","YES","POLICY_BLOCKED","NO","NO","NO","LEGAL_REVIEW_REQUIRED","FAIL_CLOSED","pending","FAIL_CLOSED","POLICY_CHAIN=Evcil Hayvan Ürünleri > Köpek Ürünleri:LEGAL_REVIEW_REQUIRED | Evcil Hayvan Ürünleri > Köpek Ürünleri > Köpek Mamaları:LEGAL_REVIEW_REQUIRED; PROFESSIONAL_REVIEW_CHAIN=Evcil Hayvan Ürünleri > Köpek Ürünleri | Evcil Hayvan Ürünleri > Köpek Ürünleri > Köpek Mamaları","canonical-v1.0.0","No public/pilot activation candidate in the canonical source; this package keeps it staged and fail-closed."
"CANONICAL-001278","f0eda3f3-7502-4a57-81b4-b1841acfc43f","Evcil Hayvan Ürünleri > Köpek Ürünleri > Köpek Oyuncak & Aktivite Ürünleri","3","YES","YES","YES","POLICY_BLOCKED","NO","NO","NO","REGULATED","FAIL_CLOSED","pending","FAIL_CLOSED","POLICY_CHAIN=Evcil Hayvan Ürünleri > Köpek Ürünleri:LEGAL_REVIEW_REQUIRED | Evcil Hayvan Ürünleri > Köpek Ürünleri > Köpek Oyuncak & Aktivite Ürünleri:REGULATED; PROFESSIONAL_REVIEW_CHAIN=Evcil Hayvan Ürünleri > Köpek Ürünleri | Evcil Hayvan Ürünleri > Köpek Ürünleri > Köpek Oyuncak & Aktivite Ürünleri","canonical-v1.0.0","No public/pilot activation candidate in the canonical source; this package keeps it staged and fail-closed."
"CANONICAL-001279","2803f64c-98d8-41f7-b474-787e50f7ea9e","Evcil Hayvan Ürünleri > Köpek Ürünleri > Köpek Ödül & Çiğneme Ürünleri","3","YES","YES","YES","POLICY_BLOCKED","NO","NO","NO","LEGAL_REVIEW_REQUIRED","FAIL_CLOSED","pending","FAIL_CLOSED","POLICY_CHAIN=Evcil Hayvan Ürünleri > Köpek Ürünleri:LEGAL_REVIEW_REQUIRED | Evcil Hayvan Ürünleri > Köpek Ürünleri > Köpek Ödül & Çiğneme Ürünleri:LEGAL_REVIEW_REQUIRED; PROFESSIONAL_REVIEW_CHAIN=Evcil Hayvan Ürünleri > Köpek Ürünleri | Evcil Hayvan Ürünleri > Köpek Ürünleri > Köpek Ödül & Çiğneme Ürünleri","canonical-v1.0.0","No public/pilot activation candidate in the canonical source; this package keeps it staged and fail-closed."
"CANONICAL-001280","601bbdd3-9f82-414d-b016-061ffc12586d","Evcil Hayvan Ürünleri > Köpek Ürünleri > Köpek Tasma & Gezdirme Ürünleri","3","YES","YES","YES","POLICY_BLOCKED","NO","NO","NO","REGULATED","FAIL_CLOSED","pending","FAIL_CLOSED","POLICY_CHAIN=Evcil Hayvan Ürünleri > Köpek Ürünleri:LEGAL_REVIEW_REQUIRED | Evcil Hayvan Ürünleri > Köpek Ürünleri > Köpek Tasma & Gezdirme Ürünleri:REGULATED; PROFESSIONAL_REVIEW_CHAIN=Evcil Hayvan Ürünleri > Köpek Ürünleri | Evcil Hayvan Ürünleri > Köpek Ürünleri > Köpek Tasma & Gezdirme Ürünleri","canonical-v1.0.0","No public/pilot activation candidate in the canonical source; this package keeps it staged and fail-closed."
"CANONICAL-001281","5acc0d02-7ae1-4b74-bf18-5ce1db88c4b8","Evcil Hayvan Ürünleri > Köpek Ürünleri > Köpek Yatak & Taşıma Ürünleri","3","YES","YES","YES","POLICY_BLOCKED","NO","NO","NO","NORMAL","FAIL_CLOSED","not_required","FAIL_CLOSED","POLICY_CHAIN=Evcil Hayvan Ürünleri > Köpek Ürünleri:LEGAL_REVIEW_REQUIRED; PROFESSIONAL_REVIEW_CHAIN=Evcil Hayvan Ürünleri > Köpek Ürünleri","canonical-v1.0.0","No public/pilot activation candidate in the canonical source; this package keeps it staged and fail-closed."
"CANONICAL-001282","70bbb663-f490-4f11-bf62-f8c1c36dad22","Evcil Hayvan Ürünleri > Akvaryum & Balık Ürünleri","2","NO","YES","YES","CONTAINER_NOT_ASSIGNABLE","NO","NO","NO","LEGAL_REVIEW_REQUIRED","FAIL_CLOSED","pending","FAIL_CLOSED","POLICY_CHAIN=Evcil Hayvan Ürünleri > Akvaryum & Balık Ürünleri:LEGAL_REVIEW_REQUIRED; PROFESSIONAL_REVIEW_CHAIN=Evcil Hayvan Ürünleri > Akvaryum & Balık Ürünleri","canonical-v1.0.0","No public/pilot activation candidate in the canonical source; this package keeps it staged and fail-closed."
"CANONICAL-001283","f8fc0190-79af-4390-af00-8234772fd2b3","Evcil Hayvan Ürünleri > Akvaryum & Balık Ürünleri > Akvaryum Dekoru & Substratı","3","YES","YES","YES","POLICY_BLOCKED","NO","NO","NO","NORMAL","FAIL_CLOSED","not_required","FAIL_CLOSED","POLICY_CHAIN=Evcil Hayvan Ürünleri > Akvaryum & Balık Ürünleri:LEGAL_REVIEW_REQUIRED; PROFESSIONAL_REVIEW_CHAIN=Evcil Hayvan Ürünleri > Akvaryum & Balık Ürünleri","canonical-v1.0.0","No public/pilot activation candidate in the canonical source; this package keeps it staged and fail-closed."
"CANONICAL-001284","244ea995-c3a0-4742-80d8-b53cad60580f","Evcil Hayvan Ürünleri > Akvaryum & Balık Ürünleri > Akvaryum Isıtma & Aydınlatma","3","YES","YES","YES","POLICY_BLOCKED","NO","NO","NO","REGULATED","FAIL_CLOSED","pending","FAIL_CLOSED","POLICY_CHAIN=Evcil Hayvan Ürünleri > Akvaryum & Balık Ürünleri:LEGAL_REVIEW_REQUIRED | Evcil Hayvan Ürünleri > Akvaryum & Balık Ürünleri > Akvaryum Isıtma & Aydınlatma:REGULATED; PROFESSIONAL_REVIEW_CHAIN=Evcil Hayvan Ürünleri > Akvaryum & Balık Ürünleri | Evcil Hayvan Ürünleri > Akvaryum & Balık Ürünleri > Akvaryum Isıtma & Aydınlatma","canonical-v1.0.0","No public/pilot activation candidate in the canonical source; this package keeps it staged and fail-closed."
"CANONICAL-001285","1ff61bb1-97b5-46b9-936e-46236cc4637a","Evcil Hayvan Ürünleri > Akvaryum & Balık Ürünleri > Akvaryum Su Bakım Ürünleri","3","YES","YES","YES","POLICY_BLOCKED","NO","NO","NO","LEGAL_REVIEW_REQUIRED","FAIL_CLOSED","pending","FAIL_CLOSED","POLICY_CHAIN=Evcil Hayvan Ürünleri > Akvaryum & Balık Ürünleri:LEGAL_REVIEW_REQUIRED | Evcil Hayvan Ürünleri > Akvaryum & Balık Ürünleri > Akvaryum Su Bakım Ürünleri:LEGAL_REVIEW_REQUIRED; PROFESSIONAL_REVIEW_CHAIN=Evcil Hayvan Ürünleri > Akvaryum & Balık Ürünleri | Evcil Hayvan Ürünleri > Akvaryum & Balık Ürünleri > Akvaryum Su Bakım Ürünleri","canonical-v1.0.0","No public/pilot activation candidate in the canonical source; this package keeps it staged and fail-closed."
"CANONICAL-001286","49293e6f-4ff9-4190-a7ae-89ef1bfd0a58","Evcil Hayvan Ürünleri > Akvaryum & Balık Ürünleri > Akvaryum Temizlik Ekipmanları","3","YES","YES","YES","POLICY_BLOCKED","NO","NO","NO","NORMAL","FAIL_CLOSED","not_required","FAIL_CLOSED","POLICY_CHAIN=Evcil Hayvan Ürünleri > Akvaryum & Balık Ürünleri:LEGAL_REVIEW_REQUIRED; PROFESSIONAL_REVIEW_CHAIN=Evcil Hayvan Ürünleri > Akvaryum & Balık Ürünleri","canonical-v1.0.0","No public/pilot activation candidate in the canonical source; this package keeps it staged and fail-closed."
"CANONICAL-001287","a629bb0f-3365-4690-acf8-4532c415eed5","Evcil Hayvan Ürünleri > Akvaryum & Balık Ürünleri > Akvaryumlar","3","YES","YES","YES","POLICY_BLOCKED","NO","NO","NO","NORMAL","FAIL_CLOSED","not_required","FAIL_CLOSED","POLICY_CHAIN=Evcil Hayvan Ürünleri > Akvaryum & Balık Ürünleri:LEGAL_REVIEW_REQUIRED; PROFESSIONAL_REVIEW_CHAIN=Evcil Hayvan Ürünleri > Akvaryum & Balık Ürünleri","canonical-v1.0.0","No public/pilot activation candidate in the canonical source; this package keeps it staged and fail-closed."
"CANONICAL-001288","43c4b5a5-99be-4fa9-b60f-7ff954fe398e","Evcil Hayvan Ürünleri > Akvaryum & Balık Ürünleri > Balık Yemleri","3","YES","YES","YES","POLICY_BLOCKED","NO","NO","NO","LEGAL_REVIEW_REQUIRED","FAIL_CLOSED","pending","FAIL_CLOSED","POLICY_CHAIN=Evcil Hayvan Ürünleri > Akvaryum & Balık Ürünleri:LEGAL_REVIEW_REQUIRED | Evcil Hayvan Ürünleri > Akvaryum & Balık Ürünleri > Balık Yemleri:LEGAL_REVIEW_REQUIRED; PROFESSIONAL_REVIEW_CHAIN=Evcil Hayvan Ürünleri > Akvaryum & Balık Ürünleri | Evcil Hayvan Ürünleri > Akvaryum & Balık Ürünleri > Balık Yemleri","canonical-v1.0.0","No public/pilot activation candidate in the canonical source; this package keeps it staged and fail-closed."
"CANONICAL-001289","68d3eb9f-966e-4b9b-b8b6-d27ef724e5f8","Evcil Hayvan Ürünleri > Akvaryum & Balık Ürünleri > Filtre & Pompalar","3","YES","YES","YES","POLICY_BLOCKED","NO","NO","NO","REGULATED","FAIL_CLOSED","pending","FAIL_CLOSED","POLICY_CHAIN=Evcil Hayvan Ürünleri > Akvaryum & Balık Ürünleri:LEGAL_REVIEW_REQUIRED | Evcil Hayvan Ürünleri > Akvaryum & Balık Ürünleri > Filtre & Pompalar:REGULATED; PROFESSIONAL_REVIEW_CHAIN=Evcil Hayvan Ürünleri > Akvaryum & Balık Ürünleri | Evcil Hayvan Ürünleri > Akvaryum & Balık Ürünleri > Filtre & Pompalar","canonical-v1.0.0","No public/pilot activation candidate in the canonical source; this package keeps it staged and fail-closed."
"CANONICAL-001290","485ae312-007c-46a8-a9bb-74f3537ffdb9","Evcil Hayvan Ürünleri > Kuş Ürünleri","2","NO","YES","YES","CONTAINER_NOT_ASSIGNABLE","NO","NO","NO","LEGAL_REVIEW_REQUIRED","FAIL_CLOSED","pending","FAIL_CLOSED","POLICY_CHAIN=Evcil Hayvan Ürünleri > Kuş Ürünleri:LEGAL_REVIEW_REQUIRED; PROFESSIONAL_REVIEW_CHAIN=Evcil Hayvan Ürünleri > Kuş Ürünleri","canonical-v1.0.0","No public/pilot activation candidate in the canonical source; this package keeps it staged and fail-closed."
"CANONICAL-001291","06798177-c808-4afc-b460-ae078a723656","Evcil Hayvan Ürünleri > Kuş Ürünleri > Kuş Bakım & Hijyen Ürünleri","3","YES","YES","YES","POLICY_BLOCKED","NO","NO","NO","LEGAL_REVIEW_REQUIRED","FAIL_CLOSED","pending","FAIL_CLOSED","POLICY_CHAIN=Evcil Hayvan Ürünleri > Kuş Ürünleri:LEGAL_REVIEW_REQUIRED | Evcil Hayvan Ürünleri > Kuş Ürünleri > Kuş Bakım & Hijyen Ürünleri:LEGAL_REVIEW_REQUIRED; PROFESSIONAL_REVIEW_CHAIN=Evcil Hayvan Ürünleri > Kuş Ürünleri | Evcil Hayvan Ürünleri > Kuş Ürünleri > Kuş Bakım & Hijyen Ürünleri","canonical-v1.0.0","No public/pilot activation candidate in the canonical source; this package keeps it staged and fail-closed."
"CANONICAL-001292","6a54d9e7-1f4a-4dde-ab2a-94666e30c0bf","Evcil Hayvan Ürünleri > Kuş Ürünleri > Kuş Kafesi & Standları","3","YES","YES","YES","POLICY_BLOCKED","NO","NO","NO","NORMAL","FAIL_CLOSED","not_required","FAIL_CLOSED","POLICY_CHAIN=Evcil Hayvan Ürünleri > Kuş Ürünleri:LEGAL_REVIEW_REQUIRED; PROFESSIONAL_REVIEW_CHAIN=Evcil Hayvan Ürünleri > Kuş Ürünleri","canonical-v1.0.0","No public/pilot activation candidate in the canonical source; this package keeps it staged and fail-closed."
"CANONICAL-001293","f212e7e5-4da5-4259-b905-1ed1253615f7","Evcil Hayvan Ürünleri > Kuş Ürünleri > Kuş Oyuncakları","3","YES","YES","YES","POLICY_BLOCKED","NO","NO","NO","REGULATED","FAIL_CLOSED","pending","FAIL_CLOSED","POLICY_CHAIN=Evcil Hayvan Ürünleri > Kuş Ürünleri:LEGAL_REVIEW_REQUIRED | Evcil Hayvan Ürünleri > Kuş Ürünleri > Kuş Oyuncakları:REGULATED; PROFESSIONAL_REVIEW_CHAIN=Evcil Hayvan Ürünleri > Kuş Ürünleri | Evcil Hayvan Ürünleri > Kuş Ürünleri > Kuş Oyuncakları","canonical-v1.0.0","No public/pilot activation candidate in the canonical source; this package keeps it staged and fail-closed."
"CANONICAL-001294","fbda0547-c50e-4a69-a227-c4c57e0a77ea","Evcil Hayvan Ürünleri > Kuş Ürünleri > Kuş Suluk & Yemlikleri","3","YES","YES","YES","POLICY_BLOCKED","NO","NO","NO","NORMAL","FAIL_CLOSED","not_required","FAIL_CLOSED","POLICY_CHAIN=Evcil Hayvan Ürünleri > Kuş Ürünleri:LEGAL_REVIEW_REQUIRED; PROFESSIONAL_REVIEW_CHAIN=Evcil Hayvan Ürünleri > Kuş Ürünleri","canonical-v1.0.0","No public/pilot activation candidate in the canonical source; this package keeps it staged and fail-closed."
"CANONICAL-001295","2a5f3a9f-c829-4049-8e61-fc07b00e441a","Evcil Hayvan Ürünleri > Kuş Ürünleri > Kuş Yem & Ödülleri","3","YES","YES","YES","POLICY_BLOCKED","NO","NO","NO","LEGAL_REVIEW_REQUIRED","FAIL_CLOSED","pending","FAIL_CLOSED","POLICY_CHAIN=Evcil Hayvan Ürünleri > Kuş Ürünleri:LEGAL_REVIEW_REQUIRED | Evcil Hayvan Ürünleri > Kuş Ürünleri > Kuş Yem & Ödülleri:LEGAL_REVIEW_REQUIRED; PROFESSIONAL_REVIEW_CHAIN=Evcil Hayvan Ürünleri > Kuş Ürünleri | Evcil Hayvan Ürünleri > Kuş Ürünleri > Kuş Yem & Ödülleri","canonical-v1.0.0","No public/pilot activation candidate in the canonical source; this package keeps it staged and fail-closed."
"CANONICAL-001296","94c0e866-67c2-468c-8d80-462b23877837","Evcil Hayvan Ürünleri > Kuş Ürünleri > Tünekler","3","YES","YES","YES","POLICY_BLOCKED","NO","NO","NO","REGULATED","FAIL_CLOSED","pending","FAIL_CLOSED","POLICY_CHAIN=Evcil Hayvan Ürünleri > Kuş Ürünleri:LEGAL_REVIEW_REQUIRED | Evcil Hayvan Ürünleri > Kuş Ürünleri > Tünekler:REGULATED; PROFESSIONAL_REVIEW_CHAIN=Evcil Hayvan Ürünleri > Kuş Ürünleri | Evcil Hayvan Ürünleri > Kuş Ürünleri > Tünekler","canonical-v1.0.0","No public/pilot activation candidate in the canonical source; this package keeps it staged and fail-closed."
"CANONICAL-001297","f5c58ab8-b8c7-458e-a408-77f88a90ebd1","Evcil Hayvan Ürünleri > Küçük Hayvan Ürünleri","2","NO","YES","YES","CONTAINER_NOT_ASSIGNABLE","NO","NO","NO","LEGAL_REVIEW_REQUIRED","FAIL_CLOSED","pending","FAIL_CLOSED","POLICY_CHAIN=Evcil Hayvan Ürünleri > Küçük Hayvan Ürünleri:LEGAL_REVIEW_REQUIRED; PROFESSIONAL_REVIEW_CHAIN=Evcil Hayvan Ürünleri > Küçük Hayvan Ürünleri","canonical-v1.0.0","No public/pilot activation candidate in the canonical source; this package keeps it staged and fail-closed."
"CANONICAL-001298","4473a2da-08fe-4c6c-85fe-e8a43f8d6904","Evcil Hayvan Ürünleri > Küçük Hayvan Ürünleri > Küçük Hayvan Altlıkları","3","YES","YES","YES","POLICY_BLOCKED","NO","NO","NO","REGULATED","FAIL_CLOSED","pending","FAIL_CLOSED","POLICY_CHAIN=Evcil Hayvan Ürünleri > Küçük Hayvan Ürünleri:LEGAL_REVIEW_REQUIRED | Evcil Hayvan Ürünleri > Küçük Hayvan Ürünleri > Küçük Hayvan Altlıkları:REGULATED; PROFESSIONAL_REVIEW_CHAIN=Evcil Hayvan Ürünleri > Küçük Hayvan Ürünleri | Evcil Hayvan Ürünleri > Küçük Hayvan Ürünleri > Küçük Hayvan Altlıkları","canonical-v1.0.0","No public/pilot activation candidate in the canonical source; this package keeps it staged and fail-closed."
"CANONICAL-001299","c3245be5-941a-4862-8fc5-57d502abda4b","Evcil Hayvan Ürünleri > Küçük Hayvan Ürünleri > Küçük Hayvan Bakım Ürünleri","3","YES","YES","YES","POLICY_BLOCKED","NO","NO","NO","LEGAL_REVIEW_REQUIRED","FAIL_CLOSED","pending","FAIL_CLOSED","POLICY_CHAIN=Evcil Hayvan Ürünleri > Küçük Hayvan Ürünleri:LEGAL_REVIEW_REQUIRED | Evcil Hayvan Ürünleri > Küçük Hayvan Ürünleri > Küçük Hayvan Bakım Ürünleri:LEGAL_REVIEW_REQUIRED; PROFESSIONAL_REVIEW_CHAIN=Evcil Hayvan Ürünleri > Küçük Hayvan Ürünleri | Evcil Hayvan Ürünleri > Küçük Hayvan Ürünleri > Küçük Hayvan Bakım Ürünleri","canonical-v1.0.0","No public/pilot activation candidate in the canonical source; this package keeps it staged and fail-closed."
"CANONICAL-001300","7f4bc42b-b1d1-4ff0-ada6-22c17f221083","Evcil Hayvan Ürünleri > Küçük Hayvan Ürünleri > Küçük Hayvan Kafes & Yaşam Alanları","3","YES","YES","YES","POLICY_BLOCKED","NO","NO","NO","NORMAL","FAIL_CLOSED","not_required","FAIL_CLOSED","POLICY_CHAIN=Evcil Hayvan Ürünleri > Küçük Hayvan Ürünleri:LEGAL_REVIEW_REQUIRED; PROFESSIONAL_REVIEW_CHAIN=Evcil Hayvan Ürünleri > Küçük Hayvan Ürünleri","canonical-v1.0.0","No public/pilot activation candidate in the canonical source; this package keeps it staged and fail-closed."
"CANONICAL-001301","d1149f16-13fb-4588-a67b-8cae343c7379","Evcil Hayvan Ürünleri > Küçük Hayvan Ürünleri > Küçük Hayvan Oyuncakları","3","YES","YES","YES","POLICY_BLOCKED","NO","NO","NO","REGULATED","FAIL_CLOSED","pending","FAIL_CLOSED","POLICY_CHAIN=Evcil Hayvan Ürünleri > Küçük Hayvan Ürünleri:LEGAL_REVIEW_REQUIRED | Evcil Hayvan Ürünleri > Küçük Hayvan Ürünleri > Küçük Hayvan Oyuncakları:REGULATED; PROFESSIONAL_REVIEW_CHAIN=Evcil Hayvan Ürünleri > Küçük Hayvan Ürünleri | Evcil Hayvan Ürünleri > Küçük Hayvan Ürünleri > Küçük Hayvan Oyuncakları","canonical-v1.0.0","No public/pilot activation candidate in the canonical source; this package keeps it staged and fail-closed."
"CANONICAL-001302","0d797f9f-e3b1-4e4a-afa0-ce8c18b0da77","Evcil Hayvan Ürünleri > Küçük Hayvan Ürünleri > Küçük Hayvan Yem & Ödülleri","3","YES","YES","YES","POLICY_BLOCKED","NO","NO","NO","LEGAL_REVIEW_REQUIRED","FAIL_CLOSED","pending","FAIL_CLOSED","POLICY_CHAIN=Evcil Hayvan Ürünleri > Küçük Hayvan Ürünleri:LEGAL_REVIEW_REQUIRED | Evcil Hayvan Ürünleri > Küçük Hayvan Ürünleri > Küçük Hayvan Yem & Ödülleri:LEGAL_REVIEW_REQUIRED; PROFESSIONAL_REVIEW_CHAIN=Evcil Hayvan Ürünleri > Küçük Hayvan Ürünleri | Evcil Hayvan Ürünleri > Küçük Hayvan Ürünleri > Küçük Hayvan Yem & Ödülleri","canonical-v1.0.0","No public/pilot activation candidate in the canonical source; this package keeps it staged and fail-closed."
"CANONICAL-001303","7972006c-5415-405f-b240-a2d28223b164","Evcil Hayvan Ürünleri > Sürüngen & Egzotik Pet Ürünleri","2","NO","YES","YES","CONTAINER_NOT_ASSIGNABLE","NO","NO","NO","LEGAL_REVIEW_REQUIRED","FAIL_CLOSED","pending","FAIL_CLOSED","POLICY_CHAIN=Evcil Hayvan Ürünleri > Sürüngen & Egzotik Pet Ürünleri:LEGAL_REVIEW_REQUIRED; PROFESSIONAL_REVIEW_CHAIN=Evcil Hayvan Ürünleri > Sürüngen & Egzotik Pet Ürünleri","canonical-v1.0.0","No public/pilot activation candidate in the canonical source; this package keeps it staged and fail-closed."
"CANONICAL-001304","59bc293e-e4a9-4c06-8266-3a59a4128dd4","Evcil Hayvan Ürünleri > Sürüngen & Egzotik Pet Ürünleri > Habitat Dekoru & Saklanma Alanları","3","YES","YES","YES","POLICY_BLOCKED","NO","NO","NO","NORMAL","FAIL_CLOSED","not_required","FAIL_CLOSED","POLICY_CHAIN=Evcil Hayvan Ürünleri > Sürüngen & Egzotik Pet Ürünleri:LEGAL_REVIEW_REQUIRED; PROFESSIONAL_REVIEW_CHAIN=Evcil Hayvan Ürünleri > Sürüngen & Egzotik Pet Ürünleri","canonical-v1.0.0","No public/pilot activation candidate in the canonical source; this package keeps it staged and fail-closed."
"CANONICAL-001305","85c5416e-a011-436e-8cca-f8274f656d6b","Evcil Hayvan Ürünleri > Sürüngen & Egzotik Pet Ürünleri > Teraryum Isıtma & Aydınlatma","3","YES","YES","YES","POLICY_BLOCKED","NO","NO","NO","REGULATED","FAIL_CLOSED","pending","FAIL_CLOSED","POLICY_CHAIN=Evcil Hayvan Ürünleri > Sürüngen & Egzotik Pet Ürünleri:LEGAL_REVIEW_REQUIRED | Evcil Hayvan Ürünleri > Sürüngen & Egzotik Pet Ürünleri > Teraryum Isıtma & Aydınlatma:REGULATED; PROFESSIONAL_REVIEW_CHAIN=Evcil Hayvan Ürünleri > Sürüngen & Egzotik Pet Ürünleri | Evcil Hayvan Ürünleri > Sürüngen & Egzotik Pet Ürünleri > Teraryum Isıtma & Aydınlatma","canonical-v1.0.0","No public/pilot activation candidate in the canonical source; this package keeps it staged and fail-closed."
"CANONICAL-001306","5fe887c6-20ee-4271-b409-ef1dd35b439b","Evcil Hayvan Ürünleri > Sürüngen & Egzotik Pet Ürünleri > Teraryum Substratları","3","YES","YES","YES","POLICY_BLOCKED","NO","NO","NO","REGULATED","FAIL_CLOSED","pending","FAIL_CLOSED","POLICY_CHAIN=Evcil Hayvan Ürünleri > Sürüngen & Egzotik Pet Ürünleri:LEGAL_REVIEW_REQUIRED | Evcil Hayvan Ürünleri > Sürüngen & Egzotik Pet Ürünleri > Teraryum Substratları:REGULATED; PROFESSIONAL_REVIEW_CHAIN=Evcil Hayvan Ürünleri > Sürüngen & Egzotik Pet Ürünleri | Evcil Hayvan Ürünleri > Sürüngen & Egzotik Pet Ürünleri > Teraryum Substratları","canonical-v1.0.0","No public/pilot activation candidate in the canonical source; this package keeps it staged and fail-closed."
"CANONICAL-001307","d2cc9038-e610-4153-8a87-a8be7f171712","Evcil Hayvan Ürünleri > Sürüngen & Egzotik Pet Ürünleri > Teraryumlar","3","YES","YES","YES","POLICY_BLOCKED","NO","NO","NO","NORMAL","FAIL_CLOSED","not_required","FAIL_CLOSED","POLICY_CHAIN=Evcil Hayvan Ürünleri > Sürüngen & Egzotik Pet Ürünleri:LEGAL_REVIEW_REQUIRED; PROFESSIONAL_REVIEW_CHAIN=Evcil Hayvan Ürünleri > Sürüngen & Egzotik Pet Ürünleri","canonical-v1.0.0","No public/pilot activation candidate in the canonical source; this package keeps it staged and fail-closed."
"CANONICAL-001308","209f3647-5538-430a-b0a1-00aa860c4638","Evcil Hayvan Ürünleri > Sürüngen & Egzotik Pet Ürünleri > Yemleme Ürünleri","3","YES","YES","YES","POLICY_BLOCKED","NO","NO","NO","LEGAL_REVIEW_REQUIRED","FAIL_CLOSED","pending","FAIL_CLOSED","POLICY_CHAIN=Evcil Hayvan Ürünleri > Sürüngen & Egzotik Pet Ürünleri:LEGAL_REVIEW_REQUIRED | Evcil Hayvan Ürünleri > Sürüngen & Egzotik Pet Ürünleri > Yemleme Ürünleri:LEGAL_REVIEW_REQUIRED; PROFESSIONAL_REVIEW_CHAIN=Evcil Hayvan Ürünleri > Sürüngen & Egzotik Pet Ürünleri | Evcil Hayvan Ürünleri > Sürüngen & Egzotik Pet Ürünleri > Yemleme Ürünleri","canonical-v1.0.0","No public/pilot activation candidate in the canonical source; this package keeps it staged and fail-closed."
"CANONICAL-001309","0785e3dd-82da-4b06-a0ad-d6ec28217f5c","Evcil Hayvan Ürünleri > Ortak Pet Bakım & Aksesuarları","2","NO","YES","YES","CONTAINER_NOT_ASSIGNABLE","NO","NO","NO","REGULATED","FAIL_CLOSED","pending","FAIL_CLOSED","POLICY_CHAIN=Evcil Hayvan Ürünleri > Ortak Pet Bakım & Aksesuarları:REGULATED; PROFESSIONAL_REVIEW_CHAIN=Evcil Hayvan Ürünleri > Ortak Pet Bakım & Aksesuarları","canonical-v1.0.0","No public/pilot activation candidate in the canonical source; this package keeps it staged and fail-closed."
"CANONICAL-001310","a5e27e5f-ccf7-4258-a184-3cf9aa5955f7","Evcil Hayvan Ürünleri > Ortak Pet Bakım & Aksesuarları > Çok Türlü Bakım Aletleri","3","YES","YES","YES","POLICY_BLOCKED","NO","NO","NO","REGULATED","FAIL_CLOSED","pending","FAIL_CLOSED","POLICY_CHAIN=Evcil Hayvan Ürünleri > Ortak Pet Bakım & Aksesuarları:REGULATED | Evcil Hayvan Ürünleri > Ortak Pet Bakım & Aksesuarları > Çok Türlü Bakım Aletleri:REGULATED; PROFESSIONAL_REVIEW_CHAIN=Evcil Hayvan Ürünleri > Ortak Pet Bakım & Aksesuarları | Evcil Hayvan Ürünleri > Ortak Pet Bakım & Aksesuarları > Çok Türlü Bakım Aletleri","canonical-v1.0.0","No public/pilot activation candidate in the canonical source; this package keeps it staged and fail-closed."
"CANONICAL-001311","4c65879c-0d04-49aa-963b-68e23d231345","Evcil Hayvan Ürünleri > Ortak Pet Bakım & Aksesuarları > Evrensel Taşıma Ürünleri","3","YES","YES","YES","POLICY_BLOCKED","NO","NO","NO","NORMAL","FAIL_CLOSED","not_required","FAIL_CLOSED","POLICY_CHAIN=Evcil Hayvan Ürünleri > Ortak Pet Bakım & Aksesuarları:REGULATED; PROFESSIONAL_REVIEW_CHAIN=Evcil Hayvan Ürünleri > Ortak Pet Bakım & Aksesuarları","canonical-v1.0.0","No public/pilot activation candidate in the canonical source; this package keeps it staged and fail-closed."
"CANONICAL-001312","83bfc97d-5873-41d9-9ff9-dcbc88971240","Evcil Hayvan Ürünleri > Ortak Pet Bakım & Aksesuarları > Kimlik & Güvenlik Aksesuarları","3","YES","YES","YES","POLICY_BLOCKED","NO","NO","NO","REGULATED","FAIL_CLOSED","pending","FAIL_CLOSED","POLICY_CHAIN=Evcil Hayvan Ürünleri > Ortak Pet Bakım & Aksesuarları:REGULATED | Evcil Hayvan Ürünleri > Ortak Pet Bakım & Aksesuarları > Kimlik & Güvenlik Aksesuarları:REGULATED; PROFESSIONAL_REVIEW_CHAIN=Evcil Hayvan Ürünleri > Ortak Pet Bakım & Aksesuarları | Evcil Hayvan Ürünleri > Ortak Pet Bakım & Aksesuarları > Kimlik & Güvenlik Aksesuarları","canonical-v1.0.0","No public/pilot activation candidate in the canonical source; this package keeps it staged and fail-closed."
"CANONICAL-001313","09789b0e-831d-46ed-8ba7-9a953d1d4688","Evcil Hayvan Ürünleri > Ortak Pet Bakım & Aksesuarları > Ortak Mama & Su Kapları","3","YES","YES","YES","POLICY_BLOCKED","NO","NO","NO","REGULATED","FAIL_CLOSED","pending","FAIL_CLOSED","POLICY_CHAIN=Evcil Hayvan Ürünleri > Ortak Pet Bakım & Aksesuarları:REGULATED | Evcil Hayvan Ürünleri > Ortak Pet Bakım & Aksesuarları > Ortak Mama & Su Kapları:REGULATED; PROFESSIONAL_REVIEW_CHAIN=Evcil Hayvan Ürünleri > Ortak Pet Bakım & Aksesuarları | Evcil Hayvan Ürünleri > Ortak Pet Bakım & Aksesuarları > Ortak Mama & Su Kapları","canonical-v1.0.0","No public/pilot activation candidate in the canonical source; this package keeps it staged and fail-closed."
"CANONICAL-001314","d6f7c24e-daf6-4a86-9ee8-02b523ec5cdb","Evcil Hayvan Ürünleri > Ortak Pet Bakım & Aksesuarları > Pet Bariyer & Koruma Ürünleri","3","YES","YES","YES","POLICY_BLOCKED","NO","NO","NO","REGULATED","FAIL_CLOSED","pending","FAIL_CLOSED","POLICY_CHAIN=Evcil Hayvan Ürünleri > Ortak Pet Bakım & Aksesuarları:REGULATED | Evcil Hayvan Ürünleri > Ortak Pet Bakım & Aksesuarları > Pet Bariyer & Koruma Ürünleri:REGULATED; PROFESSIONAL_REVIEW_CHAIN=Evcil Hayvan Ürünleri > Ortak Pet Bakım & Aksesuarları | Evcil Hayvan Ürünleri > Ortak Pet Bakım & Aksesuarları > Pet Bariyer & Koruma Ürünleri","canonical-v1.0.0","No public/pilot activation candidate in the canonical source; this package keeps it staged and fail-closed."
"CANONICAL-001315","78aa2d4d-c9dd-4baf-8816-3ec4d8a6e120","Gözlük & Optik","1","NO","YES","YES","CONTAINER_NOT_ASSIGNABLE","NO","NO","NO","NORMAL","PASS","not_required","PASS","STRUCTURAL_CONTAINER","canonical-v1.0.0","No public/pilot activation candidate in the canonical source; this package keeps it staged and fail-closed."
"CANONICAL-001316","308c7abd-cd92-49e6-a39e-a2a48f5c4faa","Gözlük & Optik > Optik Gözlük Çerçeveleri","2","NO","YES","YES","CONTAINER_NOT_ASSIGNABLE","NO","NO","NO","LEGAL_REVIEW_REQUIRED","FAIL_CLOSED","pending","FAIL_CLOSED","POLICY_CHAIN=Gözlük & Optik > Optik Gözlük Çerçeveleri:LEGAL_REVIEW_REQUIRED; PROFESSIONAL_REVIEW_CHAIN=Gözlük & Optik > Optik Gözlük Çerçeveleri","canonical-v1.0.0","No public/pilot activation candidate in the canonical source; this package keeps it staged and fail-closed."
"CANONICAL-001317","bf370688-de37-4ee7-9f40-bd0b8fc12721","Gözlük & Optik > Optik Gözlük Çerçeveleri > Clip-on Uyumlu Gözlük Çerçeveleri","3","YES","YES","YES","POLICY_BLOCKED","NO","NO","NO","LEGAL_REVIEW_REQUIRED","FAIL_CLOSED","pending","FAIL_CLOSED","POLICY_CHAIN=Gözlük & Optik > Optik Gözlük Çerçeveleri:LEGAL_REVIEW_REQUIRED | Gözlük & Optik > Optik Gözlük Çerçeveleri > Clip-on Uyumlu Gözlük Çerçeveleri:LEGAL_REVIEW_REQUIRED; PROFESSIONAL_REVIEW_CHAIN=Gözlük & Optik > Optik Gözlük Çerçeveleri | Gözlük & Optik > Optik Gözlük Çerçeveleri > Clip-on Uyumlu Gözlük Çerçeveleri","canonical-v1.0.0","No public/pilot activation candidate in the canonical source; this package keeps it staged and fail-closed."
"CANONICAL-001318","fb300128-1bdb-4b60-af0e-c38391c42c66","Gözlük & Optik > Optik Gözlük Çerçeveleri > Çerçevesiz Gözlük Çerçeveleri","3","YES","YES","YES","POLICY_BLOCKED","NO","NO","NO","LEGAL_REVIEW_REQUIRED","FAIL_CLOSED","pending","FAIL_CLOSED","POLICY_CHAIN=Gözlük & Optik > Optik Gözlük Çerçeveleri:LEGAL_REVIEW_REQUIRED | Gözlük & Optik > Optik Gözlük Çerçeveleri > Çerçevesiz Gözlük Çerçeveleri:LEGAL_REVIEW_REQUIRED; PROFESSIONAL_REVIEW_CHAIN=Gözlük & Optik > Optik Gözlük Çerçeveleri | Gözlük & Optik > Optik Gözlük Çerçeveleri > Çerçevesiz Gözlük Çerçeveleri","canonical-v1.0.0","No public/pilot activation candidate in the canonical source; this package keeps it staged and fail-closed."
"CANONICAL-001319","9ca63aa1-d316-4400-a160-ce0b5ee4d85a","Gözlük & Optik > Optik Gözlük Çerçeveleri > Tam Çerçeve Gözlük Çerçeveleri","3","YES","YES","YES","POLICY_BLOCKED","NO","NO","NO","LEGAL_REVIEW_REQUIRED","FAIL_CLOSED","pending","FAIL_CLOSED","POLICY_CHAIN=Gözlük & Optik > Optik Gözlük Çerçeveleri:LEGAL_REVIEW_REQUIRED | Gözlük & Optik > Optik Gözlük Çerçeveleri > Tam Çerçeve Gözlük Çerçeveleri:LEGAL_REVIEW_REQUIRED; PROFESSIONAL_REVIEW_CHAIN=Gözlük & Optik > Optik Gözlük Çerçeveleri | Gözlük & Optik > Optik Gözlük Çerçeveleri > Tam Çerçeve Gözlük Çerçeveleri","canonical-v1.0.0","No public/pilot activation candidate in the canonical source; this package keeps it staged and fail-closed."
"CANONICAL-001320","6eec206c-33d1-42fa-840a-16bac53135ca","Gözlük & Optik > Optik Gözlük Çerçeveleri > Yarım Çerçeve Gözlük Çerçeveleri","3","YES","YES","YES","POLICY_BLOCKED","NO","NO","NO","LEGAL_REVIEW_REQUIRED","FAIL_CLOSED","pending","FAIL_CLOSED","POLICY_CHAIN=Gözlük & Optik > Optik Gözlük Çerçeveleri:LEGAL_REVIEW_REQUIRED | Gözlük & Optik > Optik Gözlük Çerçeveleri > Yarım Çerçeve Gözlük Çerçeveleri:LEGAL_REVIEW_REQUIRED; PROFESSIONAL_REVIEW_CHAIN=Gözlük & Optik > Optik Gözlük Çerçeveleri | Gözlük & Optik > Optik Gözlük Çerçeveleri > Yarım Çerçeve Gözlük Çerçeveleri","canonical-v1.0.0","No public/pilot activation candidate in the canonical source; this package keeps it staged and fail-closed."
"CANONICAL-001321","741b6aea-6e49-4815-8200-d37ff5b18ae0","Gözlük & Optik > Güneş Gözlükleri","2","NO","YES","YES","CONTAINER_NOT_ASSIGNABLE","NO","NO","NO","REGULATED","FAIL_CLOSED","pending","FAIL_CLOSED","POLICY_CHAIN=Gözlük & Optik > Güneş Gözlükleri:REGULATED; PROFESSIONAL_REVIEW_CHAIN=Gözlük & Optik > Güneş Gözlükleri","canonical-v1.0.0","No public/pilot activation candidate in the canonical source; this package keeps it staged and fail-closed."
"CANONICAL-001322","d0bacf79-f991-4290-8034-070c6ea02687","Gözlük & Optik > Güneş Gözlükleri > Clip-on Güneş Gözlükleri","3","YES","YES","YES","POLICY_BLOCKED","NO","NO","NO","REGULATED","FAIL_CLOSED","pending","FAIL_CLOSED","POLICY_CHAIN=Gözlük & Optik > Güneş Gözlükleri:REGULATED | Gözlük & Optik > Güneş Gözlükleri > Clip-on Güneş Gözlükleri:REGULATED; PROFESSIONAL_REVIEW_CHAIN=Gözlük & Optik > Güneş Gözlükleri | Gözlük & Optik > Güneş Gözlükleri > Clip-on Güneş Gözlükleri","canonical-v1.0.0","No public/pilot activation candidate in the canonical source; this package keeps it staged and fail-closed."
"CANONICAL-001323","e29d71b7-e665-4b95-a046-970172e93880","Gözlük & Optik > Güneş Gözlükleri > Standart Güneş Gözlükleri","3","YES","YES","YES","POLICY_BLOCKED","NO","NO","NO","REGULATED","FAIL_CLOSED","pending","FAIL_CLOSED","POLICY_CHAIN=Gözlük & Optik > Güneş Gözlükleri:REGULATED | Gözlük & Optik > Güneş Gözlükleri > Standart Güneş Gözlükleri:REGULATED; PROFESSIONAL_REVIEW_CHAIN=Gözlük & Optik > Güneş Gözlükleri | Gözlük & Optik > Güneş Gözlükleri > Standart Güneş Gözlükleri","canonical-v1.0.0","No public/pilot activation candidate in the canonical source; this package keeps it staged and fail-closed."
"CANONICAL-001324","cfed7559-5901-4fb8-93c6-b6542c407d76","Gözlük & Optik > Hazır Okuma Gözlükleri","2","YES","YES","YES","POLICY_BLOCKED","NO","NO","NO","LEGAL_REVIEW_REQUIRED","FAIL_CLOSED","pending","FAIL_CLOSED","POLICY_CHAIN=Gözlük & Optik > Hazır Okuma Gözlükleri:LEGAL_REVIEW_REQUIRED; PROFESSIONAL_REVIEW_CHAIN=Gözlük & Optik > Hazır Okuma Gözlükleri","canonical-v1.0.0","No public/pilot activation candidate in the canonical source; this package keeps it staged and fail-closed."
"CANONICAL-001325","2cb9cddb-72ac-41ef-b60b-563eabac19f9","Gözlük & Optik > Gözlük Camları","2","NO","YES","YES","CONTAINER_NOT_ASSIGNABLE","NO","NO","NO","LEGAL_REVIEW_REQUIRED","FAIL_CLOSED","pending","FAIL_CLOSED","POLICY_CHAIN=Gözlük & Optik > Gözlük Camları:LEGAL_REVIEW_REQUIRED; PROFESSIONAL_REVIEW_CHAIN=Gözlük & Optik > Gözlük Camları","canonical-v1.0.0","No public/pilot activation candidate in the canonical source; this package keeps it staged and fail-closed."
"CANONICAL-001326","78863582-c2e9-4f60-a7f7-2549e2b22545","Gözlük & Optik > Gözlük Camları > Progresif & Çok Odaklı Gözlük Camları","3","YES","YES","YES","POLICY_BLOCKED","NO","NO","NO","LEGAL_REVIEW_REQUIRED","FAIL_CLOSED","pending","FAIL_CLOSED","POLICY_CHAIN=Gözlük & Optik > Gözlük Camları:LEGAL_REVIEW_REQUIRED | Gözlük & Optik > Gözlük Camları > Progresif & Çok Odaklı Gözlük Camları:LEGAL_REVIEW_REQUIRED; PROFESSIONAL_REVIEW_CHAIN=Gözlük & Optik > Gözlük Camları | Gözlük & Optik > Gözlük Camları > Progresif & Çok Odaklı Gözlük Camları","canonical-v1.0.0","No public/pilot activation candidate in the canonical source; this package keeps it staged and fail-closed."
"CANONICAL-001327","3c22bf9b-f4c1-4a5f-b344-5e91d61928db","Gözlük & Optik > Gözlük Camları > Reçeteli Güneş Gözlüğü Camları","3","YES","YES","YES","POLICY_BLOCKED","NO","NO","NO","LEGAL_REVIEW_REQUIRED","FAIL_CLOSED","pending","FAIL_CLOSED","POLICY_CHAIN=Gözlük & Optik > Gözlük Camları:LEGAL_REVIEW_REQUIRED | Gözlük & Optik > Gözlük Camları > Reçeteli Güneş Gözlüğü Camları:LEGAL_REVIEW_REQUIRED; PROFESSIONAL_REVIEW_CHAIN=Gözlük & Optik > Gözlük Camları | Gözlük & Optik > Gözlük Camları > Reçeteli Güneş Gözlüğü Camları","canonical-v1.0.0","No public/pilot activation candidate in the canonical source; this package keeps it staged and fail-closed."
"CANONICAL-001328","0c4eba03-9855-40ad-ba20-8c8a1dbbf64a","Gözlük & Optik > Gözlük Camları > Tek Odaklı Gözlük Camları","3","YES","YES","YES","POLICY_BLOCKED","NO","NO","NO","LEGAL_REVIEW_REQUIRED","FAIL_CLOSED","pending","FAIL_CLOSED","POLICY_CHAIN=Gözlük & Optik > Gözlük Camları:LEGAL_REVIEW_REQUIRED | Gözlük & Optik > Gözlük Camları > Tek Odaklı Gözlük Camları:LEGAL_REVIEW_REQUIRED; PROFESSIONAL_REVIEW_CHAIN=Gözlük & Optik > Gözlük Camları | Gözlük & Optik > Gözlük Camları > Tek Odaklı Gözlük Camları","canonical-v1.0.0","No public/pilot activation candidate in the canonical source; this package keeps it staged and fail-closed."
"CANONICAL-001329","94de7eda-650c-4613-b196-dc422414812d","Gözlük & Optik > Kontakt Lensler","2","NO","YES","YES","CONTAINER_NOT_ASSIGNABLE","NO","NO","NO","LEGAL_REVIEW_REQUIRED","FAIL_CLOSED","pending","FAIL_CLOSED","POLICY_CHAIN=Gözlük & Optik > Kontakt Lensler:LEGAL_REVIEW_REQUIRED; PROFESSIONAL_REVIEW_CHAIN=Gözlük & Optik > Kontakt Lensler","canonical-v1.0.0","No public/pilot activation candidate in the canonical source; this package keeps it staged and fail-closed."
"CANONICAL-001330","d9d45017-982e-4517-85c2-26d776bef96f","Gözlük & Optik > Kontakt Lensler > Multifokal Kontakt Lensler","3","YES","YES","YES","POLICY_BLOCKED","NO","NO","NO","LEGAL_REVIEW_REQUIRED","FAIL_CLOSED","pending","FAIL_CLOSED","POLICY_CHAIN=Gözlük & Optik > Kontakt Lensler:LEGAL_REVIEW_REQUIRED | Gözlük & Optik > Kontakt Lensler > Multifokal Kontakt Lensler:LEGAL_REVIEW_REQUIRED; PROFESSIONAL_REVIEW_CHAIN=Gözlük & Optik > Kontakt Lensler | Gözlük & Optik > Kontakt Lensler > Multifokal Kontakt Lensler","canonical-v1.0.0","No public/pilot activation candidate in the canonical source; this package keeps it staged and fail-closed."
"CANONICAL-001331","6e513b43-45aa-4021-bf2c-482835c58f5e","Gözlük & Optik > Kontakt Lensler > Renkli & Kozmetik Kontakt Lensler","3","YES","YES","YES","POLICY_BLOCKED","NO","NO","NO","LEGAL_REVIEW_REQUIRED","FAIL_CLOSED","pending","FAIL_CLOSED","POLICY_CHAIN=Gözlük & Optik > Kontakt Lensler:LEGAL_REVIEW_REQUIRED | Gözlük & Optik > Kontakt Lensler > Renkli & Kozmetik Kontakt Lensler:LEGAL_REVIEW_REQUIRED; PROFESSIONAL_REVIEW_CHAIN=Gözlük & Optik > Kontakt Lensler | Gözlük & Optik > Kontakt Lensler > Renkli & Kozmetik Kontakt Lensler","canonical-v1.0.0","No public/pilot activation candidate in the canonical source; this package keeps it staged and fail-closed."
"CANONICAL-001332","7c326ee0-6cca-44db-a7ef-d045e78c77fa","Gözlük & Optik > Kontakt Lensler > Sferik Kontakt Lensler","3","YES","YES","YES","POLICY_BLOCKED","NO","NO","NO","LEGAL_REVIEW_REQUIRED","FAIL_CLOSED","pending","FAIL_CLOSED","POLICY_CHAIN=Gözlük & Optik > Kontakt Lensler:LEGAL_REVIEW_REQUIRED | Gözlük & Optik > Kontakt Lensler > Sferik Kontakt Lensler:LEGAL_REVIEW_REQUIRED; PROFESSIONAL_REVIEW_CHAIN=Gözlük & Optik > Kontakt Lensler | Gözlük & Optik > Kontakt Lensler > Sferik Kontakt Lensler","canonical-v1.0.0","No public/pilot activation candidate in the canonical source; this package keeps it staged and fail-closed."
"CANONICAL-001333","6a4d8ece-01d4-4888-8a05-3cb9cd010583","Gözlük & Optik > Kontakt Lensler > Torik Kontakt Lensler","3","YES","YES","YES","POLICY_BLOCKED","NO","NO","NO","LEGAL_REVIEW_REQUIRED","FAIL_CLOSED","pending","FAIL_CLOSED","POLICY_CHAIN=Gözlük & Optik > Kontakt Lensler:LEGAL_REVIEW_REQUIRED | Gözlük & Optik > Kontakt Lensler > Torik Kontakt Lensler:LEGAL_REVIEW_REQUIRED; PROFESSIONAL_REVIEW_CHAIN=Gözlük & Optik > Kontakt Lensler | Gözlük & Optik > Kontakt Lensler > Torik Kontakt Lensler","canonical-v1.0.0","No public/pilot activation candidate in the canonical source; this package keeps it staged and fail-closed."
"CANONICAL-001334","60777081-2412-4a34-89cd-334f9c9910f8","Gözlük & Optik > Kontakt Lens Bakım Ürünleri","2","NO","YES","YES","CONTAINER_NOT_ASSIGNABLE","NO","NO","NO","LEGAL_REVIEW_REQUIRED","FAIL_CLOSED","pending","FAIL_CLOSED","POLICY_CHAIN=Gözlük & Optik > Kontakt Lens Bakım Ürünleri:LEGAL_REVIEW_REQUIRED; PROFESSIONAL_REVIEW_CHAIN=Gözlük & Optik > Kontakt Lens Bakım Ürünleri","canonical-v1.0.0","No public/pilot activation candidate in the canonical source; this package keeps it staged and fail-closed."
"CANONICAL-001335","4986cac5-bbd1-4b2d-9114-e592324089b7","Gözlük & Optik > Kontakt Lens Bakım Ürünleri > Çok Amaçlı Lens Solüsyonları","3","YES","YES","YES","POLICY_BLOCKED","NO","NO","NO","LEGAL_REVIEW_REQUIRED","FAIL_CLOSED","pending","FAIL_CLOSED","POLICY_CHAIN=Gözlük & Optik > Kontakt Lens Bakım Ürünleri:LEGAL_REVIEW_REQUIRED | Gözlük & Optik > Kontakt Lens Bakım Ürünleri > Çok Amaçlı Lens Solüsyonları:LEGAL_REVIEW_REQUIRED; PROFESSIONAL_REVIEW_CHAIN=Gözlük & Optik > Kontakt Lens Bakım Ürünleri | Gözlük & Optik > Kontakt Lens Bakım Ürünleri > Çok Amaçlı Lens Solüsyonları","canonical-v1.0.0","No public/pilot activation candidate in the canonical source; this package keeps it staged and fail-closed."
"CANONICAL-001336","cfbdca36-a104-45a4-bab1-7191163f327f","Gözlük & Optik > Kontakt Lens Bakım Ürünleri > Kontakt Lens Kapları","3","YES","YES","YES","POLICY_BLOCKED","NO","NO","NO","REGULATED","FAIL_CLOSED","pending","FAIL_CLOSED","POLICY_CHAIN=Gözlük & Optik > Kontakt Lens Bakım Ürünleri:LEGAL_REVIEW_REQUIRED | Gözlük & Optik > Kontakt Lens Bakım Ürünleri > Kontakt Lens Kapları:REGULATED; PROFESSIONAL_REVIEW_CHAIN=Gözlük & Optik > Kontakt Lens Bakım Ürünleri | Gözlük & Optik > Kontakt Lens Bakım Ürünleri > Kontakt Lens Kapları","canonical-v1.0.0","No public/pilot activation candidate in the canonical source; this package keeps it staged and fail-closed."
"CANONICAL-001337","012b7eb4-0658-49e0-881d-1fffac9086ac","Gözlük & Optik > Kontakt Lens Bakım Ürünleri > Lens Durulama & Salin Ürünleri","3","YES","YES","YES","POLICY_BLOCKED","NO","NO","NO","LEGAL_REVIEW_REQUIRED","FAIL_CLOSED","pending","FAIL_CLOSED","POLICY_CHAIN=Gözlük & Optik > Kontakt Lens Bakım Ürünleri:LEGAL_REVIEW_REQUIRED | Gözlük & Optik > Kontakt Lens Bakım Ürünleri > Lens Durulama & Salin Ürünleri:LEGAL_REVIEW_REQUIRED; PROFESSIONAL_REVIEW_CHAIN=Gözlük & Optik > Kontakt Lens Bakım Ürünleri | Gözlük & Optik > Kontakt Lens Bakım Ürünleri > Lens Durulama & Salin Ürünleri","canonical-v1.0.0","No public/pilot activation candidate in the canonical source; this package keeps it staged and fail-closed."
"CANONICAL-001338","886e2361-581b-4ac9-944f-6b63398f9c60","Gözlük & Optik > Kontakt Lens Bakım Ürünleri > Peroksitli Lens Bakım Sistemleri","3","YES","YES","YES","POLICY_BLOCKED","NO","NO","NO","LEGAL_REVIEW_REQUIRED","FAIL_CLOSED","pending","FAIL_CLOSED","POLICY_CHAIN=Gözlük & Optik > Kontakt Lens Bakım Ürünleri:LEGAL_REVIEW_REQUIRED | Gözlük & Optik > Kontakt Lens Bakım Ürünleri > Peroksitli Lens Bakım Sistemleri:LEGAL_REVIEW_REQUIRED; PROFESSIONAL_REVIEW_CHAIN=Gözlük & Optik > Kontakt Lens Bakım Ürünleri | Gözlük & Optik > Kontakt Lens Bakım Ürünleri > Peroksitli Lens Bakım Sistemleri","canonical-v1.0.0","No public/pilot activation candidate in the canonical source; this package keeps it staged and fail-closed."
"CANONICAL-001339","6ff3577f-6ad1-4b04-a205-939d43468c65","Gözlük & Optik > Gözlük & Optik Aksesuarları","2","NO","YES","YES","CONTAINER_NOT_ASSIGNABLE","NO","NO","NO","REGULATED","FAIL_CLOSED","pending","FAIL_CLOSED","POLICY_CHAIN=Gözlük & Optik > Gözlük & Optik Aksesuarları:REGULATED; PROFESSIONAL_REVIEW_CHAIN=Gözlük & Optik > Gözlük & Optik Aksesuarları","canonical-v1.0.0","No public/pilot activation candidate in the canonical source; this package keeps it staged and fail-closed."
"CANONICAL-001340","9120575e-a2a0-4177-ba9b-8bccdefd7761","Gözlük & Optik > Gözlük & Optik Aksesuarları > Gözlük Kılıfları","3","YES","YES","YES","POLICY_BLOCKED","NO","NO","NO","NORMAL","FAIL_CLOSED","not_required","FAIL_CLOSED","POLICY_CHAIN=Gözlük & Optik > Gözlük & Optik Aksesuarları:REGULATED; PROFESSIONAL_REVIEW_CHAIN=Gözlük & Optik > Gözlük & Optik Aksesuarları","canonical-v1.0.0","No public/pilot activation candidate in the canonical source; this package keeps it staged and fail-closed."
"CANONICAL-001341","59d77706-cc69-4c8c-9e23-95cdb53b3ca1","Gözlük & Optik > Gözlük & Optik Aksesuarları > Gözlük Temizlik Bezleri & Kitleri","3","YES","YES","YES","POLICY_BLOCKED","NO","NO","NO","REGULATED","FAIL_CLOSED","pending","FAIL_CLOSED","POLICY_CHAIN=Gözlük & Optik > Gözlük & Optik Aksesuarları:REGULATED | Gözlük & Optik > Gözlük & Optik Aksesuarları > Gözlük Temizlik Bezleri & Kitleri:REGULATED; PROFESSIONAL_REVIEW_CHAIN=Gözlük & Optik > Gözlük & Optik Aksesuarları | Gözlük & Optik > Gözlük & Optik Aksesuarları > Gözlük Temizlik Bezleri & Kitleri","canonical-v1.0.0","No public/pilot activation candidate in the canonical source; this package keeps it staged and fail-closed."
"CANONICAL-001342","b4e3fc44-516c-4743-a881-107ce2a92ed8","Gözlük & Optik > Gözlük & Optik Aksesuarları > Gözlük Zincirleri & İpleri","3","YES","YES","YES","POLICY_BLOCKED","NO","NO","NO","NORMAL","FAIL_CLOSED","not_required","FAIL_CLOSED","POLICY_CHAIN=Gözlük & Optik > Gözlük & Optik Aksesuarları:REGULATED; PROFESSIONAL_REVIEW_CHAIN=Gözlük & Optik > Gözlük & Optik Aksesuarları","canonical-v1.0.0","No public/pilot activation candidate in the canonical source; this package keeps it staged and fail-closed."
"CANONICAL-001343","0a1f4d26-2bbf-4b17-a285-e9f33cf384a1","Gözlük & Optik > Gözlük & Optik Aksesuarları > Tüketici Tipi Gözlük Tamir Parçaları","3","YES","YES","YES","POLICY_BLOCKED","NO","NO","NO","REGULATED","FAIL_CLOSED","pending","FAIL_CLOSED","POLICY_CHAIN=Gözlük & Optik > Gözlük & Optik Aksesuarları:REGULATED | Gözlük & Optik > Gözlük & Optik Aksesuarları > Tüketici Tipi Gözlük Tamir Parçaları:REGULATED; PROFESSIONAL_REVIEW_CHAIN=Gözlük & Optik > Gözlük & Optik Aksesuarları | Gözlük & Optik > Gözlük & Optik Aksesuarları > Tüketici Tipi Gözlük Tamir Parçaları","canonical-v1.0.0","No public/pilot activation candidate in the canonical source; this package keeps it staged and fail-closed."
"CANONICAL-001344","d8f58e32-2a1e-4f8e-a630-ca5e84dea554","Saat & Takı","1","NO","YES","YES","CONTAINER_NOT_ASSIGNABLE","NO","NO","NO","NORMAL","PASS","not_required","PASS","STRUCTURAL_CONTAINER","canonical-v1.0.0","No public/pilot activation candidate in the canonical source; this package keeps it staged and fail-closed."
"CANONICAL-001345","3089cd12-29ed-4b3f-b01d-b385a20c7b2b","Saat & Takı > Klasik Kol Saatleri","2","NO","YES","YES","CONTAINER_NOT_ASSIGNABLE","NO","NO","NO","LEGAL_REVIEW_REQUIRED","FAIL_CLOSED","pending","FAIL_CLOSED","POLICY_CHAIN=Saat & Takı > Klasik Kol Saatleri:LEGAL_REVIEW_REQUIRED; PROFESSIONAL_REVIEW_CHAIN=Saat & Takı > Klasik Kol Saatleri","canonical-v1.0.0","No public/pilot activation candidate in the canonical source; this package keeps it staged and fail-closed."
"CANONICAL-001346","0a4bd158-c19f-4e6b-84f7-52e688395ec6","Saat & Takı > Klasik Kol Saatleri > Analog Kol Saatleri","3","YES","YES","YES","POLICY_BLOCKED","NO","NO","NO","LEGAL_REVIEW_REQUIRED","FAIL_CLOSED","pending","FAIL_CLOSED","POLICY_CHAIN=Saat & Takı > Klasik Kol Saatleri:LEGAL_REVIEW_REQUIRED | Saat & Takı > Klasik Kol Saatleri > Analog Kol Saatleri:LEGAL_REVIEW_REQUIRED; PROFESSIONAL_REVIEW_CHAIN=Saat & Takı > Klasik Kol Saatleri | Saat & Takı > Klasik Kol Saatleri > Analog Kol Saatleri","canonical-v1.0.0","No public/pilot activation candidate in the canonical source; this package keeps it staged and fail-closed."
"CANONICAL-001347","9bf1c75f-8c76-4f87-b249-af7302f72c6d","Saat & Takı > Klasik Kol Saatleri > Klasik Dijital Kol Saatleri","3","YES","YES","YES","POLICY_BLOCKED","NO","NO","NO","LEGAL_REVIEW_REQUIRED","FAIL_CLOSED","pending","FAIL_CLOSED","POLICY_CHAIN=Saat & Takı > Klasik Kol Saatleri:LEGAL_REVIEW_REQUIRED | Saat & Takı > Klasik Kol Saatleri > Klasik Dijital Kol Saatleri:LEGAL_REVIEW_REQUIRED; PROFESSIONAL_REVIEW_CHAIN=Saat & Takı > Klasik Kol Saatleri | Saat & Takı > Klasik Kol Saatleri > Klasik Dijital Kol Saatleri","canonical-v1.0.0","No public/pilot activation candidate in the canonical source; this package keeps it staged and fail-closed."
"CANONICAL-001348","7e3fc875-ba6c-488a-b088-a59c0050fb27","Saat & Takı > Klasik Kol Saatleri > Mekanik & Otomatik Kol Saatleri","3","YES","YES","YES","POLICY_BLOCKED","NO","NO","NO","LEGAL_REVIEW_REQUIRED","FAIL_CLOSED","pending","FAIL_CLOSED","POLICY_CHAIN=Saat & Takı > Klasik Kol Saatleri:LEGAL_REVIEW_REQUIRED | Saat & Takı > Klasik Kol Saatleri > Mekanik & Otomatik Kol Saatleri:LEGAL_REVIEW_REQUIRED; PROFESSIONAL_REVIEW_CHAIN=Saat & Takı > Klasik Kol Saatleri | Saat & Takı > Klasik Kol Saatleri > Mekanik & Otomatik Kol Saatleri","canonical-v1.0.0","No public/pilot activation candidate in the canonical source; this package keeps it staged and fail-closed."
"CANONICAL-001349","877cdbc1-f15f-4fd6-bfd6-3bf7334151d8","Saat & Takı > Cep Saatleri","2","YES","YES","YES","POLICY_BLOCKED","NO","NO","NO","LEGAL_REVIEW_REQUIRED","FAIL_CLOSED","pending","FAIL_CLOSED","POLICY_CHAIN=Saat & Takı > Cep Saatleri:LEGAL_REVIEW_REQUIRED; PROFESSIONAL_REVIEW_CHAIN=Saat & Takı > Cep Saatleri","canonical-v1.0.0","No public/pilot activation candidate in the canonical source; this package keeps it staged and fail-closed."
"CANONICAL-001350","0b045180-fdae-46c2-a2b1-832357a6f89b","Saat & Takı > Saat Kayışları & Aksesuarları","2","NO","YES","YES","CONTAINER_NOT_ASSIGNABLE","NO","NO","NO","LEGAL_REVIEW_REQUIRED","FAIL_CLOSED","pending","FAIL_CLOSED","POLICY_CHAIN=Saat & Takı > Saat Kayışları & Aksesuarları:LEGAL_REVIEW_REQUIRED; PROFESSIONAL_REVIEW_CHAIN=Saat & Takı > Saat Kayışları & Aksesuarları","canonical-v1.0.0","No public/pilot activation candidate in the canonical source; this package keeps it staged and fail-closed."
"CANONICAL-001351","4a655971-ee7a-43e2-bdc7-499df50104bc","Saat & Takı > Saat Kayışları & Aksesuarları > Saat Kayışları & Kordonları","3","YES","YES","YES","POLICY_BLOCKED","NO","NO","NO","NORMAL","FAIL_CLOSED","not_required","FAIL_CLOSED","POLICY_CHAIN=Saat & Takı > Saat Kayışları & Aksesuarları:LEGAL_REVIEW_REQUIRED; PROFESSIONAL_REVIEW_CHAIN=Saat & Takı > Saat Kayışları & Aksesuarları","canonical-v1.0.0","No public/pilot activation candidate in the canonical source; this package keeps it staged and fail-closed."
"CANONICAL-001352","8996e7f2-ff97-4348-9ec8-c05362bf87ac","Saat & Takı > Saat Kayışları & Aksesuarları > Saat Pili & Bakım Ürünleri","3","YES","YES","YES","POLICY_BLOCKED","NO","NO","NO","LEGAL_REVIEW_REQUIRED","FAIL_CLOSED","pending","FAIL_CLOSED","POLICY_CHAIN=Saat & Takı > Saat Kayışları & Aksesuarları:LEGAL_REVIEW_REQUIRED | Saat & Takı > Saat Kayışları & Aksesuarları > Saat Pili & Bakım Ürünleri:LEGAL_REVIEW_REQUIRED; PROFESSIONAL_REVIEW_CHAIN=Saat & Takı > Saat Kayışları & Aksesuarları | Saat & Takı > Saat Kayışları & Aksesuarları > Saat Pili & Bakım Ürünleri","canonical-v1.0.0","No public/pilot activation candidate in the canonical source; this package keeps it staged and fail-closed."
"CANONICAL-001353","b312e9cd-96b7-4df8-9698-a2995f0fc3a5","Saat & Takı > Saat Kayışları & Aksesuarları > Saat Saklama & Kurma Ürünleri","3","YES","YES","YES","POLICY_BLOCKED","NO","NO","NO","REGULATED","FAIL_CLOSED","pending","FAIL_CLOSED","POLICY_CHAIN=Saat & Takı > Saat Kayışları & Aksesuarları:LEGAL_REVIEW_REQUIRED | Saat & Takı > Saat Kayışları & Aksesuarları > Saat Saklama & Kurma Ürünleri:REGULATED; PROFESSIONAL_REVIEW_CHAIN=Saat & Takı > Saat Kayışları & Aksesuarları | Saat & Takı > Saat Kayışları & Aksesuarları > Saat Saklama & Kurma Ürünleri","canonical-v1.0.0","No public/pilot activation candidate in the canonical source; this package keeps it staged and fail-closed."
"CANONICAL-001354","4aebbf6a-1bc4-4de8-ae98-bbd294c84088","Saat & Takı > Saat Kayışları & Aksesuarları > Tüketici Tipi Saat Tamir Parçaları","3","YES","YES","YES","POLICY_BLOCKED","NO","NO","NO","REGULATED","FAIL_CLOSED","pending","FAIL_CLOSED","POLICY_CHAIN=Saat & Takı > Saat Kayışları & Aksesuarları:LEGAL_REVIEW_REQUIRED | Saat & Takı > Saat Kayışları & Aksesuarları > Tüketici Tipi Saat Tamir Parçaları:REGULATED; PROFESSIONAL_REVIEW_CHAIN=Saat & Takı > Saat Kayışları & Aksesuarları | Saat & Takı > Saat Kayışları & Aksesuarları > Tüketici Tipi Saat Tamir Parçaları","canonical-v1.0.0","No public/pilot activation candidate in the canonical source; this package keeps it staged and fail-closed."
"CANONICAL-001355","e82d4b38-9d2a-4e94-8da7-b19c1b2ab9d2","Saat & Takı > Kolyeler & Takı Uçları","2","NO","YES","YES","CONTAINER_NOT_ASSIGNABLE","NO","NO","NO","LEGAL_REVIEW_REQUIRED","FAIL_CLOSED","pending","FAIL_CLOSED","POLICY_CHAIN=Saat & Takı > Kolyeler & Takı Uçları:LEGAL_REVIEW_REQUIRED; PROFESSIONAL_REVIEW_CHAIN=Saat & Takı > Kolyeler & Takı Uçları","canonical-v1.0.0","No public/pilot activation candidate in the canonical source; this package keeps it staged and fail-closed."
"CANONICAL-001356","7ce72550-def3-4100-b348-f07e4cf20f37","Saat & Takı > Kolyeler & Takı Uçları > Kolyeler & Zincirler","3","YES","YES","YES","POLICY_BLOCKED","NO","NO","NO","LEGAL_REVIEW_REQUIRED","FAIL_CLOSED","pending","FAIL_CLOSED","POLICY_CHAIN=Saat & Takı > Kolyeler & Takı Uçları:LEGAL_REVIEW_REQUIRED | Saat & Takı > Kolyeler & Takı Uçları > Kolyeler & Zincirler:LEGAL_REVIEW_REQUIRED; PROFESSIONAL_REVIEW_CHAIN=Saat & Takı > Kolyeler & Takı Uçları | Saat & Takı > Kolyeler & Takı Uçları > Kolyeler & Zincirler","canonical-v1.0.0","No public/pilot activation candidate in the canonical source; this package keeps it staged and fail-closed."
"CANONICAL-001357","ccc97fe9-9774-4668-987a-21923bf16781","Saat & Takı > Kolyeler & Takı Uçları > Takı Uçları & Charmlar","3","YES","YES","YES","POLICY_BLOCKED","NO","NO","NO","LEGAL_REVIEW_REQUIRED","FAIL_CLOSED","pending","FAIL_CLOSED","POLICY_CHAIN=Saat & Takı > Kolyeler & Takı Uçları:LEGAL_REVIEW_REQUIRED | Saat & Takı > Kolyeler & Takı Uçları > Takı Uçları & Charmlar:LEGAL_REVIEW_REQUIRED; PROFESSIONAL_REVIEW_CHAIN=Saat & Takı > Kolyeler & Takı Uçları | Saat & Takı > Kolyeler & Takı Uçları > Takı Uçları & Charmlar","canonical-v1.0.0","No public/pilot activation candidate in the canonical source; this package keeps it staged and fail-closed."
"CANONICAL-001358","5ac505a8-cb53-412d-9910-78a46314a773","Saat & Takı > Küpeler","2","NO","YES","YES","CONTAINER_NOT_ASSIGNABLE","NO","NO","NO","LEGAL_REVIEW_REQUIRED","FAIL_CLOSED","pending","FAIL_CLOSED","POLICY_CHAIN=Saat & Takı > Küpeler:LEGAL_REVIEW_REQUIRED; PROFESSIONAL_REVIEW_CHAIN=Saat & Takı > Küpeler","canonical-v1.0.0","No public/pilot activation candidate in the canonical source; this package keeps it staged and fail-closed."
"CANONICAL-001359","1e462e31-550e-4410-9ec2-8b8f1863fc38","Saat & Takı > Küpeler > Çivi Küpeler","3","YES","YES","YES","POLICY_BLOCKED","NO","NO","NO","LEGAL_REVIEW_REQUIRED","FAIL_CLOSED","pending","FAIL_CLOSED","POLICY_CHAIN=Saat & Takı > Küpeler:LEGAL_REVIEW_REQUIRED | Saat & Takı > Küpeler > Çivi Küpeler:LEGAL_REVIEW_REQUIRED; PROFESSIONAL_REVIEW_CHAIN=Saat & Takı > Küpeler | Saat & Takı > Küpeler > Çivi Küpeler","canonical-v1.0.0","No public/pilot activation candidate in the canonical source; this package keeps it staged and fail-closed."
"CANONICAL-001360","1712f305-91e0-40ac-a298-98f1dcc1cf4b","Saat & Takı > Küpeler > Ear Cuff & Kulak Aksesuarları","3","YES","YES","YES","POLICY_BLOCKED","NO","NO","NO","LEGAL_REVIEW_REQUIRED","FAIL_CLOSED","pending","FAIL_CLOSED","POLICY_CHAIN=Saat & Takı > Küpeler:LEGAL_REVIEW_REQUIRED | Saat & Takı > Küpeler > Ear Cuff & Kulak Aksesuarları:LEGAL_REVIEW_REQUIRED; PROFESSIONAL_REVIEW_CHAIN=Saat & Takı > Küpeler | Saat & Takı > Küpeler > Ear Cuff & Kulak Aksesuarları","canonical-v1.0.0","No public/pilot activation candidate in the canonical source; this package keeps it staged and fail-closed."
"CANONICAL-001361","098425cd-c678-464c-88ea-ea3f87f9f0e3","Saat & Takı > Küpeler > Halka Küpeler","3","YES","YES","YES","POLICY_BLOCKED","NO","NO","NO","LEGAL_REVIEW_REQUIRED","FAIL_CLOSED","pending","FAIL_CLOSED","POLICY_CHAIN=Saat & Takı > Küpeler:LEGAL_REVIEW_REQUIRED | Saat & Takı > Küpeler > Halka Küpeler:LEGAL_REVIEW_REQUIRED; PROFESSIONAL_REVIEW_CHAIN=Saat & Takı > Küpeler | Saat & Takı > Küpeler > Halka Küpeler","canonical-v1.0.0","No public/pilot activation candidate in the canonical source; this package keeps it staged and fail-closed."
"CANONICAL-001362","4a1a5167-08d4-4e6f-8e00-8e470d336407","Saat & Takı > Küpeler > Sallantılı Küpeler","3","YES","YES","YES","POLICY_BLOCKED","NO","NO","NO","LEGAL_REVIEW_REQUIRED","FAIL_CLOSED","pending","FAIL_CLOSED","POLICY_CHAIN=Saat & Takı > Küpeler:LEGAL_REVIEW_REQUIRED | Saat & Takı > Küpeler > Sallantılı Küpeler:LEGAL_REVIEW_REQUIRED; PROFESSIONAL_REVIEW_CHAIN=Saat & Takı > Küpeler | Saat & Takı > Küpeler > Sallantılı Küpeler","canonical-v1.0.0","No public/pilot activation candidate in the canonical source; this package keeps it staged and fail-closed."
"CANONICAL-001363","e7ae2c75-a3fc-49ca-8d7c-7c5dbfce2c8b","Saat & Takı > Yüzükler","2","NO","YES","YES","CONTAINER_NOT_ASSIGNABLE","NO","NO","NO","LEGAL_REVIEW_REQUIRED","FAIL_CLOSED","pending","FAIL_CLOSED","POLICY_CHAIN=Saat & Takı > Yüzükler:LEGAL_REVIEW_REQUIRED; PROFESSIONAL_REVIEW_CHAIN=Saat & Takı > Yüzükler","canonical-v1.0.0","No public/pilot activation candidate in the canonical source; this package keeps it staged and fail-closed."
"CANONICAL-001364","e57f5d9c-755a-4b73-aac6-761f11a64353","Saat & Takı > Yüzükler > Ayarlanabilir Yüzükler","3","YES","YES","YES","POLICY_BLOCKED","NO","NO","NO","LEGAL_REVIEW_REQUIRED","FAIL_CLOSED","pending","FAIL_CLOSED","POLICY_CHAIN=Saat & Takı > Yüzükler:LEGAL_REVIEW_REQUIRED | Saat & Takı > Yüzükler > Ayarlanabilir Yüzükler:LEGAL_REVIEW_REQUIRED; PROFESSIONAL_REVIEW_CHAIN=Saat & Takı > Yüzükler | Saat & Takı > Yüzükler > Ayarlanabilir Yüzükler","canonical-v1.0.0","No public/pilot activation candidate in the canonical source; this package keeps it staged and fail-closed."
"CANONICAL-001365","7b33da73-3e7d-49de-9309-49918a1281ec","Saat & Takı > Yüzükler > Sade & Bant Yüzükler","3","YES","YES","YES","POLICY_BLOCKED","NO","NO","NO","LEGAL_REVIEW_REQUIRED","FAIL_CLOSED","pending","FAIL_CLOSED","POLICY_CHAIN=Saat & Takı > Yüzükler:LEGAL_REVIEW_REQUIRED | Saat & Takı > Yüzükler > Sade & Bant Yüzükler:LEGAL_REVIEW_REQUIRED; PROFESSIONAL_REVIEW_CHAIN=Saat & Takı > Yüzükler | Saat & Takı > Yüzükler > Sade & Bant Yüzükler","canonical-v1.0.0","No public/pilot activation candidate in the canonical source; this package keeps it staged and fail-closed."
"CANONICAL-001366","6be963c0-84cf-4665-ab70-1649ce074e6a","Saat & Takı > Yüzükler > Taşlı Yüzükler","3","YES","YES","YES","POLICY_BLOCKED","NO","NO","NO","LEGAL_REVIEW_REQUIRED","FAIL_CLOSED","pending","FAIL_CLOSED","POLICY_CHAIN=Saat & Takı > Yüzükler:LEGAL_REVIEW_REQUIRED | Saat & Takı > Yüzükler > Taşlı Yüzükler:LEGAL_REVIEW_REQUIRED; PROFESSIONAL_REVIEW_CHAIN=Saat & Takı > Yüzükler | Saat & Takı > Yüzükler > Taşlı Yüzükler","canonical-v1.0.0","No public/pilot activation candidate in the canonical source; this package keeps it staged and fail-closed."
"CANONICAL-001367","4b1a9c1b-acaf-4c23-bb41-1fdbb35f69d4","Saat & Takı > Bileklik, Bilezik & Halhallar","2","NO","YES","YES","CONTAINER_NOT_ASSIGNABLE","NO","NO","NO","LEGAL_REVIEW_REQUIRED","FAIL_CLOSED","pending","FAIL_CLOSED","POLICY_CHAIN=Saat & Takı > Bileklik, Bilezik & Halhallar:LEGAL_REVIEW_REQUIRED; PROFESSIONAL_REVIEW_CHAIN=Saat & Takı > Bileklik, Bilezik & Halhallar","canonical-v1.0.0","No public/pilot activation candidate in the canonical source; this package keeps it staged and fail-closed."
"CANONICAL-001368","529f0632-e017-4e83-a643-f75797d8b7b3","Saat & Takı > Bileklik, Bilezik & Halhallar > Bileklikler","3","YES","YES","YES","POLICY_BLOCKED","NO","NO","NO","LEGAL_REVIEW_REQUIRED","FAIL_CLOSED","pending","FAIL_CLOSED","POLICY_CHAIN=Saat & Takı > Bileklik, Bilezik & Halhallar:LEGAL_REVIEW_REQUIRED | Saat & Takı > Bileklik, Bilezik & Halhallar > Bileklikler:LEGAL_REVIEW_REQUIRED; PROFESSIONAL_REVIEW_CHAIN=Saat & Takı > Bileklik, Bilezik & Halhallar | Saat & Takı > Bileklik, Bilezik & Halhallar > Bileklikler","canonical-v1.0.0","No public/pilot activation candidate in the canonical source; this package keeps it staged and fail-closed."
"CANONICAL-001369","69f38a05-a468-4115-bc68-2a45cc57aca8","Saat & Takı > Bileklik, Bilezik & Halhallar > Bilezikler","3","YES","YES","YES","POLICY_BLOCKED","NO","NO","NO","LEGAL_REVIEW_REQUIRED","FAIL_CLOSED","pending","FAIL_CLOSED","POLICY_CHAIN=Saat & Takı > Bileklik, Bilezik & Halhallar:LEGAL_REVIEW_REQUIRED | Saat & Takı > Bileklik, Bilezik & Halhallar > Bilezikler:LEGAL_REVIEW_REQUIRED; PROFESSIONAL_REVIEW_CHAIN=Saat & Takı > Bileklik, Bilezik & Halhallar | Saat & Takı > Bileklik, Bilezik & Halhallar > Bilezikler","canonical-v1.0.0","No public/pilot activation candidate in the canonical source; this package keeps it staged and fail-closed."
"CANONICAL-001370","4f7546b9-632d-4e52-8938-28c2094ebc7a","Saat & Takı > Bileklik, Bilezik & Halhallar > Halhallar","3","YES","YES","YES","POLICY_BLOCKED","NO","NO","NO","LEGAL_REVIEW_REQUIRED","FAIL_CLOSED","pending","FAIL_CLOSED","POLICY_CHAIN=Saat & Takı > Bileklik, Bilezik & Halhallar:LEGAL_REVIEW_REQUIRED | Saat & Takı > Bileklik, Bilezik & Halhallar > Halhallar:LEGAL_REVIEW_REQUIRED; PROFESSIONAL_REVIEW_CHAIN=Saat & Takı > Bileklik, Bilezik & Halhallar | Saat & Takı > Bileklik, Bilezik & Halhallar > Halhallar","canonical-v1.0.0","No public/pilot activation candidate in the canonical source; this package keeps it staged and fail-closed."
"CANONICAL-001371","fe1f0fc1-1228-419b-84e6-7662fb7b53bd","Saat & Takı > Broş & Giyim Takıları","2","NO","YES","YES","CONTAINER_NOT_ASSIGNABLE","NO","NO","NO","LEGAL_REVIEW_REQUIRED","FAIL_CLOSED","pending","FAIL_CLOSED","POLICY_CHAIN=Saat & Takı > Broş & Giyim Takıları:LEGAL_REVIEW_REQUIRED; PROFESSIONAL_REVIEW_CHAIN=Saat & Takı > Broş & Giyim Takıları","canonical-v1.0.0","No public/pilot activation candidate in the canonical source; this package keeps it staged and fail-closed."
"CANONICAL-001372","594b0b03-0777-4105-8590-5ff928223e71","Saat & Takı > Broş & Giyim Takıları > Broş & Rozetler","3","YES","YES","YES","POLICY_BLOCKED","NO","NO","NO","LEGAL_REVIEW_REQUIRED","FAIL_CLOSED","pending","FAIL_CLOSED","POLICY_CHAIN=Saat & Takı > Broş & Giyim Takıları:LEGAL_REVIEW_REQUIRED | Saat & Takı > Broş & Giyim Takıları > Broş & Rozetler:LEGAL_REVIEW_REQUIRED; PROFESSIONAL_REVIEW_CHAIN=Saat & Takı > Broş & Giyim Takıları | Saat & Takı > Broş & Giyim Takıları > Broş & Rozetler","canonical-v1.0.0","No public/pilot activation candidate in the canonical source; this package keeps it staged and fail-closed."
"CANONICAL-001373","9889b597-6d31-4330-be1d-b26c180c19a4","Saat & Takı > Broş & Giyim Takıları > Kol Düğmeleri","3","YES","YES","YES","POLICY_BLOCKED","NO","NO","NO","LEGAL_REVIEW_REQUIRED","FAIL_CLOSED","pending","FAIL_CLOSED","POLICY_CHAIN=Saat & Takı > Broş & Giyim Takıları:LEGAL_REVIEW_REQUIRED | Saat & Takı > Broş & Giyim Takıları > Kol Düğmeleri:LEGAL_REVIEW_REQUIRED; PROFESSIONAL_REVIEW_CHAIN=Saat & Takı > Broş & Giyim Takıları | Saat & Takı > Broş & Giyim Takıları > Kol Düğmeleri","canonical-v1.0.0","No public/pilot activation candidate in the canonical source; this package keeps it staged and fail-closed."
"CANONICAL-001374","aa19def9-a88b-4152-9ad2-638d2cca130f","Saat & Takı > Broş & Giyim Takıları > Kravat Takıları","3","YES","YES","YES","POLICY_BLOCKED","NO","NO","NO","LEGAL_REVIEW_REQUIRED","FAIL_CLOSED","pending","FAIL_CLOSED","POLICY_CHAIN=Saat & Takı > Broş & Giyim Takıları:LEGAL_REVIEW_REQUIRED | Saat & Takı > Broş & Giyim Takıları > Kravat Takıları:LEGAL_REVIEW_REQUIRED; PROFESSIONAL_REVIEW_CHAIN=Saat & Takı > Broş & Giyim Takıları | Saat & Takı > Broş & Giyim Takıları > Kravat Takıları","canonical-v1.0.0","No public/pilot activation candidate in the canonical source; this package keeps it staged and fail-closed."
"CANONICAL-001375","ef646eae-86e3-4a28-a148-9e0ddb3b4a40","Saat & Takı > Vücut Takıları","2","NO","YES","YES","CONTAINER_NOT_ASSIGNABLE","NO","NO","NO","LEGAL_REVIEW_REQUIRED","FAIL_CLOSED","pending","FAIL_CLOSED","POLICY_CHAIN=Saat & Takı > Vücut Takıları:LEGAL_REVIEW_REQUIRED; PROFESSIONAL_REVIEW_CHAIN=Saat & Takı > Vücut Takıları","canonical-v1.0.0","No public/pilot activation candidate in the canonical source; this package keeps it staged and fail-closed."
"CANONICAL-001376","1e120c7e-5836-4e8a-b93b-20965aaba97b","Saat & Takı > Vücut Takıları > Burun Takıları","3","YES","YES","YES","POLICY_BLOCKED","NO","NO","NO","LEGAL_REVIEW_REQUIRED","FAIL_CLOSED","pending","FAIL_CLOSED","POLICY_CHAIN=Saat & Takı > Vücut Takıları:LEGAL_REVIEW_REQUIRED | Saat & Takı > Vücut Takıları > Burun Takıları:LEGAL_REVIEW_REQUIRED; PROFESSIONAL_REVIEW_CHAIN=Saat & Takı > Vücut Takıları | Saat & Takı > Vücut Takıları > Burun Takıları","canonical-v1.0.0","No public/pilot activation candidate in the canonical source; this package keeps it staged and fail-closed."
"CANONICAL-001377","5b142ece-6084-4f68-98dc-6da7acaf3ff7","Saat & Takı > Vücut Takıları > Diğer Vücut Takıları","3","YES","YES","YES","POLICY_BLOCKED","NO","NO","NO","LEGAL_REVIEW_REQUIRED","FAIL_CLOSED","pending","FAIL_CLOSED","POLICY_CHAIN=Saat & Takı > Vücut Takıları:LEGAL_REVIEW_REQUIRED | Saat & Takı > Vücut Takıları > Diğer Vücut Takıları:LEGAL_REVIEW_REQUIRED; PROFESSIONAL_REVIEW_CHAIN=Saat & Takı > Vücut Takıları | Saat & Takı > Vücut Takıları > Diğer Vücut Takıları","canonical-v1.0.0","No public/pilot activation candidate in the canonical source; this package keeps it staged and fail-closed."
"CANONICAL-001378","c42bedfe-8242-4836-be76-91a7fb6c5f7b","Saat & Takı > Vücut Takıları > Göbek Takıları","3","YES","YES","YES","POLICY_BLOCKED","NO","NO","NO","LEGAL_REVIEW_REQUIRED","FAIL_CLOSED","pending","FAIL_CLOSED","POLICY_CHAIN=Saat & Takı > Vücut Takıları:LEGAL_REVIEW_REQUIRED | Saat & Takı > Vücut Takıları > Göbek Takıları:LEGAL_REVIEW_REQUIRED; PROFESSIONAL_REVIEW_CHAIN=Saat & Takı > Vücut Takıları | Saat & Takı > Vücut Takıları > Göbek Takıları","canonical-v1.0.0","No public/pilot activation candidate in the canonical source; this package keeps it staged and fail-closed."
"CANONICAL-001379","eeedeb2e-37e6-4b24-82f3-090e9ec2cbd1","Saat & Takı > Vücut Takıları > Piercing Takıları","3","YES","YES","YES","POLICY_BLOCKED","NO","NO","NO","LEGAL_REVIEW_REQUIRED","FAIL_CLOSED","pending","FAIL_CLOSED","POLICY_CHAIN=Saat & Takı > Vücut Takıları:LEGAL_REVIEW_REQUIRED | Saat & Takı > Vücut Takıları > Piercing Takıları:LEGAL_REVIEW_REQUIRED; PROFESSIONAL_REVIEW_CHAIN=Saat & Takı > Vücut Takıları | Saat & Takı > Vücut Takıları > Piercing Takıları","canonical-v1.0.0","No public/pilot activation candidate in the canonical source; this package keeps it staged and fail-closed."
"CANONICAL-001380","9bb60ec8-8654-4308-8b18-860b2c5267ae","Saat & Takı > Takı Aksesuarları & Saklama","2","NO","YES","YES","CONTAINER_NOT_ASSIGNABLE","NO","NO","NO","LEGAL_REVIEW_REQUIRED","FAIL_CLOSED","pending","FAIL_CLOSED","POLICY_CHAIN=Saat & Takı > Takı Aksesuarları & Saklama:LEGAL_REVIEW_REQUIRED; PROFESSIONAL_REVIEW_CHAIN=Saat & Takı > Takı Aksesuarları & Saklama","canonical-v1.0.0","No public/pilot activation candidate in the canonical source; this package keeps it staged and fail-closed."
"CANONICAL-001381","55167904-f8e0-417d-8a40-a5dba0b51b8e","Saat & Takı > Takı Aksesuarları & Saklama > Seyahat Tipi Takı Saklama","3","YES","YES","YES","POLICY_BLOCKED","NO","NO","NO","NORMAL","FAIL_CLOSED","not_required","FAIL_CLOSED","POLICY_CHAIN=Saat & Takı > Takı Aksesuarları & Saklama:LEGAL_REVIEW_REQUIRED; PROFESSIONAL_REVIEW_CHAIN=Saat & Takı > Takı Aksesuarları & Saklama","canonical-v1.0.0","No public/pilot activation candidate in the canonical source; this package keeps it staged and fail-closed."
"CANONICAL-001382","f5523097-01c1-457b-a3a0-386b6a605f1c","Saat & Takı > Takı Aksesuarları & Saklama > Takı Kutuları & Organizerler","3","YES","YES","YES","POLICY_BLOCKED","NO","NO","NO","NORMAL","FAIL_CLOSED","not_required","FAIL_CLOSED","POLICY_CHAIN=Saat & Takı > Takı Aksesuarları & Saklama:LEGAL_REVIEW_REQUIRED; PROFESSIONAL_REVIEW_CHAIN=Saat & Takı > Takı Aksesuarları & Saklama","canonical-v1.0.0","No public/pilot activation candidate in the canonical source; this package keeps it staged and fail-closed."
"CANONICAL-001383","03bf6fda-fe4a-4c5d-b6ec-284b58a9928a","Saat & Takı > Takı Aksesuarları & Saklama > Takı Standları","3","YES","YES","YES","POLICY_BLOCKED","NO","NO","NO","NORMAL","FAIL_CLOSED","not_required","FAIL_CLOSED","POLICY_CHAIN=Saat & Takı > Takı Aksesuarları & Saklama:LEGAL_REVIEW_REQUIRED; PROFESSIONAL_REVIEW_CHAIN=Saat & Takı > Takı Aksesuarları & Saklama","canonical-v1.0.0","No public/pilot activation candidate in the canonical source; this package keeps it staged and fail-closed."
"CANONICAL-001384","9425ed54-2e15-4e9c-880c-c022f40fc068","Saat & Takı > Takı Aksesuarları & Saklama > Takı Temizlik & Bakım Ürünleri","3","YES","YES","YES","POLICY_BLOCKED","NO","NO","NO","LEGAL_REVIEW_REQUIRED","FAIL_CLOSED","pending","FAIL_CLOSED","POLICY_CHAIN=Saat & Takı > Takı Aksesuarları & Saklama:LEGAL_REVIEW_REQUIRED | Saat & Takı > Takı Aksesuarları & Saklama > Takı Temizlik & Bakım Ürünleri:LEGAL_REVIEW_REQUIRED; PROFESSIONAL_REVIEW_CHAIN=Saat & Takı > Takı Aksesuarları & Saklama | Saat & Takı > Takı Aksesuarları & Saklama > Takı Temizlik & Bakım Ürünleri","canonical-v1.0.0","No public/pilot activation candidate in the canonical source; this package keeps it staged and fail-closed."
"CANONICAL-001385","693436b2-ced7-4793-baed-cd23584027d8","Saat & Takı > Takı Yapım Malzemeleri","2","NO","YES","YES","CONTAINER_NOT_ASSIGNABLE","NO","NO","NO","REGULATED","FAIL_CLOSED","pending","FAIL_CLOSED","POLICY_CHAIN=Saat & Takı > Takı Yapım Malzemeleri:REGULATED; PROFESSIONAL_REVIEW_CHAIN=Saat & Takı > Takı Yapım Malzemeleri","canonical-v1.0.0","No public/pilot activation candidate in the canonical source; this package keeps it staged and fail-closed."
"CANONICAL-001386","dffd8ec8-c5f8-48ee-8365-1cc1b32f9582","Saat & Takı > Takı Yapım Malzemeleri > Boncuklar","3","YES","YES","YES","POLICY_BLOCKED","NO","NO","NO","REGULATED","FAIL_CLOSED","pending","FAIL_CLOSED","POLICY_CHAIN=Saat & Takı > Takı Yapım Malzemeleri:REGULATED | Saat & Takı > Takı Yapım Malzemeleri > Boncuklar:REGULATED; PROFESSIONAL_REVIEW_CHAIN=Saat & Takı > Takı Yapım Malzemeleri | Saat & Takı > Takı Yapım Malzemeleri > Boncuklar","canonical-v1.0.0","No public/pilot activation candidate in the canonical source; this package keeps it staged and fail-closed."
"CANONICAL-001387","da4122f8-9b70-4ec6-9f04-b4af4e3c05b9","Saat & Takı > Takı Yapım Malzemeleri > Boş Takı Yuvaları & Tabanları","3","YES","YES","YES","POLICY_BLOCKED","NO","NO","NO","REGULATED","FAIL_CLOSED","pending","FAIL_CLOSED","POLICY_CHAIN=Saat & Takı > Takı Yapım Malzemeleri:REGULATED | Saat & Takı > Takı Yapım Malzemeleri > Boş Takı Yuvaları & Tabanları:REGULATED; PROFESSIONAL_REVIEW_CHAIN=Saat & Takı > Takı Yapım Malzemeleri | Saat & Takı > Takı Yapım Malzemeleri > Boş Takı Yuvaları & Tabanları","canonical-v1.0.0","No public/pilot activation candidate in the canonical source; this package keeps it staged and fail-closed."
"CANONICAL-001388","da2ae3d2-4c38-4312-82b7-3d3ce3edf81f","Saat & Takı > Takı Yapım Malzemeleri > Kapama, Halka & Bağlantılar","3","YES","YES","YES","POLICY_BLOCKED","NO","NO","NO","REGULATED","FAIL_CLOSED","pending","FAIL_CLOSED","POLICY_CHAIN=Saat & Takı > Takı Yapım Malzemeleri:REGULATED | Saat & Takı > Takı Yapım Malzemeleri > Kapama, Halka & Bağlantılar:REGULATED; PROFESSIONAL_REVIEW_CHAIN=Saat & Takı > Takı Yapım Malzemeleri | Saat & Takı > Takı Yapım Malzemeleri > Kapama, Halka & Bağlantılar","canonical-v1.0.0","No public/pilot activation candidate in the canonical source; this package keeps it staged and fail-closed."
"CANONICAL-001389","5bb31f1b-efb2-432d-98ad-a80d7e5a64e6","Saat & Takı > Takı Yapım Malzemeleri > Takı Teli, İpi & Misinası","3","YES","YES","YES","POLICY_BLOCKED","NO","NO","NO","NORMAL","FAIL_CLOSED","not_required","FAIL_CLOSED","POLICY_CHAIN=Saat & Takı > Takı Yapım Malzemeleri:REGULATED; PROFESSIONAL_REVIEW_CHAIN=Saat & Takı > Takı Yapım Malzemeleri","canonical-v1.0.0","No public/pilot activation candidate in the canonical source; this package keeps it staged and fail-closed."
"CANONICAL-001390","0fcacdf5-e3a6-4df3-ab34-3b961aefe21c","Saat & Takı > Takı Yapım Malzemeleri > Takı Zinciri & Bileşenleri","3","YES","YES","YES","POLICY_BLOCKED","NO","NO","NO","REGULATED","FAIL_CLOSED","pending","FAIL_CLOSED","POLICY_CHAIN=Saat & Takı > Takı Yapım Malzemeleri:REGULATED | Saat & Takı > Takı Yapım Malzemeleri > Takı Zinciri & Bileşenleri:REGULATED; PROFESSIONAL_REVIEW_CHAIN=Saat & Takı > Takı Yapım Malzemeleri | Saat & Takı > Takı Yapım Malzemeleri > Takı Zinciri & Bileşenleri","canonical-v1.0.0","No public/pilot activation candidate in the canonical source; this package keeps it staged and fail-closed."
"CANONICAL-001391","315cd0bc-ec9c-4452-825a-3122937d663e","Sağlık & Medikal","1","NO","YES","YES","CONTAINER_NOT_ASSIGNABLE","NO","NO","NO","NORMAL","PASS","not_required","PASS","STRUCTURAL_CONTAINER","canonical-v1.0.0","No public/pilot activation candidate in the canonical source; this package keeps it staged and fail-closed."
"CANONICAL-001392","0e164e1f-5b69-4e5d-a2f8-6a5714d1e87f","Sağlık & Medikal > İlk Yardım & Yara Bakımı","2","NO","YES","YES","CONTAINER_NOT_ASSIGNABLE","NO","NO","NO","LEGAL_REVIEW_REQUIRED","FAIL_CLOSED","pending","FAIL_CLOSED","POLICY_CHAIN=Sağlık & Medikal > İlk Yardım & Yara Bakımı:LEGAL_REVIEW_REQUIRED; PROFESSIONAL_REVIEW_CHAIN=Sağlık & Medikal > İlk Yardım & Yara Bakımı","canonical-v1.0.0","No public/pilot activation candidate in the canonical source; this package keeps it staged and fail-closed."
"CANONICAL-001393","fe31c024-5d31-4847-8889-1d58a77ba361","Sağlık & Medikal > İlk Yardım & Yara Bakımı > Bandaj & Flasterler","3","YES","YES","YES","POLICY_BLOCKED","NO","NO","NO","LEGAL_REVIEW_REQUIRED","FAIL_CLOSED","pending","FAIL_CLOSED","POLICY_CHAIN=Sağlık & Medikal > İlk Yardım & Yara Bakımı:LEGAL_REVIEW_REQUIRED | Sağlık & Medikal > İlk Yardım & Yara Bakımı > Bandaj & Flasterler:LEGAL_REVIEW_REQUIRED; PROFESSIONAL_REVIEW_CHAIN=Sağlık & Medikal > İlk Yardım & Yara Bakımı | Sağlık & Medikal > İlk Yardım & Yara Bakımı > Bandaj & Flasterler","canonical-v1.0.0","No public/pilot activation candidate in the canonical source; this package keeps it staged and fail-closed."
"CANONICAL-001394","4fbed044-68a6-4cc1-bf03-e26b4b87ba4c","Sağlık & Medikal > İlk Yardım & Yara Bakımı > İlk Yardım Setleri","3","YES","YES","YES","POLICY_BLOCKED","NO","NO","NO","LEGAL_REVIEW_REQUIRED","FAIL_CLOSED","pending","FAIL_CLOSED","POLICY_CHAIN=Sağlık & Medikal > İlk Yardım & Yara Bakımı:LEGAL_REVIEW_REQUIRED | Sağlık & Medikal > İlk Yardım & Yara Bakımı > İlk Yardım Setleri:LEGAL_REVIEW_REQUIRED; PROFESSIONAL_REVIEW_CHAIN=Sağlık & Medikal > İlk Yardım & Yara Bakımı | Sağlık & Medikal > İlk Yardım & Yara Bakımı > İlk Yardım Setleri","canonical-v1.0.0","No public/pilot activation candidate in the canonical source; this package keeps it staged and fail-closed."
"CANONICAL-001395","9b76def2-8640-4e9c-9639-31ab4c2ce089","Sağlık & Medikal > İlk Yardım & Yara Bakımı > Pansuman Aksesuarları","3","YES","YES","YES","POLICY_BLOCKED","NO","NO","NO","LEGAL_REVIEW_REQUIRED","FAIL_CLOSED","pending","FAIL_CLOSED","POLICY_CHAIN=Sağlık & Medikal > İlk Yardım & Yara Bakımı:LEGAL_REVIEW_REQUIRED | Sağlık & Medikal > İlk Yardım & Yara Bakımı > Pansuman Aksesuarları:LEGAL_REVIEW_REQUIRED; PROFESSIONAL_REVIEW_CHAIN=Sağlık & Medikal > İlk Yardım & Yara Bakımı | Sağlık & Medikal > İlk Yardım & Yara Bakımı > Pansuman Aksesuarları","canonical-v1.0.0","No public/pilot activation candidate in the canonical source; this package keeps it staged and fail-closed."
"CANONICAL-001396","d93afdf4-9148-4c53-a48b-c529a9295944","Sağlık & Medikal > İlk Yardım & Yara Bakımı > Steril Kompres & Yara Örtüleri","3","YES","YES","YES","POLICY_BLOCKED","NO","NO","NO","LEGAL_REVIEW_REQUIRED","FAIL_CLOSED","pending","FAIL_CLOSED","POLICY_CHAIN=Sağlık & Medikal > İlk Yardım & Yara Bakımı:LEGAL_REVIEW_REQUIRED | Sağlık & Medikal > İlk Yardım & Yara Bakımı > Steril Kompres & Yara Örtüleri:LEGAL_REVIEW_REQUIRED; PROFESSIONAL_REVIEW_CHAIN=Sağlık & Medikal > İlk Yardım & Yara Bakımı | Sağlık & Medikal > İlk Yardım & Yara Bakımı > Steril Kompres & Yara Örtüleri","canonical-v1.0.0","No public/pilot activation candidate in the canonical source; this package keeps it staged and fail-closed."
"CANONICAL-001397","632a1a3f-782b-43bd-9b74-1e508e98ef13","Sağlık & Medikal > Evde Sağlık Ölçüm Cihazları","2","NO","YES","YES","CONTAINER_NOT_ASSIGNABLE","NO","NO","NO","LEGAL_REVIEW_REQUIRED","FAIL_CLOSED","pending","FAIL_CLOSED","POLICY_CHAIN=Sağlık & Medikal > Evde Sağlık Ölçüm Cihazları:LEGAL_REVIEW_REQUIRED; PROFESSIONAL_REVIEW_CHAIN=Sağlık & Medikal > Evde Sağlık Ölçüm Cihazları","canonical-v1.0.0","No public/pilot activation candidate in the canonical source; this package keeps it staged and fail-closed."
"CANONICAL-001398","57c91da9-9d6c-48d7-95e6-5905f77c0c59","Sağlık & Medikal > Evde Sağlık Ölçüm Cihazları > Ateş Ölçerler","3","YES","YES","YES","POLICY_BLOCKED","NO","NO","NO","LEGAL_REVIEW_REQUIRED","FAIL_CLOSED","pending","FAIL_CLOSED","POLICY_CHAIN=Sağlık & Medikal > Evde Sağlık Ölçüm Cihazları:LEGAL_REVIEW_REQUIRED | Sağlık & Medikal > Evde Sağlık Ölçüm Cihazları > Ateş Ölçerler:LEGAL_REVIEW_REQUIRED; PROFESSIONAL_REVIEW_CHAIN=Sağlık & Medikal > Evde Sağlık Ölçüm Cihazları | Sağlık & Medikal > Evde Sağlık Ölçüm Cihazları > Ateş Ölçerler","canonical-v1.0.0","No public/pilot activation candidate in the canonical source; this package keeps it staged and fail-closed."
"CANONICAL-001399","569a14c4-db6f-4600-ad80-04559635e55a","Sağlık & Medikal > Evde Sağlık Ölçüm Cihazları > Cihaza Özgü Ölçüm Sarf & Aksesuarları","3","YES","YES","YES","POLICY_BLOCKED","NO","NO","NO","LEGAL_REVIEW_REQUIRED","FAIL_CLOSED","pending","FAIL_CLOSED","POLICY_CHAIN=Sağlık & Medikal > Evde Sağlık Ölçüm Cihazları:LEGAL_REVIEW_REQUIRED | Sağlık & Medikal > Evde Sağlık Ölçüm Cihazları > Cihaza Özgü Ölçüm Sarf & Aksesuarları:LEGAL_REVIEW_REQUIRED; PROFESSIONAL_REVIEW_CHAIN=Sağlık & Medikal > Evde Sağlık Ölçüm Cihazları | Sağlık & Medikal > Evde Sağlık Ölçüm Cihazları > Cihaza Özgü Ölçüm Sarf & Aksesuarları","canonical-v1.0.0","No public/pilot activation candidate in the canonical source; this package keeps it staged and fail-closed."
"CANONICAL-001400","27808b2a-d12b-422a-a581-8a0902615d3a","Sağlık & Medikal > Evde Sağlık Ölçüm Cihazları > Glikoz Ölçüm Cihazları","3","YES","YES","YES","POLICY_BLOCKED","NO","NO","NO","LEGAL_REVIEW_REQUIRED","FAIL_CLOSED","pending","FAIL_CLOSED","POLICY_CHAIN=Sağlık & Medikal > Evde Sağlık Ölçüm Cihazları:LEGAL_REVIEW_REQUIRED | Sağlık & Medikal > Evde Sağlık Ölçüm Cihazları > Glikoz Ölçüm Cihazları:LEGAL_REVIEW_REQUIRED; PROFESSIONAL_REVIEW_CHAIN=Sağlık & Medikal > Evde Sağlık Ölçüm Cihazları | Sağlık & Medikal > Evde Sağlık Ölçüm Cihazları > Glikoz Ölçüm Cihazları","canonical-v1.0.0","No public/pilot activation candidate in the canonical source; this package keeps it staged and fail-closed."
"CANONICAL-001401","39fabf99-c994-4cef-8238-8485e9213637","Sağlık & Medikal > Evde Sağlık Ölçüm Cihazları > Pulse Oksimetreler","3","YES","YES","YES","POLICY_BLOCKED","NO","NO","NO","LEGAL_REVIEW_REQUIRED","FAIL_CLOSED","pending","FAIL_CLOSED","POLICY_CHAIN=Sağlık & Medikal > Evde Sağlık Ölçüm Cihazları:LEGAL_REVIEW_REQUIRED | Sağlık & Medikal > Evde Sağlık Ölçüm Cihazları > Pulse Oksimetreler:LEGAL_REVIEW_REQUIRED; PROFESSIONAL_REVIEW_CHAIN=Sağlık & Medikal > Evde Sağlık Ölçüm Cihazları | Sağlık & Medikal > Evde Sağlık Ölçüm Cihazları > Pulse Oksimetreler","canonical-v1.0.0","No public/pilot activation candidate in the canonical source; this package keeps it staged and fail-closed."
"CANONICAL-001402","ec2c4701-c292-4093-a318-819679e29406","Sağlık & Medikal > Evde Sağlık Ölçüm Cihazları > Sağlık Tipi Vücut Ölçüm Cihazları","3","YES","YES","YES","POLICY_BLOCKED","NO","NO","NO","LEGAL_REVIEW_REQUIRED","FAIL_CLOSED","pending","FAIL_CLOSED","POLICY_CHAIN=Sağlık & Medikal > Evde Sağlık Ölçüm Cihazları:LEGAL_REVIEW_REQUIRED | Sağlık & Medikal > Evde Sağlık Ölçüm Cihazları > Sağlık Tipi Vücut Ölçüm Cihazları:LEGAL_REVIEW_REQUIRED; PROFESSIONAL_REVIEW_CHAIN=Sağlık & Medikal > Evde Sağlık Ölçüm Cihazları | Sağlık & Medikal > Evde Sağlık Ölçüm Cihazları > Sağlık Tipi Vücut Ölçüm Cihazları","canonical-v1.0.0","No public/pilot activation candidate in the canonical source; this package keeps it staged and fail-closed."
"CANONICAL-001403","17f304db-1463-41dc-baf7-0d48c1f48b02","Sağlık & Medikal > Evde Sağlık Ölçüm Cihazları > Tansiyon Ölçüm Cihazları","3","YES","YES","YES","POLICY_BLOCKED","NO","NO","NO","LEGAL_REVIEW_REQUIRED","FAIL_CLOSED","pending","FAIL_CLOSED","POLICY_CHAIN=Sağlık & Medikal > Evde Sağlık Ölçüm Cihazları:LEGAL_REVIEW_REQUIRED | Sağlık & Medikal > Evde Sağlık Ölçüm Cihazları > Tansiyon Ölçüm Cihazları:LEGAL_REVIEW_REQUIRED; PROFESSIONAL_REVIEW_CHAIN=Sağlık & Medikal > Evde Sağlık Ölçüm Cihazları | Sağlık & Medikal > Evde Sağlık Ölçüm Cihazları > Tansiyon Ölçüm Cihazları","canonical-v1.0.0","No public/pilot activation candidate in the canonical source; this package keeps it staged and fail-closed."
"CANONICAL-001404","66adbf32-2344-4ec6-b1af-dede787b5512","Sağlık & Medikal > Ortopedik Destekler & Kompresyon","2","NO","YES","YES","CONTAINER_NOT_ASSIGNABLE","NO","NO","NO","LEGAL_REVIEW_REQUIRED","FAIL_CLOSED","pending","FAIL_CLOSED","POLICY_CHAIN=Sağlık & Medikal > Ortopedik Destekler & Kompresyon:LEGAL_REVIEW_REQUIRED; PROFESSIONAL_REVIEW_CHAIN=Sağlık & Medikal > Ortopedik Destekler & Kompresyon","canonical-v1.0.0","No public/pilot activation candidate in the canonical source; this package keeps it staged and fail-closed."
"CANONICAL-001405","4f939841-820a-4e59-84e8-fad2cb349a8e","Sağlık & Medikal > Ortopedik Destekler & Kompresyon > Atel & Sabitleyiciler","3","YES","YES","YES","POLICY_BLOCKED","NO","NO","NO","LEGAL_REVIEW_REQUIRED","FAIL_CLOSED","pending","FAIL_CLOSED","POLICY_CHAIN=Sağlık & Medikal > Ortopedik Destekler & Kompresyon:LEGAL_REVIEW_REQUIRED | Sağlık & Medikal > Ortopedik Destekler & Kompresyon > Atel & Sabitleyiciler:LEGAL_REVIEW_REQUIRED; PROFESSIONAL_REVIEW_CHAIN=Sağlık & Medikal > Ortopedik Destekler & Kompresyon | Sağlık & Medikal > Ortopedik Destekler & Kompresyon > Atel & Sabitleyiciler","canonical-v1.0.0","No public/pilot activation candidate in the canonical source; this package keeps it staged and fail-closed."
"CANONICAL-001406","db31d51e-00e0-45f3-b651-885d557ce4cb","Sağlık & Medikal > Ortopedik Destekler & Kompresyon > Bel & Boyun Destekleri","3","YES","YES","YES","POLICY_BLOCKED","NO","NO","NO","LEGAL_REVIEW_REQUIRED","FAIL_CLOSED","pending","FAIL_CLOSED","POLICY_CHAIN=Sağlık & Medikal > Ortopedik Destekler & Kompresyon:LEGAL_REVIEW_REQUIRED | Sağlık & Medikal > Ortopedik Destekler & Kompresyon > Bel & Boyun Destekleri:LEGAL_REVIEW_REQUIRED; PROFESSIONAL_REVIEW_CHAIN=Sağlık & Medikal > Ortopedik Destekler & Kompresyon | Sağlık & Medikal > Ortopedik Destekler & Kompresyon > Bel & Boyun Destekleri","canonical-v1.0.0","No public/pilot activation candidate in the canonical source; this package keeps it staged and fail-closed."
"CANONICAL-001407","0210a299-31e7-4a05-b1bc-8862cd869d2a","Sağlık & Medikal > Ortopedik Destekler & Kompresyon > Diz, Ayak & Alt Ekstremite Destekleri","3","YES","YES","YES","POLICY_BLOCKED","NO","NO","NO","LEGAL_REVIEW_REQUIRED","FAIL_CLOSED","pending","FAIL_CLOSED","POLICY_CHAIN=Sağlık & Medikal > Ortopedik Destekler & Kompresyon:LEGAL_REVIEW_REQUIRED | Sağlık & Medikal > Ortopedik Destekler & Kompresyon > Diz, Ayak & Alt Ekstremite Destekleri:LEGAL_REVIEW_REQUIRED; PROFESSIONAL_REVIEW_CHAIN=Sağlık & Medikal > Ortopedik Destekler & Kompresyon | Sağlık & Medikal > Ortopedik Destekler & Kompresyon > Diz, Ayak & Alt Ekstremite Destekleri","canonical-v1.0.0","No public/pilot activation candidate in the canonical source; this package keeps it staged and fail-closed."
"CANONICAL-001408","edeee473-99e0-4529-944e-038c828922a5","Sağlık & Medikal > Ortopedik Destekler & Kompresyon > El, Bilek, Dirsek & Omuz Destekleri","3","YES","YES","YES","POLICY_BLOCKED","NO","NO","NO","LEGAL_REVIEW_REQUIRED","FAIL_CLOSED","pending","FAIL_CLOSED","POLICY_CHAIN=Sağlık & Medikal > Ortopedik Destekler & Kompresyon:LEGAL_REVIEW_REQUIRED | Sağlık & Medikal > Ortopedik Destekler & Kompresyon > El, Bilek, Dirsek & Omuz Destekleri:LEGAL_REVIEW_REQUIRED; PROFESSIONAL_REVIEW_CHAIN=Sağlık & Medikal > Ortopedik Destekler & Kompresyon | Sağlık & Medikal > Ortopedik Destekler & Kompresyon > El, Bilek, Dirsek & Omuz Destekleri","canonical-v1.0.0","No public/pilot activation candidate in the canonical source; this package keeps it staged and fail-closed."
"CANONICAL-001409","b2e7b2bf-6be0-4a1a-a44d-e96aa6531e60","Sağlık & Medikal > Ortopedik Destekler & Kompresyon > Kompresyon Ürünleri","3","YES","YES","YES","POLICY_BLOCKED","NO","NO","NO","LEGAL_REVIEW_REQUIRED","FAIL_CLOSED","pending","FAIL_CLOSED","POLICY_CHAIN=Sağlık & Medikal > Ortopedik Destekler & Kompresyon:LEGAL_REVIEW_REQUIRED | Sağlık & Medikal > Ortopedik Destekler & Kompresyon > Kompresyon Ürünleri:LEGAL_REVIEW_REQUIRED; PROFESSIONAL_REVIEW_CHAIN=Sağlık & Medikal > Ortopedik Destekler & Kompresyon | Sağlık & Medikal > Ortopedik Destekler & Kompresyon > Kompresyon Ürünleri","canonical-v1.0.0","No public/pilot activation candidate in the canonical source; this package keeps it staged and fail-closed."
"CANONICAL-001410","7fda77ab-5d05-4de2-99ab-7e1e7bf32331","Sağlık & Medikal > Ortopedik Destekler & Kompresyon > Ortopedik Tabanlık & Ayak Destekleri","3","YES","YES","YES","POLICY_BLOCKED","NO","NO","NO","LEGAL_REVIEW_REQUIRED","FAIL_CLOSED","pending","FAIL_CLOSED","POLICY_CHAIN=Sağlık & Medikal > Ortopedik Destekler & Kompresyon:LEGAL_REVIEW_REQUIRED | Sağlık & Medikal > Ortopedik Destekler & Kompresyon > Ortopedik Tabanlık & Ayak Destekleri:LEGAL_REVIEW_REQUIRED; PROFESSIONAL_REVIEW_CHAIN=Sağlık & Medikal > Ortopedik Destekler & Kompresyon | Sağlık & Medikal > Ortopedik Destekler & Kompresyon > Ortopedik Tabanlık & Ayak Destekleri","canonical-v1.0.0","No public/pilot activation candidate in the canonical source; this package keeps it staged and fail-closed."
"CANONICAL-001411","c65fbcb6-d065-4fe0-b8ec-28a45fdb6f9a","Sağlık & Medikal > Hareket & Mobilite Yardımcıları","2","NO","YES","YES","CONTAINER_NOT_ASSIGNABLE","NO","NO","NO","LEGAL_REVIEW_REQUIRED","FAIL_CLOSED","pending","FAIL_CLOSED","POLICY_CHAIN=Sağlık & Medikal > Hareket & Mobilite Yardımcıları:LEGAL_REVIEW_REQUIRED; PROFESSIONAL_REVIEW_CHAIN=Sağlık & Medikal > Hareket & Mobilite Yardımcıları","canonical-v1.0.0","No public/pilot activation candidate in the canonical source; this package keeps it staged and fail-closed."
"CANONICAL-001412","160561e8-7766-4650-9a30-5bc175434c2b","Sağlık & Medikal > Hareket & Mobilite Yardımcıları > Baston & Koltuk Değnekleri","3","YES","YES","YES","POLICY_BLOCKED","NO","NO","NO","LEGAL_REVIEW_REQUIRED","FAIL_CLOSED","pending","FAIL_CLOSED","POLICY_CHAIN=Sağlık & Medikal > Hareket & Mobilite Yardımcıları:LEGAL_REVIEW_REQUIRED | Sağlık & Medikal > Hareket & Mobilite Yardımcıları > Baston & Koltuk Değnekleri:LEGAL_REVIEW_REQUIRED; PROFESSIONAL_REVIEW_CHAIN=Sağlık & Medikal > Hareket & Mobilite Yardımcıları | Sağlık & Medikal > Hareket & Mobilite Yardımcıları > Baston & Koltuk Değnekleri","canonical-v1.0.0","No public/pilot activation candidate in the canonical source; this package keeps it staged and fail-closed."
"CANONICAL-001413","e2f51b81-2c3e-475f-9da6-8b9aac807c18","Sağlık & Medikal > Hareket & Mobilite Yardımcıları > Mobilite Aksesuarları","3","YES","YES","YES","POLICY_BLOCKED","NO","NO","NO","LEGAL_REVIEW_REQUIRED","FAIL_CLOSED","pending","FAIL_CLOSED","POLICY_CHAIN=Sağlık & Medikal > Hareket & Mobilite Yardımcıları:LEGAL_REVIEW_REQUIRED | Sağlık & Medikal > Hareket & Mobilite Yardımcıları > Mobilite Aksesuarları:LEGAL_REVIEW_REQUIRED; PROFESSIONAL_REVIEW_CHAIN=Sağlık & Medikal > Hareket & Mobilite Yardımcıları | Sağlık & Medikal > Hareket & Mobilite Yardımcıları > Mobilite Aksesuarları","canonical-v1.0.0","No public/pilot activation candidate in the canonical source; this package keeps it staged and fail-closed."
"CANONICAL-001414","9101f25a-f3a1-4647-bf7d-007ddb972a6b","Sağlık & Medikal > Hareket & Mobilite Yardımcıları > Tekerlekli Sandalyeler","3","YES","YES","YES","POLICY_BLOCKED","NO","NO","NO","LEGAL_REVIEW_REQUIRED","FAIL_CLOSED","pending","FAIL_CLOSED","POLICY_CHAIN=Sağlık & Medikal > Hareket & Mobilite Yardımcıları:LEGAL_REVIEW_REQUIRED | Sağlık & Medikal > Hareket & Mobilite Yardımcıları > Tekerlekli Sandalyeler:LEGAL_REVIEW_REQUIRED; PROFESSIONAL_REVIEW_CHAIN=Sağlık & Medikal > Hareket & Mobilite Yardımcıları | Sağlık & Medikal > Hareket & Mobilite Yardımcıları > Tekerlekli Sandalyeler","canonical-v1.0.0","No public/pilot activation candidate in the canonical source; this package keeps it staged and fail-closed."
"CANONICAL-001415","112dc52a-6148-4685-9445-3ae827aa6ca9","Sağlık & Medikal > Hareket & Mobilite Yardımcıları > Yürüteç & Rollatorlar","3","YES","YES","YES","POLICY_BLOCKED","NO","NO","NO","LEGAL_REVIEW_REQUIRED","FAIL_CLOSED","pending","FAIL_CLOSED","POLICY_CHAIN=Sağlık & Medikal > Hareket & Mobilite Yardımcıları:LEGAL_REVIEW_REQUIRED | Sağlık & Medikal > Hareket & Mobilite Yardımcıları > Yürüteç & Rollatorlar:LEGAL_REVIEW_REQUIRED; PROFESSIONAL_REVIEW_CHAIN=Sağlık & Medikal > Hareket & Mobilite Yardımcıları | Sağlık & Medikal > Hareket & Mobilite Yardımcıları > Yürüteç & Rollatorlar","canonical-v1.0.0","No public/pilot activation candidate in the canonical source; this package keeps it staged and fail-closed."
"CANONICAL-001416","d8060c40-22f7-455a-8b8c-af7ee9e617f4","Sağlık & Medikal > Rehabilitasyon & Fizik Tedavi Ürünleri","2","NO","YES","YES","CONTAINER_NOT_ASSIGNABLE","NO","NO","NO","LEGAL_REVIEW_REQUIRED","FAIL_CLOSED","pending","FAIL_CLOSED","POLICY_CHAIN=Sağlık & Medikal > Rehabilitasyon & Fizik Tedavi Ürünleri:LEGAL_REVIEW_REQUIRED; PROFESSIONAL_REVIEW_CHAIN=Sağlık & Medikal > Rehabilitasyon & Fizik Tedavi Ürünleri","canonical-v1.0.0","No public/pilot activation candidate in the canonical source; this package keeps it staged and fail-closed."
"CANONICAL-001417","8495447b-e0c8-4d87-94e5-5f4a150d7c5d","Sağlık & Medikal > Rehabilitasyon & Fizik Tedavi Ürünleri > El Rehabilitasyon Ürünleri","3","YES","YES","YES","POLICY_BLOCKED","NO","NO","NO","LEGAL_REVIEW_REQUIRED","FAIL_CLOSED","pending","FAIL_CLOSED","POLICY_CHAIN=Sağlık & Medikal > Rehabilitasyon & Fizik Tedavi Ürünleri:LEGAL_REVIEW_REQUIRED | Sağlık & Medikal > Rehabilitasyon & Fizik Tedavi Ürünleri > El Rehabilitasyon Ürünleri:LEGAL_REVIEW_REQUIRED; PROFESSIONAL_REVIEW_CHAIN=Sağlık & Medikal > Rehabilitasyon & Fizik Tedavi Ürünleri | Sağlık & Medikal > Rehabilitasyon & Fizik Tedavi Ürünleri > El Rehabilitasyon Ürünleri","canonical-v1.0.0","No public/pilot activation candidate in the canonical source; this package keeps it staged and fail-closed."
"CANONICAL-001418","d050d59e-4d9f-47be-bdce-fab52b7e8821","Sağlık & Medikal > Rehabilitasyon & Fizik Tedavi Ürünleri > Elektroterapi Cihazları","3","YES","YES","YES","POLICY_BLOCKED","NO","NO","NO","LEGAL_REVIEW_REQUIRED","FAIL_CLOSED","pending","FAIL_CLOSED","POLICY_CHAIN=Sağlık & Medikal > Rehabilitasyon & Fizik Tedavi Ürünleri:LEGAL_REVIEW_REQUIRED | Sağlık & Medikal > Rehabilitasyon & Fizik Tedavi Ürünleri > Elektroterapi Cihazları:LEGAL_REVIEW_REQUIRED; PROFESSIONAL_REVIEW_CHAIN=Sağlık & Medikal > Rehabilitasyon & Fizik Tedavi Ürünleri | Sağlık & Medikal > Rehabilitasyon & Fizik Tedavi Ürünleri > Elektroterapi Cihazları","canonical-v1.0.0","No public/pilot activation candidate in the canonical source; this package keeps it staged and fail-closed."
"CANONICAL-001419","3dac3110-0a51-4e8e-8af5-ae97200689e4","Sağlık & Medikal > Rehabilitasyon & Fizik Tedavi Ürünleri > Sıcak & Soğuk Uygulama Ürünleri","3","YES","YES","YES","POLICY_BLOCKED","NO","NO","NO","LEGAL_REVIEW_REQUIRED","FAIL_CLOSED","pending","FAIL_CLOSED","POLICY_CHAIN=Sağlık & Medikal > Rehabilitasyon & Fizik Tedavi Ürünleri:LEGAL_REVIEW_REQUIRED | Sağlık & Medikal > Rehabilitasyon & Fizik Tedavi Ürünleri > Sıcak & Soğuk Uygulama Ürünleri:LEGAL_REVIEW_REQUIRED; PROFESSIONAL_REVIEW_CHAIN=Sağlık & Medikal > Rehabilitasyon & Fizik Tedavi Ürünleri | Sağlık & Medikal > Rehabilitasyon & Fizik Tedavi Ürünleri > Sıcak & Soğuk Uygulama Ürünleri","canonical-v1.0.0","No public/pilot activation candidate in the canonical source; this package keeps it staged and fail-closed."
"CANONICAL-001420","4c4d7798-5d45-4b9a-8138-e305d724ef04","Sağlık & Medikal > Rehabilitasyon & Fizik Tedavi Ürünleri > Terapi Egzersiz Ürünleri","3","YES","YES","YES","POLICY_BLOCKED","NO","NO","NO","LEGAL_REVIEW_REQUIRED","FAIL_CLOSED","pending","FAIL_CLOSED","POLICY_CHAIN=Sağlık & Medikal > Rehabilitasyon & Fizik Tedavi Ürünleri:LEGAL_REVIEW_REQUIRED | Sağlık & Medikal > Rehabilitasyon & Fizik Tedavi Ürünleri > Terapi Egzersiz Ürünleri:LEGAL_REVIEW_REQUIRED; PROFESSIONAL_REVIEW_CHAIN=Sağlık & Medikal > Rehabilitasyon & Fizik Tedavi Ürünleri | Sağlık & Medikal > Rehabilitasyon & Fizik Tedavi Ürünleri > Terapi Egzersiz Ürünleri","canonical-v1.0.0","No public/pilot activation candidate in the canonical source; this package keeps it staged and fail-closed."
"CANONICAL-001421","7381c89a-e695-41a5-998c-9d1bebb49415","Sağlık & Medikal > Solunum & Evde Bakım Cihazları","2","NO","YES","YES","CONTAINER_NOT_ASSIGNABLE","NO","NO","NO","LEGAL_REVIEW_REQUIRED","FAIL_CLOSED","pending","FAIL_CLOSED","POLICY_CHAIN=Sağlık & Medikal > Solunum & Evde Bakım Cihazları:LEGAL_REVIEW_REQUIRED; PROFESSIONAL_REVIEW_CHAIN=Sağlık & Medikal > Solunum & Evde Bakım Cihazları","canonical-v1.0.0","No public/pilot activation candidate in the canonical source; this package keeps it staged and fail-closed."
"CANONICAL-001422","3fdca38d-fbbd-4ece-875a-4dab4b25ba49","Sağlık & Medikal > Solunum & Evde Bakım Cihazları > CPAP & BPAP Cihazları","3","YES","YES","YES","POLICY_BLOCKED","NO","NO","NO","LEGAL_REVIEW_REQUIRED","FAIL_CLOSED","pending","FAIL_CLOSED","POLICY_CHAIN=Sağlık & Medikal > Solunum & Evde Bakım Cihazları:LEGAL_REVIEW_REQUIRED | Sağlık & Medikal > Solunum & Evde Bakım Cihazları > CPAP & BPAP Cihazları:LEGAL_REVIEW_REQUIRED; PROFESSIONAL_REVIEW_CHAIN=Sağlık & Medikal > Solunum & Evde Bakım Cihazları | Sağlık & Medikal > Solunum & Evde Bakım Cihazları > CPAP & BPAP Cihazları","canonical-v1.0.0","No public/pilot activation candidate in the canonical source; this package keeps it staged and fail-closed."
"CANONICAL-001423","648e2d74-afd4-4dac-80ce-9322e1577170","Sağlık & Medikal > Solunum & Evde Bakım Cihazları > Ev Tipi Aspiratörler","3","YES","YES","YES","POLICY_BLOCKED","NO","NO","NO","LEGAL_REVIEW_REQUIRED","FAIL_CLOSED","pending","FAIL_CLOSED","POLICY_CHAIN=Sağlık & Medikal > Solunum & Evde Bakım Cihazları:LEGAL_REVIEW_REQUIRED | Sağlık & Medikal > Solunum & Evde Bakım Cihazları > Ev Tipi Aspiratörler:LEGAL_REVIEW_REQUIRED; PROFESSIONAL_REVIEW_CHAIN=Sağlık & Medikal > Solunum & Evde Bakım Cihazları | Sağlık & Medikal > Solunum & Evde Bakım Cihazları > Ev Tipi Aspiratörler","canonical-v1.0.0","No public/pilot activation candidate in the canonical source; this package keeps it staged and fail-closed."
"CANONICAL-001424","2cd49221-ee1d-4591-ad75-af5eea9141eb","Sağlık & Medikal > Solunum & Evde Bakım Cihazları > Ev Tipi Nebulizerler","3","YES","YES","YES","POLICY_BLOCKED","NO","NO","NO","LEGAL_REVIEW_REQUIRED","FAIL_CLOSED","pending","FAIL_CLOSED","POLICY_CHAIN=Sağlık & Medikal > Solunum & Evde Bakım Cihazları:LEGAL_REVIEW_REQUIRED | Sağlık & Medikal > Solunum & Evde Bakım Cihazları > Ev Tipi Nebulizerler:LEGAL_REVIEW_REQUIRED; PROFESSIONAL_REVIEW_CHAIN=Sağlık & Medikal > Solunum & Evde Bakım Cihazları | Sağlık & Medikal > Solunum & Evde Bakım Cihazları > Ev Tipi Nebulizerler","canonical-v1.0.0","No public/pilot activation candidate in the canonical source; this package keeps it staged and fail-closed."
"CANONICAL-001425","4fb54f12-46ee-4b32-aa08-86be79ca8049","Sağlık & Medikal > Solunum & Evde Bakım Cihazları > Ev Tipi Oksijen Destek Cihazları","3","YES","YES","YES","POLICY_BLOCKED","NO","NO","NO","LEGAL_REVIEW_REQUIRED","FAIL_CLOSED","pending","FAIL_CLOSED","POLICY_CHAIN=Sağlık & Medikal > Solunum & Evde Bakım Cihazları:LEGAL_REVIEW_REQUIRED | Sağlık & Medikal > Solunum & Evde Bakım Cihazları > Ev Tipi Oksijen Destek Cihazları:LEGAL_REVIEW_REQUIRED; PROFESSIONAL_REVIEW_CHAIN=Sağlık & Medikal > Solunum & Evde Bakım Cihazları | Sağlık & Medikal > Solunum & Evde Bakım Cihazları > Ev Tipi Oksijen Destek Cihazları","canonical-v1.0.0","No public/pilot activation candidate in the canonical source; this package keeps it staged and fail-closed."
"CANONICAL-001426","12e3d0f0-238d-4175-b2f1-f96074c968fc","Sağlık & Medikal > Solunum & Evde Bakım Cihazları > Solunum Maskesi, Hortumu & Filtresi","3","YES","YES","YES","POLICY_BLOCKED","NO","NO","NO","LEGAL_REVIEW_REQUIRED","FAIL_CLOSED","pending","FAIL_CLOSED","POLICY_CHAIN=Sağlık & Medikal > Solunum & Evde Bakım Cihazları:LEGAL_REVIEW_REQUIRED | Sağlık & Medikal > Solunum & Evde Bakım Cihazları > Solunum Maskesi, Hortumu & Filtresi:LEGAL_REVIEW_REQUIRED; PROFESSIONAL_REVIEW_CHAIN=Sağlık & Medikal > Solunum & Evde Bakım Cihazları | Sağlık & Medikal > Solunum & Evde Bakım Cihazları > Solunum Maskesi, Hortumu & Filtresi","canonical-v1.0.0","No public/pilot activation candidate in the canonical source; this package keeps it staged and fail-closed."
"CANONICAL-001427","35478c89-3a21-4753-a681-3e3160f9e949","Sağlık & Medikal > Medikal Sarf & Hasta Bakım Ürünleri","2","NO","YES","YES","CONTAINER_NOT_ASSIGNABLE","NO","NO","NO","LEGAL_REVIEW_REQUIRED","FAIL_CLOSED","pending","FAIL_CLOSED","POLICY_CHAIN=Sağlık & Medikal > Medikal Sarf & Hasta Bakım Ürünleri:LEGAL_REVIEW_REQUIRED; PROFESSIONAL_REVIEW_CHAIN=Sağlık & Medikal > Medikal Sarf & Hasta Bakım Ürünleri","canonical-v1.0.0","No public/pilot activation candidate in the canonical source; this package keeps it staged and fail-closed."
"CANONICAL-001428","10ebfe45-f683-4419-9594-ea098c40e2c6","Sağlık & Medikal > Medikal Sarf & Hasta Bakım Ürünleri > Enjeksiyon & Kanül Sarfı","3","YES","YES","YES","POLICY_BLOCKED","NO","NO","NO","LEGAL_REVIEW_REQUIRED","FAIL_CLOSED","pending","FAIL_CLOSED","POLICY_CHAIN=Sağlık & Medikal > Medikal Sarf & Hasta Bakım Ürünleri:LEGAL_REVIEW_REQUIRED | Sağlık & Medikal > Medikal Sarf & Hasta Bakım Ürünleri > Enjeksiyon & Kanül Sarfı:LEGAL_REVIEW_REQUIRED; PROFESSIONAL_REVIEW_CHAIN=Sağlık & Medikal > Medikal Sarf & Hasta Bakım Ürünleri | Sağlık & Medikal > Medikal Sarf & Hasta Bakım Ürünleri > Enjeksiyon & Kanül Sarfı","canonical-v1.0.0","No public/pilot activation candidate in the canonical source; this package keeps it staged and fail-closed."
"CANONICAL-001429","2c9c44de-dff8-4be8-8478-7a67fd18875a","Sağlık & Medikal > Medikal Sarf & Hasta Bakım Ürünleri > Hasta Bakım Örtüleri & Setleri","3","YES","YES","YES","POLICY_BLOCKED","NO","NO","NO","LEGAL_REVIEW_REQUIRED","FAIL_CLOSED","pending","FAIL_CLOSED","POLICY_CHAIN=Sağlık & Medikal > Medikal Sarf & Hasta Bakım Ürünleri:LEGAL_REVIEW_REQUIRED | Sağlık & Medikal > Medikal Sarf & Hasta Bakım Ürünleri > Hasta Bakım Örtüleri & Setleri:LEGAL_REVIEW_REQUIRED; PROFESSIONAL_REVIEW_CHAIN=Sağlık & Medikal > Medikal Sarf & Hasta Bakım Ürünleri | Sağlık & Medikal > Medikal Sarf & Hasta Bakım Ürünleri > Hasta Bakım Örtüleri & Setleri","canonical-v1.0.0","No public/pilot activation candidate in the canonical source; this package keeps it staged and fail-closed."
"CANONICAL-001430","899104b5-da86-4cd7-ba36-417a93a2388c","Sağlık & Medikal > Medikal Sarf & Hasta Bakım Ürünleri > İnkontinans Bakım Ürünleri","3","YES","YES","YES","POLICY_BLOCKED","NO","NO","NO","LEGAL_REVIEW_REQUIRED","FAIL_CLOSED","pending","FAIL_CLOSED","POLICY_CHAIN=Sağlık & Medikal > Medikal Sarf & Hasta Bakım Ürünleri:LEGAL_REVIEW_REQUIRED | Sağlık & Medikal > Medikal Sarf & Hasta Bakım Ürünleri > İnkontinans Bakım Ürünleri:LEGAL_REVIEW_REQUIRED; PROFESSIONAL_REVIEW_CHAIN=Sağlık & Medikal > Medikal Sarf & Hasta Bakım Ürünleri | Sağlık & Medikal > Medikal Sarf & Hasta Bakım Ürünleri > İnkontinans Bakım Ürünleri","canonical-v1.0.0","No public/pilot activation candidate in the canonical source; this package keeps it staged and fail-closed."
"CANONICAL-001431","4bb5ba3e-d5f7-4a07-917d-33b86a308ab2","Sağlık & Medikal > Medikal Sarf & Hasta Bakım Ürünleri > Muayene & Pansuman Sarfı","3","YES","YES","YES","POLICY_BLOCKED","NO","NO","NO","LEGAL_REVIEW_REQUIRED","FAIL_CLOSED","pending","FAIL_CLOSED","POLICY_CHAIN=Sağlık & Medikal > Medikal Sarf & Hasta Bakım Ürünleri:LEGAL_REVIEW_REQUIRED | Sağlık & Medikal > Medikal Sarf & Hasta Bakım Ürünleri > Muayene & Pansuman Sarfı:LEGAL_REVIEW_REQUIRED; PROFESSIONAL_REVIEW_CHAIN=Sağlık & Medikal > Medikal Sarf & Hasta Bakım Ürünleri | Sağlık & Medikal > Medikal Sarf & Hasta Bakım Ürünleri > Muayene & Pansuman Sarfı","canonical-v1.0.0","No public/pilot activation candidate in the canonical source; this package keeps it staged and fail-closed."
"CANONICAL-001432","53a8ecd9-6937-4c96-82f2-a341ee873a0f","Sağlık & Medikal > Medikal Sarf & Hasta Bakım Ürünleri > Ostomi Bakım Ürünleri","3","YES","YES","YES","POLICY_BLOCKED","NO","NO","NO","LEGAL_REVIEW_REQUIRED","FAIL_CLOSED","pending","FAIL_CLOSED","POLICY_CHAIN=Sağlık & Medikal > Medikal Sarf & Hasta Bakım Ürünleri:LEGAL_REVIEW_REQUIRED | Sağlık & Medikal > Medikal Sarf & Hasta Bakım Ürünleri > Ostomi Bakım Ürünleri:LEGAL_REVIEW_REQUIRED; PROFESSIONAL_REVIEW_CHAIN=Sağlık & Medikal > Medikal Sarf & Hasta Bakım Ürünleri | Sağlık & Medikal > Medikal Sarf & Hasta Bakım Ürünleri > Ostomi Bakım Ürünleri","canonical-v1.0.0","No public/pilot activation candidate in the canonical source; this package keeps it staged and fail-closed."
"CANONICAL-001433","b29f9783-be13-4db7-81a3-5bbb829a5f89","Sağlık & Medikal > Kişisel Koruyucu Medikal Ürünler","2","NO","YES","YES","CONTAINER_NOT_ASSIGNABLE","NO","NO","NO","LEGAL_REVIEW_REQUIRED","FAIL_CLOSED","pending","FAIL_CLOSED","POLICY_CHAIN=Sağlık & Medikal > Kişisel Koruyucu Medikal Ürünler:LEGAL_REVIEW_REQUIRED; PROFESSIONAL_REVIEW_CHAIN=Sağlık & Medikal > Kişisel Koruyucu Medikal Ürünler","canonical-v1.0.0","No public/pilot activation candidate in the canonical source; this package keeps it staged and fail-closed."
"CANONICAL-001434","6e5de950-cf7e-4566-bb07-ce497993e86d","Sağlık & Medikal > Kişisel Koruyucu Medikal Ürünler > Koruyucu Önlükler","3","YES","YES","YES","POLICY_BLOCKED","NO","NO","NO","LEGAL_REVIEW_REQUIRED","FAIL_CLOSED","pending","FAIL_CLOSED","POLICY_CHAIN=Sağlık & Medikal > Kişisel Koruyucu Medikal Ürünler:LEGAL_REVIEW_REQUIRED | Sağlık & Medikal > Kişisel Koruyucu Medikal Ürünler > Koruyucu Önlükler:LEGAL_REVIEW_REQUIRED; PROFESSIONAL_REVIEW_CHAIN=Sağlık & Medikal > Kişisel Koruyucu Medikal Ürünler | Sağlık & Medikal > Kişisel Koruyucu Medikal Ürünler > Koruyucu Önlükler","canonical-v1.0.0","No public/pilot activation candidate in the canonical source; this package keeps it staged and fail-closed."
"CANONICAL-001435","b9234b83-39dd-4fa2-9c6b-8dff4f3c6ac1","Sağlık & Medikal > Kişisel Koruyucu Medikal Ürünler > Medikal Bone & Galoşlar","3","YES","YES","YES","POLICY_BLOCKED","NO","NO","NO","LEGAL_REVIEW_REQUIRED","FAIL_CLOSED","pending","FAIL_CLOSED","POLICY_CHAIN=Sağlık & Medikal > Kişisel Koruyucu Medikal Ürünler:LEGAL_REVIEW_REQUIRED | Sağlık & Medikal > Kişisel Koruyucu Medikal Ürünler > Medikal Bone & Galoşlar:LEGAL_REVIEW_REQUIRED; PROFESSIONAL_REVIEW_CHAIN=Sağlık & Medikal > Kişisel Koruyucu Medikal Ürünler | Sağlık & Medikal > Kişisel Koruyucu Medikal Ürünler > Medikal Bone & Galoşlar","canonical-v1.0.0","No public/pilot activation candidate in the canonical source; this package keeps it staged and fail-closed."
"CANONICAL-001436","c78bc562-b100-4363-9f1f-78849336c5f2","Sağlık & Medikal > Kişisel Koruyucu Medikal Ürünler > Medikal Maskeler & Respiratörler","3","YES","YES","YES","POLICY_BLOCKED","NO","NO","NO","LEGAL_REVIEW_REQUIRED","FAIL_CLOSED","pending","FAIL_CLOSED","POLICY_CHAIN=Sağlık & Medikal > Kişisel Koruyucu Medikal Ürünler:LEGAL_REVIEW_REQUIRED | Sağlık & Medikal > Kişisel Koruyucu Medikal Ürünler > Medikal Maskeler & Respiratörler:LEGAL_REVIEW_REQUIRED; PROFESSIONAL_REVIEW_CHAIN=Sağlık & Medikal > Kişisel Koruyucu Medikal Ürünler | Sağlık & Medikal > Kişisel Koruyucu Medikal Ürünler > Medikal Maskeler & Respiratörler","canonical-v1.0.0","No public/pilot activation candidate in the canonical source; this package keeps it staged and fail-closed."
"CANONICAL-001437","d28c02c3-b232-4009-be4f-76903253eb64","Sağlık & Medikal > Kişisel Koruyucu Medikal Ürünler > Muayene Eldivenleri","3","YES","YES","YES","POLICY_BLOCKED","NO","NO","NO","LEGAL_REVIEW_REQUIRED","FAIL_CLOSED","pending","FAIL_CLOSED","POLICY_CHAIN=Sağlık & Medikal > Kişisel Koruyucu Medikal Ürünler:LEGAL_REVIEW_REQUIRED | Sağlık & Medikal > Kişisel Koruyucu Medikal Ürünler > Muayene Eldivenleri:LEGAL_REVIEW_REQUIRED; PROFESSIONAL_REVIEW_CHAIN=Sağlık & Medikal > Kişisel Koruyucu Medikal Ürünler | Sağlık & Medikal > Kişisel Koruyucu Medikal Ürünler > Muayene Eldivenleri","canonical-v1.0.0","No public/pilot activation candidate in the canonical source; this package keeps it staged and fail-closed."
"CANONICAL-001438","8040abc7-3287-4568-8724-5a2162def1e1","Sağlık & Medikal > Kişisel Koruyucu Medikal Ürünler > Yüz Siperleri","3","YES","YES","YES","POLICY_BLOCKED","NO","NO","NO","LEGAL_REVIEW_REQUIRED","FAIL_CLOSED","pending","FAIL_CLOSED","POLICY_CHAIN=Sağlık & Medikal > Kişisel Koruyucu Medikal Ürünler:LEGAL_REVIEW_REQUIRED | Sağlık & Medikal > Kişisel Koruyucu Medikal Ürünler > Yüz Siperleri:LEGAL_REVIEW_REQUIRED; PROFESSIONAL_REVIEW_CHAIN=Sağlık & Medikal > Kişisel Koruyucu Medikal Ürünler | Sağlık & Medikal > Kişisel Koruyucu Medikal Ürünler > Yüz Siperleri","canonical-v1.0.0","No public/pilot activation candidate in the canonical source; this package keeps it staged and fail-closed."
"CANONICAL-001439","52aba4f1-910b-4394-b778-1c9df327f39f","Sağlık & Medikal > Günlük Yaşam & Erişilebilirlik Yardımcıları","2","NO","YES","YES","CONTAINER_NOT_ASSIGNABLE","NO","NO","NO","LEGAL_REVIEW_REQUIRED","FAIL_CLOSED","pending","FAIL_CLOSED","POLICY_CHAIN=Sağlık & Medikal > Günlük Yaşam & Erişilebilirlik Yardımcıları:LEGAL_REVIEW_REQUIRED; PROFESSIONAL_REVIEW_CHAIN=Sağlık & Medikal > Günlük Yaşam & Erişilebilirlik Yardımcıları","canonical-v1.0.0","No public/pilot activation candidate in the canonical source; this package keeps it staged and fail-closed."
"CANONICAL-001440","f07d86d5-e50e-4d8b-a151-d25e7f90f966","Sağlık & Medikal > Günlük Yaşam & Erişilebilirlik Yardımcıları > Banyo & Tuvalet Yardımcıları","3","YES","YES","YES","POLICY_BLOCKED","NO","NO","NO","LEGAL_REVIEW_REQUIRED","FAIL_CLOSED","pending","FAIL_CLOSED","POLICY_CHAIN=Sağlık & Medikal > Günlük Yaşam & Erişilebilirlik Yardımcıları:LEGAL_REVIEW_REQUIRED | Sağlık & Medikal > Günlük Yaşam & Erişilebilirlik Yardımcıları > Banyo & Tuvalet Yardımcıları:LEGAL_REVIEW_REQUIRED; PROFESSIONAL_REVIEW_CHAIN=Sağlık & Medikal > Günlük Yaşam & Erişilebilirlik Yardımcıları | Sağlık & Medikal > Günlük Yaşam & Erişilebilirlik Yardımcıları > Banyo & Tuvalet Yardımcıları","canonical-v1.0.0","No public/pilot activation candidate in the canonical source; this package keeps it staged and fail-closed."
"CANONICAL-001441","aa164308-13f5-4e2c-a519-3426456e0067","Sağlık & Medikal > Günlük Yaşam & Erişilebilirlik Yardımcıları > Giyinme Yardımcıları","3","YES","YES","YES","POLICY_BLOCKED","NO","NO","NO","LEGAL_REVIEW_REQUIRED","FAIL_CLOSED","pending","FAIL_CLOSED","POLICY_CHAIN=Sağlık & Medikal > Günlük Yaşam & Erişilebilirlik Yardımcıları:LEGAL_REVIEW_REQUIRED | Sağlık & Medikal > Günlük Yaşam & Erişilebilirlik Yardımcıları > Giyinme Yardımcıları:LEGAL_REVIEW_REQUIRED; PROFESSIONAL_REVIEW_CHAIN=Sağlık & Medikal > Günlük Yaşam & Erişilebilirlik Yardımcıları | Sağlık & Medikal > Günlük Yaşam & Erişilebilirlik Yardımcıları > Giyinme Yardımcıları","canonical-v1.0.0","No public/pilot activation candidate in the canonical source; this package keeps it staged and fail-closed."
"CANONICAL-001442","644f5294-d7df-426a-94db-0856af54d4eb","Sağlık & Medikal > Günlük Yaşam & Erişilebilirlik Yardımcıları > Transfer & Tutunma Yardımcıları","3","YES","YES","YES","POLICY_BLOCKED","NO","NO","NO","LEGAL_REVIEW_REQUIRED","FAIL_CLOSED","pending","FAIL_CLOSED","POLICY_CHAIN=Sağlık & Medikal > Günlük Yaşam & Erişilebilirlik Yardımcıları:LEGAL_REVIEW_REQUIRED | Sağlık & Medikal > Günlük Yaşam & Erişilebilirlik Yardımcıları > Transfer & Tutunma Yardımcıları:LEGAL_REVIEW_REQUIRED; PROFESSIONAL_REVIEW_CHAIN=Sağlık & Medikal > Günlük Yaşam & Erişilebilirlik Yardımcıları | Sağlık & Medikal > Günlük Yaşam & Erişilebilirlik Yardımcıları > Transfer & Tutunma Yardımcıları","canonical-v1.0.0","No public/pilot activation candidate in the canonical source; this package keeps it staged and fail-closed."
"CANONICAL-001443","c925a981-5463-4637-bda8-62258c6c1211","Sağlık & Medikal > Günlük Yaşam & Erişilebilirlik Yardımcıları > Uzanma & Kavrama Yardımcıları","3","YES","YES","YES","POLICY_BLOCKED","NO","NO","NO","LEGAL_REVIEW_REQUIRED","FAIL_CLOSED","pending","FAIL_CLOSED","POLICY_CHAIN=Sağlık & Medikal > Günlük Yaşam & Erişilebilirlik Yardımcıları:LEGAL_REVIEW_REQUIRED | Sağlık & Medikal > Günlük Yaşam & Erişilebilirlik Yardımcıları > Uzanma & Kavrama Yardımcıları:LEGAL_REVIEW_REQUIRED; PROFESSIONAL_REVIEW_CHAIN=Sağlık & Medikal > Günlük Yaşam & Erişilebilirlik Yardımcıları | Sağlık & Medikal > Günlük Yaşam & Erişilebilirlik Yardımcıları > Uzanma & Kavrama Yardımcıları","canonical-v1.0.0","No public/pilot activation candidate in the canonical source; this package keeps it staged and fail-closed."
"CANONICAL-001444","b74acbbd-a4a1-49c6-a736-cdd40ad94f75","Sağlık & Medikal > Günlük Yaşam & Erişilebilirlik Yardımcıları > Yeme & İçme Yardımcıları","3","YES","YES","YES","POLICY_BLOCKED","NO","NO","NO","LEGAL_REVIEW_REQUIRED","FAIL_CLOSED","pending","FAIL_CLOSED","POLICY_CHAIN=Sağlık & Medikal > Günlük Yaşam & Erişilebilirlik Yardımcıları:LEGAL_REVIEW_REQUIRED | Sağlık & Medikal > Günlük Yaşam & Erişilebilirlik Yardımcıları > Yeme & İçme Yardımcıları:LEGAL_REVIEW_REQUIRED; PROFESSIONAL_REVIEW_CHAIN=Sağlık & Medikal > Günlük Yaşam & Erişilebilirlik Yardımcıları | Sağlık & Medikal > Günlük Yaşam & Erişilebilirlik Yardımcıları > Yeme & İçme Yardımcıları","canonical-v1.0.0","No public/pilot activation candidate in the canonical source; this package keeps it staged and fail-closed."
"CANONICAL-001445","47b0a29e-19bb-4a92-9a2e-ad4ccf42ff28","Çiçek & Bahçe","1","NO","YES","YES","CONTAINER_NOT_ASSIGNABLE","NO","NO","NO","NORMAL","PASS","not_required","PASS","STRUCTURAL_CONTAINER","canonical-v1.0.0","No public/pilot activation candidate in the canonical source; this package keeps it staged and fail-closed."
"CANONICAL-001446","3db70106-5a04-4b1c-8f92-3ee8df997e41","Çiçek & Bahçe > Canlı Saksı Bitkileri","2","NO","YES","YES","CONTAINER_NOT_ASSIGNABLE","NO","NO","NO","LEGAL_REVIEW_REQUIRED","FAIL_CLOSED","pending","FAIL_CLOSED","POLICY_CHAIN=Çiçek & Bahçe > Canlı Saksı Bitkileri:LEGAL_REVIEW_REQUIRED; PROFESSIONAL_REVIEW_CHAIN=Çiçek & Bahçe > Canlı Saksı Bitkileri","canonical-v1.0.0","No public/pilot activation candidate in the canonical source; this package keeps it staged and fail-closed."
"CANONICAL-001447","aca89b33-ea7d-4394-9a26-c7afa9189a84","Çiçek & Bahçe > Canlı Saksı Bitkileri > Dekoratif Ağaç & Çalılar","3","YES","YES","YES","POLICY_BLOCKED","NO","NO","NO","LEGAL_REVIEW_REQUIRED","FAIL_CLOSED","pending","FAIL_CLOSED","POLICY_CHAIN=Çiçek & Bahçe > Canlı Saksı Bitkileri:LEGAL_REVIEW_REQUIRED | Çiçek & Bahçe > Canlı Saksı Bitkileri > Dekoratif Ağaç & Çalılar:LEGAL_REVIEW_REQUIRED; PROFESSIONAL_REVIEW_CHAIN=Çiçek & Bahçe > Canlı Saksı Bitkileri | Çiçek & Bahçe > Canlı Saksı Bitkileri > Dekoratif Ağaç & Çalılar","canonical-v1.0.0","No public/pilot activation candidate in the canonical source; this package keeps it staged and fail-closed."
"CANONICAL-001448","590e5084-8366-4434-a629-3940992abb71","Çiçek & Bahçe > Canlı Saksı Bitkileri > Dış Mekan & Balkon Bitkileri","3","YES","YES","YES","POLICY_BLOCKED","NO","NO","NO","LEGAL_REVIEW_REQUIRED","FAIL_CLOSED","pending","FAIL_CLOSED","POLICY_CHAIN=Çiçek & Bahçe > Canlı Saksı Bitkileri:LEGAL_REVIEW_REQUIRED | Çiçek & Bahçe > Canlı Saksı Bitkileri > Dış Mekan & Balkon Bitkileri:LEGAL_REVIEW_REQUIRED; PROFESSIONAL_REVIEW_CHAIN=Çiçek & Bahçe > Canlı Saksı Bitkileri | Çiçek & Bahçe > Canlı Saksı Bitkileri > Dış Mekan & Balkon Bitkileri","canonical-v1.0.0","No public/pilot activation candidate in the canonical source; this package keeps it staged and fail-closed."
"CANONICAL-001449","625fcbc5-8e6d-4bbc-acd5-35d07bb796cf","Çiçek & Bahçe > Canlı Saksı Bitkileri > İç Mekan Saksı Bitkileri","3","YES","YES","YES","POLICY_BLOCKED","NO","NO","NO","LEGAL_REVIEW_REQUIRED","FAIL_CLOSED","pending","FAIL_CLOSED","POLICY_CHAIN=Çiçek & Bahçe > Canlı Saksı Bitkileri:LEGAL_REVIEW_REQUIRED | Çiçek & Bahçe > Canlı Saksı Bitkileri > İç Mekan Saksı Bitkileri:LEGAL_REVIEW_REQUIRED; PROFESSIONAL_REVIEW_CHAIN=Çiçek & Bahçe > Canlı Saksı Bitkileri | Çiçek & Bahçe > Canlı Saksı Bitkileri > İç Mekan Saksı Bitkileri","canonical-v1.0.0","No public/pilot activation candidate in the canonical source; this package keeps it staged and fail-closed."
"CANONICAL-001450","bcc62ef3-5ca7-4cf6-9d3c-1d95ab15309c","Çiçek & Bahçe > Canlı Saksı Bitkileri > Sukulent & Kaktüsler","3","YES","YES","YES","POLICY_BLOCKED","NO","NO","NO","LEGAL_REVIEW_REQUIRED","FAIL_CLOSED","pending","FAIL_CLOSED","POLICY_CHAIN=Çiçek & Bahçe > Canlı Saksı Bitkileri:LEGAL_REVIEW_REQUIRED | Çiçek & Bahçe > Canlı Saksı Bitkileri > Sukulent & Kaktüsler:LEGAL_REVIEW_REQUIRED; PROFESSIONAL_REVIEW_CHAIN=Çiçek & Bahçe > Canlı Saksı Bitkileri | Çiçek & Bahçe > Canlı Saksı Bitkileri > Sukulent & Kaktüsler","canonical-v1.0.0","No public/pilot activation candidate in the canonical source; this package keeps it staged and fail-closed."
"CANONICAL-001451","f3a5838c-e671-41ee-adea-b19a17c5e4a6","Çiçek & Bahçe > Kesme Çiçek & Fiziksel Aranjmanlar","2","NO","YES","YES","CONTAINER_NOT_ASSIGNABLE","NO","NO","NO","LEGAL_REVIEW_REQUIRED","FAIL_CLOSED","pending","FAIL_CLOSED","POLICY_CHAIN=Çiçek & Bahçe > Kesme Çiçek & Fiziksel Aranjmanlar:LEGAL_REVIEW_REQUIRED; PROFESSIONAL_REVIEW_CHAIN=Çiçek & Bahçe > Kesme Çiçek & Fiziksel Aranjmanlar","canonical-v1.0.0","No public/pilot activation candidate in the canonical source; this package keeps it staged and fail-closed."
"CANONICAL-001452","5688b296-0ab0-4b10-bcd1-5c519e2cb140","Çiçek & Bahçe > Kesme Çiçek & Fiziksel Aranjmanlar > Çelenkler","3","YES","YES","YES","POLICY_BLOCKED","NO","NO","NO","LEGAL_REVIEW_REQUIRED","FAIL_CLOSED","pending","FAIL_CLOSED","POLICY_CHAIN=Çiçek & Bahçe > Kesme Çiçek & Fiziksel Aranjmanlar:LEGAL_REVIEW_REQUIRED | Çiçek & Bahçe > Kesme Çiçek & Fiziksel Aranjmanlar > Çelenkler:LEGAL_REVIEW_REQUIRED; PROFESSIONAL_REVIEW_CHAIN=Çiçek & Bahçe > Kesme Çiçek & Fiziksel Aranjmanlar | Çiçek & Bahçe > Kesme Çiçek & Fiziksel Aranjmanlar > Çelenkler","canonical-v1.0.0","No public/pilot activation candidate in the canonical source; this package keeps it staged and fail-closed."
"CANONICAL-001453","63871b57-ff00-478f-9d9f-66327caf7fae","Çiçek & Bahçe > Kesme Çiçek & Fiziksel Aranjmanlar > Çiçek Buketleri","3","YES","YES","YES","POLICY_BLOCKED","NO","NO","NO","LEGAL_REVIEW_REQUIRED","FAIL_CLOSED","pending","FAIL_CLOSED","POLICY_CHAIN=Çiçek & Bahçe > Kesme Çiçek & Fiziksel Aranjmanlar:LEGAL_REVIEW_REQUIRED | Çiçek & Bahçe > Kesme Çiçek & Fiziksel Aranjmanlar > Çiçek Buketleri:LEGAL_REVIEW_REQUIRED; PROFESSIONAL_REVIEW_CHAIN=Çiçek & Bahçe > Kesme Çiçek & Fiziksel Aranjmanlar | Çiçek & Bahçe > Kesme Çiçek & Fiziksel Aranjmanlar > Çiçek Buketleri","canonical-v1.0.0","No public/pilot activation candidate in the canonical source; this package keeps it staged and fail-closed."
"CANONICAL-001454","7595251d-71c6-4a10-ab37-b16f3659fd5d","Çiçek & Bahçe > Kesme Çiçek & Fiziksel Aranjmanlar > Fiziksel Çiçek Aranjmanları","3","YES","YES","YES","POLICY_BLOCKED","NO","NO","NO","LEGAL_REVIEW_REQUIRED","FAIL_CLOSED","pending","FAIL_CLOSED","POLICY_CHAIN=Çiçek & Bahçe > Kesme Çiçek & Fiziksel Aranjmanlar:LEGAL_REVIEW_REQUIRED | Çiçek & Bahçe > Kesme Çiçek & Fiziksel Aranjmanlar > Fiziksel Çiçek Aranjmanları:LEGAL_REVIEW_REQUIRED; PROFESSIONAL_REVIEW_CHAIN=Çiçek & Bahçe > Kesme Çiçek & Fiziksel Aranjmanlar | Çiçek & Bahçe > Kesme Çiçek & Fiziksel Aranjmanlar > Fiziksel Çiçek Aranjmanları","canonical-v1.0.0","No public/pilot activation candidate in the canonical source; this package keeps it staged and fail-closed."
"CANONICAL-001455","67b74ff4-7236-4c0a-9a65-983472e551f0","Çiçek & Bahçe > Kesme Çiçek & Fiziksel Aranjmanlar > Kesme Çiçekler","3","YES","YES","YES","POLICY_BLOCKED","NO","NO","NO","LEGAL_REVIEW_REQUIRED","FAIL_CLOSED","pending","FAIL_CLOSED","POLICY_CHAIN=Çiçek & Bahçe > Kesme Çiçek & Fiziksel Aranjmanlar:LEGAL_REVIEW_REQUIRED | Çiçek & Bahçe > Kesme Çiçek & Fiziksel Aranjmanlar > Kesme Çiçekler:LEGAL_REVIEW_REQUIRED; PROFESSIONAL_REVIEW_CHAIN=Çiçek & Bahçe > Kesme Çiçek & Fiziksel Aranjmanlar | Çiçek & Bahçe > Kesme Çiçek & Fiziksel Aranjmanlar > Kesme Çiçekler","canonical-v1.0.0","No public/pilot activation candidate in the canonical source; this package keeps it staged and fail-closed."
"CANONICAL-001456","24434c44-72fa-4d3f-ac43-b964cde36268","Çiçek & Bahçe > Tohum, Fide & Bitki Soğanları","2","NO","YES","YES","CONTAINER_NOT_ASSIGNABLE","NO","NO","NO","LEGAL_REVIEW_REQUIRED","FAIL_CLOSED","pending","FAIL_CLOSED","POLICY_CHAIN=Çiçek & Bahçe > Tohum, Fide & Bitki Soğanları:LEGAL_REVIEW_REQUIRED; PROFESSIONAL_REVIEW_CHAIN=Çiçek & Bahçe > Tohum, Fide & Bitki Soğanları","canonical-v1.0.0","No public/pilot activation candidate in the canonical source; this package keeps it staged and fail-closed."
"CANONICAL-001457","9abb13eb-ea36-4e74-aab0-69115298a912","Çiçek & Bahçe > Tohum, Fide & Bitki Soğanları > Bitki Soğanı, Yumru & Rizomlar","3","YES","YES","YES","POLICY_BLOCKED","NO","NO","NO","LEGAL_REVIEW_REQUIRED","FAIL_CLOSED","pending","FAIL_CLOSED","POLICY_CHAIN=Çiçek & Bahçe > Tohum, Fide & Bitki Soğanları:LEGAL_REVIEW_REQUIRED | Çiçek & Bahçe > Tohum, Fide & Bitki Soğanları > Bitki Soğanı, Yumru & Rizomlar:LEGAL_REVIEW_REQUIRED; PROFESSIONAL_REVIEW_CHAIN=Çiçek & Bahçe > Tohum, Fide & Bitki Soğanları | Çiçek & Bahçe > Tohum, Fide & Bitki Soğanları > Bitki Soğanı, Yumru & Rizomlar","canonical-v1.0.0","No public/pilot activation candidate in the canonical source; this package keeps it staged and fail-closed."
"CANONICAL-001458","e1ebd915-0743-43fe-959e-aa336ea605c4","Çiçek & Bahçe > Tohum, Fide & Bitki Soğanları > Çiçek Tohumları","3","YES","YES","YES","POLICY_BLOCKED","NO","NO","NO","LEGAL_REVIEW_REQUIRED","FAIL_CLOSED","pending","FAIL_CLOSED","POLICY_CHAIN=Çiçek & Bahçe > Tohum, Fide & Bitki Soğanları:LEGAL_REVIEW_REQUIRED | Çiçek & Bahçe > Tohum, Fide & Bitki Soğanları > Çiçek Tohumları:LEGAL_REVIEW_REQUIRED; PROFESSIONAL_REVIEW_CHAIN=Çiçek & Bahçe > Tohum, Fide & Bitki Soğanları | Çiçek & Bahçe > Tohum, Fide & Bitki Soğanları > Çiçek Tohumları","canonical-v1.0.0","No public/pilot activation candidate in the canonical source; this package keeps it staged and fail-closed."
"CANONICAL-001459","ef7155ae-8e6f-4ac7-9ad7-946d2f16e1d2","Çiçek & Bahçe > Tohum, Fide & Bitki Soğanları > Çim Tohumları","3","YES","YES","YES","POLICY_BLOCKED","NO","NO","NO","LEGAL_REVIEW_REQUIRED","FAIL_CLOSED","pending","FAIL_CLOSED","POLICY_CHAIN=Çiçek & Bahçe > Tohum, Fide & Bitki Soğanları:LEGAL_REVIEW_REQUIRED | Çiçek & Bahçe > Tohum, Fide & Bitki Soğanları > Çim Tohumları:LEGAL_REVIEW_REQUIRED; PROFESSIONAL_REVIEW_CHAIN=Çiçek & Bahçe > Tohum, Fide & Bitki Soğanları | Çiçek & Bahçe > Tohum, Fide & Bitki Soğanları > Çim Tohumları","canonical-v1.0.0","No public/pilot activation candidate in the canonical source; this package keeps it staged and fail-closed."
"CANONICAL-001460","33ee7d3d-fa40-494b-914d-594f4ee4f675","Çiçek & Bahçe > Tohum, Fide & Bitki Soğanları > Fide & Fidanlar","3","YES","YES","YES","POLICY_BLOCKED","NO","NO","NO","LEGAL_REVIEW_REQUIRED","FAIL_CLOSED","pending","FAIL_CLOSED","POLICY_CHAIN=Çiçek & Bahçe > Tohum, Fide & Bitki Soğanları:LEGAL_REVIEW_REQUIRED | Çiçek & Bahçe > Tohum, Fide & Bitki Soğanları > Fide & Fidanlar:LEGAL_REVIEW_REQUIRED; PROFESSIONAL_REVIEW_CHAIN=Çiçek & Bahçe > Tohum, Fide & Bitki Soğanları | Çiçek & Bahçe > Tohum, Fide & Bitki Soğanları > Fide & Fidanlar","canonical-v1.0.0","No public/pilot activation candidate in the canonical source; this package keeps it staged and fail-closed."
"CANONICAL-001461","e3f67298-547a-4e27-a235-7f1146cc2d28","Çiçek & Bahçe > Tohum, Fide & Bitki Soğanları > Sebze & Ot Tohumları","3","YES","YES","YES","POLICY_BLOCKED","NO","NO","NO","LEGAL_REVIEW_REQUIRED","FAIL_CLOSED","pending","FAIL_CLOSED","POLICY_CHAIN=Çiçek & Bahçe > Tohum, Fide & Bitki Soğanları:LEGAL_REVIEW_REQUIRED | Çiçek & Bahçe > Tohum, Fide & Bitki Soğanları > Sebze & Ot Tohumları:LEGAL_REVIEW_REQUIRED; PROFESSIONAL_REVIEW_CHAIN=Çiçek & Bahçe > Tohum, Fide & Bitki Soğanları | Çiçek & Bahçe > Tohum, Fide & Bitki Soğanları > Sebze & Ot Tohumları","canonical-v1.0.0","No public/pilot activation candidate in the canonical source; this package keeps it staged and fail-closed."
"CANONICAL-001462","56601274-0ba8-4142-9b86-9d147e9b3f2c","Çiçek & Bahçe > Yapay Çiçek & Yapay Bitkiler","2","NO","YES","YES","CONTAINER_NOT_ASSIGNABLE","NO","NO","NO","REGULATED","FAIL_CLOSED","pending","FAIL_CLOSED","POLICY_CHAIN=Çiçek & Bahçe > Yapay Çiçek & Yapay Bitkiler:REGULATED; PROFESSIONAL_REVIEW_CHAIN=Çiçek & Bahçe > Yapay Çiçek & Yapay Bitkiler","canonical-v1.0.0","No public/pilot activation candidate in the canonical source; this package keeps it staged and fail-closed."
"CANONICAL-001463","e05e0ade-a440-4642-a75c-921d3bc649cc","Çiçek & Bahçe > Yapay Çiçek & Yapay Bitkiler > Yapay Çiçek Aranjmanları","3","YES","YES","YES","POLICY_BLOCKED","NO","NO","NO","NORMAL","FAIL_CLOSED","not_required","FAIL_CLOSED","POLICY_CHAIN=Çiçek & Bahçe > Yapay Çiçek & Yapay Bitkiler:REGULATED; PROFESSIONAL_REVIEW_CHAIN=Çiçek & Bahçe > Yapay Çiçek & Yapay Bitkiler","canonical-v1.0.0","No public/pilot activation candidate in the canonical source; this package keeps it staged and fail-closed."
"CANONICAL-001464","951ac07c-7410-48bd-946b-e78eaaadea4c","Çiçek & Bahçe > Yapay Çiçek & Yapay Bitkiler > Yapay Çiçek Dalları","3","YES","YES","YES","POLICY_BLOCKED","NO","NO","NO","NORMAL","FAIL_CLOSED","not_required","FAIL_CLOSED","POLICY_CHAIN=Çiçek & Bahçe > Yapay Çiçek & Yapay Bitkiler:REGULATED; PROFESSIONAL_REVIEW_CHAIN=Çiçek & Bahçe > Yapay Çiçek & Yapay Bitkiler","canonical-v1.0.0","No public/pilot activation candidate in the canonical source; this package keeps it staged and fail-closed."
"CANONICAL-001465","564bf4d6-c257-4162-b2b1-16d13e4f0426","Çiçek & Bahçe > Yapay Çiçek & Yapay Bitkiler > Yapay Saksı Bitkileri","3","YES","YES","YES","POLICY_BLOCKED","NO","NO","NO","NORMAL","FAIL_CLOSED","not_required","FAIL_CLOSED","POLICY_CHAIN=Çiçek & Bahçe > Yapay Çiçek & Yapay Bitkiler:REGULATED; PROFESSIONAL_REVIEW_CHAIN=Çiçek & Bahçe > Yapay Çiçek & Yapay Bitkiler","canonical-v1.0.0","No public/pilot activation candidate in the canonical source; this package keeps it staged and fail-closed."
"CANONICAL-001466","dc9b337b-2195-4483-bf7d-c06a1ab5506f","Çiçek & Bahçe > Yapay Çiçek & Yapay Bitkiler > Yapay Sarmaşık & Bitki Duvarları","3","YES","YES","YES","POLICY_BLOCKED","NO","NO","NO","REGULATED","FAIL_CLOSED","pending","FAIL_CLOSED","POLICY_CHAIN=Çiçek & Bahçe > Yapay Çiçek & Yapay Bitkiler:REGULATED | Çiçek & Bahçe > Yapay Çiçek & Yapay Bitkiler > Yapay Sarmaşık & Bitki Duvarları:REGULATED; PROFESSIONAL_REVIEW_CHAIN=Çiçek & Bahçe > Yapay Çiçek & Yapay Bitkiler | Çiçek & Bahçe > Yapay Çiçek & Yapay Bitkiler > Yapay Sarmaşık & Bitki Duvarları","canonical-v1.0.0","No public/pilot activation candidate in the canonical source; this package keeps it staged and fail-closed."
"CANONICAL-001467","dd33b8c1-e951-4366-a99d-155238eaf241","Çiçek & Bahçe > Saksı, Saksılık & Bitki Kapları","2","NO","YES","YES","CONTAINER_NOT_ASSIGNABLE","NO","NO","NO","REGULATED","FAIL_CLOSED","pending","FAIL_CLOSED","POLICY_CHAIN=Çiçek & Bahçe > Saksı, Saksılık & Bitki Kapları:REGULATED; PROFESSIONAL_REVIEW_CHAIN=Çiçek & Bahçe > Saksı, Saksılık & Bitki Kapları","canonical-v1.0.0","No public/pilot activation candidate in the canonical source; this package keeps it staged and fail-closed."
"CANONICAL-001468","35ad23f2-7e4c-4ac7-9d9f-ab8d99118711","Çiçek & Bahçe > Saksı, Saksılık & Bitki Kapları > Asılı Saksı Sistemleri","3","YES","YES","YES","POLICY_BLOCKED","NO","NO","NO","REGULATED","FAIL_CLOSED","pending","FAIL_CLOSED","POLICY_CHAIN=Çiçek & Bahçe > Saksı, Saksılık & Bitki Kapları:REGULATED | Çiçek & Bahçe > Saksı, Saksılık & Bitki Kapları > Asılı Saksı Sistemleri:REGULATED; PROFESSIONAL_REVIEW_CHAIN=Çiçek & Bahçe > Saksı, Saksılık & Bitki Kapları | Çiçek & Bahçe > Saksı, Saksılık & Bitki Kapları > Asılı Saksı Sistemleri","canonical-v1.0.0","No public/pilot activation candidate in the canonical source; this package keeps it staged and fail-closed."
"CANONICAL-001469","4e39bed2-9ca1-4d1c-8e36-cfa69e1e3e72","Çiçek & Bahçe > Saksı, Saksılık & Bitki Kapları > Saksı & Planterlar","3","YES","YES","YES","POLICY_BLOCKED","NO","NO","NO","NORMAL","FAIL_CLOSED","not_required","FAIL_CLOSED","POLICY_CHAIN=Çiçek & Bahçe > Saksı, Saksılık & Bitki Kapları:REGULATED; PROFESSIONAL_REVIEW_CHAIN=Çiçek & Bahçe > Saksı, Saksılık & Bitki Kapları","canonical-v1.0.0","No public/pilot activation candidate in the canonical source; this package keeps it staged and fail-closed."
"CANONICAL-001470","cf57a4f4-ff85-44cf-a865-36f0cf42d9d7","Çiçek & Bahçe > Saksı, Saksılık & Bitki Kapları > Saksı Standları","3","YES","YES","YES","POLICY_BLOCKED","NO","NO","NO","REGULATED","FAIL_CLOSED","pending","FAIL_CLOSED","POLICY_CHAIN=Çiçek & Bahçe > Saksı, Saksılık & Bitki Kapları:REGULATED | Çiçek & Bahçe > Saksı, Saksılık & Bitki Kapları > Saksı Standları:REGULATED; PROFESSIONAL_REVIEW_CHAIN=Çiçek & Bahçe > Saksı, Saksılık & Bitki Kapları | Çiçek & Bahçe > Saksı, Saksılık & Bitki Kapları > Saksı Standları","canonical-v1.0.0","No public/pilot activation candidate in the canonical source; this package keeps it staged and fail-closed."
"CANONICAL-001471","2404c52b-9b8f-4743-b98b-a5b337ace391","Çiçek & Bahçe > Saksı, Saksılık & Bitki Kapları > Saksı Tabakları & İç Kapları","3","YES","YES","YES","POLICY_BLOCKED","NO","NO","NO","NORMAL","FAIL_CLOSED","not_required","FAIL_CLOSED","POLICY_CHAIN=Çiçek & Bahçe > Saksı, Saksılık & Bitki Kapları:REGULATED; PROFESSIONAL_REVIEW_CHAIN=Çiçek & Bahçe > Saksı, Saksılık & Bitki Kapları","canonical-v1.0.0","No public/pilot activation candidate in the canonical source; this package keeps it staged and fail-closed."
"CANONICAL-001472","707d23b9-8925-490d-893f-e1e817f5e1ef","Çiçek & Bahçe > Saksı, Saksılık & Bitki Kapları > Yetiştirme Torbaları","3","YES","YES","YES","POLICY_BLOCKED","NO","NO","NO","NORMAL","FAIL_CLOSED","not_required","FAIL_CLOSED","POLICY_CHAIN=Çiçek & Bahçe > Saksı, Saksılık & Bitki Kapları:REGULATED; PROFESSIONAL_REVIEW_CHAIN=Çiçek & Bahçe > Saksı, Saksılık & Bitki Kapları","canonical-v1.0.0","No public/pilot activation candidate in the canonical source; this package keeps it staged and fail-closed."
"CANONICAL-001473","e0d49f5a-bdc0-4319-8f25-fb0098dd81f0","Çiçek & Bahçe > Toprak, Gübre & Bitki Besleme","2","NO","YES","YES","CONTAINER_NOT_ASSIGNABLE","NO","NO","NO","LEGAL_REVIEW_REQUIRED","FAIL_CLOSED","pending","FAIL_CLOSED","POLICY_CHAIN=Çiçek & Bahçe > Toprak, Gübre & Bitki Besleme:LEGAL_REVIEW_REQUIRED; PROFESSIONAL_REVIEW_CHAIN=Çiçek & Bahçe > Toprak, Gübre & Bitki Besleme","canonical-v1.0.0","No public/pilot activation candidate in the canonical source; this package keeps it staged and fail-closed."
"CANONICAL-001474","c0f6d37f-2389-4b4e-914b-78be85413046","Çiçek & Bahçe > Toprak, Gübre & Bitki Besleme > Bitki Besinleri","3","YES","YES","YES","POLICY_BLOCKED","NO","NO","NO","LEGAL_REVIEW_REQUIRED","FAIL_CLOSED","pending","FAIL_CLOSED","POLICY_CHAIN=Çiçek & Bahçe > Toprak, Gübre & Bitki Besleme:LEGAL_REVIEW_REQUIRED | Çiçek & Bahçe > Toprak, Gübre & Bitki Besleme > Bitki Besinleri:LEGAL_REVIEW_REQUIRED; PROFESSIONAL_REVIEW_CHAIN=Çiçek & Bahçe > Toprak, Gübre & Bitki Besleme | Çiçek & Bahçe > Toprak, Gübre & Bitki Besleme > Bitki Besinleri","canonical-v1.0.0","No public/pilot activation candidate in the canonical source; this package keeps it staged and fail-closed."
"CANONICAL-001475","737937e2-f8a6-47d1-b0bc-e163a4477cba","Çiçek & Bahçe > Toprak, Gübre & Bitki Besleme > Gübreler","3","YES","YES","YES","POLICY_BLOCKED","NO","NO","NO","LEGAL_REVIEW_REQUIRED","FAIL_CLOSED","pending","FAIL_CLOSED","POLICY_CHAIN=Çiçek & Bahçe > Toprak, Gübre & Bitki Besleme:LEGAL_REVIEW_REQUIRED | Çiçek & Bahçe > Toprak, Gübre & Bitki Besleme > Gübreler:LEGAL_REVIEW_REQUIRED; PROFESSIONAL_REVIEW_CHAIN=Çiçek & Bahçe > Toprak, Gübre & Bitki Besleme | Çiçek & Bahçe > Toprak, Gübre & Bitki Besleme > Gübreler","canonical-v1.0.0","No public/pilot activation candidate in the canonical source; this package keeps it staged and fail-closed."
"CANONICAL-001476","bd50b096-fc56-4475-9a36-4b4d72ef4b7c","Çiçek & Bahçe > Toprak, Gübre & Bitki Besleme > Kompost Ürünleri","3","YES","YES","YES","POLICY_BLOCKED","NO","NO","NO","LEGAL_REVIEW_REQUIRED","FAIL_CLOSED","pending","FAIL_CLOSED","POLICY_CHAIN=Çiçek & Bahçe > Toprak, Gübre & Bitki Besleme:LEGAL_REVIEW_REQUIRED | Çiçek & Bahçe > Toprak, Gübre & Bitki Besleme > Kompost Ürünleri:LEGAL_REVIEW_REQUIRED; PROFESSIONAL_REVIEW_CHAIN=Çiçek & Bahçe > Toprak, Gübre & Bitki Besleme | Çiçek & Bahçe > Toprak, Gübre & Bitki Besleme > Kompost Ürünleri","canonical-v1.0.0","No public/pilot activation candidate in the canonical source; this package keeps it staged and fail-closed."
"CANONICAL-001477","a59530c4-0b3b-4106-b951-5d2f11148f97","Çiçek & Bahçe > Toprak, Gübre & Bitki Besleme > Substrat & Toprak Düzenleyiciler","3","YES","YES","YES","POLICY_BLOCKED","NO","NO","NO","LEGAL_REVIEW_REQUIRED","FAIL_CLOSED","pending","FAIL_CLOSED","POLICY_CHAIN=Çiçek & Bahçe > Toprak, Gübre & Bitki Besleme:LEGAL_REVIEW_REQUIRED | Çiçek & Bahçe > Toprak, Gübre & Bitki Besleme > Substrat & Toprak Düzenleyiciler:LEGAL_REVIEW_REQUIRED; PROFESSIONAL_REVIEW_CHAIN=Çiçek & Bahçe > Toprak, Gübre & Bitki Besleme | Çiçek & Bahçe > Toprak, Gübre & Bitki Besleme > Substrat & Toprak Düzenleyiciler","canonical-v1.0.0","No public/pilot activation candidate in the canonical source; this package keeps it staged and fail-closed."
"CANONICAL-001478","f69e5bda-3f87-46af-8a6a-42bb5966e8a6","Çiçek & Bahçe > Toprak, Gübre & Bitki Besleme > Toprak & Torf","3","YES","YES","YES","POLICY_BLOCKED","NO","NO","NO","LEGAL_REVIEW_REQUIRED","FAIL_CLOSED","pending","FAIL_CLOSED","POLICY_CHAIN=Çiçek & Bahçe > Toprak, Gübre & Bitki Besleme:LEGAL_REVIEW_REQUIRED | Çiçek & Bahçe > Toprak, Gübre & Bitki Besleme > Toprak & Torf:LEGAL_REVIEW_REQUIRED; PROFESSIONAL_REVIEW_CHAIN=Çiçek & Bahçe > Toprak, Gübre & Bitki Besleme | Çiçek & Bahçe > Toprak, Gübre & Bitki Besleme > Toprak & Torf","canonical-v1.0.0","No public/pilot activation candidate in the canonical source; this package keeps it staged and fail-closed."
"CANONICAL-001479","b992c26a-cbbb-4772-9dd7-932c407d2bc7","Çiçek & Bahçe > Sulama Ürünleri","2","NO","YES","YES","CONTAINER_NOT_ASSIGNABLE","NO","NO","NO","REGULATED","FAIL_CLOSED","pending","FAIL_CLOSED","POLICY_CHAIN=Çiçek & Bahçe > Sulama Ürünleri:REGULATED; PROFESSIONAL_REVIEW_CHAIN=Çiçek & Bahçe > Sulama Ürünleri","canonical-v1.0.0","No public/pilot activation candidate in the canonical source; this package keeps it staged and fail-closed."
"CANONICAL-001480","cb3f4114-f06e-43be-8c81-2d3e51b1f186","Çiçek & Bahçe > Sulama Ürünleri > Bahçe Hortumu & Makaraları","3","YES","YES","YES","POLICY_BLOCKED","NO","NO","NO","NORMAL","FAIL_CLOSED","not_required","FAIL_CLOSED","POLICY_CHAIN=Çiçek & Bahçe > Sulama Ürünleri:REGULATED; PROFESSIONAL_REVIEW_CHAIN=Çiçek & Bahçe > Sulama Ürünleri","canonical-v1.0.0","No public/pilot activation candidate in the canonical source; this package keeps it staged and fail-closed."
"CANONICAL-001481","72b823b9-b0a4-4e71-98f5-0e9a24ca50e7","Çiçek & Bahçe > Sulama Ürünleri > Damla & Mikro Sulama Sistemleri","3","YES","YES","YES","POLICY_BLOCKED","NO","NO","NO","REGULATED","FAIL_CLOSED","pending","FAIL_CLOSED","POLICY_CHAIN=Çiçek & Bahçe > Sulama Ürünleri:REGULATED | Çiçek & Bahçe > Sulama Ürünleri > Damla & Mikro Sulama Sistemleri:REGULATED; PROFESSIONAL_REVIEW_CHAIN=Çiçek & Bahçe > Sulama Ürünleri | Çiçek & Bahçe > Sulama Ürünleri > Damla & Mikro Sulama Sistemleri","canonical-v1.0.0","No public/pilot activation candidate in the canonical source; this package keeps it staged and fail-closed."
"CANONICAL-001482","93c3fcae-0c0a-455e-818b-d65ab13ba0c9","Çiçek & Bahçe > Sulama Ürünleri > Fıskiye & Yağmurlama Ürünleri","3","YES","YES","YES","POLICY_BLOCKED","NO","NO","NO","REGULATED","FAIL_CLOSED","pending","FAIL_CLOSED","POLICY_CHAIN=Çiçek & Bahçe > Sulama Ürünleri:REGULATED | Çiçek & Bahçe > Sulama Ürünleri > Fıskiye & Yağmurlama Ürünleri:REGULATED; PROFESSIONAL_REVIEW_CHAIN=Çiçek & Bahçe > Sulama Ürünleri | Çiçek & Bahçe > Sulama Ürünleri > Fıskiye & Yağmurlama Ürünleri","canonical-v1.0.0","No public/pilot activation candidate in the canonical source; this package keeps it staged and fail-closed."
"CANONICAL-001483","5d159ac0-119e-4603-a98a-1130ef2d749e","Çiçek & Bahçe > Sulama Ürünleri > Hortum Bağlantı & Başlıkları","3","YES","YES","YES","POLICY_BLOCKED","NO","NO","NO","NORMAL","FAIL_CLOSED","not_required","FAIL_CLOSED","POLICY_CHAIN=Çiçek & Bahçe > Sulama Ürünleri:REGULATED; PROFESSIONAL_REVIEW_CHAIN=Çiçek & Bahçe > Sulama Ürünleri","canonical-v1.0.0","No public/pilot activation candidate in the canonical source; this package keeps it staged and fail-closed."
"CANONICAL-001484","10394648-2bed-4c0d-bed5-8f1c87e1a835","Çiçek & Bahçe > Sulama Ürünleri > Sulama Kapları","3","YES","YES","YES","POLICY_BLOCKED","NO","NO","NO","NORMAL","FAIL_CLOSED","not_required","FAIL_CLOSED","POLICY_CHAIN=Çiçek & Bahçe > Sulama Ürünleri:REGULATED; PROFESSIONAL_REVIEW_CHAIN=Çiçek & Bahçe > Sulama Ürünleri","canonical-v1.0.0","No public/pilot activation candidate in the canonical source; this package keeps it staged and fail-closed."
"CANONICAL-001485","b0ae1313-d4b1-4813-bcb4-cf49471de5fc","Çiçek & Bahçe > Sulama Ürünleri > Sulama Kontrolörleri & Zamanlayıcılar","3","YES","YES","YES","POLICY_BLOCKED","NO","NO","NO","REGULATED","FAIL_CLOSED","pending","FAIL_CLOSED","POLICY_CHAIN=Çiçek & Bahçe > Sulama Ürünleri:REGULATED | Çiçek & Bahçe > Sulama Ürünleri > Sulama Kontrolörleri & Zamanlayıcılar:REGULATED; PROFESSIONAL_REVIEW_CHAIN=Çiçek & Bahçe > Sulama Ürünleri | Çiçek & Bahçe > Sulama Ürünleri > Sulama Kontrolörleri & Zamanlayıcılar","canonical-v1.0.0","No public/pilot activation candidate in the canonical source; this package keeps it staged and fail-closed."
"CANONICAL-001486","55d9bd12-6034-4939-b97a-c0587a63cfa6","Çiçek & Bahçe > Bahçe El Aletleri","2","NO","YES","YES","CONTAINER_NOT_ASSIGNABLE","NO","NO","NO","REGULATED","FAIL_CLOSED","pending","FAIL_CLOSED","POLICY_CHAIN=Çiçek & Bahçe > Bahçe El Aletleri:REGULATED; PROFESSIONAL_REVIEW_CHAIN=Çiçek & Bahçe > Bahçe El Aletleri","canonical-v1.0.0","No public/pilot activation candidate in the canonical source; this package keeps it staged and fail-closed."
"CANONICAL-001487","bc3d868e-9cde-4ffe-b550-646af726c97d","Çiçek & Bahçe > Bahçe El Aletleri > Bahçe El Aleti Setleri","3","YES","YES","YES","POLICY_BLOCKED","NO","NO","NO","REGULATED","FAIL_CLOSED","pending","FAIL_CLOSED","POLICY_CHAIN=Çiçek & Bahçe > Bahçe El Aletleri:REGULATED | Çiçek & Bahçe > Bahçe El Aletleri > Bahçe El Aleti Setleri:REGULATED; PROFESSIONAL_REVIEW_CHAIN=Çiçek & Bahçe > Bahçe El Aletleri | Çiçek & Bahçe > Bahçe El Aletleri > Bahçe El Aleti Setleri","canonical-v1.0.0","No public/pilot activation candidate in the canonical source; this package keeps it staged and fail-closed."
"CANONICAL-001488","5bebcd72-c1d6-4c98-a792-62cfe16a3684","Çiçek & Bahçe > Bahçe El Aletleri > Bahçe Toplama & Temizlik El Aletleri","3","YES","YES","YES","POLICY_BLOCKED","NO","NO","NO","REGULATED","FAIL_CLOSED","pending","FAIL_CLOSED","POLICY_CHAIN=Çiçek & Bahçe > Bahçe El Aletleri:REGULATED | Çiçek & Bahçe > Bahçe El Aletleri > Bahçe Toplama & Temizlik El Aletleri:REGULATED; PROFESSIONAL_REVIEW_CHAIN=Çiçek & Bahçe > Bahçe El Aletleri | Çiçek & Bahçe > Bahçe El Aletleri > Bahçe Toplama & Temizlik El Aletleri","canonical-v1.0.0","No public/pilot activation candidate in the canonical source; this package keeps it staged and fail-closed."
"CANONICAL-001489","3ca7d2ef-4dee-4634-82fd-ef5cf370329d","Çiçek & Bahçe > Bahçe El Aletleri > Budama El Aletleri","3","YES","YES","YES","POLICY_BLOCKED","NO","NO","NO","REGULATED","FAIL_CLOSED","pending","FAIL_CLOSED","POLICY_CHAIN=Çiçek & Bahçe > Bahçe El Aletleri:REGULATED | Çiçek & Bahçe > Bahçe El Aletleri > Budama El Aletleri:REGULATED; PROFESSIONAL_REVIEW_CHAIN=Çiçek & Bahçe > Bahçe El Aletleri | Çiçek & Bahçe > Bahçe El Aletleri > Budama El Aletleri","canonical-v1.0.0","No public/pilot activation candidate in the canonical source; this package keeps it staged and fail-closed."
"CANONICAL-001490","5e132fa4-b108-489d-86b1-eb8b94fbe330","Çiçek & Bahçe > Bahçe El Aletleri > Kazma & Dikim El Aletleri","3","YES","YES","YES","POLICY_BLOCKED","NO","NO","NO","REGULATED","FAIL_CLOSED","pending","FAIL_CLOSED","POLICY_CHAIN=Çiçek & Bahçe > Bahçe El Aletleri:REGULATED | Çiçek & Bahçe > Bahçe El Aletleri > Kazma & Dikim El Aletleri:REGULATED; PROFESSIONAL_REVIEW_CHAIN=Çiçek & Bahçe > Bahçe El Aletleri | Çiçek & Bahçe > Bahçe El Aletleri > Kazma & Dikim El Aletleri","canonical-v1.0.0","No public/pilot activation candidate in the canonical source; this package keeps it staged and fail-closed."
"CANONICAL-001491","43305b78-98db-42f9-baac-d7a76338f190","Çiçek & Bahçe > Bahçe El Aletleri > Tırmık & Çapa El Aletleri","3","YES","YES","YES","POLICY_BLOCKED","NO","NO","NO","REGULATED","FAIL_CLOSED","pending","FAIL_CLOSED","POLICY_CHAIN=Çiçek & Bahçe > Bahçe El Aletleri:REGULATED | Çiçek & Bahçe > Bahçe El Aletleri > Tırmık & Çapa El Aletleri:REGULATED; PROFESSIONAL_REVIEW_CHAIN=Çiçek & Bahçe > Bahçe El Aletleri | Çiçek & Bahçe > Bahçe El Aletleri > Tırmık & Çapa El Aletleri","canonical-v1.0.0","No public/pilot activation candidate in the canonical source; this package keeps it staged and fail-closed."
"CANONICAL-001492","42a8991f-a3f5-4b9c-8b18-ed14b152877b","Çiçek & Bahçe > Bitki Bakım & Yetiştirme Ürünleri","2","NO","YES","YES","CONTAINER_NOT_ASSIGNABLE","NO","NO","NO","REGULATED","FAIL_CLOSED","pending","FAIL_CLOSED","POLICY_CHAIN=Çiçek & Bahçe > Bitki Bakım & Yetiştirme Ürünleri:REGULATED; PROFESSIONAL_REVIEW_CHAIN=Çiçek & Bahçe > Bitki Bakım & Yetiştirme Ürünleri","canonical-v1.0.0","No public/pilot activation candidate in the canonical source; this package keeps it staged and fail-closed."
"CANONICAL-001493","b9899386-9f6e-4f51-ac2f-b369207d9530","Çiçek & Bahçe > Bitki Bakım & Yetiştirme Ürünleri > Bitki Destekleri, Bağları & Klipsleri","3","YES","YES","YES","POLICY_BLOCKED","NO","NO","NO","NORMAL","FAIL_CLOSED","not_required","FAIL_CLOSED","POLICY_CHAIN=Çiçek & Bahçe > Bitki Bakım & Yetiştirme Ürünleri:REGULATED; PROFESSIONAL_REVIEW_CHAIN=Çiçek & Bahçe > Bitki Bakım & Yetiştirme Ürünleri","canonical-v1.0.0","No public/pilot activation candidate in the canonical source; this package keeps it staged and fail-closed."
"CANONICAL-001494","aa8db856-c55e-4a6f-99ab-a97c1b77b728","Çiçek & Bahçe > Bitki Bakım & Yetiştirme Ürünleri > Bitkiye Özgü Yetiştirme Işıkları","3","YES","YES","YES","POLICY_BLOCKED","NO","NO","NO","REGULATED","FAIL_CLOSED","pending","FAIL_CLOSED","POLICY_CHAIN=Çiçek & Bahçe > Bitki Bakım & Yetiştirme Ürünleri:REGULATED | Çiçek & Bahçe > Bitki Bakım & Yetiştirme Ürünleri > Bitkiye Özgü Yetiştirme Işıkları:REGULATED; PROFESSIONAL_REVIEW_CHAIN=Çiçek & Bahçe > Bitki Bakım & Yetiştirme Ürünleri | Çiçek & Bahçe > Bitki Bakım & Yetiştirme Ürünleri > Bitkiye Özgü Yetiştirme Işıkları","canonical-v1.0.0","No public/pilot activation candidate in the canonical source; this package keeps it staged and fail-closed."
"CANONICAL-001495","2ec2727a-5b5c-4415-b61f-2569f6dbe5bd","Çiçek & Bahçe > Bitki Bakım & Yetiştirme Ürünleri > Bitki Koruma Örtüleri","3","YES","YES","YES","POLICY_BLOCKED","NO","NO","NO","REGULATED","FAIL_CLOSED","pending","FAIL_CLOSED","POLICY_CHAIN=Çiçek & Bahçe > Bitki Bakım & Yetiştirme Ürünleri:REGULATED | Çiçek & Bahçe > Bitki Bakım & Yetiştirme Ürünleri > Bitki Koruma Örtüleri:REGULATED; PROFESSIONAL_REVIEW_CHAIN=Çiçek & Bahçe > Bitki Bakım & Yetiştirme Ürünleri | Çiçek & Bahçe > Bitki Bakım & Yetiştirme Ürünleri > Bitki Koruma Örtüleri","canonical-v1.0.0","No public/pilot activation candidate in the canonical source; this package keeps it staged and fail-closed."
"CANONICAL-001496","20637240-8d51-491e-8854-3fd3dc33cbed","Çiçek & Bahçe > Bitki Bakım & Yetiştirme Ürünleri > Köklendirme & Fide Yetiştirme Kapları","3","YES","YES","YES","POLICY_BLOCKED","NO","NO","NO","NORMAL","FAIL_CLOSED","not_required","FAIL_CLOSED","POLICY_CHAIN=Çiçek & Bahçe > Bitki Bakım & Yetiştirme Ürünleri:REGULATED; PROFESSIONAL_REVIEW_CHAIN=Çiçek & Bahçe > Bitki Bakım & Yetiştirme Ürünleri","canonical-v1.0.0","No public/pilot activation candidate in the canonical source; this package keeps it staged and fail-closed."
"CANONICAL-001497","6e4a5112-5c22-4210-9979-e50625a786dd","Çiçek & Bahçe > Bitki Bakım & Yetiştirme Ürünleri > Nem, Işık & Toprak Ölçüm Yardımcıları","3","YES","YES","YES","POLICY_BLOCKED","NO","NO","NO","REGULATED","FAIL_CLOSED","pending","FAIL_CLOSED","POLICY_CHAIN=Çiçek & Bahçe > Bitki Bakım & Yetiştirme Ürünleri:REGULATED | Çiçek & Bahçe > Bitki Bakım & Yetiştirme Ürünleri > Nem, Işık & Toprak Ölçüm Yardımcıları:REGULATED; PROFESSIONAL_REVIEW_CHAIN=Çiçek & Bahçe > Bitki Bakım & Yetiştirme Ürünleri | Çiçek & Bahçe > Bitki Bakım & Yetiştirme Ürünleri > Nem, Işık & Toprak Ölçüm Yardımcıları","canonical-v1.0.0","No public/pilot activation candidate in the canonical source; this package keeps it staged and fail-closed."
"CANONICAL-001498","560b1713-102e-4c7b-97b0-5e8cd438aae1","Çiçek & Bahçe > Sera & Yetiştirme Ekipmanları","2","NO","YES","YES","CONTAINER_NOT_ASSIGNABLE","NO","NO","NO","REGULATED","FAIL_CLOSED","pending","FAIL_CLOSED","POLICY_CHAIN=Çiçek & Bahçe > Sera & Yetiştirme Ekipmanları:REGULATED; PROFESSIONAL_REVIEW_CHAIN=Çiçek & Bahçe > Sera & Yetiştirme Ekipmanları","canonical-v1.0.0","No public/pilot activation candidate in the canonical source; this package keeps it staged and fail-closed."
"CANONICAL-001499","2b980f71-e78c-4692-844c-eb41d9ad1e94","Çiçek & Bahçe > Sera & Yetiştirme Ekipmanları > Grow Tent Sistemleri","3","YES","YES","YES","POLICY_BLOCKED","NO","NO","NO","REGULATED","FAIL_CLOSED","pending","FAIL_CLOSED","POLICY_CHAIN=Çiçek & Bahçe > Sera & Yetiştirme Ekipmanları:REGULATED | Çiçek & Bahçe > Sera & Yetiştirme Ekipmanları > Grow Tent Sistemleri:REGULATED; PROFESSIONAL_REVIEW_CHAIN=Çiçek & Bahçe > Sera & Yetiştirme Ekipmanları | Çiçek & Bahçe > Sera & Yetiştirme Ekipmanları > Grow Tent Sistemleri","canonical-v1.0.0","No public/pilot activation candidate in the canonical source; this package keeps it staged and fail-closed."
"CANONICAL-001500","8efd07be-a179-430d-8338-0f8804950da9","Çiçek & Bahçe > Sera & Yetiştirme Ekipmanları > Hobi Seraları","3","YES","YES","YES","POLICY_BLOCKED","NO","NO","NO","REGULATED","FAIL_CLOSED","pending","FAIL_CLOSED","POLICY_CHAIN=Çiçek & Bahçe > Sera & Yetiştirme Ekipmanları:REGULATED | Çiçek & Bahçe > Sera & Yetiştirme Ekipmanları > Hobi Seraları:REGULATED; PROFESSIONAL_REVIEW_CHAIN=Çiçek & Bahçe > Sera & Yetiştirme Ekipmanları | Çiçek & Bahçe > Sera & Yetiştirme Ekipmanları > Hobi Seraları","canonical-v1.0.0","No public/pilot activation candidate in the canonical source; this package keeps it staged and fail-closed."
"CANONICAL-001501","33fb7b5c-0828-4b90-a210-2bac848c96b5","Çiçek & Bahçe > Sera & Yetiştirme Ekipmanları > Sera Havalandırma & İklim Ekipmanları","3","YES","YES","YES","POLICY_BLOCKED","NO","NO","NO","REGULATED","FAIL_CLOSED","pending","FAIL_CLOSED","POLICY_CHAIN=Çiçek & Bahçe > Sera & Yetiştirme Ekipmanları:REGULATED | Çiçek & Bahçe > Sera & Yetiştirme Ekipmanları > Sera Havalandırma & İklim Ekipmanları:REGULATED; PROFESSIONAL_REVIEW_CHAIN=Çiçek & Bahçe > Sera & Yetiştirme Ekipmanları | Çiçek & Bahçe > Sera & Yetiştirme Ekipmanları > Sera Havalandırma & İklim Ekipmanları","canonical-v1.0.0","No public/pilot activation candidate in the canonical source; this package keeps it staged and fail-closed."
"CANONICAL-001502","d5dd3ca4-bfd8-429e-be4b-4143a64f60ea","Çiçek & Bahçe > Sera & Yetiştirme Ekipmanları > Sera Örtüleri","3","YES","YES","YES","POLICY_BLOCKED","NO","NO","NO","REGULATED","FAIL_CLOSED","pending","FAIL_CLOSED","POLICY_CHAIN=Çiçek & Bahçe > Sera & Yetiştirme Ekipmanları:REGULATED | Çiçek & Bahçe > Sera & Yetiştirme Ekipmanları > Sera Örtüleri:REGULATED; PROFESSIONAL_REVIEW_CHAIN=Çiçek & Bahçe > Sera & Yetiştirme Ekipmanları | Çiçek & Bahçe > Sera & Yetiştirme Ekipmanları > Sera Örtüleri","canonical-v1.0.0","No public/pilot activation candidate in the canonical source; this package keeps it staged and fail-closed."
"CANONICAL-001503","a379bef9-fa98-42fd-952b-99c3ce08d265","Çiçek & Bahçe > Sera & Yetiştirme Ekipmanları > Sera Raf & Destekleri","3","YES","YES","YES","POLICY_BLOCKED","NO","NO","NO","REGULATED","FAIL_CLOSED","pending","FAIL_CLOSED","POLICY_CHAIN=Çiçek & Bahçe > Sera & Yetiştirme Ekipmanları:REGULATED | Çiçek & Bahçe > Sera & Yetiştirme Ekipmanları > Sera Raf & Destekleri:REGULATED; PROFESSIONAL_REVIEW_CHAIN=Çiçek & Bahçe > Sera & Yetiştirme Ekipmanları | Çiçek & Bahçe > Sera & Yetiştirme Ekipmanları > Sera Raf & Destekleri","canonical-v1.0.0","No public/pilot activation candidate in the canonical source; this package keeps it staged and fail-closed."
"CANONICAL-001504","66ee2643-c0fe-4437-80e0-9387e4f3fbed","Çiçek & Bahçe > Bahçe Dekorasyonu & Peyzaj Aksesuarları","2","NO","YES","YES","CONTAINER_NOT_ASSIGNABLE","NO","NO","NO","REGULATED","FAIL_CLOSED","pending","FAIL_CLOSED","POLICY_CHAIN=Çiçek & Bahçe > Bahçe Dekorasyonu & Peyzaj Aksesuarları:REGULATED; PROFESSIONAL_REVIEW_CHAIN=Çiçek & Bahçe > Bahçe Dekorasyonu & Peyzaj Aksesuarları","canonical-v1.0.0","No public/pilot activation candidate in the canonical source; this package keeps it staged and fail-closed."
"CANONICAL-001505","c28bfb38-a984-4529-8189-4c1bb72ba4b7","Çiçek & Bahçe > Bahçe Dekorasyonu & Peyzaj Aksesuarları > Bahçe Bordürü & Alçak Çitler","3","YES","YES","YES","POLICY_BLOCKED","NO","NO","NO","REGULATED","FAIL_CLOSED","pending","FAIL_CLOSED","POLICY_CHAIN=Çiçek & Bahçe > Bahçe Dekorasyonu & Peyzaj Aksesuarları:REGULATED | Çiçek & Bahçe > Bahçe Dekorasyonu & Peyzaj Aksesuarları > Bahçe Bordürü & Alçak Çitler:REGULATED; PROFESSIONAL_REVIEW_CHAIN=Çiçek & Bahçe > Bahçe Dekorasyonu & Peyzaj Aksesuarları | Çiçek & Bahçe > Bahçe Dekorasyonu & Peyzaj Aksesuarları > Bahçe Bordürü & Alçak Çitler","canonical-v1.0.0","No public/pilot activation candidate in the canonical source; this package keeps it staged and fail-closed."
"CANONICAL-001506","f0d95a16-59c8-44e2-942f-98546a99ff0d","Çiçek & Bahçe > Bahçe Dekorasyonu & Peyzaj Aksesuarları > Bahçe Süsleri & Figürleri","3","YES","YES","YES","POLICY_BLOCKED","NO","NO","NO","NORMAL","FAIL_CLOSED","not_required","FAIL_CLOSED","POLICY_CHAIN=Çiçek & Bahçe > Bahçe Dekorasyonu & Peyzaj Aksesuarları:REGULATED; PROFESSIONAL_REVIEW_CHAIN=Çiçek & Bahçe > Bahçe Dekorasyonu & Peyzaj Aksesuarları","canonical-v1.0.0","No public/pilot activation candidate in the canonical source; this package keeps it staged and fail-closed."
"CANONICAL-001507","48f7ba86-a1c6-4bec-bbac-ff8cc25a253a","Çiçek & Bahçe > Bahçe Dekorasyonu & Peyzaj Aksesuarları > Bahçeye Özgü Dekoratif Aksesuarlar","3","YES","YES","YES","POLICY_BLOCKED","NO","NO","NO","NORMAL","FAIL_CLOSED","not_required","FAIL_CLOSED","POLICY_CHAIN=Çiçek & Bahçe > Bahçe Dekorasyonu & Peyzaj Aksesuarları:REGULATED; PROFESSIONAL_REVIEW_CHAIN=Çiçek & Bahçe > Bahçe Dekorasyonu & Peyzaj Aksesuarları","canonical-v1.0.0","No public/pilot activation candidate in the canonical source; this package keeps it staged and fail-closed."
"CANONICAL-001508","f0fda732-3284-408c-8019-3c24f693ad6a","Çiçek & Bahçe > Bahçe Dekorasyonu & Peyzaj Aksesuarları > Peyzaj Kumaşı & Yüzey Örtüleri","3","YES","YES","YES","POLICY_BLOCKED","NO","NO","NO","REGULATED","FAIL_CLOSED","pending","FAIL_CLOSED","POLICY_CHAIN=Çiçek & Bahçe > Bahçe Dekorasyonu & Peyzaj Aksesuarları:REGULATED | Çiçek & Bahçe > Bahçe Dekorasyonu & Peyzaj Aksesuarları > Peyzaj Kumaşı & Yüzey Örtüleri:REGULATED; PROFESSIONAL_REVIEW_CHAIN=Çiçek & Bahçe > Bahçe Dekorasyonu & Peyzaj Aksesuarları | Çiçek & Bahçe > Bahçe Dekorasyonu & Peyzaj Aksesuarları > Peyzaj Kumaşı & Yüzey Örtüleri","canonical-v1.0.0","No public/pilot activation candidate in the canonical source; this package keeps it staged and fail-closed."
"CANONICAL-001509","116c0f3c-4dac-471b-acbc-aea16ae7c466","Çiçek & Bahçe > Bahçe Dekorasyonu & Peyzaj Aksesuarları > Trellis & Bitki Kafesleri","3","YES","YES","YES","POLICY_BLOCKED","NO","NO","NO","REGULATED","FAIL_CLOSED","pending","FAIL_CLOSED","POLICY_CHAIN=Çiçek & Bahçe > Bahçe Dekorasyonu & Peyzaj Aksesuarları:REGULATED | Çiçek & Bahçe > Bahçe Dekorasyonu & Peyzaj Aksesuarları > Trellis & Bitki Kafesleri:REGULATED; PROFESSIONAL_REVIEW_CHAIN=Çiçek & Bahçe > Bahçe Dekorasyonu & Peyzaj Aksesuarları | Çiçek & Bahçe > Bahçe Dekorasyonu & Peyzaj Aksesuarları > Trellis & Bitki Kafesleri","canonical-v1.0.0","No public/pilot activation candidate in the canonical source; this package keeps it staged and fail-closed."
"CANONICAL-001510","5c661f4e-ac89-4737-a2d8-911811fabe5c","Hediyelik & Parti","1","NO","YES","YES","CONTAINER_NOT_ASSIGNABLE","NO","NO","NO","NORMAL","PASS","not_required","PASS","STRUCTURAL_CONTAINER","canonical-v1.0.0","Structurally eligible for a later separately authorized activation review; this package keeps it staged and not public."
"CANONICAL-001511","e9657a1d-5f74-4875-ab53-6e564c76a076","Hediyelik & Parti > Hatıra & Hediyelik Objeler","2","NO","YES","YES","CONTAINER_NOT_ASSIGNABLE","NO","NO","NO","NORMAL","PASS","pending","FAIL_CLOSED","PROFESSIONAL_REVIEW_CHAIN=Hediyelik & Parti > Hatıra & Hediyelik Objeler","canonical-v1.0.0","No public/pilot activation candidate in the canonical source; this package keeps it staged and fail-closed."
"CANONICAL-001512","01cc364e-7a2e-41de-9af9-7afe732025ed","Hediyelik & Parti > Hatıra & Hediyelik Objeler > Hatıra Plaketi & Ödül Objeleri","3","YES","YES","YES","PROFESSIONAL_REVIEW","NO","NO","NO","NORMAL","PASS","pending","FAIL_CLOSED","PROFESSIONAL_REVIEW_CHAIN=Hediyelik & Parti > Hatıra & Hediyelik Objeler | Hediyelik & Parti > Hatıra & Hediyelik Objeler > Hatıra Plaketi & Ödül Objeleri","canonical-v1.0.0","No public/pilot activation candidate in the canonical source; this package keeps it staged and fail-closed."
"CANONICAL-001513","f3c9f77e-31af-43d1-a7fc-f785da460c62","Hediyelik & Parti > Hatıra & Hediyelik Objeler > Magnet & Turistik Hatıralar","3","YES","YES","YES","PROFESSIONAL_REVIEW","NO","NO","NO","NORMAL","PASS","pending","FAIL_CLOSED","PROFESSIONAL_REVIEW_CHAIN=Hediyelik & Parti > Hatıra & Hediyelik Objeler | Hediyelik & Parti > Hatıra & Hediyelik Objeler > Magnet & Turistik Hatıralar","canonical-v1.0.0","No public/pilot activation candidate in the canonical source; this package keeps it staged and fail-closed."
"CANONICAL-001514","6faca555-7b86-47cd-833a-d06cdc9cf918","Hediyelik & Parti > Hatıra & Hediyelik Objeler > Anı Kutusu & Hatıra Saklama Ürünleri","3","YES","YES","YES","PROFESSIONAL_REVIEW","NO","NO","NO","NORMAL","PASS","pending","FAIL_CLOSED","PROFESSIONAL_REVIEW_CHAIN=Hediyelik & Parti > Hatıra & Hediyelik Objeler | Hediyelik & Parti > Hatıra & Hediyelik Objeler > Anı Kutusu & Hatıra Saklama Ürünleri","canonical-v1.0.0","No public/pilot activation candidate in the canonical source; this package keeps it staged and fail-closed."
"CANONICAL-001515","bf5e1535-d980-43e1-ac95-ac0df3ba0458","Hediyelik & Parti > Hatıra & Hediyelik Objeler > Nikâh, Nişan & Bebek Hatıraları","3","YES","YES","YES","PROFESSIONAL_REVIEW","NO","NO","NO","NORMAL","PASS","pending","FAIL_CLOSED","PROFESSIONAL_REVIEW_CHAIN=Hediyelik & Parti > Hatıra & Hediyelik Objeler | Hediyelik & Parti > Hatıra & Hediyelik Objeler > Nikâh, Nişan & Bebek Hatıraları","canonical-v1.0.0","No public/pilot activation candidate in the canonical source; this package keeps it staged and fail-closed."
"CANONICAL-001516","81a6b1e2-d218-4da1-bca8-3834533ed3ed","Hediyelik & Parti > Hediye Paketleme & Sunum","2","NO","YES","YES","CONTAINER_NOT_ASSIGNABLE","NO","NO","NO","NORMAL","PASS","not_required","PASS","STRUCTURAL_CONTAINER","canonical-v1.0.0","Structurally eligible for a later separately authorized activation review; this package keeps it staged and not public."
"CANONICAL-001517","d9ed6129-9dcd-4ed3-ae69-ff6db3309e5e","Hediyelik & Parti > Hediye Paketleme & Sunum > Hediye Kutuları","3","YES","YES","YES","LEAF_ASSIGNABLE_CANDIDATE","YES","NO","NO","NORMAL","PASS","not_required","PASS","NONE","canonical-v1.0.0","Structurally eligible for a later separately authorized activation review; this package keeps it staged and not public."
"CANONICAL-001518","a14ac1d3-74d7-47da-bf2c-258908321486","Hediyelik & Parti > Hediye Paketleme & Sunum > Hediye Çantaları","3","YES","YES","YES","LEAF_ASSIGNABLE_CANDIDATE","YES","NO","NO","NORMAL","PASS","not_required","PASS","NONE","canonical-v1.0.0","Structurally eligible for a later separately authorized activation review; this package keeps it staged and not public."
"CANONICAL-001519","4cbce1a1-1194-414e-82b4-0b1ec356b4aa","Hediyelik & Parti > Hediye Paketleme & Sunum > Paket Kâğıdı","3","YES","YES","YES","LEAF_ASSIGNABLE_CANDIDATE","YES","NO","NO","NORMAL","PASS","not_required","PASS","NONE","canonical-v1.0.0","Structurally eligible for a later separately authorized activation review; this package keeps it staged and not public."
"CANONICAL-001520","26793fa1-37ed-43c5-9d26-9811662a3e44","Hediyelik & Parti > Hediye Paketleme & Sunum > Kurdele & Fiyonklar","3","YES","YES","YES","LEAF_ASSIGNABLE_CANDIDATE","YES","NO","NO","NORMAL","PASS","not_required","PASS","NONE","canonical-v1.0.0","Structurally eligible for a later separately authorized activation review; this package keeps it staged and not public."
"CANONICAL-001521","bc2c3cd7-7e1a-4aed-849b-c6ab0ea47bdf","Hediyelik & Parti > Hediye Paketleme & Sunum > Pelür & Sunum Dolguları","3","YES","YES","YES","LEAF_ASSIGNABLE_CANDIDATE","YES","NO","NO","NORMAL","PASS","not_required","PASS","NONE","canonical-v1.0.0","Structurally eligible for a later separately authorized activation review; this package keeps it staged and not public."
"CANONICAL-001522","69a6252e-60e3-4729-bf80-da11f594334f","Hediyelik & Parti > Tebrik Kartları, Davetiyeler & Kutlama Yazıları","2","NO","YES","YES","CONTAINER_NOT_ASSIGNABLE","NO","NO","NO","NORMAL","PASS","pending","FAIL_CLOSED","PROFESSIONAL_REVIEW_CHAIN=Hediyelik & Parti > Tebrik Kartları, Davetiyeler & Kutlama Yazıları","canonical-v1.0.0","No public/pilot activation candidate in the canonical source; this package keeps it staged and fail-closed."
"CANONICAL-001523","9a85a7dd-2c8f-4dc5-a058-d8d3decf47b0","Hediyelik & Parti > Tebrik Kartları, Davetiyeler & Kutlama Yazıları > Tebrik Kartları","3","YES","YES","YES","PROFESSIONAL_REVIEW","NO","NO","NO","NORMAL","PASS","pending","FAIL_CLOSED","PROFESSIONAL_REVIEW_CHAIN=Hediyelik & Parti > Tebrik Kartları, Davetiyeler & Kutlama Yazıları | Hediyelik & Parti > Tebrik Kartları, Davetiyeler & Kutlama Yazıları > Tebrik Kartları","canonical-v1.0.0","No public/pilot activation candidate in the canonical source; this package keeps it staged and fail-closed."
"CANONICAL-001524","8b1edadd-a163-4a89-8b0f-11f85413216c","Hediyelik & Parti > Tebrik Kartları, Davetiyeler & Kutlama Yazıları > Fiziksel Davetiyeler","3","YES","YES","YES","PROFESSIONAL_REVIEW","NO","NO","NO","NORMAL","PASS","pending","FAIL_CLOSED","PROFESSIONAL_REVIEW_CHAIN=Hediyelik & Parti > Tebrik Kartları, Davetiyeler & Kutlama Yazıları | Hediyelik & Parti > Tebrik Kartları, Davetiyeler & Kutlama Yazıları > Fiziksel Davetiyeler","canonical-v1.0.0","No public/pilot activation candidate in the canonical source; this package keeps it staged and fail-closed."
"CANONICAL-001525","339e1983-8f14-4c7d-a533-66136e212293","Hediyelik & Parti > Tebrik Kartları, Davetiyeler & Kutlama Yazıları > Masa Kartı & Hediye Etiketleri","3","YES","YES","YES","PROFESSIONAL_REVIEW","NO","NO","NO","NORMAL","PASS","pending","FAIL_CLOSED","PROFESSIONAL_REVIEW_CHAIN=Hediyelik & Parti > Tebrik Kartları, Davetiyeler & Kutlama Yazıları | Hediyelik & Parti > Tebrik Kartları, Davetiyeler & Kutlama Yazıları > Masa Kartı & Hediye Etiketleri","canonical-v1.0.0","No public/pilot activation candidate in the canonical source; this package keeps it staged and fail-closed."
"CANONICAL-001526","c5b868ea-47b7-4678-ba9e-cce2b5e6c569","Hediyelik & Parti > Tebrik Kartları, Davetiyeler & Kutlama Yazıları > Kutlama Harfleri & Yazıları","3","YES","YES","YES","PROFESSIONAL_REVIEW","NO","NO","NO","NORMAL","PASS","pending","FAIL_CLOSED","PROFESSIONAL_REVIEW_CHAIN=Hediyelik & Parti > Tebrik Kartları, Davetiyeler & Kutlama Yazıları | Hediyelik & Parti > Tebrik Kartları, Davetiyeler & Kutlama Yazıları > Kutlama Harfleri & Yazıları","canonical-v1.0.0","No public/pilot activation candidate in the canonical source; this package keeps it staged and fail-closed."
"CANONICAL-001527","7f6730fb-23b3-40bb-a354-998dc02ef8bb","Hediyelik & Parti > Balon & Balon Aksesuarları","2","NO","YES","YES","CONTAINER_NOT_ASSIGNABLE","NO","NO","NO","REGULATED","FAIL_CLOSED","pending","FAIL_CLOSED","POLICY_CHAIN=Hediyelik & Parti > Balon & Balon Aksesuarları:REGULATED; PROFESSIONAL_REVIEW_CHAIN=Hediyelik & Parti > Balon & Balon Aksesuarları","canonical-v1.0.0","No public/pilot activation candidate in the canonical source; this package keeps it staged and fail-closed."
"CANONICAL-001528","391f6e4a-c6d0-4480-a3fb-3d9ceb5f5183","Hediyelik & Parti > Balon & Balon Aksesuarları > Balonlar","3","NO","YES","YES","CONTAINER_NOT_ASSIGNABLE","NO","NO","NO","REGULATED","FAIL_CLOSED","pending","FAIL_CLOSED","POLICY_CHAIN=Hediyelik & Parti > Balon & Balon Aksesuarları:REGULATED | Hediyelik & Parti > Balon & Balon Aksesuarları > Balonlar:REGULATED; PROFESSIONAL_REVIEW_CHAIN=Hediyelik & Parti > Balon & Balon Aksesuarları | Hediyelik & Parti > Balon & Balon Aksesuarları > Balonlar","canonical-v1.0.0","No public/pilot activation candidate in the canonical source; this package keeps it staged and fail-closed."
"CANONICAL-001529","0106bd2f-c25e-4af3-a3b2-a4d2688c28ea","Hediyelik & Parti > Balon & Balon Aksesuarları > Balonlar > Lateks Balonlar","4","YES","YES","YES","POLICY_BLOCKED","NO","NO","NO","REGULATED","FAIL_CLOSED","pending","FAIL_CLOSED","POLICY_CHAIN=Hediyelik & Parti > Balon & Balon Aksesuarları:REGULATED | Hediyelik & Parti > Balon & Balon Aksesuarları > Balonlar:REGULATED | Hediyelik & Parti > Balon & Balon Aksesuarları > Balonlar > Lateks Balonlar:REGULATED; PROFESSIONAL_REVIEW_CHAIN=Hediyelik & Parti > Balon & Balon Aksesuarları | Hediyelik & Parti > Balon & Balon Aksesuarları > Balonlar | Hediyelik & Parti > Balon & Balon Aksesuarları > Balonlar > Lateks Balonlar","canonical-v1.0.0","No public/pilot activation candidate in the canonical source; this package keeps it staged and fail-closed."
"CANONICAL-001530","4a436f53-9d81-4c3f-b24e-166f2f91a186","Hediyelik & Parti > Balon & Balon Aksesuarları > Balonlar > Folyo Balonlar","4","YES","YES","YES","POLICY_BLOCKED","NO","NO","NO","REGULATED","FAIL_CLOSED","pending","FAIL_CLOSED","POLICY_CHAIN=Hediyelik & Parti > Balon & Balon Aksesuarları:REGULATED | Hediyelik & Parti > Balon & Balon Aksesuarları > Balonlar:REGULATED | Hediyelik & Parti > Balon & Balon Aksesuarları > Balonlar > Folyo Balonlar:REGULATED; PROFESSIONAL_REVIEW_CHAIN=Hediyelik & Parti > Balon & Balon Aksesuarları | Hediyelik & Parti > Balon & Balon Aksesuarları > Balonlar | Hediyelik & Parti > Balon & Balon Aksesuarları > Balonlar > Folyo Balonlar","canonical-v1.0.0","No public/pilot activation candidate in the canonical source; this package keeps it staged and fail-closed."
"CANONICAL-001531","fc6a2c7d-e743-4140-a7ed-925143023516","Hediyelik & Parti > Balon & Balon Aksesuarları > Balon Pompaları","3","YES","YES","YES","POLICY_BLOCKED","NO","NO","NO","NORMAL","FAIL_CLOSED","pending","FAIL_CLOSED","POLICY_CHAIN=Hediyelik & Parti > Balon & Balon Aksesuarları:REGULATED; PROFESSIONAL_REVIEW_CHAIN=Hediyelik & Parti > Balon & Balon Aksesuarları | Hediyelik & Parti > Balon & Balon Aksesuarları > Balon Pompaları","canonical-v1.0.0","No public/pilot activation candidate in the canonical source; this package keeps it staged and fail-closed."
"CANONICAL-001532","c628bf24-39d5-4da7-8182-d5cb6cad5e7e","Hediyelik & Parti > Balon & Balon Aksesuarları > Balon Standı & Ağırlıkları","3","YES","YES","YES","POLICY_BLOCKED","NO","NO","NO","NORMAL","FAIL_CLOSED","pending","FAIL_CLOSED","POLICY_CHAIN=Hediyelik & Parti > Balon & Balon Aksesuarları:REGULATED; PROFESSIONAL_REVIEW_CHAIN=Hediyelik & Parti > Balon & Balon Aksesuarları | Hediyelik & Parti > Balon & Balon Aksesuarları > Balon Standı & Ağırlıkları","canonical-v1.0.0","No public/pilot activation candidate in the canonical source; this package keeps it staged and fail-closed."
"CANONICAL-001533","a409b7c7-2b82-42f6-a3a4-506c399f294a","Hediyelik & Parti > Balon & Balon Aksesuarları > Balon Bant & Bağlama Aksesuarları","3","YES","YES","YES","POLICY_BLOCKED","NO","NO","NO","NORMAL","FAIL_CLOSED","pending","FAIL_CLOSED","POLICY_CHAIN=Hediyelik & Parti > Balon & Balon Aksesuarları:REGULATED; PROFESSIONAL_REVIEW_CHAIN=Hediyelik & Parti > Balon & Balon Aksesuarları | Hediyelik & Parti > Balon & Balon Aksesuarları > Balon Bant & Bağlama Aksesuarları","canonical-v1.0.0","No public/pilot activation candidate in the canonical source; this package keeps it staged and fail-closed."
"CANONICAL-001534","abdbaa4c-204a-49cc-85af-3a5bc40bfb32","Hediyelik & Parti > Parti Süsleri & Mekân Dekorasyonu","2","NO","YES","YES","CONTAINER_NOT_ASSIGNABLE","NO","NO","NO","REGULATED","FAIL_CLOSED","pending","FAIL_CLOSED","POLICY_CHAIN=Hediyelik & Parti > Parti Süsleri & Mekân Dekorasyonu:REGULATED; PROFESSIONAL_REVIEW_CHAIN=Hediyelik & Parti > Parti Süsleri & Mekân Dekorasyonu","canonical-v1.0.0","No public/pilot activation candidate in the canonical source; this package keeps it staged and fail-closed."
"CANONICAL-001535","9b3de28e-f85a-4fb8-8579-ca6ce1622bde","Hediyelik & Parti > Parti Süsleri & Mekân Dekorasyonu > Banner & Girlandlar","3","YES","YES","YES","POLICY_BLOCKED","NO","NO","NO","NORMAL","FAIL_CLOSED","pending","FAIL_CLOSED","POLICY_CHAIN=Hediyelik & Parti > Parti Süsleri & Mekân Dekorasyonu:REGULATED; PROFESSIONAL_REVIEW_CHAIN=Hediyelik & Parti > Parti Süsleri & Mekân Dekorasyonu | Hediyelik & Parti > Parti Süsleri & Mekân Dekorasyonu > Banner & Girlandlar","canonical-v1.0.0","No public/pilot activation candidate in the canonical source; this package keeps it staged and fail-closed."
"CANONICAL-001536","3cc63204-62b7-42b4-b326-2586427d266f","Hediyelik & Parti > Parti Süsleri & Mekân Dekorasyonu > Fon Perdesi & Parti Arka Planları","3","YES","YES","YES","POLICY_BLOCKED","NO","NO","NO","REGULATED","FAIL_CLOSED","pending","FAIL_CLOSED","POLICY_CHAIN=Hediyelik & Parti > Parti Süsleri & Mekân Dekorasyonu:REGULATED | Hediyelik & Parti > Parti Süsleri & Mekân Dekorasyonu > Fon Perdesi & Parti Arka Planları:REGULATED; PROFESSIONAL_REVIEW_CHAIN=Hediyelik & Parti > Parti Süsleri & Mekân Dekorasyonu | Hediyelik & Parti > Parti Süsleri & Mekân Dekorasyonu > Fon Perdesi & Parti Arka Planları","canonical-v1.0.0","No public/pilot activation candidate in the canonical source; this package keeps it staged and fail-closed."
"CANONICAL-001537","a9708820-aead-49a6-a8f7-c3445c4b1bd0","Hediyelik & Parti > Parti Süsleri & Mekân Dekorasyonu > Asma Parti Süsleri","3","YES","YES","YES","POLICY_BLOCKED","NO","NO","NO","REGULATED","FAIL_CLOSED","pending","FAIL_CLOSED","POLICY_CHAIN=Hediyelik & Parti > Parti Süsleri & Mekân Dekorasyonu:REGULATED | Hediyelik & Parti > Parti Süsleri & Mekân Dekorasyonu > Asma Parti Süsleri:REGULATED; PROFESSIONAL_REVIEW_CHAIN=Hediyelik & Parti > Parti Süsleri & Mekân Dekorasyonu | Hediyelik & Parti > Parti Süsleri & Mekân Dekorasyonu > Asma Parti Süsleri","canonical-v1.0.0","No public/pilot activation candidate in the canonical source; this package keeps it staged and fail-closed."
"CANONICAL-001538","1f8dc71d-6720-4bff-8634-73e588f8ecec","Hediyelik & Parti > Parti Süsleri & Mekân Dekorasyonu > Masa & Mekân Parti Süsleri","3","YES","YES","YES","POLICY_BLOCKED","NO","NO","NO","NORMAL","FAIL_CLOSED","pending","FAIL_CLOSED","POLICY_CHAIN=Hediyelik & Parti > Parti Süsleri & Mekân Dekorasyonu:REGULATED; PROFESSIONAL_REVIEW_CHAIN=Hediyelik & Parti > Parti Süsleri & Mekân Dekorasyonu | Hediyelik & Parti > Parti Süsleri & Mekân Dekorasyonu > Masa & Mekân Parti Süsleri","canonical-v1.0.0","No public/pilot activation candidate in the canonical source; this package keeps it staged and fail-closed."
"CANONICAL-001539","c812f56a-8af1-4376-bb50-04485eb43389","Hediyelik & Parti > Parti Süsleri & Mekân Dekorasyonu > Konfeti","3","YES","YES","YES","POLICY_BLOCKED","NO","NO","NO","REGULATED","FAIL_CLOSED","pending","FAIL_CLOSED","POLICY_CHAIN=Hediyelik & Parti > Parti Süsleri & Mekân Dekorasyonu:REGULATED | Hediyelik & Parti > Parti Süsleri & Mekân Dekorasyonu > Konfeti:REGULATED; PROFESSIONAL_REVIEW_CHAIN=Hediyelik & Parti > Parti Süsleri & Mekân Dekorasyonu | Hediyelik & Parti > Parti Süsleri & Mekân Dekorasyonu > Konfeti","canonical-v1.0.0","No public/pilot activation candidate in the canonical source; this package keeps it staged and fail-closed."
"CANONICAL-001540","500e3e86-e6eb-49f4-a08a-d67dbef8ed0e","Hediyelik & Parti > Parti Sofrası & Servis Ürünleri","2","NO","YES","YES","CONTAINER_NOT_ASSIGNABLE","NO","NO","NO","REGULATED","FAIL_CLOSED","pending","FAIL_CLOSED","POLICY_CHAIN=Hediyelik & Parti > Parti Sofrası & Servis Ürünleri:REGULATED; PROFESSIONAL_REVIEW_CHAIN=Hediyelik & Parti > Parti Sofrası & Servis Ürünleri","canonical-v1.0.0","No public/pilot activation candidate in the canonical source; this package keeps it staged and fail-closed."
"CANONICAL-001541","d91cc616-0a2a-4785-8ff7-d4098417b476","Hediyelik & Parti > Parti Sofrası & Servis Ürünleri > Tek Kullanımlık Parti Tabak & Kaseleri","3","YES","YES","YES","POLICY_BLOCKED","NO","NO","NO","REGULATED","FAIL_CLOSED","pending","FAIL_CLOSED","POLICY_CHAIN=Hediyelik & Parti > Parti Sofrası & Servis Ürünleri:REGULATED | Hediyelik & Parti > Parti Sofrası & Servis Ürünleri > Tek Kullanımlık Parti Tabak & Kaseleri:REGULATED; PROFESSIONAL_REVIEW_CHAIN=Hediyelik & Parti > Parti Sofrası & Servis Ürünleri | Hediyelik & Parti > Parti Sofrası & Servis Ürünleri > Tek Kullanımlık Parti Tabak & Kaseleri","canonical-v1.0.0","No public/pilot activation candidate in the canonical source; this package keeps it staged and fail-closed."
"CANONICAL-001542","a2ae81d7-9a27-4946-a245-2e0f943fc864","Hediyelik & Parti > Parti Sofrası & Servis Ürünleri > Parti Bardakları","3","YES","YES","YES","POLICY_BLOCKED","NO","NO","NO","REGULATED","FAIL_CLOSED","pending","FAIL_CLOSED","POLICY_CHAIN=Hediyelik & Parti > Parti Sofrası & Servis Ürünleri:REGULATED | Hediyelik & Parti > Parti Sofrası & Servis Ürünleri > Parti Bardakları:REGULATED; PROFESSIONAL_REVIEW_CHAIN=Hediyelik & Parti > Parti Sofrası & Servis Ürünleri | Hediyelik & Parti > Parti Sofrası & Servis Ürünleri > Parti Bardakları","canonical-v1.0.0","No public/pilot activation candidate in the canonical source; this package keeps it staged and fail-closed."
"CANONICAL-001543","12421281-cfa7-49fe-a806-cbd788e5627b","Hediyelik & Parti > Parti Sofrası & Servis Ürünleri > Parti Peçetesi & Masa Örtüleri","3","YES","YES","YES","POLICY_BLOCKED","NO","NO","NO","REGULATED","FAIL_CLOSED","pending","FAIL_CLOSED","POLICY_CHAIN=Hediyelik & Parti > Parti Sofrası & Servis Ürünleri:REGULATED | Hediyelik & Parti > Parti Sofrası & Servis Ürünleri > Parti Peçetesi & Masa Örtüleri:REGULATED; PROFESSIONAL_REVIEW_CHAIN=Hediyelik & Parti > Parti Sofrası & Servis Ürünleri | Hediyelik & Parti > Parti Sofrası & Servis Ürünleri > Parti Peçetesi & Masa Örtüleri","canonical-v1.0.0","No public/pilot activation candidate in the canonical source; this package keeps it staged and fail-closed."
"CANONICAL-001544","95b5c8b6-df56-486a-8df6-a760ad57c777","Hediyelik & Parti > Parti Sofrası & Servis Ürünleri > Parti Çatal, Kaşık & Servis Ürünleri","3","YES","YES","YES","POLICY_BLOCKED","NO","NO","NO","REGULATED","FAIL_CLOSED","pending","FAIL_CLOSED","POLICY_CHAIN=Hediyelik & Parti > Parti Sofrası & Servis Ürünleri:REGULATED | Hediyelik & Parti > Parti Sofrası & Servis Ürünleri > Parti Çatal, Kaşık & Servis Ürünleri:REGULATED; PROFESSIONAL_REVIEW_CHAIN=Hediyelik & Parti > Parti Sofrası & Servis Ürünleri | Hediyelik & Parti > Parti Sofrası & Servis Ürünleri > Parti Çatal, Kaşık & Servis Ürünleri","canonical-v1.0.0","No public/pilot activation candidate in the canonical source; this package keeps it staged and fail-closed."
"CANONICAL-001545","093e2897-a94c-4d48-9307-11565cd3350c","Hediyelik & Parti > Parti Sofrası & Servis Ürünleri > Pipet & Parti Servis Aksesuarları","3","YES","YES","YES","POLICY_BLOCKED","NO","NO","NO","REGULATED","FAIL_CLOSED","pending","FAIL_CLOSED","POLICY_CHAIN=Hediyelik & Parti > Parti Sofrası & Servis Ürünleri:REGULATED | Hediyelik & Parti > Parti Sofrası & Servis Ürünleri > Pipet & Parti Servis Aksesuarları:REGULATED; PROFESSIONAL_REVIEW_CHAIN=Hediyelik & Parti > Parti Sofrası & Servis Ürünleri | Hediyelik & Parti > Parti Sofrası & Servis Ürünleri > Pipet & Parti Servis Aksesuarları","canonical-v1.0.0","No public/pilot activation candidate in the canonical source; this package keeps it staged and fail-closed."
"CANONICAL-001546","534f3762-a378-423a-97d9-2813f913a417","Hediyelik & Parti > Kostüm, Maske & Parti Aksesuarları","2","NO","YES","YES","CONTAINER_NOT_ASSIGNABLE","NO","NO","NO","REGULATED","FAIL_CLOSED","pending","FAIL_CLOSED","POLICY_CHAIN=Hediyelik & Parti > Kostüm, Maske & Parti Aksesuarları:REGULATED; PROFESSIONAL_REVIEW_CHAIN=Hediyelik & Parti > Kostüm, Maske & Parti Aksesuarları","canonical-v1.0.0","No public/pilot activation candidate in the canonical source; this package keeps it staged and fail-closed."
"CANONICAL-001547","e915c415-7589-4b0b-83cc-da5c21718abd","Hediyelik & Parti > Kostüm, Maske & Parti Aksesuarları > Parti Kostümleri","3","YES","YES","YES","POLICY_BLOCKED","NO","NO","NO","REGULATED","FAIL_CLOSED","pending","FAIL_CLOSED","POLICY_CHAIN=Hediyelik & Parti > Kostüm, Maske & Parti Aksesuarları:REGULATED | Hediyelik & Parti > Kostüm, Maske & Parti Aksesuarları > Parti Kostümleri:REGULATED; PROFESSIONAL_REVIEW_CHAIN=Hediyelik & Parti > Kostüm, Maske & Parti Aksesuarları | Hediyelik & Parti > Kostüm, Maske & Parti Aksesuarları > Parti Kostümleri","canonical-v1.0.0","No public/pilot activation candidate in the canonical source; this package keeps it staged and fail-closed."
"CANONICAL-001548","4c6148e4-1ad4-4b34-835e-827045b1357a","Hediyelik & Parti > Kostüm, Maske & Parti Aksesuarları > Parti Maskeleri","3","YES","YES","YES","POLICY_BLOCKED","NO","NO","NO","REGULATED","FAIL_CLOSED","pending","FAIL_CLOSED","POLICY_CHAIN=Hediyelik & Parti > Kostüm, Maske & Parti Aksesuarları:REGULATED | Hediyelik & Parti > Kostüm, Maske & Parti Aksesuarları > Parti Maskeleri:REGULATED; PROFESSIONAL_REVIEW_CHAIN=Hediyelik & Parti > Kostüm, Maske & Parti Aksesuarları | Hediyelik & Parti > Kostüm, Maske & Parti Aksesuarları > Parti Maskeleri","canonical-v1.0.0","No public/pilot activation candidate in the canonical source; this package keeps it staged and fail-closed."
"CANONICAL-001549","daa633c4-2410-41fb-804e-3d275a665aad","Hediyelik & Parti > Kostüm, Maske & Parti Aksesuarları > Parti Perukları","3","YES","YES","YES","POLICY_BLOCKED","NO","NO","NO","REGULATED","FAIL_CLOSED","pending","FAIL_CLOSED","POLICY_CHAIN=Hediyelik & Parti > Kostüm, Maske & Parti Aksesuarları:REGULATED | Hediyelik & Parti > Kostüm, Maske & Parti Aksesuarları > Parti Perukları:REGULATED; PROFESSIONAL_REVIEW_CHAIN=Hediyelik & Parti > Kostüm, Maske & Parti Aksesuarları | Hediyelik & Parti > Kostüm, Maske & Parti Aksesuarları > Parti Perukları","canonical-v1.0.0","No public/pilot activation candidate in the canonical source; this package keeps it staged and fail-closed."
"CANONICAL-001550","fba18f44-95b8-4c90-a33d-79c76a35fad8","Hediyelik & Parti > Kostüm, Maske & Parti Aksesuarları > Parti Şapkası, Taç & Baş Aksesuarları","3","YES","YES","YES","POLICY_BLOCKED","NO","NO","NO","REGULATED","FAIL_CLOSED","pending","FAIL_CLOSED","POLICY_CHAIN=Hediyelik & Parti > Kostüm, Maske & Parti Aksesuarları:REGULATED | Hediyelik & Parti > Kostüm, Maske & Parti Aksesuarları > Parti Şapkası, Taç & Baş Aksesuarları:REGULATED; PROFESSIONAL_REVIEW_CHAIN=Hediyelik & Parti > Kostüm, Maske & Parti Aksesuarları | Hediyelik & Parti > Kostüm, Maske & Parti Aksesuarları > Parti Şapkası, Taç & Baş Aksesuarları","canonical-v1.0.0","No public/pilot activation candidate in the canonical source; this package keeps it staged and fail-closed."
"CANONICAL-001551","5d542517-434e-475b-9b3b-2a69c4ed05a0","Hediyelik & Parti > Kostüm, Maske & Parti Aksesuarları > Giyilebilir Parti Aksesuarları","3","YES","YES","YES","POLICY_BLOCKED","NO","NO","NO","REGULATED","FAIL_CLOSED","pending","FAIL_CLOSED","POLICY_CHAIN=Hediyelik & Parti > Kostüm, Maske & Parti Aksesuarları:REGULATED | Hediyelik & Parti > Kostüm, Maske & Parti Aksesuarları > Giyilebilir Parti Aksesuarları:REGULATED; PROFESSIONAL_REVIEW_CHAIN=Hediyelik & Parti > Kostüm, Maske & Parti Aksesuarları | Hediyelik & Parti > Kostüm, Maske & Parti Aksesuarları > Giyilebilir Parti Aksesuarları","canonical-v1.0.0","No public/pilot activation candidate in the canonical source; this package keeps it staged and fail-closed."
"CANONICAL-001552","7c74e569-3393-4fd0-a341-61d1daeaf25c","Hediyelik & Parti > Kostüm, Maske & Parti Aksesuarları > Kostüm Amaçlı Ayak Aksesuarları","3","YES","YES","YES","POLICY_BLOCKED","NO","NO","NO","REGULATED","FAIL_CLOSED","pending","FAIL_CLOSED","POLICY_CHAIN=Hediyelik & Parti > Kostüm, Maske & Parti Aksesuarları:REGULATED | Hediyelik & Parti > Kostüm, Maske & Parti Aksesuarları > Kostüm Amaçlı Ayak Aksesuarları:REGULATED; PROFESSIONAL_REVIEW_CHAIN=Hediyelik & Parti > Kostüm, Maske & Parti Aksesuarları | Hediyelik & Parti > Kostüm, Maske & Parti Aksesuarları > Kostüm Amaçlı Ayak Aksesuarları","canonical-v1.0.0","No public/pilot activation candidate in the canonical source; this package keeps it staged and fail-closed."
"CANONICAL-001553","6dd8948e-f148-4ed7-9459-35a4945eae76","Hediyelik & Parti > Pasta Süsleme & Kutlama Aksesuarları","2","NO","YES","YES","CONTAINER_NOT_ASSIGNABLE","NO","NO","NO","REGULATED","FAIL_CLOSED","pending","FAIL_CLOSED","POLICY_CHAIN=Hediyelik & Parti > Pasta Süsleme & Kutlama Aksesuarları:REGULATED; PROFESSIONAL_REVIEW_CHAIN=Hediyelik & Parti > Pasta Süsleme & Kutlama Aksesuarları","canonical-v1.0.0","No public/pilot activation candidate in the canonical source; this package keeps it staged and fail-closed."
"CANONICAL-001554","f65dda48-1a6b-44d8-b21e-7d314404ea36","Hediyelik & Parti > Pasta Süsleme & Kutlama Aksesuarları > Pasta Mumları","3","NO","YES","YES","CONTAINER_NOT_ASSIGNABLE","NO","NO","NO","REGULATED","FAIL_CLOSED","pending","FAIL_CLOSED","POLICY_CHAIN=Hediyelik & Parti > Pasta Süsleme & Kutlama Aksesuarları:REGULATED | Hediyelik & Parti > Pasta Süsleme & Kutlama Aksesuarları > Pasta Mumları:REGULATED; PROFESSIONAL_REVIEW_CHAIN=Hediyelik & Parti > Pasta Süsleme & Kutlama Aksesuarları | Hediyelik & Parti > Pasta Süsleme & Kutlama Aksesuarları > Pasta Mumları","canonical-v1.0.0","No public/pilot activation candidate in the canonical source; this package keeps it staged and fail-closed."
"CANONICAL-001555","bdd589b6-c143-454a-a86f-7fc7c4c0bf78","Hediyelik & Parti > Pasta Süsleme & Kutlama Aksesuarları > Pasta Mumları > Standart Pasta Mumları","4","YES","YES","YES","POLICY_BLOCKED","NO","NO","NO","REGULATED","FAIL_CLOSED","pending","FAIL_CLOSED","POLICY_CHAIN=Hediyelik & Parti > Pasta Süsleme & Kutlama Aksesuarları:REGULATED | Hediyelik & Parti > Pasta Süsleme & Kutlama Aksesuarları > Pasta Mumları:REGULATED | Hediyelik & Parti > Pasta Süsleme & Kutlama Aksesuarları > Pasta Mumları > Standart Pasta Mumları:REGULATED; PROFESSIONAL_REVIEW_CHAIN=Hediyelik & Parti > Pasta Süsleme & Kutlama Aksesuarları | Hediyelik & Parti > Pasta Süsleme & Kutlama Aksesuarları > Pasta Mumları | Hediyelik & Parti > Pasta Süsleme & Kutlama Aksesuarları > Pasta Mumları > Standart Pasta Mumları","canonical-v1.0.0","No public/pilot activation candidate in the canonical source; this package keeps it staged and fail-closed."
"CANONICAL-001556","a51c57e6-f25f-4400-bcbc-953ecdd924c1","Hediyelik & Parti > Pasta Süsleme & Kutlama Aksesuarları > Pasta Mumları > Rakam & Harf Mumları","4","YES","YES","YES","POLICY_BLOCKED","NO","NO","NO","REGULATED","FAIL_CLOSED","pending","FAIL_CLOSED","POLICY_CHAIN=Hediyelik & Parti > Pasta Süsleme & Kutlama Aksesuarları:REGULATED | Hediyelik & Parti > Pasta Süsleme & Kutlama Aksesuarları > Pasta Mumları:REGULATED | Hediyelik & Parti > Pasta Süsleme & Kutlama Aksesuarları > Pasta Mumları > Rakam & Harf Mumları:REGULATED; PROFESSIONAL_REVIEW_CHAIN=Hediyelik & Parti > Pasta Süsleme & Kutlama Aksesuarları | Hediyelik & Parti > Pasta Süsleme & Kutlama Aksesuarları > Pasta Mumları | Hediyelik & Parti > Pasta Süsleme & Kutlama Aksesuarları > Pasta Mumları > Rakam & Harf Mumları","canonical-v1.0.0","No public/pilot activation candidate in the canonical source; this package keeps it staged and fail-closed."
"CANONICAL-001557","c515b41f-c6c3-4080-ac49-daf27babb997","Hediyelik & Parti > Pasta Süsleme & Kutlama Aksesuarları > Pasta Topperları","3","YES","YES","YES","POLICY_BLOCKED","NO","NO","NO","REGULATED","FAIL_CLOSED","pending","FAIL_CLOSED","POLICY_CHAIN=Hediyelik & Parti > Pasta Süsleme & Kutlama Aksesuarları:REGULATED | Hediyelik & Parti > Pasta Süsleme & Kutlama Aksesuarları > Pasta Topperları:REGULATED; PROFESSIONAL_REVIEW_CHAIN=Hediyelik & Parti > Pasta Süsleme & Kutlama Aksesuarları | Hediyelik & Parti > Pasta Süsleme & Kutlama Aksesuarları > Pasta Topperları","canonical-v1.0.0","No public/pilot activation candidate in the canonical source; this package keeps it staged and fail-closed."
"CANONICAL-001558","a76400d4-6c85-4a29-91dd-813accb70b0a","Hediyelik & Parti > Pasta Süsleme & Kutlama Aksesuarları > Pasta Dekor & Sunum Aksesuarları","3","YES","YES","YES","POLICY_BLOCKED","NO","NO","NO","REGULATED","FAIL_CLOSED","pending","FAIL_CLOSED","POLICY_CHAIN=Hediyelik & Parti > Pasta Süsleme & Kutlama Aksesuarları:REGULATED | Hediyelik & Parti > Pasta Süsleme & Kutlama Aksesuarları > Pasta Dekor & Sunum Aksesuarları:REGULATED; PROFESSIONAL_REVIEW_CHAIN=Hediyelik & Parti > Pasta Süsleme & Kutlama Aksesuarları | Hediyelik & Parti > Pasta Süsleme & Kutlama Aksesuarları > Pasta Dekor & Sunum Aksesuarları","canonical-v1.0.0","No public/pilot activation candidate in the canonical source; this package keeps it staged and fail-closed."
"CANONICAL-001559","683eb128-feab-450d-ad8d-9c676aa86456","Hediyelik & Parti > Parti Eğlence & Fotoğraf Aksesuarları","2","NO","YES","YES","CONTAINER_NOT_ASSIGNABLE","NO","NO","NO","REGULATED","FAIL_CLOSED","pending","FAIL_CLOSED","POLICY_CHAIN=Hediyelik & Parti > Parti Eğlence & Fotoğraf Aksesuarları:REGULATED; PROFESSIONAL_REVIEW_CHAIN=Hediyelik & Parti > Parti Eğlence & Fotoğraf Aksesuarları","canonical-v1.0.0","No public/pilot activation candidate in the canonical source; this package keeps it staged and fail-closed."
"CANONICAL-001560","41fc711c-5bdd-4a35-b559-ce2345643079","Hediyelik & Parti > Parti Eğlence & Fotoğraf Aksesuarları > Photo Booth Aksesuarları","3","YES","YES","YES","POLICY_BLOCKED","NO","NO","NO","NORMAL","FAIL_CLOSED","pending","FAIL_CLOSED","POLICY_CHAIN=Hediyelik & Parti > Parti Eğlence & Fotoğraf Aksesuarları:REGULATED; PROFESSIONAL_REVIEW_CHAIN=Hediyelik & Parti > Parti Eğlence & Fotoğraf Aksesuarları | Hediyelik & Parti > Parti Eğlence & Fotoğraf Aksesuarları > Photo Booth Aksesuarları","canonical-v1.0.0","No public/pilot activation candidate in the canonical source; this package keeps it staged and fail-closed."
"CANONICAL-001561","8e3fa89c-42c5-43ca-ada4-1e9cdc2c09c1","Hediyelik & Parti > Parti Eğlence & Fotoğraf Aksesuarları > Pinyatalar","3","YES","YES","YES","POLICY_BLOCKED","NO","NO","NO","REGULATED","FAIL_CLOSED","pending","FAIL_CLOSED","POLICY_CHAIN=Hediyelik & Parti > Parti Eğlence & Fotoğraf Aksesuarları:REGULATED | Hediyelik & Parti > Parti Eğlence & Fotoğraf Aksesuarları > Pinyatalar:REGULATED; PROFESSIONAL_REVIEW_CHAIN=Hediyelik & Parti > Parti Eğlence & Fotoğraf Aksesuarları | Hediyelik & Parti > Parti Eğlence & Fotoğraf Aksesuarları > Pinyatalar","canonical-v1.0.0","No public/pilot activation candidate in the canonical source; this package keeps it staged and fail-closed."
"CANONICAL-001562","d2c875f6-547f-428a-bc8a-b13e635774fa","Hediyelik & Parti > Parti Eğlence & Fotoğraf Aksesuarları > Parti Üflemelileri","3","YES","YES","YES","POLICY_BLOCKED","NO","NO","NO","REGULATED","FAIL_CLOSED","pending","FAIL_CLOSED","POLICY_CHAIN=Hediyelik & Parti > Parti Eğlence & Fotoğraf Aksesuarları:REGULATED | Hediyelik & Parti > Parti Eğlence & Fotoğraf Aksesuarları > Parti Üflemelileri:REGULATED; PROFESSIONAL_REVIEW_CHAIN=Hediyelik & Parti > Parti Eğlence & Fotoğraf Aksesuarları | Hediyelik & Parti > Parti Eğlence & Fotoğraf Aksesuarları > Parti Üflemelileri","canonical-v1.0.0","No public/pilot activation candidate in the canonical source; this package keeps it staged and fail-closed."
"CANONICAL-001563","549f7e66-b8b9-4271-9086-433437ca996e","Hediyelik & Parti > Parti Eğlence & Fotoğraf Aksesuarları > Kutlama Etkinlik Aksesuarları","3","YES","YES","YES","POLICY_BLOCKED","NO","NO","NO","REGULATED","FAIL_CLOSED","pending","FAIL_CLOSED","POLICY_CHAIN=Hediyelik & Parti > Parti Eğlence & Fotoğraf Aksesuarları:REGULATED | Hediyelik & Parti > Parti Eğlence & Fotoğraf Aksesuarları > Kutlama Etkinlik Aksesuarları:REGULATED; PROFESSIONAL_REVIEW_CHAIN=Hediyelik & Parti > Parti Eğlence & Fotoğraf Aksesuarları | Hediyelik & Parti > Parti Eğlence & Fotoğraf Aksesuarları > Kutlama Etkinlik Aksesuarları","canonical-v1.0.0","No public/pilot activation candidate in the canonical source; this package keeps it staged and fail-closed."
