"AUDIT_ID","SOURCE_BATCH","SOURCE_COMMIT","SOURCE_FILE","SOURCE_ROW_NUMBER","PARENT_AUDIT_ID","PARENT_PATH","L1","L2","L3","L4","DEPTH","FULL_PATH","NORMALIZED_PATH","LEAF_YN","NODE_STATE","POLICY_CLASS","PRIMARY_DOMAIN","OWNER_DECISION_REQUIRED","PROFESSIONAL_REVIEW_REQUIRED","SOURCE_NOTES","TEMPORARY_ID_NOTICE"
"AUDIT-000001","BATCH_01","709695961e900db91861a4307f76d24c73267367","docs/TAXONOMY_BATCH_01_FINALIZATION_TREE.csv","2","","Gıda & İçecek","Gıda & İçecek","Taze Meyve & Sebze","","","2","Gıda & İçecek > Taze Meyve & Sebze","gıda & içecek > taze meyve & sebze","NO","CANDIDATE_FOR_PRODUCT_OWNER_FINALIZATION","NORMAL","Gıda & İçecek","YES","NO","Batch 01 source proposal; finalization candidate; OM-R06=B; OM-R07=B; OM-R10=A","TEMPORARY_AUDIT_ID_NOT_PRODUCTION_STABLE_ID"
"AUDIT-000002","BATCH_01","709695961e900db91861a4307f76d24c73267367","docs/TAXONOMY_BATCH_01_FINALIZATION_TREE.csv","3","AUDIT-000001","Gıda & İçecek > Taze Meyve & Sebze","Gıda & İçecek","Taze Meyve & Sebze","Taze Meyve","","3","Gıda & İçecek > Taze Meyve & Sebze > Taze Meyve","gıda & içecek > taze meyve & sebze > taze meyve","YES","CANDIDATE_FOR_PRODUCT_OWNER_FINALIZATION","NORMAL","Gıda & İçecek","YES","NO","Batch 01 source proposal; finalization candidate; OM-R06=B; OM-R07=B; OM-R10=A","TEMPORARY_AUDIT_ID_NOT_PRODUCTION_STABLE_ID"
"AUDIT-000003","BATCH_01","709695961e900db91861a4307f76d24c73267367","docs/TAXONOMY_BATCH_01_FINALIZATION_TREE.csv","4","AUDIT-000001","Gıda & İçecek > Taze Meyve & Sebze","Gıda & İçecek","Taze Meyve & Sebze","Taze Sebze","","3","Gıda & İçecek > Taze Meyve & Sebze > Taze Sebze","gıda & içecek > taze meyve & sebze > taze sebze","YES","CANDIDATE_FOR_PRODUCT_OWNER_FINALIZATION","NORMAL","Gıda & İçecek","YES","NO","Batch 01 source proposal; finalization candidate; OM-R06=B; OM-R07=B; OM-R10=A","TEMPORARY_AUDIT_ID_NOT_PRODUCTION_STABLE_ID"
"AUDIT-000004","BATCH_01","709695961e900db91861a4307f76d24c73267367","docs/TAXONOMY_BATCH_01_FINALIZATION_TREE.csv","5","AUDIT-000001","Gıda & İçecek > Taze Meyve & Sebze","Gıda & İçecek","Taze Meyve & Sebze","Mantar","","3","Gıda & İçecek > Taze Meyve & Sebze > Mantar","gıda & içecek > taze meyve & sebze > mantar","YES","CANDIDATE_FOR_PRODUCT_OWNER_FINALIZATION","NORMAL","Gıda & İçecek","YES","NO","Batch 01 source proposal; finalization candidate; OM-R06=B; OM-R07=B; OM-R10=A","TEMPORARY_AUDIT_ID_NOT_PRODUCTION_STABLE_ID"
"AUDIT-000005","BATCH_01","709695961e900db91861a4307f76d24c73267367","docs/TAXONOMY_BATCH_01_FINALIZATION_TREE.csv","6","AUDIT-000001","Gıda & İçecek > Taze Meyve & Sebze","Gıda & İçecek","Taze Meyve & Sebze","Taze Ot & Yeşillik","","3","Gıda & İçecek > Taze Meyve & Sebze > Taze Ot & Yeşillik","gıda & içecek > taze meyve & sebze > taze ot & yeşillik","YES","CANDIDATE_FOR_PRODUCT_OWNER_FINALIZATION","NORMAL","Gıda & İçecek","YES","NO","Batch 01 source proposal; finalization candidate; OM-R06=B; OM-R07=B; OM-R10=A","TEMPORARY_AUDIT_ID_NOT_PRODUCTION_STABLE_ID"
"AUDIT-000006","BATCH_01","709695961e900db91861a4307f76d24c73267367","docs/TAXONOMY_BATCH_01_FINALIZATION_TREE.csv","7","","Gıda & İçecek","Gıda & İçecek","Et, Tavuk, Balık & Şarküteri","","","2","Gıda & İçecek > Et, Tavuk, Balık & Şarküteri","gıda & içecek > et, tavuk, balık & şarküteri","NO","CANDIDATE_FOR_PRODUCT_OWNER_FINALIZATION","REGULATED","Gıda & İçecek","YES","YES","Batch 01 source proposal; finalization candidate; OM-R06=B; OM-R07=B; OM-R10=A","TEMPORARY_AUDIT_ID_NOT_PRODUCTION_STABLE_ID"
"AUDIT-000007","BATCH_01","709695961e900db91861a4307f76d24c73267367","docs/TAXONOMY_BATCH_01_FINALIZATION_TREE.csv","8","AUDIT-000006","Gıda & İçecek > Et, Tavuk, Balık & Şarküteri","Gıda & İçecek","Et, Tavuk, Balık & Şarküteri","Kırmızı Et","","3","Gıda & İçecek > Et, Tavuk, Balık & Şarküteri > Kırmızı Et","gıda & içecek > et, tavuk, balık & şarküteri > kırmızı et","YES","CANDIDATE_FOR_PRODUCT_OWNER_FINALIZATION","REGULATED","Gıda & İçecek","YES","YES","Batch 01 source proposal; finalization candidate; OM-R06=B; OM-R07=B; OM-R10=A","TEMPORARY_AUDIT_ID_NOT_PRODUCTION_STABLE_ID"
"AUDIT-000008","BATCH_01","709695961e900db91861a4307f76d24c73267367","docs/TAXONOMY_BATCH_01_FINALIZATION_TREE.csv","9","AUDIT-000006","Gıda & İçecek > Et, Tavuk, Balık & Şarküteri","Gıda & İçecek","Et, Tavuk, Balık & Şarküteri","Tavuk & Kanatlı","","3","Gıda & İçecek > Et, Tavuk, Balık & Şarküteri > Tavuk & Kanatlı","gıda & içecek > et, tavuk, balık & şarküteri > tavuk & kanatlı","YES","CANDIDATE_FOR_PRODUCT_OWNER_FINALIZATION","REGULATED","Gıda & İçecek","YES","YES","Batch 01 source proposal; finalization candidate; OM-R06=B; OM-R07=B; OM-R10=A","TEMPORARY_AUDIT_ID_NOT_PRODUCTION_STABLE_ID"
"AUDIT-000009","BATCH_01","709695961e900db91861a4307f76d24c73267367","docs/TAXONOMY_BATCH_01_FINALIZATION_TREE.csv","10","AUDIT-000006","Gıda & İçecek > Et, Tavuk, Balık & Şarküteri","Gıda & İçecek","Et, Tavuk, Balık & Şarküteri","Balık & Deniz Ürünleri","","3","Gıda & İçecek > Et, Tavuk, Balık & Şarküteri > Balık & Deniz Ürünleri","gıda & içecek > et, tavuk, balık & şarküteri > balık & deniz ürünleri","YES","CANDIDATE_FOR_PRODUCT_OWNER_FINALIZATION","REGULATED","Gıda & İçecek","YES","YES","Batch 01 source proposal; finalization candidate; OM-R06=B; OM-R07=B; OM-R10=A","TEMPORARY_AUDIT_ID_NOT_PRODUCTION_STABLE_ID"
"AUDIT-000010","BATCH_01","709695961e900db91861a4307f76d24c73267367","docs/TAXONOMY_BATCH_01_FINALIZATION_TREE.csv","11","AUDIT-000006","Gıda & İçecek > Et, Tavuk, Balık & Şarküteri","Gıda & İçecek","Et, Tavuk, Balık & Şarküteri","Şarküteri Ürünleri","","3","Gıda & İçecek > Et, Tavuk, Balık & Şarküteri > Şarküteri Ürünleri","gıda & içecek > et, tavuk, balık & şarküteri > şarküteri ürünleri","YES","CANDIDATE_FOR_PRODUCT_OWNER_FINALIZATION","REGULATED","Gıda & İçecek","YES","YES","Batch 01 source proposal; finalization candidate; OM-R06=B; OM-R07=B; OM-R10=A","TEMPORARY_AUDIT_ID_NOT_PRODUCTION_STABLE_ID"
"AUDIT-000011","BATCH_01","709695961e900db91861a4307f76d24c73267367","docs/TAXONOMY_BATCH_01_FINALIZATION_TREE.csv","12","","Gıda & İçecek","Gıda & İçecek","Süt Ürünleri & Yumurta","","","2","Gıda & İçecek > Süt Ürünleri & Yumurta","gıda & içecek > süt ürünleri & yumurta","NO","CANDIDATE_FOR_PRODUCT_OWNER_FINALIZATION","REGULATED","Gıda & İçecek","YES","YES","Batch 01 source proposal; finalization candidate; OM-R06=B; OM-R07=B; OM-R10=A","TEMPORARY_AUDIT_ID_NOT_PRODUCTION_STABLE_ID"
"AUDIT-000012","BATCH_01","709695961e900db91861a4307f76d24c73267367","docs/TAXONOMY_BATCH_01_FINALIZATION_TREE.csv","13","AUDIT-000011","Gıda & İçecek > Süt Ürünleri & Yumurta","Gıda & İçecek","Süt Ürünleri & Yumurta","Süt","","3","Gıda & İçecek > Süt Ürünleri & Yumurta > Süt","gıda & içecek > süt ürünleri & yumurta > süt","YES","CANDIDATE_FOR_PRODUCT_OWNER_FINALIZATION","REGULATED","Gıda & İçecek","YES","YES","Batch 01 source proposal; finalization candidate; OM-R06=B; OM-R07=B; OM-R10=A","TEMPORARY_AUDIT_ID_NOT_PRODUCTION_STABLE_ID"
"AUDIT-000013","BATCH_01","709695961e900db91861a4307f76d24c73267367","docs/TAXONOMY_BATCH_01_FINALIZATION_TREE.csv","14","AUDIT-000011","Gıda & İçecek > Süt Ürünleri & Yumurta","Gıda & İçecek","Süt Ürünleri & Yumurta","Yoğurt","","3","Gıda & İçecek > Süt Ürünleri & Yumurta > Yoğurt","gıda & içecek > süt ürünleri & yumurta > yoğurt","YES","CANDIDATE_FOR_PRODUCT_OWNER_FINALIZATION","REGULATED","Gıda & İçecek","YES","YES","Batch 01 source proposal; finalization candidate; OM-R06=B; OM-R07=B; OM-R10=A","TEMPORARY_AUDIT_ID_NOT_PRODUCTION_STABLE_ID"
"AUDIT-000014","BATCH_01","709695961e900db91861a4307f76d24c73267367","docs/TAXONOMY_BATCH_01_FINALIZATION_TREE.csv","15","AUDIT-000011","Gıda & İçecek > Süt Ürünleri & Yumurta","Gıda & İçecek","Süt Ürünleri & Yumurta","Peynir","","3","Gıda & İçecek > Süt Ürünleri & Yumurta > Peynir","gıda & içecek > süt ürünleri & yumurta > peynir","YES","CANDIDATE_FOR_PRODUCT_OWNER_FINALIZATION","REGULATED","Gıda & İçecek","YES","YES","Batch 01 source proposal; finalization candidate; OM-R06=B; OM-R07=B; OM-R10=A","TEMPORARY_AUDIT_ID_NOT_PRODUCTION_STABLE_ID"
"AUDIT-000015","BATCH_01","709695961e900db91861a4307f76d24c73267367","docs/TAXONOMY_BATCH_01_FINALIZATION_TREE.csv","16","AUDIT-000011","Gıda & İçecek > Süt Ürünleri & Yumurta","Gıda & İçecek","Süt Ürünleri & Yumurta","Ayran & Kefir","","3","Gıda & İçecek > Süt Ürünleri & Yumurta > Ayran & Kefir","gıda & içecek > süt ürünleri & yumurta > ayran & kefir","YES","CANDIDATE_FOR_PRODUCT_OWNER_FINALIZATION","REGULATED","Gıda & İçecek","YES","YES","Batch 01 source proposal; finalization candidate; OM-R06=B; OM-R07=B; OM-R10=A","TEMPORARY_AUDIT_ID_NOT_PRODUCTION_STABLE_ID"
"AUDIT-000016","BATCH_01","709695961e900db91861a4307f76d24c73267367","docs/TAXONOMY_BATCH_01_FINALIZATION_TREE.csv","17","AUDIT-000011","Gıda & İçecek > Süt Ürünleri & Yumurta","Gıda & İçecek","Süt Ürünleri & Yumurta","Tereyağı & Krema","","3","Gıda & İçecek > Süt Ürünleri & Yumurta > Tereyağı & Krema","gıda & içecek > süt ürünleri & yumurta > tereyağı & krema","YES","CANDIDATE_FOR_PRODUCT_OWNER_FINALIZATION","REGULATED","Gıda & İçecek","YES","YES","Batch 01 source proposal; finalization candidate; OM-R06=B; OM-R07=B; OM-R10=A","TEMPORARY_AUDIT_ID_NOT_PRODUCTION_STABLE_ID"
"AUDIT-000017","BATCH_01","709695961e900db91861a4307f76d24c73267367","docs/TAXONOMY_BATCH_01_FINALIZATION_TREE.csv","18","AUDIT-000011","Gıda & İçecek > Süt Ürünleri & Yumurta","Gıda & İçecek","Süt Ürünleri & Yumurta","Yumurta","","3","Gıda & İçecek > Süt Ürünleri & Yumurta > Yumurta","gıda & içecek > süt ürünleri & yumurta > yumurta","YES","CANDIDATE_FOR_PRODUCT_OWNER_FINALIZATION","REGULATED","Gıda & İçecek","YES","YES","Batch 01 source proposal; finalization candidate; OM-R06=B; OM-R07=B; OM-R10=A","TEMPORARY_AUDIT_ID_NOT_PRODUCTION_STABLE_ID"
"AUDIT-000018","BATCH_01","709695961e900db91861a4307f76d24c73267367","docs/TAXONOMY_BATCH_01_FINALIZATION_TREE.csv","19","","Gıda & İçecek","Gıda & İçecek","Ekmek, Unlu Mamuller & Pastacılık","","","2","Gıda & İçecek > Ekmek, Unlu Mamuller & Pastacılık","gıda & içecek > ekmek, unlu mamuller & pastacılık","NO","CANDIDATE_FOR_PRODUCT_OWNER_FINALIZATION","REGULATED","Gıda & İçecek","YES","YES","Batch 01 source proposal; finalization candidate; OM-R06=B; OM-R07=B; OM-R10=A","TEMPORARY_AUDIT_ID_NOT_PRODUCTION_STABLE_ID"
"AUDIT-000019","BATCH_01","709695961e900db91861a4307f76d24c73267367","docs/TAXONOMY_BATCH_01_FINALIZATION_TREE.csv","20","AUDIT-000018","Gıda & İçecek > Ekmek, Unlu Mamuller & Pastacılık","Gıda & İçecek","Ekmek, Unlu Mamuller & Pastacılık","Ekmekler","","3","Gıda & İçecek > Ekmek, Unlu Mamuller & Pastacılık > Ekmekler","gıda & içecek > ekmek, unlu mamuller & pastacılık > ekmekler","YES","CANDIDATE_FOR_PRODUCT_OWNER_FINALIZATION","NORMAL","Gıda & İçecek","YES","NO","Batch 01 source proposal; finalization candidate; OM-R06=B; OM-R07=B; OM-R10=A","TEMPORARY_AUDIT_ID_NOT_PRODUCTION_STABLE_ID"
"AUDIT-000020","BATCH_01","709695961e900db91861a4307f76d24c73267367","docs/TAXONOMY_BATCH_01_FINALIZATION_TREE.csv","21","AUDIT-000018","Gıda & İçecek > Ekmek, Unlu Mamuller & Pastacılık","Gıda & İçecek","Ekmek, Unlu Mamuller & Pastacılık","Simit, Poğaça & Börek","","3","Gıda & İçecek > Ekmek, Unlu Mamuller & Pastacılık > Simit, Poğaça & Börek","gıda & içecek > ekmek, unlu mamuller & pastacılık > simit, poğaça & börek","YES","CANDIDATE_FOR_PRODUCT_OWNER_FINALIZATION","NORMAL","Gıda & İçecek","YES","NO","Batch 01 source proposal; finalization candidate; OM-R06=B; OM-R07=B; OM-R10=A","TEMPORARY_AUDIT_ID_NOT_PRODUCTION_STABLE_ID"
"AUDIT-000021","BATCH_01","709695961e900db91861a4307f76d24c73267367","docs/TAXONOMY_BATCH_01_FINALIZATION_TREE.csv","22","AUDIT-000018","Gıda & İçecek > Ekmek, Unlu Mamuller & Pastacılık","Gıda & İçecek","Ekmek, Unlu Mamuller & Pastacılık","Kek, Kurabiye & Paketli Unlu Mamuller","","3","Gıda & İçecek > Ekmek, Unlu Mamuller & Pastacılık > Kek, Kurabiye & Paketli Unlu Mamuller","gıda & içecek > ekmek, unlu mamuller & pastacılık > kek, kurabiye & paketli unlu mamuller","YES","CANDIDATE_FOR_PRODUCT_OWNER_FINALIZATION","NORMAL","Gıda & İçecek","YES","NO","Batch 01 source proposal; finalization candidate; OM-R06=B; OM-R07=B; OM-R10=A","TEMPORARY_AUDIT_ID_NOT_PRODUCTION_STABLE_ID"
"AUDIT-000022","BATCH_01","709695961e900db91861a4307f76d24c73267367","docs/TAXONOMY_BATCH_01_FINALIZATION_TREE.csv","23","AUDIT-000018","Gıda & İçecek > Ekmek, Unlu Mamuller & Pastacılık","Gıda & İçecek","Ekmek, Unlu Mamuller & Pastacılık","Pasta & Pastane Tatlıları","","3","Gıda & İçecek > Ekmek, Unlu Mamuller & Pastacılık > Pasta & Pastane Tatlıları","gıda & içecek > ekmek, unlu mamuller & pastacılık > pasta & pastane tatlıları","YES","CANDIDATE_FOR_PRODUCT_OWNER_FINALIZATION","REGULATED","Gıda & İçecek","YES","YES","Batch 01 source proposal; finalization candidate; OM-R06=B; OM-R07=B; OM-R10=A","TEMPORARY_AUDIT_ID_NOT_PRODUCTION_STABLE_ID"
"AUDIT-000023","BATCH_01","709695961e900db91861a4307f76d24c73267367","docs/TAXONOMY_BATCH_01_FINALIZATION_TREE.csv","24","","Gıda & İçecek","Gıda & İçecek","Bakliyat, Tahıl & Makarna","","","2","Gıda & İçecek > Bakliyat, Tahıl & Makarna","gıda & içecek > bakliyat, tahıl & makarna","NO","CANDIDATE_FOR_PRODUCT_OWNER_FINALIZATION","NORMAL","Gıda & İçecek","YES","NO","Batch 01 source proposal; finalization candidate; OM-R06=B; OM-R07=B; OM-R10=A","TEMPORARY_AUDIT_ID_NOT_PRODUCTION_STABLE_ID"
"AUDIT-000024","BATCH_01","709695961e900db91861a4307f76d24c73267367","docs/TAXONOMY_BATCH_01_FINALIZATION_TREE.csv","25","AUDIT-000023","Gıda & İçecek > Bakliyat, Tahıl & Makarna","Gıda & İçecek","Bakliyat, Tahıl & Makarna","Bakliyat","","3","Gıda & İçecek > Bakliyat, Tahıl & Makarna > Bakliyat","gıda & içecek > bakliyat, tahıl & makarna > bakliyat","NO","CANDIDATE_FOR_PRODUCT_OWNER_FINALIZATION","NORMAL","Gıda & İçecek","YES","NO","Batch 01 source proposal; finalization candidate; OM-R06=B; OM-R07=B; OM-R10=A","TEMPORARY_AUDIT_ID_NOT_PRODUCTION_STABLE_ID"
"AUDIT-000025","BATCH_01","709695961e900db91861a4307f76d24c73267367","docs/TAXONOMY_BATCH_01_FINALIZATION_TREE.csv","26","AUDIT-000024","Gıda & İçecek > Bakliyat, Tahıl & Makarna > Bakliyat","Gıda & İçecek","Bakliyat, Tahıl & Makarna","Bakliyat","Mercimek","4","Gıda & İçecek > Bakliyat, Tahıl & Makarna > Bakliyat > Mercimek","gıda & içecek > bakliyat, tahıl & makarna > bakliyat > mercimek","YES","CANDIDATE_FOR_PRODUCT_OWNER_FINALIZATION","NORMAL","Gıda & İçecek","YES","NO","Batch 01 source proposal; finalization candidate; OM-R06=B; OM-R07=B; OM-R10=A","TEMPORARY_AUDIT_ID_NOT_PRODUCTION_STABLE_ID"
"AUDIT-000026","BATCH_01","709695961e900db91861a4307f76d24c73267367","docs/TAXONOMY_BATCH_01_FINALIZATION_TREE.csv","27","AUDIT-000024","Gıda & İçecek > Bakliyat, Tahıl & Makarna > Bakliyat","Gıda & İçecek","Bakliyat, Tahıl & Makarna","Bakliyat","Nohut","4","Gıda & İçecek > Bakliyat, Tahıl & Makarna > Bakliyat > Nohut","gıda & içecek > bakliyat, tahıl & makarna > bakliyat > nohut","YES","CANDIDATE_FOR_PRODUCT_OWNER_FINALIZATION","NORMAL","Gıda & İçecek","YES","NO","Batch 01 source proposal; finalization candidate; OM-R06=B; OM-R07=B; OM-R10=A","TEMPORARY_AUDIT_ID_NOT_PRODUCTION_STABLE_ID"
"AUDIT-000027","BATCH_01","709695961e900db91861a4307f76d24c73267367","docs/TAXONOMY_BATCH_01_FINALIZATION_TREE.csv","28","AUDIT-000024","Gıda & İçecek > Bakliyat, Tahıl & Makarna > Bakliyat","Gıda & İçecek","Bakliyat, Tahıl & Makarna","Bakliyat","Kuru Fasulye & Diğer Bakliyat","4","Gıda & İçecek > Bakliyat, Tahıl & Makarna > Bakliyat > Kuru Fasulye & Diğer Bakliyat","gıda & içecek > bakliyat, tahıl & makarna > bakliyat > kuru fasulye & diğer bakliyat","YES","CANDIDATE_FOR_PRODUCT_OWNER_FINALIZATION","NORMAL","Gıda & İçecek","YES","NO","Batch 01 source proposal; finalization candidate; OM-R06=B; OM-R07=B; OM-R10=A","TEMPORARY_AUDIT_ID_NOT_PRODUCTION_STABLE_ID"
"AUDIT-000028","BATCH_01","709695961e900db91861a4307f76d24c73267367","docs/TAXONOMY_BATCH_01_FINALIZATION_TREE.csv","29","AUDIT-000023","Gıda & İçecek > Bakliyat, Tahıl & Makarna","Gıda & İçecek","Bakliyat, Tahıl & Makarna","Pirinç & Bulgur","","3","Gıda & İçecek > Bakliyat, Tahıl & Makarna > Pirinç & Bulgur","gıda & içecek > bakliyat, tahıl & makarna > pirinç & bulgur","YES","CANDIDATE_FOR_PRODUCT_OWNER_FINALIZATION","NORMAL","Gıda & İçecek","YES","NO","Batch 01 source proposal; finalization candidate; OM-R06=B; OM-R07=B; OM-R10=A","TEMPORARY_AUDIT_ID_NOT_PRODUCTION_STABLE_ID"
"AUDIT-000029","BATCH_01","709695961e900db91861a4307f76d24c73267367","docs/TAXONOMY_BATCH_01_FINALIZATION_TREE.csv","30","AUDIT-000023","Gıda & İçecek > Bakliyat, Tahıl & Makarna","Gıda & İçecek","Bakliyat, Tahıl & Makarna","Tahıl, Yulaf & Hububat","","3","Gıda & İçecek > Bakliyat, Tahıl & Makarna > Tahıl, Yulaf & Hububat","gıda & içecek > bakliyat, tahıl & makarna > tahıl, yulaf & hububat","YES","CANDIDATE_FOR_PRODUCT_OWNER_FINALIZATION","NORMAL","Gıda & İçecek","YES","NO","Batch 01 source proposal; finalization candidate; OM-R06=B; OM-R07=B; OM-R10=A","TEMPORARY_AUDIT_ID_NOT_PRODUCTION_STABLE_ID"
"AUDIT-000030","BATCH_01","709695961e900db91861a4307f76d24c73267367","docs/TAXONOMY_BATCH_01_FINALIZATION_TREE.csv","31","AUDIT-000023","Gıda & İçecek > Bakliyat, Tahıl & Makarna","Gıda & İçecek","Bakliyat, Tahıl & Makarna","Makarna & Erişte","","3","Gıda & İçecek > Bakliyat, Tahıl & Makarna > Makarna & Erişte","gıda & içecek > bakliyat, tahıl & makarna > makarna & erişte","YES","CANDIDATE_FOR_PRODUCT_OWNER_FINALIZATION","NORMAL","Gıda & İçecek","YES","NO","Batch 01 source proposal; finalization candidate; OM-R06=B; OM-R07=B; OM-R10=A","TEMPORARY_AUDIT_ID_NOT_PRODUCTION_STABLE_ID"
"AUDIT-000031","BATCH_01","709695961e900db91861a4307f76d24c73267367","docs/TAXONOMY_BATCH_01_FINALIZATION_TREE.csv","32","","Gıda & İçecek","Gıda & İçecek","Un, Şeker & Pişirme Malzemeleri","","","2","Gıda & İçecek > Un, Şeker & Pişirme Malzemeleri","gıda & içecek > un, şeker & pişirme malzemeleri","NO","CANDIDATE_FOR_PRODUCT_OWNER_FINALIZATION","NORMAL","Gıda & İçecek","YES","NO","Batch 01 source proposal; finalization candidate; OM-R06=B; OM-R07=B; OM-R10=A","TEMPORARY_AUDIT_ID_NOT_PRODUCTION_STABLE_ID"
"AUDIT-000032","BATCH_01","709695961e900db91861a4307f76d24c73267367","docs/TAXONOMY_BATCH_01_FINALIZATION_TREE.csv","33","AUDIT-000031","Gıda & İçecek > Un, Şeker & Pişirme Malzemeleri","Gıda & İçecek","Un, Şeker & Pişirme Malzemeleri","Unlar","","3","Gıda & İçecek > Un, Şeker & Pişirme Malzemeleri > Unlar","gıda & içecek > un, şeker & pişirme malzemeleri > unlar","YES","CANDIDATE_FOR_PRODUCT_OWNER_FINALIZATION","NORMAL","Gıda & İçecek","YES","NO","Batch 01 source proposal; finalization candidate; OM-R06=B; OM-R07=B; OM-R10=A","TEMPORARY_AUDIT_ID_NOT_PRODUCTION_STABLE_ID"
"AUDIT-000033","BATCH_01","709695961e900db91861a4307f76d24c73267367","docs/TAXONOMY_BATCH_01_FINALIZATION_TREE.csv","34","AUDIT-000031","Gıda & İçecek > Un, Şeker & Pişirme Malzemeleri","Gıda & İçecek","Un, Şeker & Pişirme Malzemeleri","Şeker & Tatlandırıcılar","","3","Gıda & İçecek > Un, Şeker & Pişirme Malzemeleri > Şeker & Tatlandırıcılar","gıda & içecek > un, şeker & pişirme malzemeleri > şeker & tatlandırıcılar","YES","CANDIDATE_FOR_PRODUCT_OWNER_FINALIZATION","NORMAL","Gıda & İçecek","YES","NO","Batch 01 source proposal; finalization candidate; OM-R06=B; OM-R07=B; OM-R10=A","TEMPORARY_AUDIT_ID_NOT_PRODUCTION_STABLE_ID"
"AUDIT-000034","BATCH_01","709695961e900db91861a4307f76d24c73267367","docs/TAXONOMY_BATCH_01_FINALIZATION_TREE.csv","35","AUDIT-000031","Gıda & İçecek > Un, Şeker & Pişirme Malzemeleri","Gıda & İçecek","Un, Şeker & Pişirme Malzemeleri","Maya & Kabartma Ürünleri","","3","Gıda & İçecek > Un, Şeker & Pişirme Malzemeleri > Maya & Kabartma Ürünleri","gıda & içecek > un, şeker & pişirme malzemeleri > maya & kabartma ürünleri","YES","CANDIDATE_FOR_PRODUCT_OWNER_FINALIZATION","NORMAL","Gıda & İçecek","YES","NO","Batch 01 source proposal; finalization candidate; OM-R06=B; OM-R07=B; OM-R10=A","TEMPORARY_AUDIT_ID_NOT_PRODUCTION_STABLE_ID"
"AUDIT-000035","BATCH_01","709695961e900db91861a4307f76d24c73267367","docs/TAXONOMY_BATCH_01_FINALIZATION_TREE.csv","36","AUDIT-000031","Gıda & İçecek > Un, Şeker & Pişirme Malzemeleri","Gıda & İçecek","Un, Şeker & Pişirme Malzemeleri","Kakao & Pişirme Çikolatası","","3","Gıda & İçecek > Un, Şeker & Pişirme Malzemeleri > Kakao & Pişirme Çikolatası","gıda & içecek > un, şeker & pişirme malzemeleri > kakao & pişirme çikolatası","YES","CANDIDATE_FOR_PRODUCT_OWNER_FINALIZATION","NORMAL","Gıda & İçecek","YES","NO","Batch 01 source proposal; finalization candidate; OM-R06=B; OM-R07=B; OM-R10=A","TEMPORARY_AUDIT_ID_NOT_PRODUCTION_STABLE_ID"
"AUDIT-000036","BATCH_01","709695961e900db91861a4307f76d24c73267367","docs/TAXONOMY_BATCH_01_FINALIZATION_TREE.csv","37","AUDIT-000031","Gıda & İçecek > Un, Şeker & Pişirme Malzemeleri","Gıda & İçecek","Un, Şeker & Pişirme Malzemeleri","Pasta Süsleme & Dolgu Malzemeleri","","3","Gıda & İçecek > Un, Şeker & Pişirme Malzemeleri > Pasta Süsleme & Dolgu Malzemeleri","gıda & içecek > un, şeker & pişirme malzemeleri > pasta süsleme & dolgu malzemeleri","YES","CANDIDATE_FOR_PRODUCT_OWNER_FINALIZATION","NORMAL","Gıda & İçecek","YES","NO","Batch 01 source proposal; finalization candidate; OM-R06=B; OM-R07=B; OM-R10=A","TEMPORARY_AUDIT_ID_NOT_PRODUCTION_STABLE_ID"
"AUDIT-000037","BATCH_01","709695961e900db91861a4307f76d24c73267367","docs/TAXONOMY_BATCH_01_FINALIZATION_TREE.csv","38","","Gıda & İçecek","Gıda & İçecek","Yağ & Sirke","","","2","Gıda & İçecek > Yağ & Sirke","gıda & içecek > yağ & sirke","NO","CANDIDATE_FOR_PRODUCT_OWNER_FINALIZATION","NORMAL","Gıda & İçecek","YES","NO","Batch 01 source proposal; finalization candidate; OM-R06=B; OM-R07=B; OM-R10=A","TEMPORARY_AUDIT_ID_NOT_PRODUCTION_STABLE_ID"
"AUDIT-000038","BATCH_01","709695961e900db91861a4307f76d24c73267367","docs/TAXONOMY_BATCH_01_FINALIZATION_TREE.csv","39","AUDIT-000037","Gıda & İçecek > Yağ & Sirke","Gıda & İçecek","Yağ & Sirke","Yemeklik Yağlar","","3","Gıda & İçecek > Yağ & Sirke > Yemeklik Yağlar","gıda & içecek > yağ & sirke > yemeklik yağlar","NO","CANDIDATE_FOR_PRODUCT_OWNER_FINALIZATION","NORMAL","Gıda & İçecek","YES","NO","Batch 01 source proposal; finalization candidate; OM-R06=B; OM-R07=B; OM-R10=A","TEMPORARY_AUDIT_ID_NOT_PRODUCTION_STABLE_ID"
"AUDIT-000039","BATCH_01","709695961e900db91861a4307f76d24c73267367","docs/TAXONOMY_BATCH_01_FINALIZATION_TREE.csv","40","AUDIT-000038","Gıda & İçecek > Yağ & Sirke > Yemeklik Yağlar","Gıda & İçecek","Yağ & Sirke","Yemeklik Yağlar","Zeytinyağı","4","Gıda & İçecek > Yağ & Sirke > Yemeklik Yağlar > Zeytinyağı","gıda & içecek > yağ & sirke > yemeklik yağlar > zeytinyağı","YES","CANDIDATE_FOR_PRODUCT_OWNER_FINALIZATION","NORMAL","Gıda & İçecek","YES","NO","Batch 01 source proposal; finalization candidate; OM-R06=B; OM-R07=B; OM-R10=A","TEMPORARY_AUDIT_ID_NOT_PRODUCTION_STABLE_ID"
"AUDIT-000040","BATCH_01","709695961e900db91861a4307f76d24c73267367","docs/TAXONOMY_BATCH_01_FINALIZATION_TREE.csv","41","AUDIT-000038","Gıda & İçecek > Yağ & Sirke > Yemeklik Yağlar","Gıda & İçecek","Yağ & Sirke","Yemeklik Yağlar","Bitkisel Sıvı Yağlar","4","Gıda & İçecek > Yağ & Sirke > Yemeklik Yağlar > Bitkisel Sıvı Yağlar","gıda & içecek > yağ & sirke > yemeklik yağlar > bitkisel sıvı yağlar","YES","CANDIDATE_FOR_PRODUCT_OWNER_FINALIZATION","NORMAL","Gıda & İçecek","YES","NO","Batch 01 source proposal; finalization candidate; OM-R06=B; OM-R07=B; OM-R10=A","TEMPORARY_AUDIT_ID_NOT_PRODUCTION_STABLE_ID"
"AUDIT-000041","BATCH_01","709695961e900db91861a4307f76d24c73267367","docs/TAXONOMY_BATCH_01_FINALIZATION_TREE.csv","42","AUDIT-000038","Gıda & İçecek > Yağ & Sirke > Yemeklik Yağlar","Gıda & İçecek","Yağ & Sirke","Yemeklik Yağlar","Katı Yemeklik Yağlar","4","Gıda & İçecek > Yağ & Sirke > Yemeklik Yağlar > Katı Yemeklik Yağlar","gıda & içecek > yağ & sirke > yemeklik yağlar > katı yemeklik yağlar","YES","CANDIDATE_FOR_PRODUCT_OWNER_FINALIZATION","NORMAL","Gıda & İçecek","YES","NO","Batch 01 source proposal; finalization candidate; OM-R06=B; OM-R07=B; OM-R10=A","TEMPORARY_AUDIT_ID_NOT_PRODUCTION_STABLE_ID"
"AUDIT-000042","BATCH_01","709695961e900db91861a4307f76d24c73267367","docs/TAXONOMY_BATCH_01_FINALIZATION_TREE.csv","43","AUDIT-000037","Gıda & İçecek > Yağ & Sirke","Gıda & İçecek","Yağ & Sirke","Sirke","","3","Gıda & İçecek > Yağ & Sirke > Sirke","gıda & içecek > yağ & sirke > sirke","YES","CANDIDATE_FOR_PRODUCT_OWNER_FINALIZATION","NORMAL","Gıda & İçecek","YES","NO","Batch 01 source proposal; finalization candidate; OM-R06=B; OM-R07=B; OM-R10=A","TEMPORARY_AUDIT_ID_NOT_PRODUCTION_STABLE_ID"
"AUDIT-000043","BATCH_01","709695961e900db91861a4307f76d24c73267367","docs/TAXONOMY_BATCH_01_FINALIZATION_TREE.csv","44","","Gıda & İçecek","Gıda & İçecek","Kahvaltılık","","","2","Gıda & İçecek > Kahvaltılık","gıda & içecek > kahvaltılık","NO","CANDIDATE_FOR_PRODUCT_OWNER_FINALIZATION","NORMAL","Gıda & İçecek","YES","NO","Batch 01 source proposal; finalization candidate; OM-R06=B; OM-R07=B; OM-R10=A","TEMPORARY_AUDIT_ID_NOT_PRODUCTION_STABLE_ID"
"AUDIT-000044","BATCH_01","709695961e900db91861a4307f76d24c73267367","docs/TAXONOMY_BATCH_01_FINALIZATION_TREE.csv","45","AUDIT-000043","Gıda & İçecek > Kahvaltılık","Gıda & İçecek","Kahvaltılık","Bal & Pekmez","","3","Gıda & İçecek > Kahvaltılık > Bal & Pekmez","gıda & içecek > kahvaltılık > bal & pekmez","YES","CANDIDATE_FOR_PRODUCT_OWNER_FINALIZATION","NORMAL","Gıda & İçecek","YES","NO","Batch 01 source proposal; finalization candidate; OM-R06=B; OM-R07=B; OM-R10=A","TEMPORARY_AUDIT_ID_NOT_PRODUCTION_STABLE_ID"
"AUDIT-000045","BATCH_01","709695961e900db91861a4307f76d24c73267367","docs/TAXONOMY_BATCH_01_FINALIZATION_TREE.csv","46","AUDIT-000043","Gıda & İçecek > Kahvaltılık","Gıda & İçecek","Kahvaltılık","Reçel & Marmelat","","3","Gıda & İçecek > Kahvaltılık > Reçel & Marmelat","gıda & içecek > kahvaltılık > reçel & marmelat","YES","CANDIDATE_FOR_PRODUCT_OWNER_FINALIZATION","NORMAL","Gıda & İçecek","YES","NO","Batch 01 source proposal; finalization candidate; OM-R06=B; OM-R07=B; OM-R10=A","TEMPORARY_AUDIT_ID_NOT_PRODUCTION_STABLE_ID"
"AUDIT-000046","BATCH_01","709695961e900db91861a4307f76d24c73267367","docs/TAXONOMY_BATCH_01_FINALIZATION_TREE.csv","47","AUDIT-000043","Gıda & İçecek > Kahvaltılık","Gıda & İçecek","Kahvaltılık","Sürülebilir Ezme & Kremalar","","3","Gıda & İçecek > Kahvaltılık > Sürülebilir Ezme & Kremalar","gıda & içecek > kahvaltılık > sürülebilir ezme & kremalar","YES","CANDIDATE_FOR_PRODUCT_OWNER_FINALIZATION","NORMAL","Gıda & İçecek","YES","NO","Batch 01 source proposal; finalization candidate; OM-R06=B; OM-R07=B; OM-R10=A","TEMPORARY_AUDIT_ID_NOT_PRODUCTION_STABLE_ID"
"AUDIT-000047","BATCH_01","709695961e900db91861a4307f76d24c73267367","docs/TAXONOMY_BATCH_01_FINALIZATION_TREE.csv","48","AUDIT-000043","Gıda & İçecek > Kahvaltılık","Gıda & İçecek","Kahvaltılık","Zeytin","","3","Gıda & İçecek > Kahvaltılık > Zeytin","gıda & içecek > kahvaltılık > zeytin","YES","CANDIDATE_FOR_PRODUCT_OWNER_FINALIZATION","NORMAL","Gıda & İçecek","YES","NO","Batch 01 source proposal; finalization candidate; OM-R06=B; OM-R07=B; OM-R10=A","TEMPORARY_AUDIT_ID_NOT_PRODUCTION_STABLE_ID"
"AUDIT-000048","BATCH_01","709695961e900db91861a4307f76d24c73267367","docs/TAXONOMY_BATCH_01_FINALIZATION_TREE.csv","49","AUDIT-000043","Gıda & İçecek > Kahvaltılık","Gıda & İçecek","Kahvaltılık","Kahvaltılık Gevrek & Granola","","3","Gıda & İçecek > Kahvaltılık > Kahvaltılık Gevrek & Granola","gıda & içecek > kahvaltılık > kahvaltılık gevrek & granola","YES","CANDIDATE_FOR_PRODUCT_OWNER_FINALIZATION","NORMAL","Gıda & İçecek","YES","NO","Batch 01 source proposal; finalization candidate; OM-R06=B; OM-R07=B; OM-R10=A","TEMPORARY_AUDIT_ID_NOT_PRODUCTION_STABLE_ID"
"AUDIT-000049","BATCH_01","709695961e900db91861a4307f76d24c73267367","docs/TAXONOMY_BATCH_01_FINALIZATION_TREE.csv","50","","Gıda & İçecek","Gıda & İçecek","Atıştırmalık, Şekerleme & Kuruyemiş","","","2","Gıda & İçecek > Atıştırmalık, Şekerleme & Kuruyemiş","gıda & içecek > atıştırmalık, şekerleme & kuruyemiş","NO","CANDIDATE_FOR_PRODUCT_OWNER_FINALIZATION","NORMAL","Gıda & İçecek","YES","NO","Batch 01 source proposal; finalization candidate; OM-R06=B; OM-R07=B; OM-R10=A","TEMPORARY_AUDIT_ID_NOT_PRODUCTION_STABLE_ID"
"AUDIT-000050","BATCH_01","709695961e900db91861a4307f76d24c73267367","docs/TAXONOMY_BATCH_01_FINALIZATION_TREE.csv","51","AUDIT-000049","Gıda & İçecek > Atıştırmalık, Şekerleme & Kuruyemiş","Gıda & İçecek","Atıştırmalık, Şekerleme & Kuruyemiş","Çikolata","","3","Gıda & İçecek > Atıştırmalık, Şekerleme & Kuruyemiş > Çikolata","gıda & içecek > atıştırmalık, şekerleme & kuruyemiş > çikolata","YES","CANDIDATE_FOR_PRODUCT_OWNER_FINALIZATION","NORMAL","Gıda & İçecek","YES","NO","Batch 01 source proposal; finalization candidate; OM-R06=B; OM-R07=B; OM-R10=A","TEMPORARY_AUDIT_ID_NOT_PRODUCTION_STABLE_ID"
"AUDIT-000051","BATCH_01","709695961e900db91861a4307f76d24c73267367","docs/TAXONOMY_BATCH_01_FINALIZATION_TREE.csv","52","AUDIT-000049","Gıda & İçecek > Atıştırmalık, Şekerleme & Kuruyemiş","Gıda & İçecek","Atıştırmalık, Şekerleme & Kuruyemiş","Şekerleme & Sakız","","3","Gıda & İçecek > Atıştırmalık, Şekerleme & Kuruyemiş > Şekerleme & Sakız","gıda & içecek > atıştırmalık, şekerleme & kuruyemiş > şekerleme & sakız","YES","CANDIDATE_FOR_PRODUCT_OWNER_FINALIZATION","NORMAL","Gıda & İçecek","YES","NO","Batch 01 source proposal; finalization candidate; OM-R06=B; OM-R07=B; OM-R10=A","TEMPORARY_AUDIT_ID_NOT_PRODUCTION_STABLE_ID"
"AUDIT-000052","BATCH_01","709695961e900db91861a4307f76d24c73267367","docs/TAXONOMY_BATCH_01_FINALIZATION_TREE.csv","53","AUDIT-000049","Gıda & İçecek > Atıştırmalık, Şekerleme & Kuruyemiş","Gıda & İçecek","Atıştırmalık, Şekerleme & Kuruyemiş","Bisküvi, Kraker & Kek","","3","Gıda & İçecek > Atıştırmalık, Şekerleme & Kuruyemiş > Bisküvi, Kraker & Kek","gıda & içecek > atıştırmalık, şekerleme & kuruyemiş > bisküvi, kraker & kek","YES","CANDIDATE_FOR_PRODUCT_OWNER_FINALIZATION","NORMAL","Gıda & İçecek","YES","NO","Batch 01 source proposal; finalization candidate; OM-R06=B; OM-R07=B; OM-R10=A","TEMPORARY_AUDIT_ID_NOT_PRODUCTION_STABLE_ID"
"AUDIT-000053","BATCH_01","709695961e900db91861a4307f76d24c73267367","docs/TAXONOMY_BATCH_01_FINALIZATION_TREE.csv","54","AUDIT-000049","Gıda & İçecek > Atıştırmalık, Şekerleme & Kuruyemiş","Gıda & İçecek","Atıştırmalık, Şekerleme & Kuruyemiş","Cips & Tuzlu Atıştırmalık","","3","Gıda & İçecek > Atıştırmalık, Şekerleme & Kuruyemiş > Cips & Tuzlu Atıştırmalık","gıda & içecek > atıştırmalık, şekerleme & kuruyemiş > cips & tuzlu atıştırmalık","YES","CANDIDATE_FOR_PRODUCT_OWNER_FINALIZATION","NORMAL","Gıda & İçecek","YES","NO","Batch 01 source proposal; finalization candidate; OM-R06=B; OM-R07=B; OM-R10=A","TEMPORARY_AUDIT_ID_NOT_PRODUCTION_STABLE_ID"
"AUDIT-000054","BATCH_01","709695961e900db91861a4307f76d24c73267367","docs/TAXONOMY_BATCH_01_FINALIZATION_TREE.csv","55","AUDIT-000049","Gıda & İçecek > Atıştırmalık, Şekerleme & Kuruyemiş","Gıda & İçecek","Atıştırmalık, Şekerleme & Kuruyemiş","Kuruyemiş","","3","Gıda & İçecek > Atıştırmalık, Şekerleme & Kuruyemiş > Kuruyemiş","gıda & içecek > atıştırmalık, şekerleme & kuruyemiş > kuruyemiş","YES","CANDIDATE_FOR_PRODUCT_OWNER_FINALIZATION","NORMAL","Gıda & İçecek","YES","NO","Batch 01 source proposal; finalization candidate; OM-R06=B; OM-R07=B; OM-R10=A","TEMPORARY_AUDIT_ID_NOT_PRODUCTION_STABLE_ID"
"AUDIT-000055","BATCH_01","709695961e900db91861a4307f76d24c73267367","docs/TAXONOMY_BATCH_01_FINALIZATION_TREE.csv","56","AUDIT-000049","Gıda & İçecek > Atıştırmalık, Şekerleme & Kuruyemiş","Gıda & İçecek","Atıştırmalık, Şekerleme & Kuruyemiş","Kuru Meyve","","3","Gıda & İçecek > Atıştırmalık, Şekerleme & Kuruyemiş > Kuru Meyve","gıda & içecek > atıştırmalık, şekerleme & kuruyemiş > kuru meyve","YES","CANDIDATE_FOR_PRODUCT_OWNER_FINALIZATION","NORMAL","Gıda & İçecek","YES","NO","Batch 01 source proposal; finalization candidate; OM-R06=B; OM-R07=B; OM-R10=A","TEMPORARY_AUDIT_ID_NOT_PRODUCTION_STABLE_ID"
"AUDIT-000056","BATCH_01","709695961e900db91861a4307f76d24c73267367","docs/TAXONOMY_BATCH_01_FINALIZATION_TREE.csv","57","AUDIT-000049","Gıda & İçecek > Atıştırmalık, Şekerleme & Kuruyemiş","Gıda & İçecek","Atıştırmalık, Şekerleme & Kuruyemiş","Atıştırmalık Barlar","","3","Gıda & İçecek > Atıştırmalık, Şekerleme & Kuruyemiş > Atıştırmalık Barlar","gıda & içecek > atıştırmalık, şekerleme & kuruyemiş > atıştırmalık barlar","YES","CANDIDATE_FOR_PRODUCT_OWNER_FINALIZATION","NORMAL","Gıda & İçecek","YES","NO","Batch 01 source proposal; finalization candidate; OM-R06=B; OM-R07=B; OM-R10=A","TEMPORARY_AUDIT_ID_NOT_PRODUCTION_STABLE_ID"
"AUDIT-000057","BATCH_01","709695961e900db91861a4307f76d24c73267367","docs/TAXONOMY_BATCH_01_FINALIZATION_TREE.csv","58","","Gıda & İçecek","Gıda & İçecek","Alkolsüz İçecekler","","","2","Gıda & İçecek > Alkolsüz İçecekler","gıda & içecek > alkolsüz içecekler","NO","CANDIDATE_FOR_PRODUCT_OWNER_FINALIZATION","LEGAL_REVIEW_REQUIRED","Gıda & İçecek","YES","YES","Batch 01 source proposal; finalization candidate; OM-R06=B; OM-R07=B; OM-R10=A","TEMPORARY_AUDIT_ID_NOT_PRODUCTION_STABLE_ID"
"AUDIT-000058","BATCH_01","709695961e900db91861a4307f76d24c73267367","docs/TAXONOMY_BATCH_01_FINALIZATION_TREE.csv","59","AUDIT-000057","Gıda & İçecek > Alkolsüz İçecekler","Gıda & İçecek","Alkolsüz İçecekler","Su & Maden Suyu","","3","Gıda & İçecek > Alkolsüz İçecekler > Su & Maden Suyu","gıda & içecek > alkolsüz içecekler > su & maden suyu","YES","CANDIDATE_FOR_PRODUCT_OWNER_FINALIZATION","NORMAL","Gıda & İçecek","YES","NO","Batch 01 source proposal; finalization candidate; OM-R06=B; OM-R07=B; OM-R10=A","TEMPORARY_AUDIT_ID_NOT_PRODUCTION_STABLE_ID"
"AUDIT-000059","BATCH_01","709695961e900db91861a4307f76d24c73267367","docs/TAXONOMY_BATCH_01_FINALIZATION_TREE.csv","60","AUDIT-000057","Gıda & İçecek > Alkolsüz İçecekler","Gıda & İçecek","Alkolsüz İçecekler","Gazlı İçecekler","","3","Gıda & İçecek > Alkolsüz İçecekler > Gazlı İçecekler","gıda & içecek > alkolsüz içecekler > gazlı içecekler","YES","CANDIDATE_FOR_PRODUCT_OWNER_FINALIZATION","NORMAL","Gıda & İçecek","YES","NO","Batch 01 source proposal; finalization candidate; OM-R06=B; OM-R07=B; OM-R10=A","TEMPORARY_AUDIT_ID_NOT_PRODUCTION_STABLE_ID"
"AUDIT-000060","BATCH_01","709695961e900db91861a4307f76d24c73267367","docs/TAXONOMY_BATCH_01_FINALIZATION_TREE.csv","61","AUDIT-000057","Gıda & İçecek > Alkolsüz İçecekler","Gıda & İçecek","Alkolsüz İçecekler","Meyve Suyu & Meyveli İçecekler","","3","Gıda & İçecek > Alkolsüz İçecekler > Meyve Suyu & Meyveli İçecekler","gıda & içecek > alkolsüz içecekler > meyve suyu & meyveli içecekler","YES","CANDIDATE_FOR_PRODUCT_OWNER_FINALIZATION","NORMAL","Gıda & İçecek","YES","NO","Batch 01 source proposal; finalization candidate; OM-R06=B; OM-R07=B; OM-R10=A","TEMPORARY_AUDIT_ID_NOT_PRODUCTION_STABLE_ID"
"AUDIT-000061","BATCH_01","709695961e900db91861a4307f76d24c73267367","docs/TAXONOMY_BATCH_01_FINALIZATION_TREE.csv","62","AUDIT-000057","Gıda & İçecek > Alkolsüz İçecekler","Gıda & İçecek","Alkolsüz İçecekler","Çay","","3","Gıda & İçecek > Alkolsüz İçecekler > Çay","gıda & içecek > alkolsüz içecekler > çay","YES","CANDIDATE_FOR_PRODUCT_OWNER_FINALIZATION","NORMAL","Gıda & İçecek","YES","NO","Batch 01 source proposal; finalization candidate; OM-R06=B; OM-R07=B; OM-R10=A","TEMPORARY_AUDIT_ID_NOT_PRODUCTION_STABLE_ID"
"AUDIT-000062","BATCH_01","709695961e900db91861a4307f76d24c73267367","docs/TAXONOMY_BATCH_01_FINALIZATION_TREE.csv","63","AUDIT-000057","Gıda & İçecek > Alkolsüz İçecekler","Gıda & İçecek","Alkolsüz İçecekler","Kahve","","3","Gıda & İçecek > Alkolsüz İçecekler > Kahve","gıda & içecek > alkolsüz içecekler > kahve","YES","CANDIDATE_FOR_PRODUCT_OWNER_FINALIZATION","NORMAL","Gıda & İçecek","YES","NO","Batch 01 source proposal; finalization candidate; OM-R06=B; OM-R07=B; OM-R10=A","TEMPORARY_AUDIT_ID_NOT_PRODUCTION_STABLE_ID"
"AUDIT-000063","BATCH_01","709695961e900db91861a4307f76d24c73267367","docs/TAXONOMY_BATCH_01_FINALIZATION_TREE.csv","64","AUDIT-000057","Gıda & İçecek > Alkolsüz İçecekler","Gıda & İçecek","Alkolsüz İçecekler","Bitki & Meyve Çayları","","3","Gıda & İçecek > Alkolsüz İçecekler > Bitki & Meyve Çayları","gıda & içecek > alkolsüz içecekler > bitki & meyve çayları","YES","CANDIDATE_FOR_PRODUCT_OWNER_FINALIZATION","LEGAL_REVIEW_REQUIRED","Gıda & İçecek","YES","YES","Batch 01 source proposal; finalization candidate; OM-R06=B; OM-R07=B; OM-R10=A","TEMPORARY_AUDIT_ID_NOT_PRODUCTION_STABLE_ID"
"AUDIT-000064","BATCH_01","709695961e900db91861a4307f76d24c73267367","docs/TAXONOMY_BATCH_01_FINALIZATION_TREE.csv","65","AUDIT-000057","Gıda & İçecek > Alkolsüz İçecekler","Gıda & İçecek","Alkolsüz İçecekler","İçecek Tozları & Konsantreler","","3","Gıda & İçecek > Alkolsüz İçecekler > İçecek Tozları & Konsantreler","gıda & içecek > alkolsüz içecekler > içecek tozları & konsantreler","YES","CANDIDATE_FOR_PRODUCT_OWNER_FINALIZATION","NORMAL","Gıda & İçecek","YES","NO","Batch 01 source proposal; finalization candidate; OM-R06=B; OM-R07=B; OM-R10=A","TEMPORARY_AUDIT_ID_NOT_PRODUCTION_STABLE_ID"
"AUDIT-000065","BATCH_01","709695961e900db91861a4307f76d24c73267367","docs/TAXONOMY_BATCH_01_FINALIZATION_TREE.csv","66","","Gıda & İçecek","Gıda & İçecek","Sos, Baharat & Çeşni","","","2","Gıda & İçecek > Sos, Baharat & Çeşni","gıda & içecek > sos, baharat & çeşni","NO","CANDIDATE_FOR_PRODUCT_OWNER_FINALIZATION","NORMAL","Gıda & İçecek","YES","NO","Batch 01 source proposal; finalization candidate; OM-R06=B; OM-R07=B; OM-R10=A","TEMPORARY_AUDIT_ID_NOT_PRODUCTION_STABLE_ID"
"AUDIT-000066","BATCH_01","709695961e900db91861a4307f76d24c73267367","docs/TAXONOMY_BATCH_01_FINALIZATION_TREE.csv","67","AUDIT-000065","Gıda & İçecek > Sos, Baharat & Çeşni","Gıda & İçecek","Sos, Baharat & Çeşni","Salça","","3","Gıda & İçecek > Sos, Baharat & Çeşni > Salça","gıda & içecek > sos, baharat & çeşni > salça","YES","CANDIDATE_FOR_PRODUCT_OWNER_FINALIZATION","NORMAL","Gıda & İçecek","YES","NO","Batch 01 source proposal; finalization candidate; OM-R06=B; OM-R07=B; OM-R10=A","TEMPORARY_AUDIT_ID_NOT_PRODUCTION_STABLE_ID"
"AUDIT-000067","BATCH_01","709695961e900db91861a4307f76d24c73267367","docs/TAXONOMY_BATCH_01_FINALIZATION_TREE.csv","68","AUDIT-000065","Gıda & İçecek > Sos, Baharat & Çeşni","Gıda & İçecek","Sos, Baharat & Çeşni","Sofra Sosları","","3","Gıda & İçecek > Sos, Baharat & Çeşni > Sofra Sosları","gıda & içecek > sos, baharat & çeşni > sofra sosları","YES","CANDIDATE_FOR_PRODUCT_OWNER_FINALIZATION","NORMAL","Gıda & İçecek","YES","NO","Batch 01 source proposal; finalization candidate; OM-R06=B; OM-R07=B; OM-R10=A","TEMPORARY_AUDIT_ID_NOT_PRODUCTION_STABLE_ID"
"AUDIT-000068","BATCH_01","709695961e900db91861a4307f76d24c73267367","docs/TAXONOMY_BATCH_01_FINALIZATION_TREE.csv","69","AUDIT-000065","Gıda & İçecek > Sos, Baharat & Çeşni","Gıda & İçecek","Sos, Baharat & Çeşni","Yemek & Pişirme Sosları","","3","Gıda & İçecek > Sos, Baharat & Çeşni > Yemek & Pişirme Sosları","gıda & içecek > sos, baharat & çeşni > yemek & pişirme sosları","YES","CANDIDATE_FOR_PRODUCT_OWNER_FINALIZATION","NORMAL","Gıda & İçecek","YES","NO","Batch 01 source proposal; finalization candidate; OM-R06=B; OM-R07=B; OM-R10=A","TEMPORARY_AUDIT_ID_NOT_PRODUCTION_STABLE_ID"
"AUDIT-000069","BATCH_01","709695961e900db91861a4307f76d24c73267367","docs/TAXONOMY_BATCH_01_FINALIZATION_TREE.csv","70","AUDIT-000065","Gıda & İçecek > Sos, Baharat & Çeşni","Gıda & İçecek","Sos, Baharat & Çeşni","Baharatlar","","3","Gıda & İçecek > Sos, Baharat & Çeşni > Baharatlar","gıda & içecek > sos, baharat & çeşni > baharatlar","YES","CANDIDATE_FOR_PRODUCT_OWNER_FINALIZATION","NORMAL","Gıda & İçecek","YES","NO","Batch 01 source proposal; finalization candidate; OM-R06=B; OM-R07=B; OM-R10=A","TEMPORARY_AUDIT_ID_NOT_PRODUCTION_STABLE_ID"
"AUDIT-000070","BATCH_01","709695961e900db91861a4307f76d24c73267367","docs/TAXONOMY_BATCH_01_FINALIZATION_TREE.csv","71","AUDIT-000065","Gıda & İçecek > Sos, Baharat & Çeşni","Gıda & İçecek","Sos, Baharat & Çeşni","Tuz & Çeşni Karışımları","","3","Gıda & İçecek > Sos, Baharat & Çeşni > Tuz & Çeşni Karışımları","gıda & içecek > sos, baharat & çeşni > tuz & çeşni karışımları","YES","CANDIDATE_FOR_PRODUCT_OWNER_FINALIZATION","NORMAL","Gıda & İçecek","YES","NO","Batch 01 source proposal; finalization candidate; OM-R06=B; OM-R07=B; OM-R10=A","TEMPORARY_AUDIT_ID_NOT_PRODUCTION_STABLE_ID"
"AUDIT-000071","BATCH_01","709695961e900db91861a4307f76d24c73267367","docs/TAXONOMY_BATCH_01_FINALIZATION_TREE.csv","72","","Gıda & İçecek","Gıda & İçecek","Konserve & Kavanoz Ürünleri","","","2","Gıda & İçecek > Konserve & Kavanoz Ürünleri","gıda & içecek > konserve & kavanoz ürünleri","NO","CANDIDATE_FOR_PRODUCT_OWNER_FINALIZATION","REGULATED","Gıda & İçecek","YES","YES","Batch 01 source proposal; finalization candidate; OM-R06=B; OM-R07=B; OM-R10=A","TEMPORARY_AUDIT_ID_NOT_PRODUCTION_STABLE_ID"
"AUDIT-000072","BATCH_01","709695961e900db91861a4307f76d24c73267367","docs/TAXONOMY_BATCH_01_FINALIZATION_TREE.csv","73","AUDIT-000071","Gıda & İçecek > Konserve & Kavanoz Ürünleri","Gıda & İçecek","Konserve & Kavanoz Ürünleri","Sebze & Bakliyat Konserveleri","","3","Gıda & İçecek > Konserve & Kavanoz Ürünleri > Sebze & Bakliyat Konserveleri","gıda & içecek > konserve & kavanoz ürünleri > sebze & bakliyat konserveleri","YES","CANDIDATE_FOR_PRODUCT_OWNER_FINALIZATION","NORMAL","Gıda & İçecek","YES","NO","Batch 01 source proposal; finalization candidate; OM-R06=B; OM-R07=B; OM-R10=A","TEMPORARY_AUDIT_ID_NOT_PRODUCTION_STABLE_ID"
"AUDIT-000073","BATCH_01","709695961e900db91861a4307f76d24c73267367","docs/TAXONOMY_BATCH_01_FINALIZATION_TREE.csv","74","AUDIT-000071","Gıda & İçecek > Konserve & Kavanoz Ürünleri","Gıda & İçecek","Konserve & Kavanoz Ürünleri","Balık & Et Konserveleri","","3","Gıda & İçecek > Konserve & Kavanoz Ürünleri > Balık & Et Konserveleri","gıda & içecek > konserve & kavanoz ürünleri > balık & et konserveleri","YES","CANDIDATE_FOR_PRODUCT_OWNER_FINALIZATION","REGULATED","Gıda & İçecek","YES","YES","Batch 01 source proposal; finalization candidate; OM-R06=B; OM-R07=B; OM-R10=A","TEMPORARY_AUDIT_ID_NOT_PRODUCTION_STABLE_ID"
"AUDIT-000074","BATCH_01","709695961e900db91861a4307f76d24c73267367","docs/TAXONOMY_BATCH_01_FINALIZATION_TREE.csv","75","AUDIT-000071","Gıda & İçecek > Konserve & Kavanoz Ürünleri","Gıda & İçecek","Konserve & Kavanoz Ürünleri","Turşu","","3","Gıda & İçecek > Konserve & Kavanoz Ürünleri > Turşu","gıda & içecek > konserve & kavanoz ürünleri > turşu","YES","CANDIDATE_FOR_PRODUCT_OWNER_FINALIZATION","NORMAL","Gıda & İçecek","YES","NO","Batch 01 source proposal; finalization candidate; OM-R06=B; OM-R07=B; OM-R10=A","TEMPORARY_AUDIT_ID_NOT_PRODUCTION_STABLE_ID"
"AUDIT-000075","BATCH_01","709695961e900db91861a4307f76d24c73267367","docs/TAXONOMY_BATCH_01_FINALIZATION_TREE.csv","76","AUDIT-000071","Gıda & İçecek > Konserve & Kavanoz Ürünleri","Gıda & İçecek","Konserve & Kavanoz Ürünleri","Kavanozda Korunmuş Gıdalar","","3","Gıda & İçecek > Konserve & Kavanoz Ürünleri > Kavanozda Korunmuş Gıdalar","gıda & içecek > konserve & kavanoz ürünleri > kavanozda korunmuş gıdalar","YES","CANDIDATE_FOR_PRODUCT_OWNER_FINALIZATION","NORMAL","Gıda & İçecek","YES","NO","Batch 01 source proposal; finalization candidate; OM-R06=B; OM-R07=B; OM-R10=A","TEMPORARY_AUDIT_ID_NOT_PRODUCTION_STABLE_ID"
"AUDIT-000076","BATCH_01","709695961e900db91861a4307f76d24c73267367","docs/TAXONOMY_BATCH_01_FINALIZATION_TREE.csv","77","","Gıda & İçecek","Gıda & İçecek","Hazır & Pratik Gıda","","","2","Gıda & İçecek > Hazır & Pratik Gıda","gıda & içecek > hazır & pratik gıda","NO","CANDIDATE_FOR_PRODUCT_OWNER_FINALIZATION","REGULATED","Gıda & İçecek","YES","YES","Batch 01 source proposal; finalization candidate; OM-R06=B; OM-R07=B; OM-R10=A","TEMPORARY_AUDIT_ID_NOT_PRODUCTION_STABLE_ID"
"AUDIT-000077","BATCH_01","709695961e900db91861a4307f76d24c73267367","docs/TAXONOMY_BATCH_01_FINALIZATION_TREE.csv","78","AUDIT-000076","Gıda & İçecek > Hazır & Pratik Gıda","Gıda & İçecek","Hazır & Pratik Gıda","Hazır Çorba","","3","Gıda & İçecek > Hazır & Pratik Gıda > Hazır Çorba","gıda & içecek > hazır & pratik gıda > hazır çorba","YES","CANDIDATE_FOR_PRODUCT_OWNER_FINALIZATION","NORMAL","Gıda & İçecek","YES","NO","Batch 01 source proposal; finalization candidate; OM-R06=B; OM-R07=B; OM-R10=A","TEMPORARY_AUDIT_ID_NOT_PRODUCTION_STABLE_ID"
"AUDIT-000078","BATCH_01","709695961e900db91861a4307f76d24c73267367","docs/TAXONOMY_BATCH_01_FINALIZATION_TREE.csv","79","AUDIT-000076","Gıda & İçecek > Hazır & Pratik Gıda","Gıda & İçecek","Hazır & Pratik Gıda","Noodle & Hızlı Makarna","","3","Gıda & İçecek > Hazır & Pratik Gıda > Noodle & Hızlı Makarna","gıda & içecek > hazır & pratik gıda > noodle & hızlı makarna","YES","CANDIDATE_FOR_PRODUCT_OWNER_FINALIZATION","NORMAL","Gıda & İçecek","YES","NO","Batch 01 source proposal; finalization candidate; OM-R06=B; OM-R07=B; OM-R10=A","TEMPORARY_AUDIT_ID_NOT_PRODUCTION_STABLE_ID"
"AUDIT-000079","BATCH_01","709695961e900db91861a4307f76d24c73267367","docs/TAXONOMY_BATCH_01_FINALIZATION_TREE.csv","80","AUDIT-000076","Gıda & İçecek > Hazır & Pratik Gıda","Gıda & İçecek","Hazır & Pratik Gıda","Paketli Hazır Yemek","","3","Gıda & İçecek > Hazır & Pratik Gıda > Paketli Hazır Yemek","gıda & içecek > hazır & pratik gıda > paketli hazır yemek","YES","CANDIDATE_FOR_PRODUCT_OWNER_FINALIZATION","NORMAL","Gıda & İçecek","YES","NO","Batch 01 source proposal; finalization candidate; OM-R06=B; OM-R07=B; OM-R10=A","TEMPORARY_AUDIT_ID_NOT_PRODUCTION_STABLE_ID"
"AUDIT-000080","BATCH_01","709695961e900db91861a4307f76d24c73267367","docs/TAXONOMY_BATCH_01_FINALIZATION_TREE.csv","81","AUDIT-000076","Gıda & İçecek > Hazır & Pratik Gıda","Gıda & İçecek","Hazır & Pratik Gıda","Meze & Hazır Salata","","3","Gıda & İçecek > Hazır & Pratik Gıda > Meze & Hazır Salata","gıda & içecek > hazır & pratik gıda > meze & hazır salata","YES","CANDIDATE_FOR_PRODUCT_OWNER_FINALIZATION","REGULATED","Gıda & İçecek","YES","YES","Batch 01 source proposal; finalization candidate; OM-R06=B; OM-R07=B; OM-R10=A","TEMPORARY_AUDIT_ID_NOT_PRODUCTION_STABLE_ID"
"AUDIT-000081","BATCH_01","709695961e900db91861a4307f76d24c73267367","docs/TAXONOMY_BATCH_01_FINALIZATION_TREE.csv","82","AUDIT-000076","Gıda & İçecek > Hazır & Pratik Gıda","Gıda & İçecek","Hazır & Pratik Gıda","Hazır Karışımlar","","3","Gıda & İçecek > Hazır & Pratik Gıda > Hazır Karışımlar","gıda & içecek > hazır & pratik gıda > hazır karışımlar","YES","CANDIDATE_FOR_PRODUCT_OWNER_FINALIZATION","NORMAL","Gıda & İçecek","YES","NO","Batch 01 source proposal; finalization candidate; OM-R06=B; OM-R07=B; OM-R10=A","TEMPORARY_AUDIT_ID_NOT_PRODUCTION_STABLE_ID"
"AUDIT-000082","BATCH_01","709695961e900db91861a4307f76d24c73267367","docs/TAXONOMY_BATCH_01_FINALIZATION_TREE.csv","83","","Gıda & İçecek","Gıda & İçecek","Donuk Gıda","","","2","Gıda & İçecek > Donuk Gıda","gıda & içecek > donuk gıda","NO","CANDIDATE_FOR_PRODUCT_OWNER_FINALIZATION","REGULATED","Gıda & İçecek","YES","YES","Batch 01 source proposal; finalization candidate; OM-R06=B; OM-R07=B; OM-R10=A","TEMPORARY_AUDIT_ID_NOT_PRODUCTION_STABLE_ID"
"AUDIT-000083","BATCH_01","709695961e900db91861a4307f76d24c73267367","docs/TAXONOMY_BATCH_01_FINALIZATION_TREE.csv","84","AUDIT-000082","Gıda & İçecek > Donuk Gıda","Gıda & İçecek","Donuk Gıda","Donuk Meyve & Sebze","","3","Gıda & İçecek > Donuk Gıda > Donuk Meyve & Sebze","gıda & içecek > donuk gıda > donuk meyve & sebze","YES","CANDIDATE_FOR_PRODUCT_OWNER_FINALIZATION","REGULATED","Gıda & İçecek","YES","YES","Batch 01 source proposal; finalization candidate; OM-R06=B; OM-R07=B; OM-R10=A","TEMPORARY_AUDIT_ID_NOT_PRODUCTION_STABLE_ID"
"AUDIT-000084","BATCH_01","709695961e900db91861a4307f76d24c73267367","docs/TAXONOMY_BATCH_01_FINALIZATION_TREE.csv","85","AUDIT-000082","Gıda & İçecek > Donuk Gıda","Gıda & İçecek","Donuk Gıda","Donuk Et, Tavuk & Balık","","3","Gıda & İçecek > Donuk Gıda > Donuk Et, Tavuk & Balık","gıda & içecek > donuk gıda > donuk et, tavuk & balık","YES","CANDIDATE_FOR_PRODUCT_OWNER_FINALIZATION","REGULATED","Gıda & İçecek","YES","YES","Batch 01 source proposal; finalization candidate; OM-R06=B; OM-R07=B; OM-R10=A","TEMPORARY_AUDIT_ID_NOT_PRODUCTION_STABLE_ID"
"AUDIT-000085","BATCH_01","709695961e900db91861a4307f76d24c73267367","docs/TAXONOMY_BATCH_01_FINALIZATION_TREE.csv","86","AUDIT-000082","Gıda & İçecek > Donuk Gıda","Gıda & İçecek","Donuk Gıda","Donuk Hamur & Fırın Ürünleri","","3","Gıda & İçecek > Donuk Gıda > Donuk Hamur & Fırın Ürünleri","gıda & içecek > donuk gıda > donuk hamur & fırın ürünleri","YES","CANDIDATE_FOR_PRODUCT_OWNER_FINALIZATION","REGULATED","Gıda & İçecek","YES","YES","Batch 01 source proposal; finalization candidate; OM-R06=B; OM-R07=B; OM-R10=A","TEMPORARY_AUDIT_ID_NOT_PRODUCTION_STABLE_ID"
"AUDIT-000086","BATCH_01","709695961e900db91861a4307f76d24c73267367","docs/TAXONOMY_BATCH_01_FINALIZATION_TREE.csv","87","AUDIT-000082","Gıda & İçecek > Donuk Gıda","Gıda & İçecek","Donuk Gıda","Donuk Hazır Yemek & Atıştırmalık","","3","Gıda & İçecek > Donuk Gıda > Donuk Hazır Yemek & Atıştırmalık","gıda & içecek > donuk gıda > donuk hazır yemek & atıştırmalık","YES","CANDIDATE_FOR_PRODUCT_OWNER_FINALIZATION","REGULATED","Gıda & İçecek","YES","YES","Batch 01 source proposal; finalization candidate; OM-R06=B; OM-R07=B; OM-R10=A","TEMPORARY_AUDIT_ID_NOT_PRODUCTION_STABLE_ID"
"AUDIT-000087","BATCH_01","709695961e900db91861a4307f76d24c73267367","docs/TAXONOMY_BATCH_01_FINALIZATION_TREE.csv","88","AUDIT-000082","Gıda & İçecek > Donuk Gıda","Gıda & İçecek","Donuk Gıda","Dondurma & Donuk Tatlı","","3","Gıda & İçecek > Donuk Gıda > Dondurma & Donuk Tatlı","gıda & içecek > donuk gıda > dondurma & donuk tatlı","YES","CANDIDATE_FOR_PRODUCT_OWNER_FINALIZATION","REGULATED","Gıda & İçecek","YES","YES","Batch 01 source proposal; finalization candidate; OM-R06=B; OM-R07=B; OM-R10=A","TEMPORARY_AUDIT_ID_NOT_PRODUCTION_STABLE_ID"
"AUDIT-000088","BATCH_01","709695961e900db91861a4307f76d24c73267367","docs/TAXONOMY_BATCH_01_FINALIZATION_TREE.csv","89","","Giyim & Moda","Giyim & Moda","Üst Giyim","","","2","Giyim & Moda > Üst Giyim","giyim & moda > üst giyim","NO","CANDIDATE_FOR_PRODUCT_OWNER_FINALIZATION","NORMAL","Giyim & Moda","YES","NO","Batch 01 source proposal; finalization candidate; OM-R06=B; OM-R07=B; OM-R10=A","TEMPORARY_AUDIT_ID_NOT_PRODUCTION_STABLE_ID"
"AUDIT-000089","BATCH_01","709695961e900db91861a4307f76d24c73267367","docs/TAXONOMY_BATCH_01_FINALIZATION_TREE.csv","90","AUDIT-000088","Giyim & Moda > Üst Giyim","Giyim & Moda","Üst Giyim","Tişört","","3","Giyim & Moda > Üst Giyim > Tişört","giyim & moda > üst giyim > tişört","YES","CANDIDATE_FOR_PRODUCT_OWNER_FINALIZATION","NORMAL","Giyim & Moda","YES","NO","Batch 01 source proposal; finalization candidate; OM-R06=B; OM-R07=B; OM-R10=A","TEMPORARY_AUDIT_ID_NOT_PRODUCTION_STABLE_ID"
"AUDIT-000090","BATCH_01","709695961e900db91861a4307f76d24c73267367","docs/TAXONOMY_BATCH_01_FINALIZATION_TREE.csv","91","AUDIT-000088","Giyim & Moda > Üst Giyim","Giyim & Moda","Üst Giyim","Gömlek & Bluz","","3","Giyim & Moda > Üst Giyim > Gömlek & Bluz","giyim & moda > üst giyim > gömlek & bluz","YES","CANDIDATE_FOR_PRODUCT_OWNER_FINALIZATION","NORMAL","Giyim & Moda","YES","NO","Batch 01 source proposal; finalization candidate; OM-R06=B; OM-R07=B; OM-R10=A","TEMPORARY_AUDIT_ID_NOT_PRODUCTION_STABLE_ID"
"AUDIT-000091","BATCH_01","709695961e900db91861a4307f76d24c73267367","docs/TAXONOMY_BATCH_01_FINALIZATION_TREE.csv","92","AUDIT-000088","Giyim & Moda > Üst Giyim","Giyim & Moda","Üst Giyim","Kazak & Süveter","","3","Giyim & Moda > Üst Giyim > Kazak & Süveter","giyim & moda > üst giyim > kazak & süveter","YES","CANDIDATE_FOR_PRODUCT_OWNER_FINALIZATION","NORMAL","Giyim & Moda","YES","NO","Batch 01 source proposal; finalization candidate; OM-R06=B; OM-R07=B; OM-R10=A","TEMPORARY_AUDIT_ID_NOT_PRODUCTION_STABLE_ID"
"AUDIT-000092","BATCH_01","709695961e900db91861a4307f76d24c73267367","docs/TAXONOMY_BATCH_01_FINALIZATION_TREE.csv","93","AUDIT-000088","Giyim & Moda > Üst Giyim","Giyim & Moda","Üst Giyim","Hırka","","3","Giyim & Moda > Üst Giyim > Hırka","giyim & moda > üst giyim > hırka","YES","CANDIDATE_FOR_PRODUCT_OWNER_FINALIZATION","NORMAL","Giyim & Moda","YES","NO","Batch 01 source proposal; finalization candidate; OM-R06=B; OM-R07=B; OM-R10=A","TEMPORARY_AUDIT_ID_NOT_PRODUCTION_STABLE_ID"
"AUDIT-000093","BATCH_01","709695961e900db91861a4307f76d24c73267367","docs/TAXONOMY_BATCH_01_FINALIZATION_TREE.csv","94","AUDIT-000088","Giyim & Moda > Üst Giyim","Giyim & Moda","Üst Giyim","Sweatshirt & Hoodie","","3","Giyim & Moda > Üst Giyim > Sweatshirt & Hoodie","giyim & moda > üst giyim > sweatshirt & hoodie","YES","CANDIDATE_FOR_PRODUCT_OWNER_FINALIZATION","NORMAL","Giyim & Moda","YES","NO","Batch 01 source proposal; finalization candidate; OM-R06=B; OM-R07=B; OM-R10=A","TEMPORARY_AUDIT_ID_NOT_PRODUCTION_STABLE_ID"
"AUDIT-000094","BATCH_01","709695961e900db91861a4307f76d24c73267367","docs/TAXONOMY_BATCH_01_FINALIZATION_TREE.csv","95","AUDIT-000088","Giyim & Moda > Üst Giyim","Giyim & Moda","Üst Giyim","Tunik","","3","Giyim & Moda > Üst Giyim > Tunik","giyim & moda > üst giyim > tunik","YES","CANDIDATE_FOR_PRODUCT_OWNER_FINALIZATION","NORMAL","Giyim & Moda","YES","NO","Batch 01 source proposal; finalization candidate; OM-R06=B; OM-R07=B; OM-R10=A","TEMPORARY_AUDIT_ID_NOT_PRODUCTION_STABLE_ID"
"AUDIT-000095","BATCH_01","709695961e900db91861a4307f76d24c73267367","docs/TAXONOMY_BATCH_01_FINALIZATION_TREE.csv","96","","Giyim & Moda","Giyim & Moda","Alt Giyim","","","2","Giyim & Moda > Alt Giyim","giyim & moda > alt giyim","NO","CANDIDATE_FOR_PRODUCT_OWNER_FINALIZATION","NORMAL","Giyim & Moda","YES","NO","Batch 01 source proposal; finalization candidate; OM-R06=B; OM-R07=B; OM-R10=A","TEMPORARY_AUDIT_ID_NOT_PRODUCTION_STABLE_ID"
"AUDIT-000096","BATCH_01","709695961e900db91861a4307f76d24c73267367","docs/TAXONOMY_BATCH_01_FINALIZATION_TREE.csv","97","AUDIT-000095","Giyim & Moda > Alt Giyim","Giyim & Moda","Alt Giyim","Pantolon","","3","Giyim & Moda > Alt Giyim > Pantolon","giyim & moda > alt giyim > pantolon","YES","CANDIDATE_FOR_PRODUCT_OWNER_FINALIZATION","NORMAL","Giyim & Moda","YES","NO","Batch 01 source proposal; finalization candidate; OM-R06=B; OM-R07=B; OM-R10=A","TEMPORARY_AUDIT_ID_NOT_PRODUCTION_STABLE_ID"
"AUDIT-000097","BATCH_01","709695961e900db91861a4307f76d24c73267367","docs/TAXONOMY_BATCH_01_FINALIZATION_TREE.csv","98","AUDIT-000095","Giyim & Moda > Alt Giyim","Giyim & Moda","Alt Giyim","Jean","","3","Giyim & Moda > Alt Giyim > Jean","giyim & moda > alt giyim > jean","YES","CANDIDATE_FOR_PRODUCT_OWNER_FINALIZATION","NORMAL","Giyim & Moda","YES","NO","Batch 01 source proposal; finalization candidate; OM-R06=B; OM-R07=B; OM-R10=A","TEMPORARY_AUDIT_ID_NOT_PRODUCTION_STABLE_ID"
"AUDIT-000098","BATCH_01","709695961e900db91861a4307f76d24c73267367","docs/TAXONOMY_BATCH_01_FINALIZATION_TREE.csv","99","AUDIT-000095","Giyim & Moda > Alt Giyim","Giyim & Moda","Alt Giyim","Etek","","3","Giyim & Moda > Alt Giyim > Etek","giyim & moda > alt giyim > etek","YES","CANDIDATE_FOR_PRODUCT_OWNER_FINALIZATION","NORMAL","Giyim & Moda","YES","NO","Batch 01 source proposal; finalization candidate; OM-R06=B; OM-R07=B; OM-R10=A","TEMPORARY_AUDIT_ID_NOT_PRODUCTION_STABLE_ID"
"AUDIT-000099","BATCH_01","709695961e900db91861a4307f76d24c73267367","docs/TAXONOMY_BATCH_01_FINALIZATION_TREE.csv","100","AUDIT-000095","Giyim & Moda > Alt Giyim","Giyim & Moda","Alt Giyim","Şort","","3","Giyim & Moda > Alt Giyim > Şort","giyim & moda > alt giyim > şort","YES","CANDIDATE_FOR_PRODUCT_OWNER_FINALIZATION","NORMAL","Giyim & Moda","YES","NO","Batch 01 source proposal; finalization candidate; OM-R06=B; OM-R07=B; OM-R10=A","TEMPORARY_AUDIT_ID_NOT_PRODUCTION_STABLE_ID"
"AUDIT-000100","BATCH_01","709695961e900db91861a4307f76d24c73267367","docs/TAXONOMY_BATCH_01_FINALIZATION_TREE.csv","101","AUDIT-000095","Giyim & Moda > Alt Giyim","Giyim & Moda","Alt Giyim","Tayt","","3","Giyim & Moda > Alt Giyim > Tayt","giyim & moda > alt giyim > tayt","YES","CANDIDATE_FOR_PRODUCT_OWNER_FINALIZATION","NORMAL","Giyim & Moda","YES","NO","Batch 01 source proposal; finalization candidate; OM-R06=B; OM-R07=B; OM-R10=A","TEMPORARY_AUDIT_ID_NOT_PRODUCTION_STABLE_ID"
"AUDIT-000101","BATCH_01","709695961e900db91861a4307f76d24c73267367","docs/TAXONOMY_BATCH_01_FINALIZATION_TREE.csv","102","AUDIT-000095","Giyim & Moda > Alt Giyim","Giyim & Moda","Alt Giyim","Eşofman Altı","","3","Giyim & Moda > Alt Giyim > Eşofman Altı","giyim & moda > alt giyim > eşofman altı","YES","CANDIDATE_FOR_PRODUCT_OWNER_FINALIZATION","NORMAL","Giyim & Moda","YES","NO","Batch 01 source proposal; finalization candidate; OM-R06=B; OM-R07=B; OM-R10=A","TEMPORARY_AUDIT_ID_NOT_PRODUCTION_STABLE_ID"
"AUDIT-000102","BATCH_01","709695961e900db91861a4307f76d24c73267367","docs/TAXONOMY_BATCH_01_FINALIZATION_TREE.csv","103","","Giyim & Moda","Giyim & Moda","Elbise & Tulum","","","2","Giyim & Moda > Elbise & Tulum","giyim & moda > elbise & tulum","NO","CANDIDATE_FOR_PRODUCT_OWNER_FINALIZATION","NORMAL","Giyim & Moda","YES","YES","Batch 01 source proposal; finalization candidate; OM-R06=B; OM-R07=B; OM-R10=A","TEMPORARY_AUDIT_ID_NOT_PRODUCTION_STABLE_ID"
"AUDIT-000103","BATCH_01","709695961e900db91861a4307f76d24c73267367","docs/TAXONOMY_BATCH_01_FINALIZATION_TREE.csv","104","AUDIT-000102","Giyim & Moda > Elbise & Tulum","Giyim & Moda","Elbise & Tulum","Elbiseler","","3","Giyim & Moda > Elbise & Tulum > Elbiseler","giyim & moda > elbise & tulum > elbiseler","YES","CANDIDATE_FOR_PRODUCT_OWNER_FINALIZATION","NORMAL","Giyim & Moda","YES","NO","Batch 01 source proposal; finalization candidate; OM-R06=B; OM-R07=B; OM-R10=A","TEMPORARY_AUDIT_ID_NOT_PRODUCTION_STABLE_ID"
"AUDIT-000104","BATCH_01","709695961e900db91861a4307f76d24c73267367","docs/TAXONOMY_BATCH_01_FINALIZATION_TREE.csv","105","AUDIT-000102","Giyim & Moda > Elbise & Tulum","Giyim & Moda","Elbise & Tulum","Tulumlar","","3","Giyim & Moda > Elbise & Tulum > Tulumlar","giyim & moda > elbise & tulum > tulumlar","YES","CANDIDATE_FOR_PRODUCT_OWNER_FINALIZATION","NORMAL","Giyim & Moda","YES","NO","Batch 01 source proposal; finalization candidate; OM-R06=B; OM-R07=B; OM-R10=A","TEMPORARY_AUDIT_ID_NOT_PRODUCTION_STABLE_ID"
"AUDIT-000105","BATCH_01","709695961e900db91861a4307f76d24c73267367","docs/TAXONOMY_BATCH_01_FINALIZATION_TREE.csv","106","AUDIT-000102","Giyim & Moda > Elbise & Tulum","Giyim & Moda","Elbise & Tulum","Ferace & Abaya","","3","Giyim & Moda > Elbise & Tulum > Ferace & Abaya","giyim & moda > elbise & tulum > ferace & abaya","YES","CANDIDATE_FOR_PRODUCT_OWNER_FINALIZATION","NORMAL","Giyim & Moda","YES","YES","Batch 01 source proposal; finalization candidate; OM-R06=B; OM-R07=B; OM-R10=A","TEMPORARY_AUDIT_ID_NOT_PRODUCTION_STABLE_ID"
"AUDIT-000106","BATCH_01","709695961e900db91861a4307f76d24c73267367","docs/TAXONOMY_BATCH_01_FINALIZATION_TREE.csv","107","","Giyim & Moda","Giyim & Moda","Takım & Kombinler","","","2","Giyim & Moda > Takım & Kombinler","giyim & moda > takım & kombinler","NO","CANDIDATE_FOR_PRODUCT_OWNER_FINALIZATION","NORMAL","Giyim & Moda","YES","NO","Batch 01 source proposal; finalization candidate; OM-R06=B; OM-R07=B; OM-R10=A","TEMPORARY_AUDIT_ID_NOT_PRODUCTION_STABLE_ID"
"AUDIT-000107","BATCH_01","709695961e900db91861a4307f76d24c73267367","docs/TAXONOMY_BATCH_01_FINALIZATION_TREE.csv","108","AUDIT-000106","Giyim & Moda > Takım & Kombinler","Giyim & Moda","Takım & Kombinler","Takım Elbise","","3","Giyim & Moda > Takım & Kombinler > Takım Elbise","giyim & moda > takım & kombinler > takım elbise","YES","CANDIDATE_FOR_PRODUCT_OWNER_FINALIZATION","NORMAL","Giyim & Moda","YES","NO","Batch 01 source proposal; finalization candidate; OM-R06=B; OM-R07=B; OM-R10=A","TEMPORARY_AUDIT_ID_NOT_PRODUCTION_STABLE_ID"
"AUDIT-000108","BATCH_01","709695961e900db91861a4307f76d24c73267367","docs/TAXONOMY_BATCH_01_FINALIZATION_TREE.csv","109","AUDIT-000106","Giyim & Moda > Takım & Kombinler","Giyim & Moda","Takım & Kombinler","Eşofman Takımı","","3","Giyim & Moda > Takım & Kombinler > Eşofman Takımı","giyim & moda > takım & kombinler > eşofman takımı","YES","CANDIDATE_FOR_PRODUCT_OWNER_FINALIZATION","NORMAL","Giyim & Moda","YES","NO","Batch 01 source proposal; finalization candidate; OM-R06=B; OM-R07=B; OM-R10=A","TEMPORARY_AUDIT_ID_NOT_PRODUCTION_STABLE_ID"
"AUDIT-000109","BATCH_01","709695961e900db91861a4307f76d24c73267367","docs/TAXONOMY_BATCH_01_FINALIZATION_TREE.csv","110","AUDIT-000106","Giyim & Moda > Takım & Kombinler","Giyim & Moda","Takım & Kombinler","Koordineli Alt-Üst Takımlar","","3","Giyim & Moda > Takım & Kombinler > Koordineli Alt-Üst Takımlar","giyim & moda > takım & kombinler > koordineli alt-üst takımlar","YES","CANDIDATE_FOR_PRODUCT_OWNER_FINALIZATION","NORMAL","Giyim & Moda","YES","NO","Batch 01 source proposal; finalization candidate; OM-R06=B; OM-R07=B; OM-R10=A","TEMPORARY_AUDIT_ID_NOT_PRODUCTION_STABLE_ID"
"AUDIT-000110","BATCH_01","709695961e900db91861a4307f76d24c73267367","docs/TAXONOMY_BATCH_01_FINALIZATION_TREE.csv","111","","Giyim & Moda","Giyim & Moda","Dış Giyim","","","2","Giyim & Moda > Dış Giyim","giyim & moda > dış giyim","NO","CANDIDATE_FOR_PRODUCT_OWNER_FINALIZATION","NORMAL","Giyim & Moda","YES","NO","Batch 01 source proposal; finalization candidate; OM-R06=B; OM-R07=B; OM-R10=A","TEMPORARY_AUDIT_ID_NOT_PRODUCTION_STABLE_ID"
"AUDIT-000111","BATCH_01","709695961e900db91861a4307f76d24c73267367","docs/TAXONOMY_BATCH_01_FINALIZATION_TREE.csv","112","AUDIT-000110","Giyim & Moda > Dış Giyim","Giyim & Moda","Dış Giyim","Kaban & Pardösü","","3","Giyim & Moda > Dış Giyim > Kaban & Pardösü","giyim & moda > dış giyim > kaban & pardösü","YES","CANDIDATE_FOR_PRODUCT_OWNER_FINALIZATION","NORMAL","Giyim & Moda","YES","NO","Batch 01 source proposal; finalization candidate; OM-R06=B; OM-R07=B; OM-R10=A","TEMPORARY_AUDIT_ID_NOT_PRODUCTION_STABLE_ID"
"AUDIT-000112","BATCH_01","709695961e900db91861a4307f76d24c73267367","docs/TAXONOMY_BATCH_01_FINALIZATION_TREE.csv","113","AUDIT-000110","Giyim & Moda > Dış Giyim","Giyim & Moda","Dış Giyim","Mont & Parka","","3","Giyim & Moda > Dış Giyim > Mont & Parka","giyim & moda > dış giyim > mont & parka","YES","CANDIDATE_FOR_PRODUCT_OWNER_FINALIZATION","NORMAL","Giyim & Moda","YES","NO","Batch 01 source proposal; finalization candidate; OM-R06=B; OM-R07=B; OM-R10=A","TEMPORARY_AUDIT_ID_NOT_PRODUCTION_STABLE_ID"
"AUDIT-000113","BATCH_01","709695961e900db91861a4307f76d24c73267367","docs/TAXONOMY_BATCH_01_FINALIZATION_TREE.csv","114","AUDIT-000110","Giyim & Moda > Dış Giyim","Giyim & Moda","Dış Giyim","Ceket & Blazer","","3","Giyim & Moda > Dış Giyim > Ceket & Blazer","giyim & moda > dış giyim > ceket & blazer","YES","CANDIDATE_FOR_PRODUCT_OWNER_FINALIZATION","NORMAL","Giyim & Moda","YES","NO","Batch 01 source proposal; finalization candidate; OM-R06=B; OM-R07=B; OM-R10=A","TEMPORARY_AUDIT_ID_NOT_PRODUCTION_STABLE_ID"
"AUDIT-000114","BATCH_01","709695961e900db91861a4307f76d24c73267367","docs/TAXONOMY_BATCH_01_FINALIZATION_TREE.csv","115","AUDIT-000110","Giyim & Moda > Dış Giyim","Giyim & Moda","Dış Giyim","Trençkot, Yağmurluk & Rüzgarlık","","3","Giyim & Moda > Dış Giyim > Trençkot, Yağmurluk & Rüzgarlık","giyim & moda > dış giyim > trençkot, yağmurluk & rüzgarlık","YES","CANDIDATE_FOR_PRODUCT_OWNER_FINALIZATION","NORMAL","Giyim & Moda","YES","NO","Batch 01 source proposal; finalization candidate; OM-R06=B; OM-R07=B; OM-R10=A","TEMPORARY_AUDIT_ID_NOT_PRODUCTION_STABLE_ID"
"AUDIT-000115","BATCH_01","709695961e900db91861a4307f76d24c73267367","docs/TAXONOMY_BATCH_01_FINALIZATION_TREE.csv","116","AUDIT-000110","Giyim & Moda > Dış Giyim","Giyim & Moda","Dış Giyim","Yelek","","3","Giyim & Moda > Dış Giyim > Yelek","giyim & moda > dış giyim > yelek","YES","CANDIDATE_FOR_PRODUCT_OWNER_FINALIZATION","NORMAL","Giyim & Moda","YES","NO","Batch 01 source proposal; finalization candidate; OM-R06=B; OM-R07=B; OM-R10=A","TEMPORARY_AUDIT_ID_NOT_PRODUCTION_STABLE_ID"
"AUDIT-000116","BATCH_01","709695961e900db91861a4307f76d24c73267367","docs/TAXONOMY_BATCH_01_FINALIZATION_TREE.csv","117","","Giyim & Moda","Giyim & Moda","İç Giyim","","","2","Giyim & Moda > İç Giyim","giyim & moda > iç giyim","NO","CANDIDATE_FOR_PRODUCT_OWNER_FINALIZATION","NORMAL","Giyim & Moda","YES","NO","Batch 01 source proposal; finalization candidate; OM-R06=B; OM-R07=B; OM-R10=A","TEMPORARY_AUDIT_ID_NOT_PRODUCTION_STABLE_ID"
"AUDIT-000117","BATCH_01","709695961e900db91861a4307f76d24c73267367","docs/TAXONOMY_BATCH_01_FINALIZATION_TREE.csv","118","AUDIT-000116","Giyim & Moda > İç Giyim","Giyim & Moda","İç Giyim","Külot & Boxer","","3","Giyim & Moda > İç Giyim > Külot & Boxer","giyim & moda > iç giyim > külot & boxer","YES","CANDIDATE_FOR_PRODUCT_OWNER_FINALIZATION","NORMAL","Giyim & Moda","YES","NO","Batch 01 source proposal; finalization candidate; OM-R06=B; OM-R07=B; OM-R10=A","TEMPORARY_AUDIT_ID_NOT_PRODUCTION_STABLE_ID"
"AUDIT-000118","BATCH_01","709695961e900db91861a4307f76d24c73267367","docs/TAXONOMY_BATCH_01_FINALIZATION_TREE.csv","119","AUDIT-000116","Giyim & Moda > İç Giyim","Giyim & Moda","İç Giyim","Sütyen & Bralet","","3","Giyim & Moda > İç Giyim > Sütyen & Bralet","giyim & moda > iç giyim > sütyen & bralet","YES","CANDIDATE_FOR_PRODUCT_OWNER_FINALIZATION","NORMAL","Giyim & Moda","YES","NO","Batch 01 source proposal; finalization candidate; OM-R06=B; OM-R07=B; OM-R10=A","TEMPORARY_AUDIT_ID_NOT_PRODUCTION_STABLE_ID"
"AUDIT-000119","BATCH_01","709695961e900db91861a4307f76d24c73267367","docs/TAXONOMY_BATCH_01_FINALIZATION_TREE.csv","120","AUDIT-000116","Giyim & Moda > İç Giyim","Giyim & Moda","İç Giyim","Korse","","3","Giyim & Moda > İç Giyim > Korse","giyim & moda > iç giyim > korse","YES","CANDIDATE_FOR_PRODUCT_OWNER_FINALIZATION","NORMAL","Giyim & Moda","YES","NO","Batch 01 source proposal; finalization candidate; OM-R06=B; OM-R07=B; OM-R10=A","TEMPORARY_AUDIT_ID_NOT_PRODUCTION_STABLE_ID"
"AUDIT-000120","BATCH_01","709695961e900db91861a4307f76d24c73267367","docs/TAXONOMY_BATCH_01_FINALIZATION_TREE.csv","121","AUDIT-000116","Giyim & Moda > İç Giyim","Giyim & Moda","İç Giyim","İçlik & Termal İç Giyim","","3","Giyim & Moda > İç Giyim > İçlik & Termal İç Giyim","giyim & moda > iç giyim > içlik & termal iç giyim","YES","CANDIDATE_FOR_PRODUCT_OWNER_FINALIZATION","NORMAL","Giyim & Moda","YES","NO","Batch 01 source proposal; finalization candidate; OM-R06=B; OM-R07=B; OM-R10=A","TEMPORARY_AUDIT_ID_NOT_PRODUCTION_STABLE_ID"
"AUDIT-000121","BATCH_01","709695961e900db91861a4307f76d24c73267367","docs/TAXONOMY_BATCH_01_FINALIZATION_TREE.csv","122","AUDIT-000116","Giyim & Moda > İç Giyim","Giyim & Moda","İç Giyim","Çorap & Külotlu Çorap","","3","Giyim & Moda > İç Giyim > Çorap & Külotlu Çorap","giyim & moda > iç giyim > çorap & külotlu çorap","YES","CANDIDATE_FOR_PRODUCT_OWNER_FINALIZATION","NORMAL","Giyim & Moda","YES","NO","Batch 01 source proposal; finalization candidate; OM-R06=B; OM-R07=B; OM-R10=A","TEMPORARY_AUDIT_ID_NOT_PRODUCTION_STABLE_ID"
"AUDIT-000122","BATCH_01","709695961e900db91861a4307f76d24c73267367","docs/TAXONOMY_BATCH_01_FINALIZATION_TREE.csv","123","","Giyim & Moda","Giyim & Moda","Ev & Uyku Giyimi","","","2","Giyim & Moda > Ev & Uyku Giyimi","giyim & moda > ev & uyku giyimi","NO","CANDIDATE_FOR_PRODUCT_OWNER_FINALIZATION","NORMAL","Giyim & Moda","YES","NO","Batch 01 source proposal; finalization candidate; OM-R06=B; OM-R07=B; OM-R10=A","TEMPORARY_AUDIT_ID_NOT_PRODUCTION_STABLE_ID"
"AUDIT-000123","BATCH_01","709695961e900db91861a4307f76d24c73267367","docs/TAXONOMY_BATCH_01_FINALIZATION_TREE.csv","124","AUDIT-000122","Giyim & Moda > Ev & Uyku Giyimi","Giyim & Moda","Ev & Uyku Giyimi","Pijama","","3","Giyim & Moda > Ev & Uyku Giyimi > Pijama","giyim & moda > ev & uyku giyimi > pijama","YES","CANDIDATE_FOR_PRODUCT_OWNER_FINALIZATION","NORMAL","Giyim & Moda","YES","NO","Batch 01 source proposal; finalization candidate; OM-R06=B; OM-R07=B; OM-R10=A","TEMPORARY_AUDIT_ID_NOT_PRODUCTION_STABLE_ID"
"AUDIT-000124","BATCH_01","709695961e900db91861a4307f76d24c73267367","docs/TAXONOMY_BATCH_01_FINALIZATION_TREE.csv","125","AUDIT-000122","Giyim & Moda > Ev & Uyku Giyimi","Giyim & Moda","Ev & Uyku Giyimi","Gecelik & Sabahlık","","3","Giyim & Moda > Ev & Uyku Giyimi > Gecelik & Sabahlık","giyim & moda > ev & uyku giyimi > gecelik & sabahlık","YES","CANDIDATE_FOR_PRODUCT_OWNER_FINALIZATION","NORMAL","Giyim & Moda","YES","NO","Batch 01 source proposal; finalization candidate; OM-R06=B; OM-R07=B; OM-R10=A","TEMPORARY_AUDIT_ID_NOT_PRODUCTION_STABLE_ID"
"AUDIT-000125","BATCH_01","709695961e900db91861a4307f76d24c73267367","docs/TAXONOMY_BATCH_01_FINALIZATION_TREE.csv","126","AUDIT-000122","Giyim & Moda > Ev & Uyku Giyimi","Giyim & Moda","Ev & Uyku Giyimi","Ev Giyimi","","3","Giyim & Moda > Ev & Uyku Giyimi > Ev Giyimi","giyim & moda > ev & uyku giyimi > ev giyimi","YES","CANDIDATE_FOR_PRODUCT_OWNER_FINALIZATION","NORMAL","Giyim & Moda","YES","NO","Batch 01 source proposal; finalization candidate; OM-R06=B; OM-R07=B; OM-R10=A","TEMPORARY_AUDIT_ID_NOT_PRODUCTION_STABLE_ID"
"AUDIT-000126","BATCH_01","709695961e900db91861a4307f76d24c73267367","docs/TAXONOMY_BATCH_01_FINALIZATION_TREE.csv","127","","Giyim & Moda","Giyim & Moda","Spor & Performans Giyimi","","","2","Giyim & Moda > Spor & Performans Giyimi","giyim & moda > spor & performans giyimi","NO","CANDIDATE_FOR_PRODUCT_OWNER_FINALIZATION","NORMAL","Giyim & Moda","YES","YES","Batch 01 source proposal; finalization candidate; OM-R06=B; OM-R07=B; OM-R10=A","TEMPORARY_AUDIT_ID_NOT_PRODUCTION_STABLE_ID"
"AUDIT-000127","BATCH_01","709695961e900db91861a4307f76d24c73267367","docs/TAXONOMY_BATCH_01_FINALIZATION_TREE.csv","128","AUDIT-000126","Giyim & Moda > Spor & Performans Giyimi","Giyim & Moda","Spor & Performans Giyimi","Spor Üst Giyim","","3","Giyim & Moda > Spor & Performans Giyimi > Spor Üst Giyim","giyim & moda > spor & performans giyimi > spor üst giyim","YES","CANDIDATE_FOR_PRODUCT_OWNER_FINALIZATION","NORMAL","Giyim & Moda","YES","NO","Batch 01 source proposal; finalization candidate; OM-R06=B; OM-R07=B; OM-R10=A","TEMPORARY_AUDIT_ID_NOT_PRODUCTION_STABLE_ID"
"AUDIT-000128","BATCH_01","709695961e900db91861a4307f76d24c73267367","docs/TAXONOMY_BATCH_01_FINALIZATION_TREE.csv","129","AUDIT-000126","Giyim & Moda > Spor & Performans Giyimi","Giyim & Moda","Spor & Performans Giyimi","Spor Alt Giyim","","3","Giyim & Moda > Spor & Performans Giyimi > Spor Alt Giyim","giyim & moda > spor & performans giyimi > spor alt giyim","YES","CANDIDATE_FOR_PRODUCT_OWNER_FINALIZATION","NORMAL","Giyim & Moda","YES","NO","Batch 01 source proposal; finalization candidate; OM-R06=B; OM-R07=B; OM-R10=A","TEMPORARY_AUDIT_ID_NOT_PRODUCTION_STABLE_ID"
"AUDIT-000129","BATCH_01","709695961e900db91861a4307f76d24c73267367","docs/TAXONOMY_BATCH_01_FINALIZATION_TREE.csv","130","AUDIT-000126","Giyim & Moda > Spor & Performans Giyimi","Giyim & Moda","Spor & Performans Giyimi","Spor Tulum & Tek Parça","","3","Giyim & Moda > Spor & Performans Giyimi > Spor Tulum & Tek Parça","giyim & moda > spor & performans giyimi > spor tulum & tek parça","YES","CANDIDATE_FOR_PRODUCT_OWNER_FINALIZATION","NORMAL","Giyim & Moda","YES","NO","Batch 01 source proposal; finalization candidate; OM-R06=B; OM-R07=B; OM-R10=A","TEMPORARY_AUDIT_ID_NOT_PRODUCTION_STABLE_ID"
"AUDIT-000130","BATCH_01","709695961e900db91861a4307f76d24c73267367","docs/TAXONOMY_BATCH_01_FINALIZATION_TREE.csv","131","AUDIT-000126","Giyim & Moda > Spor & Performans Giyimi","Giyim & Moda","Spor & Performans Giyimi","Spor Sütyeni","","3","Giyim & Moda > Spor & Performans Giyimi > Spor Sütyeni","giyim & moda > spor & performans giyimi > spor sütyeni","YES","CANDIDATE_FOR_PRODUCT_OWNER_FINALIZATION","NORMAL","Giyim & Moda","YES","YES","Batch 01 source proposal; finalization candidate; OM-R06=B; OM-R07=B; OM-R10=A","TEMPORARY_AUDIT_ID_NOT_PRODUCTION_STABLE_ID"
"AUDIT-000131","BATCH_01","709695961e900db91861a4307f76d24c73267367","docs/TAXONOMY_BATCH_01_FINALIZATION_TREE.csv","132","AUDIT-000126","Giyim & Moda > Spor & Performans Giyimi","Giyim & Moda","Spor & Performans Giyimi","Teknik İç Katman","","3","Giyim & Moda > Spor & Performans Giyimi > Teknik İç Katman","giyim & moda > spor & performans giyimi > teknik iç katman","YES","CANDIDATE_FOR_PRODUCT_OWNER_FINALIZATION","NORMAL","Giyim & Moda","YES","YES","Batch 01 source proposal; finalization candidate; OM-R06=B; OM-R07=B; OM-R10=A","TEMPORARY_AUDIT_ID_NOT_PRODUCTION_STABLE_ID"
"AUDIT-000132","BATCH_01","709695961e900db91861a4307f76d24c73267367","docs/TAXONOMY_BATCH_01_FINALIZATION_TREE.csv","133","","Giyim & Moda","Giyim & Moda","Mayo & Plaj Giyimi","","","2","Giyim & Moda > Mayo & Plaj Giyimi","giyim & moda > mayo & plaj giyimi","NO","CANDIDATE_FOR_PRODUCT_OWNER_FINALIZATION","NORMAL","Giyim & Moda","YES","NO","Batch 01 source proposal; finalization candidate; OM-R06=B; OM-R07=B; OM-R10=A","TEMPORARY_AUDIT_ID_NOT_PRODUCTION_STABLE_ID"
"AUDIT-000133","BATCH_01","709695961e900db91861a4307f76d24c73267367","docs/TAXONOMY_BATCH_01_FINALIZATION_TREE.csv","134","AUDIT-000132","Giyim & Moda > Mayo & Plaj Giyimi","Giyim & Moda","Mayo & Plaj Giyimi","Mayo","","3","Giyim & Moda > Mayo & Plaj Giyimi > Mayo","giyim & moda > mayo & plaj giyimi > mayo","YES","CANDIDATE_FOR_PRODUCT_OWNER_FINALIZATION","NORMAL","Giyim & Moda","YES","NO","Batch 01 source proposal; finalization candidate; OM-R06=B; OM-R07=B; OM-R10=A","TEMPORARY_AUDIT_ID_NOT_PRODUCTION_STABLE_ID"
"AUDIT-000134","BATCH_01","709695961e900db91861a4307f76d24c73267367","docs/TAXONOMY_BATCH_01_FINALIZATION_TREE.csv","135","AUDIT-000132","Giyim & Moda > Mayo & Plaj Giyimi","Giyim & Moda","Mayo & Plaj Giyimi","Bikini & Tankini","","3","Giyim & Moda > Mayo & Plaj Giyimi > Bikini & Tankini","giyim & moda > mayo & plaj giyimi > bikini & tankini","YES","CANDIDATE_FOR_PRODUCT_OWNER_FINALIZATION","NORMAL","Giyim & Moda","YES","NO","Batch 01 source proposal; finalization candidate; OM-R06=B; OM-R07=B; OM-R10=A","TEMPORARY_AUDIT_ID_NOT_PRODUCTION_STABLE_ID"
"AUDIT-000135","BATCH_01","709695961e900db91861a4307f76d24c73267367","docs/TAXONOMY_BATCH_01_FINALIZATION_TREE.csv","136","AUDIT-000132","Giyim & Moda > Mayo & Plaj Giyimi","Giyim & Moda","Mayo & Plaj Giyimi","Yüzme Şortu","","3","Giyim & Moda > Mayo & Plaj Giyimi > Yüzme Şortu","giyim & moda > mayo & plaj giyimi > yüzme şortu","YES","CANDIDATE_FOR_PRODUCT_OWNER_FINALIZATION","NORMAL","Giyim & Moda","YES","NO","Batch 01 source proposal; finalization candidate; OM-R06=B; OM-R07=B; OM-R10=A","TEMPORARY_AUDIT_ID_NOT_PRODUCTION_STABLE_ID"
"AUDIT-000136","BATCH_01","709695961e900db91861a4307f76d24c73267367","docs/TAXONOMY_BATCH_01_FINALIZATION_TREE.csv","137","AUDIT-000132","Giyim & Moda > Mayo & Plaj Giyimi","Giyim & Moda","Mayo & Plaj Giyimi","Pareo & Plaj Üst Giyimi","","3","Giyim & Moda > Mayo & Plaj Giyimi > Pareo & Plaj Üst Giyimi","giyim & moda > mayo & plaj giyimi > pareo & plaj üst giyimi","YES","CANDIDATE_FOR_PRODUCT_OWNER_FINALIZATION","NORMAL","Giyim & Moda","YES","NO","Batch 01 source proposal; finalization candidate; OM-R06=B; OM-R07=B; OM-R10=A","TEMPORARY_AUDIT_ID_NOT_PRODUCTION_STABLE_ID"
"AUDIT-000137","BATCH_01","709695961e900db91861a4307f76d24c73267367","docs/TAXONOMY_BATCH_01_FINALIZATION_TREE.csv","138","","Giyim & Moda","Giyim & Moda","İş Giyimi & Üniforma","","","2","Giyim & Moda > İş Giyimi & Üniforma","giyim & moda > iş giyimi & üniforma","NO","CANDIDATE_FOR_PRODUCT_OWNER_FINALIZATION","NORMAL","Giyim & Moda","YES","YES","Batch 01 source proposal; finalization candidate; OM-R06=B; OM-R07=B; OM-R10=A","TEMPORARY_AUDIT_ID_NOT_PRODUCTION_STABLE_ID"
"AUDIT-000138","BATCH_01","709695961e900db91861a4307f76d24c73267367","docs/TAXONOMY_BATCH_01_FINALIZATION_TREE.csv","139","AUDIT-000137","Giyim & Moda > İş Giyimi & Üniforma","Giyim & Moda","İş Giyimi & Üniforma","Kurumsal Üniforma","","3","Giyim & Moda > İş Giyimi & Üniforma > Kurumsal Üniforma","giyim & moda > iş giyimi & üniforma > kurumsal üniforma","YES","CANDIDATE_FOR_PRODUCT_OWNER_FINALIZATION","NORMAL","Giyim & Moda","YES","NO","Batch 01 source proposal; finalization candidate; OM-R06=B; OM-R07=B; OM-R10=A","TEMPORARY_AUDIT_ID_NOT_PRODUCTION_STABLE_ID"
"AUDIT-000139","BATCH_01","709695961e900db91861a4307f76d24c73267367","docs/TAXONOMY_BATCH_01_FINALIZATION_TREE.csv","140","AUDIT-000137","Giyim & Moda > İş Giyimi & Üniforma","Giyim & Moda","İş Giyimi & Üniforma","İş Tulumları","","3","Giyim & Moda > İş Giyimi & Üniforma > İş Tulumları","giyim & moda > iş giyimi & üniforma > iş tulumları","YES","CANDIDATE_FOR_PRODUCT_OWNER_FINALIZATION","NORMAL","Giyim & Moda","YES","YES","Batch 01 source proposal; finalization candidate; OM-R06=B; OM-R07=B; OM-R10=A","TEMPORARY_AUDIT_ID_NOT_PRODUCTION_STABLE_ID"
"AUDIT-000140","BATCH_01","709695961e900db91861a4307f76d24c73267367","docs/TAXONOMY_BATCH_01_FINALIZATION_TREE.csv","141","AUDIT-000137","Giyim & Moda > İş Giyimi & Üniforma","Giyim & Moda","İş Giyimi & Üniforma","İş Önlüğü & Ceketi","","3","Giyim & Moda > İş Giyimi & Üniforma > İş Önlüğü & Ceketi","giyim & moda > iş giyimi & üniforma > iş önlüğü & ceketi","YES","CANDIDATE_FOR_PRODUCT_OWNER_FINALIZATION","NORMAL","Giyim & Moda","YES","YES","Batch 01 source proposal; finalization candidate; OM-R06=B; OM-R07=B; OM-R10=A","TEMPORARY_AUDIT_ID_NOT_PRODUCTION_STABLE_ID"
"AUDIT-000141","BATCH_01","709695961e900db91861a4307f76d24c73267367","docs/TAXONOMY_BATCH_01_FINALIZATION_TREE.csv","142","","Ev & Yaşam","Ev & Yaşam","Mobilya","","","2","Ev & Yaşam > Mobilya","ev & yaşam > mobilya","NO","CANDIDATE_FOR_PRODUCT_OWNER_FINALIZATION","NORMAL","Ev & Yaşam","YES","NO","Batch 01 source proposal; finalization candidate; OM-R06=B; OM-R07=B; OM-R10=A","TEMPORARY_AUDIT_ID_NOT_PRODUCTION_STABLE_ID"
"AUDIT-000142","BATCH_01","709695961e900db91861a4307f76d24c73267367","docs/TAXONOMY_BATCH_01_FINALIZATION_TREE.csv","143","AUDIT-000141","Ev & Yaşam > Mobilya","Ev & Yaşam","Mobilya","Oturma Mobilyaları","","3","Ev & Yaşam > Mobilya > Oturma Mobilyaları","ev & yaşam > mobilya > oturma mobilyaları","NO","CANDIDATE_FOR_PRODUCT_OWNER_FINALIZATION","NORMAL","Ev & Yaşam","YES","NO","Batch 01 source proposal; finalization candidate; OM-R06=B; OM-R07=B; OM-R10=A","TEMPORARY_AUDIT_ID_NOT_PRODUCTION_STABLE_ID"
"AUDIT-000143","BATCH_01","709695961e900db91861a4307f76d24c73267367","docs/TAXONOMY_BATCH_01_FINALIZATION_TREE.csv","144","AUDIT-000142","Ev & Yaşam > Mobilya > Oturma Mobilyaları","Ev & Yaşam","Mobilya","Oturma Mobilyaları","Koltuk & Kanepe","4","Ev & Yaşam > Mobilya > Oturma Mobilyaları > Koltuk & Kanepe","ev & yaşam > mobilya > oturma mobilyaları > koltuk & kanepe","YES","CANDIDATE_FOR_PRODUCT_OWNER_FINALIZATION","NORMAL","Ev & Yaşam","YES","NO","Batch 01 source proposal; finalization candidate; OM-R06=B; OM-R07=B; OM-R10=A","TEMPORARY_AUDIT_ID_NOT_PRODUCTION_STABLE_ID"
"AUDIT-000144","BATCH_01","709695961e900db91861a4307f76d24c73267367","docs/TAXONOMY_BATCH_01_FINALIZATION_TREE.csv","145","AUDIT-000142","Ev & Yaşam > Mobilya > Oturma Mobilyaları","Ev & Yaşam","Mobilya","Oturma Mobilyaları","Berjer & Puf","4","Ev & Yaşam > Mobilya > Oturma Mobilyaları > Berjer & Puf","ev & yaşam > mobilya > oturma mobilyaları > berjer & puf","YES","CANDIDATE_FOR_PRODUCT_OWNER_FINALIZATION","NORMAL","Ev & Yaşam","YES","NO","Batch 01 source proposal; finalization candidate; OM-R06=B; OM-R07=B; OM-R10=A","TEMPORARY_AUDIT_ID_NOT_PRODUCTION_STABLE_ID"
"AUDIT-000145","BATCH_01","709695961e900db91861a4307f76d24c73267367","docs/TAXONOMY_BATCH_01_FINALIZATION_TREE.csv","146","AUDIT-000141","Ev & Yaşam > Mobilya","Ev & Yaşam","Mobilya","Masa Mobilyaları","","3","Ev & Yaşam > Mobilya > Masa Mobilyaları","ev & yaşam > mobilya > masa mobilyaları","NO","CANDIDATE_FOR_PRODUCT_OWNER_FINALIZATION","NORMAL","Ev & Yaşam","YES","NO","Batch 01 source proposal; finalization candidate; OM-R06=B; OM-R07=B; OM-R10=A","TEMPORARY_AUDIT_ID_NOT_PRODUCTION_STABLE_ID"
"AUDIT-000146","BATCH_01","709695961e900db91861a4307f76d24c73267367","docs/TAXONOMY_BATCH_01_FINALIZATION_TREE.csv","147","AUDIT-000145","Ev & Yaşam > Mobilya > Masa Mobilyaları","Ev & Yaşam","Mobilya","Masa Mobilyaları","Yemek Masası","4","Ev & Yaşam > Mobilya > Masa Mobilyaları > Yemek Masası","ev & yaşam > mobilya > masa mobilyaları > yemek masası","YES","CANDIDATE_FOR_PRODUCT_OWNER_FINALIZATION","NORMAL","Ev & Yaşam","YES","NO","Batch 01 source proposal; finalization candidate; OM-R06=B; OM-R07=B; OM-R10=A","TEMPORARY_AUDIT_ID_NOT_PRODUCTION_STABLE_ID"
"AUDIT-000147","BATCH_01","709695961e900db91861a4307f76d24c73267367","docs/TAXONOMY_BATCH_01_FINALIZATION_TREE.csv","148","AUDIT-000145","Ev & Yaşam > Mobilya > Masa Mobilyaları","Ev & Yaşam","Mobilya","Masa Mobilyaları","Çalışma Masası","4","Ev & Yaşam > Mobilya > Masa Mobilyaları > Çalışma Masası","ev & yaşam > mobilya > masa mobilyaları > çalışma masası","YES","CANDIDATE_FOR_PRODUCT_OWNER_FINALIZATION","NORMAL","Ev & Yaşam","YES","NO","Batch 01 source proposal; finalization candidate; OM-R06=B; OM-R07=B; OM-R10=A","TEMPORARY_AUDIT_ID_NOT_PRODUCTION_STABLE_ID"
"AUDIT-000148","BATCH_01","709695961e900db91861a4307f76d24c73267367","docs/TAXONOMY_BATCH_01_FINALIZATION_TREE.csv","149","AUDIT-000145","Ev & Yaşam > Mobilya > Masa Mobilyaları","Ev & Yaşam","Mobilya","Masa Mobilyaları","Sehpa","4","Ev & Yaşam > Mobilya > Masa Mobilyaları > Sehpa","ev & yaşam > mobilya > masa mobilyaları > sehpa","YES","CANDIDATE_FOR_PRODUCT_OWNER_FINALIZATION","NORMAL","Ev & Yaşam","YES","NO","Batch 01 source proposal; finalization candidate; OM-R06=B; OM-R07=B; OM-R10=A","TEMPORARY_AUDIT_ID_NOT_PRODUCTION_STABLE_ID"
"AUDIT-000149","BATCH_01","709695961e900db91861a4307f76d24c73267367","docs/TAXONOMY_BATCH_01_FINALIZATION_TREE.csv","150","AUDIT-000141","Ev & Yaşam > Mobilya","Ev & Yaşam","Mobilya","Oturma Birimleri","","3","Ev & Yaşam > Mobilya > Oturma Birimleri","ev & yaşam > mobilya > oturma birimleri","NO","CANDIDATE_FOR_PRODUCT_OWNER_FINALIZATION","NORMAL","Ev & Yaşam","YES","NO","Batch 01 source proposal; finalization candidate; OM-R06=B; OM-R07=B; OM-R10=A","TEMPORARY_AUDIT_ID_NOT_PRODUCTION_STABLE_ID"
"AUDIT-000150","BATCH_01","709695961e900db91861a4307f76d24c73267367","docs/TAXONOMY_BATCH_01_FINALIZATION_TREE.csv","151","AUDIT-000149","Ev & Yaşam > Mobilya > Oturma Birimleri","Ev & Yaşam","Mobilya","Oturma Birimleri","Sandalye","4","Ev & Yaşam > Mobilya > Oturma Birimleri > Sandalye","ev & yaşam > mobilya > oturma birimleri > sandalye","YES","CANDIDATE_FOR_PRODUCT_OWNER_FINALIZATION","NORMAL","Ev & Yaşam","YES","NO","Batch 01 source proposal; finalization candidate; OM-R06=B; OM-R07=B; OM-R10=A","TEMPORARY_AUDIT_ID_NOT_PRODUCTION_STABLE_ID"
"AUDIT-000151","BATCH_01","709695961e900db91861a4307f76d24c73267367","docs/TAXONOMY_BATCH_01_FINALIZATION_TREE.csv","152","AUDIT-000149","Ev & Yaşam > Mobilya > Oturma Birimleri","Ev & Yaşam","Mobilya","Oturma Birimleri","Tabure & Bank","4","Ev & Yaşam > Mobilya > Oturma Birimleri > Tabure & Bank","ev & yaşam > mobilya > oturma birimleri > tabure & bank","YES","CANDIDATE_FOR_PRODUCT_OWNER_FINALIZATION","NORMAL","Ev & Yaşam","YES","NO","Batch 01 source proposal; finalization candidate; OM-R06=B; OM-R07=B; OM-R10=A","TEMPORARY_AUDIT_ID_NOT_PRODUCTION_STABLE_ID"
"AUDIT-000152","BATCH_01","709695961e900db91861a4307f76d24c73267367","docs/TAXONOMY_BATCH_01_FINALIZATION_TREE.csv","153","AUDIT-000141","Ev & Yaşam > Mobilya","Ev & Yaşam","Mobilya","Depolama Mobilyaları","","3","Ev & Yaşam > Mobilya > Depolama Mobilyaları","ev & yaşam > mobilya > depolama mobilyaları","NO","CANDIDATE_FOR_PRODUCT_OWNER_FINALIZATION","NORMAL","Ev & Yaşam","YES","NO","Batch 01 source proposal; finalization candidate; OM-R06=B; OM-R07=B; OM-R10=A","TEMPORARY_AUDIT_ID_NOT_PRODUCTION_STABLE_ID"
"AUDIT-000153","BATCH_01","709695961e900db91861a4307f76d24c73267367","docs/TAXONOMY_BATCH_01_FINALIZATION_TREE.csv","154","AUDIT-000152","Ev & Yaşam > Mobilya > Depolama Mobilyaları","Ev & Yaşam","Mobilya","Depolama Mobilyaları","Dolap & Şifonyer","4","Ev & Yaşam > Mobilya > Depolama Mobilyaları > Dolap & Şifonyer","ev & yaşam > mobilya > depolama mobilyaları > dolap & şifonyer","YES","CANDIDATE_FOR_PRODUCT_OWNER_FINALIZATION","NORMAL","Ev & Yaşam","YES","NO","Batch 01 source proposal; finalization candidate; OM-R06=B; OM-R07=B; OM-R10=A","TEMPORARY_AUDIT_ID_NOT_PRODUCTION_STABLE_ID"
"AUDIT-000154","BATCH_01","709695961e900db91861a4307f76d24c73267367","docs/TAXONOMY_BATCH_01_FINALIZATION_TREE.csv","155","AUDIT-000152","Ev & Yaşam > Mobilya > Depolama Mobilyaları","Ev & Yaşam","Mobilya","Depolama Mobilyaları","Raf & Kitaplık","4","Ev & Yaşam > Mobilya > Depolama Mobilyaları > Raf & Kitaplık","ev & yaşam > mobilya > depolama mobilyaları > raf & kitaplık","YES","CANDIDATE_FOR_PRODUCT_OWNER_FINALIZATION","NORMAL","Ev & Yaşam","YES","NO","Batch 01 source proposal; finalization candidate; OM-R06=B; OM-R07=B; OM-R10=A","TEMPORARY_AUDIT_ID_NOT_PRODUCTION_STABLE_ID"
"AUDIT-000155","BATCH_01","709695961e900db91861a4307f76d24c73267367","docs/TAXONOMY_BATCH_01_FINALIZATION_TREE.csv","156","AUDIT-000152","Ev & Yaşam > Mobilya > Depolama Mobilyaları","Ev & Yaşam","Mobilya","Depolama Mobilyaları","TV Ünitesi","4","Ev & Yaşam > Mobilya > Depolama Mobilyaları > TV Ünitesi","ev & yaşam > mobilya > depolama mobilyaları > tv ünitesi","YES","CANDIDATE_FOR_PRODUCT_OWNER_FINALIZATION","NORMAL","Ev & Yaşam","YES","NO","Batch 01 source proposal; finalization candidate; OM-R06=B; OM-R07=B; OM-R10=A","TEMPORARY_AUDIT_ID_NOT_PRODUCTION_STABLE_ID"
"AUDIT-000156","BATCH_01","709695961e900db91861a4307f76d24c73267367","docs/TAXONOMY_BATCH_01_FINALIZATION_TREE.csv","157","AUDIT-000141","Ev & Yaşam > Mobilya","Ev & Yaşam","Mobilya","Yatak Mobilyaları","","3","Ev & Yaşam > Mobilya > Yatak Mobilyaları","ev & yaşam > mobilya > yatak mobilyaları","NO","CANDIDATE_FOR_PRODUCT_OWNER_FINALIZATION","NORMAL","Ev & Yaşam","YES","NO","Batch 01 source proposal; finalization candidate; OM-R06=B; OM-R07=B; OM-R10=A","TEMPORARY_AUDIT_ID_NOT_PRODUCTION_STABLE_ID"
"AUDIT-000157","BATCH_01","709695961e900db91861a4307f76d24c73267367","docs/TAXONOMY_BATCH_01_FINALIZATION_TREE.csv","158","AUDIT-000156","Ev & Yaşam > Mobilya > Yatak Mobilyaları","Ev & Yaşam","Mobilya","Yatak Mobilyaları","Karyola","4","Ev & Yaşam > Mobilya > Yatak Mobilyaları > Karyola","ev & yaşam > mobilya > yatak mobilyaları > karyola","YES","CANDIDATE_FOR_PRODUCT_OWNER_FINALIZATION","NORMAL","Ev & Yaşam","YES","NO","Batch 01 source proposal; finalization candidate; OM-R06=B; OM-R07=B; OM-R10=A","TEMPORARY_AUDIT_ID_NOT_PRODUCTION_STABLE_ID"
"AUDIT-000158","BATCH_01","709695961e900db91861a4307f76d24c73267367","docs/TAXONOMY_BATCH_01_FINALIZATION_TREE.csv","159","AUDIT-000156","Ev & Yaşam > Mobilya > Yatak Mobilyaları","Ev & Yaşam","Mobilya","Yatak Mobilyaları","Baza & Başlık","4","Ev & Yaşam > Mobilya > Yatak Mobilyaları > Baza & Başlık","ev & yaşam > mobilya > yatak mobilyaları > baza & başlık","YES","CANDIDATE_FOR_PRODUCT_OWNER_FINALIZATION","NORMAL","Ev & Yaşam","YES","NO","Batch 01 source proposal; finalization candidate; OM-R06=B; OM-R07=B; OM-R10=A","TEMPORARY_AUDIT_ID_NOT_PRODUCTION_STABLE_ID"
"AUDIT-000159","BATCH_01","709695961e900db91861a4307f76d24c73267367","docs/TAXONOMY_BATCH_01_FINALIZATION_TREE.csv","160","","Ev & Yaşam","Ev & Yaşam","Yatak & Uyku Ürünleri","","","2","Ev & Yaşam > Yatak & Uyku Ürünleri","ev & yaşam > yatak & uyku ürünleri","NO","CANDIDATE_FOR_PRODUCT_OWNER_FINALIZATION","LEGAL_REVIEW_REQUIRED","Ev & Yaşam","YES","YES","Batch 01 source proposal; finalization candidate; OM-R06=B; OM-R07=B; OM-R10=A","TEMPORARY_AUDIT_ID_NOT_PRODUCTION_STABLE_ID"
"AUDIT-000160","BATCH_01","709695961e900db91861a4307f76d24c73267367","docs/TAXONOMY_BATCH_01_FINALIZATION_TREE.csv","161","AUDIT-000159","Ev & Yaşam > Yatak & Uyku Ürünleri","Ev & Yaşam","Yatak & Uyku Ürünleri","Yataklar","","3","Ev & Yaşam > Yatak & Uyku Ürünleri > Yataklar","ev & yaşam > yatak & uyku ürünleri > yataklar","YES","CANDIDATE_FOR_PRODUCT_OWNER_FINALIZATION","NORMAL","Ev & Yaşam","YES","YES","Batch 01 source proposal; finalization candidate; OM-R06=B; OM-R07=B; OM-R10=A","TEMPORARY_AUDIT_ID_NOT_PRODUCTION_STABLE_ID"
"AUDIT-000161","BATCH_01","709695961e900db91861a4307f76d24c73267367","docs/TAXONOMY_BATCH_01_FINALIZATION_TREE.csv","162","AUDIT-000159","Ev & Yaşam > Yatak & Uyku Ürünleri","Ev & Yaşam","Yatak & Uyku Ürünleri","Yastıklar","","3","Ev & Yaşam > Yatak & Uyku Ürünleri > Yastıklar","ev & yaşam > yatak & uyku ürünleri > yastıklar","YES","CANDIDATE_FOR_PRODUCT_OWNER_FINALIZATION","NORMAL","Ev & Yaşam","YES","YES","Batch 01 source proposal; finalization candidate; OM-R06=B; OM-R07=B; OM-R10=A","TEMPORARY_AUDIT_ID_NOT_PRODUCTION_STABLE_ID"
"AUDIT-000162","BATCH_01","709695961e900db91861a4307f76d24c73267367","docs/TAXONOMY_BATCH_01_FINALIZATION_TREE.csv","163","AUDIT-000159","Ev & Yaşam > Yatak & Uyku Ürünleri","Ev & Yaşam","Yatak & Uyku Ürünleri","Yorganlar","","3","Ev & Yaşam > Yatak & Uyku Ürünleri > Yorganlar","ev & yaşam > yatak & uyku ürünleri > yorganlar","YES","CANDIDATE_FOR_PRODUCT_OWNER_FINALIZATION","NORMAL","Ev & Yaşam","YES","NO","Batch 01 source proposal; finalization candidate; OM-R06=B; OM-R07=B; OM-R10=A","TEMPORARY_AUDIT_ID_NOT_PRODUCTION_STABLE_ID"
"AUDIT-000163","BATCH_01","709695961e900db91861a4307f76d24c73267367","docs/TAXONOMY_BATCH_01_FINALIZATION_TREE.csv","164","AUDIT-000159","Ev & Yaşam > Yatak & Uyku Ürünleri","Ev & Yaşam","Yatak & Uyku Ürünleri","Yatak Pedi & Alez","","3","Ev & Yaşam > Yatak & Uyku Ürünleri > Yatak Pedi & Alez","ev & yaşam > yatak & uyku ürünleri > yatak pedi & alez","YES","CANDIDATE_FOR_PRODUCT_OWNER_FINALIZATION","NORMAL","Ev & Yaşam","YES","NO","Batch 01 source proposal; finalization candidate; OM-R06=B; OM-R07=B; OM-R10=A","TEMPORARY_AUDIT_ID_NOT_PRODUCTION_STABLE_ID"
"AUDIT-000164","BATCH_01","709695961e900db91861a4307f76d24c73267367","docs/TAXONOMY_BATCH_01_FINALIZATION_TREE.csv","165","AUDIT-000159","Ev & Yaşam > Yatak & Uyku Ürünleri","Ev & Yaşam","Yatak & Uyku Ürünleri","Uyku Destek Ürünleri","","3","Ev & Yaşam > Yatak & Uyku Ürünleri > Uyku Destek Ürünleri","ev & yaşam > yatak & uyku ürünleri > uyku destek ürünleri","YES","CANDIDATE_FOR_PRODUCT_OWNER_FINALIZATION","LEGAL_REVIEW_REQUIRED","Ev & Yaşam","YES","YES","Batch 01 source proposal; finalization candidate; OM-R06=B; OM-R07=B; OM-R10=A","TEMPORARY_AUDIT_ID_NOT_PRODUCTION_STABLE_ID"
"AUDIT-000165","BATCH_01","709695961e900db91861a4307f76d24c73267367","docs/TAXONOMY_BATCH_01_FINALIZATION_TREE.csv","166","","Ev & Yaşam","Ev & Yaşam","Ev Tekstili","","","2","Ev & Yaşam > Ev Tekstili","ev & yaşam > ev tekstili","NO","CANDIDATE_FOR_PRODUCT_OWNER_FINALIZATION","NORMAL","Ev & Yaşam","YES","NO","Batch 01 source proposal; finalization candidate; OM-R06=B; OM-R07=B; OM-R10=A","TEMPORARY_AUDIT_ID_NOT_PRODUCTION_STABLE_ID"
"AUDIT-000166","BATCH_01","709695961e900db91861a4307f76d24c73267367","docs/TAXONOMY_BATCH_01_FINALIZATION_TREE.csv","167","AUDIT-000165","Ev & Yaşam > Ev Tekstili","Ev & Yaşam","Ev Tekstili","Yatak Tekstili","","3","Ev & Yaşam > Ev Tekstili > Yatak Tekstili","ev & yaşam > ev tekstili > yatak tekstili","NO","CANDIDATE_FOR_PRODUCT_OWNER_FINALIZATION","NORMAL","Ev & Yaşam","YES","NO","Batch 01 source proposal; finalization candidate; OM-R06=B; OM-R07=B; OM-R10=A","TEMPORARY_AUDIT_ID_NOT_PRODUCTION_STABLE_ID"
"AUDIT-000167","BATCH_01","709695961e900db91861a4307f76d24c73267367","docs/TAXONOMY_BATCH_01_FINALIZATION_TREE.csv","168","AUDIT-000166","Ev & Yaşam > Ev Tekstili > Yatak Tekstili","Ev & Yaşam","Ev Tekstili","Yatak Tekstili","Nevresim Takımı","4","Ev & Yaşam > Ev Tekstili > Yatak Tekstili > Nevresim Takımı","ev & yaşam > ev tekstili > yatak tekstili > nevresim takımı","YES","CANDIDATE_FOR_PRODUCT_OWNER_FINALIZATION","NORMAL","Ev & Yaşam","YES","NO","Batch 01 source proposal; finalization candidate; OM-R06=B; OM-R07=B; OM-R10=A","TEMPORARY_AUDIT_ID_NOT_PRODUCTION_STABLE_ID"
"AUDIT-000168","BATCH_01","709695961e900db91861a4307f76d24c73267367","docs/TAXONOMY_BATCH_01_FINALIZATION_TREE.csv","169","AUDIT-000166","Ev & Yaşam > Ev Tekstili > Yatak Tekstili","Ev & Yaşam","Ev Tekstili","Yatak Tekstili","Çarşaf","4","Ev & Yaşam > Ev Tekstili > Yatak Tekstili > Çarşaf","ev & yaşam > ev tekstili > yatak tekstili > çarşaf","YES","CANDIDATE_FOR_PRODUCT_OWNER_FINALIZATION","NORMAL","Ev & Yaşam","YES","NO","Batch 01 source proposal; finalization candidate; OM-R06=B; OM-R07=B; OM-R10=A","TEMPORARY_AUDIT_ID_NOT_PRODUCTION_STABLE_ID"
"AUDIT-000169","BATCH_01","709695961e900db91861a4307f76d24c73267367","docs/TAXONOMY_BATCH_01_FINALIZATION_TREE.csv","170","AUDIT-000166","Ev & Yaşam > Ev Tekstili > Yatak Tekstili","Ev & Yaşam","Ev Tekstili","Yatak Tekstili","Yatak Örtüsü","4","Ev & Yaşam > Ev Tekstili > Yatak Tekstili > Yatak Örtüsü","ev & yaşam > ev tekstili > yatak tekstili > yatak örtüsü","YES","CANDIDATE_FOR_PRODUCT_OWNER_FINALIZATION","NORMAL","Ev & Yaşam","YES","NO","Batch 01 source proposal; finalization candidate; OM-R06=B; OM-R07=B; OM-R10=A","TEMPORARY_AUDIT_ID_NOT_PRODUCTION_STABLE_ID"
"AUDIT-000170","BATCH_01","709695961e900db91861a4307f76d24c73267367","docs/TAXONOMY_BATCH_01_FINALIZATION_TREE.csv","171","AUDIT-000165","Ev & Yaşam > Ev Tekstili","Ev & Yaşam","Ev Tekstili","Banyo Tekstili","","3","Ev & Yaşam > Ev Tekstili > Banyo Tekstili","ev & yaşam > ev tekstili > banyo tekstili","NO","CANDIDATE_FOR_PRODUCT_OWNER_FINALIZATION","NORMAL","Ev & Yaşam","YES","NO","Batch 01 source proposal; finalization candidate; OM-R06=B; OM-R07=B; OM-R10=A","TEMPORARY_AUDIT_ID_NOT_PRODUCTION_STABLE_ID"
"AUDIT-000171","BATCH_01","709695961e900db91861a4307f76d24c73267367","docs/TAXONOMY_BATCH_01_FINALIZATION_TREE.csv","172","AUDIT-000170","Ev & Yaşam > Ev Tekstili > Banyo Tekstili","Ev & Yaşam","Ev Tekstili","Banyo Tekstili","Havlu","4","Ev & Yaşam > Ev Tekstili > Banyo Tekstili > Havlu","ev & yaşam > ev tekstili > banyo tekstili > havlu","YES","CANDIDATE_FOR_PRODUCT_OWNER_FINALIZATION","NORMAL","Ev & Yaşam","YES","NO","Batch 01 source proposal; finalization candidate; OM-R06=B; OM-R07=B; OM-R10=A","TEMPORARY_AUDIT_ID_NOT_PRODUCTION_STABLE_ID"
"AUDIT-000172","BATCH_01","709695961e900db91861a4307f76d24c73267367","docs/TAXONOMY_BATCH_01_FINALIZATION_TREE.csv","173","AUDIT-000170","Ev & Yaşam > Ev Tekstili > Banyo Tekstili","Ev & Yaşam","Ev Tekstili","Banyo Tekstili","Bornoz","4","Ev & Yaşam > Ev Tekstili > Banyo Tekstili > Bornoz","ev & yaşam > ev tekstili > banyo tekstili > bornoz","YES","CANDIDATE_FOR_PRODUCT_OWNER_FINALIZATION","NORMAL","Ev & Yaşam","YES","NO","Batch 01 source proposal; finalization candidate; OM-R06=B; OM-R07=B; OM-R10=A","TEMPORARY_AUDIT_ID_NOT_PRODUCTION_STABLE_ID"
"AUDIT-000173","BATCH_01","709695961e900db91861a4307f76d24c73267367","docs/TAXONOMY_BATCH_01_FINALIZATION_TREE.csv","174","AUDIT-000165","Ev & Yaşam > Ev Tekstili","Ev & Yaşam","Ev Tekstili","Battaniye & Örtü","","3","Ev & Yaşam > Ev Tekstili > Battaniye & Örtü","ev & yaşam > ev tekstili > battaniye & örtü","YES","CANDIDATE_FOR_PRODUCT_OWNER_FINALIZATION","NORMAL","Ev & Yaşam","YES","NO","Batch 01 source proposal; finalization candidate; OM-R06=B; OM-R07=B; OM-R10=A","TEMPORARY_AUDIT_ID_NOT_PRODUCTION_STABLE_ID"
"AUDIT-000174","BATCH_01","709695961e900db91861a4307f76d24c73267367","docs/TAXONOMY_BATCH_01_FINALIZATION_TREE.csv","175","AUDIT-000165","Ev & Yaşam > Ev Tekstili","Ev & Yaşam","Ev Tekstili","Kırlent","","3","Ev & Yaşam > Ev Tekstili > Kırlent","ev & yaşam > ev tekstili > kırlent","YES","CANDIDATE_FOR_PRODUCT_OWNER_FINALIZATION","NORMAL","Ev & Yaşam","YES","NO","Batch 01 source proposal; finalization candidate; OM-R06=B; OM-R07=B; OM-R10=A","TEMPORARY_AUDIT_ID_NOT_PRODUCTION_STABLE_ID"
"AUDIT-000175","BATCH_01","709695961e900db91861a4307f76d24c73267367","docs/TAXONOMY_BATCH_01_FINALIZATION_TREE.csv","176","","Ev & Yaşam","Ev & Yaşam","Perde & Pencere Tekstili","","","2","Ev & Yaşam > Perde & Pencere Tekstili","ev & yaşam > perde & pencere tekstili","NO","CANDIDATE_FOR_PRODUCT_OWNER_FINALIZATION","NORMAL","Ev & Yaşam","YES","YES","Batch 01 source proposal; finalization candidate; OM-R06=B; OM-R07=B; OM-R10=A","TEMPORARY_AUDIT_ID_NOT_PRODUCTION_STABLE_ID"
"AUDIT-000176","BATCH_01","709695961e900db91861a4307f76d24c73267367","docs/TAXONOMY_BATCH_01_FINALIZATION_TREE.csv","177","AUDIT-000175","Ev & Yaşam > Perde & Pencere Tekstili","Ev & Yaşam","Perde & Pencere Tekstili","Tül Perde","","3","Ev & Yaşam > Perde & Pencere Tekstili > Tül Perde","ev & yaşam > perde & pencere tekstili > tül perde","YES","CANDIDATE_FOR_PRODUCT_OWNER_FINALIZATION","NORMAL","Ev & Yaşam","YES","NO","Batch 01 source proposal; finalization candidate; OM-R06=B; OM-R07=B; OM-R10=A","TEMPORARY_AUDIT_ID_NOT_PRODUCTION_STABLE_ID"
"AUDIT-000177","BATCH_01","709695961e900db91861a4307f76d24c73267367","docs/TAXONOMY_BATCH_01_FINALIZATION_TREE.csv","178","AUDIT-000175","Ev & Yaşam > Perde & Pencere Tekstili","Ev & Yaşam","Perde & Pencere Tekstili","Fon Perde","","3","Ev & Yaşam > Perde & Pencere Tekstili > Fon Perde","ev & yaşam > perde & pencere tekstili > fon perde","YES","CANDIDATE_FOR_PRODUCT_OWNER_FINALIZATION","NORMAL","Ev & Yaşam","YES","NO","Batch 01 source proposal; finalization candidate; OM-R06=B; OM-R07=B; OM-R10=A","TEMPORARY_AUDIT_ID_NOT_PRODUCTION_STABLE_ID"
"AUDIT-000178","BATCH_01","709695961e900db91861a4307f76d24c73267367","docs/TAXONOMY_BATCH_01_FINALIZATION_TREE.csv","179","AUDIT-000175","Ev & Yaşam > Perde & Pencere Tekstili","Ev & Yaşam","Perde & Pencere Tekstili","Stor & Zebra Perde","","3","Ev & Yaşam > Perde & Pencere Tekstili > Stor & Zebra Perde","ev & yaşam > perde & pencere tekstili > stor & zebra perde","YES","CANDIDATE_FOR_PRODUCT_OWNER_FINALIZATION","NORMAL","Ev & Yaşam","YES","YES","Batch 01 source proposal; finalization candidate; OM-R06=B; OM-R07=B; OM-R10=A","TEMPORARY_AUDIT_ID_NOT_PRODUCTION_STABLE_ID"
"AUDIT-000179","BATCH_01","709695961e900db91861a4307f76d24c73267367","docs/TAXONOMY_BATCH_01_FINALIZATION_TREE.csv","180","AUDIT-000175","Ev & Yaşam > Perde & Pencere Tekstili","Ev & Yaşam","Perde & Pencere Tekstili","Karartma Perdesi","","3","Ev & Yaşam > Perde & Pencere Tekstili > Karartma Perdesi","ev & yaşam > perde & pencere tekstili > karartma perdesi","YES","CANDIDATE_FOR_PRODUCT_OWNER_FINALIZATION","NORMAL","Ev & Yaşam","YES","NO","Batch 01 source proposal; finalization candidate; OM-R06=B; OM-R07=B; OM-R10=A","TEMPORARY_AUDIT_ID_NOT_PRODUCTION_STABLE_ID"
"AUDIT-000180","BATCH_01","709695961e900db91861a4307f76d24c73267367","docs/TAXONOMY_BATCH_01_FINALIZATION_TREE.csv","181","","Ev & Yaşam","Ev & Yaşam","Halı, Kilim & Paspas","","","2","Ev & Yaşam > Halı, Kilim & Paspas","ev & yaşam > halı, kilim & paspas","NO","CANDIDATE_FOR_PRODUCT_OWNER_FINALIZATION","NORMAL","Ev & Yaşam","YES","NO","Batch 01 source proposal; finalization candidate; OM-R06=B; OM-R07=B; OM-R10=A","TEMPORARY_AUDIT_ID_NOT_PRODUCTION_STABLE_ID"
"AUDIT-000181","BATCH_01","709695961e900db91861a4307f76d24c73267367","docs/TAXONOMY_BATCH_01_FINALIZATION_TREE.csv","182","AUDIT-000180","Ev & Yaşam > Halı, Kilim & Paspas","Ev & Yaşam","Halı, Kilim & Paspas","Halı","","3","Ev & Yaşam > Halı, Kilim & Paspas > Halı","ev & yaşam > halı, kilim & paspas > halı","YES","CANDIDATE_FOR_PRODUCT_OWNER_FINALIZATION","NORMAL","Ev & Yaşam","YES","NO","Batch 01 source proposal; finalization candidate; OM-R06=B; OM-R07=B; OM-R10=A","TEMPORARY_AUDIT_ID_NOT_PRODUCTION_STABLE_ID"
"AUDIT-000182","BATCH_01","709695961e900db91861a4307f76d24c73267367","docs/TAXONOMY_BATCH_01_FINALIZATION_TREE.csv","183","AUDIT-000180","Ev & Yaşam > Halı, Kilim & Paspas","Ev & Yaşam","Halı, Kilim & Paspas","Kilim","","3","Ev & Yaşam > Halı, Kilim & Paspas > Kilim","ev & yaşam > halı, kilim & paspas > kilim","YES","CANDIDATE_FOR_PRODUCT_OWNER_FINALIZATION","NORMAL","Ev & Yaşam","YES","NO","Batch 01 source proposal; finalization candidate; OM-R06=B; OM-R07=B; OM-R10=A","TEMPORARY_AUDIT_ID_NOT_PRODUCTION_STABLE_ID"
"AUDIT-000183","BATCH_01","709695961e900db91861a4307f76d24c73267367","docs/TAXONOMY_BATCH_01_FINALIZATION_TREE.csv","184","AUDIT-000180","Ev & Yaşam > Halı, Kilim & Paspas","Ev & Yaşam","Halı, Kilim & Paspas","Yolluk","","3","Ev & Yaşam > Halı, Kilim & Paspas > Yolluk","ev & yaşam > halı, kilim & paspas > yolluk","YES","CANDIDATE_FOR_PRODUCT_OWNER_FINALIZATION","NORMAL","Ev & Yaşam","YES","NO","Batch 01 source proposal; finalization candidate; OM-R06=B; OM-R07=B; OM-R10=A","TEMPORARY_AUDIT_ID_NOT_PRODUCTION_STABLE_ID"
"AUDIT-000184","BATCH_01","709695961e900db91861a4307f76d24c73267367","docs/TAXONOMY_BATCH_01_FINALIZATION_TREE.csv","185","AUDIT-000180","Ev & Yaşam > Halı, Kilim & Paspas","Ev & Yaşam","Halı, Kilim & Paspas","Paspas","","3","Ev & Yaşam > Halı, Kilim & Paspas > Paspas","ev & yaşam > halı, kilim & paspas > paspas","YES","CANDIDATE_FOR_PRODUCT_OWNER_FINALIZATION","NORMAL","Ev & Yaşam","YES","NO","Batch 01 source proposal; finalization candidate; OM-R06=B; OM-R07=B; OM-R10=A","TEMPORARY_AUDIT_ID_NOT_PRODUCTION_STABLE_ID"
"AUDIT-000185","BATCH_01","709695961e900db91861a4307f76d24c73267367","docs/TAXONOMY_BATCH_01_FINALIZATION_TREE.csv","186","","Ev & Yaşam","Ev & Yaşam","Dekorasyon & Duvar Aksesuarları","","","2","Ev & Yaşam > Dekorasyon & Duvar Aksesuarları","ev & yaşam > dekorasyon & duvar aksesuarları","NO","CANDIDATE_FOR_PRODUCT_OWNER_FINALIZATION","REGULATED","Ev & Yaşam","YES","YES","Batch 01 source proposal; finalization candidate; OM-R06=B; OM-R07=B; OM-R10=A","TEMPORARY_AUDIT_ID_NOT_PRODUCTION_STABLE_ID"
"AUDIT-000186","BATCH_01","709695961e900db91861a4307f76d24c73267367","docs/TAXONOMY_BATCH_01_FINALIZATION_TREE.csv","187","AUDIT-000185","Ev & Yaşam > Dekorasyon & Duvar Aksesuarları","Ev & Yaşam","Dekorasyon & Duvar Aksesuarları","Duvar Dekoru","","3","Ev & Yaşam > Dekorasyon & Duvar Aksesuarları > Duvar Dekoru","ev & yaşam > dekorasyon & duvar aksesuarları > duvar dekoru","NO","CANDIDATE_FOR_PRODUCT_OWNER_FINALIZATION","NORMAL","Ev & Yaşam","YES","NO","Batch 01 source proposal; finalization candidate; OM-R06=B; OM-R07=B; OM-R10=A","TEMPORARY_AUDIT_ID_NOT_PRODUCTION_STABLE_ID"
"AUDIT-000187","BATCH_01","709695961e900db91861a4307f76d24c73267367","docs/TAXONOMY_BATCH_01_FINALIZATION_TREE.csv","188","AUDIT-000186","Ev & Yaşam > Dekorasyon & Duvar Aksesuarları > Duvar Dekoru","Ev & Yaşam","Dekorasyon & Duvar Aksesuarları","Duvar Dekoru","Tablo & Poster","4","Ev & Yaşam > Dekorasyon & Duvar Aksesuarları > Duvar Dekoru > Tablo & Poster","ev & yaşam > dekorasyon & duvar aksesuarları > duvar dekoru > tablo & poster","YES","CANDIDATE_FOR_PRODUCT_OWNER_FINALIZATION","NORMAL","Ev & Yaşam","YES","NO","Batch 01 source proposal; finalization candidate; OM-R06=B; OM-R07=B; OM-R10=A","TEMPORARY_AUDIT_ID_NOT_PRODUCTION_STABLE_ID"
"AUDIT-000188","BATCH_01","709695961e900db91861a4307f76d24c73267367","docs/TAXONOMY_BATCH_01_FINALIZATION_TREE.csv","189","AUDIT-000186","Ev & Yaşam > Dekorasyon & Duvar Aksesuarları > Duvar Dekoru","Ev & Yaşam","Dekorasyon & Duvar Aksesuarları","Duvar Dekoru","Ayna","4","Ev & Yaşam > Dekorasyon & Duvar Aksesuarları > Duvar Dekoru > Ayna","ev & yaşam > dekorasyon & duvar aksesuarları > duvar dekoru > ayna","YES","CANDIDATE_FOR_PRODUCT_OWNER_FINALIZATION","NORMAL","Ev & Yaşam","YES","NO","Batch 01 source proposal; finalization candidate; OM-R06=B; OM-R07=B; OM-R10=A","TEMPORARY_AUDIT_ID_NOT_PRODUCTION_STABLE_ID"
"AUDIT-000189","BATCH_01","709695961e900db91861a4307f76d24c73267367","docs/TAXONOMY_BATCH_01_FINALIZATION_TREE.csv","190","AUDIT-000186","Ev & Yaşam > Dekorasyon & Duvar Aksesuarları > Duvar Dekoru","Ev & Yaşam","Dekorasyon & Duvar Aksesuarları","Duvar Dekoru","Çerçeve","4","Ev & Yaşam > Dekorasyon & Duvar Aksesuarları > Duvar Dekoru > Çerçeve","ev & yaşam > dekorasyon & duvar aksesuarları > duvar dekoru > çerçeve","YES","CANDIDATE_FOR_PRODUCT_OWNER_FINALIZATION","NORMAL","Ev & Yaşam","YES","NO","Batch 01 source proposal; finalization candidate; OM-R06=B; OM-R07=B; OM-R10=A","TEMPORARY_AUDIT_ID_NOT_PRODUCTION_STABLE_ID"
"AUDIT-000190","BATCH_01","709695961e900db91861a4307f76d24c73267367","docs/TAXONOMY_BATCH_01_FINALIZATION_TREE.csv","191","AUDIT-000186","Ev & Yaşam > Dekorasyon & Duvar Aksesuarları > Duvar Dekoru","Ev & Yaşam","Dekorasyon & Duvar Aksesuarları","Duvar Dekoru","Duvar Saati","4","Ev & Yaşam > Dekorasyon & Duvar Aksesuarları > Duvar Dekoru > Duvar Saati","ev & yaşam > dekorasyon & duvar aksesuarları > duvar dekoru > duvar saati","YES","CANDIDATE_FOR_PRODUCT_OWNER_FINALIZATION","NORMAL","Ev & Yaşam","YES","NO","Batch 01 source proposal; finalization candidate; OM-R06=B; OM-R07=B; OM-R10=A","TEMPORARY_AUDIT_ID_NOT_PRODUCTION_STABLE_ID"
"AUDIT-000191","BATCH_01","709695961e900db91861a4307f76d24c73267367","docs/TAXONOMY_BATCH_01_FINALIZATION_TREE.csv","192","AUDIT-000185","Ev & Yaşam > Dekorasyon & Duvar Aksesuarları","Ev & Yaşam","Dekorasyon & Duvar Aksesuarları","Dekoratif Objeler","","3","Ev & Yaşam > Dekorasyon & Duvar Aksesuarları > Dekoratif Objeler","ev & yaşam > dekorasyon & duvar aksesuarları > dekoratif objeler","YES","CANDIDATE_FOR_PRODUCT_OWNER_FINALIZATION","NORMAL","Ev & Yaşam","YES","NO","Batch 01 source proposal; finalization candidate; OM-R06=B; OM-R07=B; OM-R10=A","TEMPORARY_AUDIT_ID_NOT_PRODUCTION_STABLE_ID"
"AUDIT-000192","BATCH_01","709695961e900db91861a4307f76d24c73267367","docs/TAXONOMY_BATCH_01_FINALIZATION_TREE.csv","193","AUDIT-000185","Ev & Yaşam > Dekorasyon & Duvar Aksesuarları","Ev & Yaşam","Dekorasyon & Duvar Aksesuarları","Vazo","","3","Ev & Yaşam > Dekorasyon & Duvar Aksesuarları > Vazo","ev & yaşam > dekorasyon & duvar aksesuarları > vazo","YES","CANDIDATE_FOR_PRODUCT_OWNER_FINALIZATION","NORMAL","Ev & Yaşam","YES","NO","Batch 01 source proposal; finalization candidate; OM-R06=B; OM-R07=B; OM-R10=A","TEMPORARY_AUDIT_ID_NOT_PRODUCTION_STABLE_ID"
"AUDIT-000193","BATCH_01","709695961e900db91861a4307f76d24c73267367","docs/TAXONOMY_BATCH_01_FINALIZATION_TREE.csv","194","AUDIT-000185","Ev & Yaşam > Dekorasyon & Duvar Aksesuarları","Ev & Yaşam","Dekorasyon & Duvar Aksesuarları","Mum & Oda Kokusu","","3","Ev & Yaşam > Dekorasyon & Duvar Aksesuarları > Mum & Oda Kokusu","ev & yaşam > dekorasyon & duvar aksesuarları > mum & oda kokusu","YES","CANDIDATE_FOR_PRODUCT_OWNER_FINALIZATION","REGULATED","Ev & Yaşam","YES","YES","Batch 01 source proposal; finalization candidate; OM-R06=B; OM-R07=B; OM-R10=A","TEMPORARY_AUDIT_ID_NOT_PRODUCTION_STABLE_ID"
"AUDIT-000194","BATCH_01","709695961e900db91861a4307f76d24c73267367","docs/TAXONOMY_BATCH_01_FINALIZATION_TREE.csv","195","AUDIT-000185","Ev & Yaşam > Dekorasyon & Duvar Aksesuarları","Ev & Yaşam","Dekorasyon & Duvar Aksesuarları","Masaüstü Dekor","","3","Ev & Yaşam > Dekorasyon & Duvar Aksesuarları > Masaüstü Dekor","ev & yaşam > dekorasyon & duvar aksesuarları > masaüstü dekor","YES","CANDIDATE_FOR_PRODUCT_OWNER_FINALIZATION","NORMAL","Ev & Yaşam","YES","NO","Batch 01 source proposal; finalization candidate; OM-R06=B; OM-R07=B; OM-R10=A","TEMPORARY_AUDIT_ID_NOT_PRODUCTION_STABLE_ID"
"AUDIT-000195","BATCH_01","709695961e900db91861a4307f76d24c73267367","docs/TAXONOMY_BATCH_01_FINALIZATION_TREE.csv","196","","Ev & Yaşam","Ev & Yaşam","Aydınlatma","","","2","Ev & Yaşam > Aydınlatma","ev & yaşam > aydınlatma","NO","CANDIDATE_FOR_PRODUCT_OWNER_FINALIZATION","REGULATED","Ev & Yaşam","YES","YES","Batch 01 source proposal; finalization candidate; OM-R06=B; OM-R07=B; OM-R10=A","TEMPORARY_AUDIT_ID_NOT_PRODUCTION_STABLE_ID"
"AUDIT-000196","BATCH_01","709695961e900db91861a4307f76d24c73267367","docs/TAXONOMY_BATCH_01_FINALIZATION_TREE.csv","197","AUDIT-000195","Ev & Yaşam > Aydınlatma","Ev & Yaşam","Aydınlatma","Tavan Aydınlatmaları","","3","Ev & Yaşam > Aydınlatma > Tavan Aydınlatmaları","ev & yaşam > aydınlatma > tavan aydınlatmaları","YES","CANDIDATE_FOR_PRODUCT_OWNER_FINALIZATION","NORMAL","Ev & Yaşam","YES","YES","Batch 01 source proposal; finalization candidate; OM-R06=B; OM-R07=B; OM-R10=A","TEMPORARY_AUDIT_ID_NOT_PRODUCTION_STABLE_ID"
"AUDIT-000197","BATCH_01","709695961e900db91861a4307f76d24c73267367","docs/TAXONOMY_BATCH_01_FINALIZATION_TREE.csv","198","AUDIT-000195","Ev & Yaşam > Aydınlatma","Ev & Yaşam","Aydınlatma","Masa Lambaları","","3","Ev & Yaşam > Aydınlatma > Masa Lambaları","ev & yaşam > aydınlatma > masa lambaları","YES","CANDIDATE_FOR_PRODUCT_OWNER_FINALIZATION","NORMAL","Ev & Yaşam","YES","YES","Batch 01 source proposal; finalization candidate; OM-R06=B; OM-R07=B; OM-R10=A","TEMPORARY_AUDIT_ID_NOT_PRODUCTION_STABLE_ID"
"AUDIT-000198","BATCH_01","709695961e900db91861a4307f76d24c73267367","docs/TAXONOMY_BATCH_01_FINALIZATION_TREE.csv","199","AUDIT-000195","Ev & Yaşam > Aydınlatma","Ev & Yaşam","Aydınlatma","Lambader","","3","Ev & Yaşam > Aydınlatma > Lambader","ev & yaşam > aydınlatma > lambader","YES","CANDIDATE_FOR_PRODUCT_OWNER_FINALIZATION","NORMAL","Ev & Yaşam","YES","YES","Batch 01 source proposal; finalization candidate; OM-R06=B; OM-R07=B; OM-R10=A","TEMPORARY_AUDIT_ID_NOT_PRODUCTION_STABLE_ID"
"AUDIT-000199","BATCH_01","709695961e900db91861a4307f76d24c73267367","docs/TAXONOMY_BATCH_01_FINALIZATION_TREE.csv","200","AUDIT-000195","Ev & Yaşam > Aydınlatma","Ev & Yaşam","Aydınlatma","Gece Lambaları","","3","Ev & Yaşam > Aydınlatma > Gece Lambaları","ev & yaşam > aydınlatma > gece lambaları","YES","CANDIDATE_FOR_PRODUCT_OWNER_FINALIZATION","NORMAL","Ev & Yaşam","YES","YES","Batch 01 source proposal; finalization candidate; OM-R06=B; OM-R07=B; OM-R10=A","TEMPORARY_AUDIT_ID_NOT_PRODUCTION_STABLE_ID"
"AUDIT-000200","BATCH_01","709695961e900db91861a4307f76d24c73267367","docs/TAXONOMY_BATCH_01_FINALIZATION_TREE.csv","201","AUDIT-000195","Ev & Yaşam > Aydınlatma","Ev & Yaşam","Aydınlatma","Standart Ampuller","","3","Ev & Yaşam > Aydınlatma > Standart Ampuller","ev & yaşam > aydınlatma > standart ampuller","YES","CANDIDATE_FOR_PRODUCT_OWNER_FINALIZATION","REGULATED","Ev & Yaşam","YES","YES","Batch 01 source proposal; finalization candidate; OM-R06=B; OM-R07=B; OM-R10=A","TEMPORARY_AUDIT_ID_NOT_PRODUCTION_STABLE_ID"
"AUDIT-000201","BATCH_01","709695961e900db91861a4307f76d24c73267367","docs/TAXONOMY_BATCH_01_FINALIZATION_TREE.csv","202","","Ev & Yaşam","Ev & Yaşam","Düzenleme & Saklama","","","2","Ev & Yaşam > Düzenleme & Saklama","ev & yaşam > düzenleme & saklama","NO","CANDIDATE_FOR_PRODUCT_OWNER_FINALIZATION","NORMAL","Ev & Yaşam","YES","NO","Batch 01 source proposal; finalization candidate; OM-R06=B; OM-R07=B; OM-R10=A","TEMPORARY_AUDIT_ID_NOT_PRODUCTION_STABLE_ID"
"AUDIT-000202","BATCH_01","709695961e900db91861a4307f76d24c73267367","docs/TAXONOMY_BATCH_01_FINALIZATION_TREE.csv","203","AUDIT-000201","Ev & Yaşam > Düzenleme & Saklama","Ev & Yaşam","Düzenleme & Saklama","Saklama Kutusu & Sepet","","3","Ev & Yaşam > Düzenleme & Saklama > Saklama Kutusu & Sepet","ev & yaşam > düzenleme & saklama > saklama kutusu & sepet","YES","CANDIDATE_FOR_PRODUCT_OWNER_FINALIZATION","NORMAL","Ev & Yaşam","YES","NO","Batch 01 source proposal; finalization candidate; OM-R06=B; OM-R07=B; OM-R10=A","TEMPORARY_AUDIT_ID_NOT_PRODUCTION_STABLE_ID"
"AUDIT-000203","BATCH_01","709695961e900db91861a4307f76d24c73267367","docs/TAXONOMY_BATCH_01_FINALIZATION_TREE.csv","204","AUDIT-000201","Ev & Yaşam > Düzenleme & Saklama","Ev & Yaşam","Düzenleme & Saklama","Giysi Düzenleyiciler","","3","Ev & Yaşam > Düzenleme & Saklama > Giysi Düzenleyiciler","ev & yaşam > düzenleme & saklama > giysi düzenleyiciler","YES","CANDIDATE_FOR_PRODUCT_OWNER_FINALIZATION","NORMAL","Ev & Yaşam","YES","NO","Batch 01 source proposal; finalization candidate; OM-R06=B; OM-R07=B; OM-R10=A","TEMPORARY_AUDIT_ID_NOT_PRODUCTION_STABLE_ID"
"AUDIT-000204","BATCH_01","709695961e900db91861a4307f76d24c73267367","docs/TAXONOMY_BATCH_01_FINALIZATION_TREE.csv","205","AUDIT-000201","Ev & Yaşam > Düzenleme & Saklama","Ev & Yaşam","Düzenleme & Saklama","Hurç & Vakumlu Torba","","3","Ev & Yaşam > Düzenleme & Saklama > Hurç & Vakumlu Torba","ev & yaşam > düzenleme & saklama > hurç & vakumlu torba","YES","CANDIDATE_FOR_PRODUCT_OWNER_FINALIZATION","NORMAL","Ev & Yaşam","YES","NO","Batch 01 source proposal; finalization candidate; OM-R06=B; OM-R07=B; OM-R10=A","TEMPORARY_AUDIT_ID_NOT_PRODUCTION_STABLE_ID"
"AUDIT-000205","BATCH_01","709695961e900db91861a4307f76d24c73267367","docs/TAXONOMY_BATCH_01_FINALIZATION_TREE.csv","206","AUDIT-000201","Ev & Yaşam > Düzenleme & Saklama","Ev & Yaşam","Düzenleme & Saklama","Askı & Dolap İçi Düzenleme","","3","Ev & Yaşam > Düzenleme & Saklama > Askı & Dolap İçi Düzenleme","ev & yaşam > düzenleme & saklama > askı & dolap içi düzenleme","YES","CANDIDATE_FOR_PRODUCT_OWNER_FINALIZATION","NORMAL","Ev & Yaşam","YES","NO","Batch 01 source proposal; finalization candidate; OM-R06=B; OM-R07=B; OM-R10=A","TEMPORARY_AUDIT_ID_NOT_PRODUCTION_STABLE_ID"
"AUDIT-000206","BATCH_01","709695961e900db91861a4307f76d24c73267367","docs/TAXONOMY_BATCH_01_FINALIZATION_TREE.csv","207","AUDIT-000201","Ev & Yaşam > Düzenleme & Saklama","Ev & Yaşam","Düzenleme & Saklama","Çamaşır Sepeti","","3","Ev & Yaşam > Düzenleme & Saklama > Çamaşır Sepeti","ev & yaşam > düzenleme & saklama > çamaşır sepeti","YES","CANDIDATE_FOR_PRODUCT_OWNER_FINALIZATION","NORMAL","Ev & Yaşam","YES","NO","Batch 01 source proposal; finalization candidate; OM-R06=B; OM-R07=B; OM-R10=A","TEMPORARY_AUDIT_ID_NOT_PRODUCTION_STABLE_ID"
"AUDIT-000207","BATCH_01","709695961e900db91861a4307f76d24c73267367","docs/TAXONOMY_BATCH_01_FINALIZATION_TREE.csv","208","AUDIT-000201","Ev & Yaşam > Düzenleme & Saklama","Ev & Yaşam","Düzenleme & Saklama","Ayakkabı Düzenleyiciler","","3","Ev & Yaşam > Düzenleme & Saklama > Ayakkabı Düzenleyiciler","ev & yaşam > düzenleme & saklama > ayakkabı düzenleyiciler","YES","CANDIDATE_FOR_PRODUCT_OWNER_FINALIZATION","NORMAL","Ev & Yaşam","YES","NO","Batch 01 source proposal; finalization candidate; OM-R06=B; OM-R07=B; OM-R10=A","TEMPORARY_AUDIT_ID_NOT_PRODUCTION_STABLE_ID"
"AUDIT-000208","BATCH_01","709695961e900db91861a4307f76d24c73267367","docs/TAXONOMY_BATCH_01_FINALIZATION_TREE.csv","209","","Ev & Yaşam","Ev & Yaşam","Banyo Aksesuarları","","","2","Ev & Yaşam > Banyo Aksesuarları","ev & yaşam > banyo aksesuarları","NO","CANDIDATE_FOR_PRODUCT_OWNER_FINALIZATION","LEGAL_REVIEW_REQUIRED","Ev & Yaşam","YES","YES","Batch 01 source proposal; finalization candidate; OM-R06=B; OM-R07=B; OM-R10=A","TEMPORARY_AUDIT_ID_NOT_PRODUCTION_STABLE_ID"
"AUDIT-000209","BATCH_01","709695961e900db91861a4307f76d24c73267367","docs/TAXONOMY_BATCH_01_FINALIZATION_TREE.csv","210","AUDIT-000208","Ev & Yaşam > Banyo Aksesuarları","Ev & Yaşam","Banyo Aksesuarları","Sabunluk & Dispenser","","3","Ev & Yaşam > Banyo Aksesuarları > Sabunluk & Dispenser","ev & yaşam > banyo aksesuarları > sabunluk & dispenser","YES","CANDIDATE_FOR_PRODUCT_OWNER_FINALIZATION","NORMAL","Ev & Yaşam","YES","NO","Batch 01 source proposal; finalization candidate; OM-R06=B; OM-R07=B; OM-R10=A","TEMPORARY_AUDIT_ID_NOT_PRODUCTION_STABLE_ID"
"AUDIT-000210","BATCH_01","709695961e900db91861a4307f76d24c73267367","docs/TAXONOMY_BATCH_01_FINALIZATION_TREE.csv","211","AUDIT-000208","Ev & Yaşam > Banyo Aksesuarları","Ev & Yaşam","Banyo Aksesuarları","Duş Perdesi","","3","Ev & Yaşam > Banyo Aksesuarları > Duş Perdesi","ev & yaşam > banyo aksesuarları > duş perdesi","YES","CANDIDATE_FOR_PRODUCT_OWNER_FINALIZATION","NORMAL","Ev & Yaşam","YES","NO","Batch 01 source proposal; finalization candidate; OM-R06=B; OM-R07=B; OM-R10=A","TEMPORARY_AUDIT_ID_NOT_PRODUCTION_STABLE_ID"
"AUDIT-000211","BATCH_01","709695961e900db91861a4307f76d24c73267367","docs/TAXONOMY_BATCH_01_FINALIZATION_TREE.csv","212","AUDIT-000208","Ev & Yaşam > Banyo Aksesuarları","Ev & Yaşam","Banyo Aksesuarları","Banyo Rafı & Düzenleyici","","3","Ev & Yaşam > Banyo Aksesuarları > Banyo Rafı & Düzenleyici","ev & yaşam > banyo aksesuarları > banyo rafı & düzenleyici","YES","CANDIDATE_FOR_PRODUCT_OWNER_FINALIZATION","NORMAL","Ev & Yaşam","YES","NO","Batch 01 source proposal; finalization candidate; OM-R06=B; OM-R07=B; OM-R10=A","TEMPORARY_AUDIT_ID_NOT_PRODUCTION_STABLE_ID"
"AUDIT-000212","BATCH_01","709695961e900db91861a4307f76d24c73267367","docs/TAXONOMY_BATCH_01_FINALIZATION_TREE.csv","213","AUDIT-000208","Ev & Yaşam > Banyo Aksesuarları","Ev & Yaşam","Banyo Aksesuarları","Tuvalet Aksesuarları","","3","Ev & Yaşam > Banyo Aksesuarları > Tuvalet Aksesuarları","ev & yaşam > banyo aksesuarları > tuvalet aksesuarları","YES","CANDIDATE_FOR_PRODUCT_OWNER_FINALIZATION","NORMAL","Ev & Yaşam","YES","NO","Batch 01 source proposal; finalization candidate; OM-R06=B; OM-R07=B; OM-R10=A","TEMPORARY_AUDIT_ID_NOT_PRODUCTION_STABLE_ID"
"AUDIT-000213","BATCH_01","709695961e900db91861a4307f76d24c73267367","docs/TAXONOMY_BATCH_01_FINALIZATION_TREE.csv","214","AUDIT-000208","Ev & Yaşam > Banyo Aksesuarları","Ev & Yaşam","Banyo Aksesuarları","Bağımsız Banyo Yardımcıları","","3","Ev & Yaşam > Banyo Aksesuarları > Bağımsız Banyo Yardımcıları","ev & yaşam > banyo aksesuarları > bağımsız banyo yardımcıları","YES","CANDIDATE_FOR_PRODUCT_OWNER_FINALIZATION","LEGAL_REVIEW_REQUIRED","Ev & Yaşam","YES","YES","Batch 01 source proposal; finalization candidate; OM-R06=B; OM-R07=B; OM-R10=A","TEMPORARY_AUDIT_ID_NOT_PRODUCTION_STABLE_ID"
"AUDIT-000214","BATCH_01","709695961e900db91861a4307f76d24c73267367","docs/TAXONOMY_BATCH_01_FINALIZATION_TREE.csv","215","","Ev & Yaşam","Ev & Yaşam","Ev Temizliği & Çamaşır Bakımı","","","2","Ev & Yaşam > Ev Temizliği & Çamaşır Bakımı","ev & yaşam > ev temizliği & çamaşır bakımı","NO","CANDIDATE_FOR_PRODUCT_OWNER_FINALIZATION","REGULATED","Ev & Yaşam","YES","YES","Batch 01 source proposal; finalization candidate; OM-R06=B; OM-R07=B; OM-R10=A","TEMPORARY_AUDIT_ID_NOT_PRODUCTION_STABLE_ID"
"AUDIT-000215","BATCH_01","709695961e900db91861a4307f76d24c73267367","docs/TAXONOMY_BATCH_01_FINALIZATION_TREE.csv","216","AUDIT-000214","Ev & Yaşam > Ev Temizliği & Çamaşır Bakımı","Ev & Yaşam","Ev Temizliği & Çamaşır Bakımı","Yüzey Temizleyiciler","","3","Ev & Yaşam > Ev Temizliği & Çamaşır Bakımı > Yüzey Temizleyiciler","ev & yaşam > ev temizliği & çamaşır bakımı > yüzey temizleyiciler","YES","CANDIDATE_FOR_PRODUCT_OWNER_FINALIZATION","REGULATED","Ev & Yaşam","YES","YES","Batch 01 source proposal; finalization candidate; OM-R06=B; OM-R07=B; OM-R10=A","TEMPORARY_AUDIT_ID_NOT_PRODUCTION_STABLE_ID"
"AUDIT-000216","BATCH_01","709695961e900db91861a4307f76d24c73267367","docs/TAXONOMY_BATCH_01_FINALIZATION_TREE.csv","217","AUDIT-000214","Ev & Yaşam > Ev Temizliği & Çamaşır Bakımı","Ev & Yaşam","Ev Temizliği & Çamaşır Bakımı","Çamaşır Temizliği & Bakımı","","3","Ev & Yaşam > Ev Temizliği & Çamaşır Bakımı > Çamaşır Temizliği & Bakımı","ev & yaşam > ev temizliği & çamaşır bakımı > çamaşır temizliği & bakımı","YES","CANDIDATE_FOR_PRODUCT_OWNER_FINALIZATION","REGULATED","Ev & Yaşam","YES","YES","Batch 01 source proposal; finalization candidate; OM-R06=B; OM-R07=B; OM-R10=A","TEMPORARY_AUDIT_ID_NOT_PRODUCTION_STABLE_ID"
"AUDIT-000217","BATCH_01","709695961e900db91861a4307f76d24c73267367","docs/TAXONOMY_BATCH_01_FINALIZATION_TREE.csv","218","AUDIT-000214","Ev & Yaşam > Ev Temizliği & Çamaşır Bakımı","Ev & Yaşam","Ev Temizliği & Çamaşır Bakımı","Bulaşık Temizliği & Bakımı","","3","Ev & Yaşam > Ev Temizliği & Çamaşır Bakımı > Bulaşık Temizliği & Bakımı","ev & yaşam > ev temizliği & çamaşır bakımı > bulaşık temizliği & bakımı","YES","CANDIDATE_FOR_PRODUCT_OWNER_FINALIZATION","REGULATED","Ev & Yaşam","YES","YES","Batch 01 source proposal; finalization candidate; OM-R06=B; OM-R07=B; OM-R10=A","TEMPORARY_AUDIT_ID_NOT_PRODUCTION_STABLE_ID"
"AUDIT-000218","BATCH_01","709695961e900db91861a4307f76d24c73267367","docs/TAXONOMY_BATCH_01_FINALIZATION_TREE.csv","219","AUDIT-000214","Ev & Yaşam > Ev Temizliği & Çamaşır Bakımı","Ev & Yaşam","Ev Temizliği & Çamaşır Bakımı","Temizlik Gereçleri","","3","Ev & Yaşam > Ev Temizliği & Çamaşır Bakımı > Temizlik Gereçleri","ev & yaşam > ev temizliği & çamaşır bakımı > temizlik gereçleri","NO","CANDIDATE_FOR_PRODUCT_OWNER_FINALIZATION","NORMAL","Ev & Yaşam","YES","NO","Batch 01 source proposal; finalization candidate; OM-R06=B; OM-R07=B; OM-R10=A","TEMPORARY_AUDIT_ID_NOT_PRODUCTION_STABLE_ID"
"AUDIT-000219","BATCH_01","709695961e900db91861a4307f76d24c73267367","docs/TAXONOMY_BATCH_01_FINALIZATION_TREE.csv","220","AUDIT-000218","Ev & Yaşam > Ev Temizliği & Çamaşır Bakımı > Temizlik Gereçleri","Ev & Yaşam","Ev Temizliği & Çamaşır Bakımı","Temizlik Gereçleri","Mop & Paspas Aparatı","4","Ev & Yaşam > Ev Temizliği & Çamaşır Bakımı > Temizlik Gereçleri > Mop & Paspas Aparatı","ev & yaşam > ev temizliği & çamaşır bakımı > temizlik gereçleri > mop & paspas aparatı","YES","CANDIDATE_FOR_PRODUCT_OWNER_FINALIZATION","NORMAL","Ev & Yaşam","YES","NO","Batch 01 source proposal; finalization candidate; OM-R06=B; OM-R07=B; OM-R10=A","TEMPORARY_AUDIT_ID_NOT_PRODUCTION_STABLE_ID"
"AUDIT-000220","BATCH_01","709695961e900db91861a4307f76d24c73267367","docs/TAXONOMY_BATCH_01_FINALIZATION_TREE.csv","221","AUDIT-000218","Ev & Yaşam > Ev Temizliği & Çamaşır Bakımı > Temizlik Gereçleri","Ev & Yaşam","Ev Temizliği & Çamaşır Bakımı","Temizlik Gereçleri","Süpürge & Faraş","4","Ev & Yaşam > Ev Temizliği & Çamaşır Bakımı > Temizlik Gereçleri > Süpürge & Faraş","ev & yaşam > ev temizliği & çamaşır bakımı > temizlik gereçleri > süpürge & faraş","YES","CANDIDATE_FOR_PRODUCT_OWNER_FINALIZATION","NORMAL","Ev & Yaşam","YES","NO","Batch 01 source proposal; finalization candidate; OM-R06=B; OM-R07=B; OM-R10=A","TEMPORARY_AUDIT_ID_NOT_PRODUCTION_STABLE_ID"
"AUDIT-000221","BATCH_01","709695961e900db91861a4307f76d24c73267367","docs/TAXONOMY_BATCH_01_FINALIZATION_TREE.csv","222","AUDIT-000218","Ev & Yaşam > Ev Temizliği & Çamaşır Bakımı > Temizlik Gereçleri","Ev & Yaşam","Ev Temizliği & Çamaşır Bakımı","Temizlik Gereçleri","Bez, Sünger & Fırça","4","Ev & Yaşam > Ev Temizliği & Çamaşır Bakımı > Temizlik Gereçleri > Bez, Sünger & Fırça","ev & yaşam > ev temizliği & çamaşır bakımı > temizlik gereçleri > bez, sünger & fırça","YES","CANDIDATE_FOR_PRODUCT_OWNER_FINALIZATION","NORMAL","Ev & Yaşam","YES","NO","Batch 01 source proposal; finalization candidate; OM-R06=B; OM-R07=B; OM-R10=A","TEMPORARY_AUDIT_ID_NOT_PRODUCTION_STABLE_ID"
"AUDIT-000222","BATCH_01","709695961e900db91861a4307f76d24c73267367","docs/TAXONOMY_BATCH_01_FINALIZATION_TREE.csv","223","AUDIT-000214","Ev & Yaşam > Ev Temizliği & Çamaşır Bakımı","Ev & Yaşam","Ev Temizliği & Çamaşır Bakımı","Kağıt Ev Ürünleri","","3","Ev & Yaşam > Ev Temizliği & Çamaşır Bakımı > Kağıt Ev Ürünleri","ev & yaşam > ev temizliği & çamaşır bakımı > kağıt ev ürünleri","YES","CANDIDATE_FOR_PRODUCT_OWNER_FINALIZATION","NORMAL","Ev & Yaşam","YES","NO","Batch 01 source proposal; finalization candidate; OM-R06=B; OM-R07=B; OM-R10=A","TEMPORARY_AUDIT_ID_NOT_PRODUCTION_STABLE_ID"
"AUDIT-000223","BATCH_01","709695961e900db91861a4307f76d24c73267367","docs/TAXONOMY_BATCH_01_FINALIZATION_TREE.csv","224","AUDIT-000214","Ev & Yaşam > Ev Temizliği & Çamaşır Bakımı","Ev & Yaşam","Ev Temizliği & Çamaşır Bakımı","Çöp Torbası & Ev Tipi Eldiven","","3","Ev & Yaşam > Ev Temizliği & Çamaşır Bakımı > Çöp Torbası & Ev Tipi Eldiven","ev & yaşam > ev temizliği & çamaşır bakımı > çöp torbası & ev tipi eldiven","YES","CANDIDATE_FOR_PRODUCT_OWNER_FINALIZATION","NORMAL","Ev & Yaşam","YES","NO","Batch 01 source proposal; finalization candidate; OM-R06=B; OM-R07=B; OM-R10=A","TEMPORARY_AUDIT_ID_NOT_PRODUCTION_STABLE_ID"
"AUDIT-000224","BATCH_01","709695961e900db91861a4307f76d24c73267367","docs/TAXONOMY_BATCH_01_FINALIZATION_TREE.csv","225","","Züccaciye & Mutfak","Züccaciye & Mutfak","Tencere, Tava & Pişirme Kapları","","","2","Züccaciye & Mutfak > Tencere, Tava & Pişirme Kapları","züccaciye & mutfak > tencere, tava & pişirme kapları","NO","CANDIDATE_FOR_PRODUCT_OWNER_FINALIZATION","REGULATED","Züccaciye & Mutfak","YES","YES","Batch 01 source proposal; finalization candidate; OM-R06=B; OM-R07=B; OM-R10=A","TEMPORARY_AUDIT_ID_NOT_PRODUCTION_STABLE_ID"
"AUDIT-000225","BATCH_01","709695961e900db91861a4307f76d24c73267367","docs/TAXONOMY_BATCH_01_FINALIZATION_TREE.csv","226","AUDIT-000224","Züccaciye & Mutfak > Tencere, Tava & Pişirme Kapları","Züccaciye & Mutfak","Tencere, Tava & Pişirme Kapları","Tencereler","","3","Züccaciye & Mutfak > Tencere, Tava & Pişirme Kapları > Tencereler","züccaciye & mutfak > tencere, tava & pişirme kapları > tencereler","NO","CANDIDATE_FOR_PRODUCT_OWNER_FINALIZATION","REGULATED","Züccaciye & Mutfak","YES","YES","Batch 01 source proposal; finalization candidate; OM-R06=B; OM-R07=B; OM-R10=A","TEMPORARY_AUDIT_ID_NOT_PRODUCTION_STABLE_ID"
"AUDIT-000226","BATCH_01","709695961e900db91861a4307f76d24c73267367","docs/TAXONOMY_BATCH_01_FINALIZATION_TREE.csv","227","AUDIT-000225","Züccaciye & Mutfak > Tencere, Tava & Pişirme Kapları > Tencereler","Züccaciye & Mutfak","Tencere, Tava & Pişirme Kapları","Tencereler","Standart Tencereler","4","Züccaciye & Mutfak > Tencere, Tava & Pişirme Kapları > Tencereler > Standart Tencereler","züccaciye & mutfak > tencere, tava & pişirme kapları > tencereler > standart tencereler","YES","CANDIDATE_FOR_PRODUCT_OWNER_FINALIZATION","REGULATED","Züccaciye & Mutfak","YES","YES","Batch 01 source proposal; finalization candidate; OM-R06=B; OM-R07=B; OM-R10=A","TEMPORARY_AUDIT_ID_NOT_PRODUCTION_STABLE_ID"
"AUDIT-000227","BATCH_01","709695961e900db91861a4307f76d24c73267367","docs/TAXONOMY_BATCH_01_FINALIZATION_TREE.csv","228","AUDIT-000225","Züccaciye & Mutfak > Tencere, Tava & Pişirme Kapları > Tencereler","Züccaciye & Mutfak","Tencere, Tava & Pişirme Kapları","Tencereler","Düdüklü Tencereler","4","Züccaciye & Mutfak > Tencere, Tava & Pişirme Kapları > Tencereler > Düdüklü Tencereler","züccaciye & mutfak > tencere, tava & pişirme kapları > tencereler > düdüklü tencereler","YES","CANDIDATE_FOR_PRODUCT_OWNER_FINALIZATION","REGULATED","Züccaciye & Mutfak","YES","YES","Batch 01 source proposal; finalization candidate; OM-R06=B; OM-R07=B; OM-R10=A","TEMPORARY_AUDIT_ID_NOT_PRODUCTION_STABLE_ID"
"AUDIT-000228","BATCH_01","709695961e900db91861a4307f76d24c73267367","docs/TAXONOMY_BATCH_01_FINALIZATION_TREE.csv","229","AUDIT-000224","Züccaciye & Mutfak > Tencere, Tava & Pişirme Kapları","Züccaciye & Mutfak","Tencere, Tava & Pişirme Kapları","Tavalar & Sahanlar","","3","Züccaciye & Mutfak > Tencere, Tava & Pişirme Kapları > Tavalar & Sahanlar","züccaciye & mutfak > tencere, tava & pişirme kapları > tavalar & sahanlar","YES","CANDIDATE_FOR_PRODUCT_OWNER_FINALIZATION","REGULATED","Züccaciye & Mutfak","YES","YES","Batch 01 source proposal; finalization candidate; OM-R06=B; OM-R07=B; OM-R10=A","TEMPORARY_AUDIT_ID_NOT_PRODUCTION_STABLE_ID"
"AUDIT-000229","BATCH_01","709695961e900db91861a4307f76d24c73267367","docs/TAXONOMY_BATCH_01_FINALIZATION_TREE.csv","230","AUDIT-000224","Züccaciye & Mutfak > Tencere, Tava & Pişirme Kapları","Züccaciye & Mutfak","Tencere, Tava & Pişirme Kapları","Wok","","3","Züccaciye & Mutfak > Tencere, Tava & Pişirme Kapları > Wok","züccaciye & mutfak > tencere, tava & pişirme kapları > wok","YES","CANDIDATE_FOR_PRODUCT_OWNER_FINALIZATION","REGULATED","Züccaciye & Mutfak","YES","YES","Batch 01 source proposal; finalization candidate; OM-R06=B; OM-R07=B; OM-R10=A","TEMPORARY_AUDIT_ID_NOT_PRODUCTION_STABLE_ID"
"AUDIT-000230","BATCH_01","709695961e900db91861a4307f76d24c73267367","docs/TAXONOMY_BATCH_01_FINALIZATION_TREE.csv","231","","Züccaciye & Mutfak","Züccaciye & Mutfak","Fırınlama & Pişirme Gereçleri","","","2","Züccaciye & Mutfak > Fırınlama & Pişirme Gereçleri","züccaciye & mutfak > fırınlama & pişirme gereçleri","NO","CANDIDATE_FOR_PRODUCT_OWNER_FINALIZATION","REGULATED","Züccaciye & Mutfak","YES","YES","Batch 01 source proposal; finalization candidate; OM-R06=B; OM-R07=B; OM-R10=A","TEMPORARY_AUDIT_ID_NOT_PRODUCTION_STABLE_ID"
"AUDIT-000231","BATCH_01","709695961e900db91861a4307f76d24c73267367","docs/TAXONOMY_BATCH_01_FINALIZATION_TREE.csv","232","AUDIT-000230","Züccaciye & Mutfak > Fırınlama & Pişirme Gereçleri","Züccaciye & Mutfak","Fırınlama & Pişirme Gereçleri","Fırın Kapları","","3","Züccaciye & Mutfak > Fırınlama & Pişirme Gereçleri > Fırın Kapları","züccaciye & mutfak > fırınlama & pişirme gereçleri > fırın kapları","YES","CANDIDATE_FOR_PRODUCT_OWNER_FINALIZATION","REGULATED","Züccaciye & Mutfak","YES","YES","Batch 01 source proposal; finalization candidate; OM-R06=B; OM-R07=B; OM-R10=A","TEMPORARY_AUDIT_ID_NOT_PRODUCTION_STABLE_ID"
"AUDIT-000232","BATCH_01","709695961e900db91861a4307f76d24c73267367","docs/TAXONOMY_BATCH_01_FINALIZATION_TREE.csv","233","AUDIT-000230","Züccaciye & Mutfak > Fırınlama & Pişirme Gereçleri","Züccaciye & Mutfak","Fırınlama & Pişirme Gereçleri","Fırın Tepsileri","","3","Züccaciye & Mutfak > Fırınlama & Pişirme Gereçleri > Fırın Tepsileri","züccaciye & mutfak > fırınlama & pişirme gereçleri > fırın tepsileri","YES","CANDIDATE_FOR_PRODUCT_OWNER_FINALIZATION","REGULATED","Züccaciye & Mutfak","YES","YES","Batch 01 source proposal; finalization candidate; OM-R06=B; OM-R07=B; OM-R10=A","TEMPORARY_AUDIT_ID_NOT_PRODUCTION_STABLE_ID"
"AUDIT-000233","BATCH_01","709695961e900db91861a4307f76d24c73267367","docs/TAXONOMY_BATCH_01_FINALIZATION_TREE.csv","234","AUDIT-000230","Züccaciye & Mutfak > Fırınlama & Pişirme Gereçleri","Züccaciye & Mutfak","Fırınlama & Pişirme Gereçleri","Kek & Pasta Kalıpları","","3","Züccaciye & Mutfak > Fırınlama & Pişirme Gereçleri > Kek & Pasta Kalıpları","züccaciye & mutfak > fırınlama & pişirme gereçleri > kek & pasta kalıpları","YES","CANDIDATE_FOR_PRODUCT_OWNER_FINALIZATION","REGULATED","Züccaciye & Mutfak","YES","YES","Batch 01 source proposal; finalization candidate; OM-R06=B; OM-R07=B; OM-R10=A","TEMPORARY_AUDIT_ID_NOT_PRODUCTION_STABLE_ID"
"AUDIT-000234","BATCH_01","709695961e900db91861a4307f76d24c73267367","docs/TAXONOMY_BATCH_01_FINALIZATION_TREE.csv","235","AUDIT-000230","Züccaciye & Mutfak > Fırınlama & Pişirme Gereçleri","Züccaciye & Mutfak","Fırınlama & Pişirme Gereçleri","Fırın Matı & Pişirme Kağıdı","","3","Züccaciye & Mutfak > Fırınlama & Pişirme Gereçleri > Fırın Matı & Pişirme Kağıdı","züccaciye & mutfak > fırınlama & pişirme gereçleri > fırın matı & pişirme kağıdı","YES","CANDIDATE_FOR_PRODUCT_OWNER_FINALIZATION","REGULATED","Züccaciye & Mutfak","YES","YES","Batch 01 source proposal; finalization candidate; OM-R06=B; OM-R07=B; OM-R10=A","TEMPORARY_AUDIT_ID_NOT_PRODUCTION_STABLE_ID"
"AUDIT-000235","BATCH_01","709695961e900db91861a4307f76d24c73267367","docs/TAXONOMY_BATCH_01_FINALIZATION_TREE.csv","236","","Züccaciye & Mutfak","Züccaciye & Mutfak","Mutfak Hazırlık Gereçleri","","","2","Züccaciye & Mutfak > Mutfak Hazırlık Gereçleri","züccaciye & mutfak > mutfak hazırlık gereçleri","NO","CANDIDATE_FOR_PRODUCT_OWNER_FINALIZATION","REGULATED","Züccaciye & Mutfak","YES","YES","Batch 01 source proposal; finalization candidate; OM-R06=B; OM-R07=B; OM-R10=A","TEMPORARY_AUDIT_ID_NOT_PRODUCTION_STABLE_ID"
"AUDIT-000236","BATCH_01","709695961e900db91861a4307f76d24c73267367","docs/TAXONOMY_BATCH_01_FINALIZATION_TREE.csv","237","AUDIT-000235","Züccaciye & Mutfak > Mutfak Hazırlık Gereçleri","Züccaciye & Mutfak","Mutfak Hazırlık Gereçleri","Rende, Soyacak & Dilimleyici","","3","Züccaciye & Mutfak > Mutfak Hazırlık Gereçleri > Rende, Soyacak & Dilimleyici","züccaciye & mutfak > mutfak hazırlık gereçleri > rende, soyacak & dilimleyici","YES","CANDIDATE_FOR_PRODUCT_OWNER_FINALIZATION","REGULATED","Züccaciye & Mutfak","YES","YES","Batch 01 source proposal; finalization candidate; OM-R06=B; OM-R07=B; OM-R10=A","TEMPORARY_AUDIT_ID_NOT_PRODUCTION_STABLE_ID"
"AUDIT-000237","BATCH_01","709695961e900db91861a4307f76d24c73267367","docs/TAXONOMY_BATCH_01_FINALIZATION_TREE.csv","238","AUDIT-000235","Züccaciye & Mutfak > Mutfak Hazırlık Gereçleri","Züccaciye & Mutfak","Mutfak Hazırlık Gereçleri","Süzgeç & Elek","","3","Züccaciye & Mutfak > Mutfak Hazırlık Gereçleri > Süzgeç & Elek","züccaciye & mutfak > mutfak hazırlık gereçleri > süzgeç & elek","YES","CANDIDATE_FOR_PRODUCT_OWNER_FINALIZATION","REGULATED","Züccaciye & Mutfak","YES","YES","Batch 01 source proposal; finalization candidate; OM-R06=B; OM-R07=B; OM-R10=A","TEMPORARY_AUDIT_ID_NOT_PRODUCTION_STABLE_ID"
"AUDIT-000238","BATCH_01","709695961e900db91861a4307f76d24c73267367","docs/TAXONOMY_BATCH_01_FINALIZATION_TREE.csv","239","AUDIT-000235","Züccaciye & Mutfak > Mutfak Hazırlık Gereçleri","Züccaciye & Mutfak","Mutfak Hazırlık Gereçleri","Karıştırma Kabı","","3","Züccaciye & Mutfak > Mutfak Hazırlık Gereçleri > Karıştırma Kabı","züccaciye & mutfak > mutfak hazırlık gereçleri > karıştırma kabı","YES","CANDIDATE_FOR_PRODUCT_OWNER_FINALIZATION","REGULATED","Züccaciye & Mutfak","YES","YES","Batch 01 source proposal; finalization candidate; OM-R06=B; OM-R07=B; OM-R10=A","TEMPORARY_AUDIT_ID_NOT_PRODUCTION_STABLE_ID"
"AUDIT-000239","BATCH_01","709695961e900db91861a4307f76d24c73267367","docs/TAXONOMY_BATCH_01_FINALIZATION_TREE.csv","240","AUDIT-000235","Züccaciye & Mutfak > Mutfak Hazırlık Gereçleri","Züccaciye & Mutfak","Mutfak Hazırlık Gereçleri","Ölçü Gereçleri","","3","Züccaciye & Mutfak > Mutfak Hazırlık Gereçleri > Ölçü Gereçleri","züccaciye & mutfak > mutfak hazırlık gereçleri > ölçü gereçleri","YES","CANDIDATE_FOR_PRODUCT_OWNER_FINALIZATION","REGULATED","Züccaciye & Mutfak","YES","YES","Batch 01 source proposal; finalization candidate; OM-R06=B; OM-R07=B; OM-R10=A","TEMPORARY_AUDIT_ID_NOT_PRODUCTION_STABLE_ID"
"AUDIT-000240","BATCH_01","709695961e900db91861a4307f76d24c73267367","docs/TAXONOMY_BATCH_01_FINALIZATION_TREE.csv","241","AUDIT-000235","Züccaciye & Mutfak > Mutfak Hazırlık Gereçleri","Züccaciye & Mutfak","Mutfak Hazırlık Gereçleri","Spatula, Çırpıcı & Karıştırıcı","","3","Züccaciye & Mutfak > Mutfak Hazırlık Gereçleri > Spatula, Çırpıcı & Karıştırıcı","züccaciye & mutfak > mutfak hazırlık gereçleri > spatula, çırpıcı & karıştırıcı","YES","CANDIDATE_FOR_PRODUCT_OWNER_FINALIZATION","REGULATED","Züccaciye & Mutfak","YES","YES","Batch 01 source proposal; finalization candidate; OM-R06=B; OM-R07=B; OM-R10=A","TEMPORARY_AUDIT_ID_NOT_PRODUCTION_STABLE_ID"
"AUDIT-000241","BATCH_01","709695961e900db91861a4307f76d24c73267367","docs/TAXONOMY_BATCH_01_FINALIZATION_TREE.csv","242","AUDIT-000235","Züccaciye & Mutfak > Mutfak Hazırlık Gereçleri","Züccaciye & Mutfak","Mutfak Hazırlık Gereçleri","Açacaklar","","3","Züccaciye & Mutfak > Mutfak Hazırlık Gereçleri > Açacaklar","züccaciye & mutfak > mutfak hazırlık gereçleri > açacaklar","YES","CANDIDATE_FOR_PRODUCT_OWNER_FINALIZATION","REGULATED","Züccaciye & Mutfak","YES","YES","Batch 01 source proposal; finalization candidate; OM-R06=B; OM-R07=B; OM-R10=A","TEMPORARY_AUDIT_ID_NOT_PRODUCTION_STABLE_ID"
"AUDIT-000242","BATCH_01","709695961e900db91861a4307f76d24c73267367","docs/TAXONOMY_BATCH_01_FINALIZATION_TREE.csv","243","","Züccaciye & Mutfak","Züccaciye & Mutfak","Bıçak & Kesme Gereçleri","","","2","Züccaciye & Mutfak > Bıçak & Kesme Gereçleri","züccaciye & mutfak > bıçak & kesme gereçleri","NO","CANDIDATE_FOR_PRODUCT_OWNER_FINALIZATION","REGULATED","Züccaciye & Mutfak","YES","YES","Batch 01 source proposal; finalization candidate; OM-R06=B; OM-R07=B; OM-R10=A","TEMPORARY_AUDIT_ID_NOT_PRODUCTION_STABLE_ID"
"AUDIT-000243","BATCH_01","709695961e900db91861a4307f76d24c73267367","docs/TAXONOMY_BATCH_01_FINALIZATION_TREE.csv","244","AUDIT-000242","Züccaciye & Mutfak > Bıçak & Kesme Gereçleri","Züccaciye & Mutfak","Bıçak & Kesme Gereçleri","Mutfak Bıçakları","","3","Züccaciye & Mutfak > Bıçak & Kesme Gereçleri > Mutfak Bıçakları","züccaciye & mutfak > bıçak & kesme gereçleri > mutfak bıçakları","NO","CANDIDATE_FOR_PRODUCT_OWNER_FINALIZATION","REGULATED","Züccaciye & Mutfak","YES","YES","Batch 01 source proposal; finalization candidate; OM-R06=B; OM-R07=B; OM-R10=A","TEMPORARY_AUDIT_ID_NOT_PRODUCTION_STABLE_ID"
"AUDIT-000244","BATCH_01","709695961e900db91861a4307f76d24c73267367","docs/TAXONOMY_BATCH_01_FINALIZATION_TREE.csv","245","AUDIT-000243","Züccaciye & Mutfak > Bıçak & Kesme Gereçleri > Mutfak Bıçakları","Züccaciye & Mutfak","Bıçak & Kesme Gereçleri","Mutfak Bıçakları","Şef Bıçağı","4","Züccaciye & Mutfak > Bıçak & Kesme Gereçleri > Mutfak Bıçakları > Şef Bıçağı","züccaciye & mutfak > bıçak & kesme gereçleri > mutfak bıçakları > şef bıçağı","YES","CANDIDATE_FOR_PRODUCT_OWNER_FINALIZATION","REGULATED","Züccaciye & Mutfak","YES","YES","Batch 01 source proposal; finalization candidate; OM-R06=B; OM-R07=B; OM-R10=A","TEMPORARY_AUDIT_ID_NOT_PRODUCTION_STABLE_ID"
"AUDIT-000245","BATCH_01","709695961e900db91861a4307f76d24c73267367","docs/TAXONOMY_BATCH_01_FINALIZATION_TREE.csv","246","AUDIT-000243","Züccaciye & Mutfak > Bıçak & Kesme Gereçleri > Mutfak Bıçakları","Züccaciye & Mutfak","Bıçak & Kesme Gereçleri","Mutfak Bıçakları","Ekmek Bıçağı","4","Züccaciye & Mutfak > Bıçak & Kesme Gereçleri > Mutfak Bıçakları > Ekmek Bıçağı","züccaciye & mutfak > bıçak & kesme gereçleri > mutfak bıçakları > ekmek bıçağı","YES","CANDIDATE_FOR_PRODUCT_OWNER_FINALIZATION","REGULATED","Züccaciye & Mutfak","YES","YES","Batch 01 source proposal; finalization candidate; OM-R06=B; OM-R07=B; OM-R10=A","TEMPORARY_AUDIT_ID_NOT_PRODUCTION_STABLE_ID"
"AUDIT-000246","BATCH_01","709695961e900db91861a4307f76d24c73267367","docs/TAXONOMY_BATCH_01_FINALIZATION_TREE.csv","247","AUDIT-000243","Züccaciye & Mutfak > Bıçak & Kesme Gereçleri > Mutfak Bıçakları","Züccaciye & Mutfak","Bıçak & Kesme Gereçleri","Mutfak Bıçakları","Soyma & Doğrama Bıçağı","4","Züccaciye & Mutfak > Bıçak & Kesme Gereçleri > Mutfak Bıçakları > Soyma & Doğrama Bıçağı","züccaciye & mutfak > bıçak & kesme gereçleri > mutfak bıçakları > soyma & doğrama bıçağı","YES","CANDIDATE_FOR_PRODUCT_OWNER_FINALIZATION","REGULATED","Züccaciye & Mutfak","YES","YES","Batch 01 source proposal; finalization candidate; OM-R06=B; OM-R07=B; OM-R10=A","TEMPORARY_AUDIT_ID_NOT_PRODUCTION_STABLE_ID"
"AUDIT-000247","BATCH_01","709695961e900db91861a4307f76d24c73267367","docs/TAXONOMY_BATCH_01_FINALIZATION_TREE.csv","248","AUDIT-000242","Züccaciye & Mutfak > Bıçak & Kesme Gereçleri","Züccaciye & Mutfak","Bıçak & Kesme Gereçleri","Mutfak Makası","","3","Züccaciye & Mutfak > Bıçak & Kesme Gereçleri > Mutfak Makası","züccaciye & mutfak > bıçak & kesme gereçleri > mutfak makası","YES","CANDIDATE_FOR_PRODUCT_OWNER_FINALIZATION","REGULATED","Züccaciye & Mutfak","YES","YES","Batch 01 source proposal; finalization candidate; OM-R06=B; OM-R07=B; OM-R10=A","TEMPORARY_AUDIT_ID_NOT_PRODUCTION_STABLE_ID"
"AUDIT-000248","BATCH_01","709695961e900db91861a4307f76d24c73267367","docs/TAXONOMY_BATCH_01_FINALIZATION_TREE.csv","249","AUDIT-000242","Züccaciye & Mutfak > Bıçak & Kesme Gereçleri","Züccaciye & Mutfak","Bıçak & Kesme Gereçleri","Kesme Tahtası","","3","Züccaciye & Mutfak > Bıçak & Kesme Gereçleri > Kesme Tahtası","züccaciye & mutfak > bıçak & kesme gereçleri > kesme tahtası","YES","CANDIDATE_FOR_PRODUCT_OWNER_FINALIZATION","REGULATED","Züccaciye & Mutfak","YES","YES","Batch 01 source proposal; finalization candidate; OM-R06=B; OM-R07=B; OM-R10=A","TEMPORARY_AUDIT_ID_NOT_PRODUCTION_STABLE_ID"
"AUDIT-000249","BATCH_01","709695961e900db91861a4307f76d24c73267367","docs/TAXONOMY_BATCH_01_FINALIZATION_TREE.csv","250","AUDIT-000242","Züccaciye & Mutfak > Bıçak & Kesme Gereçleri","Züccaciye & Mutfak","Bıçak & Kesme Gereçleri","Bıçak Bileme Gereçleri","","3","Züccaciye & Mutfak > Bıçak & Kesme Gereçleri > Bıçak Bileme Gereçleri","züccaciye & mutfak > bıçak & kesme gereçleri > bıçak bileme gereçleri","YES","CANDIDATE_FOR_PRODUCT_OWNER_FINALIZATION","REGULATED","Züccaciye & Mutfak","YES","YES","Batch 01 source proposal; finalization candidate; OM-R06=B; OM-R07=B; OM-R10=A","TEMPORARY_AUDIT_ID_NOT_PRODUCTION_STABLE_ID"
"AUDIT-000250","BATCH_01","709695961e900db91861a4307f76d24c73267367","docs/TAXONOMY_BATCH_01_FINALIZATION_TREE.csv","251","","Züccaciye & Mutfak","Züccaciye & Mutfak","Sofra & Yemek Takımları","","","2","Züccaciye & Mutfak > Sofra & Yemek Takımları","züccaciye & mutfak > sofra & yemek takımları","NO","CANDIDATE_FOR_PRODUCT_OWNER_FINALIZATION","REGULATED","Züccaciye & Mutfak","YES","YES","Batch 01 source proposal; finalization candidate; OM-R06=B; OM-R07=B; OM-R10=A","TEMPORARY_AUDIT_ID_NOT_PRODUCTION_STABLE_ID"
"AUDIT-000251","BATCH_01","709695961e900db91861a4307f76d24c73267367","docs/TAXONOMY_BATCH_01_FINALIZATION_TREE.csv","252","AUDIT-000250","Züccaciye & Mutfak > Sofra & Yemek Takımları","Züccaciye & Mutfak","Sofra & Yemek Takımları","Tabaklar","","3","Züccaciye & Mutfak > Sofra & Yemek Takımları > Tabaklar","züccaciye & mutfak > sofra & yemek takımları > tabaklar","YES","CANDIDATE_FOR_PRODUCT_OWNER_FINALIZATION","REGULATED","Züccaciye & Mutfak","YES","YES","Batch 01 source proposal; finalization candidate; OM-R06=B; OM-R07=B; OM-R10=A","TEMPORARY_AUDIT_ID_NOT_PRODUCTION_STABLE_ID"
"AUDIT-000252","BATCH_01","709695961e900db91861a4307f76d24c73267367","docs/TAXONOMY_BATCH_01_FINALIZATION_TREE.csv","253","AUDIT-000250","Züccaciye & Mutfak > Sofra & Yemek Takımları","Züccaciye & Mutfak","Sofra & Yemek Takımları","Kaseler","","3","Züccaciye & Mutfak > Sofra & Yemek Takımları > Kaseler","züccaciye & mutfak > sofra & yemek takımları > kaseler","YES","CANDIDATE_FOR_PRODUCT_OWNER_FINALIZATION","REGULATED","Züccaciye & Mutfak","YES","YES","Batch 01 source proposal; finalization candidate; OM-R06=B; OM-R07=B; OM-R10=A","TEMPORARY_AUDIT_ID_NOT_PRODUCTION_STABLE_ID"
"AUDIT-000253","BATCH_01","709695961e900db91861a4307f76d24c73267367","docs/TAXONOMY_BATCH_01_FINALIZATION_TREE.csv","254","AUDIT-000250","Züccaciye & Mutfak > Sofra & Yemek Takımları","Züccaciye & Mutfak","Sofra & Yemek Takımları","Yemek & Kahvaltı Takımları","","3","Züccaciye & Mutfak > Sofra & Yemek Takımları > Yemek & Kahvaltı Takımları","züccaciye & mutfak > sofra & yemek takımları > yemek & kahvaltı takımları","YES","CANDIDATE_FOR_PRODUCT_OWNER_FINALIZATION","REGULATED","Züccaciye & Mutfak","YES","YES","Batch 01 source proposal; finalization candidate; OM-R06=B; OM-R07=B; OM-R10=A","TEMPORARY_AUDIT_ID_NOT_PRODUCTION_STABLE_ID"
"AUDIT-000254","BATCH_01","709695961e900db91861a4307f76d24c73267367","docs/TAXONOMY_BATCH_01_FINALIZATION_TREE.csv","255","AUDIT-000250","Züccaciye & Mutfak > Sofra & Yemek Takımları","Züccaciye & Mutfak","Sofra & Yemek Takımları","Sosluk & Sunum Kapları","","3","Züccaciye & Mutfak > Sofra & Yemek Takımları > Sosluk & Sunum Kapları","züccaciye & mutfak > sofra & yemek takımları > sosluk & sunum kapları","YES","CANDIDATE_FOR_PRODUCT_OWNER_FINALIZATION","REGULATED","Züccaciye & Mutfak","YES","YES","Batch 01 source proposal; finalization candidate; OM-R06=B; OM-R07=B; OM-R10=A","TEMPORARY_AUDIT_ID_NOT_PRODUCTION_STABLE_ID"
"AUDIT-000255","BATCH_01","709695961e900db91861a4307f76d24c73267367","docs/TAXONOMY_BATCH_01_FINALIZATION_TREE.csv","256","","Züccaciye & Mutfak","Züccaciye & Mutfak","Çatal, Kaşık & Servis Gereçleri","","","2","Züccaciye & Mutfak > Çatal, Kaşık & Servis Gereçleri","züccaciye & mutfak > çatal, kaşık & servis gereçleri","NO","CANDIDATE_FOR_PRODUCT_OWNER_FINALIZATION","REGULATED","Züccaciye & Mutfak","YES","YES","Batch 01 source proposal; finalization candidate; OM-R06=B; OM-R07=B; OM-R10=A","TEMPORARY_AUDIT_ID_NOT_PRODUCTION_STABLE_ID"
"AUDIT-000256","BATCH_01","709695961e900db91861a4307f76d24c73267367","docs/TAXONOMY_BATCH_01_FINALIZATION_TREE.csv","257","AUDIT-000255","Züccaciye & Mutfak > Çatal, Kaşık & Servis Gereçleri","Züccaciye & Mutfak","Çatal, Kaşık & Servis Gereçleri","Sofra Çatal, Kaşık & Bıçakları","","3","Züccaciye & Mutfak > Çatal, Kaşık & Servis Gereçleri > Sofra Çatal, Kaşık & Bıçakları","züccaciye & mutfak > çatal, kaşık & servis gereçleri > sofra çatal, kaşık & bıçakları","YES","CANDIDATE_FOR_PRODUCT_OWNER_FINALIZATION","REGULATED","Züccaciye & Mutfak","YES","YES","Batch 01 source proposal; finalization candidate; OM-R06=B; OM-R07=B; OM-R10=A","TEMPORARY_AUDIT_ID_NOT_PRODUCTION_STABLE_ID"
"AUDIT-000257","BATCH_01","709695961e900db91861a4307f76d24c73267367","docs/TAXONOMY_BATCH_01_FINALIZATION_TREE.csv","258","AUDIT-000255","Züccaciye & Mutfak > Çatal, Kaşık & Servis Gereçleri","Züccaciye & Mutfak","Çatal, Kaşık & Servis Gereçleri","Kepçe & Servis Kaşığı","","3","Züccaciye & Mutfak > Çatal, Kaşık & Servis Gereçleri > Kepçe & Servis Kaşığı","züccaciye & mutfak > çatal, kaşık & servis gereçleri > kepçe & servis kaşığı","YES","CANDIDATE_FOR_PRODUCT_OWNER_FINALIZATION","REGULATED","Züccaciye & Mutfak","YES","YES","Batch 01 source proposal; finalization candidate; OM-R06=B; OM-R07=B; OM-R10=A","TEMPORARY_AUDIT_ID_NOT_PRODUCTION_STABLE_ID"
"AUDIT-000258","BATCH_01","709695961e900db91861a4307f76d24c73267367","docs/TAXONOMY_BATCH_01_FINALIZATION_TREE.csv","259","AUDIT-000255","Züccaciye & Mutfak > Çatal, Kaşık & Servis Gereçleri","Züccaciye & Mutfak","Çatal, Kaşık & Servis Gereçleri","Maşa & Servis Aparatları","","3","Züccaciye & Mutfak > Çatal, Kaşık & Servis Gereçleri > Maşa & Servis Aparatları","züccaciye & mutfak > çatal, kaşık & servis gereçleri > maşa & servis aparatları","YES","CANDIDATE_FOR_PRODUCT_OWNER_FINALIZATION","REGULATED","Züccaciye & Mutfak","YES","YES","Batch 01 source proposal; finalization candidate; OM-R06=B; OM-R07=B; OM-R10=A","TEMPORARY_AUDIT_ID_NOT_PRODUCTION_STABLE_ID"
"AUDIT-000259","BATCH_01","709695961e900db91861a4307f76d24c73267367","docs/TAXONOMY_BATCH_01_FINALIZATION_TREE.csv","260","AUDIT-000255","Züccaciye & Mutfak > Çatal, Kaşık & Servis Gereçleri","Züccaciye & Mutfak","Çatal, Kaşık & Servis Gereçleri","Tepsi & Nihale","","3","Züccaciye & Mutfak > Çatal, Kaşık & Servis Gereçleri > Tepsi & Nihale","züccaciye & mutfak > çatal, kaşık & servis gereçleri > tepsi & nihale","YES","CANDIDATE_FOR_PRODUCT_OWNER_FINALIZATION","REGULATED","Züccaciye & Mutfak","YES","YES","Batch 01 source proposal; finalization candidate; OM-R06=B; OM-R07=B; OM-R10=A","TEMPORARY_AUDIT_ID_NOT_PRODUCTION_STABLE_ID"
"AUDIT-000260","BATCH_01","709695961e900db91861a4307f76d24c73267367","docs/TAXONOMY_BATCH_01_FINALIZATION_TREE.csv","261","","Züccaciye & Mutfak","Züccaciye & Mutfak","Bardak, Kupa & İçecek Servisi","","","2","Züccaciye & Mutfak > Bardak, Kupa & İçecek Servisi","züccaciye & mutfak > bardak, kupa & içecek servisi","NO","CANDIDATE_FOR_PRODUCT_OWNER_FINALIZATION","REGULATED","Züccaciye & Mutfak","YES","YES","Batch 01 source proposal; finalization candidate; OM-R06=B; OM-R07=B; OM-R10=A","TEMPORARY_AUDIT_ID_NOT_PRODUCTION_STABLE_ID"
"AUDIT-000261","BATCH_01","709695961e900db91861a4307f76d24c73267367","docs/TAXONOMY_BATCH_01_FINALIZATION_TREE.csv","262","AUDIT-000260","Züccaciye & Mutfak > Bardak, Kupa & İçecek Servisi","Züccaciye & Mutfak","Bardak, Kupa & İçecek Servisi","Su & Meşrubat Bardakları","","3","Züccaciye & Mutfak > Bardak, Kupa & İçecek Servisi > Su & Meşrubat Bardakları","züccaciye & mutfak > bardak, kupa & içecek servisi > su & meşrubat bardakları","YES","CANDIDATE_FOR_PRODUCT_OWNER_FINALIZATION","REGULATED","Züccaciye & Mutfak","YES","YES","Batch 01 source proposal; finalization candidate; OM-R06=B; OM-R07=B; OM-R10=A","TEMPORARY_AUDIT_ID_NOT_PRODUCTION_STABLE_ID"
"AUDIT-000262","BATCH_01","709695961e900db91861a4307f76d24c73267367","docs/TAXONOMY_BATCH_01_FINALIZATION_TREE.csv","263","AUDIT-000260","Züccaciye & Mutfak > Bardak, Kupa & İçecek Servisi","Züccaciye & Mutfak","Bardak, Kupa & İçecek Servisi","Çay Bardağı & Fincan","","3","Züccaciye & Mutfak > Bardak, Kupa & İçecek Servisi > Çay Bardağı & Fincan","züccaciye & mutfak > bardak, kupa & içecek servisi > çay bardağı & fincan","YES","CANDIDATE_FOR_PRODUCT_OWNER_FINALIZATION","REGULATED","Züccaciye & Mutfak","YES","YES","Batch 01 source proposal; finalization candidate; OM-R06=B; OM-R07=B; OM-R10=A","TEMPORARY_AUDIT_ID_NOT_PRODUCTION_STABLE_ID"
"AUDIT-000263","BATCH_01","709695961e900db91861a4307f76d24c73267367","docs/TAXONOMY_BATCH_01_FINALIZATION_TREE.csv","264","AUDIT-000260","Züccaciye & Mutfak > Bardak, Kupa & İçecek Servisi","Züccaciye & Mutfak","Bardak, Kupa & İçecek Servisi","Kupa","","3","Züccaciye & Mutfak > Bardak, Kupa & İçecek Servisi > Kupa","züccaciye & mutfak > bardak, kupa & içecek servisi > kupa","YES","CANDIDATE_FOR_PRODUCT_OWNER_FINALIZATION","REGULATED","Züccaciye & Mutfak","YES","YES","Batch 01 source proposal; finalization candidate; OM-R06=B; OM-R07=B; OM-R10=A","TEMPORARY_AUDIT_ID_NOT_PRODUCTION_STABLE_ID"
"AUDIT-000264","BATCH_01","709695961e900db91861a4307f76d24c73267367","docs/TAXONOMY_BATCH_01_FINALIZATION_TREE.csv","265","AUDIT-000260","Züccaciye & Mutfak > Bardak, Kupa & İçecek Servisi","Züccaciye & Mutfak","Bardak, Kupa & İçecek Servisi","Sürahi & Karaf","","3","Züccaciye & Mutfak > Bardak, Kupa & İçecek Servisi > Sürahi & Karaf","züccaciye & mutfak > bardak, kupa & içecek servisi > sürahi & karaf","YES","CANDIDATE_FOR_PRODUCT_OWNER_FINALIZATION","REGULATED","Züccaciye & Mutfak","YES","YES","Batch 01 source proposal; finalization candidate; OM-R06=B; OM-R07=B; OM-R10=A","TEMPORARY_AUDIT_ID_NOT_PRODUCTION_STABLE_ID"
"AUDIT-000265","BATCH_01","709695961e900db91861a4307f76d24c73267367","docs/TAXONOMY_BATCH_01_FINALIZATION_TREE.csv","266","AUDIT-000260","Züccaciye & Mutfak > Bardak, Kupa & İçecek Servisi","Züccaciye & Mutfak","Bardak, Kupa & İçecek Servisi","İçecek Takımları","","3","Züccaciye & Mutfak > Bardak, Kupa & İçecek Servisi > İçecek Takımları","züccaciye & mutfak > bardak, kupa & içecek servisi > içecek takımları","YES","CANDIDATE_FOR_PRODUCT_OWNER_FINALIZATION","REGULATED","Züccaciye & Mutfak","YES","YES","Batch 01 source proposal; finalization candidate; OM-R06=B; OM-R07=B; OM-R10=A","TEMPORARY_AUDIT_ID_NOT_PRODUCTION_STABLE_ID"
"AUDIT-000266","BATCH_01","709695961e900db91861a4307f76d24c73267367","docs/TAXONOMY_BATCH_01_FINALIZATION_TREE.csv","267","","Züccaciye & Mutfak","Züccaciye & Mutfak","Çay & Kahve Demleme Gereçleri","","","2","Züccaciye & Mutfak > Çay & Kahve Demleme Gereçleri","züccaciye & mutfak > çay & kahve demleme gereçleri","NO","CANDIDATE_FOR_PRODUCT_OWNER_FINALIZATION","REGULATED","Züccaciye & Mutfak","YES","YES","Batch 01 source proposal; finalization candidate; OM-R06=B; OM-R07=B; OM-R10=A","TEMPORARY_AUDIT_ID_NOT_PRODUCTION_STABLE_ID"
"AUDIT-000267","BATCH_01","709695961e900db91861a4307f76d24c73267367","docs/TAXONOMY_BATCH_01_FINALIZATION_TREE.csv","268","AUDIT-000266","Züccaciye & Mutfak > Çay & Kahve Demleme Gereçleri","Züccaciye & Mutfak","Çay & Kahve Demleme Gereçleri","Çaydanlık","","3","Züccaciye & Mutfak > Çay & Kahve Demleme Gereçleri > Çaydanlık","züccaciye & mutfak > çay & kahve demleme gereçleri > çaydanlık","YES","CANDIDATE_FOR_PRODUCT_OWNER_FINALIZATION","REGULATED","Züccaciye & Mutfak","YES","YES","Batch 01 source proposal; finalization candidate; OM-R06=B; OM-R07=B; OM-R10=A","TEMPORARY_AUDIT_ID_NOT_PRODUCTION_STABLE_ID"
"AUDIT-000268","BATCH_01","709695961e900db91861a4307f76d24c73267367","docs/TAXONOMY_BATCH_01_FINALIZATION_TREE.csv","269","AUDIT-000266","Züccaciye & Mutfak > Çay & Kahve Demleme Gereçleri","Züccaciye & Mutfak","Çay & Kahve Demleme Gereçleri","Cezve","","3","Züccaciye & Mutfak > Çay & Kahve Demleme Gereçleri > Cezve","züccaciye & mutfak > çay & kahve demleme gereçleri > cezve","YES","CANDIDATE_FOR_PRODUCT_OWNER_FINALIZATION","REGULATED","Züccaciye & Mutfak","YES","YES","Batch 01 source proposal; finalization candidate; OM-R06=B; OM-R07=B; OM-R10=A","TEMPORARY_AUDIT_ID_NOT_PRODUCTION_STABLE_ID"
"AUDIT-000269","BATCH_01","709695961e900db91861a4307f76d24c73267367","docs/TAXONOMY_BATCH_01_FINALIZATION_TREE.csv","270","AUDIT-000266","Züccaciye & Mutfak > Çay & Kahve Demleme Gereçleri","Züccaciye & Mutfak","Çay & Kahve Demleme Gereçleri","French Press","","3","Züccaciye & Mutfak > Çay & Kahve Demleme Gereçleri > French Press","züccaciye & mutfak > çay & kahve demleme gereçleri > french press","YES","CANDIDATE_FOR_PRODUCT_OWNER_FINALIZATION","REGULATED","Züccaciye & Mutfak","YES","YES","Batch 01 source proposal; finalization candidate; OM-R06=B; OM-R07=B; OM-R10=A","TEMPORARY_AUDIT_ID_NOT_PRODUCTION_STABLE_ID"
"AUDIT-000270","BATCH_01","709695961e900db91861a4307f76d24c73267367","docs/TAXONOMY_BATCH_01_FINALIZATION_TREE.csv","271","AUDIT-000266","Züccaciye & Mutfak > Çay & Kahve Demleme Gereçleri","Züccaciye & Mutfak","Çay & Kahve Demleme Gereçleri","Moka Pot","","3","Züccaciye & Mutfak > Çay & Kahve Demleme Gereçleri > Moka Pot","züccaciye & mutfak > çay & kahve demleme gereçleri > moka pot","YES","CANDIDATE_FOR_PRODUCT_OWNER_FINALIZATION","REGULATED","Züccaciye & Mutfak","YES","YES","Batch 01 source proposal; finalization candidate; OM-R06=B; OM-R07=B; OM-R10=A","TEMPORARY_AUDIT_ID_NOT_PRODUCTION_STABLE_ID"
"AUDIT-000271","BATCH_01","709695961e900db91861a4307f76d24c73267367","docs/TAXONOMY_BATCH_01_FINALIZATION_TREE.csv","272","AUDIT-000266","Züccaciye & Mutfak > Çay & Kahve Demleme Gereçleri","Züccaciye & Mutfak","Çay & Kahve Demleme Gereçleri","Pour-Over & Dripper","","3","Züccaciye & Mutfak > Çay & Kahve Demleme Gereçleri > Pour-Over & Dripper","züccaciye & mutfak > çay & kahve demleme gereçleri > pour-over & dripper","YES","CANDIDATE_FOR_PRODUCT_OWNER_FINALIZATION","REGULATED","Züccaciye & Mutfak","YES","YES","Batch 01 source proposal; finalization candidate; OM-R06=B; OM-R07=B; OM-R10=A","TEMPORARY_AUDIT_ID_NOT_PRODUCTION_STABLE_ID"
"AUDIT-000272","BATCH_01","709695961e900db91861a4307f76d24c73267367","docs/TAXONOMY_BATCH_01_FINALIZATION_TREE.csv","273","AUDIT-000266","Züccaciye & Mutfak > Çay & Kahve Demleme Gereçleri","Züccaciye & Mutfak","Çay & Kahve Demleme Gereçleri","Manuel Kahve Değirmeni","","3","Züccaciye & Mutfak > Çay & Kahve Demleme Gereçleri > Manuel Kahve Değirmeni","züccaciye & mutfak > çay & kahve demleme gereçleri > manuel kahve değirmeni","YES","CANDIDATE_FOR_PRODUCT_OWNER_FINALIZATION","REGULATED","Züccaciye & Mutfak","YES","YES","Batch 01 source proposal; finalization candidate; OM-R06=B; OM-R07=B; OM-R10=A","TEMPORARY_AUDIT_ID_NOT_PRODUCTION_STABLE_ID"
"AUDIT-000273","BATCH_01","709695961e900db91861a4307f76d24c73267367","docs/TAXONOMY_BATCH_01_FINALIZATION_TREE.csv","274","","Züccaciye & Mutfak","Züccaciye & Mutfak","Saklama & Mutfak Düzenleme","","","2","Züccaciye & Mutfak > Saklama & Mutfak Düzenleme","züccaciye & mutfak > saklama & mutfak düzenleme","NO","CANDIDATE_FOR_PRODUCT_OWNER_FINALIZATION","REGULATED","Züccaciye & Mutfak","YES","YES","Batch 01 source proposal; finalization candidate; OM-R06=B; OM-R07=B; OM-R10=A","TEMPORARY_AUDIT_ID_NOT_PRODUCTION_STABLE_ID"
"AUDIT-000274","BATCH_01","709695961e900db91861a4307f76d24c73267367","docs/TAXONOMY_BATCH_01_FINALIZATION_TREE.csv","275","AUDIT-000273","Züccaciye & Mutfak > Saklama & Mutfak Düzenleme","Züccaciye & Mutfak","Saklama & Mutfak Düzenleme","Gıda Saklama Kapları","","3","Züccaciye & Mutfak > Saklama & Mutfak Düzenleme > Gıda Saklama Kapları","züccaciye & mutfak > saklama & mutfak düzenleme > gıda saklama kapları","YES","CANDIDATE_FOR_PRODUCT_OWNER_FINALIZATION","REGULATED","Züccaciye & Mutfak","YES","YES","Batch 01 source proposal; finalization candidate; OM-R06=B; OM-R07=B; OM-R10=A","TEMPORARY_AUDIT_ID_NOT_PRODUCTION_STABLE_ID"
"AUDIT-000275","BATCH_01","709695961e900db91861a4307f76d24c73267367","docs/TAXONOMY_BATCH_01_FINALIZATION_TREE.csv","276","AUDIT-000273","Züccaciye & Mutfak > Saklama & Mutfak Düzenleme","Züccaciye & Mutfak","Saklama & Mutfak Düzenleme","Kavanozlar","","3","Züccaciye & Mutfak > Saklama & Mutfak Düzenleme > Kavanozlar","züccaciye & mutfak > saklama & mutfak düzenleme > kavanozlar","YES","CANDIDATE_FOR_PRODUCT_OWNER_FINALIZATION","REGULATED","Züccaciye & Mutfak","YES","YES","Batch 01 source proposal; finalization candidate; OM-R06=B; OM-R07=B; OM-R10=A","TEMPORARY_AUDIT_ID_NOT_PRODUCTION_STABLE_ID"
"AUDIT-000276","BATCH_01","709695961e900db91861a4307f76d24c73267367","docs/TAXONOMY_BATCH_01_FINALIZATION_TREE.csv","277","AUDIT-000273","Züccaciye & Mutfak > Saklama & Mutfak Düzenleme","Züccaciye & Mutfak","Saklama & Mutfak Düzenleme","Baharatlık, Yağlık & Sirkelik","","3","Züccaciye & Mutfak > Saklama & Mutfak Düzenleme > Baharatlık, Yağlık & Sirkelik","züccaciye & mutfak > saklama & mutfak düzenleme > baharatlık, yağlık & sirkelik","YES","CANDIDATE_FOR_PRODUCT_OWNER_FINALIZATION","REGULATED","Züccaciye & Mutfak","YES","YES","Batch 01 source proposal; finalization candidate; OM-R06=B; OM-R07=B; OM-R10=A","TEMPORARY_AUDIT_ID_NOT_PRODUCTION_STABLE_ID"
"AUDIT-000277","BATCH_01","709695961e900db91861a4307f76d24c73267367","docs/TAXONOMY_BATCH_01_FINALIZATION_TREE.csv","278","AUDIT-000273","Züccaciye & Mutfak > Saklama & Mutfak Düzenleme","Züccaciye & Mutfak","Saklama & Mutfak Düzenleme","Mutfak Düzenleyiciler","","3","Züccaciye & Mutfak > Saklama & Mutfak Düzenleme > Mutfak Düzenleyiciler","züccaciye & mutfak > saklama & mutfak düzenleme > mutfak düzenleyiciler","YES","CANDIDATE_FOR_PRODUCT_OWNER_FINALIZATION","NORMAL","Züccaciye & Mutfak","YES","NO","Batch 01 source proposal; finalization candidate; OM-R06=B; OM-R07=B; OM-R10=A","TEMPORARY_AUDIT_ID_NOT_PRODUCTION_STABLE_ID"
"AUDIT-000278","BATCH_01","709695961e900db91861a4307f76d24c73267367","docs/TAXONOMY_BATCH_01_FINALIZATION_TREE.csv","279","AUDIT-000273","Züccaciye & Mutfak > Saklama & Mutfak Düzenleme","Züccaciye & Mutfak","Saklama & Mutfak Düzenleme","Ekmek Kutusu","","3","Züccaciye & Mutfak > Saklama & Mutfak Düzenleme > Ekmek Kutusu","züccaciye & mutfak > saklama & mutfak düzenleme > ekmek kutusu","YES","CANDIDATE_FOR_PRODUCT_OWNER_FINALIZATION","REGULATED","Züccaciye & Mutfak","YES","YES","Batch 01 source proposal; finalization candidate; OM-R06=B; OM-R07=B; OM-R10=A","TEMPORARY_AUDIT_ID_NOT_PRODUCTION_STABLE_ID"
"AUDIT-000279","BATCH_01","709695961e900db91861a4307f76d24c73267367","docs/TAXONOMY_BATCH_01_FINALIZATION_TREE.csv","280","","Züccaciye & Mutfak","Züccaciye & Mutfak","Termos, Matara & Yiyecek Taşıma","","","2","Züccaciye & Mutfak > Termos, Matara & Yiyecek Taşıma","züccaciye & mutfak > termos, matara & yiyecek taşıma","NO","CANDIDATE_FOR_PRODUCT_OWNER_FINALIZATION","REGULATED","Züccaciye & Mutfak","YES","YES","Batch 01 source proposal; finalization candidate; OM-R06=B; OM-R07=B; OM-R10=A","TEMPORARY_AUDIT_ID_NOT_PRODUCTION_STABLE_ID"
"AUDIT-000280","BATCH_01","709695961e900db91861a4307f76d24c73267367","docs/TAXONOMY_BATCH_01_FINALIZATION_TREE.csv","281","AUDIT-000279","Züccaciye & Mutfak > Termos, Matara & Yiyecek Taşıma","Züccaciye & Mutfak","Termos, Matara & Yiyecek Taşıma","Termos","","3","Züccaciye & Mutfak > Termos, Matara & Yiyecek Taşıma > Termos","züccaciye & mutfak > termos, matara & yiyecek taşıma > termos","YES","CANDIDATE_FOR_PRODUCT_OWNER_FINALIZATION","REGULATED","Züccaciye & Mutfak","YES","YES","Batch 01 source proposal; finalization candidate; OM-R06=B; OM-R07=B; OM-R10=A","TEMPORARY_AUDIT_ID_NOT_PRODUCTION_STABLE_ID"
"AUDIT-000281","BATCH_01","709695961e900db91861a4307f76d24c73267367","docs/TAXONOMY_BATCH_01_FINALIZATION_TREE.csv","282","AUDIT-000279","Züccaciye & Mutfak > Termos, Matara & Yiyecek Taşıma","Züccaciye & Mutfak","Termos, Matara & Yiyecek Taşıma","Matara","","3","Züccaciye & Mutfak > Termos, Matara & Yiyecek Taşıma > Matara","züccaciye & mutfak > termos, matara & yiyecek taşıma > matara","YES","CANDIDATE_FOR_PRODUCT_OWNER_FINALIZATION","REGULATED","Züccaciye & Mutfak","YES","YES","Batch 01 source proposal; finalization candidate; OM-R06=B; OM-R07=B; OM-R10=A","TEMPORARY_AUDIT_ID_NOT_PRODUCTION_STABLE_ID"
"AUDIT-000282","BATCH_01","709695961e900db91861a4307f76d24c73267367","docs/TAXONOMY_BATCH_01_FINALIZATION_TREE.csv","283","AUDIT-000279","Züccaciye & Mutfak > Termos, Matara & Yiyecek Taşıma","Züccaciye & Mutfak","Termos, Matara & Yiyecek Taşıma","Termal Kupa","","3","Züccaciye & Mutfak > Termos, Matara & Yiyecek Taşıma > Termal Kupa","züccaciye & mutfak > termos, matara & yiyecek taşıma > termal kupa","YES","CANDIDATE_FOR_PRODUCT_OWNER_FINALIZATION","REGULATED","Züccaciye & Mutfak","YES","YES","Batch 01 source proposal; finalization candidate; OM-R06=B; OM-R07=B; OM-R10=A","TEMPORARY_AUDIT_ID_NOT_PRODUCTION_STABLE_ID"
"AUDIT-000283","BATCH_01","709695961e900db91861a4307f76d24c73267367","docs/TAXONOMY_BATCH_01_FINALIZATION_TREE.csv","284","AUDIT-000279","Züccaciye & Mutfak > Termos, Matara & Yiyecek Taşıma","Züccaciye & Mutfak","Termos, Matara & Yiyecek Taşıma","Beslenme Kutusu","","3","Züccaciye & Mutfak > Termos, Matara & Yiyecek Taşıma > Beslenme Kutusu","züccaciye & mutfak > termos, matara & yiyecek taşıma > beslenme kutusu","YES","CANDIDATE_FOR_PRODUCT_OWNER_FINALIZATION","REGULATED","Züccaciye & Mutfak","YES","YES","Batch 01 source proposal; finalization candidate; OM-R06=B; OM-R07=B; OM-R10=A","TEMPORARY_AUDIT_ID_NOT_PRODUCTION_STABLE_ID"
"AUDIT-000284","BATCH_01","709695961e900db91861a4307f76d24c73267367","docs/TAXONOMY_BATCH_01_FINALIZATION_TREE.csv","285","AUDIT-000279","Züccaciye & Mutfak > Termos, Matara & Yiyecek Taşıma","Züccaciye & Mutfak","Termos, Matara & Yiyecek Taşıma","Sefer Tası","","3","Züccaciye & Mutfak > Termos, Matara & Yiyecek Taşıma > Sefer Tası","züccaciye & mutfak > termos, matara & yiyecek taşıma > sefer tası","YES","CANDIDATE_FOR_PRODUCT_OWNER_FINALIZATION","REGULATED","Züccaciye & Mutfak","YES","YES","Batch 01 source proposal; finalization candidate; OM-R06=B; OM-R07=B; OM-R10=A","TEMPORARY_AUDIT_ID_NOT_PRODUCTION_STABLE_ID"
"AUDIT-000285","BATCH_01","709695961e900db91861a4307f76d24c73267367","docs/TAXONOMY_BATCH_01_FINALIZATION_TREE.csv","286","AUDIT-000279","Züccaciye & Mutfak > Termos, Matara & Yiyecek Taşıma","Züccaciye & Mutfak","Termos, Matara & Yiyecek Taşıma","Tüketici Tipi Soğutucu Çanta","","3","Züccaciye & Mutfak > Termos, Matara & Yiyecek Taşıma > Tüketici Tipi Soğutucu Çanta","züccaciye & mutfak > termos, matara & yiyecek taşıma > tüketici tipi soğutucu çanta","YES","CANDIDATE_FOR_PRODUCT_OWNER_FINALIZATION","REGULATED","Züccaciye & Mutfak","YES","YES","Batch 01 source proposal; finalization candidate; OM-R06=B; OM-R07=B; OM-R10=A","TEMPORARY_AUDIT_ID_NOT_PRODUCTION_STABLE_ID"
"AUDIT-000286","BATCH_01","709695961e900db91861a4307f76d24c73267367","docs/TAXONOMY_BATCH_01_FINALIZATION_TREE.csv","287","","Züccaciye & Mutfak","Züccaciye & Mutfak","Mutfak Tekstili","","","2","Züccaciye & Mutfak > Mutfak Tekstili","züccaciye & mutfak > mutfak tekstili","NO","CANDIDATE_FOR_PRODUCT_OWNER_FINALIZATION","NORMAL","Züccaciye & Mutfak","YES","YES","Batch 01 source proposal; finalization candidate; OM-R06=B; OM-R07=B; OM-R10=A","TEMPORARY_AUDIT_ID_NOT_PRODUCTION_STABLE_ID"
"AUDIT-000287","BATCH_01","709695961e900db91861a4307f76d24c73267367","docs/TAXONOMY_BATCH_01_FINALIZATION_TREE.csv","288","AUDIT-000286","Züccaciye & Mutfak > Mutfak Tekstili","Züccaciye & Mutfak","Mutfak Tekstili","Mutfak Önlüğü","","3","Züccaciye & Mutfak > Mutfak Tekstili > Mutfak Önlüğü","züccaciye & mutfak > mutfak tekstili > mutfak önlüğü","YES","CANDIDATE_FOR_PRODUCT_OWNER_FINALIZATION","NORMAL","Züccaciye & Mutfak","YES","NO","Batch 01 source proposal; finalization candidate; OM-R06=B; OM-R07=B; OM-R10=A","TEMPORARY_AUDIT_ID_NOT_PRODUCTION_STABLE_ID"
"AUDIT-000288","BATCH_01","709695961e900db91861a4307f76d24c73267367","docs/TAXONOMY_BATCH_01_FINALIZATION_TREE.csv","289","AUDIT-000286","Züccaciye & Mutfak > Mutfak Tekstili","Züccaciye & Mutfak","Mutfak Tekstili","Mutfak Havlusu & Kurulama Bezi","","3","Züccaciye & Mutfak > Mutfak Tekstili > Mutfak Havlusu & Kurulama Bezi","züccaciye & mutfak > mutfak tekstili > mutfak havlusu & kurulama bezi","YES","CANDIDATE_FOR_PRODUCT_OWNER_FINALIZATION","NORMAL","Züccaciye & Mutfak","YES","NO","Batch 01 source proposal; finalization candidate; OM-R06=B; OM-R07=B; OM-R10=A","TEMPORARY_AUDIT_ID_NOT_PRODUCTION_STABLE_ID"
"AUDIT-000289","BATCH_01","709695961e900db91861a4307f76d24c73267367","docs/TAXONOMY_BATCH_01_FINALIZATION_TREE.csv","290","AUDIT-000286","Züccaciye & Mutfak > Mutfak Tekstili","Züccaciye & Mutfak","Mutfak Tekstili","Fırın Eldiveni & Tutacak","","3","Züccaciye & Mutfak > Mutfak Tekstili > Fırın Eldiveni & Tutacak","züccaciye & mutfak > mutfak tekstili > fırın eldiveni & tutacak","YES","CANDIDATE_FOR_PRODUCT_OWNER_FINALIZATION","NORMAL","Züccaciye & Mutfak","YES","YES","Batch 01 source proposal; finalization candidate; OM-R06=B; OM-R07=B; OM-R10=A","TEMPORARY_AUDIT_ID_NOT_PRODUCTION_STABLE_ID"
"AUDIT-000290","BATCH_01","709695961e900db91861a4307f76d24c73267367","docs/TAXONOMY_BATCH_01_FINALIZATION_TREE.csv","291","AUDIT-000286","Züccaciye & Mutfak > Mutfak Tekstili","Züccaciye & Mutfak","Mutfak Tekstili","Masa Örtüsü, Runner & Peçete","","3","Züccaciye & Mutfak > Mutfak Tekstili > Masa Örtüsü, Runner & Peçete","züccaciye & mutfak > mutfak tekstili > masa örtüsü, runner & peçete","YES","CANDIDATE_FOR_PRODUCT_OWNER_FINALIZATION","NORMAL","Züccaciye & Mutfak","YES","NO","Batch 01 source proposal; finalization candidate; OM-R06=B; OM-R07=B; OM-R10=A","TEMPORARY_AUDIT_ID_NOT_PRODUCTION_STABLE_ID"
"AUDIT-000291","BATCH_01","709695961e900db91861a4307f76d24c73267367","docs/TAXONOMY_BATCH_01_FINALIZATION_TREE.csv","292","","Yapı, Hırdavat & Tesisat","Yapı, Hırdavat & Tesisat","El Aletleri & Atölye Ekipmanları","","","2","Yapı, Hırdavat & Tesisat > El Aletleri & Atölye Ekipmanları","yapı, hırdavat & tesisat > el aletleri & atölye ekipmanları","NO","CANDIDATE_FOR_PRODUCT_OWNER_FINALIZATION","NORMAL","Yapı, Hırdavat & Tesisat","YES","NO","Batch 01 source proposal; finalization candidate; OM-R06=B; OM-R07=B; OM-R10=A","TEMPORARY_AUDIT_ID_NOT_PRODUCTION_STABLE_ID"
"AUDIT-000292","BATCH_01","709695961e900db91861a4307f76d24c73267367","docs/TAXONOMY_BATCH_01_FINALIZATION_TREE.csv","293","AUDIT-000291","Yapı, Hırdavat & Tesisat > El Aletleri & Atölye Ekipmanları","Yapı, Hırdavat & Tesisat","El Aletleri & Atölye Ekipmanları","Tornavida & Anahtarlar","","3","Yapı, Hırdavat & Tesisat > El Aletleri & Atölye Ekipmanları > Tornavida & Anahtarlar","yapı, hırdavat & tesisat > el aletleri & atölye ekipmanları > tornavida & anahtarlar","YES","CANDIDATE_FOR_PRODUCT_OWNER_FINALIZATION","NORMAL","Yapı, Hırdavat & Tesisat","YES","NO","Batch 01 source proposal; finalization candidate; OM-R06=B; OM-R07=B; OM-R10=A","TEMPORARY_AUDIT_ID_NOT_PRODUCTION_STABLE_ID"
"AUDIT-000293","BATCH_01","709695961e900db91861a4307f76d24c73267367","docs/TAXONOMY_BATCH_01_FINALIZATION_TREE.csv","294","AUDIT-000291","Yapı, Hırdavat & Tesisat > El Aletleri & Atölye Ekipmanları","Yapı, Hırdavat & Tesisat","El Aletleri & Atölye Ekipmanları","Pense, Kerpeten & Kesiciler","","3","Yapı, Hırdavat & Tesisat > El Aletleri & Atölye Ekipmanları > Pense, Kerpeten & Kesiciler","yapı, hırdavat & tesisat > el aletleri & atölye ekipmanları > pense, kerpeten & kesiciler","YES","CANDIDATE_FOR_PRODUCT_OWNER_FINALIZATION","NORMAL","Yapı, Hırdavat & Tesisat","YES","NO","Batch 01 source proposal; finalization candidate; OM-R06=B; OM-R07=B; OM-R10=A","TEMPORARY_AUDIT_ID_NOT_PRODUCTION_STABLE_ID"
"AUDIT-000294","BATCH_01","709695961e900db91861a4307f76d24c73267367","docs/TAXONOMY_BATCH_01_FINALIZATION_TREE.csv","295","AUDIT-000291","Yapı, Hırdavat & Tesisat > El Aletleri & Atölye Ekipmanları","Yapı, Hırdavat & Tesisat","El Aletleri & Atölye Ekipmanları","Çekiç & Tokmaklar","","3","Yapı, Hırdavat & Tesisat > El Aletleri & Atölye Ekipmanları > Çekiç & Tokmaklar","yapı, hırdavat & tesisat > el aletleri & atölye ekipmanları > çekiç & tokmaklar","YES","CANDIDATE_FOR_PRODUCT_OWNER_FINALIZATION","NORMAL","Yapı, Hırdavat & Tesisat","YES","NO","Batch 01 source proposal; finalization candidate; OM-R06=B; OM-R07=B; OM-R10=A","TEMPORARY_AUDIT_ID_NOT_PRODUCTION_STABLE_ID"
"AUDIT-000295","BATCH_01","709695961e900db91861a4307f76d24c73267367","docs/TAXONOMY_BATCH_01_FINALIZATION_TREE.csv","296","AUDIT-000291","Yapı, Hırdavat & Tesisat > El Aletleri & Atölye Ekipmanları","Yapı, Hırdavat & Tesisat","El Aletleri & Atölye Ekipmanları","El Testeresi, Eğe & Raspalar","","3","Yapı, Hırdavat & Tesisat > El Aletleri & Atölye Ekipmanları > El Testeresi, Eğe & Raspalar","yapı, hırdavat & tesisat > el aletleri & atölye ekipmanları > el testeresi, eğe & raspalar","YES","CANDIDATE_FOR_PRODUCT_OWNER_FINALIZATION","NORMAL","Yapı, Hırdavat & Tesisat","YES","NO","Batch 01 source proposal; finalization candidate; OM-R06=B; OM-R07=B; OM-R10=A","TEMPORARY_AUDIT_ID_NOT_PRODUCTION_STABLE_ID"
"AUDIT-000296","BATCH_01","709695961e900db91861a4307f76d24c73267367","docs/TAXONOMY_BATCH_01_FINALIZATION_TREE.csv","297","AUDIT-000291","Yapı, Hırdavat & Tesisat > El Aletleri & Atölye Ekipmanları","Yapı, Hırdavat & Tesisat","El Aletleri & Atölye Ekipmanları","Mengene & Kelepçeler","","3","Yapı, Hırdavat & Tesisat > El Aletleri & Atölye Ekipmanları > Mengene & Kelepçeler","yapı, hırdavat & tesisat > el aletleri & atölye ekipmanları > mengene & kelepçeler","YES","CANDIDATE_FOR_PRODUCT_OWNER_FINALIZATION","NORMAL","Yapı, Hırdavat & Tesisat","YES","NO","Batch 01 source proposal; finalization candidate; OM-R06=B; OM-R07=B; OM-R10=A","TEMPORARY_AUDIT_ID_NOT_PRODUCTION_STABLE_ID"
"AUDIT-000297","BATCH_01","709695961e900db91861a4307f76d24c73267367","docs/TAXONOMY_BATCH_01_FINALIZATION_TREE.csv","298","AUDIT-000291","Yapı, Hırdavat & Tesisat > El Aletleri & Atölye Ekipmanları","Yapı, Hırdavat & Tesisat","El Aletleri & Atölye Ekipmanları","Takım Çantası & Atölye Düzenleme","","3","Yapı, Hırdavat & Tesisat > El Aletleri & Atölye Ekipmanları > Takım Çantası & Atölye Düzenleme","yapı, hırdavat & tesisat > el aletleri & atölye ekipmanları > takım çantası & atölye düzenleme","YES","CANDIDATE_FOR_PRODUCT_OWNER_FINALIZATION","NORMAL","Yapı, Hırdavat & Tesisat","YES","NO","Batch 01 source proposal; finalization candidate; OM-R06=B; OM-R07=B; OM-R10=A","TEMPORARY_AUDIT_ID_NOT_PRODUCTION_STABLE_ID"
"AUDIT-000298","BATCH_01","709695961e900db91861a4307f76d24c73267367","docs/TAXONOMY_BATCH_01_FINALIZATION_TREE.csv","299","","Yapı, Hırdavat & Tesisat","Yapı, Hırdavat & Tesisat","Elektrikli & Akülü El Aletleri","","","2","Yapı, Hırdavat & Tesisat > Elektrikli & Akülü El Aletleri","yapı, hırdavat & tesisat > elektrikli & akülü el aletleri","NO","CANDIDATE_FOR_PRODUCT_OWNER_FINALIZATION","REGULATED","Yapı, Hırdavat & Tesisat","YES","YES","Batch 01 source proposal; finalization candidate; OM-R06=B; OM-R07=B; OM-R10=A","TEMPORARY_AUDIT_ID_NOT_PRODUCTION_STABLE_ID"
"AUDIT-000299","BATCH_01","709695961e900db91861a4307f76d24c73267367","docs/TAXONOMY_BATCH_01_FINALIZATION_TREE.csv","300","AUDIT-000298","Yapı, Hırdavat & Tesisat > Elektrikli & Akülü El Aletleri","Yapı, Hırdavat & Tesisat","Elektrikli & Akülü El Aletleri","Matkap & Vidalama","","3","Yapı, Hırdavat & Tesisat > Elektrikli & Akülü El Aletleri > Matkap & Vidalama","yapı, hırdavat & tesisat > elektrikli & akülü el aletleri > matkap & vidalama","YES","CANDIDATE_FOR_PRODUCT_OWNER_FINALIZATION","REGULATED","Yapı, Hırdavat & Tesisat","YES","YES","Batch 01 source proposal; finalization candidate; OM-R06=B; OM-R07=B; OM-R10=A","TEMPORARY_AUDIT_ID_NOT_PRODUCTION_STABLE_ID"
"AUDIT-000300","BATCH_01","709695961e900db91861a4307f76d24c73267367","docs/TAXONOMY_BATCH_01_FINALIZATION_TREE.csv","301","AUDIT-000298","Yapı, Hırdavat & Tesisat > Elektrikli & Akülü El Aletleri","Yapı, Hırdavat & Tesisat","Elektrikli & Akülü El Aletleri","Taşlama & Polisaj","","3","Yapı, Hırdavat & Tesisat > Elektrikli & Akülü El Aletleri > Taşlama & Polisaj","yapı, hırdavat & tesisat > elektrikli & akülü el aletleri > taşlama & polisaj","YES","CANDIDATE_FOR_PRODUCT_OWNER_FINALIZATION","REGULATED","Yapı, Hırdavat & Tesisat","YES","YES","Batch 01 source proposal; finalization candidate; OM-R06=B; OM-R07=B; OM-R10=A","TEMPORARY_AUDIT_ID_NOT_PRODUCTION_STABLE_ID"
"AUDIT-000301","BATCH_01","709695961e900db91861a4307f76d24c73267367","docs/TAXONOMY_BATCH_01_FINALIZATION_TREE.csv","302","AUDIT-000298","Yapı, Hırdavat & Tesisat > Elektrikli & Akülü El Aletleri","Yapı, Hırdavat & Tesisat","Elektrikli & Akülü El Aletleri","Elektrikli Testereler","","3","Yapı, Hırdavat & Tesisat > Elektrikli & Akülü El Aletleri > Elektrikli Testereler","yapı, hırdavat & tesisat > elektrikli & akülü el aletleri > elektrikli testereler","YES","CANDIDATE_FOR_PRODUCT_OWNER_FINALIZATION","REGULATED","Yapı, Hırdavat & Tesisat","YES","YES","Batch 01 source proposal; finalization candidate; OM-R06=B; OM-R07=B; OM-R10=A","TEMPORARY_AUDIT_ID_NOT_PRODUCTION_STABLE_ID"
"AUDIT-000302","BATCH_01","709695961e900db91861a4307f76d24c73267367","docs/TAXONOMY_BATCH_01_FINALIZATION_TREE.csv","303","AUDIT-000298","Yapı, Hırdavat & Tesisat > Elektrikli & Akülü El Aletleri","Yapı, Hırdavat & Tesisat","Elektrikli & Akülü El Aletleri","Zımpara Makineleri","","3","Yapı, Hırdavat & Tesisat > Elektrikli & Akülü El Aletleri > Zımpara Makineleri","yapı, hırdavat & tesisat > elektrikli & akülü el aletleri > zımpara makineleri","YES","CANDIDATE_FOR_PRODUCT_OWNER_FINALIZATION","REGULATED","Yapı, Hırdavat & Tesisat","YES","YES","Batch 01 source proposal; finalization candidate; OM-R06=B; OM-R07=B; OM-R10=A","TEMPORARY_AUDIT_ID_NOT_PRODUCTION_STABLE_ID"
"AUDIT-000303","BATCH_01","709695961e900db91861a4307f76d24c73267367","docs/TAXONOMY_BATCH_01_FINALIZATION_TREE.csv","304","AUDIT-000298","Yapı, Hırdavat & Tesisat > Elektrikli & Akülü El Aletleri","Yapı, Hırdavat & Tesisat","Elektrikli & Akülü El Aletleri","Freze & Planya","","3","Yapı, Hırdavat & Tesisat > Elektrikli & Akülü El Aletleri > Freze & Planya","yapı, hırdavat & tesisat > elektrikli & akülü el aletleri > freze & planya","YES","CANDIDATE_FOR_PRODUCT_OWNER_FINALIZATION","REGULATED","Yapı, Hırdavat & Tesisat","YES","YES","Batch 01 source proposal; finalization candidate; OM-R06=B; OM-R07=B; OM-R10=A","TEMPORARY_AUDIT_ID_NOT_PRODUCTION_STABLE_ID"
"AUDIT-000304","BATCH_01","709695961e900db91861a4307f76d24c73267367","docs/TAXONOMY_BATCH_01_FINALIZATION_TREE.csv","305","AUDIT-000298","Yapı, Hırdavat & Tesisat > Elektrikli & Akülü El Aletleri","Yapı, Hırdavat & Tesisat","Elektrikli & Akülü El Aletleri","Kompresör & Pnömatik Aletler","","3","Yapı, Hırdavat & Tesisat > Elektrikli & Akülü El Aletleri > Kompresör & Pnömatik Aletler","yapı, hırdavat & tesisat > elektrikli & akülü el aletleri > kompresör & pnömatik aletler","YES","CANDIDATE_FOR_PRODUCT_OWNER_FINALIZATION","REGULATED","Yapı, Hırdavat & Tesisat","YES","YES","Batch 01 source proposal; finalization candidate; OM-R06=B; OM-R07=B; OM-R10=A","TEMPORARY_AUDIT_ID_NOT_PRODUCTION_STABLE_ID"
"AUDIT-000305","BATCH_01","709695961e900db91861a4307f76d24c73267367","docs/TAXONOMY_BATCH_01_FINALIZATION_TREE.csv","306","","Yapı, Hırdavat & Tesisat","Yapı, Hırdavat & Tesisat","Alet Uçları, Aksesuarları & Sarfları","","","2","Yapı, Hırdavat & Tesisat > Alet Uçları, Aksesuarları & Sarfları","yapı, hırdavat & tesisat > alet uçları, aksesuarları & sarfları","NO","CANDIDATE_FOR_PRODUCT_OWNER_FINALIZATION","REGULATED","Yapı, Hırdavat & Tesisat","YES","YES","Batch 01 source proposal; finalization candidate; OM-R06=B; OM-R07=B; OM-R10=A","TEMPORARY_AUDIT_ID_NOT_PRODUCTION_STABLE_ID"
"AUDIT-000306","BATCH_01","709695961e900db91861a4307f76d24c73267367","docs/TAXONOMY_BATCH_01_FINALIZATION_TREE.csv","307","AUDIT-000305","Yapı, Hırdavat & Tesisat > Alet Uçları, Aksesuarları & Sarfları","Yapı, Hırdavat & Tesisat","Alet Uçları, Aksesuarları & Sarfları","Matkap Uçları","","3","Yapı, Hırdavat & Tesisat > Alet Uçları, Aksesuarları & Sarfları > Matkap Uçları","yapı, hırdavat & tesisat > alet uçları, aksesuarları & sarfları > matkap uçları","YES","CANDIDATE_FOR_PRODUCT_OWNER_FINALIZATION","NORMAL","Yapı, Hırdavat & Tesisat","YES","NO","Batch 01 source proposal; finalization candidate; OM-R06=B; OM-R07=B; OM-R10=A","TEMPORARY_AUDIT_ID_NOT_PRODUCTION_STABLE_ID"
"AUDIT-000307","BATCH_01","709695961e900db91861a4307f76d24c73267367","docs/TAXONOMY_BATCH_01_FINALIZATION_TREE.csv","308","AUDIT-000305","Yapı, Hırdavat & Tesisat > Alet Uçları, Aksesuarları & Sarfları","Yapı, Hırdavat & Tesisat","Alet Uçları, Aksesuarları & Sarfları","Vidalama Uçları","","3","Yapı, Hırdavat & Tesisat > Alet Uçları, Aksesuarları & Sarfları > Vidalama Uçları","yapı, hırdavat & tesisat > alet uçları, aksesuarları & sarfları > vidalama uçları","YES","CANDIDATE_FOR_PRODUCT_OWNER_FINALIZATION","NORMAL","Yapı, Hırdavat & Tesisat","YES","NO","Batch 01 source proposal; finalization candidate; OM-R06=B; OM-R07=B; OM-R10=A","TEMPORARY_AUDIT_ID_NOT_PRODUCTION_STABLE_ID"
"AUDIT-000308","BATCH_01","709695961e900db91861a4307f76d24c73267367","docs/TAXONOMY_BATCH_01_FINALIZATION_TREE.csv","309","AUDIT-000305","Yapı, Hırdavat & Tesisat > Alet Uçları, Aksesuarları & Sarfları","Yapı, Hırdavat & Tesisat","Alet Uçları, Aksesuarları & Sarfları","Testere Bıçakları","","3","Yapı, Hırdavat & Tesisat > Alet Uçları, Aksesuarları & Sarfları > Testere Bıçakları","yapı, hırdavat & tesisat > alet uçları, aksesuarları & sarfları > testere bıçakları","YES","CANDIDATE_FOR_PRODUCT_OWNER_FINALIZATION","REGULATED","Yapı, Hırdavat & Tesisat","YES","YES","Batch 01 source proposal; finalization candidate; OM-R06=B; OM-R07=B; OM-R10=A","TEMPORARY_AUDIT_ID_NOT_PRODUCTION_STABLE_ID"
"AUDIT-000309","BATCH_01","709695961e900db91861a4307f76d24c73267367","docs/TAXONOMY_BATCH_01_FINALIZATION_TREE.csv","310","AUDIT-000305","Yapı, Hırdavat & Tesisat > Alet Uçları, Aksesuarları & Sarfları","Yapı, Hırdavat & Tesisat","Alet Uçları, Aksesuarları & Sarfları","Taşlama & Kesme Diskleri","","3","Yapı, Hırdavat & Tesisat > Alet Uçları, Aksesuarları & Sarfları > Taşlama & Kesme Diskleri","yapı, hırdavat & tesisat > alet uçları, aksesuarları & sarfları > taşlama & kesme diskleri","YES","CANDIDATE_FOR_PRODUCT_OWNER_FINALIZATION","REGULATED","Yapı, Hırdavat & Tesisat","YES","YES","Batch 01 source proposal; finalization candidate; OM-R06=B; OM-R07=B; OM-R10=A","TEMPORARY_AUDIT_ID_NOT_PRODUCTION_STABLE_ID"
"AUDIT-000310","BATCH_01","709695961e900db91861a4307f76d24c73267367","docs/TAXONOMY_BATCH_01_FINALIZATION_TREE.csv","311","AUDIT-000305","Yapı, Hırdavat & Tesisat > Alet Uçları, Aksesuarları & Sarfları","Yapı, Hırdavat & Tesisat","Alet Uçları, Aksesuarları & Sarfları","Zımpara Sarfları","","3","Yapı, Hırdavat & Tesisat > Alet Uçları, Aksesuarları & Sarfları > Zımpara Sarfları","yapı, hırdavat & tesisat > alet uçları, aksesuarları & sarfları > zımpara sarfları","YES","CANDIDATE_FOR_PRODUCT_OWNER_FINALIZATION","NORMAL","Yapı, Hırdavat & Tesisat","YES","NO","Batch 01 source proposal; finalization candidate; OM-R06=B; OM-R07=B; OM-R10=A","TEMPORARY_AUDIT_ID_NOT_PRODUCTION_STABLE_ID"
"AUDIT-000311","BATCH_01","709695961e900db91861a4307f76d24c73267367","docs/TAXONOMY_BATCH_01_FINALIZATION_TREE.csv","312","AUDIT-000305","Yapı, Hırdavat & Tesisat > Alet Uçları, Aksesuarları & Sarfları","Yapı, Hırdavat & Tesisat","Alet Uçları, Aksesuarları & Sarfları","Alete Özgü Batarya & Şarj Cihazı","","3","Yapı, Hırdavat & Tesisat > Alet Uçları, Aksesuarları & Sarfları > Alete Özgü Batarya & Şarj Cihazı","yapı, hırdavat & tesisat > alet uçları, aksesuarları & sarfları > alete özgü batarya & şarj cihazı","YES","CANDIDATE_FOR_PRODUCT_OWNER_FINALIZATION","REGULATED","Yapı, Hırdavat & Tesisat","YES","YES","Batch 01 source proposal; finalization candidate; OM-R06=B; OM-R07=B; OM-R10=A","TEMPORARY_AUDIT_ID_NOT_PRODUCTION_STABLE_ID"
"AUDIT-000312","BATCH_01","709695961e900db91861a4307f76d24c73267367","docs/TAXONOMY_BATCH_01_FINALIZATION_TREE.csv","313","","Yapı, Hırdavat & Tesisat","Yapı, Hırdavat & Tesisat","Bağlantı Elemanları & Nalburiye","","","2","Yapı, Hırdavat & Tesisat > Bağlantı Elemanları & Nalburiye","yapı, hırdavat & tesisat > bağlantı elemanları & nalburiye","NO","CANDIDATE_FOR_PRODUCT_OWNER_FINALIZATION","NORMAL","Yapı, Hırdavat & Tesisat","YES","YES","Batch 01 source proposal; finalization candidate; OM-R06=B; OM-R07=B; OM-R10=A","TEMPORARY_AUDIT_ID_NOT_PRODUCTION_STABLE_ID"
"AUDIT-000313","BATCH_01","709695961e900db91861a4307f76d24c73267367","docs/TAXONOMY_BATCH_01_FINALIZATION_TREE.csv","314","AUDIT-000312","Yapı, Hırdavat & Tesisat > Bağlantı Elemanları & Nalburiye","Yapı, Hırdavat & Tesisat","Bağlantı Elemanları & Nalburiye","Vida, Çivi & Dübel","","3","Yapı, Hırdavat & Tesisat > Bağlantı Elemanları & Nalburiye > Vida, Çivi & Dübel","yapı, hırdavat & tesisat > bağlantı elemanları & nalburiye > vida, çivi & dübel","YES","CANDIDATE_FOR_PRODUCT_OWNER_FINALIZATION","NORMAL","Yapı, Hırdavat & Tesisat","YES","NO","Batch 01 source proposal; finalization candidate; OM-R06=B; OM-R07=B; OM-R10=A","TEMPORARY_AUDIT_ID_NOT_PRODUCTION_STABLE_ID"
"AUDIT-000314","BATCH_01","709695961e900db91861a4307f76d24c73267367","docs/TAXONOMY_BATCH_01_FINALIZATION_TREE.csv","315","AUDIT-000312","Yapı, Hırdavat & Tesisat > Bağlantı Elemanları & Nalburiye","Yapı, Hırdavat & Tesisat","Bağlantı Elemanları & Nalburiye","Somun, Cıvata & Rondela","","3","Yapı, Hırdavat & Tesisat > Bağlantı Elemanları & Nalburiye > Somun, Cıvata & Rondela","yapı, hırdavat & tesisat > bağlantı elemanları & nalburiye > somun, cıvata & rondela","YES","CANDIDATE_FOR_PRODUCT_OWNER_FINALIZATION","NORMAL","Yapı, Hırdavat & Tesisat","YES","NO","Batch 01 source proposal; finalization candidate; OM-R06=B; OM-R07=B; OM-R10=A","TEMPORARY_AUDIT_ID_NOT_PRODUCTION_STABLE_ID"
"AUDIT-000315","BATCH_01","709695961e900db91861a4307f76d24c73267367","docs/TAXONOMY_BATCH_01_FINALIZATION_TREE.csv","316","AUDIT-000312","Yapı, Hırdavat & Tesisat > Bağlantı Elemanları & Nalburiye","Yapı, Hırdavat & Tesisat","Bağlantı Elemanları & Nalburiye","Halat, Zincir & Kanca","","3","Yapı, Hırdavat & Tesisat > Bağlantı Elemanları & Nalburiye > Halat, Zincir & Kanca","yapı, hırdavat & tesisat > bağlantı elemanları & nalburiye > halat, zincir & kanca","YES","CANDIDATE_FOR_PRODUCT_OWNER_FINALIZATION","NORMAL","Yapı, Hırdavat & Tesisat","YES","YES","Batch 01 source proposal; finalization candidate; OM-R06=B; OM-R07=B; OM-R10=A","TEMPORARY_AUDIT_ID_NOT_PRODUCTION_STABLE_ID"
"AUDIT-000316","BATCH_01","709695961e900db91861a4307f76d24c73267367","docs/TAXONOMY_BATCH_01_FINALIZATION_TREE.csv","317","AUDIT-000312","Yapı, Hırdavat & Tesisat > Bağlantı Elemanları & Nalburiye","Yapı, Hırdavat & Tesisat","Bağlantı Elemanları & Nalburiye","Köşebent, Plaka & Montaj Elemanları","","3","Yapı, Hırdavat & Tesisat > Bağlantı Elemanları & Nalburiye > Köşebent, Plaka & Montaj Elemanları","yapı, hırdavat & tesisat > bağlantı elemanları & nalburiye > köşebent, plaka & montaj elemanları","YES","CANDIDATE_FOR_PRODUCT_OWNER_FINALIZATION","NORMAL","Yapı, Hırdavat & Tesisat","YES","NO","Batch 01 source proposal; finalization candidate; OM-R06=B; OM-R07=B; OM-R10=A","TEMPORARY_AUDIT_ID_NOT_PRODUCTION_STABLE_ID"
"AUDIT-000317","BATCH_01","709695961e900db91861a4307f76d24c73267367","docs/TAXONOMY_BATCH_01_FINALIZATION_TREE.csv","318","AUDIT-000312","Yapı, Hırdavat & Tesisat > Bağlantı Elemanları & Nalburiye","Yapı, Hırdavat & Tesisat","Bağlantı Elemanları & Nalburiye","Zımba & Perçin","","3","Yapı, Hırdavat & Tesisat > Bağlantı Elemanları & Nalburiye > Zımba & Perçin","yapı, hırdavat & tesisat > bağlantı elemanları & nalburiye > zımba & perçin","YES","CANDIDATE_FOR_PRODUCT_OWNER_FINALIZATION","NORMAL","Yapı, Hırdavat & Tesisat","YES","NO","Batch 01 source proposal; finalization candidate; OM-R06=B; OM-R07=B; OM-R10=A","TEMPORARY_AUDIT_ID_NOT_PRODUCTION_STABLE_ID"
"AUDIT-000318","BATCH_01","709695961e900db91861a4307f76d24c73267367","docs/TAXONOMY_BATCH_01_FINALIZATION_TREE.csv","319","","Yapı, Hırdavat & Tesisat","Yapı, Hırdavat & Tesisat","Ölçüm, Test & İşaretleme","","","2","Yapı, Hırdavat & Tesisat > Ölçüm, Test & İşaretleme","yapı, hırdavat & tesisat > ölçüm, test & işaretleme","NO","CANDIDATE_FOR_PRODUCT_OWNER_FINALIZATION","REGULATED","Yapı, Hırdavat & Tesisat","YES","YES","Batch 01 source proposal; finalization candidate; OM-R06=B; OM-R07=B; OM-R10=A","TEMPORARY_AUDIT_ID_NOT_PRODUCTION_STABLE_ID"
"AUDIT-000319","BATCH_01","709695961e900db91861a4307f76d24c73267367","docs/TAXONOMY_BATCH_01_FINALIZATION_TREE.csv","320","AUDIT-000318","Yapı, Hırdavat & Tesisat > Ölçüm, Test & İşaretleme","Yapı, Hırdavat & Tesisat","Ölçüm, Test & İşaretleme","Boyut & Açı Ölçümü","","3","Yapı, Hırdavat & Tesisat > Ölçüm, Test & İşaretleme > Boyut & Açı Ölçümü","yapı, hırdavat & tesisat > ölçüm, test & işaretleme > boyut & açı ölçümü","YES","CANDIDATE_FOR_PRODUCT_OWNER_FINALIZATION","NORMAL","Yapı, Hırdavat & Tesisat","YES","NO","Batch 01 source proposal; finalization candidate; OM-R06=B; OM-R07=B; OM-R10=A","TEMPORARY_AUDIT_ID_NOT_PRODUCTION_STABLE_ID"
"AUDIT-000320","BATCH_01","709695961e900db91861a4307f76d24c73267367","docs/TAXONOMY_BATCH_01_FINALIZATION_TREE.csv","321","AUDIT-000318","Yapı, Hırdavat & Tesisat > Ölçüm, Test & İşaretleme","Yapı, Hırdavat & Tesisat","Ölçüm, Test & İşaretleme","Lazer Ölçüm & Terazi","","3","Yapı, Hırdavat & Tesisat > Ölçüm, Test & İşaretleme > Lazer Ölçüm & Terazi","yapı, hırdavat & tesisat > ölçüm, test & işaretleme > lazer ölçüm & terazi","YES","CANDIDATE_FOR_PRODUCT_OWNER_FINALIZATION","REGULATED","Yapı, Hırdavat & Tesisat","YES","YES","Batch 01 source proposal; finalization candidate; OM-R06=B; OM-R07=B; OM-R10=A","TEMPORARY_AUDIT_ID_NOT_PRODUCTION_STABLE_ID"
"AUDIT-000321","BATCH_01","709695961e900db91861a4307f76d24c73267367","docs/TAXONOMY_BATCH_01_FINALIZATION_TREE.csv","322","AUDIT-000318","Yapı, Hırdavat & Tesisat > Ölçüm, Test & İşaretleme","Yapı, Hırdavat & Tesisat","Ölçüm, Test & İşaretleme","Elektrik Test Cihazları","","3","Yapı, Hırdavat & Tesisat > Ölçüm, Test & İşaretleme > Elektrik Test Cihazları","yapı, hırdavat & tesisat > ölçüm, test & işaretleme > elektrik test cihazları","YES","CANDIDATE_FOR_PRODUCT_OWNER_FINALIZATION","REGULATED","Yapı, Hırdavat & Tesisat","YES","YES","Batch 01 source proposal; finalization candidate; OM-R06=B; OM-R07=B; OM-R10=A","TEMPORARY_AUDIT_ID_NOT_PRODUCTION_STABLE_ID"
"AUDIT-000322","BATCH_01","709695961e900db91861a4307f76d24c73267367","docs/TAXONOMY_BATCH_01_FINALIZATION_TREE.csv","323","AUDIT-000318","Yapı, Hırdavat & Tesisat > Ölçüm, Test & İşaretleme","Yapı, Hırdavat & Tesisat","Ölçüm, Test & İşaretleme","İşaretleme Gereçleri","","3","Yapı, Hırdavat & Tesisat > Ölçüm, Test & İşaretleme > İşaretleme Gereçleri","yapı, hırdavat & tesisat > ölçüm, test & işaretleme > işaretleme gereçleri","YES","CANDIDATE_FOR_PRODUCT_OWNER_FINALIZATION","NORMAL","Yapı, Hırdavat & Tesisat","YES","NO","Batch 01 source proposal; finalization candidate; OM-R06=B; OM-R07=B; OM-R10=A","TEMPORARY_AUDIT_ID_NOT_PRODUCTION_STABLE_ID"
"AUDIT-000323","BATCH_01","709695961e900db91861a4307f76d24c73267367","docs/TAXONOMY_BATCH_01_FINALIZATION_TREE.csv","324","","Yapı, Hırdavat & Tesisat","Yapı, Hırdavat & Tesisat","Boya, Kaplama & Yüzey Hazırlama","","","2","Yapı, Hırdavat & Tesisat > Boya, Kaplama & Yüzey Hazırlama","yapı, hırdavat & tesisat > boya, kaplama & yüzey hazırlama","NO","CANDIDATE_FOR_PRODUCT_OWNER_FINALIZATION","REGULATED","Yapı, Hırdavat & Tesisat","YES","YES","Batch 01 source proposal; finalization candidate; OM-R06=B; OM-R07=B; OM-R10=A","TEMPORARY_AUDIT_ID_NOT_PRODUCTION_STABLE_ID"
"AUDIT-000324","BATCH_01","709695961e900db91861a4307f76d24c73267367","docs/TAXONOMY_BATCH_01_FINALIZATION_TREE.csv","325","AUDIT-000323","Yapı, Hırdavat & Tesisat > Boya, Kaplama & Yüzey Hazırlama","Yapı, Hırdavat & Tesisat","Boya, Kaplama & Yüzey Hazırlama","Boyalar","","3","Yapı, Hırdavat & Tesisat > Boya, Kaplama & Yüzey Hazırlama > Boyalar","yapı, hırdavat & tesisat > boya, kaplama & yüzey hazırlama > boyalar","NO","CANDIDATE_FOR_PRODUCT_OWNER_FINALIZATION","REGULATED","Yapı, Hırdavat & Tesisat","YES","YES","Batch 01 source proposal; finalization candidate; OM-R06=B; OM-R07=B; OM-R10=A","TEMPORARY_AUDIT_ID_NOT_PRODUCTION_STABLE_ID"
"AUDIT-000325","BATCH_01","709695961e900db91861a4307f76d24c73267367","docs/TAXONOMY_BATCH_01_FINALIZATION_TREE.csv","326","AUDIT-000324","Yapı, Hırdavat & Tesisat > Boya, Kaplama & Yüzey Hazırlama > Boyalar","Yapı, Hırdavat & Tesisat","Boya, Kaplama & Yüzey Hazırlama","Boyalar","Duvar Boyası","4","Yapı, Hırdavat & Tesisat > Boya, Kaplama & Yüzey Hazırlama > Boyalar > Duvar Boyası","yapı, hırdavat & tesisat > boya, kaplama & yüzey hazırlama > boyalar > duvar boyası","YES","CANDIDATE_FOR_PRODUCT_OWNER_FINALIZATION","REGULATED","Yapı, Hırdavat & Tesisat","YES","YES","Batch 01 source proposal; finalization candidate; OM-R06=B; OM-R07=B; OM-R10=A","TEMPORARY_AUDIT_ID_NOT_PRODUCTION_STABLE_ID"
"AUDIT-000326","BATCH_01","709695961e900db91861a4307f76d24c73267367","docs/TAXONOMY_BATCH_01_FINALIZATION_TREE.csv","327","AUDIT-000324","Yapı, Hırdavat & Tesisat > Boya, Kaplama & Yüzey Hazırlama > Boyalar","Yapı, Hırdavat & Tesisat","Boya, Kaplama & Yüzey Hazırlama","Boyalar","Ahşap & Metal Boyası","4","Yapı, Hırdavat & Tesisat > Boya, Kaplama & Yüzey Hazırlama > Boyalar > Ahşap & Metal Boyası","yapı, hırdavat & tesisat > boya, kaplama & yüzey hazırlama > boyalar > ahşap & metal boyası","YES","CANDIDATE_FOR_PRODUCT_OWNER_FINALIZATION","REGULATED","Yapı, Hırdavat & Tesisat","YES","YES","Batch 01 source proposal; finalization candidate; OM-R06=B; OM-R07=B; OM-R10=A","TEMPORARY_AUDIT_ID_NOT_PRODUCTION_STABLE_ID"
"AUDIT-000327","BATCH_01","709695961e900db91861a4307f76d24c73267367","docs/TAXONOMY_BATCH_01_FINALIZATION_TREE.csv","328","AUDIT-000323","Yapı, Hırdavat & Tesisat > Boya, Kaplama & Yüzey Hazırlama","Yapı, Hırdavat & Tesisat","Boya, Kaplama & Yüzey Hazırlama","Astar & Koruyucu Kaplama","","3","Yapı, Hırdavat & Tesisat > Boya, Kaplama & Yüzey Hazırlama > Astar & Koruyucu Kaplama","yapı, hırdavat & tesisat > boya, kaplama & yüzey hazırlama > astar & koruyucu kaplama","YES","CANDIDATE_FOR_PRODUCT_OWNER_FINALIZATION","REGULATED","Yapı, Hırdavat & Tesisat","YES","YES","Batch 01 source proposal; finalization candidate; OM-R06=B; OM-R07=B; OM-R10=A","TEMPORARY_AUDIT_ID_NOT_PRODUCTION_STABLE_ID"
"AUDIT-000328","BATCH_01","709695961e900db91861a4307f76d24c73267367","docs/TAXONOMY_BATCH_01_FINALIZATION_TREE.csv","329","AUDIT-000323","Yapı, Hırdavat & Tesisat > Boya, Kaplama & Yüzey Hazırlama","Yapı, Hırdavat & Tesisat","Boya, Kaplama & Yüzey Hazırlama","Fırça, Rulo & Boya Aparatı","","3","Yapı, Hırdavat & Tesisat > Boya, Kaplama & Yüzey Hazırlama > Fırça, Rulo & Boya Aparatı","yapı, hırdavat & tesisat > boya, kaplama & yüzey hazırlama > fırça, rulo & boya aparatı","YES","CANDIDATE_FOR_PRODUCT_OWNER_FINALIZATION","NORMAL","Yapı, Hırdavat & Tesisat","YES","NO","Batch 01 source proposal; finalization candidate; OM-R06=B; OM-R07=B; OM-R10=A","TEMPORARY_AUDIT_ID_NOT_PRODUCTION_STABLE_ID"
"AUDIT-000329","BATCH_01","709695961e900db91861a4307f76d24c73267367","docs/TAXONOMY_BATCH_01_FINALIZATION_TREE.csv","330","AUDIT-000323","Yapı, Hırdavat & Tesisat > Boya, Kaplama & Yüzey Hazırlama","Yapı, Hırdavat & Tesisat","Boya, Kaplama & Yüzey Hazırlama","Zımpara & Yüzey Hazırlama","","3","Yapı, Hırdavat & Tesisat > Boya, Kaplama & Yüzey Hazırlama > Zımpara & Yüzey Hazırlama","yapı, hırdavat & tesisat > boya, kaplama & yüzey hazırlama > zımpara & yüzey hazırlama","YES","CANDIDATE_FOR_PRODUCT_OWNER_FINALIZATION","NORMAL","Yapı, Hırdavat & Tesisat","YES","NO","Batch 01 source proposal; finalization candidate; OM-R06=B; OM-R07=B; OM-R10=A","TEMPORARY_AUDIT_ID_NOT_PRODUCTION_STABLE_ID"
"AUDIT-000330","BATCH_01","709695961e900db91861a4307f76d24c73267367","docs/TAXONOMY_BATCH_01_FINALIZATION_TREE.csv","331","AUDIT-000323","Yapı, Hırdavat & Tesisat > Boya, Kaplama & Yüzey Hazırlama","Yapı, Hırdavat & Tesisat","Boya, Kaplama & Yüzey Hazırlama","Maskeleme & Yüzey Koruma","","3","Yapı, Hırdavat & Tesisat > Boya, Kaplama & Yüzey Hazırlama > Maskeleme & Yüzey Koruma","yapı, hırdavat & tesisat > boya, kaplama & yüzey hazırlama > maskeleme & yüzey koruma","YES","CANDIDATE_FOR_PRODUCT_OWNER_FINALIZATION","NORMAL","Yapı, Hırdavat & Tesisat","YES","NO","Batch 01 source proposal; finalization candidate; OM-R06=B; OM-R07=B; OM-R10=A","TEMPORARY_AUDIT_ID_NOT_PRODUCTION_STABLE_ID"
"AUDIT-000331","BATCH_01","709695961e900db91861a4307f76d24c73267367","docs/TAXONOMY_BATCH_01_FINALIZATION_TREE.csv","332","","Yapı, Hırdavat & Tesisat","Yapı, Hırdavat & Tesisat","Yapıştırıcı, Dolgu & Yapı Kimyasalları","","","2","Yapı, Hırdavat & Tesisat > Yapıştırıcı, Dolgu & Yapı Kimyasalları","yapı, hırdavat & tesisat > yapıştırıcı, dolgu & yapı kimyasalları","NO","CANDIDATE_FOR_PRODUCT_OWNER_FINALIZATION","LEGAL_REVIEW_REQUIRED","Yapı, Hırdavat & Tesisat","YES","YES","Batch 01 source proposal; finalization candidate; OM-R06=B; OM-R07=B; OM-R10=A","TEMPORARY_AUDIT_ID_NOT_PRODUCTION_STABLE_ID"
"AUDIT-000332","BATCH_01","709695961e900db91861a4307f76d24c73267367","docs/TAXONOMY_BATCH_01_FINALIZATION_TREE.csv","333","AUDIT-000331","Yapı, Hırdavat & Tesisat > Yapıştırıcı, Dolgu & Yapı Kimyasalları","Yapı, Hırdavat & Tesisat","Yapıştırıcı, Dolgu & Yapı Kimyasalları","Genel Amaçlı Yapıştırıcı","","3","Yapı, Hırdavat & Tesisat > Yapıştırıcı, Dolgu & Yapı Kimyasalları > Genel Amaçlı Yapıştırıcı","yapı, hırdavat & tesisat > yapıştırıcı, dolgu & yapı kimyasalları > genel amaçlı yapıştırıcı","YES","CANDIDATE_FOR_PRODUCT_OWNER_FINALIZATION","REGULATED","Yapı, Hırdavat & Tesisat","YES","YES","Batch 01 source proposal; finalization candidate; OM-R06=B; OM-R07=B; OM-R10=A","TEMPORARY_AUDIT_ID_NOT_PRODUCTION_STABLE_ID"
"AUDIT-000333","BATCH_01","709695961e900db91861a4307f76d24c73267367","docs/TAXONOMY_BATCH_01_FINALIZATION_TREE.csv","334","AUDIT-000331","Yapı, Hırdavat & Tesisat > Yapıştırıcı, Dolgu & Yapı Kimyasalları","Yapı, Hırdavat & Tesisat","Yapıştırıcı, Dolgu & Yapı Kimyasalları","Yapı Yapıştırıcısı","","3","Yapı, Hırdavat & Tesisat > Yapıştırıcı, Dolgu & Yapı Kimyasalları > Yapı Yapıştırıcısı","yapı, hırdavat & tesisat > yapıştırıcı, dolgu & yapı kimyasalları > yapı yapıştırıcısı","YES","CANDIDATE_FOR_PRODUCT_OWNER_FINALIZATION","REGULATED","Yapı, Hırdavat & Tesisat","YES","YES","Batch 01 source proposal; finalization candidate; OM-R06=B; OM-R07=B; OM-R10=A","TEMPORARY_AUDIT_ID_NOT_PRODUCTION_STABLE_ID"
"AUDIT-000334","BATCH_01","709695961e900db91861a4307f76d24c73267367","docs/TAXONOMY_BATCH_01_FINALIZATION_TREE.csv","335","AUDIT-000331","Yapı, Hırdavat & Tesisat > Yapıştırıcı, Dolgu & Yapı Kimyasalları","Yapı, Hırdavat & Tesisat","Yapıştırıcı, Dolgu & Yapı Kimyasalları","Silikon & Mastik","","3","Yapı, Hırdavat & Tesisat > Yapıştırıcı, Dolgu & Yapı Kimyasalları > Silikon & Mastik","yapı, hırdavat & tesisat > yapıştırıcı, dolgu & yapı kimyasalları > silikon & mastik","YES","CANDIDATE_FOR_PRODUCT_OWNER_FINALIZATION","REGULATED","Yapı, Hırdavat & Tesisat","YES","YES","Batch 01 source proposal; finalization candidate; OM-R06=B; OM-R07=B; OM-R10=A","TEMPORARY_AUDIT_ID_NOT_PRODUCTION_STABLE_ID"
"AUDIT-000335","BATCH_01","709695961e900db91861a4307f76d24c73267367","docs/TAXONOMY_BATCH_01_FINALIZATION_TREE.csv","336","AUDIT-000331","Yapı, Hırdavat & Tesisat > Yapıştırıcı, Dolgu & Yapı Kimyasalları","Yapı, Hırdavat & Tesisat","Yapıştırıcı, Dolgu & Yapı Kimyasalları","Derz & Dolgu","","3","Yapı, Hırdavat & Tesisat > Yapıştırıcı, Dolgu & Yapı Kimyasalları > Derz & Dolgu","yapı, hırdavat & tesisat > yapıştırıcı, dolgu & yapı kimyasalları > derz & dolgu","YES","CANDIDATE_FOR_PRODUCT_OWNER_FINALIZATION","REGULATED","Yapı, Hırdavat & Tesisat","YES","YES","Batch 01 source proposal; finalization candidate; OM-R06=B; OM-R07=B; OM-R10=A","TEMPORARY_AUDIT_ID_NOT_PRODUCTION_STABLE_ID"
"AUDIT-000336","BATCH_01","709695961e900db91861a4307f76d24c73267367","docs/TAXONOMY_BATCH_01_FINALIZATION_TREE.csv","337","AUDIT-000331","Yapı, Hırdavat & Tesisat > Yapıştırıcı, Dolgu & Yapı Kimyasalları","Yapı, Hırdavat & Tesisat","Yapıştırıcı, Dolgu & Yapı Kimyasalları","Su Yalıtım Kimyasalları","","3","Yapı, Hırdavat & Tesisat > Yapıştırıcı, Dolgu & Yapı Kimyasalları > Su Yalıtım Kimyasalları","yapı, hırdavat & tesisat > yapıştırıcı, dolgu & yapı kimyasalları > su yalıtım kimyasalları","YES","CANDIDATE_FOR_PRODUCT_OWNER_FINALIZATION","REGULATED","Yapı, Hırdavat & Tesisat","YES","YES","Batch 01 source proposal; finalization candidate; OM-R06=B; OM-R07=B; OM-R10=A","TEMPORARY_AUDIT_ID_NOT_PRODUCTION_STABLE_ID"
"AUDIT-000337","BATCH_01","709695961e900db91861a4307f76d24c73267367","docs/TAXONOMY_BATCH_01_FINALIZATION_TREE.csv","338","AUDIT-000331","Yapı, Hırdavat & Tesisat > Yapıştırıcı, Dolgu & Yapı Kimyasalları","Yapı, Hırdavat & Tesisat","Yapıştırıcı, Dolgu & Yapı Kimyasalları","Teknik Sprey & Solvent","","3","Yapı, Hırdavat & Tesisat > Yapıştırıcı, Dolgu & Yapı Kimyasalları > Teknik Sprey & Solvent","yapı, hırdavat & tesisat > yapıştırıcı, dolgu & yapı kimyasalları > teknik sprey & solvent","YES","CANDIDATE_FOR_PRODUCT_OWNER_FINALIZATION","LEGAL_REVIEW_REQUIRED","Yapı, Hırdavat & Tesisat","YES","YES","Batch 01 source proposal; finalization candidate; OM-R06=B; OM-R07=B; OM-R10=A","TEMPORARY_AUDIT_ID_NOT_PRODUCTION_STABLE_ID"
"AUDIT-000338","BATCH_01","709695961e900db91861a4307f76d24c73267367","docs/TAXONOMY_BATCH_01_FINALIZATION_TREE.csv","339","","Yapı, Hırdavat & Tesisat","Yapı, Hırdavat & Tesisat","Yapı Malzemeleri","","","2","Yapı, Hırdavat & Tesisat > Yapı Malzemeleri","yapı, hırdavat & tesisat > yapı malzemeleri","NO","CANDIDATE_FOR_PRODUCT_OWNER_FINALIZATION","REGULATED","Yapı, Hırdavat & Tesisat","YES","YES","Batch 01 source proposal; finalization candidate; OM-R06=B; OM-R07=B; OM-R10=A","TEMPORARY_AUDIT_ID_NOT_PRODUCTION_STABLE_ID"
"AUDIT-000339","BATCH_01","709695961e900db91861a4307f76d24c73267367","docs/TAXONOMY_BATCH_01_FINALIZATION_TREE.csv","340","AUDIT-000338","Yapı, Hırdavat & Tesisat > Yapı Malzemeleri","Yapı, Hırdavat & Tesisat","Yapı Malzemeleri","Çimento, Harç & Sıva","","3","Yapı, Hırdavat & Tesisat > Yapı Malzemeleri > Çimento, Harç & Sıva","yapı, hırdavat & tesisat > yapı malzemeleri > çimento, harç & sıva","YES","CANDIDATE_FOR_PRODUCT_OWNER_FINALIZATION","REGULATED","Yapı, Hırdavat & Tesisat","YES","YES","Batch 01 source proposal; finalization candidate; OM-R06=B; OM-R07=B; OM-R10=A","TEMPORARY_AUDIT_ID_NOT_PRODUCTION_STABLE_ID"
"AUDIT-000340","BATCH_01","709695961e900db91861a4307f76d24c73267367","docs/TAXONOMY_BATCH_01_FINALIZATION_TREE.csv","341","AUDIT-000338","Yapı, Hırdavat & Tesisat > Yapı Malzemeleri","Yapı, Hırdavat & Tesisat","Yapı Malzemeleri","Tuğla & Blok","","3","Yapı, Hırdavat & Tesisat > Yapı Malzemeleri > Tuğla & Blok","yapı, hırdavat & tesisat > yapı malzemeleri > tuğla & blok","YES","CANDIDATE_FOR_PRODUCT_OWNER_FINALIZATION","REGULATED","Yapı, Hırdavat & Tesisat","YES","YES","Batch 01 source proposal; finalization candidate; OM-R06=B; OM-R07=B; OM-R10=A","TEMPORARY_AUDIT_ID_NOT_PRODUCTION_STABLE_ID"
"AUDIT-000341","BATCH_01","709695961e900db91861a4307f76d24c73267367","docs/TAXONOMY_BATCH_01_FINALIZATION_TREE.csv","342","AUDIT-000338","Yapı, Hırdavat & Tesisat > Yapı Malzemeleri","Yapı, Hırdavat & Tesisat","Yapı Malzemeleri","Levha & Panel","","3","Yapı, Hırdavat & Tesisat > Yapı Malzemeleri > Levha & Panel","yapı, hırdavat & tesisat > yapı malzemeleri > levha & panel","YES","CANDIDATE_FOR_PRODUCT_OWNER_FINALIZATION","REGULATED","Yapı, Hırdavat & Tesisat","YES","YES","Batch 01 source proposal; finalization candidate; OM-R06=B; OM-R07=B; OM-R10=A","TEMPORARY_AUDIT_ID_NOT_PRODUCTION_STABLE_ID"
"AUDIT-000342","BATCH_01","709695961e900db91861a4307f76d24c73267367","docs/TAXONOMY_BATCH_01_FINALIZATION_TREE.csv","343","AUDIT-000338","Yapı, Hırdavat & Tesisat > Yapı Malzemeleri","Yapı, Hırdavat & Tesisat","Yapı Malzemeleri","Seramik & Zemin Kaplama","","3","Yapı, Hırdavat & Tesisat > Yapı Malzemeleri > Seramik & Zemin Kaplama","yapı, hırdavat & tesisat > yapı malzemeleri > seramik & zemin kaplama","YES","CANDIDATE_FOR_PRODUCT_OWNER_FINALIZATION","REGULATED","Yapı, Hırdavat & Tesisat","YES","YES","Batch 01 source proposal; finalization candidate; OM-R06=B; OM-R07=B; OM-R10=A","TEMPORARY_AUDIT_ID_NOT_PRODUCTION_STABLE_ID"
"AUDIT-000343","BATCH_01","709695961e900db91861a4307f76d24c73267367","docs/TAXONOMY_BATCH_01_FINALIZATION_TREE.csv","344","AUDIT-000338","Yapı, Hırdavat & Tesisat > Yapı Malzemeleri","Yapı, Hırdavat & Tesisat","Yapı Malzemeleri","Isı & Ses Yalıtımı","","3","Yapı, Hırdavat & Tesisat > Yapı Malzemeleri > Isı & Ses Yalıtımı","yapı, hırdavat & tesisat > yapı malzemeleri > ısı & ses yalıtımı","YES","CANDIDATE_FOR_PRODUCT_OWNER_FINALIZATION","REGULATED","Yapı, Hırdavat & Tesisat","YES","YES","Batch 01 source proposal; finalization candidate; OM-R06=B; OM-R07=B; OM-R10=A","TEMPORARY_AUDIT_ID_NOT_PRODUCTION_STABLE_ID"
"AUDIT-000344","BATCH_01","709695961e900db91861a4307f76d24c73267367","docs/TAXONOMY_BATCH_01_FINALIZATION_TREE.csv","345","AUDIT-000338","Yapı, Hırdavat & Tesisat > Yapı Malzemeleri","Yapı, Hırdavat & Tesisat","Yapı Malzemeleri","Çatı & Su Yalıtım Malzemeleri","","3","Yapı, Hırdavat & Tesisat > Yapı Malzemeleri > Çatı & Su Yalıtım Malzemeleri","yapı, hırdavat & tesisat > yapı malzemeleri > çatı & su yalıtım malzemeleri","YES","CANDIDATE_FOR_PRODUCT_OWNER_FINALIZATION","REGULATED","Yapı, Hırdavat & Tesisat","YES","YES","Batch 01 source proposal; finalization candidate; OM-R06=B; OM-R07=B; OM-R10=A","TEMPORARY_AUDIT_ID_NOT_PRODUCTION_STABLE_ID"
"AUDIT-000345","BATCH_01","709695961e900db91861a4307f76d24c73267367","docs/TAXONOMY_BATCH_01_FINALIZATION_TREE.csv","346","","Yapı, Hırdavat & Tesisat","Yapı, Hırdavat & Tesisat","Su Tesisatı & Armatürler","","","2","Yapı, Hırdavat & Tesisat > Su Tesisatı & Armatürler","yapı, hırdavat & tesisat > su tesisatı & armatürler","NO","CANDIDATE_FOR_PRODUCT_OWNER_FINALIZATION","REGULATED","Yapı, Hırdavat & Tesisat","YES","YES","Batch 01 source proposal; finalization candidate; OM-R06=B; OM-R07=B; OM-R10=A","TEMPORARY_AUDIT_ID_NOT_PRODUCTION_STABLE_ID"
"AUDIT-000346","BATCH_01","709695961e900db91861a4307f76d24c73267367","docs/TAXONOMY_BATCH_01_FINALIZATION_TREE.csv","347","AUDIT-000345","Yapı, Hırdavat & Tesisat > Su Tesisatı & Armatürler","Yapı, Hırdavat & Tesisat","Su Tesisatı & Armatürler","Musluk, Batarya & Duş Sistemleri","","3","Yapı, Hırdavat & Tesisat > Su Tesisatı & Armatürler > Musluk, Batarya & Duş Sistemleri","yapı, hırdavat & tesisat > su tesisatı & armatürler > musluk, batarya & duş sistemleri","YES","CANDIDATE_FOR_PRODUCT_OWNER_FINALIZATION","REGULATED","Yapı, Hırdavat & Tesisat","YES","YES","Batch 01 source proposal; finalization candidate; OM-R06=B; OM-R07=B; OM-R10=A","TEMPORARY_AUDIT_ID_NOT_PRODUCTION_STABLE_ID"
"AUDIT-000347","BATCH_01","709695961e900db91861a4307f76d24c73267367","docs/TAXONOMY_BATCH_01_FINALIZATION_TREE.csv","348","AUDIT-000345","Yapı, Hırdavat & Tesisat > Su Tesisatı & Armatürler","Yapı, Hırdavat & Tesisat","Su Tesisatı & Armatürler","Vitrifiye & Sıhhi Ürünler","","3","Yapı, Hırdavat & Tesisat > Su Tesisatı & Armatürler > Vitrifiye & Sıhhi Ürünler","yapı, hırdavat & tesisat > su tesisatı & armatürler > vitrifiye & sıhhi ürünler","YES","CANDIDATE_FOR_PRODUCT_OWNER_FINALIZATION","REGULATED","Yapı, Hırdavat & Tesisat","YES","YES","Batch 01 source proposal; finalization candidate; OM-R06=B; OM-R07=B; OM-R10=A","TEMPORARY_AUDIT_ID_NOT_PRODUCTION_STABLE_ID"
"AUDIT-000348","BATCH_01","709695961e900db91861a4307f76d24c73267367","docs/TAXONOMY_BATCH_01_FINALIZATION_TREE.csv","349","AUDIT-000345","Yapı, Hırdavat & Tesisat > Su Tesisatı & Armatürler","Yapı, Hırdavat & Tesisat","Su Tesisatı & Armatürler","Boru & Hortum","","3","Yapı, Hırdavat & Tesisat > Su Tesisatı & Armatürler > Boru & Hortum","yapı, hırdavat & tesisat > su tesisatı & armatürler > boru & hortum","YES","CANDIDATE_FOR_PRODUCT_OWNER_FINALIZATION","REGULATED","Yapı, Hırdavat & Tesisat","YES","YES","Batch 01 source proposal; finalization candidate; OM-R06=B; OM-R07=B; OM-R10=A","TEMPORARY_AUDIT_ID_NOT_PRODUCTION_STABLE_ID"
"AUDIT-000349","BATCH_01","709695961e900db91861a4307f76d24c73267367","docs/TAXONOMY_BATCH_01_FINALIZATION_TREE.csv","350","AUDIT-000345","Yapı, Hırdavat & Tesisat > Su Tesisatı & Armatürler","Yapı, Hırdavat & Tesisat","Su Tesisatı & Armatürler","Fittings & Bağlantı Parçaları","","3","Yapı, Hırdavat & Tesisat > Su Tesisatı & Armatürler > Fittings & Bağlantı Parçaları","yapı, hırdavat & tesisat > su tesisatı & armatürler > fittings & bağlantı parçaları","YES","CANDIDATE_FOR_PRODUCT_OWNER_FINALIZATION","REGULATED","Yapı, Hırdavat & Tesisat","YES","YES","Batch 01 source proposal; finalization candidate; OM-R06=B; OM-R07=B; OM-R10=A","TEMPORARY_AUDIT_ID_NOT_PRODUCTION_STABLE_ID"
"AUDIT-000350","BATCH_01","709695961e900db91861a4307f76d24c73267367","docs/TAXONOMY_BATCH_01_FINALIZATION_TREE.csv","351","AUDIT-000345","Yapı, Hırdavat & Tesisat > Su Tesisatı & Armatürler","Yapı, Hırdavat & Tesisat","Su Tesisatı & Armatürler","Vana & Kontrol Elemanları","","3","Yapı, Hırdavat & Tesisat > Su Tesisatı & Armatürler > Vana & Kontrol Elemanları","yapı, hırdavat & tesisat > su tesisatı & armatürler > vana & kontrol elemanları","YES","CANDIDATE_FOR_PRODUCT_OWNER_FINALIZATION","REGULATED","Yapı, Hırdavat & Tesisat","YES","YES","Batch 01 source proposal; finalization candidate; OM-R06=B; OM-R07=B; OM-R10=A","TEMPORARY_AUDIT_ID_NOT_PRODUCTION_STABLE_ID"
"AUDIT-000351","BATCH_01","709695961e900db91861a4307f76d24c73267367","docs/TAXONOMY_BATCH_01_FINALIZATION_TREE.csv","352","AUDIT-000345","Yapı, Hırdavat & Tesisat > Su Tesisatı & Armatürler","Yapı, Hırdavat & Tesisat","Su Tesisatı & Armatürler","Sifon & Gider Parçaları","","3","Yapı, Hırdavat & Tesisat > Su Tesisatı & Armatürler > Sifon & Gider Parçaları","yapı, hırdavat & tesisat > su tesisatı & armatürler > sifon & gider parçaları","YES","CANDIDATE_FOR_PRODUCT_OWNER_FINALIZATION","REGULATED","Yapı, Hırdavat & Tesisat","YES","YES","Batch 01 source proposal; finalization candidate; OM-R06=B; OM-R07=B; OM-R10=A","TEMPORARY_AUDIT_ID_NOT_PRODUCTION_STABLE_ID"
"AUDIT-000352","BATCH_01","709695961e900db91861a4307f76d24c73267367","docs/TAXONOMY_BATCH_01_FINALIZATION_TREE.csv","353","","Yapı, Hırdavat & Tesisat","Yapı, Hırdavat & Tesisat","Elektrik Tesisatı Malzemeleri","","","2","Yapı, Hırdavat & Tesisat > Elektrik Tesisatı Malzemeleri","yapı, hırdavat & tesisat > elektrik tesisatı malzemeleri","NO","CANDIDATE_FOR_PRODUCT_OWNER_FINALIZATION","REGULATED","Yapı, Hırdavat & Tesisat","YES","YES","Batch 01 source proposal; finalization candidate; OM-R06=B; OM-R07=B; OM-R10=A","TEMPORARY_AUDIT_ID_NOT_PRODUCTION_STABLE_ID"
"AUDIT-000353","BATCH_01","709695961e900db91861a4307f76d24c73267367","docs/TAXONOMY_BATCH_01_FINALIZATION_TREE.csv","354","AUDIT-000352","Yapı, Hırdavat & Tesisat > Elektrik Tesisatı Malzemeleri","Yapı, Hırdavat & Tesisat","Elektrik Tesisatı Malzemeleri","Anahtar, Priz & Fiş","","3","Yapı, Hırdavat & Tesisat > Elektrik Tesisatı Malzemeleri > Anahtar, Priz & Fiş","yapı, hırdavat & tesisat > elektrik tesisatı malzemeleri > anahtar, priz & fiş","YES","CANDIDATE_FOR_PRODUCT_OWNER_FINALIZATION","REGULATED","Yapı, Hırdavat & Tesisat","YES","YES","Batch 01 source proposal; finalization candidate; OM-R06=B; OM-R07=B; OM-R10=A","TEMPORARY_AUDIT_ID_NOT_PRODUCTION_STABLE_ID"
"AUDIT-000354","BATCH_01","709695961e900db91861a4307f76d24c73267367","docs/TAXONOMY_BATCH_01_FINALIZATION_TREE.csv","355","AUDIT-000352","Yapı, Hırdavat & Tesisat > Elektrik Tesisatı Malzemeleri","Yapı, Hırdavat & Tesisat","Elektrik Tesisatı Malzemeleri","Kablo & İletken","","3","Yapı, Hırdavat & Tesisat > Elektrik Tesisatı Malzemeleri > Kablo & İletken","yapı, hırdavat & tesisat > elektrik tesisatı malzemeleri > kablo & iletken","YES","CANDIDATE_FOR_PRODUCT_OWNER_FINALIZATION","REGULATED","Yapı, Hırdavat & Tesisat","YES","YES","Batch 01 source proposal; finalization candidate; OM-R06=B; OM-R07=B; OM-R10=A","TEMPORARY_AUDIT_ID_NOT_PRODUCTION_STABLE_ID"
"AUDIT-000355","BATCH_01","709695961e900db91861a4307f76d24c73267367","docs/TAXONOMY_BATCH_01_FINALIZATION_TREE.csv","356","AUDIT-000352","Yapı, Hırdavat & Tesisat > Elektrik Tesisatı Malzemeleri","Yapı, Hırdavat & Tesisat","Elektrik Tesisatı Malzemeleri","Sigorta & Elektrik Panosu","","3","Yapı, Hırdavat & Tesisat > Elektrik Tesisatı Malzemeleri > Sigorta & Elektrik Panosu","yapı, hırdavat & tesisat > elektrik tesisatı malzemeleri > sigorta & elektrik panosu","YES","CANDIDATE_FOR_PRODUCT_OWNER_FINALIZATION","REGULATED","Yapı, Hırdavat & Tesisat","YES","YES","Batch 01 source proposal; finalization candidate; OM-R06=B; OM-R07=B; OM-R10=A","TEMPORARY_AUDIT_ID_NOT_PRODUCTION_STABLE_ID"
"AUDIT-000356","BATCH_01","709695961e900db91861a4307f76d24c73267367","docs/TAXONOMY_BATCH_01_FINALIZATION_TREE.csv","357","AUDIT-000352","Yapı, Hırdavat & Tesisat > Elektrik Tesisatı Malzemeleri","Yapı, Hırdavat & Tesisat","Elektrik Tesisatı Malzemeleri","Buat, Kablo Kanalı & Borusu","","3","Yapı, Hırdavat & Tesisat > Elektrik Tesisatı Malzemeleri > Buat, Kablo Kanalı & Borusu","yapı, hırdavat & tesisat > elektrik tesisatı malzemeleri > buat, kablo kanalı & borusu","YES","CANDIDATE_FOR_PRODUCT_OWNER_FINALIZATION","REGULATED","Yapı, Hırdavat & Tesisat","YES","YES","Batch 01 source proposal; finalization candidate; OM-R06=B; OM-R07=B; OM-R10=A","TEMPORARY_AUDIT_ID_NOT_PRODUCTION_STABLE_ID"
"AUDIT-000357","BATCH_01","709695961e900db91861a4307f76d24c73267367","docs/TAXONOMY_BATCH_01_FINALIZATION_TREE.csv","358","AUDIT-000352","Yapı, Hırdavat & Tesisat > Elektrik Tesisatı Malzemeleri","Yapı, Hırdavat & Tesisat","Elektrik Tesisatı Malzemeleri","Sabit Aydınlatma Tesisat Parçaları","","3","Yapı, Hırdavat & Tesisat > Elektrik Tesisatı Malzemeleri > Sabit Aydınlatma Tesisat Parçaları","yapı, hırdavat & tesisat > elektrik tesisatı malzemeleri > sabit aydınlatma tesisat parçaları","YES","CANDIDATE_FOR_PRODUCT_OWNER_FINALIZATION","REGULATED","Yapı, Hırdavat & Tesisat","YES","YES","Batch 01 source proposal; finalization candidate; OM-R06=B; OM-R07=B; OM-R10=A","TEMPORARY_AUDIT_ID_NOT_PRODUCTION_STABLE_ID"
"AUDIT-000358","BATCH_01","709695961e900db91861a4307f76d24c73267367","docs/TAXONOMY_BATCH_01_FINALIZATION_TREE.csv","359","","Yapı, Hırdavat & Tesisat","Yapı, Hırdavat & Tesisat","Isıtma, Gaz & Havalandırma Tesisatı","","","2","Yapı, Hırdavat & Tesisat > Isıtma, Gaz & Havalandırma Tesisatı","yapı, hırdavat & tesisat > ısıtma, gaz & havalandırma tesisatı","NO","CANDIDATE_FOR_PRODUCT_OWNER_FINALIZATION","LEGAL_REVIEW_REQUIRED","Yapı, Hırdavat & Tesisat","YES","YES","Batch 01 source proposal; finalization candidate; OM-R06=B; OM-R07=B; OM-R10=A","TEMPORARY_AUDIT_ID_NOT_PRODUCTION_STABLE_ID"
"AUDIT-000359","BATCH_01","709695961e900db91861a4307f76d24c73267367","docs/TAXONOMY_BATCH_01_FINALIZATION_TREE.csv","360","AUDIT-000358","Yapı, Hırdavat & Tesisat > Isıtma, Gaz & Havalandırma Tesisatı","Yapı, Hırdavat & Tesisat","Isıtma, Gaz & Havalandırma Tesisatı","Radyatör & Radyatör Vanası","","3","Yapı, Hırdavat & Tesisat > Isıtma, Gaz & Havalandırma Tesisatı > Radyatör & Radyatör Vanası","yapı, hırdavat & tesisat > ısıtma, gaz & havalandırma tesisatı > radyatör & radyatör vanası","YES","CANDIDATE_FOR_PRODUCT_OWNER_FINALIZATION","REGULATED","Yapı, Hırdavat & Tesisat","YES","YES","Batch 01 source proposal; finalization candidate; OM-R06=B; OM-R07=B; OM-R10=A","TEMPORARY_AUDIT_ID_NOT_PRODUCTION_STABLE_ID"
"AUDIT-000360","BATCH_01","709695961e900db91861a4307f76d24c73267367","docs/TAXONOMY_BATCH_01_FINALIZATION_TREE.csv","361","AUDIT-000358","Yapı, Hırdavat & Tesisat > Isıtma, Gaz & Havalandırma Tesisatı","Yapı, Hırdavat & Tesisat","Isıtma, Gaz & Havalandırma Tesisatı","Isıtma Tesisatı Parçaları","","3","Yapı, Hırdavat & Tesisat > Isıtma, Gaz & Havalandırma Tesisatı > Isıtma Tesisatı Parçaları","yapı, hırdavat & tesisat > ısıtma, gaz & havalandırma tesisatı > ısıtma tesisatı parçaları","YES","CANDIDATE_FOR_PRODUCT_OWNER_FINALIZATION","REGULATED","Yapı, Hırdavat & Tesisat","YES","YES","Batch 01 source proposal; finalization candidate; OM-R06=B; OM-R07=B; OM-R10=A","TEMPORARY_AUDIT_ID_NOT_PRODUCTION_STABLE_ID"
"AUDIT-000361","BATCH_01","709695961e900db91861a4307f76d24c73267367","docs/TAXONOMY_BATCH_01_FINALIZATION_TREE.csv","362","AUDIT-000358","Yapı, Hırdavat & Tesisat > Isıtma, Gaz & Havalandırma Tesisatı","Yapı, Hırdavat & Tesisat","Isıtma, Gaz & Havalandırma Tesisatı","Havalandırma Kanalı & Menfez","","3","Yapı, Hırdavat & Tesisat > Isıtma, Gaz & Havalandırma Tesisatı > Havalandırma Kanalı & Menfez","yapı, hırdavat & tesisat > ısıtma, gaz & havalandırma tesisatı > havalandırma kanalı & menfez","YES","CANDIDATE_FOR_PRODUCT_OWNER_FINALIZATION","REGULATED","Yapı, Hırdavat & Tesisat","YES","YES","Batch 01 source proposal; finalization candidate; OM-R06=B; OM-R07=B; OM-R10=A","TEMPORARY_AUDIT_ID_NOT_PRODUCTION_STABLE_ID"
"AUDIT-000362","BATCH_01","709695961e900db91861a4307f76d24c73267367","docs/TAXONOMY_BATCH_01_FINALIZATION_TREE.csv","363","AUDIT-000358","Yapı, Hırdavat & Tesisat > Isıtma, Gaz & Havalandırma Tesisatı","Yapı, Hırdavat & Tesisat","Isıtma, Gaz & Havalandırma Tesisatı","Gaz Fittings & Regülatörleri","","3","Yapı, Hırdavat & Tesisat > Isıtma, Gaz & Havalandırma Tesisatı > Gaz Fittings & Regülatörleri","yapı, hırdavat & tesisat > ısıtma, gaz & havalandırma tesisatı > gaz fittings & regülatörleri","YES","CANDIDATE_FOR_PRODUCT_OWNER_FINALIZATION","LEGAL_REVIEW_REQUIRED","Yapı, Hırdavat & Tesisat","YES","YES","Batch 01 source proposal; finalization candidate; OM-R06=B; OM-R07=B; OM-R10=A","TEMPORARY_AUDIT_ID_NOT_PRODUCTION_STABLE_ID"
"AUDIT-000363","BATCH_01","709695961e900db91861a4307f76d24c73267367","docs/TAXONOMY_BATCH_01_FINALIZATION_TREE.csv","364","AUDIT-000358","Yapı, Hırdavat & Tesisat > Isıtma, Gaz & Havalandırma Tesisatı","Yapı, Hırdavat & Tesisat","Isıtma, Gaz & Havalandırma Tesisatı","Baca & Duman Tahliye Parçaları","","3","Yapı, Hırdavat & Tesisat > Isıtma, Gaz & Havalandırma Tesisatı > Baca & Duman Tahliye Parçaları","yapı, hırdavat & tesisat > ısıtma, gaz & havalandırma tesisatı > baca & duman tahliye parçaları","YES","CANDIDATE_FOR_PRODUCT_OWNER_FINALIZATION","LEGAL_REVIEW_REQUIRED","Yapı, Hırdavat & Tesisat","YES","YES","Batch 01 source proposal; finalization candidate; OM-R06=B; OM-R07=B; OM-R10=A","TEMPORARY_AUDIT_ID_NOT_PRODUCTION_STABLE_ID"
"AUDIT-000364","BATCH_01","709695961e900db91861a4307f76d24c73267367","docs/TAXONOMY_BATCH_01_FINALIZATION_TREE.csv","365","","Yapı, Hırdavat & Tesisat","Yapı, Hırdavat & Tesisat","Kilit, Kapı & Pencere Donanımları","","","2","Yapı, Hırdavat & Tesisat > Kilit, Kapı & Pencere Donanımları","yapı, hırdavat & tesisat > kilit, kapı & pencere donanımları","NO","CANDIDATE_FOR_PRODUCT_OWNER_FINALIZATION","REGULATED","Yapı, Hırdavat & Tesisat","YES","YES","Batch 01 source proposal; finalization candidate; OM-R06=B; OM-R07=B; OM-R10=A","TEMPORARY_AUDIT_ID_NOT_PRODUCTION_STABLE_ID"
"AUDIT-000365","BATCH_01","709695961e900db91861a4307f76d24c73267367","docs/TAXONOMY_BATCH_01_FINALIZATION_TREE.csv","366","AUDIT-000364","Yapı, Hırdavat & Tesisat > Kilit, Kapı & Pencere Donanımları","Yapı, Hırdavat & Tesisat","Kilit, Kapı & Pencere Donanımları","Mekanik Kilit & Silindir","","3","Yapı, Hırdavat & Tesisat > Kilit, Kapı & Pencere Donanımları > Mekanik Kilit & Silindir","yapı, hırdavat & tesisat > kilit, kapı & pencere donanımları > mekanik kilit & silindir","YES","CANDIDATE_FOR_PRODUCT_OWNER_FINALIZATION","REGULATED","Yapı, Hırdavat & Tesisat","YES","YES","Batch 01 source proposal; finalization candidate; OM-R06=B; OM-R07=B; OM-R10=A","TEMPORARY_AUDIT_ID_NOT_PRODUCTION_STABLE_ID"
"AUDIT-000366","BATCH_01","709695961e900db91861a4307f76d24c73267367","docs/TAXONOMY_BATCH_01_FINALIZATION_TREE.csv","367","AUDIT-000364","Yapı, Hırdavat & Tesisat > Kilit, Kapı & Pencere Donanımları","Yapı, Hırdavat & Tesisat","Kilit, Kapı & Pencere Donanımları","Menteşe","","3","Yapı, Hırdavat & Tesisat > Kilit, Kapı & Pencere Donanımları > Menteşe","yapı, hırdavat & tesisat > kilit, kapı & pencere donanımları > menteşe","YES","CANDIDATE_FOR_PRODUCT_OWNER_FINALIZATION","NORMAL","Yapı, Hırdavat & Tesisat","YES","NO","Batch 01 source proposal; finalization candidate; OM-R06=B; OM-R07=B; OM-R10=A","TEMPORARY_AUDIT_ID_NOT_PRODUCTION_STABLE_ID"
"AUDIT-000367","BATCH_01","709695961e900db91861a4307f76d24c73267367","docs/TAXONOMY_BATCH_01_FINALIZATION_TREE.csv","368","AUDIT-000364","Yapı, Hırdavat & Tesisat > Kilit, Kapı & Pencere Donanımları","Yapı, Hırdavat & Tesisat","Kilit, Kapı & Pencere Donanımları","Kapı & Pencere Kolu","","3","Yapı, Hırdavat & Tesisat > Kilit, Kapı & Pencere Donanımları > Kapı & Pencere Kolu","yapı, hırdavat & tesisat > kilit, kapı & pencere donanımları > kapı & pencere kolu","YES","CANDIDATE_FOR_PRODUCT_OWNER_FINALIZATION","NORMAL","Yapı, Hırdavat & Tesisat","YES","NO","Batch 01 source proposal; finalization candidate; OM-R06=B; OM-R07=B; OM-R10=A","TEMPORARY_AUDIT_ID_NOT_PRODUCTION_STABLE_ID"
"AUDIT-000368","BATCH_01","709695961e900db91861a4307f76d24c73267367","docs/TAXONOMY_BATCH_01_FINALIZATION_TREE.csv","369","AUDIT-000364","Yapı, Hırdavat & Tesisat > Kilit, Kapı & Pencere Donanımları","Yapı, Hırdavat & Tesisat","Kilit, Kapı & Pencere Donanımları","Ray & Kapatma Mekanizmaları","","3","Yapı, Hırdavat & Tesisat > Kilit, Kapı & Pencere Donanımları > Ray & Kapatma Mekanizmaları","yapı, hırdavat & tesisat > kilit, kapı & pencere donanımları > ray & kapatma mekanizmaları","YES","CANDIDATE_FOR_PRODUCT_OWNER_FINALIZATION","REGULATED","Yapı, Hırdavat & Tesisat","YES","YES","Batch 01 source proposal; finalization candidate; OM-R06=B; OM-R07=B; OM-R10=A","TEMPORARY_AUDIT_ID_NOT_PRODUCTION_STABLE_ID"
"AUDIT-000369","BATCH_01","709695961e900db91861a4307f76d24c73267367","docs/TAXONOMY_BATCH_01_FINALIZATION_TREE.csv","370","AUDIT-000364","Yapı, Hırdavat & Tesisat > Kilit, Kapı & Pencere Donanımları","Yapı, Hırdavat & Tesisat","Kilit, Kapı & Pencere Donanımları","Pencere Donanımları","","3","Yapı, Hırdavat & Tesisat > Kilit, Kapı & Pencere Donanımları > Pencere Donanımları","yapı, hırdavat & tesisat > kilit, kapı & pencere donanımları > pencere donanımları","YES","CANDIDATE_FOR_PRODUCT_OWNER_FINALIZATION","NORMAL","Yapı, Hırdavat & Tesisat","YES","NO","Batch 01 source proposal; finalization candidate; OM-R06=B; OM-R07=B; OM-R10=A","TEMPORARY_AUDIT_ID_NOT_PRODUCTION_STABLE_ID"
"AUDIT-000370","BATCH_01","709695961e900db91861a4307f76d24c73267367","docs/TAXONOMY_BATCH_01_FINALIZATION_TREE.csv","371","","Yapı, Hırdavat & Tesisat","Yapı, Hırdavat & Tesisat","Kaynak, Lehim & Metal İşleme","","","2","Yapı, Hırdavat & Tesisat > Kaynak, Lehim & Metal İşleme","yapı, hırdavat & tesisat > kaynak, lehim & metal işleme","NO","CANDIDATE_FOR_PRODUCT_OWNER_FINALIZATION","REGULATED","Yapı, Hırdavat & Tesisat","YES","YES","Batch 01 source proposal; finalization candidate; OM-R06=B; OM-R07=B; OM-R10=A","TEMPORARY_AUDIT_ID_NOT_PRODUCTION_STABLE_ID"
"AUDIT-000371","BATCH_01","709695961e900db91861a4307f76d24c73267367","docs/TAXONOMY_BATCH_01_FINALIZATION_TREE.csv","372","AUDIT-000370","Yapı, Hırdavat & Tesisat > Kaynak, Lehim & Metal İşleme","Yapı, Hırdavat & Tesisat","Kaynak, Lehim & Metal İşleme","Kaynak Makineleri","","3","Yapı, Hırdavat & Tesisat > Kaynak, Lehim & Metal İşleme > Kaynak Makineleri","yapı, hırdavat & tesisat > kaynak, lehim & metal işleme > kaynak makineleri","YES","CANDIDATE_FOR_PRODUCT_OWNER_FINALIZATION","REGULATED","Yapı, Hırdavat & Tesisat","YES","YES","Batch 01 source proposal; finalization candidate; OM-R06=B; OM-R07=B; OM-R10=A","TEMPORARY_AUDIT_ID_NOT_PRODUCTION_STABLE_ID"
"AUDIT-000372","BATCH_01","709695961e900db91861a4307f76d24c73267367","docs/TAXONOMY_BATCH_01_FINALIZATION_TREE.csv","373","AUDIT-000370","Yapı, Hırdavat & Tesisat > Kaynak, Lehim & Metal İşleme","Yapı, Hırdavat & Tesisat","Kaynak, Lehim & Metal İşleme","Lehimleme Ekipmanları","","3","Yapı, Hırdavat & Tesisat > Kaynak, Lehim & Metal İşleme > Lehimleme Ekipmanları","yapı, hırdavat & tesisat > kaynak, lehim & metal işleme > lehimleme ekipmanları","YES","CANDIDATE_FOR_PRODUCT_OWNER_FINALIZATION","REGULATED","Yapı, Hırdavat & Tesisat","YES","YES","Batch 01 source proposal; finalization candidate; OM-R06=B; OM-R07=B; OM-R10=A","TEMPORARY_AUDIT_ID_NOT_PRODUCTION_STABLE_ID"
"AUDIT-000373","BATCH_01","709695961e900db91861a4307f76d24c73267367","docs/TAXONOMY_BATCH_01_FINALIZATION_TREE.csv","374","AUDIT-000370","Yapı, Hırdavat & Tesisat > Kaynak, Lehim & Metal İşleme","Yapı, Hırdavat & Tesisat","Kaynak, Lehim & Metal İşleme","Kaynak Sarfları","","3","Yapı, Hırdavat & Tesisat > Kaynak, Lehim & Metal İşleme > Kaynak Sarfları","yapı, hırdavat & tesisat > kaynak, lehim & metal işleme > kaynak sarfları","YES","CANDIDATE_FOR_PRODUCT_OWNER_FINALIZATION","REGULATED","Yapı, Hırdavat & Tesisat","YES","YES","Batch 01 source proposal; finalization candidate; OM-R06=B; OM-R07=B; OM-R10=A","TEMPORARY_AUDIT_ID_NOT_PRODUCTION_STABLE_ID"
"AUDIT-000374","BATCH_01","709695961e900db91861a4307f76d24c73267367","docs/TAXONOMY_BATCH_01_FINALIZATION_TREE.csv","375","AUDIT-000370","Yapı, Hırdavat & Tesisat > Kaynak, Lehim & Metal İşleme","Yapı, Hırdavat & Tesisat","Kaynak, Lehim & Metal İşleme","Lehimleme Sarfları","","3","Yapı, Hırdavat & Tesisat > Kaynak, Lehim & Metal İşleme > Lehimleme Sarfları","yapı, hırdavat & tesisat > kaynak, lehim & metal işleme > lehimleme sarfları","YES","CANDIDATE_FOR_PRODUCT_OWNER_FINALIZATION","REGULATED","Yapı, Hırdavat & Tesisat","YES","YES","Batch 01 source proposal; finalization candidate; OM-R06=B; OM-R07=B; OM-R10=A","TEMPORARY_AUDIT_ID_NOT_PRODUCTION_STABLE_ID"
"AUDIT-000375","BATCH_01","709695961e900db91861a4307f76d24c73267367","docs/TAXONOMY_BATCH_01_FINALIZATION_TREE.csv","376","AUDIT-000370","Yapı, Hırdavat & Tesisat > Kaynak, Lehim & Metal İşleme","Yapı, Hırdavat & Tesisat","Kaynak, Lehim & Metal İşleme","Metal Kesme & Şekillendirme","","3","Yapı, Hırdavat & Tesisat > Kaynak, Lehim & Metal İşleme > Metal Kesme & Şekillendirme","yapı, hırdavat & tesisat > kaynak, lehim & metal işleme > metal kesme & şekillendirme","YES","CANDIDATE_FOR_PRODUCT_OWNER_FINALIZATION","REGULATED","Yapı, Hırdavat & Tesisat","YES","YES","Batch 01 source proposal; finalization candidate; OM-R06=B; OM-R07=B; OM-R10=A","TEMPORARY_AUDIT_ID_NOT_PRODUCTION_STABLE_ID"
"AUDIT-000376","BATCH_01","709695961e900db91861a4307f76d24c73267367","docs/TAXONOMY_BATCH_01_FINALIZATION_TREE.csv","377","","Yapı, Hırdavat & Tesisat","Yapı, Hırdavat & Tesisat","İş Güvenliği & Koruyucu Donanım","","","2","Yapı, Hırdavat & Tesisat > İş Güvenliği & Koruyucu Donanım","yapı, hırdavat & tesisat > iş güvenliği & koruyucu donanım","NO","CANDIDATE_FOR_PRODUCT_OWNER_FINALIZATION","LEGAL_REVIEW_REQUIRED","Yapı, Hırdavat & Tesisat","YES","YES","Batch 01 source proposal; finalization candidate; OM-R06=B; OM-R07=B; OM-R10=A","TEMPORARY_AUDIT_ID_NOT_PRODUCTION_STABLE_ID"
"AUDIT-000377","BATCH_01","709695961e900db91861a4307f76d24c73267367","docs/TAXONOMY_BATCH_01_FINALIZATION_TREE.csv","378","AUDIT-000376","Yapı, Hırdavat & Tesisat > İş Güvenliği & Koruyucu Donanım","Yapı, Hırdavat & Tesisat","İş Güvenliği & Koruyucu Donanım","Baş Koruma","","3","Yapı, Hırdavat & Tesisat > İş Güvenliği & Koruyucu Donanım > Baş Koruma","yapı, hırdavat & tesisat > iş güvenliği & koruyucu donanım > baş koruma","YES","CANDIDATE_FOR_PRODUCT_OWNER_FINALIZATION","REGULATED","Yapı, Hırdavat & Tesisat","YES","YES","Batch 01 source proposal; finalization candidate; OM-R06=B; OM-R07=B; OM-R10=A","TEMPORARY_AUDIT_ID_NOT_PRODUCTION_STABLE_ID"
"AUDIT-000378","BATCH_01","709695961e900db91861a4307f76d24c73267367","docs/TAXONOMY_BATCH_01_FINALIZATION_TREE.csv","379","AUDIT-000376","Yapı, Hırdavat & Tesisat > İş Güvenliği & Koruyucu Donanım","Yapı, Hırdavat & Tesisat","İş Güvenliği & Koruyucu Donanım","Göz & Yüz Koruma","","3","Yapı, Hırdavat & Tesisat > İş Güvenliği & Koruyucu Donanım > Göz & Yüz Koruma","yapı, hırdavat & tesisat > iş güvenliği & koruyucu donanım > göz & yüz koruma","YES","CANDIDATE_FOR_PRODUCT_OWNER_FINALIZATION","REGULATED","Yapı, Hırdavat & Tesisat","YES","YES","Batch 01 source proposal; finalization candidate; OM-R06=B; OM-R07=B; OM-R10=A","TEMPORARY_AUDIT_ID_NOT_PRODUCTION_STABLE_ID"
"AUDIT-000379","BATCH_01","709695961e900db91861a4307f76d24c73267367","docs/TAXONOMY_BATCH_01_FINALIZATION_TREE.csv","380","AUDIT-000376","Yapı, Hırdavat & Tesisat > İş Güvenliği & Koruyucu Donanım","Yapı, Hırdavat & Tesisat","İş Güvenliği & Koruyucu Donanım","El Koruma","","3","Yapı, Hırdavat & Tesisat > İş Güvenliği & Koruyucu Donanım > El Koruma","yapı, hırdavat & tesisat > iş güvenliği & koruyucu donanım > el koruma","YES","CANDIDATE_FOR_PRODUCT_OWNER_FINALIZATION","REGULATED","Yapı, Hırdavat & Tesisat","YES","YES","Batch 01 source proposal; finalization candidate; OM-R06=B; OM-R07=B; OM-R10=A","TEMPORARY_AUDIT_ID_NOT_PRODUCTION_STABLE_ID"
"AUDIT-000380","BATCH_01","709695961e900db91861a4307f76d24c73267367","docs/TAXONOMY_BATCH_01_FINALIZATION_TREE.csv","381","AUDIT-000376","Yapı, Hırdavat & Tesisat > İş Güvenliği & Koruyucu Donanım","Yapı, Hırdavat & Tesisat","İş Güvenliği & Koruyucu Donanım","İşitme Koruma","","3","Yapı, Hırdavat & Tesisat > İş Güvenliği & Koruyucu Donanım > İşitme Koruma","yapı, hırdavat & tesisat > iş güvenliği & koruyucu donanım > işitme koruma","YES","CANDIDATE_FOR_PRODUCT_OWNER_FINALIZATION","REGULATED","Yapı, Hırdavat & Tesisat","YES","YES","Batch 01 source proposal; finalization candidate; OM-R06=B; OM-R07=B; OM-R10=A","TEMPORARY_AUDIT_ID_NOT_PRODUCTION_STABLE_ID"
"AUDIT-000381","BATCH_01","709695961e900db91861a4307f76d24c73267367","docs/TAXONOMY_BATCH_01_FINALIZATION_TREE.csv","382","AUDIT-000376","Yapı, Hırdavat & Tesisat > İş Güvenliği & Koruyucu Donanım","Yapı, Hırdavat & Tesisat","İş Güvenliği & Koruyucu Donanım","Solunum Koruma","","3","Yapı, Hırdavat & Tesisat > İş Güvenliği & Koruyucu Donanım > Solunum Koruma","yapı, hırdavat & tesisat > iş güvenliği & koruyucu donanım > solunum koruma","YES","CANDIDATE_FOR_PRODUCT_OWNER_FINALIZATION","REGULATED","Yapı, Hırdavat & Tesisat","YES","YES","Batch 01 source proposal; finalization candidate; OM-R06=B; OM-R07=B; OM-R10=A","TEMPORARY_AUDIT_ID_NOT_PRODUCTION_STABLE_ID"
"AUDIT-000382","BATCH_01","709695961e900db91861a4307f76d24c73267367","docs/TAXONOMY_BATCH_01_FINALIZATION_TREE.csv","383","AUDIT-000376","Yapı, Hırdavat & Tesisat > İş Güvenliği & Koruyucu Donanım","Yapı, Hırdavat & Tesisat","İş Güvenliği & Koruyucu Donanım","Yüksekte Çalışma & Düşüş Koruma","","3","Yapı, Hırdavat & Tesisat > İş Güvenliği & Koruyucu Donanım > Yüksekte Çalışma & Düşüş Koruma","yapı, hırdavat & tesisat > iş güvenliği & koruyucu donanım > yüksekte çalışma & düşüş koruma","YES","CANDIDATE_FOR_PRODUCT_OWNER_FINALIZATION","LEGAL_REVIEW_REQUIRED","Yapı, Hırdavat & Tesisat","YES","YES","Batch 01 source proposal; finalization candidate; OM-R06=B; OM-R07=B; OM-R10=A","TEMPORARY_AUDIT_ID_NOT_PRODUCTION_STABLE_ID"
"AUDIT-000383","BATCH_01","709695961e900db91861a4307f76d24c73267367","docs/TAXONOMY_BATCH_01_FINALIZATION_TREE.csv","384","AUDIT-000376","Yapı, Hırdavat & Tesisat > İş Güvenliği & Koruyucu Donanım","Yapı, Hırdavat & Tesisat","İş Güvenliği & Koruyucu Donanım","İş Güvenliği Ayakkabıları","","3","Yapı, Hırdavat & Tesisat > İş Güvenliği & Koruyucu Donanım > İş Güvenliği Ayakkabıları","yapı, hırdavat & tesisat > iş güvenliği & koruyucu donanım > iş güvenliği ayakkabıları","YES","CANDIDATE_FOR_PRODUCT_OWNER_FINALIZATION","REGULATED","Yapı, Hırdavat & Tesisat","YES","YES","Batch 01 source proposal; finalization candidate; OM-R06=B; OM-R07=B; OM-R10=A","TEMPORARY_AUDIT_ID_NOT_PRODUCTION_STABLE_ID"
"AUDIT-000384","BATCH_01","709695961e900db91861a4307f76d24c73267367","docs/TAXONOMY_BATCH_01_FINALIZATION_TREE.csv","385","AUDIT-000376","Yapı, Hırdavat & Tesisat > İş Güvenliği & Koruyucu Donanım","Yapı, Hırdavat & Tesisat","İş Güvenliği & Koruyucu Donanım","Görünürlük & Koruyucu İş Giyimi","","3","Yapı, Hırdavat & Tesisat > İş Güvenliği & Koruyucu Donanım > Görünürlük & Koruyucu İş Giyimi","yapı, hırdavat & tesisat > iş güvenliği & koruyucu donanım > görünürlük & koruyucu iş giyimi","YES","CANDIDATE_FOR_PRODUCT_OWNER_FINALIZATION","REGULATED","Yapı, Hırdavat & Tesisat","YES","YES","Batch 01 source proposal; finalization candidate; OM-R06=B; OM-R07=B; OM-R10=A","TEMPORARY_AUDIT_ID_NOT_PRODUCTION_STABLE_ID"
"AUDIT-000385","BATCH_01","709695961e900db91861a4307f76d24c73267367","docs/TAXONOMY_BATCH_01_FINALIZATION_TREE.csv","386","","Kozmetik & Kişisel Bakım","Kozmetik & Kişisel Bakım","Makyaj","","","2","Kozmetik & Kişisel Bakım > Makyaj","kozmetik & kişisel bakım > makyaj","NO","CANDIDATE_FOR_PRODUCT_OWNER_FINALIZATION","REGULATED","Kozmetik & Kişisel Bakım","YES","YES","Batch 01 source proposal; finalization candidate; OM-R06=B; OM-R07=B; OM-R10=A","TEMPORARY_AUDIT_ID_NOT_PRODUCTION_STABLE_ID"
"AUDIT-000386","BATCH_01","709695961e900db91861a4307f76d24c73267367","docs/TAXONOMY_BATCH_01_FINALIZATION_TREE.csv","387","AUDIT-000385","Kozmetik & Kişisel Bakım > Makyaj","Kozmetik & Kişisel Bakım","Makyaj","Ten Makyajı","","3","Kozmetik & Kişisel Bakım > Makyaj > Ten Makyajı","kozmetik & kişisel bakım > makyaj > ten makyajı","NO","CANDIDATE_FOR_PRODUCT_OWNER_FINALIZATION","REGULATED","Kozmetik & Kişisel Bakım","YES","YES","Batch 01 source proposal; finalization candidate; OM-R06=B; OM-R07=B; OM-R10=A","TEMPORARY_AUDIT_ID_NOT_PRODUCTION_STABLE_ID"
"AUDIT-000387","BATCH_01","709695961e900db91861a4307f76d24c73267367","docs/TAXONOMY_BATCH_01_FINALIZATION_TREE.csv","388","AUDIT-000386","Kozmetik & Kişisel Bakım > Makyaj > Ten Makyajı","Kozmetik & Kişisel Bakım","Makyaj","Ten Makyajı","Fondöten","4","Kozmetik & Kişisel Bakım > Makyaj > Ten Makyajı > Fondöten","kozmetik & kişisel bakım > makyaj > ten makyajı > fondöten","YES","CANDIDATE_FOR_PRODUCT_OWNER_FINALIZATION","REGULATED","Kozmetik & Kişisel Bakım","YES","YES","Batch 01 source proposal; finalization candidate; OM-R06=B; OM-R07=B; OM-R10=A","TEMPORARY_AUDIT_ID_NOT_PRODUCTION_STABLE_ID"
"AUDIT-000388","BATCH_01","709695961e900db91861a4307f76d24c73267367","docs/TAXONOMY_BATCH_01_FINALIZATION_TREE.csv","389","AUDIT-000386","Kozmetik & Kişisel Bakım > Makyaj > Ten Makyajı","Kozmetik & Kişisel Bakım","Makyaj","Ten Makyajı","Kapatıcı","4","Kozmetik & Kişisel Bakım > Makyaj > Ten Makyajı > Kapatıcı","kozmetik & kişisel bakım > makyaj > ten makyajı > kapatıcı","YES","CANDIDATE_FOR_PRODUCT_OWNER_FINALIZATION","REGULATED","Kozmetik & Kişisel Bakım","YES","YES","Batch 01 source proposal; finalization candidate; OM-R06=B; OM-R07=B; OM-R10=A","TEMPORARY_AUDIT_ID_NOT_PRODUCTION_STABLE_ID"
"AUDIT-000389","BATCH_01","709695961e900db91861a4307f76d24c73267367","docs/TAXONOMY_BATCH_01_FINALIZATION_TREE.csv","390","AUDIT-000386","Kozmetik & Kişisel Bakım > Makyaj > Ten Makyajı","Kozmetik & Kişisel Bakım","Makyaj","Ten Makyajı","Pudra","4","Kozmetik & Kişisel Bakım > Makyaj > Ten Makyajı > Pudra","kozmetik & kişisel bakım > makyaj > ten makyajı > pudra","YES","CANDIDATE_FOR_PRODUCT_OWNER_FINALIZATION","REGULATED","Kozmetik & Kişisel Bakım","YES","YES","Batch 01 source proposal; finalization candidate; OM-R06=B; OM-R07=B; OM-R10=A","TEMPORARY_AUDIT_ID_NOT_PRODUCTION_STABLE_ID"
"AUDIT-000390","BATCH_01","709695961e900db91861a4307f76d24c73267367","docs/TAXONOMY_BATCH_01_FINALIZATION_TREE.csv","391","AUDIT-000386","Kozmetik & Kişisel Bakım > Makyaj > Ten Makyajı","Kozmetik & Kişisel Bakım","Makyaj","Ten Makyajı","Allık, Bronzer & Aydınlatıcı","4","Kozmetik & Kişisel Bakım > Makyaj > Ten Makyajı > Allık, Bronzer & Aydınlatıcı","kozmetik & kişisel bakım > makyaj > ten makyajı > allık, bronzer & aydınlatıcı","YES","CANDIDATE_FOR_PRODUCT_OWNER_FINALIZATION","REGULATED","Kozmetik & Kişisel Bakım","YES","YES","Batch 01 source proposal; finalization candidate; OM-R06=B; OM-R07=B; OM-R10=A","TEMPORARY_AUDIT_ID_NOT_PRODUCTION_STABLE_ID"
"AUDIT-000391","BATCH_01","709695961e900db91861a4307f76d24c73267367","docs/TAXONOMY_BATCH_01_FINALIZATION_TREE.csv","392","AUDIT-000385","Kozmetik & Kişisel Bakım > Makyaj","Kozmetik & Kişisel Bakım","Makyaj","Göz Makyajı","","3","Kozmetik & Kişisel Bakım > Makyaj > Göz Makyajı","kozmetik & kişisel bakım > makyaj > göz makyajı","NO","CANDIDATE_FOR_PRODUCT_OWNER_FINALIZATION","REGULATED","Kozmetik & Kişisel Bakım","YES","YES","Batch 01 source proposal; finalization candidate; OM-R06=B; OM-R07=B; OM-R10=A","TEMPORARY_AUDIT_ID_NOT_PRODUCTION_STABLE_ID"
"AUDIT-000392","BATCH_01","709695961e900db91861a4307f76d24c73267367","docs/TAXONOMY_BATCH_01_FINALIZATION_TREE.csv","393","AUDIT-000391","Kozmetik & Kişisel Bakım > Makyaj > Göz Makyajı","Kozmetik & Kişisel Bakım","Makyaj","Göz Makyajı","Maskara","4","Kozmetik & Kişisel Bakım > Makyaj > Göz Makyajı > Maskara","kozmetik & kişisel bakım > makyaj > göz makyajı > maskara","YES","CANDIDATE_FOR_PRODUCT_OWNER_FINALIZATION","REGULATED","Kozmetik & Kişisel Bakım","YES","YES","Batch 01 source proposal; finalization candidate; OM-R06=B; OM-R07=B; OM-R10=A","TEMPORARY_AUDIT_ID_NOT_PRODUCTION_STABLE_ID"
"AUDIT-000393","BATCH_01","709695961e900db91861a4307f76d24c73267367","docs/TAXONOMY_BATCH_01_FINALIZATION_TREE.csv","394","AUDIT-000391","Kozmetik & Kişisel Bakım > Makyaj > Göz Makyajı","Kozmetik & Kişisel Bakım","Makyaj","Göz Makyajı","Eyeliner & Göz Kalemi","4","Kozmetik & Kişisel Bakım > Makyaj > Göz Makyajı > Eyeliner & Göz Kalemi","kozmetik & kişisel bakım > makyaj > göz makyajı > eyeliner & göz kalemi","YES","CANDIDATE_FOR_PRODUCT_OWNER_FINALIZATION","REGULATED","Kozmetik & Kişisel Bakım","YES","YES","Batch 01 source proposal; finalization candidate; OM-R06=B; OM-R07=B; OM-R10=A","TEMPORARY_AUDIT_ID_NOT_PRODUCTION_STABLE_ID"
"AUDIT-000394","BATCH_01","709695961e900db91861a4307f76d24c73267367","docs/TAXONOMY_BATCH_01_FINALIZATION_TREE.csv","395","AUDIT-000391","Kozmetik & Kişisel Bakım > Makyaj > Göz Makyajı","Kozmetik & Kişisel Bakım","Makyaj","Göz Makyajı","Far","4","Kozmetik & Kişisel Bakım > Makyaj > Göz Makyajı > Far","kozmetik & kişisel bakım > makyaj > göz makyajı > far","YES","CANDIDATE_FOR_PRODUCT_OWNER_FINALIZATION","REGULATED","Kozmetik & Kişisel Bakım","YES","YES","Batch 01 source proposal; finalization candidate; OM-R06=B; OM-R07=B; OM-R10=A","TEMPORARY_AUDIT_ID_NOT_PRODUCTION_STABLE_ID"
"AUDIT-000395","BATCH_01","709695961e900db91861a4307f76d24c73267367","docs/TAXONOMY_BATCH_01_FINALIZATION_TREE.csv","396","AUDIT-000385","Kozmetik & Kişisel Bakım > Makyaj","Kozmetik & Kişisel Bakım","Makyaj","Dudak Makyajı","","3","Kozmetik & Kişisel Bakım > Makyaj > Dudak Makyajı","kozmetik & kişisel bakım > makyaj > dudak makyajı","NO","CANDIDATE_FOR_PRODUCT_OWNER_FINALIZATION","REGULATED","Kozmetik & Kişisel Bakım","YES","YES","Batch 01 source proposal; finalization candidate; OM-R06=B; OM-R07=B; OM-R10=A","TEMPORARY_AUDIT_ID_NOT_PRODUCTION_STABLE_ID"
"AUDIT-000396","BATCH_01","709695961e900db91861a4307f76d24c73267367","docs/TAXONOMY_BATCH_01_FINALIZATION_TREE.csv","397","AUDIT-000395","Kozmetik & Kişisel Bakım > Makyaj > Dudak Makyajı","Kozmetik & Kişisel Bakım","Makyaj","Dudak Makyajı","Ruj","4","Kozmetik & Kişisel Bakım > Makyaj > Dudak Makyajı > Ruj","kozmetik & kişisel bakım > makyaj > dudak makyajı > ruj","YES","CANDIDATE_FOR_PRODUCT_OWNER_FINALIZATION","REGULATED","Kozmetik & Kişisel Bakım","YES","YES","Batch 01 source proposal; finalization candidate; OM-R06=B; OM-R07=B; OM-R10=A","TEMPORARY_AUDIT_ID_NOT_PRODUCTION_STABLE_ID"
"AUDIT-000397","BATCH_01","709695961e900db91861a4307f76d24c73267367","docs/TAXONOMY_BATCH_01_FINALIZATION_TREE.csv","398","AUDIT-000395","Kozmetik & Kişisel Bakım > Makyaj > Dudak Makyajı","Kozmetik & Kişisel Bakım","Makyaj","Dudak Makyajı","Dudak Parlatıcısı","4","Kozmetik & Kişisel Bakım > Makyaj > Dudak Makyajı > Dudak Parlatıcısı","kozmetik & kişisel bakım > makyaj > dudak makyajı > dudak parlatıcısı","YES","CANDIDATE_FOR_PRODUCT_OWNER_FINALIZATION","REGULATED","Kozmetik & Kişisel Bakım","YES","YES","Batch 01 source proposal; finalization candidate; OM-R06=B; OM-R07=B; OM-R10=A","TEMPORARY_AUDIT_ID_NOT_PRODUCTION_STABLE_ID"
"AUDIT-000398","BATCH_01","709695961e900db91861a4307f76d24c73267367","docs/TAXONOMY_BATCH_01_FINALIZATION_TREE.csv","399","AUDIT-000395","Kozmetik & Kişisel Bakım > Makyaj > Dudak Makyajı","Kozmetik & Kişisel Bakım","Makyaj","Dudak Makyajı","Dudak Kalemi","4","Kozmetik & Kişisel Bakım > Makyaj > Dudak Makyajı > Dudak Kalemi","kozmetik & kişisel bakım > makyaj > dudak makyajı > dudak kalemi","YES","CANDIDATE_FOR_PRODUCT_OWNER_FINALIZATION","REGULATED","Kozmetik & Kişisel Bakım","YES","YES","Batch 01 source proposal; finalization candidate; OM-R06=B; OM-R07=B; OM-R10=A","TEMPORARY_AUDIT_ID_NOT_PRODUCTION_STABLE_ID"
"AUDIT-000399","BATCH_01","709695961e900db91861a4307f76d24c73267367","docs/TAXONOMY_BATCH_01_FINALIZATION_TREE.csv","400","AUDIT-000385","Kozmetik & Kişisel Bakım > Makyaj","Kozmetik & Kişisel Bakım","Makyaj","Kaş Makyajı","","3","Kozmetik & Kişisel Bakım > Makyaj > Kaş Makyajı","kozmetik & kişisel bakım > makyaj > kaş makyajı","YES","CANDIDATE_FOR_PRODUCT_OWNER_FINALIZATION","REGULATED","Kozmetik & Kişisel Bakım","YES","YES","Batch 01 source proposal; finalization candidate; OM-R06=B; OM-R07=B; OM-R10=A","TEMPORARY_AUDIT_ID_NOT_PRODUCTION_STABLE_ID"
"AUDIT-000400","BATCH_01","709695961e900db91861a4307f76d24c73267367","docs/TAXONOMY_BATCH_01_FINALIZATION_TREE.csv","401","AUDIT-000385","Kozmetik & Kişisel Bakım > Makyaj","Kozmetik & Kişisel Bakım","Makyaj","Tırnak Makyajı","","3","Kozmetik & Kişisel Bakım > Makyaj > Tırnak Makyajı","kozmetik & kişisel bakım > makyaj > tırnak makyajı","YES","CANDIDATE_FOR_PRODUCT_OWNER_FINALIZATION","REGULATED","Kozmetik & Kişisel Bakım","YES","YES","Batch 01 source proposal; finalization candidate; OM-R06=B; OM-R07=B; OM-R10=A","TEMPORARY_AUDIT_ID_NOT_PRODUCTION_STABLE_ID"
"AUDIT-000401","BATCH_01","709695961e900db91861a4307f76d24c73267367","docs/TAXONOMY_BATCH_01_FINALIZATION_TREE.csv","402","","Kozmetik & Kişisel Bakım","Kozmetik & Kişisel Bakım","Cilt Bakımı","","","2","Kozmetik & Kişisel Bakım > Cilt Bakımı","kozmetik & kişisel bakım > cilt bakımı","NO","CANDIDATE_FOR_PRODUCT_OWNER_FINALIZATION","REGULATED","Kozmetik & Kişisel Bakım","YES","YES","Batch 01 source proposal; finalization candidate; OM-R06=B; OM-R07=B; OM-R10=A","TEMPORARY_AUDIT_ID_NOT_PRODUCTION_STABLE_ID"
"AUDIT-000402","BATCH_01","709695961e900db91861a4307f76d24c73267367","docs/TAXONOMY_BATCH_01_FINALIZATION_TREE.csv","403","AUDIT-000401","Kozmetik & Kişisel Bakım > Cilt Bakımı","Kozmetik & Kişisel Bakım","Cilt Bakımı","Yüz Temizleme","","3","Kozmetik & Kişisel Bakım > Cilt Bakımı > Yüz Temizleme","kozmetik & kişisel bakım > cilt bakımı > yüz temizleme","YES","CANDIDATE_FOR_PRODUCT_OWNER_FINALIZATION","REGULATED","Kozmetik & Kişisel Bakım","YES","YES","Batch 01 source proposal; finalization candidate; OM-R06=B; OM-R07=B; OM-R10=A","TEMPORARY_AUDIT_ID_NOT_PRODUCTION_STABLE_ID"
"AUDIT-000403","BATCH_01","709695961e900db91861a4307f76d24c73267367","docs/TAXONOMY_BATCH_01_FINALIZATION_TREE.csv","404","AUDIT-000401","Kozmetik & Kişisel Bakım > Cilt Bakımı","Kozmetik & Kişisel Bakım","Cilt Bakımı","Tonik & Esans","","3","Kozmetik & Kişisel Bakım > Cilt Bakımı > Tonik & Esans","kozmetik & kişisel bakım > cilt bakımı > tonik & esans","YES","CANDIDATE_FOR_PRODUCT_OWNER_FINALIZATION","REGULATED","Kozmetik & Kişisel Bakım","YES","YES","Batch 01 source proposal; finalization candidate; OM-R06=B; OM-R07=B; OM-R10=A","TEMPORARY_AUDIT_ID_NOT_PRODUCTION_STABLE_ID"
"AUDIT-000404","BATCH_01","709695961e900db91861a4307f76d24c73267367","docs/TAXONOMY_BATCH_01_FINALIZATION_TREE.csv","405","AUDIT-000401","Kozmetik & Kişisel Bakım > Cilt Bakımı","Kozmetik & Kişisel Bakım","Cilt Bakımı","Nemlendirici","","3","Kozmetik & Kişisel Bakım > Cilt Bakımı > Nemlendirici","kozmetik & kişisel bakım > cilt bakımı > nemlendirici","YES","CANDIDATE_FOR_PRODUCT_OWNER_FINALIZATION","REGULATED","Kozmetik & Kişisel Bakım","YES","YES","Batch 01 source proposal; finalization candidate; OM-R06=B; OM-R07=B; OM-R10=A","TEMPORARY_AUDIT_ID_NOT_PRODUCTION_STABLE_ID"
"AUDIT-000405","BATCH_01","709695961e900db91861a4307f76d24c73267367","docs/TAXONOMY_BATCH_01_FINALIZATION_TREE.csv","406","AUDIT-000401","Kozmetik & Kişisel Bakım > Cilt Bakımı","Kozmetik & Kişisel Bakım","Cilt Bakımı","Serum","","3","Kozmetik & Kişisel Bakım > Cilt Bakımı > Serum","kozmetik & kişisel bakım > cilt bakımı > serum","YES","CANDIDATE_FOR_PRODUCT_OWNER_FINALIZATION","REGULATED","Kozmetik & Kişisel Bakım","YES","YES","Batch 01 source proposal; finalization candidate; OM-R06=B; OM-R07=B; OM-R10=A","TEMPORARY_AUDIT_ID_NOT_PRODUCTION_STABLE_ID"
"AUDIT-000406","BATCH_01","709695961e900db91861a4307f76d24c73267367","docs/TAXONOMY_BATCH_01_FINALIZATION_TREE.csv","407","AUDIT-000401","Kozmetik & Kişisel Bakım > Cilt Bakımı","Kozmetik & Kişisel Bakım","Cilt Bakımı","Maske & Peeling","","3","Kozmetik & Kişisel Bakım > Cilt Bakımı > Maske & Peeling","kozmetik & kişisel bakım > cilt bakımı > maske & peeling","YES","CANDIDATE_FOR_PRODUCT_OWNER_FINALIZATION","REGULATED","Kozmetik & Kişisel Bakım","YES","YES","Batch 01 source proposal; finalization candidate; OM-R06=B; OM-R07=B; OM-R10=A","TEMPORARY_AUDIT_ID_NOT_PRODUCTION_STABLE_ID"
"AUDIT-000407","BATCH_01","709695961e900db91861a4307f76d24c73267367","docs/TAXONOMY_BATCH_01_FINALIZATION_TREE.csv","408","AUDIT-000401","Kozmetik & Kişisel Bakım > Cilt Bakımı","Kozmetik & Kişisel Bakım","Cilt Bakımı","Göz & Dudak Çevresi Bakımı","","3","Kozmetik & Kişisel Bakım > Cilt Bakımı > Göz & Dudak Çevresi Bakımı","kozmetik & kişisel bakım > cilt bakımı > göz & dudak çevresi bakımı","YES","CANDIDATE_FOR_PRODUCT_OWNER_FINALIZATION","REGULATED","Kozmetik & Kişisel Bakım","YES","YES","Batch 01 source proposal; finalization candidate; OM-R06=B; OM-R07=B; OM-R10=A","TEMPORARY_AUDIT_ID_NOT_PRODUCTION_STABLE_ID"
"AUDIT-000408","BATCH_01","709695961e900db91861a4307f76d24c73267367","docs/TAXONOMY_BATCH_01_FINALIZATION_TREE.csv","409","","Kozmetik & Kişisel Bakım","Kozmetik & Kişisel Bakım","Güneş Bakımı","","","2","Kozmetik & Kişisel Bakım > Güneş Bakımı","kozmetik & kişisel bakım > güneş bakımı","NO","CANDIDATE_FOR_PRODUCT_OWNER_FINALIZATION","REGULATED","Kozmetik & Kişisel Bakım","YES","YES","Batch 01 source proposal; finalization candidate; OM-R06=B; OM-R07=B; OM-R10=A","TEMPORARY_AUDIT_ID_NOT_PRODUCTION_STABLE_ID"
"AUDIT-000409","BATCH_01","709695961e900db91861a4307f76d24c73267367","docs/TAXONOMY_BATCH_01_FINALIZATION_TREE.csv","410","AUDIT-000408","Kozmetik & Kişisel Bakım > Güneş Bakımı","Kozmetik & Kişisel Bakım","Güneş Bakımı","Güneş Koruyucu","","3","Kozmetik & Kişisel Bakım > Güneş Bakımı > Güneş Koruyucu","kozmetik & kişisel bakım > güneş bakımı > güneş koruyucu","YES","CANDIDATE_FOR_PRODUCT_OWNER_FINALIZATION","REGULATED","Kozmetik & Kişisel Bakım","YES","YES","Batch 01 source proposal; finalization candidate; OM-R06=B; OM-R07=B; OM-R10=A","TEMPORARY_AUDIT_ID_NOT_PRODUCTION_STABLE_ID"
"AUDIT-000410","BATCH_01","709695961e900db91861a4307f76d24c73267367","docs/TAXONOMY_BATCH_01_FINALIZATION_TREE.csv","411","AUDIT-000408","Kozmetik & Kişisel Bakım > Güneş Bakımı","Kozmetik & Kişisel Bakım","Güneş Bakımı","Güneş Sonrası Bakım","","3","Kozmetik & Kişisel Bakım > Güneş Bakımı > Güneş Sonrası Bakım","kozmetik & kişisel bakım > güneş bakımı > güneş sonrası bakım","YES","CANDIDATE_FOR_PRODUCT_OWNER_FINALIZATION","REGULATED","Kozmetik & Kişisel Bakım","YES","YES","Batch 01 source proposal; finalization candidate; OM-R06=B; OM-R07=B; OM-R10=A","TEMPORARY_AUDIT_ID_NOT_PRODUCTION_STABLE_ID"
"AUDIT-000411","BATCH_01","709695961e900db91861a4307f76d24c73267367","docs/TAXONOMY_BATCH_01_FINALIZATION_TREE.csv","412","AUDIT-000408","Kozmetik & Kişisel Bakım > Güneş Bakımı","Kozmetik & Kişisel Bakım","Güneş Bakımı","Bronzlaştırıcı & Otobronzan","","3","Kozmetik & Kişisel Bakım > Güneş Bakımı > Bronzlaştırıcı & Otobronzan","kozmetik & kişisel bakım > güneş bakımı > bronzlaştırıcı & otobronzan","YES","CANDIDATE_FOR_PRODUCT_OWNER_FINALIZATION","REGULATED","Kozmetik & Kişisel Bakım","YES","YES","Batch 01 source proposal; finalization candidate; OM-R06=B; OM-R07=B; OM-R10=A","TEMPORARY_AUDIT_ID_NOT_PRODUCTION_STABLE_ID"
"AUDIT-000412","BATCH_01","709695961e900db91861a4307f76d24c73267367","docs/TAXONOMY_BATCH_01_FINALIZATION_TREE.csv","413","","Kozmetik & Kişisel Bakım","Kozmetik & Kişisel Bakım","Saç Bakımı & Şekillendirme","","","2","Kozmetik & Kişisel Bakım > Saç Bakımı & Şekillendirme","kozmetik & kişisel bakım > saç bakımı & şekillendirme","NO","CANDIDATE_FOR_PRODUCT_OWNER_FINALIZATION","LEGAL_REVIEW_REQUIRED","Kozmetik & Kişisel Bakım","YES","YES","Batch 01 source proposal; finalization candidate; OM-R06=B; OM-R07=B; OM-R10=A","TEMPORARY_AUDIT_ID_NOT_PRODUCTION_STABLE_ID"
"AUDIT-000413","BATCH_01","709695961e900db91861a4307f76d24c73267367","docs/TAXONOMY_BATCH_01_FINALIZATION_TREE.csv","414","AUDIT-000412","Kozmetik & Kişisel Bakım > Saç Bakımı & Şekillendirme","Kozmetik & Kişisel Bakım","Saç Bakımı & Şekillendirme","Şampuan","","3","Kozmetik & Kişisel Bakım > Saç Bakımı & Şekillendirme > Şampuan","kozmetik & kişisel bakım > saç bakımı & şekillendirme > şampuan","YES","CANDIDATE_FOR_PRODUCT_OWNER_FINALIZATION","REGULATED","Kozmetik & Kişisel Bakım","YES","YES","Batch 01 source proposal; finalization candidate; OM-R06=B; OM-R07=B; OM-R10=A","TEMPORARY_AUDIT_ID_NOT_PRODUCTION_STABLE_ID"
"AUDIT-000414","BATCH_01","709695961e900db91861a4307f76d24c73267367","docs/TAXONOMY_BATCH_01_FINALIZATION_TREE.csv","415","AUDIT-000412","Kozmetik & Kişisel Bakım > Saç Bakımı & Şekillendirme","Kozmetik & Kişisel Bakım","Saç Bakımı & Şekillendirme","Saç Kremi & Maskesi","","3","Kozmetik & Kişisel Bakım > Saç Bakımı & Şekillendirme > Saç Kremi & Maskesi","kozmetik & kişisel bakım > saç bakımı & şekillendirme > saç kremi & maskesi","YES","CANDIDATE_FOR_PRODUCT_OWNER_FINALIZATION","REGULATED","Kozmetik & Kişisel Bakım","YES","YES","Batch 01 source proposal; finalization candidate; OM-R06=B; OM-R07=B; OM-R10=A","TEMPORARY_AUDIT_ID_NOT_PRODUCTION_STABLE_ID"
"AUDIT-000415","BATCH_01","709695961e900db91861a4307f76d24c73267367","docs/TAXONOMY_BATCH_01_FINALIZATION_TREE.csv","416","AUDIT-000412","Kozmetik & Kişisel Bakım > Saç Bakımı & Şekillendirme","Kozmetik & Kişisel Bakım","Saç Bakımı & Şekillendirme","Saç Yağı & Serumu","","3","Kozmetik & Kişisel Bakım > Saç Bakımı & Şekillendirme > Saç Yağı & Serumu","kozmetik & kişisel bakım > saç bakımı & şekillendirme > saç yağı & serumu","YES","CANDIDATE_FOR_PRODUCT_OWNER_FINALIZATION","REGULATED","Kozmetik & Kişisel Bakım","YES","YES","Batch 01 source proposal; finalization candidate; OM-R06=B; OM-R07=B; OM-R10=A","TEMPORARY_AUDIT_ID_NOT_PRODUCTION_STABLE_ID"
"AUDIT-000416","BATCH_01","709695961e900db91861a4307f76d24c73267367","docs/TAXONOMY_BATCH_01_FINALIZATION_TREE.csv","417","AUDIT-000412","Kozmetik & Kişisel Bakım > Saç Bakımı & Şekillendirme","Kozmetik & Kişisel Bakım","Saç Bakımı & Şekillendirme","Saç Şekillendirici","","3","Kozmetik & Kişisel Bakım > Saç Bakımı & Şekillendirme > Saç Şekillendirici","kozmetik & kişisel bakım > saç bakımı & şekillendirme > saç şekillendirici","YES","CANDIDATE_FOR_PRODUCT_OWNER_FINALIZATION","REGULATED","Kozmetik & Kişisel Bakım","YES","YES","Batch 01 source proposal; finalization candidate; OM-R06=B; OM-R07=B; OM-R10=A","TEMPORARY_AUDIT_ID_NOT_PRODUCTION_STABLE_ID"
"AUDIT-000417","BATCH_01","709695961e900db91861a4307f76d24c73267367","docs/TAXONOMY_BATCH_01_FINALIZATION_TREE.csv","418","AUDIT-000412","Kozmetik & Kişisel Bakım > Saç Bakımı & Şekillendirme","Kozmetik & Kişisel Bakım","Saç Bakımı & Şekillendirme","Saç Boyası & Açıcı","","3","Kozmetik & Kişisel Bakım > Saç Bakımı & Şekillendirme > Saç Boyası & Açıcı","kozmetik & kişisel bakım > saç bakımı & şekillendirme > saç boyası & açıcı","YES","CANDIDATE_FOR_PRODUCT_OWNER_FINALIZATION","REGULATED","Kozmetik & Kişisel Bakım","YES","YES","Batch 01 source proposal; finalization candidate; OM-R06=B; OM-R07=B; OM-R10=A","TEMPORARY_AUDIT_ID_NOT_PRODUCTION_STABLE_ID"
"AUDIT-000418","BATCH_01","709695961e900db91861a4307f76d24c73267367","docs/TAXONOMY_BATCH_01_FINALIZATION_TREE.csv","419","AUDIT-000412","Kozmetik & Kişisel Bakım > Saç Bakımı & Şekillendirme","Kozmetik & Kişisel Bakım","Saç Bakımı & Şekillendirme","Saç Derisi Bakımı","","3","Kozmetik & Kişisel Bakım > Saç Bakımı & Şekillendirme > Saç Derisi Bakımı","kozmetik & kişisel bakım > saç bakımı & şekillendirme > saç derisi bakımı","YES","CANDIDATE_FOR_PRODUCT_OWNER_FINALIZATION","LEGAL_REVIEW_REQUIRED","Kozmetik & Kişisel Bakım","YES","YES","Batch 01 source proposal; finalization candidate; OM-R06=B; OM-R07=B; OM-R10=A","TEMPORARY_AUDIT_ID_NOT_PRODUCTION_STABLE_ID"
"AUDIT-000419","BATCH_01","709695961e900db91861a4307f76d24c73267367","docs/TAXONOMY_BATCH_01_FINALIZATION_TREE.csv","420","","Kozmetik & Kişisel Bakım","Kozmetik & Kişisel Bakım","Parfüm & Deodorant","","","2","Kozmetik & Kişisel Bakım > Parfüm & Deodorant","kozmetik & kişisel bakım > parfüm & deodorant","NO","CANDIDATE_FOR_PRODUCT_OWNER_FINALIZATION","REGULATED","Kozmetik & Kişisel Bakım","YES","YES","Batch 01 source proposal; finalization candidate; OM-R06=B; OM-R07=B; OM-R10=A","TEMPORARY_AUDIT_ID_NOT_PRODUCTION_STABLE_ID"
"AUDIT-000420","BATCH_01","709695961e900db91861a4307f76d24c73267367","docs/TAXONOMY_BATCH_01_FINALIZATION_TREE.csv","421","AUDIT-000419","Kozmetik & Kişisel Bakım > Parfüm & Deodorant","Kozmetik & Kişisel Bakım","Parfüm & Deodorant","Parfüm","","3","Kozmetik & Kişisel Bakım > Parfüm & Deodorant > Parfüm","kozmetik & kişisel bakım > parfüm & deodorant > parfüm","YES","CANDIDATE_FOR_PRODUCT_OWNER_FINALIZATION","REGULATED","Kozmetik & Kişisel Bakım","YES","YES","Batch 01 source proposal; finalization candidate; OM-R06=B; OM-R07=B; OM-R10=A","TEMPORARY_AUDIT_ID_NOT_PRODUCTION_STABLE_ID"
"AUDIT-000421","BATCH_01","709695961e900db91861a4307f76d24c73267367","docs/TAXONOMY_BATCH_01_FINALIZATION_TREE.csv","422","AUDIT-000419","Kozmetik & Kişisel Bakım > Parfüm & Deodorant","Kozmetik & Kişisel Bakım","Parfüm & Deodorant","Vücut Spreyi & Kolonya","","3","Kozmetik & Kişisel Bakım > Parfüm & Deodorant > Vücut Spreyi & Kolonya","kozmetik & kişisel bakım > parfüm & deodorant > vücut spreyi & kolonya","YES","CANDIDATE_FOR_PRODUCT_OWNER_FINALIZATION","REGULATED","Kozmetik & Kişisel Bakım","YES","YES","Batch 01 source proposal; finalization candidate; OM-R06=B; OM-R07=B; OM-R10=A","TEMPORARY_AUDIT_ID_NOT_PRODUCTION_STABLE_ID"
"AUDIT-000422","BATCH_01","709695961e900db91861a4307f76d24c73267367","docs/TAXONOMY_BATCH_01_FINALIZATION_TREE.csv","423","AUDIT-000419","Kozmetik & Kişisel Bakım > Parfüm & Deodorant","Kozmetik & Kişisel Bakım","Parfüm & Deodorant","Deodorant & Terleme Karşıtı","","3","Kozmetik & Kişisel Bakım > Parfüm & Deodorant > Deodorant & Terleme Karşıtı","kozmetik & kişisel bakım > parfüm & deodorant > deodorant & terleme karşıtı","YES","CANDIDATE_FOR_PRODUCT_OWNER_FINALIZATION","REGULATED","Kozmetik & Kişisel Bakım","YES","YES","Batch 01 source proposal; finalization candidate; OM-R06=B; OM-R07=B; OM-R10=A","TEMPORARY_AUDIT_ID_NOT_PRODUCTION_STABLE_ID"
"AUDIT-000423","BATCH_01","709695961e900db91861a4307f76d24c73267367","docs/TAXONOMY_BATCH_01_FINALIZATION_TREE.csv","424","","Kozmetik & Kişisel Bakım","Kozmetik & Kişisel Bakım","Banyo & Vücut Bakımı","","","2","Kozmetik & Kişisel Bakım > Banyo & Vücut Bakımı","kozmetik & kişisel bakım > banyo & vücut bakımı","NO","CANDIDATE_FOR_PRODUCT_OWNER_FINALIZATION","REGULATED","Kozmetik & Kişisel Bakım","YES","YES","Batch 01 source proposal; finalization candidate; OM-R06=B; OM-R07=B; OM-R10=A","TEMPORARY_AUDIT_ID_NOT_PRODUCTION_STABLE_ID"
"AUDIT-000424","BATCH_01","709695961e900db91861a4307f76d24c73267367","docs/TAXONOMY_BATCH_01_FINALIZATION_TREE.csv","425","AUDIT-000423","Kozmetik & Kişisel Bakım > Banyo & Vücut Bakımı","Kozmetik & Kişisel Bakım","Banyo & Vücut Bakımı","Sabun & Duş Ürünleri","","3","Kozmetik & Kişisel Bakım > Banyo & Vücut Bakımı > Sabun & Duş Ürünleri","kozmetik & kişisel bakım > banyo & vücut bakımı > sabun & duş ürünleri","YES","CANDIDATE_FOR_PRODUCT_OWNER_FINALIZATION","REGULATED","Kozmetik & Kişisel Bakım","YES","YES","Batch 01 source proposal; finalization candidate; OM-R06=B; OM-R07=B; OM-R10=A","TEMPORARY_AUDIT_ID_NOT_PRODUCTION_STABLE_ID"
"AUDIT-000425","BATCH_01","709695961e900db91861a4307f76d24c73267367","docs/TAXONOMY_BATCH_01_FINALIZATION_TREE.csv","426","AUDIT-000423","Kozmetik & Kişisel Bakım > Banyo & Vücut Bakımı","Kozmetik & Kişisel Bakım","Banyo & Vücut Bakımı","Vücut Nemlendirici","","3","Kozmetik & Kişisel Bakım > Banyo & Vücut Bakımı > Vücut Nemlendirici","kozmetik & kişisel bakım > banyo & vücut bakımı > vücut nemlendirici","YES","CANDIDATE_FOR_PRODUCT_OWNER_FINALIZATION","REGULATED","Kozmetik & Kişisel Bakım","YES","YES","Batch 01 source proposal; finalization candidate; OM-R06=B; OM-R07=B; OM-R10=A","TEMPORARY_AUDIT_ID_NOT_PRODUCTION_STABLE_ID"
"AUDIT-000426","BATCH_01","709695961e900db91861a4307f76d24c73267367","docs/TAXONOMY_BATCH_01_FINALIZATION_TREE.csv","427","AUDIT-000423","Kozmetik & Kişisel Bakım > Banyo & Vücut Bakımı","Kozmetik & Kişisel Bakım","Banyo & Vücut Bakımı","Vücut Peelingi","","3","Kozmetik & Kişisel Bakım > Banyo & Vücut Bakımı > Vücut Peelingi","kozmetik & kişisel bakım > banyo & vücut bakımı > vücut peelingi","YES","CANDIDATE_FOR_PRODUCT_OWNER_FINALIZATION","REGULATED","Kozmetik & Kişisel Bakım","YES","YES","Batch 01 source proposal; finalization candidate; OM-R06=B; OM-R07=B; OM-R10=A","TEMPORARY_AUDIT_ID_NOT_PRODUCTION_STABLE_ID"
"AUDIT-000427","BATCH_01","709695961e900db91861a4307f76d24c73267367","docs/TAXONOMY_BATCH_01_FINALIZATION_TREE.csv","428","AUDIT-000423","Kozmetik & Kişisel Bakım > Banyo & Vücut Bakımı","Kozmetik & Kişisel Bakım","Banyo & Vücut Bakımı","Banyo Ürünleri","","3","Kozmetik & Kişisel Bakım > Banyo & Vücut Bakımı > Banyo Ürünleri","kozmetik & kişisel bakım > banyo & vücut bakımı > banyo ürünleri","YES","CANDIDATE_FOR_PRODUCT_OWNER_FINALIZATION","REGULATED","Kozmetik & Kişisel Bakım","YES","YES","Batch 01 source proposal; finalization candidate; OM-R06=B; OM-R07=B; OM-R10=A","TEMPORARY_AUDIT_ID_NOT_PRODUCTION_STABLE_ID"
"AUDIT-000428","BATCH_01","709695961e900db91861a4307f76d24c73267367","docs/TAXONOMY_BATCH_01_FINALIZATION_TREE.csv","429","AUDIT-000423","Kozmetik & Kişisel Bakım > Banyo & Vücut Bakımı","Kozmetik & Kişisel Bakım","Banyo & Vücut Bakımı","Vücut Yağı","","3","Kozmetik & Kişisel Bakım > Banyo & Vücut Bakımı > Vücut Yağı","kozmetik & kişisel bakım > banyo & vücut bakımı > vücut yağı","YES","CANDIDATE_FOR_PRODUCT_OWNER_FINALIZATION","REGULATED","Kozmetik & Kişisel Bakım","YES","YES","Batch 01 source proposal; finalization candidate; OM-R06=B; OM-R07=B; OM-R10=A","TEMPORARY_AUDIT_ID_NOT_PRODUCTION_STABLE_ID"
"AUDIT-000429","BATCH_01","709695961e900db91861a4307f76d24c73267367","docs/TAXONOMY_BATCH_01_FINALIZATION_TREE.csv","430","","Kozmetik & Kişisel Bakım","Kozmetik & Kişisel Bakım","El, Ayak & Tırnak Bakımı","","","2","Kozmetik & Kişisel Bakım > El, Ayak & Tırnak Bakımı","kozmetik & kişisel bakım > el, ayak & tırnak bakımı","NO","CANDIDATE_FOR_PRODUCT_OWNER_FINALIZATION","REGULATED","Kozmetik & Kişisel Bakım","YES","YES","Batch 01 source proposal; finalization candidate; OM-R06=B; OM-R07=B; OM-R10=A","TEMPORARY_AUDIT_ID_NOT_PRODUCTION_STABLE_ID"
"AUDIT-000430","BATCH_01","709695961e900db91861a4307f76d24c73267367","docs/TAXONOMY_BATCH_01_FINALIZATION_TREE.csv","431","AUDIT-000429","Kozmetik & Kişisel Bakım > El, Ayak & Tırnak Bakımı","Kozmetik & Kişisel Bakım","El, Ayak & Tırnak Bakımı","El Bakımı","","3","Kozmetik & Kişisel Bakım > El, Ayak & Tırnak Bakımı > El Bakımı","kozmetik & kişisel bakım > el, ayak & tırnak bakımı > el bakımı","YES","CANDIDATE_FOR_PRODUCT_OWNER_FINALIZATION","REGULATED","Kozmetik & Kişisel Bakım","YES","YES","Batch 01 source proposal; finalization candidate; OM-R06=B; OM-R07=B; OM-R10=A","TEMPORARY_AUDIT_ID_NOT_PRODUCTION_STABLE_ID"
"AUDIT-000431","BATCH_01","709695961e900db91861a4307f76d24c73267367","docs/TAXONOMY_BATCH_01_FINALIZATION_TREE.csv","432","AUDIT-000429","Kozmetik & Kişisel Bakım > El, Ayak & Tırnak Bakımı","Kozmetik & Kişisel Bakım","El, Ayak & Tırnak Bakımı","Ayak Bakımı","","3","Kozmetik & Kişisel Bakım > El, Ayak & Tırnak Bakımı > Ayak Bakımı","kozmetik & kişisel bakım > el, ayak & tırnak bakımı > ayak bakımı","YES","CANDIDATE_FOR_PRODUCT_OWNER_FINALIZATION","REGULATED","Kozmetik & Kişisel Bakım","YES","YES","Batch 01 source proposal; finalization candidate; OM-R06=B; OM-R07=B; OM-R10=A","TEMPORARY_AUDIT_ID_NOT_PRODUCTION_STABLE_ID"
"AUDIT-000432","BATCH_01","709695961e900db91861a4307f76d24c73267367","docs/TAXONOMY_BATCH_01_FINALIZATION_TREE.csv","433","AUDIT-000429","Kozmetik & Kişisel Bakım > El, Ayak & Tırnak Bakımı","Kozmetik & Kişisel Bakım","El, Ayak & Tırnak Bakımı","Tırnak Bakımı","","3","Kozmetik & Kişisel Bakım > El, Ayak & Tırnak Bakımı > Tırnak Bakımı","kozmetik & kişisel bakım > el, ayak & tırnak bakımı > tırnak bakımı","YES","CANDIDATE_FOR_PRODUCT_OWNER_FINALIZATION","REGULATED","Kozmetik & Kişisel Bakım","YES","YES","Batch 01 source proposal; finalization candidate; OM-R06=B; OM-R07=B; OM-R10=A","TEMPORARY_AUDIT_ID_NOT_PRODUCTION_STABLE_ID"
"AUDIT-000433","BATCH_01","709695961e900db91861a4307f76d24c73267367","docs/TAXONOMY_BATCH_01_FINALIZATION_TREE.csv","434","AUDIT-000429","Kozmetik & Kişisel Bakım > El, Ayak & Tırnak Bakımı","Kozmetik & Kişisel Bakım","El, Ayak & Tırnak Bakımı","Manikür & Pedikür Bakım Ürünleri","","3","Kozmetik & Kişisel Bakım > El, Ayak & Tırnak Bakımı > Manikür & Pedikür Bakım Ürünleri","kozmetik & kişisel bakım > el, ayak & tırnak bakımı > manikür & pedikür bakım ürünleri","YES","CANDIDATE_FOR_PRODUCT_OWNER_FINALIZATION","REGULATED","Kozmetik & Kişisel Bakım","YES","YES","Batch 01 source proposal; finalization candidate; OM-R06=B; OM-R07=B; OM-R10=A","TEMPORARY_AUDIT_ID_NOT_PRODUCTION_STABLE_ID"
"AUDIT-000434","BATCH_01","709695961e900db91861a4307f76d24c73267367","docs/TAXONOMY_BATCH_01_FINALIZATION_TREE.csv","435","","Kozmetik & Kişisel Bakım","Kozmetik & Kişisel Bakım","Ağız & Diş Bakımı","","","2","Kozmetik & Kişisel Bakım > Ağız & Diş Bakımı","kozmetik & kişisel bakım > ağız & diş bakımı","NO","CANDIDATE_FOR_PRODUCT_OWNER_FINALIZATION","LEGAL_REVIEW_REQUIRED","Kozmetik & Kişisel Bakım","YES","YES","Batch 01 source proposal; finalization candidate; OM-R06=B; OM-R07=B; OM-R10=A","TEMPORARY_AUDIT_ID_NOT_PRODUCTION_STABLE_ID"
"AUDIT-000435","BATCH_01","709695961e900db91861a4307f76d24c73267367","docs/TAXONOMY_BATCH_01_FINALIZATION_TREE.csv","436","AUDIT-000434","Kozmetik & Kişisel Bakım > Ağız & Diş Bakımı","Kozmetik & Kişisel Bakım","Ağız & Diş Bakımı","Diş Macunu","","3","Kozmetik & Kişisel Bakım > Ağız & Diş Bakımı > Diş Macunu","kozmetik & kişisel bakım > ağız & diş bakımı > diş macunu","YES","CANDIDATE_FOR_PRODUCT_OWNER_FINALIZATION","REGULATED","Kozmetik & Kişisel Bakım","YES","YES","Batch 01 source proposal; finalization candidate; OM-R06=B; OM-R07=B; OM-R10=A","TEMPORARY_AUDIT_ID_NOT_PRODUCTION_STABLE_ID"
"AUDIT-000436","BATCH_01","709695961e900db91861a4307f76d24c73267367","docs/TAXONOMY_BATCH_01_FINALIZATION_TREE.csv","437","AUDIT-000434","Kozmetik & Kişisel Bakım > Ağız & Diş Bakımı","Kozmetik & Kişisel Bakım","Ağız & Diş Bakımı","Manuel Diş Fırçası","","3","Kozmetik & Kişisel Bakım > Ağız & Diş Bakımı > Manuel Diş Fırçası","kozmetik & kişisel bakım > ağız & diş bakımı > manuel diş fırçası","YES","CANDIDATE_FOR_PRODUCT_OWNER_FINALIZATION","REGULATED","Kozmetik & Kişisel Bakım","YES","YES","Batch 01 source proposal; finalization candidate; OM-R06=B; OM-R07=B; OM-R10=A","TEMPORARY_AUDIT_ID_NOT_PRODUCTION_STABLE_ID"
"AUDIT-000437","BATCH_01","709695961e900db91861a4307f76d24c73267367","docs/TAXONOMY_BATCH_01_FINALIZATION_TREE.csv","438","AUDIT-000434","Kozmetik & Kişisel Bakım > Ağız & Diş Bakımı","Kozmetik & Kişisel Bakım","Ağız & Diş Bakımı","Diş İpi & Arayüz Bakımı","","3","Kozmetik & Kişisel Bakım > Ağız & Diş Bakımı > Diş İpi & Arayüz Bakımı","kozmetik & kişisel bakım > ağız & diş bakımı > diş ipi & arayüz bakımı","YES","CANDIDATE_FOR_PRODUCT_OWNER_FINALIZATION","REGULATED","Kozmetik & Kişisel Bakım","YES","YES","Batch 01 source proposal; finalization candidate; OM-R06=B; OM-R07=B; OM-R10=A","TEMPORARY_AUDIT_ID_NOT_PRODUCTION_STABLE_ID"
"AUDIT-000438","BATCH_01","709695961e900db91861a4307f76d24c73267367","docs/TAXONOMY_BATCH_01_FINALIZATION_TREE.csv","439","AUDIT-000434","Kozmetik & Kişisel Bakım > Ağız & Diş Bakımı","Kozmetik & Kişisel Bakım","Ağız & Diş Bakımı","Ağız Çalkalama Suyu","","3","Kozmetik & Kişisel Bakım > Ağız & Diş Bakımı > Ağız Çalkalama Suyu","kozmetik & kişisel bakım > ağız & diş bakımı > ağız çalkalama suyu","YES","CANDIDATE_FOR_PRODUCT_OWNER_FINALIZATION","REGULATED","Kozmetik & Kişisel Bakım","YES","YES","Batch 01 source proposal; finalization candidate; OM-R06=B; OM-R07=B; OM-R10=A","TEMPORARY_AUDIT_ID_NOT_PRODUCTION_STABLE_ID"
"AUDIT-000439","BATCH_01","709695961e900db91861a4307f76d24c73267367","docs/TAXONOMY_BATCH_01_FINALIZATION_TREE.csv","440","AUDIT-000434","Kozmetik & Kişisel Bakım > Ağız & Diş Bakımı","Kozmetik & Kişisel Bakım","Ağız & Diş Bakımı","Protez Diş Bakımı","","3","Kozmetik & Kişisel Bakım > Ağız & Diş Bakımı > Protez Diş Bakımı","kozmetik & kişisel bakım > ağız & diş bakımı > protez diş bakımı","YES","CANDIDATE_FOR_PRODUCT_OWNER_FINALIZATION","LEGAL_REVIEW_REQUIRED","Kozmetik & Kişisel Bakım","YES","YES","Batch 01 source proposal; finalization candidate; OM-R06=B; OM-R07=B; OM-R10=A","TEMPORARY_AUDIT_ID_NOT_PRODUCTION_STABLE_ID"
"AUDIT-000440","BATCH_01","709695961e900db91861a4307f76d24c73267367","docs/TAXONOMY_BATCH_01_FINALIZATION_TREE.csv","441","","Kozmetik & Kişisel Bakım","Kozmetik & Kişisel Bakım","Kişisel Hijyen","","","2","Kozmetik & Kişisel Bakım > Kişisel Hijyen","kozmetik & kişisel bakım > kişisel hijyen","NO","CANDIDATE_FOR_PRODUCT_OWNER_FINALIZATION","LEGAL_REVIEW_REQUIRED","Kozmetik & Kişisel Bakım","YES","YES","Batch 01 source proposal; finalization candidate; OM-R06=B; OM-R07=B; OM-R10=A","TEMPORARY_AUDIT_ID_NOT_PRODUCTION_STABLE_ID"
"AUDIT-000441","BATCH_01","709695961e900db91861a4307f76d24c73267367","docs/TAXONOMY_BATCH_01_FINALIZATION_TREE.csv","442","AUDIT-000440","Kozmetik & Kişisel Bakım > Kişisel Hijyen","Kozmetik & Kişisel Bakım","Kişisel Hijyen","Menstrüel Hijyen","","3","Kozmetik & Kişisel Bakım > Kişisel Hijyen > Menstrüel Hijyen","kozmetik & kişisel bakım > kişisel hijyen > menstrüel hijyen","YES","CANDIDATE_FOR_PRODUCT_OWNER_FINALIZATION","REGULATED","Kozmetik & Kişisel Bakım","YES","YES","Batch 01 source proposal; finalization candidate; OM-R06=B; OM-R07=B; OM-R10=A","TEMPORARY_AUDIT_ID_NOT_PRODUCTION_STABLE_ID"
"AUDIT-000442","BATCH_01","709695961e900db91861a4307f76d24c73267367","docs/TAXONOMY_BATCH_01_FINALIZATION_TREE.csv","443","AUDIT-000440","Kozmetik & Kişisel Bakım > Kişisel Hijyen","Kozmetik & Kişisel Bakım","Kişisel Hijyen","İnkontinans Hijyeni","","3","Kozmetik & Kişisel Bakım > Kişisel Hijyen > İnkontinans Hijyeni","kozmetik & kişisel bakım > kişisel hijyen > inkontinans hijyeni","YES","CANDIDATE_FOR_PRODUCT_OWNER_FINALIZATION","LEGAL_REVIEW_REQUIRED","Kozmetik & Kişisel Bakım","YES","YES","Batch 01 source proposal; finalization candidate; OM-R06=B; OM-R07=B; OM-R10=A","TEMPORARY_AUDIT_ID_NOT_PRODUCTION_STABLE_ID"
"AUDIT-000443","BATCH_01","709695961e900db91861a4307f76d24c73267367","docs/TAXONOMY_BATCH_01_FINALIZATION_TREE.csv","444","AUDIT-000440","Kozmetik & Kişisel Bakım > Kişisel Hijyen","Kozmetik & Kişisel Bakım","Kişisel Hijyen","İntim Hijyen","","3","Kozmetik & Kişisel Bakım > Kişisel Hijyen > İntim Hijyen","kozmetik & kişisel bakım > kişisel hijyen > intim hijyen","YES","CANDIDATE_FOR_PRODUCT_OWNER_FINALIZATION","LEGAL_REVIEW_REQUIRED","Kozmetik & Kişisel Bakım","YES","YES","Batch 01 source proposal; finalization candidate; OM-R06=B; OM-R07=B; OM-R10=A","TEMPORARY_AUDIT_ID_NOT_PRODUCTION_STABLE_ID"
"AUDIT-000444","BATCH_01","709695961e900db91861a4307f76d24c73267367","docs/TAXONOMY_BATCH_01_FINALIZATION_TREE.csv","445","AUDIT-000440","Kozmetik & Kişisel Bakım > Kişisel Hijyen","Kozmetik & Kişisel Bakım","Kişisel Hijyen","Islak Mendil","","3","Kozmetik & Kişisel Bakım > Kişisel Hijyen > Islak Mendil","kozmetik & kişisel bakım > kişisel hijyen > ıslak mendil","YES","CANDIDATE_FOR_PRODUCT_OWNER_FINALIZATION","REGULATED","Kozmetik & Kişisel Bakım","YES","YES","Batch 01 source proposal; finalization candidate; OM-R06=B; OM-R07=B; OM-R10=A","TEMPORARY_AUDIT_ID_NOT_PRODUCTION_STABLE_ID"
"AUDIT-000445","BATCH_01","709695961e900db91861a4307f76d24c73267367","docs/TAXONOMY_BATCH_01_FINALIZATION_TREE.csv","446","AUDIT-000440","Kozmetik & Kişisel Bakım > Kişisel Hijyen","Kozmetik & Kişisel Bakım","Kişisel Hijyen","Pamuk & Makyaj Pedi","","3","Kozmetik & Kişisel Bakım > Kişisel Hijyen > Pamuk & Makyaj Pedi","kozmetik & kişisel bakım > kişisel hijyen > pamuk & makyaj pedi","YES","CANDIDATE_FOR_PRODUCT_OWNER_FINALIZATION","REGULATED","Kozmetik & Kişisel Bakım","YES","YES","Batch 01 source proposal; finalization candidate; OM-R06=B; OM-R07=B; OM-R10=A","TEMPORARY_AUDIT_ID_NOT_PRODUCTION_STABLE_ID"
"AUDIT-000446","BATCH_01","709695961e900db91861a4307f76d24c73267367","docs/TAXONOMY_BATCH_01_FINALIZATION_TREE.csv","447","","Kozmetik & Kişisel Bakım","Kozmetik & Kişisel Bakım","Tıraş, Ağda & Epilasyon","","","2","Kozmetik & Kişisel Bakım > Tıraş, Ağda & Epilasyon","kozmetik & kişisel bakım > tıraş, ağda & epilasyon","NO","CANDIDATE_FOR_PRODUCT_OWNER_FINALIZATION","REGULATED","Kozmetik & Kişisel Bakım","YES","YES","Batch 01 source proposal; finalization candidate; OM-R06=B; OM-R07=B; OM-R10=A","TEMPORARY_AUDIT_ID_NOT_PRODUCTION_STABLE_ID"
"AUDIT-000447","BATCH_01","709695961e900db91861a4307f76d24c73267367","docs/TAXONOMY_BATCH_01_FINALIZATION_TREE.csv","448","AUDIT-000446","Kozmetik & Kişisel Bakım > Tıraş, Ağda & Epilasyon","Kozmetik & Kişisel Bakım","Tıraş, Ağda & Epilasyon","Manuel Tıraş Bıçağı & Yedekleri","","3","Kozmetik & Kişisel Bakım > Tıraş, Ağda & Epilasyon > Manuel Tıraş Bıçağı & Yedekleri","kozmetik & kişisel bakım > tıraş, ağda & epilasyon > manuel tıraş bıçağı & yedekleri","YES","CANDIDATE_FOR_PRODUCT_OWNER_FINALIZATION","REGULATED","Kozmetik & Kişisel Bakım","YES","YES","Batch 01 source proposal; finalization candidate; OM-R06=B; OM-R07=B; OM-R10=A","TEMPORARY_AUDIT_ID_NOT_PRODUCTION_STABLE_ID"
"AUDIT-000448","BATCH_01","709695961e900db91861a4307f76d24c73267367","docs/TAXONOMY_BATCH_01_FINALIZATION_TREE.csv","449","AUDIT-000446","Kozmetik & Kişisel Bakım > Tıraş, Ağda & Epilasyon","Kozmetik & Kişisel Bakım","Tıraş, Ağda & Epilasyon","Tıraş Hazırlık & Bakım Ürünleri","","3","Kozmetik & Kişisel Bakım > Tıraş, Ağda & Epilasyon > Tıraş Hazırlık & Bakım Ürünleri","kozmetik & kişisel bakım > tıraş, ağda & epilasyon > tıraş hazırlık & bakım ürünleri","YES","CANDIDATE_FOR_PRODUCT_OWNER_FINALIZATION","REGULATED","Kozmetik & Kişisel Bakım","YES","YES","Batch 01 source proposal; finalization candidate; OM-R06=B; OM-R07=B; OM-R10=A","TEMPORARY_AUDIT_ID_NOT_PRODUCTION_STABLE_ID"
"AUDIT-000449","BATCH_01","709695961e900db91861a4307f76d24c73267367","docs/TAXONOMY_BATCH_01_FINALIZATION_TREE.csv","450","AUDIT-000446","Kozmetik & Kişisel Bakım > Tıraş, Ağda & Epilasyon","Kozmetik & Kişisel Bakım","Tıraş, Ağda & Epilasyon","Ağda Ürünleri","","3","Kozmetik & Kişisel Bakım > Tıraş, Ağda & Epilasyon > Ağda Ürünleri","kozmetik & kişisel bakım > tıraş, ağda & epilasyon > ağda ürünleri","YES","CANDIDATE_FOR_PRODUCT_OWNER_FINALIZATION","REGULATED","Kozmetik & Kişisel Bakım","YES","YES","Batch 01 source proposal; finalization candidate; OM-R06=B; OM-R07=B; OM-R10=A","TEMPORARY_AUDIT_ID_NOT_PRODUCTION_STABLE_ID"
"AUDIT-000450","BATCH_01","709695961e900db91861a4307f76d24c73267367","docs/TAXONOMY_BATCH_01_FINALIZATION_TREE.csv","451","AUDIT-000446","Kozmetik & Kişisel Bakım > Tıraş, Ağda & Epilasyon","Kozmetik & Kişisel Bakım","Tıraş, Ağda & Epilasyon","Tüy Dökücü Ürünler","","3","Kozmetik & Kişisel Bakım > Tıraş, Ağda & Epilasyon > Tüy Dökücü Ürünler","kozmetik & kişisel bakım > tıraş, ağda & epilasyon > tüy dökücü ürünler","YES","CANDIDATE_FOR_PRODUCT_OWNER_FINALIZATION","REGULATED","Kozmetik & Kişisel Bakım","YES","YES","Batch 01 source proposal; finalization candidate; OM-R06=B; OM-R07=B; OM-R10=A","TEMPORARY_AUDIT_ID_NOT_PRODUCTION_STABLE_ID"
"AUDIT-000451","BATCH_01","709695961e900db91861a4307f76d24c73267367","docs/TAXONOMY_BATCH_01_FINALIZATION_TREE.csv","452","AUDIT-000446","Kozmetik & Kişisel Bakım > Tıraş, Ağda & Epilasyon","Kozmetik & Kişisel Bakım","Tıraş, Ağda & Epilasyon","Epilasyon Sarfları","","3","Kozmetik & Kişisel Bakım > Tıraş, Ağda & Epilasyon > Epilasyon Sarfları","kozmetik & kişisel bakım > tıraş, ağda & epilasyon > epilasyon sarfları","YES","CANDIDATE_FOR_PRODUCT_OWNER_FINALIZATION","REGULATED","Kozmetik & Kişisel Bakım","YES","YES","Batch 01 source proposal; finalization candidate; OM-R06=B; OM-R07=B; OM-R10=A","TEMPORARY_AUDIT_ID_NOT_PRODUCTION_STABLE_ID"
"AUDIT-000452","BATCH_01","709695961e900db91861a4307f76d24c73267367","docs/TAXONOMY_BATCH_01_FINALIZATION_TREE.csv","453","","Kozmetik & Kişisel Bakım","Kozmetik & Kişisel Bakım","Kozmetik & Bakım Aksesuarları","","","2","Kozmetik & Kişisel Bakım > Kozmetik & Bakım Aksesuarları","kozmetik & kişisel bakım > kozmetik & bakım aksesuarları","NO","CANDIDATE_FOR_PRODUCT_OWNER_FINALIZATION","REGULATED","Kozmetik & Kişisel Bakım","YES","YES","Batch 01 source proposal; finalization candidate; OM-R06=B; OM-R07=B; OM-R10=A","TEMPORARY_AUDIT_ID_NOT_PRODUCTION_STABLE_ID"
"AUDIT-000453","BATCH_01","709695961e900db91861a4307f76d24c73267367","docs/TAXONOMY_BATCH_01_FINALIZATION_TREE.csv","454","AUDIT-000452","Kozmetik & Kişisel Bakım > Kozmetik & Bakım Aksesuarları","Kozmetik & Kişisel Bakım","Kozmetik & Bakım Aksesuarları","Makyaj Uygulama Aksesuarları","","3","Kozmetik & Kişisel Bakım > Kozmetik & Bakım Aksesuarları > Makyaj Uygulama Aksesuarları","kozmetik & kişisel bakım > kozmetik & bakım aksesuarları > makyaj uygulama aksesuarları","YES","CANDIDATE_FOR_PRODUCT_OWNER_FINALIZATION","NORMAL","Kozmetik & Kişisel Bakım","YES","YES","Batch 01 source proposal; finalization candidate; OM-R06=B; OM-R07=B; OM-R10=A","TEMPORARY_AUDIT_ID_NOT_PRODUCTION_STABLE_ID"
"AUDIT-000454","BATCH_01","709695961e900db91861a4307f76d24c73267367","docs/TAXONOMY_BATCH_01_FINALIZATION_TREE.csv","455","AUDIT-000452","Kozmetik & Kişisel Bakım > Kozmetik & Bakım Aksesuarları","Kozmetik & Kişisel Bakım","Kozmetik & Bakım Aksesuarları","Saç Fırçası & Tarak","","3","Kozmetik & Kişisel Bakım > Kozmetik & Bakım Aksesuarları > Saç Fırçası & Tarak","kozmetik & kişisel bakım > kozmetik & bakım aksesuarları > saç fırçası & tarak","YES","CANDIDATE_FOR_PRODUCT_OWNER_FINALIZATION","NORMAL","Kozmetik & Kişisel Bakım","YES","YES","Batch 01 source proposal; finalization candidate; OM-R06=B; OM-R07=B; OM-R10=A","TEMPORARY_AUDIT_ID_NOT_PRODUCTION_STABLE_ID"
"AUDIT-000455","BATCH_01","709695961e900db91861a4307f76d24c73267367","docs/TAXONOMY_BATCH_01_FINALIZATION_TREE.csv","456","AUDIT-000452","Kozmetik & Kişisel Bakım > Kozmetik & Bakım Aksesuarları","Kozmetik & Kişisel Bakım","Kozmetik & Bakım Aksesuarları","Manikür & Pedikür Aletleri","","3","Kozmetik & Kişisel Bakım > Kozmetik & Bakım Aksesuarları > Manikür & Pedikür Aletleri","kozmetik & kişisel bakım > kozmetik & bakım aksesuarları > manikür & pedikür aletleri","YES","CANDIDATE_FOR_PRODUCT_OWNER_FINALIZATION","REGULATED","Kozmetik & Kişisel Bakım","YES","YES","Batch 01 source proposal; finalization candidate; OM-R06=B; OM-R07=B; OM-R10=A","TEMPORARY_AUDIT_ID_NOT_PRODUCTION_STABLE_ID"
"AUDIT-000456","BATCH_01","709695961e900db91861a4307f76d24c73267367","docs/TAXONOMY_BATCH_01_FINALIZATION_TREE.csv","457","AUDIT-000452","Kozmetik & Kişisel Bakım > Kozmetik & Bakım Aksesuarları","Kozmetik & Kişisel Bakım","Kozmetik & Bakım Aksesuarları","Bakım Aynaları","","3","Kozmetik & Kişisel Bakım > Kozmetik & Bakım Aksesuarları > Bakım Aynaları","kozmetik & kişisel bakım > kozmetik & bakım aksesuarları > bakım aynaları","YES","CANDIDATE_FOR_PRODUCT_OWNER_FINALIZATION","NORMAL","Kozmetik & Kişisel Bakım","YES","NO","Batch 01 source proposal; finalization candidate; OM-R06=B; OM-R07=B; OM-R10=A","TEMPORARY_AUDIT_ID_NOT_PRODUCTION_STABLE_ID"
"AUDIT-000457","BATCH_01","709695961e900db91861a4307f76d24c73267367","docs/TAXONOMY_BATCH_01_FINALIZATION_TREE.csv","458","AUDIT-000452","Kozmetik & Kişisel Bakım > Kozmetik & Bakım Aksesuarları","Kozmetik & Kişisel Bakım","Kozmetik & Bakım Aksesuarları","Kozmetik Uygulama Kapları","","3","Kozmetik & Kişisel Bakım > Kozmetik & Bakım Aksesuarları > Kozmetik Uygulama Kapları","kozmetik & kişisel bakım > kozmetik & bakım aksesuarları > kozmetik uygulama kapları","YES","CANDIDATE_FOR_PRODUCT_OWNER_FINALIZATION","NORMAL","Kozmetik & Kişisel Bakım","YES","YES","Batch 01 source proposal; finalization candidate; OM-R06=B; OM-R07=B; OM-R10=A","TEMPORARY_AUDIT_ID_NOT_PRODUCTION_STABLE_ID"
"AUDIT-000458","BATCH_02","28c40a3ac026c8712c9de0964de5fde42ba829dc","docs/TAXONOMY_BATCH_02_FINALIZATION_TREE.csv","2","","Ayakkabı","Ayakkabı","Günlük Ayakkabılar","","","2","Ayakkabı > Günlük Ayakkabılar","ayakkabı > günlük ayakkabılar","NO","CANDIDATE_FOR_PRODUCT_OWNER_FINALIZATION","NORMAL","Ayakkabı","YES","NO","Batch 02 source proposal; finalization candidate; OM-R06=B; OM-R07=B; OM-R10=A","TEMPORARY_AUDIT_ID_NOT_PRODUCTION_STABLE_ID"
"AUDIT-000459","BATCH_02","28c40a3ac026c8712c9de0964de5fde42ba829dc","docs/TAXONOMY_BATCH_02_FINALIZATION_TREE.csv","3","AUDIT-000458","Ayakkabı > Günlük Ayakkabılar","Ayakkabı","Günlük Ayakkabılar","Günlük Sneaker","","3","Ayakkabı > Günlük Ayakkabılar > Günlük Sneaker","ayakkabı > günlük ayakkabılar > günlük sneaker","YES","CANDIDATE_FOR_PRODUCT_OWNER_FINALIZATION","NORMAL","Ayakkabı","YES","NO","Batch 02 source proposal; finalization candidate; OM-R06=B; OM-R07=B; OM-R10=A","TEMPORARY_AUDIT_ID_NOT_PRODUCTION_STABLE_ID"
"AUDIT-000460","BATCH_02","28c40a3ac026c8712c9de0964de5fde42ba829dc","docs/TAXONOMY_BATCH_02_FINALIZATION_TREE.csv","4","AUDIT-000458","Ayakkabı > Günlük Ayakkabılar","Ayakkabı","Günlük Ayakkabılar","Günlük Bağcıklı Ayakkabılar","","3","Ayakkabı > Günlük Ayakkabılar > Günlük Bağcıklı Ayakkabılar","ayakkabı > günlük ayakkabılar > günlük bağcıklı ayakkabılar","YES","CANDIDATE_FOR_PRODUCT_OWNER_FINALIZATION","NORMAL","Ayakkabı","YES","NO","Batch 02 source proposal; finalization candidate; OM-R06=B; OM-R07=B; OM-R10=A","TEMPORARY_AUDIT_ID_NOT_PRODUCTION_STABLE_ID"
"AUDIT-000461","BATCH_02","28c40a3ac026c8712c9de0964de5fde42ba829dc","docs/TAXONOMY_BATCH_02_FINALIZATION_TREE.csv","5","AUDIT-000458","Ayakkabı > Günlük Ayakkabılar","Ayakkabı","Günlük Ayakkabılar","Loafer & Mokasen","","3","Ayakkabı > Günlük Ayakkabılar > Loafer & Mokasen","ayakkabı > günlük ayakkabılar > loafer & mokasen","YES","CANDIDATE_FOR_PRODUCT_OWNER_FINALIZATION","NORMAL","Ayakkabı","YES","NO","Batch 02 source proposal; finalization candidate; OM-R06=B; OM-R07=B; OM-R10=A","TEMPORARY_AUDIT_ID_NOT_PRODUCTION_STABLE_ID"
"AUDIT-000462","BATCH_02","28c40a3ac026c8712c9de0964de5fde42ba829dc","docs/TAXONOMY_BATCH_02_FINALIZATION_TREE.csv","6","AUDIT-000458","Ayakkabı > Günlük Ayakkabılar","Ayakkabı","Günlük Ayakkabılar","Babet & Düz Ayakkabılar","","3","Ayakkabı > Günlük Ayakkabılar > Babet & Düz Ayakkabılar","ayakkabı > günlük ayakkabılar > babet & düz ayakkabılar","YES","CANDIDATE_FOR_PRODUCT_OWNER_FINALIZATION","NORMAL","Ayakkabı","YES","NO","Batch 02 source proposal; finalization candidate; OM-R06=B; OM-R07=B; OM-R10=A","TEMPORARY_AUDIT_ID_NOT_PRODUCTION_STABLE_ID"
"AUDIT-000463","BATCH_02","28c40a3ac026c8712c9de0964de5fde42ba829dc","docs/TAXONOMY_BATCH_02_FINALIZATION_TREE.csv","7","AUDIT-000458","Ayakkabı > Günlük Ayakkabılar","Ayakkabı","Günlük Ayakkabılar","Slip-on & Espadril","","3","Ayakkabı > Günlük Ayakkabılar > Slip-on & Espadril","ayakkabı > günlük ayakkabılar > slip-on & espadril","YES","CANDIDATE_FOR_PRODUCT_OWNER_FINALIZATION","NORMAL","Ayakkabı","YES","NO","Batch 02 source proposal; finalization candidate; OM-R06=B; OM-R07=B; OM-R10=A","TEMPORARY_AUDIT_ID_NOT_PRODUCTION_STABLE_ID"
"AUDIT-000464","BATCH_02","28c40a3ac026c8712c9de0964de5fde42ba829dc","docs/TAXONOMY_BATCH_02_FINALIZATION_TREE.csv","8","","Ayakkabı","Ayakkabı","Spor Ayakkabıları","","","2","Ayakkabı > Spor Ayakkabıları","ayakkabı > spor ayakkabıları","NO","CANDIDATE_FOR_PRODUCT_OWNER_FINALIZATION","NORMAL","Ayakkabı","YES","YES","Batch 02 source proposal; finalization candidate; OM-R06=B; OM-R07=B; OM-R10=A","TEMPORARY_AUDIT_ID_NOT_PRODUCTION_STABLE_ID"
"AUDIT-000465","BATCH_02","28c40a3ac026c8712c9de0964de5fde42ba829dc","docs/TAXONOMY_BATCH_02_FINALIZATION_TREE.csv","9","AUDIT-000464","Ayakkabı > Spor Ayakkabıları","Ayakkabı","Spor Ayakkabıları","Koşu & Yürüyüş Ayakkabıları","","3","Ayakkabı > Spor Ayakkabıları > Koşu & Yürüyüş Ayakkabıları","ayakkabı > spor ayakkabıları > koşu & yürüyüş ayakkabıları","NO","CANDIDATE_FOR_PRODUCT_OWNER_FINALIZATION","NORMAL","Ayakkabı","YES","NO","Batch 02 source proposal; finalization candidate; OM-R06=B; OM-R07=B; OM-R10=A","TEMPORARY_AUDIT_ID_NOT_PRODUCTION_STABLE_ID"
"AUDIT-000466","BATCH_02","28c40a3ac026c8712c9de0964de5fde42ba829dc","docs/TAXONOMY_BATCH_02_FINALIZATION_TREE.csv","10","AUDIT-000465","Ayakkabı > Spor Ayakkabıları > Koşu & Yürüyüş Ayakkabıları","Ayakkabı","Spor Ayakkabıları","Koşu & Yürüyüş Ayakkabıları","Koşu Ayakkabıları","4","Ayakkabı > Spor Ayakkabıları > Koşu & Yürüyüş Ayakkabıları > Koşu Ayakkabıları","ayakkabı > spor ayakkabıları > koşu & yürüyüş ayakkabıları > koşu ayakkabıları","YES","CANDIDATE_FOR_PRODUCT_OWNER_FINALIZATION","NORMAL","Ayakkabı","YES","NO","Batch 02 source proposal; finalization candidate; OM-R06=B; OM-R07=B; OM-R10=A","TEMPORARY_AUDIT_ID_NOT_PRODUCTION_STABLE_ID"
"AUDIT-000467","BATCH_02","28c40a3ac026c8712c9de0964de5fde42ba829dc","docs/TAXONOMY_BATCH_02_FINALIZATION_TREE.csv","11","AUDIT-000465","Ayakkabı > Spor Ayakkabıları > Koşu & Yürüyüş Ayakkabıları","Ayakkabı","Spor Ayakkabıları","Koşu & Yürüyüş Ayakkabıları","Yürüyüş Ayakkabıları","4","Ayakkabı > Spor Ayakkabıları > Koşu & Yürüyüş Ayakkabıları > Yürüyüş Ayakkabıları","ayakkabı > spor ayakkabıları > koşu & yürüyüş ayakkabıları > yürüyüş ayakkabıları","YES","CANDIDATE_FOR_PRODUCT_OWNER_FINALIZATION","NORMAL","Ayakkabı","YES","NO","Batch 02 source proposal; finalization candidate; OM-R06=B; OM-R07=B; OM-R10=A","TEMPORARY_AUDIT_ID_NOT_PRODUCTION_STABLE_ID"
"AUDIT-000468","BATCH_02","28c40a3ac026c8712c9de0964de5fde42ba829dc","docs/TAXONOMY_BATCH_02_FINALIZATION_TREE.csv","12","AUDIT-000464","Ayakkabı > Spor Ayakkabıları","Ayakkabı","Spor Ayakkabıları","Antrenman & Salon Ayakkabıları","","3","Ayakkabı > Spor Ayakkabıları > Antrenman & Salon Ayakkabıları","ayakkabı > spor ayakkabıları > antrenman & salon ayakkabıları","YES","CANDIDATE_FOR_PRODUCT_OWNER_FINALIZATION","NORMAL","Ayakkabı","YES","NO","Batch 02 source proposal; finalization candidate; OM-R06=B; OM-R07=B; OM-R10=A","TEMPORARY_AUDIT_ID_NOT_PRODUCTION_STABLE_ID"
"AUDIT-000469","BATCH_02","28c40a3ac026c8712c9de0964de5fde42ba829dc","docs/TAXONOMY_BATCH_02_FINALIZATION_TREE.csv","13","AUDIT-000464","Ayakkabı > Spor Ayakkabıları","Ayakkabı","Spor Ayakkabıları","Takım Sporu Ayakkabıları","","3","Ayakkabı > Spor Ayakkabıları > Takım Sporu Ayakkabıları","ayakkabı > spor ayakkabıları > takım sporu ayakkabıları","NO","CANDIDATE_FOR_PRODUCT_OWNER_FINALIZATION","NORMAL","Ayakkabı","YES","NO","Batch 02 source proposal; finalization candidate; OM-R06=B; OM-R07=B; OM-R10=A","TEMPORARY_AUDIT_ID_NOT_PRODUCTION_STABLE_ID"
"AUDIT-000470","BATCH_02","28c40a3ac026c8712c9de0964de5fde42ba829dc","docs/TAXONOMY_BATCH_02_FINALIZATION_TREE.csv","14","AUDIT-000469","Ayakkabı > Spor Ayakkabıları > Takım Sporu Ayakkabıları","Ayakkabı","Spor Ayakkabıları","Takım Sporu Ayakkabıları","Futbol Kramponları","4","Ayakkabı > Spor Ayakkabıları > Takım Sporu Ayakkabıları > Futbol Kramponları","ayakkabı > spor ayakkabıları > takım sporu ayakkabıları > futbol kramponları","YES","CANDIDATE_FOR_PRODUCT_OWNER_FINALIZATION","NORMAL","Ayakkabı","YES","NO","Batch 02 source proposal; finalization candidate; OM-R06=B; OM-R07=B; OM-R10=A","TEMPORARY_AUDIT_ID_NOT_PRODUCTION_STABLE_ID"
"AUDIT-000471","BATCH_02","28c40a3ac026c8712c9de0964de5fde42ba829dc","docs/TAXONOMY_BATCH_02_FINALIZATION_TREE.csv","15","AUDIT-000469","Ayakkabı > Spor Ayakkabıları > Takım Sporu Ayakkabıları","Ayakkabı","Spor Ayakkabıları","Takım Sporu Ayakkabıları","Basketbol Ayakkabıları","4","Ayakkabı > Spor Ayakkabıları > Takım Sporu Ayakkabıları > Basketbol Ayakkabıları","ayakkabı > spor ayakkabıları > takım sporu ayakkabıları > basketbol ayakkabıları","YES","CANDIDATE_FOR_PRODUCT_OWNER_FINALIZATION","NORMAL","Ayakkabı","YES","NO","Batch 02 source proposal; finalization candidate; OM-R06=B; OM-R07=B; OM-R10=A","TEMPORARY_AUDIT_ID_NOT_PRODUCTION_STABLE_ID"
"AUDIT-000472","BATCH_02","28c40a3ac026c8712c9de0964de5fde42ba829dc","docs/TAXONOMY_BATCH_02_FINALIZATION_TREE.csv","16","AUDIT-000469","Ayakkabı > Spor Ayakkabıları > Takım Sporu Ayakkabıları","Ayakkabı","Spor Ayakkabıları","Takım Sporu Ayakkabıları","Diğer Takım Sporu Ayakkabıları","4","Ayakkabı > Spor Ayakkabıları > Takım Sporu Ayakkabıları > Diğer Takım Sporu Ayakkabıları","ayakkabı > spor ayakkabıları > takım sporu ayakkabıları > diğer takım sporu ayakkabıları","YES","CANDIDATE_FOR_PRODUCT_OWNER_FINALIZATION","NORMAL","Ayakkabı","YES","NO","Batch 02 source proposal; finalization candidate; OM-R06=B; OM-R07=B; OM-R10=A","TEMPORARY_AUDIT_ID_NOT_PRODUCTION_STABLE_ID"
"AUDIT-000473","BATCH_02","28c40a3ac026c8712c9de0964de5fde42ba829dc","docs/TAXONOMY_BATCH_02_FINALIZATION_TREE.csv","17","AUDIT-000464","Ayakkabı > Spor Ayakkabıları","Ayakkabı","Spor Ayakkabıları","Raket Sporu Ayakkabıları","","3","Ayakkabı > Spor Ayakkabıları > Raket Sporu Ayakkabıları","ayakkabı > spor ayakkabıları > raket sporu ayakkabıları","YES","CANDIDATE_FOR_PRODUCT_OWNER_FINALIZATION","NORMAL","Ayakkabı","YES","NO","Batch 02 source proposal; finalization candidate; OM-R06=B; OM-R07=B; OM-R10=A","TEMPORARY_AUDIT_ID_NOT_PRODUCTION_STABLE_ID"
"AUDIT-000474","BATCH_02","28c40a3ac026c8712c9de0964de5fde42ba829dc","docs/TAXONOMY_BATCH_02_FINALIZATION_TREE.csv","18","AUDIT-000464","Ayakkabı > Spor Ayakkabıları","Ayakkabı","Spor Ayakkabıları","Outdoor & Trekking Ayakkabıları","","3","Ayakkabı > Spor Ayakkabıları > Outdoor & Trekking Ayakkabıları","ayakkabı > spor ayakkabıları > outdoor & trekking ayakkabıları","YES","CANDIDATE_FOR_PRODUCT_OWNER_FINALIZATION","NORMAL","Ayakkabı","YES","YES","Batch 02 source proposal; finalization candidate; OM-R06=B; OM-R07=B; OM-R10=A","TEMPORARY_AUDIT_ID_NOT_PRODUCTION_STABLE_ID"
"AUDIT-000475","BATCH_02","28c40a3ac026c8712c9de0964de5fde42ba829dc","docs/TAXONOMY_BATCH_02_FINALIZATION_TREE.csv","19","","Ayakkabı","Ayakkabı","Klasik Ayakkabılar","","","2","Ayakkabı > Klasik Ayakkabılar","ayakkabı > klasik ayakkabılar","NO","CANDIDATE_FOR_PRODUCT_OWNER_FINALIZATION","NORMAL","Ayakkabı","YES","NO","Batch 02 source proposal; finalization candidate; OM-R06=B; OM-R07=B; OM-R10=A","TEMPORARY_AUDIT_ID_NOT_PRODUCTION_STABLE_ID"
"AUDIT-000476","BATCH_02","28c40a3ac026c8712c9de0964de5fde42ba829dc","docs/TAXONOMY_BATCH_02_FINALIZATION_TREE.csv","20","AUDIT-000475","Ayakkabı > Klasik Ayakkabılar","Ayakkabı","Klasik Ayakkabılar","Oxford & Derby Ayakkabılar","","3","Ayakkabı > Klasik Ayakkabılar > Oxford & Derby Ayakkabılar","ayakkabı > klasik ayakkabılar > oxford & derby ayakkabılar","YES","CANDIDATE_FOR_PRODUCT_OWNER_FINALIZATION","NORMAL","Ayakkabı","YES","NO","Batch 02 source proposal; finalization candidate; OM-R06=B; OM-R07=B; OM-R10=A","TEMPORARY_AUDIT_ID_NOT_PRODUCTION_STABLE_ID"
"AUDIT-000477","BATCH_02","28c40a3ac026c8712c9de0964de5fde42ba829dc","docs/TAXONOMY_BATCH_02_FINALIZATION_TREE.csv","21","AUDIT-000475","Ayakkabı > Klasik Ayakkabılar","Ayakkabı","Klasik Ayakkabılar","Klasik Loafer","","3","Ayakkabı > Klasik Ayakkabılar > Klasik Loafer","ayakkabı > klasik ayakkabılar > klasik loafer","YES","CANDIDATE_FOR_PRODUCT_OWNER_FINALIZATION","NORMAL","Ayakkabı","YES","NO","Batch 02 source proposal; finalization candidate; OM-R06=B; OM-R07=B; OM-R10=A","TEMPORARY_AUDIT_ID_NOT_PRODUCTION_STABLE_ID"
"AUDIT-000478","BATCH_02","28c40a3ac026c8712c9de0964de5fde42ba829dc","docs/TAXONOMY_BATCH_02_FINALIZATION_TREE.csv","22","AUDIT-000475","Ayakkabı > Klasik Ayakkabılar","Ayakkabı","Klasik Ayakkabılar","Topuklu Ayakkabılar","","3","Ayakkabı > Klasik Ayakkabılar > Topuklu Ayakkabılar","ayakkabı > klasik ayakkabılar > topuklu ayakkabılar","YES","CANDIDATE_FOR_PRODUCT_OWNER_FINALIZATION","NORMAL","Ayakkabı","YES","NO","Batch 02 source proposal; finalization candidate; OM-R06=B; OM-R07=B; OM-R10=A","TEMPORARY_AUDIT_ID_NOT_PRODUCTION_STABLE_ID"
"AUDIT-000479","BATCH_02","28c40a3ac026c8712c9de0964de5fde42ba829dc","docs/TAXONOMY_BATCH_02_FINALIZATION_TREE.csv","23","AUDIT-000475","Ayakkabı > Klasik Ayakkabılar","Ayakkabı","Klasik Ayakkabılar","Davet & Abiye Ayakkabılar","","3","Ayakkabı > Klasik Ayakkabılar > Davet & Abiye Ayakkabılar","ayakkabı > klasik ayakkabılar > davet & abiye ayakkabılar","YES","CANDIDATE_FOR_PRODUCT_OWNER_FINALIZATION","NORMAL","Ayakkabı","YES","NO","Batch 02 source proposal; finalization candidate; OM-R06=B; OM-R07=B; OM-R10=A","TEMPORARY_AUDIT_ID_NOT_PRODUCTION_STABLE_ID"
"AUDIT-000480","BATCH_02","28c40a3ac026c8712c9de0964de5fde42ba829dc","docs/TAXONOMY_BATCH_02_FINALIZATION_TREE.csv","24","","Ayakkabı","Ayakkabı","Bot & Çizmeler","","","2","Ayakkabı > Bot & Çizmeler","ayakkabı > bot & çizmeler","NO","CANDIDATE_FOR_PRODUCT_OWNER_FINALIZATION","NORMAL","Ayakkabı","YES","YES","Batch 02 source proposal; finalization candidate; OM-R06=B; OM-R07=B; OM-R10=A","TEMPORARY_AUDIT_ID_NOT_PRODUCTION_STABLE_ID"
"AUDIT-000481","BATCH_02","28c40a3ac026c8712c9de0964de5fde42ba829dc","docs/TAXONOMY_BATCH_02_FINALIZATION_TREE.csv","25","AUDIT-000480","Ayakkabı > Bot & Çizmeler","Ayakkabı","Bot & Çizmeler","Günlük Botlar","","3","Ayakkabı > Bot & Çizmeler > Günlük Botlar","ayakkabı > bot & çizmeler > günlük botlar","YES","CANDIDATE_FOR_PRODUCT_OWNER_FINALIZATION","NORMAL","Ayakkabı","YES","NO","Batch 02 source proposal; finalization candidate; OM-R06=B; OM-R07=B; OM-R10=A","TEMPORARY_AUDIT_ID_NOT_PRODUCTION_STABLE_ID"
"AUDIT-000482","BATCH_02","28c40a3ac026c8712c9de0964de5fde42ba829dc","docs/TAXONOMY_BATCH_02_FINALIZATION_TREE.csv","26","AUDIT-000480","Ayakkabı > Bot & Çizmeler","Ayakkabı","Bot & Çizmeler","Çizmeler","","3","Ayakkabı > Bot & Çizmeler > Çizmeler","ayakkabı > bot & çizmeler > çizmeler","YES","CANDIDATE_FOR_PRODUCT_OWNER_FINALIZATION","NORMAL","Ayakkabı","YES","NO","Batch 02 source proposal; finalization candidate; OM-R06=B; OM-R07=B; OM-R10=A","TEMPORARY_AUDIT_ID_NOT_PRODUCTION_STABLE_ID"
"AUDIT-000483","BATCH_02","28c40a3ac026c8712c9de0964de5fde42ba829dc","docs/TAXONOMY_BATCH_02_FINALIZATION_TREE.csv","27","AUDIT-000480","Ayakkabı > Bot & Çizmeler","Ayakkabı","Bot & Çizmeler","Yağmur Botları","","3","Ayakkabı > Bot & Çizmeler > Yağmur Botları","ayakkabı > bot & çizmeler > yağmur botları","YES","CANDIDATE_FOR_PRODUCT_OWNER_FINALIZATION","NORMAL","Ayakkabı","YES","YES","Batch 02 source proposal; finalization candidate; OM-R06=B; OM-R07=B; OM-R10=A","TEMPORARY_AUDIT_ID_NOT_PRODUCTION_STABLE_ID"
"AUDIT-000484","BATCH_02","28c40a3ac026c8712c9de0964de5fde42ba829dc","docs/TAXONOMY_BATCH_02_FINALIZATION_TREE.csv","28","AUDIT-000480","Ayakkabı > Bot & Çizmeler","Ayakkabı","Bot & Çizmeler","Kar & Kış Botları","","3","Ayakkabı > Bot & Çizmeler > Kar & Kış Botları","ayakkabı > bot & çizmeler > kar & kış botları","YES","CANDIDATE_FOR_PRODUCT_OWNER_FINALIZATION","NORMAL","Ayakkabı","YES","YES","Batch 02 source proposal; finalization candidate; OM-R06=B; OM-R07=B; OM-R10=A","TEMPORARY_AUDIT_ID_NOT_PRODUCTION_STABLE_ID"
"AUDIT-000485","BATCH_02","28c40a3ac026c8712c9de0964de5fde42ba829dc","docs/TAXONOMY_BATCH_02_FINALIZATION_TREE.csv","29","","Ayakkabı","Ayakkabı","Sandalet & Terlikler","","","2","Ayakkabı > Sandalet & Terlikler","ayakkabı > sandalet & terlikler","NO","CANDIDATE_FOR_PRODUCT_OWNER_FINALIZATION","NORMAL","Ayakkabı","YES","YES","Batch 02 source proposal; finalization candidate; OM-R06=B; OM-R07=B; OM-R10=A","TEMPORARY_AUDIT_ID_NOT_PRODUCTION_STABLE_ID"
"AUDIT-000486","BATCH_02","28c40a3ac026c8712c9de0964de5fde42ba829dc","docs/TAXONOMY_BATCH_02_FINALIZATION_TREE.csv","30","AUDIT-000485","Ayakkabı > Sandalet & Terlikler","Ayakkabı","Sandalet & Terlikler","Sandaletler","","3","Ayakkabı > Sandalet & Terlikler > Sandaletler","ayakkabı > sandalet & terlikler > sandaletler","YES","CANDIDATE_FOR_PRODUCT_OWNER_FINALIZATION","NORMAL","Ayakkabı","YES","NO","Batch 02 source proposal; finalization candidate; OM-R06=B; OM-R07=B; OM-R10=A","TEMPORARY_AUDIT_ID_NOT_PRODUCTION_STABLE_ID"
"AUDIT-000487","BATCH_02","28c40a3ac026c8712c9de0964de5fde42ba829dc","docs/TAXONOMY_BATCH_02_FINALIZATION_TREE.csv","31","AUDIT-000485","Ayakkabı > Sandalet & Terlikler","Ayakkabı","Sandalet & Terlikler","Ev Terlikleri","","3","Ayakkabı > Sandalet & Terlikler > Ev Terlikleri","ayakkabı > sandalet & terlikler > ev terlikleri","YES","CANDIDATE_FOR_PRODUCT_OWNER_FINALIZATION","NORMAL","Ayakkabı","YES","NO","Batch 02 source proposal; finalization candidate; OM-R06=B; OM-R07=B; OM-R10=A","TEMPORARY_AUDIT_ID_NOT_PRODUCTION_STABLE_ID"
"AUDIT-000488","BATCH_02","28c40a3ac026c8712c9de0964de5fde42ba829dc","docs/TAXONOMY_BATCH_02_FINALIZATION_TREE.csv","32","AUDIT-000485","Ayakkabı > Sandalet & Terlikler","Ayakkabı","Sandalet & Terlikler","Plaj & Havuz Terlikleri","","3","Ayakkabı > Sandalet & Terlikler > Plaj & Havuz Terlikleri","ayakkabı > sandalet & terlikler > plaj & havuz terlikleri","YES","CANDIDATE_FOR_PRODUCT_OWNER_FINALIZATION","NORMAL","Ayakkabı","YES","NO","Batch 02 source proposal; finalization candidate; OM-R06=B; OM-R07=B; OM-R10=A","TEMPORARY_AUDIT_ID_NOT_PRODUCTION_STABLE_ID"
"AUDIT-000489","BATCH_02","28c40a3ac026c8712c9de0964de5fde42ba829dc","docs/TAXONOMY_BATCH_02_FINALIZATION_TREE.csv","33","AUDIT-000485","Ayakkabı > Sandalet & Terlikler","Ayakkabı","Sandalet & Terlikler","Sabo & Mule","","3","Ayakkabı > Sandalet & Terlikler > Sabo & Mule","ayakkabı > sandalet & terlikler > sabo & mule","YES","CANDIDATE_FOR_PRODUCT_OWNER_FINALIZATION","NORMAL","Ayakkabı","YES","NO","Batch 02 source proposal; finalization candidate; OM-R06=B; OM-R07=B; OM-R10=A","TEMPORARY_AUDIT_ID_NOT_PRODUCTION_STABLE_ID"
"AUDIT-000490","BATCH_02","28c40a3ac026c8712c9de0964de5fde42ba829dc","docs/TAXONOMY_BATCH_02_FINALIZATION_TREE.csv","34","AUDIT-000485","Ayakkabı > Sandalet & Terlikler","Ayakkabı","Sandalet & Terlikler","Deniz Ayakkabıları","","3","Ayakkabı > Sandalet & Terlikler > Deniz Ayakkabıları","ayakkabı > sandalet & terlikler > deniz ayakkabıları","YES","CANDIDATE_FOR_PRODUCT_OWNER_FINALIZATION","NORMAL","Ayakkabı","YES","YES","Batch 02 source proposal; finalization candidate; OM-R06=B; OM-R07=B; OM-R10=A","TEMPORARY_AUDIT_ID_NOT_PRODUCTION_STABLE_ID"
"AUDIT-000491","BATCH_02","28c40a3ac026c8712c9de0964de5fde42ba829dc","docs/TAXONOMY_BATCH_02_FINALIZATION_TREE.csv","35","","Ayakkabı","Ayakkabı","Çocuk & Bebek Ayakkabıları","","","2","Ayakkabı > Çocuk & Bebek Ayakkabıları","ayakkabı > çocuk & bebek ayakkabıları","NO","CANDIDATE_FOR_PRODUCT_OWNER_FINALIZATION","NORMAL","Ayakkabı","YES","YES","Batch 02 source proposal; finalization candidate; OM-R06=B; OM-R07=B; OM-R10=A","TEMPORARY_AUDIT_ID_NOT_PRODUCTION_STABLE_ID"
"AUDIT-000492","BATCH_02","28c40a3ac026c8712c9de0964de5fde42ba829dc","docs/TAXONOMY_BATCH_02_FINALIZATION_TREE.csv","36","AUDIT-000491","Ayakkabı > Çocuk & Bebek Ayakkabıları","Ayakkabı","Çocuk & Bebek Ayakkabıları","Bebek & İlk Adım Ayakkabıları","","3","Ayakkabı > Çocuk & Bebek Ayakkabıları > Bebek & İlk Adım Ayakkabıları","ayakkabı > çocuk & bebek ayakkabıları > bebek & ilk adım ayakkabıları","YES","CANDIDATE_FOR_PRODUCT_OWNER_FINALIZATION","NORMAL","Ayakkabı","YES","YES","Batch 02 source proposal; finalization candidate; OM-R06=B; OM-R07=B; OM-R10=A","TEMPORARY_AUDIT_ID_NOT_PRODUCTION_STABLE_ID"
"AUDIT-000493","BATCH_02","28c40a3ac026c8712c9de0964de5fde42ba829dc","docs/TAXONOMY_BATCH_02_FINALIZATION_TREE.csv","37","AUDIT-000491","Ayakkabı > Çocuk & Bebek Ayakkabıları","Ayakkabı","Çocuk & Bebek Ayakkabıları","Çocuk Günlük Ayakkabıları","","3","Ayakkabı > Çocuk & Bebek Ayakkabıları > Çocuk Günlük Ayakkabıları","ayakkabı > çocuk & bebek ayakkabıları > çocuk günlük ayakkabıları","YES","CANDIDATE_FOR_PRODUCT_OWNER_FINALIZATION","NORMAL","Ayakkabı","YES","YES","Batch 02 source proposal; finalization candidate; OM-R06=B; OM-R07=B; OM-R10=A","TEMPORARY_AUDIT_ID_NOT_PRODUCTION_STABLE_ID"
"AUDIT-000494","BATCH_02","28c40a3ac026c8712c9de0964de5fde42ba829dc","docs/TAXONOMY_BATCH_02_FINALIZATION_TREE.csv","38","AUDIT-000491","Ayakkabı > Çocuk & Bebek Ayakkabıları","Ayakkabı","Çocuk & Bebek Ayakkabıları","Çocuk Spor Ayakkabıları","","3","Ayakkabı > Çocuk & Bebek Ayakkabıları > Çocuk Spor Ayakkabıları","ayakkabı > çocuk & bebek ayakkabıları > çocuk spor ayakkabıları","YES","CANDIDATE_FOR_PRODUCT_OWNER_FINALIZATION","NORMAL","Ayakkabı","YES","YES","Batch 02 source proposal; finalization candidate; OM-R06=B; OM-R07=B; OM-R10=A","TEMPORARY_AUDIT_ID_NOT_PRODUCTION_STABLE_ID"
"AUDIT-000495","BATCH_02","28c40a3ac026c8712c9de0964de5fde42ba829dc","docs/TAXONOMY_BATCH_02_FINALIZATION_TREE.csv","39","AUDIT-000491","Ayakkabı > Çocuk & Bebek Ayakkabıları","Ayakkabı","Çocuk & Bebek Ayakkabıları","Okul Ayakkabıları","","3","Ayakkabı > Çocuk & Bebek Ayakkabıları > Okul Ayakkabıları","ayakkabı > çocuk & bebek ayakkabıları > okul ayakkabıları","YES","CANDIDATE_FOR_PRODUCT_OWNER_FINALIZATION","NORMAL","Ayakkabı","YES","YES","Batch 02 source proposal; finalization candidate; OM-R06=B; OM-R07=B; OM-R10=A","TEMPORARY_AUDIT_ID_NOT_PRODUCTION_STABLE_ID"
"AUDIT-000496","BATCH_02","28c40a3ac026c8712c9de0964de5fde42ba829dc","docs/TAXONOMY_BATCH_02_FINALIZATION_TREE.csv","40","AUDIT-000491","Ayakkabı > Çocuk & Bebek Ayakkabıları","Ayakkabı","Çocuk & Bebek Ayakkabıları","Çocuk Bot & Çizmeleri","","3","Ayakkabı > Çocuk & Bebek Ayakkabıları > Çocuk Bot & Çizmeleri","ayakkabı > çocuk & bebek ayakkabıları > çocuk bot & çizmeleri","YES","CANDIDATE_FOR_PRODUCT_OWNER_FINALIZATION","NORMAL","Ayakkabı","YES","YES","Batch 02 source proposal; finalization candidate; OM-R06=B; OM-R07=B; OM-R10=A","TEMPORARY_AUDIT_ID_NOT_PRODUCTION_STABLE_ID"
"AUDIT-000497","BATCH_02","28c40a3ac026c8712c9de0964de5fde42ba829dc","docs/TAXONOMY_BATCH_02_FINALIZATION_TREE.csv","41","AUDIT-000491","Ayakkabı > Çocuk & Bebek Ayakkabıları","Ayakkabı","Çocuk & Bebek Ayakkabıları","Çocuk Sandalet & Terlikleri","","3","Ayakkabı > Çocuk & Bebek Ayakkabıları > Çocuk Sandalet & Terlikleri","ayakkabı > çocuk & bebek ayakkabıları > çocuk sandalet & terlikleri","YES","CANDIDATE_FOR_PRODUCT_OWNER_FINALIZATION","NORMAL","Ayakkabı","YES","YES","Batch 02 source proposal; finalization candidate; OM-R06=B; OM-R07=B; OM-R10=A","TEMPORARY_AUDIT_ID_NOT_PRODUCTION_STABLE_ID"
"AUDIT-000498","BATCH_02","28c40a3ac026c8712c9de0964de5fde42ba829dc","docs/TAXONOMY_BATCH_02_FINALIZATION_TREE.csv","42","","Ayakkabı","Ayakkabı","İş & Profesyonel Ayakkabılar","","","2","Ayakkabı > İş & Profesyonel Ayakkabılar","ayakkabı > iş & profesyonel ayakkabılar","NO","CANDIDATE_FOR_PRODUCT_OWNER_FINALIZATION","REGULATED","Ayakkabı","YES","YES","Batch 02 source proposal; finalization candidate; OM-R06=B; OM-R07=B; OM-R10=A","TEMPORARY_AUDIT_ID_NOT_PRODUCTION_STABLE_ID"
"AUDIT-000499","BATCH_02","28c40a3ac026c8712c9de0964de5fde42ba829dc","docs/TAXONOMY_BATCH_02_FINALIZATION_TREE.csv","43","AUDIT-000498","Ayakkabı > İş & Profesyonel Ayakkabılar","Ayakkabı","İş & Profesyonel Ayakkabılar","Kaymaz Profesyonel Ayakkabılar","","3","Ayakkabı > İş & Profesyonel Ayakkabılar > Kaymaz Profesyonel Ayakkabılar","ayakkabı > iş & profesyonel ayakkabılar > kaymaz profesyonel ayakkabılar","YES","CANDIDATE_FOR_PRODUCT_OWNER_FINALIZATION","REGULATED","Ayakkabı","YES","YES","Batch 02 source proposal; finalization candidate; OM-R06=B; OM-R07=B; OM-R10=A","TEMPORARY_AUDIT_ID_NOT_PRODUCTION_STABLE_ID"
"AUDIT-000500","BATCH_02","28c40a3ac026c8712c9de0964de5fde42ba829dc","docs/TAXONOMY_BATCH_02_FINALIZATION_TREE.csv","44","AUDIT-000498","Ayakkabı > İş & Profesyonel Ayakkabılar","Ayakkabı","İş & Profesyonel Ayakkabılar","Profesyonel Sabo & Terlikler","","3","Ayakkabı > İş & Profesyonel Ayakkabılar > Profesyonel Sabo & Terlikler","ayakkabı > iş & profesyonel ayakkabılar > profesyonel sabo & terlikler","YES","CANDIDATE_FOR_PRODUCT_OWNER_FINALIZATION","REGULATED","Ayakkabı","YES","YES","Batch 02 source proposal; finalization candidate; OM-R06=B; OM-R07=B; OM-R10=A","TEMPORARY_AUDIT_ID_NOT_PRODUCTION_STABLE_ID"
"AUDIT-000501","BATCH_02","28c40a3ac026c8712c9de0964de5fde42ba829dc","docs/TAXONOMY_BATCH_02_FINALIZATION_TREE.csv","45","AUDIT-000498","Ayakkabı > İş & Profesyonel Ayakkabılar","Ayakkabı","İş & Profesyonel Ayakkabılar","Üniforma & Servis Ayakkabıları","","3","Ayakkabı > İş & Profesyonel Ayakkabılar > Üniforma & Servis Ayakkabıları","ayakkabı > iş & profesyonel ayakkabılar > üniforma & servis ayakkabıları","YES","CANDIDATE_FOR_PRODUCT_OWNER_FINALIZATION","REGULATED","Ayakkabı","YES","YES","Batch 02 source proposal; finalization candidate; OM-R06=B; OM-R07=B; OM-R10=A","TEMPORARY_AUDIT_ID_NOT_PRODUCTION_STABLE_ID"
"AUDIT-000502","BATCH_02","28c40a3ac026c8712c9de0964de5fde42ba829dc","docs/TAXONOMY_BATCH_02_FINALIZATION_TREE.csv","46","","Ayakkabı","Ayakkabı","Ayakkabı Bakım & Aksesuarları","","","2","Ayakkabı > Ayakkabı Bakım & Aksesuarları","ayakkabı > ayakkabı bakım & aksesuarları","NO","CANDIDATE_FOR_PRODUCT_OWNER_FINALIZATION","REGULATED","Ayakkabı","YES","YES","Batch 02 source proposal; finalization candidate; OM-R06=B; OM-R07=B; OM-R10=A","TEMPORARY_AUDIT_ID_NOT_PRODUCTION_STABLE_ID"
"AUDIT-000503","BATCH_02","28c40a3ac026c8712c9de0964de5fde42ba829dc","docs/TAXONOMY_BATCH_02_FINALIZATION_TREE.csv","47","AUDIT-000502","Ayakkabı > Ayakkabı Bakım & Aksesuarları","Ayakkabı","Ayakkabı Bakım & Aksesuarları","Konfor Tabanlıkları","","3","Ayakkabı > Ayakkabı Bakım & Aksesuarları > Konfor Tabanlıkları","ayakkabı > ayakkabı bakım & aksesuarları > konfor tabanlıkları","YES","CANDIDATE_FOR_PRODUCT_OWNER_FINALIZATION","NORMAL","Ayakkabı","YES","YES","Batch 02 source proposal; finalization candidate; OM-R06=B; OM-R07=B; OM-R10=A","TEMPORARY_AUDIT_ID_NOT_PRODUCTION_STABLE_ID"
"AUDIT-000504","BATCH_02","28c40a3ac026c8712c9de0964de5fde42ba829dc","docs/TAXONOMY_BATCH_02_FINALIZATION_TREE.csv","48","AUDIT-000502","Ayakkabı > Ayakkabı Bakım & Aksesuarları","Ayakkabı","Ayakkabı Bakım & Aksesuarları","Bağcıklar","","3","Ayakkabı > Ayakkabı Bakım & Aksesuarları > Bağcıklar","ayakkabı > ayakkabı bakım & aksesuarları > bağcıklar","YES","CANDIDATE_FOR_PRODUCT_OWNER_FINALIZATION","NORMAL","Ayakkabı","YES","NO","Batch 02 source proposal; finalization candidate; OM-R06=B; OM-R07=B; OM-R10=A","TEMPORARY_AUDIT_ID_NOT_PRODUCTION_STABLE_ID"
"AUDIT-000505","BATCH_02","28c40a3ac026c8712c9de0964de5fde42ba829dc","docs/TAXONOMY_BATCH_02_FINALIZATION_TREE.csv","49","AUDIT-000502","Ayakkabı > Ayakkabı Bakım & Aksesuarları","Ayakkabı","Ayakkabı Bakım & Aksesuarları","Cila, Boya & Bakım Ürünleri","","3","Ayakkabı > Ayakkabı Bakım & Aksesuarları > Cila, Boya & Bakım Ürünleri","ayakkabı > ayakkabı bakım & aksesuarları > cila, boya & bakım ürünleri","YES","CANDIDATE_FOR_PRODUCT_OWNER_FINALIZATION","REGULATED","Ayakkabı","YES","YES","Batch 02 source proposal; finalization candidate; OM-R06=B; OM-R07=B; OM-R10=A","TEMPORARY_AUDIT_ID_NOT_PRODUCTION_STABLE_ID"
"AUDIT-000506","BATCH_02","28c40a3ac026c8712c9de0964de5fde42ba829dc","docs/TAXONOMY_BATCH_02_FINALIZATION_TREE.csv","50","AUDIT-000502","Ayakkabı > Ayakkabı Bakım & Aksesuarları","Ayakkabı","Ayakkabı Bakım & Aksesuarları","Fırça & Temizleme Araçları","","3","Ayakkabı > Ayakkabı Bakım & Aksesuarları > Fırça & Temizleme Araçları","ayakkabı > ayakkabı bakım & aksesuarları > fırça & temizleme araçları","YES","CANDIDATE_FOR_PRODUCT_OWNER_FINALIZATION","NORMAL","Ayakkabı","YES","NO","Batch 02 source proposal; finalization candidate; OM-R06=B; OM-R07=B; OM-R10=A","TEMPORARY_AUDIT_ID_NOT_PRODUCTION_STABLE_ID"
"AUDIT-000507","BATCH_02","28c40a3ac026c8712c9de0964de5fde42ba829dc","docs/TAXONOMY_BATCH_02_FINALIZATION_TREE.csv","51","AUDIT-000502","Ayakkabı > Ayakkabı Bakım & Aksesuarları","Ayakkabı","Ayakkabı Bakım & Aksesuarları","Ayakkabı Kalıbı & Çekeceği","","3","Ayakkabı > Ayakkabı Bakım & Aksesuarları > Ayakkabı Kalıbı & Çekeceği","ayakkabı > ayakkabı bakım & aksesuarları > ayakkabı kalıbı & çekeceği","YES","CANDIDATE_FOR_PRODUCT_OWNER_FINALIZATION","NORMAL","Ayakkabı","YES","NO","Batch 02 source proposal; finalization candidate; OM-R06=B; OM-R07=B; OM-R10=A","TEMPORARY_AUDIT_ID_NOT_PRODUCTION_STABLE_ID"
"AUDIT-000508","BATCH_02","28c40a3ac026c8712c9de0964de5fde42ba829dc","docs/TAXONOMY_BATCH_02_FINALIZATION_TREE.csv","52","AUDIT-000502","Ayakkabı > Ayakkabı Bakım & Aksesuarları","Ayakkabı","Ayakkabı Bakım & Aksesuarları","Galoş & Ayakkabı Koruyucuları","","3","Ayakkabı > Ayakkabı Bakım & Aksesuarları > Galoş & Ayakkabı Koruyucuları","ayakkabı > ayakkabı bakım & aksesuarları > galoş & ayakkabı koruyucuları","YES","CANDIDATE_FOR_PRODUCT_OWNER_FINALIZATION","NORMAL","Ayakkabı","YES","NO","Batch 02 source proposal; finalization candidate; OM-R06=B; OM-R07=B; OM-R10=A","TEMPORARY_AUDIT_ID_NOT_PRODUCTION_STABLE_ID"
"AUDIT-000509","BATCH_02","28c40a3ac026c8712c9de0964de5fde42ba829dc","docs/TAXONOMY_BATCH_02_FINALIZATION_TREE.csv","53","","Çanta & Aksesuar","Çanta & Aksesuar","El, Omuz & Bel Çantaları","","","2","Çanta & Aksesuar > El, Omuz & Bel Çantaları","çanta & aksesuar > el, omuz & bel çantaları","NO","CANDIDATE_FOR_PRODUCT_OWNER_FINALIZATION","NORMAL","Çanta & Aksesuar","YES","NO","Batch 02 source proposal; finalization candidate; OM-R06=B; OM-R07=B; OM-R10=A","TEMPORARY_AUDIT_ID_NOT_PRODUCTION_STABLE_ID"
"AUDIT-000510","BATCH_02","28c40a3ac026c8712c9de0964de5fde42ba829dc","docs/TAXONOMY_BATCH_02_FINALIZATION_TREE.csv","54","AUDIT-000509","Çanta & Aksesuar > El, Omuz & Bel Çantaları","Çanta & Aksesuar","El, Omuz & Bel Çantaları","El Çantaları","","3","Çanta & Aksesuar > El, Omuz & Bel Çantaları > El Çantaları","çanta & aksesuar > el, omuz & bel çantaları > el çantaları","YES","CANDIDATE_FOR_PRODUCT_OWNER_FINALIZATION","NORMAL","Çanta & Aksesuar","YES","NO","Batch 02 source proposal; finalization candidate; OM-R06=B; OM-R07=B; OM-R10=A","TEMPORARY_AUDIT_ID_NOT_PRODUCTION_STABLE_ID"
"AUDIT-000511","BATCH_02","28c40a3ac026c8712c9de0964de5fde42ba829dc","docs/TAXONOMY_BATCH_02_FINALIZATION_TREE.csv","55","AUDIT-000509","Çanta & Aksesuar > El, Omuz & Bel Çantaları","Çanta & Aksesuar","El, Omuz & Bel Çantaları","Omuz Çantaları","","3","Çanta & Aksesuar > El, Omuz & Bel Çantaları > Omuz Çantaları","çanta & aksesuar > el, omuz & bel çantaları > omuz çantaları","YES","CANDIDATE_FOR_PRODUCT_OWNER_FINALIZATION","NORMAL","Çanta & Aksesuar","YES","NO","Batch 02 source proposal; finalization candidate; OM-R06=B; OM-R07=B; OM-R10=A","TEMPORARY_AUDIT_ID_NOT_PRODUCTION_STABLE_ID"
"AUDIT-000512","BATCH_02","28c40a3ac026c8712c9de0964de5fde42ba829dc","docs/TAXONOMY_BATCH_02_FINALIZATION_TREE.csv","56","AUDIT-000509","Çanta & Aksesuar > El, Omuz & Bel Çantaları","Çanta & Aksesuar","El, Omuz & Bel Çantaları","Çapraz Çantalar","","3","Çanta & Aksesuar > El, Omuz & Bel Çantaları > Çapraz Çantalar","çanta & aksesuar > el, omuz & bel çantaları > çapraz çantalar","YES","CANDIDATE_FOR_PRODUCT_OWNER_FINALIZATION","NORMAL","Çanta & Aksesuar","YES","NO","Batch 02 source proposal; finalization candidate; OM-R06=B; OM-R07=B; OM-R10=A","TEMPORARY_AUDIT_ID_NOT_PRODUCTION_STABLE_ID"
"AUDIT-000513","BATCH_02","28c40a3ac026c8712c9de0964de5fde42ba829dc","docs/TAXONOMY_BATCH_02_FINALIZATION_TREE.csv","57","AUDIT-000509","Çanta & Aksesuar > El, Omuz & Bel Çantaları","Çanta & Aksesuar","El, Omuz & Bel Çantaları","Bel Çantaları","","3","Çanta & Aksesuar > El, Omuz & Bel Çantaları > Bel Çantaları","çanta & aksesuar > el, omuz & bel çantaları > bel çantaları","YES","CANDIDATE_FOR_PRODUCT_OWNER_FINALIZATION","NORMAL","Çanta & Aksesuar","YES","NO","Batch 02 source proposal; finalization candidate; OM-R06=B; OM-R07=B; OM-R10=A","TEMPORARY_AUDIT_ID_NOT_PRODUCTION_STABLE_ID"
"AUDIT-000514","BATCH_02","28c40a3ac026c8712c9de0964de5fde42ba829dc","docs/TAXONOMY_BATCH_02_FINALIZATION_TREE.csv","58","AUDIT-000509","Çanta & Aksesuar > El, Omuz & Bel Çantaları","Çanta & Aksesuar","El, Omuz & Bel Çantaları","Clutch & Portföy Çantalar","","3","Çanta & Aksesuar > El, Omuz & Bel Çantaları > Clutch & Portföy Çantalar","çanta & aksesuar > el, omuz & bel çantaları > clutch & portföy çantalar","YES","CANDIDATE_FOR_PRODUCT_OWNER_FINALIZATION","NORMAL","Çanta & Aksesuar","YES","NO","Batch 02 source proposal; finalization candidate; OM-R06=B; OM-R07=B; OM-R10=A","TEMPORARY_AUDIT_ID_NOT_PRODUCTION_STABLE_ID"
"AUDIT-000515","BATCH_02","28c40a3ac026c8712c9de0964de5fde42ba829dc","docs/TAXONOMY_BATCH_02_FINALIZATION_TREE.csv","59","","Çanta & Aksesuar","Çanta & Aksesuar","Sırt Çantaları","","","2","Çanta & Aksesuar > Sırt Çantaları","çanta & aksesuar > sırt çantaları","NO","CANDIDATE_FOR_PRODUCT_OWNER_FINALIZATION","NORMAL","Çanta & Aksesuar","YES","YES","Batch 02 source proposal; finalization candidate; OM-R06=B; OM-R07=B; OM-R10=A","TEMPORARY_AUDIT_ID_NOT_PRODUCTION_STABLE_ID"
"AUDIT-000516","BATCH_02","28c40a3ac026c8712c9de0964de5fde42ba829dc","docs/TAXONOMY_BATCH_02_FINALIZATION_TREE.csv","60","AUDIT-000515","Çanta & Aksesuar > Sırt Çantaları","Çanta & Aksesuar","Sırt Çantaları","Günlük Sırt Çantaları","","3","Çanta & Aksesuar > Sırt Çantaları > Günlük Sırt Çantaları","çanta & aksesuar > sırt çantaları > günlük sırt çantaları","YES","CANDIDATE_FOR_PRODUCT_OWNER_FINALIZATION","NORMAL","Çanta & Aksesuar","YES","NO","Batch 02 source proposal; finalization candidate; OM-R06=B; OM-R07=B; OM-R10=A","TEMPORARY_AUDIT_ID_NOT_PRODUCTION_STABLE_ID"
"AUDIT-000517","BATCH_02","28c40a3ac026c8712c9de0964de5fde42ba829dc","docs/TAXONOMY_BATCH_02_FINALIZATION_TREE.csv","61","AUDIT-000515","Çanta & Aksesuar > Sırt Çantaları","Çanta & Aksesuar","Sırt Çantaları","Okul Sırt Çantaları","","3","Çanta & Aksesuar > Sırt Çantaları > Okul Sırt Çantaları","çanta & aksesuar > sırt çantaları > okul sırt çantaları","YES","CANDIDATE_FOR_PRODUCT_OWNER_FINALIZATION","NORMAL","Çanta & Aksesuar","YES","YES","Batch 02 source proposal; finalization candidate; OM-R06=B; OM-R07=B; OM-R10=A","TEMPORARY_AUDIT_ID_NOT_PRODUCTION_STABLE_ID"
"AUDIT-000518","BATCH_02","28c40a3ac026c8712c9de0964de5fde42ba829dc","docs/TAXONOMY_BATCH_02_FINALIZATION_TREE.csv","62","AUDIT-000515","Çanta & Aksesuar > Sırt Çantaları","Çanta & Aksesuar","Sırt Çantaları","Şehir & Seyahat Sırt Çantaları","","3","Çanta & Aksesuar > Sırt Çantaları > Şehir & Seyahat Sırt Çantaları","çanta & aksesuar > sırt çantaları > şehir & seyahat sırt çantaları","YES","CANDIDATE_FOR_PRODUCT_OWNER_FINALIZATION","NORMAL","Çanta & Aksesuar","YES","NO","Batch 02 source proposal; finalization candidate; OM-R06=B; OM-R07=B; OM-R10=A","TEMPORARY_AUDIT_ID_NOT_PRODUCTION_STABLE_ID"
"AUDIT-000519","BATCH_02","28c40a3ac026c8712c9de0964de5fde42ba829dc","docs/TAXONOMY_BATCH_02_FINALIZATION_TREE.csv","63","","Çanta & Aksesuar","Çanta & Aksesuar","Evrak, Laptop & Ekipman Çantaları","","","2","Çanta & Aksesuar > Evrak, Laptop & Ekipman Çantaları","çanta & aksesuar > evrak, laptop & ekipman çantaları","NO","CANDIDATE_FOR_PRODUCT_OWNER_FINALIZATION","NORMAL","Çanta & Aksesuar","YES","YES","Batch 02 source proposal; finalization candidate; OM-R06=B; OM-R07=B; OM-R10=A","TEMPORARY_AUDIT_ID_NOT_PRODUCTION_STABLE_ID"
"AUDIT-000520","BATCH_02","28c40a3ac026c8712c9de0964de5fde42ba829dc","docs/TAXONOMY_BATCH_02_FINALIZATION_TREE.csv","64","AUDIT-000519","Çanta & Aksesuar > Evrak, Laptop & Ekipman Çantaları","Çanta & Aksesuar","Evrak, Laptop & Ekipman Çantaları","Evrak & İş Çantaları","","3","Çanta & Aksesuar > Evrak, Laptop & Ekipman Çantaları > Evrak & İş Çantaları","çanta & aksesuar > evrak, laptop & ekipman çantaları > evrak & iş çantaları","YES","CANDIDATE_FOR_PRODUCT_OWNER_FINALIZATION","NORMAL","Çanta & Aksesuar","YES","NO","Batch 02 source proposal; finalization candidate; OM-R06=B; OM-R07=B; OM-R10=A","TEMPORARY_AUDIT_ID_NOT_PRODUCTION_STABLE_ID"
"AUDIT-000521","BATCH_02","28c40a3ac026c8712c9de0964de5fde42ba829dc","docs/TAXONOMY_BATCH_02_FINALIZATION_TREE.csv","65","AUDIT-000519","Çanta & Aksesuar > Evrak, Laptop & Ekipman Çantaları","Çanta & Aksesuar","Evrak, Laptop & Ekipman Çantaları","Laptop Çantaları","","3","Çanta & Aksesuar > Evrak, Laptop & Ekipman Çantaları > Laptop Çantaları","çanta & aksesuar > evrak, laptop & ekipman çantaları > laptop çantaları","YES","CANDIDATE_FOR_PRODUCT_OWNER_FINALIZATION","NORMAL","Çanta & Aksesuar","YES","NO","Batch 02 source proposal; finalization candidate; OM-R06=B; OM-R07=B; OM-R10=A","TEMPORARY_AUDIT_ID_NOT_PRODUCTION_STABLE_ID"
"AUDIT-000522","BATCH_02","28c40a3ac026c8712c9de0964de5fde42ba829dc","docs/TAXONOMY_BATCH_02_FINALIZATION_TREE.csv","66","AUDIT-000519","Çanta & Aksesuar > Evrak, Laptop & Ekipman Çantaları","Çanta & Aksesuar","Evrak, Laptop & Ekipman Çantaları","Tablet & Cihaz Çantaları","","3","Çanta & Aksesuar > Evrak, Laptop & Ekipman Çantaları > Tablet & Cihaz Çantaları","çanta & aksesuar > evrak, laptop & ekipman çantaları > tablet & cihaz çantaları","YES","CANDIDATE_FOR_PRODUCT_OWNER_FINALIZATION","NORMAL","Çanta & Aksesuar","YES","NO","Batch 02 source proposal; finalization candidate; OM-R06=B; OM-R07=B; OM-R10=A","TEMPORARY_AUDIT_ID_NOT_PRODUCTION_STABLE_ID"
"AUDIT-000523","BATCH_02","28c40a3ac026c8712c9de0964de5fde42ba829dc","docs/TAXONOMY_BATCH_02_FINALIZATION_TREE.csv","67","AUDIT-000519","Çanta & Aksesuar > Evrak, Laptop & Ekipman Çantaları","Çanta & Aksesuar","Evrak, Laptop & Ekipman Çantaları","Kamera Çantaları","","3","Çanta & Aksesuar > Evrak, Laptop & Ekipman Çantaları > Kamera Çantaları","çanta & aksesuar > evrak, laptop & ekipman çantaları > kamera çantaları","YES","CANDIDATE_FOR_PRODUCT_OWNER_FINALIZATION","NORMAL","Çanta & Aksesuar","YES","NO","Batch 02 source proposal; finalization candidate; OM-R06=B; OM-R07=B; OM-R10=A","TEMPORARY_AUDIT_ID_NOT_PRODUCTION_STABLE_ID"
"AUDIT-000524","BATCH_02","28c40a3ac026c8712c9de0964de5fde42ba829dc","docs/TAXONOMY_BATCH_02_FINALIZATION_TREE.csv","68","AUDIT-000519","Çanta & Aksesuar > Evrak, Laptop & Ekipman Çantaları","Çanta & Aksesuar","Evrak, Laptop & Ekipman Çantaları","Enstrüman Çantaları","","3","Çanta & Aksesuar > Evrak, Laptop & Ekipman Çantaları > Enstrüman Çantaları","çanta & aksesuar > evrak, laptop & ekipman çantaları > enstrüman çantaları","YES","CANDIDATE_FOR_PRODUCT_OWNER_FINALIZATION","NORMAL","Çanta & Aksesuar","YES","NO","Batch 02 source proposal; finalization candidate; OM-R06=B; OM-R07=B; OM-R10=A","TEMPORARY_AUDIT_ID_NOT_PRODUCTION_STABLE_ID"
"AUDIT-000525","BATCH_02","28c40a3ac026c8712c9de0964de5fde42ba829dc","docs/TAXONOMY_BATCH_02_FINALIZATION_TREE.csv","69","AUDIT-000519","Çanta & Aksesuar > Evrak, Laptop & Ekipman Çantaları","Çanta & Aksesuar","Evrak, Laptop & Ekipman Çantaları","Bebek Bakım Çantaları","","3","Çanta & Aksesuar > Evrak, Laptop & Ekipman Çantaları > Bebek Bakım Çantaları","çanta & aksesuar > evrak, laptop & ekipman çantaları > bebek bakım çantaları","YES","CANDIDATE_FOR_PRODUCT_OWNER_FINALIZATION","NORMAL","Çanta & Aksesuar","YES","YES","Batch 02 source proposal; finalization candidate; OM-R06=B; OM-R07=B; OM-R10=A","TEMPORARY_AUDIT_ID_NOT_PRODUCTION_STABLE_ID"
"AUDIT-000526","BATCH_02","28c40a3ac026c8712c9de0964de5fde42ba829dc","docs/TAXONOMY_BATCH_02_FINALIZATION_TREE.csv","70","AUDIT-000519","Çanta & Aksesuar > Evrak, Laptop & Ekipman Çantaları","Çanta & Aksesuar","Evrak, Laptop & Ekipman Çantaları","Genel Ekipman Çantaları","","3","Çanta & Aksesuar > Evrak, Laptop & Ekipman Çantaları > Genel Ekipman Çantaları","çanta & aksesuar > evrak, laptop & ekipman çantaları > genel ekipman çantaları","YES","CANDIDATE_FOR_PRODUCT_OWNER_FINALIZATION","NORMAL","Çanta & Aksesuar","YES","YES","Batch 02 source proposal; finalization candidate; OM-R06=B; OM-R07=B; OM-R10=A","TEMPORARY_AUDIT_ID_NOT_PRODUCTION_STABLE_ID"
"AUDIT-000527","BATCH_02","28c40a3ac026c8712c9de0964de5fde42ba829dc","docs/TAXONOMY_BATCH_02_FINALIZATION_TREE.csv","71","","Çanta & Aksesuar","Çanta & Aksesuar","Valiz & Seyahat Çantaları","","","2","Çanta & Aksesuar > Valiz & Seyahat Çantaları","çanta & aksesuar > valiz & seyahat çantaları","NO","CANDIDATE_FOR_PRODUCT_OWNER_FINALIZATION","NORMAL","Çanta & Aksesuar","YES","NO","Batch 02 source proposal; finalization candidate; OM-R06=B; OM-R07=B; OM-R10=A","TEMPORARY_AUDIT_ID_NOT_PRODUCTION_STABLE_ID"
"AUDIT-000528","BATCH_02","28c40a3ac026c8712c9de0964de5fde42ba829dc","docs/TAXONOMY_BATCH_02_FINALIZATION_TREE.csv","72","AUDIT-000527","Çanta & Aksesuar > Valiz & Seyahat Çantaları","Çanta & Aksesuar","Valiz & Seyahat Çantaları","Kabin Boy Valizler","","3","Çanta & Aksesuar > Valiz & Seyahat Çantaları > Kabin Boy Valizler","çanta & aksesuar > valiz & seyahat çantaları > kabin boy valizler","YES","CANDIDATE_FOR_PRODUCT_OWNER_FINALIZATION","NORMAL","Çanta & Aksesuar","YES","NO","Batch 02 source proposal; finalization candidate; OM-R06=B; OM-R07=B; OM-R10=A","TEMPORARY_AUDIT_ID_NOT_PRODUCTION_STABLE_ID"
"AUDIT-000529","BATCH_02","28c40a3ac026c8712c9de0964de5fde42ba829dc","docs/TAXONOMY_BATCH_02_FINALIZATION_TREE.csv","73","AUDIT-000527","Çanta & Aksesuar > Valiz & Seyahat Çantaları","Çanta & Aksesuar","Valiz & Seyahat Çantaları","Orta & Büyük Boy Valizler","","3","Çanta & Aksesuar > Valiz & Seyahat Çantaları > Orta & Büyük Boy Valizler","çanta & aksesuar > valiz & seyahat çantaları > orta & büyük boy valizler","YES","CANDIDATE_FOR_PRODUCT_OWNER_FINALIZATION","NORMAL","Çanta & Aksesuar","YES","NO","Batch 02 source proposal; finalization candidate; OM-R06=B; OM-R07=B; OM-R10=A","TEMPORARY_AUDIT_ID_NOT_PRODUCTION_STABLE_ID"
"AUDIT-000530","BATCH_02","28c40a3ac026c8712c9de0964de5fde42ba829dc","docs/TAXONOMY_BATCH_02_FINALIZATION_TREE.csv","74","AUDIT-000527","Çanta & Aksesuar > Valiz & Seyahat Çantaları","Çanta & Aksesuar","Valiz & Seyahat Çantaları","Seyahat & Duffel Çantaları","","3","Çanta & Aksesuar > Valiz & Seyahat Çantaları > Seyahat & Duffel Çantaları","çanta & aksesuar > valiz & seyahat çantaları > seyahat & duffel çantaları","YES","CANDIDATE_FOR_PRODUCT_OWNER_FINALIZATION","NORMAL","Çanta & Aksesuar","YES","NO","Batch 02 source proposal; finalization candidate; OM-R06=B; OM-R07=B; OM-R10=A","TEMPORARY_AUDIT_ID_NOT_PRODUCTION_STABLE_ID"
"AUDIT-000531","BATCH_02","28c40a3ac026c8712c9de0964de5fde42ba829dc","docs/TAXONOMY_BATCH_02_FINALIZATION_TREE.csv","75","AUDIT-000527","Çanta & Aksesuar > Valiz & Seyahat Çantaları","Çanta & Aksesuar","Valiz & Seyahat Çantaları","Takım Elbise Taşıma Çantaları","","3","Çanta & Aksesuar > Valiz & Seyahat Çantaları > Takım Elbise Taşıma Çantaları","çanta & aksesuar > valiz & seyahat çantaları > takım elbise taşıma çantaları","YES","CANDIDATE_FOR_PRODUCT_OWNER_FINALIZATION","NORMAL","Çanta & Aksesuar","YES","NO","Batch 02 source proposal; finalization candidate; OM-R06=B; OM-R07=B; OM-R10=A","TEMPORARY_AUDIT_ID_NOT_PRODUCTION_STABLE_ID"
"AUDIT-000532","BATCH_02","28c40a3ac026c8712c9de0964de5fde42ba829dc","docs/TAXONOMY_BATCH_02_FINALIZATION_TREE.csv","76","AUDIT-000527","Çanta & Aksesuar > Valiz & Seyahat Çantaları","Çanta & Aksesuar","Valiz & Seyahat Çantaları","Katlanabilir Seyahat Çantaları","","3","Çanta & Aksesuar > Valiz & Seyahat Çantaları > Katlanabilir Seyahat Çantaları","çanta & aksesuar > valiz & seyahat çantaları > katlanabilir seyahat çantaları","YES","CANDIDATE_FOR_PRODUCT_OWNER_FINALIZATION","NORMAL","Çanta & Aksesuar","YES","NO","Batch 02 source proposal; finalization candidate; OM-R06=B; OM-R07=B; OM-R10=A","TEMPORARY_AUDIT_ID_NOT_PRODUCTION_STABLE_ID"
"AUDIT-000533","BATCH_02","28c40a3ac026c8712c9de0964de5fde42ba829dc","docs/TAXONOMY_BATCH_02_FINALIZATION_TREE.csv","77","","Çanta & Aksesuar","Çanta & Aksesuar","Cüzdan, Kartlık & Anahtarlık","","","2","Çanta & Aksesuar > Cüzdan, Kartlık & Anahtarlık","çanta & aksesuar > cüzdan, kartlık & anahtarlık","NO","CANDIDATE_FOR_PRODUCT_OWNER_FINALIZATION","NORMAL","Çanta & Aksesuar","YES","NO","Batch 02 source proposal; finalization candidate; OM-R06=B; OM-R07=B; OM-R10=A","TEMPORARY_AUDIT_ID_NOT_PRODUCTION_STABLE_ID"
"AUDIT-000534","BATCH_02","28c40a3ac026c8712c9de0964de5fde42ba829dc","docs/TAXONOMY_BATCH_02_FINALIZATION_TREE.csv","78","AUDIT-000533","Çanta & Aksesuar > Cüzdan, Kartlık & Anahtarlık","Çanta & Aksesuar","Cüzdan, Kartlık & Anahtarlık","Cüzdanlar","","3","Çanta & Aksesuar > Cüzdan, Kartlık & Anahtarlık > Cüzdanlar","çanta & aksesuar > cüzdan, kartlık & anahtarlık > cüzdanlar","YES","CANDIDATE_FOR_PRODUCT_OWNER_FINALIZATION","NORMAL","Çanta & Aksesuar","YES","NO","Batch 02 source proposal; finalization candidate; OM-R06=B; OM-R07=B; OM-R10=A","TEMPORARY_AUDIT_ID_NOT_PRODUCTION_STABLE_ID"
"AUDIT-000535","BATCH_02","28c40a3ac026c8712c9de0964de5fde42ba829dc","docs/TAXONOMY_BATCH_02_FINALIZATION_TREE.csv","79","AUDIT-000533","Çanta & Aksesuar > Cüzdan, Kartlık & Anahtarlık","Çanta & Aksesuar","Cüzdan, Kartlık & Anahtarlık","Kartlıklar","","3","Çanta & Aksesuar > Cüzdan, Kartlık & Anahtarlık > Kartlıklar","çanta & aksesuar > cüzdan, kartlık & anahtarlık > kartlıklar","YES","CANDIDATE_FOR_PRODUCT_OWNER_FINALIZATION","NORMAL","Çanta & Aksesuar","YES","NO","Batch 02 source proposal; finalization candidate; OM-R06=B; OM-R07=B; OM-R10=A","TEMPORARY_AUDIT_ID_NOT_PRODUCTION_STABLE_ID"
"AUDIT-000536","BATCH_02","28c40a3ac026c8712c9de0964de5fde42ba829dc","docs/TAXONOMY_BATCH_02_FINALIZATION_TREE.csv","80","AUDIT-000533","Çanta & Aksesuar > Cüzdan, Kartlık & Anahtarlık","Çanta & Aksesuar","Cüzdan, Kartlık & Anahtarlık","Bozuk Para Çantaları","","3","Çanta & Aksesuar > Cüzdan, Kartlık & Anahtarlık > Bozuk Para Çantaları","çanta & aksesuar > cüzdan, kartlık & anahtarlık > bozuk para çantaları","YES","CANDIDATE_FOR_PRODUCT_OWNER_FINALIZATION","NORMAL","Çanta & Aksesuar","YES","NO","Batch 02 source proposal; finalization candidate; OM-R06=B; OM-R07=B; OM-R10=A","TEMPORARY_AUDIT_ID_NOT_PRODUCTION_STABLE_ID"
"AUDIT-000537","BATCH_02","28c40a3ac026c8712c9de0964de5fde42ba829dc","docs/TAXONOMY_BATCH_02_FINALIZATION_TREE.csv","81","AUDIT-000533","Çanta & Aksesuar > Cüzdan, Kartlık & Anahtarlık","Çanta & Aksesuar","Cüzdan, Kartlık & Anahtarlık","Pasaportluklar","","3","Çanta & Aksesuar > Cüzdan, Kartlık & Anahtarlık > Pasaportluklar","çanta & aksesuar > cüzdan, kartlık & anahtarlık > pasaportluklar","YES","CANDIDATE_FOR_PRODUCT_OWNER_FINALIZATION","NORMAL","Çanta & Aksesuar","YES","NO","Batch 02 source proposal; finalization candidate; OM-R06=B; OM-R07=B; OM-R10=A","TEMPORARY_AUDIT_ID_NOT_PRODUCTION_STABLE_ID"
"AUDIT-000538","BATCH_02","28c40a3ac026c8712c9de0964de5fde42ba829dc","docs/TAXONOMY_BATCH_02_FINALIZATION_TREE.csv","82","AUDIT-000533","Çanta & Aksesuar > Cüzdan, Kartlık & Anahtarlık","Çanta & Aksesuar","Cüzdan, Kartlık & Anahtarlık","Anahtarlıklar","","3","Çanta & Aksesuar > Cüzdan, Kartlık & Anahtarlık > Anahtarlıklar","çanta & aksesuar > cüzdan, kartlık & anahtarlık > anahtarlıklar","YES","CANDIDATE_FOR_PRODUCT_OWNER_FINALIZATION","NORMAL","Çanta & Aksesuar","YES","NO","Batch 02 source proposal; finalization candidate; OM-R06=B; OM-R07=B; OM-R10=A","TEMPORARY_AUDIT_ID_NOT_PRODUCTION_STABLE_ID"
"AUDIT-000539","BATCH_02","28c40a3ac026c8712c9de0964de5fde42ba829dc","docs/TAXONOMY_BATCH_02_FINALIZATION_TREE.csv","83","","Çanta & Aksesuar","Çanta & Aksesuar","Kemer, Pantolon Askısı & Kravat","","","2","Çanta & Aksesuar > Kemer, Pantolon Askısı & Kravat","çanta & aksesuar > kemer, pantolon askısı & kravat","NO","CANDIDATE_FOR_PRODUCT_OWNER_FINALIZATION","NORMAL","Çanta & Aksesuar","YES","NO","Batch 02 source proposal; finalization candidate; OM-R06=B; OM-R07=B; OM-R10=A","TEMPORARY_AUDIT_ID_NOT_PRODUCTION_STABLE_ID"
"AUDIT-000540","BATCH_02","28c40a3ac026c8712c9de0964de5fde42ba829dc","docs/TAXONOMY_BATCH_02_FINALIZATION_TREE.csv","84","AUDIT-000539","Çanta & Aksesuar > Kemer, Pantolon Askısı & Kravat","Çanta & Aksesuar","Kemer, Pantolon Askısı & Kravat","Kemerler","","3","Çanta & Aksesuar > Kemer, Pantolon Askısı & Kravat > Kemerler","çanta & aksesuar > kemer, pantolon askısı & kravat > kemerler","YES","CANDIDATE_FOR_PRODUCT_OWNER_FINALIZATION","NORMAL","Çanta & Aksesuar","YES","NO","Batch 02 source proposal; finalization candidate; OM-R06=B; OM-R07=B; OM-R10=A","TEMPORARY_AUDIT_ID_NOT_PRODUCTION_STABLE_ID"
"AUDIT-000541","BATCH_02","28c40a3ac026c8712c9de0964de5fde42ba829dc","docs/TAXONOMY_BATCH_02_FINALIZATION_TREE.csv","85","AUDIT-000539","Çanta & Aksesuar > Kemer, Pantolon Askısı & Kravat","Çanta & Aksesuar","Kemer, Pantolon Askısı & Kravat","Pantolon Askıları","","3","Çanta & Aksesuar > Kemer, Pantolon Askısı & Kravat > Pantolon Askıları","çanta & aksesuar > kemer, pantolon askısı & kravat > pantolon askıları","YES","CANDIDATE_FOR_PRODUCT_OWNER_FINALIZATION","NORMAL","Çanta & Aksesuar","YES","NO","Batch 02 source proposal; finalization candidate; OM-R06=B; OM-R07=B; OM-R10=A","TEMPORARY_AUDIT_ID_NOT_PRODUCTION_STABLE_ID"
"AUDIT-000542","BATCH_02","28c40a3ac026c8712c9de0964de5fde42ba829dc","docs/TAXONOMY_BATCH_02_FINALIZATION_TREE.csv","86","AUDIT-000539","Çanta & Aksesuar > Kemer, Pantolon Askısı & Kravat","Çanta & Aksesuar","Kemer, Pantolon Askısı & Kravat","Kravat & Papyon","","3","Çanta & Aksesuar > Kemer, Pantolon Askısı & Kravat > Kravat & Papyon","çanta & aksesuar > kemer, pantolon askısı & kravat > kravat & papyon","YES","CANDIDATE_FOR_PRODUCT_OWNER_FINALIZATION","NORMAL","Çanta & Aksesuar","YES","NO","Batch 02 source proposal; finalization candidate; OM-R06=B; OM-R07=B; OM-R10=A","TEMPORARY_AUDIT_ID_NOT_PRODUCTION_STABLE_ID"
"AUDIT-000543","BATCH_02","28c40a3ac026c8712c9de0964de5fde42ba829dc","docs/TAXONOMY_BATCH_02_FINALIZATION_TREE.csv","87","AUDIT-000539","Çanta & Aksesuar > Kemer, Pantolon Askısı & Kravat","Çanta & Aksesuar","Kemer, Pantolon Askısı & Kravat","Kravat Aksesuarları","","3","Çanta & Aksesuar > Kemer, Pantolon Askısı & Kravat > Kravat Aksesuarları","çanta & aksesuar > kemer, pantolon askısı & kravat > kravat aksesuarları","YES","CANDIDATE_FOR_PRODUCT_OWNER_FINALIZATION","NORMAL","Çanta & Aksesuar","YES","NO","Batch 02 source proposal; finalization candidate; OM-R06=B; OM-R07=B; OM-R10=A","TEMPORARY_AUDIT_ID_NOT_PRODUCTION_STABLE_ID"
"AUDIT-000544","BATCH_02","28c40a3ac026c8712c9de0964de5fde42ba829dc","docs/TAXONOMY_BATCH_02_FINALIZATION_TREE.csv","88","","Çanta & Aksesuar","Çanta & Aksesuar","Şapka, Bere & Saç Aksesuarları","","","2","Çanta & Aksesuar > Şapka, Bere & Saç Aksesuarları","çanta & aksesuar > şapka, bere & saç aksesuarları","NO","CANDIDATE_FOR_PRODUCT_OWNER_FINALIZATION","NORMAL","Çanta & Aksesuar","YES","YES","Batch 02 source proposal; finalization candidate; OM-R06=B; OM-R07=B; OM-R10=A","TEMPORARY_AUDIT_ID_NOT_PRODUCTION_STABLE_ID"
"AUDIT-000545","BATCH_02","28c40a3ac026c8712c9de0964de5fde42ba829dc","docs/TAXONOMY_BATCH_02_FINALIZATION_TREE.csv","89","AUDIT-000544","Çanta & Aksesuar > Şapka, Bere & Saç Aksesuarları","Çanta & Aksesuar","Şapka, Bere & Saç Aksesuarları","Şapka & Kep","","3","Çanta & Aksesuar > Şapka, Bere & Saç Aksesuarları > Şapka & Kep","çanta & aksesuar > şapka, bere & saç aksesuarları > şapka & kep","YES","CANDIDATE_FOR_PRODUCT_OWNER_FINALIZATION","NORMAL","Çanta & Aksesuar","YES","NO","Batch 02 source proposal; finalization candidate; OM-R06=B; OM-R07=B; OM-R10=A","TEMPORARY_AUDIT_ID_NOT_PRODUCTION_STABLE_ID"
"AUDIT-000546","BATCH_02","28c40a3ac026c8712c9de0964de5fde42ba829dc","docs/TAXONOMY_BATCH_02_FINALIZATION_TREE.csv","90","AUDIT-000544","Çanta & Aksesuar > Şapka, Bere & Saç Aksesuarları","Çanta & Aksesuar","Şapka, Bere & Saç Aksesuarları","Bereler","","3","Çanta & Aksesuar > Şapka, Bere & Saç Aksesuarları > Bereler","çanta & aksesuar > şapka, bere & saç aksesuarları > bereler","YES","CANDIDATE_FOR_PRODUCT_OWNER_FINALIZATION","NORMAL","Çanta & Aksesuar","YES","NO","Batch 02 source proposal; finalization candidate; OM-R06=B; OM-R07=B; OM-R10=A","TEMPORARY_AUDIT_ID_NOT_PRODUCTION_STABLE_ID"
"AUDIT-000547","BATCH_02","28c40a3ac026c8712c9de0964de5fde42ba829dc","docs/TAXONOMY_BATCH_02_FINALIZATION_TREE.csv","91","AUDIT-000544","Çanta & Aksesuar > Şapka, Bere & Saç Aksesuarları","Çanta & Aksesuar","Şapka, Bere & Saç Aksesuarları","Saç Tokaları","","3","Çanta & Aksesuar > Şapka, Bere & Saç Aksesuarları > Saç Tokaları","çanta & aksesuar > şapka, bere & saç aksesuarları > saç tokaları","YES","CANDIDATE_FOR_PRODUCT_OWNER_FINALIZATION","NORMAL","Çanta & Aksesuar","YES","YES","Batch 02 source proposal; finalization candidate; OM-R06=B; OM-R07=B; OM-R10=A","TEMPORARY_AUDIT_ID_NOT_PRODUCTION_STABLE_ID"
"AUDIT-000548","BATCH_02","28c40a3ac026c8712c9de0964de5fde42ba829dc","docs/TAXONOMY_BATCH_02_FINALIZATION_TREE.csv","92","AUDIT-000544","Çanta & Aksesuar > Şapka, Bere & Saç Aksesuarları","Çanta & Aksesuar","Şapka, Bere & Saç Aksesuarları","Taç, Bandana & Saç Bantları","","3","Çanta & Aksesuar > Şapka, Bere & Saç Aksesuarları > Taç, Bandana & Saç Bantları","çanta & aksesuar > şapka, bere & saç aksesuarları > taç, bandana & saç bantları","YES","CANDIDATE_FOR_PRODUCT_OWNER_FINALIZATION","NORMAL","Çanta & Aksesuar","YES","YES","Batch 02 source proposal; finalization candidate; OM-R06=B; OM-R07=B; OM-R10=A","TEMPORARY_AUDIT_ID_NOT_PRODUCTION_STABLE_ID"
"AUDIT-000549","BATCH_02","28c40a3ac026c8712c9de0964de5fde42ba829dc","docs/TAXONOMY_BATCH_02_FINALIZATION_TREE.csv","93","","Çanta & Aksesuar","Çanta & Aksesuar","Atkı, Şal & Eldiven","","","2","Çanta & Aksesuar > Atkı, Şal & Eldiven","çanta & aksesuar > atkı, şal & eldiven","NO","CANDIDATE_FOR_PRODUCT_OWNER_FINALIZATION","NORMAL","Çanta & Aksesuar","YES","NO","Batch 02 source proposal; finalization candidate; OM-R06=B; OM-R07=B; OM-R10=A","TEMPORARY_AUDIT_ID_NOT_PRODUCTION_STABLE_ID"
"AUDIT-000550","BATCH_02","28c40a3ac026c8712c9de0964de5fde42ba829dc","docs/TAXONOMY_BATCH_02_FINALIZATION_TREE.csv","94","AUDIT-000549","Çanta & Aksesuar > Atkı, Şal & Eldiven","Çanta & Aksesuar","Atkı, Şal & Eldiven","Atkı & Fular","","3","Çanta & Aksesuar > Atkı, Şal & Eldiven > Atkı & Fular","çanta & aksesuar > atkı, şal & eldiven > atkı & fular","YES","CANDIDATE_FOR_PRODUCT_OWNER_FINALIZATION","NORMAL","Çanta & Aksesuar","YES","NO","Batch 02 source proposal; finalization candidate; OM-R06=B; OM-R07=B; OM-R10=A","TEMPORARY_AUDIT_ID_NOT_PRODUCTION_STABLE_ID"
"AUDIT-000551","BATCH_02","28c40a3ac026c8712c9de0964de5fde42ba829dc","docs/TAXONOMY_BATCH_02_FINALIZATION_TREE.csv","95","AUDIT-000549","Çanta & Aksesuar > Atkı, Şal & Eldiven","Çanta & Aksesuar","Atkı, Şal & Eldiven","Şal & Eşarp","","3","Çanta & Aksesuar > Atkı, Şal & Eldiven > Şal & Eşarp","çanta & aksesuar > atkı, şal & eldiven > şal & eşarp","YES","CANDIDATE_FOR_PRODUCT_OWNER_FINALIZATION","NORMAL","Çanta & Aksesuar","YES","NO","Batch 02 source proposal; finalization candidate; OM-R06=B; OM-R07=B; OM-R10=A","TEMPORARY_AUDIT_ID_NOT_PRODUCTION_STABLE_ID"
"AUDIT-000552","BATCH_02","28c40a3ac026c8712c9de0964de5fde42ba829dc","docs/TAXONOMY_BATCH_02_FINALIZATION_TREE.csv","96","AUDIT-000549","Çanta & Aksesuar > Atkı, Şal & Eldiven","Çanta & Aksesuar","Atkı, Şal & Eldiven","Günlük Eldivenler","","3","Çanta & Aksesuar > Atkı, Şal & Eldiven > Günlük Eldivenler","çanta & aksesuar > atkı, şal & eldiven > günlük eldivenler","YES","CANDIDATE_FOR_PRODUCT_OWNER_FINALIZATION","NORMAL","Çanta & Aksesuar","YES","NO","Batch 02 source proposal; finalization candidate; OM-R06=B; OM-R07=B; OM-R10=A","TEMPORARY_AUDIT_ID_NOT_PRODUCTION_STABLE_ID"
"AUDIT-000553","BATCH_02","28c40a3ac026c8712c9de0964de5fde42ba829dc","docs/TAXONOMY_BATCH_02_FINALIZATION_TREE.csv","97","AUDIT-000549","Çanta & Aksesuar > Atkı, Şal & Eldiven","Çanta & Aksesuar","Atkı, Şal & Eldiven","Boyunluklar","","3","Çanta & Aksesuar > Atkı, Şal & Eldiven > Boyunluklar","çanta & aksesuar > atkı, şal & eldiven > boyunluklar","YES","CANDIDATE_FOR_PRODUCT_OWNER_FINALIZATION","NORMAL","Çanta & Aksesuar","YES","NO","Batch 02 source proposal; finalization candidate; OM-R06=B; OM-R07=B; OM-R10=A","TEMPORARY_AUDIT_ID_NOT_PRODUCTION_STABLE_ID"
"AUDIT-000554","BATCH_02","28c40a3ac026c8712c9de0964de5fde42ba829dc","docs/TAXONOMY_BATCH_02_FINALIZATION_TREE.csv","98","","Çanta & Aksesuar","Çanta & Aksesuar","Şemsiyeler","","","2","Çanta & Aksesuar > Şemsiyeler","çanta & aksesuar > şemsiyeler","NO","CANDIDATE_FOR_PRODUCT_OWNER_FINALIZATION","NORMAL","Çanta & Aksesuar","YES","YES","Batch 02 source proposal; finalization candidate; OM-R06=B; OM-R07=B; OM-R10=A","TEMPORARY_AUDIT_ID_NOT_PRODUCTION_STABLE_ID"
"AUDIT-000555","BATCH_02","28c40a3ac026c8712c9de0964de5fde42ba829dc","docs/TAXONOMY_BATCH_02_FINALIZATION_TREE.csv","99","AUDIT-000554","Çanta & Aksesuar > Şemsiyeler","Çanta & Aksesuar","Şemsiyeler","Kompakt Şemsiyeler","","3","Çanta & Aksesuar > Şemsiyeler > Kompakt Şemsiyeler","çanta & aksesuar > şemsiyeler > kompakt şemsiyeler","YES","CANDIDATE_FOR_PRODUCT_OWNER_FINALIZATION","NORMAL","Çanta & Aksesuar","YES","NO","Batch 02 source proposal; finalization candidate; OM-R06=B; OM-R07=B; OM-R10=A","TEMPORARY_AUDIT_ID_NOT_PRODUCTION_STABLE_ID"
"AUDIT-000556","BATCH_02","28c40a3ac026c8712c9de0964de5fde42ba829dc","docs/TAXONOMY_BATCH_02_FINALIZATION_TREE.csv","100","AUDIT-000554","Çanta & Aksesuar > Şemsiyeler","Çanta & Aksesuar","Şemsiyeler","Baston Şemsiyeler","","3","Çanta & Aksesuar > Şemsiyeler > Baston Şemsiyeler","çanta & aksesuar > şemsiyeler > baston şemsiyeler","YES","CANDIDATE_FOR_PRODUCT_OWNER_FINALIZATION","NORMAL","Çanta & Aksesuar","YES","NO","Batch 02 source proposal; finalization candidate; OM-R06=B; OM-R07=B; OM-R10=A","TEMPORARY_AUDIT_ID_NOT_PRODUCTION_STABLE_ID"
"AUDIT-000557","BATCH_02","28c40a3ac026c8712c9de0964de5fde42ba829dc","docs/TAXONOMY_BATCH_02_FINALIZATION_TREE.csv","101","AUDIT-000554","Çanta & Aksesuar > Şemsiyeler","Çanta & Aksesuar","Şemsiyeler","Çocuk Şemsiyeleri","","3","Çanta & Aksesuar > Şemsiyeler > Çocuk Şemsiyeleri","çanta & aksesuar > şemsiyeler > çocuk şemsiyeleri","YES","CANDIDATE_FOR_PRODUCT_OWNER_FINALIZATION","NORMAL","Çanta & Aksesuar","YES","YES","Batch 02 source proposal; finalization candidate; OM-R06=B; OM-R07=B; OM-R10=A","TEMPORARY_AUDIT_ID_NOT_PRODUCTION_STABLE_ID"
"AUDIT-000558","BATCH_02","28c40a3ac026c8712c9de0964de5fde42ba829dc","docs/TAXONOMY_BATCH_02_FINALIZATION_TREE.csv","102","","Çanta & Aksesuar","Çanta & Aksesuar","Seyahat Aksesuarları","","","2","Çanta & Aksesuar > Seyahat Aksesuarları","çanta & aksesuar > seyahat aksesuarları","NO","CANDIDATE_FOR_PRODUCT_OWNER_FINALIZATION","NORMAL","Çanta & Aksesuar","YES","YES","Batch 02 source proposal; finalization candidate; OM-R06=B; OM-R07=B; OM-R10=A","TEMPORARY_AUDIT_ID_NOT_PRODUCTION_STABLE_ID"
"AUDIT-000559","BATCH_02","28c40a3ac026c8712c9de0964de5fde42ba829dc","docs/TAXONOMY_BATCH_02_FINALIZATION_TREE.csv","103","AUDIT-000558","Çanta & Aksesuar > Seyahat Aksesuarları","Çanta & Aksesuar","Seyahat Aksesuarları","Bagaj Etiketi & Kilidi","","3","Çanta & Aksesuar > Seyahat Aksesuarları > Bagaj Etiketi & Kilidi","çanta & aksesuar > seyahat aksesuarları > bagaj etiketi & kilidi","YES","CANDIDATE_FOR_PRODUCT_OWNER_FINALIZATION","NORMAL","Çanta & Aksesuar","YES","NO","Batch 02 source proposal; finalization candidate; OM-R06=B; OM-R07=B; OM-R10=A","TEMPORARY_AUDIT_ID_NOT_PRODUCTION_STABLE_ID"
"AUDIT-000560","BATCH_02","28c40a3ac026c8712c9de0964de5fde42ba829dc","docs/TAXONOMY_BATCH_02_FINALIZATION_TREE.csv","104","AUDIT-000558","Çanta & Aksesuar > Seyahat Aksesuarları","Çanta & Aksesuar","Seyahat Aksesuarları","Valiz Kılıfı & Kemeri","","3","Çanta & Aksesuar > Seyahat Aksesuarları > Valiz Kılıfı & Kemeri","çanta & aksesuar > seyahat aksesuarları > valiz kılıfı & kemeri","YES","CANDIDATE_FOR_PRODUCT_OWNER_FINALIZATION","NORMAL","Çanta & Aksesuar","YES","NO","Batch 02 source proposal; finalization candidate; OM-R06=B; OM-R07=B; OM-R10=A","TEMPORARY_AUDIT_ID_NOT_PRODUCTION_STABLE_ID"
"AUDIT-000561","BATCH_02","28c40a3ac026c8712c9de0964de5fde42ba829dc","docs/TAXONOMY_BATCH_02_FINALIZATION_TREE.csv","105","AUDIT-000558","Çanta & Aksesuar > Seyahat Aksesuarları","Çanta & Aksesuar","Seyahat Aksesuarları","Seyahat Organizerleri","","3","Çanta & Aksesuar > Seyahat Aksesuarları > Seyahat Organizerleri","çanta & aksesuar > seyahat aksesuarları > seyahat organizerleri","YES","CANDIDATE_FOR_PRODUCT_OWNER_FINALIZATION","NORMAL","Çanta & Aksesuar","YES","NO","Batch 02 source proposal; finalization candidate; OM-R06=B; OM-R07=B; OM-R10=A","TEMPORARY_AUDIT_ID_NOT_PRODUCTION_STABLE_ID"
"AUDIT-000562","BATCH_02","28c40a3ac026c8712c9de0964de5fde42ba829dc","docs/TAXONOMY_BATCH_02_FINALIZATION_TREE.csv","106","AUDIT-000558","Çanta & Aksesuar > Seyahat Aksesuarları","Çanta & Aksesuar","Seyahat Aksesuarları","Boyun Yastığı & Uyku Aksesuarları","","3","Çanta & Aksesuar > Seyahat Aksesuarları > Boyun Yastığı & Uyku Aksesuarları","çanta & aksesuar > seyahat aksesuarları > boyun yastığı & uyku aksesuarları","YES","CANDIDATE_FOR_PRODUCT_OWNER_FINALIZATION","NORMAL","Çanta & Aksesuar","YES","YES","Batch 02 source proposal; finalization candidate; OM-R06=B; OM-R07=B; OM-R10=A","TEMPORARY_AUDIT_ID_NOT_PRODUCTION_STABLE_ID"
"AUDIT-000563","BATCH_02","28c40a3ac026c8712c9de0964de5fde42ba829dc","docs/TAXONOMY_BATCH_02_FINALIZATION_TREE.csv","107","AUDIT-000558","Çanta & Aksesuar > Seyahat Aksesuarları","Çanta & Aksesuar","Seyahat Aksesuarları","Seyahat Şişe & Kap Setleri","","3","Çanta & Aksesuar > Seyahat Aksesuarları > Seyahat Şişe & Kap Setleri","çanta & aksesuar > seyahat aksesuarları > seyahat şişe & kap setleri","YES","CANDIDATE_FOR_PRODUCT_OWNER_FINALIZATION","NORMAL","Çanta & Aksesuar","YES","YES","Batch 02 source proposal; finalization candidate; OM-R06=B; OM-R07=B; OM-R10=A","TEMPORARY_AUDIT_ID_NOT_PRODUCTION_STABLE_ID"
"AUDIT-000564","BATCH_02","28c40a3ac026c8712c9de0964de5fde42ba829dc","docs/TAXONOMY_BATCH_02_FINALIZATION_TREE.csv","108","","Beyaz Eşya & Ev Aletleri","Beyaz Eşya & Ev Aletleri","Soğutma & Gıda Saklama Cihazları","","","2","Beyaz Eşya & Ev Aletleri > Soğutma & Gıda Saklama Cihazları","beyaz eşya & ev aletleri > soğutma & gıda saklama cihazları","NO","CANDIDATE_FOR_PRODUCT_OWNER_FINALIZATION","NORMAL","Beyaz Eşya & Ev Aletleri","YES","YES","Batch 02 source proposal; finalization candidate; OM-R06=B; OM-R07=B; OM-R10=A","TEMPORARY_AUDIT_ID_NOT_PRODUCTION_STABLE_ID"
"AUDIT-000565","BATCH_02","28c40a3ac026c8712c9de0964de5fde42ba829dc","docs/TAXONOMY_BATCH_02_FINALIZATION_TREE.csv","109","AUDIT-000564","Beyaz Eşya & Ev Aletleri > Soğutma & Gıda Saklama Cihazları","Beyaz Eşya & Ev Aletleri","Soğutma & Gıda Saklama Cihazları","Buzdolapları","","3","Beyaz Eşya & Ev Aletleri > Soğutma & Gıda Saklama Cihazları > Buzdolapları","beyaz eşya & ev aletleri > soğutma & gıda saklama cihazları > buzdolapları","NO","CANDIDATE_FOR_PRODUCT_OWNER_FINALIZATION","NORMAL","Beyaz Eşya & Ev Aletleri","YES","YES","Batch 02 source proposal; finalization candidate; OM-R06=B; OM-R07=B; OM-R10=A","TEMPORARY_AUDIT_ID_NOT_PRODUCTION_STABLE_ID"
"AUDIT-000566","BATCH_02","28c40a3ac026c8712c9de0964de5fde42ba829dc","docs/TAXONOMY_BATCH_02_FINALIZATION_TREE.csv","110","AUDIT-000565","Beyaz Eşya & Ev Aletleri > Soğutma & Gıda Saklama Cihazları > Buzdolapları","Beyaz Eşya & Ev Aletleri","Soğutma & Gıda Saklama Cihazları","Buzdolapları","Üstten Donduruculu Buzdolapları","4","Beyaz Eşya & Ev Aletleri > Soğutma & Gıda Saklama Cihazları > Buzdolapları > Üstten Donduruculu Buzdolapları","beyaz eşya & ev aletleri > soğutma & gıda saklama cihazları > buzdolapları > üstten donduruculu buzdolapları","YES","CANDIDATE_FOR_PRODUCT_OWNER_FINALIZATION","NORMAL","Beyaz Eşya & Ev Aletleri","YES","YES","Batch 02 source proposal; finalization candidate; OM-R06=B; OM-R07=B; OM-R10=A","TEMPORARY_AUDIT_ID_NOT_PRODUCTION_STABLE_ID"
"AUDIT-000567","BATCH_02","28c40a3ac026c8712c9de0964de5fde42ba829dc","docs/TAXONOMY_BATCH_02_FINALIZATION_TREE.csv","111","AUDIT-000565","Beyaz Eşya & Ev Aletleri > Soğutma & Gıda Saklama Cihazları > Buzdolapları","Beyaz Eşya & Ev Aletleri","Soğutma & Gıda Saklama Cihazları","Buzdolapları","Alttan Donduruculu & Kombi Buzdolapları","4","Beyaz Eşya & Ev Aletleri > Soğutma & Gıda Saklama Cihazları > Buzdolapları > Alttan Donduruculu & Kombi Buzdolapları","beyaz eşya & ev aletleri > soğutma & gıda saklama cihazları > buzdolapları > alttan donduruculu & kombi buzdolapları","YES","CANDIDATE_FOR_PRODUCT_OWNER_FINALIZATION","NORMAL","Beyaz Eşya & Ev Aletleri","YES","YES","Batch 02 source proposal; finalization candidate; OM-R06=B; OM-R07=B; OM-R10=A","TEMPORARY_AUDIT_ID_NOT_PRODUCTION_STABLE_ID"
"AUDIT-000568","BATCH_02","28c40a3ac026c8712c9de0964de5fde42ba829dc","docs/TAXONOMY_BATCH_02_FINALIZATION_TREE.csv","112","AUDIT-000565","Beyaz Eşya & Ev Aletleri > Soğutma & Gıda Saklama Cihazları > Buzdolapları","Beyaz Eşya & Ev Aletleri","Soğutma & Gıda Saklama Cihazları","Buzdolapları","Gardırop Tipi Buzdolapları","4","Beyaz Eşya & Ev Aletleri > Soğutma & Gıda Saklama Cihazları > Buzdolapları > Gardırop Tipi Buzdolapları","beyaz eşya & ev aletleri > soğutma & gıda saklama cihazları > buzdolapları > gardırop tipi buzdolapları","YES","CANDIDATE_FOR_PRODUCT_OWNER_FINALIZATION","NORMAL","Beyaz Eşya & Ev Aletleri","YES","YES","Batch 02 source proposal; finalization candidate; OM-R06=B; OM-R07=B; OM-R10=A","TEMPORARY_AUDIT_ID_NOT_PRODUCTION_STABLE_ID"
"AUDIT-000569","BATCH_02","28c40a3ac026c8712c9de0964de5fde42ba829dc","docs/TAXONOMY_BATCH_02_FINALIZATION_TREE.csv","113","AUDIT-000565","Beyaz Eşya & Ev Aletleri > Soğutma & Gıda Saklama Cihazları > Buzdolapları","Beyaz Eşya & Ev Aletleri","Soğutma & Gıda Saklama Cihazları","Buzdolapları","Mini Buzdolapları","4","Beyaz Eşya & Ev Aletleri > Soğutma & Gıda Saklama Cihazları > Buzdolapları > Mini Buzdolapları","beyaz eşya & ev aletleri > soğutma & gıda saklama cihazları > buzdolapları > mini buzdolapları","YES","CANDIDATE_FOR_PRODUCT_OWNER_FINALIZATION","NORMAL","Beyaz Eşya & Ev Aletleri","YES","YES","Batch 02 source proposal; finalization candidate; OM-R06=B; OM-R07=B; OM-R10=A","TEMPORARY_AUDIT_ID_NOT_PRODUCTION_STABLE_ID"
"AUDIT-000570","BATCH_02","28c40a3ac026c8712c9de0964de5fde42ba829dc","docs/TAXONOMY_BATCH_02_FINALIZATION_TREE.csv","114","AUDIT-000564","Beyaz Eşya & Ev Aletleri > Soğutma & Gıda Saklama Cihazları","Beyaz Eşya & Ev Aletleri","Soğutma & Gıda Saklama Cihazları","Derin Dondurucular","","3","Beyaz Eşya & Ev Aletleri > Soğutma & Gıda Saklama Cihazları > Derin Dondurucular","beyaz eşya & ev aletleri > soğutma & gıda saklama cihazları > derin dondurucular","NO","CANDIDATE_FOR_PRODUCT_OWNER_FINALIZATION","NORMAL","Beyaz Eşya & Ev Aletleri","YES","YES","Batch 02 source proposal; finalization candidate; OM-R06=B; OM-R07=B; OM-R10=A","TEMPORARY_AUDIT_ID_NOT_PRODUCTION_STABLE_ID"
"AUDIT-000571","BATCH_02","28c40a3ac026c8712c9de0964de5fde42ba829dc","docs/TAXONOMY_BATCH_02_FINALIZATION_TREE.csv","115","AUDIT-000570","Beyaz Eşya & Ev Aletleri > Soğutma & Gıda Saklama Cihazları > Derin Dondurucular","Beyaz Eşya & Ev Aletleri","Soğutma & Gıda Saklama Cihazları","Derin Dondurucular","Çekmeceli Derin Dondurucular","4","Beyaz Eşya & Ev Aletleri > Soğutma & Gıda Saklama Cihazları > Derin Dondurucular > Çekmeceli Derin Dondurucular","beyaz eşya & ev aletleri > soğutma & gıda saklama cihazları > derin dondurucular > çekmeceli derin dondurucular","YES","CANDIDATE_FOR_PRODUCT_OWNER_FINALIZATION","NORMAL","Beyaz Eşya & Ev Aletleri","YES","YES","Batch 02 source proposal; finalization candidate; OM-R06=B; OM-R07=B; OM-R10=A","TEMPORARY_AUDIT_ID_NOT_PRODUCTION_STABLE_ID"
"AUDIT-000572","BATCH_02","28c40a3ac026c8712c9de0964de5fde42ba829dc","docs/TAXONOMY_BATCH_02_FINALIZATION_TREE.csv","116","AUDIT-000570","Beyaz Eşya & Ev Aletleri > Soğutma & Gıda Saklama Cihazları > Derin Dondurucular","Beyaz Eşya & Ev Aletleri","Soğutma & Gıda Saklama Cihazları","Derin Dondurucular","Sandık Tipi Derin Dondurucular","4","Beyaz Eşya & Ev Aletleri > Soğutma & Gıda Saklama Cihazları > Derin Dondurucular > Sandık Tipi Derin Dondurucular","beyaz eşya & ev aletleri > soğutma & gıda saklama cihazları > derin dondurucular > sandık tipi derin dondurucular","YES","CANDIDATE_FOR_PRODUCT_OWNER_FINALIZATION","NORMAL","Beyaz Eşya & Ev Aletleri","YES","YES","Batch 02 source proposal; finalization candidate; OM-R06=B; OM-R07=B; OM-R10=A","TEMPORARY_AUDIT_ID_NOT_PRODUCTION_STABLE_ID"
"AUDIT-000573","BATCH_02","28c40a3ac026c8712c9de0964de5fde42ba829dc","docs/TAXONOMY_BATCH_02_FINALIZATION_TREE.csv","117","AUDIT-000564","Beyaz Eşya & Ev Aletleri > Soğutma & Gıda Saklama Cihazları","Beyaz Eşya & Ev Aletleri","Soğutma & Gıda Saklama Cihazları","İçecek & Şarap Soğutucuları","","3","Beyaz Eşya & Ev Aletleri > Soğutma & Gıda Saklama Cihazları > İçecek & Şarap Soğutucuları","beyaz eşya & ev aletleri > soğutma & gıda saklama cihazları > içecek & şarap soğutucuları","YES","CANDIDATE_FOR_PRODUCT_OWNER_FINALIZATION","NORMAL","Beyaz Eşya & Ev Aletleri","YES","YES","Batch 02 source proposal; finalization candidate; OM-R06=B; OM-R07=B; OM-R10=A","TEMPORARY_AUDIT_ID_NOT_PRODUCTION_STABLE_ID"
"AUDIT-000574","BATCH_02","28c40a3ac026c8712c9de0964de5fde42ba829dc","docs/TAXONOMY_BATCH_02_FINALIZATION_TREE.csv","118","AUDIT-000564","Beyaz Eşya & Ev Aletleri > Soğutma & Gıda Saklama Cihazları","Beyaz Eşya & Ev Aletleri","Soğutma & Gıda Saklama Cihazları","Su Sebilleri","","3","Beyaz Eşya & Ev Aletleri > Soğutma & Gıda Saklama Cihazları > Su Sebilleri","beyaz eşya & ev aletleri > soğutma & gıda saklama cihazları > su sebilleri","YES","CANDIDATE_FOR_PRODUCT_OWNER_FINALIZATION","NORMAL","Beyaz Eşya & Ev Aletleri","YES","YES","Batch 02 source proposal; finalization candidate; OM-R06=B; OM-R07=B; OM-R10=A","TEMPORARY_AUDIT_ID_NOT_PRODUCTION_STABLE_ID"
"AUDIT-000575","BATCH_02","28c40a3ac026c8712c9de0964de5fde42ba829dc","docs/TAXONOMY_BATCH_02_FINALIZATION_TREE.csv","119","","Beyaz Eşya & Ev Aletleri","Beyaz Eşya & Ev Aletleri","Çamaşır & Bulaşık Bakım Cihazları","","","2","Beyaz Eşya & Ev Aletleri > Çamaşır & Bulaşık Bakım Cihazları","beyaz eşya & ev aletleri > çamaşır & bulaşık bakım cihazları","NO","CANDIDATE_FOR_PRODUCT_OWNER_FINALIZATION","NORMAL","Beyaz Eşya & Ev Aletleri","YES","YES","Batch 02 source proposal; finalization candidate; OM-R06=B; OM-R07=B; OM-R10=A","TEMPORARY_AUDIT_ID_NOT_PRODUCTION_STABLE_ID"
"AUDIT-000576","BATCH_02","28c40a3ac026c8712c9de0964de5fde42ba829dc","docs/TAXONOMY_BATCH_02_FINALIZATION_TREE.csv","120","AUDIT-000575","Beyaz Eşya & Ev Aletleri > Çamaşır & Bulaşık Bakım Cihazları","Beyaz Eşya & Ev Aletleri","Çamaşır & Bulaşık Bakım Cihazları","Çamaşır Makineleri","","3","Beyaz Eşya & Ev Aletleri > Çamaşır & Bulaşık Bakım Cihazları > Çamaşır Makineleri","beyaz eşya & ev aletleri > çamaşır & bulaşık bakım cihazları > çamaşır makineleri","YES","CANDIDATE_FOR_PRODUCT_OWNER_FINALIZATION","NORMAL","Beyaz Eşya & Ev Aletleri","YES","YES","Batch 02 source proposal; finalization candidate; OM-R06=B; OM-R07=B; OM-R10=A","TEMPORARY_AUDIT_ID_NOT_PRODUCTION_STABLE_ID"
"AUDIT-000577","BATCH_02","28c40a3ac026c8712c9de0964de5fde42ba829dc","docs/TAXONOMY_BATCH_02_FINALIZATION_TREE.csv","121","AUDIT-000575","Beyaz Eşya & Ev Aletleri > Çamaşır & Bulaşık Bakım Cihazları","Beyaz Eşya & Ev Aletleri","Çamaşır & Bulaşık Bakım Cihazları","Kurutma Makineleri","","3","Beyaz Eşya & Ev Aletleri > Çamaşır & Bulaşık Bakım Cihazları > Kurutma Makineleri","beyaz eşya & ev aletleri > çamaşır & bulaşık bakım cihazları > kurutma makineleri","YES","CANDIDATE_FOR_PRODUCT_OWNER_FINALIZATION","NORMAL","Beyaz Eşya & Ev Aletleri","YES","YES","Batch 02 source proposal; finalization candidate; OM-R06=B; OM-R07=B; OM-R10=A","TEMPORARY_AUDIT_ID_NOT_PRODUCTION_STABLE_ID"
"AUDIT-000578","BATCH_02","28c40a3ac026c8712c9de0964de5fde42ba829dc","docs/TAXONOMY_BATCH_02_FINALIZATION_TREE.csv","122","AUDIT-000575","Beyaz Eşya & Ev Aletleri > Çamaşır & Bulaşık Bakım Cihazları","Beyaz Eşya & Ev Aletleri","Çamaşır & Bulaşık Bakım Cihazları","Yıkamalı Kurutma Makineleri","","3","Beyaz Eşya & Ev Aletleri > Çamaşır & Bulaşık Bakım Cihazları > Yıkamalı Kurutma Makineleri","beyaz eşya & ev aletleri > çamaşır & bulaşık bakım cihazları > yıkamalı kurutma makineleri","YES","CANDIDATE_FOR_PRODUCT_OWNER_FINALIZATION","NORMAL","Beyaz Eşya & Ev Aletleri","YES","YES","Batch 02 source proposal; finalization candidate; OM-R06=B; OM-R07=B; OM-R10=A","TEMPORARY_AUDIT_ID_NOT_PRODUCTION_STABLE_ID"
"AUDIT-000579","BATCH_02","28c40a3ac026c8712c9de0964de5fde42ba829dc","docs/TAXONOMY_BATCH_02_FINALIZATION_TREE.csv","123","AUDIT-000575","Beyaz Eşya & Ev Aletleri > Çamaşır & Bulaşık Bakım Cihazları","Beyaz Eşya & Ev Aletleri","Çamaşır & Bulaşık Bakım Cihazları","Bulaşık Makineleri","","3","Beyaz Eşya & Ev Aletleri > Çamaşır & Bulaşık Bakım Cihazları > Bulaşık Makineleri","beyaz eşya & ev aletleri > çamaşır & bulaşık bakım cihazları > bulaşık makineleri","YES","CANDIDATE_FOR_PRODUCT_OWNER_FINALIZATION","NORMAL","Beyaz Eşya & Ev Aletleri","YES","YES","Batch 02 source proposal; finalization candidate; OM-R06=B; OM-R07=B; OM-R10=A","TEMPORARY_AUDIT_ID_NOT_PRODUCTION_STABLE_ID"
"AUDIT-000580","BATCH_02","28c40a3ac026c8712c9de0964de5fde42ba829dc","docs/TAXONOMY_BATCH_02_FINALIZATION_TREE.csv","124","","Beyaz Eşya & Ev Aletleri","Beyaz Eşya & Ev Aletleri","Büyük Pişirme Cihazları","","","2","Beyaz Eşya & Ev Aletleri > Büyük Pişirme Cihazları","beyaz eşya & ev aletleri > büyük pişirme cihazları","NO","CANDIDATE_FOR_PRODUCT_OWNER_FINALIZATION","REGULATED","Beyaz Eşya & Ev Aletleri","YES","YES","Batch 02 source proposal; finalization candidate; OM-R06=B; OM-R07=B; OM-R10=A","TEMPORARY_AUDIT_ID_NOT_PRODUCTION_STABLE_ID"
"AUDIT-000581","BATCH_02","28c40a3ac026c8712c9de0964de5fde42ba829dc","docs/TAXONOMY_BATCH_02_FINALIZATION_TREE.csv","125","AUDIT-000580","Beyaz Eşya & Ev Aletleri > Büyük Pişirme Cihazları","Beyaz Eşya & Ev Aletleri","Büyük Pişirme Cihazları","Fırınlar","","3","Beyaz Eşya & Ev Aletleri > Büyük Pişirme Cihazları > Fırınlar","beyaz eşya & ev aletleri > büyük pişirme cihazları > fırınlar","YES","CANDIDATE_FOR_PRODUCT_OWNER_FINALIZATION","NORMAL","Beyaz Eşya & Ev Aletleri","YES","YES","Batch 02 source proposal; finalization candidate; OM-R06=B; OM-R07=B; OM-R10=A","TEMPORARY_AUDIT_ID_NOT_PRODUCTION_STABLE_ID"
"AUDIT-000582","BATCH_02","28c40a3ac026c8712c9de0964de5fde42ba829dc","docs/TAXONOMY_BATCH_02_FINALIZATION_TREE.csv","126","AUDIT-000580","Beyaz Eşya & Ev Aletleri > Büyük Pişirme Cihazları","Beyaz Eşya & Ev Aletleri","Büyük Pişirme Cihazları","Ocaklar","","3","Beyaz Eşya & Ev Aletleri > Büyük Pişirme Cihazları > Ocaklar","beyaz eşya & ev aletleri > büyük pişirme cihazları > ocaklar","YES","CANDIDATE_FOR_PRODUCT_OWNER_FINALIZATION","REGULATED","Beyaz Eşya & Ev Aletleri","YES","YES","Batch 02 source proposal; finalization candidate; OM-R06=B; OM-R07=B; OM-R10=A","TEMPORARY_AUDIT_ID_NOT_PRODUCTION_STABLE_ID"
"AUDIT-000583","BATCH_02","28c40a3ac026c8712c9de0964de5fde42ba829dc","docs/TAXONOMY_BATCH_02_FINALIZATION_TREE.csv","127","AUDIT-000580","Beyaz Eşya & Ev Aletleri > Büyük Pişirme Cihazları","Beyaz Eşya & Ev Aletleri","Büyük Pişirme Cihazları","Mikrodalga Fırınlar","","3","Beyaz Eşya & Ev Aletleri > Büyük Pişirme Cihazları > Mikrodalga Fırınlar","beyaz eşya & ev aletleri > büyük pişirme cihazları > mikrodalga fırınlar","YES","CANDIDATE_FOR_PRODUCT_OWNER_FINALIZATION","NORMAL","Beyaz Eşya & Ev Aletleri","YES","YES","Batch 02 source proposal; finalization candidate; OM-R06=B; OM-R07=B; OM-R10=A","TEMPORARY_AUDIT_ID_NOT_PRODUCTION_STABLE_ID"
"AUDIT-000584","BATCH_02","28c40a3ac026c8712c9de0964de5fde42ba829dc","docs/TAXONOMY_BATCH_02_FINALIZATION_TREE.csv","128","AUDIT-000580","Beyaz Eşya & Ev Aletleri > Büyük Pişirme Cihazları","Beyaz Eşya & Ev Aletleri","Büyük Pişirme Cihazları","Davlumbaz & Aspiratörler","","3","Beyaz Eşya & Ev Aletleri > Büyük Pişirme Cihazları > Davlumbaz & Aspiratörler","beyaz eşya & ev aletleri > büyük pişirme cihazları > davlumbaz & aspiratörler","YES","CANDIDATE_FOR_PRODUCT_OWNER_FINALIZATION","NORMAL","Beyaz Eşya & Ev Aletleri","YES","YES","Batch 02 source proposal; finalization candidate; OM-R06=B; OM-R07=B; OM-R10=A","TEMPORARY_AUDIT_ID_NOT_PRODUCTION_STABLE_ID"
"AUDIT-000585","BATCH_02","28c40a3ac026c8712c9de0964de5fde42ba829dc","docs/TAXONOMY_BATCH_02_FINALIZATION_TREE.csv","129","AUDIT-000580","Beyaz Eşya & Ev Aletleri > Büyük Pişirme Cihazları","Beyaz Eşya & Ev Aletleri","Büyük Pişirme Cihazları","Bağımsız Kuzine & Pişiriciler","","3","Beyaz Eşya & Ev Aletleri > Büyük Pişirme Cihazları > Bağımsız Kuzine & Pişiriciler","beyaz eşya & ev aletleri > büyük pişirme cihazları > bağımsız kuzine & pişiriciler","YES","CANDIDATE_FOR_PRODUCT_OWNER_FINALIZATION","REGULATED","Beyaz Eşya & Ev Aletleri","YES","YES","Batch 02 source proposal; finalization candidate; OM-R06=B; OM-R07=B; OM-R10=A","TEMPORARY_AUDIT_ID_NOT_PRODUCTION_STABLE_ID"
"AUDIT-000586","BATCH_02","28c40a3ac026c8712c9de0964de5fde42ba829dc","docs/TAXONOMY_BATCH_02_FINALIZATION_TREE.csv","130","","Beyaz Eşya & Ev Aletleri","Beyaz Eşya & Ev Aletleri","Küçük Mutfak Aletleri","","","2","Beyaz Eşya & Ev Aletleri > Küçük Mutfak Aletleri","beyaz eşya & ev aletleri > küçük mutfak aletleri","NO","CANDIDATE_FOR_PRODUCT_OWNER_FINALIZATION","NORMAL","Beyaz Eşya & Ev Aletleri","YES","YES","Batch 02 source proposal; finalization candidate; OM-R06=B; OM-R07=B; OM-R10=A","TEMPORARY_AUDIT_ID_NOT_PRODUCTION_STABLE_ID"
"AUDIT-000587","BATCH_02","28c40a3ac026c8712c9de0964de5fde42ba829dc","docs/TAXONOMY_BATCH_02_FINALIZATION_TREE.csv","131","AUDIT-000586","Beyaz Eşya & Ev Aletleri > Küçük Mutfak Aletleri","Beyaz Eşya & Ev Aletleri","Küçük Mutfak Aletleri","Çay & Kahve Hazırlama","","3","Beyaz Eşya & Ev Aletleri > Küçük Mutfak Aletleri > Çay & Kahve Hazırlama","beyaz eşya & ev aletleri > küçük mutfak aletleri > çay & kahve hazırlama","NO","CANDIDATE_FOR_PRODUCT_OWNER_FINALIZATION","NORMAL","Beyaz Eşya & Ev Aletleri","YES","YES","Batch 02 source proposal; finalization candidate; OM-R06=B; OM-R07=B; OM-R10=A","TEMPORARY_AUDIT_ID_NOT_PRODUCTION_STABLE_ID"
"AUDIT-000588","BATCH_02","28c40a3ac026c8712c9de0964de5fde42ba829dc","docs/TAXONOMY_BATCH_02_FINALIZATION_TREE.csv","132","AUDIT-000587","Beyaz Eşya & Ev Aletleri > Küçük Mutfak Aletleri > Çay & Kahve Hazırlama","Beyaz Eşya & Ev Aletleri","Küçük Mutfak Aletleri","Çay & Kahve Hazırlama","Çay Makineleri","4","Beyaz Eşya & Ev Aletleri > Küçük Mutfak Aletleri > Çay & Kahve Hazırlama > Çay Makineleri","beyaz eşya & ev aletleri > küçük mutfak aletleri > çay & kahve hazırlama > çay makineleri","YES","CANDIDATE_FOR_PRODUCT_OWNER_FINALIZATION","NORMAL","Beyaz Eşya & Ev Aletleri","YES","YES","Batch 02 source proposal; finalization candidate; OM-R06=B; OM-R07=B; OM-R10=A","TEMPORARY_AUDIT_ID_NOT_PRODUCTION_STABLE_ID"
"AUDIT-000589","BATCH_02","28c40a3ac026c8712c9de0964de5fde42ba829dc","docs/TAXONOMY_BATCH_02_FINALIZATION_TREE.csv","133","AUDIT-000587","Beyaz Eşya & Ev Aletleri > Küçük Mutfak Aletleri > Çay & Kahve Hazırlama","Beyaz Eşya & Ev Aletleri","Küçük Mutfak Aletleri","Çay & Kahve Hazırlama","Türk Kahvesi Makineleri","4","Beyaz Eşya & Ev Aletleri > Küçük Mutfak Aletleri > Çay & Kahve Hazırlama > Türk Kahvesi Makineleri","beyaz eşya & ev aletleri > küçük mutfak aletleri > çay & kahve hazırlama > türk kahvesi makineleri","YES","CANDIDATE_FOR_PRODUCT_OWNER_FINALIZATION","NORMAL","Beyaz Eşya & Ev Aletleri","YES","YES","Batch 02 source proposal; finalization candidate; OM-R06=B; OM-R07=B; OM-R10=A","TEMPORARY_AUDIT_ID_NOT_PRODUCTION_STABLE_ID"
"AUDIT-000590","BATCH_02","28c40a3ac026c8712c9de0964de5fde42ba829dc","docs/TAXONOMY_BATCH_02_FINALIZATION_TREE.csv","134","AUDIT-000587","Beyaz Eşya & Ev Aletleri > Küçük Mutfak Aletleri > Çay & Kahve Hazırlama","Beyaz Eşya & Ev Aletleri","Küçük Mutfak Aletleri","Çay & Kahve Hazırlama","Filtre Kahve Makineleri","4","Beyaz Eşya & Ev Aletleri > Küçük Mutfak Aletleri > Çay & Kahve Hazırlama > Filtre Kahve Makineleri","beyaz eşya & ev aletleri > küçük mutfak aletleri > çay & kahve hazırlama > filtre kahve makineleri","YES","CANDIDATE_FOR_PRODUCT_OWNER_FINALIZATION","NORMAL","Beyaz Eşya & Ev Aletleri","YES","YES","Batch 02 source proposal; finalization candidate; OM-R06=B; OM-R07=B; OM-R10=A","TEMPORARY_AUDIT_ID_NOT_PRODUCTION_STABLE_ID"
"AUDIT-000591","BATCH_02","28c40a3ac026c8712c9de0964de5fde42ba829dc","docs/TAXONOMY_BATCH_02_FINALIZATION_TREE.csv","135","AUDIT-000587","Beyaz Eşya & Ev Aletleri > Küçük Mutfak Aletleri > Çay & Kahve Hazırlama","Beyaz Eşya & Ev Aletleri","Küçük Mutfak Aletleri","Çay & Kahve Hazırlama","Espresso Makineleri","4","Beyaz Eşya & Ev Aletleri > Küçük Mutfak Aletleri > Çay & Kahve Hazırlama > Espresso Makineleri","beyaz eşya & ev aletleri > küçük mutfak aletleri > çay & kahve hazırlama > espresso makineleri","YES","CANDIDATE_FOR_PRODUCT_OWNER_FINALIZATION","NORMAL","Beyaz Eşya & Ev Aletleri","YES","YES","Batch 02 source proposal; finalization candidate; OM-R06=B; OM-R07=B; OM-R10=A","TEMPORARY_AUDIT_ID_NOT_PRODUCTION_STABLE_ID"
"AUDIT-000592","BATCH_02","28c40a3ac026c8712c9de0964de5fde42ba829dc","docs/TAXONOMY_BATCH_02_FINALIZATION_TREE.csv","136","AUDIT-000586","Beyaz Eşya & Ev Aletleri > Küçük Mutfak Aletleri","Beyaz Eşya & Ev Aletleri","Küçük Mutfak Aletleri","Blender, Mikser & Doğrayıcılar","","3","Beyaz Eşya & Ev Aletleri > Küçük Mutfak Aletleri > Blender, Mikser & Doğrayıcılar","beyaz eşya & ev aletleri > küçük mutfak aletleri > blender, mikser & doğrayıcılar","NO","CANDIDATE_FOR_PRODUCT_OWNER_FINALIZATION","NORMAL","Beyaz Eşya & Ev Aletleri","YES","YES","Batch 02 source proposal; finalization candidate; OM-R06=B; OM-R07=B; OM-R10=A","TEMPORARY_AUDIT_ID_NOT_PRODUCTION_STABLE_ID"
"AUDIT-000593","BATCH_02","28c40a3ac026c8712c9de0964de5fde42ba829dc","docs/TAXONOMY_BATCH_02_FINALIZATION_TREE.csv","137","AUDIT-000592","Beyaz Eşya & Ev Aletleri > Küçük Mutfak Aletleri > Blender, Mikser & Doğrayıcılar","Beyaz Eşya & Ev Aletleri","Küçük Mutfak Aletleri","Blender, Mikser & Doğrayıcılar","Blenderlar","4","Beyaz Eşya & Ev Aletleri > Küçük Mutfak Aletleri > Blender, Mikser & Doğrayıcılar > Blenderlar","beyaz eşya & ev aletleri > küçük mutfak aletleri > blender, mikser & doğrayıcılar > blenderlar","YES","CANDIDATE_FOR_PRODUCT_OWNER_FINALIZATION","NORMAL","Beyaz Eşya & Ev Aletleri","YES","YES","Batch 02 source proposal; finalization candidate; OM-R06=B; OM-R07=B; OM-R10=A","TEMPORARY_AUDIT_ID_NOT_PRODUCTION_STABLE_ID"
"AUDIT-000594","BATCH_02","28c40a3ac026c8712c9de0964de5fde42ba829dc","docs/TAXONOMY_BATCH_02_FINALIZATION_TREE.csv","138","AUDIT-000592","Beyaz Eşya & Ev Aletleri > Küçük Mutfak Aletleri > Blender, Mikser & Doğrayıcılar","Beyaz Eşya & Ev Aletleri","Küçük Mutfak Aletleri","Blender, Mikser & Doğrayıcılar","Mikserler","4","Beyaz Eşya & Ev Aletleri > Küçük Mutfak Aletleri > Blender, Mikser & Doğrayıcılar > Mikserler","beyaz eşya & ev aletleri > küçük mutfak aletleri > blender, mikser & doğrayıcılar > mikserler","YES","CANDIDATE_FOR_PRODUCT_OWNER_FINALIZATION","NORMAL","Beyaz Eşya & Ev Aletleri","YES","YES","Batch 02 source proposal; finalization candidate; OM-R06=B; OM-R07=B; OM-R10=A","TEMPORARY_AUDIT_ID_NOT_PRODUCTION_STABLE_ID"
"AUDIT-000595","BATCH_02","28c40a3ac026c8712c9de0964de5fde42ba829dc","docs/TAXONOMY_BATCH_02_FINALIZATION_TREE.csv","139","AUDIT-000592","Beyaz Eşya & Ev Aletleri > Küçük Mutfak Aletleri > Blender, Mikser & Doğrayıcılar","Beyaz Eşya & Ev Aletleri","Küçük Mutfak Aletleri","Blender, Mikser & Doğrayıcılar","Doğrayıcılar","4","Beyaz Eşya & Ev Aletleri > Küçük Mutfak Aletleri > Blender, Mikser & Doğrayıcılar > Doğrayıcılar","beyaz eşya & ev aletleri > küçük mutfak aletleri > blender, mikser & doğrayıcılar > doğrayıcılar","YES","CANDIDATE_FOR_PRODUCT_OWNER_FINALIZATION","NORMAL","Beyaz Eşya & Ev Aletleri","YES","YES","Batch 02 source proposal; finalization candidate; OM-R06=B; OM-R07=B; OM-R10=A","TEMPORARY_AUDIT_ID_NOT_PRODUCTION_STABLE_ID"
"AUDIT-000596","BATCH_02","28c40a3ac026c8712c9de0964de5fde42ba829dc","docs/TAXONOMY_BATCH_02_FINALIZATION_TREE.csv","140","AUDIT-000586","Beyaz Eşya & Ev Aletleri > Küçük Mutfak Aletleri","Beyaz Eşya & Ev Aletleri","Küçük Mutfak Aletleri","Tost & Izgara Makineleri","","3","Beyaz Eşya & Ev Aletleri > Küçük Mutfak Aletleri > Tost & Izgara Makineleri","beyaz eşya & ev aletleri > küçük mutfak aletleri > tost & ızgara makineleri","YES","CANDIDATE_FOR_PRODUCT_OWNER_FINALIZATION","NORMAL","Beyaz Eşya & Ev Aletleri","YES","YES","Batch 02 source proposal; finalization candidate; OM-R06=B; OM-R07=B; OM-R10=A","TEMPORARY_AUDIT_ID_NOT_PRODUCTION_STABLE_ID"
"AUDIT-000597","BATCH_02","28c40a3ac026c8712c9de0964de5fde42ba829dc","docs/TAXONOMY_BATCH_02_FINALIZATION_TREE.csv","141","AUDIT-000586","Beyaz Eşya & Ev Aletleri > Küçük Mutfak Aletleri","Beyaz Eşya & Ev Aletleri","Küçük Mutfak Aletleri","Airfryer & Fritözler","","3","Beyaz Eşya & Ev Aletleri > Küçük Mutfak Aletleri > Airfryer & Fritözler","beyaz eşya & ev aletleri > küçük mutfak aletleri > airfryer & fritözler","YES","CANDIDATE_FOR_PRODUCT_OWNER_FINALIZATION","NORMAL","Beyaz Eşya & Ev Aletleri","YES","YES","Batch 02 source proposal; finalization candidate; OM-R06=B; OM-R07=B; OM-R10=A","TEMPORARY_AUDIT_ID_NOT_PRODUCTION_STABLE_ID"
"AUDIT-000598","BATCH_02","28c40a3ac026c8712c9de0964de5fde42ba829dc","docs/TAXONOMY_BATCH_02_FINALIZATION_TREE.csv","142","AUDIT-000586","Beyaz Eşya & Ev Aletleri > Küçük Mutfak Aletleri","Beyaz Eşya & Ev Aletleri","Küçük Mutfak Aletleri","Mutfak Robotları","","3","Beyaz Eşya & Ev Aletleri > Küçük Mutfak Aletleri > Mutfak Robotları","beyaz eşya & ev aletleri > küçük mutfak aletleri > mutfak robotları","YES","CANDIDATE_FOR_PRODUCT_OWNER_FINALIZATION","NORMAL","Beyaz Eşya & Ev Aletleri","YES","YES","Batch 02 source proposal; finalization candidate; OM-R06=B; OM-R07=B; OM-R10=A","TEMPORARY_AUDIT_ID_NOT_PRODUCTION_STABLE_ID"
"AUDIT-000599","BATCH_02","28c40a3ac026c8712c9de0964de5fde42ba829dc","docs/TAXONOMY_BATCH_02_FINALIZATION_TREE.csv","143","AUDIT-000586","Beyaz Eşya & Ev Aletleri > Küçük Mutfak Aletleri","Beyaz Eşya & Ev Aletleri","Küçük Mutfak Aletleri","Su Isıtıcılar","","3","Beyaz Eşya & Ev Aletleri > Küçük Mutfak Aletleri > Su Isıtıcılar","beyaz eşya & ev aletleri > küçük mutfak aletleri > su ısıtıcılar","YES","CANDIDATE_FOR_PRODUCT_OWNER_FINALIZATION","NORMAL","Beyaz Eşya & Ev Aletleri","YES","YES","Batch 02 source proposal; finalization candidate; OM-R06=B; OM-R07=B; OM-R10=A","TEMPORARY_AUDIT_ID_NOT_PRODUCTION_STABLE_ID"
"AUDIT-000600","BATCH_02","28c40a3ac026c8712c9de0964de5fde42ba829dc","docs/TAXONOMY_BATCH_02_FINALIZATION_TREE.csv","144","AUDIT-000586","Beyaz Eşya & Ev Aletleri > Küçük Mutfak Aletleri","Beyaz Eşya & Ev Aletleri","Küçük Mutfak Aletleri","Meyve Sıkacağı & Katı Meyve Presleri","","3","Beyaz Eşya & Ev Aletleri > Küçük Mutfak Aletleri > Meyve Sıkacağı & Katı Meyve Presleri","beyaz eşya & ev aletleri > küçük mutfak aletleri > meyve sıkacağı & katı meyve presleri","YES","CANDIDATE_FOR_PRODUCT_OWNER_FINALIZATION","NORMAL","Beyaz Eşya & Ev Aletleri","YES","YES","Batch 02 source proposal; finalization candidate; OM-R06=B; OM-R07=B; OM-R10=A","TEMPORARY_AUDIT_ID_NOT_PRODUCTION_STABLE_ID"
"AUDIT-000601","BATCH_02","28c40a3ac026c8712c9de0964de5fde42ba829dc","docs/TAXONOMY_BATCH_02_FINALIZATION_TREE.csv","145","AUDIT-000586","Beyaz Eşya & Ev Aletleri > Küçük Mutfak Aletleri","Beyaz Eşya & Ev Aletleri","Küçük Mutfak Aletleri","Ekmek & Yoğurt Yapma Makineleri","","3","Beyaz Eşya & Ev Aletleri > Küçük Mutfak Aletleri > Ekmek & Yoğurt Yapma Makineleri","beyaz eşya & ev aletleri > küçük mutfak aletleri > ekmek & yoğurt yapma makineleri","YES","CANDIDATE_FOR_PRODUCT_OWNER_FINALIZATION","NORMAL","Beyaz Eşya & Ev Aletleri","YES","YES","Batch 02 source proposal; finalization candidate; OM-R06=B; OM-R07=B; OM-R10=A","TEMPORARY_AUDIT_ID_NOT_PRODUCTION_STABLE_ID"
"AUDIT-000602","BATCH_02","28c40a3ac026c8712c9de0964de5fde42ba829dc","docs/TAXONOMY_BATCH_02_FINALIZATION_TREE.csv","146","","Beyaz Eşya & Ev Aletleri","Beyaz Eşya & Ev Aletleri","Temizlik Cihazları","","","2","Beyaz Eşya & Ev Aletleri > Temizlik Cihazları","beyaz eşya & ev aletleri > temizlik cihazları","NO","CANDIDATE_FOR_PRODUCT_OWNER_FINALIZATION","NORMAL","Beyaz Eşya & Ev Aletleri","YES","YES","Batch 02 source proposal; finalization candidate; OM-R06=B; OM-R07=B; OM-R10=A","TEMPORARY_AUDIT_ID_NOT_PRODUCTION_STABLE_ID"
"AUDIT-000603","BATCH_02","28c40a3ac026c8712c9de0964de5fde42ba829dc","docs/TAXONOMY_BATCH_02_FINALIZATION_TREE.csv","147","AUDIT-000602","Beyaz Eşya & Ev Aletleri > Temizlik Cihazları","Beyaz Eşya & Ev Aletleri","Temizlik Cihazları","Elektrikli Süpürgeler","","3","Beyaz Eşya & Ev Aletleri > Temizlik Cihazları > Elektrikli Süpürgeler","beyaz eşya & ev aletleri > temizlik cihazları > elektrikli süpürgeler","NO","CANDIDATE_FOR_PRODUCT_OWNER_FINALIZATION","NORMAL","Beyaz Eşya & Ev Aletleri","YES","YES","Batch 02 source proposal; finalization candidate; OM-R06=B; OM-R07=B; OM-R10=A","TEMPORARY_AUDIT_ID_NOT_PRODUCTION_STABLE_ID"
"AUDIT-000604","BATCH_02","28c40a3ac026c8712c9de0964de5fde42ba829dc","docs/TAXONOMY_BATCH_02_FINALIZATION_TREE.csv","148","AUDIT-000603","Beyaz Eşya & Ev Aletleri > Temizlik Cihazları > Elektrikli Süpürgeler","Beyaz Eşya & Ev Aletleri","Temizlik Cihazları","Elektrikli Süpürgeler","Robot Süpürgeler","4","Beyaz Eşya & Ev Aletleri > Temizlik Cihazları > Elektrikli Süpürgeler > Robot Süpürgeler","beyaz eşya & ev aletleri > temizlik cihazları > elektrikli süpürgeler > robot süpürgeler","YES","CANDIDATE_FOR_PRODUCT_OWNER_FINALIZATION","NORMAL","Beyaz Eşya & Ev Aletleri","YES","YES","Batch 02 source proposal; finalization candidate; OM-R06=B; OM-R07=B; OM-R10=A","TEMPORARY_AUDIT_ID_NOT_PRODUCTION_STABLE_ID"
"AUDIT-000605","BATCH_02","28c40a3ac026c8712c9de0964de5fde42ba829dc","docs/TAXONOMY_BATCH_02_FINALIZATION_TREE.csv","149","AUDIT-000603","Beyaz Eşya & Ev Aletleri > Temizlik Cihazları > Elektrikli Süpürgeler","Beyaz Eşya & Ev Aletleri","Temizlik Cihazları","Elektrikli Süpürgeler","Dikey Süpürgeler","4","Beyaz Eşya & Ev Aletleri > Temizlik Cihazları > Elektrikli Süpürgeler > Dikey Süpürgeler","beyaz eşya & ev aletleri > temizlik cihazları > elektrikli süpürgeler > dikey süpürgeler","YES","CANDIDATE_FOR_PRODUCT_OWNER_FINALIZATION","NORMAL","Beyaz Eşya & Ev Aletleri","YES","YES","Batch 02 source proposal; finalization candidate; OM-R06=B; OM-R07=B; OM-R10=A","TEMPORARY_AUDIT_ID_NOT_PRODUCTION_STABLE_ID"
"AUDIT-000606","BATCH_02","28c40a3ac026c8712c9de0964de5fde42ba829dc","docs/TAXONOMY_BATCH_02_FINALIZATION_TREE.csv","150","AUDIT-000603","Beyaz Eşya & Ev Aletleri > Temizlik Cihazları > Elektrikli Süpürgeler","Beyaz Eşya & Ev Aletleri","Temizlik Cihazları","Elektrikli Süpürgeler","Yatay Süpürgeler","4","Beyaz Eşya & Ev Aletleri > Temizlik Cihazları > Elektrikli Süpürgeler > Yatay Süpürgeler","beyaz eşya & ev aletleri > temizlik cihazları > elektrikli süpürgeler > yatay süpürgeler","YES","CANDIDATE_FOR_PRODUCT_OWNER_FINALIZATION","NORMAL","Beyaz Eşya & Ev Aletleri","YES","YES","Batch 02 source proposal; finalization candidate; OM-R06=B; OM-R07=B; OM-R10=A","TEMPORARY_AUDIT_ID_NOT_PRODUCTION_STABLE_ID"
"AUDIT-000607","BATCH_02","28c40a3ac026c8712c9de0964de5fde42ba829dc","docs/TAXONOMY_BATCH_02_FINALIZATION_TREE.csv","151","AUDIT-000603","Beyaz Eşya & Ev Aletleri > Temizlik Cihazları > Elektrikli Süpürgeler","Beyaz Eşya & Ev Aletleri","Temizlik Cihazları","Elektrikli Süpürgeler","Islak & Kuru Süpürgeler","4","Beyaz Eşya & Ev Aletleri > Temizlik Cihazları > Elektrikli Süpürgeler > Islak & Kuru Süpürgeler","beyaz eşya & ev aletleri > temizlik cihazları > elektrikli süpürgeler > ıslak & kuru süpürgeler","YES","CANDIDATE_FOR_PRODUCT_OWNER_FINALIZATION","NORMAL","Beyaz Eşya & Ev Aletleri","YES","YES","Batch 02 source proposal; finalization candidate; OM-R06=B; OM-R07=B; OM-R10=A","TEMPORARY_AUDIT_ID_NOT_PRODUCTION_STABLE_ID"
"AUDIT-000608","BATCH_02","28c40a3ac026c8712c9de0964de5fde42ba829dc","docs/TAXONOMY_BATCH_02_FINALIZATION_TREE.csv","152","AUDIT-000602","Beyaz Eşya & Ev Aletleri > Temizlik Cihazları","Beyaz Eşya & Ev Aletleri","Temizlik Cihazları","Buharlı Temizleyiciler","","3","Beyaz Eşya & Ev Aletleri > Temizlik Cihazları > Buharlı Temizleyiciler","beyaz eşya & ev aletleri > temizlik cihazları > buharlı temizleyiciler","YES","CANDIDATE_FOR_PRODUCT_OWNER_FINALIZATION","NORMAL","Beyaz Eşya & Ev Aletleri","YES","YES","Batch 02 source proposal; finalization candidate; OM-R06=B; OM-R07=B; OM-R10=A","TEMPORARY_AUDIT_ID_NOT_PRODUCTION_STABLE_ID"
"AUDIT-000609","BATCH_02","28c40a3ac026c8712c9de0964de5fde42ba829dc","docs/TAXONOMY_BATCH_02_FINALIZATION_TREE.csv","153","AUDIT-000602","Beyaz Eşya & Ev Aletleri > Temizlik Cihazları","Beyaz Eşya & Ev Aletleri","Temizlik Cihazları","Halı & Koltuk Yıkama Cihazları","","3","Beyaz Eşya & Ev Aletleri > Temizlik Cihazları > Halı & Koltuk Yıkama Cihazları","beyaz eşya & ev aletleri > temizlik cihazları > halı & koltuk yıkama cihazları","YES","CANDIDATE_FOR_PRODUCT_OWNER_FINALIZATION","NORMAL","Beyaz Eşya & Ev Aletleri","YES","YES","Batch 02 source proposal; finalization candidate; OM-R06=B; OM-R07=B; OM-R10=A","TEMPORARY_AUDIT_ID_NOT_PRODUCTION_STABLE_ID"
"AUDIT-000610","BATCH_02","28c40a3ac026c8712c9de0964de5fde42ba829dc","docs/TAXONOMY_BATCH_02_FINALIZATION_TREE.csv","154","AUDIT-000602","Beyaz Eşya & Ev Aletleri > Temizlik Cihazları","Beyaz Eşya & Ev Aletleri","Temizlik Cihazları","Zemin Bakım & Parlatma Cihazları","","3","Beyaz Eşya & Ev Aletleri > Temizlik Cihazları > Zemin Bakım & Parlatma Cihazları","beyaz eşya & ev aletleri > temizlik cihazları > zemin bakım & parlatma cihazları","YES","CANDIDATE_FOR_PRODUCT_OWNER_FINALIZATION","NORMAL","Beyaz Eşya & Ev Aletleri","YES","YES","Batch 02 source proposal; finalization candidate; OM-R06=B; OM-R07=B; OM-R10=A","TEMPORARY_AUDIT_ID_NOT_PRODUCTION_STABLE_ID"
"AUDIT-000611","BATCH_02","28c40a3ac026c8712c9de0964de5fde42ba829dc","docs/TAXONOMY_BATCH_02_FINALIZATION_TREE.csv","155","AUDIT-000602","Beyaz Eşya & Ev Aletleri > Temizlik Cihazları","Beyaz Eşya & Ev Aletleri","Temizlik Cihazları","Cam Temizleme Cihazları","","3","Beyaz Eşya & Ev Aletleri > Temizlik Cihazları > Cam Temizleme Cihazları","beyaz eşya & ev aletleri > temizlik cihazları > cam temizleme cihazları","YES","CANDIDATE_FOR_PRODUCT_OWNER_FINALIZATION","NORMAL","Beyaz Eşya & Ev Aletleri","YES","YES","Batch 02 source proposal; finalization candidate; OM-R06=B; OM-R07=B; OM-R10=A","TEMPORARY_AUDIT_ID_NOT_PRODUCTION_STABLE_ID"
"AUDIT-000612","BATCH_02","28c40a3ac026c8712c9de0964de5fde42ba829dc","docs/TAXONOMY_BATCH_02_FINALIZATION_TREE.csv","156","","Beyaz Eşya & Ev Aletleri","Beyaz Eşya & Ev Aletleri","İklimlendirme & Hava Kalitesi","","","2","Beyaz Eşya & Ev Aletleri > İklimlendirme & Hava Kalitesi","beyaz eşya & ev aletleri > iklimlendirme & hava kalitesi","NO","CANDIDATE_FOR_PRODUCT_OWNER_FINALIZATION","LEGAL_REVIEW_REQUIRED","Beyaz Eşya & Ev Aletleri","YES","YES","Batch 02 source proposal; finalization candidate; OM-R06=B; OM-R07=B; OM-R10=A","TEMPORARY_AUDIT_ID_NOT_PRODUCTION_STABLE_ID"
"AUDIT-000613","BATCH_02","28c40a3ac026c8712c9de0964de5fde42ba829dc","docs/TAXONOMY_BATCH_02_FINALIZATION_TREE.csv","157","AUDIT-000612","Beyaz Eşya & Ev Aletleri > İklimlendirme & Hava Kalitesi","Beyaz Eşya & Ev Aletleri","İklimlendirme & Hava Kalitesi","Klimalar","","3","Beyaz Eşya & Ev Aletleri > İklimlendirme & Hava Kalitesi > Klimalar","beyaz eşya & ev aletleri > iklimlendirme & hava kalitesi > klimalar","YES","CANDIDATE_FOR_PRODUCT_OWNER_FINALIZATION","NORMAL","Beyaz Eşya & Ev Aletleri","YES","YES","Batch 02 source proposal; finalization candidate; OM-R06=B; OM-R07=B; OM-R10=A","TEMPORARY_AUDIT_ID_NOT_PRODUCTION_STABLE_ID"
"AUDIT-000614","BATCH_02","28c40a3ac026c8712c9de0964de5fde42ba829dc","docs/TAXONOMY_BATCH_02_FINALIZATION_TREE.csv","158","AUDIT-000612","Beyaz Eşya & Ev Aletleri > İklimlendirme & Hava Kalitesi","Beyaz Eşya & Ev Aletleri","İklimlendirme & Hava Kalitesi","Vantilatör & Hava Soğutucular","","3","Beyaz Eşya & Ev Aletleri > İklimlendirme & Hava Kalitesi > Vantilatör & Hava Soğutucular","beyaz eşya & ev aletleri > iklimlendirme & hava kalitesi > vantilatör & hava soğutucular","YES","CANDIDATE_FOR_PRODUCT_OWNER_FINALIZATION","NORMAL","Beyaz Eşya & Ev Aletleri","YES","YES","Batch 02 source proposal; finalization candidate; OM-R06=B; OM-R07=B; OM-R10=A","TEMPORARY_AUDIT_ID_NOT_PRODUCTION_STABLE_ID"
"AUDIT-000615","BATCH_02","28c40a3ac026c8712c9de0964de5fde42ba829dc","docs/TAXONOMY_BATCH_02_FINALIZATION_TREE.csv","159","AUDIT-000612","Beyaz Eşya & Ev Aletleri > İklimlendirme & Hava Kalitesi","Beyaz Eşya & Ev Aletleri","İklimlendirme & Hava Kalitesi","Elektrikli Isıtıcılar","","3","Beyaz Eşya & Ev Aletleri > İklimlendirme & Hava Kalitesi > Elektrikli Isıtıcılar","beyaz eşya & ev aletleri > iklimlendirme & hava kalitesi > elektrikli ısıtıcılar","YES","CANDIDATE_FOR_PRODUCT_OWNER_FINALIZATION","REGULATED","Beyaz Eşya & Ev Aletleri","YES","YES","Batch 02 source proposal; finalization candidate; OM-R06=B; OM-R07=B; OM-R10=A","TEMPORARY_AUDIT_ID_NOT_PRODUCTION_STABLE_ID"
"AUDIT-000616","BATCH_02","28c40a3ac026c8712c9de0964de5fde42ba829dc","docs/TAXONOMY_BATCH_02_FINALIZATION_TREE.csv","160","AUDIT-000612","Beyaz Eşya & Ev Aletleri > İklimlendirme & Hava Kalitesi","Beyaz Eşya & Ev Aletleri","İklimlendirme & Hava Kalitesi","Hava Temizleyiciler","","3","Beyaz Eşya & Ev Aletleri > İklimlendirme & Hava Kalitesi > Hava Temizleyiciler","beyaz eşya & ev aletleri > iklimlendirme & hava kalitesi > hava temizleyiciler","YES","CANDIDATE_FOR_PRODUCT_OWNER_FINALIZATION","LEGAL_REVIEW_REQUIRED","Beyaz Eşya & Ev Aletleri","YES","YES","Batch 02 source proposal; finalization candidate; OM-R06=B; OM-R07=B; OM-R10=A","TEMPORARY_AUDIT_ID_NOT_PRODUCTION_STABLE_ID"
"AUDIT-000617","BATCH_02","28c40a3ac026c8712c9de0964de5fde42ba829dc","docs/TAXONOMY_BATCH_02_FINALIZATION_TREE.csv","161","AUDIT-000612","Beyaz Eşya & Ev Aletleri > İklimlendirme & Hava Kalitesi","Beyaz Eşya & Ev Aletleri","İklimlendirme & Hava Kalitesi","Nemlendirici & Nem Alıcılar","","3","Beyaz Eşya & Ev Aletleri > İklimlendirme & Hava Kalitesi > Nemlendirici & Nem Alıcılar","beyaz eşya & ev aletleri > iklimlendirme & hava kalitesi > nemlendirici & nem alıcılar","YES","CANDIDATE_FOR_PRODUCT_OWNER_FINALIZATION","LEGAL_REVIEW_REQUIRED","Beyaz Eşya & Ev Aletleri","YES","YES","Batch 02 source proposal; finalization candidate; OM-R06=B; OM-R07=B; OM-R10=A","TEMPORARY_AUDIT_ID_NOT_PRODUCTION_STABLE_ID"
"AUDIT-000618","BATCH_02","28c40a3ac026c8712c9de0964de5fde42ba829dc","docs/TAXONOMY_BATCH_02_FINALIZATION_TREE.csv","162","","Beyaz Eşya & Ev Aletleri","Beyaz Eşya & Ev Aletleri","Su Isıtma & Sıcak Su Cihazları","","","2","Beyaz Eşya & Ev Aletleri > Su Isıtma & Sıcak Su Cihazları","beyaz eşya & ev aletleri > su ısıtma & sıcak su cihazları","NO","CANDIDATE_FOR_PRODUCT_OWNER_FINALIZATION","REGULATED","Beyaz Eşya & Ev Aletleri","YES","YES","Batch 02 source proposal; finalization candidate; OM-R06=B; OM-R07=B; OM-R10=A","TEMPORARY_AUDIT_ID_NOT_PRODUCTION_STABLE_ID"
"AUDIT-000619","BATCH_02","28c40a3ac026c8712c9de0964de5fde42ba829dc","docs/TAXONOMY_BATCH_02_FINALIZATION_TREE.csv","163","AUDIT-000618","Beyaz Eşya & Ev Aletleri > Su Isıtma & Sıcak Su Cihazları","Beyaz Eşya & Ev Aletleri","Su Isıtma & Sıcak Su Cihazları","Şofbenler","","3","Beyaz Eşya & Ev Aletleri > Su Isıtma & Sıcak Su Cihazları > Şofbenler","beyaz eşya & ev aletleri > su ısıtma & sıcak su cihazları > şofbenler","YES","CANDIDATE_FOR_PRODUCT_OWNER_FINALIZATION","REGULATED","Beyaz Eşya & Ev Aletleri","YES","YES","Batch 02 source proposal; finalization candidate; OM-R06=B; OM-R07=B; OM-R10=A","TEMPORARY_AUDIT_ID_NOT_PRODUCTION_STABLE_ID"
"AUDIT-000620","BATCH_02","28c40a3ac026c8712c9de0964de5fde42ba829dc","docs/TAXONOMY_BATCH_02_FINALIZATION_TREE.csv","164","AUDIT-000618","Beyaz Eşya & Ev Aletleri > Su Isıtma & Sıcak Su Cihazları","Beyaz Eşya & Ev Aletleri","Su Isıtma & Sıcak Su Cihazları","Termosifonlar","","3","Beyaz Eşya & Ev Aletleri > Su Isıtma & Sıcak Su Cihazları > Termosifonlar","beyaz eşya & ev aletleri > su ısıtma & sıcak su cihazları > termosifonlar","YES","CANDIDATE_FOR_PRODUCT_OWNER_FINALIZATION","REGULATED","Beyaz Eşya & Ev Aletleri","YES","YES","Batch 02 source proposal; finalization candidate; OM-R06=B; OM-R07=B; OM-R10=A","TEMPORARY_AUDIT_ID_NOT_PRODUCTION_STABLE_ID"
"AUDIT-000621","BATCH_02","28c40a3ac026c8712c9de0964de5fde42ba829dc","docs/TAXONOMY_BATCH_02_FINALIZATION_TREE.csv","165","AUDIT-000618","Beyaz Eşya & Ev Aletleri > Su Isıtma & Sıcak Su Cihazları","Beyaz Eşya & Ev Aletleri","Su Isıtma & Sıcak Su Cihazları","Ani Sıcak Su Cihazları","","3","Beyaz Eşya & Ev Aletleri > Su Isıtma & Sıcak Su Cihazları > Ani Sıcak Su Cihazları","beyaz eşya & ev aletleri > su ısıtma & sıcak su cihazları > ani sıcak su cihazları","YES","CANDIDATE_FOR_PRODUCT_OWNER_FINALIZATION","REGULATED","Beyaz Eşya & Ev Aletleri","YES","YES","Batch 02 source proposal; finalization candidate; OM-R06=B; OM-R07=B; OM-R10=A","TEMPORARY_AUDIT_ID_NOT_PRODUCTION_STABLE_ID"
"AUDIT-000622","BATCH_02","28c40a3ac026c8712c9de0964de5fde42ba829dc","docs/TAXONOMY_BATCH_02_FINALIZATION_TREE.csv","166","","Beyaz Eşya & Ev Aletleri","Beyaz Eşya & Ev Aletleri","Ütü & Tekstil Bakım Cihazları","","","2","Beyaz Eşya & Ev Aletleri > Ütü & Tekstil Bakım Cihazları","beyaz eşya & ev aletleri > ütü & tekstil bakım cihazları","NO","CANDIDATE_FOR_PRODUCT_OWNER_FINALIZATION","NORMAL","Beyaz Eşya & Ev Aletleri","YES","YES","Batch 02 source proposal; finalization candidate; OM-R06=B; OM-R07=B; OM-R10=A","TEMPORARY_AUDIT_ID_NOT_PRODUCTION_STABLE_ID"
"AUDIT-000623","BATCH_02","28c40a3ac026c8712c9de0964de5fde42ba829dc","docs/TAXONOMY_BATCH_02_FINALIZATION_TREE.csv","167","AUDIT-000622","Beyaz Eşya & Ev Aletleri > Ütü & Tekstil Bakım Cihazları","Beyaz Eşya & Ev Aletleri","Ütü & Tekstil Bakım Cihazları","Ütüler","","3","Beyaz Eşya & Ev Aletleri > Ütü & Tekstil Bakım Cihazları > Ütüler","beyaz eşya & ev aletleri > ütü & tekstil bakım cihazları > ütüler","YES","CANDIDATE_FOR_PRODUCT_OWNER_FINALIZATION","NORMAL","Beyaz Eşya & Ev Aletleri","YES","YES","Batch 02 source proposal; finalization candidate; OM-R06=B; OM-R07=B; OM-R10=A","TEMPORARY_AUDIT_ID_NOT_PRODUCTION_STABLE_ID"
"AUDIT-000624","BATCH_02","28c40a3ac026c8712c9de0964de5fde42ba829dc","docs/TAXONOMY_BATCH_02_FINALIZATION_TREE.csv","168","AUDIT-000622","Beyaz Eşya & Ev Aletleri > Ütü & Tekstil Bakım Cihazları","Beyaz Eşya & Ev Aletleri","Ütü & Tekstil Bakım Cihazları","Buhar Kazanlı Ütüler","","3","Beyaz Eşya & Ev Aletleri > Ütü & Tekstil Bakım Cihazları > Buhar Kazanlı Ütüler","beyaz eşya & ev aletleri > ütü & tekstil bakım cihazları > buhar kazanlı ütüler","YES","CANDIDATE_FOR_PRODUCT_OWNER_FINALIZATION","NORMAL","Beyaz Eşya & Ev Aletleri","YES","YES","Batch 02 source proposal; finalization candidate; OM-R06=B; OM-R07=B; OM-R10=A","TEMPORARY_AUDIT_ID_NOT_PRODUCTION_STABLE_ID"
"AUDIT-000625","BATCH_02","28c40a3ac026c8712c9de0964de5fde42ba829dc","docs/TAXONOMY_BATCH_02_FINALIZATION_TREE.csv","169","AUDIT-000622","Beyaz Eşya & Ev Aletleri > Ütü & Tekstil Bakım Cihazları","Beyaz Eşya & Ev Aletleri","Ütü & Tekstil Bakım Cihazları","Dikey Buharlı Düzleştiriciler","","3","Beyaz Eşya & Ev Aletleri > Ütü & Tekstil Bakım Cihazları > Dikey Buharlı Düzleştiriciler","beyaz eşya & ev aletleri > ütü & tekstil bakım cihazları > dikey buharlı düzleştiriciler","YES","CANDIDATE_FOR_PRODUCT_OWNER_FINALIZATION","NORMAL","Beyaz Eşya & Ev Aletleri","YES","YES","Batch 02 source proposal; finalization candidate; OM-R06=B; OM-R07=B; OM-R10=A","TEMPORARY_AUDIT_ID_NOT_PRODUCTION_STABLE_ID"
"AUDIT-000626","BATCH_02","28c40a3ac026c8712c9de0964de5fde42ba829dc","docs/TAXONOMY_BATCH_02_FINALIZATION_TREE.csv","170","AUDIT-000622","Beyaz Eşya & Ev Aletleri > Ütü & Tekstil Bakım Cihazları","Beyaz Eşya & Ev Aletleri","Ütü & Tekstil Bakım Cihazları","Kumaş Tüy Temizleyiciler","","3","Beyaz Eşya & Ev Aletleri > Ütü & Tekstil Bakım Cihazları > Kumaş Tüy Temizleyiciler","beyaz eşya & ev aletleri > ütü & tekstil bakım cihazları > kumaş tüy temizleyiciler","YES","CANDIDATE_FOR_PRODUCT_OWNER_FINALIZATION","NORMAL","Beyaz Eşya & Ev Aletleri","YES","YES","Batch 02 source proposal; finalization candidate; OM-R06=B; OM-R07=B; OM-R10=A","TEMPORARY_AUDIT_ID_NOT_PRODUCTION_STABLE_ID"
"AUDIT-000627","BATCH_02","28c40a3ac026c8712c9de0964de5fde42ba829dc","docs/TAXONOMY_BATCH_02_FINALIZATION_TREE.csv","171","AUDIT-000622","Beyaz Eşya & Ev Aletleri > Ütü & Tekstil Bakım Cihazları","Beyaz Eşya & Ev Aletleri","Ütü & Tekstil Bakım Cihazları","Ev Tipi Dikiş Makineleri","","3","Beyaz Eşya & Ev Aletleri > Ütü & Tekstil Bakım Cihazları > Ev Tipi Dikiş Makineleri","beyaz eşya & ev aletleri > ütü & tekstil bakım cihazları > ev tipi dikiş makineleri","YES","CANDIDATE_FOR_PRODUCT_OWNER_FINALIZATION","NORMAL","Beyaz Eşya & Ev Aletleri","YES","YES","Batch 02 source proposal; finalization candidate; OM-R06=B; OM-R07=B; OM-R10=A","TEMPORARY_AUDIT_ID_NOT_PRODUCTION_STABLE_ID"
"AUDIT-000628","BATCH_02","28c40a3ac026c8712c9de0964de5fde42ba829dc","docs/TAXONOMY_BATCH_02_FINALIZATION_TREE.csv","172","","Beyaz Eşya & Ev Aletleri","Beyaz Eşya & Ev Aletleri","Elektrikli Kişisel Bakım Cihazları","","","2","Beyaz Eşya & Ev Aletleri > Elektrikli Kişisel Bakım Cihazları","beyaz eşya & ev aletleri > elektrikli kişisel bakım cihazları","NO","CANDIDATE_FOR_PRODUCT_OWNER_FINALIZATION","LEGAL_REVIEW_REQUIRED","Beyaz Eşya & Ev Aletleri","YES","YES","Batch 02 source proposal; finalization candidate; OM-R06=B; OM-R07=B; OM-R10=A","TEMPORARY_AUDIT_ID_NOT_PRODUCTION_STABLE_ID"
"AUDIT-000629","BATCH_02","28c40a3ac026c8712c9de0964de5fde42ba829dc","docs/TAXONOMY_BATCH_02_FINALIZATION_TREE.csv","173","AUDIT-000628","Beyaz Eşya & Ev Aletleri > Elektrikli Kişisel Bakım Cihazları","Beyaz Eşya & Ev Aletleri","Elektrikli Kişisel Bakım Cihazları","Saç Bakım Cihazları","","3","Beyaz Eşya & Ev Aletleri > Elektrikli Kişisel Bakım Cihazları > Saç Bakım Cihazları","beyaz eşya & ev aletleri > elektrikli kişisel bakım cihazları > saç bakım cihazları","NO","CANDIDATE_FOR_PRODUCT_OWNER_FINALIZATION","NORMAL","Beyaz Eşya & Ev Aletleri","YES","YES","Batch 02 source proposal; finalization candidate; OM-R06=B; OM-R07=B; OM-R10=A","TEMPORARY_AUDIT_ID_NOT_PRODUCTION_STABLE_ID"
"AUDIT-000630","BATCH_02","28c40a3ac026c8712c9de0964de5fde42ba829dc","docs/TAXONOMY_BATCH_02_FINALIZATION_TREE.csv","174","AUDIT-000629","Beyaz Eşya & Ev Aletleri > Elektrikli Kişisel Bakım Cihazları > Saç Bakım Cihazları","Beyaz Eşya & Ev Aletleri","Elektrikli Kişisel Bakım Cihazları","Saç Bakım Cihazları","Saç Kurutma Makineleri","4","Beyaz Eşya & Ev Aletleri > Elektrikli Kişisel Bakım Cihazları > Saç Bakım Cihazları > Saç Kurutma Makineleri","beyaz eşya & ev aletleri > elektrikli kişisel bakım cihazları > saç bakım cihazları > saç kurutma makineleri","YES","CANDIDATE_FOR_PRODUCT_OWNER_FINALIZATION","NORMAL","Beyaz Eşya & Ev Aletleri","YES","YES","Batch 02 source proposal; finalization candidate; OM-R06=B; OM-R07=B; OM-R10=A","TEMPORARY_AUDIT_ID_NOT_PRODUCTION_STABLE_ID"
"AUDIT-000631","BATCH_02","28c40a3ac026c8712c9de0964de5fde42ba829dc","docs/TAXONOMY_BATCH_02_FINALIZATION_TREE.csv","175","AUDIT-000629","Beyaz Eşya & Ev Aletleri > Elektrikli Kişisel Bakım Cihazları > Saç Bakım Cihazları","Beyaz Eşya & Ev Aletleri","Elektrikli Kişisel Bakım Cihazları","Saç Bakım Cihazları","Saç Düzleştirici & Şekillendiriciler","4","Beyaz Eşya & Ev Aletleri > Elektrikli Kişisel Bakım Cihazları > Saç Bakım Cihazları > Saç Düzleştirici & Şekillendiriciler","beyaz eşya & ev aletleri > elektrikli kişisel bakım cihazları > saç bakım cihazları > saç düzleştirici & şekillendiriciler","YES","CANDIDATE_FOR_PRODUCT_OWNER_FINALIZATION","NORMAL","Beyaz Eşya & Ev Aletleri","YES","YES","Batch 02 source proposal; finalization candidate; OM-R06=B; OM-R07=B; OM-R10=A","TEMPORARY_AUDIT_ID_NOT_PRODUCTION_STABLE_ID"
"AUDIT-000632","BATCH_02","28c40a3ac026c8712c9de0964de5fde42ba829dc","docs/TAXONOMY_BATCH_02_FINALIZATION_TREE.csv","176","AUDIT-000628","Beyaz Eşya & Ev Aletleri > Elektrikli Kişisel Bakım Cihazları","Beyaz Eşya & Ev Aletleri","Elektrikli Kişisel Bakım Cihazları","Tıraş & Saç Kesme Cihazları","","3","Beyaz Eşya & Ev Aletleri > Elektrikli Kişisel Bakım Cihazları > Tıraş & Saç Kesme Cihazları","beyaz eşya & ev aletleri > elektrikli kişisel bakım cihazları > tıraş & saç kesme cihazları","NO","CANDIDATE_FOR_PRODUCT_OWNER_FINALIZATION","NORMAL","Beyaz Eşya & Ev Aletleri","YES","YES","Batch 02 source proposal; finalization candidate; OM-R06=B; OM-R07=B; OM-R10=A","TEMPORARY_AUDIT_ID_NOT_PRODUCTION_STABLE_ID"
"AUDIT-000633","BATCH_02","28c40a3ac026c8712c9de0964de5fde42ba829dc","docs/TAXONOMY_BATCH_02_FINALIZATION_TREE.csv","177","AUDIT-000632","Beyaz Eşya & Ev Aletleri > Elektrikli Kişisel Bakım Cihazları > Tıraş & Saç Kesme Cihazları","Beyaz Eşya & Ev Aletleri","Elektrikli Kişisel Bakım Cihazları","Tıraş & Saç Kesme Cihazları","Tıraş Makineleri","4","Beyaz Eşya & Ev Aletleri > Elektrikli Kişisel Bakım Cihazları > Tıraş & Saç Kesme Cihazları > Tıraş Makineleri","beyaz eşya & ev aletleri > elektrikli kişisel bakım cihazları > tıraş & saç kesme cihazları > tıraş makineleri","YES","CANDIDATE_FOR_PRODUCT_OWNER_FINALIZATION","NORMAL","Beyaz Eşya & Ev Aletleri","YES","YES","Batch 02 source proposal; finalization candidate; OM-R06=B; OM-R07=B; OM-R10=A","TEMPORARY_AUDIT_ID_NOT_PRODUCTION_STABLE_ID"
"AUDIT-000634","BATCH_02","28c40a3ac026c8712c9de0964de5fde42ba829dc","docs/TAXONOMY_BATCH_02_FINALIZATION_TREE.csv","178","AUDIT-000632","Beyaz Eşya & Ev Aletleri > Elektrikli Kişisel Bakım Cihazları > Tıraş & Saç Kesme Cihazları","Beyaz Eşya & Ev Aletleri","Elektrikli Kişisel Bakım Cihazları","Tıraş & Saç Kesme Cihazları","Saç Kesme Makineleri","4","Beyaz Eşya & Ev Aletleri > Elektrikli Kişisel Bakım Cihazları > Tıraş & Saç Kesme Cihazları > Saç Kesme Makineleri","beyaz eşya & ev aletleri > elektrikli kişisel bakım cihazları > tıraş & saç kesme cihazları > saç kesme makineleri","YES","CANDIDATE_FOR_PRODUCT_OWNER_FINALIZATION","NORMAL","Beyaz Eşya & Ev Aletleri","YES","YES","Batch 02 source proposal; finalization candidate; OM-R06=B; OM-R07=B; OM-R10=A","TEMPORARY_AUDIT_ID_NOT_PRODUCTION_STABLE_ID"
"AUDIT-000635","BATCH_02","28c40a3ac026c8712c9de0964de5fde42ba829dc","docs/TAXONOMY_BATCH_02_FINALIZATION_TREE.csv","179","AUDIT-000628","Beyaz Eşya & Ev Aletleri > Elektrikli Kişisel Bakım Cihazları","Beyaz Eşya & Ev Aletleri","Elektrikli Kişisel Bakım Cihazları","Epilasyon Cihazları","","3","Beyaz Eşya & Ev Aletleri > Elektrikli Kişisel Bakım Cihazları > Epilasyon Cihazları","beyaz eşya & ev aletleri > elektrikli kişisel bakım cihazları > epilasyon cihazları","YES","CANDIDATE_FOR_PRODUCT_OWNER_FINALIZATION","NORMAL","Beyaz Eşya & Ev Aletleri","YES","YES","Batch 02 source proposal; finalization candidate; OM-R06=B; OM-R07=B; OM-R10=A","TEMPORARY_AUDIT_ID_NOT_PRODUCTION_STABLE_ID"
"AUDIT-000636","BATCH_02","28c40a3ac026c8712c9de0964de5fde42ba829dc","docs/TAXONOMY_BATCH_02_FINALIZATION_TREE.csv","180","AUDIT-000628","Beyaz Eşya & Ev Aletleri > Elektrikli Kişisel Bakım Cihazları","Beyaz Eşya & Ev Aletleri","Elektrikli Kişisel Bakım Cihazları","Elektrikli Ağız Bakım Cihazları","","3","Beyaz Eşya & Ev Aletleri > Elektrikli Kişisel Bakım Cihazları > Elektrikli Ağız Bakım Cihazları","beyaz eşya & ev aletleri > elektrikli kişisel bakım cihazları > elektrikli ağız bakım cihazları","NO","CANDIDATE_FOR_PRODUCT_OWNER_FINALIZATION","LEGAL_REVIEW_REQUIRED","Beyaz Eşya & Ev Aletleri","YES","YES","Batch 02 source proposal; finalization candidate; OM-R06=B; OM-R07=B; OM-R10=A","TEMPORARY_AUDIT_ID_NOT_PRODUCTION_STABLE_ID"
"AUDIT-000637","BATCH_02","28c40a3ac026c8712c9de0964de5fde42ba829dc","docs/TAXONOMY_BATCH_02_FINALIZATION_TREE.csv","181","AUDIT-000636","Beyaz Eşya & Ev Aletleri > Elektrikli Kişisel Bakım Cihazları > Elektrikli Ağız Bakım Cihazları","Beyaz Eşya & Ev Aletleri","Elektrikli Kişisel Bakım Cihazları","Elektrikli Ağız Bakım Cihazları","Elektrikli Diş Fırçaları","4","Beyaz Eşya & Ev Aletleri > Elektrikli Kişisel Bakım Cihazları > Elektrikli Ağız Bakım Cihazları > Elektrikli Diş Fırçaları","beyaz eşya & ev aletleri > elektrikli kişisel bakım cihazları > elektrikli ağız bakım cihazları > elektrikli diş fırçaları","YES","CANDIDATE_FOR_PRODUCT_OWNER_FINALIZATION","NORMAL","Beyaz Eşya & Ev Aletleri","YES","YES","Batch 02 source proposal; finalization candidate; OM-R06=B; OM-R07=B; OM-R10=A","TEMPORARY_AUDIT_ID_NOT_PRODUCTION_STABLE_ID"
"AUDIT-000638","BATCH_02","28c40a3ac026c8712c9de0964de5fde42ba829dc","docs/TAXONOMY_BATCH_02_FINALIZATION_TREE.csv","182","AUDIT-000636","Beyaz Eşya & Ev Aletleri > Elektrikli Kişisel Bakım Cihazları > Elektrikli Ağız Bakım Cihazları","Beyaz Eşya & Ev Aletleri","Elektrikli Kişisel Bakım Cihazları","Elektrikli Ağız Bakım Cihazları","Ağız Duşları","4","Beyaz Eşya & Ev Aletleri > Elektrikli Kişisel Bakım Cihazları > Elektrikli Ağız Bakım Cihazları > Ağız Duşları","beyaz eşya & ev aletleri > elektrikli kişisel bakım cihazları > elektrikli ağız bakım cihazları > ağız duşları","YES","CANDIDATE_FOR_PRODUCT_OWNER_FINALIZATION","LEGAL_REVIEW_REQUIRED","Beyaz Eşya & Ev Aletleri","YES","YES","Batch 02 source proposal; finalization candidate; OM-R06=B; OM-R07=B; OM-R10=A","TEMPORARY_AUDIT_ID_NOT_PRODUCTION_STABLE_ID"
"AUDIT-000639","BATCH_02","28c40a3ac026c8712c9de0964de5fde42ba829dc","docs/TAXONOMY_BATCH_02_FINALIZATION_TREE.csv","183","AUDIT-000628","Beyaz Eşya & Ev Aletleri > Elektrikli Kişisel Bakım Cihazları","Beyaz Eşya & Ev Aletleri","Elektrikli Kişisel Bakım Cihazları","Elektrikli El & Tırnak Bakım Cihazları","","3","Beyaz Eşya & Ev Aletleri > Elektrikli Kişisel Bakım Cihazları > Elektrikli El & Tırnak Bakım Cihazları","beyaz eşya & ev aletleri > elektrikli kişisel bakım cihazları > elektrikli el & tırnak bakım cihazları","YES","CANDIDATE_FOR_PRODUCT_OWNER_FINALIZATION","NORMAL","Beyaz Eşya & Ev Aletleri","YES","YES","Batch 02 source proposal; finalization candidate; OM-R06=B; OM-R07=B; OM-R10=A","TEMPORARY_AUDIT_ID_NOT_PRODUCTION_STABLE_ID"
"AUDIT-000640","BATCH_02","28c40a3ac026c8712c9de0964de5fde42ba829dc","docs/TAXONOMY_BATCH_02_FINALIZATION_TREE.csv","184","AUDIT-000628","Beyaz Eşya & Ev Aletleri > Elektrikli Kişisel Bakım Cihazları","Beyaz Eşya & Ev Aletleri","Elektrikli Kişisel Bakım Cihazları","Medikal İddiasız Masaj & Rahatlama Cihazları","","3","Beyaz Eşya & Ev Aletleri > Elektrikli Kişisel Bakım Cihazları > Medikal İddiasız Masaj & Rahatlama Cihazları","beyaz eşya & ev aletleri > elektrikli kişisel bakım cihazları > medikal iddiasız masaj & rahatlama cihazları","YES","CANDIDATE_FOR_PRODUCT_OWNER_FINALIZATION","LEGAL_REVIEW_REQUIRED","Beyaz Eşya & Ev Aletleri","YES","YES","Batch 02 source proposal; finalization candidate; OM-R06=B; OM-R07=B; OM-R10=A","TEMPORARY_AUDIT_ID_NOT_PRODUCTION_STABLE_ID"
"AUDIT-000641","BATCH_02","28c40a3ac026c8712c9de0964de5fde42ba829dc","docs/TAXONOMY_BATCH_02_FINALIZATION_TREE.csv","185","","Beyaz Eşya & Ev Aletleri","Beyaz Eşya & Ev Aletleri","Ev Aleti Aksesuar, Filtre & Sarf Malzemeleri","","","2","Beyaz Eşya & Ev Aletleri > Ev Aleti Aksesuar, Filtre & Sarf Malzemeleri","beyaz eşya & ev aletleri > ev aleti aksesuar, filtre & sarf malzemeleri","NO","CANDIDATE_FOR_PRODUCT_OWNER_FINALIZATION","REGULATED","Beyaz Eşya & Ev Aletleri","YES","YES","Batch 02 source proposal; finalization candidate; OM-R06=B; OM-R07=B; OM-R10=A","TEMPORARY_AUDIT_ID_NOT_PRODUCTION_STABLE_ID"
"AUDIT-000642","BATCH_02","28c40a3ac026c8712c9de0964de5fde42ba829dc","docs/TAXONOMY_BATCH_02_FINALIZATION_TREE.csv","186","AUDIT-000641","Beyaz Eşya & Ev Aletleri > Ev Aleti Aksesuar, Filtre & Sarf Malzemeleri","Beyaz Eşya & Ev Aletleri","Ev Aleti Aksesuar, Filtre & Sarf Malzemeleri","Süpürge Torbaları","","3","Beyaz Eşya & Ev Aletleri > Ev Aleti Aksesuar, Filtre & Sarf Malzemeleri > Süpürge Torbaları","beyaz eşya & ev aletleri > ev aleti aksesuar, filtre & sarf malzemeleri > süpürge torbaları","YES","CANDIDATE_FOR_PRODUCT_OWNER_FINALIZATION","NORMAL","Beyaz Eşya & Ev Aletleri","YES","YES","Batch 02 source proposal; finalization candidate; OM-R06=B; OM-R07=B; OM-R10=A","TEMPORARY_AUDIT_ID_NOT_PRODUCTION_STABLE_ID"
"AUDIT-000643","BATCH_02","28c40a3ac026c8712c9de0964de5fde42ba829dc","docs/TAXONOMY_BATCH_02_FINALIZATION_TREE.csv","187","AUDIT-000641","Beyaz Eşya & Ev Aletleri > Ev Aleti Aksesuar, Filtre & Sarf Malzemeleri","Beyaz Eşya & Ev Aletleri","Ev Aleti Aksesuar, Filtre & Sarf Malzemeleri","Kullanıcı Değişimli Filtreler","","3","Beyaz Eşya & Ev Aletleri > Ev Aleti Aksesuar, Filtre & Sarf Malzemeleri > Kullanıcı Değişimli Filtreler","beyaz eşya & ev aletleri > ev aleti aksesuar, filtre & sarf malzemeleri > kullanıcı değişimli filtreler","YES","CANDIDATE_FOR_PRODUCT_OWNER_FINALIZATION","NORMAL","Beyaz Eşya & Ev Aletleri","YES","YES","Batch 02 source proposal; finalization candidate; OM-R06=B; OM-R07=B; OM-R10=A","TEMPORARY_AUDIT_ID_NOT_PRODUCTION_STABLE_ID"
"AUDIT-000644","BATCH_02","28c40a3ac026c8712c9de0964de5fde42ba829dc","docs/TAXONOMY_BATCH_02_FINALIZATION_TREE.csv","188","AUDIT-000641","Beyaz Eşya & Ev Aletleri > Ev Aleti Aksesuar, Filtre & Sarf Malzemeleri","Beyaz Eşya & Ev Aletleri","Ev Aleti Aksesuar, Filtre & Sarf Malzemeleri","Kullanıcı Değişimli Aparat & Başlıklar","","3","Beyaz Eşya & Ev Aletleri > Ev Aleti Aksesuar, Filtre & Sarf Malzemeleri > Kullanıcı Değişimli Aparat & Başlıklar","beyaz eşya & ev aletleri > ev aleti aksesuar, filtre & sarf malzemeleri > kullanıcı değişimli aparat & başlıklar","YES","CANDIDATE_FOR_PRODUCT_OWNER_FINALIZATION","NORMAL","Beyaz Eşya & Ev Aletleri","YES","YES","Batch 02 source proposal; finalization candidate; OM-R06=B; OM-R07=B; OM-R10=A","TEMPORARY_AUDIT_ID_NOT_PRODUCTION_STABLE_ID"
"AUDIT-000645","BATCH_02","28c40a3ac026c8712c9de0964de5fde42ba829dc","docs/TAXONOMY_BATCH_02_FINALIZATION_TREE.csv","189","AUDIT-000641","Beyaz Eşya & Ev Aletleri > Ev Aleti Aksesuar, Filtre & Sarf Malzemeleri","Beyaz Eşya & Ev Aletleri","Ev Aleti Aksesuar, Filtre & Sarf Malzemeleri","Cihaz Bakım & Kireç Çözme Sarfları","","3","Beyaz Eşya & Ev Aletleri > Ev Aleti Aksesuar, Filtre & Sarf Malzemeleri > Cihaz Bakım & Kireç Çözme Sarfları","beyaz eşya & ev aletleri > ev aleti aksesuar, filtre & sarf malzemeleri > cihaz bakım & kireç çözme sarfları","YES","CANDIDATE_FOR_PRODUCT_OWNER_FINALIZATION","REGULATED","Beyaz Eşya & Ev Aletleri","YES","YES","Batch 02 source proposal; finalization candidate; OM-R06=B; OM-R07=B; OM-R10=A","TEMPORARY_AUDIT_ID_NOT_PRODUCTION_STABLE_ID"
"AUDIT-000646","BATCH_02","28c40a3ac026c8712c9de0964de5fde42ba829dc","docs/TAXONOMY_BATCH_02_FINALIZATION_TREE.csv","190","AUDIT-000641","Beyaz Eşya & Ev Aletleri > Ev Aleti Aksesuar, Filtre & Sarf Malzemeleri","Beyaz Eşya & Ev Aletleri","Ev Aleti Aksesuar, Filtre & Sarf Malzemeleri","Cihaza Özgü Pişirme Aksesuarları","","3","Beyaz Eşya & Ev Aletleri > Ev Aleti Aksesuar, Filtre & Sarf Malzemeleri > Cihaza Özgü Pişirme Aksesuarları","beyaz eşya & ev aletleri > ev aleti aksesuar, filtre & sarf malzemeleri > cihaza özgü pişirme aksesuarları","YES","CANDIDATE_FOR_PRODUCT_OWNER_FINALIZATION","NORMAL","Beyaz Eşya & Ev Aletleri","YES","YES","Batch 02 source proposal; finalization candidate; OM-R06=B; OM-R07=B; OM-R10=A","TEMPORARY_AUDIT_ID_NOT_PRODUCTION_STABLE_ID"
"AUDIT-000647","BATCH_02","28c40a3ac026c8712c9de0964de5fde42ba829dc","docs/TAXONOMY_BATCH_02_FINALIZATION_TREE.csv","191","AUDIT-000641","Beyaz Eşya & Ev Aletleri > Ev Aleti Aksesuar, Filtre & Sarf Malzemeleri","Beyaz Eşya & Ev Aletleri","Ev Aleti Aksesuar, Filtre & Sarf Malzemeleri","Cihaza Özgü Su Filtreleri","","3","Beyaz Eşya & Ev Aletleri > Ev Aleti Aksesuar, Filtre & Sarf Malzemeleri > Cihaza Özgü Su Filtreleri","beyaz eşya & ev aletleri > ev aleti aksesuar, filtre & sarf malzemeleri > cihaza özgü su filtreleri","YES","CANDIDATE_FOR_PRODUCT_OWNER_FINALIZATION","NORMAL","Beyaz Eşya & Ev Aletleri","YES","YES","Batch 02 source proposal; finalization candidate; OM-R06=B; OM-R07=B; OM-R10=A","TEMPORARY_AUDIT_ID_NOT_PRODUCTION_STABLE_ID"
"AUDIT-000648","BATCH_02","28c40a3ac026c8712c9de0964de5fde42ba829dc","docs/TAXONOMY_BATCH_02_FINALIZATION_TREE.csv","192","","Anne & Bebek","Anne & Bebek","Bebek Beslenme","","","2","Anne & Bebek > Bebek Beslenme","anne & bebek > bebek beslenme","NO","CANDIDATE_FOR_PRODUCT_OWNER_FINALIZATION","LEGAL_REVIEW_REQUIRED","Anne & Bebek","YES","YES","Batch 02 source proposal; finalization candidate; OM-R06=B; OM-R07=B; OM-R10=A","TEMPORARY_AUDIT_ID_NOT_PRODUCTION_STABLE_ID"
"AUDIT-000649","BATCH_02","28c40a3ac026c8712c9de0964de5fde42ba829dc","docs/TAXONOMY_BATCH_02_FINALIZATION_TREE.csv","193","AUDIT-000648","Anne & Bebek > Bebek Beslenme","Anne & Bebek","Bebek Beslenme","Bebek Formülü & Yaşa Özgü Gıdalar","","3","Anne & Bebek > Bebek Beslenme > Bebek Formülü & Yaşa Özgü Gıdalar","anne & bebek > bebek beslenme > bebek formülü & yaşa özgü gıdalar","NO","CANDIDATE_FOR_PRODUCT_OWNER_FINALIZATION","LEGAL_REVIEW_REQUIRED","Anne & Bebek","YES","YES","Batch 02 source proposal; finalization candidate; OM-R06=B; OM-R07=B; OM-R10=A","TEMPORARY_AUDIT_ID_NOT_PRODUCTION_STABLE_ID"
"AUDIT-000650","BATCH_02","28c40a3ac026c8712c9de0964de5fde42ba829dc","docs/TAXONOMY_BATCH_02_FINALIZATION_TREE.csv","194","AUDIT-000649","Anne & Bebek > Bebek Beslenme > Bebek Formülü & Yaşa Özgü Gıdalar","Anne & Bebek","Bebek Beslenme","Bebek Formülü & Yaşa Özgü Gıdalar","Başlangıç Bebek Formülleri","4","Anne & Bebek > Bebek Beslenme > Bebek Formülü & Yaşa Özgü Gıdalar > Başlangıç Bebek Formülleri","anne & bebek > bebek beslenme > bebek formülü & yaşa özgü gıdalar > başlangıç bebek formülleri","YES","CANDIDATE_FOR_PRODUCT_OWNER_FINALIZATION","LEGAL_REVIEW_REQUIRED","Anne & Bebek","YES","YES","Batch 02 source proposal; finalization candidate; OM-R06=B; OM-R07=B; OM-R10=A","TEMPORARY_AUDIT_ID_NOT_PRODUCTION_STABLE_ID"
"AUDIT-000651","BATCH_02","28c40a3ac026c8712c9de0964de5fde42ba829dc","docs/TAXONOMY_BATCH_02_FINALIZATION_TREE.csv","195","AUDIT-000649","Anne & Bebek > Bebek Beslenme > Bebek Formülü & Yaşa Özgü Gıdalar","Anne & Bebek","Bebek Beslenme","Bebek Formülü & Yaşa Özgü Gıdalar","Devam Sütü & Büyüme Ürünleri","4","Anne & Bebek > Bebek Beslenme > Bebek Formülü & Yaşa Özgü Gıdalar > Devam Sütü & Büyüme Ürünleri","anne & bebek > bebek beslenme > bebek formülü & yaşa özgü gıdalar > devam sütü & büyüme ürünleri","YES","CANDIDATE_FOR_PRODUCT_OWNER_FINALIZATION","LEGAL_REVIEW_REQUIRED","Anne & Bebek","YES","YES","Batch 02 source proposal; finalization candidate; OM-R06=B; OM-R07=B; OM-R10=A","TEMPORARY_AUDIT_ID_NOT_PRODUCTION_STABLE_ID"
"AUDIT-000652","BATCH_02","28c40a3ac026c8712c9de0964de5fde42ba829dc","docs/TAXONOMY_BATCH_02_FINALIZATION_TREE.csv","196","AUDIT-000649","Anne & Bebek > Bebek Beslenme > Bebek Formülü & Yaşa Özgü Gıdalar","Anne & Bebek","Bebek Beslenme","Bebek Formülü & Yaşa Özgü Gıdalar","Bebek Tahıl & Ek Gıdaları","4","Anne & Bebek > Bebek Beslenme > Bebek Formülü & Yaşa Özgü Gıdalar > Bebek Tahıl & Ek Gıdaları","anne & bebek > bebek beslenme > bebek formülü & yaşa özgü gıdalar > bebek tahıl & ek gıdaları","YES","CANDIDATE_FOR_PRODUCT_OWNER_FINALIZATION","REGULATED","Anne & Bebek","YES","YES","Batch 02 source proposal; finalization candidate; OM-R06=B; OM-R07=B; OM-R10=A","TEMPORARY_AUDIT_ID_NOT_PRODUCTION_STABLE_ID"
"AUDIT-000653","BATCH_02","28c40a3ac026c8712c9de0964de5fde42ba829dc","docs/TAXONOMY_BATCH_02_FINALIZATION_TREE.csv","197","AUDIT-000649","Anne & Bebek > Bebek Beslenme > Bebek Formülü & Yaşa Özgü Gıdalar","Anne & Bebek","Bebek Beslenme","Bebek Formülü & Yaşa Özgü Gıdalar","Bebek Püre & Atıştırmalıkları","4","Anne & Bebek > Bebek Beslenme > Bebek Formülü & Yaşa Özgü Gıdalar > Bebek Püre & Atıştırmalıkları","anne & bebek > bebek beslenme > bebek formülü & yaşa özgü gıdalar > bebek püre & atıştırmalıkları","YES","CANDIDATE_FOR_PRODUCT_OWNER_FINALIZATION","REGULATED","Anne & Bebek","YES","YES","Batch 02 source proposal; finalization candidate; OM-R06=B; OM-R07=B; OM-R10=A","TEMPORARY_AUDIT_ID_NOT_PRODUCTION_STABLE_ID"
"AUDIT-000654","BATCH_02","28c40a3ac026c8712c9de0964de5fde42ba829dc","docs/TAXONOMY_BATCH_02_FINALIZATION_TREE.csv","198","AUDIT-000648","Anne & Bebek > Bebek Beslenme","Anne & Bebek","Bebek Beslenme","Biberon & Aksesuarları","","3","Anne & Bebek > Bebek Beslenme > Biberon & Aksesuarları","anne & bebek > bebek beslenme > biberon & aksesuarları","NO","CANDIDATE_FOR_PRODUCT_OWNER_FINALIZATION","REGULATED","Anne & Bebek","YES","YES","Batch 02 source proposal; finalization candidate; OM-R06=B; OM-R07=B; OM-R10=A","TEMPORARY_AUDIT_ID_NOT_PRODUCTION_STABLE_ID"
"AUDIT-000655","BATCH_02","28c40a3ac026c8712c9de0964de5fde42ba829dc","docs/TAXONOMY_BATCH_02_FINALIZATION_TREE.csv","199","AUDIT-000654","Anne & Bebek > Bebek Beslenme > Biberon & Aksesuarları","Anne & Bebek","Bebek Beslenme","Biberon & Aksesuarları","Biberonlar","4","Anne & Bebek > Bebek Beslenme > Biberon & Aksesuarları > Biberonlar","anne & bebek > bebek beslenme > biberon & aksesuarları > biberonlar","YES","CANDIDATE_FOR_PRODUCT_OWNER_FINALIZATION","REGULATED","Anne & Bebek","YES","YES","Batch 02 source proposal; finalization candidate; OM-R06=B; OM-R07=B; OM-R10=A","TEMPORARY_AUDIT_ID_NOT_PRODUCTION_STABLE_ID"
"AUDIT-000656","BATCH_02","28c40a3ac026c8712c9de0964de5fde42ba829dc","docs/TAXONOMY_BATCH_02_FINALIZATION_TREE.csv","200","AUDIT-000654","Anne & Bebek > Bebek Beslenme > Biberon & Aksesuarları","Anne & Bebek","Bebek Beslenme","Biberon & Aksesuarları","Biberon Emzikleri","4","Anne & Bebek > Bebek Beslenme > Biberon & Aksesuarları > Biberon Emzikleri","anne & bebek > bebek beslenme > biberon & aksesuarları > biberon emzikleri","YES","CANDIDATE_FOR_PRODUCT_OWNER_FINALIZATION","REGULATED","Anne & Bebek","YES","YES","Batch 02 source proposal; finalization candidate; OM-R06=B; OM-R07=B; OM-R10=A","TEMPORARY_AUDIT_ID_NOT_PRODUCTION_STABLE_ID"
"AUDIT-000657","BATCH_02","28c40a3ac026c8712c9de0964de5fde42ba829dc","docs/TAXONOMY_BATCH_02_FINALIZATION_TREE.csv","201","AUDIT-000654","Anne & Bebek > Bebek Beslenme > Biberon & Aksesuarları","Anne & Bebek","Bebek Beslenme","Biberon & Aksesuarları","Biberon Temizleme & Hazırlama Aksesuarları","4","Anne & Bebek > Bebek Beslenme > Biberon & Aksesuarları > Biberon Temizleme & Hazırlama Aksesuarları","anne & bebek > bebek beslenme > biberon & aksesuarları > biberon temizleme & hazırlama aksesuarları","YES","CANDIDATE_FOR_PRODUCT_OWNER_FINALIZATION","REGULATED","Anne & Bebek","YES","YES","Batch 02 source proposal; finalization candidate; OM-R06=B; OM-R07=B; OM-R10=A","TEMPORARY_AUDIT_ID_NOT_PRODUCTION_STABLE_ID"
"AUDIT-000658","BATCH_02","28c40a3ac026c8712c9de0964de5fde42ba829dc","docs/TAXONOMY_BATCH_02_FINALIZATION_TREE.csv","202","AUDIT-000648","Anne & Bebek > Bebek Beslenme","Anne & Bebek","Bebek Beslenme","Emzikler","","3","Anne & Bebek > Bebek Beslenme > Emzikler","anne & bebek > bebek beslenme > emzikler","YES","CANDIDATE_FOR_PRODUCT_OWNER_FINALIZATION","REGULATED","Anne & Bebek","YES","YES","Batch 02 source proposal; finalization candidate; OM-R06=B; OM-R07=B; OM-R10=A","TEMPORARY_AUDIT_ID_NOT_PRODUCTION_STABLE_ID"
"AUDIT-000659","BATCH_02","28c40a3ac026c8712c9de0964de5fde42ba829dc","docs/TAXONOMY_BATCH_02_FINALIZATION_TREE.csv","203","AUDIT-000648","Anne & Bebek > Bebek Beslenme","Anne & Bebek","Bebek Beslenme","Bebek Sofra Ürünleri & Alıştırma Bardakları","","3","Anne & Bebek > Bebek Beslenme > Bebek Sofra Ürünleri & Alıştırma Bardakları","anne & bebek > bebek beslenme > bebek sofra ürünleri & alıştırma bardakları","YES","CANDIDATE_FOR_PRODUCT_OWNER_FINALIZATION","REGULATED","Anne & Bebek","YES","YES","Batch 02 source proposal; finalization candidate; OM-R06=B; OM-R07=B; OM-R10=A","TEMPORARY_AUDIT_ID_NOT_PRODUCTION_STABLE_ID"
"AUDIT-000660","BATCH_02","28c40a3ac026c8712c9de0964de5fde42ba829dc","docs/TAXONOMY_BATCH_02_FINALIZATION_TREE.csv","204","AUDIT-000648","Anne & Bebek > Bebek Beslenme","Anne & Bebek","Bebek Beslenme","Mama Sandalyeleri","","3","Anne & Bebek > Bebek Beslenme > Mama Sandalyeleri","anne & bebek > bebek beslenme > mama sandalyeleri","YES","CANDIDATE_FOR_PRODUCT_OWNER_FINALIZATION","REGULATED","Anne & Bebek","YES","YES","Batch 02 source proposal; finalization candidate; OM-R06=B; OM-R07=B; OM-R10=A","TEMPORARY_AUDIT_ID_NOT_PRODUCTION_STABLE_ID"
"AUDIT-000661","BATCH_02","28c40a3ac026c8712c9de0964de5fde42ba829dc","docs/TAXONOMY_BATCH_02_FINALIZATION_TREE.csv","205","","Anne & Bebek","Anne & Bebek","Emzirme & Anne Sütü Ürünleri","","","2","Anne & Bebek > Emzirme & Anne Sütü Ürünleri","anne & bebek > emzirme & anne sütü ürünleri","NO","CANDIDATE_FOR_PRODUCT_OWNER_FINALIZATION","LEGAL_REVIEW_REQUIRED","Anne & Bebek","YES","YES","Batch 02 source proposal; finalization candidate; OM-R06=B; OM-R07=B; OM-R10=A","TEMPORARY_AUDIT_ID_NOT_PRODUCTION_STABLE_ID"
"AUDIT-000662","BATCH_02","28c40a3ac026c8712c9de0964de5fde42ba829dc","docs/TAXONOMY_BATCH_02_FINALIZATION_TREE.csv","206","AUDIT-000661","Anne & Bebek > Emzirme & Anne Sütü Ürünleri","Anne & Bebek","Emzirme & Anne Sütü Ürünleri","Göğüs Pompaları","","3","Anne & Bebek > Emzirme & Anne Sütü Ürünleri > Göğüs Pompaları","anne & bebek > emzirme & anne sütü ürünleri > göğüs pompaları","NO","CANDIDATE_FOR_PRODUCT_OWNER_FINALIZATION","REGULATED","Anne & Bebek","YES","YES","Batch 02 source proposal; finalization candidate; OM-R06=B; OM-R07=B; OM-R10=A","TEMPORARY_AUDIT_ID_NOT_PRODUCTION_STABLE_ID"
"AUDIT-000663","BATCH_02","28c40a3ac026c8712c9de0964de5fde42ba829dc","docs/TAXONOMY_BATCH_02_FINALIZATION_TREE.csv","207","AUDIT-000662","Anne & Bebek > Emzirme & Anne Sütü Ürünleri > Göğüs Pompaları","Anne & Bebek","Emzirme & Anne Sütü Ürünleri","Göğüs Pompaları","Manuel Göğüs Pompaları","4","Anne & Bebek > Emzirme & Anne Sütü Ürünleri > Göğüs Pompaları > Manuel Göğüs Pompaları","anne & bebek > emzirme & anne sütü ürünleri > göğüs pompaları > manuel göğüs pompaları","YES","CANDIDATE_FOR_PRODUCT_OWNER_FINALIZATION","REGULATED","Anne & Bebek","YES","YES","Batch 02 source proposal; finalization candidate; OM-R06=B; OM-R07=B; OM-R10=A","TEMPORARY_AUDIT_ID_NOT_PRODUCTION_STABLE_ID"
"AUDIT-000664","BATCH_02","28c40a3ac026c8712c9de0964de5fde42ba829dc","docs/TAXONOMY_BATCH_02_FINALIZATION_TREE.csv","208","AUDIT-000662","Anne & Bebek > Emzirme & Anne Sütü Ürünleri > Göğüs Pompaları","Anne & Bebek","Emzirme & Anne Sütü Ürünleri","Göğüs Pompaları","Elektrikli Göğüs Pompaları","4","Anne & Bebek > Emzirme & Anne Sütü Ürünleri > Göğüs Pompaları > Elektrikli Göğüs Pompaları","anne & bebek > emzirme & anne sütü ürünleri > göğüs pompaları > elektrikli göğüs pompaları","YES","CANDIDATE_FOR_PRODUCT_OWNER_FINALIZATION","REGULATED","Anne & Bebek","YES","YES","Batch 02 source proposal; finalization candidate; OM-R06=B; OM-R07=B; OM-R10=A","TEMPORARY_AUDIT_ID_NOT_PRODUCTION_STABLE_ID"
"AUDIT-000665","BATCH_02","28c40a3ac026c8712c9de0964de5fde42ba829dc","docs/TAXONOMY_BATCH_02_FINALIZATION_TREE.csv","209","AUDIT-000661","Anne & Bebek > Emzirme & Anne Sütü Ürünleri","Anne & Bebek","Emzirme & Anne Sütü Ürünleri","Anne Sütü Saklama Ürünleri","","3","Anne & Bebek > Emzirme & Anne Sütü Ürünleri > Anne Sütü Saklama Ürünleri","anne & bebek > emzirme & anne sütü ürünleri > anne sütü saklama ürünleri","YES","CANDIDATE_FOR_PRODUCT_OWNER_FINALIZATION","REGULATED","Anne & Bebek","YES","YES","Batch 02 source proposal; finalization candidate; OM-R06=B; OM-R07=B; OM-R10=A","TEMPORARY_AUDIT_ID_NOT_PRODUCTION_STABLE_ID"
"AUDIT-000666","BATCH_02","28c40a3ac026c8712c9de0964de5fde42ba829dc","docs/TAXONOMY_BATCH_02_FINALIZATION_TREE.csv","210","AUDIT-000661","Anne & Bebek > Emzirme & Anne Sütü Ürünleri","Anne & Bebek","Emzirme & Anne Sütü Ürünleri","Göğüs Pedi & Süt Toplayıcıları","","3","Anne & Bebek > Emzirme & Anne Sütü Ürünleri > Göğüs Pedi & Süt Toplayıcıları","anne & bebek > emzirme & anne sütü ürünleri > göğüs pedi & süt toplayıcıları","YES","CANDIDATE_FOR_PRODUCT_OWNER_FINALIZATION","REGULATED","Anne & Bebek","YES","YES","Batch 02 source proposal; finalization candidate; OM-R06=B; OM-R07=B; OM-R10=A","TEMPORARY_AUDIT_ID_NOT_PRODUCTION_STABLE_ID"
"AUDIT-000667","BATCH_02","28c40a3ac026c8712c9de0964de5fde42ba829dc","docs/TAXONOMY_BATCH_02_FINALIZATION_TREE.csv","211","AUDIT-000661","Anne & Bebek > Emzirme & Anne Sütü Ürünleri","Anne & Bebek","Emzirme & Anne Sütü Ürünleri","Emzirme Yastığı & Örtüleri","","3","Anne & Bebek > Emzirme & Anne Sütü Ürünleri > Emzirme Yastığı & Örtüleri","anne & bebek > emzirme & anne sütü ürünleri > emzirme yastığı & örtüleri","YES","CANDIDATE_FOR_PRODUCT_OWNER_FINALIZATION","NORMAL","Anne & Bebek","YES","YES","Batch 02 source proposal; finalization candidate; OM-R06=B; OM-R07=B; OM-R10=A","TEMPORARY_AUDIT_ID_NOT_PRODUCTION_STABLE_ID"
"AUDIT-000668","BATCH_02","28c40a3ac026c8712c9de0964de5fde42ba829dc","docs/TAXONOMY_BATCH_02_FINALIZATION_TREE.csv","212","AUDIT-000661","Anne & Bebek > Emzirme & Anne Sütü Ürünleri","Anne & Bebek","Emzirme & Anne Sütü Ürünleri","Emzirme Bakım Aksesuarları","","3","Anne & Bebek > Emzirme & Anne Sütü Ürünleri > Emzirme Bakım Aksesuarları","anne & bebek > emzirme & anne sütü ürünleri > emzirme bakım aksesuarları","YES","CANDIDATE_FOR_PRODUCT_OWNER_FINALIZATION","LEGAL_REVIEW_REQUIRED","Anne & Bebek","YES","YES","Batch 02 source proposal; finalization candidate; OM-R06=B; OM-R07=B; OM-R10=A","TEMPORARY_AUDIT_ID_NOT_PRODUCTION_STABLE_ID"
"AUDIT-000669","BATCH_02","28c40a3ac026c8712c9de0964de5fde42ba829dc","docs/TAXONOMY_BATCH_02_FINALIZATION_TREE.csv","213","","Anne & Bebek","Anne & Bebek","Bebek Bezi & Alt Bakım","","","2","Anne & Bebek > Bebek Bezi & Alt Bakım","anne & bebek > bebek bezi & alt bakım","NO","CANDIDATE_FOR_PRODUCT_OWNER_FINALIZATION","LEGAL_REVIEW_REQUIRED","Anne & Bebek","YES","YES","Batch 02 source proposal; finalization candidate; OM-R06=B; OM-R07=B; OM-R10=A","TEMPORARY_AUDIT_ID_NOT_PRODUCTION_STABLE_ID"
"AUDIT-000670","BATCH_02","28c40a3ac026c8712c9de0964de5fde42ba829dc","docs/TAXONOMY_BATCH_02_FINALIZATION_TREE.csv","214","AUDIT-000669","Anne & Bebek > Bebek Bezi & Alt Bakım","Anne & Bebek","Bebek Bezi & Alt Bakım","Bebek Bezleri","","3","Anne & Bebek > Bebek Bezi & Alt Bakım > Bebek Bezleri","anne & bebek > bebek bezi & alt bakım > bebek bezleri","NO","CANDIDATE_FOR_PRODUCT_OWNER_FINALIZATION","REGULATED","Anne & Bebek","YES","YES","Batch 02 source proposal; finalization candidate; OM-R06=B; OM-R07=B; OM-R10=A","TEMPORARY_AUDIT_ID_NOT_PRODUCTION_STABLE_ID"
"AUDIT-000671","BATCH_02","28c40a3ac026c8712c9de0964de5fde42ba829dc","docs/TAXONOMY_BATCH_02_FINALIZATION_TREE.csv","215","AUDIT-000670","Anne & Bebek > Bebek Bezi & Alt Bakım > Bebek Bezleri","Anne & Bebek","Bebek Bezi & Alt Bakım","Bebek Bezleri","Tek Kullanımlık Bebek Bezleri","4","Anne & Bebek > Bebek Bezi & Alt Bakım > Bebek Bezleri > Tek Kullanımlık Bebek Bezleri","anne & bebek > bebek bezi & alt bakım > bebek bezleri > tek kullanımlık bebek bezleri","YES","CANDIDATE_FOR_PRODUCT_OWNER_FINALIZATION","REGULATED","Anne & Bebek","YES","YES","Batch 02 source proposal; finalization candidate; OM-R06=B; OM-R07=B; OM-R10=A","TEMPORARY_AUDIT_ID_NOT_PRODUCTION_STABLE_ID"
"AUDIT-000672","BATCH_02","28c40a3ac026c8712c9de0964de5fde42ba829dc","docs/TAXONOMY_BATCH_02_FINALIZATION_TREE.csv","216","AUDIT-000670","Anne & Bebek > Bebek Bezi & Alt Bakım > Bebek Bezleri","Anne & Bebek","Bebek Bezi & Alt Bakım","Bebek Bezleri","Yıkanabilir Bebek Bezleri","4","Anne & Bebek > Bebek Bezi & Alt Bakım > Bebek Bezleri > Yıkanabilir Bebek Bezleri","anne & bebek > bebek bezi & alt bakım > bebek bezleri > yıkanabilir bebek bezleri","YES","CANDIDATE_FOR_PRODUCT_OWNER_FINALIZATION","REGULATED","Anne & Bebek","YES","YES","Batch 02 source proposal; finalization candidate; OM-R06=B; OM-R07=B; OM-R10=A","TEMPORARY_AUDIT_ID_NOT_PRODUCTION_STABLE_ID"
"AUDIT-000673","BATCH_02","28c40a3ac026c8712c9de0964de5fde42ba829dc","docs/TAXONOMY_BATCH_02_FINALIZATION_TREE.csv","217","AUDIT-000670","Anne & Bebek > Bebek Bezi & Alt Bakım > Bebek Bezleri","Anne & Bebek","Bebek Bezi & Alt Bakım","Bebek Bezleri","Yüzme Bezleri","4","Anne & Bebek > Bebek Bezi & Alt Bakım > Bebek Bezleri > Yüzme Bezleri","anne & bebek > bebek bezi & alt bakım > bebek bezleri > yüzme bezleri","YES","CANDIDATE_FOR_PRODUCT_OWNER_FINALIZATION","REGULATED","Anne & Bebek","YES","YES","Batch 02 source proposal; finalization candidate; OM-R06=B; OM-R07=B; OM-R10=A","TEMPORARY_AUDIT_ID_NOT_PRODUCTION_STABLE_ID"
"AUDIT-000674","BATCH_02","28c40a3ac026c8712c9de0964de5fde42ba829dc","docs/TAXONOMY_BATCH_02_FINALIZATION_TREE.csv","218","AUDIT-000669","Anne & Bebek > Bebek Bezi & Alt Bakım","Anne & Bebek","Bebek Bezi & Alt Bakım","Alt Değiştirme Pedleri","","3","Anne & Bebek > Bebek Bezi & Alt Bakım > Alt Değiştirme Pedleri","anne & bebek > bebek bezi & alt bakım > alt değiştirme pedleri","YES","CANDIDATE_FOR_PRODUCT_OWNER_FINALIZATION","REGULATED","Anne & Bebek","YES","YES","Batch 02 source proposal; finalization candidate; OM-R06=B; OM-R07=B; OM-R10=A","TEMPORARY_AUDIT_ID_NOT_PRODUCTION_STABLE_ID"
"AUDIT-000675","BATCH_02","28c40a3ac026c8712c9de0964de5fde42ba829dc","docs/TAXONOMY_BATCH_02_FINALIZATION_TREE.csv","219","AUDIT-000669","Anne & Bebek > Bebek Bezi & Alt Bakım","Anne & Bebek","Bebek Bezi & Alt Bakım","Bebek Islak Mendil & Temizleme Ürünleri","","3","Anne & Bebek > Bebek Bezi & Alt Bakım > Bebek Islak Mendil & Temizleme Ürünleri","anne & bebek > bebek bezi & alt bakım > bebek ıslak mendil & temizleme ürünleri","YES","CANDIDATE_FOR_PRODUCT_OWNER_FINALIZATION","REGULATED","Anne & Bebek","YES","YES","Batch 02 source proposal; finalization candidate; OM-R06=B; OM-R07=B; OM-R10=A","TEMPORARY_AUDIT_ID_NOT_PRODUCTION_STABLE_ID"
"AUDIT-000676","BATCH_02","28c40a3ac026c8712c9de0964de5fde42ba829dc","docs/TAXONOMY_BATCH_02_FINALIZATION_TREE.csv","220","AUDIT-000669","Anne & Bebek > Bebek Bezi & Alt Bakım","Anne & Bebek","Bebek Bezi & Alt Bakım","Bez Kovası & Yedekleri","","3","Anne & Bebek > Bebek Bezi & Alt Bakım > Bez Kovası & Yedekleri","anne & bebek > bebek bezi & alt bakım > bez kovası & yedekleri","YES","CANDIDATE_FOR_PRODUCT_OWNER_FINALIZATION","NORMAL","Anne & Bebek","YES","YES","Batch 02 source proposal; finalization candidate; OM-R06=B; OM-R07=B; OM-R10=A","TEMPORARY_AUDIT_ID_NOT_PRODUCTION_STABLE_ID"
"AUDIT-000677","BATCH_02","28c40a3ac026c8712c9de0964de5fde42ba829dc","docs/TAXONOMY_BATCH_02_FINALIZATION_TREE.csv","221","AUDIT-000669","Anne & Bebek > Bebek Bezi & Alt Bakım","Anne & Bebek","Bebek Bezi & Alt Bakım","Alt Bakım Koruma Ürünleri","","3","Anne & Bebek > Bebek Bezi & Alt Bakım > Alt Bakım Koruma Ürünleri","anne & bebek > bebek bezi & alt bakım > alt bakım koruma ürünleri","YES","CANDIDATE_FOR_PRODUCT_OWNER_FINALIZATION","LEGAL_REVIEW_REQUIRED","Anne & Bebek","YES","YES","Batch 02 source proposal; finalization candidate; OM-R06=B; OM-R07=B; OM-R10=A","TEMPORARY_AUDIT_ID_NOT_PRODUCTION_STABLE_ID"
"AUDIT-000678","BATCH_02","28c40a3ac026c8712c9de0964de5fde42ba829dc","docs/TAXONOMY_BATCH_02_FINALIZATION_TREE.csv","222","","Anne & Bebek","Anne & Bebek","Bebek Banyo, Bakım & Hijyen","","","2","Anne & Bebek > Bebek Banyo, Bakım & Hijyen","anne & bebek > bebek banyo, bakım & hijyen","NO","CANDIDATE_FOR_PRODUCT_OWNER_FINALIZATION","LEGAL_REVIEW_REQUIRED","Anne & Bebek","YES","YES","Batch 02 source proposal; finalization candidate; OM-R06=B; OM-R07=B; OM-R10=A","TEMPORARY_AUDIT_ID_NOT_PRODUCTION_STABLE_ID"
"AUDIT-000679","BATCH_02","28c40a3ac026c8712c9de0964de5fde42ba829dc","docs/TAXONOMY_BATCH_02_FINALIZATION_TREE.csv","223","AUDIT-000678","Anne & Bebek > Bebek Banyo, Bakım & Hijyen","Anne & Bebek","Bebek Banyo, Bakım & Hijyen","Bebek Küveti & Banyo Destekleri","","3","Anne & Bebek > Bebek Banyo, Bakım & Hijyen > Bebek Küveti & Banyo Destekleri","anne & bebek > bebek banyo, bakım & hijyen > bebek küveti & banyo destekleri","YES","CANDIDATE_FOR_PRODUCT_OWNER_FINALIZATION","REGULATED","Anne & Bebek","YES","YES","Batch 02 source proposal; finalization candidate; OM-R06=B; OM-R07=B; OM-R10=A","TEMPORARY_AUDIT_ID_NOT_PRODUCTION_STABLE_ID"
"AUDIT-000680","BATCH_02","28c40a3ac026c8712c9de0964de5fde42ba829dc","docs/TAXONOMY_BATCH_02_FINALIZATION_TREE.csv","224","AUDIT-000678","Anne & Bebek > Bebek Banyo, Bakım & Hijyen","Anne & Bebek","Bebek Banyo, Bakım & Hijyen","Bebek Havlusu & Banyo Tekstili","","3","Anne & Bebek > Bebek Banyo, Bakım & Hijyen > Bebek Havlusu & Banyo Tekstili","anne & bebek > bebek banyo, bakım & hijyen > bebek havlusu & banyo tekstili","YES","CANDIDATE_FOR_PRODUCT_OWNER_FINALIZATION","NORMAL","Anne & Bebek","YES","YES","Batch 02 source proposal; finalization candidate; OM-R06=B; OM-R07=B; OM-R10=A","TEMPORARY_AUDIT_ID_NOT_PRODUCTION_STABLE_ID"
"AUDIT-000681","BATCH_02","28c40a3ac026c8712c9de0964de5fde42ba829dc","docs/TAXONOMY_BATCH_02_FINALIZATION_TREE.csv","225","AUDIT-000678","Anne & Bebek > Bebek Banyo, Bakım & Hijyen","Anne & Bebek","Bebek Banyo, Bakım & Hijyen","Bebek Bakım Setleri","","3","Anne & Bebek > Bebek Banyo, Bakım & Hijyen > Bebek Bakım Setleri","anne & bebek > bebek banyo, bakım & hijyen > bebek bakım setleri","YES","CANDIDATE_FOR_PRODUCT_OWNER_FINALIZATION","REGULATED","Anne & Bebek","YES","YES","Batch 02 source proposal; finalization candidate; OM-R06=B; OM-R07=B; OM-R10=A","TEMPORARY_AUDIT_ID_NOT_PRODUCTION_STABLE_ID"
"AUDIT-000682","BATCH_02","28c40a3ac026c8712c9de0964de5fde42ba829dc","docs/TAXONOMY_BATCH_02_FINALIZATION_TREE.csv","226","AUDIT-000678","Anne & Bebek > Bebek Banyo, Bakım & Hijyen","Anne & Bebek","Bebek Banyo, Bakım & Hijyen","Medikal İddiasız Burun Aspiratörleri","","3","Anne & Bebek > Bebek Banyo, Bakım & Hijyen > Medikal İddiasız Burun Aspiratörleri","anne & bebek > bebek banyo, bakım & hijyen > medikal iddiasız burun aspiratörleri","YES","CANDIDATE_FOR_PRODUCT_OWNER_FINALIZATION","LEGAL_REVIEW_REQUIRED","Anne & Bebek","YES","YES","Batch 02 source proposal; finalization candidate; OM-R06=B; OM-R07=B; OM-R10=A","TEMPORARY_AUDIT_ID_NOT_PRODUCTION_STABLE_ID"
"AUDIT-000683","BATCH_02","28c40a3ac026c8712c9de0964de5fde42ba829dc","docs/TAXONOMY_BATCH_02_FINALIZATION_TREE.csv","227","AUDIT-000678","Anne & Bebek > Bebek Banyo, Bakım & Hijyen","Anne & Bebek","Bebek Banyo, Bakım & Hijyen","Bebek Hijyen Aksesuarları","","3","Anne & Bebek > Bebek Banyo, Bakım & Hijyen > Bebek Hijyen Aksesuarları","anne & bebek > bebek banyo, bakım & hijyen > bebek hijyen aksesuarları","YES","CANDIDATE_FOR_PRODUCT_OWNER_FINALIZATION","REGULATED","Anne & Bebek","YES","YES","Batch 02 source proposal; finalization candidate; OM-R06=B; OM-R07=B; OM-R10=A","TEMPORARY_AUDIT_ID_NOT_PRODUCTION_STABLE_ID"
"AUDIT-000684","BATCH_02","28c40a3ac026c8712c9de0964de5fde42ba829dc","docs/TAXONOMY_BATCH_02_FINALIZATION_TREE.csv","228","","Anne & Bebek","Anne & Bebek","Bebek Arabaları & Taşıma","","","2","Anne & Bebek > Bebek Arabaları & Taşıma","anne & bebek > bebek arabaları & taşıma","NO","CANDIDATE_FOR_PRODUCT_OWNER_FINALIZATION","REGULATED","Anne & Bebek","YES","YES","Batch 02 source proposal; finalization candidate; OM-R06=B; OM-R07=B; OM-R10=A","TEMPORARY_AUDIT_ID_NOT_PRODUCTION_STABLE_ID"
"AUDIT-000685","BATCH_02","28c40a3ac026c8712c9de0964de5fde42ba829dc","docs/TAXONOMY_BATCH_02_FINALIZATION_TREE.csv","229","AUDIT-000684","Anne & Bebek > Bebek Arabaları & Taşıma","Anne & Bebek","Bebek Arabaları & Taşıma","Bebek Arabaları","","3","Anne & Bebek > Bebek Arabaları & Taşıma > Bebek Arabaları","anne & bebek > bebek arabaları & taşıma > bebek arabaları","NO","CANDIDATE_FOR_PRODUCT_OWNER_FINALIZATION","REGULATED","Anne & Bebek","YES","YES","Batch 02 source proposal; finalization candidate; OM-R06=B; OM-R07=B; OM-R10=A","TEMPORARY_AUDIT_ID_NOT_PRODUCTION_STABLE_ID"
"AUDIT-000686","BATCH_02","28c40a3ac026c8712c9de0964de5fde42ba829dc","docs/TAXONOMY_BATCH_02_FINALIZATION_TREE.csv","230","AUDIT-000685","Anne & Bebek > Bebek Arabaları & Taşıma > Bebek Arabaları","Anne & Bebek","Bebek Arabaları & Taşıma","Bebek Arabaları","Standart Bebek Arabaları","4","Anne & Bebek > Bebek Arabaları & Taşıma > Bebek Arabaları > Standart Bebek Arabaları","anne & bebek > bebek arabaları & taşıma > bebek arabaları > standart bebek arabaları","YES","CANDIDATE_FOR_PRODUCT_OWNER_FINALIZATION","REGULATED","Anne & Bebek","YES","YES","Batch 02 source proposal; finalization candidate; OM-R06=B; OM-R07=B; OM-R10=A","TEMPORARY_AUDIT_ID_NOT_PRODUCTION_STABLE_ID"
"AUDIT-000687","BATCH_02","28c40a3ac026c8712c9de0964de5fde42ba829dc","docs/TAXONOMY_BATCH_02_FINALIZATION_TREE.csv","231","AUDIT-000685","Anne & Bebek > Bebek Arabaları & Taşıma > Bebek Arabaları","Anne & Bebek","Bebek Arabaları & Taşıma","Bebek Arabaları","Hafif & Kabin Tipi Bebek Arabaları","4","Anne & Bebek > Bebek Arabaları & Taşıma > Bebek Arabaları > Hafif & Kabin Tipi Bebek Arabaları","anne & bebek > bebek arabaları & taşıma > bebek arabaları > hafif & kabin tipi bebek arabaları","YES","CANDIDATE_FOR_PRODUCT_OWNER_FINALIZATION","REGULATED","Anne & Bebek","YES","YES","Batch 02 source proposal; finalization candidate; OM-R06=B; OM-R07=B; OM-R10=A","TEMPORARY_AUDIT_ID_NOT_PRODUCTION_STABLE_ID"
"AUDIT-000688","BATCH_02","28c40a3ac026c8712c9de0964de5fde42ba829dc","docs/TAXONOMY_BATCH_02_FINALIZATION_TREE.csv","232","AUDIT-000685","Anne & Bebek > Bebek Arabaları & Taşıma > Bebek Arabaları","Anne & Bebek","Bebek Arabaları & Taşıma","Bebek Arabaları","İkiz & Çoklu Bebek Arabaları","4","Anne & Bebek > Bebek Arabaları & Taşıma > Bebek Arabaları > İkiz & Çoklu Bebek Arabaları","anne & bebek > bebek arabaları & taşıma > bebek arabaları > ikiz & çoklu bebek arabaları","YES","CANDIDATE_FOR_PRODUCT_OWNER_FINALIZATION","REGULATED","Anne & Bebek","YES","YES","Batch 02 source proposal; finalization candidate; OM-R06=B; OM-R07=B; OM-R10=A","TEMPORARY_AUDIT_ID_NOT_PRODUCTION_STABLE_ID"
"AUDIT-000689","BATCH_02","28c40a3ac026c8712c9de0964de5fde42ba829dc","docs/TAXONOMY_BATCH_02_FINALIZATION_TREE.csv","233","AUDIT-000684","Anne & Bebek > Bebek Arabaları & Taşıma","Anne & Bebek","Bebek Arabaları & Taşıma","Puset & Portbebeler","","3","Anne & Bebek > Bebek Arabaları & Taşıma > Puset & Portbebeler","anne & bebek > bebek arabaları & taşıma > puset & portbebeler","YES","CANDIDATE_FOR_PRODUCT_OWNER_FINALIZATION","REGULATED","Anne & Bebek","YES","YES","Batch 02 source proposal; finalization candidate; OM-R06=B; OM-R07=B; OM-R10=A","TEMPORARY_AUDIT_ID_NOT_PRODUCTION_STABLE_ID"
"AUDIT-000690","BATCH_02","28c40a3ac026c8712c9de0964de5fde42ba829dc","docs/TAXONOMY_BATCH_02_FINALIZATION_TREE.csv","234","AUDIT-000684","Anne & Bebek > Bebek Arabaları & Taşıma","Anne & Bebek","Bebek Arabaları & Taşıma","Kanguru, Sling & Taşıyıcılar","","3","Anne & Bebek > Bebek Arabaları & Taşıma > Kanguru, Sling & Taşıyıcılar","anne & bebek > bebek arabaları & taşıma > kanguru, sling & taşıyıcılar","YES","CANDIDATE_FOR_PRODUCT_OWNER_FINALIZATION","REGULATED","Anne & Bebek","YES","YES","Batch 02 source proposal; finalization candidate; OM-R06=B; OM-R07=B; OM-R10=A","TEMPORARY_AUDIT_ID_NOT_PRODUCTION_STABLE_ID"
"AUDIT-000691","BATCH_02","28c40a3ac026c8712c9de0964de5fde42ba829dc","docs/TAXONOMY_BATCH_02_FINALIZATION_TREE.csv","235","AUDIT-000684","Anne & Bebek > Bebek Arabaları & Taşıma","Anne & Bebek","Bebek Arabaları & Taşıma","Bebek Arabası Aksesuarları","","3","Anne & Bebek > Bebek Arabaları & Taşıma > Bebek Arabası Aksesuarları","anne & bebek > bebek arabaları & taşıma > bebek arabası aksesuarları","YES","CANDIDATE_FOR_PRODUCT_OWNER_FINALIZATION","REGULATED","Anne & Bebek","YES","YES","Batch 02 source proposal; finalization candidate; OM-R06=B; OM-R07=B; OM-R10=A","TEMPORARY_AUDIT_ID_NOT_PRODUCTION_STABLE_ID"
"AUDIT-000692","BATCH_02","28c40a3ac026c8712c9de0964de5fde42ba829dc","docs/TAXONOMY_BATCH_02_FINALIZATION_TREE.csv","236","","Anne & Bebek","Anne & Bebek","Oto Koltukları & Seyahat Güvenliği","","","2","Anne & Bebek > Oto Koltukları & Seyahat Güvenliği","anne & bebek > oto koltukları & seyahat güvenliği","NO","CANDIDATE_FOR_PRODUCT_OWNER_FINALIZATION","REGULATED","Anne & Bebek","YES","YES","Batch 02 source proposal; finalization candidate; OM-R06=B; OM-R07=B; OM-R10=A","TEMPORARY_AUDIT_ID_NOT_PRODUCTION_STABLE_ID"
"AUDIT-000693","BATCH_02","28c40a3ac026c8712c9de0964de5fde42ba829dc","docs/TAXONOMY_BATCH_02_FINALIZATION_TREE.csv","237","AUDIT-000692","Anne & Bebek > Oto Koltukları & Seyahat Güvenliği","Anne & Bebek","Oto Koltukları & Seyahat Güvenliği","Bebek & Çocuk Oto Koltukları","","3","Anne & Bebek > Oto Koltukları & Seyahat Güvenliği > Bebek & Çocuk Oto Koltukları","anne & bebek > oto koltukları & seyahat güvenliği > bebek & çocuk oto koltukları","YES","CANDIDATE_FOR_PRODUCT_OWNER_FINALIZATION","REGULATED","Anne & Bebek","YES","YES","Batch 02 source proposal; finalization candidate; OM-R06=B; OM-R07=B; OM-R10=A","TEMPORARY_AUDIT_ID_NOT_PRODUCTION_STABLE_ID"
"AUDIT-000694","BATCH_02","28c40a3ac026c8712c9de0964de5fde42ba829dc","docs/TAXONOMY_BATCH_02_FINALIZATION_TREE.csv","238","AUDIT-000692","Anne & Bebek > Oto Koltukları & Seyahat Güvenliği","Anne & Bebek","Oto Koltukları & Seyahat Güvenliği","Yükseltici Koltuklar","","3","Anne & Bebek > Oto Koltukları & Seyahat Güvenliği > Yükseltici Koltuklar","anne & bebek > oto koltukları & seyahat güvenliği > yükseltici koltuklar","YES","CANDIDATE_FOR_PRODUCT_OWNER_FINALIZATION","REGULATED","Anne & Bebek","YES","YES","Batch 02 source proposal; finalization candidate; OM-R06=B; OM-R07=B; OM-R10=A","TEMPORARY_AUDIT_ID_NOT_PRODUCTION_STABLE_ID"
"AUDIT-000695","BATCH_02","28c40a3ac026c8712c9de0964de5fde42ba829dc","docs/TAXONOMY_BATCH_02_FINALIZATION_TREE.csv","239","AUDIT-000692","Anne & Bebek > Oto Koltukları & Seyahat Güvenliği","Anne & Bebek","Oto Koltukları & Seyahat Güvenliği","Oto Koltuğu Bazası & Adaptörleri","","3","Anne & Bebek > Oto Koltukları & Seyahat Güvenliği > Oto Koltuğu Bazası & Adaptörleri","anne & bebek > oto koltukları & seyahat güvenliği > oto koltuğu bazası & adaptörleri","YES","CANDIDATE_FOR_PRODUCT_OWNER_FINALIZATION","REGULATED","Anne & Bebek","YES","YES","Batch 02 source proposal; finalization candidate; OM-R06=B; OM-R07=B; OM-R10=A","TEMPORARY_AUDIT_ID_NOT_PRODUCTION_STABLE_ID"
"AUDIT-000696","BATCH_02","28c40a3ac026c8712c9de0964de5fde42ba829dc","docs/TAXONOMY_BATCH_02_FINALIZATION_TREE.csv","240","AUDIT-000692","Anne & Bebek > Oto Koltukları & Seyahat Güvenliği","Anne & Bebek","Oto Koltukları & Seyahat Güvenliği","Çocuk Seyahat Güvenlik Aksesuarları","","3","Anne & Bebek > Oto Koltukları & Seyahat Güvenliği > Çocuk Seyahat Güvenlik Aksesuarları","anne & bebek > oto koltukları & seyahat güvenliği > çocuk seyahat güvenlik aksesuarları","YES","CANDIDATE_FOR_PRODUCT_OWNER_FINALIZATION","REGULATED","Anne & Bebek","YES","YES","Batch 02 source proposal; finalization candidate; OM-R06=B; OM-R07=B; OM-R10=A","TEMPORARY_AUDIT_ID_NOT_PRODUCTION_STABLE_ID"
"AUDIT-000697","BATCH_02","28c40a3ac026c8712c9de0964de5fde42ba829dc","docs/TAXONOMY_BATCH_02_FINALIZATION_TREE.csv","241","","Anne & Bebek","Anne & Bebek","Bebek Odası & Uyku","","","2","Anne & Bebek > Bebek Odası & Uyku","anne & bebek > bebek odası & uyku","NO","CANDIDATE_FOR_PRODUCT_OWNER_FINALIZATION","REGULATED","Anne & Bebek","YES","YES","Batch 02 source proposal; finalization candidate; OM-R06=B; OM-R07=B; OM-R10=A","TEMPORARY_AUDIT_ID_NOT_PRODUCTION_STABLE_ID"
"AUDIT-000698","BATCH_02","28c40a3ac026c8712c9de0964de5fde42ba829dc","docs/TAXONOMY_BATCH_02_FINALIZATION_TREE.csv","242","AUDIT-000697","Anne & Bebek > Bebek Odası & Uyku","Anne & Bebek","Bebek Odası & Uyku","Beşik & Bebek Karyolaları","","3","Anne & Bebek > Bebek Odası & Uyku > Beşik & Bebek Karyolaları","anne & bebek > bebek odası & uyku > beşik & bebek karyolaları","NO","CANDIDATE_FOR_PRODUCT_OWNER_FINALIZATION","REGULATED","Anne & Bebek","YES","YES","Batch 02 source proposal; finalization candidate; OM-R06=B; OM-R07=B; OM-R10=A","TEMPORARY_AUDIT_ID_NOT_PRODUCTION_STABLE_ID"
"AUDIT-000699","BATCH_02","28c40a3ac026c8712c9de0964de5fde42ba829dc","docs/TAXONOMY_BATCH_02_FINALIZATION_TREE.csv","243","AUDIT-000698","Anne & Bebek > Bebek Odası & Uyku > Beşik & Bebek Karyolaları","Anne & Bebek","Bebek Odası & Uyku","Beşik & Bebek Karyolaları","Beşikler","4","Anne & Bebek > Bebek Odası & Uyku > Beşik & Bebek Karyolaları > Beşikler","anne & bebek > bebek odası & uyku > beşik & bebek karyolaları > beşikler","YES","CANDIDATE_FOR_PRODUCT_OWNER_FINALIZATION","REGULATED","Anne & Bebek","YES","YES","Batch 02 source proposal; finalization candidate; OM-R06=B; OM-R07=B; OM-R10=A","TEMPORARY_AUDIT_ID_NOT_PRODUCTION_STABLE_ID"
"AUDIT-000700","BATCH_02","28c40a3ac026c8712c9de0964de5fde42ba829dc","docs/TAXONOMY_BATCH_02_FINALIZATION_TREE.csv","244","AUDIT-000698","Anne & Bebek > Bebek Odası & Uyku > Beşik & Bebek Karyolaları","Anne & Bebek","Bebek Odası & Uyku","Beşik & Bebek Karyolaları","Bebek Karyolaları & Anne Yanı Yataklar","4","Anne & Bebek > Bebek Odası & Uyku > Beşik & Bebek Karyolaları > Bebek Karyolaları & Anne Yanı Yataklar","anne & bebek > bebek odası & uyku > beşik & bebek karyolaları > bebek karyolaları & anne yanı yataklar","YES","CANDIDATE_FOR_PRODUCT_OWNER_FINALIZATION","REGULATED","Anne & Bebek","YES","YES","Batch 02 source proposal; finalization candidate; OM-R06=B; OM-R07=B; OM-R10=A","TEMPORARY_AUDIT_ID_NOT_PRODUCTION_STABLE_ID"
"AUDIT-000701","BATCH_02","28c40a3ac026c8712c9de0964de5fde42ba829dc","docs/TAXONOMY_BATCH_02_FINALIZATION_TREE.csv","245","AUDIT-000697","Anne & Bebek > Bebek Odası & Uyku","Anne & Bebek","Bebek Odası & Uyku","Park Yataklar","","3","Anne & Bebek > Bebek Odası & Uyku > Park Yataklar","anne & bebek > bebek odası & uyku > park yataklar","YES","CANDIDATE_FOR_PRODUCT_OWNER_FINALIZATION","REGULATED","Anne & Bebek","YES","YES","Batch 02 source proposal; finalization candidate; OM-R06=B; OM-R07=B; OM-R10=A","TEMPORARY_AUDIT_ID_NOT_PRODUCTION_STABLE_ID"
"AUDIT-000702","BATCH_02","28c40a3ac026c8712c9de0964de5fde42ba829dc","docs/TAXONOMY_BATCH_02_FINALIZATION_TREE.csv","246","AUDIT-000697","Anne & Bebek > Bebek Odası & Uyku","Anne & Bebek","Bebek Odası & Uyku","Bebek Yatakları","","3","Anne & Bebek > Bebek Odası & Uyku > Bebek Yatakları","anne & bebek > bebek odası & uyku > bebek yatakları","YES","CANDIDATE_FOR_PRODUCT_OWNER_FINALIZATION","REGULATED","Anne & Bebek","YES","YES","Batch 02 source proposal; finalization candidate; OM-R06=B; OM-R07=B; OM-R10=A","TEMPORARY_AUDIT_ID_NOT_PRODUCTION_STABLE_ID"
"AUDIT-000703","BATCH_02","28c40a3ac026c8712c9de0964de5fde42ba829dc","docs/TAXONOMY_BATCH_02_FINALIZATION_TREE.csv","247","AUDIT-000697","Anne & Bebek > Bebek Odası & Uyku","Anne & Bebek","Bebek Odası & Uyku","Bebek Uyku Tekstili & Uyku Tulumları","","3","Anne & Bebek > Bebek Odası & Uyku > Bebek Uyku Tekstili & Uyku Tulumları","anne & bebek > bebek odası & uyku > bebek uyku tekstili & uyku tulumları","YES","CANDIDATE_FOR_PRODUCT_OWNER_FINALIZATION","REGULATED","Anne & Bebek","YES","YES","Batch 02 source proposal; finalization candidate; OM-R06=B; OM-R07=B; OM-R10=A","TEMPORARY_AUDIT_ID_NOT_PRODUCTION_STABLE_ID"
"AUDIT-000704","BATCH_02","28c40a3ac026c8712c9de0964de5fde42ba829dc","docs/TAXONOMY_BATCH_02_FINALIZATION_TREE.csv","248","AUDIT-000697","Anne & Bebek > Bebek Odası & Uyku","Anne & Bebek","Bebek Odası & Uyku","Alt Değiştirme Mobilyaları","","3","Anne & Bebek > Bebek Odası & Uyku > Alt Değiştirme Mobilyaları","anne & bebek > bebek odası & uyku > alt değiştirme mobilyaları","YES","CANDIDATE_FOR_PRODUCT_OWNER_FINALIZATION","REGULATED","Anne & Bebek","YES","YES","Batch 02 source proposal; finalization candidate; OM-R06=B; OM-R07=B; OM-R10=A","TEMPORARY_AUDIT_ID_NOT_PRODUCTION_STABLE_ID"
"AUDIT-000705","BATCH_02","28c40a3ac026c8712c9de0964de5fde42ba829dc","docs/TAXONOMY_BATCH_02_FINALIZATION_TREE.csv","249","","Anne & Bebek","Anne & Bebek","Bebek Güvenlik & Ev İçi Koruma","","","2","Anne & Bebek > Bebek Güvenlik & Ev İçi Koruma","anne & bebek > bebek güvenlik & ev içi koruma","NO","CANDIDATE_FOR_PRODUCT_OWNER_FINALIZATION","REGULATED","Anne & Bebek","YES","YES","Batch 02 source proposal; finalization candidate; OM-R06=B; OM-R07=B; OM-R10=A","TEMPORARY_AUDIT_ID_NOT_PRODUCTION_STABLE_ID"
"AUDIT-000706","BATCH_02","28c40a3ac026c8712c9de0964de5fde42ba829dc","docs/TAXONOMY_BATCH_02_FINALIZATION_TREE.csv","250","AUDIT-000705","Anne & Bebek > Bebek Güvenlik & Ev İçi Koruma","Anne & Bebek","Bebek Güvenlik & Ev İçi Koruma","Bebek Güvenlik Kapıları","","3","Anne & Bebek > Bebek Güvenlik & Ev İçi Koruma > Bebek Güvenlik Kapıları","anne & bebek > bebek güvenlik & ev içi koruma > bebek güvenlik kapıları","YES","CANDIDATE_FOR_PRODUCT_OWNER_FINALIZATION","REGULATED","Anne & Bebek","YES","YES","Batch 02 source proposal; finalization candidate; OM-R06=B; OM-R07=B; OM-R10=A","TEMPORARY_AUDIT_ID_NOT_PRODUCTION_STABLE_ID"
"AUDIT-000707","BATCH_02","28c40a3ac026c8712c9de0964de5fde42ba829dc","docs/TAXONOMY_BATCH_02_FINALIZATION_TREE.csv","251","AUDIT-000705","Anne & Bebek > Bebek Güvenlik & Ev İçi Koruma","Anne & Bebek","Bebek Güvenlik & Ev İçi Koruma","Dolap & Çekmece Kilitleri","","3","Anne & Bebek > Bebek Güvenlik & Ev İçi Koruma > Dolap & Çekmece Kilitleri","anne & bebek > bebek güvenlik & ev içi koruma > dolap & çekmece kilitleri","YES","CANDIDATE_FOR_PRODUCT_OWNER_FINALIZATION","REGULATED","Anne & Bebek","YES","YES","Batch 02 source proposal; finalization candidate; OM-R06=B; OM-R07=B; OM-R10=A","TEMPORARY_AUDIT_ID_NOT_PRODUCTION_STABLE_ID"
"AUDIT-000708","BATCH_02","28c40a3ac026c8712c9de0964de5fde42ba829dc","docs/TAXONOMY_BATCH_02_FINALIZATION_TREE.csv","252","AUDIT-000705","Anne & Bebek > Bebek Güvenlik & Ev İçi Koruma","Anne & Bebek","Bebek Güvenlik & Ev İçi Koruma","Köşe & Kenar Koruyucuları","","3","Anne & Bebek > Bebek Güvenlik & Ev İçi Koruma > Köşe & Kenar Koruyucuları","anne & bebek > bebek güvenlik & ev içi koruma > köşe & kenar koruyucuları","YES","CANDIDATE_FOR_PRODUCT_OWNER_FINALIZATION","REGULATED","Anne & Bebek","YES","YES","Batch 02 source proposal; finalization candidate; OM-R06=B; OM-R07=B; OM-R10=A","TEMPORARY_AUDIT_ID_NOT_PRODUCTION_STABLE_ID"
"AUDIT-000709","BATCH_02","28c40a3ac026c8712c9de0964de5fde42ba829dc","docs/TAXONOMY_BATCH_02_FINALIZATION_TREE.csv","253","AUDIT-000705","Anne & Bebek > Bebek Güvenlik & Ev İçi Koruma","Anne & Bebek","Bebek Güvenlik & Ev İçi Koruma","Priz Koruyucuları","","3","Anne & Bebek > Bebek Güvenlik & Ev İçi Koruma > Priz Koruyucuları","anne & bebek > bebek güvenlik & ev içi koruma > priz koruyucuları","YES","CANDIDATE_FOR_PRODUCT_OWNER_FINALIZATION","REGULATED","Anne & Bebek","YES","YES","Batch 02 source proposal; finalization candidate; OM-R06=B; OM-R07=B; OM-R10=A","TEMPORARY_AUDIT_ID_NOT_PRODUCTION_STABLE_ID"
"AUDIT-000710","BATCH_02","28c40a3ac026c8712c9de0964de5fde42ba829dc","docs/TAXONOMY_BATCH_02_FINALIZATION_TREE.csv","254","AUDIT-000705","Anne & Bebek > Bebek Güvenlik & Ev İçi Koruma","Anne & Bebek","Bebek Güvenlik & Ev İçi Koruma","Yatak Bariyerleri","","3","Anne & Bebek > Bebek Güvenlik & Ev İçi Koruma > Yatak Bariyerleri","anne & bebek > bebek güvenlik & ev içi koruma > yatak bariyerleri","YES","CANDIDATE_FOR_PRODUCT_OWNER_FINALIZATION","REGULATED","Anne & Bebek","YES","YES","Batch 02 source proposal; finalization candidate; OM-R06=B; OM-R07=B; OM-R10=A","TEMPORARY_AUDIT_ID_NOT_PRODUCTION_STABLE_ID"
"AUDIT-000711","BATCH_02","28c40a3ac026c8712c9de0964de5fde42ba829dc","docs/TAXONOMY_BATCH_02_FINALIZATION_TREE.csv","255","","Anne & Bebek","Anne & Bebek","Hamilelik & Lohusalık Ürünleri","","","2","Anne & Bebek > Hamilelik & Lohusalık Ürünleri","anne & bebek > hamilelik & lohusalık ürünleri","NO","CANDIDATE_FOR_PRODUCT_OWNER_FINALIZATION","LEGAL_REVIEW_REQUIRED","Anne & Bebek","YES","YES","Batch 02 source proposal; finalization candidate; OM-R06=B; OM-R07=B; OM-R10=A","TEMPORARY_AUDIT_ID_NOT_PRODUCTION_STABLE_ID"
"AUDIT-000712","BATCH_02","28c40a3ac026c8712c9de0964de5fde42ba829dc","docs/TAXONOMY_BATCH_02_FINALIZATION_TREE.csv","256","AUDIT-000711","Anne & Bebek > Hamilelik & Lohusalık Ürünleri","Anne & Bebek","Hamilelik & Lohusalık Ürünleri","Hamile Destek Yastıkları","","3","Anne & Bebek > Hamilelik & Lohusalık Ürünleri > Hamile Destek Yastıkları","anne & bebek > hamilelik & lohusalık ürünleri > hamile destek yastıkları","YES","CANDIDATE_FOR_PRODUCT_OWNER_FINALIZATION","NORMAL","Anne & Bebek","YES","YES","Batch 02 source proposal; finalization candidate; OM-R06=B; OM-R07=B; OM-R10=A","TEMPORARY_AUDIT_ID_NOT_PRODUCTION_STABLE_ID"
"AUDIT-000713","BATCH_02","28c40a3ac026c8712c9de0964de5fde42ba829dc","docs/TAXONOMY_BATCH_02_FINALIZATION_TREE.csv","257","AUDIT-000711","Anne & Bebek > Hamilelik & Lohusalık Ürünleri","Anne & Bebek","Hamilelik & Lohusalık Ürünleri","Medikal İddiasız Hamile Destekleri","","3","Anne & Bebek > Hamilelik & Lohusalık Ürünleri > Medikal İddiasız Hamile Destekleri","anne & bebek > hamilelik & lohusalık ürünleri > medikal iddiasız hamile destekleri","YES","CANDIDATE_FOR_PRODUCT_OWNER_FINALIZATION","LEGAL_REVIEW_REQUIRED","Anne & Bebek","YES","YES","Batch 02 source proposal; finalization candidate; OM-R06=B; OM-R07=B; OM-R10=A","TEMPORARY_AUDIT_ID_NOT_PRODUCTION_STABLE_ID"
"AUDIT-000714","BATCH_02","28c40a3ac026c8712c9de0964de5fde42ba829dc","docs/TAXONOMY_BATCH_02_FINALIZATION_TREE.csv","258","AUDIT-000711","Anne & Bebek > Hamilelik & Lohusalık Ürünleri","Anne & Bebek","Hamilelik & Lohusalık Ürünleri","Lohusa Pedleri","","3","Anne & Bebek > Hamilelik & Lohusalık Ürünleri > Lohusa Pedleri","anne & bebek > hamilelik & lohusalık ürünleri > lohusa pedleri","YES","CANDIDATE_FOR_PRODUCT_OWNER_FINALIZATION","REGULATED","Anne & Bebek","YES","YES","Batch 02 source proposal; finalization candidate; OM-R06=B; OM-R07=B; OM-R10=A","TEMPORARY_AUDIT_ID_NOT_PRODUCTION_STABLE_ID"
"AUDIT-000715","BATCH_02","28c40a3ac026c8712c9de0964de5fde42ba829dc","docs/TAXONOMY_BATCH_02_FINALIZATION_TREE.csv","259","AUDIT-000711","Anne & Bebek > Hamilelik & Lohusalık Ürünleri","Anne & Bebek","Hamilelik & Lohusalık Ürünleri","Lohusalık Bakım Aksesuarları","","3","Anne & Bebek > Hamilelik & Lohusalık Ürünleri > Lohusalık Bakım Aksesuarları","anne & bebek > hamilelik & lohusalık ürünleri > lohusalık bakım aksesuarları","YES","CANDIDATE_FOR_PRODUCT_OWNER_FINALIZATION","LEGAL_REVIEW_REQUIRED","Anne & Bebek","YES","YES","Batch 02 source proposal; finalization candidate; OM-R06=B; OM-R07=B; OM-R10=A","TEMPORARY_AUDIT_ID_NOT_PRODUCTION_STABLE_ID"
"AUDIT-000716","BATCH_02","28c40a3ac026c8712c9de0964de5fde42ba829dc","docs/TAXONOMY_BATCH_02_FINALIZATION_TREE.csv","260","","Oyuncak & Hobi","Oyuncak & Hobi","Bebek & Okul Öncesi Oyuncaklar","","","2","Oyuncak & Hobi > Bebek & Okul Öncesi Oyuncaklar","oyuncak & hobi > bebek & okul öncesi oyuncaklar","NO","CANDIDATE_FOR_PRODUCT_OWNER_FINALIZATION","REGULATED","Oyuncak & Hobi","YES","YES","Batch 02 source proposal; finalization candidate; OM-R06=B; OM-R07=B; OM-R10=A","TEMPORARY_AUDIT_ID_NOT_PRODUCTION_STABLE_ID"
"AUDIT-000717","BATCH_02","28c40a3ac026c8712c9de0964de5fde42ba829dc","docs/TAXONOMY_BATCH_02_FINALIZATION_TREE.csv","261","AUDIT-000716","Oyuncak & Hobi > Bebek & Okul Öncesi Oyuncaklar","Oyuncak & Hobi","Bebek & Okul Öncesi Oyuncaklar","Çıngırak & Diş Kaşıma Oyuncakları","","3","Oyuncak & Hobi > Bebek & Okul Öncesi Oyuncaklar > Çıngırak & Diş Kaşıma Oyuncakları","oyuncak & hobi > bebek & okul öncesi oyuncaklar > çıngırak & diş kaşıma oyuncakları","YES","CANDIDATE_FOR_PRODUCT_OWNER_FINALIZATION","REGULATED","Oyuncak & Hobi","YES","YES","Batch 02 source proposal; finalization candidate; OM-R06=B; OM-R07=B; OM-R10=A","TEMPORARY_AUDIT_ID_NOT_PRODUCTION_STABLE_ID"
"AUDIT-000718","BATCH_02","28c40a3ac026c8712c9de0964de5fde42ba829dc","docs/TAXONOMY_BATCH_02_FINALIZATION_TREE.csv","262","AUDIT-000716","Oyuncak & Hobi > Bebek & Okul Öncesi Oyuncaklar","Oyuncak & Hobi","Bebek & Okul Öncesi Oyuncaklar","Duyusal Oyuncaklar","","3","Oyuncak & Hobi > Bebek & Okul Öncesi Oyuncaklar > Duyusal Oyuncaklar","oyuncak & hobi > bebek & okul öncesi oyuncaklar > duyusal oyuncaklar","YES","CANDIDATE_FOR_PRODUCT_OWNER_FINALIZATION","REGULATED","Oyuncak & Hobi","YES","YES","Batch 02 source proposal; finalization candidate; OM-R06=B; OM-R07=B; OM-R10=A","TEMPORARY_AUDIT_ID_NOT_PRODUCTION_STABLE_ID"
"AUDIT-000719","BATCH_02","28c40a3ac026c8712c9de0964de5fde42ba829dc","docs/TAXONOMY_BATCH_02_FINALIZATION_TREE.csv","263","AUDIT-000716","Oyuncak & Hobi > Bebek & Okul Öncesi Oyuncaklar","Oyuncak & Hobi","Bebek & Okul Öncesi Oyuncaklar","Aktivite Merkezi & Oyun Halıları","","3","Oyuncak & Hobi > Bebek & Okul Öncesi Oyuncaklar > Aktivite Merkezi & Oyun Halıları","oyuncak & hobi > bebek & okul öncesi oyuncaklar > aktivite merkezi & oyun halıları","YES","CANDIDATE_FOR_PRODUCT_OWNER_FINALIZATION","REGULATED","Oyuncak & Hobi","YES","YES","Batch 02 source proposal; finalization candidate; OM-R06=B; OM-R07=B; OM-R10=A","TEMPORARY_AUDIT_ID_NOT_PRODUCTION_STABLE_ID"
"AUDIT-000720","BATCH_02","28c40a3ac026c8712c9de0964de5fde42ba829dc","docs/TAXONOMY_BATCH_02_FINALIZATION_TREE.csv","264","AUDIT-000716","Oyuncak & Hobi > Bebek & Okul Öncesi Oyuncaklar","Oyuncak & Hobi","Bebek & Okul Öncesi Oyuncaklar","Dizme, Sıralama & Eşleştirme Oyuncakları","","3","Oyuncak & Hobi > Bebek & Okul Öncesi Oyuncaklar > Dizme, Sıralama & Eşleştirme Oyuncakları","oyuncak & hobi > bebek & okul öncesi oyuncaklar > dizme, sıralama & eşleştirme oyuncakları","YES","CANDIDATE_FOR_PRODUCT_OWNER_FINALIZATION","REGULATED","Oyuncak & Hobi","YES","YES","Batch 02 source proposal; finalization candidate; OM-R06=B; OM-R07=B; OM-R10=A","TEMPORARY_AUDIT_ID_NOT_PRODUCTION_STABLE_ID"
"AUDIT-000721","BATCH_02","28c40a3ac026c8712c9de0964de5fde42ba829dc","docs/TAXONOMY_BATCH_02_FINALIZATION_TREE.csv","265","AUDIT-000716","Oyuncak & Hobi > Bebek & Okul Öncesi Oyuncaklar","Oyuncak & Hobi","Bebek & Okul Öncesi Oyuncaklar","İtme & Çekme Oyuncakları","","3","Oyuncak & Hobi > Bebek & Okul Öncesi Oyuncaklar > İtme & Çekme Oyuncakları","oyuncak & hobi > bebek & okul öncesi oyuncaklar > itme & çekme oyuncakları","YES","CANDIDATE_FOR_PRODUCT_OWNER_FINALIZATION","REGULATED","Oyuncak & Hobi","YES","YES","Batch 02 source proposal; finalization candidate; OM-R06=B; OM-R07=B; OM-R10=A","TEMPORARY_AUDIT_ID_NOT_PRODUCTION_STABLE_ID"
"AUDIT-000722","BATCH_02","28c40a3ac026c8712c9de0964de5fde42ba829dc","docs/TAXONOMY_BATCH_02_FINALIZATION_TREE.csv","266","","Oyuncak & Hobi","Oyuncak & Hobi","Eğitici, Bilim & Keşif Oyuncakları","","","2","Oyuncak & Hobi > Eğitici, Bilim & Keşif Oyuncakları","oyuncak & hobi > eğitici, bilim & keşif oyuncakları","NO","CANDIDATE_FOR_PRODUCT_OWNER_FINALIZATION","LEGAL_REVIEW_REQUIRED","Oyuncak & Hobi","YES","YES","Batch 02 source proposal; finalization candidate; OM-R06=B; OM-R07=B; OM-R10=A","TEMPORARY_AUDIT_ID_NOT_PRODUCTION_STABLE_ID"
"AUDIT-000723","BATCH_02","28c40a3ac026c8712c9de0964de5fde42ba829dc","docs/TAXONOMY_BATCH_02_FINALIZATION_TREE.csv","267","AUDIT-000722","Oyuncak & Hobi > Eğitici, Bilim & Keşif Oyuncakları","Oyuncak & Hobi","Eğitici, Bilim & Keşif Oyuncakları","Bilim & Deney Setleri","","3","Oyuncak & Hobi > Eğitici, Bilim & Keşif Oyuncakları > Bilim & Deney Setleri","oyuncak & hobi > eğitici, bilim & keşif oyuncakları > bilim & deney setleri","NO","CANDIDATE_FOR_PRODUCT_OWNER_FINALIZATION","LEGAL_REVIEW_REQUIRED","Oyuncak & Hobi","YES","YES","Batch 02 source proposal; finalization candidate; OM-R06=B; OM-R07=B; OM-R10=A","TEMPORARY_AUDIT_ID_NOT_PRODUCTION_STABLE_ID"
"AUDIT-000724","BATCH_02","28c40a3ac026c8712c9de0964de5fde42ba829dc","docs/TAXONOMY_BATCH_02_FINALIZATION_TREE.csv","268","AUDIT-000723","Oyuncak & Hobi > Eğitici, Bilim & Keşif Oyuncakları > Bilim & Deney Setleri","Oyuncak & Hobi","Eğitici, Bilim & Keşif Oyuncakları","Bilim & Deney Setleri","Kimya & Malzeme Deney Setleri","4","Oyuncak & Hobi > Eğitici, Bilim & Keşif Oyuncakları > Bilim & Deney Setleri > Kimya & Malzeme Deney Setleri","oyuncak & hobi > eğitici, bilim & keşif oyuncakları > bilim & deney setleri > kimya & malzeme deney setleri","YES","CANDIDATE_FOR_PRODUCT_OWNER_FINALIZATION","LEGAL_REVIEW_REQUIRED","Oyuncak & Hobi","YES","YES","Batch 02 source proposal; finalization candidate; OM-R06=B; OM-R07=B; OM-R10=A","TEMPORARY_AUDIT_ID_NOT_PRODUCTION_STABLE_ID"
"AUDIT-000725","BATCH_02","28c40a3ac026c8712c9de0964de5fde42ba829dc","docs/TAXONOMY_BATCH_02_FINALIZATION_TREE.csv","269","AUDIT-000723","Oyuncak & Hobi > Eğitici, Bilim & Keşif Oyuncakları > Bilim & Deney Setleri","Oyuncak & Hobi","Eğitici, Bilim & Keşif Oyuncakları","Bilim & Deney Setleri","Fizik & Elektronik Deney Setleri","4","Oyuncak & Hobi > Eğitici, Bilim & Keşif Oyuncakları > Bilim & Deney Setleri > Fizik & Elektronik Deney Setleri","oyuncak & hobi > eğitici, bilim & keşif oyuncakları > bilim & deney setleri > fizik & elektronik deney setleri","YES","CANDIDATE_FOR_PRODUCT_OWNER_FINALIZATION","REGULATED","Oyuncak & Hobi","YES","YES","Batch 02 source proposal; finalization candidate; OM-R06=B; OM-R07=B; OM-R10=A","TEMPORARY_AUDIT_ID_NOT_PRODUCTION_STABLE_ID"
"AUDIT-000726","BATCH_02","28c40a3ac026c8712c9de0964de5fde42ba829dc","docs/TAXONOMY_BATCH_02_FINALIZATION_TREE.csv","270","AUDIT-000723","Oyuncak & Hobi > Eğitici, Bilim & Keşif Oyuncakları > Bilim & Deney Setleri","Oyuncak & Hobi","Eğitici, Bilim & Keşif Oyuncakları","Bilim & Deney Setleri","Doğa & Keşif Setleri","4","Oyuncak & Hobi > Eğitici, Bilim & Keşif Oyuncakları > Bilim & Deney Setleri > Doğa & Keşif Setleri","oyuncak & hobi > eğitici, bilim & keşif oyuncakları > bilim & deney setleri > doğa & keşif setleri","YES","CANDIDATE_FOR_PRODUCT_OWNER_FINALIZATION","REGULATED","Oyuncak & Hobi","YES","YES","Batch 02 source proposal; finalization candidate; OM-R06=B; OM-R07=B; OM-R10=A","TEMPORARY_AUDIT_ID_NOT_PRODUCTION_STABLE_ID"
"AUDIT-000727","BATCH_02","28c40a3ac026c8712c9de0964de5fde42ba829dc","docs/TAXONOMY_BATCH_02_FINALIZATION_TREE.csv","271","AUDIT-000722","Oyuncak & Hobi > Eğitici, Bilim & Keşif Oyuncakları","Oyuncak & Hobi","Eğitici, Bilim & Keşif Oyuncakları","Kodlama & Robotik Oyuncakları","","3","Oyuncak & Hobi > Eğitici, Bilim & Keşif Oyuncakları > Kodlama & Robotik Oyuncakları","oyuncak & hobi > eğitici, bilim & keşif oyuncakları > kodlama & robotik oyuncakları","YES","CANDIDATE_FOR_PRODUCT_OWNER_FINALIZATION","REGULATED","Oyuncak & Hobi","YES","YES","Batch 02 source proposal; finalization candidate; OM-R06=B; OM-R07=B; OM-R10=A","TEMPORARY_AUDIT_ID_NOT_PRODUCTION_STABLE_ID"
"AUDIT-000728","BATCH_02","28c40a3ac026c8712c9de0964de5fde42ba829dc","docs/TAXONOMY_BATCH_02_FINALIZATION_TREE.csv","272","AUDIT-000722","Oyuncak & Hobi > Eğitici, Bilim & Keşif Oyuncakları","Oyuncak & Hobi","Eğitici, Bilim & Keşif Oyuncakları","Çocuk Mikroskobu & Teleskobu","","3","Oyuncak & Hobi > Eğitici, Bilim & Keşif Oyuncakları > Çocuk Mikroskobu & Teleskobu","oyuncak & hobi > eğitici, bilim & keşif oyuncakları > çocuk mikroskobu & teleskobu","YES","CANDIDATE_FOR_PRODUCT_OWNER_FINALIZATION","REGULATED","Oyuncak & Hobi","YES","YES","Batch 02 source proposal; finalization candidate; OM-R06=B; OM-R07=B; OM-R10=A","TEMPORARY_AUDIT_ID_NOT_PRODUCTION_STABLE_ID"
"AUDIT-000729","BATCH_02","28c40a3ac026c8712c9de0964de5fde42ba829dc","docs/TAXONOMY_BATCH_02_FINALIZATION_TREE.csv","273","AUDIT-000722","Oyuncak & Hobi > Eğitici, Bilim & Keşif Oyuncakları","Oyuncak & Hobi","Eğitici, Bilim & Keşif Oyuncakları","Dil, Matematik & Öğrenme Oyuncakları","","3","Oyuncak & Hobi > Eğitici, Bilim & Keşif Oyuncakları > Dil, Matematik & Öğrenme Oyuncakları","oyuncak & hobi > eğitici, bilim & keşif oyuncakları > dil, matematik & öğrenme oyuncakları","YES","CANDIDATE_FOR_PRODUCT_OWNER_FINALIZATION","REGULATED","Oyuncak & Hobi","YES","YES","Batch 02 source proposal; finalization candidate; OM-R06=B; OM-R07=B; OM-R10=A","TEMPORARY_AUDIT_ID_NOT_PRODUCTION_STABLE_ID"
"AUDIT-000730","BATCH_02","28c40a3ac026c8712c9de0964de5fde42ba829dc","docs/TAXONOMY_BATCH_02_FINALIZATION_TREE.csv","274","","Oyuncak & Hobi","Oyuncak & Hobi","Figür, Bebek & Rol Oyunları","","","2","Oyuncak & Hobi > Figür, Bebek & Rol Oyunları","oyuncak & hobi > figür, bebek & rol oyunları","NO","CANDIDATE_FOR_PRODUCT_OWNER_FINALIZATION","REGULATED","Oyuncak & Hobi","YES","YES","Batch 02 source proposal; finalization candidate; OM-R06=B; OM-R07=B; OM-R10=A","TEMPORARY_AUDIT_ID_NOT_PRODUCTION_STABLE_ID"
"AUDIT-000731","BATCH_02","28c40a3ac026c8712c9de0964de5fde42ba829dc","docs/TAXONOMY_BATCH_02_FINALIZATION_TREE.csv","275","AUDIT-000730","Oyuncak & Hobi > Figür, Bebek & Rol Oyunları","Oyuncak & Hobi","Figür, Bebek & Rol Oyunları","Oyuncak Bebekler","","3","Oyuncak & Hobi > Figür, Bebek & Rol Oyunları > Oyuncak Bebekler","oyuncak & hobi > figür, bebek & rol oyunları > oyuncak bebekler","YES","CANDIDATE_FOR_PRODUCT_OWNER_FINALIZATION","REGULATED","Oyuncak & Hobi","YES","YES","Batch 02 source proposal; finalization candidate; OM-R06=B; OM-R07=B; OM-R10=A","TEMPORARY_AUDIT_ID_NOT_PRODUCTION_STABLE_ID"
"AUDIT-000732","BATCH_02","28c40a3ac026c8712c9de0964de5fde42ba829dc","docs/TAXONOMY_BATCH_02_FINALIZATION_TREE.csv","276","AUDIT-000730","Oyuncak & Hobi > Figür, Bebek & Rol Oyunları","Oyuncak & Hobi","Figür, Bebek & Rol Oyunları","Aksiyon & Oyun Figürleri","","3","Oyuncak & Hobi > Figür, Bebek & Rol Oyunları > Aksiyon & Oyun Figürleri","oyuncak & hobi > figür, bebek & rol oyunları > aksiyon & oyun figürleri","YES","CANDIDATE_FOR_PRODUCT_OWNER_FINALIZATION","REGULATED","Oyuncak & Hobi","YES","YES","Batch 02 source proposal; finalization candidate; OM-R06=B; OM-R07=B; OM-R10=A","TEMPORARY_AUDIT_ID_NOT_PRODUCTION_STABLE_ID"
"AUDIT-000733","BATCH_02","28c40a3ac026c8712c9de0964de5fde42ba829dc","docs/TAXONOMY_BATCH_02_FINALIZATION_TREE.csv","277","AUDIT-000730","Oyuncak & Hobi > Figür, Bebek & Rol Oyunları","Oyuncak & Hobi","Figür, Bebek & Rol Oyunları","Bebek Evi & Aksesuarları","","3","Oyuncak & Hobi > Figür, Bebek & Rol Oyunları > Bebek Evi & Aksesuarları","oyuncak & hobi > figür, bebek & rol oyunları > bebek evi & aksesuarları","YES","CANDIDATE_FOR_PRODUCT_OWNER_FINALIZATION","REGULATED","Oyuncak & Hobi","YES","YES","Batch 02 source proposal; finalization candidate; OM-R06=B; OM-R07=B; OM-R10=A","TEMPORARY_AUDIT_ID_NOT_PRODUCTION_STABLE_ID"
"AUDIT-000734","BATCH_02","28c40a3ac026c8712c9de0964de5fde42ba829dc","docs/TAXONOMY_BATCH_02_FINALIZATION_TREE.csv","278","AUDIT-000730","Oyuncak & Hobi > Figür, Bebek & Rol Oyunları","Oyuncak & Hobi","Figür, Bebek & Rol Oyunları","Peluş Oyuncaklar","","3","Oyuncak & Hobi > Figür, Bebek & Rol Oyunları > Peluş Oyuncaklar","oyuncak & hobi > figür, bebek & rol oyunları > peluş oyuncaklar","YES","CANDIDATE_FOR_PRODUCT_OWNER_FINALIZATION","REGULATED","Oyuncak & Hobi","YES","YES","Batch 02 source proposal; finalization candidate; OM-R06=B; OM-R07=B; OM-R10=A","TEMPORARY_AUDIT_ID_NOT_PRODUCTION_STABLE_ID"
"AUDIT-000735","BATCH_02","28c40a3ac026c8712c9de0964de5fde42ba829dc","docs/TAXONOMY_BATCH_02_FINALIZATION_TREE.csv","279","AUDIT-000730","Oyuncak & Hobi > Figür, Bebek & Rol Oyunları","Oyuncak & Hobi","Figür, Bebek & Rol Oyunları","Rol Oyun Setleri","","3","Oyuncak & Hobi > Figür, Bebek & Rol Oyunları > Rol Oyun Setleri","oyuncak & hobi > figür, bebek & rol oyunları > rol oyun setleri","YES","CANDIDATE_FOR_PRODUCT_OWNER_FINALIZATION","REGULATED","Oyuncak & Hobi","YES","YES","Batch 02 source proposal; finalization candidate; OM-R06=B; OM-R07=B; OM-R10=A","TEMPORARY_AUDIT_ID_NOT_PRODUCTION_STABLE_ID"
"AUDIT-000736","BATCH_02","28c40a3ac026c8712c9de0964de5fde42ba829dc","docs/TAXONOMY_BATCH_02_FINALIZATION_TREE.csv","280","","Oyuncak & Hobi","Oyuncak & Hobi","Yapı & İnşa Oyuncakları","","","2","Oyuncak & Hobi > Yapı & İnşa Oyuncakları","oyuncak & hobi > yapı & inşa oyuncakları","NO","CANDIDATE_FOR_PRODUCT_OWNER_FINALIZATION","REGULATED","Oyuncak & Hobi","YES","YES","Batch 02 source proposal; finalization candidate; OM-R06=B; OM-R07=B; OM-R10=A","TEMPORARY_AUDIT_ID_NOT_PRODUCTION_STABLE_ID"
"AUDIT-000737","BATCH_02","28c40a3ac026c8712c9de0964de5fde42ba829dc","docs/TAXONOMY_BATCH_02_FINALIZATION_TREE.csv","281","AUDIT-000736","Oyuncak & Hobi > Yapı & İnşa Oyuncakları","Oyuncak & Hobi","Yapı & İnşa Oyuncakları","Yapı Blokları","","3","Oyuncak & Hobi > Yapı & İnşa Oyuncakları > Yapı Blokları","oyuncak & hobi > yapı & inşa oyuncakları > yapı blokları","YES","CANDIDATE_FOR_PRODUCT_OWNER_FINALIZATION","REGULATED","Oyuncak & Hobi","YES","YES","Batch 02 source proposal; finalization candidate; OM-R06=B; OM-R07=B; OM-R10=A","TEMPORARY_AUDIT_ID_NOT_PRODUCTION_STABLE_ID"
"AUDIT-000738","BATCH_02","28c40a3ac026c8712c9de0964de5fde42ba829dc","docs/TAXONOMY_BATCH_02_FINALIZATION_TREE.csv","282","AUDIT-000736","Oyuncak & Hobi > Yapı & İnşa Oyuncakları","Oyuncak & Hobi","Yapı & İnşa Oyuncakları","Manyetik Yapı Setleri","","3","Oyuncak & Hobi > Yapı & İnşa Oyuncakları > Manyetik Yapı Setleri","oyuncak & hobi > yapı & inşa oyuncakları > manyetik yapı setleri","YES","CANDIDATE_FOR_PRODUCT_OWNER_FINALIZATION","REGULATED","Oyuncak & Hobi","YES","YES","Batch 02 source proposal; finalization candidate; OM-R06=B; OM-R07=B; OM-R10=A","TEMPORARY_AUDIT_ID_NOT_PRODUCTION_STABLE_ID"
"AUDIT-000739","BATCH_02","28c40a3ac026c8712c9de0964de5fde42ba829dc","docs/TAXONOMY_BATCH_02_FINALIZATION_TREE.csv","283","AUDIT-000736","Oyuncak & Hobi > Yapı & İnşa Oyuncakları","Oyuncak & Hobi","Yapı & İnşa Oyuncakları","Mekanik İnşa Setleri","","3","Oyuncak & Hobi > Yapı & İnşa Oyuncakları > Mekanik İnşa Setleri","oyuncak & hobi > yapı & inşa oyuncakları > mekanik inşa setleri","YES","CANDIDATE_FOR_PRODUCT_OWNER_FINALIZATION","REGULATED","Oyuncak & Hobi","YES","YES","Batch 02 source proposal; finalization candidate; OM-R06=B; OM-R07=B; OM-R10=A","TEMPORARY_AUDIT_ID_NOT_PRODUCTION_STABLE_ID"
"AUDIT-000740","BATCH_02","28c40a3ac026c8712c9de0964de5fde42ba829dc","docs/TAXONOMY_BATCH_02_FINALIZATION_TREE.csv","284","AUDIT-000736","Oyuncak & Hobi > Yapı & İnşa Oyuncakları","Oyuncak & Hobi","Yapı & İnşa Oyuncakları","Bilye Yolu & Hareketli Yapı Setleri","","3","Oyuncak & Hobi > Yapı & İnşa Oyuncakları > Bilye Yolu & Hareketli Yapı Setleri","oyuncak & hobi > yapı & inşa oyuncakları > bilye yolu & hareketli yapı setleri","YES","CANDIDATE_FOR_PRODUCT_OWNER_FINALIZATION","REGULATED","Oyuncak & Hobi","YES","YES","Batch 02 source proposal; finalization candidate; OM-R06=B; OM-R07=B; OM-R10=A","TEMPORARY_AUDIT_ID_NOT_PRODUCTION_STABLE_ID"
"AUDIT-000741","BATCH_02","28c40a3ac026c8712c9de0964de5fde42ba829dc","docs/TAXONOMY_BATCH_02_FINALIZATION_TREE.csv","285","","Oyuncak & Hobi","Oyuncak & Hobi","Oyuncak Araçlar & Uzaktan Kumandalı Oyuncaklar","","","2","Oyuncak & Hobi > Oyuncak Araçlar & Uzaktan Kumandalı Oyuncaklar","oyuncak & hobi > oyuncak araçlar & uzaktan kumandalı oyuncaklar","NO","CANDIDATE_FOR_PRODUCT_OWNER_FINALIZATION","LEGAL_REVIEW_REQUIRED","Oyuncak & Hobi","YES","YES","Batch 02 source proposal; finalization candidate; OM-R06=B; OM-R07=B; OM-R10=A","TEMPORARY_AUDIT_ID_NOT_PRODUCTION_STABLE_ID"
"AUDIT-000742","BATCH_02","28c40a3ac026c8712c9de0964de5fde42ba829dc","docs/TAXONOMY_BATCH_02_FINALIZATION_TREE.csv","286","AUDIT-000741","Oyuncak & Hobi > Oyuncak Araçlar & Uzaktan Kumandalı Oyuncaklar","Oyuncak & Hobi","Oyuncak Araçlar & Uzaktan Kumandalı Oyuncaklar","Oyuncak Kara Araçları","","3","Oyuncak & Hobi > Oyuncak Araçlar & Uzaktan Kumandalı Oyuncaklar > Oyuncak Kara Araçları","oyuncak & hobi > oyuncak araçlar & uzaktan kumandalı oyuncaklar > oyuncak kara araçları","YES","CANDIDATE_FOR_PRODUCT_OWNER_FINALIZATION","REGULATED","Oyuncak & Hobi","YES","YES","Batch 02 source proposal; finalization candidate; OM-R06=B; OM-R07=B; OM-R10=A","TEMPORARY_AUDIT_ID_NOT_PRODUCTION_STABLE_ID"
"AUDIT-000743","BATCH_02","28c40a3ac026c8712c9de0964de5fde42ba829dc","docs/TAXONOMY_BATCH_02_FINALIZATION_TREE.csv","287","AUDIT-000741","Oyuncak & Hobi > Oyuncak Araçlar & Uzaktan Kumandalı Oyuncaklar","Oyuncak & Hobi","Oyuncak Araçlar & Uzaktan Kumandalı Oyuncaklar","Pist, Garaj & Araç Oyun Setleri","","3","Oyuncak & Hobi > Oyuncak Araçlar & Uzaktan Kumandalı Oyuncaklar > Pist, Garaj & Araç Oyun Setleri","oyuncak & hobi > oyuncak araçlar & uzaktan kumandalı oyuncaklar > pist, garaj & araç oyun setleri","YES","CANDIDATE_FOR_PRODUCT_OWNER_FINALIZATION","REGULATED","Oyuncak & Hobi","YES","YES","Batch 02 source proposal; finalization candidate; OM-R06=B; OM-R07=B; OM-R10=A","TEMPORARY_AUDIT_ID_NOT_PRODUCTION_STABLE_ID"
"AUDIT-000744","BATCH_02","28c40a3ac026c8712c9de0964de5fde42ba829dc","docs/TAXONOMY_BATCH_02_FINALIZATION_TREE.csv","288","AUDIT-000741","Oyuncak & Hobi > Oyuncak Araçlar & Uzaktan Kumandalı Oyuncaklar","Oyuncak & Hobi","Oyuncak Araçlar & Uzaktan Kumandalı Oyuncaklar","Uzaktan Kumandalı Kara Araçları","","3","Oyuncak & Hobi > Oyuncak Araçlar & Uzaktan Kumandalı Oyuncaklar > Uzaktan Kumandalı Kara Araçları","oyuncak & hobi > oyuncak araçlar & uzaktan kumandalı oyuncaklar > uzaktan kumandalı kara araçları","YES","CANDIDATE_FOR_PRODUCT_OWNER_FINALIZATION","REGULATED","Oyuncak & Hobi","YES","YES","Batch 02 source proposal; finalization candidate; OM-R06=B; OM-R07=B; OM-R10=A","TEMPORARY_AUDIT_ID_NOT_PRODUCTION_STABLE_ID"
"AUDIT-000745","BATCH_02","28c40a3ac026c8712c9de0964de5fde42ba829dc","docs/TAXONOMY_BATCH_02_FINALIZATION_TREE.csv","289","AUDIT-000741","Oyuncak & Hobi > Oyuncak Araçlar & Uzaktan Kumandalı Oyuncaklar","Oyuncak & Hobi","Oyuncak Araçlar & Uzaktan Kumandalı Oyuncaklar","Oyuncak Dronelar","","3","Oyuncak & Hobi > Oyuncak Araçlar & Uzaktan Kumandalı Oyuncaklar > Oyuncak Dronelar","oyuncak & hobi > oyuncak araçlar & uzaktan kumandalı oyuncaklar > oyuncak dronelar","YES","CANDIDATE_FOR_PRODUCT_OWNER_FINALIZATION","LEGAL_REVIEW_REQUIRED","Oyuncak & Hobi","YES","YES","Batch 02 source proposal; finalization candidate; OM-R06=B; OM-R07=B; OM-R10=A","TEMPORARY_AUDIT_ID_NOT_PRODUCTION_STABLE_ID"
"AUDIT-000746","BATCH_02","28c40a3ac026c8712c9de0964de5fde42ba829dc","docs/TAXONOMY_BATCH_02_FINALIZATION_TREE.csv","290","AUDIT-000741","Oyuncak & Hobi > Oyuncak Araçlar & Uzaktan Kumandalı Oyuncaklar","Oyuncak & Hobi","Oyuncak Araçlar & Uzaktan Kumandalı Oyuncaklar","Oyuncak Tren & Ray Setleri","","3","Oyuncak & Hobi > Oyuncak Araçlar & Uzaktan Kumandalı Oyuncaklar > Oyuncak Tren & Ray Setleri","oyuncak & hobi > oyuncak araçlar & uzaktan kumandalı oyuncaklar > oyuncak tren & ray setleri","YES","CANDIDATE_FOR_PRODUCT_OWNER_FINALIZATION","REGULATED","Oyuncak & Hobi","YES","YES","Batch 02 source proposal; finalization candidate; OM-R06=B; OM-R07=B; OM-R10=A","TEMPORARY_AUDIT_ID_NOT_PRODUCTION_STABLE_ID"
"AUDIT-000747","BATCH_02","28c40a3ac026c8712c9de0964de5fde42ba829dc","docs/TAXONOMY_BATCH_02_FINALIZATION_TREE.csv","291","AUDIT-000741","Oyuncak & Hobi > Oyuncak Araçlar & Uzaktan Kumandalı Oyuncaklar","Oyuncak & Hobi","Oyuncak Araçlar & Uzaktan Kumandalı Oyuncaklar","Oyuncak Tekne & Deniz Araçları","","3","Oyuncak & Hobi > Oyuncak Araçlar & Uzaktan Kumandalı Oyuncaklar > Oyuncak Tekne & Deniz Araçları","oyuncak & hobi > oyuncak araçlar & uzaktan kumandalı oyuncaklar > oyuncak tekne & deniz araçları","YES","CANDIDATE_FOR_PRODUCT_OWNER_FINALIZATION","REGULATED","Oyuncak & Hobi","YES","YES","Batch 02 source proposal; finalization candidate; OM-R06=B; OM-R07=B; OM-R10=A","TEMPORARY_AUDIT_ID_NOT_PRODUCTION_STABLE_ID"
"AUDIT-000748","BATCH_02","28c40a3ac026c8712c9de0964de5fde42ba829dc","docs/TAXONOMY_BATCH_02_FINALIZATION_TREE.csv","292","","Oyuncak & Hobi","Oyuncak & Hobi","Kutu Oyunları & Oyun Takımları","","","2","Oyuncak & Hobi > Kutu Oyunları & Oyun Takımları","oyuncak & hobi > kutu oyunları & oyun takımları","NO","CANDIDATE_FOR_PRODUCT_OWNER_FINALIZATION","LEGAL_REVIEW_REQUIRED","Oyuncak & Hobi","YES","YES","Batch 02 source proposal; finalization candidate; OM-R06=B; OM-R07=B; OM-R10=A","TEMPORARY_AUDIT_ID_NOT_PRODUCTION_STABLE_ID"
"AUDIT-000749","BATCH_02","28c40a3ac026c8712c9de0964de5fde42ba829dc","docs/TAXONOMY_BATCH_02_FINALIZATION_TREE.csv","293","AUDIT-000748","Oyuncak & Hobi > Kutu Oyunları & Oyun Takımları","Oyuncak & Hobi","Kutu Oyunları & Oyun Takımları","Aile Kutu Oyunları","","3","Oyuncak & Hobi > Kutu Oyunları & Oyun Takımları > Aile Kutu Oyunları","oyuncak & hobi > kutu oyunları & oyun takımları > aile kutu oyunları","YES","CANDIDATE_FOR_PRODUCT_OWNER_FINALIZATION","REGULATED","Oyuncak & Hobi","YES","YES","Batch 02 source proposal; finalization candidate; OM-R06=B; OM-R07=B; OM-R10=A","TEMPORARY_AUDIT_ID_NOT_PRODUCTION_STABLE_ID"
"AUDIT-000750","BATCH_02","28c40a3ac026c8712c9de0964de5fde42ba829dc","docs/TAXONOMY_BATCH_02_FINALIZATION_TREE.csv","294","AUDIT-000748","Oyuncak & Hobi > Kutu Oyunları & Oyun Takımları","Oyuncak & Hobi","Kutu Oyunları & Oyun Takımları","Strateji Kutu Oyunları","","3","Oyuncak & Hobi > Kutu Oyunları & Oyun Takımları > Strateji Kutu Oyunları","oyuncak & hobi > kutu oyunları & oyun takımları > strateji kutu oyunları","YES","CANDIDATE_FOR_PRODUCT_OWNER_FINALIZATION","REGULATED","Oyuncak & Hobi","YES","YES","Batch 02 source proposal; finalization candidate; OM-R06=B; OM-R07=B; OM-R10=A","TEMPORARY_AUDIT_ID_NOT_PRODUCTION_STABLE_ID"
"AUDIT-000751","BATCH_02","28c40a3ac026c8712c9de0964de5fde42ba829dc","docs/TAXONOMY_BATCH_02_FINALIZATION_TREE.csv","295","AUDIT-000748","Oyuncak & Hobi > Kutu Oyunları & Oyun Takımları","Oyuncak & Hobi","Kutu Oyunları & Oyun Takımları","Parti Kutu Oyunları","","3","Oyuncak & Hobi > Kutu Oyunları & Oyun Takımları > Parti Kutu Oyunları","oyuncak & hobi > kutu oyunları & oyun takımları > parti kutu oyunları","YES","CANDIDATE_FOR_PRODUCT_OWNER_FINALIZATION","REGULATED","Oyuncak & Hobi","YES","YES","Batch 02 source proposal; finalization candidate; OM-R06=B; OM-R07=B; OM-R10=A","TEMPORARY_AUDIT_ID_NOT_PRODUCTION_STABLE_ID"
"AUDIT-000752","BATCH_02","28c40a3ac026c8712c9de0964de5fde42ba829dc","docs/TAXONOMY_BATCH_02_FINALIZATION_TREE.csv","296","AUDIT-000748","Oyuncak & Hobi > Kutu Oyunları & Oyun Takımları","Oyuncak & Hobi","Kutu Oyunları & Oyun Takımları","Satranç, Dama & Klasik Oyun Takımları","","3","Oyuncak & Hobi > Kutu Oyunları & Oyun Takımları > Satranç, Dama & Klasik Oyun Takımları","oyuncak & hobi > kutu oyunları & oyun takımları > satranç, dama & klasik oyun takımları","YES","CANDIDATE_FOR_PRODUCT_OWNER_FINALIZATION","NORMAL","Oyuncak & Hobi","YES","YES","Batch 02 source proposal; finalization candidate; OM-R06=B; OM-R07=B; OM-R10=A","TEMPORARY_AUDIT_ID_NOT_PRODUCTION_STABLE_ID"
"AUDIT-000753","BATCH_02","28c40a3ac026c8712c9de0964de5fde42ba829dc","docs/TAXONOMY_BATCH_02_FINALIZATION_TREE.csv","297","AUDIT-000748","Oyuncak & Hobi > Kutu Oyunları & Oyun Takımları","Oyuncak & Hobi","Kutu Oyunları & Oyun Takımları","Oyun Kartları","","3","Oyuncak & Hobi > Kutu Oyunları & Oyun Takımları > Oyun Kartları","oyuncak & hobi > kutu oyunları & oyun takımları > oyun kartları","YES","CANDIDATE_FOR_PRODUCT_OWNER_FINALIZATION","LEGAL_REVIEW_REQUIRED","Oyuncak & Hobi","YES","YES","Batch 02 source proposal; finalization candidate; OM-R06=B; OM-R07=B; OM-R10=A","TEMPORARY_AUDIT_ID_NOT_PRODUCTION_STABLE_ID"
"AUDIT-000754","BATCH_02","28c40a3ac026c8712c9de0964de5fde42ba829dc","docs/TAXONOMY_BATCH_02_FINALIZATION_TREE.csv","298","","Oyuncak & Hobi","Oyuncak & Hobi","Puzzle & Zeka Oyunları","","","2","Oyuncak & Hobi > Puzzle & Zeka Oyunları","oyuncak & hobi > puzzle & zeka oyunları","NO","CANDIDATE_FOR_PRODUCT_OWNER_FINALIZATION","NORMAL","Oyuncak & Hobi","YES","YES","Batch 02 source proposal; finalization candidate; OM-R06=B; OM-R07=B; OM-R10=A","TEMPORARY_AUDIT_ID_NOT_PRODUCTION_STABLE_ID"
"AUDIT-000755","BATCH_02","28c40a3ac026c8712c9de0964de5fde42ba829dc","docs/TAXONOMY_BATCH_02_FINALIZATION_TREE.csv","299","AUDIT-000754","Oyuncak & Hobi > Puzzle & Zeka Oyunları","Oyuncak & Hobi","Puzzle & Zeka Oyunları","Yapbozlar","","3","Oyuncak & Hobi > Puzzle & Zeka Oyunları > Yapbozlar","oyuncak & hobi > puzzle & zeka oyunları > yapbozlar","NO","CANDIDATE_FOR_PRODUCT_OWNER_FINALIZATION","NORMAL","Oyuncak & Hobi","YES","YES","Batch 02 source proposal; finalization candidate; OM-R06=B; OM-R07=B; OM-R10=A","TEMPORARY_AUDIT_ID_NOT_PRODUCTION_STABLE_ID"
"AUDIT-000756","BATCH_02","28c40a3ac026c8712c9de0964de5fde42ba829dc","docs/TAXONOMY_BATCH_02_FINALIZATION_TREE.csv","300","AUDIT-000755","Oyuncak & Hobi > Puzzle & Zeka Oyunları > Yapbozlar","Oyuncak & Hobi","Puzzle & Zeka Oyunları","Yapbozlar","İki Boyutlu Yapbozlar","4","Oyuncak & Hobi > Puzzle & Zeka Oyunları > Yapbozlar > İki Boyutlu Yapbozlar","oyuncak & hobi > puzzle & zeka oyunları > yapbozlar > iki boyutlu yapbozlar","YES","CANDIDATE_FOR_PRODUCT_OWNER_FINALIZATION","NORMAL","Oyuncak & Hobi","YES","YES","Batch 02 source proposal; finalization candidate; OM-R06=B; OM-R07=B; OM-R10=A","TEMPORARY_AUDIT_ID_NOT_PRODUCTION_STABLE_ID"
"AUDIT-000757","BATCH_02","28c40a3ac026c8712c9de0964de5fde42ba829dc","docs/TAXONOMY_BATCH_02_FINALIZATION_TREE.csv","301","AUDIT-000755","Oyuncak & Hobi > Puzzle & Zeka Oyunları > Yapbozlar","Oyuncak & Hobi","Puzzle & Zeka Oyunları","Yapbozlar","Üç Boyutlu Yapbozlar","4","Oyuncak & Hobi > Puzzle & Zeka Oyunları > Yapbozlar > Üç Boyutlu Yapbozlar","oyuncak & hobi > puzzle & zeka oyunları > yapbozlar > üç boyutlu yapbozlar","YES","CANDIDATE_FOR_PRODUCT_OWNER_FINALIZATION","NORMAL","Oyuncak & Hobi","YES","YES","Batch 02 source proposal; finalization candidate; OM-R06=B; OM-R07=B; OM-R10=A","TEMPORARY_AUDIT_ID_NOT_PRODUCTION_STABLE_ID"
"AUDIT-000758","BATCH_02","28c40a3ac026c8712c9de0964de5fde42ba829dc","docs/TAXONOMY_BATCH_02_FINALIZATION_TREE.csv","302","AUDIT-000754","Oyuncak & Hobi > Puzzle & Zeka Oyunları","Oyuncak & Hobi","Puzzle & Zeka Oyunları","Mantık & Zeka Oyunları","","3","Oyuncak & Hobi > Puzzle & Zeka Oyunları > Mantık & Zeka Oyunları","oyuncak & hobi > puzzle & zeka oyunları > mantık & zeka oyunları","YES","CANDIDATE_FOR_PRODUCT_OWNER_FINALIZATION","NORMAL","Oyuncak & Hobi","YES","YES","Batch 02 source proposal; finalization candidate; OM-R06=B; OM-R07=B; OM-R10=A","TEMPORARY_AUDIT_ID_NOT_PRODUCTION_STABLE_ID"
"AUDIT-000759","BATCH_02","28c40a3ac026c8712c9de0964de5fde42ba829dc","docs/TAXONOMY_BATCH_02_FINALIZATION_TREE.csv","303","AUDIT-000754","Oyuncak & Hobi > Puzzle & Zeka Oyunları","Oyuncak & Hobi","Puzzle & Zeka Oyunları","Mekanik Bulmacalar","","3","Oyuncak & Hobi > Puzzle & Zeka Oyunları > Mekanik Bulmacalar","oyuncak & hobi > puzzle & zeka oyunları > mekanik bulmacalar","YES","CANDIDATE_FOR_PRODUCT_OWNER_FINALIZATION","NORMAL","Oyuncak & Hobi","YES","YES","Batch 02 source proposal; finalization candidate; OM-R06=B; OM-R07=B; OM-R10=A","TEMPORARY_AUDIT_ID_NOT_PRODUCTION_STABLE_ID"
"AUDIT-000760","BATCH_02","28c40a3ac026c8712c9de0964de5fde42ba829dc","docs/TAXONOMY_BATCH_02_FINALIZATION_TREE.csv","304","","Oyuncak & Hobi","Oyuncak & Hobi","Model, Maket & Minyatür","","","2","Oyuncak & Hobi > Model, Maket & Minyatür","oyuncak & hobi > model, maket & minyatür","NO","CANDIDATE_FOR_PRODUCT_OWNER_FINALIZATION","REGULATED","Oyuncak & Hobi","YES","YES","Batch 02 source proposal; finalization candidate; OM-R06=B; OM-R07=B; OM-R10=A","TEMPORARY_AUDIT_ID_NOT_PRODUCTION_STABLE_ID"
"AUDIT-000761","BATCH_02","28c40a3ac026c8712c9de0964de5fde42ba829dc","docs/TAXONOMY_BATCH_02_FINALIZATION_TREE.csv","305","AUDIT-000760","Oyuncak & Hobi > Model, Maket & Minyatür","Oyuncak & Hobi","Model, Maket & Minyatür","Model Kitleri","","3","Oyuncak & Hobi > Model, Maket & Minyatür > Model Kitleri","oyuncak & hobi > model, maket & minyatür > model kitleri","NO","CANDIDATE_FOR_PRODUCT_OWNER_FINALIZATION","NORMAL","Oyuncak & Hobi","YES","YES","Batch 02 source proposal; finalization candidate; OM-R06=B; OM-R07=B; OM-R10=A","TEMPORARY_AUDIT_ID_NOT_PRODUCTION_STABLE_ID"
"AUDIT-000762","BATCH_02","28c40a3ac026c8712c9de0964de5fde42ba829dc","docs/TAXONOMY_BATCH_02_FINALIZATION_TREE.csv","306","AUDIT-000761","Oyuncak & Hobi > Model, Maket & Minyatür > Model Kitleri","Oyuncak & Hobi","Model, Maket & Minyatür","Model Kitleri","Model Araç Kitleri","4","Oyuncak & Hobi > Model, Maket & Minyatür > Model Kitleri > Model Araç Kitleri","oyuncak & hobi > model, maket & minyatür > model kitleri > model araç kitleri","YES","CANDIDATE_FOR_PRODUCT_OWNER_FINALIZATION","NORMAL","Oyuncak & Hobi","YES","YES","Batch 02 source proposal; finalization candidate; OM-R06=B; OM-R07=B; OM-R10=A","TEMPORARY_AUDIT_ID_NOT_PRODUCTION_STABLE_ID"
"AUDIT-000763","BATCH_02","28c40a3ac026c8712c9de0964de5fde42ba829dc","docs/TAXONOMY_BATCH_02_FINALIZATION_TREE.csv","307","AUDIT-000761","Oyuncak & Hobi > Model, Maket & Minyatür > Model Kitleri","Oyuncak & Hobi","Model, Maket & Minyatür","Model Kitleri","Model Yapı Kitleri","4","Oyuncak & Hobi > Model, Maket & Minyatür > Model Kitleri > Model Yapı Kitleri","oyuncak & hobi > model, maket & minyatür > model kitleri > model yapı kitleri","YES","CANDIDATE_FOR_PRODUCT_OWNER_FINALIZATION","NORMAL","Oyuncak & Hobi","YES","YES","Batch 02 source proposal; finalization candidate; OM-R06=B; OM-R07=B; OM-R10=A","TEMPORARY_AUDIT_ID_NOT_PRODUCTION_STABLE_ID"
"AUDIT-000764","BATCH_02","28c40a3ac026c8712c9de0964de5fde42ba829dc","docs/TAXONOMY_BATCH_02_FINALIZATION_TREE.csv","308","AUDIT-000761","Oyuncak & Hobi > Model, Maket & Minyatür > Model Kitleri","Oyuncak & Hobi","Model, Maket & Minyatür","Model Kitleri","Diğer Model Kitleri","4","Oyuncak & Hobi > Model, Maket & Minyatür > Model Kitleri > Diğer Model Kitleri","oyuncak & hobi > model, maket & minyatür > model kitleri > diğer model kitleri","YES","CANDIDATE_FOR_PRODUCT_OWNER_FINALIZATION","NORMAL","Oyuncak & Hobi","YES","YES","Batch 02 source proposal; finalization candidate; OM-R06=B; OM-R07=B; OM-R10=A","TEMPORARY_AUDIT_ID_NOT_PRODUCTION_STABLE_ID"
"AUDIT-000765","BATCH_02","28c40a3ac026c8712c9de0964de5fde42ba829dc","docs/TAXONOMY_BATCH_02_FINALIZATION_TREE.csv","309","AUDIT-000760","Oyuncak & Hobi > Model, Maket & Minyatür","Oyuncak & Hobi","Model, Maket & Minyatür","Minyatür & Diorama Ürünleri","","3","Oyuncak & Hobi > Model, Maket & Minyatür > Minyatür & Diorama Ürünleri","oyuncak & hobi > model, maket & minyatür > minyatür & diorama ürünleri","YES","CANDIDATE_FOR_PRODUCT_OWNER_FINALIZATION","NORMAL","Oyuncak & Hobi","YES","YES","Batch 02 source proposal; finalization candidate; OM-R06=B; OM-R07=B; OM-R10=A","TEMPORARY_AUDIT_ID_NOT_PRODUCTION_STABLE_ID"
"AUDIT-000766","BATCH_02","28c40a3ac026c8712c9de0964de5fde42ba829dc","docs/TAXONOMY_BATCH_02_FINALIZATION_TREE.csv","310","AUDIT-000760","Oyuncak & Hobi > Model, Maket & Minyatür","Oyuncak & Hobi","Model, Maket & Minyatür","Model Demiryolu Ürünleri","","3","Oyuncak & Hobi > Model, Maket & Minyatür > Model Demiryolu Ürünleri","oyuncak & hobi > model, maket & minyatür > model demiryolu ürünleri","YES","CANDIDATE_FOR_PRODUCT_OWNER_FINALIZATION","REGULATED","Oyuncak & Hobi","YES","YES","Batch 02 source proposal; finalization candidate; OM-R06=B; OM-R07=B; OM-R10=A","TEMPORARY_AUDIT_ID_NOT_PRODUCTION_STABLE_ID"
"AUDIT-000767","BATCH_02","28c40a3ac026c8712c9de0964de5fde42ba829dc","docs/TAXONOMY_BATCH_02_FINALIZATION_TREE.csv","311","","Oyuncak & Hobi","Oyuncak & Hobi","Koleksiyon Ürünleri","","","2","Oyuncak & Hobi > Koleksiyon Ürünleri","oyuncak & hobi > koleksiyon ürünleri","NO","CANDIDATE_FOR_PRODUCT_OWNER_FINALIZATION","LEGAL_REVIEW_REQUIRED","Oyuncak & Hobi","YES","YES","Batch 02 source proposal; finalization candidate; OM-R06=B; OM-R07=B; OM-R10=A","TEMPORARY_AUDIT_ID_NOT_PRODUCTION_STABLE_ID"
"AUDIT-000768","BATCH_02","28c40a3ac026c8712c9de0964de5fde42ba829dc","docs/TAXONOMY_BATCH_02_FINALIZATION_TREE.csv","312","AUDIT-000767","Oyuncak & Hobi > Koleksiyon Ürünleri","Oyuncak & Hobi","Koleksiyon Ürünleri","Koleksiyon Figürleri","","3","Oyuncak & Hobi > Koleksiyon Ürünleri > Koleksiyon Figürleri","oyuncak & hobi > koleksiyon ürünleri > koleksiyon figürleri","YES","CANDIDATE_FOR_PRODUCT_OWNER_FINALIZATION","NORMAL","Oyuncak & Hobi","YES","YES","Batch 02 source proposal; finalization candidate; OM-R06=B; OM-R07=B; OM-R10=A","TEMPORARY_AUDIT_ID_NOT_PRODUCTION_STABLE_ID"
"AUDIT-000769","BATCH_02","28c40a3ac026c8712c9de0964de5fde42ba829dc","docs/TAXONOMY_BATCH_02_FINALIZATION_TREE.csv","313","AUDIT-000767","Oyuncak & Hobi > Koleksiyon Ürünleri","Oyuncak & Hobi","Koleksiyon Ürünleri","Koleksiyon Kartları","","3","Oyuncak & Hobi > Koleksiyon Ürünleri > Koleksiyon Kartları","oyuncak & hobi > koleksiyon ürünleri > koleksiyon kartları","YES","CANDIDATE_FOR_PRODUCT_OWNER_FINALIZATION","LEGAL_REVIEW_REQUIRED","Oyuncak & Hobi","YES","YES","Batch 02 source proposal; finalization candidate; OM-R06=B; OM-R07=B; OM-R10=A","TEMPORARY_AUDIT_ID_NOT_PRODUCTION_STABLE_ID"
"AUDIT-000770","BATCH_02","28c40a3ac026c8712c9de0964de5fde42ba829dc","docs/TAXONOMY_BATCH_02_FINALIZATION_TREE.csv","314","AUDIT-000767","Oyuncak & Hobi > Koleksiyon Ürünleri","Oyuncak & Hobi","Koleksiyon Ürünleri","Sergileme Amaçlı Model Araçlar","","3","Oyuncak & Hobi > Koleksiyon Ürünleri > Sergileme Amaçlı Model Araçlar","oyuncak & hobi > koleksiyon ürünleri > sergileme amaçlı model araçlar","YES","CANDIDATE_FOR_PRODUCT_OWNER_FINALIZATION","NORMAL","Oyuncak & Hobi","YES","YES","Batch 02 source proposal; finalization candidate; OM-R06=B; OM-R07=B; OM-R10=A","TEMPORARY_AUDIT_ID_NOT_PRODUCTION_STABLE_ID"
"AUDIT-000771","BATCH_02","28c40a3ac026c8712c9de0964de5fde42ba829dc","docs/TAXONOMY_BATCH_02_FINALIZATION_TREE.csv","315","AUDIT-000767","Oyuncak & Hobi > Koleksiyon Ürünleri","Oyuncak & Hobi","Koleksiyon Ürünleri","Sürpriz & Rastgele İçerikli Koleksiyon Paketleri","","3","Oyuncak & Hobi > Koleksiyon Ürünleri > Sürpriz & Rastgele İçerikli Koleksiyon Paketleri","oyuncak & hobi > koleksiyon ürünleri > sürpriz & rastgele içerikli koleksiyon paketleri","YES","CANDIDATE_FOR_PRODUCT_OWNER_FINALIZATION","LEGAL_REVIEW_REQUIRED","Oyuncak & Hobi","YES","YES","Batch 02 source proposal; finalization candidate; OM-R06=B; OM-R07=B; OM-R10=A","TEMPORARY_AUDIT_ID_NOT_PRODUCTION_STABLE_ID"
"AUDIT-000772","BATCH_02","28c40a3ac026c8712c9de0964de5fde42ba829dc","docs/TAXONOMY_BATCH_02_FINALIZATION_TREE.csv","316","","Oyuncak & Hobi","Oyuncak & Hobi","Sanat, El İşi & Hobi Kitleri","","","2","Oyuncak & Hobi > Sanat, El İşi & Hobi Kitleri","oyuncak & hobi > sanat, el işi & hobi kitleri","NO","CANDIDATE_FOR_PRODUCT_OWNER_FINALIZATION","LEGAL_REVIEW_REQUIRED","Oyuncak & Hobi","YES","YES","Batch 02 source proposal; finalization candidate; OM-R06=B; OM-R07=B; OM-R10=A","TEMPORARY_AUDIT_ID_NOT_PRODUCTION_STABLE_ID"
"AUDIT-000773","BATCH_02","28c40a3ac026c8712c9de0964de5fde42ba829dc","docs/TAXONOMY_BATCH_02_FINALIZATION_TREE.csv","317","AUDIT-000772","Oyuncak & Hobi > Sanat, El İşi & Hobi Kitleri","Oyuncak & Hobi","Sanat, El İşi & Hobi Kitleri","Boyama & Çizim Kitleri","","3","Oyuncak & Hobi > Sanat, El İşi & Hobi Kitleri > Boyama & Çizim Kitleri","oyuncak & hobi > sanat, el işi & hobi kitleri > boyama & çizim kitleri","YES","CANDIDATE_FOR_PRODUCT_OWNER_FINALIZATION","REGULATED","Oyuncak & Hobi","YES","YES","Batch 02 source proposal; finalization candidate; OM-R06=B; OM-R07=B; OM-R10=A","TEMPORARY_AUDIT_ID_NOT_PRODUCTION_STABLE_ID"
"AUDIT-000774","BATCH_02","28c40a3ac026c8712c9de0964de5fde42ba829dc","docs/TAXONOMY_BATCH_02_FINALIZATION_TREE.csv","318","AUDIT-000772","Oyuncak & Hobi > Sanat, El İşi & Hobi Kitleri","Oyuncak & Hobi","Sanat, El İşi & Hobi Kitleri","Takı Yapım Kitleri","","3","Oyuncak & Hobi > Sanat, El İşi & Hobi Kitleri > Takı Yapım Kitleri","oyuncak & hobi > sanat, el işi & hobi kitleri > takı yapım kitleri","YES","CANDIDATE_FOR_PRODUCT_OWNER_FINALIZATION","REGULATED","Oyuncak & Hobi","YES","YES","Batch 02 source proposal; finalization candidate; OM-R06=B; OM-R07=B; OM-R10=A","TEMPORARY_AUDIT_ID_NOT_PRODUCTION_STABLE_ID"
"AUDIT-000775","BATCH_02","28c40a3ac026c8712c9de0964de5fde42ba829dc","docs/TAXONOMY_BATCH_02_FINALIZATION_TREE.csv","319","AUDIT-000772","Oyuncak & Hobi > Sanat, El İşi & Hobi Kitleri","Oyuncak & Hobi","Sanat, El İşi & Hobi Kitleri","Kil, Seramik & Şekillendirme Kitleri","","3","Oyuncak & Hobi > Sanat, El İşi & Hobi Kitleri > Kil, Seramik & Şekillendirme Kitleri","oyuncak & hobi > sanat, el işi & hobi kitleri > kil, seramik & şekillendirme kitleri","YES","CANDIDATE_FOR_PRODUCT_OWNER_FINALIZATION","REGULATED","Oyuncak & Hobi","YES","YES","Batch 02 source proposal; finalization candidate; OM-R06=B; OM-R07=B; OM-R10=A","TEMPORARY_AUDIT_ID_NOT_PRODUCTION_STABLE_ID"
"AUDIT-000776","BATCH_02","28c40a3ac026c8712c9de0964de5fde42ba829dc","docs/TAXONOMY_BATCH_02_FINALIZATION_TREE.csv","320","AUDIT-000772","Oyuncak & Hobi > Sanat, El İşi & Hobi Kitleri","Oyuncak & Hobi","Sanat, El İşi & Hobi Kitleri","Tekstil, Dikiş & Örgü Kitleri","","3","Oyuncak & Hobi > Sanat, El İşi & Hobi Kitleri > Tekstil, Dikiş & Örgü Kitleri","oyuncak & hobi > sanat, el işi & hobi kitleri > tekstil, dikiş & örgü kitleri","YES","CANDIDATE_FOR_PRODUCT_OWNER_FINALIZATION","REGULATED","Oyuncak & Hobi","YES","YES","Batch 02 source proposal; finalization candidate; OM-R06=B; OM-R07=B; OM-R10=A","TEMPORARY_AUDIT_ID_NOT_PRODUCTION_STABLE_ID"
"AUDIT-000777","BATCH_02","28c40a3ac026c8712c9de0964de5fde42ba829dc","docs/TAXONOMY_BATCH_02_FINALIZATION_TREE.csv","321","AUDIT-000772","Oyuncak & Hobi > Sanat, El İşi & Hobi Kitleri","Oyuncak & Hobi","Sanat, El İşi & Hobi Kitleri","Slime & Duyusal Üretim Kitleri","","3","Oyuncak & Hobi > Sanat, El İşi & Hobi Kitleri > Slime & Duyusal Üretim Kitleri","oyuncak & hobi > sanat, el işi & hobi kitleri > slime & duyusal üretim kitleri","YES","CANDIDATE_FOR_PRODUCT_OWNER_FINALIZATION","LEGAL_REVIEW_REQUIRED","Oyuncak & Hobi","YES","YES","Batch 02 source proposal; finalization candidate; OM-R06=B; OM-R07=B; OM-R10=A","TEMPORARY_AUDIT_ID_NOT_PRODUCTION_STABLE_ID"
"AUDIT-000778","BATCH_02","28c40a3ac026c8712c9de0964de5fde42ba829dc","docs/TAXONOMY_BATCH_02_FINALIZATION_TREE.csv","322","","Oyuncak & Hobi","Oyuncak & Hobi","Açık Hava & Aktivite Oyuncakları","","","2","Oyuncak & Hobi > Açık Hava & Aktivite Oyuncakları","oyuncak & hobi > açık hava & aktivite oyuncakları","NO","CANDIDATE_FOR_PRODUCT_OWNER_FINALIZATION","REGULATED","Oyuncak & Hobi","YES","YES","Batch 02 source proposal; finalization candidate; OM-R06=B; OM-R07=B; OM-R10=A","TEMPORARY_AUDIT_ID_NOT_PRODUCTION_STABLE_ID"
"AUDIT-000779","BATCH_02","28c40a3ac026c8712c9de0964de5fde42ba829dc","docs/TAXONOMY_BATCH_02_FINALIZATION_TREE.csv","323","AUDIT-000778","Oyuncak & Hobi > Açık Hava & Aktivite Oyuncakları","Oyuncak & Hobi","Açık Hava & Aktivite Oyuncakları","Binilebilir Oyuncaklar","","3","Oyuncak & Hobi > Açık Hava & Aktivite Oyuncakları > Binilebilir Oyuncaklar","oyuncak & hobi > açık hava & aktivite oyuncakları > binilebilir oyuncaklar","YES","CANDIDATE_FOR_PRODUCT_OWNER_FINALIZATION","REGULATED","Oyuncak & Hobi","YES","YES","Batch 02 source proposal; finalization candidate; OM-R06=B; OM-R07=B; OM-R10=A","TEMPORARY_AUDIT_ID_NOT_PRODUCTION_STABLE_ID"
"AUDIT-000780","BATCH_02","28c40a3ac026c8712c9de0964de5fde42ba829dc","docs/TAXONOMY_BATCH_02_FINALIZATION_TREE.csv","324","AUDIT-000778","Oyuncak & Hobi > Açık Hava & Aktivite Oyuncakları","Oyuncak & Hobi","Açık Hava & Aktivite Oyuncakları","Kum & Su Oyuncakları","","3","Oyuncak & Hobi > Açık Hava & Aktivite Oyuncakları > Kum & Su Oyuncakları","oyuncak & hobi > açık hava & aktivite oyuncakları > kum & su oyuncakları","YES","CANDIDATE_FOR_PRODUCT_OWNER_FINALIZATION","REGULATED","Oyuncak & Hobi","YES","YES","Batch 02 source proposal; finalization candidate; OM-R06=B; OM-R07=B; OM-R10=A","TEMPORARY_AUDIT_ID_NOT_PRODUCTION_STABLE_ID"
"AUDIT-000781","BATCH_02","28c40a3ac026c8712c9de0964de5fde42ba829dc","docs/TAXONOMY_BATCH_02_FINALIZATION_TREE.csv","325","AUDIT-000778","Oyuncak & Hobi > Açık Hava & Aktivite Oyuncakları","Oyuncak & Hobi","Açık Hava & Aktivite Oyuncakları","Uçurtma & Baloncuk Oyuncakları","","3","Oyuncak & Hobi > Açık Hava & Aktivite Oyuncakları > Uçurtma & Baloncuk Oyuncakları","oyuncak & hobi > açık hava & aktivite oyuncakları > uçurtma & baloncuk oyuncakları","YES","CANDIDATE_FOR_PRODUCT_OWNER_FINALIZATION","REGULATED","Oyuncak & Hobi","YES","YES","Batch 02 source proposal; finalization candidate; OM-R06=B; OM-R07=B; OM-R10=A","TEMPORARY_AUDIT_ID_NOT_PRODUCTION_STABLE_ID"
"AUDIT-000782","BATCH_02","28c40a3ac026c8712c9de0964de5fde42ba829dc","docs/TAXONOMY_BATCH_02_FINALIZATION_TREE.csv","326","AUDIT-000778","Oyuncak & Hobi > Açık Hava & Aktivite Oyuncakları","Oyuncak & Hobi","Açık Hava & Aktivite Oyuncakları","Oyuncak Çadır & Oyun Evleri","","3","Oyuncak & Hobi > Açık Hava & Aktivite Oyuncakları > Oyuncak Çadır & Oyun Evleri","oyuncak & hobi > açık hava & aktivite oyuncakları > oyuncak çadır & oyun evleri","YES","CANDIDATE_FOR_PRODUCT_OWNER_FINALIZATION","REGULATED","Oyuncak & Hobi","YES","YES","Batch 02 source proposal; finalization candidate; OM-R06=B; OM-R07=B; OM-R10=A","TEMPORARY_AUDIT_ID_NOT_PRODUCTION_STABLE_ID"
"AUDIT-000783","BATCH_02","28c40a3ac026c8712c9de0964de5fde42ba829dc","docs/TAXONOMY_BATCH_02_FINALIZATION_TREE.csv","327","AUDIT-000778","Oyuncak & Hobi > Açık Hava & Aktivite Oyuncakları","Oyuncak & Hobi","Açık Hava & Aktivite Oyuncakları","Bahçe Oyun Ekipmanları","","3","Oyuncak & Hobi > Açık Hava & Aktivite Oyuncakları > Bahçe Oyun Ekipmanları","oyuncak & hobi > açık hava & aktivite oyuncakları > bahçe oyun ekipmanları","YES","CANDIDATE_FOR_PRODUCT_OWNER_FINALIZATION","REGULATED","Oyuncak & Hobi","YES","YES","Batch 02 source proposal; finalization candidate; OM-R06=B; OM-R07=B; OM-R10=A","TEMPORARY_AUDIT_ID_NOT_PRODUCTION_STABLE_ID"
"AUDIT-000784","BATCH_02","28c40a3ac026c8712c9de0964de5fde42ba829dc","docs/TAXONOMY_BATCH_02_FINALIZATION_TREE.csv","328","AUDIT-000778","Oyuncak & Hobi > Açık Hava & Aktivite Oyuncakları","Oyuncak & Hobi","Açık Hava & Aktivite Oyuncakları","Top Havuzu & Aktivite Alanları","","3","Oyuncak & Hobi > Açık Hava & Aktivite Oyuncakları > Top Havuzu & Aktivite Alanları","oyuncak & hobi > açık hava & aktivite oyuncakları > top havuzu & aktivite alanları","YES","CANDIDATE_FOR_PRODUCT_OWNER_FINALIZATION","REGULATED","Oyuncak & Hobi","YES","YES","Batch 02 source proposal; finalization candidate; OM-R06=B; OM-R07=B; OM-R10=A","TEMPORARY_AUDIT_ID_NOT_PRODUCTION_STABLE_ID"
"AUDIT-000785","BATCH_02","28c40a3ac026c8712c9de0964de5fde42ba829dc","docs/TAXONOMY_BATCH_02_FINALIZATION_TREE.csv","329","","Müzik & Enstrüman","Müzik & Enstrüman","Gitar & Bas","","","2","Müzik & Enstrüman > Gitar & Bas","müzik & enstrüman > gitar & bas","NO","CANDIDATE_FOR_PRODUCT_OWNER_FINALIZATION","NORMAL","Müzik & Enstrüman","YES","YES","Batch 02 source proposal; finalization candidate; OM-R06=B; OM-R07=B; OM-R10=A","TEMPORARY_AUDIT_ID_NOT_PRODUCTION_STABLE_ID"
"AUDIT-000786","BATCH_02","28c40a3ac026c8712c9de0964de5fde42ba829dc","docs/TAXONOMY_BATCH_02_FINALIZATION_TREE.csv","330","AUDIT-000785","Müzik & Enstrüman > Gitar & Bas","Müzik & Enstrüman","Gitar & Bas","Gitarlar","","3","Müzik & Enstrüman > Gitar & Bas > Gitarlar","müzik & enstrüman > gitar & bas > gitarlar","NO","CANDIDATE_FOR_PRODUCT_OWNER_FINALIZATION","NORMAL","Müzik & Enstrüman","YES","YES","Batch 02 source proposal; finalization candidate; OM-R06=B; OM-R07=B; OM-R10=A","TEMPORARY_AUDIT_ID_NOT_PRODUCTION_STABLE_ID"
"AUDIT-000787","BATCH_02","28c40a3ac026c8712c9de0964de5fde42ba829dc","docs/TAXONOMY_BATCH_02_FINALIZATION_TREE.csv","331","AUDIT-000786","Müzik & Enstrüman > Gitar & Bas > Gitarlar","Müzik & Enstrüman","Gitar & Bas","Gitarlar","Klasik Gitarlar","4","Müzik & Enstrüman > Gitar & Bas > Gitarlar > Klasik Gitarlar","müzik & enstrüman > gitar & bas > gitarlar > klasik gitarlar","YES","CANDIDATE_FOR_PRODUCT_OWNER_FINALIZATION","NORMAL","Müzik & Enstrüman","YES","YES","Batch 02 source proposal; finalization candidate; OM-R06=B; OM-R07=B; OM-R10=A","TEMPORARY_AUDIT_ID_NOT_PRODUCTION_STABLE_ID"
"AUDIT-000788","BATCH_02","28c40a3ac026c8712c9de0964de5fde42ba829dc","docs/TAXONOMY_BATCH_02_FINALIZATION_TREE.csv","332","AUDIT-000786","Müzik & Enstrüman > Gitar & Bas > Gitarlar","Müzik & Enstrüman","Gitar & Bas","Gitarlar","Akustik Gitarlar","4","Müzik & Enstrüman > Gitar & Bas > Gitarlar > Akustik Gitarlar","müzik & enstrüman > gitar & bas > gitarlar > akustik gitarlar","YES","CANDIDATE_FOR_PRODUCT_OWNER_FINALIZATION","NORMAL","Müzik & Enstrüman","YES","YES","Batch 02 source proposal; finalization candidate; OM-R06=B; OM-R07=B; OM-R10=A","TEMPORARY_AUDIT_ID_NOT_PRODUCTION_STABLE_ID"
"AUDIT-000789","BATCH_02","28c40a3ac026c8712c9de0964de5fde42ba829dc","docs/TAXONOMY_BATCH_02_FINALIZATION_TREE.csv","333","AUDIT-000786","Müzik & Enstrüman > Gitar & Bas > Gitarlar","Müzik & Enstrüman","Gitar & Bas","Gitarlar","Elektro Gitarlar","4","Müzik & Enstrüman > Gitar & Bas > Gitarlar > Elektro Gitarlar","müzik & enstrüman > gitar & bas > gitarlar > elektro gitarlar","YES","CANDIDATE_FOR_PRODUCT_OWNER_FINALIZATION","NORMAL","Müzik & Enstrüman","YES","YES","Batch 02 source proposal; finalization candidate; OM-R06=B; OM-R07=B; OM-R10=A","TEMPORARY_AUDIT_ID_NOT_PRODUCTION_STABLE_ID"
"AUDIT-000790","BATCH_02","28c40a3ac026c8712c9de0964de5fde42ba829dc","docs/TAXONOMY_BATCH_02_FINALIZATION_TREE.csv","334","AUDIT-000785","Müzik & Enstrüman > Gitar & Bas","Müzik & Enstrüman","Gitar & Bas","Bas Gitarlar","","3","Müzik & Enstrüman > Gitar & Bas > Bas Gitarlar","müzik & enstrüman > gitar & bas > bas gitarlar","NO","CANDIDATE_FOR_PRODUCT_OWNER_FINALIZATION","NORMAL","Müzik & Enstrüman","YES","YES","Batch 02 source proposal; finalization candidate; OM-R06=B; OM-R07=B; OM-R10=A","TEMPORARY_AUDIT_ID_NOT_PRODUCTION_STABLE_ID"
"AUDIT-000791","BATCH_02","28c40a3ac026c8712c9de0964de5fde42ba829dc","docs/TAXONOMY_BATCH_02_FINALIZATION_TREE.csv","335","AUDIT-000790","Müzik & Enstrüman > Gitar & Bas > Bas Gitarlar","Müzik & Enstrüman","Gitar & Bas","Bas Gitarlar","Elektro Bas Gitarlar","4","Müzik & Enstrüman > Gitar & Bas > Bas Gitarlar > Elektro Bas Gitarlar","müzik & enstrüman > gitar & bas > bas gitarlar > elektro bas gitarlar","YES","CANDIDATE_FOR_PRODUCT_OWNER_FINALIZATION","NORMAL","Müzik & Enstrüman","YES","YES","Batch 02 source proposal; finalization candidate; OM-R06=B; OM-R07=B; OM-R10=A","TEMPORARY_AUDIT_ID_NOT_PRODUCTION_STABLE_ID"
"AUDIT-000792","BATCH_02","28c40a3ac026c8712c9de0964de5fde42ba829dc","docs/TAXONOMY_BATCH_02_FINALIZATION_TREE.csv","336","AUDIT-000790","Müzik & Enstrüman > Gitar & Bas > Bas Gitarlar","Müzik & Enstrüman","Gitar & Bas","Bas Gitarlar","Akustik Bas Gitarlar","4","Müzik & Enstrüman > Gitar & Bas > Bas Gitarlar > Akustik Bas Gitarlar","müzik & enstrüman > gitar & bas > bas gitarlar > akustik bas gitarlar","YES","CANDIDATE_FOR_PRODUCT_OWNER_FINALIZATION","NORMAL","Müzik & Enstrüman","YES","YES","Batch 02 source proposal; finalization candidate; OM-R06=B; OM-R07=B; OM-R10=A","TEMPORARY_AUDIT_ID_NOT_PRODUCTION_STABLE_ID"
"AUDIT-000793","BATCH_02","28c40a3ac026c8712c9de0964de5fde42ba829dc","docs/TAXONOMY_BATCH_02_FINALIZATION_TREE.csv","337","AUDIT-000785","Müzik & Enstrüman > Gitar & Bas","Müzik & Enstrüman","Gitar & Bas","Ukuleleler","","3","Müzik & Enstrüman > Gitar & Bas > Ukuleleler","müzik & enstrüman > gitar & bas > ukuleleler","YES","CANDIDATE_FOR_PRODUCT_OWNER_FINALIZATION","NORMAL","Müzik & Enstrüman","YES","YES","Batch 02 source proposal; finalization candidate; OM-R06=B; OM-R07=B; OM-R10=A","TEMPORARY_AUDIT_ID_NOT_PRODUCTION_STABLE_ID"
"AUDIT-000794","BATCH_02","28c40a3ac026c8712c9de0964de5fde42ba829dc","docs/TAXONOMY_BATCH_02_FINALIZATION_TREE.csv","338","","Müzik & Enstrüman","Müzik & Enstrüman","Piyano, Org & Klavyeli Çalgılar","","","2","Müzik & Enstrüman > Piyano, Org & Klavyeli Çalgılar","müzik & enstrüman > piyano, org & klavyeli çalgılar","NO","CANDIDATE_FOR_PRODUCT_OWNER_FINALIZATION","NORMAL","Müzik & Enstrüman","YES","YES","Batch 02 source proposal; finalization candidate; OM-R06=B; OM-R07=B; OM-R10=A","TEMPORARY_AUDIT_ID_NOT_PRODUCTION_STABLE_ID"
"AUDIT-000795","BATCH_02","28c40a3ac026c8712c9de0964de5fde42ba829dc","docs/TAXONOMY_BATCH_02_FINALIZATION_TREE.csv","339","AUDIT-000794","Müzik & Enstrüman > Piyano, Org & Klavyeli Çalgılar","Müzik & Enstrüman","Piyano, Org & Klavyeli Çalgılar","Piyanolar","","3","Müzik & Enstrüman > Piyano, Org & Klavyeli Çalgılar > Piyanolar","müzik & enstrüman > piyano, org & klavyeli çalgılar > piyanolar","NO","CANDIDATE_FOR_PRODUCT_OWNER_FINALIZATION","NORMAL","Müzik & Enstrüman","YES","YES","Batch 02 source proposal; finalization candidate; OM-R06=B; OM-R07=B; OM-R10=A","TEMPORARY_AUDIT_ID_NOT_PRODUCTION_STABLE_ID"
"AUDIT-000796","BATCH_02","28c40a3ac026c8712c9de0964de5fde42ba829dc","docs/TAXONOMY_BATCH_02_FINALIZATION_TREE.csv","340","AUDIT-000795","Müzik & Enstrüman > Piyano, Org & Klavyeli Çalgılar > Piyanolar","Müzik & Enstrüman","Piyano, Org & Klavyeli Çalgılar","Piyanolar","Akustik Piyanolar","4","Müzik & Enstrüman > Piyano, Org & Klavyeli Çalgılar > Piyanolar > Akustik Piyanolar","müzik & enstrüman > piyano, org & klavyeli çalgılar > piyanolar > akustik piyanolar","YES","CANDIDATE_FOR_PRODUCT_OWNER_FINALIZATION","NORMAL","Müzik & Enstrüman","YES","YES","Batch 02 source proposal; finalization candidate; OM-R06=B; OM-R07=B; OM-R10=A","TEMPORARY_AUDIT_ID_NOT_PRODUCTION_STABLE_ID"
"AUDIT-000797","BATCH_02","28c40a3ac026c8712c9de0964de5fde42ba829dc","docs/TAXONOMY_BATCH_02_FINALIZATION_TREE.csv","341","AUDIT-000795","Müzik & Enstrüman > Piyano, Org & Klavyeli Çalgılar > Piyanolar","Müzik & Enstrüman","Piyano, Org & Klavyeli Çalgılar","Piyanolar","Dijital Piyanolar","4","Müzik & Enstrüman > Piyano, Org & Klavyeli Çalgılar > Piyanolar > Dijital Piyanolar","müzik & enstrüman > piyano, org & klavyeli çalgılar > piyanolar > dijital piyanolar","YES","CANDIDATE_FOR_PRODUCT_OWNER_FINALIZATION","NORMAL","Müzik & Enstrüman","YES","YES","Batch 02 source proposal; finalization candidate; OM-R06=B; OM-R07=B; OM-R10=A","TEMPORARY_AUDIT_ID_NOT_PRODUCTION_STABLE_ID"
"AUDIT-000798","BATCH_02","28c40a3ac026c8712c9de0964de5fde42ba829dc","docs/TAXONOMY_BATCH_02_FINALIZATION_TREE.csv","342","AUDIT-000794","Müzik & Enstrüman > Piyano, Org & Klavyeli Çalgılar","Müzik & Enstrüman","Piyano, Org & Klavyeli Çalgılar","Org & Performans Klavyeleri","","3","Müzik & Enstrüman > Piyano, Org & Klavyeli Çalgılar > Org & Performans Klavyeleri","müzik & enstrüman > piyano, org & klavyeli çalgılar > org & performans klavyeleri","YES","CANDIDATE_FOR_PRODUCT_OWNER_FINALIZATION","NORMAL","Müzik & Enstrüman","YES","YES","Batch 02 source proposal; finalization candidate; OM-R06=B; OM-R07=B; OM-R10=A","TEMPORARY_AUDIT_ID_NOT_PRODUCTION_STABLE_ID"
"AUDIT-000799","BATCH_02","28c40a3ac026c8712c9de0964de5fde42ba829dc","docs/TAXONOMY_BATCH_02_FINALIZATION_TREE.csv","343","AUDIT-000794","Müzik & Enstrüman > Piyano, Org & Klavyeli Çalgılar","Müzik & Enstrüman","Piyano, Org & Klavyeli Çalgılar","Akordeonlar","","3","Müzik & Enstrüman > Piyano, Org & Klavyeli Çalgılar > Akordeonlar","müzik & enstrüman > piyano, org & klavyeli çalgılar > akordeonlar","YES","CANDIDATE_FOR_PRODUCT_OWNER_FINALIZATION","NORMAL","Müzik & Enstrüman","YES","YES","Batch 02 source proposal; finalization candidate; OM-R06=B; OM-R07=B; OM-R10=A","TEMPORARY_AUDIT_ID_NOT_PRODUCTION_STABLE_ID"
"AUDIT-000800","BATCH_02","28c40a3ac026c8712c9de0964de5fde42ba829dc","docs/TAXONOMY_BATCH_02_FINALIZATION_TREE.csv","344","","Müzik & Enstrüman","Müzik & Enstrüman","Telli & Yaylı Çalgılar","","","2","Müzik & Enstrüman > Telli & Yaylı Çalgılar","müzik & enstrüman > telli & yaylı çalgılar","NO","CANDIDATE_FOR_PRODUCT_OWNER_FINALIZATION","NORMAL","Müzik & Enstrüman","YES","YES","Batch 02 source proposal; finalization candidate; OM-R06=B; OM-R07=B; OM-R10=A","TEMPORARY_AUDIT_ID_NOT_PRODUCTION_STABLE_ID"
"AUDIT-000801","BATCH_02","28c40a3ac026c8712c9de0964de5fde42ba829dc","docs/TAXONOMY_BATCH_02_FINALIZATION_TREE.csv","345","AUDIT-000800","Müzik & Enstrüman > Telli & Yaylı Çalgılar","Müzik & Enstrüman","Telli & Yaylı Çalgılar","Keman Ailesi","","3","Müzik & Enstrüman > Telli & Yaylı Çalgılar > Keman Ailesi","müzik & enstrüman > telli & yaylı çalgılar > keman ailesi","NO","CANDIDATE_FOR_PRODUCT_OWNER_FINALIZATION","NORMAL","Müzik & Enstrüman","YES","YES","Batch 02 source proposal; finalization candidate; OM-R06=B; OM-R07=B; OM-R10=A","TEMPORARY_AUDIT_ID_NOT_PRODUCTION_STABLE_ID"
"AUDIT-000802","BATCH_02","28c40a3ac026c8712c9de0964de5fde42ba829dc","docs/TAXONOMY_BATCH_02_FINALIZATION_TREE.csv","346","AUDIT-000801","Müzik & Enstrüman > Telli & Yaylı Çalgılar > Keman Ailesi","Müzik & Enstrüman","Telli & Yaylı Çalgılar","Keman Ailesi","Kemanlar","4","Müzik & Enstrüman > Telli & Yaylı Çalgılar > Keman Ailesi > Kemanlar","müzik & enstrüman > telli & yaylı çalgılar > keman ailesi > kemanlar","YES","CANDIDATE_FOR_PRODUCT_OWNER_FINALIZATION","NORMAL","Müzik & Enstrüman","YES","YES","Batch 02 source proposal; finalization candidate; OM-R06=B; OM-R07=B; OM-R10=A","TEMPORARY_AUDIT_ID_NOT_PRODUCTION_STABLE_ID"
"AUDIT-000803","BATCH_02","28c40a3ac026c8712c9de0964de5fde42ba829dc","docs/TAXONOMY_BATCH_02_FINALIZATION_TREE.csv","347","AUDIT-000801","Müzik & Enstrüman > Telli & Yaylı Çalgılar > Keman Ailesi","Müzik & Enstrüman","Telli & Yaylı Çalgılar","Keman Ailesi","Viyolalar","4","Müzik & Enstrüman > Telli & Yaylı Çalgılar > Keman Ailesi > Viyolalar","müzik & enstrüman > telli & yaylı çalgılar > keman ailesi > viyolalar","YES","CANDIDATE_FOR_PRODUCT_OWNER_FINALIZATION","NORMAL","Müzik & Enstrüman","YES","YES","Batch 02 source proposal; finalization candidate; OM-R06=B; OM-R07=B; OM-R10=A","TEMPORARY_AUDIT_ID_NOT_PRODUCTION_STABLE_ID"
"AUDIT-000804","BATCH_02","28c40a3ac026c8712c9de0964de5fde42ba829dc","docs/TAXONOMY_BATCH_02_FINALIZATION_TREE.csv","348","AUDIT-000801","Müzik & Enstrüman > Telli & Yaylı Çalgılar > Keman Ailesi","Müzik & Enstrüman","Telli & Yaylı Çalgılar","Keman Ailesi","Çellolar","4","Müzik & Enstrüman > Telli & Yaylı Çalgılar > Keman Ailesi > Çellolar","müzik & enstrüman > telli & yaylı çalgılar > keman ailesi > çellolar","YES","CANDIDATE_FOR_PRODUCT_OWNER_FINALIZATION","NORMAL","Müzik & Enstrüman","YES","YES","Batch 02 source proposal; finalization candidate; OM-R06=B; OM-R07=B; OM-R10=A","TEMPORARY_AUDIT_ID_NOT_PRODUCTION_STABLE_ID"
"AUDIT-000805","BATCH_02","28c40a3ac026c8712c9de0964de5fde42ba829dc","docs/TAXONOMY_BATCH_02_FINALIZATION_TREE.csv","349","AUDIT-000801","Müzik & Enstrüman > Telli & Yaylı Çalgılar > Keman Ailesi","Müzik & Enstrüman","Telli & Yaylı Çalgılar","Keman Ailesi","Kontrbaslar","4","Müzik & Enstrüman > Telli & Yaylı Çalgılar > Keman Ailesi > Kontrbaslar","müzik & enstrüman > telli & yaylı çalgılar > keman ailesi > kontrbaslar","YES","CANDIDATE_FOR_PRODUCT_OWNER_FINALIZATION","NORMAL","Müzik & Enstrüman","YES","YES","Batch 02 source proposal; finalization candidate; OM-R06=B; OM-R07=B; OM-R10=A","TEMPORARY_AUDIT_ID_NOT_PRODUCTION_STABLE_ID"
"AUDIT-000806","BATCH_02","28c40a3ac026c8712c9de0964de5fde42ba829dc","docs/TAXONOMY_BATCH_02_FINALIZATION_TREE.csv","350","AUDIT-000800","Müzik & Enstrüman > Telli & Yaylı Çalgılar","Müzik & Enstrüman","Telli & Yaylı Çalgılar","Arplar","","3","Müzik & Enstrüman > Telli & Yaylı Çalgılar > Arplar","müzik & enstrüman > telli & yaylı çalgılar > arplar","YES","CANDIDATE_FOR_PRODUCT_OWNER_FINALIZATION","NORMAL","Müzik & Enstrüman","YES","YES","Batch 02 source proposal; finalization candidate; OM-R06=B; OM-R07=B; OM-R10=A","TEMPORARY_AUDIT_ID_NOT_PRODUCTION_STABLE_ID"
"AUDIT-000807","BATCH_02","28c40a3ac026c8712c9de0964de5fde42ba829dc","docs/TAXONOMY_BATCH_02_FINALIZATION_TREE.csv","351","AUDIT-000800","Müzik & Enstrüman > Telli & Yaylı Çalgılar","Müzik & Enstrüman","Telli & Yaylı Çalgılar","Diğer Telli Çalgılar","","3","Müzik & Enstrüman > Telli & Yaylı Çalgılar > Diğer Telli Çalgılar","müzik & enstrüman > telli & yaylı çalgılar > diğer telli çalgılar","YES","CANDIDATE_FOR_PRODUCT_OWNER_FINALIZATION","NORMAL","Müzik & Enstrüman","YES","YES","Batch 02 source proposal; finalization candidate; OM-R06=B; OM-R07=B; OM-R10=A","TEMPORARY_AUDIT_ID_NOT_PRODUCTION_STABLE_ID"
"AUDIT-000808","BATCH_02","28c40a3ac026c8712c9de0964de5fde42ba829dc","docs/TAXONOMY_BATCH_02_FINALIZATION_TREE.csv","352","","Müzik & Enstrüman","Müzik & Enstrüman","Nefesli Çalgılar","","","2","Müzik & Enstrüman > Nefesli Çalgılar","müzik & enstrüman > nefesli çalgılar","NO","CANDIDATE_FOR_PRODUCT_OWNER_FINALIZATION","NORMAL","Müzik & Enstrüman","YES","YES","Batch 02 source proposal; finalization candidate; OM-R06=B; OM-R07=B; OM-R10=A","TEMPORARY_AUDIT_ID_NOT_PRODUCTION_STABLE_ID"
"AUDIT-000809","BATCH_02","28c40a3ac026c8712c9de0964de5fde42ba829dc","docs/TAXONOMY_BATCH_02_FINALIZATION_TREE.csv","353","AUDIT-000808","Müzik & Enstrüman > Nefesli Çalgılar","Müzik & Enstrüman","Nefesli Çalgılar","Tahta Nefesliler","","3","Müzik & Enstrüman > Nefesli Çalgılar > Tahta Nefesliler","müzik & enstrüman > nefesli çalgılar > tahta nefesliler","NO","CANDIDATE_FOR_PRODUCT_OWNER_FINALIZATION","NORMAL","Müzik & Enstrüman","YES","YES","Batch 02 source proposal; finalization candidate; OM-R06=B; OM-R07=B; OM-R10=A","TEMPORARY_AUDIT_ID_NOT_PRODUCTION_STABLE_ID"
"AUDIT-000810","BATCH_02","28c40a3ac026c8712c9de0964de5fde42ba829dc","docs/TAXONOMY_BATCH_02_FINALIZATION_TREE.csv","354","AUDIT-000809","Müzik & Enstrüman > Nefesli Çalgılar > Tahta Nefesliler","Müzik & Enstrüman","Nefesli Çalgılar","Tahta Nefesliler","Flütler","4","Müzik & Enstrüman > Nefesli Çalgılar > Tahta Nefesliler > Flütler","müzik & enstrüman > nefesli çalgılar > tahta nefesliler > flütler","YES","CANDIDATE_FOR_PRODUCT_OWNER_FINALIZATION","NORMAL","Müzik & Enstrüman","YES","YES","Batch 02 source proposal; finalization candidate; OM-R06=B; OM-R07=B; OM-R10=A","TEMPORARY_AUDIT_ID_NOT_PRODUCTION_STABLE_ID"
"AUDIT-000811","BATCH_02","28c40a3ac026c8712c9de0964de5fde42ba829dc","docs/TAXONOMY_BATCH_02_FINALIZATION_TREE.csv","355","AUDIT-000809","Müzik & Enstrüman > Nefesli Çalgılar > Tahta Nefesliler","Müzik & Enstrüman","Nefesli Çalgılar","Tahta Nefesliler","Klarnetler","4","Müzik & Enstrüman > Nefesli Çalgılar > Tahta Nefesliler > Klarnetler","müzik & enstrüman > nefesli çalgılar > tahta nefesliler > klarnetler","YES","CANDIDATE_FOR_PRODUCT_OWNER_FINALIZATION","NORMAL","Müzik & Enstrüman","YES","YES","Batch 02 source proposal; finalization candidate; OM-R06=B; OM-R07=B; OM-R10=A","TEMPORARY_AUDIT_ID_NOT_PRODUCTION_STABLE_ID"
"AUDIT-000812","BATCH_02","28c40a3ac026c8712c9de0964de5fde42ba829dc","docs/TAXONOMY_BATCH_02_FINALIZATION_TREE.csv","356","AUDIT-000809","Müzik & Enstrüman > Nefesli Çalgılar > Tahta Nefesliler","Müzik & Enstrüman","Nefesli Çalgılar","Tahta Nefesliler","Saksafonlar","4","Müzik & Enstrüman > Nefesli Çalgılar > Tahta Nefesliler > Saksafonlar","müzik & enstrüman > nefesli çalgılar > tahta nefesliler > saksafonlar","YES","CANDIDATE_FOR_PRODUCT_OWNER_FINALIZATION","NORMAL","Müzik & Enstrüman","YES","YES","Batch 02 source proposal; finalization candidate; OM-R06=B; OM-R07=B; OM-R10=A","TEMPORARY_AUDIT_ID_NOT_PRODUCTION_STABLE_ID"
"AUDIT-000813","BATCH_02","28c40a3ac026c8712c9de0964de5fde42ba829dc","docs/TAXONOMY_BATCH_02_FINALIZATION_TREE.csv","357","AUDIT-000809","Müzik & Enstrüman > Nefesli Çalgılar > Tahta Nefesliler","Müzik & Enstrüman","Nefesli Çalgılar","Tahta Nefesliler","Obua & Fagotlar","4","Müzik & Enstrüman > Nefesli Çalgılar > Tahta Nefesliler > Obua & Fagotlar","müzik & enstrüman > nefesli çalgılar > tahta nefesliler > obua & fagotlar","YES","CANDIDATE_FOR_PRODUCT_OWNER_FINALIZATION","NORMAL","Müzik & Enstrüman","YES","YES","Batch 02 source proposal; finalization candidate; OM-R06=B; OM-R07=B; OM-R10=A","TEMPORARY_AUDIT_ID_NOT_PRODUCTION_STABLE_ID"
"AUDIT-000814","BATCH_02","28c40a3ac026c8712c9de0964de5fde42ba829dc","docs/TAXONOMY_BATCH_02_FINALIZATION_TREE.csv","358","AUDIT-000808","Müzik & Enstrüman > Nefesli Çalgılar","Müzik & Enstrüman","Nefesli Çalgılar","Bakır Nefesliler","","3","Müzik & Enstrüman > Nefesli Çalgılar > Bakır Nefesliler","müzik & enstrüman > nefesli çalgılar > bakır nefesliler","NO","CANDIDATE_FOR_PRODUCT_OWNER_FINALIZATION","NORMAL","Müzik & Enstrüman","YES","YES","Batch 02 source proposal; finalization candidate; OM-R06=B; OM-R07=B; OM-R10=A","TEMPORARY_AUDIT_ID_NOT_PRODUCTION_STABLE_ID"
"AUDIT-000815","BATCH_02","28c40a3ac026c8712c9de0964de5fde42ba829dc","docs/TAXONOMY_BATCH_02_FINALIZATION_TREE.csv","359","AUDIT-000814","Müzik & Enstrüman > Nefesli Çalgılar > Bakır Nefesliler","Müzik & Enstrüman","Nefesli Çalgılar","Bakır Nefesliler","Trompet & Kornetler","4","Müzik & Enstrüman > Nefesli Çalgılar > Bakır Nefesliler > Trompet & Kornetler","müzik & enstrüman > nefesli çalgılar > bakır nefesliler > trompet & kornetler","YES","CANDIDATE_FOR_PRODUCT_OWNER_FINALIZATION","NORMAL","Müzik & Enstrüman","YES","YES","Batch 02 source proposal; finalization candidate; OM-R06=B; OM-R07=B; OM-R10=A","TEMPORARY_AUDIT_ID_NOT_PRODUCTION_STABLE_ID"
"AUDIT-000816","BATCH_02","28c40a3ac026c8712c9de0964de5fde42ba829dc","docs/TAXONOMY_BATCH_02_FINALIZATION_TREE.csv","360","AUDIT-000814","Müzik & Enstrüman > Nefesli Çalgılar > Bakır Nefesliler","Müzik & Enstrüman","Nefesli Çalgılar","Bakır Nefesliler","Trombonlar","4","Müzik & Enstrüman > Nefesli Çalgılar > Bakır Nefesliler > Trombonlar","müzik & enstrüman > nefesli çalgılar > bakır nefesliler > trombonlar","YES","CANDIDATE_FOR_PRODUCT_OWNER_FINALIZATION","NORMAL","Müzik & Enstrüman","YES","YES","Batch 02 source proposal; finalization candidate; OM-R06=B; OM-R07=B; OM-R10=A","TEMPORARY_AUDIT_ID_NOT_PRODUCTION_STABLE_ID"
"AUDIT-000817","BATCH_02","28c40a3ac026c8712c9de0964de5fde42ba829dc","docs/TAXONOMY_BATCH_02_FINALIZATION_TREE.csv","361","AUDIT-000814","Müzik & Enstrüman > Nefesli Çalgılar > Bakır Nefesliler","Müzik & Enstrüman","Nefesli Çalgılar","Bakır Nefesliler","Korno, Tuba & Diğer Bakır Nefesliler","4","Müzik & Enstrüman > Nefesli Çalgılar > Bakır Nefesliler > Korno, Tuba & Diğer Bakır Nefesliler","müzik & enstrüman > nefesli çalgılar > bakır nefesliler > korno, tuba & diğer bakır nefesliler","YES","CANDIDATE_FOR_PRODUCT_OWNER_FINALIZATION","NORMAL","Müzik & Enstrüman","YES","YES","Batch 02 source proposal; finalization candidate; OM-R06=B; OM-R07=B; OM-R10=A","TEMPORARY_AUDIT_ID_NOT_PRODUCTION_STABLE_ID"
"AUDIT-000818","BATCH_02","28c40a3ac026c8712c9de0964de5fde42ba829dc","docs/TAXONOMY_BATCH_02_FINALIZATION_TREE.csv","362","AUDIT-000808","Müzik & Enstrüman > Nefesli Çalgılar","Müzik & Enstrüman","Nefesli Çalgılar","Mızıka & Melodikalar","","3","Müzik & Enstrüman > Nefesli Çalgılar > Mızıka & Melodikalar","müzik & enstrüman > nefesli çalgılar > mızıka & melodikalar","YES","CANDIDATE_FOR_PRODUCT_OWNER_FINALIZATION","NORMAL","Müzik & Enstrüman","YES","YES","Batch 02 source proposal; finalization candidate; OM-R06=B; OM-R07=B; OM-R10=A","TEMPORARY_AUDIT_ID_NOT_PRODUCTION_STABLE_ID"
"AUDIT-000819","BATCH_02","28c40a3ac026c8712c9de0964de5fde42ba829dc","docs/TAXONOMY_BATCH_02_FINALIZATION_TREE.csv","363","","Müzik & Enstrüman","Müzik & Enstrüman","Vurmalı Çalgılar","","","2","Müzik & Enstrüman > Vurmalı Çalgılar","müzik & enstrüman > vurmalı çalgılar","NO","CANDIDATE_FOR_PRODUCT_OWNER_FINALIZATION","NORMAL","Müzik & Enstrüman","YES","YES","Batch 02 source proposal; finalization candidate; OM-R06=B; OM-R07=B; OM-R10=A","TEMPORARY_AUDIT_ID_NOT_PRODUCTION_STABLE_ID"
"AUDIT-000820","BATCH_02","28c40a3ac026c8712c9de0964de5fde42ba829dc","docs/TAXONOMY_BATCH_02_FINALIZATION_TREE.csv","364","AUDIT-000819","Müzik & Enstrüman > Vurmalı Çalgılar","Müzik & Enstrüman","Vurmalı Çalgılar","Bateri Setleri","","3","Müzik & Enstrüman > Vurmalı Çalgılar > Bateri Setleri","müzik & enstrüman > vurmalı çalgılar > bateri setleri","NO","CANDIDATE_FOR_PRODUCT_OWNER_FINALIZATION","NORMAL","Müzik & Enstrüman","YES","YES","Batch 02 source proposal; finalization candidate; OM-R06=B; OM-R07=B; OM-R10=A","TEMPORARY_AUDIT_ID_NOT_PRODUCTION_STABLE_ID"
"AUDIT-000821","BATCH_02","28c40a3ac026c8712c9de0964de5fde42ba829dc","docs/TAXONOMY_BATCH_02_FINALIZATION_TREE.csv","365","AUDIT-000820","Müzik & Enstrüman > Vurmalı Çalgılar > Bateri Setleri","Müzik & Enstrüman","Vurmalı Çalgılar","Bateri Setleri","Akustik Bateri Setleri","4","Müzik & Enstrüman > Vurmalı Çalgılar > Bateri Setleri > Akustik Bateri Setleri","müzik & enstrüman > vurmalı çalgılar > bateri setleri > akustik bateri setleri","YES","CANDIDATE_FOR_PRODUCT_OWNER_FINALIZATION","NORMAL","Müzik & Enstrüman","YES","YES","Batch 02 source proposal; finalization candidate; OM-R06=B; OM-R07=B; OM-R10=A","TEMPORARY_AUDIT_ID_NOT_PRODUCTION_STABLE_ID"
"AUDIT-000822","BATCH_02","28c40a3ac026c8712c9de0964de5fde42ba829dc","docs/TAXONOMY_BATCH_02_FINALIZATION_TREE.csv","366","AUDIT-000820","Müzik & Enstrüman > Vurmalı Çalgılar > Bateri Setleri","Müzik & Enstrüman","Vurmalı Çalgılar","Bateri Setleri","Elektronik Bateri Setleri","4","Müzik & Enstrüman > Vurmalı Çalgılar > Bateri Setleri > Elektronik Bateri Setleri","müzik & enstrüman > vurmalı çalgılar > bateri setleri > elektronik bateri setleri","YES","CANDIDATE_FOR_PRODUCT_OWNER_FINALIZATION","NORMAL","Müzik & Enstrüman","YES","YES","Batch 02 source proposal; finalization candidate; OM-R06=B; OM-R07=B; OM-R10=A","TEMPORARY_AUDIT_ID_NOT_PRODUCTION_STABLE_ID"
"AUDIT-000823","BATCH_02","28c40a3ac026c8712c9de0964de5fde42ba829dc","docs/TAXONOMY_BATCH_02_FINALIZATION_TREE.csv","367","AUDIT-000819","Müzik & Enstrüman > Vurmalı Çalgılar","Müzik & Enstrüman","Vurmalı Çalgılar","Ziller","","3","Müzik & Enstrüman > Vurmalı Çalgılar > Ziller","müzik & enstrüman > vurmalı çalgılar > ziller","YES","CANDIDATE_FOR_PRODUCT_OWNER_FINALIZATION","NORMAL","Müzik & Enstrüman","YES","YES","Batch 02 source proposal; finalization candidate; OM-R06=B; OM-R07=B; OM-R10=A","TEMPORARY_AUDIT_ID_NOT_PRODUCTION_STABLE_ID"
"AUDIT-000824","BATCH_02","28c40a3ac026c8712c9de0964de5fde42ba829dc","docs/TAXONOMY_BATCH_02_FINALIZATION_TREE.csv","368","AUDIT-000819","Müzik & Enstrüman > Vurmalı Çalgılar","Müzik & Enstrüman","Vurmalı Çalgılar","El Perküsyonları","","3","Müzik & Enstrüman > Vurmalı Çalgılar > El Perküsyonları","müzik & enstrüman > vurmalı çalgılar > el perküsyonları","YES","CANDIDATE_FOR_PRODUCT_OWNER_FINALIZATION","NORMAL","Müzik & Enstrüman","YES","YES","Batch 02 source proposal; finalization candidate; OM-R06=B; OM-R07=B; OM-R10=A","TEMPORARY_AUDIT_ID_NOT_PRODUCTION_STABLE_ID"
"AUDIT-000825","BATCH_02","28c40a3ac026c8712c9de0964de5fde42ba829dc","docs/TAXONOMY_BATCH_02_FINALIZATION_TREE.csv","369","AUDIT-000819","Müzik & Enstrüman > Vurmalı Çalgılar","Müzik & Enstrüman","Vurmalı Çalgılar","Orkestra Vurmalıları","","3","Müzik & Enstrüman > Vurmalı Çalgılar > Orkestra Vurmalıları","müzik & enstrüman > vurmalı çalgılar > orkestra vurmalıları","YES","CANDIDATE_FOR_PRODUCT_OWNER_FINALIZATION","NORMAL","Müzik & Enstrüman","YES","YES","Batch 02 source proposal; finalization candidate; OM-R06=B; OM-R07=B; OM-R10=A","TEMPORARY_AUDIT_ID_NOT_PRODUCTION_STABLE_ID"
"AUDIT-000826","BATCH_02","28c40a3ac026c8712c9de0964de5fde42ba829dc","docs/TAXONOMY_BATCH_02_FINALIZATION_TREE.csv","370","AUDIT-000819","Müzik & Enstrüman > Vurmalı Çalgılar","Müzik & Enstrüman","Vurmalı Çalgılar","Çalışma Padleri","","3","Müzik & Enstrüman > Vurmalı Çalgılar > Çalışma Padleri","müzik & enstrüman > vurmalı çalgılar > çalışma padleri","YES","CANDIDATE_FOR_PRODUCT_OWNER_FINALIZATION","NORMAL","Müzik & Enstrüman","YES","YES","Batch 02 source proposal; finalization candidate; OM-R06=B; OM-R07=B; OM-R10=A","TEMPORARY_AUDIT_ID_NOT_PRODUCTION_STABLE_ID"
"AUDIT-000827","BATCH_02","28c40a3ac026c8712c9de0964de5fde42ba829dc","docs/TAXONOMY_BATCH_02_FINALIZATION_TREE.csv","371","","Müzik & Enstrüman","Müzik & Enstrüman","Geleneksel Türk Müziği Enstrümanları","","","2","Müzik & Enstrüman > Geleneksel Türk Müziği Enstrümanları","müzik & enstrüman > geleneksel türk müziği enstrümanları","NO","CANDIDATE_FOR_PRODUCT_OWNER_FINALIZATION","NORMAL","Müzik & Enstrüman","YES","YES","Batch 02 source proposal; finalization candidate; OM-R06=B; OM-R07=B; OM-R10=A","TEMPORARY_AUDIT_ID_NOT_PRODUCTION_STABLE_ID"
"AUDIT-000828","BATCH_02","28c40a3ac026c8712c9de0964de5fde42ba829dc","docs/TAXONOMY_BATCH_02_FINALIZATION_TREE.csv","372","AUDIT-000827","Müzik & Enstrüman > Geleneksel Türk Müziği Enstrümanları","Müzik & Enstrüman","Geleneksel Türk Müziği Enstrümanları","Bağlama Ailesi","","3","Müzik & Enstrüman > Geleneksel Türk Müziği Enstrümanları > Bağlama Ailesi","müzik & enstrüman > geleneksel türk müziği enstrümanları > bağlama ailesi","NO","CANDIDATE_FOR_PRODUCT_OWNER_FINALIZATION","NORMAL","Müzik & Enstrüman","YES","YES","Batch 02 source proposal; finalization candidate; OM-R06=B; OM-R07=B; OM-R10=A","TEMPORARY_AUDIT_ID_NOT_PRODUCTION_STABLE_ID"
"AUDIT-000829","BATCH_02","28c40a3ac026c8712c9de0964de5fde42ba829dc","docs/TAXONOMY_BATCH_02_FINALIZATION_TREE.csv","373","AUDIT-000828","Müzik & Enstrüman > Geleneksel Türk Müziği Enstrümanları > Bağlama Ailesi","Müzik & Enstrüman","Geleneksel Türk Müziği Enstrümanları","Bağlama Ailesi","Bağlamalar","4","Müzik & Enstrüman > Geleneksel Türk Müziği Enstrümanları > Bağlama Ailesi > Bağlamalar","müzik & enstrüman > geleneksel türk müziği enstrümanları > bağlama ailesi > bağlamalar","YES","CANDIDATE_FOR_PRODUCT_OWNER_FINALIZATION","NORMAL","Müzik & Enstrüman","YES","YES","Batch 02 source proposal; finalization candidate; OM-R06=B; OM-R07=B; OM-R10=A","TEMPORARY_AUDIT_ID_NOT_PRODUCTION_STABLE_ID"
"AUDIT-000830","BATCH_02","28c40a3ac026c8712c9de0964de5fde42ba829dc","docs/TAXONOMY_BATCH_02_FINALIZATION_TREE.csv","374","AUDIT-000828","Müzik & Enstrüman > Geleneksel Türk Müziği Enstrümanları > Bağlama Ailesi","Müzik & Enstrüman","Geleneksel Türk Müziği Enstrümanları","Bağlama Ailesi","Curalar","4","Müzik & Enstrüman > Geleneksel Türk Müziği Enstrümanları > Bağlama Ailesi > Curalar","müzik & enstrüman > geleneksel türk müziği enstrümanları > bağlama ailesi > curalar","YES","CANDIDATE_FOR_PRODUCT_OWNER_FINALIZATION","NORMAL","Müzik & Enstrüman","YES","YES","Batch 02 source proposal; finalization candidate; OM-R06=B; OM-R07=B; OM-R10=A","TEMPORARY_AUDIT_ID_NOT_PRODUCTION_STABLE_ID"
"AUDIT-000831","BATCH_02","28c40a3ac026c8712c9de0964de5fde42ba829dc","docs/TAXONOMY_BATCH_02_FINALIZATION_TREE.csv","375","AUDIT-000828","Müzik & Enstrüman > Geleneksel Türk Müziği Enstrümanları > Bağlama Ailesi","Müzik & Enstrüman","Geleneksel Türk Müziği Enstrümanları","Bağlama Ailesi","Divan Sazları","4","Müzik & Enstrüman > Geleneksel Türk Müziği Enstrümanları > Bağlama Ailesi > Divan Sazları","müzik & enstrüman > geleneksel türk müziği enstrümanları > bağlama ailesi > divan sazları","YES","CANDIDATE_FOR_PRODUCT_OWNER_FINALIZATION","NORMAL","Müzik & Enstrüman","YES","YES","Batch 02 source proposal; finalization candidate; OM-R06=B; OM-R07=B; OM-R10=A","TEMPORARY_AUDIT_ID_NOT_PRODUCTION_STABLE_ID"
"AUDIT-000832","BATCH_02","28c40a3ac026c8712c9de0964de5fde42ba829dc","docs/TAXONOMY_BATCH_02_FINALIZATION_TREE.csv","376","AUDIT-000827","Müzik & Enstrüman > Geleneksel Türk Müziği Enstrümanları","Müzik & Enstrüman","Geleneksel Türk Müziği Enstrümanları","Udlar","","3","Müzik & Enstrüman > Geleneksel Türk Müziği Enstrümanları > Udlar","müzik & enstrüman > geleneksel türk müziği enstrümanları > udlar","YES","CANDIDATE_FOR_PRODUCT_OWNER_FINALIZATION","NORMAL","Müzik & Enstrüman","YES","YES","Batch 02 source proposal; finalization candidate; OM-R06=B; OM-R07=B; OM-R10=A","TEMPORARY_AUDIT_ID_NOT_PRODUCTION_STABLE_ID"
"AUDIT-000833","BATCH_02","28c40a3ac026c8712c9de0964de5fde42ba829dc","docs/TAXONOMY_BATCH_02_FINALIZATION_TREE.csv","377","AUDIT-000827","Müzik & Enstrüman > Geleneksel Türk Müziği Enstrümanları","Müzik & Enstrüman","Geleneksel Türk Müziği Enstrümanları","Kanunlar","","3","Müzik & Enstrüman > Geleneksel Türk Müziği Enstrümanları > Kanunlar","müzik & enstrüman > geleneksel türk müziği enstrümanları > kanunlar","YES","CANDIDATE_FOR_PRODUCT_OWNER_FINALIZATION","NORMAL","Müzik & Enstrüman","YES","YES","Batch 02 source proposal; finalization candidate; OM-R06=B; OM-R07=B; OM-R10=A","TEMPORARY_AUDIT_ID_NOT_PRODUCTION_STABLE_ID"
"AUDIT-000834","BATCH_02","28c40a3ac026c8712c9de0964de5fde42ba829dc","docs/TAXONOMY_BATCH_02_FINALIZATION_TREE.csv","378","AUDIT-000827","Müzik & Enstrüman > Geleneksel Türk Müziği Enstrümanları","Müzik & Enstrüman","Geleneksel Türk Müziği Enstrümanları","Kemençeler","","3","Müzik & Enstrüman > Geleneksel Türk Müziği Enstrümanları > Kemençeler","müzik & enstrüman > geleneksel türk müziği enstrümanları > kemençeler","YES","CANDIDATE_FOR_PRODUCT_OWNER_FINALIZATION","NORMAL","Müzik & Enstrüman","YES","YES","Batch 02 source proposal; finalization candidate; OM-R06=B; OM-R07=B; OM-R10=A","TEMPORARY_AUDIT_ID_NOT_PRODUCTION_STABLE_ID"
"AUDIT-000835","BATCH_02","28c40a3ac026c8712c9de0964de5fde42ba829dc","docs/TAXONOMY_BATCH_02_FINALIZATION_TREE.csv","379","AUDIT-000827","Müzik & Enstrüman > Geleneksel Türk Müziği Enstrümanları","Müzik & Enstrüman","Geleneksel Türk Müziği Enstrümanları","Geleneksel Nefesliler","","3","Müzik & Enstrüman > Geleneksel Türk Müziği Enstrümanları > Geleneksel Nefesliler","müzik & enstrüman > geleneksel türk müziği enstrümanları > geleneksel nefesliler","NO","CANDIDATE_FOR_PRODUCT_OWNER_FINALIZATION","NORMAL","Müzik & Enstrüman","YES","YES","Batch 02 source proposal; finalization candidate; OM-R06=B; OM-R07=B; OM-R10=A","TEMPORARY_AUDIT_ID_NOT_PRODUCTION_STABLE_ID"
"AUDIT-000836","BATCH_02","28c40a3ac026c8712c9de0964de5fde42ba829dc","docs/TAXONOMY_BATCH_02_FINALIZATION_TREE.csv","380","AUDIT-000835","Müzik & Enstrüman > Geleneksel Türk Müziği Enstrümanları > Geleneksel Nefesliler","Müzik & Enstrüman","Geleneksel Türk Müziği Enstrümanları","Geleneksel Nefesliler","Neyler","4","Müzik & Enstrüman > Geleneksel Türk Müziği Enstrümanları > Geleneksel Nefesliler > Neyler","müzik & enstrüman > geleneksel türk müziği enstrümanları > geleneksel nefesliler > neyler","YES","CANDIDATE_FOR_PRODUCT_OWNER_FINALIZATION","NORMAL","Müzik & Enstrüman","YES","YES","Batch 02 source proposal; finalization candidate; OM-R06=B; OM-R07=B; OM-R10=A","TEMPORARY_AUDIT_ID_NOT_PRODUCTION_STABLE_ID"
"AUDIT-000837","BATCH_02","28c40a3ac026c8712c9de0964de5fde42ba829dc","docs/TAXONOMY_BATCH_02_FINALIZATION_TREE.csv","381","AUDIT-000835","Müzik & Enstrüman > Geleneksel Türk Müziği Enstrümanları > Geleneksel Nefesliler","Müzik & Enstrüman","Geleneksel Türk Müziği Enstrümanları","Geleneksel Nefesliler","Zurna & Meyler","4","Müzik & Enstrüman > Geleneksel Türk Müziği Enstrümanları > Geleneksel Nefesliler > Zurna & Meyler","müzik & enstrüman > geleneksel türk müziği enstrümanları > geleneksel nefesliler > zurna & meyler","YES","CANDIDATE_FOR_PRODUCT_OWNER_FINALIZATION","NORMAL","Müzik & Enstrüman","YES","YES","Batch 02 source proposal; finalization candidate; OM-R06=B; OM-R07=B; OM-R10=A","TEMPORARY_AUDIT_ID_NOT_PRODUCTION_STABLE_ID"
"AUDIT-000838","BATCH_02","28c40a3ac026c8712c9de0964de5fde42ba829dc","docs/TAXONOMY_BATCH_02_FINALIZATION_TREE.csv","382","AUDIT-000827","Müzik & Enstrüman > Geleneksel Türk Müziği Enstrümanları","Müzik & Enstrüman","Geleneksel Türk Müziği Enstrümanları","Geleneksel Vurmalılar","","3","Müzik & Enstrüman > Geleneksel Türk Müziği Enstrümanları > Geleneksel Vurmalılar","müzik & enstrüman > geleneksel türk müziği enstrümanları > geleneksel vurmalılar","NO","CANDIDATE_FOR_PRODUCT_OWNER_FINALIZATION","NORMAL","Müzik & Enstrüman","YES","YES","Batch 02 source proposal; finalization candidate; OM-R06=B; OM-R07=B; OM-R10=A","TEMPORARY_AUDIT_ID_NOT_PRODUCTION_STABLE_ID"
"AUDIT-000839","BATCH_02","28c40a3ac026c8712c9de0964de5fde42ba829dc","docs/TAXONOMY_BATCH_02_FINALIZATION_TREE.csv","383","AUDIT-000838","Müzik & Enstrüman > Geleneksel Türk Müziği Enstrümanları > Geleneksel Vurmalılar","Müzik & Enstrüman","Geleneksel Türk Müziği Enstrümanları","Geleneksel Vurmalılar","Darbukalar","4","Müzik & Enstrüman > Geleneksel Türk Müziği Enstrümanları > Geleneksel Vurmalılar > Darbukalar","müzik & enstrüman > geleneksel türk müziği enstrümanları > geleneksel vurmalılar > darbukalar","YES","CANDIDATE_FOR_PRODUCT_OWNER_FINALIZATION","NORMAL","Müzik & Enstrüman","YES","YES","Batch 02 source proposal; finalization candidate; OM-R06=B; OM-R07=B; OM-R10=A","TEMPORARY_AUDIT_ID_NOT_PRODUCTION_STABLE_ID"
"AUDIT-000840","BATCH_02","28c40a3ac026c8712c9de0964de5fde42ba829dc","docs/TAXONOMY_BATCH_02_FINALIZATION_TREE.csv","384","AUDIT-000838","Müzik & Enstrüman > Geleneksel Türk Müziği Enstrümanları > Geleneksel Vurmalılar","Müzik & Enstrüman","Geleneksel Türk Müziği Enstrümanları","Geleneksel Vurmalılar","Bendirler","4","Müzik & Enstrüman > Geleneksel Türk Müziği Enstrümanları > Geleneksel Vurmalılar > Bendirler","müzik & enstrüman > geleneksel türk müziği enstrümanları > geleneksel vurmalılar > bendirler","YES","CANDIDATE_FOR_PRODUCT_OWNER_FINALIZATION","NORMAL","Müzik & Enstrüman","YES","YES","Batch 02 source proposal; finalization candidate; OM-R06=B; OM-R07=B; OM-R10=A","TEMPORARY_AUDIT_ID_NOT_PRODUCTION_STABLE_ID"
"AUDIT-000841","BATCH_02","28c40a3ac026c8712c9de0964de5fde42ba829dc","docs/TAXONOMY_BATCH_02_FINALIZATION_TREE.csv","385","AUDIT-000838","Müzik & Enstrüman > Geleneksel Türk Müziği Enstrümanları > Geleneksel Vurmalılar","Müzik & Enstrüman","Geleneksel Türk Müziği Enstrümanları","Geleneksel Vurmalılar","Davullar","4","Müzik & Enstrüman > Geleneksel Türk Müziği Enstrümanları > Geleneksel Vurmalılar > Davullar","müzik & enstrüman > geleneksel türk müziği enstrümanları > geleneksel vurmalılar > davullar","YES","CANDIDATE_FOR_PRODUCT_OWNER_FINALIZATION","NORMAL","Müzik & Enstrüman","YES","YES","Batch 02 source proposal; finalization candidate; OM-R06=B; OM-R07=B; OM-R10=A","TEMPORARY_AUDIT_ID_NOT_PRODUCTION_STABLE_ID"
"AUDIT-000842","BATCH_02","28c40a3ac026c8712c9de0964de5fde42ba829dc","docs/TAXONOMY_BATCH_02_FINALIZATION_TREE.csv","386","","Müzik & Enstrüman","Müzik & Enstrüman","Elektronik Müzik & DJ Ekipmanları","","","2","Müzik & Enstrüman > Elektronik Müzik & DJ Ekipmanları","müzik & enstrüman > elektronik müzik & dj ekipmanları","NO","CANDIDATE_FOR_PRODUCT_OWNER_FINALIZATION","NORMAL","Müzik & Enstrüman","YES","YES","Batch 02 source proposal; finalization candidate; OM-R06=B; OM-R07=B; OM-R10=A","TEMPORARY_AUDIT_ID_NOT_PRODUCTION_STABLE_ID"
"AUDIT-000843","BATCH_02","28c40a3ac026c8712c9de0964de5fde42ba829dc","docs/TAXONOMY_BATCH_02_FINALIZATION_TREE.csv","387","AUDIT-000842","Müzik & Enstrüman > Elektronik Müzik & DJ Ekipmanları","Müzik & Enstrüman","Elektronik Müzik & DJ Ekipmanları","Synthesizerlar","","3","Müzik & Enstrüman > Elektronik Müzik & DJ Ekipmanları > Synthesizerlar","müzik & enstrüman > elektronik müzik & dj ekipmanları > synthesizerlar","YES","CANDIDATE_FOR_PRODUCT_OWNER_FINALIZATION","NORMAL","Müzik & Enstrüman","YES","YES","Batch 02 source proposal; finalization candidate; OM-R06=B; OM-R07=B; OM-R10=A","TEMPORARY_AUDIT_ID_NOT_PRODUCTION_STABLE_ID"
"AUDIT-000844","BATCH_02","28c40a3ac026c8712c9de0964de5fde42ba829dc","docs/TAXONOMY_BATCH_02_FINALIZATION_TREE.csv","388","AUDIT-000842","Müzik & Enstrüman > Elektronik Müzik & DJ Ekipmanları","Müzik & Enstrüman","Elektronik Müzik & DJ Ekipmanları","Sampler & Grooveboxlar","","3","Müzik & Enstrüman > Elektronik Müzik & DJ Ekipmanları > Sampler & Grooveboxlar","müzik & enstrüman > elektronik müzik & dj ekipmanları > sampler & grooveboxlar","YES","CANDIDATE_FOR_PRODUCT_OWNER_FINALIZATION","NORMAL","Müzik & Enstrüman","YES","YES","Batch 02 source proposal; finalization candidate; OM-R06=B; OM-R07=B; OM-R10=A","TEMPORARY_AUDIT_ID_NOT_PRODUCTION_STABLE_ID"
"AUDIT-000845","BATCH_02","28c40a3ac026c8712c9de0964de5fde42ba829dc","docs/TAXONOMY_BATCH_02_FINALIZATION_TREE.csv","389","AUDIT-000842","Müzik & Enstrüman > Elektronik Müzik & DJ Ekipmanları","Müzik & Enstrüman","Elektronik Müzik & DJ Ekipmanları","MIDI Kontrolcüleri","","3","Müzik & Enstrüman > Elektronik Müzik & DJ Ekipmanları > MIDI Kontrolcüleri","müzik & enstrüman > elektronik müzik & dj ekipmanları > mıdı kontrolcüleri","YES","CANDIDATE_FOR_PRODUCT_OWNER_FINALIZATION","NORMAL","Müzik & Enstrüman","YES","YES","Batch 02 source proposal; finalization candidate; OM-R06=B; OM-R07=B; OM-R10=A","TEMPORARY_AUDIT_ID_NOT_PRODUCTION_STABLE_ID"
"AUDIT-000846","BATCH_02","28c40a3ac026c8712c9de0964de5fde42ba829dc","docs/TAXONOMY_BATCH_02_FINALIZATION_TREE.csv","390","AUDIT-000842","Müzik & Enstrüman > Elektronik Müzik & DJ Ekipmanları","Müzik & Enstrüman","Elektronik Müzik & DJ Ekipmanları","Davul Makineleri & Sequencerlar","","3","Müzik & Enstrüman > Elektronik Müzik & DJ Ekipmanları > Davul Makineleri & Sequencerlar","müzik & enstrüman > elektronik müzik & dj ekipmanları > davul makineleri & sequencerlar","YES","CANDIDATE_FOR_PRODUCT_OWNER_FINALIZATION","NORMAL","Müzik & Enstrüman","YES","YES","Batch 02 source proposal; finalization candidate; OM-R06=B; OM-R07=B; OM-R10=A","TEMPORARY_AUDIT_ID_NOT_PRODUCTION_STABLE_ID"
"AUDIT-000847","BATCH_02","28c40a3ac026c8712c9de0964de5fde42ba829dc","docs/TAXONOMY_BATCH_02_FINALIZATION_TREE.csv","391","AUDIT-000842","Müzik & Enstrüman > Elektronik Müzik & DJ Ekipmanları","Müzik & Enstrüman","Elektronik Müzik & DJ Ekipmanları","DJ Kontrolcüleri","","3","Müzik & Enstrüman > Elektronik Müzik & DJ Ekipmanları > DJ Kontrolcüleri","müzik & enstrüman > elektronik müzik & dj ekipmanları > dj kontrolcüleri","YES","CANDIDATE_FOR_PRODUCT_OWNER_FINALIZATION","NORMAL","Müzik & Enstrüman","YES","YES","Batch 02 source proposal; finalization candidate; OM-R06=B; OM-R07=B; OM-R10=A","TEMPORARY_AUDIT_ID_NOT_PRODUCTION_STABLE_ID"
"AUDIT-000848","BATCH_02","28c40a3ac026c8712c9de0964de5fde42ba829dc","docs/TAXONOMY_BATCH_02_FINALIZATION_TREE.csv","392","AUDIT-000842","Müzik & Enstrüman > Elektronik Müzik & DJ Ekipmanları","Müzik & Enstrüman","Elektronik Müzik & DJ Ekipmanları","DJ Mikserleri","","3","Müzik & Enstrüman > Elektronik Müzik & DJ Ekipmanları > DJ Mikserleri","müzik & enstrüman > elektronik müzik & dj ekipmanları > dj mikserleri","YES","CANDIDATE_FOR_PRODUCT_OWNER_FINALIZATION","NORMAL","Müzik & Enstrüman","YES","YES","Batch 02 source proposal; finalization candidate; OM-R06=B; OM-R07=B; OM-R10=A","TEMPORARY_AUDIT_ID_NOT_PRODUCTION_STABLE_ID"
"AUDIT-000849","BATCH_02","28c40a3ac026c8712c9de0964de5fde42ba829dc","docs/TAXONOMY_BATCH_02_FINALIZATION_TREE.csv","393","AUDIT-000842","Müzik & Enstrüman > Elektronik Müzik & DJ Ekipmanları","Müzik & Enstrüman","Elektronik Müzik & DJ Ekipmanları","DJ Pikapları","","3","Müzik & Enstrüman > Elektronik Müzik & DJ Ekipmanları > DJ Pikapları","müzik & enstrüman > elektronik müzik & dj ekipmanları > dj pikapları","YES","CANDIDATE_FOR_PRODUCT_OWNER_FINALIZATION","NORMAL","Müzik & Enstrüman","YES","YES","Batch 02 source proposal; finalization candidate; OM-R06=B; OM-R07=B; OM-R10=A","TEMPORARY_AUDIT_ID_NOT_PRODUCTION_STABLE_ID"
"AUDIT-000850","BATCH_02","28c40a3ac026c8712c9de0964de5fde42ba829dc","docs/TAXONOMY_BATCH_02_FINALIZATION_TREE.csv","394","","Müzik & Enstrüman","Müzik & Enstrüman","Stüdyo, Kayıt & Canlı Ses Ekipmanları","","","2","Müzik & Enstrüman > Stüdyo, Kayıt & Canlı Ses Ekipmanları","müzik & enstrüman > stüdyo, kayıt & canlı ses ekipmanları","NO","CANDIDATE_FOR_PRODUCT_OWNER_FINALIZATION","REGULATED","Müzik & Enstrüman","YES","YES","Batch 02 source proposal; finalization candidate; OM-R06=B; OM-R07=B; OM-R10=A","TEMPORARY_AUDIT_ID_NOT_PRODUCTION_STABLE_ID"
"AUDIT-000851","BATCH_02","28c40a3ac026c8712c9de0964de5fde42ba829dc","docs/TAXONOMY_BATCH_02_FINALIZATION_TREE.csv","395","AUDIT-000850","Müzik & Enstrüman > Stüdyo, Kayıt & Canlı Ses Ekipmanları","Müzik & Enstrüman","Stüdyo, Kayıt & Canlı Ses Ekipmanları","Mikrofonlar","","3","Müzik & Enstrüman > Stüdyo, Kayıt & Canlı Ses Ekipmanları > Mikrofonlar","müzik & enstrüman > stüdyo, kayıt & canlı ses ekipmanları > mikrofonlar","NO","CANDIDATE_FOR_PRODUCT_OWNER_FINALIZATION","REGULATED","Müzik & Enstrüman","YES","YES","Batch 02 source proposal; finalization candidate; OM-R06=B; OM-R07=B; OM-R10=A","TEMPORARY_AUDIT_ID_NOT_PRODUCTION_STABLE_ID"
"AUDIT-000852","BATCH_02","28c40a3ac026c8712c9de0964de5fde42ba829dc","docs/TAXONOMY_BATCH_02_FINALIZATION_TREE.csv","396","AUDIT-000851","Müzik & Enstrüman > Stüdyo, Kayıt & Canlı Ses Ekipmanları > Mikrofonlar","Müzik & Enstrüman","Stüdyo, Kayıt & Canlı Ses Ekipmanları","Mikrofonlar","Kondenser Mikrofonlar","4","Müzik & Enstrüman > Stüdyo, Kayıt & Canlı Ses Ekipmanları > Mikrofonlar > Kondenser Mikrofonlar","müzik & enstrüman > stüdyo, kayıt & canlı ses ekipmanları > mikrofonlar > kondenser mikrofonlar","YES","CANDIDATE_FOR_PRODUCT_OWNER_FINALIZATION","NORMAL","Müzik & Enstrüman","YES","YES","Batch 02 source proposal; finalization candidate; OM-R06=B; OM-R07=B; OM-R10=A","TEMPORARY_AUDIT_ID_NOT_PRODUCTION_STABLE_ID"
"AUDIT-000853","BATCH_02","28c40a3ac026c8712c9de0964de5fde42ba829dc","docs/TAXONOMY_BATCH_02_FINALIZATION_TREE.csv","397","AUDIT-000851","Müzik & Enstrüman > Stüdyo, Kayıt & Canlı Ses Ekipmanları > Mikrofonlar","Müzik & Enstrüman","Stüdyo, Kayıt & Canlı Ses Ekipmanları","Mikrofonlar","Dinamik Mikrofonlar","4","Müzik & Enstrüman > Stüdyo, Kayıt & Canlı Ses Ekipmanları > Mikrofonlar > Dinamik Mikrofonlar","müzik & enstrüman > stüdyo, kayıt & canlı ses ekipmanları > mikrofonlar > dinamik mikrofonlar","YES","CANDIDATE_FOR_PRODUCT_OWNER_FINALIZATION","NORMAL","Müzik & Enstrüman","YES","YES","Batch 02 source proposal; finalization candidate; OM-R06=B; OM-R07=B; OM-R10=A","TEMPORARY_AUDIT_ID_NOT_PRODUCTION_STABLE_ID"
"AUDIT-000854","BATCH_02","28c40a3ac026c8712c9de0964de5fde42ba829dc","docs/TAXONOMY_BATCH_02_FINALIZATION_TREE.csv","398","AUDIT-000851","Müzik & Enstrüman > Stüdyo, Kayıt & Canlı Ses Ekipmanları > Mikrofonlar","Müzik & Enstrüman","Stüdyo, Kayıt & Canlı Ses Ekipmanları","Mikrofonlar","Kablosuz Mikrofon Sistemleri","4","Müzik & Enstrüman > Stüdyo, Kayıt & Canlı Ses Ekipmanları > Mikrofonlar > Kablosuz Mikrofon Sistemleri","müzik & enstrüman > stüdyo, kayıt & canlı ses ekipmanları > mikrofonlar > kablosuz mikrofon sistemleri","YES","CANDIDATE_FOR_PRODUCT_OWNER_FINALIZATION","REGULATED","Müzik & Enstrüman","YES","YES","Batch 02 source proposal; finalization candidate; OM-R06=B; OM-R07=B; OM-R10=A","TEMPORARY_AUDIT_ID_NOT_PRODUCTION_STABLE_ID"
"AUDIT-000855","BATCH_02","28c40a3ac026c8712c9de0964de5fde42ba829dc","docs/TAXONOMY_BATCH_02_FINALIZATION_TREE.csv","399","AUDIT-000850","Müzik & Enstrüman > Stüdyo, Kayıt & Canlı Ses Ekipmanları","Müzik & Enstrüman","Stüdyo, Kayıt & Canlı Ses Ekipmanları","Ses Arayüzleri","","3","Müzik & Enstrüman > Stüdyo, Kayıt & Canlı Ses Ekipmanları > Ses Arayüzleri","müzik & enstrüman > stüdyo, kayıt & canlı ses ekipmanları > ses arayüzleri","YES","CANDIDATE_FOR_PRODUCT_OWNER_FINALIZATION","NORMAL","Müzik & Enstrüman","YES","YES","Batch 02 source proposal; finalization candidate; OM-R06=B; OM-R07=B; OM-R10=A","TEMPORARY_AUDIT_ID_NOT_PRODUCTION_STABLE_ID"
"AUDIT-000856","BATCH_02","28c40a3ac026c8712c9de0964de5fde42ba829dc","docs/TAXONOMY_BATCH_02_FINALIZATION_TREE.csv","400","AUDIT-000850","Müzik & Enstrüman > Stüdyo, Kayıt & Canlı Ses Ekipmanları","Müzik & Enstrüman","Stüdyo, Kayıt & Canlı Ses Ekipmanları","Stüdyo Monitörleri","","3","Müzik & Enstrüman > Stüdyo, Kayıt & Canlı Ses Ekipmanları > Stüdyo Monitörleri","müzik & enstrüman > stüdyo, kayıt & canlı ses ekipmanları > stüdyo monitörleri","YES","CANDIDATE_FOR_PRODUCT_OWNER_FINALIZATION","NORMAL","Müzik & Enstrüman","YES","YES","Batch 02 source proposal; finalization candidate; OM-R06=B; OM-R07=B; OM-R10=A","TEMPORARY_AUDIT_ID_NOT_PRODUCTION_STABLE_ID"
"AUDIT-000857","BATCH_02","28c40a3ac026c8712c9de0964de5fde42ba829dc","docs/TAXONOMY_BATCH_02_FINALIZATION_TREE.csv","401","AUDIT-000850","Müzik & Enstrüman > Stüdyo, Kayıt & Canlı Ses Ekipmanları","Müzik & Enstrüman","Stüdyo, Kayıt & Canlı Ses Ekipmanları","Kayıt & Canlı Ses Mikserleri","","3","Müzik & Enstrüman > Stüdyo, Kayıt & Canlı Ses Ekipmanları > Kayıt & Canlı Ses Mikserleri","müzik & enstrüman > stüdyo, kayıt & canlı ses ekipmanları > kayıt & canlı ses mikserleri","YES","CANDIDATE_FOR_PRODUCT_OWNER_FINALIZATION","NORMAL","Müzik & Enstrüman","YES","YES","Batch 02 source proposal; finalization candidate; OM-R06=B; OM-R07=B; OM-R10=A","TEMPORARY_AUDIT_ID_NOT_PRODUCTION_STABLE_ID"
"AUDIT-000858","BATCH_02","28c40a3ac026c8712c9de0964de5fde42ba829dc","docs/TAXONOMY_BATCH_02_FINALIZATION_TREE.csv","402","AUDIT-000850","Müzik & Enstrüman > Stüdyo, Kayıt & Canlı Ses Ekipmanları","Müzik & Enstrüman","Stüdyo, Kayıt & Canlı Ses Ekipmanları","PA Hoparlörleri","","3","Müzik & Enstrüman > Stüdyo, Kayıt & Canlı Ses Ekipmanları > PA Hoparlörleri","müzik & enstrüman > stüdyo, kayıt & canlı ses ekipmanları > pa hoparlörleri","YES","CANDIDATE_FOR_PRODUCT_OWNER_FINALIZATION","NORMAL","Müzik & Enstrüman","YES","YES","Batch 02 source proposal; finalization candidate; OM-R06=B; OM-R07=B; OM-R10=A","TEMPORARY_AUDIT_ID_NOT_PRODUCTION_STABLE_ID"
"AUDIT-000859","BATCH_02","28c40a3ac026c8712c9de0964de5fde42ba829dc","docs/TAXONOMY_BATCH_02_FINALIZATION_TREE.csv","403","AUDIT-000850","Müzik & Enstrüman > Stüdyo, Kayıt & Canlı Ses Ekipmanları","Müzik & Enstrüman","Stüdyo, Kayıt & Canlı Ses Ekipmanları","Taşınabilir Ses Kayıt Cihazları","","3","Müzik & Enstrüman > Stüdyo, Kayıt & Canlı Ses Ekipmanları > Taşınabilir Ses Kayıt Cihazları","müzik & enstrüman > stüdyo, kayıt & canlı ses ekipmanları > taşınabilir ses kayıt cihazları","YES","CANDIDATE_FOR_PRODUCT_OWNER_FINALIZATION","NORMAL","Müzik & Enstrüman","YES","YES","Batch 02 source proposal; finalization candidate; OM-R06=B; OM-R07=B; OM-R10=A","TEMPORARY_AUDIT_ID_NOT_PRODUCTION_STABLE_ID"
"AUDIT-000860","BATCH_02","28c40a3ac026c8712c9de0964de5fde42ba829dc","docs/TAXONOMY_BATCH_02_FINALIZATION_TREE.csv","404","AUDIT-000850","Müzik & Enstrüman > Stüdyo, Kayıt & Canlı Ses Ekipmanları","Müzik & Enstrüman","Stüdyo, Kayıt & Canlı Ses Ekipmanları","Stüdyo Kulaklıkları","","3","Müzik & Enstrüman > Stüdyo, Kayıt & Canlı Ses Ekipmanları > Stüdyo Kulaklıkları","müzik & enstrüman > stüdyo, kayıt & canlı ses ekipmanları > stüdyo kulaklıkları","YES","CANDIDATE_FOR_PRODUCT_OWNER_FINALIZATION","NORMAL","Müzik & Enstrüman","YES","YES","Batch 02 source proposal; finalization candidate; OM-R06=B; OM-R07=B; OM-R10=A","TEMPORARY_AUDIT_ID_NOT_PRODUCTION_STABLE_ID"
"AUDIT-000861","BATCH_02","28c40a3ac026c8712c9de0964de5fde42ba829dc","docs/TAXONOMY_BATCH_02_FINALIZATION_TREE.csv","405","","Müzik & Enstrüman","Müzik & Enstrüman","Enstrüman Amfi & Efektleri","","","2","Müzik & Enstrüman > Enstrüman Amfi & Efektleri","müzik & enstrüman > enstrüman amfi & efektleri","NO","CANDIDATE_FOR_PRODUCT_OWNER_FINALIZATION","NORMAL","Müzik & Enstrüman","YES","YES","Batch 02 source proposal; finalization candidate; OM-R06=B; OM-R07=B; OM-R10=A","TEMPORARY_AUDIT_ID_NOT_PRODUCTION_STABLE_ID"
"AUDIT-000862","BATCH_02","28c40a3ac026c8712c9de0964de5fde42ba829dc","docs/TAXONOMY_BATCH_02_FINALIZATION_TREE.csv","406","AUDIT-000861","Müzik & Enstrüman > Enstrüman Amfi & Efektleri","Müzik & Enstrüman","Enstrüman Amfi & Efektleri","Gitar Amfileri","","3","Müzik & Enstrüman > Enstrüman Amfi & Efektleri > Gitar Amfileri","müzik & enstrüman > enstrüman amfi & efektleri > gitar amfileri","YES","CANDIDATE_FOR_PRODUCT_OWNER_FINALIZATION","NORMAL","Müzik & Enstrüman","YES","YES","Batch 02 source proposal; finalization candidate; OM-R06=B; OM-R07=B; OM-R10=A","TEMPORARY_AUDIT_ID_NOT_PRODUCTION_STABLE_ID"
"AUDIT-000863","BATCH_02","28c40a3ac026c8712c9de0964de5fde42ba829dc","docs/TAXONOMY_BATCH_02_FINALIZATION_TREE.csv","407","AUDIT-000861","Müzik & Enstrüman > Enstrüman Amfi & Efektleri","Müzik & Enstrüman","Enstrüman Amfi & Efektleri","Bas Amfileri","","3","Müzik & Enstrüman > Enstrüman Amfi & Efektleri > Bas Amfileri","müzik & enstrüman > enstrüman amfi & efektleri > bas amfileri","YES","CANDIDATE_FOR_PRODUCT_OWNER_FINALIZATION","NORMAL","Müzik & Enstrüman","YES","YES","Batch 02 source proposal; finalization candidate; OM-R06=B; OM-R07=B; OM-R10=A","TEMPORARY_AUDIT_ID_NOT_PRODUCTION_STABLE_ID"
"AUDIT-000864","BATCH_02","28c40a3ac026c8712c9de0964de5fde42ba829dc","docs/TAXONOMY_BATCH_02_FINALIZATION_TREE.csv","408","AUDIT-000861","Müzik & Enstrüman > Enstrüman Amfi & Efektleri","Müzik & Enstrüman","Enstrüman Amfi & Efektleri","Enstrüman Kabinleri","","3","Müzik & Enstrüman > Enstrüman Amfi & Efektleri > Enstrüman Kabinleri","müzik & enstrüman > enstrüman amfi & efektleri > enstrüman kabinleri","YES","CANDIDATE_FOR_PRODUCT_OWNER_FINALIZATION","NORMAL","Müzik & Enstrüman","YES","YES","Batch 02 source proposal; finalization candidate; OM-R06=B; OM-R07=B; OM-R10=A","TEMPORARY_AUDIT_ID_NOT_PRODUCTION_STABLE_ID"
"AUDIT-000865","BATCH_02","28c40a3ac026c8712c9de0964de5fde42ba829dc","docs/TAXONOMY_BATCH_02_FINALIZATION_TREE.csv","409","AUDIT-000861","Müzik & Enstrüman > Enstrüman Amfi & Efektleri","Müzik & Enstrüman","Enstrüman Amfi & Efektleri","Efekt Pedalları","","3","Müzik & Enstrüman > Enstrüman Amfi & Efektleri > Efekt Pedalları","müzik & enstrüman > enstrüman amfi & efektleri > efekt pedalları","YES","CANDIDATE_FOR_PRODUCT_OWNER_FINALIZATION","NORMAL","Müzik & Enstrüman","YES","YES","Batch 02 source proposal; finalization candidate; OM-R06=B; OM-R07=B; OM-R10=A","TEMPORARY_AUDIT_ID_NOT_PRODUCTION_STABLE_ID"
"AUDIT-000866","BATCH_02","28c40a3ac026c8712c9de0964de5fde42ba829dc","docs/TAXONOMY_BATCH_02_FINALIZATION_TREE.csv","410","AUDIT-000861","Müzik & Enstrüman > Enstrüman Amfi & Efektleri","Müzik & Enstrüman","Enstrüman Amfi & Efektleri","Çoklu Efekt İşlemcileri","","3","Müzik & Enstrüman > Enstrüman Amfi & Efektleri > Çoklu Efekt İşlemcileri","müzik & enstrüman > enstrüman amfi & efektleri > çoklu efekt işlemcileri","YES","CANDIDATE_FOR_PRODUCT_OWNER_FINALIZATION","NORMAL","Müzik & Enstrüman","YES","YES","Batch 02 source proposal; finalization candidate; OM-R06=B; OM-R07=B; OM-R10=A","TEMPORARY_AUDIT_ID_NOT_PRODUCTION_STABLE_ID"
"AUDIT-000867","BATCH_02","28c40a3ac026c8712c9de0964de5fde42ba829dc","docs/TAXONOMY_BATCH_02_FINALIZATION_TREE.csv","411","AUDIT-000861","Müzik & Enstrüman > Enstrüman Amfi & Efektleri","Müzik & Enstrüman","Enstrüman Amfi & Efektleri","Akustik Enstrüman Amfileri","","3","Müzik & Enstrüman > Enstrüman Amfi & Efektleri > Akustik Enstrüman Amfileri","müzik & enstrüman > enstrüman amfi & efektleri > akustik enstrüman amfileri","YES","CANDIDATE_FOR_PRODUCT_OWNER_FINALIZATION","NORMAL","Müzik & Enstrüman","YES","YES","Batch 02 source proposal; finalization candidate; OM-R06=B; OM-R07=B; OM-R10=A","TEMPORARY_AUDIT_ID_NOT_PRODUCTION_STABLE_ID"
"AUDIT-000868","BATCH_02","28c40a3ac026c8712c9de0964de5fde42ba829dc","docs/TAXONOMY_BATCH_02_FINALIZATION_TREE.csv","412","","Müzik & Enstrüman","Müzik & Enstrüman","Enstrüman Aksesuar, Bakım & Sarf Malzemeleri","","","2","Müzik & Enstrüman > Enstrüman Aksesuar, Bakım & Sarf Malzemeleri","müzik & enstrüman > enstrüman aksesuar, bakım & sarf malzemeleri","NO","CANDIDATE_FOR_PRODUCT_OWNER_FINALIZATION","LEGAL_REVIEW_REQUIRED","Müzik & Enstrüman","YES","YES","Batch 02 source proposal; finalization candidate; OM-R06=B; OM-R07=B; OM-R10=A","TEMPORARY_AUDIT_ID_NOT_PRODUCTION_STABLE_ID"
"AUDIT-000869","BATCH_02","28c40a3ac026c8712c9de0964de5fde42ba829dc","docs/TAXONOMY_BATCH_02_FINALIZATION_TREE.csv","413","AUDIT-000868","Müzik & Enstrüman > Enstrüman Aksesuar, Bakım & Sarf Malzemeleri","Müzik & Enstrüman","Enstrüman Aksesuar, Bakım & Sarf Malzemeleri","Enstrüman Telleri","","3","Müzik & Enstrüman > Enstrüman Aksesuar, Bakım & Sarf Malzemeleri > Enstrüman Telleri","müzik & enstrüman > enstrüman aksesuar, bakım & sarf malzemeleri > enstrüman telleri","YES","CANDIDATE_FOR_PRODUCT_OWNER_FINALIZATION","NORMAL","Müzik & Enstrüman","YES","YES","Batch 02 source proposal; finalization candidate; OM-R06=B; OM-R07=B; OM-R10=A","TEMPORARY_AUDIT_ID_NOT_PRODUCTION_STABLE_ID"
"AUDIT-000870","BATCH_02","28c40a3ac026c8712c9de0964de5fde42ba829dc","docs/TAXONOMY_BATCH_02_FINALIZATION_TREE.csv","414","AUDIT-000868","Müzik & Enstrüman > Enstrüman Aksesuar, Bakım & Sarf Malzemeleri","Müzik & Enstrüman","Enstrüman Aksesuar, Bakım & Sarf Malzemeleri","Pena & Mızraplar","","3","Müzik & Enstrüman > Enstrüman Aksesuar, Bakım & Sarf Malzemeleri > Pena & Mızraplar","müzik & enstrüman > enstrüman aksesuar, bakım & sarf malzemeleri > pena & mızraplar","YES","CANDIDATE_FOR_PRODUCT_OWNER_FINALIZATION","NORMAL","Müzik & Enstrüman","YES","YES","Batch 02 source proposal; finalization candidate; OM-R06=B; OM-R07=B; OM-R10=A","TEMPORARY_AUDIT_ID_NOT_PRODUCTION_STABLE_ID"
"AUDIT-000871","BATCH_02","28c40a3ac026c8712c9de0964de5fde42ba829dc","docs/TAXONOMY_BATCH_02_FINALIZATION_TREE.csv","415","AUDIT-000868","Müzik & Enstrüman > Enstrüman Aksesuar, Bakım & Sarf Malzemeleri","Müzik & Enstrüman","Enstrüman Aksesuar, Bakım & Sarf Malzemeleri","Baget & Tokmaklar","","3","Müzik & Enstrüman > Enstrüman Aksesuar, Bakım & Sarf Malzemeleri > Baget & Tokmaklar","müzik & enstrüman > enstrüman aksesuar, bakım & sarf malzemeleri > baget & tokmaklar","YES","CANDIDATE_FOR_PRODUCT_OWNER_FINALIZATION","NORMAL","Müzik & Enstrüman","YES","YES","Batch 02 source proposal; finalization candidate; OM-R06=B; OM-R07=B; OM-R10=A","TEMPORARY_AUDIT_ID_NOT_PRODUCTION_STABLE_ID"
"AUDIT-000872","BATCH_02","28c40a3ac026c8712c9de0964de5fde42ba829dc","docs/TAXONOMY_BATCH_02_FINALIZATION_TREE.csv","416","AUDIT-000868","Müzik & Enstrüman > Enstrüman Aksesuar, Bakım & Sarf Malzemeleri","Müzik & Enstrüman","Enstrüman Aksesuar, Bakım & Sarf Malzemeleri","Kamış, Ağızlık & Bekler","","3","Müzik & Enstrüman > Enstrüman Aksesuar, Bakım & Sarf Malzemeleri > Kamış, Ağızlık & Bekler","müzik & enstrüman > enstrüman aksesuar, bakım & sarf malzemeleri > kamış, ağızlık & bekler","YES","CANDIDATE_FOR_PRODUCT_OWNER_FINALIZATION","NORMAL","Müzik & Enstrüman","YES","YES","Batch 02 source proposal; finalization candidate; OM-R06=B; OM-R07=B; OM-R10=A","TEMPORARY_AUDIT_ID_NOT_PRODUCTION_STABLE_ID"
"AUDIT-000873","BATCH_02","28c40a3ac026c8712c9de0964de5fde42ba829dc","docs/TAXONOMY_BATCH_02_FINALIZATION_TREE.csv","417","AUDIT-000868","Müzik & Enstrüman > Enstrüman Aksesuar, Bakım & Sarf Malzemeleri","Müzik & Enstrüman","Enstrüman Aksesuar, Bakım & Sarf Malzemeleri","Enstrüman Standları","","3","Müzik & Enstrüman > Enstrüman Aksesuar, Bakım & Sarf Malzemeleri > Enstrüman Standları","müzik & enstrüman > enstrüman aksesuar, bakım & sarf malzemeleri > enstrüman standları","YES","CANDIDATE_FOR_PRODUCT_OWNER_FINALIZATION","NORMAL","Müzik & Enstrüman","YES","YES","Batch 02 source proposal; finalization candidate; OM-R06=B; OM-R07=B; OM-R10=A","TEMPORARY_AUDIT_ID_NOT_PRODUCTION_STABLE_ID"
"AUDIT-000874","BATCH_02","28c40a3ac026c8712c9de0964de5fde42ba829dc","docs/TAXONOMY_BATCH_02_FINALIZATION_TREE.csv","418","AUDIT-000868","Müzik & Enstrüman > Enstrüman Aksesuar, Bakım & Sarf Malzemeleri","Müzik & Enstrüman","Enstrüman Aksesuar, Bakım & Sarf Malzemeleri","Akort Cihazı & Metronomlar","","3","Müzik & Enstrüman > Enstrüman Aksesuar, Bakım & Sarf Malzemeleri > Akort Cihazı & Metronomlar","müzik & enstrüman > enstrüman aksesuar, bakım & sarf malzemeleri > akort cihazı & metronomlar","YES","CANDIDATE_FOR_PRODUCT_OWNER_FINALIZATION","NORMAL","Müzik & Enstrüman","YES","YES","Batch 02 source proposal; finalization candidate; OM-R06=B; OM-R07=B; OM-R10=A","TEMPORARY_AUDIT_ID_NOT_PRODUCTION_STABLE_ID"
"AUDIT-000875","BATCH_02","28c40a3ac026c8712c9de0964de5fde42ba829dc","docs/TAXONOMY_BATCH_02_FINALIZATION_TREE.csv","419","AUDIT-000868","Müzik & Enstrüman > Enstrüman Aksesuar, Bakım & Sarf Malzemeleri","Müzik & Enstrüman","Enstrüman Aksesuar, Bakım & Sarf Malzemeleri","Enstrümana Özgü Kablolar","","3","Müzik & Enstrüman > Enstrüman Aksesuar, Bakım & Sarf Malzemeleri > Enstrümana Özgü Kablolar","müzik & enstrüman > enstrüman aksesuar, bakım & sarf malzemeleri > enstrümana özgü kablolar","YES","CANDIDATE_FOR_PRODUCT_OWNER_FINALIZATION","NORMAL","Müzik & Enstrüman","YES","YES","Batch 02 source proposal; finalization candidate; OM-R06=B; OM-R07=B; OM-R10=A","TEMPORARY_AUDIT_ID_NOT_PRODUCTION_STABLE_ID"
"AUDIT-000876","BATCH_02","28c40a3ac026c8712c9de0964de5fde42ba829dc","docs/TAXONOMY_BATCH_02_FINALIZATION_TREE.csv","420","AUDIT-000868","Müzik & Enstrüman > Enstrüman Aksesuar, Bakım & Sarf Malzemeleri","Müzik & Enstrüman","Enstrüman Aksesuar, Bakım & Sarf Malzemeleri","Enstrüman Temizlik & Bakım Ürünleri","","3","Müzik & Enstrüman > Enstrüman Aksesuar, Bakım & Sarf Malzemeleri > Enstrüman Temizlik & Bakım Ürünleri","müzik & enstrüman > enstrüman aksesuar, bakım & sarf malzemeleri > enstrüman temizlik & bakım ürünleri","YES","CANDIDATE_FOR_PRODUCT_OWNER_FINALIZATION","LEGAL_REVIEW_REQUIRED","Müzik & Enstrüman","YES","YES","Batch 02 source proposal; finalization candidate; OM-R06=B; OM-R07=B; OM-R10=A","TEMPORARY_AUDIT_ID_NOT_PRODUCTION_STABLE_ID"
"AUDIT-000877","BATCH_02","28c40a3ac026c8712c9de0964de5fde42ba829dc","docs/TAXONOMY_BATCH_02_FINALIZATION_TREE.csv","421","AUDIT-000868","Müzik & Enstrüman > Enstrüman Aksesuar, Bakım & Sarf Malzemeleri","Müzik & Enstrüman","Enstrüman Aksesuar, Bakım & Sarf Malzemeleri","Askı, Tutucu & Nota Sehpaları","","3","Müzik & Enstrüman > Enstrüman Aksesuar, Bakım & Sarf Malzemeleri > Askı, Tutucu & Nota Sehpaları","müzik & enstrüman > enstrüman aksesuar, bakım & sarf malzemeleri > askı, tutucu & nota sehpaları","YES","CANDIDATE_FOR_PRODUCT_OWNER_FINALIZATION","NORMAL","Müzik & Enstrüman","YES","YES","Batch 02 source proposal; finalization candidate; OM-R06=B; OM-R07=B; OM-R10=A","TEMPORARY_AUDIT_ID_NOT_PRODUCTION_STABLE_ID"
"AUDIT-000878","BATCH_02","28c40a3ac026c8712c9de0964de5fde42ba829dc","docs/TAXONOMY_BATCH_02_FINALIZATION_TREE.csv","422","","Spor & Outdoor","Spor & Outdoor","Fitness & Kondisyon","","","2","Spor & Outdoor > Fitness & Kondisyon","spor & outdoor > fitness & kondisyon","NO","CANDIDATE_FOR_PRODUCT_OWNER_FINALIZATION","REGULATED","Spor & Outdoor","YES","YES","Batch 02 source proposal; finalization candidate; OM-R06=B; OM-R07=B; OM-R10=A","TEMPORARY_AUDIT_ID_NOT_PRODUCTION_STABLE_ID"
"AUDIT-000879","BATCH_02","28c40a3ac026c8712c9de0964de5fde42ba829dc","docs/TAXONOMY_BATCH_02_FINALIZATION_TREE.csv","423","AUDIT-000878","Spor & Outdoor > Fitness & Kondisyon","Spor & Outdoor","Fitness & Kondisyon","Ağırlık Antrenmanı","","3","Spor & Outdoor > Fitness & Kondisyon > Ağırlık Antrenmanı","spor & outdoor > fitness & kondisyon > ağırlık antrenmanı","NO","CANDIDATE_FOR_PRODUCT_OWNER_FINALIZATION","REGULATED","Spor & Outdoor","YES","YES","Batch 02 source proposal; finalization candidate; OM-R06=B; OM-R07=B; OM-R10=A","TEMPORARY_AUDIT_ID_NOT_PRODUCTION_STABLE_ID"
"AUDIT-000880","BATCH_02","28c40a3ac026c8712c9de0964de5fde42ba829dc","docs/TAXONOMY_BATCH_02_FINALIZATION_TREE.csv","424","AUDIT-000879","Spor & Outdoor > Fitness & Kondisyon > Ağırlık Antrenmanı","Spor & Outdoor","Fitness & Kondisyon","Ağırlık Antrenmanı","Dambıl & Kettlebell","4","Spor & Outdoor > Fitness & Kondisyon > Ağırlık Antrenmanı > Dambıl & Kettlebell","spor & outdoor > fitness & kondisyon > ağırlık antrenmanı > dambıl & kettlebell","YES","CANDIDATE_FOR_PRODUCT_OWNER_FINALIZATION","NORMAL","Spor & Outdoor","YES","YES","Batch 02 source proposal; finalization candidate; OM-R06=B; OM-R07=B; OM-R10=A","TEMPORARY_AUDIT_ID_NOT_PRODUCTION_STABLE_ID"
"AUDIT-000881","BATCH_02","28c40a3ac026c8712c9de0964de5fde42ba829dc","docs/TAXONOMY_BATCH_02_FINALIZATION_TREE.csv","425","AUDIT-000879","Spor & Outdoor > Fitness & Kondisyon > Ağırlık Antrenmanı","Spor & Outdoor","Fitness & Kondisyon","Ağırlık Antrenmanı","Bar, Plaka & Ağırlık Setleri","4","Spor & Outdoor > Fitness & Kondisyon > Ağırlık Antrenmanı > Bar, Plaka & Ağırlık Setleri","spor & outdoor > fitness & kondisyon > ağırlık antrenmanı > bar, plaka & ağırlık setleri","YES","CANDIDATE_FOR_PRODUCT_OWNER_FINALIZATION","NORMAL","Spor & Outdoor","YES","YES","Batch 02 source proposal; finalization candidate; OM-R06=B; OM-R07=B; OM-R10=A","TEMPORARY_AUDIT_ID_NOT_PRODUCTION_STABLE_ID"
"AUDIT-000882","BATCH_02","28c40a3ac026c8712c9de0964de5fde42ba829dc","docs/TAXONOMY_BATCH_02_FINALIZATION_TREE.csv","426","AUDIT-000879","Spor & Outdoor > Fitness & Kondisyon > Ağırlık Antrenmanı","Spor & Outdoor","Fitness & Kondisyon","Ağırlık Antrenmanı","Kuvvet İstasyonları","4","Spor & Outdoor > Fitness & Kondisyon > Ağırlık Antrenmanı > Kuvvet İstasyonları","spor & outdoor > fitness & kondisyon > ağırlık antrenmanı > kuvvet istasyonları","YES","CANDIDATE_FOR_PRODUCT_OWNER_FINALIZATION","REGULATED","Spor & Outdoor","YES","YES","Batch 02 source proposal; finalization candidate; OM-R06=B; OM-R07=B; OM-R10=A","TEMPORARY_AUDIT_ID_NOT_PRODUCTION_STABLE_ID"
"AUDIT-000883","BATCH_02","28c40a3ac026c8712c9de0964de5fde42ba829dc","docs/TAXONOMY_BATCH_02_FINALIZATION_TREE.csv","427","AUDIT-000879","Spor & Outdoor > Fitness & Kondisyon > Ağırlık Antrenmanı","Spor & Outdoor","Fitness & Kondisyon","Ağırlık Antrenmanı","Ağırlık Sehpası & Rack Sistemleri","4","Spor & Outdoor > Fitness & Kondisyon > Ağırlık Antrenmanı > Ağırlık Sehpası & Rack Sistemleri","spor & outdoor > fitness & kondisyon > ağırlık antrenmanı > ağırlık sehpası & rack sistemleri","YES","CANDIDATE_FOR_PRODUCT_OWNER_FINALIZATION","REGULATED","Spor & Outdoor","YES","YES","Batch 02 source proposal; finalization candidate; OM-R06=B; OM-R07=B; OM-R10=A","TEMPORARY_AUDIT_ID_NOT_PRODUCTION_STABLE_ID"
"AUDIT-000884","BATCH_02","28c40a3ac026c8712c9de0964de5fde42ba829dc","docs/TAXONOMY_BATCH_02_FINALIZATION_TREE.csv","428","AUDIT-000878","Spor & Outdoor > Fitness & Kondisyon","Spor & Outdoor","Fitness & Kondisyon","Kardiyo Cihazları","","3","Spor & Outdoor > Fitness & Kondisyon > Kardiyo Cihazları","spor & outdoor > fitness & kondisyon > kardiyo cihazları","NO","CANDIDATE_FOR_PRODUCT_OWNER_FINALIZATION","NORMAL","Spor & Outdoor","YES","YES","Batch 02 source proposal; finalization candidate; OM-R06=B; OM-R07=B; OM-R10=A","TEMPORARY_AUDIT_ID_NOT_PRODUCTION_STABLE_ID"
"AUDIT-000885","BATCH_02","28c40a3ac026c8712c9de0964de5fde42ba829dc","docs/TAXONOMY_BATCH_02_FINALIZATION_TREE.csv","429","AUDIT-000884","Spor & Outdoor > Fitness & Kondisyon > Kardiyo Cihazları","Spor & Outdoor","Fitness & Kondisyon","Kardiyo Cihazları","Koşu Bantları","4","Spor & Outdoor > Fitness & Kondisyon > Kardiyo Cihazları > Koşu Bantları","spor & outdoor > fitness & kondisyon > kardiyo cihazları > koşu bantları","YES","CANDIDATE_FOR_PRODUCT_OWNER_FINALIZATION","NORMAL","Spor & Outdoor","YES","YES","Batch 02 source proposal; finalization candidate; OM-R06=B; OM-R07=B; OM-R10=A","TEMPORARY_AUDIT_ID_NOT_PRODUCTION_STABLE_ID"
"AUDIT-000886","BATCH_02","28c40a3ac026c8712c9de0964de5fde42ba829dc","docs/TAXONOMY_BATCH_02_FINALIZATION_TREE.csv","430","AUDIT-000884","Spor & Outdoor > Fitness & Kondisyon > Kardiyo Cihazları","Spor & Outdoor","Fitness & Kondisyon","Kardiyo Cihazları","Kondisyon Bisikletleri","4","Spor & Outdoor > Fitness & Kondisyon > Kardiyo Cihazları > Kondisyon Bisikletleri","spor & outdoor > fitness & kondisyon > kardiyo cihazları > kondisyon bisikletleri","YES","CANDIDATE_FOR_PRODUCT_OWNER_FINALIZATION","NORMAL","Spor & Outdoor","YES","YES","Batch 02 source proposal; finalization candidate; OM-R06=B; OM-R07=B; OM-R10=A","TEMPORARY_AUDIT_ID_NOT_PRODUCTION_STABLE_ID"
"AUDIT-000887","BATCH_02","28c40a3ac026c8712c9de0964de5fde42ba829dc","docs/TAXONOMY_BATCH_02_FINALIZATION_TREE.csv","431","AUDIT-000884","Spor & Outdoor > Fitness & Kondisyon > Kardiyo Cihazları","Spor & Outdoor","Fitness & Kondisyon","Kardiyo Cihazları","Eliptik & Kürek Cihazları","4","Spor & Outdoor > Fitness & Kondisyon > Kardiyo Cihazları > Eliptik & Kürek Cihazları","spor & outdoor > fitness & kondisyon > kardiyo cihazları > eliptik & kürek cihazları","YES","CANDIDATE_FOR_PRODUCT_OWNER_FINALIZATION","NORMAL","Spor & Outdoor","YES","YES","Batch 02 source proposal; finalization candidate; OM-R06=B; OM-R07=B; OM-R10=A","TEMPORARY_AUDIT_ID_NOT_PRODUCTION_STABLE_ID"
"AUDIT-000888","BATCH_02","28c40a3ac026c8712c9de0964de5fde42ba829dc","docs/TAXONOMY_BATCH_02_FINALIZATION_TREE.csv","432","AUDIT-000878","Spor & Outdoor > Fitness & Kondisyon","Spor & Outdoor","Fitness & Kondisyon","Direnç & Esneklik Ekipmanları","","3","Spor & Outdoor > Fitness & Kondisyon > Direnç & Esneklik Ekipmanları","spor & outdoor > fitness & kondisyon > direnç & esneklik ekipmanları","YES","CANDIDATE_FOR_PRODUCT_OWNER_FINALIZATION","NORMAL","Spor & Outdoor","YES","YES","Batch 02 source proposal; finalization candidate; OM-R06=B; OM-R07=B; OM-R10=A","TEMPORARY_AUDIT_ID_NOT_PRODUCTION_STABLE_ID"
"AUDIT-000889","BATCH_02","28c40a3ac026c8712c9de0964de5fde42ba829dc","docs/TAXONOMY_BATCH_02_FINALIZATION_TREE.csv","433","AUDIT-000878","Spor & Outdoor > Fitness & Kondisyon","Spor & Outdoor","Fitness & Kondisyon","Atlama İpi & Kondisyon Aksesuarları","","3","Spor & Outdoor > Fitness & Kondisyon > Atlama İpi & Kondisyon Aksesuarları","spor & outdoor > fitness & kondisyon > atlama ipi & kondisyon aksesuarları","YES","CANDIDATE_FOR_PRODUCT_OWNER_FINALIZATION","NORMAL","Spor & Outdoor","YES","YES","Batch 02 source proposal; finalization candidate; OM-R06=B; OM-R07=B; OM-R10=A","TEMPORARY_AUDIT_ID_NOT_PRODUCTION_STABLE_ID"
"AUDIT-000890","BATCH_02","28c40a3ac026c8712c9de0964de5fde42ba829dc","docs/TAXONOMY_BATCH_02_FINALIZATION_TREE.csv","434","","Spor & Outdoor","Spor & Outdoor","Takım Sporları","","","2","Spor & Outdoor > Takım Sporları","spor & outdoor > takım sporları","NO","CANDIDATE_FOR_PRODUCT_OWNER_FINALIZATION","REGULATED","Spor & Outdoor","YES","YES","Batch 02 source proposal; finalization candidate; OM-R06=B; OM-R07=B; OM-R10=A","TEMPORARY_AUDIT_ID_NOT_PRODUCTION_STABLE_ID"
"AUDIT-000891","BATCH_02","28c40a3ac026c8712c9de0964de5fde42ba829dc","docs/TAXONOMY_BATCH_02_FINALIZATION_TREE.csv","435","AUDIT-000890","Spor & Outdoor > Takım Sporları","Spor & Outdoor","Takım Sporları","Futbol Ekipmanları","","3","Spor & Outdoor > Takım Sporları > Futbol Ekipmanları","spor & outdoor > takım sporları > futbol ekipmanları","NO","CANDIDATE_FOR_PRODUCT_OWNER_FINALIZATION","REGULATED","Spor & Outdoor","YES","YES","Batch 02 source proposal; finalization candidate; OM-R06=B; OM-R07=B; OM-R10=A","TEMPORARY_AUDIT_ID_NOT_PRODUCTION_STABLE_ID"
"AUDIT-000892","BATCH_02","28c40a3ac026c8712c9de0964de5fde42ba829dc","docs/TAXONOMY_BATCH_02_FINALIZATION_TREE.csv","436","AUDIT-000891","Spor & Outdoor > Takım Sporları > Futbol Ekipmanları","Spor & Outdoor","Takım Sporları","Futbol Ekipmanları","Futbol Topları","4","Spor & Outdoor > Takım Sporları > Futbol Ekipmanları > Futbol Topları","spor & outdoor > takım sporları > futbol ekipmanları > futbol topları","YES","CANDIDATE_FOR_PRODUCT_OWNER_FINALIZATION","NORMAL","Spor & Outdoor","YES","YES","Batch 02 source proposal; finalization candidate; OM-R06=B; OM-R07=B; OM-R10=A","TEMPORARY_AUDIT_ID_NOT_PRODUCTION_STABLE_ID"
"AUDIT-000893","BATCH_02","28c40a3ac026c8712c9de0964de5fde42ba829dc","docs/TAXONOMY_BATCH_02_FINALIZATION_TREE.csv","437","AUDIT-000891","Spor & Outdoor > Takım Sporları > Futbol Ekipmanları","Spor & Outdoor","Takım Sporları","Futbol Ekipmanları","Kale & Antrenman Ekipmanları","4","Spor & Outdoor > Takım Sporları > Futbol Ekipmanları > Kale & Antrenman Ekipmanları","spor & outdoor > takım sporları > futbol ekipmanları > kale & antrenman ekipmanları","YES","CANDIDATE_FOR_PRODUCT_OWNER_FINALIZATION","NORMAL","Spor & Outdoor","YES","YES","Batch 02 source proposal; finalization candidate; OM-R06=B; OM-R07=B; OM-R10=A","TEMPORARY_AUDIT_ID_NOT_PRODUCTION_STABLE_ID"
"AUDIT-000894","BATCH_02","28c40a3ac026c8712c9de0964de5fde42ba829dc","docs/TAXONOMY_BATCH_02_FINALIZATION_TREE.csv","438","AUDIT-000891","Spor & Outdoor > Takım Sporları > Futbol Ekipmanları","Spor & Outdoor","Takım Sporları","Futbol Ekipmanları","Kaleci Ekipmanları","4","Spor & Outdoor > Takım Sporları > Futbol Ekipmanları > Kaleci Ekipmanları","spor & outdoor > takım sporları > futbol ekipmanları > kaleci ekipmanları","YES","CANDIDATE_FOR_PRODUCT_OWNER_FINALIZATION","REGULATED","Spor & Outdoor","YES","YES","Batch 02 source proposal; finalization candidate; OM-R06=B; OM-R07=B; OM-R10=A","TEMPORARY_AUDIT_ID_NOT_PRODUCTION_STABLE_ID"
"AUDIT-000895","BATCH_02","28c40a3ac026c8712c9de0964de5fde42ba829dc","docs/TAXONOMY_BATCH_02_FINALIZATION_TREE.csv","439","AUDIT-000890","Spor & Outdoor > Takım Sporları","Spor & Outdoor","Takım Sporları","Basketbol Ekipmanları","","3","Spor & Outdoor > Takım Sporları > Basketbol Ekipmanları","spor & outdoor > takım sporları > basketbol ekipmanları","NO","CANDIDATE_FOR_PRODUCT_OWNER_FINALIZATION","REGULATED","Spor & Outdoor","YES","YES","Batch 02 source proposal; finalization candidate; OM-R06=B; OM-R07=B; OM-R10=A","TEMPORARY_AUDIT_ID_NOT_PRODUCTION_STABLE_ID"
"AUDIT-000896","BATCH_02","28c40a3ac026c8712c9de0964de5fde42ba829dc","docs/TAXONOMY_BATCH_02_FINALIZATION_TREE.csv","440","AUDIT-000895","Spor & Outdoor > Takım Sporları > Basketbol Ekipmanları","Spor & Outdoor","Takım Sporları","Basketbol Ekipmanları","Basketbol Topları","4","Spor & Outdoor > Takım Sporları > Basketbol Ekipmanları > Basketbol Topları","spor & outdoor > takım sporları > basketbol ekipmanları > basketbol topları","YES","CANDIDATE_FOR_PRODUCT_OWNER_FINALIZATION","NORMAL","Spor & Outdoor","YES","YES","Batch 02 source proposal; finalization candidate; OM-R06=B; OM-R07=B; OM-R10=A","TEMPORARY_AUDIT_ID_NOT_PRODUCTION_STABLE_ID"
"AUDIT-000897","BATCH_02","28c40a3ac026c8712c9de0964de5fde42ba829dc","docs/TAXONOMY_BATCH_02_FINALIZATION_TREE.csv","441","AUDIT-000895","Spor & Outdoor > Takım Sporları > Basketbol Ekipmanları","Spor & Outdoor","Takım Sporları","Basketbol Ekipmanları","Pota & Basketbol Aksesuarları","4","Spor & Outdoor > Takım Sporları > Basketbol Ekipmanları > Pota & Basketbol Aksesuarları","spor & outdoor > takım sporları > basketbol ekipmanları > pota & basketbol aksesuarları","YES","CANDIDATE_FOR_PRODUCT_OWNER_FINALIZATION","REGULATED","Spor & Outdoor","YES","YES","Batch 02 source proposal; finalization candidate; OM-R06=B; OM-R07=B; OM-R10=A","TEMPORARY_AUDIT_ID_NOT_PRODUCTION_STABLE_ID"
"AUDIT-000898","BATCH_02","28c40a3ac026c8712c9de0964de5fde42ba829dc","docs/TAXONOMY_BATCH_02_FINALIZATION_TREE.csv","442","AUDIT-000890","Spor & Outdoor > Takım Sporları","Spor & Outdoor","Takım Sporları","Voleybol Ekipmanları","","3","Spor & Outdoor > Takım Sporları > Voleybol Ekipmanları","spor & outdoor > takım sporları > voleybol ekipmanları","NO","CANDIDATE_FOR_PRODUCT_OWNER_FINALIZATION","NORMAL","Spor & Outdoor","YES","YES","Batch 02 source proposal; finalization candidate; OM-R06=B; OM-R07=B; OM-R10=A","TEMPORARY_AUDIT_ID_NOT_PRODUCTION_STABLE_ID"
"AUDIT-000899","BATCH_02","28c40a3ac026c8712c9de0964de5fde42ba829dc","docs/TAXONOMY_BATCH_02_FINALIZATION_TREE.csv","443","AUDIT-000898","Spor & Outdoor > Takım Sporları > Voleybol Ekipmanları","Spor & Outdoor","Takım Sporları","Voleybol Ekipmanları","Voleybol Topları","4","Spor & Outdoor > Takım Sporları > Voleybol Ekipmanları > Voleybol Topları","spor & outdoor > takım sporları > voleybol ekipmanları > voleybol topları","YES","CANDIDATE_FOR_PRODUCT_OWNER_FINALIZATION","NORMAL","Spor & Outdoor","YES","YES","Batch 02 source proposal; finalization candidate; OM-R06=B; OM-R07=B; OM-R10=A","TEMPORARY_AUDIT_ID_NOT_PRODUCTION_STABLE_ID"
"AUDIT-000900","BATCH_02","28c40a3ac026c8712c9de0964de5fde42ba829dc","docs/TAXONOMY_BATCH_02_FINALIZATION_TREE.csv","444","AUDIT-000898","Spor & Outdoor > Takım Sporları > Voleybol Ekipmanları","Spor & Outdoor","Takım Sporları","Voleybol Ekipmanları","File & Voleybol Aksesuarları","4","Spor & Outdoor > Takım Sporları > Voleybol Ekipmanları > File & Voleybol Aksesuarları","spor & outdoor > takım sporları > voleybol ekipmanları > file & voleybol aksesuarları","YES","CANDIDATE_FOR_PRODUCT_OWNER_FINALIZATION","NORMAL","Spor & Outdoor","YES","YES","Batch 02 source proposal; finalization candidate; OM-R06=B; OM-R07=B; OM-R10=A","TEMPORARY_AUDIT_ID_NOT_PRODUCTION_STABLE_ID"
"AUDIT-000901","BATCH_02","28c40a3ac026c8712c9de0964de5fde42ba829dc","docs/TAXONOMY_BATCH_02_FINALIZATION_TREE.csv","445","AUDIT-000890","Spor & Outdoor > Takım Sporları","Spor & Outdoor","Takım Sporları","Hentbol & Diğer Takım Sporları","","3","Spor & Outdoor > Takım Sporları > Hentbol & Diğer Takım Sporları","spor & outdoor > takım sporları > hentbol & diğer takım sporları","YES","CANDIDATE_FOR_PRODUCT_OWNER_FINALIZATION","NORMAL","Spor & Outdoor","YES","YES","Batch 02 source proposal; finalization candidate; OM-R06=B; OM-R07=B; OM-R10=A","TEMPORARY_AUDIT_ID_NOT_PRODUCTION_STABLE_ID"
"AUDIT-000902","BATCH_02","28c40a3ac026c8712c9de0964de5fde42ba829dc","docs/TAXONOMY_BATCH_02_FINALIZATION_TREE.csv","446","","Spor & Outdoor","Spor & Outdoor","Raket Sporları","","","2","Spor & Outdoor > Raket Sporları","spor & outdoor > raket sporları","NO","CANDIDATE_FOR_PRODUCT_OWNER_FINALIZATION","REGULATED","Spor & Outdoor","YES","YES","Batch 02 source proposal; finalization candidate; OM-R06=B; OM-R07=B; OM-R10=A","TEMPORARY_AUDIT_ID_NOT_PRODUCTION_STABLE_ID"
"AUDIT-000903","BATCH_02","28c40a3ac026c8712c9de0964de5fde42ba829dc","docs/TAXONOMY_BATCH_02_FINALIZATION_TREE.csv","447","AUDIT-000902","Spor & Outdoor > Raket Sporları","Spor & Outdoor","Raket Sporları","Tenis Ekipmanları","","3","Spor & Outdoor > Raket Sporları > Tenis Ekipmanları","spor & outdoor > raket sporları > tenis ekipmanları","NO","CANDIDATE_FOR_PRODUCT_OWNER_FINALIZATION","NORMAL","Spor & Outdoor","YES","YES","Batch 02 source proposal; finalization candidate; OM-R06=B; OM-R07=B; OM-R10=A","TEMPORARY_AUDIT_ID_NOT_PRODUCTION_STABLE_ID"
"AUDIT-000904","BATCH_02","28c40a3ac026c8712c9de0964de5fde42ba829dc","docs/TAXONOMY_BATCH_02_FINALIZATION_TREE.csv","448","AUDIT-000903","Spor & Outdoor > Raket Sporları > Tenis Ekipmanları","Spor & Outdoor","Raket Sporları","Tenis Ekipmanları","Tenis Raketleri","4","Spor & Outdoor > Raket Sporları > Tenis Ekipmanları > Tenis Raketleri","spor & outdoor > raket sporları > tenis ekipmanları > tenis raketleri","YES","CANDIDATE_FOR_PRODUCT_OWNER_FINALIZATION","NORMAL","Spor & Outdoor","YES","YES","Batch 02 source proposal; finalization candidate; OM-R06=B; OM-R07=B; OM-R10=A","TEMPORARY_AUDIT_ID_NOT_PRODUCTION_STABLE_ID"
"AUDIT-000905","BATCH_02","28c40a3ac026c8712c9de0964de5fde42ba829dc","docs/TAXONOMY_BATCH_02_FINALIZATION_TREE.csv","449","AUDIT-000903","Spor & Outdoor > Raket Sporları > Tenis Ekipmanları","Spor & Outdoor","Raket Sporları","Tenis Ekipmanları","Tenis Topları","4","Spor & Outdoor > Raket Sporları > Tenis Ekipmanları > Tenis Topları","spor & outdoor > raket sporları > tenis ekipmanları > tenis topları","YES","CANDIDATE_FOR_PRODUCT_OWNER_FINALIZATION","NORMAL","Spor & Outdoor","YES","YES","Batch 02 source proposal; finalization candidate; OM-R06=B; OM-R07=B; OM-R10=A","TEMPORARY_AUDIT_ID_NOT_PRODUCTION_STABLE_ID"
"AUDIT-000906","BATCH_02","28c40a3ac026c8712c9de0964de5fde42ba829dc","docs/TAXONOMY_BATCH_02_FINALIZATION_TREE.csv","450","AUDIT-000903","Spor & Outdoor > Raket Sporları > Tenis Ekipmanları","Spor & Outdoor","Raket Sporları","Tenis Ekipmanları","Tenis Filesi & Aksesuarları","4","Spor & Outdoor > Raket Sporları > Tenis Ekipmanları > Tenis Filesi & Aksesuarları","spor & outdoor > raket sporları > tenis ekipmanları > tenis filesi & aksesuarları","YES","CANDIDATE_FOR_PRODUCT_OWNER_FINALIZATION","NORMAL","Spor & Outdoor","YES","YES","Batch 02 source proposal; finalization candidate; OM-R06=B; OM-R07=B; OM-R10=A","TEMPORARY_AUDIT_ID_NOT_PRODUCTION_STABLE_ID"
"AUDIT-000907","BATCH_02","28c40a3ac026c8712c9de0964de5fde42ba829dc","docs/TAXONOMY_BATCH_02_FINALIZATION_TREE.csv","451","AUDIT-000902","Spor & Outdoor > Raket Sporları","Spor & Outdoor","Raket Sporları","Masa Tenisi Ekipmanları","","3","Spor & Outdoor > Raket Sporları > Masa Tenisi Ekipmanları","spor & outdoor > raket sporları > masa tenisi ekipmanları","NO","CANDIDATE_FOR_PRODUCT_OWNER_FINALIZATION","REGULATED","Spor & Outdoor","YES","YES","Batch 02 source proposal; finalization candidate; OM-R06=B; OM-R07=B; OM-R10=A","TEMPORARY_AUDIT_ID_NOT_PRODUCTION_STABLE_ID"
"AUDIT-000908","BATCH_02","28c40a3ac026c8712c9de0964de5fde42ba829dc","docs/TAXONOMY_BATCH_02_FINALIZATION_TREE.csv","452","AUDIT-000907","Spor & Outdoor > Raket Sporları > Masa Tenisi Ekipmanları","Spor & Outdoor","Raket Sporları","Masa Tenisi Ekipmanları","Masa Tenisi Raketleri","4","Spor & Outdoor > Raket Sporları > Masa Tenisi Ekipmanları > Masa Tenisi Raketleri","spor & outdoor > raket sporları > masa tenisi ekipmanları > masa tenisi raketleri","YES","CANDIDATE_FOR_PRODUCT_OWNER_FINALIZATION","NORMAL","Spor & Outdoor","YES","YES","Batch 02 source proposal; finalization candidate; OM-R06=B; OM-R07=B; OM-R10=A","TEMPORARY_AUDIT_ID_NOT_PRODUCTION_STABLE_ID"
"AUDIT-000909","BATCH_02","28c40a3ac026c8712c9de0964de5fde42ba829dc","docs/TAXONOMY_BATCH_02_FINALIZATION_TREE.csv","453","AUDIT-000907","Spor & Outdoor > Raket Sporları > Masa Tenisi Ekipmanları","Spor & Outdoor","Raket Sporları","Masa Tenisi Ekipmanları","Masa Tenisi Topları","4","Spor & Outdoor > Raket Sporları > Masa Tenisi Ekipmanları > Masa Tenisi Topları","spor & outdoor > raket sporları > masa tenisi ekipmanları > masa tenisi topları","YES","CANDIDATE_FOR_PRODUCT_OWNER_FINALIZATION","NORMAL","Spor & Outdoor","YES","YES","Batch 02 source proposal; finalization candidate; OM-R06=B; OM-R07=B; OM-R10=A","TEMPORARY_AUDIT_ID_NOT_PRODUCTION_STABLE_ID"
"AUDIT-000910","BATCH_02","28c40a3ac026c8712c9de0964de5fde42ba829dc","docs/TAXONOMY_BATCH_02_FINALIZATION_TREE.csv","454","AUDIT-000907","Spor & Outdoor > Raket Sporları > Masa Tenisi Ekipmanları","Spor & Outdoor","Raket Sporları","Masa Tenisi Ekipmanları","Masa & File Sistemleri","4","Spor & Outdoor > Raket Sporları > Masa Tenisi Ekipmanları > Masa & File Sistemleri","spor & outdoor > raket sporları > masa tenisi ekipmanları > masa & file sistemleri","YES","CANDIDATE_FOR_PRODUCT_OWNER_FINALIZATION","REGULATED","Spor & Outdoor","YES","YES","Batch 02 source proposal; finalization candidate; OM-R06=B; OM-R07=B; OM-R10=A","TEMPORARY_AUDIT_ID_NOT_PRODUCTION_STABLE_ID"
"AUDIT-000911","BATCH_02","28c40a3ac026c8712c9de0964de5fde42ba829dc","docs/TAXONOMY_BATCH_02_FINALIZATION_TREE.csv","455","AUDIT-000902","Spor & Outdoor > Raket Sporları","Spor & Outdoor","Raket Sporları","Badminton Ekipmanları","","3","Spor & Outdoor > Raket Sporları > Badminton Ekipmanları","spor & outdoor > raket sporları > badminton ekipmanları","NO","CANDIDATE_FOR_PRODUCT_OWNER_FINALIZATION","NORMAL","Spor & Outdoor","YES","YES","Batch 02 source proposal; finalization candidate; OM-R06=B; OM-R07=B; OM-R10=A","TEMPORARY_AUDIT_ID_NOT_PRODUCTION_STABLE_ID"
"AUDIT-000912","BATCH_02","28c40a3ac026c8712c9de0964de5fde42ba829dc","docs/TAXONOMY_BATCH_02_FINALIZATION_TREE.csv","456","AUDIT-000911","Spor & Outdoor > Raket Sporları > Badminton Ekipmanları","Spor & Outdoor","Raket Sporları","Badminton Ekipmanları","Badminton Raketleri","4","Spor & Outdoor > Raket Sporları > Badminton Ekipmanları > Badminton Raketleri","spor & outdoor > raket sporları > badminton ekipmanları > badminton raketleri","YES","CANDIDATE_FOR_PRODUCT_OWNER_FINALIZATION","NORMAL","Spor & Outdoor","YES","YES","Batch 02 source proposal; finalization candidate; OM-R06=B; OM-R07=B; OM-R10=A","TEMPORARY_AUDIT_ID_NOT_PRODUCTION_STABLE_ID"
"AUDIT-000913","BATCH_02","28c40a3ac026c8712c9de0964de5fde42ba829dc","docs/TAXONOMY_BATCH_02_FINALIZATION_TREE.csv","457","AUDIT-000911","Spor & Outdoor > Raket Sporları > Badminton Ekipmanları","Spor & Outdoor","Raket Sporları","Badminton Ekipmanları","Badminton Topu & Fileleri","4","Spor & Outdoor > Raket Sporları > Badminton Ekipmanları > Badminton Topu & Fileleri","spor & outdoor > raket sporları > badminton ekipmanları > badminton topu & fileleri","YES","CANDIDATE_FOR_PRODUCT_OWNER_FINALIZATION","NORMAL","Spor & Outdoor","YES","YES","Batch 02 source proposal; finalization candidate; OM-R06=B; OM-R07=B; OM-R10=A","TEMPORARY_AUDIT_ID_NOT_PRODUCTION_STABLE_ID"
"AUDIT-000914","BATCH_02","28c40a3ac026c8712c9de0964de5fde42ba829dc","docs/TAXONOMY_BATCH_02_FINALIZATION_TREE.csv","458","AUDIT-000902","Spor & Outdoor > Raket Sporları","Spor & Outdoor","Raket Sporları","Squash Ekipmanları","","3","Spor & Outdoor > Raket Sporları > Squash Ekipmanları","spor & outdoor > raket sporları > squash ekipmanları","YES","CANDIDATE_FOR_PRODUCT_OWNER_FINALIZATION","NORMAL","Spor & Outdoor","YES","YES","Batch 02 source proposal; finalization candidate; OM-R06=B; OM-R07=B; OM-R10=A","TEMPORARY_AUDIT_ID_NOT_PRODUCTION_STABLE_ID"
"AUDIT-000915","BATCH_02","28c40a3ac026c8712c9de0964de5fde42ba829dc","docs/TAXONOMY_BATCH_02_FINALIZATION_TREE.csv","459","AUDIT-000902","Spor & Outdoor > Raket Sporları","Spor & Outdoor","Raket Sporları","Padel Ekipmanları","","3","Spor & Outdoor > Raket Sporları > Padel Ekipmanları","spor & outdoor > raket sporları > padel ekipmanları","YES","CANDIDATE_FOR_PRODUCT_OWNER_FINALIZATION","NORMAL","Spor & Outdoor","YES","YES","Batch 02 source proposal; finalization candidate; OM-R06=B; OM-R07=B; OM-R10=A","TEMPORARY_AUDIT_ID_NOT_PRODUCTION_STABLE_ID"
"AUDIT-000916","BATCH_02","28c40a3ac026c8712c9de0964de5fde42ba829dc","docs/TAXONOMY_BATCH_02_FINALIZATION_TREE.csv","460","","Spor & Outdoor","Spor & Outdoor","Bireysel Sporlar & Jimnastik","","","2","Spor & Outdoor > Bireysel Sporlar & Jimnastik","spor & outdoor > bireysel sporlar & jimnastik","NO","CANDIDATE_FOR_PRODUCT_OWNER_FINALIZATION","LEGAL_REVIEW_REQUIRED","Spor & Outdoor","YES","YES","Batch 02 source proposal; finalization candidate; OM-R06=B; OM-R07=B; OM-R10=A","TEMPORARY_AUDIT_ID_NOT_PRODUCTION_STABLE_ID"
"AUDIT-000917","BATCH_02","28c40a3ac026c8712c9de0964de5fde42ba829dc","docs/TAXONOMY_BATCH_02_FINALIZATION_TREE.csv","461","AUDIT-000916","Spor & Outdoor > Bireysel Sporlar & Jimnastik","Spor & Outdoor","Bireysel Sporlar & Jimnastik","Atletizm Ekipmanları","","3","Spor & Outdoor > Bireysel Sporlar & Jimnastik > Atletizm Ekipmanları","spor & outdoor > bireysel sporlar & jimnastik > atletizm ekipmanları","YES","CANDIDATE_FOR_PRODUCT_OWNER_FINALIZATION","REGULATED","Spor & Outdoor","YES","YES","Batch 02 source proposal; finalization candidate; OM-R06=B; OM-R07=B; OM-R10=A","TEMPORARY_AUDIT_ID_NOT_PRODUCTION_STABLE_ID"
"AUDIT-000918","BATCH_02","28c40a3ac026c8712c9de0964de5fde42ba829dc","docs/TAXONOMY_BATCH_02_FINALIZATION_TREE.csv","462","AUDIT-000916","Spor & Outdoor > Bireysel Sporlar & Jimnastik","Spor & Outdoor","Bireysel Sporlar & Jimnastik","Jimnastik Ekipmanları","","3","Spor & Outdoor > Bireysel Sporlar & Jimnastik > Jimnastik Ekipmanları","spor & outdoor > bireysel sporlar & jimnastik > jimnastik ekipmanları","YES","CANDIDATE_FOR_PRODUCT_OWNER_FINALIZATION","REGULATED","Spor & Outdoor","YES","YES","Batch 02 source proposal; finalization candidate; OM-R06=B; OM-R07=B; OM-R10=A","TEMPORARY_AUDIT_ID_NOT_PRODUCTION_STABLE_ID"
"AUDIT-000919","BATCH_02","28c40a3ac026c8712c9de0964de5fde42ba829dc","docs/TAXONOMY_BATCH_02_FINALIZATION_TREE.csv","463","AUDIT-000916","Spor & Outdoor > Bireysel Sporlar & Jimnastik","Spor & Outdoor","Bireysel Sporlar & Jimnastik","Yoga & Pilates Ekipmanları","","3","Spor & Outdoor > Bireysel Sporlar & Jimnastik > Yoga & Pilates Ekipmanları","spor & outdoor > bireysel sporlar & jimnastik > yoga & pilates ekipmanları","YES","CANDIDATE_FOR_PRODUCT_OWNER_FINALIZATION","NORMAL","Spor & Outdoor","YES","YES","Batch 02 source proposal; finalization candidate; OM-R06=B; OM-R07=B; OM-R10=A","TEMPORARY_AUDIT_ID_NOT_PRODUCTION_STABLE_ID"
"AUDIT-000920","BATCH_02","28c40a3ac026c8712c9de0964de5fde42ba829dc","docs/TAXONOMY_BATCH_02_FINALIZATION_TREE.csv","464","AUDIT-000916","Spor & Outdoor > Bireysel Sporlar & Jimnastik","Spor & Outdoor","Bireysel Sporlar & Jimnastik","Dart Ekipmanları","","3","Spor & Outdoor > Bireysel Sporlar & Jimnastik > Dart Ekipmanları","spor & outdoor > bireysel sporlar & jimnastik > dart ekipmanları","YES","CANDIDATE_FOR_PRODUCT_OWNER_FINALIZATION","LEGAL_REVIEW_REQUIRED","Spor & Outdoor","YES","YES","Batch 02 source proposal; finalization candidate; OM-R06=B; OM-R07=B; OM-R10=A","TEMPORARY_AUDIT_ID_NOT_PRODUCTION_STABLE_ID"
"AUDIT-000921","BATCH_02","28c40a3ac026c8712c9de0964de5fde42ba829dc","docs/TAXONOMY_BATCH_02_FINALIZATION_TREE.csv","465","AUDIT-000916","Spor & Outdoor > Bireysel Sporlar & Jimnastik","Spor & Outdoor","Bireysel Sporlar & Jimnastik","Okçuluk & Hedef Sporları Ekipmanları","","3","Spor & Outdoor > Bireysel Sporlar & Jimnastik > Okçuluk & Hedef Sporları Ekipmanları","spor & outdoor > bireysel sporlar & jimnastik > okçuluk & hedef sporları ekipmanları","YES","CANDIDATE_FOR_PRODUCT_OWNER_FINALIZATION","LEGAL_REVIEW_REQUIRED","Spor & Outdoor","YES","YES","Batch 02 source proposal; finalization candidate; OM-R06=B; OM-R07=B; OM-R10=A","TEMPORARY_AUDIT_ID_NOT_PRODUCTION_STABLE_ID"
"AUDIT-000922","BATCH_02","28c40a3ac026c8712c9de0964de5fde42ba829dc","docs/TAXONOMY_BATCH_02_FINALIZATION_TREE.csv","466","AUDIT-000916","Spor & Outdoor > Bireysel Sporlar & Jimnastik","Spor & Outdoor","Bireysel Sporlar & Jimnastik","Paten & Kaykay","","3","Spor & Outdoor > Bireysel Sporlar & Jimnastik > Paten & Kaykay","spor & outdoor > bireysel sporlar & jimnastik > paten & kaykay","YES","CANDIDATE_FOR_PRODUCT_OWNER_FINALIZATION","REGULATED","Spor & Outdoor","YES","YES","Batch 02 source proposal; finalization candidate; OM-R06=B; OM-R07=B; OM-R10=A","TEMPORARY_AUDIT_ID_NOT_PRODUCTION_STABLE_ID"
"AUDIT-000923","BATCH_02","28c40a3ac026c8712c9de0964de5fde42ba829dc","docs/TAXONOMY_BATCH_02_FINALIZATION_TREE.csv","467","","Spor & Outdoor","Spor & Outdoor","Dövüş Sporları","","","2","Spor & Outdoor > Dövüş Sporları","spor & outdoor > dövüş sporları","NO","CANDIDATE_FOR_PRODUCT_OWNER_FINALIZATION","REGULATED","Spor & Outdoor","YES","YES","Batch 02 source proposal; finalization candidate; OM-R06=B; OM-R07=B; OM-R10=A","TEMPORARY_AUDIT_ID_NOT_PRODUCTION_STABLE_ID"
"AUDIT-000924","BATCH_02","28c40a3ac026c8712c9de0964de5fde42ba829dc","docs/TAXONOMY_BATCH_02_FINALIZATION_TREE.csv","468","AUDIT-000923","Spor & Outdoor > Dövüş Sporları","Spor & Outdoor","Dövüş Sporları","Boks Ekipmanları","","3","Spor & Outdoor > Dövüş Sporları > Boks Ekipmanları","spor & outdoor > dövüş sporları > boks ekipmanları","YES","CANDIDATE_FOR_PRODUCT_OWNER_FINALIZATION","REGULATED","Spor & Outdoor","YES","YES","Batch 02 source proposal; finalization candidate; OM-R06=B; OM-R07=B; OM-R10=A","TEMPORARY_AUDIT_ID_NOT_PRODUCTION_STABLE_ID"
"AUDIT-000925","BATCH_02","28c40a3ac026c8712c9de0964de5fde42ba829dc","docs/TAXONOMY_BATCH_02_FINALIZATION_TREE.csv","469","AUDIT-000923","Spor & Outdoor > Dövüş Sporları","Spor & Outdoor","Dövüş Sporları","Kickboks & MMA Ekipmanları","","3","Spor & Outdoor > Dövüş Sporları > Kickboks & MMA Ekipmanları","spor & outdoor > dövüş sporları > kickboks & mma ekipmanları","YES","CANDIDATE_FOR_PRODUCT_OWNER_FINALIZATION","REGULATED","Spor & Outdoor","YES","YES","Batch 02 source proposal; finalization candidate; OM-R06=B; OM-R07=B; OM-R10=A","TEMPORARY_AUDIT_ID_NOT_PRODUCTION_STABLE_ID"
"AUDIT-000926","BATCH_02","28c40a3ac026c8712c9de0964de5fde42ba829dc","docs/TAXONOMY_BATCH_02_FINALIZATION_TREE.csv","470","AUDIT-000923","Spor & Outdoor > Dövüş Sporları","Spor & Outdoor","Dövüş Sporları","Dövüş Sporu Koruyucuları","","3","Spor & Outdoor > Dövüş Sporları > Dövüş Sporu Koruyucuları","spor & outdoor > dövüş sporları > dövüş sporu koruyucuları","YES","CANDIDATE_FOR_PRODUCT_OWNER_FINALIZATION","REGULATED","Spor & Outdoor","YES","YES","Batch 02 source proposal; finalization candidate; OM-R06=B; OM-R07=B; OM-R10=A","TEMPORARY_AUDIT_ID_NOT_PRODUCTION_STABLE_ID"
"AUDIT-000927","BATCH_02","28c40a3ac026c8712c9de0964de5fde42ba829dc","docs/TAXONOMY_BATCH_02_FINALIZATION_TREE.csv","471","AUDIT-000923","Spor & Outdoor > Dövüş Sporları","Spor & Outdoor","Dövüş Sporları","Kum Torbası & Antrenman Hedefleri","","3","Spor & Outdoor > Dövüş Sporları > Kum Torbası & Antrenman Hedefleri","spor & outdoor > dövüş sporları > kum torbası & antrenman hedefleri","YES","CANDIDATE_FOR_PRODUCT_OWNER_FINALIZATION","REGULATED","Spor & Outdoor","YES","YES","Batch 02 source proposal; finalization candidate; OM-R06=B; OM-R07=B; OM-R10=A","TEMPORARY_AUDIT_ID_NOT_PRODUCTION_STABLE_ID"
"AUDIT-000928","BATCH_02","28c40a3ac026c8712c9de0964de5fde42ba829dc","docs/TAXONOMY_BATCH_02_FINALIZATION_TREE.csv","472","AUDIT-000923","Spor & Outdoor > Dövüş Sporları","Spor & Outdoor","Dövüş Sporları","Dövüş Sporu Minderleri","","3","Spor & Outdoor > Dövüş Sporları > Dövüş Sporu Minderleri","spor & outdoor > dövüş sporları > dövüş sporu minderleri","YES","CANDIDATE_FOR_PRODUCT_OWNER_FINALIZATION","REGULATED","Spor & Outdoor","YES","YES","Batch 02 source proposal; finalization candidate; OM-R06=B; OM-R07=B; OM-R10=A","TEMPORARY_AUDIT_ID_NOT_PRODUCTION_STABLE_ID"
"AUDIT-000929","BATCH_02","28c40a3ac026c8712c9de0964de5fde42ba829dc","docs/TAXONOMY_BATCH_02_FINALIZATION_TREE.csv","473","","Spor & Outdoor","Spor & Outdoor","Outdoor, Kamp & Trekking","","","2","Spor & Outdoor > Outdoor, Kamp & Trekking","spor & outdoor > outdoor, kamp & trekking","NO","CANDIDATE_FOR_PRODUCT_OWNER_FINALIZATION","LEGAL_REVIEW_REQUIRED","Spor & Outdoor","YES","YES","Batch 02 source proposal; finalization candidate; OM-R06=B; OM-R07=B; OM-R10=A","TEMPORARY_AUDIT_ID_NOT_PRODUCTION_STABLE_ID"
"AUDIT-000930","BATCH_02","28c40a3ac026c8712c9de0964de5fde42ba829dc","docs/TAXONOMY_BATCH_02_FINALIZATION_TREE.csv","474","AUDIT-000929","Spor & Outdoor > Outdoor, Kamp & Trekking","Spor & Outdoor","Outdoor, Kamp & Trekking","Kamp Barınakları","","3","Spor & Outdoor > Outdoor, Kamp & Trekking > Kamp Barınakları","spor & outdoor > outdoor, kamp & trekking > kamp barınakları","NO","CANDIDATE_FOR_PRODUCT_OWNER_FINALIZATION","NORMAL","Spor & Outdoor","YES","YES","Batch 02 source proposal; finalization candidate; OM-R06=B; OM-R07=B; OM-R10=A","TEMPORARY_AUDIT_ID_NOT_PRODUCTION_STABLE_ID"
"AUDIT-000931","BATCH_02","28c40a3ac026c8712c9de0964de5fde42ba829dc","docs/TAXONOMY_BATCH_02_FINALIZATION_TREE.csv","475","AUDIT-000930","Spor & Outdoor > Outdoor, Kamp & Trekking > Kamp Barınakları","Spor & Outdoor","Outdoor, Kamp & Trekking","Kamp Barınakları","Çadırlar","4","Spor & Outdoor > Outdoor, Kamp & Trekking > Kamp Barınakları > Çadırlar","spor & outdoor > outdoor, kamp & trekking > kamp barınakları > çadırlar","YES","CANDIDATE_FOR_PRODUCT_OWNER_FINALIZATION","NORMAL","Spor & Outdoor","YES","YES","Batch 02 source proposal; finalization candidate; OM-R06=B; OM-R07=B; OM-R10=A","TEMPORARY_AUDIT_ID_NOT_PRODUCTION_STABLE_ID"
"AUDIT-000932","BATCH_02","28c40a3ac026c8712c9de0964de5fde42ba829dc","docs/TAXONOMY_BATCH_02_FINALIZATION_TREE.csv","476","AUDIT-000930","Spor & Outdoor > Outdoor, Kamp & Trekking > Kamp Barınakları","Spor & Outdoor","Outdoor, Kamp & Trekking","Kamp Barınakları","Tarp & Gölgelikler","4","Spor & Outdoor > Outdoor, Kamp & Trekking > Kamp Barınakları > Tarp & Gölgelikler","spor & outdoor > outdoor, kamp & trekking > kamp barınakları > tarp & gölgelikler","YES","CANDIDATE_FOR_PRODUCT_OWNER_FINALIZATION","NORMAL","Spor & Outdoor","YES","YES","Batch 02 source proposal; finalization candidate; OM-R06=B; OM-R07=B; OM-R10=A","TEMPORARY_AUDIT_ID_NOT_PRODUCTION_STABLE_ID"
"AUDIT-000933","BATCH_02","28c40a3ac026c8712c9de0964de5fde42ba829dc","docs/TAXONOMY_BATCH_02_FINALIZATION_TREE.csv","477","AUDIT-000929","Spor & Outdoor > Outdoor, Kamp & Trekking","Spor & Outdoor","Outdoor, Kamp & Trekking","Uyku Sistemleri","","3","Spor & Outdoor > Outdoor, Kamp & Trekking > Uyku Sistemleri","spor & outdoor > outdoor, kamp & trekking > uyku sistemleri","NO","CANDIDATE_FOR_PRODUCT_OWNER_FINALIZATION","NORMAL","Spor & Outdoor","YES","YES","Batch 02 source proposal; finalization candidate; OM-R06=B; OM-R07=B; OM-R10=A","TEMPORARY_AUDIT_ID_NOT_PRODUCTION_STABLE_ID"
"AUDIT-000934","BATCH_02","28c40a3ac026c8712c9de0964de5fde42ba829dc","docs/TAXONOMY_BATCH_02_FINALIZATION_TREE.csv","478","AUDIT-000933","Spor & Outdoor > Outdoor, Kamp & Trekking > Uyku Sistemleri","Spor & Outdoor","Outdoor, Kamp & Trekking","Uyku Sistemleri","Uyku Tulumları","4","Spor & Outdoor > Outdoor, Kamp & Trekking > Uyku Sistemleri > Uyku Tulumları","spor & outdoor > outdoor, kamp & trekking > uyku sistemleri > uyku tulumları","YES","CANDIDATE_FOR_PRODUCT_OWNER_FINALIZATION","NORMAL","Spor & Outdoor","YES","YES","Batch 02 source proposal; finalization candidate; OM-R06=B; OM-R07=B; OM-R10=A","TEMPORARY_AUDIT_ID_NOT_PRODUCTION_STABLE_ID"
"AUDIT-000935","BATCH_02","28c40a3ac026c8712c9de0964de5fde42ba829dc","docs/TAXONOMY_BATCH_02_FINALIZATION_TREE.csv","479","AUDIT-000933","Spor & Outdoor > Outdoor, Kamp & Trekking > Uyku Sistemleri","Spor & Outdoor","Outdoor, Kamp & Trekking","Uyku Sistemleri","Kamp Matları","4","Spor & Outdoor > Outdoor, Kamp & Trekking > Uyku Sistemleri > Kamp Matları","spor & outdoor > outdoor, kamp & trekking > uyku sistemleri > kamp matları","YES","CANDIDATE_FOR_PRODUCT_OWNER_FINALIZATION","NORMAL","Spor & Outdoor","YES","YES","Batch 02 source proposal; finalization candidate; OM-R06=B; OM-R07=B; OM-R10=A","TEMPORARY_AUDIT_ID_NOT_PRODUCTION_STABLE_ID"
"AUDIT-000936","BATCH_02","28c40a3ac026c8712c9de0964de5fde42ba829dc","docs/TAXONOMY_BATCH_02_FINALIZATION_TREE.csv","480","AUDIT-000929","Spor & Outdoor > Outdoor, Kamp & Trekking","Spor & Outdoor","Outdoor, Kamp & Trekking","Kamp Mobilyaları","","3","Spor & Outdoor > Outdoor, Kamp & Trekking > Kamp Mobilyaları","spor & outdoor > outdoor, kamp & trekking > kamp mobilyaları","YES","CANDIDATE_FOR_PRODUCT_OWNER_FINALIZATION","REGULATED","Spor & Outdoor","YES","YES","Batch 02 source proposal; finalization candidate; OM-R06=B; OM-R07=B; OM-R10=A","TEMPORARY_AUDIT_ID_NOT_PRODUCTION_STABLE_ID"
"AUDIT-000937","BATCH_02","28c40a3ac026c8712c9de0964de5fde42ba829dc","docs/TAXONOMY_BATCH_02_FINALIZATION_TREE.csv","481","AUDIT-000929","Spor & Outdoor > Outdoor, Kamp & Trekking","Spor & Outdoor","Outdoor, Kamp & Trekking","Kamp Ocağı & Outdoor Pişirme Ekipmanları","","3","Spor & Outdoor > Outdoor, Kamp & Trekking > Kamp Ocağı & Outdoor Pişirme Ekipmanları","spor & outdoor > outdoor, kamp & trekking > kamp ocağı & outdoor pişirme ekipmanları","YES","CANDIDATE_FOR_PRODUCT_OWNER_FINALIZATION","REGULATED","Spor & Outdoor","YES","YES","Batch 02 source proposal; finalization candidate; OM-R06=B; OM-R07=B; OM-R10=A","TEMPORARY_AUDIT_ID_NOT_PRODUCTION_STABLE_ID"
"AUDIT-000938","BATCH_02","28c40a3ac026c8712c9de0964de5fde42ba829dc","docs/TAXONOMY_BATCH_02_FINALIZATION_TREE.csv","482","AUDIT-000929","Spor & Outdoor > Outdoor, Kamp & Trekking","Spor & Outdoor","Outdoor, Kamp & Trekking","Trekking & Yürüyüş Ekipmanları","","3","Spor & Outdoor > Outdoor, Kamp & Trekking > Trekking & Yürüyüş Ekipmanları","spor & outdoor > outdoor, kamp & trekking > trekking & yürüyüş ekipmanları","YES","CANDIDATE_FOR_PRODUCT_OWNER_FINALIZATION","REGULATED","Spor & Outdoor","YES","YES","Batch 02 source proposal; finalization candidate; OM-R06=B; OM-R07=B; OM-R10=A","TEMPORARY_AUDIT_ID_NOT_PRODUCTION_STABLE_ID"
"AUDIT-000939","BATCH_02","28c40a3ac026c8712c9de0964de5fde42ba829dc","docs/TAXONOMY_BATCH_02_FINALIZATION_TREE.csv","483","AUDIT-000929","Spor & Outdoor > Outdoor, Kamp & Trekking","Spor & Outdoor","Outdoor, Kamp & Trekking","Outdoor Aydınlatma Ekipmanları","","3","Spor & Outdoor > Outdoor, Kamp & Trekking > Outdoor Aydınlatma Ekipmanları","spor & outdoor > outdoor, kamp & trekking > outdoor aydınlatma ekipmanları","YES","CANDIDATE_FOR_PRODUCT_OWNER_FINALIZATION","REGULATED","Spor & Outdoor","YES","YES","Batch 02 source proposal; finalization candidate; OM-R06=B; OM-R07=B; OM-R10=A","TEMPORARY_AUDIT_ID_NOT_PRODUCTION_STABLE_ID"
"AUDIT-000940","BATCH_02","28c40a3ac026c8712c9de0964de5fde42ba829dc","docs/TAXONOMY_BATCH_02_FINALIZATION_TREE.csv","484","AUDIT-000929","Spor & Outdoor > Outdoor, Kamp & Trekking","Spor & Outdoor","Outdoor, Kamp & Trekking","Tırmanış & Dağcılık Ekipmanları","","3","Spor & Outdoor > Outdoor, Kamp & Trekking > Tırmanış & Dağcılık Ekipmanları","spor & outdoor > outdoor, kamp & trekking > tırmanış & dağcılık ekipmanları","YES","CANDIDATE_FOR_PRODUCT_OWNER_FINALIZATION","LEGAL_REVIEW_REQUIRED","Spor & Outdoor","YES","YES","Batch 02 source proposal; finalization candidate; OM-R06=B; OM-R07=B; OM-R10=A","TEMPORARY_AUDIT_ID_NOT_PRODUCTION_STABLE_ID"
"AUDIT-000941","BATCH_02","28c40a3ac026c8712c9de0964de5fde42ba829dc","docs/TAXONOMY_BATCH_02_FINALIZATION_TREE.csv","485","AUDIT-000929","Spor & Outdoor > Outdoor, Kamp & Trekking","Spor & Outdoor","Outdoor, Kamp & Trekking","Teknik Hidrasyon & Taşıma Sistemleri","","3","Spor & Outdoor > Outdoor, Kamp & Trekking > Teknik Hidrasyon & Taşıma Sistemleri","spor & outdoor > outdoor, kamp & trekking > teknik hidrasyon & taşıma sistemleri","YES","CANDIDATE_FOR_PRODUCT_OWNER_FINALIZATION","REGULATED","Spor & Outdoor","YES","YES","Batch 02 source proposal; finalization candidate; OM-R06=B; OM-R07=B; OM-R10=A","TEMPORARY_AUDIT_ID_NOT_PRODUCTION_STABLE_ID"
"AUDIT-000942","BATCH_02","28c40a3ac026c8712c9de0964de5fde42ba829dc","docs/TAXONOMY_BATCH_02_FINALIZATION_TREE.csv","486","","Spor & Outdoor","Spor & Outdoor","Bisiklet","","","2","Spor & Outdoor > Bisiklet","spor & outdoor > bisiklet","NO","CANDIDATE_FOR_PRODUCT_OWNER_FINALIZATION","REGULATED","Spor & Outdoor","YES","YES","Batch 02 source proposal; finalization candidate; OM-R06=B; OM-R07=B; OM-R10=A","TEMPORARY_AUDIT_ID_NOT_PRODUCTION_STABLE_ID"
"AUDIT-000943","BATCH_02","28c40a3ac026c8712c9de0964de5fde42ba829dc","docs/TAXONOMY_BATCH_02_FINALIZATION_TREE.csv","487","AUDIT-000942","Spor & Outdoor > Bisiklet","Spor & Outdoor","Bisiklet","Bisikletler","","3","Spor & Outdoor > Bisiklet > Bisikletler","spor & outdoor > bisiklet > bisikletler","NO","CANDIDATE_FOR_PRODUCT_OWNER_FINALIZATION","REGULATED","Spor & Outdoor","YES","YES","Batch 02 source proposal; finalization candidate; OM-R06=B; OM-R07=B; OM-R10=A","TEMPORARY_AUDIT_ID_NOT_PRODUCTION_STABLE_ID"
"AUDIT-000944","BATCH_02","28c40a3ac026c8712c9de0964de5fde42ba829dc","docs/TAXONOMY_BATCH_02_FINALIZATION_TREE.csv","488","AUDIT-000943","Spor & Outdoor > Bisiklet > Bisikletler","Spor & Outdoor","Bisiklet","Bisikletler","Dağ Bisikletleri","4","Spor & Outdoor > Bisiklet > Bisikletler > Dağ Bisikletleri","spor & outdoor > bisiklet > bisikletler > dağ bisikletleri","YES","CANDIDATE_FOR_PRODUCT_OWNER_FINALIZATION","NORMAL","Spor & Outdoor","YES","YES","Batch 02 source proposal; finalization candidate; OM-R06=B; OM-R07=B; OM-R10=A","TEMPORARY_AUDIT_ID_NOT_PRODUCTION_STABLE_ID"
"AUDIT-000945","BATCH_02","28c40a3ac026c8712c9de0964de5fde42ba829dc","docs/TAXONOMY_BATCH_02_FINALIZATION_TREE.csv","489","AUDIT-000943","Spor & Outdoor > Bisiklet > Bisikletler","Spor & Outdoor","Bisiklet","Bisikletler","Yol Bisikletleri","4","Spor & Outdoor > Bisiklet > Bisikletler > Yol Bisikletleri","spor & outdoor > bisiklet > bisikletler > yol bisikletleri","YES","CANDIDATE_FOR_PRODUCT_OWNER_FINALIZATION","NORMAL","Spor & Outdoor","YES","YES","Batch 02 source proposal; finalization candidate; OM-R06=B; OM-R07=B; OM-R10=A","TEMPORARY_AUDIT_ID_NOT_PRODUCTION_STABLE_ID"
"AUDIT-000946","BATCH_02","28c40a3ac026c8712c9de0964de5fde42ba829dc","docs/TAXONOMY_BATCH_02_FINALIZATION_TREE.csv","490","AUDIT-000943","Spor & Outdoor > Bisiklet > Bisikletler","Spor & Outdoor","Bisiklet","Bisikletler","Şehir & Tur Bisikletleri","4","Spor & Outdoor > Bisiklet > Bisikletler > Şehir & Tur Bisikletleri","spor & outdoor > bisiklet > bisikletler > şehir & tur bisikletleri","YES","CANDIDATE_FOR_PRODUCT_OWNER_FINALIZATION","NORMAL","Spor & Outdoor","YES","YES","Batch 02 source proposal; finalization candidate; OM-R06=B; OM-R07=B; OM-R10=A","TEMPORARY_AUDIT_ID_NOT_PRODUCTION_STABLE_ID"
"AUDIT-000947","BATCH_02","28c40a3ac026c8712c9de0964de5fde42ba829dc","docs/TAXONOMY_BATCH_02_FINALIZATION_TREE.csv","491","AUDIT-000943","Spor & Outdoor > Bisiklet > Bisikletler","Spor & Outdoor","Bisiklet","Bisikletler","Çocuk Bisikletleri","4","Spor & Outdoor > Bisiklet > Bisikletler > Çocuk Bisikletleri","spor & outdoor > bisiklet > bisikletler > çocuk bisikletleri","YES","CANDIDATE_FOR_PRODUCT_OWNER_FINALIZATION","REGULATED","Spor & Outdoor","YES","YES","Batch 02 source proposal; finalization candidate; OM-R06=B; OM-R07=B; OM-R10=A","TEMPORARY_AUDIT_ID_NOT_PRODUCTION_STABLE_ID"
"AUDIT-000948","BATCH_02","28c40a3ac026c8712c9de0964de5fde42ba829dc","docs/TAXONOMY_BATCH_02_FINALIZATION_TREE.csv","492","AUDIT-000942","Spor & Outdoor > Bisiklet","Spor & Outdoor","Bisiklet","Bisiklet Parçaları","","3","Spor & Outdoor > Bisiklet > Bisiklet Parçaları","spor & outdoor > bisiklet > bisiklet parçaları","NO","CANDIDATE_FOR_PRODUCT_OWNER_FINALIZATION","REGULATED","Spor & Outdoor","YES","YES","Batch 02 source proposal; finalization candidate; OM-R06=B; OM-R07=B; OM-R10=A","TEMPORARY_AUDIT_ID_NOT_PRODUCTION_STABLE_ID"
"AUDIT-000949","BATCH_02","28c40a3ac026c8712c9de0964de5fde42ba829dc","docs/TAXONOMY_BATCH_02_FINALIZATION_TREE.csv","493","AUDIT-000948","Spor & Outdoor > Bisiklet > Bisiklet Parçaları","Spor & Outdoor","Bisiklet","Bisiklet Parçaları","Aktarma Organları","4","Spor & Outdoor > Bisiklet > Bisiklet Parçaları > Aktarma Organları","spor & outdoor > bisiklet > bisiklet parçaları > aktarma organları","YES","CANDIDATE_FOR_PRODUCT_OWNER_FINALIZATION","NORMAL","Spor & Outdoor","YES","YES","Batch 02 source proposal; finalization candidate; OM-R06=B; OM-R07=B; OM-R10=A","TEMPORARY_AUDIT_ID_NOT_PRODUCTION_STABLE_ID"
"AUDIT-000950","BATCH_02","28c40a3ac026c8712c9de0964de5fde42ba829dc","docs/TAXONOMY_BATCH_02_FINALIZATION_TREE.csv","494","AUDIT-000948","Spor & Outdoor > Bisiklet > Bisiklet Parçaları","Spor & Outdoor","Bisiklet","Bisiklet Parçaları","Fren Parçaları","4","Spor & Outdoor > Bisiklet > Bisiklet Parçaları > Fren Parçaları","spor & outdoor > bisiklet > bisiklet parçaları > fren parçaları","YES","CANDIDATE_FOR_PRODUCT_OWNER_FINALIZATION","REGULATED","Spor & Outdoor","YES","YES","Batch 02 source proposal; finalization candidate; OM-R06=B; OM-R07=B; OM-R10=A","TEMPORARY_AUDIT_ID_NOT_PRODUCTION_STABLE_ID"
"AUDIT-000951","BATCH_02","28c40a3ac026c8712c9de0964de5fde42ba829dc","docs/TAXONOMY_BATCH_02_FINALIZATION_TREE.csv","495","AUDIT-000948","Spor & Outdoor > Bisiklet > Bisiklet Parçaları","Spor & Outdoor","Bisiklet","Bisiklet Parçaları","Jant, Lastik & Tekerlek Parçaları","4","Spor & Outdoor > Bisiklet > Bisiklet Parçaları > Jant, Lastik & Tekerlek Parçaları","spor & outdoor > bisiklet > bisiklet parçaları > jant, lastik & tekerlek parçaları","YES","CANDIDATE_FOR_PRODUCT_OWNER_FINALIZATION","NORMAL","Spor & Outdoor","YES","YES","Batch 02 source proposal; finalization candidate; OM-R06=B; OM-R07=B; OM-R10=A","TEMPORARY_AUDIT_ID_NOT_PRODUCTION_STABLE_ID"
"AUDIT-000952","BATCH_02","28c40a3ac026c8712c9de0964de5fde42ba829dc","docs/TAXONOMY_BATCH_02_FINALIZATION_TREE.csv","496","AUDIT-000948","Spor & Outdoor > Bisiklet > Bisiklet Parçaları","Spor & Outdoor","Bisiklet","Bisiklet Parçaları","Gidon, Sele & Kontrol Parçaları","4","Spor & Outdoor > Bisiklet > Bisiklet Parçaları > Gidon, Sele & Kontrol Parçaları","spor & outdoor > bisiklet > bisiklet parçaları > gidon, sele & kontrol parçaları","YES","CANDIDATE_FOR_PRODUCT_OWNER_FINALIZATION","NORMAL","Spor & Outdoor","YES","YES","Batch 02 source proposal; finalization candidate; OM-R06=B; OM-R07=B; OM-R10=A","TEMPORARY_AUDIT_ID_NOT_PRODUCTION_STABLE_ID"
"AUDIT-000953","BATCH_02","28c40a3ac026c8712c9de0964de5fde42ba829dc","docs/TAXONOMY_BATCH_02_FINALIZATION_TREE.csv","497","AUDIT-000942","Spor & Outdoor > Bisiklet","Spor & Outdoor","Bisiklet","Bisiklet Kaskı & Koruyucuları","","3","Spor & Outdoor > Bisiklet > Bisiklet Kaskı & Koruyucuları","spor & outdoor > bisiklet > bisiklet kaskı & koruyucuları","YES","CANDIDATE_FOR_PRODUCT_OWNER_FINALIZATION","REGULATED","Spor & Outdoor","YES","YES","Batch 02 source proposal; finalization candidate; OM-R06=B; OM-R07=B; OM-R10=A","TEMPORARY_AUDIT_ID_NOT_PRODUCTION_STABLE_ID"
"AUDIT-000954","BATCH_02","28c40a3ac026c8712c9de0964de5fde42ba829dc","docs/TAXONOMY_BATCH_02_FINALIZATION_TREE.csv","498","AUDIT-000942","Spor & Outdoor > Bisiklet","Spor & Outdoor","Bisiklet","Bisiklet Kilidi & Güvenlik Ürünleri","","3","Spor & Outdoor > Bisiklet > Bisiklet Kilidi & Güvenlik Ürünleri","spor & outdoor > bisiklet > bisiklet kilidi & güvenlik ürünleri","YES","CANDIDATE_FOR_PRODUCT_OWNER_FINALIZATION","NORMAL","Spor & Outdoor","YES","YES","Batch 02 source proposal; finalization candidate; OM-R06=B; OM-R07=B; OM-R10=A","TEMPORARY_AUDIT_ID_NOT_PRODUCTION_STABLE_ID"
"AUDIT-000955","BATCH_02","28c40a3ac026c8712c9de0964de5fde42ba829dc","docs/TAXONOMY_BATCH_02_FINALIZATION_TREE.csv","499","AUDIT-000942","Spor & Outdoor > Bisiklet","Spor & Outdoor","Bisiklet","Pompa, Bakım & Sürüş Aksesuarları","","3","Spor & Outdoor > Bisiklet > Pompa, Bakım & Sürüş Aksesuarları","spor & outdoor > bisiklet > pompa, bakım & sürüş aksesuarları","YES","CANDIDATE_FOR_PRODUCT_OWNER_FINALIZATION","NORMAL","Spor & Outdoor","YES","YES","Batch 02 source proposal; finalization candidate; OM-R06=B; OM-R07=B; OM-R10=A","TEMPORARY_AUDIT_ID_NOT_PRODUCTION_STABLE_ID"
"AUDIT-000956","BATCH_02","28c40a3ac026c8712c9de0964de5fde42ba829dc","docs/TAXONOMY_BATCH_02_FINALIZATION_TREE.csv","500","AUDIT-000942","Spor & Outdoor > Bisiklet","Spor & Outdoor","Bisiklet","Bisiklete Monte Çanta & Taşıyıcılar","","3","Spor & Outdoor > Bisiklet > Bisiklete Monte Çanta & Taşıyıcılar","spor & outdoor > bisiklet > bisiklete monte çanta & taşıyıcılar","YES","CANDIDATE_FOR_PRODUCT_OWNER_FINALIZATION","REGULATED","Spor & Outdoor","YES","YES","Batch 02 source proposal; finalization candidate; OM-R06=B; OM-R07=B; OM-R10=A","TEMPORARY_AUDIT_ID_NOT_PRODUCTION_STABLE_ID"
"AUDIT-000957","BATCH_02","28c40a3ac026c8712c9de0964de5fde42ba829dc","docs/TAXONOMY_BATCH_02_FINALIZATION_TREE.csv","501","","Spor & Outdoor","Spor & Outdoor","Su Sporları","","","2","Spor & Outdoor > Su Sporları","spor & outdoor > su sporları","NO","CANDIDATE_FOR_PRODUCT_OWNER_FINALIZATION","LEGAL_REVIEW_REQUIRED","Spor & Outdoor","YES","YES","Batch 02 source proposal; finalization candidate; OM-R06=B; OM-R07=B; OM-R10=A","TEMPORARY_AUDIT_ID_NOT_PRODUCTION_STABLE_ID"
"AUDIT-000958","BATCH_02","28c40a3ac026c8712c9de0964de5fde42ba829dc","docs/TAXONOMY_BATCH_02_FINALIZATION_TREE.csv","502","AUDIT-000957","Spor & Outdoor > Su Sporları","Spor & Outdoor","Su Sporları","Yüzme Ekipmanları","","3","Spor & Outdoor > Su Sporları > Yüzme Ekipmanları","spor & outdoor > su sporları > yüzme ekipmanları","YES","CANDIDATE_FOR_PRODUCT_OWNER_FINALIZATION","REGULATED","Spor & Outdoor","YES","YES","Batch 02 source proposal; finalization candidate; OM-R06=B; OM-R07=B; OM-R10=A","TEMPORARY_AUDIT_ID_NOT_PRODUCTION_STABLE_ID"
"AUDIT-000959","BATCH_02","28c40a3ac026c8712c9de0964de5fde42ba829dc","docs/TAXONOMY_BATCH_02_FINALIZATION_TREE.csv","503","AUDIT-000957","Spor & Outdoor > Su Sporları","Spor & Outdoor","Su Sporları","Dalış & Şnorkel Ekipmanları","","3","Spor & Outdoor > Su Sporları > Dalış & Şnorkel Ekipmanları","spor & outdoor > su sporları > dalış & şnorkel ekipmanları","YES","CANDIDATE_FOR_PRODUCT_OWNER_FINALIZATION","LEGAL_REVIEW_REQUIRED","Spor & Outdoor","YES","YES","Batch 02 source proposal; finalization candidate; OM-R06=B; OM-R07=B; OM-R10=A","TEMPORARY_AUDIT_ID_NOT_PRODUCTION_STABLE_ID"
"AUDIT-000960","BATCH_02","28c40a3ac026c8712c9de0964de5fde42ba829dc","docs/TAXONOMY_BATCH_02_FINALIZATION_TREE.csv","504","AUDIT-000957","Spor & Outdoor > Su Sporları","Spor & Outdoor","Su Sporları","Sörf & SUP Ekipmanları","","3","Spor & Outdoor > Su Sporları > Sörf & SUP Ekipmanları","spor & outdoor > su sporları > sörf & sup ekipmanları","YES","CANDIDATE_FOR_PRODUCT_OWNER_FINALIZATION","REGULATED","Spor & Outdoor","YES","YES","Batch 02 source proposal; finalization candidate; OM-R06=B; OM-R07=B; OM-R10=A","TEMPORARY_AUDIT_ID_NOT_PRODUCTION_STABLE_ID"
"AUDIT-000961","BATCH_02","28c40a3ac026c8712c9de0964de5fde42ba829dc","docs/TAXONOMY_BATCH_02_FINALIZATION_TREE.csv","505","AUDIT-000957","Spor & Outdoor > Su Sporları","Spor & Outdoor","Su Sporları","Kano & Kayak Ekipmanları","","3","Spor & Outdoor > Su Sporları > Kano & Kayak Ekipmanları","spor & outdoor > su sporları > kano & kayak ekipmanları","YES","CANDIDATE_FOR_PRODUCT_OWNER_FINALIZATION","REGULATED","Spor & Outdoor","YES","YES","Batch 02 source proposal; finalization candidate; OM-R06=B; OM-R07=B; OM-R10=A","TEMPORARY_AUDIT_ID_NOT_PRODUCTION_STABLE_ID"
"AUDIT-000962","BATCH_02","28c40a3ac026c8712c9de0964de5fde42ba829dc","docs/TAXONOMY_BATCH_02_FINALIZATION_TREE.csv","506","AUDIT-000957","Spor & Outdoor > Su Sporları","Spor & Outdoor","Su Sporları","Can Yeleği & Su Güvenliği Ekipmanları","","3","Spor & Outdoor > Su Sporları > Can Yeleği & Su Güvenliği Ekipmanları","spor & outdoor > su sporları > can yeleği & su güvenliği ekipmanları","YES","CANDIDATE_FOR_PRODUCT_OWNER_FINALIZATION","REGULATED","Spor & Outdoor","YES","YES","Batch 02 source proposal; finalization candidate; OM-R06=B; OM-R07=B; OM-R10=A","TEMPORARY_AUDIT_ID_NOT_PRODUCTION_STABLE_ID"
"AUDIT-000963","BATCH_02","28c40a3ac026c8712c9de0964de5fde42ba829dc","docs/TAXONOMY_BATCH_02_FINALIZATION_TREE.csv","507","AUDIT-000957","Spor & Outdoor > Su Sporları","Spor & Outdoor","Su Sporları","Şişme Su Sporu Ürünleri","","3","Spor & Outdoor > Su Sporları > Şişme Su Sporu Ürünleri","spor & outdoor > su sporları > şişme su sporu ürünleri","YES","CANDIDATE_FOR_PRODUCT_OWNER_FINALIZATION","REGULATED","Spor & Outdoor","YES","YES","Batch 02 source proposal; finalization candidate; OM-R06=B; OM-R07=B; OM-R10=A","TEMPORARY_AUDIT_ID_NOT_PRODUCTION_STABLE_ID"
"AUDIT-000964","BATCH_02","28c40a3ac026c8712c9de0964de5fde42ba829dc","docs/TAXONOMY_BATCH_02_FINALIZATION_TREE.csv","508","","Spor & Outdoor","Spor & Outdoor","Kış Sporları","","","2","Spor & Outdoor > Kış Sporları","spor & outdoor > kış sporları","NO","CANDIDATE_FOR_PRODUCT_OWNER_FINALIZATION","REGULATED","Spor & Outdoor","YES","YES","Batch 02 source proposal; finalization candidate; OM-R06=B; OM-R07=B; OM-R10=A","TEMPORARY_AUDIT_ID_NOT_PRODUCTION_STABLE_ID"
"AUDIT-000965","BATCH_02","28c40a3ac026c8712c9de0964de5fde42ba829dc","docs/TAXONOMY_BATCH_02_FINALIZATION_TREE.csv","509","AUDIT-000964","Spor & Outdoor > Kış Sporları","Spor & Outdoor","Kış Sporları","Kayak Ekipmanları","","3","Spor & Outdoor > Kış Sporları > Kayak Ekipmanları","spor & outdoor > kış sporları > kayak ekipmanları","YES","CANDIDATE_FOR_PRODUCT_OWNER_FINALIZATION","REGULATED","Spor & Outdoor","YES","YES","Batch 02 source proposal; finalization candidate; OM-R06=B; OM-R07=B; OM-R10=A","TEMPORARY_AUDIT_ID_NOT_PRODUCTION_STABLE_ID"
"AUDIT-000966","BATCH_02","28c40a3ac026c8712c9de0964de5fde42ba829dc","docs/TAXONOMY_BATCH_02_FINALIZATION_TREE.csv","510","AUDIT-000964","Spor & Outdoor > Kış Sporları","Spor & Outdoor","Kış Sporları","Snowboard Ekipmanları","","3","Spor & Outdoor > Kış Sporları > Snowboard Ekipmanları","spor & outdoor > kış sporları > snowboard ekipmanları","YES","CANDIDATE_FOR_PRODUCT_OWNER_FINALIZATION","REGULATED","Spor & Outdoor","YES","YES","Batch 02 source proposal; finalization candidate; OM-R06=B; OM-R07=B; OM-R10=A","TEMPORARY_AUDIT_ID_NOT_PRODUCTION_STABLE_ID"
"AUDIT-000967","BATCH_02","28c40a3ac026c8712c9de0964de5fde42ba829dc","docs/TAXONOMY_BATCH_02_FINALIZATION_TREE.csv","511","AUDIT-000964","Spor & Outdoor > Kış Sporları","Spor & Outdoor","Kış Sporları","Kızaklar","","3","Spor & Outdoor > Kış Sporları > Kızaklar","spor & outdoor > kış sporları > kızaklar","YES","CANDIDATE_FOR_PRODUCT_OWNER_FINALIZATION","REGULATED","Spor & Outdoor","YES","YES","Batch 02 source proposal; finalization candidate; OM-R06=B; OM-R07=B; OM-R10=A","TEMPORARY_AUDIT_ID_NOT_PRODUCTION_STABLE_ID"
"AUDIT-000968","BATCH_02","28c40a3ac026c8712c9de0964de5fde42ba829dc","docs/TAXONOMY_BATCH_02_FINALIZATION_TREE.csv","512","AUDIT-000964","Spor & Outdoor > Kış Sporları","Spor & Outdoor","Kış Sporları","Kış Sporu Koruyucuları","","3","Spor & Outdoor > Kış Sporları > Kış Sporu Koruyucuları","spor & outdoor > kış sporları > kış sporu koruyucuları","YES","CANDIDATE_FOR_PRODUCT_OWNER_FINALIZATION","REGULATED","Spor & Outdoor","YES","YES","Batch 02 source proposal; finalization candidate; OM-R06=B; OM-R07=B; OM-R10=A","TEMPORARY_AUDIT_ID_NOT_PRODUCTION_STABLE_ID"
"AUDIT-000969","BATCH_02","28c40a3ac026c8712c9de0964de5fde42ba829dc","docs/TAXONOMY_BATCH_02_FINALIZATION_TREE.csv","513","AUDIT-000964","Spor & Outdoor > Kış Sporları","Spor & Outdoor","Kış Sporları","Kış Sporu Aksesuarları","","3","Spor & Outdoor > Kış Sporları > Kış Sporu Aksesuarları","spor & outdoor > kış sporları > kış sporu aksesuarları","YES","CANDIDATE_FOR_PRODUCT_OWNER_FINALIZATION","REGULATED","Spor & Outdoor","YES","YES","Batch 02 source proposal; finalization candidate; OM-R06=B; OM-R07=B; OM-R10=A","TEMPORARY_AUDIT_ID_NOT_PRODUCTION_STABLE_ID"
"AUDIT-000970","BATCH_02","28c40a3ac026c8712c9de0964de5fde42ba829dc","docs/TAXONOMY_BATCH_02_FINALIZATION_TREE.csv","514","","Spor & Outdoor","Spor & Outdoor","Balıkçılık","","","2","Spor & Outdoor > Balıkçılık","spor & outdoor > balıkçılık","NO","CANDIDATE_FOR_PRODUCT_OWNER_FINALIZATION","LEGAL_REVIEW_REQUIRED","Spor & Outdoor","YES","YES","Batch 02 source proposal; finalization candidate; OM-R06=B; OM-R07=B; OM-R10=A","TEMPORARY_AUDIT_ID_NOT_PRODUCTION_STABLE_ID"
"AUDIT-000971","BATCH_02","28c40a3ac026c8712c9de0964de5fde42ba829dc","docs/TAXONOMY_BATCH_02_FINALIZATION_TREE.csv","515","AUDIT-000970","Spor & Outdoor > Balıkçılık","Spor & Outdoor","Balıkçılık","Olta Kamışları","","3","Spor & Outdoor > Balıkçılık > Olta Kamışları","spor & outdoor > balıkçılık > olta kamışları","YES","CANDIDATE_FOR_PRODUCT_OWNER_FINALIZATION","NORMAL","Spor & Outdoor","YES","YES","Batch 02 source proposal; finalization candidate; OM-R06=B; OM-R07=B; OM-R10=A","TEMPORARY_AUDIT_ID_NOT_PRODUCTION_STABLE_ID"
"AUDIT-000972","BATCH_02","28c40a3ac026c8712c9de0964de5fde42ba829dc","docs/TAXONOMY_BATCH_02_FINALIZATION_TREE.csv","516","AUDIT-000970","Spor & Outdoor > Balıkçılık","Spor & Outdoor","Balıkçılık","Olta Makineleri","","3","Spor & Outdoor > Balıkçılık > Olta Makineleri","spor & outdoor > balıkçılık > olta makineleri","YES","CANDIDATE_FOR_PRODUCT_OWNER_FINALIZATION","NORMAL","Spor & Outdoor","YES","YES","Batch 02 source proposal; finalization candidate; OM-R06=B; OM-R07=B; OM-R10=A","TEMPORARY_AUDIT_ID_NOT_PRODUCTION_STABLE_ID"
"AUDIT-000973","BATCH_02","28c40a3ac026c8712c9de0964de5fde42ba829dc","docs/TAXONOMY_BATCH_02_FINALIZATION_TREE.csv","517","AUDIT-000970","Spor & Outdoor > Balıkçılık","Spor & Outdoor","Balıkçılık","Misina, İğne & Bağlantı Takımları","","3","Spor & Outdoor > Balıkçılık > Misina, İğne & Bağlantı Takımları","spor & outdoor > balıkçılık > misina, iğne & bağlantı takımları","YES","CANDIDATE_FOR_PRODUCT_OWNER_FINALIZATION","LEGAL_REVIEW_REQUIRED","Spor & Outdoor","YES","YES","Batch 02 source proposal; finalization candidate; OM-R06=B; OM-R07=B; OM-R10=A","TEMPORARY_AUDIT_ID_NOT_PRODUCTION_STABLE_ID"
"AUDIT-000974","BATCH_02","28c40a3ac026c8712c9de0964de5fde42ba829dc","docs/TAXONOMY_BATCH_02_FINALIZATION_TREE.csv","518","AUDIT-000970","Spor & Outdoor > Balıkçılık","Spor & Outdoor","Balıkçılık","Suni Yem & Balıkçılık Yemleri","","3","Spor & Outdoor > Balıkçılık > Suni Yem & Balıkçılık Yemleri","spor & outdoor > balıkçılık > suni yem & balıkçılık yemleri","YES","CANDIDATE_FOR_PRODUCT_OWNER_FINALIZATION","LEGAL_REVIEW_REQUIRED","Spor & Outdoor","YES","YES","Batch 02 source proposal; finalization candidate; OM-R06=B; OM-R07=B; OM-R10=A","TEMPORARY_AUDIT_ID_NOT_PRODUCTION_STABLE_ID"
"AUDIT-000975","BATCH_02","28c40a3ac026c8712c9de0964de5fde42ba829dc","docs/TAXONOMY_BATCH_02_FINALIZATION_TREE.csv","519","AUDIT-000970","Spor & Outdoor > Balıkçılık","Spor & Outdoor","Balıkçılık","Kepçe, Ağ & Balıkçılık Aksesuarları","","3","Spor & Outdoor > Balıkçılık > Kepçe, Ağ & Balıkçılık Aksesuarları","spor & outdoor > balıkçılık > kepçe, ağ & balıkçılık aksesuarları","YES","CANDIDATE_FOR_PRODUCT_OWNER_FINALIZATION","LEGAL_REVIEW_REQUIRED","Spor & Outdoor","YES","YES","Batch 02 source proposal; finalization candidate; OM-R06=B; OM-R07=B; OM-R10=A","TEMPORARY_AUDIT_ID_NOT_PRODUCTION_STABLE_ID"
"AUDIT-000976","BATCH_02","28c40a3ac026c8712c9de0964de5fde42ba829dc","docs/TAXONOMY_BATCH_02_FINALIZATION_TREE.csv","520","AUDIT-000970","Spor & Outdoor > Balıkçılık","Spor & Outdoor","Balıkçılık","Balıkçı Kutusu & Taşıma Ürünleri","","3","Spor & Outdoor > Balıkçılık > Balıkçı Kutusu & Taşıma Ürünleri","spor & outdoor > balıkçılık > balıkçı kutusu & taşıma ürünleri","YES","CANDIDATE_FOR_PRODUCT_OWNER_FINALIZATION","NORMAL","Spor & Outdoor","YES","YES","Batch 02 source proposal; finalization candidate; OM-R06=B; OM-R07=B; OM-R10=A","TEMPORARY_AUDIT_ID_NOT_PRODUCTION_STABLE_ID"
"AUDIT-000977","BATCH_02","28c40a3ac026c8712c9de0964de5fde42ba829dc","docs/TAXONOMY_BATCH_02_FINALIZATION_TREE.csv","521","","Hediyelik & Parti","Hediyelik & Parti","Hatıra & Hediyelik Objeler","","","2","Hediyelik & Parti > Hatıra & Hediyelik Objeler","hediyelik & parti > hatıra & hediyelik objeler","NO","CANDIDATE_FOR_PRODUCT_OWNER_FINALIZATION","NORMAL","Hediyelik & Parti","YES","YES","Batch 02 source proposal; finalization candidate; OM-R06=B; OM-R07=B; OM-R10=A","TEMPORARY_AUDIT_ID_NOT_PRODUCTION_STABLE_ID"
"AUDIT-000978","BATCH_02","28c40a3ac026c8712c9de0964de5fde42ba829dc","docs/TAXONOMY_BATCH_02_FINALIZATION_TREE.csv","522","AUDIT-000977","Hediyelik & Parti > Hatıra & Hediyelik Objeler","Hediyelik & Parti","Hatıra & Hediyelik Objeler","Hatıra Plaketi & Ödül Objeleri","","3","Hediyelik & Parti > Hatıra & Hediyelik Objeler > Hatıra Plaketi & Ödül Objeleri","hediyelik & parti > hatıra & hediyelik objeler > hatıra plaketi & ödül objeleri","YES","CANDIDATE_FOR_PRODUCT_OWNER_FINALIZATION","NORMAL","Hediyelik & Parti","YES","YES","Batch 02 source proposal; finalization candidate; OM-R06=B; OM-R07=B; OM-R10=A","TEMPORARY_AUDIT_ID_NOT_PRODUCTION_STABLE_ID"
"AUDIT-000979","BATCH_02","28c40a3ac026c8712c9de0964de5fde42ba829dc","docs/TAXONOMY_BATCH_02_FINALIZATION_TREE.csv","523","AUDIT-000977","Hediyelik & Parti > Hatıra & Hediyelik Objeler","Hediyelik & Parti","Hatıra & Hediyelik Objeler","Magnet & Turistik Hatıralar","","3","Hediyelik & Parti > Hatıra & Hediyelik Objeler > Magnet & Turistik Hatıralar","hediyelik & parti > hatıra & hediyelik objeler > magnet & turistik hatıralar","YES","CANDIDATE_FOR_PRODUCT_OWNER_FINALIZATION","NORMAL","Hediyelik & Parti","YES","YES","Batch 02 source proposal; finalization candidate; OM-R06=B; OM-R07=B; OM-R10=A","TEMPORARY_AUDIT_ID_NOT_PRODUCTION_STABLE_ID"
"AUDIT-000980","BATCH_02","28c40a3ac026c8712c9de0964de5fde42ba829dc","docs/TAXONOMY_BATCH_02_FINALIZATION_TREE.csv","524","AUDIT-000977","Hediyelik & Parti > Hatıra & Hediyelik Objeler","Hediyelik & Parti","Hatıra & Hediyelik Objeler","Anı Kutusu & Hatıra Saklama Ürünleri","","3","Hediyelik & Parti > Hatıra & Hediyelik Objeler > Anı Kutusu & Hatıra Saklama Ürünleri","hediyelik & parti > hatıra & hediyelik objeler > anı kutusu & hatıra saklama ürünleri","YES","CANDIDATE_FOR_PRODUCT_OWNER_FINALIZATION","NORMAL","Hediyelik & Parti","YES","YES","Batch 02 source proposal; finalization candidate; OM-R06=B; OM-R07=B; OM-R10=A","TEMPORARY_AUDIT_ID_NOT_PRODUCTION_STABLE_ID"
"AUDIT-000981","BATCH_02","28c40a3ac026c8712c9de0964de5fde42ba829dc","docs/TAXONOMY_BATCH_02_FINALIZATION_TREE.csv","525","AUDIT-000977","Hediyelik & Parti > Hatıra & Hediyelik Objeler","Hediyelik & Parti","Hatıra & Hediyelik Objeler","Nikâh, Nişan & Bebek Hatıraları","","3","Hediyelik & Parti > Hatıra & Hediyelik Objeler > Nikâh, Nişan & Bebek Hatıraları","hediyelik & parti > hatıra & hediyelik objeler > nikâh, nişan & bebek hatıraları","YES","CANDIDATE_FOR_PRODUCT_OWNER_FINALIZATION","NORMAL","Hediyelik & Parti","YES","YES","Batch 02 source proposal; finalization candidate; OM-R06=B; OM-R07=B; OM-R10=A","TEMPORARY_AUDIT_ID_NOT_PRODUCTION_STABLE_ID"
"AUDIT-000982","BATCH_02","28c40a3ac026c8712c9de0964de5fde42ba829dc","docs/TAXONOMY_BATCH_02_FINALIZATION_TREE.csv","526","","Hediyelik & Parti","Hediyelik & Parti","Hediye Paketleme & Sunum","","","2","Hediyelik & Parti > Hediye Paketleme & Sunum","hediyelik & parti > hediye paketleme & sunum","NO","CANDIDATE_FOR_PRODUCT_OWNER_FINALIZATION","NORMAL","Hediyelik & Parti","YES","NO","Batch 02 source proposal; finalization candidate; OM-R06=B; OM-R07=B; OM-R10=A","TEMPORARY_AUDIT_ID_NOT_PRODUCTION_STABLE_ID"
"AUDIT-000983","BATCH_02","28c40a3ac026c8712c9de0964de5fde42ba829dc","docs/TAXONOMY_BATCH_02_FINALIZATION_TREE.csv","527","AUDIT-000982","Hediyelik & Parti > Hediye Paketleme & Sunum","Hediyelik & Parti","Hediye Paketleme & Sunum","Hediye Kutuları","","3","Hediyelik & Parti > Hediye Paketleme & Sunum > Hediye Kutuları","hediyelik & parti > hediye paketleme & sunum > hediye kutuları","YES","CANDIDATE_FOR_PRODUCT_OWNER_FINALIZATION","NORMAL","Hediyelik & Parti","YES","NO","Batch 02 source proposal; finalization candidate; OM-R06=B; OM-R07=B; OM-R10=A","TEMPORARY_AUDIT_ID_NOT_PRODUCTION_STABLE_ID"
"AUDIT-000984","BATCH_02","28c40a3ac026c8712c9de0964de5fde42ba829dc","docs/TAXONOMY_BATCH_02_FINALIZATION_TREE.csv","528","AUDIT-000982","Hediyelik & Parti > Hediye Paketleme & Sunum","Hediyelik & Parti","Hediye Paketleme & Sunum","Hediye Çantaları","","3","Hediyelik & Parti > Hediye Paketleme & Sunum > Hediye Çantaları","hediyelik & parti > hediye paketleme & sunum > hediye çantaları","YES","CANDIDATE_FOR_PRODUCT_OWNER_FINALIZATION","NORMAL","Hediyelik & Parti","YES","NO","Batch 02 source proposal; finalization candidate; OM-R06=B; OM-R07=B; OM-R10=A","TEMPORARY_AUDIT_ID_NOT_PRODUCTION_STABLE_ID"
"AUDIT-000985","BATCH_02","28c40a3ac026c8712c9de0964de5fde42ba829dc","docs/TAXONOMY_BATCH_02_FINALIZATION_TREE.csv","529","AUDIT-000982","Hediyelik & Parti > Hediye Paketleme & Sunum","Hediyelik & Parti","Hediye Paketleme & Sunum","Paket Kâğıdı","","3","Hediyelik & Parti > Hediye Paketleme & Sunum > Paket Kâğıdı","hediyelik & parti > hediye paketleme & sunum > paket kâğıdı","YES","CANDIDATE_FOR_PRODUCT_OWNER_FINALIZATION","NORMAL","Hediyelik & Parti","YES","NO","Batch 02 source proposal; finalization candidate; OM-R06=B; OM-R07=B; OM-R10=A","TEMPORARY_AUDIT_ID_NOT_PRODUCTION_STABLE_ID"
"AUDIT-000986","BATCH_02","28c40a3ac026c8712c9de0964de5fde42ba829dc","docs/TAXONOMY_BATCH_02_FINALIZATION_TREE.csv","530","AUDIT-000982","Hediyelik & Parti > Hediye Paketleme & Sunum","Hediyelik & Parti","Hediye Paketleme & Sunum","Kurdele & Fiyonklar","","3","Hediyelik & Parti > Hediye Paketleme & Sunum > Kurdele & Fiyonklar","hediyelik & parti > hediye paketleme & sunum > kurdele & fiyonklar","YES","CANDIDATE_FOR_PRODUCT_OWNER_FINALIZATION","NORMAL","Hediyelik & Parti","YES","NO","Batch 02 source proposal; finalization candidate; OM-R06=B; OM-R07=B; OM-R10=A","TEMPORARY_AUDIT_ID_NOT_PRODUCTION_STABLE_ID"
"AUDIT-000987","BATCH_02","28c40a3ac026c8712c9de0964de5fde42ba829dc","docs/TAXONOMY_BATCH_02_FINALIZATION_TREE.csv","531","AUDIT-000982","Hediyelik & Parti > Hediye Paketleme & Sunum","Hediyelik & Parti","Hediye Paketleme & Sunum","Pelür & Sunum Dolguları","","3","Hediyelik & Parti > Hediye Paketleme & Sunum > Pelür & Sunum Dolguları","hediyelik & parti > hediye paketleme & sunum > pelür & sunum dolguları","YES","CANDIDATE_FOR_PRODUCT_OWNER_FINALIZATION","NORMAL","Hediyelik & Parti","YES","NO","Batch 02 source proposal; finalization candidate; OM-R06=B; OM-R07=B; OM-R10=A","TEMPORARY_AUDIT_ID_NOT_PRODUCTION_STABLE_ID"
"AUDIT-000988","BATCH_02","28c40a3ac026c8712c9de0964de5fde42ba829dc","docs/TAXONOMY_BATCH_02_FINALIZATION_TREE.csv","532","","Hediyelik & Parti","Hediyelik & Parti","Tebrik Kartları, Davetiyeler & Kutlama Yazıları","","","2","Hediyelik & Parti > Tebrik Kartları, Davetiyeler & Kutlama Yazıları","hediyelik & parti > tebrik kartları, davetiyeler & kutlama yazıları","NO","CANDIDATE_FOR_PRODUCT_OWNER_FINALIZATION","NORMAL","Hediyelik & Parti","YES","YES","Batch 02 source proposal; finalization candidate; OM-R06=B; OM-R07=B; OM-R10=A","TEMPORARY_AUDIT_ID_NOT_PRODUCTION_STABLE_ID"
"AUDIT-000989","BATCH_02","28c40a3ac026c8712c9de0964de5fde42ba829dc","docs/TAXONOMY_BATCH_02_FINALIZATION_TREE.csv","533","AUDIT-000988","Hediyelik & Parti > Tebrik Kartları, Davetiyeler & Kutlama Yazıları","Hediyelik & Parti","Tebrik Kartları, Davetiyeler & Kutlama Yazıları","Tebrik Kartları","","3","Hediyelik & Parti > Tebrik Kartları, Davetiyeler & Kutlama Yazıları > Tebrik Kartları","hediyelik & parti > tebrik kartları, davetiyeler & kutlama yazıları > tebrik kartları","YES","CANDIDATE_FOR_PRODUCT_OWNER_FINALIZATION","NORMAL","Hediyelik & Parti","YES","YES","Batch 02 source proposal; finalization candidate; OM-R06=B; OM-R07=B; OM-R10=A","TEMPORARY_AUDIT_ID_NOT_PRODUCTION_STABLE_ID"
"AUDIT-000990","BATCH_02","28c40a3ac026c8712c9de0964de5fde42ba829dc","docs/TAXONOMY_BATCH_02_FINALIZATION_TREE.csv","534","AUDIT-000988","Hediyelik & Parti > Tebrik Kartları, Davetiyeler & Kutlama Yazıları","Hediyelik & Parti","Tebrik Kartları, Davetiyeler & Kutlama Yazıları","Fiziksel Davetiyeler","","3","Hediyelik & Parti > Tebrik Kartları, Davetiyeler & Kutlama Yazıları > Fiziksel Davetiyeler","hediyelik & parti > tebrik kartları, davetiyeler & kutlama yazıları > fiziksel davetiyeler","YES","CANDIDATE_FOR_PRODUCT_OWNER_FINALIZATION","NORMAL","Hediyelik & Parti","YES","YES","Batch 02 source proposal; finalization candidate; OM-R06=B; OM-R07=B; OM-R10=A","TEMPORARY_AUDIT_ID_NOT_PRODUCTION_STABLE_ID"
"AUDIT-000991","BATCH_02","28c40a3ac026c8712c9de0964de5fde42ba829dc","docs/TAXONOMY_BATCH_02_FINALIZATION_TREE.csv","535","AUDIT-000988","Hediyelik & Parti > Tebrik Kartları, Davetiyeler & Kutlama Yazıları","Hediyelik & Parti","Tebrik Kartları, Davetiyeler & Kutlama Yazıları","Masa Kartı & Hediye Etiketleri","","3","Hediyelik & Parti > Tebrik Kartları, Davetiyeler & Kutlama Yazıları > Masa Kartı & Hediye Etiketleri","hediyelik & parti > tebrik kartları, davetiyeler & kutlama yazıları > masa kartı & hediye etiketleri","YES","CANDIDATE_FOR_PRODUCT_OWNER_FINALIZATION","NORMAL","Hediyelik & Parti","YES","YES","Batch 02 source proposal; finalization candidate; OM-R06=B; OM-R07=B; OM-R10=A","TEMPORARY_AUDIT_ID_NOT_PRODUCTION_STABLE_ID"
"AUDIT-000992","BATCH_02","28c40a3ac026c8712c9de0964de5fde42ba829dc","docs/TAXONOMY_BATCH_02_FINALIZATION_TREE.csv","536","AUDIT-000988","Hediyelik & Parti > Tebrik Kartları, Davetiyeler & Kutlama Yazıları","Hediyelik & Parti","Tebrik Kartları, Davetiyeler & Kutlama Yazıları","Kutlama Harfleri & Yazıları","","3","Hediyelik & Parti > Tebrik Kartları, Davetiyeler & Kutlama Yazıları > Kutlama Harfleri & Yazıları","hediyelik & parti > tebrik kartları, davetiyeler & kutlama yazıları > kutlama harfleri & yazıları","YES","CANDIDATE_FOR_PRODUCT_OWNER_FINALIZATION","NORMAL","Hediyelik & Parti","YES","YES","Batch 02 source proposal; finalization candidate; OM-R06=B; OM-R07=B; OM-R10=A","TEMPORARY_AUDIT_ID_NOT_PRODUCTION_STABLE_ID"
"AUDIT-000993","BATCH_02","28c40a3ac026c8712c9de0964de5fde42ba829dc","docs/TAXONOMY_BATCH_02_FINALIZATION_TREE.csv","537","","Hediyelik & Parti","Hediyelik & Parti","Balon & Balon Aksesuarları","","","2","Hediyelik & Parti > Balon & Balon Aksesuarları","hediyelik & parti > balon & balon aksesuarları","NO","CANDIDATE_FOR_PRODUCT_OWNER_FINALIZATION","REGULATED","Hediyelik & Parti","YES","YES","Batch 02 source proposal; finalization candidate; OM-R06=B; OM-R07=B; OM-R10=A","TEMPORARY_AUDIT_ID_NOT_PRODUCTION_STABLE_ID"
"AUDIT-000994","BATCH_02","28c40a3ac026c8712c9de0964de5fde42ba829dc","docs/TAXONOMY_BATCH_02_FINALIZATION_TREE.csv","538","AUDIT-000993","Hediyelik & Parti > Balon & Balon Aksesuarları","Hediyelik & Parti","Balon & Balon Aksesuarları","Balonlar","","3","Hediyelik & Parti > Balon & Balon Aksesuarları > Balonlar","hediyelik & parti > balon & balon aksesuarları > balonlar","NO","CANDIDATE_FOR_PRODUCT_OWNER_FINALIZATION","REGULATED","Hediyelik & Parti","YES","YES","Batch 02 source proposal; finalization candidate; OM-R06=B; OM-R07=B; OM-R10=A","TEMPORARY_AUDIT_ID_NOT_PRODUCTION_STABLE_ID"
"AUDIT-000995","BATCH_02","28c40a3ac026c8712c9de0964de5fde42ba829dc","docs/TAXONOMY_BATCH_02_FINALIZATION_TREE.csv","539","AUDIT-000994","Hediyelik & Parti > Balon & Balon Aksesuarları > Balonlar","Hediyelik & Parti","Balon & Balon Aksesuarları","Balonlar","Lateks Balonlar","4","Hediyelik & Parti > Balon & Balon Aksesuarları > Balonlar > Lateks Balonlar","hediyelik & parti > balon & balon aksesuarları > balonlar > lateks balonlar","YES","CANDIDATE_FOR_PRODUCT_OWNER_FINALIZATION","REGULATED","Hediyelik & Parti","YES","YES","Batch 02 source proposal; finalization candidate; OM-R06=B; OM-R07=B; OM-R10=A","TEMPORARY_AUDIT_ID_NOT_PRODUCTION_STABLE_ID"
"AUDIT-000996","BATCH_02","28c40a3ac026c8712c9de0964de5fde42ba829dc","docs/TAXONOMY_BATCH_02_FINALIZATION_TREE.csv","540","AUDIT-000994","Hediyelik & Parti > Balon & Balon Aksesuarları > Balonlar","Hediyelik & Parti","Balon & Balon Aksesuarları","Balonlar","Folyo Balonlar","4","Hediyelik & Parti > Balon & Balon Aksesuarları > Balonlar > Folyo Balonlar","hediyelik & parti > balon & balon aksesuarları > balonlar > folyo balonlar","YES","CANDIDATE_FOR_PRODUCT_OWNER_FINALIZATION","REGULATED","Hediyelik & Parti","YES","YES","Batch 02 source proposal; finalization candidate; OM-R06=B; OM-R07=B; OM-R10=A","TEMPORARY_AUDIT_ID_NOT_PRODUCTION_STABLE_ID"
"AUDIT-000997","BATCH_02","28c40a3ac026c8712c9de0964de5fde42ba829dc","docs/TAXONOMY_BATCH_02_FINALIZATION_TREE.csv","541","AUDIT-000993","Hediyelik & Parti > Balon & Balon Aksesuarları","Hediyelik & Parti","Balon & Balon Aksesuarları","Balon Pompaları","","3","Hediyelik & Parti > Balon & Balon Aksesuarları > Balon Pompaları","hediyelik & parti > balon & balon aksesuarları > balon pompaları","YES","CANDIDATE_FOR_PRODUCT_OWNER_FINALIZATION","NORMAL","Hediyelik & Parti","YES","YES","Batch 02 source proposal; finalization candidate; OM-R06=B; OM-R07=B; OM-R10=A","TEMPORARY_AUDIT_ID_NOT_PRODUCTION_STABLE_ID"
"AUDIT-000998","BATCH_02","28c40a3ac026c8712c9de0964de5fde42ba829dc","docs/TAXONOMY_BATCH_02_FINALIZATION_TREE.csv","542","AUDIT-000993","Hediyelik & Parti > Balon & Balon Aksesuarları","Hediyelik & Parti","Balon & Balon Aksesuarları","Balon Standı & Ağırlıkları","","3","Hediyelik & Parti > Balon & Balon Aksesuarları > Balon Standı & Ağırlıkları","hediyelik & parti > balon & balon aksesuarları > balon standı & ağırlıkları","YES","CANDIDATE_FOR_PRODUCT_OWNER_FINALIZATION","NORMAL","Hediyelik & Parti","YES","YES","Batch 02 source proposal; finalization candidate; OM-R06=B; OM-R07=B; OM-R10=A","TEMPORARY_AUDIT_ID_NOT_PRODUCTION_STABLE_ID"
"AUDIT-000999","BATCH_02","28c40a3ac026c8712c9de0964de5fde42ba829dc","docs/TAXONOMY_BATCH_02_FINALIZATION_TREE.csv","543","AUDIT-000993","Hediyelik & Parti > Balon & Balon Aksesuarları","Hediyelik & Parti","Balon & Balon Aksesuarları","Balon Bant & Bağlama Aksesuarları","","3","Hediyelik & Parti > Balon & Balon Aksesuarları > Balon Bant & Bağlama Aksesuarları","hediyelik & parti > balon & balon aksesuarları > balon bant & bağlama aksesuarları","YES","CANDIDATE_FOR_PRODUCT_OWNER_FINALIZATION","NORMAL","Hediyelik & Parti","YES","YES","Batch 02 source proposal; finalization candidate; OM-R06=B; OM-R07=B; OM-R10=A","TEMPORARY_AUDIT_ID_NOT_PRODUCTION_STABLE_ID"
"AUDIT-001000","BATCH_02","28c40a3ac026c8712c9de0964de5fde42ba829dc","docs/TAXONOMY_BATCH_02_FINALIZATION_TREE.csv","544","","Hediyelik & Parti","Hediyelik & Parti","Parti Süsleri & Mekân Dekorasyonu","","","2","Hediyelik & Parti > Parti Süsleri & Mekân Dekorasyonu","hediyelik & parti > parti süsleri & mekân dekorasyonu","NO","CANDIDATE_FOR_PRODUCT_OWNER_FINALIZATION","REGULATED","Hediyelik & Parti","YES","YES","Batch 02 source proposal; finalization candidate; OM-R06=B; OM-R07=B; OM-R10=A","TEMPORARY_AUDIT_ID_NOT_PRODUCTION_STABLE_ID"
"AUDIT-001001","BATCH_02","28c40a3ac026c8712c9de0964de5fde42ba829dc","docs/TAXONOMY_BATCH_02_FINALIZATION_TREE.csv","545","AUDIT-001000","Hediyelik & Parti > Parti Süsleri & Mekân Dekorasyonu","Hediyelik & Parti","Parti Süsleri & Mekân Dekorasyonu","Banner & Girlandlar","","3","Hediyelik & Parti > Parti Süsleri & Mekân Dekorasyonu > Banner & Girlandlar","hediyelik & parti > parti süsleri & mekân dekorasyonu > banner & girlandlar","YES","CANDIDATE_FOR_PRODUCT_OWNER_FINALIZATION","NORMAL","Hediyelik & Parti","YES","YES","Batch 02 source proposal; finalization candidate; OM-R06=B; OM-R07=B; OM-R10=A","TEMPORARY_AUDIT_ID_NOT_PRODUCTION_STABLE_ID"
"AUDIT-001002","BATCH_02","28c40a3ac026c8712c9de0964de5fde42ba829dc","docs/TAXONOMY_BATCH_02_FINALIZATION_TREE.csv","546","AUDIT-001000","Hediyelik & Parti > Parti Süsleri & Mekân Dekorasyonu","Hediyelik & Parti","Parti Süsleri & Mekân Dekorasyonu","Fon Perdesi & Parti Arka Planları","","3","Hediyelik & Parti > Parti Süsleri & Mekân Dekorasyonu > Fon Perdesi & Parti Arka Planları","hediyelik & parti > parti süsleri & mekân dekorasyonu > fon perdesi & parti arka planları","YES","CANDIDATE_FOR_PRODUCT_OWNER_FINALIZATION","REGULATED","Hediyelik & Parti","YES","YES","Batch 02 source proposal; finalization candidate; OM-R06=B; OM-R07=B; OM-R10=A","TEMPORARY_AUDIT_ID_NOT_PRODUCTION_STABLE_ID"
"AUDIT-001003","BATCH_02","28c40a3ac026c8712c9de0964de5fde42ba829dc","docs/TAXONOMY_BATCH_02_FINALIZATION_TREE.csv","547","AUDIT-001000","Hediyelik & Parti > Parti Süsleri & Mekân Dekorasyonu","Hediyelik & Parti","Parti Süsleri & Mekân Dekorasyonu","Asma Parti Süsleri","","3","Hediyelik & Parti > Parti Süsleri & Mekân Dekorasyonu > Asma Parti Süsleri","hediyelik & parti > parti süsleri & mekân dekorasyonu > asma parti süsleri","YES","CANDIDATE_FOR_PRODUCT_OWNER_FINALIZATION","REGULATED","Hediyelik & Parti","YES","YES","Batch 02 source proposal; finalization candidate; OM-R06=B; OM-R07=B; OM-R10=A","TEMPORARY_AUDIT_ID_NOT_PRODUCTION_STABLE_ID"
"AUDIT-001004","BATCH_02","28c40a3ac026c8712c9de0964de5fde42ba829dc","docs/TAXONOMY_BATCH_02_FINALIZATION_TREE.csv","548","AUDIT-001000","Hediyelik & Parti > Parti Süsleri & Mekân Dekorasyonu","Hediyelik & Parti","Parti Süsleri & Mekân Dekorasyonu","Masa & Mekân Parti Süsleri","","3","Hediyelik & Parti > Parti Süsleri & Mekân Dekorasyonu > Masa & Mekân Parti Süsleri","hediyelik & parti > parti süsleri & mekân dekorasyonu > masa & mekân parti süsleri","YES","CANDIDATE_FOR_PRODUCT_OWNER_FINALIZATION","NORMAL","Hediyelik & Parti","YES","YES","Batch 02 source proposal; finalization candidate; OM-R06=B; OM-R07=B; OM-R10=A","TEMPORARY_AUDIT_ID_NOT_PRODUCTION_STABLE_ID"
"AUDIT-001005","BATCH_02","28c40a3ac026c8712c9de0964de5fde42ba829dc","docs/TAXONOMY_BATCH_02_FINALIZATION_TREE.csv","549","AUDIT-001000","Hediyelik & Parti > Parti Süsleri & Mekân Dekorasyonu","Hediyelik & Parti","Parti Süsleri & Mekân Dekorasyonu","Piroteknik Olmayan Konfeti","","3","Hediyelik & Parti > Parti Süsleri & Mekân Dekorasyonu > Piroteknik Olmayan Konfeti","hediyelik & parti > parti süsleri & mekân dekorasyonu > piroteknik olmayan konfeti","YES","CANDIDATE_FOR_PRODUCT_OWNER_FINALIZATION","REGULATED","Hediyelik & Parti","YES","YES","Batch 02 source proposal; finalization candidate; OM-R06=B; OM-R07=B; OM-R10=A","TEMPORARY_AUDIT_ID_NOT_PRODUCTION_STABLE_ID"
"AUDIT-001006","BATCH_02","28c40a3ac026c8712c9de0964de5fde42ba829dc","docs/TAXONOMY_BATCH_02_FINALIZATION_TREE.csv","550","","Hediyelik & Parti","Hediyelik & Parti","Parti Sofrası & Servis Ürünleri","","","2","Hediyelik & Parti > Parti Sofrası & Servis Ürünleri","hediyelik & parti > parti sofrası & servis ürünleri","NO","CANDIDATE_FOR_PRODUCT_OWNER_FINALIZATION","REGULATED","Hediyelik & Parti","YES","YES","Batch 02 source proposal; finalization candidate; OM-R06=B; OM-R07=B; OM-R10=A","TEMPORARY_AUDIT_ID_NOT_PRODUCTION_STABLE_ID"
"AUDIT-001007","BATCH_02","28c40a3ac026c8712c9de0964de5fde42ba829dc","docs/TAXONOMY_BATCH_02_FINALIZATION_TREE.csv","551","AUDIT-001006","Hediyelik & Parti > Parti Sofrası & Servis Ürünleri","Hediyelik & Parti","Parti Sofrası & Servis Ürünleri","Tek Kullanımlık Parti Tabak & Kaseleri","","3","Hediyelik & Parti > Parti Sofrası & Servis Ürünleri > Tek Kullanımlık Parti Tabak & Kaseleri","hediyelik & parti > parti sofrası & servis ürünleri > tek kullanımlık parti tabak & kaseleri","YES","CANDIDATE_FOR_PRODUCT_OWNER_FINALIZATION","REGULATED","Hediyelik & Parti","YES","YES","Batch 02 source proposal; finalization candidate; OM-R06=B; OM-R07=B; OM-R10=A","TEMPORARY_AUDIT_ID_NOT_PRODUCTION_STABLE_ID"
"AUDIT-001008","BATCH_02","28c40a3ac026c8712c9de0964de5fde42ba829dc","docs/TAXONOMY_BATCH_02_FINALIZATION_TREE.csv","552","AUDIT-001006","Hediyelik & Parti > Parti Sofrası & Servis Ürünleri","Hediyelik & Parti","Parti Sofrası & Servis Ürünleri","Parti Bardakları","","3","Hediyelik & Parti > Parti Sofrası & Servis Ürünleri > Parti Bardakları","hediyelik & parti > parti sofrası & servis ürünleri > parti bardakları","YES","CANDIDATE_FOR_PRODUCT_OWNER_FINALIZATION","REGULATED","Hediyelik & Parti","YES","YES","Batch 02 source proposal; finalization candidate; OM-R06=B; OM-R07=B; OM-R10=A","TEMPORARY_AUDIT_ID_NOT_PRODUCTION_STABLE_ID"
"AUDIT-001009","BATCH_02","28c40a3ac026c8712c9de0964de5fde42ba829dc","docs/TAXONOMY_BATCH_02_FINALIZATION_TREE.csv","553","AUDIT-001006","Hediyelik & Parti > Parti Sofrası & Servis Ürünleri","Hediyelik & Parti","Parti Sofrası & Servis Ürünleri","Parti Peçetesi & Masa Örtüleri","","3","Hediyelik & Parti > Parti Sofrası & Servis Ürünleri > Parti Peçetesi & Masa Örtüleri","hediyelik & parti > parti sofrası & servis ürünleri > parti peçetesi & masa örtüleri","YES","CANDIDATE_FOR_PRODUCT_OWNER_FINALIZATION","REGULATED","Hediyelik & Parti","YES","YES","Batch 02 source proposal; finalization candidate; OM-R06=B; OM-R07=B; OM-R10=A","TEMPORARY_AUDIT_ID_NOT_PRODUCTION_STABLE_ID"
"AUDIT-001010","BATCH_02","28c40a3ac026c8712c9de0964de5fde42ba829dc","docs/TAXONOMY_BATCH_02_FINALIZATION_TREE.csv","554","AUDIT-001006","Hediyelik & Parti > Parti Sofrası & Servis Ürünleri","Hediyelik & Parti","Parti Sofrası & Servis Ürünleri","Parti Çatal, Kaşık & Servis Ürünleri","","3","Hediyelik & Parti > Parti Sofrası & Servis Ürünleri > Parti Çatal, Kaşık & Servis Ürünleri","hediyelik & parti > parti sofrası & servis ürünleri > parti çatal, kaşık & servis ürünleri","YES","CANDIDATE_FOR_PRODUCT_OWNER_FINALIZATION","REGULATED","Hediyelik & Parti","YES","YES","Batch 02 source proposal; finalization candidate; OM-R06=B; OM-R07=B; OM-R10=A","TEMPORARY_AUDIT_ID_NOT_PRODUCTION_STABLE_ID"
"AUDIT-001011","BATCH_02","28c40a3ac026c8712c9de0964de5fde42ba829dc","docs/TAXONOMY_BATCH_02_FINALIZATION_TREE.csv","555","AUDIT-001006","Hediyelik & Parti > Parti Sofrası & Servis Ürünleri","Hediyelik & Parti","Parti Sofrası & Servis Ürünleri","Pipet & Parti Servis Aksesuarları","","3","Hediyelik & Parti > Parti Sofrası & Servis Ürünleri > Pipet & Parti Servis Aksesuarları","hediyelik & parti > parti sofrası & servis ürünleri > pipet & parti servis aksesuarları","YES","CANDIDATE_FOR_PRODUCT_OWNER_FINALIZATION","REGULATED","Hediyelik & Parti","YES","YES","Batch 02 source proposal; finalization candidate; OM-R06=B; OM-R07=B; OM-R10=A","TEMPORARY_AUDIT_ID_NOT_PRODUCTION_STABLE_ID"
"AUDIT-001012","BATCH_02","28c40a3ac026c8712c9de0964de5fde42ba829dc","docs/TAXONOMY_BATCH_02_FINALIZATION_TREE.csv","556","","Hediyelik & Parti","Hediyelik & Parti","Kostüm, Maske & Parti Aksesuarları","","","2","Hediyelik & Parti > Kostüm, Maske & Parti Aksesuarları","hediyelik & parti > kostüm, maske & parti aksesuarları","NO","CANDIDATE_FOR_PRODUCT_OWNER_FINALIZATION","REGULATED","Hediyelik & Parti","YES","YES","Batch 02 source proposal; finalization candidate; OM-R06=B; OM-R07=B; OM-R10=A","TEMPORARY_AUDIT_ID_NOT_PRODUCTION_STABLE_ID"
"AUDIT-001013","BATCH_02","28c40a3ac026c8712c9de0964de5fde42ba829dc","docs/TAXONOMY_BATCH_02_FINALIZATION_TREE.csv","557","AUDIT-001012","Hediyelik & Parti > Kostüm, Maske & Parti Aksesuarları","Hediyelik & Parti","Kostüm, Maske & Parti Aksesuarları","Parti Kostümleri","","3","Hediyelik & Parti > Kostüm, Maske & Parti Aksesuarları > Parti Kostümleri","hediyelik & parti > kostüm, maske & parti aksesuarları > parti kostümleri","YES","CANDIDATE_FOR_PRODUCT_OWNER_FINALIZATION","REGULATED","Hediyelik & Parti","YES","YES","Batch 02 source proposal; finalization candidate; OM-R06=B; OM-R07=B; OM-R10=A","TEMPORARY_AUDIT_ID_NOT_PRODUCTION_STABLE_ID"
"AUDIT-001014","BATCH_02","28c40a3ac026c8712c9de0964de5fde42ba829dc","docs/TAXONOMY_BATCH_02_FINALIZATION_TREE.csv","558","AUDIT-001012","Hediyelik & Parti > Kostüm, Maske & Parti Aksesuarları","Hediyelik & Parti","Kostüm, Maske & Parti Aksesuarları","Parti Maskeleri","","3","Hediyelik & Parti > Kostüm, Maske & Parti Aksesuarları > Parti Maskeleri","hediyelik & parti > kostüm, maske & parti aksesuarları > parti maskeleri","YES","CANDIDATE_FOR_PRODUCT_OWNER_FINALIZATION","REGULATED","Hediyelik & Parti","YES","YES","Batch 02 source proposal; finalization candidate; OM-R06=B; OM-R07=B; OM-R10=A","TEMPORARY_AUDIT_ID_NOT_PRODUCTION_STABLE_ID"
"AUDIT-001015","BATCH_02","28c40a3ac026c8712c9de0964de5fde42ba829dc","docs/TAXONOMY_BATCH_02_FINALIZATION_TREE.csv","559","AUDIT-001012","Hediyelik & Parti > Kostüm, Maske & Parti Aksesuarları","Hediyelik & Parti","Kostüm, Maske & Parti Aksesuarları","Parti Perukları","","3","Hediyelik & Parti > Kostüm, Maske & Parti Aksesuarları > Parti Perukları","hediyelik & parti > kostüm, maske & parti aksesuarları > parti perukları","YES","CANDIDATE_FOR_PRODUCT_OWNER_FINALIZATION","REGULATED","Hediyelik & Parti","YES","YES","Batch 02 source proposal; finalization candidate; OM-R06=B; OM-R07=B; OM-R10=A","TEMPORARY_AUDIT_ID_NOT_PRODUCTION_STABLE_ID"
"AUDIT-001016","BATCH_02","28c40a3ac026c8712c9de0964de5fde42ba829dc","docs/TAXONOMY_BATCH_02_FINALIZATION_TREE.csv","560","AUDIT-001012","Hediyelik & Parti > Kostüm, Maske & Parti Aksesuarları","Hediyelik & Parti","Kostüm, Maske & Parti Aksesuarları","Parti Şapkası, Taç & Baş Aksesuarları","","3","Hediyelik & Parti > Kostüm, Maske & Parti Aksesuarları > Parti Şapkası, Taç & Baş Aksesuarları","hediyelik & parti > kostüm, maske & parti aksesuarları > parti şapkası, taç & baş aksesuarları","YES","CANDIDATE_FOR_PRODUCT_OWNER_FINALIZATION","REGULATED","Hediyelik & Parti","YES","YES","Batch 02 source proposal; finalization candidate; OM-R06=B; OM-R07=B; OM-R10=A","TEMPORARY_AUDIT_ID_NOT_PRODUCTION_STABLE_ID"
"AUDIT-001017","BATCH_02","28c40a3ac026c8712c9de0964de5fde42ba829dc","docs/TAXONOMY_BATCH_02_FINALIZATION_TREE.csv","561","AUDIT-001012","Hediyelik & Parti > Kostüm, Maske & Parti Aksesuarları","Hediyelik & Parti","Kostüm, Maske & Parti Aksesuarları","Giyilebilir Parti Aksesuarları","","3","Hediyelik & Parti > Kostüm, Maske & Parti Aksesuarları > Giyilebilir Parti Aksesuarları","hediyelik & parti > kostüm, maske & parti aksesuarları > giyilebilir parti aksesuarları","YES","CANDIDATE_FOR_PRODUCT_OWNER_FINALIZATION","REGULATED","Hediyelik & Parti","YES","YES","Batch 02 source proposal; finalization candidate; OM-R06=B; OM-R07=B; OM-R10=A","TEMPORARY_AUDIT_ID_NOT_PRODUCTION_STABLE_ID"
"AUDIT-001018","BATCH_02","28c40a3ac026c8712c9de0964de5fde42ba829dc","docs/TAXONOMY_BATCH_02_FINALIZATION_TREE.csv","562","AUDIT-001012","Hediyelik & Parti > Kostüm, Maske & Parti Aksesuarları","Hediyelik & Parti","Kostüm, Maske & Parti Aksesuarları","Kostüm Amaçlı Ayak Aksesuarları","","3","Hediyelik & Parti > Kostüm, Maske & Parti Aksesuarları > Kostüm Amaçlı Ayak Aksesuarları","hediyelik & parti > kostüm, maske & parti aksesuarları > kostüm amaçlı ayak aksesuarları","YES","CANDIDATE_FOR_PRODUCT_OWNER_FINALIZATION","REGULATED","Hediyelik & Parti","YES","YES","Batch 02 source proposal; finalization candidate; OM-R06=B; OM-R07=B; OM-R10=A","TEMPORARY_AUDIT_ID_NOT_PRODUCTION_STABLE_ID"
"AUDIT-001019","BATCH_02","28c40a3ac026c8712c9de0964de5fde42ba829dc","docs/TAXONOMY_BATCH_02_FINALIZATION_TREE.csv","563","","Hediyelik & Parti","Hediyelik & Parti","Pasta Süsleme & Kutlama Aksesuarları","","","2","Hediyelik & Parti > Pasta Süsleme & Kutlama Aksesuarları","hediyelik & parti > pasta süsleme & kutlama aksesuarları","NO","CANDIDATE_FOR_PRODUCT_OWNER_FINALIZATION","REGULATED","Hediyelik & Parti","YES","YES","Batch 02 source proposal; finalization candidate; OM-R06=B; OM-R07=B; OM-R10=A","TEMPORARY_AUDIT_ID_NOT_PRODUCTION_STABLE_ID"
"AUDIT-001020","BATCH_02","28c40a3ac026c8712c9de0964de5fde42ba829dc","docs/TAXONOMY_BATCH_02_FINALIZATION_TREE.csv","564","AUDIT-001019","Hediyelik & Parti > Pasta Süsleme & Kutlama Aksesuarları","Hediyelik & Parti","Pasta Süsleme & Kutlama Aksesuarları","Pasta Mumları","","3","Hediyelik & Parti > Pasta Süsleme & Kutlama Aksesuarları > Pasta Mumları","hediyelik & parti > pasta süsleme & kutlama aksesuarları > pasta mumları","NO","CANDIDATE_FOR_PRODUCT_OWNER_FINALIZATION","REGULATED","Hediyelik & Parti","YES","YES","Batch 02 source proposal; finalization candidate; OM-R06=B; OM-R07=B; OM-R10=A","TEMPORARY_AUDIT_ID_NOT_PRODUCTION_STABLE_ID"
"AUDIT-001021","BATCH_02","28c40a3ac026c8712c9de0964de5fde42ba829dc","docs/TAXONOMY_BATCH_02_FINALIZATION_TREE.csv","565","AUDIT-001020","Hediyelik & Parti > Pasta Süsleme & Kutlama Aksesuarları > Pasta Mumları","Hediyelik & Parti","Pasta Süsleme & Kutlama Aksesuarları","Pasta Mumları","Standart Pasta Mumları","4","Hediyelik & Parti > Pasta Süsleme & Kutlama Aksesuarları > Pasta Mumları > Standart Pasta Mumları","hediyelik & parti > pasta süsleme & kutlama aksesuarları > pasta mumları > standart pasta mumları","YES","CANDIDATE_FOR_PRODUCT_OWNER_FINALIZATION","REGULATED","Hediyelik & Parti","YES","YES","Batch 02 source proposal; finalization candidate; OM-R06=B; OM-R07=B; OM-R10=A","TEMPORARY_AUDIT_ID_NOT_PRODUCTION_STABLE_ID"
"AUDIT-001022","BATCH_02","28c40a3ac026c8712c9de0964de5fde42ba829dc","docs/TAXONOMY_BATCH_02_FINALIZATION_TREE.csv","566","AUDIT-001020","Hediyelik & Parti > Pasta Süsleme & Kutlama Aksesuarları > Pasta Mumları","Hediyelik & Parti","Pasta Süsleme & Kutlama Aksesuarları","Pasta Mumları","Rakam & Harf Mumları","4","Hediyelik & Parti > Pasta Süsleme & Kutlama Aksesuarları > Pasta Mumları > Rakam & Harf Mumları","hediyelik & parti > pasta süsleme & kutlama aksesuarları > pasta mumları > rakam & harf mumları","YES","CANDIDATE_FOR_PRODUCT_OWNER_FINALIZATION","REGULATED","Hediyelik & Parti","YES","YES","Batch 02 source proposal; finalization candidate; OM-R06=B; OM-R07=B; OM-R10=A","TEMPORARY_AUDIT_ID_NOT_PRODUCTION_STABLE_ID"
"AUDIT-001023","BATCH_02","28c40a3ac026c8712c9de0964de5fde42ba829dc","docs/TAXONOMY_BATCH_02_FINALIZATION_TREE.csv","567","AUDIT-001019","Hediyelik & Parti > Pasta Süsleme & Kutlama Aksesuarları","Hediyelik & Parti","Pasta Süsleme & Kutlama Aksesuarları","Pasta Topperları","","3","Hediyelik & Parti > Pasta Süsleme & Kutlama Aksesuarları > Pasta Topperları","hediyelik & parti > pasta süsleme & kutlama aksesuarları > pasta topperları","YES","CANDIDATE_FOR_PRODUCT_OWNER_FINALIZATION","REGULATED","Hediyelik & Parti","YES","YES","Batch 02 source proposal; finalization candidate; OM-R06=B; OM-R07=B; OM-R10=A","TEMPORARY_AUDIT_ID_NOT_PRODUCTION_STABLE_ID"
"AUDIT-001024","BATCH_02","28c40a3ac026c8712c9de0964de5fde42ba829dc","docs/TAXONOMY_BATCH_02_FINALIZATION_TREE.csv","568","AUDIT-001019","Hediyelik & Parti > Pasta Süsleme & Kutlama Aksesuarları","Hediyelik & Parti","Pasta Süsleme & Kutlama Aksesuarları","Pasta Dekor & Sunum Aksesuarları","","3","Hediyelik & Parti > Pasta Süsleme & Kutlama Aksesuarları > Pasta Dekor & Sunum Aksesuarları","hediyelik & parti > pasta süsleme & kutlama aksesuarları > pasta dekor & sunum aksesuarları","YES","CANDIDATE_FOR_PRODUCT_OWNER_FINALIZATION","REGULATED","Hediyelik & Parti","YES","YES","Batch 02 source proposal; finalization candidate; OM-R06=B; OM-R07=B; OM-R10=A","TEMPORARY_AUDIT_ID_NOT_PRODUCTION_STABLE_ID"
"AUDIT-001025","BATCH_02","28c40a3ac026c8712c9de0964de5fde42ba829dc","docs/TAXONOMY_BATCH_02_FINALIZATION_TREE.csv","569","","Hediyelik & Parti","Hediyelik & Parti","Parti Eğlence & Fotoğraf Aksesuarları","","","2","Hediyelik & Parti > Parti Eğlence & Fotoğraf Aksesuarları","hediyelik & parti > parti eğlence & fotoğraf aksesuarları","NO","CANDIDATE_FOR_PRODUCT_OWNER_FINALIZATION","REGULATED","Hediyelik & Parti","YES","YES","Batch 02 source proposal; finalization candidate; OM-R06=B; OM-R07=B; OM-R10=A","TEMPORARY_AUDIT_ID_NOT_PRODUCTION_STABLE_ID"
"AUDIT-001026","BATCH_02","28c40a3ac026c8712c9de0964de5fde42ba829dc","docs/TAXONOMY_BATCH_02_FINALIZATION_TREE.csv","570","AUDIT-001025","Hediyelik & Parti > Parti Eğlence & Fotoğraf Aksesuarları","Hediyelik & Parti","Parti Eğlence & Fotoğraf Aksesuarları","Photo Booth Aksesuarları","","3","Hediyelik & Parti > Parti Eğlence & Fotoğraf Aksesuarları > Photo Booth Aksesuarları","hediyelik & parti > parti eğlence & fotoğraf aksesuarları > photo booth aksesuarları","YES","CANDIDATE_FOR_PRODUCT_OWNER_FINALIZATION","NORMAL","Hediyelik & Parti","YES","YES","Batch 02 source proposal; finalization candidate; OM-R06=B; OM-R07=B; OM-R10=A","TEMPORARY_AUDIT_ID_NOT_PRODUCTION_STABLE_ID"
"AUDIT-001027","BATCH_02","28c40a3ac026c8712c9de0964de5fde42ba829dc","docs/TAXONOMY_BATCH_02_FINALIZATION_TREE.csv","571","AUDIT-001025","Hediyelik & Parti > Parti Eğlence & Fotoğraf Aksesuarları","Hediyelik & Parti","Parti Eğlence & Fotoğraf Aksesuarları","Pinyatalar","","3","Hediyelik & Parti > Parti Eğlence & Fotoğraf Aksesuarları > Pinyatalar","hediyelik & parti > parti eğlence & fotoğraf aksesuarları > pinyatalar","YES","CANDIDATE_FOR_PRODUCT_OWNER_FINALIZATION","REGULATED","Hediyelik & Parti","YES","YES","Batch 02 source proposal; finalization candidate; OM-R06=B; OM-R07=B; OM-R10=A","TEMPORARY_AUDIT_ID_NOT_PRODUCTION_STABLE_ID"
"AUDIT-001028","BATCH_02","28c40a3ac026c8712c9de0964de5fde42ba829dc","docs/TAXONOMY_BATCH_02_FINALIZATION_TREE.csv","572","AUDIT-001025","Hediyelik & Parti > Parti Eğlence & Fotoğraf Aksesuarları","Hediyelik & Parti","Parti Eğlence & Fotoğraf Aksesuarları","Piroteknik Olmayan Parti Üflemelileri","","3","Hediyelik & Parti > Parti Eğlence & Fotoğraf Aksesuarları > Piroteknik Olmayan Parti Üflemelileri","hediyelik & parti > parti eğlence & fotoğraf aksesuarları > piroteknik olmayan parti üflemelileri","YES","CANDIDATE_FOR_PRODUCT_OWNER_FINALIZATION","REGULATED","Hediyelik & Parti","YES","YES","Batch 02 source proposal; finalization candidate; OM-R06=B; OM-R07=B; OM-R10=A","TEMPORARY_AUDIT_ID_NOT_PRODUCTION_STABLE_ID"
"AUDIT-001029","BATCH_02","28c40a3ac026c8712c9de0964de5fde42ba829dc","docs/TAXONOMY_BATCH_02_FINALIZATION_TREE.csv","573","AUDIT-001025","Hediyelik & Parti > Parti Eğlence & Fotoğraf Aksesuarları","Hediyelik & Parti","Parti Eğlence & Fotoğraf Aksesuarları","Kutlama Etkinlik Aksesuarları","","3","Hediyelik & Parti > Parti Eğlence & Fotoğraf Aksesuarları > Kutlama Etkinlik Aksesuarları","hediyelik & parti > parti eğlence & fotoğraf aksesuarları > kutlama etkinlik aksesuarları","YES","CANDIDATE_FOR_PRODUCT_OWNER_FINALIZATION","REGULATED","Hediyelik & Parti","YES","YES","Batch 02 source proposal; finalization candidate; OM-R06=B; OM-R07=B; OM-R10=A","TEMPORARY_AUDIT_ID_NOT_PRODUCTION_STABLE_ID"
"AUDIT-001030","BATCH_03","3dd6df685c7e6a5ed672188e010992063ea9d720","docs/TAXONOMY_BATCH_03_FINALIZATION_TREE.csv","2","","Otomotiv & Motosiklet","Otomotiv & Motosiklet","Otomobil Yedek Parçaları","","","2","Otomotiv & Motosiklet > Otomobil Yedek Parçaları","otomotiv & motosiklet > otomobil yedek parçaları","NO","CANDIDATE_FOR_PRODUCT_OWNER_FINALIZATION","REGULATED","Otomotiv & Motosiklet","YES","YES","Wave 15 Batch 03 proposal; Wave 32 finalization candidate; OM-R06=B; OM-R07=B; OM-R10=A.","TEMPORARY_AUDIT_ID_NOT_PRODUCTION_STABLE_ID"
"AUDIT-001031","BATCH_03","3dd6df685c7e6a5ed672188e010992063ea9d720","docs/TAXONOMY_BATCH_03_FINALIZATION_TREE.csv","3","AUDIT-001030","Otomotiv & Motosiklet > Otomobil Yedek Parçaları","Otomotiv & Motosiklet","Otomobil Yedek Parçaları","Aktarma Organları","","3","Otomotiv & Motosiklet > Otomobil Yedek Parçaları > Aktarma Organları","otomotiv & motosiklet > otomobil yedek parçaları > aktarma organları","NO","CANDIDATE_FOR_PRODUCT_OWNER_FINALIZATION","REGULATED","Otomotiv & Motosiklet","YES","YES","Wave 15 Batch 03 proposal; Wave 32 finalization candidate; OM-R06=B; OM-R07=B; OM-R10=A.","TEMPORARY_AUDIT_ID_NOT_PRODUCTION_STABLE_ID"
"AUDIT-001032","BATCH_03","3dd6df685c7e6a5ed672188e010992063ea9d720","docs/TAXONOMY_BATCH_03_FINALIZATION_TREE.csv","4","AUDIT-001031","Otomotiv & Motosiklet > Otomobil Yedek Parçaları > Aktarma Organları","Otomotiv & Motosiklet","Otomobil Yedek Parçaları","Aktarma Organları","Aks & Mafsal Parçaları","4","Otomotiv & Motosiklet > Otomobil Yedek Parçaları > Aktarma Organları > Aks & Mafsal Parçaları","otomotiv & motosiklet > otomobil yedek parçaları > aktarma organları > aks & mafsal parçaları","YES","CANDIDATE_FOR_PRODUCT_OWNER_FINALIZATION","REGULATED","Otomotiv & Motosiklet","YES","YES","Wave 15 Batch 03 proposal; Wave 32 finalization candidate; OM-R06=B; OM-R07=B; OM-R10=A.","TEMPORARY_AUDIT_ID_NOT_PRODUCTION_STABLE_ID"
"AUDIT-001033","BATCH_03","3dd6df685c7e6a5ed672188e010992063ea9d720","docs/TAXONOMY_BATCH_03_FINALIZATION_TREE.csv","5","AUDIT-001031","Otomotiv & Motosiklet > Otomobil Yedek Parçaları > Aktarma Organları","Otomotiv & Motosiklet","Otomobil Yedek Parçaları","Aktarma Organları","Debriyaj Parçaları","4","Otomotiv & Motosiklet > Otomobil Yedek Parçaları > Aktarma Organları > Debriyaj Parçaları","otomotiv & motosiklet > otomobil yedek parçaları > aktarma organları > debriyaj parçaları","YES","CANDIDATE_FOR_PRODUCT_OWNER_FINALIZATION","REGULATED","Otomotiv & Motosiklet","YES","YES","Wave 15 Batch 03 proposal; Wave 32 finalization candidate; OM-R06=B; OM-R07=B; OM-R10=A.","TEMPORARY_AUDIT_ID_NOT_PRODUCTION_STABLE_ID"
"AUDIT-001034","BATCH_03","3dd6df685c7e6a5ed672188e010992063ea9d720","docs/TAXONOMY_BATCH_03_FINALIZATION_TREE.csv","6","AUDIT-001031","Otomotiv & Motosiklet > Otomobil Yedek Parçaları > Aktarma Organları","Otomotiv & Motosiklet","Otomobil Yedek Parçaları","Aktarma Organları","Şanzıman Parçaları","4","Otomotiv & Motosiklet > Otomobil Yedek Parçaları > Aktarma Organları > Şanzıman Parçaları","otomotiv & motosiklet > otomobil yedek parçaları > aktarma organları > şanzıman parçaları","YES","CANDIDATE_FOR_PRODUCT_OWNER_FINALIZATION","REGULATED","Otomotiv & Motosiklet","YES","YES","Wave 15 Batch 03 proposal; Wave 32 finalization candidate; OM-R06=B; OM-R07=B; OM-R10=A.","TEMPORARY_AUDIT_ID_NOT_PRODUCTION_STABLE_ID"
"AUDIT-001035","BATCH_03","3dd6df685c7e6a5ed672188e010992063ea9d720","docs/TAXONOMY_BATCH_03_FINALIZATION_TREE.csv","7","AUDIT-001030","Otomotiv & Motosiklet > Otomobil Yedek Parçaları","Otomotiv & Motosiklet","Otomobil Yedek Parçaları","Egzoz Parçaları","","3","Otomotiv & Motosiklet > Otomobil Yedek Parçaları > Egzoz Parçaları","otomotiv & motosiklet > otomobil yedek parçaları > egzoz parçaları","YES","CANDIDATE_FOR_PRODUCT_OWNER_FINALIZATION","REGULATED","Otomotiv & Motosiklet","YES","YES","Wave 15 Batch 03 proposal; Wave 32 finalization candidate; OM-R06=B; OM-R07=B; OM-R10=A.","TEMPORARY_AUDIT_ID_NOT_PRODUCTION_STABLE_ID"
"AUDIT-001036","BATCH_03","3dd6df685c7e6a5ed672188e010992063ea9d720","docs/TAXONOMY_BATCH_03_FINALIZATION_TREE.csv","8","AUDIT-001030","Otomotiv & Motosiklet > Otomobil Yedek Parçaları","Otomotiv & Motosiklet","Otomobil Yedek Parçaları","Fren Parçaları","","3","Otomotiv & Motosiklet > Otomobil Yedek Parçaları > Fren Parçaları","otomotiv & motosiklet > otomobil yedek parçaları > fren parçaları","NO","CANDIDATE_FOR_PRODUCT_OWNER_FINALIZATION","REGULATED","Otomotiv & Motosiklet","YES","YES","Wave 15 Batch 03 proposal; Wave 32 finalization candidate; OM-R06=B; OM-R07=B; OM-R10=A.","TEMPORARY_AUDIT_ID_NOT_PRODUCTION_STABLE_ID"
"AUDIT-001037","BATCH_03","3dd6df685c7e6a5ed672188e010992063ea9d720","docs/TAXONOMY_BATCH_03_FINALIZATION_TREE.csv","9","AUDIT-001036","Otomotiv & Motosiklet > Otomobil Yedek Parçaları > Fren Parçaları","Otomotiv & Motosiklet","Otomobil Yedek Parçaları","Fren Parçaları","Fren Balataları","4","Otomotiv & Motosiklet > Otomobil Yedek Parçaları > Fren Parçaları > Fren Balataları","otomotiv & motosiklet > otomobil yedek parçaları > fren parçaları > fren balataları","YES","CANDIDATE_FOR_PRODUCT_OWNER_FINALIZATION","REGULATED","Otomotiv & Motosiklet","YES","YES","Wave 15 Batch 03 proposal; Wave 32 finalization candidate; OM-R06=B; OM-R07=B; OM-R10=A.","TEMPORARY_AUDIT_ID_NOT_PRODUCTION_STABLE_ID"
"AUDIT-001038","BATCH_03","3dd6df685c7e6a5ed672188e010992063ea9d720","docs/TAXONOMY_BATCH_03_FINALIZATION_TREE.csv","10","AUDIT-001036","Otomotiv & Motosiklet > Otomobil Yedek Parçaları > Fren Parçaları","Otomotiv & Motosiklet","Otomobil Yedek Parçaları","Fren Parçaları","Fren Diskleri & Kampanaları","4","Otomotiv & Motosiklet > Otomobil Yedek Parçaları > Fren Parçaları > Fren Diskleri & Kampanaları","otomotiv & motosiklet > otomobil yedek parçaları > fren parçaları > fren diskleri & kampanaları","YES","CANDIDATE_FOR_PRODUCT_OWNER_FINALIZATION","REGULATED","Otomotiv & Motosiklet","YES","YES","Wave 15 Batch 03 proposal; Wave 32 finalization candidate; OM-R06=B; OM-R07=B; OM-R10=A.","TEMPORARY_AUDIT_ID_NOT_PRODUCTION_STABLE_ID"
"AUDIT-001039","BATCH_03","3dd6df685c7e6a5ed672188e010992063ea9d720","docs/TAXONOMY_BATCH_03_FINALIZATION_TREE.csv","11","AUDIT-001036","Otomotiv & Motosiklet > Otomobil Yedek Parçaları > Fren Parçaları","Otomotiv & Motosiklet","Otomobil Yedek Parçaları","Fren Parçaları","Fren Mekanizması Parçaları","4","Otomotiv & Motosiklet > Otomobil Yedek Parçaları > Fren Parçaları > Fren Mekanizması Parçaları","otomotiv & motosiklet > otomobil yedek parçaları > fren parçaları > fren mekanizması parçaları","YES","CANDIDATE_FOR_PRODUCT_OWNER_FINALIZATION","REGULATED","Otomotiv & Motosiklet","YES","YES","Wave 15 Batch 03 proposal; Wave 32 finalization candidate; OM-R06=B; OM-R07=B; OM-R10=A.","TEMPORARY_AUDIT_ID_NOT_PRODUCTION_STABLE_ID"
"AUDIT-001040","BATCH_03","3dd6df685c7e6a5ed672188e010992063ea9d720","docs/TAXONOMY_BATCH_03_FINALIZATION_TREE.csv","12","AUDIT-001030","Otomotiv & Motosiklet > Otomobil Yedek Parçaları","Otomotiv & Motosiklet","Otomobil Yedek Parçaları","Kaporta Parçaları","","3","Otomotiv & Motosiklet > Otomobil Yedek Parçaları > Kaporta Parçaları","otomotiv & motosiklet > otomobil yedek parçaları > kaporta parçaları","YES","CANDIDATE_FOR_PRODUCT_OWNER_FINALIZATION","REGULATED","Otomotiv & Motosiklet","YES","YES","Wave 15 Batch 03 proposal; Wave 32 finalization candidate; OM-R06=B; OM-R07=B; OM-R10=A.","TEMPORARY_AUDIT_ID_NOT_PRODUCTION_STABLE_ID"
"AUDIT-001041","BATCH_03","3dd6df685c7e6a5ed672188e010992063ea9d720","docs/TAXONOMY_BATCH_03_FINALIZATION_TREE.csv","13","AUDIT-001030","Otomotiv & Motosiklet > Otomobil Yedek Parçaları","Otomotiv & Motosiklet","Otomobil Yedek Parçaları","Motor & Filtre","","3","Otomotiv & Motosiklet > Otomobil Yedek Parçaları > Motor & Filtre","otomotiv & motosiklet > otomobil yedek parçaları > motor & filtre","NO","CANDIDATE_FOR_PRODUCT_OWNER_FINALIZATION","REGULATED","Otomotiv & Motosiklet","YES","YES","Wave 15 Batch 03 proposal; Wave 32 finalization candidate; OM-R06=B; OM-R07=B; OM-R10=A.","TEMPORARY_AUDIT_ID_NOT_PRODUCTION_STABLE_ID"
"AUDIT-001042","BATCH_03","3dd6df685c7e6a5ed672188e010992063ea9d720","docs/TAXONOMY_BATCH_03_FINALIZATION_TREE.csv","14","AUDIT-001041","Otomotiv & Motosiklet > Otomobil Yedek Parçaları > Motor & Filtre","Otomotiv & Motosiklet","Otomobil Yedek Parçaları","Motor & Filtre","Hava Filtreleri","4","Otomotiv & Motosiklet > Otomobil Yedek Parçaları > Motor & Filtre > Hava Filtreleri","otomotiv & motosiklet > otomobil yedek parçaları > motor & filtre > hava filtreleri","YES","CANDIDATE_FOR_PRODUCT_OWNER_FINALIZATION","REGULATED","Otomotiv & Motosiklet","YES","YES","Wave 15 Batch 03 proposal; Wave 32 finalization candidate; OM-R06=B; OM-R07=B; OM-R10=A.","TEMPORARY_AUDIT_ID_NOT_PRODUCTION_STABLE_ID"
"AUDIT-001043","BATCH_03","3dd6df685c7e6a5ed672188e010992063ea9d720","docs/TAXONOMY_BATCH_03_FINALIZATION_TREE.csv","15","AUDIT-001041","Otomotiv & Motosiklet > Otomobil Yedek Parçaları > Motor & Filtre","Otomotiv & Motosiklet","Otomobil Yedek Parçaları","Motor & Filtre","Kabin Filtreleri","4","Otomotiv & Motosiklet > Otomobil Yedek Parçaları > Motor & Filtre > Kabin Filtreleri","otomotiv & motosiklet > otomobil yedek parçaları > motor & filtre > kabin filtreleri","YES","CANDIDATE_FOR_PRODUCT_OWNER_FINALIZATION","REGULATED","Otomotiv & Motosiklet","YES","YES","Wave 15 Batch 03 proposal; Wave 32 finalization candidate; OM-R06=B; OM-R07=B; OM-R10=A.","TEMPORARY_AUDIT_ID_NOT_PRODUCTION_STABLE_ID"
"AUDIT-001044","BATCH_03","3dd6df685c7e6a5ed672188e010992063ea9d720","docs/TAXONOMY_BATCH_03_FINALIZATION_TREE.csv","16","AUDIT-001041","Otomotiv & Motosiklet > Otomobil Yedek Parçaları > Motor & Filtre","Otomotiv & Motosiklet","Otomobil Yedek Parçaları","Motor & Filtre","Motor Parçaları","4","Otomotiv & Motosiklet > Otomobil Yedek Parçaları > Motor & Filtre > Motor Parçaları","otomotiv & motosiklet > otomobil yedek parçaları > motor & filtre > motor parçaları","YES","CANDIDATE_FOR_PRODUCT_OWNER_FINALIZATION","REGULATED","Otomotiv & Motosiklet","YES","YES","Wave 15 Batch 03 proposal; Wave 32 finalization candidate; OM-R06=B; OM-R07=B; OM-R10=A.","TEMPORARY_AUDIT_ID_NOT_PRODUCTION_STABLE_ID"
"AUDIT-001045","BATCH_03","3dd6df685c7e6a5ed672188e010992063ea9d720","docs/TAXONOMY_BATCH_03_FINALIZATION_TREE.csv","17","AUDIT-001041","Otomotiv & Motosiklet > Otomobil Yedek Parçaları > Motor & Filtre","Otomotiv & Motosiklet","Otomobil Yedek Parçaları","Motor & Filtre","Yağ Filtreleri","4","Otomotiv & Motosiklet > Otomobil Yedek Parçaları > Motor & Filtre > Yağ Filtreleri","otomotiv & motosiklet > otomobil yedek parçaları > motor & filtre > yağ filtreleri","YES","CANDIDATE_FOR_PRODUCT_OWNER_FINALIZATION","REGULATED","Otomotiv & Motosiklet","YES","YES","Wave 15 Batch 03 proposal; Wave 32 finalization candidate; OM-R06=B; OM-R07=B; OM-R10=A.","TEMPORARY_AUDIT_ID_NOT_PRODUCTION_STABLE_ID"
"AUDIT-001046","BATCH_03","3dd6df685c7e6a5ed672188e010992063ea9d720","docs/TAXONOMY_BATCH_03_FINALIZATION_TREE.csv","18","AUDIT-001041","Otomotiv & Motosiklet > Otomobil Yedek Parçaları > Motor & Filtre","Otomotiv & Motosiklet","Otomobil Yedek Parçaları","Motor & Filtre","Yakıt Filtreleri","4","Otomotiv & Motosiklet > Otomobil Yedek Parçaları > Motor & Filtre > Yakıt Filtreleri","otomotiv & motosiklet > otomobil yedek parçaları > motor & filtre > yakıt filtreleri","YES","CANDIDATE_FOR_PRODUCT_OWNER_FINALIZATION","REGULATED","Otomotiv & Motosiklet","YES","YES","Wave 15 Batch 03 proposal; Wave 32 finalization candidate; OM-R06=B; OM-R07=B; OM-R10=A.","TEMPORARY_AUDIT_ID_NOT_PRODUCTION_STABLE_ID"
"AUDIT-001047","BATCH_03","3dd6df685c7e6a5ed672188e010992063ea9d720","docs/TAXONOMY_BATCH_03_FINALIZATION_TREE.csv","19","AUDIT-001030","Otomotiv & Motosiklet > Otomobil Yedek Parçaları","Otomotiv & Motosiklet","Otomobil Yedek Parçaları","Süspansiyon & Direksiyon","","3","Otomotiv & Motosiklet > Otomobil Yedek Parçaları > Süspansiyon & Direksiyon","otomotiv & motosiklet > otomobil yedek parçaları > süspansiyon & direksiyon","NO","CANDIDATE_FOR_PRODUCT_OWNER_FINALIZATION","REGULATED","Otomotiv & Motosiklet","YES","YES","Wave 15 Batch 03 proposal; Wave 32 finalization candidate; OM-R06=B; OM-R07=B; OM-R10=A.","TEMPORARY_AUDIT_ID_NOT_PRODUCTION_STABLE_ID"
"AUDIT-001048","BATCH_03","3dd6df685c7e6a5ed672188e010992063ea9d720","docs/TAXONOMY_BATCH_03_FINALIZATION_TREE.csv","20","AUDIT-001047","Otomotiv & Motosiklet > Otomobil Yedek Parçaları > Süspansiyon & Direksiyon","Otomotiv & Motosiklet","Otomobil Yedek Parçaları","Süspansiyon & Direksiyon","Amortisör & Yaylar","4","Otomotiv & Motosiklet > Otomobil Yedek Parçaları > Süspansiyon & Direksiyon > Amortisör & Yaylar","otomotiv & motosiklet > otomobil yedek parçaları > süspansiyon & direksiyon > amortisör & yaylar","YES","CANDIDATE_FOR_PRODUCT_OWNER_FINALIZATION","REGULATED","Otomotiv & Motosiklet","YES","YES","Wave 15 Batch 03 proposal; Wave 32 finalization candidate; OM-R06=B; OM-R07=B; OM-R10=A.","TEMPORARY_AUDIT_ID_NOT_PRODUCTION_STABLE_ID"
"AUDIT-001049","BATCH_03","3dd6df685c7e6a5ed672188e010992063ea9d720","docs/TAXONOMY_BATCH_03_FINALIZATION_TREE.csv","21","AUDIT-001047","Otomotiv & Motosiklet > Otomobil Yedek Parçaları > Süspansiyon & Direksiyon","Otomotiv & Motosiklet","Otomobil Yedek Parçaları","Süspansiyon & Direksiyon","Direksiyon Parçaları","4","Otomotiv & Motosiklet > Otomobil Yedek Parçaları > Süspansiyon & Direksiyon > Direksiyon Parçaları","otomotiv & motosiklet > otomobil yedek parçaları > süspansiyon & direksiyon > direksiyon parçaları","YES","CANDIDATE_FOR_PRODUCT_OWNER_FINALIZATION","REGULATED","Otomotiv & Motosiklet","YES","YES","Wave 15 Batch 03 proposal; Wave 32 finalization candidate; OM-R06=B; OM-R07=B; OM-R10=A.","TEMPORARY_AUDIT_ID_NOT_PRODUCTION_STABLE_ID"
"AUDIT-001050","BATCH_03","3dd6df685c7e6a5ed672188e010992063ea9d720","docs/TAXONOMY_BATCH_03_FINALIZATION_TREE.csv","22","AUDIT-001047","Otomotiv & Motosiklet > Otomobil Yedek Parçaları > Süspansiyon & Direksiyon","Otomotiv & Motosiklet","Otomobil Yedek Parçaları","Süspansiyon & Direksiyon","Rot, Rotil & Bağlantılar","4","Otomotiv & Motosiklet > Otomobil Yedek Parçaları > Süspansiyon & Direksiyon > Rot, Rotil & Bağlantılar","otomotiv & motosiklet > otomobil yedek parçaları > süspansiyon & direksiyon > rot, rotil & bağlantılar","YES","CANDIDATE_FOR_PRODUCT_OWNER_FINALIZATION","REGULATED","Otomotiv & Motosiklet","YES","YES","Wave 15 Batch 03 proposal; Wave 32 finalization candidate; OM-R06=B; OM-R07=B; OM-R10=A.","TEMPORARY_AUDIT_ID_NOT_PRODUCTION_STABLE_ID"
"AUDIT-001051","BATCH_03","3dd6df685c7e6a5ed672188e010992063ea9d720","docs/TAXONOMY_BATCH_03_FINALIZATION_TREE.csv","23","","Otomotiv & Motosiklet","Otomotiv & Motosiklet","Motosiklet Yedek Parçaları","","","2","Otomotiv & Motosiklet > Motosiklet Yedek Parçaları","otomotiv & motosiklet > motosiklet yedek parçaları","NO","CANDIDATE_FOR_PRODUCT_OWNER_FINALIZATION","REGULATED","Otomotiv & Motosiklet","YES","YES","Wave 15 Batch 03 proposal; Wave 32 finalization candidate; OM-R06=B; OM-R07=B; OM-R10=A.","TEMPORARY_AUDIT_ID_NOT_PRODUCTION_STABLE_ID"
"AUDIT-001052","BATCH_03","3dd6df685c7e6a5ed672188e010992063ea9d720","docs/TAXONOMY_BATCH_03_FINALIZATION_TREE.csv","24","AUDIT-001051","Otomotiv & Motosiklet > Motosiklet Yedek Parçaları","Otomotiv & Motosiklet","Motosiklet Yedek Parçaları","Aktarma & Debriyaj Parçaları","","3","Otomotiv & Motosiklet > Motosiklet Yedek Parçaları > Aktarma & Debriyaj Parçaları","otomotiv & motosiklet > motosiklet yedek parçaları > aktarma & debriyaj parçaları","YES","CANDIDATE_FOR_PRODUCT_OWNER_FINALIZATION","REGULATED","Otomotiv & Motosiklet","YES","YES","Wave 15 Batch 03 proposal; Wave 32 finalization candidate; OM-R06=B; OM-R07=B; OM-R10=A.","TEMPORARY_AUDIT_ID_NOT_PRODUCTION_STABLE_ID"
"AUDIT-001053","BATCH_03","3dd6df685c7e6a5ed672188e010992063ea9d720","docs/TAXONOMY_BATCH_03_FINALIZATION_TREE.csv","25","AUDIT-001051","Otomotiv & Motosiklet > Motosiklet Yedek Parçaları","Otomotiv & Motosiklet","Motosiklet Yedek Parçaları","Aydınlatma Parçaları","","3","Otomotiv & Motosiklet > Motosiklet Yedek Parçaları > Aydınlatma Parçaları","otomotiv & motosiklet > motosiklet yedek parçaları > aydınlatma parçaları","YES","CANDIDATE_FOR_PRODUCT_OWNER_FINALIZATION","REGULATED","Otomotiv & Motosiklet","YES","YES","Wave 15 Batch 03 proposal; Wave 32 finalization candidate; OM-R06=B; OM-R07=B; OM-R10=A.","TEMPORARY_AUDIT_ID_NOT_PRODUCTION_STABLE_ID"
"AUDIT-001054","BATCH_03","3dd6df685c7e6a5ed672188e010992063ea9d720","docs/TAXONOMY_BATCH_03_FINALIZATION_TREE.csv","26","AUDIT-001051","Otomotiv & Motosiklet > Motosiklet Yedek Parçaları","Otomotiv & Motosiklet","Motosiklet Yedek Parçaları","Egzoz Parçaları","","3","Otomotiv & Motosiklet > Motosiklet Yedek Parçaları > Egzoz Parçaları","otomotiv & motosiklet > motosiklet yedek parçaları > egzoz parçaları","YES","CANDIDATE_FOR_PRODUCT_OWNER_FINALIZATION","REGULATED","Otomotiv & Motosiklet","YES","YES","Wave 15 Batch 03 proposal; Wave 32 finalization candidate; OM-R06=B; OM-R07=B; OM-R10=A.","TEMPORARY_AUDIT_ID_NOT_PRODUCTION_STABLE_ID"
"AUDIT-001055","BATCH_03","3dd6df685c7e6a5ed672188e010992063ea9d720","docs/TAXONOMY_BATCH_03_FINALIZATION_TREE.csv","27","AUDIT-001051","Otomotiv & Motosiklet > Motosiklet Yedek Parçaları","Otomotiv & Motosiklet","Motosiklet Yedek Parçaları","Fren Parçaları","","3","Otomotiv & Motosiklet > Motosiklet Yedek Parçaları > Fren Parçaları","otomotiv & motosiklet > motosiklet yedek parçaları > fren parçaları","YES","CANDIDATE_FOR_PRODUCT_OWNER_FINALIZATION","REGULATED","Otomotiv & Motosiklet","YES","YES","Wave 15 Batch 03 proposal; Wave 32 finalization candidate; OM-R06=B; OM-R07=B; OM-R10=A.","TEMPORARY_AUDIT_ID_NOT_PRODUCTION_STABLE_ID"
"AUDIT-001056","BATCH_03","3dd6df685c7e6a5ed672188e010992063ea9d720","docs/TAXONOMY_BATCH_03_FINALIZATION_TREE.csv","28","AUDIT-001051","Otomotiv & Motosiklet > Motosiklet Yedek Parçaları","Otomotiv & Motosiklet","Motosiklet Yedek Parçaları","Motor Parçaları","","3","Otomotiv & Motosiklet > Motosiklet Yedek Parçaları > Motor Parçaları","otomotiv & motosiklet > motosiklet yedek parçaları > motor parçaları","YES","CANDIDATE_FOR_PRODUCT_OWNER_FINALIZATION","REGULATED","Otomotiv & Motosiklet","YES","YES","Wave 15 Batch 03 proposal; Wave 32 finalization candidate; OM-R06=B; OM-R07=B; OM-R10=A.","TEMPORARY_AUDIT_ID_NOT_PRODUCTION_STABLE_ID"
"AUDIT-001057","BATCH_03","3dd6df685c7e6a5ed672188e010992063ea9d720","docs/TAXONOMY_BATCH_03_FINALIZATION_TREE.csv","29","AUDIT-001051","Otomotiv & Motosiklet > Motosiklet Yedek Parçaları","Otomotiv & Motosiklet","Motosiklet Yedek Parçaları","Süspansiyon & Direksiyon Parçaları","","3","Otomotiv & Motosiklet > Motosiklet Yedek Parçaları > Süspansiyon & Direksiyon Parçaları","otomotiv & motosiklet > motosiklet yedek parçaları > süspansiyon & direksiyon parçaları","YES","CANDIDATE_FOR_PRODUCT_OWNER_FINALIZATION","REGULATED","Otomotiv & Motosiklet","YES","YES","Wave 15 Batch 03 proposal; Wave 32 finalization candidate; OM-R06=B; OM-R07=B; OM-R10=A.","TEMPORARY_AUDIT_ID_NOT_PRODUCTION_STABLE_ID"
"AUDIT-001058","BATCH_03","3dd6df685c7e6a5ed672188e010992063ea9d720","docs/TAXONOMY_BATCH_03_FINALIZATION_TREE.csv","30","","Otomotiv & Motosiklet","Otomotiv & Motosiklet","Araç İçi Aksesuarları","","","2","Otomotiv & Motosiklet > Araç İçi Aksesuarları","otomotiv & motosiklet > araç içi aksesuarları","NO","CANDIDATE_FOR_PRODUCT_OWNER_FINALIZATION","NORMAL","Otomotiv & Motosiklet","YES","NO","Wave 15 Batch 03 proposal; Wave 32 finalization candidate; OM-R06=B; OM-R07=B; OM-R10=A.","TEMPORARY_AUDIT_ID_NOT_PRODUCTION_STABLE_ID"
"AUDIT-001059","BATCH_03","3dd6df685c7e6a5ed672188e010992063ea9d720","docs/TAXONOMY_BATCH_03_FINALIZATION_TREE.csv","31","AUDIT-001058","Otomotiv & Motosiklet > Araç İçi Aksesuarları","Otomotiv & Motosiklet","Araç İçi Aksesuarları","Araç İçi Düzenleyiciler","","3","Otomotiv & Motosiklet > Araç İçi Aksesuarları > Araç İçi Düzenleyiciler","otomotiv & motosiklet > araç içi aksesuarları > araç içi düzenleyiciler","YES","CANDIDATE_FOR_PRODUCT_OWNER_FINALIZATION","NORMAL","Otomotiv & Motosiklet","YES","NO","Wave 15 Batch 03 proposal; Wave 32 finalization candidate; OM-R06=B; OM-R07=B; OM-R10=A.","TEMPORARY_AUDIT_ID_NOT_PRODUCTION_STABLE_ID"
"AUDIT-001060","BATCH_03","3dd6df685c7e6a5ed672188e010992063ea9d720","docs/TAXONOMY_BATCH_03_FINALIZATION_TREE.csv","32","AUDIT-001058","Otomotiv & Motosiklet > Araç İçi Aksesuarları","Otomotiv & Motosiklet","Araç İçi Aksesuarları","Direksiyon & Vites Aksesuarları","","3","Otomotiv & Motosiklet > Araç İçi Aksesuarları > Direksiyon & Vites Aksesuarları","otomotiv & motosiklet > araç içi aksesuarları > direksiyon & vites aksesuarları","YES","CANDIDATE_FOR_PRODUCT_OWNER_FINALIZATION","NORMAL","Otomotiv & Motosiklet","YES","NO","Wave 15 Batch 03 proposal; Wave 32 finalization candidate; OM-R06=B; OM-R07=B; OM-R10=A.","TEMPORARY_AUDIT_ID_NOT_PRODUCTION_STABLE_ID"
"AUDIT-001061","BATCH_03","3dd6df685c7e6a5ed672188e010992063ea9d720","docs/TAXONOMY_BATCH_03_FINALIZATION_TREE.csv","33","AUDIT-001058","Otomotiv & Motosiklet > Araç İçi Aksesuarları","Otomotiv & Motosiklet","Araç İçi Aksesuarları","Güneşlik & Cam Aksesuarları","","3","Otomotiv & Motosiklet > Araç İçi Aksesuarları > Güneşlik & Cam Aksesuarları","otomotiv & motosiklet > araç içi aksesuarları > güneşlik & cam aksesuarları","YES","CANDIDATE_FOR_PRODUCT_OWNER_FINALIZATION","NORMAL","Otomotiv & Motosiklet","YES","NO","Wave 15 Batch 03 proposal; Wave 32 finalization candidate; OM-R06=B; OM-R07=B; OM-R10=A.","TEMPORARY_AUDIT_ID_NOT_PRODUCTION_STABLE_ID"
"AUDIT-001062","BATCH_03","3dd6df685c7e6a5ed672188e010992063ea9d720","docs/TAXONOMY_BATCH_03_FINALIZATION_TREE.csv","34","AUDIT-001058","Otomotiv & Motosiklet > Araç İçi Aksesuarları","Otomotiv & Motosiklet","Araç İçi Aksesuarları","İç Trim & Koruma Aksesuarları","","3","Otomotiv & Motosiklet > Araç İçi Aksesuarları > İç Trim & Koruma Aksesuarları","otomotiv & motosiklet > araç içi aksesuarları > iç trim & koruma aksesuarları","YES","CANDIDATE_FOR_PRODUCT_OWNER_FINALIZATION","NORMAL","Otomotiv & Motosiklet","YES","NO","Wave 15 Batch 03 proposal; Wave 32 finalization candidate; OM-R06=B; OM-R07=B; OM-R10=A.","TEMPORARY_AUDIT_ID_NOT_PRODUCTION_STABLE_ID"
"AUDIT-001063","BATCH_03","3dd6df685c7e6a5ed672188e010992063ea9d720","docs/TAXONOMY_BATCH_03_FINALIZATION_TREE.csv","35","AUDIT-001058","Otomotiv & Motosiklet > Araç İçi Aksesuarları","Otomotiv & Motosiklet","Araç İçi Aksesuarları","Koltuk Kılıfları & Minderler","","3","Otomotiv & Motosiklet > Araç İçi Aksesuarları > Koltuk Kılıfları & Minderler","otomotiv & motosiklet > araç içi aksesuarları > koltuk kılıfları & minderler","YES","CANDIDATE_FOR_PRODUCT_OWNER_FINALIZATION","NORMAL","Otomotiv & Motosiklet","YES","NO","Wave 15 Batch 03 proposal; Wave 32 finalization candidate; OM-R06=B; OM-R07=B; OM-R10=A.","TEMPORARY_AUDIT_ID_NOT_PRODUCTION_STABLE_ID"
"AUDIT-001064","BATCH_03","3dd6df685c7e6a5ed672188e010992063ea9d720","docs/TAXONOMY_BATCH_03_FINALIZATION_TREE.csv","36","AUDIT-001058","Otomotiv & Motosiklet > Araç İçi Aksesuarları","Otomotiv & Motosiklet","Araç İçi Aksesuarları","Paspaslar","","3","Otomotiv & Motosiklet > Araç İçi Aksesuarları > Paspaslar","otomotiv & motosiklet > araç içi aksesuarları > paspaslar","YES","CANDIDATE_FOR_PRODUCT_OWNER_FINALIZATION","NORMAL","Otomotiv & Motosiklet","YES","NO","Wave 15 Batch 03 proposal; Wave 32 finalization candidate; OM-R06=B; OM-R07=B; OM-R10=A.","TEMPORARY_AUDIT_ID_NOT_PRODUCTION_STABLE_ID"
"AUDIT-001065","BATCH_03","3dd6df685c7e6a5ed672188e010992063ea9d720","docs/TAXONOMY_BATCH_03_FINALIZATION_TREE.csv","37","","Otomotiv & Motosiklet","Otomotiv & Motosiklet","Araç Dış Aksesuarları","","","2","Otomotiv & Motosiklet > Araç Dış Aksesuarları","otomotiv & motosiklet > araç dış aksesuarları","NO","CANDIDATE_FOR_PRODUCT_OWNER_FINALIZATION","REGULATED","Otomotiv & Motosiklet","YES","YES","Wave 15 Batch 03 proposal; Wave 32 finalization candidate; OM-R06=B; OM-R07=B; OM-R10=A.","TEMPORARY_AUDIT_ID_NOT_PRODUCTION_STABLE_ID"
"AUDIT-001066","BATCH_03","3dd6df685c7e6a5ed672188e010992063ea9d720","docs/TAXONOMY_BATCH_03_FINALIZATION_TREE.csv","38","AUDIT-001065","Otomotiv & Motosiklet > Araç Dış Aksesuarları","Otomotiv & Motosiklet","Araç Dış Aksesuarları","Araç Örtüleri","","3","Otomotiv & Motosiklet > Araç Dış Aksesuarları > Araç Örtüleri","otomotiv & motosiklet > araç dış aksesuarları > araç örtüleri","YES","CANDIDATE_FOR_PRODUCT_OWNER_FINALIZATION","NORMAL","Otomotiv & Motosiklet","YES","NO","Wave 15 Batch 03 proposal; Wave 32 finalization candidate; OM-R06=B; OM-R07=B; OM-R10=A.","TEMPORARY_AUDIT_ID_NOT_PRODUCTION_STABLE_ID"
"AUDIT-001067","BATCH_03","3dd6df685c7e6a5ed672188e010992063ea9d720","docs/TAXONOMY_BATCH_03_FINALIZATION_TREE.csv","39","AUDIT-001065","Otomotiv & Motosiklet > Araç Dış Aksesuarları","Otomotiv & Motosiklet","Araç Dış Aksesuarları","Dış Trim & Koruma Aksesuarları","","3","Otomotiv & Motosiklet > Araç Dış Aksesuarları > Dış Trim & Koruma Aksesuarları","otomotiv & motosiklet > araç dış aksesuarları > dış trim & koruma aksesuarları","YES","CANDIDATE_FOR_PRODUCT_OWNER_FINALIZATION","NORMAL","Otomotiv & Motosiklet","YES","NO","Wave 15 Batch 03 proposal; Wave 32 finalization candidate; OM-R06=B; OM-R07=B; OM-R10=A.","TEMPORARY_AUDIT_ID_NOT_PRODUCTION_STABLE_ID"
"AUDIT-001068","BATCH_03","3dd6df685c7e6a5ed672188e010992063ea9d720","docs/TAXONOMY_BATCH_03_FINALIZATION_TREE.csv","40","AUDIT-001065","Otomotiv & Motosiklet > Araç Dış Aksesuarları","Otomotiv & Motosiklet","Araç Dış Aksesuarları","Paçalık & Çamurluk Aksesuarları","","3","Otomotiv & Motosiklet > Araç Dış Aksesuarları > Paçalık & Çamurluk Aksesuarları","otomotiv & motosiklet > araç dış aksesuarları > paçalık & çamurluk aksesuarları","YES","CANDIDATE_FOR_PRODUCT_OWNER_FINALIZATION","NORMAL","Otomotiv & Motosiklet","YES","NO","Wave 15 Batch 03 proposal; Wave 32 finalization candidate; OM-R06=B; OM-R07=B; OM-R10=A.","TEMPORARY_AUDIT_ID_NOT_PRODUCTION_STABLE_ID"
"AUDIT-001069","BATCH_03","3dd6df685c7e6a5ed672188e010992063ea9d720","docs/TAXONOMY_BATCH_03_FINALIZATION_TREE.csv","41","AUDIT-001065","Otomotiv & Motosiklet > Araç Dış Aksesuarları","Otomotiv & Motosiklet","Araç Dış Aksesuarları","Plaka Çerçeveleri","","3","Otomotiv & Motosiklet > Araç Dış Aksesuarları > Plaka Çerçeveleri","otomotiv & motosiklet > araç dış aksesuarları > plaka çerçeveleri","YES","CANDIDATE_FOR_PRODUCT_OWNER_FINALIZATION","NORMAL","Otomotiv & Motosiklet","YES","NO","Wave 15 Batch 03 proposal; Wave 32 finalization candidate; OM-R06=B; OM-R07=B; OM-R10=A.","TEMPORARY_AUDIT_ID_NOT_PRODUCTION_STABLE_ID"
"AUDIT-001070","BATCH_03","3dd6df685c7e6a5ed672188e010992063ea9d720","docs/TAXONOMY_BATCH_03_FINALIZATION_TREE.csv","42","AUDIT-001065","Otomotiv & Motosiklet > Araç Dış Aksesuarları","Otomotiv & Motosiklet","Araç Dış Aksesuarları","Tavan Taşıma Aksesuarları","","3","Otomotiv & Motosiklet > Araç Dış Aksesuarları > Tavan Taşıma Aksesuarları","otomotiv & motosiklet > araç dış aksesuarları > tavan taşıma aksesuarları","YES","CANDIDATE_FOR_PRODUCT_OWNER_FINALIZATION","REGULATED","Otomotiv & Motosiklet","YES","YES","Wave 15 Batch 03 proposal; Wave 32 finalization candidate; OM-R06=B; OM-R07=B; OM-R10=A.","TEMPORARY_AUDIT_ID_NOT_PRODUCTION_STABLE_ID"
"AUDIT-001071","BATCH_03","3dd6df685c7e6a5ed672188e010992063ea9d720","docs/TAXONOMY_BATCH_03_FINALIZATION_TREE.csv","43","","Otomotiv & Motosiklet","Otomotiv & Motosiklet","Lastik, Jant & Tekerlek Ürünleri","","","2","Otomotiv & Motosiklet > Lastik, Jant & Tekerlek Ürünleri","otomotiv & motosiklet > lastik, jant & tekerlek ürünleri","NO","CANDIDATE_FOR_PRODUCT_OWNER_FINALIZATION","REGULATED","Otomotiv & Motosiklet","YES","YES","Wave 15 Batch 03 proposal; Wave 32 finalization candidate; OM-R06=B; OM-R07=B; OM-R10=A.","TEMPORARY_AUDIT_ID_NOT_PRODUCTION_STABLE_ID"
"AUDIT-001072","BATCH_03","3dd6df685c7e6a5ed672188e010992063ea9d720","docs/TAXONOMY_BATCH_03_FINALIZATION_TREE.csv","44","AUDIT-001071","Otomotiv & Motosiklet > Lastik, Jant & Tekerlek Ürünleri","Otomotiv & Motosiklet","Lastik, Jant & Tekerlek Ürünleri","Bijon & Tekerlek Aksesuarları","","3","Otomotiv & Motosiklet > Lastik, Jant & Tekerlek Ürünleri > Bijon & Tekerlek Aksesuarları","otomotiv & motosiklet > lastik, jant & tekerlek ürünleri > bijon & tekerlek aksesuarları","YES","CANDIDATE_FOR_PRODUCT_OWNER_FINALIZATION","REGULATED","Otomotiv & Motosiklet","YES","YES","Wave 15 Batch 03 proposal; Wave 32 finalization candidate; OM-R06=B; OM-R07=B; OM-R10=A.","TEMPORARY_AUDIT_ID_NOT_PRODUCTION_STABLE_ID"
"AUDIT-001073","BATCH_03","3dd6df685c7e6a5ed672188e010992063ea9d720","docs/TAXONOMY_BATCH_03_FINALIZATION_TREE.csv","45","AUDIT-001071","Otomotiv & Motosiklet > Lastik, Jant & Tekerlek Ürünleri","Otomotiv & Motosiklet","Lastik, Jant & Tekerlek Ürünleri","Jantlar","","3","Otomotiv & Motosiklet > Lastik, Jant & Tekerlek Ürünleri > Jantlar","otomotiv & motosiklet > lastik, jant & tekerlek ürünleri > jantlar","YES","CANDIDATE_FOR_PRODUCT_OWNER_FINALIZATION","REGULATED","Otomotiv & Motosiklet","YES","YES","Wave 15 Batch 03 proposal; Wave 32 finalization candidate; OM-R06=B; OM-R07=B; OM-R10=A.","TEMPORARY_AUDIT_ID_NOT_PRODUCTION_STABLE_ID"
"AUDIT-001074","BATCH_03","3dd6df685c7e6a5ed672188e010992063ea9d720","docs/TAXONOMY_BATCH_03_FINALIZATION_TREE.csv","46","AUDIT-001071","Otomotiv & Motosiklet > Lastik, Jant & Tekerlek Ürünleri","Otomotiv & Motosiklet","Lastik, Jant & Tekerlek Ürünleri","Kar Zincirleri & Kar Paletleri","","3","Otomotiv & Motosiklet > Lastik, Jant & Tekerlek Ürünleri > Kar Zincirleri & Kar Paletleri","otomotiv & motosiklet > lastik, jant & tekerlek ürünleri > kar zincirleri & kar paletleri","YES","CANDIDATE_FOR_PRODUCT_OWNER_FINALIZATION","REGULATED","Otomotiv & Motosiklet","YES","YES","Wave 15 Batch 03 proposal; Wave 32 finalization candidate; OM-R06=B; OM-R07=B; OM-R10=A.","TEMPORARY_AUDIT_ID_NOT_PRODUCTION_STABLE_ID"
"AUDIT-001075","BATCH_03","3dd6df685c7e6a5ed672188e010992063ea9d720","docs/TAXONOMY_BATCH_03_FINALIZATION_TREE.csv","47","AUDIT-001071","Otomotiv & Motosiklet > Lastik, Jant & Tekerlek Ürünleri","Otomotiv & Motosiklet","Lastik, Jant & Tekerlek Ürünleri","Motosiklet Lastikleri","","3","Otomotiv & Motosiklet > Lastik, Jant & Tekerlek Ürünleri > Motosiklet Lastikleri","otomotiv & motosiklet > lastik, jant & tekerlek ürünleri > motosiklet lastikleri","YES","CANDIDATE_FOR_PRODUCT_OWNER_FINALIZATION","REGULATED","Otomotiv & Motosiklet","YES","YES","Wave 15 Batch 03 proposal; Wave 32 finalization candidate; OM-R06=B; OM-R07=B; OM-R10=A.","TEMPORARY_AUDIT_ID_NOT_PRODUCTION_STABLE_ID"
"AUDIT-001076","BATCH_03","3dd6df685c7e6a5ed672188e010992063ea9d720","docs/TAXONOMY_BATCH_03_FINALIZATION_TREE.csv","48","AUDIT-001071","Otomotiv & Motosiklet > Lastik, Jant & Tekerlek Ürünleri","Otomotiv & Motosiklet","Lastik, Jant & Tekerlek Ürünleri","Otomobil Lastikleri","","3","Otomotiv & Motosiklet > Lastik, Jant & Tekerlek Ürünleri > Otomobil Lastikleri","otomotiv & motosiklet > lastik, jant & tekerlek ürünleri > otomobil lastikleri","YES","CANDIDATE_FOR_PRODUCT_OWNER_FINALIZATION","REGULATED","Otomotiv & Motosiklet","YES","YES","Wave 15 Batch 03 proposal; Wave 32 finalization candidate; OM-R06=B; OM-R07=B; OM-R10=A.","TEMPORARY_AUDIT_ID_NOT_PRODUCTION_STABLE_ID"
"AUDIT-001077","BATCH_03","3dd6df685c7e6a5ed672188e010992063ea9d720","docs/TAXONOMY_BATCH_03_FINALIZATION_TREE.csv","49","","Otomotiv & Motosiklet","Otomotiv & Motosiklet","Akü & Araç Elektriği","","","2","Otomotiv & Motosiklet > Akü & Araç Elektriği","otomotiv & motosiklet > akü & araç elektriği","NO","CANDIDATE_FOR_PRODUCT_OWNER_FINALIZATION","LEGAL_REVIEW_REQUIRED","Otomotiv & Motosiklet","YES","YES","Wave 15 Batch 03 proposal; Wave 32 finalization candidate; OM-R06=B; OM-R07=B; OM-R10=A.","TEMPORARY_AUDIT_ID_NOT_PRODUCTION_STABLE_ID"
"AUDIT-001078","BATCH_03","3dd6df685c7e6a5ed672188e010992063ea9d720","docs/TAXONOMY_BATCH_03_FINALIZATION_TREE.csv","50","AUDIT-001077","Otomotiv & Motosiklet > Akü & Araç Elektriği","Otomotiv & Motosiklet","Akü & Araç Elektriği","Akü Şarj & Takviye Cihazları","","3","Otomotiv & Motosiklet > Akü & Araç Elektriği > Akü Şarj & Takviye Cihazları","otomotiv & motosiklet > akü & araç elektriği > akü şarj & takviye cihazları","YES","CANDIDATE_FOR_PRODUCT_OWNER_FINALIZATION","LEGAL_REVIEW_REQUIRED","Otomotiv & Motosiklet","YES","YES","Wave 15 Batch 03 proposal; Wave 32 finalization candidate; OM-R06=B; OM-R07=B; OM-R10=A.","TEMPORARY_AUDIT_ID_NOT_PRODUCTION_STABLE_ID"
"AUDIT-001079","BATCH_03","3dd6df685c7e6a5ed672188e010992063ea9d720","docs/TAXONOMY_BATCH_03_FINALIZATION_TREE.csv","51","AUDIT-001077","Otomotiv & Motosiklet > Akü & Araç Elektriği","Otomotiv & Motosiklet","Akü & Araç Elektriği","Araç Aküleri","","3","Otomotiv & Motosiklet > Akü & Araç Elektriği > Araç Aküleri","otomotiv & motosiklet > akü & araç elektriği > araç aküleri","YES","CANDIDATE_FOR_PRODUCT_OWNER_FINALIZATION","LEGAL_REVIEW_REQUIRED","Otomotiv & Motosiklet","YES","YES","Wave 15 Batch 03 proposal; Wave 32 finalization candidate; OM-R06=B; OM-R07=B; OM-R10=A.","TEMPORARY_AUDIT_ID_NOT_PRODUCTION_STABLE_ID"
"AUDIT-001080","BATCH_03","3dd6df685c7e6a5ed672188e010992063ea9d720","docs/TAXONOMY_BATCH_03_FINALIZATION_TREE.csv","52","AUDIT-001077","Otomotiv & Motosiklet > Akü & Araç Elektriği","Otomotiv & Motosiklet","Akü & Araç Elektriği","Araç Ampulleri & Elektrik Aydınlatma","","3","Otomotiv & Motosiklet > Akü & Araç Elektriği > Araç Ampulleri & Elektrik Aydınlatma","otomotiv & motosiklet > akü & araç elektriği > araç ampulleri & elektrik aydınlatma","YES","CANDIDATE_FOR_PRODUCT_OWNER_FINALIZATION","REGULATED","Otomotiv & Motosiklet","YES","YES","Wave 15 Batch 03 proposal; Wave 32 finalization candidate; OM-R06=B; OM-R07=B; OM-R10=A.","TEMPORARY_AUDIT_ID_NOT_PRODUCTION_STABLE_ID"
"AUDIT-001081","BATCH_03","3dd6df685c7e6a5ed672188e010992063ea9d720","docs/TAXONOMY_BATCH_03_FINALIZATION_TREE.csv","53","AUDIT-001077","Otomotiv & Motosiklet > Akü & Araç Elektriği","Otomotiv & Motosiklet","Akü & Araç Elektriği","Araç Kablo & Konnektörleri","","3","Otomotiv & Motosiklet > Akü & Araç Elektriği > Araç Kablo & Konnektörleri","otomotiv & motosiklet > akü & araç elektriği > araç kablo & konnektörleri","YES","CANDIDATE_FOR_PRODUCT_OWNER_FINALIZATION","REGULATED","Otomotiv & Motosiklet","YES","YES","Wave 15 Batch 03 proposal; Wave 32 finalization candidate; OM-R06=B; OM-R07=B; OM-R10=A.","TEMPORARY_AUDIT_ID_NOT_PRODUCTION_STABLE_ID"
"AUDIT-001082","BATCH_03","3dd6df685c7e6a5ed672188e010992063ea9d720","docs/TAXONOMY_BATCH_03_FINALIZATION_TREE.csv","54","AUDIT-001077","Otomotiv & Motosiklet > Akü & Araç Elektriği","Otomotiv & Motosiklet","Akü & Araç Elektriği","Sigorta, Röle & Elektrik Parçaları","","3","Otomotiv & Motosiklet > Akü & Araç Elektriği > Sigorta, Röle & Elektrik Parçaları","otomotiv & motosiklet > akü & araç elektriği > sigorta, röle & elektrik parçaları","YES","CANDIDATE_FOR_PRODUCT_OWNER_FINALIZATION","REGULATED","Otomotiv & Motosiklet","YES","YES","Wave 15 Batch 03 proposal; Wave 32 finalization candidate; OM-R06=B; OM-R07=B; OM-R10=A.","TEMPORARY_AUDIT_ID_NOT_PRODUCTION_STABLE_ID"
"AUDIT-001083","BATCH_03","3dd6df685c7e6a5ed672188e010992063ea9d720","docs/TAXONOMY_BATCH_03_FINALIZATION_TREE.csv","55","","Otomotiv & Motosiklet","Otomotiv & Motosiklet","Araç Elektroniği","","","2","Otomotiv & Motosiklet > Araç Elektroniği","otomotiv & motosiklet > araç elektroniği","NO","CANDIDATE_FOR_PRODUCT_OWNER_FINALIZATION","LEGAL_REVIEW_REQUIRED","Otomotiv & Motosiklet","YES","YES","Wave 15 Batch 03 proposal; Wave 32 finalization candidate; OM-R06=B; OM-R07=B; OM-R10=A.","TEMPORARY_AUDIT_ID_NOT_PRODUCTION_STABLE_ID"
"AUDIT-001084","BATCH_03","3dd6df685c7e6a5ed672188e010992063ea9d720","docs/TAXONOMY_BATCH_03_FINALIZATION_TREE.csv","56","AUDIT-001083","Otomotiv & Motosiklet > Araç Elektroniği","Otomotiv & Motosiklet","Araç Elektroniği","Araç Kameraları","","3","Otomotiv & Motosiklet > Araç Elektroniği > Araç Kameraları","otomotiv & motosiklet > araç elektroniği > araç kameraları","YES","CANDIDATE_FOR_PRODUCT_OWNER_FINALIZATION","REGULATED","Otomotiv & Motosiklet","YES","YES","Wave 15 Batch 03 proposal; Wave 32 finalization candidate; OM-R06=B; OM-R07=B; OM-R10=A.","TEMPORARY_AUDIT_ID_NOT_PRODUCTION_STABLE_ID"
"AUDIT-001085","BATCH_03","3dd6df685c7e6a5ed672188e010992063ea9d720","docs/TAXONOMY_BATCH_03_FINALIZATION_TREE.csv","57","AUDIT-001083","Otomotiv & Motosiklet > Araç Elektroniği","Otomotiv & Motosiklet","Araç Elektroniği","Araç Multimedya Sistemleri","","3","Otomotiv & Motosiklet > Araç Elektroniği > Araç Multimedya Sistemleri","otomotiv & motosiklet > araç elektroniği > araç multimedya sistemleri","YES","CANDIDATE_FOR_PRODUCT_OWNER_FINALIZATION","REGULATED","Otomotiv & Motosiklet","YES","YES","Wave 15 Batch 03 proposal; Wave 32 finalization candidate; OM-R06=B; OM-R07=B; OM-R10=A.","TEMPORARY_AUDIT_ID_NOT_PRODUCTION_STABLE_ID"
"AUDIT-001086","BATCH_03","3dd6df685c7e6a5ed672188e010992063ea9d720","docs/TAXONOMY_BATCH_03_FINALIZATION_TREE.csv","58","AUDIT-001083","Otomotiv & Motosiklet > Araç Elektroniği","Otomotiv & Motosiklet","Araç Elektroniği","Araç Navigasyon Cihazları","","3","Otomotiv & Motosiklet > Araç Elektroniği > Araç Navigasyon Cihazları","otomotiv & motosiklet > araç elektroniği > araç navigasyon cihazları","YES","CANDIDATE_FOR_PRODUCT_OWNER_FINALIZATION","REGULATED","Otomotiv & Motosiklet","YES","YES","Wave 15 Batch 03 proposal; Wave 32 finalization candidate; OM-R06=B; OM-R07=B; OM-R10=A.","TEMPORARY_AUDIT_ID_NOT_PRODUCTION_STABLE_ID"
"AUDIT-001087","BATCH_03","3dd6df685c7e6a5ed672188e010992063ea9d720","docs/TAXONOMY_BATCH_03_FINALIZATION_TREE.csv","59","AUDIT-001083","Otomotiv & Motosiklet > Araç Elektroniği","Otomotiv & Motosiklet","Araç Elektroniği","Elektronik Alarm & İmmobilizer Sistemleri","","3","Otomotiv & Motosiklet > Araç Elektroniği > Elektronik Alarm & İmmobilizer Sistemleri","otomotiv & motosiklet > araç elektroniği > elektronik alarm & immobilizer sistemleri","YES","CANDIDATE_FOR_PRODUCT_OWNER_FINALIZATION","LEGAL_REVIEW_REQUIRED","Otomotiv & Motosiklet","YES","YES","Wave 15 Batch 03 proposal; Wave 32 finalization candidate; OM-R06=B; OM-R07=B; OM-R10=A.","TEMPORARY_AUDIT_ID_NOT_PRODUCTION_STABLE_ID"
"AUDIT-001088","BATCH_03","3dd6df685c7e6a5ed672188e010992063ea9d720","docs/TAXONOMY_BATCH_03_FINALIZATION_TREE.csv","60","AUDIT-001083","Otomotiv & Motosiklet > Araç Elektroniği","Otomotiv & Motosiklet","Araç Elektroniği","OBD & Araç Teşhis Cihazları","","3","Otomotiv & Motosiklet > Araç Elektroniği > OBD & Araç Teşhis Cihazları","otomotiv & motosiklet > araç elektroniği > obd & araç teşhis cihazları","YES","CANDIDATE_FOR_PRODUCT_OWNER_FINALIZATION","LEGAL_REVIEW_REQUIRED","Otomotiv & Motosiklet","YES","YES","Wave 15 Batch 03 proposal; Wave 32 finalization candidate; OM-R06=B; OM-R07=B; OM-R10=A.","TEMPORARY_AUDIT_ID_NOT_PRODUCTION_STABLE_ID"
"AUDIT-001089","BATCH_03","3dd6df685c7e6a5ed672188e010992063ea9d720","docs/TAXONOMY_BATCH_03_FINALIZATION_TREE.csv","61","AUDIT-001083","Otomotiv & Motosiklet > Araç Elektroniği","Otomotiv & Motosiklet","Araç Elektroniği","Park & Geri Görüş Sistemleri","","3","Otomotiv & Motosiklet > Araç Elektroniği > Park & Geri Görüş Sistemleri","otomotiv & motosiklet > araç elektroniği > park & geri görüş sistemleri","YES","CANDIDATE_FOR_PRODUCT_OWNER_FINALIZATION","REGULATED","Otomotiv & Motosiklet","YES","YES","Wave 15 Batch 03 proposal; Wave 32 finalization candidate; OM-R06=B; OM-R07=B; OM-R10=A.","TEMPORARY_AUDIT_ID_NOT_PRODUCTION_STABLE_ID"
"AUDIT-001090","BATCH_03","3dd6df685c7e6a5ed672188e010992063ea9d720","docs/TAXONOMY_BATCH_03_FINALIZATION_TREE.csv","62","","Otomotiv & Motosiklet","Otomotiv & Motosiklet","Araç Bakım & Temizlik","","","2","Otomotiv & Motosiklet > Araç Bakım & Temizlik","otomotiv & motosiklet > araç bakım & temizlik","NO","CANDIDATE_FOR_PRODUCT_OWNER_FINALIZATION","LEGAL_REVIEW_REQUIRED","Otomotiv & Motosiklet","YES","YES","Wave 15 Batch 03 proposal; Wave 32 finalization candidate; OM-R06=B; OM-R07=B; OM-R10=A.","TEMPORARY_AUDIT_ID_NOT_PRODUCTION_STABLE_ID"
"AUDIT-001091","BATCH_03","3dd6df685c7e6a5ed672188e010992063ea9d720","docs/TAXONOMY_BATCH_03_FINALIZATION_TREE.csv","63","AUDIT-001090","Otomotiv & Motosiklet > Araç Bakım & Temizlik","Otomotiv & Motosiklet","Araç Bakım & Temizlik","Araç Dış Temizlik Ürünleri","","3","Otomotiv & Motosiklet > Araç Bakım & Temizlik > Araç Dış Temizlik Ürünleri","otomotiv & motosiklet > araç bakım & temizlik > araç dış temizlik ürünleri","YES","CANDIDATE_FOR_PRODUCT_OWNER_FINALIZATION","LEGAL_REVIEW_REQUIRED","Otomotiv & Motosiklet","YES","YES","Wave 15 Batch 03 proposal; Wave 32 finalization candidate; OM-R06=B; OM-R07=B; OM-R10=A.","TEMPORARY_AUDIT_ID_NOT_PRODUCTION_STABLE_ID"
"AUDIT-001092","BATCH_03","3dd6df685c7e6a5ed672188e010992063ea9d720","docs/TAXONOMY_BATCH_03_FINALIZATION_TREE.csv","64","AUDIT-001090","Otomotiv & Motosiklet > Araç Bakım & Temizlik","Otomotiv & Motosiklet","Araç Bakım & Temizlik","Araç İçi Temizlik Ürünleri","","3","Otomotiv & Motosiklet > Araç Bakım & Temizlik > Araç İçi Temizlik Ürünleri","otomotiv & motosiklet > araç bakım & temizlik > araç içi temizlik ürünleri","YES","CANDIDATE_FOR_PRODUCT_OWNER_FINALIZATION","LEGAL_REVIEW_REQUIRED","Otomotiv & Motosiklet","YES","YES","Wave 15 Batch 03 proposal; Wave 32 finalization candidate; OM-R06=B; OM-R07=B; OM-R10=A.","TEMPORARY_AUDIT_ID_NOT_PRODUCTION_STABLE_ID"
"AUDIT-001093","BATCH_03","3dd6df685c7e6a5ed672188e010992063ea9d720","docs/TAXONOMY_BATCH_03_FINALIZATION_TREE.csv","65","AUDIT-001090","Otomotiv & Motosiklet > Araç Bakım & Temizlik","Otomotiv & Motosiklet","Araç Bakım & Temizlik","Cila & Yüzey Koruma Ürünleri","","3","Otomotiv & Motosiklet > Araç Bakım & Temizlik > Cila & Yüzey Koruma Ürünleri","otomotiv & motosiklet > araç bakım & temizlik > cila & yüzey koruma ürünleri","YES","CANDIDATE_FOR_PRODUCT_OWNER_FINALIZATION","LEGAL_REVIEW_REQUIRED","Otomotiv & Motosiklet","YES","YES","Wave 15 Batch 03 proposal; Wave 32 finalization candidate; OM-R06=B; OM-R07=B; OM-R10=A.","TEMPORARY_AUDIT_ID_NOT_PRODUCTION_STABLE_ID"
"AUDIT-001094","BATCH_03","3dd6df685c7e6a5ed672188e010992063ea9d720","docs/TAXONOMY_BATCH_03_FINALIZATION_TREE.csv","66","AUDIT-001090","Otomotiv & Motosiklet > Araç Bakım & Temizlik","Otomotiv & Motosiklet","Araç Bakım & Temizlik","Temizlik Uygulama Aksesuarları","","3","Otomotiv & Motosiklet > Araç Bakım & Temizlik > Temizlik Uygulama Aksesuarları","otomotiv & motosiklet > araç bakım & temizlik > temizlik uygulama aksesuarları","YES","CANDIDATE_FOR_PRODUCT_OWNER_FINALIZATION","NORMAL","Otomotiv & Motosiklet","YES","NO","Wave 15 Batch 03 proposal; Wave 32 finalization candidate; OM-R06=B; OM-R07=B; OM-R10=A.","TEMPORARY_AUDIT_ID_NOT_PRODUCTION_STABLE_ID"
"AUDIT-001095","BATCH_03","3dd6df685c7e6a5ed672188e010992063ea9d720","docs/TAXONOMY_BATCH_03_FINALIZATION_TREE.csv","67","AUDIT-001090","Otomotiv & Motosiklet > Araç Bakım & Temizlik","Otomotiv & Motosiklet","Araç Bakım & Temizlik","Yıkama & Kurulama Aksesuarları","","3","Otomotiv & Motosiklet > Araç Bakım & Temizlik > Yıkama & Kurulama Aksesuarları","otomotiv & motosiklet > araç bakım & temizlik > yıkama & kurulama aksesuarları","YES","CANDIDATE_FOR_PRODUCT_OWNER_FINALIZATION","NORMAL","Otomotiv & Motosiklet","YES","NO","Wave 15 Batch 03 proposal; Wave 32 finalization candidate; OM-R06=B; OM-R07=B; OM-R10=A.","TEMPORARY_AUDIT_ID_NOT_PRODUCTION_STABLE_ID"
"AUDIT-001096","BATCH_03","3dd6df685c7e6a5ed672188e010992063ea9d720","docs/TAXONOMY_BATCH_03_FINALIZATION_TREE.csv","68","","Otomotiv & Motosiklet","Otomotiv & Motosiklet","Motor Yağı, Sıvı & Katkılar","","","2","Otomotiv & Motosiklet > Motor Yağı, Sıvı & Katkılar","otomotiv & motosiklet > motor yağı, sıvı & katkılar","NO","CANDIDATE_FOR_PRODUCT_OWNER_FINALIZATION","LEGAL_REVIEW_REQUIRED","Otomotiv & Motosiklet","YES","YES","Wave 15 Batch 03 proposal; Wave 32 finalization candidate; OM-R06=B; OM-R07=B; OM-R10=A.","TEMPORARY_AUDIT_ID_NOT_PRODUCTION_STABLE_ID"
"AUDIT-001097","BATCH_03","3dd6df685c7e6a5ed672188e010992063ea9d720","docs/TAXONOMY_BATCH_03_FINALIZATION_TREE.csv","69","AUDIT-001096","Otomotiv & Motosiklet > Motor Yağı, Sıvı & Katkılar","Otomotiv & Motosiklet","Motor Yağı, Sıvı & Katkılar","Antifriz & Soğutma Sıvıları","","3","Otomotiv & Motosiklet > Motor Yağı, Sıvı & Katkılar > Antifriz & Soğutma Sıvıları","otomotiv & motosiklet > motor yağı, sıvı & katkılar > antifriz & soğutma sıvıları","YES","CANDIDATE_FOR_PRODUCT_OWNER_FINALIZATION","LEGAL_REVIEW_REQUIRED","Otomotiv & Motosiklet","YES","YES","Wave 15 Batch 03 proposal; Wave 32 finalization candidate; OM-R06=B; OM-R07=B; OM-R10=A.","TEMPORARY_AUDIT_ID_NOT_PRODUCTION_STABLE_ID"
"AUDIT-001098","BATCH_03","3dd6df685c7e6a5ed672188e010992063ea9d720","docs/TAXONOMY_BATCH_03_FINALIZATION_TREE.csv","70","AUDIT-001096","Otomotiv & Motosiklet > Motor Yağı, Sıvı & Katkılar","Otomotiv & Motosiklet","Motor Yağı, Sıvı & Katkılar","Fren & Hidrolik Sıvıları","","3","Otomotiv & Motosiklet > Motor Yağı, Sıvı & Katkılar > Fren & Hidrolik Sıvıları","otomotiv & motosiklet > motor yağı, sıvı & katkılar > fren & hidrolik sıvıları","YES","CANDIDATE_FOR_PRODUCT_OWNER_FINALIZATION","LEGAL_REVIEW_REQUIRED","Otomotiv & Motosiklet","YES","YES","Wave 15 Batch 03 proposal; Wave 32 finalization candidate; OM-R06=B; OM-R07=B; OM-R10=A.","TEMPORARY_AUDIT_ID_NOT_PRODUCTION_STABLE_ID"
"AUDIT-001099","BATCH_03","3dd6df685c7e6a5ed672188e010992063ea9d720","docs/TAXONOMY_BATCH_03_FINALIZATION_TREE.csv","71","AUDIT-001096","Otomotiv & Motosiklet > Motor Yağı, Sıvı & Katkılar","Otomotiv & Motosiklet","Motor Yağı, Sıvı & Katkılar","Motor Yağları","","3","Otomotiv & Motosiklet > Motor Yağı, Sıvı & Katkılar > Motor Yağları","otomotiv & motosiklet > motor yağı, sıvı & katkılar > motor yağları","YES","CANDIDATE_FOR_PRODUCT_OWNER_FINALIZATION","LEGAL_REVIEW_REQUIRED","Otomotiv & Motosiklet","YES","YES","Wave 15 Batch 03 proposal; Wave 32 finalization candidate; OM-R06=B; OM-R07=B; OM-R10=A.","TEMPORARY_AUDIT_ID_NOT_PRODUCTION_STABLE_ID"
"AUDIT-001100","BATCH_03","3dd6df685c7e6a5ed672188e010992063ea9d720","docs/TAXONOMY_BATCH_03_FINALIZATION_TREE.csv","72","AUDIT-001096","Otomotiv & Motosiklet > Motor Yağı, Sıvı & Katkılar","Otomotiv & Motosiklet","Motor Yağı, Sıvı & Katkılar","Şanzıman & Diferansiyel Yağları","","3","Otomotiv & Motosiklet > Motor Yağı, Sıvı & Katkılar > Şanzıman & Diferansiyel Yağları","otomotiv & motosiklet > motor yağı, sıvı & katkılar > şanzıman & diferansiyel yağları","YES","CANDIDATE_FOR_PRODUCT_OWNER_FINALIZATION","LEGAL_REVIEW_REQUIRED","Otomotiv & Motosiklet","YES","YES","Wave 15 Batch 03 proposal; Wave 32 finalization candidate; OM-R06=B; OM-R07=B; OM-R10=A.","TEMPORARY_AUDIT_ID_NOT_PRODUCTION_STABLE_ID"
"AUDIT-001101","BATCH_03","3dd6df685c7e6a5ed672188e010992063ea9d720","docs/TAXONOMY_BATCH_03_FINALIZATION_TREE.csv","73","AUDIT-001096","Otomotiv & Motosiklet > Motor Yağı, Sıvı & Katkılar","Otomotiv & Motosiklet","Motor Yağı, Sıvı & Katkılar","Yakıt & Motor Katkıları","","3","Otomotiv & Motosiklet > Motor Yağı, Sıvı & Katkılar > Yakıt & Motor Katkıları","otomotiv & motosiklet > motor yağı, sıvı & katkılar > yakıt & motor katkıları","YES","CANDIDATE_FOR_PRODUCT_OWNER_FINALIZATION","LEGAL_REVIEW_REQUIRED","Otomotiv & Motosiklet","YES","YES","Wave 15 Batch 03 proposal; Wave 32 finalization candidate; OM-R06=B; OM-R07=B; OM-R10=A.","TEMPORARY_AUDIT_ID_NOT_PRODUCTION_STABLE_ID"
"AUDIT-001102","BATCH_03","3dd6df685c7e6a5ed672188e010992063ea9d720","docs/TAXONOMY_BATCH_03_FINALIZATION_TREE.csv","74","","Otomotiv & Motosiklet","Otomotiv & Motosiklet","Motosiklet Kask & Koruma Ekipmanları","","","2","Otomotiv & Motosiklet > Motosiklet Kask & Koruma Ekipmanları","otomotiv & motosiklet > motosiklet kask & koruma ekipmanları","NO","CANDIDATE_FOR_PRODUCT_OWNER_FINALIZATION","REGULATED","Otomotiv & Motosiklet","YES","YES","Wave 15 Batch 03 proposal; Wave 32 finalization candidate; OM-R06=B; OM-R07=B; OM-R10=A.","TEMPORARY_AUDIT_ID_NOT_PRODUCTION_STABLE_ID"
"AUDIT-001103","BATCH_03","3dd6df685c7e6a5ed672188e010992063ea9d720","docs/TAXONOMY_BATCH_03_FINALIZATION_TREE.csv","75","AUDIT-001102","Otomotiv & Motosiklet > Motosiklet Kask & Koruma Ekipmanları","Otomotiv & Motosiklet","Motosiklet Kask & Koruma Ekipmanları","Koruyucu Motosiklet Giyimi","","3","Otomotiv & Motosiklet > Motosiklet Kask & Koruma Ekipmanları > Koruyucu Motosiklet Giyimi","otomotiv & motosiklet > motosiklet kask & koruma ekipmanları > koruyucu motosiklet giyimi","YES","CANDIDATE_FOR_PRODUCT_OWNER_FINALIZATION","REGULATED","Otomotiv & Motosiklet","YES","YES","Wave 15 Batch 03 proposal; Wave 32 finalization candidate; OM-R06=B; OM-R07=B; OM-R10=A.","TEMPORARY_AUDIT_ID_NOT_PRODUCTION_STABLE_ID"
"AUDIT-001104","BATCH_03","3dd6df685c7e6a5ed672188e010992063ea9d720","docs/TAXONOMY_BATCH_03_FINALIZATION_TREE.csv","76","AUDIT-001102","Otomotiv & Motosiklet > Motosiklet Kask & Koruma Ekipmanları","Otomotiv & Motosiklet","Motosiklet Kask & Koruma Ekipmanları","Motosiklet Botları","","3","Otomotiv & Motosiklet > Motosiklet Kask & Koruma Ekipmanları > Motosiklet Botları","otomotiv & motosiklet > motosiklet kask & koruma ekipmanları > motosiklet botları","YES","CANDIDATE_FOR_PRODUCT_OWNER_FINALIZATION","REGULATED","Otomotiv & Motosiklet","YES","YES","Wave 15 Batch 03 proposal; Wave 32 finalization candidate; OM-R06=B; OM-R07=B; OM-R10=A.","TEMPORARY_AUDIT_ID_NOT_PRODUCTION_STABLE_ID"
"AUDIT-001105","BATCH_03","3dd6df685c7e6a5ed672188e010992063ea9d720","docs/TAXONOMY_BATCH_03_FINALIZATION_TREE.csv","77","AUDIT-001102","Otomotiv & Motosiklet > Motosiklet Kask & Koruma Ekipmanları","Otomotiv & Motosiklet","Motosiklet Kask & Koruma Ekipmanları","Motosiklet Eldivenleri","","3","Otomotiv & Motosiklet > Motosiklet Kask & Koruma Ekipmanları > Motosiklet Eldivenleri","otomotiv & motosiklet > motosiklet kask & koruma ekipmanları > motosiklet eldivenleri","YES","CANDIDATE_FOR_PRODUCT_OWNER_FINALIZATION","REGULATED","Otomotiv & Motosiklet","YES","YES","Wave 15 Batch 03 proposal; Wave 32 finalization candidate; OM-R06=B; OM-R07=B; OM-R10=A.","TEMPORARY_AUDIT_ID_NOT_PRODUCTION_STABLE_ID"
"AUDIT-001106","BATCH_03","3dd6df685c7e6a5ed672188e010992063ea9d720","docs/TAXONOMY_BATCH_03_FINALIZATION_TREE.csv","78","AUDIT-001102","Otomotiv & Motosiklet > Motosiklet Kask & Koruma Ekipmanları","Otomotiv & Motosiklet","Motosiklet Kask & Koruma Ekipmanları","Motosiklet Kaskları","","3","Otomotiv & Motosiklet > Motosiklet Kask & Koruma Ekipmanları > Motosiklet Kaskları","otomotiv & motosiklet > motosiklet kask & koruma ekipmanları > motosiklet kaskları","YES","CANDIDATE_FOR_PRODUCT_OWNER_FINALIZATION","REGULATED","Otomotiv & Motosiklet","YES","YES","Wave 15 Batch 03 proposal; Wave 32 finalization candidate; OM-R06=B; OM-R07=B; OM-R10=A.","TEMPORARY_AUDIT_ID_NOT_PRODUCTION_STABLE_ID"
"AUDIT-001107","BATCH_03","3dd6df685c7e6a5ed672188e010992063ea9d720","docs/TAXONOMY_BATCH_03_FINALIZATION_TREE.csv","79","AUDIT-001102","Otomotiv & Motosiklet > Motosiklet Kask & Koruma Ekipmanları","Otomotiv & Motosiklet","Motosiklet Kask & Koruma Ekipmanları","Vücut Koruyucuları","","3","Otomotiv & Motosiklet > Motosiklet Kask & Koruma Ekipmanları > Vücut Koruyucuları","otomotiv & motosiklet > motosiklet kask & koruma ekipmanları > vücut koruyucuları","YES","CANDIDATE_FOR_PRODUCT_OWNER_FINALIZATION","REGULATED","Otomotiv & Motosiklet","YES","YES","Wave 15 Batch 03 proposal; Wave 32 finalization candidate; OM-R06=B; OM-R07=B; OM-R10=A.","TEMPORARY_AUDIT_ID_NOT_PRODUCTION_STABLE_ID"
"AUDIT-001108","BATCH_03","3dd6df685c7e6a5ed672188e010992063ea9d720","docs/TAXONOMY_BATCH_03_FINALIZATION_TREE.csv","80","AUDIT-001102","Otomotiv & Motosiklet > Motosiklet Kask & Koruma Ekipmanları","Otomotiv & Motosiklet","Motosiklet Kask & Koruma Ekipmanları","Yağmur & Görünürlük Ekipmanları","","3","Otomotiv & Motosiklet > Motosiklet Kask & Koruma Ekipmanları > Yağmur & Görünürlük Ekipmanları","otomotiv & motosiklet > motosiklet kask & koruma ekipmanları > yağmur & görünürlük ekipmanları","YES","CANDIDATE_FOR_PRODUCT_OWNER_FINALIZATION","REGULATED","Otomotiv & Motosiklet","YES","YES","Wave 15 Batch 03 proposal; Wave 32 finalization candidate; OM-R06=B; OM-R07=B; OM-R10=A.","TEMPORARY_AUDIT_ID_NOT_PRODUCTION_STABLE_ID"
"AUDIT-001109","BATCH_03","3dd6df685c7e6a5ed672188e010992063ea9d720","docs/TAXONOMY_BATCH_03_FINALIZATION_TREE.csv","81","","Otomotiv & Motosiklet","Otomotiv & Motosiklet","Araç Güvenlik & Acil Durum Ürünleri","","","2","Otomotiv & Motosiklet > Araç Güvenlik & Acil Durum Ürünleri","otomotiv & motosiklet > araç güvenlik & acil durum ürünleri","NO","CANDIDATE_FOR_PRODUCT_OWNER_FINALIZATION","LEGAL_REVIEW_REQUIRED","Otomotiv & Motosiklet","YES","YES","Wave 15 Batch 03 proposal; Wave 32 finalization candidate; OM-R06=B; OM-R07=B; OM-R10=A.","TEMPORARY_AUDIT_ID_NOT_PRODUCTION_STABLE_ID"
"AUDIT-001110","BATCH_03","3dd6df685c7e6a5ed672188e010992063ea9d720","docs/TAXONOMY_BATCH_03_FINALIZATION_TREE.csv","82","AUDIT-001109","Otomotiv & Motosiklet > Araç Güvenlik & Acil Durum Ürünleri","Otomotiv & Motosiklet","Araç Güvenlik & Acil Durum Ürünleri","Acil Durum El Aletleri","","3","Otomotiv & Motosiklet > Araç Güvenlik & Acil Durum Ürünleri > Acil Durum El Aletleri","otomotiv & motosiklet > araç güvenlik & acil durum ürünleri > acil durum el aletleri","YES","CANDIDATE_FOR_PRODUCT_OWNER_FINALIZATION","REGULATED","Otomotiv & Motosiklet","YES","YES","Wave 15 Batch 03 proposal; Wave 32 finalization candidate; OM-R06=B; OM-R07=B; OM-R10=A.","TEMPORARY_AUDIT_ID_NOT_PRODUCTION_STABLE_ID"
"AUDIT-001111","BATCH_03","3dd6df685c7e6a5ed672188e010992063ea9d720","docs/TAXONOMY_BATCH_03_FINALIZATION_TREE.csv","83","AUDIT-001109","Otomotiv & Motosiklet > Araç Güvenlik & Acil Durum Ürünleri","Otomotiv & Motosiklet","Araç Güvenlik & Acil Durum Ürünleri","Araç İlk Yardım Setleri","","3","Otomotiv & Motosiklet > Araç Güvenlik & Acil Durum Ürünleri > Araç İlk Yardım Setleri","otomotiv & motosiklet > araç güvenlik & acil durum ürünleri > araç ilk yardım setleri","YES","CANDIDATE_FOR_PRODUCT_OWNER_FINALIZATION","LEGAL_REVIEW_REQUIRED","Otomotiv & Motosiklet","YES","YES","Wave 15 Batch 03 proposal; Wave 32 finalization candidate; OM-R06=B; OM-R07=B; OM-R10=A.","TEMPORARY_AUDIT_ID_NOT_PRODUCTION_STABLE_ID"
"AUDIT-001112","BATCH_03","3dd6df685c7e6a5ed672188e010992063ea9d720","docs/TAXONOMY_BATCH_03_FINALIZATION_TREE.csv","84","AUDIT-001109","Otomotiv & Motosiklet > Araç Güvenlik & Acil Durum Ürünleri","Otomotiv & Motosiklet","Araç Güvenlik & Acil Durum Ürünleri","Araç Yangın Söndürücüleri","","3","Otomotiv & Motosiklet > Araç Güvenlik & Acil Durum Ürünleri > Araç Yangın Söndürücüleri","otomotiv & motosiklet > araç güvenlik & acil durum ürünleri > araç yangın söndürücüleri","YES","CANDIDATE_FOR_PRODUCT_OWNER_FINALIZATION","LEGAL_REVIEW_REQUIRED","Otomotiv & Motosiklet","YES","YES","Wave 15 Batch 03 proposal; Wave 32 finalization candidate; OM-R06=B; OM-R07=B; OM-R10=A.","TEMPORARY_AUDIT_ID_NOT_PRODUCTION_STABLE_ID"
"AUDIT-001113","BATCH_03","3dd6df685c7e6a5ed672188e010992063ea9d720","docs/TAXONOMY_BATCH_03_FINALIZATION_TREE.csv","85","AUDIT-001109","Otomotiv & Motosiklet > Araç Güvenlik & Acil Durum Ürünleri","Otomotiv & Motosiklet","Araç Güvenlik & Acil Durum Ürünleri","Mekanik Direksiyon & Pedal Kilitleri","","3","Otomotiv & Motosiklet > Araç Güvenlik & Acil Durum Ürünleri > Mekanik Direksiyon & Pedal Kilitleri","otomotiv & motosiklet > araç güvenlik & acil durum ürünleri > mekanik direksiyon & pedal kilitleri","YES","CANDIDATE_FOR_PRODUCT_OWNER_FINALIZATION","NORMAL","Otomotiv & Motosiklet","YES","NO","Wave 15 Batch 03 proposal; Wave 32 finalization candidate; OM-R06=B; OM-R07=B; OM-R10=A.","TEMPORARY_AUDIT_ID_NOT_PRODUCTION_STABLE_ID"
"AUDIT-001114","BATCH_03","3dd6df685c7e6a5ed672188e010992063ea9d720","docs/TAXONOMY_BATCH_03_FINALIZATION_TREE.csv","86","AUDIT-001109","Otomotiv & Motosiklet > Araç Güvenlik & Acil Durum Ürünleri","Otomotiv & Motosiklet","Araç Güvenlik & Acil Durum Ürünleri","Reflektör & Görünürlük Ürünleri","","3","Otomotiv & Motosiklet > Araç Güvenlik & Acil Durum Ürünleri > Reflektör & Görünürlük Ürünleri","otomotiv & motosiklet > araç güvenlik & acil durum ürünleri > reflektör & görünürlük ürünleri","YES","CANDIDATE_FOR_PRODUCT_OWNER_FINALIZATION","REGULATED","Otomotiv & Motosiklet","YES","YES","Wave 15 Batch 03 proposal; Wave 32 finalization candidate; OM-R06=B; OM-R07=B; OM-R10=A.","TEMPORARY_AUDIT_ID_NOT_PRODUCTION_STABLE_ID"
"AUDIT-001115","BATCH_03","3dd6df685c7e6a5ed672188e010992063ea9d720","docs/TAXONOMY_BATCH_03_FINALIZATION_TREE.csv","87","AUDIT-001109","Otomotiv & Motosiklet > Araç Güvenlik & Acil Durum Ürünleri","Otomotiv & Motosiklet","Araç Güvenlik & Acil Durum Ürünleri","Takviye Kabloları & Çekme Halatları","","3","Otomotiv & Motosiklet > Araç Güvenlik & Acil Durum Ürünleri > Takviye Kabloları & Çekme Halatları","otomotiv & motosiklet > araç güvenlik & acil durum ürünleri > takviye kabloları & çekme halatları","YES","CANDIDATE_FOR_PRODUCT_OWNER_FINALIZATION","REGULATED","Otomotiv & Motosiklet","YES","YES","Wave 15 Batch 03 proposal; Wave 32 finalization candidate; OM-R06=B; OM-R07=B; OM-R10=A.","TEMPORARY_AUDIT_ID_NOT_PRODUCTION_STABLE_ID"
"AUDIT-001116","BATCH_03","3dd6df685c7e6a5ed672188e010992063ea9d720","docs/TAXONOMY_BATCH_03_FINALIZATION_TREE.csv","88","","Kitap","Kitap","Edebiyat & Kurgu","","","2","Kitap > Edebiyat & Kurgu","kitap > edebiyat & kurgu","NO","CANDIDATE_FOR_PRODUCT_OWNER_FINALIZATION","NORMAL","Kitap","YES","NO","Wave 15 Batch 03 proposal; Wave 32 finalization candidate; OM-R06=B; OM-R07=B; OM-R10=A.","TEMPORARY_AUDIT_ID_NOT_PRODUCTION_STABLE_ID"
"AUDIT-001117","BATCH_03","3dd6df685c7e6a5ed672188e010992063ea9d720","docs/TAXONOMY_BATCH_03_FINALIZATION_TREE.csv","89","AUDIT-001116","Kitap > Edebiyat & Kurgu","Kitap","Edebiyat & Kurgu","Deneme","","3","Kitap > Edebiyat & Kurgu > Deneme","kitap > edebiyat & kurgu > deneme","YES","CANDIDATE_FOR_PRODUCT_OWNER_FINALIZATION","NORMAL","Kitap","YES","NO","Wave 15 Batch 03 proposal; Wave 32 finalization candidate; OM-R06=B; OM-R07=B; OM-R10=A.","TEMPORARY_AUDIT_ID_NOT_PRODUCTION_STABLE_ID"
"AUDIT-001118","BATCH_03","3dd6df685c7e6a5ed672188e010992063ea9d720","docs/TAXONOMY_BATCH_03_FINALIZATION_TREE.csv","90","AUDIT-001116","Kitap > Edebiyat & Kurgu","Kitap","Edebiyat & Kurgu","Öykü","","3","Kitap > Edebiyat & Kurgu > Öykü","kitap > edebiyat & kurgu > öykü","YES","CANDIDATE_FOR_PRODUCT_OWNER_FINALIZATION","NORMAL","Kitap","YES","NO","Wave 15 Batch 03 proposal; Wave 32 finalization candidate; OM-R06=B; OM-R07=B; OM-R10=A.","TEMPORARY_AUDIT_ID_NOT_PRODUCTION_STABLE_ID"
"AUDIT-001119","BATCH_03","3dd6df685c7e6a5ed672188e010992063ea9d720","docs/TAXONOMY_BATCH_03_FINALIZATION_TREE.csv","91","AUDIT-001116","Kitap > Edebiyat & Kurgu","Kitap","Edebiyat & Kurgu","Roman","","3","Kitap > Edebiyat & Kurgu > Roman","kitap > edebiyat & kurgu > roman","YES","CANDIDATE_FOR_PRODUCT_OWNER_FINALIZATION","NORMAL","Kitap","YES","NO","Wave 15 Batch 03 proposal; Wave 32 finalization candidate; OM-R06=B; OM-R07=B; OM-R10=A.","TEMPORARY_AUDIT_ID_NOT_PRODUCTION_STABLE_ID"
"AUDIT-001120","BATCH_03","3dd6df685c7e6a5ed672188e010992063ea9d720","docs/TAXONOMY_BATCH_03_FINALIZATION_TREE.csv","92","AUDIT-001116","Kitap > Edebiyat & Kurgu","Kitap","Edebiyat & Kurgu","Şiir","","3","Kitap > Edebiyat & Kurgu > Şiir","kitap > edebiyat & kurgu > şiir","YES","CANDIDATE_FOR_PRODUCT_OWNER_FINALIZATION","NORMAL","Kitap","YES","NO","Wave 15 Batch 03 proposal; Wave 32 finalization candidate; OM-R06=B; OM-R07=B; OM-R10=A.","TEMPORARY_AUDIT_ID_NOT_PRODUCTION_STABLE_ID"
"AUDIT-001121","BATCH_03","3dd6df685c7e6a5ed672188e010992063ea9d720","docs/TAXONOMY_BATCH_03_FINALIZATION_TREE.csv","93","AUDIT-001116","Kitap > Edebiyat & Kurgu","Kitap","Edebiyat & Kurgu","Tiyatro Eserleri","","3","Kitap > Edebiyat & Kurgu > Tiyatro Eserleri","kitap > edebiyat & kurgu > tiyatro eserleri","YES","CANDIDATE_FOR_PRODUCT_OWNER_FINALIZATION","NORMAL","Kitap","YES","NO","Wave 15 Batch 03 proposal; Wave 32 finalization candidate; OM-R06=B; OM-R07=B; OM-R10=A.","TEMPORARY_AUDIT_ID_NOT_PRODUCTION_STABLE_ID"
"AUDIT-001122","BATCH_03","3dd6df685c7e6a5ed672188e010992063ea9d720","docs/TAXONOMY_BATCH_03_FINALIZATION_TREE.csv","94","","Kitap","Kitap","Çocuk & Gençlik Kitapları","","","2","Kitap > Çocuk & Gençlik Kitapları","kitap > çocuk & gençlik kitapları","NO","CANDIDATE_FOR_PRODUCT_OWNER_FINALIZATION","REGULATED","Kitap","YES","YES","Wave 15 Batch 03 proposal; Wave 32 finalization candidate; OM-R06=B; OM-R07=B; OM-R10=A.","TEMPORARY_AUDIT_ID_NOT_PRODUCTION_STABLE_ID"
"AUDIT-001123","BATCH_03","3dd6df685c7e6a5ed672188e010992063ea9d720","docs/TAXONOMY_BATCH_03_FINALIZATION_TREE.csv","95","AUDIT-001122","Kitap > Çocuk & Gençlik Kitapları","Kitap","Çocuk & Gençlik Kitapları","Çocuk Edebiyatı","","3","Kitap > Çocuk & Gençlik Kitapları > Çocuk Edebiyatı","kitap > çocuk & gençlik kitapları > çocuk edebiyatı","YES","CANDIDATE_FOR_PRODUCT_OWNER_FINALIZATION","REGULATED","Kitap","YES","YES","Wave 15 Batch 03 proposal; Wave 32 finalization candidate; OM-R06=B; OM-R07=B; OM-R10=A.","TEMPORARY_AUDIT_ID_NOT_PRODUCTION_STABLE_ID"
"AUDIT-001124","BATCH_03","3dd6df685c7e6a5ed672188e010992063ea9d720","docs/TAXONOMY_BATCH_03_FINALIZATION_TREE.csv","96","AUDIT-001122","Kitap > Çocuk & Gençlik Kitapları","Kitap","Çocuk & Gençlik Kitapları","Çocuk Etkinlik Kitapları","","3","Kitap > Çocuk & Gençlik Kitapları > Çocuk Etkinlik Kitapları","kitap > çocuk & gençlik kitapları > çocuk etkinlik kitapları","YES","CANDIDATE_FOR_PRODUCT_OWNER_FINALIZATION","REGULATED","Kitap","YES","YES","Wave 15 Batch 03 proposal; Wave 32 finalization candidate; OM-R06=B; OM-R07=B; OM-R10=A.","TEMPORARY_AUDIT_ID_NOT_PRODUCTION_STABLE_ID"
"AUDIT-001125","BATCH_03","3dd6df685c7e6a5ed672188e010992063ea9d720","docs/TAXONOMY_BATCH_03_FINALIZATION_TREE.csv","97","AUDIT-001122","Kitap > Çocuk & Gençlik Kitapları","Kitap","Çocuk & Gençlik Kitapları","Gençlik Edebiyatı","","3","Kitap > Çocuk & Gençlik Kitapları > Gençlik Edebiyatı","kitap > çocuk & gençlik kitapları > gençlik edebiyatı","YES","CANDIDATE_FOR_PRODUCT_OWNER_FINALIZATION","REGULATED","Kitap","YES","YES","Wave 15 Batch 03 proposal; Wave 32 finalization candidate; OM-R06=B; OM-R07=B; OM-R10=A.","TEMPORARY_AUDIT_ID_NOT_PRODUCTION_STABLE_ID"
"AUDIT-001126","BATCH_03","3dd6df685c7e6a5ed672188e010992063ea9d720","docs/TAXONOMY_BATCH_03_FINALIZATION_TREE.csv","98","AUDIT-001122","Kitap > Çocuk & Gençlik Kitapları","Kitap","Çocuk & Gençlik Kitapları","İlk Okuma Kitapları","","3","Kitap > Çocuk & Gençlik Kitapları > İlk Okuma Kitapları","kitap > çocuk & gençlik kitapları > ilk okuma kitapları","YES","CANDIDATE_FOR_PRODUCT_OWNER_FINALIZATION","REGULATED","Kitap","YES","YES","Wave 15 Batch 03 proposal; Wave 32 finalization candidate; OM-R06=B; OM-R07=B; OM-R10=A.","TEMPORARY_AUDIT_ID_NOT_PRODUCTION_STABLE_ID"
"AUDIT-001127","BATCH_03","3dd6df685c7e6a5ed672188e010992063ea9d720","docs/TAXONOMY_BATCH_03_FINALIZATION_TREE.csv","99","AUDIT-001122","Kitap > Çocuk & Gençlik Kitapları","Kitap","Çocuk & Gençlik Kitapları","Okul Öncesi Kitapları","","3","Kitap > Çocuk & Gençlik Kitapları > Okul Öncesi Kitapları","kitap > çocuk & gençlik kitapları > okul öncesi kitapları","YES","CANDIDATE_FOR_PRODUCT_OWNER_FINALIZATION","REGULATED","Kitap","YES","YES","Wave 15 Batch 03 proposal; Wave 32 finalization candidate; OM-R06=B; OM-R07=B; OM-R10=A.","TEMPORARY_AUDIT_ID_NOT_PRODUCTION_STABLE_ID"
"AUDIT-001128","BATCH_03","3dd6df685c7e6a5ed672188e010992063ea9d720","docs/TAXONOMY_BATCH_03_FINALIZATION_TREE.csv","100","","Kitap","Kitap","Eğitim & Ders Kitapları","","","2","Kitap > Eğitim & Ders Kitapları","kitap > eğitim & ders kitapları","NO","CANDIDATE_FOR_PRODUCT_OWNER_FINALIZATION","REGULATED","Kitap","YES","YES","Wave 15 Batch 03 proposal; Wave 32 finalization candidate; OM-R06=B; OM-R07=B; OM-R10=A.","TEMPORARY_AUDIT_ID_NOT_PRODUCTION_STABLE_ID"
"AUDIT-001129","BATCH_03","3dd6df685c7e6a5ed672188e010992063ea9d720","docs/TAXONOMY_BATCH_03_FINALIZATION_TREE.csv","101","AUDIT-001128","Kitap > Eğitim & Ders Kitapları","Kitap","Eğitim & Ders Kitapları","İlkokul Ders Kitapları","","3","Kitap > Eğitim & Ders Kitapları > İlkokul Ders Kitapları","kitap > eğitim & ders kitapları > ilkokul ders kitapları","YES","CANDIDATE_FOR_PRODUCT_OWNER_FINALIZATION","NORMAL","Kitap","YES","NO","Wave 15 Batch 03 proposal; Wave 32 finalization candidate; OM-R06=B; OM-R07=B; OM-R10=A.","TEMPORARY_AUDIT_ID_NOT_PRODUCTION_STABLE_ID"
"AUDIT-001130","BATCH_03","3dd6df685c7e6a5ed672188e010992063ea9d720","docs/TAXONOMY_BATCH_03_FINALIZATION_TREE.csv","102","AUDIT-001128","Kitap > Eğitim & Ders Kitapları","Kitap","Eğitim & Ders Kitapları","Lise Ders Kitapları","","3","Kitap > Eğitim & Ders Kitapları > Lise Ders Kitapları","kitap > eğitim & ders kitapları > lise ders kitapları","YES","CANDIDATE_FOR_PRODUCT_OWNER_FINALIZATION","NORMAL","Kitap","YES","NO","Wave 15 Batch 03 proposal; Wave 32 finalization candidate; OM-R06=B; OM-R07=B; OM-R10=A.","TEMPORARY_AUDIT_ID_NOT_PRODUCTION_STABLE_ID"
"AUDIT-001131","BATCH_03","3dd6df685c7e6a5ed672188e010992063ea9d720","docs/TAXONOMY_BATCH_03_FINALIZATION_TREE.csv","103","AUDIT-001128","Kitap > Eğitim & Ders Kitapları","Kitap","Eğitim & Ders Kitapları","Okul Öncesi Eğitim Kitapları","","3","Kitap > Eğitim & Ders Kitapları > Okul Öncesi Eğitim Kitapları","kitap > eğitim & ders kitapları > okul öncesi eğitim kitapları","YES","CANDIDATE_FOR_PRODUCT_OWNER_FINALIZATION","REGULATED","Kitap","YES","YES","Wave 15 Batch 03 proposal; Wave 32 finalization candidate; OM-R06=B; OM-R07=B; OM-R10=A.","TEMPORARY_AUDIT_ID_NOT_PRODUCTION_STABLE_ID"
"AUDIT-001132","BATCH_03","3dd6df685c7e6a5ed672188e010992063ea9d720","docs/TAXONOMY_BATCH_03_FINALIZATION_TREE.csv","104","AUDIT-001128","Kitap > Eğitim & Ders Kitapları","Kitap","Eğitim & Ders Kitapları","Ortaokul Ders Kitapları","","3","Kitap > Eğitim & Ders Kitapları > Ortaokul Ders Kitapları","kitap > eğitim & ders kitapları > ortaokul ders kitapları","YES","CANDIDATE_FOR_PRODUCT_OWNER_FINALIZATION","NORMAL","Kitap","YES","NO","Wave 15 Batch 03 proposal; Wave 32 finalization candidate; OM-R06=B; OM-R07=B; OM-R10=A.","TEMPORARY_AUDIT_ID_NOT_PRODUCTION_STABLE_ID"
"AUDIT-001133","BATCH_03","3dd6df685c7e6a5ed672188e010992063ea9d720","docs/TAXONOMY_BATCH_03_FINALIZATION_TREE.csv","105","AUDIT-001128","Kitap > Eğitim & Ders Kitapları","Kitap","Eğitim & Ders Kitapları","Öğretmen Kaynak Kitapları","","3","Kitap > Eğitim & Ders Kitapları > Öğretmen Kaynak Kitapları","kitap > eğitim & ders kitapları > öğretmen kaynak kitapları","YES","CANDIDATE_FOR_PRODUCT_OWNER_FINALIZATION","NORMAL","Kitap","YES","NO","Wave 15 Batch 03 proposal; Wave 32 finalization candidate; OM-R06=B; OM-R07=B; OM-R10=A.","TEMPORARY_AUDIT_ID_NOT_PRODUCTION_STABLE_ID"
"AUDIT-001134","BATCH_03","3dd6df685c7e6a5ed672188e010992063ea9d720","docs/TAXONOMY_BATCH_03_FINALIZATION_TREE.csv","106","","Kitap","Kitap","Sınav Hazırlık Kitapları","","","2","Kitap > Sınav Hazırlık Kitapları","kitap > sınav hazırlık kitapları","NO","CANDIDATE_FOR_PRODUCT_OWNER_FINALIZATION","NORMAL","Kitap","YES","NO","Wave 15 Batch 03 proposal; Wave 32 finalization candidate; OM-R06=B; OM-R07=B; OM-R10=A.","TEMPORARY_AUDIT_ID_NOT_PRODUCTION_STABLE_ID"
"AUDIT-001135","BATCH_03","3dd6df685c7e6a5ed672188e010992063ea9d720","docs/TAXONOMY_BATCH_03_FINALIZATION_TREE.csv","107","AUDIT-001134","Kitap > Sınav Hazırlık Kitapları","Kitap","Sınav Hazırlık Kitapları","Kamu & Meslek Sınavlarına Hazırlık","","3","Kitap > Sınav Hazırlık Kitapları > Kamu & Meslek Sınavlarına Hazırlık","kitap > sınav hazırlık kitapları > kamu & meslek sınavlarına hazırlık","YES","CANDIDATE_FOR_PRODUCT_OWNER_FINALIZATION","NORMAL","Kitap","YES","NO","Wave 15 Batch 03 proposal; Wave 32 finalization candidate; OM-R06=B; OM-R07=B; OM-R10=A.","TEMPORARY_AUDIT_ID_NOT_PRODUCTION_STABLE_ID"
"AUDIT-001136","BATCH_03","3dd6df685c7e6a5ed672188e010992063ea9d720","docs/TAXONOMY_BATCH_03_FINALIZATION_TREE.csv","108","AUDIT-001134","Kitap > Sınav Hazırlık Kitapları","Kitap","Sınav Hazırlık Kitapları","Lise Geçiş Sınavlarına Hazırlık","","3","Kitap > Sınav Hazırlık Kitapları > Lise Geçiş Sınavlarına Hazırlık","kitap > sınav hazırlık kitapları > lise geçiş sınavlarına hazırlık","YES","CANDIDATE_FOR_PRODUCT_OWNER_FINALIZATION","NORMAL","Kitap","YES","NO","Wave 15 Batch 03 proposal; Wave 32 finalization candidate; OM-R06=B; OM-R07=B; OM-R10=A.","TEMPORARY_AUDIT_ID_NOT_PRODUCTION_STABLE_ID"
"AUDIT-001137","BATCH_03","3dd6df685c7e6a5ed672188e010992063ea9d720","docs/TAXONOMY_BATCH_03_FINALIZATION_TREE.csv","109","AUDIT-001134","Kitap > Sınav Hazırlık Kitapları","Kitap","Sınav Hazırlık Kitapları","Okul Sınavlarına Hazırlık","","3","Kitap > Sınav Hazırlık Kitapları > Okul Sınavlarına Hazırlık","kitap > sınav hazırlık kitapları > okul sınavlarına hazırlık","YES","CANDIDATE_FOR_PRODUCT_OWNER_FINALIZATION","NORMAL","Kitap","YES","NO","Wave 15 Batch 03 proposal; Wave 32 finalization candidate; OM-R06=B; OM-R07=B; OM-R10=A.","TEMPORARY_AUDIT_ID_NOT_PRODUCTION_STABLE_ID"
"AUDIT-001138","BATCH_03","3dd6df685c7e6a5ed672188e010992063ea9d720","docs/TAXONOMY_BATCH_03_FINALIZATION_TREE.csv","110","AUDIT-001134","Kitap > Sınav Hazırlık Kitapları","Kitap","Sınav Hazırlık Kitapları","Üniversite Giriş Sınavlarına Hazırlık","","3","Kitap > Sınav Hazırlık Kitapları > Üniversite Giriş Sınavlarına Hazırlık","kitap > sınav hazırlık kitapları > üniversite giriş sınavlarına hazırlık","YES","CANDIDATE_FOR_PRODUCT_OWNER_FINALIZATION","NORMAL","Kitap","YES","NO","Wave 15 Batch 03 proposal; Wave 32 finalization candidate; OM-R06=B; OM-R07=B; OM-R10=A.","TEMPORARY_AUDIT_ID_NOT_PRODUCTION_STABLE_ID"
"AUDIT-001139","BATCH_03","3dd6df685c7e6a5ed672188e010992063ea9d720","docs/TAXONOMY_BATCH_03_FINALIZATION_TREE.csv","111","AUDIT-001134","Kitap > Sınav Hazırlık Kitapları","Kitap","Sınav Hazırlık Kitapları","Yabancı Dil Sınavlarına Hazırlık","","3","Kitap > Sınav Hazırlık Kitapları > Yabancı Dil Sınavlarına Hazırlık","kitap > sınav hazırlık kitapları > yabancı dil sınavlarına hazırlık","YES","CANDIDATE_FOR_PRODUCT_OWNER_FINALIZATION","NORMAL","Kitap","YES","NO","Wave 15 Batch 03 proposal; Wave 32 finalization candidate; OM-R06=B; OM-R07=B; OM-R10=A.","TEMPORARY_AUDIT_ID_NOT_PRODUCTION_STABLE_ID"
"AUDIT-001140","BATCH_03","3dd6df685c7e6a5ed672188e010992063ea9d720","docs/TAXONOMY_BATCH_03_FINALIZATION_TREE.csv","112","","Kitap","Kitap","Akademik & Mesleki Kitaplar","","","2","Kitap > Akademik & Mesleki Kitaplar","kitap > akademik & mesleki kitaplar","NO","CANDIDATE_FOR_PRODUCT_OWNER_FINALIZATION","NORMAL","Kitap","YES","NO","Wave 15 Batch 03 proposal; Wave 32 finalization candidate; OM-R06=B; OM-R07=B; OM-R10=A.","TEMPORARY_AUDIT_ID_NOT_PRODUCTION_STABLE_ID"
"AUDIT-001141","BATCH_03","3dd6df685c7e6a5ed672188e010992063ea9d720","docs/TAXONOMY_BATCH_03_FINALIZATION_TREE.csv","113","AUDIT-001140","Kitap > Akademik & Mesleki Kitaplar","Kitap","Akademik & Mesleki Kitaplar","Fen Bilimleri Kitapları","","3","Kitap > Akademik & Mesleki Kitaplar > Fen Bilimleri Kitapları","kitap > akademik & mesleki kitaplar > fen bilimleri kitapları","YES","CANDIDATE_FOR_PRODUCT_OWNER_FINALIZATION","NORMAL","Kitap","YES","NO","Wave 15 Batch 03 proposal; Wave 32 finalization candidate; OM-R06=B; OM-R07=B; OM-R10=A.","TEMPORARY_AUDIT_ID_NOT_PRODUCTION_STABLE_ID"
"AUDIT-001142","BATCH_03","3dd6df685c7e6a5ed672188e010992063ea9d720","docs/TAXONOMY_BATCH_03_FINALIZATION_TREE.csv","114","AUDIT-001140","Kitap > Akademik & Mesleki Kitaplar","Kitap","Akademik & Mesleki Kitaplar","Hukuk Kitapları","","3","Kitap > Akademik & Mesleki Kitaplar > Hukuk Kitapları","kitap > akademik & mesleki kitaplar > hukuk kitapları","YES","CANDIDATE_FOR_PRODUCT_OWNER_FINALIZATION","NORMAL","Kitap","YES","NO","Wave 15 Batch 03 proposal; Wave 32 finalization candidate; OM-R06=B; OM-R07=B; OM-R10=A.","TEMPORARY_AUDIT_ID_NOT_PRODUCTION_STABLE_ID"
"AUDIT-001143","BATCH_03","3dd6df685c7e6a5ed672188e010992063ea9d720","docs/TAXONOMY_BATCH_03_FINALIZATION_TREE.csv","115","AUDIT-001140","Kitap > Akademik & Mesleki Kitaplar","Kitap","Akademik & Mesleki Kitaplar","İşletme & Ekonomi Kitapları","","3","Kitap > Akademik & Mesleki Kitaplar > İşletme & Ekonomi Kitapları","kitap > akademik & mesleki kitaplar > işletme & ekonomi kitapları","YES","CANDIDATE_FOR_PRODUCT_OWNER_FINALIZATION","NORMAL","Kitap","YES","NO","Wave 15 Batch 03 proposal; Wave 32 finalization candidate; OM-R06=B; OM-R07=B; OM-R10=A.","TEMPORARY_AUDIT_ID_NOT_PRODUCTION_STABLE_ID"
"AUDIT-001144","BATCH_03","3dd6df685c7e6a5ed672188e010992063ea9d720","docs/TAXONOMY_BATCH_03_FINALIZATION_TREE.csv","116","AUDIT-001140","Kitap > Akademik & Mesleki Kitaplar","Kitap","Akademik & Mesleki Kitaplar","Mühendislik & Teknoloji Kitapları","","3","Kitap > Akademik & Mesleki Kitaplar > Mühendislik & Teknoloji Kitapları","kitap > akademik & mesleki kitaplar > mühendislik & teknoloji kitapları","YES","CANDIDATE_FOR_PRODUCT_OWNER_FINALIZATION","NORMAL","Kitap","YES","NO","Wave 15 Batch 03 proposal; Wave 32 finalization candidate; OM-R06=B; OM-R07=B; OM-R10=A.","TEMPORARY_AUDIT_ID_NOT_PRODUCTION_STABLE_ID"
"AUDIT-001145","BATCH_03","3dd6df685c7e6a5ed672188e010992063ea9d720","docs/TAXONOMY_BATCH_03_FINALIZATION_TREE.csv","117","AUDIT-001140","Kitap > Akademik & Mesleki Kitaplar","Kitap","Akademik & Mesleki Kitaplar","Sağlık Bilimleri Kitapları","","3","Kitap > Akademik & Mesleki Kitaplar > Sağlık Bilimleri Kitapları","kitap > akademik & mesleki kitaplar > sağlık bilimleri kitapları","YES","CANDIDATE_FOR_PRODUCT_OWNER_FINALIZATION","NORMAL","Kitap","YES","NO","Wave 15 Batch 03 proposal; Wave 32 finalization candidate; OM-R06=B; OM-R07=B; OM-R10=A.","TEMPORARY_AUDIT_ID_NOT_PRODUCTION_STABLE_ID"
"AUDIT-001146","BATCH_03","3dd6df685c7e6a5ed672188e010992063ea9d720","docs/TAXONOMY_BATCH_03_FINALIZATION_TREE.csv","118","AUDIT-001140","Kitap > Akademik & Mesleki Kitaplar","Kitap","Akademik & Mesleki Kitaplar","Sosyal Bilimler Kitapları","","3","Kitap > Akademik & Mesleki Kitaplar > Sosyal Bilimler Kitapları","kitap > akademik & mesleki kitaplar > sosyal bilimler kitapları","YES","CANDIDATE_FOR_PRODUCT_OWNER_FINALIZATION","NORMAL","Kitap","YES","NO","Wave 15 Batch 03 proposal; Wave 32 finalization candidate; OM-R06=B; OM-R07=B; OM-R10=A.","TEMPORARY_AUDIT_ID_NOT_PRODUCTION_STABLE_ID"
"AUDIT-001147","BATCH_03","3dd6df685c7e6a5ed672188e010992063ea9d720","docs/TAXONOMY_BATCH_03_FINALIZATION_TREE.csv","119","","Kitap","Kitap","Araştırma, İnceleme & Düşünce","","","2","Kitap > Araştırma, İnceleme & Düşünce","kitap > araştırma, inceleme & düşünce","NO","CANDIDATE_FOR_PRODUCT_OWNER_FINALIZATION","NORMAL","Kitap","YES","NO","Wave 15 Batch 03 proposal; Wave 32 finalization candidate; OM-R06=B; OM-R07=B; OM-R10=A.","TEMPORARY_AUDIT_ID_NOT_PRODUCTION_STABLE_ID"
"AUDIT-001148","BATCH_03","3dd6df685c7e6a5ed672188e010992063ea9d720","docs/TAXONOMY_BATCH_03_FINALIZATION_TREE.csv","120","AUDIT-001147","Kitap > Araştırma, İnceleme & Düşünce","Kitap","Araştırma, İnceleme & Düşünce","Biyografi & Anı","","3","Kitap > Araştırma, İnceleme & Düşünce > Biyografi & Anı","kitap > araştırma, inceleme & düşünce > biyografi & anı","YES","CANDIDATE_FOR_PRODUCT_OWNER_FINALIZATION","NORMAL","Kitap","YES","NO","Wave 15 Batch 03 proposal; Wave 32 finalization candidate; OM-R06=B; OM-R07=B; OM-R10=A.","TEMPORARY_AUDIT_ID_NOT_PRODUCTION_STABLE_ID"
"AUDIT-001149","BATCH_03","3dd6df685c7e6a5ed672188e010992063ea9d720","docs/TAXONOMY_BATCH_03_FINALIZATION_TREE.csv","121","AUDIT-001147","Kitap > Araştırma, İnceleme & Düşünce","Kitap","Araştırma, İnceleme & Düşünce","Din & Mitoloji","","3","Kitap > Araştırma, İnceleme & Düşünce > Din & Mitoloji","kitap > araştırma, inceleme & düşünce > din & mitoloji","YES","CANDIDATE_FOR_PRODUCT_OWNER_FINALIZATION","NORMAL","Kitap","YES","NO","Wave 15 Batch 03 proposal; Wave 32 finalization candidate; OM-R06=B; OM-R07=B; OM-R10=A.","TEMPORARY_AUDIT_ID_NOT_PRODUCTION_STABLE_ID"
"AUDIT-001150","BATCH_03","3dd6df685c7e6a5ed672188e010992063ea9d720","docs/TAXONOMY_BATCH_03_FINALIZATION_TREE.csv","122","AUDIT-001147","Kitap > Araştırma, İnceleme & Düşünce","Kitap","Araştırma, İnceleme & Düşünce","Felsefe","","3","Kitap > Araştırma, İnceleme & Düşünce > Felsefe","kitap > araştırma, inceleme & düşünce > felsefe","YES","CANDIDATE_FOR_PRODUCT_OWNER_FINALIZATION","NORMAL","Kitap","YES","NO","Wave 15 Batch 03 proposal; Wave 32 finalization candidate; OM-R06=B; OM-R07=B; OM-R10=A.","TEMPORARY_AUDIT_ID_NOT_PRODUCTION_STABLE_ID"
"AUDIT-001151","BATCH_03","3dd6df685c7e6a5ed672188e010992063ea9d720","docs/TAXONOMY_BATCH_03_FINALIZATION_TREE.csv","123","AUDIT-001147","Kitap > Araştırma, İnceleme & Düşünce","Kitap","Araştırma, İnceleme & Düşünce","Popüler Bilim","","3","Kitap > Araştırma, İnceleme & Düşünce > Popüler Bilim","kitap > araştırma, inceleme & düşünce > popüler bilim","YES","CANDIDATE_FOR_PRODUCT_OWNER_FINALIZATION","NORMAL","Kitap","YES","NO","Wave 15 Batch 03 proposal; Wave 32 finalization candidate; OM-R06=B; OM-R07=B; OM-R10=A.","TEMPORARY_AUDIT_ID_NOT_PRODUCTION_STABLE_ID"
"AUDIT-001152","BATCH_03","3dd6df685c7e6a5ed672188e010992063ea9d720","docs/TAXONOMY_BATCH_03_FINALIZATION_TREE.csv","124","AUDIT-001147","Kitap > Araştırma, İnceleme & Düşünce","Kitap","Araştırma, İnceleme & Düşünce","Tarih","","3","Kitap > Araştırma, İnceleme & Düşünce > Tarih","kitap > araştırma, inceleme & düşünce > tarih","YES","CANDIDATE_FOR_PRODUCT_OWNER_FINALIZATION","NORMAL","Kitap","YES","NO","Wave 15 Batch 03 proposal; Wave 32 finalization candidate; OM-R06=B; OM-R07=B; OM-R10=A.","TEMPORARY_AUDIT_ID_NOT_PRODUCTION_STABLE_ID"
"AUDIT-001153","BATCH_03","3dd6df685c7e6a5ed672188e010992063ea9d720","docs/TAXONOMY_BATCH_03_FINALIZATION_TREE.csv","125","AUDIT-001147","Kitap > Araştırma, İnceleme & Düşünce","Kitap","Araştırma, İnceleme & Düşünce","Toplum & Siyaset","","3","Kitap > Araştırma, İnceleme & Düşünce > Toplum & Siyaset","kitap > araştırma, inceleme & düşünce > toplum & siyaset","YES","CANDIDATE_FOR_PRODUCT_OWNER_FINALIZATION","NORMAL","Kitap","YES","NO","Wave 15 Batch 03 proposal; Wave 32 finalization candidate; OM-R06=B; OM-R07=B; OM-R10=A.","TEMPORARY_AUDIT_ID_NOT_PRODUCTION_STABLE_ID"
"AUDIT-001154","BATCH_03","3dd6df685c7e6a5ed672188e010992063ea9d720","docs/TAXONOMY_BATCH_03_FINALIZATION_TREE.csv","126","","Kitap","Kitap","Kişisel Gelişim & Yaşam","","","2","Kitap > Kişisel Gelişim & Yaşam","kitap > kişisel gelişim & yaşam","NO","CANDIDATE_FOR_PRODUCT_OWNER_FINALIZATION","REGULATED","Kitap","YES","YES","Wave 15 Batch 03 proposal; Wave 32 finalization candidate; OM-R06=B; OM-R07=B; OM-R10=A.","TEMPORARY_AUDIT_ID_NOT_PRODUCTION_STABLE_ID"
"AUDIT-001155","BATCH_03","3dd6df685c7e6a5ed672188e010992063ea9d720","docs/TAXONOMY_BATCH_03_FINALIZATION_TREE.csv","127","AUDIT-001154","Kitap > Kişisel Gelişim & Yaşam","Kitap","Kişisel Gelişim & Yaşam","Aile & İlişkiler","","3","Kitap > Kişisel Gelişim & Yaşam > Aile & İlişkiler","kitap > kişisel gelişim & yaşam > aile & ilişkiler","YES","CANDIDATE_FOR_PRODUCT_OWNER_FINALIZATION","NORMAL","Kitap","YES","NO","Wave 15 Batch 03 proposal; Wave 32 finalization candidate; OM-R06=B; OM-R07=B; OM-R10=A.","TEMPORARY_AUDIT_ID_NOT_PRODUCTION_STABLE_ID"
"AUDIT-001156","BATCH_03","3dd6df685c7e6a5ed672188e010992063ea9d720","docs/TAXONOMY_BATCH_03_FINALIZATION_TREE.csv","128","AUDIT-001154","Kitap > Kişisel Gelişim & Yaşam","Kitap","Kişisel Gelişim & Yaşam","Kariyer & İş Yaşamı","","3","Kitap > Kişisel Gelişim & Yaşam > Kariyer & İş Yaşamı","kitap > kişisel gelişim & yaşam > kariyer & iş yaşamı","YES","CANDIDATE_FOR_PRODUCT_OWNER_FINALIZATION","NORMAL","Kitap","YES","NO","Wave 15 Batch 03 proposal; Wave 32 finalization candidate; OM-R06=B; OM-R07=B; OM-R10=A.","TEMPORARY_AUDIT_ID_NOT_PRODUCTION_STABLE_ID"
"AUDIT-001157","BATCH_03","3dd6df685c7e6a5ed672188e010992063ea9d720","docs/TAXONOMY_BATCH_03_FINALIZATION_TREE.csv","129","AUDIT-001154","Kitap > Kişisel Gelişim & Yaşam","Kitap","Kişisel Gelişim & Yaşam","Kişisel Gelişim","","3","Kitap > Kişisel Gelişim & Yaşam > Kişisel Gelişim","kitap > kişisel gelişim & yaşam > kişisel gelişim","YES","CANDIDATE_FOR_PRODUCT_OWNER_FINALIZATION","NORMAL","Kitap","YES","NO","Wave 15 Batch 03 proposal; Wave 32 finalization candidate; OM-R06=B; OM-R07=B; OM-R10=A.","TEMPORARY_AUDIT_ID_NOT_PRODUCTION_STABLE_ID"
"AUDIT-001158","BATCH_03","3dd6df685c7e6a5ed672188e010992063ea9d720","docs/TAXONOMY_BATCH_03_FINALIZATION_TREE.csv","130","AUDIT-001154","Kitap > Kişisel Gelişim & Yaşam","Kitap","Kişisel Gelişim & Yaşam","Psikoloji & İyi Yaşam","","3","Kitap > Kişisel Gelişim & Yaşam > Psikoloji & İyi Yaşam","kitap > kişisel gelişim & yaşam > psikoloji & iyi yaşam","YES","CANDIDATE_FOR_PRODUCT_OWNER_FINALIZATION","REGULATED","Kitap","YES","YES","Wave 15 Batch 03 proposal; Wave 32 finalization candidate; OM-R06=B; OM-R07=B; OM-R10=A.","TEMPORARY_AUDIT_ID_NOT_PRODUCTION_STABLE_ID"
"AUDIT-001159","BATCH_03","3dd6df685c7e6a5ed672188e010992063ea9d720","docs/TAXONOMY_BATCH_03_FINALIZATION_TREE.csv","131","","Kitap","Kitap","Sanat, Kültür & Hobi Kitapları","","","2","Kitap > Sanat, Kültür & Hobi Kitapları","kitap > sanat, kültür & hobi kitapları","NO","CANDIDATE_FOR_PRODUCT_OWNER_FINALIZATION","NORMAL","Kitap","YES","NO","Wave 15 Batch 03 proposal; Wave 32 finalization candidate; OM-R06=B; OM-R07=B; OM-R10=A.","TEMPORARY_AUDIT_ID_NOT_PRODUCTION_STABLE_ID"
"AUDIT-001160","BATCH_03","3dd6df685c7e6a5ed672188e010992063ea9d720","docs/TAXONOMY_BATCH_03_FINALIZATION_TREE.csv","132","AUDIT-001159","Kitap > Sanat, Kültür & Hobi Kitapları","Kitap","Sanat, Kültür & Hobi Kitapları","El Sanatları & Hobi","","3","Kitap > Sanat, Kültür & Hobi Kitapları > El Sanatları & Hobi","kitap > sanat, kültür & hobi kitapları > el sanatları & hobi","YES","CANDIDATE_FOR_PRODUCT_OWNER_FINALIZATION","NORMAL","Kitap","YES","NO","Wave 15 Batch 03 proposal; Wave 32 finalization candidate; OM-R06=B; OM-R07=B; OM-R10=A.","TEMPORARY_AUDIT_ID_NOT_PRODUCTION_STABLE_ID"
"AUDIT-001161","BATCH_03","3dd6df685c7e6a5ed672188e010992063ea9d720","docs/TAXONOMY_BATCH_03_FINALIZATION_TREE.csv","133","AUDIT-001159","Kitap > Sanat, Kültür & Hobi Kitapları","Kitap","Sanat, Kültür & Hobi Kitapları","Fotoğraf","","3","Kitap > Sanat, Kültür & Hobi Kitapları > Fotoğraf","kitap > sanat, kültür & hobi kitapları > fotoğraf","YES","CANDIDATE_FOR_PRODUCT_OWNER_FINALIZATION","NORMAL","Kitap","YES","NO","Wave 15 Batch 03 proposal; Wave 32 finalization candidate; OM-R06=B; OM-R07=B; OM-R10=A.","TEMPORARY_AUDIT_ID_NOT_PRODUCTION_STABLE_ID"
"AUDIT-001162","BATCH_03","3dd6df685c7e6a5ed672188e010992063ea9d720","docs/TAXONOMY_BATCH_03_FINALIZATION_TREE.csv","134","AUDIT-001159","Kitap > Sanat, Kültür & Hobi Kitapları","Kitap","Sanat, Kültür & Hobi Kitapları","Gezi","","3","Kitap > Sanat, Kültür & Hobi Kitapları > Gezi","kitap > sanat, kültür & hobi kitapları > gezi","YES","CANDIDATE_FOR_PRODUCT_OWNER_FINALIZATION","NORMAL","Kitap","YES","NO","Wave 15 Batch 03 proposal; Wave 32 finalization candidate; OM-R06=B; OM-R07=B; OM-R10=A.","TEMPORARY_AUDIT_ID_NOT_PRODUCTION_STABLE_ID"
"AUDIT-001163","BATCH_03","3dd6df685c7e6a5ed672188e010992063ea9d720","docs/TAXONOMY_BATCH_03_FINALIZATION_TREE.csv","135","AUDIT-001159","Kitap > Sanat, Kültür & Hobi Kitapları","Kitap","Sanat, Kültür & Hobi Kitapları","Görsel Sanatlar","","3","Kitap > Sanat, Kültür & Hobi Kitapları > Görsel Sanatlar","kitap > sanat, kültür & hobi kitapları > görsel sanatlar","YES","CANDIDATE_FOR_PRODUCT_OWNER_FINALIZATION","NORMAL","Kitap","YES","NO","Wave 15 Batch 03 proposal; Wave 32 finalization candidate; OM-R06=B; OM-R07=B; OM-R10=A.","TEMPORARY_AUDIT_ID_NOT_PRODUCTION_STABLE_ID"
"AUDIT-001164","BATCH_03","3dd6df685c7e6a5ed672188e010992063ea9d720","docs/TAXONOMY_BATCH_03_FINALIZATION_TREE.csv","136","AUDIT-001159","Kitap > Sanat, Kültür & Hobi Kitapları","Kitap","Sanat, Kültür & Hobi Kitapları","Müzik","","3","Kitap > Sanat, Kültür & Hobi Kitapları > Müzik","kitap > sanat, kültür & hobi kitapları > müzik","YES","CANDIDATE_FOR_PRODUCT_OWNER_FINALIZATION","NORMAL","Kitap","YES","NO","Wave 15 Batch 03 proposal; Wave 32 finalization candidate; OM-R06=B; OM-R07=B; OM-R10=A.","TEMPORARY_AUDIT_ID_NOT_PRODUCTION_STABLE_ID"
"AUDIT-001165","BATCH_03","3dd6df685c7e6a5ed672188e010992063ea9d720","docs/TAXONOMY_BATCH_03_FINALIZATION_TREE.csv","137","AUDIT-001159","Kitap > Sanat, Kültür & Hobi Kitapları","Kitap","Sanat, Kültür & Hobi Kitapları","Sinema & Tiyatro","","3","Kitap > Sanat, Kültür & Hobi Kitapları > Sinema & Tiyatro","kitap > sanat, kültür & hobi kitapları > sinema & tiyatro","YES","CANDIDATE_FOR_PRODUCT_OWNER_FINALIZATION","NORMAL","Kitap","YES","NO","Wave 15 Batch 03 proposal; Wave 32 finalization candidate; OM-R06=B; OM-R07=B; OM-R10=A.","TEMPORARY_AUDIT_ID_NOT_PRODUCTION_STABLE_ID"
"AUDIT-001166","BATCH_03","3dd6df685c7e6a5ed672188e010992063ea9d720","docs/TAXONOMY_BATCH_03_FINALIZATION_TREE.csv","138","AUDIT-001159","Kitap > Sanat, Kültür & Hobi Kitapları","Kitap","Sanat, Kültür & Hobi Kitapları","Yemek & Mutfak","","3","Kitap > Sanat, Kültür & Hobi Kitapları > Yemek & Mutfak","kitap > sanat, kültür & hobi kitapları > yemek & mutfak","YES","CANDIDATE_FOR_PRODUCT_OWNER_FINALIZATION","NORMAL","Kitap","YES","NO","Wave 15 Batch 03 proposal; Wave 32 finalization candidate; OM-R06=B; OM-R07=B; OM-R10=A.","TEMPORARY_AUDIT_ID_NOT_PRODUCTION_STABLE_ID"
"AUDIT-001167","BATCH_03","3dd6df685c7e6a5ed672188e010992063ea9d720","docs/TAXONOMY_BATCH_03_FINALIZATION_TREE.csv","139","","Kitap","Kitap","Çizgi Roman & Manga","","","2","Kitap > Çizgi Roman & Manga","kitap > çizgi roman & manga","NO","CANDIDATE_FOR_PRODUCT_OWNER_FINALIZATION","NORMAL","Kitap","YES","NO","Wave 15 Batch 03 proposal; Wave 32 finalization candidate; OM-R06=B; OM-R07=B; OM-R10=A.","TEMPORARY_AUDIT_ID_NOT_PRODUCTION_STABLE_ID"
"AUDIT-001168","BATCH_03","3dd6df685c7e6a5ed672188e010992063ea9d720","docs/TAXONOMY_BATCH_03_FINALIZATION_TREE.csv","140","AUDIT-001167","Kitap > Çizgi Roman & Manga","Kitap","Çizgi Roman & Manga","Çizgi Roman","","3","Kitap > Çizgi Roman & Manga > Çizgi Roman","kitap > çizgi roman & manga > çizgi roman","YES","CANDIDATE_FOR_PRODUCT_OWNER_FINALIZATION","NORMAL","Kitap","YES","NO","Wave 15 Batch 03 proposal; Wave 32 finalization candidate; OM-R06=B; OM-R07=B; OM-R10=A.","TEMPORARY_AUDIT_ID_NOT_PRODUCTION_STABLE_ID"
"AUDIT-001169","BATCH_03","3dd6df685c7e6a5ed672188e010992063ea9d720","docs/TAXONOMY_BATCH_03_FINALIZATION_TREE.csv","141","AUDIT-001167","Kitap > Çizgi Roman & Manga","Kitap","Çizgi Roman & Manga","Grafik Roman","","3","Kitap > Çizgi Roman & Manga > Grafik Roman","kitap > çizgi roman & manga > grafik roman","YES","CANDIDATE_FOR_PRODUCT_OWNER_FINALIZATION","NORMAL","Kitap","YES","NO","Wave 15 Batch 03 proposal; Wave 32 finalization candidate; OM-R06=B; OM-R07=B; OM-R10=A.","TEMPORARY_AUDIT_ID_NOT_PRODUCTION_STABLE_ID"
"AUDIT-001170","BATCH_03","3dd6df685c7e6a5ed672188e010992063ea9d720","docs/TAXONOMY_BATCH_03_FINALIZATION_TREE.csv","142","AUDIT-001167","Kitap > Çizgi Roman & Manga","Kitap","Çizgi Roman & Manga","Manga","","3","Kitap > Çizgi Roman & Manga > Manga","kitap > çizgi roman & manga > manga","YES","CANDIDATE_FOR_PRODUCT_OWNER_FINALIZATION","NORMAL","Kitap","YES","NO","Wave 15 Batch 03 proposal; Wave 32 finalization candidate; OM-R06=B; OM-R07=B; OM-R10=A.","TEMPORARY_AUDIT_ID_NOT_PRODUCTION_STABLE_ID"
"AUDIT-001171","BATCH_03","3dd6df685c7e6a5ed672188e010992063ea9d720","docs/TAXONOMY_BATCH_03_FINALIZATION_TREE.csv","143","","Kitap","Kitap","Dil Öğrenimi & Sözlükler","","","2","Kitap > Dil Öğrenimi & Sözlükler","kitap > dil öğrenimi & sözlükler","NO","CANDIDATE_FOR_PRODUCT_OWNER_FINALIZATION","NORMAL","Kitap","YES","NO","Wave 15 Batch 03 proposal; Wave 32 finalization candidate; OM-R06=B; OM-R07=B; OM-R10=A.","TEMPORARY_AUDIT_ID_NOT_PRODUCTION_STABLE_ID"
"AUDIT-001172","BATCH_03","3dd6df685c7e6a5ed672188e010992063ea9d720","docs/TAXONOMY_BATCH_03_FINALIZATION_TREE.csv","144","AUDIT-001171","Kitap > Dil Öğrenimi & Sözlükler","Kitap","Dil Öğrenimi & Sözlükler","Dil Bilgisi & Yazım Kaynakları","","3","Kitap > Dil Öğrenimi & Sözlükler > Dil Bilgisi & Yazım Kaynakları","kitap > dil öğrenimi & sözlükler > dil bilgisi & yazım kaynakları","YES","CANDIDATE_FOR_PRODUCT_OWNER_FINALIZATION","NORMAL","Kitap","YES","NO","Wave 15 Batch 03 proposal; Wave 32 finalization candidate; OM-R06=B; OM-R07=B; OM-R10=A.","TEMPORARY_AUDIT_ID_NOT_PRODUCTION_STABLE_ID"
"AUDIT-001173","BATCH_03","3dd6df685c7e6a5ed672188e010992063ea9d720","docs/TAXONOMY_BATCH_03_FINALIZATION_TREE.csv","145","AUDIT-001171","Kitap > Dil Öğrenimi & Sözlükler","Kitap","Dil Öğrenimi & Sözlükler","Dil Öğrenim Kitapları","","3","Kitap > Dil Öğrenimi & Sözlükler > Dil Öğrenim Kitapları","kitap > dil öğrenimi & sözlükler > dil öğrenim kitapları","YES","CANDIDATE_FOR_PRODUCT_OWNER_FINALIZATION","NORMAL","Kitap","YES","NO","Wave 15 Batch 03 proposal; Wave 32 finalization candidate; OM-R06=B; OM-R07=B; OM-R10=A.","TEMPORARY_AUDIT_ID_NOT_PRODUCTION_STABLE_ID"
"AUDIT-001174","BATCH_03","3dd6df685c7e6a5ed672188e010992063ea9d720","docs/TAXONOMY_BATCH_03_FINALIZATION_TREE.csv","146","AUDIT-001171","Kitap > Dil Öğrenimi & Sözlükler","Kitap","Dil Öğrenimi & Sözlükler","Konuşma Kılavuzları","","3","Kitap > Dil Öğrenimi & Sözlükler > Konuşma Kılavuzları","kitap > dil öğrenimi & sözlükler > konuşma kılavuzları","YES","CANDIDATE_FOR_PRODUCT_OWNER_FINALIZATION","NORMAL","Kitap","YES","NO","Wave 15 Batch 03 proposal; Wave 32 finalization candidate; OM-R06=B; OM-R07=B; OM-R10=A.","TEMPORARY_AUDIT_ID_NOT_PRODUCTION_STABLE_ID"
"AUDIT-001175","BATCH_03","3dd6df685c7e6a5ed672188e010992063ea9d720","docs/TAXONOMY_BATCH_03_FINALIZATION_TREE.csv","147","AUDIT-001171","Kitap > Dil Öğrenimi & Sözlükler","Kitap","Dil Öğrenimi & Sözlükler","Sözlükler","","3","Kitap > Dil Öğrenimi & Sözlükler > Sözlükler","kitap > dil öğrenimi & sözlükler > sözlükler","YES","CANDIDATE_FOR_PRODUCT_OWNER_FINALIZATION","NORMAL","Kitap","YES","NO","Wave 15 Batch 03 proposal; Wave 32 finalization candidate; OM-R06=B; OM-R07=B; OM-R10=A.","TEMPORARY_AUDIT_ID_NOT_PRODUCTION_STABLE_ID"
"AUDIT-001176","BATCH_03","3dd6df685c7e6a5ed672188e010992063ea9d720","docs/TAXONOMY_BATCH_03_FINALIZATION_TREE.csv","148","","Kırtasiye & Ofis","Kırtasiye & Ofis","Kalem & Yazım Gereçleri","","","2","Kırtasiye & Ofis > Kalem & Yazım Gereçleri","kırtasiye & ofis > kalem & yazım gereçleri","NO","CANDIDATE_FOR_PRODUCT_OWNER_FINALIZATION","REGULATED","Kırtasiye & Ofis","YES","YES","Wave 15 Batch 03 proposal; Wave 32 finalization candidate; OM-R06=B; OM-R07=B; OM-R10=A.","TEMPORARY_AUDIT_ID_NOT_PRODUCTION_STABLE_ID"
"AUDIT-001177","BATCH_03","3dd6df685c7e6a5ed672188e010992063ea9d720","docs/TAXONOMY_BATCH_03_FINALIZATION_TREE.csv","149","AUDIT-001176","Kırtasiye & Ofis > Kalem & Yazım Gereçleri","Kırtasiye & Ofis","Kalem & Yazım Gereçleri","Dolma Kalemler","","3","Kırtasiye & Ofis > Kalem & Yazım Gereçleri > Dolma Kalemler","kırtasiye & ofis > kalem & yazım gereçleri > dolma kalemler","YES","CANDIDATE_FOR_PRODUCT_OWNER_FINALIZATION","NORMAL","Kırtasiye & Ofis","YES","NO","Wave 15 Batch 03 proposal; Wave 32 finalization candidate; OM-R06=B; OM-R07=B; OM-R10=A.","TEMPORARY_AUDIT_ID_NOT_PRODUCTION_STABLE_ID"
"AUDIT-001178","BATCH_03","3dd6df685c7e6a5ed672188e010992063ea9d720","docs/TAXONOMY_BATCH_03_FINALIZATION_TREE.csv","150","AUDIT-001176","Kırtasiye & Ofis > Kalem & Yazım Gereçleri","Kırtasiye & Ofis","Kalem & Yazım Gereçleri","Kalem Ucu & Mürekkep","","3","Kırtasiye & Ofis > Kalem & Yazım Gereçleri > Kalem Ucu & Mürekkep","kırtasiye & ofis > kalem & yazım gereçleri > kalem ucu & mürekkep","YES","CANDIDATE_FOR_PRODUCT_OWNER_FINALIZATION","REGULATED","Kırtasiye & Ofis","YES","YES","Wave 15 Batch 03 proposal; Wave 32 finalization candidate; OM-R06=B; OM-R07=B; OM-R10=A.","TEMPORARY_AUDIT_ID_NOT_PRODUCTION_STABLE_ID"
"AUDIT-001179","BATCH_03","3dd6df685c7e6a5ed672188e010992063ea9d720","docs/TAXONOMY_BATCH_03_FINALIZATION_TREE.csv","151","AUDIT-001176","Kırtasiye & Ofis > Kalem & Yazım Gereçleri","Kırtasiye & Ofis","Kalem & Yazım Gereçleri","Kurşun & Versatil Kalemler","","3","Kırtasiye & Ofis > Kalem & Yazım Gereçleri > Kurşun & Versatil Kalemler","kırtasiye & ofis > kalem & yazım gereçleri > kurşun & versatil kalemler","YES","CANDIDATE_FOR_PRODUCT_OWNER_FINALIZATION","NORMAL","Kırtasiye & Ofis","YES","NO","Wave 15 Batch 03 proposal; Wave 32 finalization candidate; OM-R06=B; OM-R07=B; OM-R10=A.","TEMPORARY_AUDIT_ID_NOT_PRODUCTION_STABLE_ID"
"AUDIT-001180","BATCH_03","3dd6df685c7e6a5ed672188e010992063ea9d720","docs/TAXONOMY_BATCH_03_FINALIZATION_TREE.csv","152","AUDIT-001176","Kırtasiye & Ofis > Kalem & Yazım Gereçleri","Kırtasiye & Ofis","Kalem & Yazım Gereçleri","Marker & Fosforlu Kalemler","","3","Kırtasiye & Ofis > Kalem & Yazım Gereçleri > Marker & Fosforlu Kalemler","kırtasiye & ofis > kalem & yazım gereçleri > marker & fosforlu kalemler","YES","CANDIDATE_FOR_PRODUCT_OWNER_FINALIZATION","REGULATED","Kırtasiye & Ofis","YES","YES","Wave 15 Batch 03 proposal; Wave 32 finalization candidate; OM-R06=B; OM-R07=B; OM-R10=A.","TEMPORARY_AUDIT_ID_NOT_PRODUCTION_STABLE_ID"
"AUDIT-001181","BATCH_03","3dd6df685c7e6a5ed672188e010992063ea9d720","docs/TAXONOMY_BATCH_03_FINALIZATION_TREE.csv","153","AUDIT-001176","Kırtasiye & Ofis > Kalem & Yazım Gereçleri","Kırtasiye & Ofis","Kalem & Yazım Gereçleri","Silgi & Düzeltme Gereçleri","","3","Kırtasiye & Ofis > Kalem & Yazım Gereçleri > Silgi & Düzeltme Gereçleri","kırtasiye & ofis > kalem & yazım gereçleri > silgi & düzeltme gereçleri","YES","CANDIDATE_FOR_PRODUCT_OWNER_FINALIZATION","REGULATED","Kırtasiye & Ofis","YES","YES","Wave 15 Batch 03 proposal; Wave 32 finalization candidate; OM-R06=B; OM-R07=B; OM-R10=A.","TEMPORARY_AUDIT_ID_NOT_PRODUCTION_STABLE_ID"
"AUDIT-001182","BATCH_03","3dd6df685c7e6a5ed672188e010992063ea9d720","docs/TAXONOMY_BATCH_03_FINALIZATION_TREE.csv","154","AUDIT-001176","Kırtasiye & Ofis > Kalem & Yazım Gereçleri","Kırtasiye & Ofis","Kalem & Yazım Gereçleri","Tükenmez & Roller Kalemler","","3","Kırtasiye & Ofis > Kalem & Yazım Gereçleri > Tükenmez & Roller Kalemler","kırtasiye & ofis > kalem & yazım gereçleri > tükenmez & roller kalemler","YES","CANDIDATE_FOR_PRODUCT_OWNER_FINALIZATION","NORMAL","Kırtasiye & Ofis","YES","NO","Wave 15 Batch 03 proposal; Wave 32 finalization candidate; OM-R06=B; OM-R07=B; OM-R10=A.","TEMPORARY_AUDIT_ID_NOT_PRODUCTION_STABLE_ID"
"AUDIT-001183","BATCH_03","3dd6df685c7e6a5ed672188e010992063ea9d720","docs/TAXONOMY_BATCH_03_FINALIZATION_TREE.csv","155","","Kırtasiye & Ofis","Kırtasiye & Ofis","Defter, Ajanda & Planlayıcılar","","","2","Kırtasiye & Ofis > Defter, Ajanda & Planlayıcılar","kırtasiye & ofis > defter, ajanda & planlayıcılar","NO","CANDIDATE_FOR_PRODUCT_OWNER_FINALIZATION","NORMAL","Kırtasiye & Ofis","YES","NO","Wave 15 Batch 03 proposal; Wave 32 finalization candidate; OM-R06=B; OM-R07=B; OM-R10=A.","TEMPORARY_AUDIT_ID_NOT_PRODUCTION_STABLE_ID"
"AUDIT-001184","BATCH_03","3dd6df685c7e6a5ed672188e010992063ea9d720","docs/TAXONOMY_BATCH_03_FINALIZATION_TREE.csv","156","AUDIT-001183","Kırtasiye & Ofis > Defter, Ajanda & Planlayıcılar","Kırtasiye & Ofis","Defter, Ajanda & Planlayıcılar","Ajandalar","","3","Kırtasiye & Ofis > Defter, Ajanda & Planlayıcılar > Ajandalar","kırtasiye & ofis > defter, ajanda & planlayıcılar > ajandalar","YES","CANDIDATE_FOR_PRODUCT_OWNER_FINALIZATION","NORMAL","Kırtasiye & Ofis","YES","NO","Wave 15 Batch 03 proposal; Wave 32 finalization candidate; OM-R06=B; OM-R07=B; OM-R10=A.","TEMPORARY_AUDIT_ID_NOT_PRODUCTION_STABLE_ID"
"AUDIT-001185","BATCH_03","3dd6df685c7e6a5ed672188e010992063ea9d720","docs/TAXONOMY_BATCH_03_FINALIZATION_TREE.csv","157","AUDIT-001183","Kırtasiye & Ofis > Defter, Ajanda & Planlayıcılar","Kırtasiye & Ofis","Defter, Ajanda & Planlayıcılar","Bloknotlar","","3","Kırtasiye & Ofis > Defter, Ajanda & Planlayıcılar > Bloknotlar","kırtasiye & ofis > defter, ajanda & planlayıcılar > bloknotlar","YES","CANDIDATE_FOR_PRODUCT_OWNER_FINALIZATION","NORMAL","Kırtasiye & Ofis","YES","NO","Wave 15 Batch 03 proposal; Wave 32 finalization candidate; OM-R06=B; OM-R07=B; OM-R10=A.","TEMPORARY_AUDIT_ID_NOT_PRODUCTION_STABLE_ID"
"AUDIT-001186","BATCH_03","3dd6df685c7e6a5ed672188e010992063ea9d720","docs/TAXONOMY_BATCH_03_FINALIZATION_TREE.csv","158","AUDIT-001183","Kırtasiye & Ofis > Defter, Ajanda & Planlayıcılar","Kırtasiye & Ofis","Defter, Ajanda & Planlayıcılar","Defterler","","3","Kırtasiye & Ofis > Defter, Ajanda & Planlayıcılar > Defterler","kırtasiye & ofis > defter, ajanda & planlayıcılar > defterler","YES","CANDIDATE_FOR_PRODUCT_OWNER_FINALIZATION","NORMAL","Kırtasiye & Ofis","YES","NO","Wave 15 Batch 03 proposal; Wave 32 finalization candidate; OM-R06=B; OM-R07=B; OM-R10=A.","TEMPORARY_AUDIT_ID_NOT_PRODUCTION_STABLE_ID"
"AUDIT-001187","BATCH_03","3dd6df685c7e6a5ed672188e010992063ea9d720","docs/TAXONOMY_BATCH_03_FINALIZATION_TREE.csv","159","AUDIT-001183","Kırtasiye & Ofis > Defter, Ajanda & Planlayıcılar","Kırtasiye & Ofis","Defter, Ajanda & Planlayıcılar","Günlükler","","3","Kırtasiye & Ofis > Defter, Ajanda & Planlayıcılar > Günlükler","kırtasiye & ofis > defter, ajanda & planlayıcılar > günlükler","YES","CANDIDATE_FOR_PRODUCT_OWNER_FINALIZATION","NORMAL","Kırtasiye & Ofis","YES","NO","Wave 15 Batch 03 proposal; Wave 32 finalization candidate; OM-R06=B; OM-R07=B; OM-R10=A.","TEMPORARY_AUDIT_ID_NOT_PRODUCTION_STABLE_ID"
"AUDIT-001188","BATCH_03","3dd6df685c7e6a5ed672188e010992063ea9d720","docs/TAXONOMY_BATCH_03_FINALIZATION_TREE.csv","160","AUDIT-001183","Kırtasiye & Ofis > Defter, Ajanda & Planlayıcılar","Kırtasiye & Ofis","Defter, Ajanda & Planlayıcılar","Planlayıcılar","","3","Kırtasiye & Ofis > Defter, Ajanda & Planlayıcılar > Planlayıcılar","kırtasiye & ofis > defter, ajanda & planlayıcılar > planlayıcılar","YES","CANDIDATE_FOR_PRODUCT_OWNER_FINALIZATION","NORMAL","Kırtasiye & Ofis","YES","NO","Wave 15 Batch 03 proposal; Wave 32 finalization candidate; OM-R06=B; OM-R07=B; OM-R10=A.","TEMPORARY_AUDIT_ID_NOT_PRODUCTION_STABLE_ID"
"AUDIT-001189","BATCH_03","3dd6df685c7e6a5ed672188e010992063ea9d720","docs/TAXONOMY_BATCH_03_FINALIZATION_TREE.csv","161","","Kırtasiye & Ofis","Kırtasiye & Ofis","Kağıt, Etiket & Baskı Sarfı","","","2","Kırtasiye & Ofis > Kağıt, Etiket & Baskı Sarfı","kırtasiye & ofis > kağıt, etiket & baskı sarfı","NO","CANDIDATE_FOR_PRODUCT_OWNER_FINALIZATION","NORMAL","Kırtasiye & Ofis","YES","NO","Wave 15 Batch 03 proposal; Wave 32 finalization candidate; OM-R06=B; OM-R07=B; OM-R10=A.","TEMPORARY_AUDIT_ID_NOT_PRODUCTION_STABLE_ID"
"AUDIT-001190","BATCH_03","3dd6df685c7e6a5ed672188e010992063ea9d720","docs/TAXONOMY_BATCH_03_FINALIZATION_TREE.csv","162","AUDIT-001189","Kırtasiye & Ofis > Kağıt, Etiket & Baskı Sarfı","Kırtasiye & Ofis","Kağıt, Etiket & Baskı Sarfı","Çizim & Fotoğraf Kağıtları","","3","Kırtasiye & Ofis > Kağıt, Etiket & Baskı Sarfı > Çizim & Fotoğraf Kağıtları","kırtasiye & ofis > kağıt, etiket & baskı sarfı > çizim & fotoğraf kağıtları","YES","CANDIDATE_FOR_PRODUCT_OWNER_FINALIZATION","NORMAL","Kırtasiye & Ofis","YES","NO","Wave 15 Batch 03 proposal; Wave 32 finalization candidate; OM-R06=B; OM-R07=B; OM-R10=A.","TEMPORARY_AUDIT_ID_NOT_PRODUCTION_STABLE_ID"
"AUDIT-001191","BATCH_03","3dd6df685c7e6a5ed672188e010992063ea9d720","docs/TAXONOMY_BATCH_03_FINALIZATION_TREE.csv","163","AUDIT-001189","Kırtasiye & Ofis > Kağıt, Etiket & Baskı Sarfı","Kırtasiye & Ofis","Kağıt, Etiket & Baskı Sarfı","Etiket & Sticker Kağıtları","","3","Kırtasiye & Ofis > Kağıt, Etiket & Baskı Sarfı > Etiket & Sticker Kağıtları","kırtasiye & ofis > kağıt, etiket & baskı sarfı > etiket & sticker kağıtları","YES","CANDIDATE_FOR_PRODUCT_OWNER_FINALIZATION","NORMAL","Kırtasiye & Ofis","YES","NO","Wave 15 Batch 03 proposal; Wave 32 finalization candidate; OM-R06=B; OM-R07=B; OM-R10=A.","TEMPORARY_AUDIT_ID_NOT_PRODUCTION_STABLE_ID"
"AUDIT-001192","BATCH_03","3dd6df685c7e6a5ed672188e010992063ea9d720","docs/TAXONOMY_BATCH_03_FINALIZATION_TREE.csv","164","AUDIT-001189","Kırtasiye & Ofis > Kağıt, Etiket & Baskı Sarfı","Kırtasiye & Ofis","Kağıt, Etiket & Baskı Sarfı","Fotokopi & Yazıcı Kağıtları","","3","Kırtasiye & Ofis > Kağıt, Etiket & Baskı Sarfı > Fotokopi & Yazıcı Kağıtları","kırtasiye & ofis > kağıt, etiket & baskı sarfı > fotokopi & yazıcı kağıtları","YES","CANDIDATE_FOR_PRODUCT_OWNER_FINALIZATION","NORMAL","Kırtasiye & Ofis","YES","NO","Wave 15 Batch 03 proposal; Wave 32 finalization candidate; OM-R06=B; OM-R07=B; OM-R10=A.","TEMPORARY_AUDIT_ID_NOT_PRODUCTION_STABLE_ID"
"AUDIT-001193","BATCH_03","3dd6df685c7e6a5ed672188e010992063ea9d720","docs/TAXONOMY_BATCH_03_FINALIZATION_TREE.csv","165","AUDIT-001189","Kırtasiye & Ofis > Kağıt, Etiket & Baskı Sarfı","Kırtasiye & Ofis","Kağıt, Etiket & Baskı Sarfı","Karton & Fon Kağıtları","","3","Kırtasiye & Ofis > Kağıt, Etiket & Baskı Sarfı > Karton & Fon Kağıtları","kırtasiye & ofis > kağıt, etiket & baskı sarfı > karton & fon kağıtları","YES","CANDIDATE_FOR_PRODUCT_OWNER_FINALIZATION","NORMAL","Kırtasiye & Ofis","YES","NO","Wave 15 Batch 03 proposal; Wave 32 finalization candidate; OM-R06=B; OM-R07=B; OM-R10=A.","TEMPORARY_AUDIT_ID_NOT_PRODUCTION_STABLE_ID"
"AUDIT-001194","BATCH_03","3dd6df685c7e6a5ed672188e010992063ea9d720","docs/TAXONOMY_BATCH_03_FINALIZATION_TREE.csv","166","AUDIT-001189","Kırtasiye & Ofis > Kağıt, Etiket & Baskı Sarfı","Kırtasiye & Ofis","Kağıt, Etiket & Baskı Sarfı","Termal & Plotter Ruloları","","3","Kırtasiye & Ofis > Kağıt, Etiket & Baskı Sarfı > Termal & Plotter Ruloları","kırtasiye & ofis > kağıt, etiket & baskı sarfı > termal & plotter ruloları","YES","CANDIDATE_FOR_PRODUCT_OWNER_FINALIZATION","NORMAL","Kırtasiye & Ofis","YES","NO","Wave 15 Batch 03 proposal; Wave 32 finalization candidate; OM-R06=B; OM-R07=B; OM-R10=A.","TEMPORARY_AUDIT_ID_NOT_PRODUCTION_STABLE_ID"
"AUDIT-001195","BATCH_03","3dd6df685c7e6a5ed672188e010992063ea9d720","docs/TAXONOMY_BATCH_03_FINALIZATION_TREE.csv","167","AUDIT-001189","Kırtasiye & Ofis > Kağıt, Etiket & Baskı Sarfı","Kırtasiye & Ofis","Kağıt, Etiket & Baskı Sarfı","Zarflar","","3","Kırtasiye & Ofis > Kağıt, Etiket & Baskı Sarfı > Zarflar","kırtasiye & ofis > kağıt, etiket & baskı sarfı > zarflar","YES","CANDIDATE_FOR_PRODUCT_OWNER_FINALIZATION","NORMAL","Kırtasiye & Ofis","YES","NO","Wave 15 Batch 03 proposal; Wave 32 finalization candidate; OM-R06=B; OM-R07=B; OM-R10=A.","TEMPORARY_AUDIT_ID_NOT_PRODUCTION_STABLE_ID"
"AUDIT-001196","BATCH_03","3dd6df685c7e6a5ed672188e010992063ea9d720","docs/TAXONOMY_BATCH_03_FINALIZATION_TREE.csv","168","","Kırtasiye & Ofis","Kırtasiye & Ofis","Dosyalama & Arşivleme","","","2","Kırtasiye & Ofis > Dosyalama & Arşivleme","kırtasiye & ofis > dosyalama & arşivleme","NO","CANDIDATE_FOR_PRODUCT_OWNER_FINALIZATION","NORMAL","Kırtasiye & Ofis","YES","NO","Wave 15 Batch 03 proposal; Wave 32 finalization candidate; OM-R06=B; OM-R07=B; OM-R10=A.","TEMPORARY_AUDIT_ID_NOT_PRODUCTION_STABLE_ID"
"AUDIT-001197","BATCH_03","3dd6df685c7e6a5ed672188e010992063ea9d720","docs/TAXONOMY_BATCH_03_FINALIZATION_TREE.csv","169","AUDIT-001196","Kırtasiye & Ofis > Dosyalama & Arşivleme","Kırtasiye & Ofis","Dosyalama & Arşivleme","Arşiv Kutuları","","3","Kırtasiye & Ofis > Dosyalama & Arşivleme > Arşiv Kutuları","kırtasiye & ofis > dosyalama & arşivleme > arşiv kutuları","YES","CANDIDATE_FOR_PRODUCT_OWNER_FINALIZATION","NORMAL","Kırtasiye & Ofis","YES","NO","Wave 15 Batch 03 proposal; Wave 32 finalization candidate; OM-R06=B; OM-R07=B; OM-R10=A.","TEMPORARY_AUDIT_ID_NOT_PRODUCTION_STABLE_ID"
"AUDIT-001198","BATCH_03","3dd6df685c7e6a5ed672188e010992063ea9d720","docs/TAXONOMY_BATCH_03_FINALIZATION_TREE.csv","170","AUDIT-001196","Kırtasiye & Ofis > Dosyalama & Arşivleme","Kırtasiye & Ofis","Dosyalama & Arşivleme","Dosyalar","","3","Kırtasiye & Ofis > Dosyalama & Arşivleme > Dosyalar","kırtasiye & ofis > dosyalama & arşivleme > dosyalar","YES","CANDIDATE_FOR_PRODUCT_OWNER_FINALIZATION","NORMAL","Kırtasiye & Ofis","YES","NO","Wave 15 Batch 03 proposal; Wave 32 finalization candidate; OM-R06=B; OM-R07=B; OM-R10=A.","TEMPORARY_AUDIT_ID_NOT_PRODUCTION_STABLE_ID"
"AUDIT-001199","BATCH_03","3dd6df685c7e6a5ed672188e010992063ea9d720","docs/TAXONOMY_BATCH_03_FINALIZATION_TREE.csv","171","AUDIT-001196","Kırtasiye & Ofis > Dosyalama & Arşivleme","Kırtasiye & Ofis","Dosyalama & Arşivleme","Evrak Rafları & Kutuları","","3","Kırtasiye & Ofis > Dosyalama & Arşivleme > Evrak Rafları & Kutuları","kırtasiye & ofis > dosyalama & arşivleme > evrak rafları & kutuları","YES","CANDIDATE_FOR_PRODUCT_OWNER_FINALIZATION","NORMAL","Kırtasiye & Ofis","YES","NO","Wave 15 Batch 03 proposal; Wave 32 finalization candidate; OM-R06=B; OM-R07=B; OM-R10=A.","TEMPORARY_AUDIT_ID_NOT_PRODUCTION_STABLE_ID"
"AUDIT-001200","BATCH_03","3dd6df685c7e6a5ed672188e010992063ea9d720","docs/TAXONOMY_BATCH_03_FINALIZATION_TREE.csv","172","AUDIT-001196","Kırtasiye & Ofis > Dosyalama & Arşivleme","Kırtasiye & Ofis","Dosyalama & Arşivleme","Klasörler","","3","Kırtasiye & Ofis > Dosyalama & Arşivleme > Klasörler","kırtasiye & ofis > dosyalama & arşivleme > klasörler","YES","CANDIDATE_FOR_PRODUCT_OWNER_FINALIZATION","NORMAL","Kırtasiye & Ofis","YES","NO","Wave 15 Batch 03 proposal; Wave 32 finalization candidate; OM-R06=B; OM-R07=B; OM-R10=A.","TEMPORARY_AUDIT_ID_NOT_PRODUCTION_STABLE_ID"
"AUDIT-001201","BATCH_03","3dd6df685c7e6a5ed672188e010992063ea9d720","docs/TAXONOMY_BATCH_03_FINALIZATION_TREE.csv","173","AUDIT-001196","Kırtasiye & Ofis > Dosyalama & Arşivleme","Kırtasiye & Ofis","Dosyalama & Arşivleme","Separatör & İndeksler","","3","Kırtasiye & Ofis > Dosyalama & Arşivleme > Separatör & İndeksler","kırtasiye & ofis > dosyalama & arşivleme > separatör & indeksler","YES","CANDIDATE_FOR_PRODUCT_OWNER_FINALIZATION","NORMAL","Kırtasiye & Ofis","YES","NO","Wave 15 Batch 03 proposal; Wave 32 finalization candidate; OM-R06=B; OM-R07=B; OM-R10=A.","TEMPORARY_AUDIT_ID_NOT_PRODUCTION_STABLE_ID"
"AUDIT-001202","BATCH_03","3dd6df685c7e6a5ed672188e010992063ea9d720","docs/TAXONOMY_BATCH_03_FINALIZATION_TREE.csv","174","","Kırtasiye & Ofis","Kırtasiye & Ofis","Masaüstü Ofis Gereçleri","","","2","Kırtasiye & Ofis > Masaüstü Ofis Gereçleri","kırtasiye & ofis > masaüstü ofis gereçleri","NO","CANDIDATE_FOR_PRODUCT_OWNER_FINALIZATION","REGULATED","Kırtasiye & Ofis","YES","YES","Wave 15 Batch 03 proposal; Wave 32 finalization candidate; OM-R06=B; OM-R07=B; OM-R10=A.","TEMPORARY_AUDIT_ID_NOT_PRODUCTION_STABLE_ID"
"AUDIT-001203","BATCH_03","3dd6df685c7e6a5ed672188e010992063ea9d720","docs/TAXONOMY_BATCH_03_FINALIZATION_TREE.csv","175","AUDIT-001202","Kırtasiye & Ofis > Masaüstü Ofis Gereçleri","Kırtasiye & Ofis","Masaüstü Ofis Gereçleri","Ataş, Klips & Raptiyeler","","3","Kırtasiye & Ofis > Masaüstü Ofis Gereçleri > Ataş, Klips & Raptiyeler","kırtasiye & ofis > masaüstü ofis gereçleri > ataş, klips & raptiyeler","YES","CANDIDATE_FOR_PRODUCT_OWNER_FINALIZATION","REGULATED","Kırtasiye & Ofis","YES","YES","Wave 15 Batch 03 proposal; Wave 32 finalization candidate; OM-R06=B; OM-R07=B; OM-R10=A.","TEMPORARY_AUDIT_ID_NOT_PRODUCTION_STABLE_ID"
"AUDIT-001204","BATCH_03","3dd6df685c7e6a5ed672188e010992063ea9d720","docs/TAXONOMY_BATCH_03_FINALIZATION_TREE.csv","176","AUDIT-001202","Kırtasiye & Ofis > Masaüstü Ofis Gereçleri","Kırtasiye & Ofis","Masaüstü Ofis Gereçleri","Cetvel & Ölçüm Gereçleri","","3","Kırtasiye & Ofis > Masaüstü Ofis Gereçleri > Cetvel & Ölçüm Gereçleri","kırtasiye & ofis > masaüstü ofis gereçleri > cetvel & ölçüm gereçleri","YES","CANDIDATE_FOR_PRODUCT_OWNER_FINALIZATION","NORMAL","Kırtasiye & Ofis","YES","NO","Wave 15 Batch 03 proposal; Wave 32 finalization candidate; OM-R06=B; OM-R07=B; OM-R10=A.","TEMPORARY_AUDIT_ID_NOT_PRODUCTION_STABLE_ID"
"AUDIT-001205","BATCH_03","3dd6df685c7e6a5ed672188e010992063ea9d720","docs/TAXONOMY_BATCH_03_FINALIZATION_TREE.csv","177","AUDIT-001202","Kırtasiye & Ofis > Masaüstü Ofis Gereçleri","Kırtasiye & Ofis","Masaüstü Ofis Gereçleri","Kaşe & Tarih Damgaları","","3","Kırtasiye & Ofis > Masaüstü Ofis Gereçleri > Kaşe & Tarih Damgaları","kırtasiye & ofis > masaüstü ofis gereçleri > kaşe & tarih damgaları","YES","CANDIDATE_FOR_PRODUCT_OWNER_FINALIZATION","NORMAL","Kırtasiye & Ofis","YES","NO","Wave 15 Batch 03 proposal; Wave 32 finalization candidate; OM-R06=B; OM-R07=B; OM-R10=A.","TEMPORARY_AUDIT_ID_NOT_PRODUCTION_STABLE_ID"
"AUDIT-001206","BATCH_03","3dd6df685c7e6a5ed672188e010992063ea9d720","docs/TAXONOMY_BATCH_03_FINALIZATION_TREE.csv","178","AUDIT-001202","Kırtasiye & Ofis > Masaüstü Ofis Gereçleri","Kırtasiye & Ofis","Masaüstü Ofis Gereçleri","Masaüstü Düzenleyiciler","","3","Kırtasiye & Ofis > Masaüstü Ofis Gereçleri > Masaüstü Düzenleyiciler","kırtasiye & ofis > masaüstü ofis gereçleri > masaüstü düzenleyiciler","YES","CANDIDATE_FOR_PRODUCT_OWNER_FINALIZATION","NORMAL","Kırtasiye & Ofis","YES","NO","Wave 15 Batch 03 proposal; Wave 32 finalization candidate; OM-R06=B; OM-R07=B; OM-R10=A.","TEMPORARY_AUDIT_ID_NOT_PRODUCTION_STABLE_ID"
"AUDIT-001207","BATCH_03","3dd6df685c7e6a5ed672188e010992063ea9d720","docs/TAXONOMY_BATCH_03_FINALIZATION_TREE.csv","179","AUDIT-001202","Kırtasiye & Ofis > Masaüstü Ofis Gereçleri","Kırtasiye & Ofis","Masaüstü Ofis Gereçleri","Zımba & Delgeçler","","3","Kırtasiye & Ofis > Masaüstü Ofis Gereçleri > Zımba & Delgeçler","kırtasiye & ofis > masaüstü ofis gereçleri > zımba & delgeçler","YES","CANDIDATE_FOR_PRODUCT_OWNER_FINALIZATION","NORMAL","Kırtasiye & Ofis","YES","NO","Wave 15 Batch 03 proposal; Wave 32 finalization candidate; OM-R06=B; OM-R07=B; OM-R10=A.","TEMPORARY_AUDIT_ID_NOT_PRODUCTION_STABLE_ID"
"AUDIT-001208","BATCH_03","3dd6df685c7e6a5ed672188e010992063ea9d720","docs/TAXONOMY_BATCH_03_FINALIZATION_TREE.csv","180","","Kırtasiye & Ofis","Kırtasiye & Ofis","Yapıştırıcı, Bant & Kesim Gereçleri","","","2","Kırtasiye & Ofis > Yapıştırıcı, Bant & Kesim Gereçleri","kırtasiye & ofis > yapıştırıcı, bant & kesim gereçleri","NO","CANDIDATE_FOR_PRODUCT_OWNER_FINALIZATION","LEGAL_REVIEW_REQUIRED","Kırtasiye & Ofis","YES","YES","Wave 15 Batch 03 proposal; Wave 32 finalization candidate; OM-R06=B; OM-R07=B; OM-R10=A.","TEMPORARY_AUDIT_ID_NOT_PRODUCTION_STABLE_ID"
"AUDIT-001209","BATCH_03","3dd6df685c7e6a5ed672188e010992063ea9d720","docs/TAXONOMY_BATCH_03_FINALIZATION_TREE.csv","181","AUDIT-001208","Kırtasiye & Ofis > Yapıştırıcı, Bant & Kesim Gereçleri","Kırtasiye & Ofis","Yapıştırıcı, Bant & Kesim Gereçleri","Bant Kesiciler","","3","Kırtasiye & Ofis > Yapıştırıcı, Bant & Kesim Gereçleri > Bant Kesiciler","kırtasiye & ofis > yapıştırıcı, bant & kesim gereçleri > bant kesiciler","YES","CANDIDATE_FOR_PRODUCT_OWNER_FINALIZATION","REGULATED","Kırtasiye & Ofis","YES","YES","Wave 15 Batch 03 proposal; Wave 32 finalization candidate; OM-R06=B; OM-R07=B; OM-R10=A.","TEMPORARY_AUDIT_ID_NOT_PRODUCTION_STABLE_ID"
"AUDIT-001210","BATCH_03","3dd6df685c7e6a5ed672188e010992063ea9d720","docs/TAXONOMY_BATCH_03_FINALIZATION_TREE.csv","182","AUDIT-001208","Kırtasiye & Ofis > Yapıştırıcı, Bant & Kesim Gereçleri","Kırtasiye & Ofis","Yapıştırıcı, Bant & Kesim Gereçleri","Kesim Matları","","3","Kırtasiye & Ofis > Yapıştırıcı, Bant & Kesim Gereçleri > Kesim Matları","kırtasiye & ofis > yapıştırıcı, bant & kesim gereçleri > kesim matları","YES","CANDIDATE_FOR_PRODUCT_OWNER_FINALIZATION","NORMAL","Kırtasiye & Ofis","YES","NO","Wave 15 Batch 03 proposal; Wave 32 finalization candidate; OM-R06=B; OM-R07=B; OM-R10=A.","TEMPORARY_AUDIT_ID_NOT_PRODUCTION_STABLE_ID"
"AUDIT-001211","BATCH_03","3dd6df685c7e6a5ed672188e010992063ea9d720","docs/TAXONOMY_BATCH_03_FINALIZATION_TREE.csv","183","AUDIT-001208","Kırtasiye & Ofis > Yapıştırıcı, Bant & Kesim Gereçleri","Kırtasiye & Ofis","Yapıştırıcı, Bant & Kesim Gereçleri","Makaslar","","3","Kırtasiye & Ofis > Yapıştırıcı, Bant & Kesim Gereçleri > Makaslar","kırtasiye & ofis > yapıştırıcı, bant & kesim gereçleri > makaslar","YES","CANDIDATE_FOR_PRODUCT_OWNER_FINALIZATION","REGULATED","Kırtasiye & Ofis","YES","YES","Wave 15 Batch 03 proposal; Wave 32 finalization candidate; OM-R06=B; OM-R07=B; OM-R10=A.","TEMPORARY_AUDIT_ID_NOT_PRODUCTION_STABLE_ID"
"AUDIT-001212","BATCH_03","3dd6df685c7e6a5ed672188e010992063ea9d720","docs/TAXONOMY_BATCH_03_FINALIZATION_TREE.csv","184","AUDIT-001208","Kırtasiye & Ofis > Yapıştırıcı, Bant & Kesim Gereçleri","Kırtasiye & Ofis","Yapıştırıcı, Bant & Kesim Gereçleri","Maket Bıçakları","","3","Kırtasiye & Ofis > Yapıştırıcı, Bant & Kesim Gereçleri > Maket Bıçakları","kırtasiye & ofis > yapıştırıcı, bant & kesim gereçleri > maket bıçakları","YES","CANDIDATE_FOR_PRODUCT_OWNER_FINALIZATION","LEGAL_REVIEW_REQUIRED","Kırtasiye & Ofis","YES","YES","Wave 15 Batch 03 proposal; Wave 32 finalization candidate; OM-R06=B; OM-R07=B; OM-R10=A.","TEMPORARY_AUDIT_ID_NOT_PRODUCTION_STABLE_ID"
"AUDIT-001213","BATCH_03","3dd6df685c7e6a5ed672188e010992063ea9d720","docs/TAXONOMY_BATCH_03_FINALIZATION_TREE.csv","185","AUDIT-001208","Kırtasiye & Ofis > Yapıştırıcı, Bant & Kesim Gereçleri","Kırtasiye & Ofis","Yapıştırıcı, Bant & Kesim Gereçleri","Ofis & Kırtasiye Bantları","","3","Kırtasiye & Ofis > Yapıştırıcı, Bant & Kesim Gereçleri > Ofis & Kırtasiye Bantları","kırtasiye & ofis > yapıştırıcı, bant & kesim gereçleri > ofis & kırtasiye bantları","YES","CANDIDATE_FOR_PRODUCT_OWNER_FINALIZATION","NORMAL","Kırtasiye & Ofis","YES","NO","Wave 15 Batch 03 proposal; Wave 32 finalization candidate; OM-R06=B; OM-R07=B; OM-R10=A.","TEMPORARY_AUDIT_ID_NOT_PRODUCTION_STABLE_ID"
"AUDIT-001214","BATCH_03","3dd6df685c7e6a5ed672188e010992063ea9d720","docs/TAXONOMY_BATCH_03_FINALIZATION_TREE.csv","186","AUDIT-001208","Kırtasiye & Ofis > Yapıştırıcı, Bant & Kesim Gereçleri","Kırtasiye & Ofis","Yapıştırıcı, Bant & Kesim Gereçleri","Yapıştırıcılar","","3","Kırtasiye & Ofis > Yapıştırıcı, Bant & Kesim Gereçleri > Yapıştırıcılar","kırtasiye & ofis > yapıştırıcı, bant & kesim gereçleri > yapıştırıcılar","YES","CANDIDATE_FOR_PRODUCT_OWNER_FINALIZATION","LEGAL_REVIEW_REQUIRED","Kırtasiye & Ofis","YES","YES","Wave 15 Batch 03 proposal; Wave 32 finalization candidate; OM-R06=B; OM-R07=B; OM-R10=A.","TEMPORARY_AUDIT_ID_NOT_PRODUCTION_STABLE_ID"
"AUDIT-001215","BATCH_03","3dd6df685c7e6a5ed672188e010992063ea9d720","docs/TAXONOMY_BATCH_03_FINALIZATION_TREE.csv","187","","Kırtasiye & Ofis","Kırtasiye & Ofis","Okul Kırtasiyesi & Eğitim Gereçleri","","","2","Kırtasiye & Ofis > Okul Kırtasiyesi & Eğitim Gereçleri","kırtasiye & ofis > okul kırtasiyesi & eğitim gereçleri","NO","CANDIDATE_FOR_PRODUCT_OWNER_FINALIZATION","REGULATED","Kırtasiye & Ofis","YES","YES","Wave 15 Batch 03 proposal; Wave 32 finalization candidate; OM-R06=B; OM-R07=B; OM-R10=A.","TEMPORARY_AUDIT_ID_NOT_PRODUCTION_STABLE_ID"
"AUDIT-001216","BATCH_03","3dd6df685c7e6a5ed672188e010992063ea9d720","docs/TAXONOMY_BATCH_03_FINALIZATION_TREE.csv","188","AUDIT-001215","Kırtasiye & Ofis > Okul Kırtasiyesi & Eğitim Gereçleri","Kırtasiye & Ofis","Okul Kırtasiyesi & Eğitim Gereçleri","Eğitim Kartları & Öğrenme Gereçleri","","3","Kırtasiye & Ofis > Okul Kırtasiyesi & Eğitim Gereçleri > Eğitim Kartları & Öğrenme Gereçleri","kırtasiye & ofis > okul kırtasiyesi & eğitim gereçleri > eğitim kartları & öğrenme gereçleri","YES","CANDIDATE_FOR_PRODUCT_OWNER_FINALIZATION","REGULATED","Kırtasiye & Ofis","YES","YES","Wave 15 Batch 03 proposal; Wave 32 finalization candidate; OM-R06=B; OM-R07=B; OM-R10=A.","TEMPORARY_AUDIT_ID_NOT_PRODUCTION_STABLE_ID"
"AUDIT-001217","BATCH_03","3dd6df685c7e6a5ed672188e010992063ea9d720","docs/TAXONOMY_BATCH_03_FINALIZATION_TREE.csv","189","AUDIT-001215","Kırtasiye & Ofis > Okul Kırtasiyesi & Eğitim Gereçleri","Kırtasiye & Ofis","Okul Kırtasiyesi & Eğitim Gereçleri","Geometri Setleri","","3","Kırtasiye & Ofis > Okul Kırtasiyesi & Eğitim Gereçleri > Geometri Setleri","kırtasiye & ofis > okul kırtasiyesi & eğitim gereçleri > geometri setleri","YES","CANDIDATE_FOR_PRODUCT_OWNER_FINALIZATION","REGULATED","Kırtasiye & Ofis","YES","YES","Wave 15 Batch 03 proposal; Wave 32 finalization candidate; OM-R06=B; OM-R07=B; OM-R10=A.","TEMPORARY_AUDIT_ID_NOT_PRODUCTION_STABLE_ID"
"AUDIT-001218","BATCH_03","3dd6df685c7e6a5ed672188e010992063ea9d720","docs/TAXONOMY_BATCH_03_FINALIZATION_TREE.csv","190","AUDIT-001215","Kırtasiye & Ofis > Okul Kırtasiyesi & Eğitim Gereçleri","Kırtasiye & Ofis","Okul Kırtasiyesi & Eğitim Gereçleri","Kalem Kutuları","","3","Kırtasiye & Ofis > Okul Kırtasiyesi & Eğitim Gereçleri > Kalem Kutuları","kırtasiye & ofis > okul kırtasiyesi & eğitim gereçleri > kalem kutuları","YES","CANDIDATE_FOR_PRODUCT_OWNER_FINALIZATION","NORMAL","Kırtasiye & Ofis","YES","NO","Wave 15 Batch 03 proposal; Wave 32 finalization candidate; OM-R06=B; OM-R07=B; OM-R10=A.","TEMPORARY_AUDIT_ID_NOT_PRODUCTION_STABLE_ID"
"AUDIT-001219","BATCH_03","3dd6df685c7e6a5ed672188e010992063ea9d720","docs/TAXONOMY_BATCH_03_FINALIZATION_TREE.csv","191","AUDIT-001215","Kırtasiye & Ofis > Okul Kırtasiyesi & Eğitim Gereçleri","Kırtasiye & Ofis","Okul Kırtasiyesi & Eğitim Gereçleri","Küre & Eğitim Haritaları","","3","Kırtasiye & Ofis > Okul Kırtasiyesi & Eğitim Gereçleri > Küre & Eğitim Haritaları","kırtasiye & ofis > okul kırtasiyesi & eğitim gereçleri > küre & eğitim haritaları","YES","CANDIDATE_FOR_PRODUCT_OWNER_FINALIZATION","NORMAL","Kırtasiye & Ofis","YES","NO","Wave 15 Batch 03 proposal; Wave 32 finalization candidate; OM-R06=B; OM-R07=B; OM-R10=A.","TEMPORARY_AUDIT_ID_NOT_PRODUCTION_STABLE_ID"
"AUDIT-001220","BATCH_03","3dd6df685c7e6a5ed672188e010992063ea9d720","docs/TAXONOMY_BATCH_03_FINALIZATION_TREE.csv","192","AUDIT-001215","Kırtasiye & Ofis > Okul Kırtasiyesi & Eğitim Gereçleri","Kırtasiye & Ofis","Okul Kırtasiyesi & Eğitim Gereçleri","Sayı Sayma & Matematik Gereçleri","","3","Kırtasiye & Ofis > Okul Kırtasiyesi & Eğitim Gereçleri > Sayı Sayma & Matematik Gereçleri","kırtasiye & ofis > okul kırtasiyesi & eğitim gereçleri > sayı sayma & matematik gereçleri","YES","CANDIDATE_FOR_PRODUCT_OWNER_FINALIZATION","REGULATED","Kırtasiye & Ofis","YES","YES","Wave 15 Batch 03 proposal; Wave 32 finalization candidate; OM-R06=B; OM-R07=B; OM-R10=A.","TEMPORARY_AUDIT_ID_NOT_PRODUCTION_STABLE_ID"
"AUDIT-001221","BATCH_03","3dd6df685c7e6a5ed672188e010992063ea9d720","docs/TAXONOMY_BATCH_03_FINALIZATION_TREE.csv","193","","Kırtasiye & Ofis","Kırtasiye & Ofis","Sanat & Çizim Malzemeleri","","","2","Kırtasiye & Ofis > Sanat & Çizim Malzemeleri","kırtasiye & ofis > sanat & çizim malzemeleri","NO","CANDIDATE_FOR_PRODUCT_OWNER_FINALIZATION","LEGAL_REVIEW_REQUIRED","Kırtasiye & Ofis","YES","YES","Wave 15 Batch 03 proposal; Wave 32 finalization candidate; OM-R06=B; OM-R07=B; OM-R10=A.","TEMPORARY_AUDIT_ID_NOT_PRODUCTION_STABLE_ID"
"AUDIT-001222","BATCH_03","3dd6df685c7e6a5ed672188e010992063ea9d720","docs/TAXONOMY_BATCH_03_FINALIZATION_TREE.csv","194","AUDIT-001221","Kırtasiye & Ofis > Sanat & Çizim Malzemeleri","Kırtasiye & Ofis","Sanat & Çizim Malzemeleri","Boyalar","","3","Kırtasiye & Ofis > Sanat & Çizim Malzemeleri > Boyalar","kırtasiye & ofis > sanat & çizim malzemeleri > boyalar","NO","CANDIDATE_FOR_PRODUCT_OWNER_FINALIZATION","LEGAL_REVIEW_REQUIRED","Kırtasiye & Ofis","YES","YES","Wave 15 Batch 03 proposal; Wave 32 finalization candidate; OM-R06=B; OM-R07=B; OM-R10=A.","TEMPORARY_AUDIT_ID_NOT_PRODUCTION_STABLE_ID"
"AUDIT-001223","BATCH_03","3dd6df685c7e6a5ed672188e010992063ea9d720","docs/TAXONOMY_BATCH_03_FINALIZATION_TREE.csv","195","AUDIT-001222","Kırtasiye & Ofis > Sanat & Çizim Malzemeleri > Boyalar","Kırtasiye & Ofis","Sanat & Çizim Malzemeleri","Boyalar","Akrilik & Yağlı Boyalar","4","Kırtasiye & Ofis > Sanat & Çizim Malzemeleri > Boyalar > Akrilik & Yağlı Boyalar","kırtasiye & ofis > sanat & çizim malzemeleri > boyalar > akrilik & yağlı boyalar","YES","CANDIDATE_FOR_PRODUCT_OWNER_FINALIZATION","LEGAL_REVIEW_REQUIRED","Kırtasiye & Ofis","YES","YES","Wave 15 Batch 03 proposal; Wave 32 finalization candidate; OM-R06=B; OM-R07=B; OM-R10=A.","TEMPORARY_AUDIT_ID_NOT_PRODUCTION_STABLE_ID"
"AUDIT-001224","BATCH_03","3dd6df685c7e6a5ed672188e010992063ea9d720","docs/TAXONOMY_BATCH_03_FINALIZATION_TREE.csv","196","AUDIT-001222","Kırtasiye & Ofis > Sanat & Çizim Malzemeleri > Boyalar","Kırtasiye & Ofis","Sanat & Çizim Malzemeleri","Boyalar","Sulu & Guaj Boyalar","4","Kırtasiye & Ofis > Sanat & Çizim Malzemeleri > Boyalar > Sulu & Guaj Boyalar","kırtasiye & ofis > sanat & çizim malzemeleri > boyalar > sulu & guaj boyalar","YES","CANDIDATE_FOR_PRODUCT_OWNER_FINALIZATION","REGULATED","Kırtasiye & Ofis","YES","YES","Wave 15 Batch 03 proposal; Wave 32 finalization candidate; OM-R06=B; OM-R07=B; OM-R10=A.","TEMPORARY_AUDIT_ID_NOT_PRODUCTION_STABLE_ID"
"AUDIT-001225","BATCH_03","3dd6df685c7e6a5ed672188e010992063ea9d720","docs/TAXONOMY_BATCH_03_FINALIZATION_TREE.csv","197","AUDIT-001221","Kırtasiye & Ofis > Sanat & Çizim Malzemeleri","Kırtasiye & Ofis","Sanat & Çizim Malzemeleri","Fırçalar","","3","Kırtasiye & Ofis > Sanat & Çizim Malzemeleri > Fırçalar","kırtasiye & ofis > sanat & çizim malzemeleri > fırçalar","YES","CANDIDATE_FOR_PRODUCT_OWNER_FINALIZATION","NORMAL","Kırtasiye & Ofis","YES","NO","Wave 15 Batch 03 proposal; Wave 32 finalization candidate; OM-R06=B; OM-R07=B; OM-R10=A.","TEMPORARY_AUDIT_ID_NOT_PRODUCTION_STABLE_ID"
"AUDIT-001226","BATCH_03","3dd6df685c7e6a5ed672188e010992063ea9d720","docs/TAXONOMY_BATCH_03_FINALIZATION_TREE.csv","198","AUDIT-001221","Kırtasiye & Ofis > Sanat & Çizim Malzemeleri","Kırtasiye & Ofis","Sanat & Çizim Malzemeleri","Medium & Sanat Yardımcıları","","3","Kırtasiye & Ofis > Sanat & Çizim Malzemeleri > Medium & Sanat Yardımcıları","kırtasiye & ofis > sanat & çizim malzemeleri > medium & sanat yardımcıları","YES","CANDIDATE_FOR_PRODUCT_OWNER_FINALIZATION","LEGAL_REVIEW_REQUIRED","Kırtasiye & Ofis","YES","YES","Wave 15 Batch 03 proposal; Wave 32 finalization candidate; OM-R06=B; OM-R07=B; OM-R10=A.","TEMPORARY_AUDIT_ID_NOT_PRODUCTION_STABLE_ID"
"AUDIT-001227","BATCH_03","3dd6df685c7e6a5ed672188e010992063ea9d720","docs/TAXONOMY_BATCH_03_FINALIZATION_TREE.csv","199","AUDIT-001221","Kırtasiye & Ofis > Sanat & Çizim Malzemeleri","Kırtasiye & Ofis","Sanat & Çizim Malzemeleri","Modelleme & Seramik Hamurları","","3","Kırtasiye & Ofis > Sanat & Çizim Malzemeleri > Modelleme & Seramik Hamurları","kırtasiye & ofis > sanat & çizim malzemeleri > modelleme & seramik hamurları","YES","CANDIDATE_FOR_PRODUCT_OWNER_FINALIZATION","REGULATED","Kırtasiye & Ofis","YES","YES","Wave 15 Batch 03 proposal; Wave 32 finalization candidate; OM-R06=B; OM-R07=B; OM-R10=A.","TEMPORARY_AUDIT_ID_NOT_PRODUCTION_STABLE_ID"
"AUDIT-001228","BATCH_03","3dd6df685c7e6a5ed672188e010992063ea9d720","docs/TAXONOMY_BATCH_03_FINALIZATION_TREE.csv","200","AUDIT-001221","Kırtasiye & Ofis > Sanat & Çizim Malzemeleri","Kırtasiye & Ofis","Sanat & Çizim Malzemeleri","Pastel & Karakalem Malzemeleri","","3","Kırtasiye & Ofis > Sanat & Çizim Malzemeleri > Pastel & Karakalem Malzemeleri","kırtasiye & ofis > sanat & çizim malzemeleri > pastel & karakalem malzemeleri","YES","CANDIDATE_FOR_PRODUCT_OWNER_FINALIZATION","REGULATED","Kırtasiye & Ofis","YES","YES","Wave 15 Batch 03 proposal; Wave 32 finalization candidate; OM-R06=B; OM-R07=B; OM-R10=A.","TEMPORARY_AUDIT_ID_NOT_PRODUCTION_STABLE_ID"
"AUDIT-001229","BATCH_03","3dd6df685c7e6a5ed672188e010992063ea9d720","docs/TAXONOMY_BATCH_03_FINALIZATION_TREE.csv","201","AUDIT-001221","Kırtasiye & Ofis > Sanat & Çizim Malzemeleri","Kırtasiye & Ofis","Sanat & Çizim Malzemeleri","Tuval & Çizim Yüzeyleri","","3","Kırtasiye & Ofis > Sanat & Çizim Malzemeleri > Tuval & Çizim Yüzeyleri","kırtasiye & ofis > sanat & çizim malzemeleri > tuval & çizim yüzeyleri","YES","CANDIDATE_FOR_PRODUCT_OWNER_FINALIZATION","NORMAL","Kırtasiye & Ofis","YES","NO","Wave 15 Batch 03 proposal; Wave 32 finalization candidate; OM-R06=B; OM-R07=B; OM-R10=A.","TEMPORARY_AUDIT_ID_NOT_PRODUCTION_STABLE_ID"
"AUDIT-001230","BATCH_03","3dd6df685c7e6a5ed672188e010992063ea9d720","docs/TAXONOMY_BATCH_03_FINALIZATION_TREE.csv","202","","Kırtasiye & Ofis","Kırtasiye & Ofis","Sunum, Pano & Yazı Tahtası Ürünleri","","","2","Kırtasiye & Ofis > Sunum, Pano & Yazı Tahtası Ürünleri","kırtasiye & ofis > sunum, pano & yazı tahtası ürünleri","NO","CANDIDATE_FOR_PRODUCT_OWNER_FINALIZATION","NORMAL","Kırtasiye & Ofis","YES","NO","Wave 15 Batch 03 proposal; Wave 32 finalization candidate; OM-R06=B; OM-R07=B; OM-R10=A.","TEMPORARY_AUDIT_ID_NOT_PRODUCTION_STABLE_ID"
"AUDIT-001231","BATCH_03","3dd6df685c7e6a5ed672188e010992063ea9d720","docs/TAXONOMY_BATCH_03_FINALIZATION_TREE.csv","203","AUDIT-001230","Kırtasiye & Ofis > Sunum, Pano & Yazı Tahtası Ürünleri","Kırtasiye & Ofis","Sunum, Pano & Yazı Tahtası Ürünleri","Flipchart & Sunum Şövaleleri","","3","Kırtasiye & Ofis > Sunum, Pano & Yazı Tahtası Ürünleri > Flipchart & Sunum Şövaleleri","kırtasiye & ofis > sunum, pano & yazı tahtası ürünleri > flipchart & sunum şövaleleri","YES","CANDIDATE_FOR_PRODUCT_OWNER_FINALIZATION","NORMAL","Kırtasiye & Ofis","YES","NO","Wave 15 Batch 03 proposal; Wave 32 finalization candidate; OM-R06=B; OM-R07=B; OM-R10=A.","TEMPORARY_AUDIT_ID_NOT_PRODUCTION_STABLE_ID"
"AUDIT-001232","BATCH_03","3dd6df685c7e6a5ed672188e010992063ea9d720","docs/TAXONOMY_BATCH_03_FINALIZATION_TREE.csv","204","AUDIT-001230","Kırtasiye & Ofis > Sunum, Pano & Yazı Tahtası Ürünleri","Kırtasiye & Ofis","Sunum, Pano & Yazı Tahtası Ürünleri","Mantar & İlan Panoları","","3","Kırtasiye & Ofis > Sunum, Pano & Yazı Tahtası Ürünleri > Mantar & İlan Panoları","kırtasiye & ofis > sunum, pano & yazı tahtası ürünleri > mantar & ilan panoları","YES","CANDIDATE_FOR_PRODUCT_OWNER_FINALIZATION","NORMAL","Kırtasiye & Ofis","YES","NO","Wave 15 Batch 03 proposal; Wave 32 finalization candidate; OM-R06=B; OM-R07=B; OM-R10=A.","TEMPORARY_AUDIT_ID_NOT_PRODUCTION_STABLE_ID"
"AUDIT-001233","BATCH_03","3dd6df685c7e6a5ed672188e010992063ea9d720","docs/TAXONOMY_BATCH_03_FINALIZATION_TREE.csv","205","AUDIT-001230","Kırtasiye & Ofis > Sunum, Pano & Yazı Tahtası Ürünleri","Kırtasiye & Ofis","Sunum, Pano & Yazı Tahtası Ürünleri","Tahta Silgisi & Aksesuarları","","3","Kırtasiye & Ofis > Sunum, Pano & Yazı Tahtası Ürünleri > Tahta Silgisi & Aksesuarları","kırtasiye & ofis > sunum, pano & yazı tahtası ürünleri > tahta silgisi & aksesuarları","YES","CANDIDATE_FOR_PRODUCT_OWNER_FINALIZATION","NORMAL","Kırtasiye & Ofis","YES","NO","Wave 15 Batch 03 proposal; Wave 32 finalization candidate; OM-R06=B; OM-R07=B; OM-R10=A.","TEMPORARY_AUDIT_ID_NOT_PRODUCTION_STABLE_ID"
"AUDIT-001234","BATCH_03","3dd6df685c7e6a5ed672188e010992063ea9d720","docs/TAXONOMY_BATCH_03_FINALIZATION_TREE.csv","206","AUDIT-001230","Kırtasiye & Ofis > Sunum, Pano & Yazı Tahtası Ürünleri","Kırtasiye & Ofis","Sunum, Pano & Yazı Tahtası Ürünleri","Yazı Tahtaları","","3","Kırtasiye & Ofis > Sunum, Pano & Yazı Tahtası Ürünleri > Yazı Tahtaları","kırtasiye & ofis > sunum, pano & yazı tahtası ürünleri > yazı tahtaları","YES","CANDIDATE_FOR_PRODUCT_OWNER_FINALIZATION","NORMAL","Kırtasiye & Ofis","YES","NO","Wave 15 Batch 03 proposal; Wave 32 finalization candidate; OM-R06=B; OM-R07=B; OM-R10=A.","TEMPORARY_AUDIT_ID_NOT_PRODUCTION_STABLE_ID"
"AUDIT-001235","BATCH_03","3dd6df685c7e6a5ed672188e010992063ea9d720","docs/TAXONOMY_BATCH_03_FINALIZATION_TREE.csv","207","","Kırtasiye & Ofis","Kırtasiye & Ofis","Ofis Makineleri & Ciltleme Ekipmanları","","","2","Kırtasiye & Ofis > Ofis Makineleri & Ciltleme Ekipmanları","kırtasiye & ofis > ofis makineleri & ciltleme ekipmanları","NO","CANDIDATE_FOR_PRODUCT_OWNER_FINALIZATION","LEGAL_REVIEW_REQUIRED","Kırtasiye & Ofis","YES","YES","Wave 15 Batch 03 proposal; Wave 32 finalization candidate; OM-R06=B; OM-R07=B; OM-R10=A.","TEMPORARY_AUDIT_ID_NOT_PRODUCTION_STABLE_ID"
"AUDIT-001236","BATCH_03","3dd6df685c7e6a5ed672188e010992063ea9d720","docs/TAXONOMY_BATCH_03_FINALIZATION_TREE.csv","208","AUDIT-001235","Kırtasiye & Ofis > Ofis Makineleri & Ciltleme Ekipmanları","Kırtasiye & Ofis","Ofis Makineleri & Ciltleme Ekipmanları","Ciltleme Makineleri & Sarfı","","3","Kırtasiye & Ofis > Ofis Makineleri & Ciltleme Ekipmanları > Ciltleme Makineleri & Sarfı","kırtasiye & ofis > ofis makineleri & ciltleme ekipmanları > ciltleme makineleri & sarfı","YES","CANDIDATE_FOR_PRODUCT_OWNER_FINALIZATION","REGULATED","Kırtasiye & Ofis","YES","YES","Wave 15 Batch 03 proposal; Wave 32 finalization candidate; OM-R06=B; OM-R07=B; OM-R10=A.","TEMPORARY_AUDIT_ID_NOT_PRODUCTION_STABLE_ID"
"AUDIT-001237","BATCH_03","3dd6df685c7e6a5ed672188e010992063ea9d720","docs/TAXONOMY_BATCH_03_FINALIZATION_TREE.csv","209","AUDIT-001235","Kırtasiye & Ofis > Ofis Makineleri & Ciltleme Ekipmanları","Kırtasiye & Ofis","Ofis Makineleri & Ciltleme Ekipmanları","Etiketleme Makineleri","","3","Kırtasiye & Ofis > Ofis Makineleri & Ciltleme Ekipmanları > Etiketleme Makineleri","kırtasiye & ofis > ofis makineleri & ciltleme ekipmanları > etiketleme makineleri","YES","CANDIDATE_FOR_PRODUCT_OWNER_FINALIZATION","REGULATED","Kırtasiye & Ofis","YES","YES","Wave 15 Batch 03 proposal; Wave 32 finalization candidate; OM-R06=B; OM-R07=B; OM-R10=A.","TEMPORARY_AUDIT_ID_NOT_PRODUCTION_STABLE_ID"
"AUDIT-001238","BATCH_03","3dd6df685c7e6a5ed672188e010992063ea9d720","docs/TAXONOMY_BATCH_03_FINALIZATION_TREE.csv","210","AUDIT-001235","Kırtasiye & Ofis > Ofis Makineleri & Ciltleme Ekipmanları","Kırtasiye & Ofis","Ofis Makineleri & Ciltleme Ekipmanları","Evrak İmha Makineleri","","3","Kırtasiye & Ofis > Ofis Makineleri & Ciltleme Ekipmanları > Evrak İmha Makineleri","kırtasiye & ofis > ofis makineleri & ciltleme ekipmanları > evrak imha makineleri","YES","CANDIDATE_FOR_PRODUCT_OWNER_FINALIZATION","REGULATED","Kırtasiye & Ofis","YES","YES","Wave 15 Batch 03 proposal; Wave 32 finalization candidate; OM-R06=B; OM-R07=B; OM-R10=A.","TEMPORARY_AUDIT_ID_NOT_PRODUCTION_STABLE_ID"
"AUDIT-001239","BATCH_03","3dd6df685c7e6a5ed672188e010992063ea9d720","docs/TAXONOMY_BATCH_03_FINALIZATION_TREE.csv","211","AUDIT-001235","Kırtasiye & Ofis > Ofis Makineleri & Ciltleme Ekipmanları","Kırtasiye & Ofis","Ofis Makineleri & Ciltleme Ekipmanları","Hesap Makineleri","","3","Kırtasiye & Ofis > Ofis Makineleri & Ciltleme Ekipmanları > Hesap Makineleri","kırtasiye & ofis > ofis makineleri & ciltleme ekipmanları > hesap makineleri","YES","CANDIDATE_FOR_PRODUCT_OWNER_FINALIZATION","REGULATED","Kırtasiye & Ofis","YES","YES","Wave 15 Batch 03 proposal; Wave 32 finalization candidate; OM-R06=B; OM-R07=B; OM-R10=A.","TEMPORARY_AUDIT_ID_NOT_PRODUCTION_STABLE_ID"
"AUDIT-001240","BATCH_03","3dd6df685c7e6a5ed672188e010992063ea9d720","docs/TAXONOMY_BATCH_03_FINALIZATION_TREE.csv","212","AUDIT-001235","Kırtasiye & Ofis > Ofis Makineleri & Ciltleme Ekipmanları","Kırtasiye & Ofis","Ofis Makineleri & Ciltleme Ekipmanları","Laminasyon Makineleri","","3","Kırtasiye & Ofis > Ofis Makineleri & Ciltleme Ekipmanları > Laminasyon Makineleri","kırtasiye & ofis > ofis makineleri & ciltleme ekipmanları > laminasyon makineleri","YES","CANDIDATE_FOR_PRODUCT_OWNER_FINALIZATION","REGULATED","Kırtasiye & Ofis","YES","YES","Wave 15 Batch 03 proposal; Wave 32 finalization candidate; OM-R06=B; OM-R07=B; OM-R10=A.","TEMPORARY_AUDIT_ID_NOT_PRODUCTION_STABLE_ID"
"AUDIT-001241","BATCH_03","3dd6df685c7e6a5ed672188e010992063ea9d720","docs/TAXONOMY_BATCH_03_FINALIZATION_TREE.csv","213","AUDIT-001235","Kırtasiye & Ofis > Ofis Makineleri & Ciltleme Ekipmanları","Kırtasiye & Ofis","Ofis Makineleri & Ciltleme Ekipmanları","Para Sayma & Kontrol Makineleri","","3","Kırtasiye & Ofis > Ofis Makineleri & Ciltleme Ekipmanları > Para Sayma & Kontrol Makineleri","kırtasiye & ofis > ofis makineleri & ciltleme ekipmanları > para sayma & kontrol makineleri","YES","CANDIDATE_FOR_PRODUCT_OWNER_FINALIZATION","LEGAL_REVIEW_REQUIRED","Kırtasiye & Ofis","YES","YES","Wave 15 Batch 03 proposal; Wave 32 finalization candidate; OM-R06=B; OM-R07=B; OM-R10=A.","TEMPORARY_AUDIT_ID_NOT_PRODUCTION_STABLE_ID"
"AUDIT-001242","BATCH_03","3dd6df685c7e6a5ed672188e010992063ea9d720","docs/TAXONOMY_BATCH_03_FINALIZATION_TREE.csv","214","","Kırtasiye & Ofis","Kırtasiye & Ofis","Paketleme & Postalama Ürünleri","","","2","Kırtasiye & Ofis > Paketleme & Postalama Ürünleri","kırtasiye & ofis > paketleme & postalama ürünleri","NO","CANDIDATE_FOR_PRODUCT_OWNER_FINALIZATION","REGULATED","Kırtasiye & Ofis","YES","YES","Wave 15 Batch 03 proposal; Wave 32 finalization candidate; OM-R06=B; OM-R07=B; OM-R10=A.","TEMPORARY_AUDIT_ID_NOT_PRODUCTION_STABLE_ID"
"AUDIT-001243","BATCH_03","3dd6df685c7e6a5ed672188e010992063ea9d720","docs/TAXONOMY_BATCH_03_FINALIZATION_TREE.csv","215","AUDIT-001242","Kırtasiye & Ofis > Paketleme & Postalama Ürünleri","Kırtasiye & Ofis","Paketleme & Postalama Ürünleri","Kargo & Postalama Kutuları","","3","Kırtasiye & Ofis > Paketleme & Postalama Ürünleri > Kargo & Postalama Kutuları","kırtasiye & ofis > paketleme & postalama ürünleri > kargo & postalama kutuları","YES","CANDIDATE_FOR_PRODUCT_OWNER_FINALIZATION","NORMAL","Kırtasiye & Ofis","YES","NO","Wave 15 Batch 03 proposal; Wave 32 finalization candidate; OM-R06=B; OM-R07=B; OM-R10=A.","TEMPORARY_AUDIT_ID_NOT_PRODUCTION_STABLE_ID"
"AUDIT-001244","BATCH_03","3dd6df685c7e6a5ed672188e010992063ea9d720","docs/TAXONOMY_BATCH_03_FINALIZATION_TREE.csv","216","AUDIT-001242","Kırtasiye & Ofis > Paketleme & Postalama Ürünleri","Kırtasiye & Ofis","Paketleme & Postalama Ürünleri","Koruyucu Dolgu & Balonlu Ambalaj","","3","Kırtasiye & Ofis > Paketleme & Postalama Ürünleri > Koruyucu Dolgu & Balonlu Ambalaj","kırtasiye & ofis > paketleme & postalama ürünleri > koruyucu dolgu & balonlu ambalaj","YES","CANDIDATE_FOR_PRODUCT_OWNER_FINALIZATION","NORMAL","Kırtasiye & Ofis","YES","NO","Wave 15 Batch 03 proposal; Wave 32 finalization candidate; OM-R06=B; OM-R07=B; OM-R10=A.","TEMPORARY_AUDIT_ID_NOT_PRODUCTION_STABLE_ID"
"AUDIT-001245","BATCH_03","3dd6df685c7e6a5ed672188e010992063ea9d720","docs/TAXONOMY_BATCH_03_FINALIZATION_TREE.csv","217","AUDIT-001242","Kırtasiye & Ofis > Paketleme & Postalama Ürünleri","Kırtasiye & Ofis","Paketleme & Postalama Ürünleri","Paketleme Bantları","","3","Kırtasiye & Ofis > Paketleme & Postalama Ürünleri > Paketleme Bantları","kırtasiye & ofis > paketleme & postalama ürünleri > paketleme bantları","YES","CANDIDATE_FOR_PRODUCT_OWNER_FINALIZATION","NORMAL","Kırtasiye & Ofis","YES","NO","Wave 15 Batch 03 proposal; Wave 32 finalization candidate; OM-R06=B; OM-R07=B; OM-R10=A.","TEMPORARY_AUDIT_ID_NOT_PRODUCTION_STABLE_ID"
"AUDIT-001246","BATCH_03","3dd6df685c7e6a5ed672188e010992063ea9d720","docs/TAXONOMY_BATCH_03_FINALIZATION_TREE.csv","218","AUDIT-001242","Kırtasiye & Ofis > Paketleme & Postalama Ürünleri","Kırtasiye & Ofis","Paketleme & Postalama Ürünleri","Paketleme İpi & Çemberleme Ürünleri","","3","Kırtasiye & Ofis > Paketleme & Postalama Ürünleri > Paketleme İpi & Çemberleme Ürünleri","kırtasiye & ofis > paketleme & postalama ürünleri > paketleme ipi & çemberleme ürünleri","YES","CANDIDATE_FOR_PRODUCT_OWNER_FINALIZATION","REGULATED","Kırtasiye & Ofis","YES","YES","Wave 15 Batch 03 proposal; Wave 32 finalization candidate; OM-R06=B; OM-R07=B; OM-R10=A.","TEMPORARY_AUDIT_ID_NOT_PRODUCTION_STABLE_ID"
"AUDIT-001247","BATCH_03","3dd6df685c7e6a5ed672188e010992063ea9d720","docs/TAXONOMY_BATCH_03_FINALIZATION_TREE.csv","219","AUDIT-001242","Kırtasiye & Ofis > Paketleme & Postalama Ürünleri","Kırtasiye & Ofis","Paketleme & Postalama Ürünleri","Postalama Poşetleri","","3","Kırtasiye & Ofis > Paketleme & Postalama Ürünleri > Postalama Poşetleri","kırtasiye & ofis > paketleme & postalama ürünleri > postalama poşetleri","YES","CANDIDATE_FOR_PRODUCT_OWNER_FINALIZATION","NORMAL","Kırtasiye & Ofis","YES","NO","Wave 15 Batch 03 proposal; Wave 32 finalization candidate; OM-R06=B; OM-R07=B; OM-R10=A.","TEMPORARY_AUDIT_ID_NOT_PRODUCTION_STABLE_ID"
"AUDIT-001248","BATCH_03","3dd6df685c7e6a5ed672188e010992063ea9d720","docs/TAXONOMY_BATCH_03_FINALIZATION_TREE.csv","220","","Evcil Hayvan Ürünleri","Evcil Hayvan Ürünleri","Kedi Ürünleri","","","2","Evcil Hayvan Ürünleri > Kedi Ürünleri","evcil hayvan ürünleri > kedi ürünleri","NO","CANDIDATE_FOR_PRODUCT_OWNER_FINALIZATION","LEGAL_REVIEW_REQUIRED","Evcil Hayvan Ürünleri","YES","YES","Wave 15 Batch 03 proposal; Wave 32 finalization candidate; OM-R06=B; OM-R07=B; OM-R10=A.","TEMPORARY_AUDIT_ID_NOT_PRODUCTION_STABLE_ID"
"AUDIT-001249","BATCH_03","3dd6df685c7e6a5ed672188e010992063ea9d720","docs/TAXONOMY_BATCH_03_FINALIZATION_TREE.csv","221","AUDIT-001248","Evcil Hayvan Ürünleri > Kedi Ürünleri","Evcil Hayvan Ürünleri","Kedi Ürünleri","Kedi Bakım & Hijyen Ürünleri","","3","Evcil Hayvan Ürünleri > Kedi Ürünleri > Kedi Bakım & Hijyen Ürünleri","evcil hayvan ürünleri > kedi ürünleri > kedi bakım & hijyen ürünleri","YES","CANDIDATE_FOR_PRODUCT_OWNER_FINALIZATION","LEGAL_REVIEW_REQUIRED","Evcil Hayvan Ürünleri","YES","YES","Wave 15 Batch 03 proposal; Wave 32 finalization candidate; OM-R06=B; OM-R07=B; OM-R10=A.","TEMPORARY_AUDIT_ID_NOT_PRODUCTION_STABLE_ID"
"AUDIT-001250","BATCH_03","3dd6df685c7e6a5ed672188e010992063ea9d720","docs/TAXONOMY_BATCH_03_FINALIZATION_TREE.csv","222","AUDIT-001248","Evcil Hayvan Ürünleri > Kedi Ürünleri","Evcil Hayvan Ürünleri","Kedi Ürünleri","Kedi Kumu & Tuvalet Ürünleri","","3","Evcil Hayvan Ürünleri > Kedi Ürünleri > Kedi Kumu & Tuvalet Ürünleri","evcil hayvan ürünleri > kedi ürünleri > kedi kumu & tuvalet ürünleri","YES","CANDIDATE_FOR_PRODUCT_OWNER_FINALIZATION","REGULATED","Evcil Hayvan Ürünleri","YES","YES","Wave 15 Batch 03 proposal; Wave 32 finalization candidate; OM-R06=B; OM-R07=B; OM-R10=A.","TEMPORARY_AUDIT_ID_NOT_PRODUCTION_STABLE_ID"
"AUDIT-001251","BATCH_03","3dd6df685c7e6a5ed672188e010992063ea9d720","docs/TAXONOMY_BATCH_03_FINALIZATION_TREE.csv","223","AUDIT-001248","Evcil Hayvan Ürünleri > Kedi Ürünleri","Evcil Hayvan Ürünleri","Kedi Ürünleri","Kedi Mamaları","","3","Evcil Hayvan Ürünleri > Kedi Ürünleri > Kedi Mamaları","evcil hayvan ürünleri > kedi ürünleri > kedi mamaları","YES","CANDIDATE_FOR_PRODUCT_OWNER_FINALIZATION","LEGAL_REVIEW_REQUIRED","Evcil Hayvan Ürünleri","YES","YES","Wave 15 Batch 03 proposal; Wave 32 finalization candidate; OM-R06=B; OM-R07=B; OM-R10=A.","TEMPORARY_AUDIT_ID_NOT_PRODUCTION_STABLE_ID"
"AUDIT-001252","BATCH_03","3dd6df685c7e6a5ed672188e010992063ea9d720","docs/TAXONOMY_BATCH_03_FINALIZATION_TREE.csv","224","AUDIT-001248","Evcil Hayvan Ürünleri > Kedi Ürünleri","Evcil Hayvan Ürünleri","Kedi Ürünleri","Kedi Oyuncakları","","3","Evcil Hayvan Ürünleri > Kedi Ürünleri > Kedi Oyuncakları","evcil hayvan ürünleri > kedi ürünleri > kedi oyuncakları","YES","CANDIDATE_FOR_PRODUCT_OWNER_FINALIZATION","REGULATED","Evcil Hayvan Ürünleri","YES","YES","Wave 15 Batch 03 proposal; Wave 32 finalization candidate; OM-R06=B; OM-R07=B; OM-R10=A.","TEMPORARY_AUDIT_ID_NOT_PRODUCTION_STABLE_ID"
"AUDIT-001253","BATCH_03","3dd6df685c7e6a5ed672188e010992063ea9d720","docs/TAXONOMY_BATCH_03_FINALIZATION_TREE.csv","225","AUDIT-001248","Evcil Hayvan Ürünleri > Kedi Ürünleri","Evcil Hayvan Ürünleri","Kedi Ürünleri","Kedi Ödülleri","","3","Evcil Hayvan Ürünleri > Kedi Ürünleri > Kedi Ödülleri","evcil hayvan ürünleri > kedi ürünleri > kedi ödülleri","YES","CANDIDATE_FOR_PRODUCT_OWNER_FINALIZATION","LEGAL_REVIEW_REQUIRED","Evcil Hayvan Ürünleri","YES","YES","Wave 15 Batch 03 proposal; Wave 32 finalization candidate; OM-R06=B; OM-R07=B; OM-R10=A.","TEMPORARY_AUDIT_ID_NOT_PRODUCTION_STABLE_ID"
"AUDIT-001254","BATCH_03","3dd6df685c7e6a5ed672188e010992063ea9d720","docs/TAXONOMY_BATCH_03_FINALIZATION_TREE.csv","226","AUDIT-001248","Evcil Hayvan Ürünleri > Kedi Ürünleri","Evcil Hayvan Ürünleri","Kedi Ürünleri","Kedi Tasma & Güvenlik Ürünleri","","3","Evcil Hayvan Ürünleri > Kedi Ürünleri > Kedi Tasma & Güvenlik Ürünleri","evcil hayvan ürünleri > kedi ürünleri > kedi tasma & güvenlik ürünleri","YES","CANDIDATE_FOR_PRODUCT_OWNER_FINALIZATION","REGULATED","Evcil Hayvan Ürünleri","YES","YES","Wave 15 Batch 03 proposal; Wave 32 finalization candidate; OM-R06=B; OM-R07=B; OM-R10=A.","TEMPORARY_AUDIT_ID_NOT_PRODUCTION_STABLE_ID"
"AUDIT-001255","BATCH_03","3dd6df685c7e6a5ed672188e010992063ea9d720","docs/TAXONOMY_BATCH_03_FINALIZATION_TREE.csv","227","AUDIT-001248","Evcil Hayvan Ürünleri > Kedi Ürünleri","Evcil Hayvan Ürünleri","Kedi Ürünleri","Kedi Yatak & Taşıma Ürünleri","","3","Evcil Hayvan Ürünleri > Kedi Ürünleri > Kedi Yatak & Taşıma Ürünleri","evcil hayvan ürünleri > kedi ürünleri > kedi yatak & taşıma ürünleri","YES","CANDIDATE_FOR_PRODUCT_OWNER_FINALIZATION","NORMAL","Evcil Hayvan Ürünleri","YES","NO","Wave 15 Batch 03 proposal; Wave 32 finalization candidate; OM-R06=B; OM-R07=B; OM-R10=A.","TEMPORARY_AUDIT_ID_NOT_PRODUCTION_STABLE_ID"
"AUDIT-001256","BATCH_03","3dd6df685c7e6a5ed672188e010992063ea9d720","docs/TAXONOMY_BATCH_03_FINALIZATION_TREE.csv","228","AUDIT-001248","Evcil Hayvan Ürünleri > Kedi Ürünleri","Evcil Hayvan Ürünleri","Kedi Ürünleri","Tırmalama & Kedi Yaşam Alanları","","3","Evcil Hayvan Ürünleri > Kedi Ürünleri > Tırmalama & Kedi Yaşam Alanları","evcil hayvan ürünleri > kedi ürünleri > tırmalama & kedi yaşam alanları","YES","CANDIDATE_FOR_PRODUCT_OWNER_FINALIZATION","NORMAL","Evcil Hayvan Ürünleri","YES","NO","Wave 15 Batch 03 proposal; Wave 32 finalization candidate; OM-R06=B; OM-R07=B; OM-R10=A.","TEMPORARY_AUDIT_ID_NOT_PRODUCTION_STABLE_ID"
"AUDIT-001257","BATCH_03","3dd6df685c7e6a5ed672188e010992063ea9d720","docs/TAXONOMY_BATCH_03_FINALIZATION_TREE.csv","229","","Evcil Hayvan Ürünleri","Evcil Hayvan Ürünleri","Köpek Ürünleri","","","2","Evcil Hayvan Ürünleri > Köpek Ürünleri","evcil hayvan ürünleri > köpek ürünleri","NO","CANDIDATE_FOR_PRODUCT_OWNER_FINALIZATION","LEGAL_REVIEW_REQUIRED","Evcil Hayvan Ürünleri","YES","YES","Wave 15 Batch 03 proposal; Wave 32 finalization candidate; OM-R06=B; OM-R07=B; OM-R10=A.","TEMPORARY_AUDIT_ID_NOT_PRODUCTION_STABLE_ID"
"AUDIT-001258","BATCH_03","3dd6df685c7e6a5ed672188e010992063ea9d720","docs/TAXONOMY_BATCH_03_FINALIZATION_TREE.csv","230","AUDIT-001257","Evcil Hayvan Ürünleri > Köpek Ürünleri","Evcil Hayvan Ürünleri","Köpek Ürünleri","Köpek Bakım & Hijyen Ürünleri","","3","Evcil Hayvan Ürünleri > Köpek Ürünleri > Köpek Bakım & Hijyen Ürünleri","evcil hayvan ürünleri > köpek ürünleri > köpek bakım & hijyen ürünleri","YES","CANDIDATE_FOR_PRODUCT_OWNER_FINALIZATION","LEGAL_REVIEW_REQUIRED","Evcil Hayvan Ürünleri","YES","YES","Wave 15 Batch 03 proposal; Wave 32 finalization candidate; OM-R06=B; OM-R07=B; OM-R10=A.","TEMPORARY_AUDIT_ID_NOT_PRODUCTION_STABLE_ID"
"AUDIT-001259","BATCH_03","3dd6df685c7e6a5ed672188e010992063ea9d720","docs/TAXONOMY_BATCH_03_FINALIZATION_TREE.csv","231","AUDIT-001257","Evcil Hayvan Ürünleri > Köpek Ürünleri","Evcil Hayvan Ürünleri","Köpek Ürünleri","Köpek Eğitim Aksesuarları","","3","Evcil Hayvan Ürünleri > Köpek Ürünleri > Köpek Eğitim Aksesuarları","evcil hayvan ürünleri > köpek ürünleri > köpek eğitim aksesuarları","YES","CANDIDATE_FOR_PRODUCT_OWNER_FINALIZATION","LEGAL_REVIEW_REQUIRED","Evcil Hayvan Ürünleri","YES","YES","Wave 15 Batch 03 proposal; Wave 32 finalization candidate; OM-R06=B; OM-R07=B; OM-R10=A.","TEMPORARY_AUDIT_ID_NOT_PRODUCTION_STABLE_ID"
"AUDIT-001260","BATCH_03","3dd6df685c7e6a5ed672188e010992063ea9d720","docs/TAXONOMY_BATCH_03_FINALIZATION_TREE.csv","232","AUDIT-001257","Evcil Hayvan Ürünleri > Köpek Ürünleri","Evcil Hayvan Ürünleri","Köpek Ürünleri","Köpek Mamaları","","3","Evcil Hayvan Ürünleri > Köpek Ürünleri > Köpek Mamaları","evcil hayvan ürünleri > köpek ürünleri > köpek mamaları","YES","CANDIDATE_FOR_PRODUCT_OWNER_FINALIZATION","LEGAL_REVIEW_REQUIRED","Evcil Hayvan Ürünleri","YES","YES","Wave 15 Batch 03 proposal; Wave 32 finalization candidate; OM-R06=B; OM-R07=B; OM-R10=A.","TEMPORARY_AUDIT_ID_NOT_PRODUCTION_STABLE_ID"
"AUDIT-001261","BATCH_03","3dd6df685c7e6a5ed672188e010992063ea9d720","docs/TAXONOMY_BATCH_03_FINALIZATION_TREE.csv","233","AUDIT-001257","Evcil Hayvan Ürünleri > Köpek Ürünleri","Evcil Hayvan Ürünleri","Köpek Ürünleri","Köpek Oyuncak & Aktivite Ürünleri","","3","Evcil Hayvan Ürünleri > Köpek Ürünleri > Köpek Oyuncak & Aktivite Ürünleri","evcil hayvan ürünleri > köpek ürünleri > köpek oyuncak & aktivite ürünleri","YES","CANDIDATE_FOR_PRODUCT_OWNER_FINALIZATION","REGULATED","Evcil Hayvan Ürünleri","YES","YES","Wave 15 Batch 03 proposal; Wave 32 finalization candidate; OM-R06=B; OM-R07=B; OM-R10=A.","TEMPORARY_AUDIT_ID_NOT_PRODUCTION_STABLE_ID"
"AUDIT-001262","BATCH_03","3dd6df685c7e6a5ed672188e010992063ea9d720","docs/TAXONOMY_BATCH_03_FINALIZATION_TREE.csv","234","AUDIT-001257","Evcil Hayvan Ürünleri > Köpek Ürünleri","Evcil Hayvan Ürünleri","Köpek Ürünleri","Köpek Ödül & Çiğneme Ürünleri","","3","Evcil Hayvan Ürünleri > Köpek Ürünleri > Köpek Ödül & Çiğneme Ürünleri","evcil hayvan ürünleri > köpek ürünleri > köpek ödül & çiğneme ürünleri","YES","CANDIDATE_FOR_PRODUCT_OWNER_FINALIZATION","LEGAL_REVIEW_REQUIRED","Evcil Hayvan Ürünleri","YES","YES","Wave 15 Batch 03 proposal; Wave 32 finalization candidate; OM-R06=B; OM-R07=B; OM-R10=A.","TEMPORARY_AUDIT_ID_NOT_PRODUCTION_STABLE_ID"
"AUDIT-001263","BATCH_03","3dd6df685c7e6a5ed672188e010992063ea9d720","docs/TAXONOMY_BATCH_03_FINALIZATION_TREE.csv","235","AUDIT-001257","Evcil Hayvan Ürünleri > Köpek Ürünleri","Evcil Hayvan Ürünleri","Köpek Ürünleri","Köpek Tasma & Gezdirme Ürünleri","","3","Evcil Hayvan Ürünleri > Köpek Ürünleri > Köpek Tasma & Gezdirme Ürünleri","evcil hayvan ürünleri > köpek ürünleri > köpek tasma & gezdirme ürünleri","YES","CANDIDATE_FOR_PRODUCT_OWNER_FINALIZATION","REGULATED","Evcil Hayvan Ürünleri","YES","YES","Wave 15 Batch 03 proposal; Wave 32 finalization candidate; OM-R06=B; OM-R07=B; OM-R10=A.","TEMPORARY_AUDIT_ID_NOT_PRODUCTION_STABLE_ID"
"AUDIT-001264","BATCH_03","3dd6df685c7e6a5ed672188e010992063ea9d720","docs/TAXONOMY_BATCH_03_FINALIZATION_TREE.csv","236","AUDIT-001257","Evcil Hayvan Ürünleri > Köpek Ürünleri","Evcil Hayvan Ürünleri","Köpek Ürünleri","Köpek Yatak & Taşıma Ürünleri","","3","Evcil Hayvan Ürünleri > Köpek Ürünleri > Köpek Yatak & Taşıma Ürünleri","evcil hayvan ürünleri > köpek ürünleri > köpek yatak & taşıma ürünleri","YES","CANDIDATE_FOR_PRODUCT_OWNER_FINALIZATION","NORMAL","Evcil Hayvan Ürünleri","YES","NO","Wave 15 Batch 03 proposal; Wave 32 finalization candidate; OM-R06=B; OM-R07=B; OM-R10=A.","TEMPORARY_AUDIT_ID_NOT_PRODUCTION_STABLE_ID"
"AUDIT-001265","BATCH_03","3dd6df685c7e6a5ed672188e010992063ea9d720","docs/TAXONOMY_BATCH_03_FINALIZATION_TREE.csv","237","","Evcil Hayvan Ürünleri","Evcil Hayvan Ürünleri","Akvaryum & Balık Ürünleri","","","2","Evcil Hayvan Ürünleri > Akvaryum & Balık Ürünleri","evcil hayvan ürünleri > akvaryum & balık ürünleri","NO","CANDIDATE_FOR_PRODUCT_OWNER_FINALIZATION","LEGAL_REVIEW_REQUIRED","Evcil Hayvan Ürünleri","YES","YES","Wave 15 Batch 03 proposal; Wave 32 finalization candidate; OM-R06=B; OM-R07=B; OM-R10=A.","TEMPORARY_AUDIT_ID_NOT_PRODUCTION_STABLE_ID"
"AUDIT-001266","BATCH_03","3dd6df685c7e6a5ed672188e010992063ea9d720","docs/TAXONOMY_BATCH_03_FINALIZATION_TREE.csv","238","AUDIT-001265","Evcil Hayvan Ürünleri > Akvaryum & Balık Ürünleri","Evcil Hayvan Ürünleri","Akvaryum & Balık Ürünleri","Akvaryum Dekoru & Substratı","","3","Evcil Hayvan Ürünleri > Akvaryum & Balık Ürünleri > Akvaryum Dekoru & Substratı","evcil hayvan ürünleri > akvaryum & balık ürünleri > akvaryum dekoru & substratı","YES","CANDIDATE_FOR_PRODUCT_OWNER_FINALIZATION","NORMAL","Evcil Hayvan Ürünleri","YES","NO","Wave 15 Batch 03 proposal; Wave 32 finalization candidate; OM-R06=B; OM-R07=B; OM-R10=A.","TEMPORARY_AUDIT_ID_NOT_PRODUCTION_STABLE_ID"
"AUDIT-001267","BATCH_03","3dd6df685c7e6a5ed672188e010992063ea9d720","docs/TAXONOMY_BATCH_03_FINALIZATION_TREE.csv","239","AUDIT-001265","Evcil Hayvan Ürünleri > Akvaryum & Balık Ürünleri","Evcil Hayvan Ürünleri","Akvaryum & Balık Ürünleri","Akvaryum Isıtma & Aydınlatma","","3","Evcil Hayvan Ürünleri > Akvaryum & Balık Ürünleri > Akvaryum Isıtma & Aydınlatma","evcil hayvan ürünleri > akvaryum & balık ürünleri > akvaryum ısıtma & aydınlatma","YES","CANDIDATE_FOR_PRODUCT_OWNER_FINALIZATION","REGULATED","Evcil Hayvan Ürünleri","YES","YES","Wave 15 Batch 03 proposal; Wave 32 finalization candidate; OM-R06=B; OM-R07=B; OM-R10=A.","TEMPORARY_AUDIT_ID_NOT_PRODUCTION_STABLE_ID"
"AUDIT-001268","BATCH_03","3dd6df685c7e6a5ed672188e010992063ea9d720","docs/TAXONOMY_BATCH_03_FINALIZATION_TREE.csv","240","AUDIT-001265","Evcil Hayvan Ürünleri > Akvaryum & Balık Ürünleri","Evcil Hayvan Ürünleri","Akvaryum & Balık Ürünleri","Akvaryum Su Bakım Ürünleri","","3","Evcil Hayvan Ürünleri > Akvaryum & Balık Ürünleri > Akvaryum Su Bakım Ürünleri","evcil hayvan ürünleri > akvaryum & balık ürünleri > akvaryum su bakım ürünleri","YES","CANDIDATE_FOR_PRODUCT_OWNER_FINALIZATION","LEGAL_REVIEW_REQUIRED","Evcil Hayvan Ürünleri","YES","YES","Wave 15 Batch 03 proposal; Wave 32 finalization candidate; OM-R06=B; OM-R07=B; OM-R10=A.","TEMPORARY_AUDIT_ID_NOT_PRODUCTION_STABLE_ID"
"AUDIT-001269","BATCH_03","3dd6df685c7e6a5ed672188e010992063ea9d720","docs/TAXONOMY_BATCH_03_FINALIZATION_TREE.csv","241","AUDIT-001265","Evcil Hayvan Ürünleri > Akvaryum & Balık Ürünleri","Evcil Hayvan Ürünleri","Akvaryum & Balık Ürünleri","Akvaryum Temizlik Ekipmanları","","3","Evcil Hayvan Ürünleri > Akvaryum & Balık Ürünleri > Akvaryum Temizlik Ekipmanları","evcil hayvan ürünleri > akvaryum & balık ürünleri > akvaryum temizlik ekipmanları","YES","CANDIDATE_FOR_PRODUCT_OWNER_FINALIZATION","NORMAL","Evcil Hayvan Ürünleri","YES","NO","Wave 15 Batch 03 proposal; Wave 32 finalization candidate; OM-R06=B; OM-R07=B; OM-R10=A.","TEMPORARY_AUDIT_ID_NOT_PRODUCTION_STABLE_ID"
"AUDIT-001270","BATCH_03","3dd6df685c7e6a5ed672188e010992063ea9d720","docs/TAXONOMY_BATCH_03_FINALIZATION_TREE.csv","242","AUDIT-001265","Evcil Hayvan Ürünleri > Akvaryum & Balık Ürünleri","Evcil Hayvan Ürünleri","Akvaryum & Balık Ürünleri","Akvaryumlar","","3","Evcil Hayvan Ürünleri > Akvaryum & Balık Ürünleri > Akvaryumlar","evcil hayvan ürünleri > akvaryum & balık ürünleri > akvaryumlar","YES","CANDIDATE_FOR_PRODUCT_OWNER_FINALIZATION","NORMAL","Evcil Hayvan Ürünleri","YES","NO","Wave 15 Batch 03 proposal; Wave 32 finalization candidate; OM-R06=B; OM-R07=B; OM-R10=A.","TEMPORARY_AUDIT_ID_NOT_PRODUCTION_STABLE_ID"
"AUDIT-001271","BATCH_03","3dd6df685c7e6a5ed672188e010992063ea9d720","docs/TAXONOMY_BATCH_03_FINALIZATION_TREE.csv","243","AUDIT-001265","Evcil Hayvan Ürünleri > Akvaryum & Balık Ürünleri","Evcil Hayvan Ürünleri","Akvaryum & Balık Ürünleri","Balık Yemleri","","3","Evcil Hayvan Ürünleri > Akvaryum & Balık Ürünleri > Balık Yemleri","evcil hayvan ürünleri > akvaryum & balık ürünleri > balık yemleri","YES","CANDIDATE_FOR_PRODUCT_OWNER_FINALIZATION","LEGAL_REVIEW_REQUIRED","Evcil Hayvan Ürünleri","YES","YES","Wave 15 Batch 03 proposal; Wave 32 finalization candidate; OM-R06=B; OM-R07=B; OM-R10=A.","TEMPORARY_AUDIT_ID_NOT_PRODUCTION_STABLE_ID"
"AUDIT-001272","BATCH_03","3dd6df685c7e6a5ed672188e010992063ea9d720","docs/TAXONOMY_BATCH_03_FINALIZATION_TREE.csv","244","AUDIT-001265","Evcil Hayvan Ürünleri > Akvaryum & Balık Ürünleri","Evcil Hayvan Ürünleri","Akvaryum & Balık Ürünleri","Filtre & Pompalar","","3","Evcil Hayvan Ürünleri > Akvaryum & Balık Ürünleri > Filtre & Pompalar","evcil hayvan ürünleri > akvaryum & balık ürünleri > filtre & pompalar","YES","CANDIDATE_FOR_PRODUCT_OWNER_FINALIZATION","REGULATED","Evcil Hayvan Ürünleri","YES","YES","Wave 15 Batch 03 proposal; Wave 32 finalization candidate; OM-R06=B; OM-R07=B; OM-R10=A.","TEMPORARY_AUDIT_ID_NOT_PRODUCTION_STABLE_ID"
"AUDIT-001273","BATCH_03","3dd6df685c7e6a5ed672188e010992063ea9d720","docs/TAXONOMY_BATCH_03_FINALIZATION_TREE.csv","245","","Evcil Hayvan Ürünleri","Evcil Hayvan Ürünleri","Kuş Ürünleri","","","2","Evcil Hayvan Ürünleri > Kuş Ürünleri","evcil hayvan ürünleri > kuş ürünleri","NO","CANDIDATE_FOR_PRODUCT_OWNER_FINALIZATION","LEGAL_REVIEW_REQUIRED","Evcil Hayvan Ürünleri","YES","YES","Wave 15 Batch 03 proposal; Wave 32 finalization candidate; OM-R06=B; OM-R07=B; OM-R10=A.","TEMPORARY_AUDIT_ID_NOT_PRODUCTION_STABLE_ID"
"AUDIT-001274","BATCH_03","3dd6df685c7e6a5ed672188e010992063ea9d720","docs/TAXONOMY_BATCH_03_FINALIZATION_TREE.csv","246","AUDIT-001273","Evcil Hayvan Ürünleri > Kuş Ürünleri","Evcil Hayvan Ürünleri","Kuş Ürünleri","Kuş Bakım & Hijyen Ürünleri","","3","Evcil Hayvan Ürünleri > Kuş Ürünleri > Kuş Bakım & Hijyen Ürünleri","evcil hayvan ürünleri > kuş ürünleri > kuş bakım & hijyen ürünleri","YES","CANDIDATE_FOR_PRODUCT_OWNER_FINALIZATION","LEGAL_REVIEW_REQUIRED","Evcil Hayvan Ürünleri","YES","YES","Wave 15 Batch 03 proposal; Wave 32 finalization candidate; OM-R06=B; OM-R07=B; OM-R10=A.","TEMPORARY_AUDIT_ID_NOT_PRODUCTION_STABLE_ID"
"AUDIT-001275","BATCH_03","3dd6df685c7e6a5ed672188e010992063ea9d720","docs/TAXONOMY_BATCH_03_FINALIZATION_TREE.csv","247","AUDIT-001273","Evcil Hayvan Ürünleri > Kuş Ürünleri","Evcil Hayvan Ürünleri","Kuş Ürünleri","Kuş Kafesi & Standları","","3","Evcil Hayvan Ürünleri > Kuş Ürünleri > Kuş Kafesi & Standları","evcil hayvan ürünleri > kuş ürünleri > kuş kafesi & standları","YES","CANDIDATE_FOR_PRODUCT_OWNER_FINALIZATION","NORMAL","Evcil Hayvan Ürünleri","YES","NO","Wave 15 Batch 03 proposal; Wave 32 finalization candidate; OM-R06=B; OM-R07=B; OM-R10=A.","TEMPORARY_AUDIT_ID_NOT_PRODUCTION_STABLE_ID"
"AUDIT-001276","BATCH_03","3dd6df685c7e6a5ed672188e010992063ea9d720","docs/TAXONOMY_BATCH_03_FINALIZATION_TREE.csv","248","AUDIT-001273","Evcil Hayvan Ürünleri > Kuş Ürünleri","Evcil Hayvan Ürünleri","Kuş Ürünleri","Kuş Oyuncakları","","3","Evcil Hayvan Ürünleri > Kuş Ürünleri > Kuş Oyuncakları","evcil hayvan ürünleri > kuş ürünleri > kuş oyuncakları","YES","CANDIDATE_FOR_PRODUCT_OWNER_FINALIZATION","REGULATED","Evcil Hayvan Ürünleri","YES","YES","Wave 15 Batch 03 proposal; Wave 32 finalization candidate; OM-R06=B; OM-R07=B; OM-R10=A.","TEMPORARY_AUDIT_ID_NOT_PRODUCTION_STABLE_ID"
"AUDIT-001277","BATCH_03","3dd6df685c7e6a5ed672188e010992063ea9d720","docs/TAXONOMY_BATCH_03_FINALIZATION_TREE.csv","249","AUDIT-001273","Evcil Hayvan Ürünleri > Kuş Ürünleri","Evcil Hayvan Ürünleri","Kuş Ürünleri","Kuş Suluk & Yemlikleri","","3","Evcil Hayvan Ürünleri > Kuş Ürünleri > Kuş Suluk & Yemlikleri","evcil hayvan ürünleri > kuş ürünleri > kuş suluk & yemlikleri","YES","CANDIDATE_FOR_PRODUCT_OWNER_FINALIZATION","NORMAL","Evcil Hayvan Ürünleri","YES","NO","Wave 15 Batch 03 proposal; Wave 32 finalization candidate; OM-R06=B; OM-R07=B; OM-R10=A.","TEMPORARY_AUDIT_ID_NOT_PRODUCTION_STABLE_ID"
"AUDIT-001278","BATCH_03","3dd6df685c7e6a5ed672188e010992063ea9d720","docs/TAXONOMY_BATCH_03_FINALIZATION_TREE.csv","250","AUDIT-001273","Evcil Hayvan Ürünleri > Kuş Ürünleri","Evcil Hayvan Ürünleri","Kuş Ürünleri","Kuş Yem & Ödülleri","","3","Evcil Hayvan Ürünleri > Kuş Ürünleri > Kuş Yem & Ödülleri","evcil hayvan ürünleri > kuş ürünleri > kuş yem & ödülleri","YES","CANDIDATE_FOR_PRODUCT_OWNER_FINALIZATION","LEGAL_REVIEW_REQUIRED","Evcil Hayvan Ürünleri","YES","YES","Wave 15 Batch 03 proposal; Wave 32 finalization candidate; OM-R06=B; OM-R07=B; OM-R10=A.","TEMPORARY_AUDIT_ID_NOT_PRODUCTION_STABLE_ID"
"AUDIT-001279","BATCH_03","3dd6df685c7e6a5ed672188e010992063ea9d720","docs/TAXONOMY_BATCH_03_FINALIZATION_TREE.csv","251","AUDIT-001273","Evcil Hayvan Ürünleri > Kuş Ürünleri","Evcil Hayvan Ürünleri","Kuş Ürünleri","Tünekler","","3","Evcil Hayvan Ürünleri > Kuş Ürünleri > Tünekler","evcil hayvan ürünleri > kuş ürünleri > tünekler","YES","CANDIDATE_FOR_PRODUCT_OWNER_FINALIZATION","REGULATED","Evcil Hayvan Ürünleri","YES","YES","Wave 15 Batch 03 proposal; Wave 32 finalization candidate; OM-R06=B; OM-R07=B; OM-R10=A.","TEMPORARY_AUDIT_ID_NOT_PRODUCTION_STABLE_ID"
"AUDIT-001280","BATCH_03","3dd6df685c7e6a5ed672188e010992063ea9d720","docs/TAXONOMY_BATCH_03_FINALIZATION_TREE.csv","252","","Evcil Hayvan Ürünleri","Evcil Hayvan Ürünleri","Küçük Hayvan Ürünleri","","","2","Evcil Hayvan Ürünleri > Küçük Hayvan Ürünleri","evcil hayvan ürünleri > küçük hayvan ürünleri","NO","CANDIDATE_FOR_PRODUCT_OWNER_FINALIZATION","LEGAL_REVIEW_REQUIRED","Evcil Hayvan Ürünleri","YES","YES","Wave 15 Batch 03 proposal; Wave 32 finalization candidate; OM-R06=B; OM-R07=B; OM-R10=A.","TEMPORARY_AUDIT_ID_NOT_PRODUCTION_STABLE_ID"
"AUDIT-001281","BATCH_03","3dd6df685c7e6a5ed672188e010992063ea9d720","docs/TAXONOMY_BATCH_03_FINALIZATION_TREE.csv","253","AUDIT-001280","Evcil Hayvan Ürünleri > Küçük Hayvan Ürünleri","Evcil Hayvan Ürünleri","Küçük Hayvan Ürünleri","Küçük Hayvan Altlıkları","","3","Evcil Hayvan Ürünleri > Küçük Hayvan Ürünleri > Küçük Hayvan Altlıkları","evcil hayvan ürünleri > küçük hayvan ürünleri > küçük hayvan altlıkları","YES","CANDIDATE_FOR_PRODUCT_OWNER_FINALIZATION","REGULATED","Evcil Hayvan Ürünleri","YES","YES","Wave 15 Batch 03 proposal; Wave 32 finalization candidate; OM-R06=B; OM-R07=B; OM-R10=A.","TEMPORARY_AUDIT_ID_NOT_PRODUCTION_STABLE_ID"
"AUDIT-001282","BATCH_03","3dd6df685c7e6a5ed672188e010992063ea9d720","docs/TAXONOMY_BATCH_03_FINALIZATION_TREE.csv","254","AUDIT-001280","Evcil Hayvan Ürünleri > Küçük Hayvan Ürünleri","Evcil Hayvan Ürünleri","Küçük Hayvan Ürünleri","Küçük Hayvan Bakım Ürünleri","","3","Evcil Hayvan Ürünleri > Küçük Hayvan Ürünleri > Küçük Hayvan Bakım Ürünleri","evcil hayvan ürünleri > küçük hayvan ürünleri > küçük hayvan bakım ürünleri","YES","CANDIDATE_FOR_PRODUCT_OWNER_FINALIZATION","LEGAL_REVIEW_REQUIRED","Evcil Hayvan Ürünleri","YES","YES","Wave 15 Batch 03 proposal; Wave 32 finalization candidate; OM-R06=B; OM-R07=B; OM-R10=A.","TEMPORARY_AUDIT_ID_NOT_PRODUCTION_STABLE_ID"
"AUDIT-001283","BATCH_03","3dd6df685c7e6a5ed672188e010992063ea9d720","docs/TAXONOMY_BATCH_03_FINALIZATION_TREE.csv","255","AUDIT-001280","Evcil Hayvan Ürünleri > Küçük Hayvan Ürünleri","Evcil Hayvan Ürünleri","Küçük Hayvan Ürünleri","Küçük Hayvan Kafes & Yaşam Alanları","","3","Evcil Hayvan Ürünleri > Küçük Hayvan Ürünleri > Küçük Hayvan Kafes & Yaşam Alanları","evcil hayvan ürünleri > küçük hayvan ürünleri > küçük hayvan kafes & yaşam alanları","YES","CANDIDATE_FOR_PRODUCT_OWNER_FINALIZATION","NORMAL","Evcil Hayvan Ürünleri","YES","NO","Wave 15 Batch 03 proposal; Wave 32 finalization candidate; OM-R06=B; OM-R07=B; OM-R10=A.","TEMPORARY_AUDIT_ID_NOT_PRODUCTION_STABLE_ID"
"AUDIT-001284","BATCH_03","3dd6df685c7e6a5ed672188e010992063ea9d720","docs/TAXONOMY_BATCH_03_FINALIZATION_TREE.csv","256","AUDIT-001280","Evcil Hayvan Ürünleri > Küçük Hayvan Ürünleri","Evcil Hayvan Ürünleri","Küçük Hayvan Ürünleri","Küçük Hayvan Oyuncakları","","3","Evcil Hayvan Ürünleri > Küçük Hayvan Ürünleri > Küçük Hayvan Oyuncakları","evcil hayvan ürünleri > küçük hayvan ürünleri > küçük hayvan oyuncakları","YES","CANDIDATE_FOR_PRODUCT_OWNER_FINALIZATION","REGULATED","Evcil Hayvan Ürünleri","YES","YES","Wave 15 Batch 03 proposal; Wave 32 finalization candidate; OM-R06=B; OM-R07=B; OM-R10=A.","TEMPORARY_AUDIT_ID_NOT_PRODUCTION_STABLE_ID"
"AUDIT-001285","BATCH_03","3dd6df685c7e6a5ed672188e010992063ea9d720","docs/TAXONOMY_BATCH_03_FINALIZATION_TREE.csv","257","AUDIT-001280","Evcil Hayvan Ürünleri > Küçük Hayvan Ürünleri","Evcil Hayvan Ürünleri","Küçük Hayvan Ürünleri","Küçük Hayvan Yem & Ödülleri","","3","Evcil Hayvan Ürünleri > Küçük Hayvan Ürünleri > Küçük Hayvan Yem & Ödülleri","evcil hayvan ürünleri > küçük hayvan ürünleri > küçük hayvan yem & ödülleri","YES","CANDIDATE_FOR_PRODUCT_OWNER_FINALIZATION","LEGAL_REVIEW_REQUIRED","Evcil Hayvan Ürünleri","YES","YES","Wave 15 Batch 03 proposal; Wave 32 finalization candidate; OM-R06=B; OM-R07=B; OM-R10=A.","TEMPORARY_AUDIT_ID_NOT_PRODUCTION_STABLE_ID"
"AUDIT-001286","BATCH_03","3dd6df685c7e6a5ed672188e010992063ea9d720","docs/TAXONOMY_BATCH_03_FINALIZATION_TREE.csv","258","","Evcil Hayvan Ürünleri","Evcil Hayvan Ürünleri","Sürüngen & Egzotik Pet Ürünleri","","","2","Evcil Hayvan Ürünleri > Sürüngen & Egzotik Pet Ürünleri","evcil hayvan ürünleri > sürüngen & egzotik pet ürünleri","NO","CANDIDATE_FOR_PRODUCT_OWNER_FINALIZATION","LEGAL_REVIEW_REQUIRED","Evcil Hayvan Ürünleri","YES","YES","Wave 15 Batch 03 proposal; Wave 32 finalization candidate; OM-R06=B; OM-R07=B; OM-R10=A.","TEMPORARY_AUDIT_ID_NOT_PRODUCTION_STABLE_ID"
"AUDIT-001287","BATCH_03","3dd6df685c7e6a5ed672188e010992063ea9d720","docs/TAXONOMY_BATCH_03_FINALIZATION_TREE.csv","259","AUDIT-001286","Evcil Hayvan Ürünleri > Sürüngen & Egzotik Pet Ürünleri","Evcil Hayvan Ürünleri","Sürüngen & Egzotik Pet Ürünleri","Habitat Dekoru & Saklanma Alanları","","3","Evcil Hayvan Ürünleri > Sürüngen & Egzotik Pet Ürünleri > Habitat Dekoru & Saklanma Alanları","evcil hayvan ürünleri > sürüngen & egzotik pet ürünleri > habitat dekoru & saklanma alanları","YES","CANDIDATE_FOR_PRODUCT_OWNER_FINALIZATION","NORMAL","Evcil Hayvan Ürünleri","YES","NO","Wave 15 Batch 03 proposal; Wave 32 finalization candidate; OM-R06=B; OM-R07=B; OM-R10=A.","TEMPORARY_AUDIT_ID_NOT_PRODUCTION_STABLE_ID"
"AUDIT-001288","BATCH_03","3dd6df685c7e6a5ed672188e010992063ea9d720","docs/TAXONOMY_BATCH_03_FINALIZATION_TREE.csv","260","AUDIT-001286","Evcil Hayvan Ürünleri > Sürüngen & Egzotik Pet Ürünleri","Evcil Hayvan Ürünleri","Sürüngen & Egzotik Pet Ürünleri","Teraryum Isıtma & Aydınlatma","","3","Evcil Hayvan Ürünleri > Sürüngen & Egzotik Pet Ürünleri > Teraryum Isıtma & Aydınlatma","evcil hayvan ürünleri > sürüngen & egzotik pet ürünleri > teraryum ısıtma & aydınlatma","YES","CANDIDATE_FOR_PRODUCT_OWNER_FINALIZATION","REGULATED","Evcil Hayvan Ürünleri","YES","YES","Wave 15 Batch 03 proposal; Wave 32 finalization candidate; OM-R06=B; OM-R07=B; OM-R10=A.","TEMPORARY_AUDIT_ID_NOT_PRODUCTION_STABLE_ID"
"AUDIT-001289","BATCH_03","3dd6df685c7e6a5ed672188e010992063ea9d720","docs/TAXONOMY_BATCH_03_FINALIZATION_TREE.csv","261","AUDIT-001286","Evcil Hayvan Ürünleri > Sürüngen & Egzotik Pet Ürünleri","Evcil Hayvan Ürünleri","Sürüngen & Egzotik Pet Ürünleri","Teraryum Substratları","","3","Evcil Hayvan Ürünleri > Sürüngen & Egzotik Pet Ürünleri > Teraryum Substratları","evcil hayvan ürünleri > sürüngen & egzotik pet ürünleri > teraryum substratları","YES","CANDIDATE_FOR_PRODUCT_OWNER_FINALIZATION","REGULATED","Evcil Hayvan Ürünleri","YES","YES","Wave 15 Batch 03 proposal; Wave 32 finalization candidate; OM-R06=B; OM-R07=B; OM-R10=A.","TEMPORARY_AUDIT_ID_NOT_PRODUCTION_STABLE_ID"
"AUDIT-001290","BATCH_03","3dd6df685c7e6a5ed672188e010992063ea9d720","docs/TAXONOMY_BATCH_03_FINALIZATION_TREE.csv","262","AUDIT-001286","Evcil Hayvan Ürünleri > Sürüngen & Egzotik Pet Ürünleri","Evcil Hayvan Ürünleri","Sürüngen & Egzotik Pet Ürünleri","Teraryumlar","","3","Evcil Hayvan Ürünleri > Sürüngen & Egzotik Pet Ürünleri > Teraryumlar","evcil hayvan ürünleri > sürüngen & egzotik pet ürünleri > teraryumlar","YES","CANDIDATE_FOR_PRODUCT_OWNER_FINALIZATION","NORMAL","Evcil Hayvan Ürünleri","YES","NO","Wave 15 Batch 03 proposal; Wave 32 finalization candidate; OM-R06=B; OM-R07=B; OM-R10=A.","TEMPORARY_AUDIT_ID_NOT_PRODUCTION_STABLE_ID"
"AUDIT-001291","BATCH_03","3dd6df685c7e6a5ed672188e010992063ea9d720","docs/TAXONOMY_BATCH_03_FINALIZATION_TREE.csv","263","AUDIT-001286","Evcil Hayvan Ürünleri > Sürüngen & Egzotik Pet Ürünleri","Evcil Hayvan Ürünleri","Sürüngen & Egzotik Pet Ürünleri","Yemleme Ürünleri","","3","Evcil Hayvan Ürünleri > Sürüngen & Egzotik Pet Ürünleri > Yemleme Ürünleri","evcil hayvan ürünleri > sürüngen & egzotik pet ürünleri > yemleme ürünleri","YES","CANDIDATE_FOR_PRODUCT_OWNER_FINALIZATION","LEGAL_REVIEW_REQUIRED","Evcil Hayvan Ürünleri","YES","YES","Wave 15 Batch 03 proposal; Wave 32 finalization candidate; OM-R06=B; OM-R07=B; OM-R10=A.","TEMPORARY_AUDIT_ID_NOT_PRODUCTION_STABLE_ID"
"AUDIT-001292","BATCH_03","3dd6df685c7e6a5ed672188e010992063ea9d720","docs/TAXONOMY_BATCH_03_FINALIZATION_TREE.csv","264","","Evcil Hayvan Ürünleri","Evcil Hayvan Ürünleri","Ortak Pet Bakım & Aksesuarları","","","2","Evcil Hayvan Ürünleri > Ortak Pet Bakım & Aksesuarları","evcil hayvan ürünleri > ortak pet bakım & aksesuarları","NO","CANDIDATE_FOR_PRODUCT_OWNER_FINALIZATION","REGULATED","Evcil Hayvan Ürünleri","YES","YES","Wave 15 Batch 03 proposal; Wave 32 finalization candidate; OM-R06=B; OM-R07=B; OM-R10=A.","TEMPORARY_AUDIT_ID_NOT_PRODUCTION_STABLE_ID"
"AUDIT-001293","BATCH_03","3dd6df685c7e6a5ed672188e010992063ea9d720","docs/TAXONOMY_BATCH_03_FINALIZATION_TREE.csv","265","AUDIT-001292","Evcil Hayvan Ürünleri > Ortak Pet Bakım & Aksesuarları","Evcil Hayvan Ürünleri","Ortak Pet Bakım & Aksesuarları","Çok Türlü Bakım Aletleri","","3","Evcil Hayvan Ürünleri > Ortak Pet Bakım & Aksesuarları > Çok Türlü Bakım Aletleri","evcil hayvan ürünleri > ortak pet bakım & aksesuarları > çok türlü bakım aletleri","YES","CANDIDATE_FOR_PRODUCT_OWNER_FINALIZATION","REGULATED","Evcil Hayvan Ürünleri","YES","YES","Wave 15 Batch 03 proposal; Wave 32 finalization candidate; OM-R06=B; OM-R07=B; OM-R10=A.","TEMPORARY_AUDIT_ID_NOT_PRODUCTION_STABLE_ID"
"AUDIT-001294","BATCH_03","3dd6df685c7e6a5ed672188e010992063ea9d720","docs/TAXONOMY_BATCH_03_FINALIZATION_TREE.csv","266","AUDIT-001292","Evcil Hayvan Ürünleri > Ortak Pet Bakım & Aksesuarları","Evcil Hayvan Ürünleri","Ortak Pet Bakım & Aksesuarları","Evrensel Taşıma Ürünleri","","3","Evcil Hayvan Ürünleri > Ortak Pet Bakım & Aksesuarları > Evrensel Taşıma Ürünleri","evcil hayvan ürünleri > ortak pet bakım & aksesuarları > evrensel taşıma ürünleri","YES","CANDIDATE_FOR_PRODUCT_OWNER_FINALIZATION","NORMAL","Evcil Hayvan Ürünleri","YES","NO","Wave 15 Batch 03 proposal; Wave 32 finalization candidate; OM-R06=B; OM-R07=B; OM-R10=A.","TEMPORARY_AUDIT_ID_NOT_PRODUCTION_STABLE_ID"
"AUDIT-001295","BATCH_03","3dd6df685c7e6a5ed672188e010992063ea9d720","docs/TAXONOMY_BATCH_03_FINALIZATION_TREE.csv","267","AUDIT-001292","Evcil Hayvan Ürünleri > Ortak Pet Bakım & Aksesuarları","Evcil Hayvan Ürünleri","Ortak Pet Bakım & Aksesuarları","Kimlik & Güvenlik Aksesuarları","","3","Evcil Hayvan Ürünleri > Ortak Pet Bakım & Aksesuarları > Kimlik & Güvenlik Aksesuarları","evcil hayvan ürünleri > ortak pet bakım & aksesuarları > kimlik & güvenlik aksesuarları","YES","CANDIDATE_FOR_PRODUCT_OWNER_FINALIZATION","REGULATED","Evcil Hayvan Ürünleri","YES","YES","Wave 15 Batch 03 proposal; Wave 32 finalization candidate; OM-R06=B; OM-R07=B; OM-R10=A.","TEMPORARY_AUDIT_ID_NOT_PRODUCTION_STABLE_ID"
"AUDIT-001296","BATCH_03","3dd6df685c7e6a5ed672188e010992063ea9d720","docs/TAXONOMY_BATCH_03_FINALIZATION_TREE.csv","268","AUDIT-001292","Evcil Hayvan Ürünleri > Ortak Pet Bakım & Aksesuarları","Evcil Hayvan Ürünleri","Ortak Pet Bakım & Aksesuarları","Ortak Mama & Su Kapları","","3","Evcil Hayvan Ürünleri > Ortak Pet Bakım & Aksesuarları > Ortak Mama & Su Kapları","evcil hayvan ürünleri > ortak pet bakım & aksesuarları > ortak mama & su kapları","YES","CANDIDATE_FOR_PRODUCT_OWNER_FINALIZATION","REGULATED","Evcil Hayvan Ürünleri","YES","YES","Wave 15 Batch 03 proposal; Wave 32 finalization candidate; OM-R06=B; OM-R07=B; OM-R10=A.","TEMPORARY_AUDIT_ID_NOT_PRODUCTION_STABLE_ID"
"AUDIT-001297","BATCH_03","3dd6df685c7e6a5ed672188e010992063ea9d720","docs/TAXONOMY_BATCH_03_FINALIZATION_TREE.csv","269","AUDIT-001292","Evcil Hayvan Ürünleri > Ortak Pet Bakım & Aksesuarları","Evcil Hayvan Ürünleri","Ortak Pet Bakım & Aksesuarları","Pet Bariyer & Koruma Ürünleri","","3","Evcil Hayvan Ürünleri > Ortak Pet Bakım & Aksesuarları > Pet Bariyer & Koruma Ürünleri","evcil hayvan ürünleri > ortak pet bakım & aksesuarları > pet bariyer & koruma ürünleri","YES","CANDIDATE_FOR_PRODUCT_OWNER_FINALIZATION","REGULATED","Evcil Hayvan Ürünleri","YES","YES","Wave 15 Batch 03 proposal; Wave 32 finalization candidate; OM-R06=B; OM-R07=B; OM-R10=A.","TEMPORARY_AUDIT_ID_NOT_PRODUCTION_STABLE_ID"
"AUDIT-001298","BATCH_03","3dd6df685c7e6a5ed672188e010992063ea9d720","docs/TAXONOMY_BATCH_03_FINALIZATION_TREE.csv","270","","Gözlük & Optik","Gözlük & Optik","Optik Gözlük Çerçeveleri","","","2","Gözlük & Optik > Optik Gözlük Çerçeveleri","gözlük & optik > optik gözlük çerçeveleri","NO","CANDIDATE_FOR_PRODUCT_OWNER_FINALIZATION","LEGAL_REVIEW_REQUIRED","Gözlük & Optik","YES","YES","Wave 15 Batch 03 proposal; Wave 32 finalization candidate; OM-R06=B; OM-R07=B; OM-R10=A.","TEMPORARY_AUDIT_ID_NOT_PRODUCTION_STABLE_ID"
"AUDIT-001299","BATCH_03","3dd6df685c7e6a5ed672188e010992063ea9d720","docs/TAXONOMY_BATCH_03_FINALIZATION_TREE.csv","271","AUDIT-001298","Gözlük & Optik > Optik Gözlük Çerçeveleri","Gözlük & Optik","Optik Gözlük Çerçeveleri","Clip-on Uyumlu Gözlük Çerçeveleri","","3","Gözlük & Optik > Optik Gözlük Çerçeveleri > Clip-on Uyumlu Gözlük Çerçeveleri","gözlük & optik > optik gözlük çerçeveleri > clip-on uyumlu gözlük çerçeveleri","YES","CANDIDATE_FOR_PRODUCT_OWNER_FINALIZATION","LEGAL_REVIEW_REQUIRED","Gözlük & Optik","YES","YES","Wave 15 Batch 03 proposal; Wave 32 finalization candidate; OM-R06=B; OM-R07=B; OM-R10=A.","TEMPORARY_AUDIT_ID_NOT_PRODUCTION_STABLE_ID"
"AUDIT-001300","BATCH_03","3dd6df685c7e6a5ed672188e010992063ea9d720","docs/TAXONOMY_BATCH_03_FINALIZATION_TREE.csv","272","AUDIT-001298","Gözlük & Optik > Optik Gözlük Çerçeveleri","Gözlük & Optik","Optik Gözlük Çerçeveleri","Çerçevesiz Gözlük Çerçeveleri","","3","Gözlük & Optik > Optik Gözlük Çerçeveleri > Çerçevesiz Gözlük Çerçeveleri","gözlük & optik > optik gözlük çerçeveleri > çerçevesiz gözlük çerçeveleri","YES","CANDIDATE_FOR_PRODUCT_OWNER_FINALIZATION","LEGAL_REVIEW_REQUIRED","Gözlük & Optik","YES","YES","Wave 15 Batch 03 proposal; Wave 32 finalization candidate; OM-R06=B; OM-R07=B; OM-R10=A.","TEMPORARY_AUDIT_ID_NOT_PRODUCTION_STABLE_ID"
"AUDIT-001301","BATCH_03","3dd6df685c7e6a5ed672188e010992063ea9d720","docs/TAXONOMY_BATCH_03_FINALIZATION_TREE.csv","273","AUDIT-001298","Gözlük & Optik > Optik Gözlük Çerçeveleri","Gözlük & Optik","Optik Gözlük Çerçeveleri","Tam Çerçeve Gözlük Çerçeveleri","","3","Gözlük & Optik > Optik Gözlük Çerçeveleri > Tam Çerçeve Gözlük Çerçeveleri","gözlük & optik > optik gözlük çerçeveleri > tam çerçeve gözlük çerçeveleri","YES","CANDIDATE_FOR_PRODUCT_OWNER_FINALIZATION","LEGAL_REVIEW_REQUIRED","Gözlük & Optik","YES","YES","Wave 15 Batch 03 proposal; Wave 32 finalization candidate; OM-R06=B; OM-R07=B; OM-R10=A.","TEMPORARY_AUDIT_ID_NOT_PRODUCTION_STABLE_ID"
"AUDIT-001302","BATCH_03","3dd6df685c7e6a5ed672188e010992063ea9d720","docs/TAXONOMY_BATCH_03_FINALIZATION_TREE.csv","274","AUDIT-001298","Gözlük & Optik > Optik Gözlük Çerçeveleri","Gözlük & Optik","Optik Gözlük Çerçeveleri","Yarım Çerçeve Gözlük Çerçeveleri","","3","Gözlük & Optik > Optik Gözlük Çerçeveleri > Yarım Çerçeve Gözlük Çerçeveleri","gözlük & optik > optik gözlük çerçeveleri > yarım çerçeve gözlük çerçeveleri","YES","CANDIDATE_FOR_PRODUCT_OWNER_FINALIZATION","LEGAL_REVIEW_REQUIRED","Gözlük & Optik","YES","YES","Wave 15 Batch 03 proposal; Wave 32 finalization candidate; OM-R06=B; OM-R07=B; OM-R10=A.","TEMPORARY_AUDIT_ID_NOT_PRODUCTION_STABLE_ID"
"AUDIT-001303","BATCH_03","3dd6df685c7e6a5ed672188e010992063ea9d720","docs/TAXONOMY_BATCH_03_FINALIZATION_TREE.csv","275","","Gözlük & Optik","Gözlük & Optik","Güneş Gözlükleri","","","2","Gözlük & Optik > Güneş Gözlükleri","gözlük & optik > güneş gözlükleri","NO","CANDIDATE_FOR_PRODUCT_OWNER_FINALIZATION","REGULATED","Gözlük & Optik","YES","YES","Wave 15 Batch 03 proposal; Wave 32 finalization candidate; OM-R06=B; OM-R07=B; OM-R10=A.","TEMPORARY_AUDIT_ID_NOT_PRODUCTION_STABLE_ID"
"AUDIT-001304","BATCH_03","3dd6df685c7e6a5ed672188e010992063ea9d720","docs/TAXONOMY_BATCH_03_FINALIZATION_TREE.csv","276","AUDIT-001303","Gözlük & Optik > Güneş Gözlükleri","Gözlük & Optik","Güneş Gözlükleri","Clip-on Güneş Gözlükleri","","3","Gözlük & Optik > Güneş Gözlükleri > Clip-on Güneş Gözlükleri","gözlük & optik > güneş gözlükleri > clip-on güneş gözlükleri","YES","CANDIDATE_FOR_PRODUCT_OWNER_FINALIZATION","REGULATED","Gözlük & Optik","YES","YES","Wave 15 Batch 03 proposal; Wave 32 finalization candidate; OM-R06=B; OM-R07=B; OM-R10=A.","TEMPORARY_AUDIT_ID_NOT_PRODUCTION_STABLE_ID"
"AUDIT-001305","BATCH_03","3dd6df685c7e6a5ed672188e010992063ea9d720","docs/TAXONOMY_BATCH_03_FINALIZATION_TREE.csv","277","AUDIT-001303","Gözlük & Optik > Güneş Gözlükleri","Gözlük & Optik","Güneş Gözlükleri","Standart Güneş Gözlükleri","","3","Gözlük & Optik > Güneş Gözlükleri > Standart Güneş Gözlükleri","gözlük & optik > güneş gözlükleri > standart güneş gözlükleri","YES","CANDIDATE_FOR_PRODUCT_OWNER_FINALIZATION","REGULATED","Gözlük & Optik","YES","YES","Wave 15 Batch 03 proposal; Wave 32 finalization candidate; OM-R06=B; OM-R07=B; OM-R10=A.","TEMPORARY_AUDIT_ID_NOT_PRODUCTION_STABLE_ID"
"AUDIT-001306","BATCH_03","3dd6df685c7e6a5ed672188e010992063ea9d720","docs/TAXONOMY_BATCH_03_FINALIZATION_TREE.csv","278","","Gözlük & Optik","Gözlük & Optik","Hazır Okuma Gözlükleri","","","2","Gözlük & Optik > Hazır Okuma Gözlükleri","gözlük & optik > hazır okuma gözlükleri","YES","CANDIDATE_FOR_PRODUCT_OWNER_FINALIZATION","LEGAL_REVIEW_REQUIRED","Gözlük & Optik","YES","YES","Wave 15 Batch 03 proposal; Wave 32 finalization candidate; OM-R06=B; OM-R07=B; OM-R10=A.","TEMPORARY_AUDIT_ID_NOT_PRODUCTION_STABLE_ID"
"AUDIT-001307","BATCH_03","3dd6df685c7e6a5ed672188e010992063ea9d720","docs/TAXONOMY_BATCH_03_FINALIZATION_TREE.csv","279","","Gözlük & Optik","Gözlük & Optik","Gözlük Camları","","","2","Gözlük & Optik > Gözlük Camları","gözlük & optik > gözlük camları","NO","CANDIDATE_FOR_PRODUCT_OWNER_FINALIZATION","LEGAL_REVIEW_REQUIRED","Gözlük & Optik","YES","YES","Wave 15 Batch 03 proposal; Wave 32 finalization candidate; OM-R06=B; OM-R07=B; OM-R10=A.","TEMPORARY_AUDIT_ID_NOT_PRODUCTION_STABLE_ID"
"AUDIT-001308","BATCH_03","3dd6df685c7e6a5ed672188e010992063ea9d720","docs/TAXONOMY_BATCH_03_FINALIZATION_TREE.csv","280","AUDIT-001307","Gözlük & Optik > Gözlük Camları","Gözlük & Optik","Gözlük Camları","Progresif & Çok Odaklı Gözlük Camları","","3","Gözlük & Optik > Gözlük Camları > Progresif & Çok Odaklı Gözlük Camları","gözlük & optik > gözlük camları > progresif & çok odaklı gözlük camları","YES","CANDIDATE_FOR_PRODUCT_OWNER_FINALIZATION","LEGAL_REVIEW_REQUIRED","Gözlük & Optik","YES","YES","Wave 15 Batch 03 proposal; Wave 32 finalization candidate; OM-R06=B; OM-R07=B; OM-R10=A.","TEMPORARY_AUDIT_ID_NOT_PRODUCTION_STABLE_ID"
"AUDIT-001309","BATCH_03","3dd6df685c7e6a5ed672188e010992063ea9d720","docs/TAXONOMY_BATCH_03_FINALIZATION_TREE.csv","281","AUDIT-001307","Gözlük & Optik > Gözlük Camları","Gözlük & Optik","Gözlük Camları","Reçeteli Güneş Gözlüğü Camları","","3","Gözlük & Optik > Gözlük Camları > Reçeteli Güneş Gözlüğü Camları","gözlük & optik > gözlük camları > reçeteli güneş gözlüğü camları","YES","CANDIDATE_FOR_PRODUCT_OWNER_FINALIZATION","LEGAL_REVIEW_REQUIRED","Gözlük & Optik","YES","YES","Wave 15 Batch 03 proposal; Wave 32 finalization candidate; OM-R06=B; OM-R07=B; OM-R10=A.","TEMPORARY_AUDIT_ID_NOT_PRODUCTION_STABLE_ID"
"AUDIT-001310","BATCH_03","3dd6df685c7e6a5ed672188e010992063ea9d720","docs/TAXONOMY_BATCH_03_FINALIZATION_TREE.csv","282","AUDIT-001307","Gözlük & Optik > Gözlük Camları","Gözlük & Optik","Gözlük Camları","Tek Odaklı Gözlük Camları","","3","Gözlük & Optik > Gözlük Camları > Tek Odaklı Gözlük Camları","gözlük & optik > gözlük camları > tek odaklı gözlük camları","YES","CANDIDATE_FOR_PRODUCT_OWNER_FINALIZATION","LEGAL_REVIEW_REQUIRED","Gözlük & Optik","YES","YES","Wave 15 Batch 03 proposal; Wave 32 finalization candidate; OM-R06=B; OM-R07=B; OM-R10=A.","TEMPORARY_AUDIT_ID_NOT_PRODUCTION_STABLE_ID"
"AUDIT-001311","BATCH_03","3dd6df685c7e6a5ed672188e010992063ea9d720","docs/TAXONOMY_BATCH_03_FINALIZATION_TREE.csv","283","","Gözlük & Optik","Gözlük & Optik","Kontakt Lensler","","","2","Gözlük & Optik > Kontakt Lensler","gözlük & optik > kontakt lensler","NO","CANDIDATE_FOR_PRODUCT_OWNER_FINALIZATION","LEGAL_REVIEW_REQUIRED","Gözlük & Optik","YES","YES","Wave 15 Batch 03 proposal; Wave 32 finalization candidate; OM-R06=B; OM-R07=B; OM-R10=A.","TEMPORARY_AUDIT_ID_NOT_PRODUCTION_STABLE_ID"
"AUDIT-001312","BATCH_03","3dd6df685c7e6a5ed672188e010992063ea9d720","docs/TAXONOMY_BATCH_03_FINALIZATION_TREE.csv","284","AUDIT-001311","Gözlük & Optik > Kontakt Lensler","Gözlük & Optik","Kontakt Lensler","Multifokal Kontakt Lensler","","3","Gözlük & Optik > Kontakt Lensler > Multifokal Kontakt Lensler","gözlük & optik > kontakt lensler > multifokal kontakt lensler","YES","CANDIDATE_FOR_PRODUCT_OWNER_FINALIZATION","LEGAL_REVIEW_REQUIRED","Gözlük & Optik","YES","YES","Wave 15 Batch 03 proposal; Wave 32 finalization candidate; OM-R06=B; OM-R07=B; OM-R10=A.","TEMPORARY_AUDIT_ID_NOT_PRODUCTION_STABLE_ID"
"AUDIT-001313","BATCH_03","3dd6df685c7e6a5ed672188e010992063ea9d720","docs/TAXONOMY_BATCH_03_FINALIZATION_TREE.csv","285","AUDIT-001311","Gözlük & Optik > Kontakt Lensler","Gözlük & Optik","Kontakt Lensler","Renkli & Kozmetik Kontakt Lensler","","3","Gözlük & Optik > Kontakt Lensler > Renkli & Kozmetik Kontakt Lensler","gözlük & optik > kontakt lensler > renkli & kozmetik kontakt lensler","YES","CANDIDATE_FOR_PRODUCT_OWNER_FINALIZATION","LEGAL_REVIEW_REQUIRED","Gözlük & Optik","YES","YES","Wave 15 Batch 03 proposal; Wave 32 finalization candidate; OM-R06=B; OM-R07=B; OM-R10=A.","TEMPORARY_AUDIT_ID_NOT_PRODUCTION_STABLE_ID"
"AUDIT-001314","BATCH_03","3dd6df685c7e6a5ed672188e010992063ea9d720","docs/TAXONOMY_BATCH_03_FINALIZATION_TREE.csv","286","AUDIT-001311","Gözlük & Optik > Kontakt Lensler","Gözlük & Optik","Kontakt Lensler","Sferik Kontakt Lensler","","3","Gözlük & Optik > Kontakt Lensler > Sferik Kontakt Lensler","gözlük & optik > kontakt lensler > sferik kontakt lensler","YES","CANDIDATE_FOR_PRODUCT_OWNER_FINALIZATION","LEGAL_REVIEW_REQUIRED","Gözlük & Optik","YES","YES","Wave 15 Batch 03 proposal; Wave 32 finalization candidate; OM-R06=B; OM-R07=B; OM-R10=A.","TEMPORARY_AUDIT_ID_NOT_PRODUCTION_STABLE_ID"
"AUDIT-001315","BATCH_03","3dd6df685c7e6a5ed672188e010992063ea9d720","docs/TAXONOMY_BATCH_03_FINALIZATION_TREE.csv","287","AUDIT-001311","Gözlük & Optik > Kontakt Lensler","Gözlük & Optik","Kontakt Lensler","Torik Kontakt Lensler","","3","Gözlük & Optik > Kontakt Lensler > Torik Kontakt Lensler","gözlük & optik > kontakt lensler > torik kontakt lensler","YES","CANDIDATE_FOR_PRODUCT_OWNER_FINALIZATION","LEGAL_REVIEW_REQUIRED","Gözlük & Optik","YES","YES","Wave 15 Batch 03 proposal; Wave 32 finalization candidate; OM-R06=B; OM-R07=B; OM-R10=A.","TEMPORARY_AUDIT_ID_NOT_PRODUCTION_STABLE_ID"
"AUDIT-001316","BATCH_03","3dd6df685c7e6a5ed672188e010992063ea9d720","docs/TAXONOMY_BATCH_03_FINALIZATION_TREE.csv","288","","Gözlük & Optik","Gözlük & Optik","Kontakt Lens Bakım Ürünleri","","","2","Gözlük & Optik > Kontakt Lens Bakım Ürünleri","gözlük & optik > kontakt lens bakım ürünleri","NO","CANDIDATE_FOR_PRODUCT_OWNER_FINALIZATION","LEGAL_REVIEW_REQUIRED","Gözlük & Optik","YES","YES","Wave 15 Batch 03 proposal; Wave 32 finalization candidate; OM-R06=B; OM-R07=B; OM-R10=A.","TEMPORARY_AUDIT_ID_NOT_PRODUCTION_STABLE_ID"
"AUDIT-001317","BATCH_03","3dd6df685c7e6a5ed672188e010992063ea9d720","docs/TAXONOMY_BATCH_03_FINALIZATION_TREE.csv","289","AUDIT-001316","Gözlük & Optik > Kontakt Lens Bakım Ürünleri","Gözlük & Optik","Kontakt Lens Bakım Ürünleri","Çok Amaçlı Lens Solüsyonları","","3","Gözlük & Optik > Kontakt Lens Bakım Ürünleri > Çok Amaçlı Lens Solüsyonları","gözlük & optik > kontakt lens bakım ürünleri > çok amaçlı lens solüsyonları","YES","CANDIDATE_FOR_PRODUCT_OWNER_FINALIZATION","LEGAL_REVIEW_REQUIRED","Gözlük & Optik","YES","YES","Wave 15 Batch 03 proposal; Wave 32 finalization candidate; OM-R06=B; OM-R07=B; OM-R10=A.","TEMPORARY_AUDIT_ID_NOT_PRODUCTION_STABLE_ID"
"AUDIT-001318","BATCH_03","3dd6df685c7e6a5ed672188e010992063ea9d720","docs/TAXONOMY_BATCH_03_FINALIZATION_TREE.csv","290","AUDIT-001316","Gözlük & Optik > Kontakt Lens Bakım Ürünleri","Gözlük & Optik","Kontakt Lens Bakım Ürünleri","Kontakt Lens Kapları","","3","Gözlük & Optik > Kontakt Lens Bakım Ürünleri > Kontakt Lens Kapları","gözlük & optik > kontakt lens bakım ürünleri > kontakt lens kapları","YES","CANDIDATE_FOR_PRODUCT_OWNER_FINALIZATION","REGULATED","Gözlük & Optik","YES","YES","Wave 15 Batch 03 proposal; Wave 32 finalization candidate; OM-R06=B; OM-R07=B; OM-R10=A.","TEMPORARY_AUDIT_ID_NOT_PRODUCTION_STABLE_ID"
"AUDIT-001319","BATCH_03","3dd6df685c7e6a5ed672188e010992063ea9d720","docs/TAXONOMY_BATCH_03_FINALIZATION_TREE.csv","291","AUDIT-001316","Gözlük & Optik > Kontakt Lens Bakım Ürünleri","Gözlük & Optik","Kontakt Lens Bakım Ürünleri","Lens Durulama & Salin Ürünleri","","3","Gözlük & Optik > Kontakt Lens Bakım Ürünleri > Lens Durulama & Salin Ürünleri","gözlük & optik > kontakt lens bakım ürünleri > lens durulama & salin ürünleri","YES","CANDIDATE_FOR_PRODUCT_OWNER_FINALIZATION","LEGAL_REVIEW_REQUIRED","Gözlük & Optik","YES","YES","Wave 15 Batch 03 proposal; Wave 32 finalization candidate; OM-R06=B; OM-R07=B; OM-R10=A.","TEMPORARY_AUDIT_ID_NOT_PRODUCTION_STABLE_ID"
"AUDIT-001320","BATCH_03","3dd6df685c7e6a5ed672188e010992063ea9d720","docs/TAXONOMY_BATCH_03_FINALIZATION_TREE.csv","292","AUDIT-001316","Gözlük & Optik > Kontakt Lens Bakım Ürünleri","Gözlük & Optik","Kontakt Lens Bakım Ürünleri","Peroksitli Lens Bakım Sistemleri","","3","Gözlük & Optik > Kontakt Lens Bakım Ürünleri > Peroksitli Lens Bakım Sistemleri","gözlük & optik > kontakt lens bakım ürünleri > peroksitli lens bakım sistemleri","YES","CANDIDATE_FOR_PRODUCT_OWNER_FINALIZATION","LEGAL_REVIEW_REQUIRED","Gözlük & Optik","YES","YES","Wave 15 Batch 03 proposal; Wave 32 finalization candidate; OM-R06=B; OM-R07=B; OM-R10=A.","TEMPORARY_AUDIT_ID_NOT_PRODUCTION_STABLE_ID"
"AUDIT-001321","BATCH_03","3dd6df685c7e6a5ed672188e010992063ea9d720","docs/TAXONOMY_BATCH_03_FINALIZATION_TREE.csv","293","","Gözlük & Optik","Gözlük & Optik","Gözlük & Optik Aksesuarları","","","2","Gözlük & Optik > Gözlük & Optik Aksesuarları","gözlük & optik > gözlük & optik aksesuarları","NO","CANDIDATE_FOR_PRODUCT_OWNER_FINALIZATION","REGULATED","Gözlük & Optik","YES","YES","Wave 15 Batch 03 proposal; Wave 32 finalization candidate; OM-R06=B; OM-R07=B; OM-R10=A.","TEMPORARY_AUDIT_ID_NOT_PRODUCTION_STABLE_ID"
"AUDIT-001322","BATCH_03","3dd6df685c7e6a5ed672188e010992063ea9d720","docs/TAXONOMY_BATCH_03_FINALIZATION_TREE.csv","294","AUDIT-001321","Gözlük & Optik > Gözlük & Optik Aksesuarları","Gözlük & Optik","Gözlük & Optik Aksesuarları","Gözlük Kılıfları","","3","Gözlük & Optik > Gözlük & Optik Aksesuarları > Gözlük Kılıfları","gözlük & optik > gözlük & optik aksesuarları > gözlük kılıfları","YES","CANDIDATE_FOR_PRODUCT_OWNER_FINALIZATION","NORMAL","Gözlük & Optik","YES","NO","Wave 15 Batch 03 proposal; Wave 32 finalization candidate; OM-R06=B; OM-R07=B; OM-R10=A.","TEMPORARY_AUDIT_ID_NOT_PRODUCTION_STABLE_ID"
"AUDIT-001323","BATCH_03","3dd6df685c7e6a5ed672188e010992063ea9d720","docs/TAXONOMY_BATCH_03_FINALIZATION_TREE.csv","295","AUDIT-001321","Gözlük & Optik > Gözlük & Optik Aksesuarları","Gözlük & Optik","Gözlük & Optik Aksesuarları","Gözlük Temizlik Bezleri & Kitleri","","3","Gözlük & Optik > Gözlük & Optik Aksesuarları > Gözlük Temizlik Bezleri & Kitleri","gözlük & optik > gözlük & optik aksesuarları > gözlük temizlik bezleri & kitleri","YES","CANDIDATE_FOR_PRODUCT_OWNER_FINALIZATION","REGULATED","Gözlük & Optik","YES","YES","Wave 15 Batch 03 proposal; Wave 32 finalization candidate; OM-R06=B; OM-R07=B; OM-R10=A.","TEMPORARY_AUDIT_ID_NOT_PRODUCTION_STABLE_ID"
"AUDIT-001324","BATCH_03","3dd6df685c7e6a5ed672188e010992063ea9d720","docs/TAXONOMY_BATCH_03_FINALIZATION_TREE.csv","296","AUDIT-001321","Gözlük & Optik > Gözlük & Optik Aksesuarları","Gözlük & Optik","Gözlük & Optik Aksesuarları","Gözlük Zincirleri & İpleri","","3","Gözlük & Optik > Gözlük & Optik Aksesuarları > Gözlük Zincirleri & İpleri","gözlük & optik > gözlük & optik aksesuarları > gözlük zincirleri & ipleri","YES","CANDIDATE_FOR_PRODUCT_OWNER_FINALIZATION","NORMAL","Gözlük & Optik","YES","NO","Wave 15 Batch 03 proposal; Wave 32 finalization candidate; OM-R06=B; OM-R07=B; OM-R10=A.","TEMPORARY_AUDIT_ID_NOT_PRODUCTION_STABLE_ID"
"AUDIT-001325","BATCH_03","3dd6df685c7e6a5ed672188e010992063ea9d720","docs/TAXONOMY_BATCH_03_FINALIZATION_TREE.csv","297","AUDIT-001321","Gözlük & Optik > Gözlük & Optik Aksesuarları","Gözlük & Optik","Gözlük & Optik Aksesuarları","Tüketici Tipi Gözlük Tamir Parçaları","","3","Gözlük & Optik > Gözlük & Optik Aksesuarları > Tüketici Tipi Gözlük Tamir Parçaları","gözlük & optik > gözlük & optik aksesuarları > tüketici tipi gözlük tamir parçaları","YES","CANDIDATE_FOR_PRODUCT_OWNER_FINALIZATION","REGULATED","Gözlük & Optik","YES","YES","Wave 15 Batch 03 proposal; Wave 32 finalization candidate; OM-R06=B; OM-R07=B; OM-R10=A.","TEMPORARY_AUDIT_ID_NOT_PRODUCTION_STABLE_ID"
"AUDIT-001326","BATCH_03","3dd6df685c7e6a5ed672188e010992063ea9d720","docs/TAXONOMY_BATCH_03_FINALIZATION_TREE.csv","298","","Saat & Takı","Saat & Takı","Klasik Kol Saatleri","","","2","Saat & Takı > Klasik Kol Saatleri","saat & takı > klasik kol saatleri","NO","CANDIDATE_FOR_PRODUCT_OWNER_FINALIZATION","LEGAL_REVIEW_REQUIRED","Saat & Takı","YES","YES","Wave 15 Batch 03 proposal; Wave 32 finalization candidate; OM-R06=B; OM-R07=B; OM-R10=A.","TEMPORARY_AUDIT_ID_NOT_PRODUCTION_STABLE_ID"
"AUDIT-001327","BATCH_03","3dd6df685c7e6a5ed672188e010992063ea9d720","docs/TAXONOMY_BATCH_03_FINALIZATION_TREE.csv","299","AUDIT-001326","Saat & Takı > Klasik Kol Saatleri","Saat & Takı","Klasik Kol Saatleri","Analog Kol Saatleri","","3","Saat & Takı > Klasik Kol Saatleri > Analog Kol Saatleri","saat & takı > klasik kol saatleri > analog kol saatleri","YES","CANDIDATE_FOR_PRODUCT_OWNER_FINALIZATION","LEGAL_REVIEW_REQUIRED","Saat & Takı","YES","YES","Wave 15 Batch 03 proposal; Wave 32 finalization candidate; OM-R06=B; OM-R07=B; OM-R10=A.","TEMPORARY_AUDIT_ID_NOT_PRODUCTION_STABLE_ID"
"AUDIT-001328","BATCH_03","3dd6df685c7e6a5ed672188e010992063ea9d720","docs/TAXONOMY_BATCH_03_FINALIZATION_TREE.csv","300","AUDIT-001326","Saat & Takı > Klasik Kol Saatleri","Saat & Takı","Klasik Kol Saatleri","Klasik Dijital Kol Saatleri","","3","Saat & Takı > Klasik Kol Saatleri > Klasik Dijital Kol Saatleri","saat & takı > klasik kol saatleri > klasik dijital kol saatleri","YES","CANDIDATE_FOR_PRODUCT_OWNER_FINALIZATION","LEGAL_REVIEW_REQUIRED","Saat & Takı","YES","YES","Wave 15 Batch 03 proposal; Wave 32 finalization candidate; OM-R06=B; OM-R07=B; OM-R10=A.","TEMPORARY_AUDIT_ID_NOT_PRODUCTION_STABLE_ID"
"AUDIT-001329","BATCH_03","3dd6df685c7e6a5ed672188e010992063ea9d720","docs/TAXONOMY_BATCH_03_FINALIZATION_TREE.csv","301","AUDIT-001326","Saat & Takı > Klasik Kol Saatleri","Saat & Takı","Klasik Kol Saatleri","Mekanik & Otomatik Kol Saatleri","","3","Saat & Takı > Klasik Kol Saatleri > Mekanik & Otomatik Kol Saatleri","saat & takı > klasik kol saatleri > mekanik & otomatik kol saatleri","YES","CANDIDATE_FOR_PRODUCT_OWNER_FINALIZATION","LEGAL_REVIEW_REQUIRED","Saat & Takı","YES","YES","Wave 15 Batch 03 proposal; Wave 32 finalization candidate; OM-R06=B; OM-R07=B; OM-R10=A.","TEMPORARY_AUDIT_ID_NOT_PRODUCTION_STABLE_ID"
"AUDIT-001330","BATCH_03","3dd6df685c7e6a5ed672188e010992063ea9d720","docs/TAXONOMY_BATCH_03_FINALIZATION_TREE.csv","302","","Saat & Takı","Saat & Takı","Cep Saatleri","","","2","Saat & Takı > Cep Saatleri","saat & takı > cep saatleri","YES","CANDIDATE_FOR_PRODUCT_OWNER_FINALIZATION","LEGAL_REVIEW_REQUIRED","Saat & Takı","YES","YES","Wave 15 Batch 03 proposal; Wave 32 finalization candidate; OM-R06=B; OM-R07=B; OM-R10=A.","TEMPORARY_AUDIT_ID_NOT_PRODUCTION_STABLE_ID"
"AUDIT-001331","BATCH_03","3dd6df685c7e6a5ed672188e010992063ea9d720","docs/TAXONOMY_BATCH_03_FINALIZATION_TREE.csv","303","","Saat & Takı","Saat & Takı","Saat Kayışları & Aksesuarları","","","2","Saat & Takı > Saat Kayışları & Aksesuarları","saat & takı > saat kayışları & aksesuarları","NO","CANDIDATE_FOR_PRODUCT_OWNER_FINALIZATION","LEGAL_REVIEW_REQUIRED","Saat & Takı","YES","YES","Wave 15 Batch 03 proposal; Wave 32 finalization candidate; OM-R06=B; OM-R07=B; OM-R10=A.","TEMPORARY_AUDIT_ID_NOT_PRODUCTION_STABLE_ID"
"AUDIT-001332","BATCH_03","3dd6df685c7e6a5ed672188e010992063ea9d720","docs/TAXONOMY_BATCH_03_FINALIZATION_TREE.csv","304","AUDIT-001331","Saat & Takı > Saat Kayışları & Aksesuarları","Saat & Takı","Saat Kayışları & Aksesuarları","Saat Kayışları & Kordonları","","3","Saat & Takı > Saat Kayışları & Aksesuarları > Saat Kayışları & Kordonları","saat & takı > saat kayışları & aksesuarları > saat kayışları & kordonları","YES","CANDIDATE_FOR_PRODUCT_OWNER_FINALIZATION","NORMAL","Saat & Takı","YES","NO","Wave 15 Batch 03 proposal; Wave 32 finalization candidate; OM-R06=B; OM-R07=B; OM-R10=A.","TEMPORARY_AUDIT_ID_NOT_PRODUCTION_STABLE_ID"
"AUDIT-001333","BATCH_03","3dd6df685c7e6a5ed672188e010992063ea9d720","docs/TAXONOMY_BATCH_03_FINALIZATION_TREE.csv","305","AUDIT-001331","Saat & Takı > Saat Kayışları & Aksesuarları","Saat & Takı","Saat Kayışları & Aksesuarları","Saat Pili & Bakım Ürünleri","","3","Saat & Takı > Saat Kayışları & Aksesuarları > Saat Pili & Bakım Ürünleri","saat & takı > saat kayışları & aksesuarları > saat pili & bakım ürünleri","YES","CANDIDATE_FOR_PRODUCT_OWNER_FINALIZATION","LEGAL_REVIEW_REQUIRED","Saat & Takı","YES","YES","Wave 15 Batch 03 proposal; Wave 32 finalization candidate; OM-R06=B; OM-R07=B; OM-R10=A.","TEMPORARY_AUDIT_ID_NOT_PRODUCTION_STABLE_ID"
"AUDIT-001334","BATCH_03","3dd6df685c7e6a5ed672188e010992063ea9d720","docs/TAXONOMY_BATCH_03_FINALIZATION_TREE.csv","306","AUDIT-001331","Saat & Takı > Saat Kayışları & Aksesuarları","Saat & Takı","Saat Kayışları & Aksesuarları","Saat Saklama & Kurma Ürünleri","","3","Saat & Takı > Saat Kayışları & Aksesuarları > Saat Saklama & Kurma Ürünleri","saat & takı > saat kayışları & aksesuarları > saat saklama & kurma ürünleri","YES","CANDIDATE_FOR_PRODUCT_OWNER_FINALIZATION","REGULATED","Saat & Takı","YES","YES","Wave 15 Batch 03 proposal; Wave 32 finalization candidate; OM-R06=B; OM-R07=B; OM-R10=A.","TEMPORARY_AUDIT_ID_NOT_PRODUCTION_STABLE_ID"
"AUDIT-001335","BATCH_03","3dd6df685c7e6a5ed672188e010992063ea9d720","docs/TAXONOMY_BATCH_03_FINALIZATION_TREE.csv","307","AUDIT-001331","Saat & Takı > Saat Kayışları & Aksesuarları","Saat & Takı","Saat Kayışları & Aksesuarları","Tüketici Tipi Saat Tamir Parçaları","","3","Saat & Takı > Saat Kayışları & Aksesuarları > Tüketici Tipi Saat Tamir Parçaları","saat & takı > saat kayışları & aksesuarları > tüketici tipi saat tamir parçaları","YES","CANDIDATE_FOR_PRODUCT_OWNER_FINALIZATION","REGULATED","Saat & Takı","YES","YES","Wave 15 Batch 03 proposal; Wave 32 finalization candidate; OM-R06=B; OM-R07=B; OM-R10=A.","TEMPORARY_AUDIT_ID_NOT_PRODUCTION_STABLE_ID"
"AUDIT-001336","BATCH_03","3dd6df685c7e6a5ed672188e010992063ea9d720","docs/TAXONOMY_BATCH_03_FINALIZATION_TREE.csv","308","","Saat & Takı","Saat & Takı","Kolyeler & Takı Uçları","","","2","Saat & Takı > Kolyeler & Takı Uçları","saat & takı > kolyeler & takı uçları","NO","CANDIDATE_FOR_PRODUCT_OWNER_FINALIZATION","LEGAL_REVIEW_REQUIRED","Saat & Takı","YES","YES","Wave 15 Batch 03 proposal; Wave 32 finalization candidate; OM-R06=B; OM-R07=B; OM-R10=A.","TEMPORARY_AUDIT_ID_NOT_PRODUCTION_STABLE_ID"
"AUDIT-001337","BATCH_03","3dd6df685c7e6a5ed672188e010992063ea9d720","docs/TAXONOMY_BATCH_03_FINALIZATION_TREE.csv","309","AUDIT-001336","Saat & Takı > Kolyeler & Takı Uçları","Saat & Takı","Kolyeler & Takı Uçları","Kolyeler & Zincirler","","3","Saat & Takı > Kolyeler & Takı Uçları > Kolyeler & Zincirler","saat & takı > kolyeler & takı uçları > kolyeler & zincirler","YES","CANDIDATE_FOR_PRODUCT_OWNER_FINALIZATION","LEGAL_REVIEW_REQUIRED","Saat & Takı","YES","YES","Wave 15 Batch 03 proposal; Wave 32 finalization candidate; OM-R06=B; OM-R07=B; OM-R10=A.","TEMPORARY_AUDIT_ID_NOT_PRODUCTION_STABLE_ID"
"AUDIT-001338","BATCH_03","3dd6df685c7e6a5ed672188e010992063ea9d720","docs/TAXONOMY_BATCH_03_FINALIZATION_TREE.csv","310","AUDIT-001336","Saat & Takı > Kolyeler & Takı Uçları","Saat & Takı","Kolyeler & Takı Uçları","Takı Uçları & Charmlar","","3","Saat & Takı > Kolyeler & Takı Uçları > Takı Uçları & Charmlar","saat & takı > kolyeler & takı uçları > takı uçları & charmlar","YES","CANDIDATE_FOR_PRODUCT_OWNER_FINALIZATION","LEGAL_REVIEW_REQUIRED","Saat & Takı","YES","YES","Wave 15 Batch 03 proposal; Wave 32 finalization candidate; OM-R06=B; OM-R07=B; OM-R10=A.","TEMPORARY_AUDIT_ID_NOT_PRODUCTION_STABLE_ID"
"AUDIT-001339","BATCH_03","3dd6df685c7e6a5ed672188e010992063ea9d720","docs/TAXONOMY_BATCH_03_FINALIZATION_TREE.csv","311","","Saat & Takı","Saat & Takı","Küpeler","","","2","Saat & Takı > Küpeler","saat & takı > küpeler","NO","CANDIDATE_FOR_PRODUCT_OWNER_FINALIZATION","LEGAL_REVIEW_REQUIRED","Saat & Takı","YES","YES","Wave 15 Batch 03 proposal; Wave 32 finalization candidate; OM-R06=B; OM-R07=B; OM-R10=A.","TEMPORARY_AUDIT_ID_NOT_PRODUCTION_STABLE_ID"
"AUDIT-001340","BATCH_03","3dd6df685c7e6a5ed672188e010992063ea9d720","docs/TAXONOMY_BATCH_03_FINALIZATION_TREE.csv","312","AUDIT-001339","Saat & Takı > Küpeler","Saat & Takı","Küpeler","Çivi Küpeler","","3","Saat & Takı > Küpeler > Çivi Küpeler","saat & takı > küpeler > çivi küpeler","YES","CANDIDATE_FOR_PRODUCT_OWNER_FINALIZATION","LEGAL_REVIEW_REQUIRED","Saat & Takı","YES","YES","Wave 15 Batch 03 proposal; Wave 32 finalization candidate; OM-R06=B; OM-R07=B; OM-R10=A.","TEMPORARY_AUDIT_ID_NOT_PRODUCTION_STABLE_ID"
"AUDIT-001341","BATCH_03","3dd6df685c7e6a5ed672188e010992063ea9d720","docs/TAXONOMY_BATCH_03_FINALIZATION_TREE.csv","313","AUDIT-001339","Saat & Takı > Küpeler","Saat & Takı","Küpeler","Ear Cuff & Kulak Aksesuarları","","3","Saat & Takı > Küpeler > Ear Cuff & Kulak Aksesuarları","saat & takı > küpeler > ear cuff & kulak aksesuarları","YES","CANDIDATE_FOR_PRODUCT_OWNER_FINALIZATION","LEGAL_REVIEW_REQUIRED","Saat & Takı","YES","YES","Wave 15 Batch 03 proposal; Wave 32 finalization candidate; OM-R06=B; OM-R07=B; OM-R10=A.","TEMPORARY_AUDIT_ID_NOT_PRODUCTION_STABLE_ID"
"AUDIT-001342","BATCH_03","3dd6df685c7e6a5ed672188e010992063ea9d720","docs/TAXONOMY_BATCH_03_FINALIZATION_TREE.csv","314","AUDIT-001339","Saat & Takı > Küpeler","Saat & Takı","Küpeler","Halka Küpeler","","3","Saat & Takı > Küpeler > Halka Küpeler","saat & takı > küpeler > halka küpeler","YES","CANDIDATE_FOR_PRODUCT_OWNER_FINALIZATION","LEGAL_REVIEW_REQUIRED","Saat & Takı","YES","YES","Wave 15 Batch 03 proposal; Wave 32 finalization candidate; OM-R06=B; OM-R07=B; OM-R10=A.","TEMPORARY_AUDIT_ID_NOT_PRODUCTION_STABLE_ID"
"AUDIT-001343","BATCH_03","3dd6df685c7e6a5ed672188e010992063ea9d720","docs/TAXONOMY_BATCH_03_FINALIZATION_TREE.csv","315","AUDIT-001339","Saat & Takı > Küpeler","Saat & Takı","Küpeler","Sallantılı Küpeler","","3","Saat & Takı > Küpeler > Sallantılı Küpeler","saat & takı > küpeler > sallantılı küpeler","YES","CANDIDATE_FOR_PRODUCT_OWNER_FINALIZATION","LEGAL_REVIEW_REQUIRED","Saat & Takı","YES","YES","Wave 15 Batch 03 proposal; Wave 32 finalization candidate; OM-R06=B; OM-R07=B; OM-R10=A.","TEMPORARY_AUDIT_ID_NOT_PRODUCTION_STABLE_ID"
"AUDIT-001344","BATCH_03","3dd6df685c7e6a5ed672188e010992063ea9d720","docs/TAXONOMY_BATCH_03_FINALIZATION_TREE.csv","316","","Saat & Takı","Saat & Takı","Yüzükler","","","2","Saat & Takı > Yüzükler","saat & takı > yüzükler","NO","CANDIDATE_FOR_PRODUCT_OWNER_FINALIZATION","LEGAL_REVIEW_REQUIRED","Saat & Takı","YES","YES","Wave 15 Batch 03 proposal; Wave 32 finalization candidate; OM-R06=B; OM-R07=B; OM-R10=A.","TEMPORARY_AUDIT_ID_NOT_PRODUCTION_STABLE_ID"
"AUDIT-001345","BATCH_03","3dd6df685c7e6a5ed672188e010992063ea9d720","docs/TAXONOMY_BATCH_03_FINALIZATION_TREE.csv","317","AUDIT-001344","Saat & Takı > Yüzükler","Saat & Takı","Yüzükler","Ayarlanabilir Yüzükler","","3","Saat & Takı > Yüzükler > Ayarlanabilir Yüzükler","saat & takı > yüzükler > ayarlanabilir yüzükler","YES","CANDIDATE_FOR_PRODUCT_OWNER_FINALIZATION","LEGAL_REVIEW_REQUIRED","Saat & Takı","YES","YES","Wave 15 Batch 03 proposal; Wave 32 finalization candidate; OM-R06=B; OM-R07=B; OM-R10=A.","TEMPORARY_AUDIT_ID_NOT_PRODUCTION_STABLE_ID"
"AUDIT-001346","BATCH_03","3dd6df685c7e6a5ed672188e010992063ea9d720","docs/TAXONOMY_BATCH_03_FINALIZATION_TREE.csv","318","AUDIT-001344","Saat & Takı > Yüzükler","Saat & Takı","Yüzükler","Sade & Bant Yüzükler","","3","Saat & Takı > Yüzükler > Sade & Bant Yüzükler","saat & takı > yüzükler > sade & bant yüzükler","YES","CANDIDATE_FOR_PRODUCT_OWNER_FINALIZATION","LEGAL_REVIEW_REQUIRED","Saat & Takı","YES","YES","Wave 15 Batch 03 proposal; Wave 32 finalization candidate; OM-R06=B; OM-R07=B; OM-R10=A.","TEMPORARY_AUDIT_ID_NOT_PRODUCTION_STABLE_ID"
"AUDIT-001347","BATCH_03","3dd6df685c7e6a5ed672188e010992063ea9d720","docs/TAXONOMY_BATCH_03_FINALIZATION_TREE.csv","319","AUDIT-001344","Saat & Takı > Yüzükler","Saat & Takı","Yüzükler","Taşlı Yüzükler","","3","Saat & Takı > Yüzükler > Taşlı Yüzükler","saat & takı > yüzükler > taşlı yüzükler","YES","CANDIDATE_FOR_PRODUCT_OWNER_FINALIZATION","LEGAL_REVIEW_REQUIRED","Saat & Takı","YES","YES","Wave 15 Batch 03 proposal; Wave 32 finalization candidate; OM-R06=B; OM-R07=B; OM-R10=A.","TEMPORARY_AUDIT_ID_NOT_PRODUCTION_STABLE_ID"
"AUDIT-001348","BATCH_03","3dd6df685c7e6a5ed672188e010992063ea9d720","docs/TAXONOMY_BATCH_03_FINALIZATION_TREE.csv","320","","Saat & Takı","Saat & Takı","Bileklik, Bilezik & Halhallar","","","2","Saat & Takı > Bileklik, Bilezik & Halhallar","saat & takı > bileklik, bilezik & halhallar","NO","CANDIDATE_FOR_PRODUCT_OWNER_FINALIZATION","LEGAL_REVIEW_REQUIRED","Saat & Takı","YES","YES","Wave 15 Batch 03 proposal; Wave 32 finalization candidate; OM-R06=B; OM-R07=B; OM-R10=A.","TEMPORARY_AUDIT_ID_NOT_PRODUCTION_STABLE_ID"
"AUDIT-001349","BATCH_03","3dd6df685c7e6a5ed672188e010992063ea9d720","docs/TAXONOMY_BATCH_03_FINALIZATION_TREE.csv","321","AUDIT-001348","Saat & Takı > Bileklik, Bilezik & Halhallar","Saat & Takı","Bileklik, Bilezik & Halhallar","Bileklikler","","3","Saat & Takı > Bileklik, Bilezik & Halhallar > Bileklikler","saat & takı > bileklik, bilezik & halhallar > bileklikler","YES","CANDIDATE_FOR_PRODUCT_OWNER_FINALIZATION","LEGAL_REVIEW_REQUIRED","Saat & Takı","YES","YES","Wave 15 Batch 03 proposal; Wave 32 finalization candidate; OM-R06=B; OM-R07=B; OM-R10=A.","TEMPORARY_AUDIT_ID_NOT_PRODUCTION_STABLE_ID"
"AUDIT-001350","BATCH_03","3dd6df685c7e6a5ed672188e010992063ea9d720","docs/TAXONOMY_BATCH_03_FINALIZATION_TREE.csv","322","AUDIT-001348","Saat & Takı > Bileklik, Bilezik & Halhallar","Saat & Takı","Bileklik, Bilezik & Halhallar","Bilezikler","","3","Saat & Takı > Bileklik, Bilezik & Halhallar > Bilezikler","saat & takı > bileklik, bilezik & halhallar > bilezikler","YES","CANDIDATE_FOR_PRODUCT_OWNER_FINALIZATION","LEGAL_REVIEW_REQUIRED","Saat & Takı","YES","YES","Wave 15 Batch 03 proposal; Wave 32 finalization candidate; OM-R06=B; OM-R07=B; OM-R10=A.","TEMPORARY_AUDIT_ID_NOT_PRODUCTION_STABLE_ID"
"AUDIT-001351","BATCH_03","3dd6df685c7e6a5ed672188e010992063ea9d720","docs/TAXONOMY_BATCH_03_FINALIZATION_TREE.csv","323","AUDIT-001348","Saat & Takı > Bileklik, Bilezik & Halhallar","Saat & Takı","Bileklik, Bilezik & Halhallar","Halhallar","","3","Saat & Takı > Bileklik, Bilezik & Halhallar > Halhallar","saat & takı > bileklik, bilezik & halhallar > halhallar","YES","CANDIDATE_FOR_PRODUCT_OWNER_FINALIZATION","LEGAL_REVIEW_REQUIRED","Saat & Takı","YES","YES","Wave 15 Batch 03 proposal; Wave 32 finalization candidate; OM-R06=B; OM-R07=B; OM-R10=A.","TEMPORARY_AUDIT_ID_NOT_PRODUCTION_STABLE_ID"
"AUDIT-001352","BATCH_03","3dd6df685c7e6a5ed672188e010992063ea9d720","docs/TAXONOMY_BATCH_03_FINALIZATION_TREE.csv","324","","Saat & Takı","Saat & Takı","Broş & Giyim Takıları","","","2","Saat & Takı > Broş & Giyim Takıları","saat & takı > broş & giyim takıları","NO","CANDIDATE_FOR_PRODUCT_OWNER_FINALIZATION","LEGAL_REVIEW_REQUIRED","Saat & Takı","YES","YES","Wave 15 Batch 03 proposal; Wave 32 finalization candidate; OM-R06=B; OM-R07=B; OM-R10=A.","TEMPORARY_AUDIT_ID_NOT_PRODUCTION_STABLE_ID"
"AUDIT-001353","BATCH_03","3dd6df685c7e6a5ed672188e010992063ea9d720","docs/TAXONOMY_BATCH_03_FINALIZATION_TREE.csv","325","AUDIT-001352","Saat & Takı > Broş & Giyim Takıları","Saat & Takı","Broş & Giyim Takıları","Broş & Rozetler","","3","Saat & Takı > Broş & Giyim Takıları > Broş & Rozetler","saat & takı > broş & giyim takıları > broş & rozetler","YES","CANDIDATE_FOR_PRODUCT_OWNER_FINALIZATION","LEGAL_REVIEW_REQUIRED","Saat & Takı","YES","YES","Wave 15 Batch 03 proposal; Wave 32 finalization candidate; OM-R06=B; OM-R07=B; OM-R10=A.","TEMPORARY_AUDIT_ID_NOT_PRODUCTION_STABLE_ID"
"AUDIT-001354","BATCH_03","3dd6df685c7e6a5ed672188e010992063ea9d720","docs/TAXONOMY_BATCH_03_FINALIZATION_TREE.csv","326","AUDIT-001352","Saat & Takı > Broş & Giyim Takıları","Saat & Takı","Broş & Giyim Takıları","Kol Düğmeleri","","3","Saat & Takı > Broş & Giyim Takıları > Kol Düğmeleri","saat & takı > broş & giyim takıları > kol düğmeleri","YES","CANDIDATE_FOR_PRODUCT_OWNER_FINALIZATION","LEGAL_REVIEW_REQUIRED","Saat & Takı","YES","YES","Wave 15 Batch 03 proposal; Wave 32 finalization candidate; OM-R06=B; OM-R07=B; OM-R10=A.","TEMPORARY_AUDIT_ID_NOT_PRODUCTION_STABLE_ID"
"AUDIT-001355","BATCH_03","3dd6df685c7e6a5ed672188e010992063ea9d720","docs/TAXONOMY_BATCH_03_FINALIZATION_TREE.csv","327","AUDIT-001352","Saat & Takı > Broş & Giyim Takıları","Saat & Takı","Broş & Giyim Takıları","Kravat Takıları","","3","Saat & Takı > Broş & Giyim Takıları > Kravat Takıları","saat & takı > broş & giyim takıları > kravat takıları","YES","CANDIDATE_FOR_PRODUCT_OWNER_FINALIZATION","LEGAL_REVIEW_REQUIRED","Saat & Takı","YES","YES","Wave 15 Batch 03 proposal; Wave 32 finalization candidate; OM-R06=B; OM-R07=B; OM-R10=A.","TEMPORARY_AUDIT_ID_NOT_PRODUCTION_STABLE_ID"
"AUDIT-001356","BATCH_03","3dd6df685c7e6a5ed672188e010992063ea9d720","docs/TAXONOMY_BATCH_03_FINALIZATION_TREE.csv","328","","Saat & Takı","Saat & Takı","Vücut Takıları","","","2","Saat & Takı > Vücut Takıları","saat & takı > vücut takıları","NO","CANDIDATE_FOR_PRODUCT_OWNER_FINALIZATION","LEGAL_REVIEW_REQUIRED","Saat & Takı","YES","YES","Wave 15 Batch 03 proposal; Wave 32 finalization candidate; OM-R06=B; OM-R07=B; OM-R10=A.","TEMPORARY_AUDIT_ID_NOT_PRODUCTION_STABLE_ID"
"AUDIT-001357","BATCH_03","3dd6df685c7e6a5ed672188e010992063ea9d720","docs/TAXONOMY_BATCH_03_FINALIZATION_TREE.csv","329","AUDIT-001356","Saat & Takı > Vücut Takıları","Saat & Takı","Vücut Takıları","Burun Takıları","","3","Saat & Takı > Vücut Takıları > Burun Takıları","saat & takı > vücut takıları > burun takıları","YES","CANDIDATE_FOR_PRODUCT_OWNER_FINALIZATION","LEGAL_REVIEW_REQUIRED","Saat & Takı","YES","YES","Wave 15 Batch 03 proposal; Wave 32 finalization candidate; OM-R06=B; OM-R07=B; OM-R10=A.","TEMPORARY_AUDIT_ID_NOT_PRODUCTION_STABLE_ID"
"AUDIT-001358","BATCH_03","3dd6df685c7e6a5ed672188e010992063ea9d720","docs/TAXONOMY_BATCH_03_FINALIZATION_TREE.csv","330","AUDIT-001356","Saat & Takı > Vücut Takıları","Saat & Takı","Vücut Takıları","Diğer Vücut Takıları","","3","Saat & Takı > Vücut Takıları > Diğer Vücut Takıları","saat & takı > vücut takıları > diğer vücut takıları","YES","CANDIDATE_FOR_PRODUCT_OWNER_FINALIZATION","LEGAL_REVIEW_REQUIRED","Saat & Takı","YES","YES","Wave 15 Batch 03 proposal; Wave 32 finalization candidate; OM-R06=B; OM-R07=B; OM-R10=A.","TEMPORARY_AUDIT_ID_NOT_PRODUCTION_STABLE_ID"
"AUDIT-001359","BATCH_03","3dd6df685c7e6a5ed672188e010992063ea9d720","docs/TAXONOMY_BATCH_03_FINALIZATION_TREE.csv","331","AUDIT-001356","Saat & Takı > Vücut Takıları","Saat & Takı","Vücut Takıları","Göbek Takıları","","3","Saat & Takı > Vücut Takıları > Göbek Takıları","saat & takı > vücut takıları > göbek takıları","YES","CANDIDATE_FOR_PRODUCT_OWNER_FINALIZATION","LEGAL_REVIEW_REQUIRED","Saat & Takı","YES","YES","Wave 15 Batch 03 proposal; Wave 32 finalization candidate; OM-R06=B; OM-R07=B; OM-R10=A.","TEMPORARY_AUDIT_ID_NOT_PRODUCTION_STABLE_ID"
"AUDIT-001360","BATCH_03","3dd6df685c7e6a5ed672188e010992063ea9d720","docs/TAXONOMY_BATCH_03_FINALIZATION_TREE.csv","332","AUDIT-001356","Saat & Takı > Vücut Takıları","Saat & Takı","Vücut Takıları","Piercing Takıları","","3","Saat & Takı > Vücut Takıları > Piercing Takıları","saat & takı > vücut takıları > piercing takıları","YES","CANDIDATE_FOR_PRODUCT_OWNER_FINALIZATION","LEGAL_REVIEW_REQUIRED","Saat & Takı","YES","YES","Wave 15 Batch 03 proposal; Wave 32 finalization candidate; OM-R06=B; OM-R07=B; OM-R10=A.","TEMPORARY_AUDIT_ID_NOT_PRODUCTION_STABLE_ID"
"AUDIT-001361","BATCH_03","3dd6df685c7e6a5ed672188e010992063ea9d720","docs/TAXONOMY_BATCH_03_FINALIZATION_TREE.csv","333","","Saat & Takı","Saat & Takı","Takı Aksesuarları & Saklama","","","2","Saat & Takı > Takı Aksesuarları & Saklama","saat & takı > takı aksesuarları & saklama","NO","CANDIDATE_FOR_PRODUCT_OWNER_FINALIZATION","LEGAL_REVIEW_REQUIRED","Saat & Takı","YES","YES","Wave 15 Batch 03 proposal; Wave 32 finalization candidate; OM-R06=B; OM-R07=B; OM-R10=A.","TEMPORARY_AUDIT_ID_NOT_PRODUCTION_STABLE_ID"
"AUDIT-001362","BATCH_03","3dd6df685c7e6a5ed672188e010992063ea9d720","docs/TAXONOMY_BATCH_03_FINALIZATION_TREE.csv","334","AUDIT-001361","Saat & Takı > Takı Aksesuarları & Saklama","Saat & Takı","Takı Aksesuarları & Saklama","Seyahat Tipi Takı Saklama","","3","Saat & Takı > Takı Aksesuarları & Saklama > Seyahat Tipi Takı Saklama","saat & takı > takı aksesuarları & saklama > seyahat tipi takı saklama","YES","CANDIDATE_FOR_PRODUCT_OWNER_FINALIZATION","NORMAL","Saat & Takı","YES","NO","Wave 15 Batch 03 proposal; Wave 32 finalization candidate; OM-R06=B; OM-R07=B; OM-R10=A.","TEMPORARY_AUDIT_ID_NOT_PRODUCTION_STABLE_ID"
"AUDIT-001363","BATCH_03","3dd6df685c7e6a5ed672188e010992063ea9d720","docs/TAXONOMY_BATCH_03_FINALIZATION_TREE.csv","335","AUDIT-001361","Saat & Takı > Takı Aksesuarları & Saklama","Saat & Takı","Takı Aksesuarları & Saklama","Takı Kutuları & Organizerler","","3","Saat & Takı > Takı Aksesuarları & Saklama > Takı Kutuları & Organizerler","saat & takı > takı aksesuarları & saklama > takı kutuları & organizerler","YES","CANDIDATE_FOR_PRODUCT_OWNER_FINALIZATION","NORMAL","Saat & Takı","YES","NO","Wave 15 Batch 03 proposal; Wave 32 finalization candidate; OM-R06=B; OM-R07=B; OM-R10=A.","TEMPORARY_AUDIT_ID_NOT_PRODUCTION_STABLE_ID"
"AUDIT-001364","BATCH_03","3dd6df685c7e6a5ed672188e010992063ea9d720","docs/TAXONOMY_BATCH_03_FINALIZATION_TREE.csv","336","AUDIT-001361","Saat & Takı > Takı Aksesuarları & Saklama","Saat & Takı","Takı Aksesuarları & Saklama","Takı Standları","","3","Saat & Takı > Takı Aksesuarları & Saklama > Takı Standları","saat & takı > takı aksesuarları & saklama > takı standları","YES","CANDIDATE_FOR_PRODUCT_OWNER_FINALIZATION","NORMAL","Saat & Takı","YES","NO","Wave 15 Batch 03 proposal; Wave 32 finalization candidate; OM-R06=B; OM-R07=B; OM-R10=A.","TEMPORARY_AUDIT_ID_NOT_PRODUCTION_STABLE_ID"
"AUDIT-001365","BATCH_03","3dd6df685c7e6a5ed672188e010992063ea9d720","docs/TAXONOMY_BATCH_03_FINALIZATION_TREE.csv","337","AUDIT-001361","Saat & Takı > Takı Aksesuarları & Saklama","Saat & Takı","Takı Aksesuarları & Saklama","Takı Temizlik & Bakım Ürünleri","","3","Saat & Takı > Takı Aksesuarları & Saklama > Takı Temizlik & Bakım Ürünleri","saat & takı > takı aksesuarları & saklama > takı temizlik & bakım ürünleri","YES","CANDIDATE_FOR_PRODUCT_OWNER_FINALIZATION","LEGAL_REVIEW_REQUIRED","Saat & Takı","YES","YES","Wave 15 Batch 03 proposal; Wave 32 finalization candidate; OM-R06=B; OM-R07=B; OM-R10=A.","TEMPORARY_AUDIT_ID_NOT_PRODUCTION_STABLE_ID"
"AUDIT-001366","BATCH_03","3dd6df685c7e6a5ed672188e010992063ea9d720","docs/TAXONOMY_BATCH_03_FINALIZATION_TREE.csv","338","","Saat & Takı","Saat & Takı","Takı Yapım Malzemeleri","","","2","Saat & Takı > Takı Yapım Malzemeleri","saat & takı > takı yapım malzemeleri","NO","CANDIDATE_FOR_PRODUCT_OWNER_FINALIZATION","REGULATED","Saat & Takı","YES","YES","Wave 15 Batch 03 proposal; Wave 32 finalization candidate; OM-R06=B; OM-R07=B; OM-R10=A.","TEMPORARY_AUDIT_ID_NOT_PRODUCTION_STABLE_ID"
"AUDIT-001367","BATCH_03","3dd6df685c7e6a5ed672188e010992063ea9d720","docs/TAXONOMY_BATCH_03_FINALIZATION_TREE.csv","339","AUDIT-001366","Saat & Takı > Takı Yapım Malzemeleri","Saat & Takı","Takı Yapım Malzemeleri","Boncuklar","","3","Saat & Takı > Takı Yapım Malzemeleri > Boncuklar","saat & takı > takı yapım malzemeleri > boncuklar","YES","CANDIDATE_FOR_PRODUCT_OWNER_FINALIZATION","REGULATED","Saat & Takı","YES","YES","Wave 15 Batch 03 proposal; Wave 32 finalization candidate; OM-R06=B; OM-R07=B; OM-R10=A.","TEMPORARY_AUDIT_ID_NOT_PRODUCTION_STABLE_ID"
"AUDIT-001368","BATCH_03","3dd6df685c7e6a5ed672188e010992063ea9d720","docs/TAXONOMY_BATCH_03_FINALIZATION_TREE.csv","340","AUDIT-001366","Saat & Takı > Takı Yapım Malzemeleri","Saat & Takı","Takı Yapım Malzemeleri","Boş Takı Yuvaları & Tabanları","","3","Saat & Takı > Takı Yapım Malzemeleri > Boş Takı Yuvaları & Tabanları","saat & takı > takı yapım malzemeleri > boş takı yuvaları & tabanları","YES","CANDIDATE_FOR_PRODUCT_OWNER_FINALIZATION","REGULATED","Saat & Takı","YES","YES","Wave 15 Batch 03 proposal; Wave 32 finalization candidate; OM-R06=B; OM-R07=B; OM-R10=A.","TEMPORARY_AUDIT_ID_NOT_PRODUCTION_STABLE_ID"
"AUDIT-001369","BATCH_03","3dd6df685c7e6a5ed672188e010992063ea9d720","docs/TAXONOMY_BATCH_03_FINALIZATION_TREE.csv","341","AUDIT-001366","Saat & Takı > Takı Yapım Malzemeleri","Saat & Takı","Takı Yapım Malzemeleri","Kapama, Halka & Bağlantılar","","3","Saat & Takı > Takı Yapım Malzemeleri > Kapama, Halka & Bağlantılar","saat & takı > takı yapım malzemeleri > kapama, halka & bağlantılar","YES","CANDIDATE_FOR_PRODUCT_OWNER_FINALIZATION","REGULATED","Saat & Takı","YES","YES","Wave 15 Batch 03 proposal; Wave 32 finalization candidate; OM-R06=B; OM-R07=B; OM-R10=A.","TEMPORARY_AUDIT_ID_NOT_PRODUCTION_STABLE_ID"
"AUDIT-001370","BATCH_03","3dd6df685c7e6a5ed672188e010992063ea9d720","docs/TAXONOMY_BATCH_03_FINALIZATION_TREE.csv","342","AUDIT-001366","Saat & Takı > Takı Yapım Malzemeleri","Saat & Takı","Takı Yapım Malzemeleri","Takı Teli, İpi & Misinası","","3","Saat & Takı > Takı Yapım Malzemeleri > Takı Teli, İpi & Misinası","saat & takı > takı yapım malzemeleri > takı teli, ipi & misinası","YES","CANDIDATE_FOR_PRODUCT_OWNER_FINALIZATION","NORMAL","Saat & Takı","YES","NO","Wave 15 Batch 03 proposal; Wave 32 finalization candidate; OM-R06=B; OM-R07=B; OM-R10=A.","TEMPORARY_AUDIT_ID_NOT_PRODUCTION_STABLE_ID"
"AUDIT-001371","BATCH_03","3dd6df685c7e6a5ed672188e010992063ea9d720","docs/TAXONOMY_BATCH_03_FINALIZATION_TREE.csv","343","AUDIT-001366","Saat & Takı > Takı Yapım Malzemeleri","Saat & Takı","Takı Yapım Malzemeleri","Takı Zinciri & Bileşenleri","","3","Saat & Takı > Takı Yapım Malzemeleri > Takı Zinciri & Bileşenleri","saat & takı > takı yapım malzemeleri > takı zinciri & bileşenleri","YES","CANDIDATE_FOR_PRODUCT_OWNER_FINALIZATION","REGULATED","Saat & Takı","YES","YES","Wave 15 Batch 03 proposal; Wave 32 finalization candidate; OM-R06=B; OM-R07=B; OM-R10=A.","TEMPORARY_AUDIT_ID_NOT_PRODUCTION_STABLE_ID"
"AUDIT-001372","BATCH_03","3dd6df685c7e6a5ed672188e010992063ea9d720","docs/TAXONOMY_BATCH_03_FINALIZATION_TREE.csv","344","","Sağlık & Medikal","Sağlık & Medikal","İlk Yardım & Yara Bakımı","","","2","Sağlık & Medikal > İlk Yardım & Yara Bakımı","sağlık & medikal > ilk yardım & yara bakımı","NO","CANDIDATE_FOR_PRODUCT_OWNER_FINALIZATION","LEGAL_REVIEW_REQUIRED","Sağlık & Medikal","YES","YES","Wave 15 Batch 03 proposal; Wave 32 finalization candidate; OM-R06=B; OM-R07=B; OM-R10=A.","TEMPORARY_AUDIT_ID_NOT_PRODUCTION_STABLE_ID"
"AUDIT-001373","BATCH_03","3dd6df685c7e6a5ed672188e010992063ea9d720","docs/TAXONOMY_BATCH_03_FINALIZATION_TREE.csv","345","AUDIT-001372","Sağlık & Medikal > İlk Yardım & Yara Bakımı","Sağlık & Medikal","İlk Yardım & Yara Bakımı","Bandaj & Flasterler","","3","Sağlık & Medikal > İlk Yardım & Yara Bakımı > Bandaj & Flasterler","sağlık & medikal > ilk yardım & yara bakımı > bandaj & flasterler","YES","CANDIDATE_FOR_PRODUCT_OWNER_FINALIZATION","LEGAL_REVIEW_REQUIRED","Sağlık & Medikal","YES","YES","Wave 15 Batch 03 proposal; Wave 32 finalization candidate; OM-R06=B; OM-R07=B; OM-R10=A.","TEMPORARY_AUDIT_ID_NOT_PRODUCTION_STABLE_ID"
"AUDIT-001374","BATCH_03","3dd6df685c7e6a5ed672188e010992063ea9d720","docs/TAXONOMY_BATCH_03_FINALIZATION_TREE.csv","346","AUDIT-001372","Sağlık & Medikal > İlk Yardım & Yara Bakımı","Sağlık & Medikal","İlk Yardım & Yara Bakımı","İlk Yardım Setleri","","3","Sağlık & Medikal > İlk Yardım & Yara Bakımı > İlk Yardım Setleri","sağlık & medikal > ilk yardım & yara bakımı > ilk yardım setleri","YES","CANDIDATE_FOR_PRODUCT_OWNER_FINALIZATION","LEGAL_REVIEW_REQUIRED","Sağlık & Medikal","YES","YES","Wave 15 Batch 03 proposal; Wave 32 finalization candidate; OM-R06=B; OM-R07=B; OM-R10=A.","TEMPORARY_AUDIT_ID_NOT_PRODUCTION_STABLE_ID"
"AUDIT-001375","BATCH_03","3dd6df685c7e6a5ed672188e010992063ea9d720","docs/TAXONOMY_BATCH_03_FINALIZATION_TREE.csv","347","AUDIT-001372","Sağlık & Medikal > İlk Yardım & Yara Bakımı","Sağlık & Medikal","İlk Yardım & Yara Bakımı","Pansuman Aksesuarları","","3","Sağlık & Medikal > İlk Yardım & Yara Bakımı > Pansuman Aksesuarları","sağlık & medikal > ilk yardım & yara bakımı > pansuman aksesuarları","YES","CANDIDATE_FOR_PRODUCT_OWNER_FINALIZATION","LEGAL_REVIEW_REQUIRED","Sağlık & Medikal","YES","YES","Wave 15 Batch 03 proposal; Wave 32 finalization candidate; OM-R06=B; OM-R07=B; OM-R10=A.","TEMPORARY_AUDIT_ID_NOT_PRODUCTION_STABLE_ID"
"AUDIT-001376","BATCH_03","3dd6df685c7e6a5ed672188e010992063ea9d720","docs/TAXONOMY_BATCH_03_FINALIZATION_TREE.csv","348","AUDIT-001372","Sağlık & Medikal > İlk Yardım & Yara Bakımı","Sağlık & Medikal","İlk Yardım & Yara Bakımı","Steril Kompres & Yara Örtüleri","","3","Sağlık & Medikal > İlk Yardım & Yara Bakımı > Steril Kompres & Yara Örtüleri","sağlık & medikal > ilk yardım & yara bakımı > steril kompres & yara örtüleri","YES","CANDIDATE_FOR_PRODUCT_OWNER_FINALIZATION","LEGAL_REVIEW_REQUIRED","Sağlık & Medikal","YES","YES","Wave 15 Batch 03 proposal; Wave 32 finalization candidate; OM-R06=B; OM-R07=B; OM-R10=A.","TEMPORARY_AUDIT_ID_NOT_PRODUCTION_STABLE_ID"
"AUDIT-001377","BATCH_03","3dd6df685c7e6a5ed672188e010992063ea9d720","docs/TAXONOMY_BATCH_03_FINALIZATION_TREE.csv","349","","Sağlık & Medikal","Sağlık & Medikal","Evde Sağlık Ölçüm Cihazları","","","2","Sağlık & Medikal > Evde Sağlık Ölçüm Cihazları","sağlık & medikal > evde sağlık ölçüm cihazları","NO","CANDIDATE_FOR_PRODUCT_OWNER_FINALIZATION","LEGAL_REVIEW_REQUIRED","Sağlık & Medikal","YES","YES","Wave 15 Batch 03 proposal; Wave 32 finalization candidate; OM-R06=B; OM-R07=B; OM-R10=A.","TEMPORARY_AUDIT_ID_NOT_PRODUCTION_STABLE_ID"
"AUDIT-001378","BATCH_03","3dd6df685c7e6a5ed672188e010992063ea9d720","docs/TAXONOMY_BATCH_03_FINALIZATION_TREE.csv","350","AUDIT-001377","Sağlık & Medikal > Evde Sağlık Ölçüm Cihazları","Sağlık & Medikal","Evde Sağlık Ölçüm Cihazları","Ateş Ölçerler","","3","Sağlık & Medikal > Evde Sağlık Ölçüm Cihazları > Ateş Ölçerler","sağlık & medikal > evde sağlık ölçüm cihazları > ateş ölçerler","YES","CANDIDATE_FOR_PRODUCT_OWNER_FINALIZATION","LEGAL_REVIEW_REQUIRED","Sağlık & Medikal","YES","YES","Wave 15 Batch 03 proposal; Wave 32 finalization candidate; OM-R06=B; OM-R07=B; OM-R10=A.","TEMPORARY_AUDIT_ID_NOT_PRODUCTION_STABLE_ID"
"AUDIT-001379","BATCH_03","3dd6df685c7e6a5ed672188e010992063ea9d720","docs/TAXONOMY_BATCH_03_FINALIZATION_TREE.csv","351","AUDIT-001377","Sağlık & Medikal > Evde Sağlık Ölçüm Cihazları","Sağlık & Medikal","Evde Sağlık Ölçüm Cihazları","Cihaza Özgü Ölçüm Sarf & Aksesuarları","","3","Sağlık & Medikal > Evde Sağlık Ölçüm Cihazları > Cihaza Özgü Ölçüm Sarf & Aksesuarları","sağlık & medikal > evde sağlık ölçüm cihazları > cihaza özgü ölçüm sarf & aksesuarları","YES","CANDIDATE_FOR_PRODUCT_OWNER_FINALIZATION","LEGAL_REVIEW_REQUIRED","Sağlık & Medikal","YES","YES","Wave 15 Batch 03 proposal; Wave 32 finalization candidate; OM-R06=B; OM-R07=B; OM-R10=A.","TEMPORARY_AUDIT_ID_NOT_PRODUCTION_STABLE_ID"
"AUDIT-001380","BATCH_03","3dd6df685c7e6a5ed672188e010992063ea9d720","docs/TAXONOMY_BATCH_03_FINALIZATION_TREE.csv","352","AUDIT-001377","Sağlık & Medikal > Evde Sağlık Ölçüm Cihazları","Sağlık & Medikal","Evde Sağlık Ölçüm Cihazları","Glikoz Ölçüm Cihazları","","3","Sağlık & Medikal > Evde Sağlık Ölçüm Cihazları > Glikoz Ölçüm Cihazları","sağlık & medikal > evde sağlık ölçüm cihazları > glikoz ölçüm cihazları","YES","CANDIDATE_FOR_PRODUCT_OWNER_FINALIZATION","LEGAL_REVIEW_REQUIRED","Sağlık & Medikal","YES","YES","Wave 15 Batch 03 proposal; Wave 32 finalization candidate; OM-R06=B; OM-R07=B; OM-R10=A.","TEMPORARY_AUDIT_ID_NOT_PRODUCTION_STABLE_ID"
"AUDIT-001381","BATCH_03","3dd6df685c7e6a5ed672188e010992063ea9d720","docs/TAXONOMY_BATCH_03_FINALIZATION_TREE.csv","353","AUDIT-001377","Sağlık & Medikal > Evde Sağlık Ölçüm Cihazları","Sağlık & Medikal","Evde Sağlık Ölçüm Cihazları","Pulse Oksimetreler","","3","Sağlık & Medikal > Evde Sağlık Ölçüm Cihazları > Pulse Oksimetreler","sağlık & medikal > evde sağlık ölçüm cihazları > pulse oksimetreler","YES","CANDIDATE_FOR_PRODUCT_OWNER_FINALIZATION","LEGAL_REVIEW_REQUIRED","Sağlık & Medikal","YES","YES","Wave 15 Batch 03 proposal; Wave 32 finalization candidate; OM-R06=B; OM-R07=B; OM-R10=A.","TEMPORARY_AUDIT_ID_NOT_PRODUCTION_STABLE_ID"
"AUDIT-001382","BATCH_03","3dd6df685c7e6a5ed672188e010992063ea9d720","docs/TAXONOMY_BATCH_03_FINALIZATION_TREE.csv","354","AUDIT-001377","Sağlık & Medikal > Evde Sağlık Ölçüm Cihazları","Sağlık & Medikal","Evde Sağlık Ölçüm Cihazları","Sağlık Tipi Vücut Ölçüm Cihazları","","3","Sağlık & Medikal > Evde Sağlık Ölçüm Cihazları > Sağlık Tipi Vücut Ölçüm Cihazları","sağlık & medikal > evde sağlık ölçüm cihazları > sağlık tipi vücut ölçüm cihazları","YES","CANDIDATE_FOR_PRODUCT_OWNER_FINALIZATION","LEGAL_REVIEW_REQUIRED","Sağlık & Medikal","YES","YES","Wave 15 Batch 03 proposal; Wave 32 finalization candidate; OM-R06=B; OM-R07=B; OM-R10=A.","TEMPORARY_AUDIT_ID_NOT_PRODUCTION_STABLE_ID"
"AUDIT-001383","BATCH_03","3dd6df685c7e6a5ed672188e010992063ea9d720","docs/TAXONOMY_BATCH_03_FINALIZATION_TREE.csv","355","AUDIT-001377","Sağlık & Medikal > Evde Sağlık Ölçüm Cihazları","Sağlık & Medikal","Evde Sağlık Ölçüm Cihazları","Tansiyon Ölçüm Cihazları","","3","Sağlık & Medikal > Evde Sağlık Ölçüm Cihazları > Tansiyon Ölçüm Cihazları","sağlık & medikal > evde sağlık ölçüm cihazları > tansiyon ölçüm cihazları","YES","CANDIDATE_FOR_PRODUCT_OWNER_FINALIZATION","LEGAL_REVIEW_REQUIRED","Sağlık & Medikal","YES","YES","Wave 15 Batch 03 proposal; Wave 32 finalization candidate; OM-R06=B; OM-R07=B; OM-R10=A.","TEMPORARY_AUDIT_ID_NOT_PRODUCTION_STABLE_ID"
"AUDIT-001384","BATCH_03","3dd6df685c7e6a5ed672188e010992063ea9d720","docs/TAXONOMY_BATCH_03_FINALIZATION_TREE.csv","356","","Sağlık & Medikal","Sağlık & Medikal","Ortopedik Destekler & Kompresyon","","","2","Sağlık & Medikal > Ortopedik Destekler & Kompresyon","sağlık & medikal > ortopedik destekler & kompresyon","NO","CANDIDATE_FOR_PRODUCT_OWNER_FINALIZATION","LEGAL_REVIEW_REQUIRED","Sağlık & Medikal","YES","YES","Wave 15 Batch 03 proposal; Wave 32 finalization candidate; OM-R06=B; OM-R07=B; OM-R10=A.","TEMPORARY_AUDIT_ID_NOT_PRODUCTION_STABLE_ID"
"AUDIT-001385","BATCH_03","3dd6df685c7e6a5ed672188e010992063ea9d720","docs/TAXONOMY_BATCH_03_FINALIZATION_TREE.csv","357","AUDIT-001384","Sağlık & Medikal > Ortopedik Destekler & Kompresyon","Sağlık & Medikal","Ortopedik Destekler & Kompresyon","Atel & Sabitleyiciler","","3","Sağlık & Medikal > Ortopedik Destekler & Kompresyon > Atel & Sabitleyiciler","sağlık & medikal > ortopedik destekler & kompresyon > atel & sabitleyiciler","YES","CANDIDATE_FOR_PRODUCT_OWNER_FINALIZATION","LEGAL_REVIEW_REQUIRED","Sağlık & Medikal","YES","YES","Wave 15 Batch 03 proposal; Wave 32 finalization candidate; OM-R06=B; OM-R07=B; OM-R10=A.","TEMPORARY_AUDIT_ID_NOT_PRODUCTION_STABLE_ID"
"AUDIT-001386","BATCH_03","3dd6df685c7e6a5ed672188e010992063ea9d720","docs/TAXONOMY_BATCH_03_FINALIZATION_TREE.csv","358","AUDIT-001384","Sağlık & Medikal > Ortopedik Destekler & Kompresyon","Sağlık & Medikal","Ortopedik Destekler & Kompresyon","Bel & Boyun Destekleri","","3","Sağlık & Medikal > Ortopedik Destekler & Kompresyon > Bel & Boyun Destekleri","sağlık & medikal > ortopedik destekler & kompresyon > bel & boyun destekleri","YES","CANDIDATE_FOR_PRODUCT_OWNER_FINALIZATION","LEGAL_REVIEW_REQUIRED","Sağlık & Medikal","YES","YES","Wave 15 Batch 03 proposal; Wave 32 finalization candidate; OM-R06=B; OM-R07=B; OM-R10=A.","TEMPORARY_AUDIT_ID_NOT_PRODUCTION_STABLE_ID"
"AUDIT-001387","BATCH_03","3dd6df685c7e6a5ed672188e010992063ea9d720","docs/TAXONOMY_BATCH_03_FINALIZATION_TREE.csv","359","AUDIT-001384","Sağlık & Medikal > Ortopedik Destekler & Kompresyon","Sağlık & Medikal","Ortopedik Destekler & Kompresyon","Diz, Ayak & Alt Ekstremite Destekleri","","3","Sağlık & Medikal > Ortopedik Destekler & Kompresyon > Diz, Ayak & Alt Ekstremite Destekleri","sağlık & medikal > ortopedik destekler & kompresyon > diz, ayak & alt ekstremite destekleri","YES","CANDIDATE_FOR_PRODUCT_OWNER_FINALIZATION","LEGAL_REVIEW_REQUIRED","Sağlık & Medikal","YES","YES","Wave 15 Batch 03 proposal; Wave 32 finalization candidate; OM-R06=B; OM-R07=B; OM-R10=A.","TEMPORARY_AUDIT_ID_NOT_PRODUCTION_STABLE_ID"
"AUDIT-001388","BATCH_03","3dd6df685c7e6a5ed672188e010992063ea9d720","docs/TAXONOMY_BATCH_03_FINALIZATION_TREE.csv","360","AUDIT-001384","Sağlık & Medikal > Ortopedik Destekler & Kompresyon","Sağlık & Medikal","Ortopedik Destekler & Kompresyon","El, Bilek, Dirsek & Omuz Destekleri","","3","Sağlık & Medikal > Ortopedik Destekler & Kompresyon > El, Bilek, Dirsek & Omuz Destekleri","sağlık & medikal > ortopedik destekler & kompresyon > el, bilek, dirsek & omuz destekleri","YES","CANDIDATE_FOR_PRODUCT_OWNER_FINALIZATION","LEGAL_REVIEW_REQUIRED","Sağlık & Medikal","YES","YES","Wave 15 Batch 03 proposal; Wave 32 finalization candidate; OM-R06=B; OM-R07=B; OM-R10=A.","TEMPORARY_AUDIT_ID_NOT_PRODUCTION_STABLE_ID"
"AUDIT-001389","BATCH_03","3dd6df685c7e6a5ed672188e010992063ea9d720","docs/TAXONOMY_BATCH_03_FINALIZATION_TREE.csv","361","AUDIT-001384","Sağlık & Medikal > Ortopedik Destekler & Kompresyon","Sağlık & Medikal","Ortopedik Destekler & Kompresyon","Kompresyon Ürünleri","","3","Sağlık & Medikal > Ortopedik Destekler & Kompresyon > Kompresyon Ürünleri","sağlık & medikal > ortopedik destekler & kompresyon > kompresyon ürünleri","YES","CANDIDATE_FOR_PRODUCT_OWNER_FINALIZATION","LEGAL_REVIEW_REQUIRED","Sağlık & Medikal","YES","YES","Wave 15 Batch 03 proposal; Wave 32 finalization candidate; OM-R06=B; OM-R07=B; OM-R10=A.","TEMPORARY_AUDIT_ID_NOT_PRODUCTION_STABLE_ID"
"AUDIT-001390","BATCH_03","3dd6df685c7e6a5ed672188e010992063ea9d720","docs/TAXONOMY_BATCH_03_FINALIZATION_TREE.csv","362","AUDIT-001384","Sağlık & Medikal > Ortopedik Destekler & Kompresyon","Sağlık & Medikal","Ortopedik Destekler & Kompresyon","Ortopedik Tabanlık & Ayak Destekleri","","3","Sağlık & Medikal > Ortopedik Destekler & Kompresyon > Ortopedik Tabanlık & Ayak Destekleri","sağlık & medikal > ortopedik destekler & kompresyon > ortopedik tabanlık & ayak destekleri","YES","CANDIDATE_FOR_PRODUCT_OWNER_FINALIZATION","LEGAL_REVIEW_REQUIRED","Sağlık & Medikal","YES","YES","Wave 15 Batch 03 proposal; Wave 32 finalization candidate; OM-R06=B; OM-R07=B; OM-R10=A.","TEMPORARY_AUDIT_ID_NOT_PRODUCTION_STABLE_ID"
"AUDIT-001391","BATCH_03","3dd6df685c7e6a5ed672188e010992063ea9d720","docs/TAXONOMY_BATCH_03_FINALIZATION_TREE.csv","363","","Sağlık & Medikal","Sağlık & Medikal","Hareket & Mobilite Yardımcıları","","","2","Sağlık & Medikal > Hareket & Mobilite Yardımcıları","sağlık & medikal > hareket & mobilite yardımcıları","NO","CANDIDATE_FOR_PRODUCT_OWNER_FINALIZATION","LEGAL_REVIEW_REQUIRED","Sağlık & Medikal","YES","YES","Wave 15 Batch 03 proposal; Wave 32 finalization candidate; OM-R06=B; OM-R07=B; OM-R10=A.","TEMPORARY_AUDIT_ID_NOT_PRODUCTION_STABLE_ID"
"AUDIT-001392","BATCH_03","3dd6df685c7e6a5ed672188e010992063ea9d720","docs/TAXONOMY_BATCH_03_FINALIZATION_TREE.csv","364","AUDIT-001391","Sağlık & Medikal > Hareket & Mobilite Yardımcıları","Sağlık & Medikal","Hareket & Mobilite Yardımcıları","Baston & Koltuk Değnekleri","","3","Sağlık & Medikal > Hareket & Mobilite Yardımcıları > Baston & Koltuk Değnekleri","sağlık & medikal > hareket & mobilite yardımcıları > baston & koltuk değnekleri","YES","CANDIDATE_FOR_PRODUCT_OWNER_FINALIZATION","LEGAL_REVIEW_REQUIRED","Sağlık & Medikal","YES","YES","Wave 15 Batch 03 proposal; Wave 32 finalization candidate; OM-R06=B; OM-R07=B; OM-R10=A.","TEMPORARY_AUDIT_ID_NOT_PRODUCTION_STABLE_ID"
"AUDIT-001393","BATCH_03","3dd6df685c7e6a5ed672188e010992063ea9d720","docs/TAXONOMY_BATCH_03_FINALIZATION_TREE.csv","365","AUDIT-001391","Sağlık & Medikal > Hareket & Mobilite Yardımcıları","Sağlık & Medikal","Hareket & Mobilite Yardımcıları","Mobilite Aksesuarları","","3","Sağlık & Medikal > Hareket & Mobilite Yardımcıları > Mobilite Aksesuarları","sağlık & medikal > hareket & mobilite yardımcıları > mobilite aksesuarları","YES","CANDIDATE_FOR_PRODUCT_OWNER_FINALIZATION","LEGAL_REVIEW_REQUIRED","Sağlık & Medikal","YES","YES","Wave 15 Batch 03 proposal; Wave 32 finalization candidate; OM-R06=B; OM-R07=B; OM-R10=A.","TEMPORARY_AUDIT_ID_NOT_PRODUCTION_STABLE_ID"
"AUDIT-001394","BATCH_03","3dd6df685c7e6a5ed672188e010992063ea9d720","docs/TAXONOMY_BATCH_03_FINALIZATION_TREE.csv","366","AUDIT-001391","Sağlık & Medikal > Hareket & Mobilite Yardımcıları","Sağlık & Medikal","Hareket & Mobilite Yardımcıları","Tekerlekli Sandalyeler","","3","Sağlık & Medikal > Hareket & Mobilite Yardımcıları > Tekerlekli Sandalyeler","sağlık & medikal > hareket & mobilite yardımcıları > tekerlekli sandalyeler","YES","CANDIDATE_FOR_PRODUCT_OWNER_FINALIZATION","LEGAL_REVIEW_REQUIRED","Sağlık & Medikal","YES","YES","Wave 15 Batch 03 proposal; Wave 32 finalization candidate; OM-R06=B; OM-R07=B; OM-R10=A.","TEMPORARY_AUDIT_ID_NOT_PRODUCTION_STABLE_ID"
"AUDIT-001395","BATCH_03","3dd6df685c7e6a5ed672188e010992063ea9d720","docs/TAXONOMY_BATCH_03_FINALIZATION_TREE.csv","367","AUDIT-001391","Sağlık & Medikal > Hareket & Mobilite Yardımcıları","Sağlık & Medikal","Hareket & Mobilite Yardımcıları","Yürüteç & Rollatorlar","","3","Sağlık & Medikal > Hareket & Mobilite Yardımcıları > Yürüteç & Rollatorlar","sağlık & medikal > hareket & mobilite yardımcıları > yürüteç & rollatorlar","YES","CANDIDATE_FOR_PRODUCT_OWNER_FINALIZATION","LEGAL_REVIEW_REQUIRED","Sağlık & Medikal","YES","YES","Wave 15 Batch 03 proposal; Wave 32 finalization candidate; OM-R06=B; OM-R07=B; OM-R10=A.","TEMPORARY_AUDIT_ID_NOT_PRODUCTION_STABLE_ID"
"AUDIT-001396","BATCH_03","3dd6df685c7e6a5ed672188e010992063ea9d720","docs/TAXONOMY_BATCH_03_FINALIZATION_TREE.csv","368","","Sağlık & Medikal","Sağlık & Medikal","Rehabilitasyon & Fizik Tedavi Ürünleri","","","2","Sağlık & Medikal > Rehabilitasyon & Fizik Tedavi Ürünleri","sağlık & medikal > rehabilitasyon & fizik tedavi ürünleri","NO","CANDIDATE_FOR_PRODUCT_OWNER_FINALIZATION","LEGAL_REVIEW_REQUIRED","Sağlık & Medikal","YES","YES","Wave 15 Batch 03 proposal; Wave 32 finalization candidate; OM-R06=B; OM-R07=B; OM-R10=A.","TEMPORARY_AUDIT_ID_NOT_PRODUCTION_STABLE_ID"
"AUDIT-001397","BATCH_03","3dd6df685c7e6a5ed672188e010992063ea9d720","docs/TAXONOMY_BATCH_03_FINALIZATION_TREE.csv","369","AUDIT-001396","Sağlık & Medikal > Rehabilitasyon & Fizik Tedavi Ürünleri","Sağlık & Medikal","Rehabilitasyon & Fizik Tedavi Ürünleri","El Rehabilitasyon Ürünleri","","3","Sağlık & Medikal > Rehabilitasyon & Fizik Tedavi Ürünleri > El Rehabilitasyon Ürünleri","sağlık & medikal > rehabilitasyon & fizik tedavi ürünleri > el rehabilitasyon ürünleri","YES","CANDIDATE_FOR_PRODUCT_OWNER_FINALIZATION","LEGAL_REVIEW_REQUIRED","Sağlık & Medikal","YES","YES","Wave 15 Batch 03 proposal; Wave 32 finalization candidate; OM-R06=B; OM-R07=B; OM-R10=A.","TEMPORARY_AUDIT_ID_NOT_PRODUCTION_STABLE_ID"
"AUDIT-001398","BATCH_03","3dd6df685c7e6a5ed672188e010992063ea9d720","docs/TAXONOMY_BATCH_03_FINALIZATION_TREE.csv","370","AUDIT-001396","Sağlık & Medikal > Rehabilitasyon & Fizik Tedavi Ürünleri","Sağlık & Medikal","Rehabilitasyon & Fizik Tedavi Ürünleri","Elektroterapi Cihazları","","3","Sağlık & Medikal > Rehabilitasyon & Fizik Tedavi Ürünleri > Elektroterapi Cihazları","sağlık & medikal > rehabilitasyon & fizik tedavi ürünleri > elektroterapi cihazları","YES","CANDIDATE_FOR_PRODUCT_OWNER_FINALIZATION","LEGAL_REVIEW_REQUIRED","Sağlık & Medikal","YES","YES","Wave 15 Batch 03 proposal; Wave 32 finalization candidate; OM-R06=B; OM-R07=B; OM-R10=A.","TEMPORARY_AUDIT_ID_NOT_PRODUCTION_STABLE_ID"
"AUDIT-001399","BATCH_03","3dd6df685c7e6a5ed672188e010992063ea9d720","docs/TAXONOMY_BATCH_03_FINALIZATION_TREE.csv","371","AUDIT-001396","Sağlık & Medikal > Rehabilitasyon & Fizik Tedavi Ürünleri","Sağlık & Medikal","Rehabilitasyon & Fizik Tedavi Ürünleri","Sıcak & Soğuk Uygulama Ürünleri","","3","Sağlık & Medikal > Rehabilitasyon & Fizik Tedavi Ürünleri > Sıcak & Soğuk Uygulama Ürünleri","sağlık & medikal > rehabilitasyon & fizik tedavi ürünleri > sıcak & soğuk uygulama ürünleri","YES","CANDIDATE_FOR_PRODUCT_OWNER_FINALIZATION","LEGAL_REVIEW_REQUIRED","Sağlık & Medikal","YES","YES","Wave 15 Batch 03 proposal; Wave 32 finalization candidate; OM-R06=B; OM-R07=B; OM-R10=A.","TEMPORARY_AUDIT_ID_NOT_PRODUCTION_STABLE_ID"
"AUDIT-001400","BATCH_03","3dd6df685c7e6a5ed672188e010992063ea9d720","docs/TAXONOMY_BATCH_03_FINALIZATION_TREE.csv","372","AUDIT-001396","Sağlık & Medikal > Rehabilitasyon & Fizik Tedavi Ürünleri","Sağlık & Medikal","Rehabilitasyon & Fizik Tedavi Ürünleri","Terapi Egzersiz Ürünleri","","3","Sağlık & Medikal > Rehabilitasyon & Fizik Tedavi Ürünleri > Terapi Egzersiz Ürünleri","sağlık & medikal > rehabilitasyon & fizik tedavi ürünleri > terapi egzersiz ürünleri","YES","CANDIDATE_FOR_PRODUCT_OWNER_FINALIZATION","LEGAL_REVIEW_REQUIRED","Sağlık & Medikal","YES","YES","Wave 15 Batch 03 proposal; Wave 32 finalization candidate; OM-R06=B; OM-R07=B; OM-R10=A.","TEMPORARY_AUDIT_ID_NOT_PRODUCTION_STABLE_ID"
"AUDIT-001401","BATCH_03","3dd6df685c7e6a5ed672188e010992063ea9d720","docs/TAXONOMY_BATCH_03_FINALIZATION_TREE.csv","373","","Sağlık & Medikal","Sağlık & Medikal","Solunum & Evde Bakım Cihazları","","","2","Sağlık & Medikal > Solunum & Evde Bakım Cihazları","sağlık & medikal > solunum & evde bakım cihazları","NO","CANDIDATE_FOR_PRODUCT_OWNER_FINALIZATION","LEGAL_REVIEW_REQUIRED","Sağlık & Medikal","YES","YES","Wave 15 Batch 03 proposal; Wave 32 finalization candidate; OM-R06=B; OM-R07=B; OM-R10=A.","TEMPORARY_AUDIT_ID_NOT_PRODUCTION_STABLE_ID"
"AUDIT-001402","BATCH_03","3dd6df685c7e6a5ed672188e010992063ea9d720","docs/TAXONOMY_BATCH_03_FINALIZATION_TREE.csv","374","AUDIT-001401","Sağlık & Medikal > Solunum & Evde Bakım Cihazları","Sağlık & Medikal","Solunum & Evde Bakım Cihazları","CPAP & BPAP Cihazları","","3","Sağlık & Medikal > Solunum & Evde Bakım Cihazları > CPAP & BPAP Cihazları","sağlık & medikal > solunum & evde bakım cihazları > cpap & bpap cihazları","YES","CANDIDATE_FOR_PRODUCT_OWNER_FINALIZATION","LEGAL_REVIEW_REQUIRED","Sağlık & Medikal","YES","YES","Wave 15 Batch 03 proposal; Wave 32 finalization candidate; OM-R06=B; OM-R07=B; OM-R10=A.","TEMPORARY_AUDIT_ID_NOT_PRODUCTION_STABLE_ID"
"AUDIT-001403","BATCH_03","3dd6df685c7e6a5ed672188e010992063ea9d720","docs/TAXONOMY_BATCH_03_FINALIZATION_TREE.csv","375","AUDIT-001401","Sağlık & Medikal > Solunum & Evde Bakım Cihazları","Sağlık & Medikal","Solunum & Evde Bakım Cihazları","Ev Tipi Aspiratörler","","3","Sağlık & Medikal > Solunum & Evde Bakım Cihazları > Ev Tipi Aspiratörler","sağlık & medikal > solunum & evde bakım cihazları > ev tipi aspiratörler","YES","CANDIDATE_FOR_PRODUCT_OWNER_FINALIZATION","LEGAL_REVIEW_REQUIRED","Sağlık & Medikal","YES","YES","Wave 15 Batch 03 proposal; Wave 32 finalization candidate; OM-R06=B; OM-R07=B; OM-R10=A.","TEMPORARY_AUDIT_ID_NOT_PRODUCTION_STABLE_ID"
"AUDIT-001404","BATCH_03","3dd6df685c7e6a5ed672188e010992063ea9d720","docs/TAXONOMY_BATCH_03_FINALIZATION_TREE.csv","376","AUDIT-001401","Sağlık & Medikal > Solunum & Evde Bakım Cihazları","Sağlık & Medikal","Solunum & Evde Bakım Cihazları","Ev Tipi Nebulizerler","","3","Sağlık & Medikal > Solunum & Evde Bakım Cihazları > Ev Tipi Nebulizerler","sağlık & medikal > solunum & evde bakım cihazları > ev tipi nebulizerler","YES","CANDIDATE_FOR_PRODUCT_OWNER_FINALIZATION","LEGAL_REVIEW_REQUIRED","Sağlık & Medikal","YES","YES","Wave 15 Batch 03 proposal; Wave 32 finalization candidate; OM-R06=B; OM-R07=B; OM-R10=A.","TEMPORARY_AUDIT_ID_NOT_PRODUCTION_STABLE_ID"
"AUDIT-001405","BATCH_03","3dd6df685c7e6a5ed672188e010992063ea9d720","docs/TAXONOMY_BATCH_03_FINALIZATION_TREE.csv","377","AUDIT-001401","Sağlık & Medikal > Solunum & Evde Bakım Cihazları","Sağlık & Medikal","Solunum & Evde Bakım Cihazları","Ev Tipi Oksijen Destek Cihazları","","3","Sağlık & Medikal > Solunum & Evde Bakım Cihazları > Ev Tipi Oksijen Destek Cihazları","sağlık & medikal > solunum & evde bakım cihazları > ev tipi oksijen destek cihazları","YES","CANDIDATE_FOR_PRODUCT_OWNER_FINALIZATION","LEGAL_REVIEW_REQUIRED","Sağlık & Medikal","YES","YES","Wave 15 Batch 03 proposal; Wave 32 finalization candidate; OM-R06=B; OM-R07=B; OM-R10=A.","TEMPORARY_AUDIT_ID_NOT_PRODUCTION_STABLE_ID"
"AUDIT-001406","BATCH_03","3dd6df685c7e6a5ed672188e010992063ea9d720","docs/TAXONOMY_BATCH_03_FINALIZATION_TREE.csv","378","AUDIT-001401","Sağlık & Medikal > Solunum & Evde Bakım Cihazları","Sağlık & Medikal","Solunum & Evde Bakım Cihazları","Solunum Maskesi, Hortumu & Filtresi","","3","Sağlık & Medikal > Solunum & Evde Bakım Cihazları > Solunum Maskesi, Hortumu & Filtresi","sağlık & medikal > solunum & evde bakım cihazları > solunum maskesi, hortumu & filtresi","YES","CANDIDATE_FOR_PRODUCT_OWNER_FINALIZATION","LEGAL_REVIEW_REQUIRED","Sağlık & Medikal","YES","YES","Wave 15 Batch 03 proposal; Wave 32 finalization candidate; OM-R06=B; OM-R07=B; OM-R10=A.","TEMPORARY_AUDIT_ID_NOT_PRODUCTION_STABLE_ID"
"AUDIT-001407","BATCH_03","3dd6df685c7e6a5ed672188e010992063ea9d720","docs/TAXONOMY_BATCH_03_FINALIZATION_TREE.csv","379","","Sağlık & Medikal","Sağlık & Medikal","Medikal Sarf & Hasta Bakım Ürünleri","","","2","Sağlık & Medikal > Medikal Sarf & Hasta Bakım Ürünleri","sağlık & medikal > medikal sarf & hasta bakım ürünleri","NO","CANDIDATE_FOR_PRODUCT_OWNER_FINALIZATION","LEGAL_REVIEW_REQUIRED","Sağlık & Medikal","YES","YES","Wave 15 Batch 03 proposal; Wave 32 finalization candidate; OM-R06=B; OM-R07=B; OM-R10=A.","TEMPORARY_AUDIT_ID_NOT_PRODUCTION_STABLE_ID"
"AUDIT-001408","BATCH_03","3dd6df685c7e6a5ed672188e010992063ea9d720","docs/TAXONOMY_BATCH_03_FINALIZATION_TREE.csv","380","AUDIT-001407","Sağlık & Medikal > Medikal Sarf & Hasta Bakım Ürünleri","Sağlık & Medikal","Medikal Sarf & Hasta Bakım Ürünleri","Enjeksiyon & Kanül Sarfı","","3","Sağlık & Medikal > Medikal Sarf & Hasta Bakım Ürünleri > Enjeksiyon & Kanül Sarfı","sağlık & medikal > medikal sarf & hasta bakım ürünleri > enjeksiyon & kanül sarfı","YES","CANDIDATE_FOR_PRODUCT_OWNER_FINALIZATION","LEGAL_REVIEW_REQUIRED","Sağlık & Medikal","YES","YES","Wave 15 Batch 03 proposal; Wave 32 finalization candidate; OM-R06=B; OM-R07=B; OM-R10=A.","TEMPORARY_AUDIT_ID_NOT_PRODUCTION_STABLE_ID"
"AUDIT-001409","BATCH_03","3dd6df685c7e6a5ed672188e010992063ea9d720","docs/TAXONOMY_BATCH_03_FINALIZATION_TREE.csv","381","AUDIT-001407","Sağlık & Medikal > Medikal Sarf & Hasta Bakım Ürünleri","Sağlık & Medikal","Medikal Sarf & Hasta Bakım Ürünleri","Hasta Bakım Örtüleri & Setleri","","3","Sağlık & Medikal > Medikal Sarf & Hasta Bakım Ürünleri > Hasta Bakım Örtüleri & Setleri","sağlık & medikal > medikal sarf & hasta bakım ürünleri > hasta bakım örtüleri & setleri","YES","CANDIDATE_FOR_PRODUCT_OWNER_FINALIZATION","LEGAL_REVIEW_REQUIRED","Sağlık & Medikal","YES","YES","Wave 15 Batch 03 proposal; Wave 32 finalization candidate; OM-R06=B; OM-R07=B; OM-R10=A.","TEMPORARY_AUDIT_ID_NOT_PRODUCTION_STABLE_ID"
"AUDIT-001410","BATCH_03","3dd6df685c7e6a5ed672188e010992063ea9d720","docs/TAXONOMY_BATCH_03_FINALIZATION_TREE.csv","382","AUDIT-001407","Sağlık & Medikal > Medikal Sarf & Hasta Bakım Ürünleri","Sağlık & Medikal","Medikal Sarf & Hasta Bakım Ürünleri","İnkontinans Bakım Ürünleri","","3","Sağlık & Medikal > Medikal Sarf & Hasta Bakım Ürünleri > İnkontinans Bakım Ürünleri","sağlık & medikal > medikal sarf & hasta bakım ürünleri > inkontinans bakım ürünleri","YES","CANDIDATE_FOR_PRODUCT_OWNER_FINALIZATION","LEGAL_REVIEW_REQUIRED","Sağlık & Medikal","YES","YES","Wave 15 Batch 03 proposal; Wave 32 finalization candidate; OM-R06=B; OM-R07=B; OM-R10=A.","TEMPORARY_AUDIT_ID_NOT_PRODUCTION_STABLE_ID"
"AUDIT-001411","BATCH_03","3dd6df685c7e6a5ed672188e010992063ea9d720","docs/TAXONOMY_BATCH_03_FINALIZATION_TREE.csv","383","AUDIT-001407","Sağlık & Medikal > Medikal Sarf & Hasta Bakım Ürünleri","Sağlık & Medikal","Medikal Sarf & Hasta Bakım Ürünleri","Muayene & Pansuman Sarfı","","3","Sağlık & Medikal > Medikal Sarf & Hasta Bakım Ürünleri > Muayene & Pansuman Sarfı","sağlık & medikal > medikal sarf & hasta bakım ürünleri > muayene & pansuman sarfı","YES","CANDIDATE_FOR_PRODUCT_OWNER_FINALIZATION","LEGAL_REVIEW_REQUIRED","Sağlık & Medikal","YES","YES","Wave 15 Batch 03 proposal; Wave 32 finalization candidate; OM-R06=B; OM-R07=B; OM-R10=A.","TEMPORARY_AUDIT_ID_NOT_PRODUCTION_STABLE_ID"
"AUDIT-001412","BATCH_03","3dd6df685c7e6a5ed672188e010992063ea9d720","docs/TAXONOMY_BATCH_03_FINALIZATION_TREE.csv","384","AUDIT-001407","Sağlık & Medikal > Medikal Sarf & Hasta Bakım Ürünleri","Sağlık & Medikal","Medikal Sarf & Hasta Bakım Ürünleri","Ostomi Bakım Ürünleri","","3","Sağlık & Medikal > Medikal Sarf & Hasta Bakım Ürünleri > Ostomi Bakım Ürünleri","sağlık & medikal > medikal sarf & hasta bakım ürünleri > ostomi bakım ürünleri","YES","CANDIDATE_FOR_PRODUCT_OWNER_FINALIZATION","LEGAL_REVIEW_REQUIRED","Sağlık & Medikal","YES","YES","Wave 15 Batch 03 proposal; Wave 32 finalization candidate; OM-R06=B; OM-R07=B; OM-R10=A.","TEMPORARY_AUDIT_ID_NOT_PRODUCTION_STABLE_ID"
"AUDIT-001413","BATCH_03","3dd6df685c7e6a5ed672188e010992063ea9d720","docs/TAXONOMY_BATCH_03_FINALIZATION_TREE.csv","385","","Sağlık & Medikal","Sağlık & Medikal","Kişisel Koruyucu Medikal Ürünler","","","2","Sağlık & Medikal > Kişisel Koruyucu Medikal Ürünler","sağlık & medikal > kişisel koruyucu medikal ürünler","NO","CANDIDATE_FOR_PRODUCT_OWNER_FINALIZATION","LEGAL_REVIEW_REQUIRED","Sağlık & Medikal","YES","YES","Wave 15 Batch 03 proposal; Wave 32 finalization candidate; OM-R06=B; OM-R07=B; OM-R10=A.","TEMPORARY_AUDIT_ID_NOT_PRODUCTION_STABLE_ID"
"AUDIT-001414","BATCH_03","3dd6df685c7e6a5ed672188e010992063ea9d720","docs/TAXONOMY_BATCH_03_FINALIZATION_TREE.csv","386","AUDIT-001413","Sağlık & Medikal > Kişisel Koruyucu Medikal Ürünler","Sağlık & Medikal","Kişisel Koruyucu Medikal Ürünler","Koruyucu Önlükler","","3","Sağlık & Medikal > Kişisel Koruyucu Medikal Ürünler > Koruyucu Önlükler","sağlık & medikal > kişisel koruyucu medikal ürünler > koruyucu önlükler","YES","CANDIDATE_FOR_PRODUCT_OWNER_FINALIZATION","LEGAL_REVIEW_REQUIRED","Sağlık & Medikal","YES","YES","Wave 15 Batch 03 proposal; Wave 32 finalization candidate; OM-R06=B; OM-R07=B; OM-R10=A.","TEMPORARY_AUDIT_ID_NOT_PRODUCTION_STABLE_ID"
"AUDIT-001415","BATCH_03","3dd6df685c7e6a5ed672188e010992063ea9d720","docs/TAXONOMY_BATCH_03_FINALIZATION_TREE.csv","387","AUDIT-001413","Sağlık & Medikal > Kişisel Koruyucu Medikal Ürünler","Sağlık & Medikal","Kişisel Koruyucu Medikal Ürünler","Medikal Bone & Galoşlar","","3","Sağlık & Medikal > Kişisel Koruyucu Medikal Ürünler > Medikal Bone & Galoşlar","sağlık & medikal > kişisel koruyucu medikal ürünler > medikal bone & galoşlar","YES","CANDIDATE_FOR_PRODUCT_OWNER_FINALIZATION","LEGAL_REVIEW_REQUIRED","Sağlık & Medikal","YES","YES","Wave 15 Batch 03 proposal; Wave 32 finalization candidate; OM-R06=B; OM-R07=B; OM-R10=A.","TEMPORARY_AUDIT_ID_NOT_PRODUCTION_STABLE_ID"
"AUDIT-001416","BATCH_03","3dd6df685c7e6a5ed672188e010992063ea9d720","docs/TAXONOMY_BATCH_03_FINALIZATION_TREE.csv","388","AUDIT-001413","Sağlık & Medikal > Kişisel Koruyucu Medikal Ürünler","Sağlık & Medikal","Kişisel Koruyucu Medikal Ürünler","Medikal Maskeler & Respiratörler","","3","Sağlık & Medikal > Kişisel Koruyucu Medikal Ürünler > Medikal Maskeler & Respiratörler","sağlık & medikal > kişisel koruyucu medikal ürünler > medikal maskeler & respiratörler","YES","CANDIDATE_FOR_PRODUCT_OWNER_FINALIZATION","LEGAL_REVIEW_REQUIRED","Sağlık & Medikal","YES","YES","Wave 15 Batch 03 proposal; Wave 32 finalization candidate; OM-R06=B; OM-R07=B; OM-R10=A.","TEMPORARY_AUDIT_ID_NOT_PRODUCTION_STABLE_ID"
"AUDIT-001417","BATCH_03","3dd6df685c7e6a5ed672188e010992063ea9d720","docs/TAXONOMY_BATCH_03_FINALIZATION_TREE.csv","389","AUDIT-001413","Sağlık & Medikal > Kişisel Koruyucu Medikal Ürünler","Sağlık & Medikal","Kişisel Koruyucu Medikal Ürünler","Muayene Eldivenleri","","3","Sağlık & Medikal > Kişisel Koruyucu Medikal Ürünler > Muayene Eldivenleri","sağlık & medikal > kişisel koruyucu medikal ürünler > muayene eldivenleri","YES","CANDIDATE_FOR_PRODUCT_OWNER_FINALIZATION","LEGAL_REVIEW_REQUIRED","Sağlık & Medikal","YES","YES","Wave 15 Batch 03 proposal; Wave 32 finalization candidate; OM-R06=B; OM-R07=B; OM-R10=A.","TEMPORARY_AUDIT_ID_NOT_PRODUCTION_STABLE_ID"
"AUDIT-001418","BATCH_03","3dd6df685c7e6a5ed672188e010992063ea9d720","docs/TAXONOMY_BATCH_03_FINALIZATION_TREE.csv","390","AUDIT-001413","Sağlık & Medikal > Kişisel Koruyucu Medikal Ürünler","Sağlık & Medikal","Kişisel Koruyucu Medikal Ürünler","Yüz Siperleri","","3","Sağlık & Medikal > Kişisel Koruyucu Medikal Ürünler > Yüz Siperleri","sağlık & medikal > kişisel koruyucu medikal ürünler > yüz siperleri","YES","CANDIDATE_FOR_PRODUCT_OWNER_FINALIZATION","LEGAL_REVIEW_REQUIRED","Sağlık & Medikal","YES","YES","Wave 15 Batch 03 proposal; Wave 32 finalization candidate; OM-R06=B; OM-R07=B; OM-R10=A.","TEMPORARY_AUDIT_ID_NOT_PRODUCTION_STABLE_ID"
"AUDIT-001419","BATCH_03","3dd6df685c7e6a5ed672188e010992063ea9d720","docs/TAXONOMY_BATCH_03_FINALIZATION_TREE.csv","391","","Sağlık & Medikal","Sağlık & Medikal","Günlük Yaşam & Erişilebilirlik Yardımcıları","","","2","Sağlık & Medikal > Günlük Yaşam & Erişilebilirlik Yardımcıları","sağlık & medikal > günlük yaşam & erişilebilirlik yardımcıları","NO","CANDIDATE_FOR_PRODUCT_OWNER_FINALIZATION","LEGAL_REVIEW_REQUIRED","Sağlık & Medikal","YES","YES","Wave 15 Batch 03 proposal; Wave 32 finalization candidate; OM-R06=B; OM-R07=B; OM-R10=A.","TEMPORARY_AUDIT_ID_NOT_PRODUCTION_STABLE_ID"
"AUDIT-001420","BATCH_03","3dd6df685c7e6a5ed672188e010992063ea9d720","docs/TAXONOMY_BATCH_03_FINALIZATION_TREE.csv","392","AUDIT-001419","Sağlık & Medikal > Günlük Yaşam & Erişilebilirlik Yardımcıları","Sağlık & Medikal","Günlük Yaşam & Erişilebilirlik Yardımcıları","Banyo & Tuvalet Yardımcıları","","3","Sağlık & Medikal > Günlük Yaşam & Erişilebilirlik Yardımcıları > Banyo & Tuvalet Yardımcıları","sağlık & medikal > günlük yaşam & erişilebilirlik yardımcıları > banyo & tuvalet yardımcıları","YES","CANDIDATE_FOR_PRODUCT_OWNER_FINALIZATION","LEGAL_REVIEW_REQUIRED","Sağlık & Medikal","YES","YES","Wave 15 Batch 03 proposal; Wave 32 finalization candidate; OM-R06=B; OM-R07=B; OM-R10=A.","TEMPORARY_AUDIT_ID_NOT_PRODUCTION_STABLE_ID"
"AUDIT-001421","BATCH_03","3dd6df685c7e6a5ed672188e010992063ea9d720","docs/TAXONOMY_BATCH_03_FINALIZATION_TREE.csv","393","AUDIT-001419","Sağlık & Medikal > Günlük Yaşam & Erişilebilirlik Yardımcıları","Sağlık & Medikal","Günlük Yaşam & Erişilebilirlik Yardımcıları","Giyinme Yardımcıları","","3","Sağlık & Medikal > Günlük Yaşam & Erişilebilirlik Yardımcıları > Giyinme Yardımcıları","sağlık & medikal > günlük yaşam & erişilebilirlik yardımcıları > giyinme yardımcıları","YES","CANDIDATE_FOR_PRODUCT_OWNER_FINALIZATION","LEGAL_REVIEW_REQUIRED","Sağlık & Medikal","YES","YES","Wave 15 Batch 03 proposal; Wave 32 finalization candidate; OM-R06=B; OM-R07=B; OM-R10=A.","TEMPORARY_AUDIT_ID_NOT_PRODUCTION_STABLE_ID"
"AUDIT-001422","BATCH_03","3dd6df685c7e6a5ed672188e010992063ea9d720","docs/TAXONOMY_BATCH_03_FINALIZATION_TREE.csv","394","AUDIT-001419","Sağlık & Medikal > Günlük Yaşam & Erişilebilirlik Yardımcıları","Sağlık & Medikal","Günlük Yaşam & Erişilebilirlik Yardımcıları","Transfer & Tutunma Yardımcıları","","3","Sağlık & Medikal > Günlük Yaşam & Erişilebilirlik Yardımcıları > Transfer & Tutunma Yardımcıları","sağlık & medikal > günlük yaşam & erişilebilirlik yardımcıları > transfer & tutunma yardımcıları","YES","CANDIDATE_FOR_PRODUCT_OWNER_FINALIZATION","LEGAL_REVIEW_REQUIRED","Sağlık & Medikal","YES","YES","Wave 15 Batch 03 proposal; Wave 32 finalization candidate; OM-R06=B; OM-R07=B; OM-R10=A.","TEMPORARY_AUDIT_ID_NOT_PRODUCTION_STABLE_ID"
"AUDIT-001423","BATCH_03","3dd6df685c7e6a5ed672188e010992063ea9d720","docs/TAXONOMY_BATCH_03_FINALIZATION_TREE.csv","395","AUDIT-001419","Sağlık & Medikal > Günlük Yaşam & Erişilebilirlik Yardımcıları","Sağlık & Medikal","Günlük Yaşam & Erişilebilirlik Yardımcıları","Uzanma & Kavrama Yardımcıları","","3","Sağlık & Medikal > Günlük Yaşam & Erişilebilirlik Yardımcıları > Uzanma & Kavrama Yardımcıları","sağlık & medikal > günlük yaşam & erişilebilirlik yardımcıları > uzanma & kavrama yardımcıları","YES","CANDIDATE_FOR_PRODUCT_OWNER_FINALIZATION","LEGAL_REVIEW_REQUIRED","Sağlık & Medikal","YES","YES","Wave 15 Batch 03 proposal; Wave 32 finalization candidate; OM-R06=B; OM-R07=B; OM-R10=A.","TEMPORARY_AUDIT_ID_NOT_PRODUCTION_STABLE_ID"
"AUDIT-001424","BATCH_03","3dd6df685c7e6a5ed672188e010992063ea9d720","docs/TAXONOMY_BATCH_03_FINALIZATION_TREE.csv","396","AUDIT-001419","Sağlık & Medikal > Günlük Yaşam & Erişilebilirlik Yardımcıları","Sağlık & Medikal","Günlük Yaşam & Erişilebilirlik Yardımcıları","Yeme & İçme Yardımcıları","","3","Sağlık & Medikal > Günlük Yaşam & Erişilebilirlik Yardımcıları > Yeme & İçme Yardımcıları","sağlık & medikal > günlük yaşam & erişilebilirlik yardımcıları > yeme & içme yardımcıları","YES","CANDIDATE_FOR_PRODUCT_OWNER_FINALIZATION","LEGAL_REVIEW_REQUIRED","Sağlık & Medikal","YES","YES","Wave 15 Batch 03 proposal; Wave 32 finalization candidate; OM-R06=B; OM-R07=B; OM-R10=A.","TEMPORARY_AUDIT_ID_NOT_PRODUCTION_STABLE_ID"
"AUDIT-001425","BATCH_03","3dd6df685c7e6a5ed672188e010992063ea9d720","docs/TAXONOMY_BATCH_03_FINALIZATION_TREE.csv","397","","Çiçek & Bahçe","Çiçek & Bahçe","Canlı Saksı Bitkileri","","","2","Çiçek & Bahçe > Canlı Saksı Bitkileri","çiçek & bahçe > canlı saksı bitkileri","NO","CANDIDATE_FOR_PRODUCT_OWNER_FINALIZATION","LEGAL_REVIEW_REQUIRED","Çiçek & Bahçe","YES","YES","Wave 15 Batch 03 proposal; Wave 32 finalization candidate; OM-R06=B; OM-R07=B; OM-R10=A.","TEMPORARY_AUDIT_ID_NOT_PRODUCTION_STABLE_ID"
"AUDIT-001426","BATCH_03","3dd6df685c7e6a5ed672188e010992063ea9d720","docs/TAXONOMY_BATCH_03_FINALIZATION_TREE.csv","398","AUDIT-001425","Çiçek & Bahçe > Canlı Saksı Bitkileri","Çiçek & Bahçe","Canlı Saksı Bitkileri","Dekoratif Ağaç & Çalılar","","3","Çiçek & Bahçe > Canlı Saksı Bitkileri > Dekoratif Ağaç & Çalılar","çiçek & bahçe > canlı saksı bitkileri > dekoratif ağaç & çalılar","YES","CANDIDATE_FOR_PRODUCT_OWNER_FINALIZATION","LEGAL_REVIEW_REQUIRED","Çiçek & Bahçe","YES","YES","Wave 15 Batch 03 proposal; Wave 32 finalization candidate; OM-R06=B; OM-R07=B; OM-R10=A.","TEMPORARY_AUDIT_ID_NOT_PRODUCTION_STABLE_ID"
"AUDIT-001427","BATCH_03","3dd6df685c7e6a5ed672188e010992063ea9d720","docs/TAXONOMY_BATCH_03_FINALIZATION_TREE.csv","399","AUDIT-001425","Çiçek & Bahçe > Canlı Saksı Bitkileri","Çiçek & Bahçe","Canlı Saksı Bitkileri","Dış Mekan & Balkon Bitkileri","","3","Çiçek & Bahçe > Canlı Saksı Bitkileri > Dış Mekan & Balkon Bitkileri","çiçek & bahçe > canlı saksı bitkileri > dış mekan & balkon bitkileri","YES","CANDIDATE_FOR_PRODUCT_OWNER_FINALIZATION","LEGAL_REVIEW_REQUIRED","Çiçek & Bahçe","YES","YES","Wave 15 Batch 03 proposal; Wave 32 finalization candidate; OM-R06=B; OM-R07=B; OM-R10=A.","TEMPORARY_AUDIT_ID_NOT_PRODUCTION_STABLE_ID"
"AUDIT-001428","BATCH_03","3dd6df685c7e6a5ed672188e010992063ea9d720","docs/TAXONOMY_BATCH_03_FINALIZATION_TREE.csv","400","AUDIT-001425","Çiçek & Bahçe > Canlı Saksı Bitkileri","Çiçek & Bahçe","Canlı Saksı Bitkileri","İç Mekan Saksı Bitkileri","","3","Çiçek & Bahçe > Canlı Saksı Bitkileri > İç Mekan Saksı Bitkileri","çiçek & bahçe > canlı saksı bitkileri > iç mekan saksı bitkileri","YES","CANDIDATE_FOR_PRODUCT_OWNER_FINALIZATION","LEGAL_REVIEW_REQUIRED","Çiçek & Bahçe","YES","YES","Wave 15 Batch 03 proposal; Wave 32 finalization candidate; OM-R06=B; OM-R07=B; OM-R10=A.","TEMPORARY_AUDIT_ID_NOT_PRODUCTION_STABLE_ID"
"AUDIT-001429","BATCH_03","3dd6df685c7e6a5ed672188e010992063ea9d720","docs/TAXONOMY_BATCH_03_FINALIZATION_TREE.csv","401","AUDIT-001425","Çiçek & Bahçe > Canlı Saksı Bitkileri","Çiçek & Bahçe","Canlı Saksı Bitkileri","Sukulent & Kaktüsler","","3","Çiçek & Bahçe > Canlı Saksı Bitkileri > Sukulent & Kaktüsler","çiçek & bahçe > canlı saksı bitkileri > sukulent & kaktüsler","YES","CANDIDATE_FOR_PRODUCT_OWNER_FINALIZATION","LEGAL_REVIEW_REQUIRED","Çiçek & Bahçe","YES","YES","Wave 15 Batch 03 proposal; Wave 32 finalization candidate; OM-R06=B; OM-R07=B; OM-R10=A.","TEMPORARY_AUDIT_ID_NOT_PRODUCTION_STABLE_ID"
"AUDIT-001430","BATCH_03","3dd6df685c7e6a5ed672188e010992063ea9d720","docs/TAXONOMY_BATCH_03_FINALIZATION_TREE.csv","402","","Çiçek & Bahçe","Çiçek & Bahçe","Kesme Çiçek & Fiziksel Aranjmanlar","","","2","Çiçek & Bahçe > Kesme Çiçek & Fiziksel Aranjmanlar","çiçek & bahçe > kesme çiçek & fiziksel aranjmanlar","NO","CANDIDATE_FOR_PRODUCT_OWNER_FINALIZATION","LEGAL_REVIEW_REQUIRED","Çiçek & Bahçe","YES","YES","Wave 15 Batch 03 proposal; Wave 32 finalization candidate; OM-R06=B; OM-R07=B; OM-R10=A.","TEMPORARY_AUDIT_ID_NOT_PRODUCTION_STABLE_ID"
"AUDIT-001431","BATCH_03","3dd6df685c7e6a5ed672188e010992063ea9d720","docs/TAXONOMY_BATCH_03_FINALIZATION_TREE.csv","403","AUDIT-001430","Çiçek & Bahçe > Kesme Çiçek & Fiziksel Aranjmanlar","Çiçek & Bahçe","Kesme Çiçek & Fiziksel Aranjmanlar","Çelenkler","","3","Çiçek & Bahçe > Kesme Çiçek & Fiziksel Aranjmanlar > Çelenkler","çiçek & bahçe > kesme çiçek & fiziksel aranjmanlar > çelenkler","YES","CANDIDATE_FOR_PRODUCT_OWNER_FINALIZATION","LEGAL_REVIEW_REQUIRED","Çiçek & Bahçe","YES","YES","Wave 15 Batch 03 proposal; Wave 32 finalization candidate; OM-R06=B; OM-R07=B; OM-R10=A.","TEMPORARY_AUDIT_ID_NOT_PRODUCTION_STABLE_ID"
"AUDIT-001432","BATCH_03","3dd6df685c7e6a5ed672188e010992063ea9d720","docs/TAXONOMY_BATCH_03_FINALIZATION_TREE.csv","404","AUDIT-001430","Çiçek & Bahçe > Kesme Çiçek & Fiziksel Aranjmanlar","Çiçek & Bahçe","Kesme Çiçek & Fiziksel Aranjmanlar","Çiçek Buketleri","","3","Çiçek & Bahçe > Kesme Çiçek & Fiziksel Aranjmanlar > Çiçek Buketleri","çiçek & bahçe > kesme çiçek & fiziksel aranjmanlar > çiçek buketleri","YES","CANDIDATE_FOR_PRODUCT_OWNER_FINALIZATION","LEGAL_REVIEW_REQUIRED","Çiçek & Bahçe","YES","YES","Wave 15 Batch 03 proposal; Wave 32 finalization candidate; OM-R06=B; OM-R07=B; OM-R10=A.","TEMPORARY_AUDIT_ID_NOT_PRODUCTION_STABLE_ID"
"AUDIT-001433","BATCH_03","3dd6df685c7e6a5ed672188e010992063ea9d720","docs/TAXONOMY_BATCH_03_FINALIZATION_TREE.csv","405","AUDIT-001430","Çiçek & Bahçe > Kesme Çiçek & Fiziksel Aranjmanlar","Çiçek & Bahçe","Kesme Çiçek & Fiziksel Aranjmanlar","Fiziksel Çiçek Aranjmanları","","3","Çiçek & Bahçe > Kesme Çiçek & Fiziksel Aranjmanlar > Fiziksel Çiçek Aranjmanları","çiçek & bahçe > kesme çiçek & fiziksel aranjmanlar > fiziksel çiçek aranjmanları","YES","CANDIDATE_FOR_PRODUCT_OWNER_FINALIZATION","LEGAL_REVIEW_REQUIRED","Çiçek & Bahçe","YES","YES","Wave 15 Batch 03 proposal; Wave 32 finalization candidate; OM-R06=B; OM-R07=B; OM-R10=A.","TEMPORARY_AUDIT_ID_NOT_PRODUCTION_STABLE_ID"
"AUDIT-001434","BATCH_03","3dd6df685c7e6a5ed672188e010992063ea9d720","docs/TAXONOMY_BATCH_03_FINALIZATION_TREE.csv","406","AUDIT-001430","Çiçek & Bahçe > Kesme Çiçek & Fiziksel Aranjmanlar","Çiçek & Bahçe","Kesme Çiçek & Fiziksel Aranjmanlar","Kesme Çiçekler","","3","Çiçek & Bahçe > Kesme Çiçek & Fiziksel Aranjmanlar > Kesme Çiçekler","çiçek & bahçe > kesme çiçek & fiziksel aranjmanlar > kesme çiçekler","YES","CANDIDATE_FOR_PRODUCT_OWNER_FINALIZATION","LEGAL_REVIEW_REQUIRED","Çiçek & Bahçe","YES","YES","Wave 15 Batch 03 proposal; Wave 32 finalization candidate; OM-R06=B; OM-R07=B; OM-R10=A.","TEMPORARY_AUDIT_ID_NOT_PRODUCTION_STABLE_ID"
"AUDIT-001435","BATCH_03","3dd6df685c7e6a5ed672188e010992063ea9d720","docs/TAXONOMY_BATCH_03_FINALIZATION_TREE.csv","407","","Çiçek & Bahçe","Çiçek & Bahçe","Tohum, Fide & Bitki Soğanları","","","2","Çiçek & Bahçe > Tohum, Fide & Bitki Soğanları","çiçek & bahçe > tohum, fide & bitki soğanları","NO","CANDIDATE_FOR_PRODUCT_OWNER_FINALIZATION","LEGAL_REVIEW_REQUIRED","Çiçek & Bahçe","YES","YES","Wave 15 Batch 03 proposal; Wave 32 finalization candidate; OM-R06=B; OM-R07=B; OM-R10=A.","TEMPORARY_AUDIT_ID_NOT_PRODUCTION_STABLE_ID"
"AUDIT-001436","BATCH_03","3dd6df685c7e6a5ed672188e010992063ea9d720","docs/TAXONOMY_BATCH_03_FINALIZATION_TREE.csv","408","AUDIT-001435","Çiçek & Bahçe > Tohum, Fide & Bitki Soğanları","Çiçek & Bahçe","Tohum, Fide & Bitki Soğanları","Bitki Soğanı, Yumru & Rizomlar","","3","Çiçek & Bahçe > Tohum, Fide & Bitki Soğanları > Bitki Soğanı, Yumru & Rizomlar","çiçek & bahçe > tohum, fide & bitki soğanları > bitki soğanı, yumru & rizomlar","YES","CANDIDATE_FOR_PRODUCT_OWNER_FINALIZATION","LEGAL_REVIEW_REQUIRED","Çiçek & Bahçe","YES","YES","Wave 15 Batch 03 proposal; Wave 32 finalization candidate; OM-R06=B; OM-R07=B; OM-R10=A.","TEMPORARY_AUDIT_ID_NOT_PRODUCTION_STABLE_ID"
"AUDIT-001437","BATCH_03","3dd6df685c7e6a5ed672188e010992063ea9d720","docs/TAXONOMY_BATCH_03_FINALIZATION_TREE.csv","409","AUDIT-001435","Çiçek & Bahçe > Tohum, Fide & Bitki Soğanları","Çiçek & Bahçe","Tohum, Fide & Bitki Soğanları","Çiçek Tohumları","","3","Çiçek & Bahçe > Tohum, Fide & Bitki Soğanları > Çiçek Tohumları","çiçek & bahçe > tohum, fide & bitki soğanları > çiçek tohumları","YES","CANDIDATE_FOR_PRODUCT_OWNER_FINALIZATION","LEGAL_REVIEW_REQUIRED","Çiçek & Bahçe","YES","YES","Wave 15 Batch 03 proposal; Wave 32 finalization candidate; OM-R06=B; OM-R07=B; OM-R10=A.","TEMPORARY_AUDIT_ID_NOT_PRODUCTION_STABLE_ID"
"AUDIT-001438","BATCH_03","3dd6df685c7e6a5ed672188e010992063ea9d720","docs/TAXONOMY_BATCH_03_FINALIZATION_TREE.csv","410","AUDIT-001435","Çiçek & Bahçe > Tohum, Fide & Bitki Soğanları","Çiçek & Bahçe","Tohum, Fide & Bitki Soğanları","Çim Tohumları","","3","Çiçek & Bahçe > Tohum, Fide & Bitki Soğanları > Çim Tohumları","çiçek & bahçe > tohum, fide & bitki soğanları > çim tohumları","YES","CANDIDATE_FOR_PRODUCT_OWNER_FINALIZATION","LEGAL_REVIEW_REQUIRED","Çiçek & Bahçe","YES","YES","Wave 15 Batch 03 proposal; Wave 32 finalization candidate; OM-R06=B; OM-R07=B; OM-R10=A.","TEMPORARY_AUDIT_ID_NOT_PRODUCTION_STABLE_ID"
"AUDIT-001439","BATCH_03","3dd6df685c7e6a5ed672188e010992063ea9d720","docs/TAXONOMY_BATCH_03_FINALIZATION_TREE.csv","411","AUDIT-001435","Çiçek & Bahçe > Tohum, Fide & Bitki Soğanları","Çiçek & Bahçe","Tohum, Fide & Bitki Soğanları","Fide & Fidanlar","","3","Çiçek & Bahçe > Tohum, Fide & Bitki Soğanları > Fide & Fidanlar","çiçek & bahçe > tohum, fide & bitki soğanları > fide & fidanlar","YES","CANDIDATE_FOR_PRODUCT_OWNER_FINALIZATION","LEGAL_REVIEW_REQUIRED","Çiçek & Bahçe","YES","YES","Wave 15 Batch 03 proposal; Wave 32 finalization candidate; OM-R06=B; OM-R07=B; OM-R10=A.","TEMPORARY_AUDIT_ID_NOT_PRODUCTION_STABLE_ID"
"AUDIT-001440","BATCH_03","3dd6df685c7e6a5ed672188e010992063ea9d720","docs/TAXONOMY_BATCH_03_FINALIZATION_TREE.csv","412","AUDIT-001435","Çiçek & Bahçe > Tohum, Fide & Bitki Soğanları","Çiçek & Bahçe","Tohum, Fide & Bitki Soğanları","Sebze & Ot Tohumları","","3","Çiçek & Bahçe > Tohum, Fide & Bitki Soğanları > Sebze & Ot Tohumları","çiçek & bahçe > tohum, fide & bitki soğanları > sebze & ot tohumları","YES","CANDIDATE_FOR_PRODUCT_OWNER_FINALIZATION","LEGAL_REVIEW_REQUIRED","Çiçek & Bahçe","YES","YES","Wave 15 Batch 03 proposal; Wave 32 finalization candidate; OM-R06=B; OM-R07=B; OM-R10=A.","TEMPORARY_AUDIT_ID_NOT_PRODUCTION_STABLE_ID"
"AUDIT-001441","BATCH_03","3dd6df685c7e6a5ed672188e010992063ea9d720","docs/TAXONOMY_BATCH_03_FINALIZATION_TREE.csv","413","","Çiçek & Bahçe","Çiçek & Bahçe","Yapay Çiçek & Yapay Bitkiler","","","2","Çiçek & Bahçe > Yapay Çiçek & Yapay Bitkiler","çiçek & bahçe > yapay çiçek & yapay bitkiler","NO","CANDIDATE_FOR_PRODUCT_OWNER_FINALIZATION","REGULATED","Çiçek & Bahçe","YES","YES","Wave 15 Batch 03 proposal; Wave 32 finalization candidate; OM-R06=B; OM-R07=B; OM-R10=A.","TEMPORARY_AUDIT_ID_NOT_PRODUCTION_STABLE_ID"
"AUDIT-001442","BATCH_03","3dd6df685c7e6a5ed672188e010992063ea9d720","docs/TAXONOMY_BATCH_03_FINALIZATION_TREE.csv","414","AUDIT-001441","Çiçek & Bahçe > Yapay Çiçek & Yapay Bitkiler","Çiçek & Bahçe","Yapay Çiçek & Yapay Bitkiler","Yapay Çiçek Aranjmanları","","3","Çiçek & Bahçe > Yapay Çiçek & Yapay Bitkiler > Yapay Çiçek Aranjmanları","çiçek & bahçe > yapay çiçek & yapay bitkiler > yapay çiçek aranjmanları","YES","CANDIDATE_FOR_PRODUCT_OWNER_FINALIZATION","NORMAL","Çiçek & Bahçe","YES","NO","Wave 15 Batch 03 proposal; Wave 32 finalization candidate; OM-R06=B; OM-R07=B; OM-R10=A.","TEMPORARY_AUDIT_ID_NOT_PRODUCTION_STABLE_ID"
"AUDIT-001443","BATCH_03","3dd6df685c7e6a5ed672188e010992063ea9d720","docs/TAXONOMY_BATCH_03_FINALIZATION_TREE.csv","415","AUDIT-001441","Çiçek & Bahçe > Yapay Çiçek & Yapay Bitkiler","Çiçek & Bahçe","Yapay Çiçek & Yapay Bitkiler","Yapay Çiçek Dalları","","3","Çiçek & Bahçe > Yapay Çiçek & Yapay Bitkiler > Yapay Çiçek Dalları","çiçek & bahçe > yapay çiçek & yapay bitkiler > yapay çiçek dalları","YES","CANDIDATE_FOR_PRODUCT_OWNER_FINALIZATION","NORMAL","Çiçek & Bahçe","YES","NO","Wave 15 Batch 03 proposal; Wave 32 finalization candidate; OM-R06=B; OM-R07=B; OM-R10=A.","TEMPORARY_AUDIT_ID_NOT_PRODUCTION_STABLE_ID"
"AUDIT-001444","BATCH_03","3dd6df685c7e6a5ed672188e010992063ea9d720","docs/TAXONOMY_BATCH_03_FINALIZATION_TREE.csv","416","AUDIT-001441","Çiçek & Bahçe > Yapay Çiçek & Yapay Bitkiler","Çiçek & Bahçe","Yapay Çiçek & Yapay Bitkiler","Yapay Saksı Bitkileri","","3","Çiçek & Bahçe > Yapay Çiçek & Yapay Bitkiler > Yapay Saksı Bitkileri","çiçek & bahçe > yapay çiçek & yapay bitkiler > yapay saksı bitkileri","YES","CANDIDATE_FOR_PRODUCT_OWNER_FINALIZATION","NORMAL","Çiçek & Bahçe","YES","NO","Wave 15 Batch 03 proposal; Wave 32 finalization candidate; OM-R06=B; OM-R07=B; OM-R10=A.","TEMPORARY_AUDIT_ID_NOT_PRODUCTION_STABLE_ID"
"AUDIT-001445","BATCH_03","3dd6df685c7e6a5ed672188e010992063ea9d720","docs/TAXONOMY_BATCH_03_FINALIZATION_TREE.csv","417","AUDIT-001441","Çiçek & Bahçe > Yapay Çiçek & Yapay Bitkiler","Çiçek & Bahçe","Yapay Çiçek & Yapay Bitkiler","Yapay Sarmaşık & Bitki Duvarları","","3","Çiçek & Bahçe > Yapay Çiçek & Yapay Bitkiler > Yapay Sarmaşık & Bitki Duvarları","çiçek & bahçe > yapay çiçek & yapay bitkiler > yapay sarmaşık & bitki duvarları","YES","CANDIDATE_FOR_PRODUCT_OWNER_FINALIZATION","REGULATED","Çiçek & Bahçe","YES","YES","Wave 15 Batch 03 proposal; Wave 32 finalization candidate; OM-R06=B; OM-R07=B; OM-R10=A.","TEMPORARY_AUDIT_ID_NOT_PRODUCTION_STABLE_ID"
"AUDIT-001446","BATCH_03","3dd6df685c7e6a5ed672188e010992063ea9d720","docs/TAXONOMY_BATCH_03_FINALIZATION_TREE.csv","418","","Çiçek & Bahçe","Çiçek & Bahçe","Saksı, Saksılık & Bitki Kapları","","","2","Çiçek & Bahçe > Saksı, Saksılık & Bitki Kapları","çiçek & bahçe > saksı, saksılık & bitki kapları","NO","CANDIDATE_FOR_PRODUCT_OWNER_FINALIZATION","REGULATED","Çiçek & Bahçe","YES","YES","Wave 15 Batch 03 proposal; Wave 32 finalization candidate; OM-R06=B; OM-R07=B; OM-R10=A.","TEMPORARY_AUDIT_ID_NOT_PRODUCTION_STABLE_ID"
"AUDIT-001447","BATCH_03","3dd6df685c7e6a5ed672188e010992063ea9d720","docs/TAXONOMY_BATCH_03_FINALIZATION_TREE.csv","419","AUDIT-001446","Çiçek & Bahçe > Saksı, Saksılık & Bitki Kapları","Çiçek & Bahçe","Saksı, Saksılık & Bitki Kapları","Asılı Saksı Sistemleri","","3","Çiçek & Bahçe > Saksı, Saksılık & Bitki Kapları > Asılı Saksı Sistemleri","çiçek & bahçe > saksı, saksılık & bitki kapları > asılı saksı sistemleri","YES","CANDIDATE_FOR_PRODUCT_OWNER_FINALIZATION","REGULATED","Çiçek & Bahçe","YES","YES","Wave 15 Batch 03 proposal; Wave 32 finalization candidate; OM-R06=B; OM-R07=B; OM-R10=A.","TEMPORARY_AUDIT_ID_NOT_PRODUCTION_STABLE_ID"
"AUDIT-001448","BATCH_03","3dd6df685c7e6a5ed672188e010992063ea9d720","docs/TAXONOMY_BATCH_03_FINALIZATION_TREE.csv","420","AUDIT-001446","Çiçek & Bahçe > Saksı, Saksılık & Bitki Kapları","Çiçek & Bahçe","Saksı, Saksılık & Bitki Kapları","Saksı & Planterlar","","3","Çiçek & Bahçe > Saksı, Saksılık & Bitki Kapları > Saksı & Planterlar","çiçek & bahçe > saksı, saksılık & bitki kapları > saksı & planterlar","YES","CANDIDATE_FOR_PRODUCT_OWNER_FINALIZATION","NORMAL","Çiçek & Bahçe","YES","NO","Wave 15 Batch 03 proposal; Wave 32 finalization candidate; OM-R06=B; OM-R07=B; OM-R10=A.","TEMPORARY_AUDIT_ID_NOT_PRODUCTION_STABLE_ID"
"AUDIT-001449","BATCH_03","3dd6df685c7e6a5ed672188e010992063ea9d720","docs/TAXONOMY_BATCH_03_FINALIZATION_TREE.csv","421","AUDIT-001446","Çiçek & Bahçe > Saksı, Saksılık & Bitki Kapları","Çiçek & Bahçe","Saksı, Saksılık & Bitki Kapları","Saksı Standları","","3","Çiçek & Bahçe > Saksı, Saksılık & Bitki Kapları > Saksı Standları","çiçek & bahçe > saksı, saksılık & bitki kapları > saksı standları","YES","CANDIDATE_FOR_PRODUCT_OWNER_FINALIZATION","REGULATED","Çiçek & Bahçe","YES","YES","Wave 15 Batch 03 proposal; Wave 32 finalization candidate; OM-R06=B; OM-R07=B; OM-R10=A.","TEMPORARY_AUDIT_ID_NOT_PRODUCTION_STABLE_ID"
"AUDIT-001450","BATCH_03","3dd6df685c7e6a5ed672188e010992063ea9d720","docs/TAXONOMY_BATCH_03_FINALIZATION_TREE.csv","422","AUDIT-001446","Çiçek & Bahçe > Saksı, Saksılık & Bitki Kapları","Çiçek & Bahçe","Saksı, Saksılık & Bitki Kapları","Saksı Tabakları & İç Kapları","","3","Çiçek & Bahçe > Saksı, Saksılık & Bitki Kapları > Saksı Tabakları & İç Kapları","çiçek & bahçe > saksı, saksılık & bitki kapları > saksı tabakları & iç kapları","YES","CANDIDATE_FOR_PRODUCT_OWNER_FINALIZATION","NORMAL","Çiçek & Bahçe","YES","NO","Wave 15 Batch 03 proposal; Wave 32 finalization candidate; OM-R06=B; OM-R07=B; OM-R10=A.","TEMPORARY_AUDIT_ID_NOT_PRODUCTION_STABLE_ID"
"AUDIT-001451","BATCH_03","3dd6df685c7e6a5ed672188e010992063ea9d720","docs/TAXONOMY_BATCH_03_FINALIZATION_TREE.csv","423","AUDIT-001446","Çiçek & Bahçe > Saksı, Saksılık & Bitki Kapları","Çiçek & Bahçe","Saksı, Saksılık & Bitki Kapları","Yetiştirme Torbaları","","3","Çiçek & Bahçe > Saksı, Saksılık & Bitki Kapları > Yetiştirme Torbaları","çiçek & bahçe > saksı, saksılık & bitki kapları > yetiştirme torbaları","YES","CANDIDATE_FOR_PRODUCT_OWNER_FINALIZATION","NORMAL","Çiçek & Bahçe","YES","NO","Wave 15 Batch 03 proposal; Wave 32 finalization candidate; OM-R06=B; OM-R07=B; OM-R10=A.","TEMPORARY_AUDIT_ID_NOT_PRODUCTION_STABLE_ID"
"AUDIT-001452","BATCH_03","3dd6df685c7e6a5ed672188e010992063ea9d720","docs/TAXONOMY_BATCH_03_FINALIZATION_TREE.csv","424","","Çiçek & Bahçe","Çiçek & Bahçe","Toprak, Gübre & Bitki Besleme","","","2","Çiçek & Bahçe > Toprak, Gübre & Bitki Besleme","çiçek & bahçe > toprak, gübre & bitki besleme","NO","CANDIDATE_FOR_PRODUCT_OWNER_FINALIZATION","LEGAL_REVIEW_REQUIRED","Çiçek & Bahçe","YES","YES","Wave 15 Batch 03 proposal; Wave 32 finalization candidate; OM-R06=B; OM-R07=B; OM-R10=A.","TEMPORARY_AUDIT_ID_NOT_PRODUCTION_STABLE_ID"
"AUDIT-001453","BATCH_03","3dd6df685c7e6a5ed672188e010992063ea9d720","docs/TAXONOMY_BATCH_03_FINALIZATION_TREE.csv","425","AUDIT-001452","Çiçek & Bahçe > Toprak, Gübre & Bitki Besleme","Çiçek & Bahçe","Toprak, Gübre & Bitki Besleme","Bitki Besinleri","","3","Çiçek & Bahçe > Toprak, Gübre & Bitki Besleme > Bitki Besinleri","çiçek & bahçe > toprak, gübre & bitki besleme > bitki besinleri","YES","CANDIDATE_FOR_PRODUCT_OWNER_FINALIZATION","LEGAL_REVIEW_REQUIRED","Çiçek & Bahçe","YES","YES","Wave 15 Batch 03 proposal; Wave 32 finalization candidate; OM-R06=B; OM-R07=B; OM-R10=A.","TEMPORARY_AUDIT_ID_NOT_PRODUCTION_STABLE_ID"
"AUDIT-001454","BATCH_03","3dd6df685c7e6a5ed672188e010992063ea9d720","docs/TAXONOMY_BATCH_03_FINALIZATION_TREE.csv","426","AUDIT-001452","Çiçek & Bahçe > Toprak, Gübre & Bitki Besleme","Çiçek & Bahçe","Toprak, Gübre & Bitki Besleme","Gübreler","","3","Çiçek & Bahçe > Toprak, Gübre & Bitki Besleme > Gübreler","çiçek & bahçe > toprak, gübre & bitki besleme > gübreler","YES","CANDIDATE_FOR_PRODUCT_OWNER_FINALIZATION","LEGAL_REVIEW_REQUIRED","Çiçek & Bahçe","YES","YES","Wave 15 Batch 03 proposal; Wave 32 finalization candidate; OM-R06=B; OM-R07=B; OM-R10=A.","TEMPORARY_AUDIT_ID_NOT_PRODUCTION_STABLE_ID"
"AUDIT-001455","BATCH_03","3dd6df685c7e6a5ed672188e010992063ea9d720","docs/TAXONOMY_BATCH_03_FINALIZATION_TREE.csv","427","AUDIT-001452","Çiçek & Bahçe > Toprak, Gübre & Bitki Besleme","Çiçek & Bahçe","Toprak, Gübre & Bitki Besleme","Kompost Ürünleri","","3","Çiçek & Bahçe > Toprak, Gübre & Bitki Besleme > Kompost Ürünleri","çiçek & bahçe > toprak, gübre & bitki besleme > kompost ürünleri","YES","CANDIDATE_FOR_PRODUCT_OWNER_FINALIZATION","LEGAL_REVIEW_REQUIRED","Çiçek & Bahçe","YES","YES","Wave 15 Batch 03 proposal; Wave 32 finalization candidate; OM-R06=B; OM-R07=B; OM-R10=A.","TEMPORARY_AUDIT_ID_NOT_PRODUCTION_STABLE_ID"
"AUDIT-001456","BATCH_03","3dd6df685c7e6a5ed672188e010992063ea9d720","docs/TAXONOMY_BATCH_03_FINALIZATION_TREE.csv","428","AUDIT-001452","Çiçek & Bahçe > Toprak, Gübre & Bitki Besleme","Çiçek & Bahçe","Toprak, Gübre & Bitki Besleme","Substrat & Toprak Düzenleyiciler","","3","Çiçek & Bahçe > Toprak, Gübre & Bitki Besleme > Substrat & Toprak Düzenleyiciler","çiçek & bahçe > toprak, gübre & bitki besleme > substrat & toprak düzenleyiciler","YES","CANDIDATE_FOR_PRODUCT_OWNER_FINALIZATION","LEGAL_REVIEW_REQUIRED","Çiçek & Bahçe","YES","YES","Wave 15 Batch 03 proposal; Wave 32 finalization candidate; OM-R06=B; OM-R07=B; OM-R10=A.","TEMPORARY_AUDIT_ID_NOT_PRODUCTION_STABLE_ID"
"AUDIT-001457","BATCH_03","3dd6df685c7e6a5ed672188e010992063ea9d720","docs/TAXONOMY_BATCH_03_FINALIZATION_TREE.csv","429","AUDIT-001452","Çiçek & Bahçe > Toprak, Gübre & Bitki Besleme","Çiçek & Bahçe","Toprak, Gübre & Bitki Besleme","Toprak & Torf","","3","Çiçek & Bahçe > Toprak, Gübre & Bitki Besleme > Toprak & Torf","çiçek & bahçe > toprak, gübre & bitki besleme > toprak & torf","YES","CANDIDATE_FOR_PRODUCT_OWNER_FINALIZATION","LEGAL_REVIEW_REQUIRED","Çiçek & Bahçe","YES","YES","Wave 15 Batch 03 proposal; Wave 32 finalization candidate; OM-R06=B; OM-R07=B; OM-R10=A.","TEMPORARY_AUDIT_ID_NOT_PRODUCTION_STABLE_ID"
"AUDIT-001458","BATCH_03","3dd6df685c7e6a5ed672188e010992063ea9d720","docs/TAXONOMY_BATCH_03_FINALIZATION_TREE.csv","430","","Çiçek & Bahçe","Çiçek & Bahçe","Sulama Ürünleri","","","2","Çiçek & Bahçe > Sulama Ürünleri","çiçek & bahçe > sulama ürünleri","NO","CANDIDATE_FOR_PRODUCT_OWNER_FINALIZATION","REGULATED","Çiçek & Bahçe","YES","YES","Wave 15 Batch 03 proposal; Wave 32 finalization candidate; OM-R06=B; OM-R07=B; OM-R10=A.","TEMPORARY_AUDIT_ID_NOT_PRODUCTION_STABLE_ID"
"AUDIT-001459","BATCH_03","3dd6df685c7e6a5ed672188e010992063ea9d720","docs/TAXONOMY_BATCH_03_FINALIZATION_TREE.csv","431","AUDIT-001458","Çiçek & Bahçe > Sulama Ürünleri","Çiçek & Bahçe","Sulama Ürünleri","Bahçe Hortumu & Makaraları","","3","Çiçek & Bahçe > Sulama Ürünleri > Bahçe Hortumu & Makaraları","çiçek & bahçe > sulama ürünleri > bahçe hortumu & makaraları","YES","CANDIDATE_FOR_PRODUCT_OWNER_FINALIZATION","NORMAL","Çiçek & Bahçe","YES","NO","Wave 15 Batch 03 proposal; Wave 32 finalization candidate; OM-R06=B; OM-R07=B; OM-R10=A.","TEMPORARY_AUDIT_ID_NOT_PRODUCTION_STABLE_ID"
"AUDIT-001460","BATCH_03","3dd6df685c7e6a5ed672188e010992063ea9d720","docs/TAXONOMY_BATCH_03_FINALIZATION_TREE.csv","432","AUDIT-001458","Çiçek & Bahçe > Sulama Ürünleri","Çiçek & Bahçe","Sulama Ürünleri","Damla & Mikro Sulama Sistemleri","","3","Çiçek & Bahçe > Sulama Ürünleri > Damla & Mikro Sulama Sistemleri","çiçek & bahçe > sulama ürünleri > damla & mikro sulama sistemleri","YES","CANDIDATE_FOR_PRODUCT_OWNER_FINALIZATION","REGULATED","Çiçek & Bahçe","YES","YES","Wave 15 Batch 03 proposal; Wave 32 finalization candidate; OM-R06=B; OM-R07=B; OM-R10=A.","TEMPORARY_AUDIT_ID_NOT_PRODUCTION_STABLE_ID"
"AUDIT-001461","BATCH_03","3dd6df685c7e6a5ed672188e010992063ea9d720","docs/TAXONOMY_BATCH_03_FINALIZATION_TREE.csv","433","AUDIT-001458","Çiçek & Bahçe > Sulama Ürünleri","Çiçek & Bahçe","Sulama Ürünleri","Fıskiye & Yağmurlama Ürünleri","","3","Çiçek & Bahçe > Sulama Ürünleri > Fıskiye & Yağmurlama Ürünleri","çiçek & bahçe > sulama ürünleri > fıskiye & yağmurlama ürünleri","YES","CANDIDATE_FOR_PRODUCT_OWNER_FINALIZATION","REGULATED","Çiçek & Bahçe","YES","YES","Wave 15 Batch 03 proposal; Wave 32 finalization candidate; OM-R06=B; OM-R07=B; OM-R10=A.","TEMPORARY_AUDIT_ID_NOT_PRODUCTION_STABLE_ID"
"AUDIT-001462","BATCH_03","3dd6df685c7e6a5ed672188e010992063ea9d720","docs/TAXONOMY_BATCH_03_FINALIZATION_TREE.csv","434","AUDIT-001458","Çiçek & Bahçe > Sulama Ürünleri","Çiçek & Bahçe","Sulama Ürünleri","Hortum Bağlantı & Başlıkları","","3","Çiçek & Bahçe > Sulama Ürünleri > Hortum Bağlantı & Başlıkları","çiçek & bahçe > sulama ürünleri > hortum bağlantı & başlıkları","YES","CANDIDATE_FOR_PRODUCT_OWNER_FINALIZATION","NORMAL","Çiçek & Bahçe","YES","NO","Wave 15 Batch 03 proposal; Wave 32 finalization candidate; OM-R06=B; OM-R07=B; OM-R10=A.","TEMPORARY_AUDIT_ID_NOT_PRODUCTION_STABLE_ID"
"AUDIT-001463","BATCH_03","3dd6df685c7e6a5ed672188e010992063ea9d720","docs/TAXONOMY_BATCH_03_FINALIZATION_TREE.csv","435","AUDIT-001458","Çiçek & Bahçe > Sulama Ürünleri","Çiçek & Bahçe","Sulama Ürünleri","Sulama Kapları","","3","Çiçek & Bahçe > Sulama Ürünleri > Sulama Kapları","çiçek & bahçe > sulama ürünleri > sulama kapları","YES","CANDIDATE_FOR_PRODUCT_OWNER_FINALIZATION","NORMAL","Çiçek & Bahçe","YES","NO","Wave 15 Batch 03 proposal; Wave 32 finalization candidate; OM-R06=B; OM-R07=B; OM-R10=A.","TEMPORARY_AUDIT_ID_NOT_PRODUCTION_STABLE_ID"
"AUDIT-001464","BATCH_03","3dd6df685c7e6a5ed672188e010992063ea9d720","docs/TAXONOMY_BATCH_03_FINALIZATION_TREE.csv","436","AUDIT-001458","Çiçek & Bahçe > Sulama Ürünleri","Çiçek & Bahçe","Sulama Ürünleri","Sulama Kontrolörleri & Zamanlayıcılar","","3","Çiçek & Bahçe > Sulama Ürünleri > Sulama Kontrolörleri & Zamanlayıcılar","çiçek & bahçe > sulama ürünleri > sulama kontrolörleri & zamanlayıcılar","YES","CANDIDATE_FOR_PRODUCT_OWNER_FINALIZATION","REGULATED","Çiçek & Bahçe","YES","YES","Wave 15 Batch 03 proposal; Wave 32 finalization candidate; OM-R06=B; OM-R07=B; OM-R10=A.","TEMPORARY_AUDIT_ID_NOT_PRODUCTION_STABLE_ID"
"AUDIT-001465","BATCH_03","3dd6df685c7e6a5ed672188e010992063ea9d720","docs/TAXONOMY_BATCH_03_FINALIZATION_TREE.csv","437","","Çiçek & Bahçe","Çiçek & Bahçe","Bahçe El Aletleri","","","2","Çiçek & Bahçe > Bahçe El Aletleri","çiçek & bahçe > bahçe el aletleri","NO","CANDIDATE_FOR_PRODUCT_OWNER_FINALIZATION","REGULATED","Çiçek & Bahçe","YES","YES","Wave 15 Batch 03 proposal; Wave 32 finalization candidate; OM-R06=B; OM-R07=B; OM-R10=A.","TEMPORARY_AUDIT_ID_NOT_PRODUCTION_STABLE_ID"
"AUDIT-001466","BATCH_03","3dd6df685c7e6a5ed672188e010992063ea9d720","docs/TAXONOMY_BATCH_03_FINALIZATION_TREE.csv","438","AUDIT-001465","Çiçek & Bahçe > Bahçe El Aletleri","Çiçek & Bahçe","Bahçe El Aletleri","Bahçe El Aleti Setleri","","3","Çiçek & Bahçe > Bahçe El Aletleri > Bahçe El Aleti Setleri","çiçek & bahçe > bahçe el aletleri > bahçe el aleti setleri","YES","CANDIDATE_FOR_PRODUCT_OWNER_FINALIZATION","REGULATED","Çiçek & Bahçe","YES","YES","Wave 15 Batch 03 proposal; Wave 32 finalization candidate; OM-R06=B; OM-R07=B; OM-R10=A.","TEMPORARY_AUDIT_ID_NOT_PRODUCTION_STABLE_ID"
"AUDIT-001467","BATCH_03","3dd6df685c7e6a5ed672188e010992063ea9d720","docs/TAXONOMY_BATCH_03_FINALIZATION_TREE.csv","439","AUDIT-001465","Çiçek & Bahçe > Bahçe El Aletleri","Çiçek & Bahçe","Bahçe El Aletleri","Bahçe Toplama & Temizlik El Aletleri","","3","Çiçek & Bahçe > Bahçe El Aletleri > Bahçe Toplama & Temizlik El Aletleri","çiçek & bahçe > bahçe el aletleri > bahçe toplama & temizlik el aletleri","YES","CANDIDATE_FOR_PRODUCT_OWNER_FINALIZATION","REGULATED","Çiçek & Bahçe","YES","YES","Wave 15 Batch 03 proposal; Wave 32 finalization candidate; OM-R06=B; OM-R07=B; OM-R10=A.","TEMPORARY_AUDIT_ID_NOT_PRODUCTION_STABLE_ID"
"AUDIT-001468","BATCH_03","3dd6df685c7e6a5ed672188e010992063ea9d720","docs/TAXONOMY_BATCH_03_FINALIZATION_TREE.csv","440","AUDIT-001465","Çiçek & Bahçe > Bahçe El Aletleri","Çiçek & Bahçe","Bahçe El Aletleri","Budama El Aletleri","","3","Çiçek & Bahçe > Bahçe El Aletleri > Budama El Aletleri","çiçek & bahçe > bahçe el aletleri > budama el aletleri","YES","CANDIDATE_FOR_PRODUCT_OWNER_FINALIZATION","REGULATED","Çiçek & Bahçe","YES","YES","Wave 15 Batch 03 proposal; Wave 32 finalization candidate; OM-R06=B; OM-R07=B; OM-R10=A.","TEMPORARY_AUDIT_ID_NOT_PRODUCTION_STABLE_ID"
"AUDIT-001469","BATCH_03","3dd6df685c7e6a5ed672188e010992063ea9d720","docs/TAXONOMY_BATCH_03_FINALIZATION_TREE.csv","441","AUDIT-001465","Çiçek & Bahçe > Bahçe El Aletleri","Çiçek & Bahçe","Bahçe El Aletleri","Kazma & Dikim El Aletleri","","3","Çiçek & Bahçe > Bahçe El Aletleri > Kazma & Dikim El Aletleri","çiçek & bahçe > bahçe el aletleri > kazma & dikim el aletleri","YES","CANDIDATE_FOR_PRODUCT_OWNER_FINALIZATION","REGULATED","Çiçek & Bahçe","YES","YES","Wave 15 Batch 03 proposal; Wave 32 finalization candidate; OM-R06=B; OM-R07=B; OM-R10=A.","TEMPORARY_AUDIT_ID_NOT_PRODUCTION_STABLE_ID"
"AUDIT-001470","BATCH_03","3dd6df685c7e6a5ed672188e010992063ea9d720","docs/TAXONOMY_BATCH_03_FINALIZATION_TREE.csv","442","AUDIT-001465","Çiçek & Bahçe > Bahçe El Aletleri","Çiçek & Bahçe","Bahçe El Aletleri","Tırmık & Çapa El Aletleri","","3","Çiçek & Bahçe > Bahçe El Aletleri > Tırmık & Çapa El Aletleri","çiçek & bahçe > bahçe el aletleri > tırmık & çapa el aletleri","YES","CANDIDATE_FOR_PRODUCT_OWNER_FINALIZATION","REGULATED","Çiçek & Bahçe","YES","YES","Wave 15 Batch 03 proposal; Wave 32 finalization candidate; OM-R06=B; OM-R07=B; OM-R10=A.","TEMPORARY_AUDIT_ID_NOT_PRODUCTION_STABLE_ID"
"AUDIT-001471","BATCH_03","3dd6df685c7e6a5ed672188e010992063ea9d720","docs/TAXONOMY_BATCH_03_FINALIZATION_TREE.csv","443","","Çiçek & Bahçe","Çiçek & Bahçe","Bitki Bakım & Yetiştirme Ürünleri","","","2","Çiçek & Bahçe > Bitki Bakım & Yetiştirme Ürünleri","çiçek & bahçe > bitki bakım & yetiştirme ürünleri","NO","CANDIDATE_FOR_PRODUCT_OWNER_FINALIZATION","REGULATED","Çiçek & Bahçe","YES","YES","Wave 15 Batch 03 proposal; Wave 32 finalization candidate; OM-R06=B; OM-R07=B; OM-R10=A.","TEMPORARY_AUDIT_ID_NOT_PRODUCTION_STABLE_ID"
"AUDIT-001472","BATCH_03","3dd6df685c7e6a5ed672188e010992063ea9d720","docs/TAXONOMY_BATCH_03_FINALIZATION_TREE.csv","444","AUDIT-001471","Çiçek & Bahçe > Bitki Bakım & Yetiştirme Ürünleri","Çiçek & Bahçe","Bitki Bakım & Yetiştirme Ürünleri","Bitki Destekleri, Bağları & Klipsleri","","3","Çiçek & Bahçe > Bitki Bakım & Yetiştirme Ürünleri > Bitki Destekleri, Bağları & Klipsleri","çiçek & bahçe > bitki bakım & yetiştirme ürünleri > bitki destekleri, bağları & klipsleri","YES","CANDIDATE_FOR_PRODUCT_OWNER_FINALIZATION","NORMAL","Çiçek & Bahçe","YES","NO","Wave 15 Batch 03 proposal; Wave 32 finalization candidate; OM-R06=B; OM-R07=B; OM-R10=A.","TEMPORARY_AUDIT_ID_NOT_PRODUCTION_STABLE_ID"
"AUDIT-001473","BATCH_03","3dd6df685c7e6a5ed672188e010992063ea9d720","docs/TAXONOMY_BATCH_03_FINALIZATION_TREE.csv","445","AUDIT-001471","Çiçek & Bahçe > Bitki Bakım & Yetiştirme Ürünleri","Çiçek & Bahçe","Bitki Bakım & Yetiştirme Ürünleri","Bitkiye Özgü Yetiştirme Işıkları","","3","Çiçek & Bahçe > Bitki Bakım & Yetiştirme Ürünleri > Bitkiye Özgü Yetiştirme Işıkları","çiçek & bahçe > bitki bakım & yetiştirme ürünleri > bitkiye özgü yetiştirme ışıkları","YES","CANDIDATE_FOR_PRODUCT_OWNER_FINALIZATION","REGULATED","Çiçek & Bahçe","YES","YES","Wave 15 Batch 03 proposal; Wave 32 finalization candidate; OM-R06=B; OM-R07=B; OM-R10=A.","TEMPORARY_AUDIT_ID_NOT_PRODUCTION_STABLE_ID"
"AUDIT-001474","BATCH_03","3dd6df685c7e6a5ed672188e010992063ea9d720","docs/TAXONOMY_BATCH_03_FINALIZATION_TREE.csv","446","AUDIT-001471","Çiçek & Bahçe > Bitki Bakım & Yetiştirme Ürünleri","Çiçek & Bahçe","Bitki Bakım & Yetiştirme Ürünleri","Kimyasal Olmayan Bitki Koruma Örtüleri","","3","Çiçek & Bahçe > Bitki Bakım & Yetiştirme Ürünleri > Kimyasal Olmayan Bitki Koruma Örtüleri","çiçek & bahçe > bitki bakım & yetiştirme ürünleri > kimyasal olmayan bitki koruma örtüleri","YES","CANDIDATE_FOR_PRODUCT_OWNER_FINALIZATION","REGULATED","Çiçek & Bahçe","YES","YES","Wave 15 Batch 03 proposal; Wave 32 finalization candidate; OM-R06=B; OM-R07=B; OM-R10=A.","TEMPORARY_AUDIT_ID_NOT_PRODUCTION_STABLE_ID"
"AUDIT-001475","BATCH_03","3dd6df685c7e6a5ed672188e010992063ea9d720","docs/TAXONOMY_BATCH_03_FINALIZATION_TREE.csv","447","AUDIT-001471","Çiçek & Bahçe > Bitki Bakım & Yetiştirme Ürünleri","Çiçek & Bahçe","Bitki Bakım & Yetiştirme Ürünleri","Köklendirme & Fide Yetiştirme Kapları","","3","Çiçek & Bahçe > Bitki Bakım & Yetiştirme Ürünleri > Köklendirme & Fide Yetiştirme Kapları","çiçek & bahçe > bitki bakım & yetiştirme ürünleri > köklendirme & fide yetiştirme kapları","YES","CANDIDATE_FOR_PRODUCT_OWNER_FINALIZATION","NORMAL","Çiçek & Bahçe","YES","NO","Wave 15 Batch 03 proposal; Wave 32 finalization candidate; OM-R06=B; OM-R07=B; OM-R10=A.","TEMPORARY_AUDIT_ID_NOT_PRODUCTION_STABLE_ID"
"AUDIT-001476","BATCH_03","3dd6df685c7e6a5ed672188e010992063ea9d720","docs/TAXONOMY_BATCH_03_FINALIZATION_TREE.csv","448","AUDIT-001471","Çiçek & Bahçe > Bitki Bakım & Yetiştirme Ürünleri","Çiçek & Bahçe","Bitki Bakım & Yetiştirme Ürünleri","Nem, Işık & Toprak Ölçüm Yardımcıları","","3","Çiçek & Bahçe > Bitki Bakım & Yetiştirme Ürünleri > Nem, Işık & Toprak Ölçüm Yardımcıları","çiçek & bahçe > bitki bakım & yetiştirme ürünleri > nem, ışık & toprak ölçüm yardımcıları","YES","CANDIDATE_FOR_PRODUCT_OWNER_FINALIZATION","REGULATED","Çiçek & Bahçe","YES","YES","Wave 15 Batch 03 proposal; Wave 32 finalization candidate; OM-R06=B; OM-R07=B; OM-R10=A.","TEMPORARY_AUDIT_ID_NOT_PRODUCTION_STABLE_ID"
"AUDIT-001477","BATCH_03","3dd6df685c7e6a5ed672188e010992063ea9d720","docs/TAXONOMY_BATCH_03_FINALIZATION_TREE.csv","449","","Çiçek & Bahçe","Çiçek & Bahçe","Sera & Yetiştirme Ekipmanları","","","2","Çiçek & Bahçe > Sera & Yetiştirme Ekipmanları","çiçek & bahçe > sera & yetiştirme ekipmanları","NO","CANDIDATE_FOR_PRODUCT_OWNER_FINALIZATION","REGULATED","Çiçek & Bahçe","YES","YES","Wave 15 Batch 03 proposal; Wave 32 finalization candidate; OM-R06=B; OM-R07=B; OM-R10=A.","TEMPORARY_AUDIT_ID_NOT_PRODUCTION_STABLE_ID"
"AUDIT-001478","BATCH_03","3dd6df685c7e6a5ed672188e010992063ea9d720","docs/TAXONOMY_BATCH_03_FINALIZATION_TREE.csv","450","AUDIT-001477","Çiçek & Bahçe > Sera & Yetiştirme Ekipmanları","Çiçek & Bahçe","Sera & Yetiştirme Ekipmanları","Grow Tent Sistemleri","","3","Çiçek & Bahçe > Sera & Yetiştirme Ekipmanları > Grow Tent Sistemleri","çiçek & bahçe > sera & yetiştirme ekipmanları > grow tent sistemleri","YES","CANDIDATE_FOR_PRODUCT_OWNER_FINALIZATION","REGULATED","Çiçek & Bahçe","YES","YES","Wave 15 Batch 03 proposal; Wave 32 finalization candidate; OM-R06=B; OM-R07=B; OM-R10=A.","TEMPORARY_AUDIT_ID_NOT_PRODUCTION_STABLE_ID"
"AUDIT-001479","BATCH_03","3dd6df685c7e6a5ed672188e010992063ea9d720","docs/TAXONOMY_BATCH_03_FINALIZATION_TREE.csv","451","AUDIT-001477","Çiçek & Bahçe > Sera & Yetiştirme Ekipmanları","Çiçek & Bahçe","Sera & Yetiştirme Ekipmanları","Hobi Seraları","","3","Çiçek & Bahçe > Sera & Yetiştirme Ekipmanları > Hobi Seraları","çiçek & bahçe > sera & yetiştirme ekipmanları > hobi seraları","YES","CANDIDATE_FOR_PRODUCT_OWNER_FINALIZATION","REGULATED","Çiçek & Bahçe","YES","YES","Wave 15 Batch 03 proposal; Wave 32 finalization candidate; OM-R06=B; OM-R07=B; OM-R10=A.","TEMPORARY_AUDIT_ID_NOT_PRODUCTION_STABLE_ID"
"AUDIT-001480","BATCH_03","3dd6df685c7e6a5ed672188e010992063ea9d720","docs/TAXONOMY_BATCH_03_FINALIZATION_TREE.csv","452","AUDIT-001477","Çiçek & Bahçe > Sera & Yetiştirme Ekipmanları","Çiçek & Bahçe","Sera & Yetiştirme Ekipmanları","Sera Havalandırma & İklim Ekipmanları","","3","Çiçek & Bahçe > Sera & Yetiştirme Ekipmanları > Sera Havalandırma & İklim Ekipmanları","çiçek & bahçe > sera & yetiştirme ekipmanları > sera havalandırma & iklim ekipmanları","YES","CANDIDATE_FOR_PRODUCT_OWNER_FINALIZATION","REGULATED","Çiçek & Bahçe","YES","YES","Wave 15 Batch 03 proposal; Wave 32 finalization candidate; OM-R06=B; OM-R07=B; OM-R10=A.","TEMPORARY_AUDIT_ID_NOT_PRODUCTION_STABLE_ID"
"AUDIT-001481","BATCH_03","3dd6df685c7e6a5ed672188e010992063ea9d720","docs/TAXONOMY_BATCH_03_FINALIZATION_TREE.csv","453","AUDIT-001477","Çiçek & Bahçe > Sera & Yetiştirme Ekipmanları","Çiçek & Bahçe","Sera & Yetiştirme Ekipmanları","Sera Örtüleri","","3","Çiçek & Bahçe > Sera & Yetiştirme Ekipmanları > Sera Örtüleri","çiçek & bahçe > sera & yetiştirme ekipmanları > sera örtüleri","YES","CANDIDATE_FOR_PRODUCT_OWNER_FINALIZATION","REGULATED","Çiçek & Bahçe","YES","YES","Wave 15 Batch 03 proposal; Wave 32 finalization candidate; OM-R06=B; OM-R07=B; OM-R10=A.","TEMPORARY_AUDIT_ID_NOT_PRODUCTION_STABLE_ID"
"AUDIT-001482","BATCH_03","3dd6df685c7e6a5ed672188e010992063ea9d720","docs/TAXONOMY_BATCH_03_FINALIZATION_TREE.csv","454","AUDIT-001477","Çiçek & Bahçe > Sera & Yetiştirme Ekipmanları","Çiçek & Bahçe","Sera & Yetiştirme Ekipmanları","Sera Raf & Destekleri","","3","Çiçek & Bahçe > Sera & Yetiştirme Ekipmanları > Sera Raf & Destekleri","çiçek & bahçe > sera & yetiştirme ekipmanları > sera raf & destekleri","YES","CANDIDATE_FOR_PRODUCT_OWNER_FINALIZATION","REGULATED","Çiçek & Bahçe","YES","YES","Wave 15 Batch 03 proposal; Wave 32 finalization candidate; OM-R06=B; OM-R07=B; OM-R10=A.","TEMPORARY_AUDIT_ID_NOT_PRODUCTION_STABLE_ID"
"AUDIT-001483","BATCH_03","3dd6df685c7e6a5ed672188e010992063ea9d720","docs/TAXONOMY_BATCH_03_FINALIZATION_TREE.csv","455","","Çiçek & Bahçe","Çiçek & Bahçe","Bahçe Dekorasyonu & Peyzaj Aksesuarları","","","2","Çiçek & Bahçe > Bahçe Dekorasyonu & Peyzaj Aksesuarları","çiçek & bahçe > bahçe dekorasyonu & peyzaj aksesuarları","NO","CANDIDATE_FOR_PRODUCT_OWNER_FINALIZATION","REGULATED","Çiçek & Bahçe","YES","YES","Wave 15 Batch 03 proposal; Wave 32 finalization candidate; OM-R06=B; OM-R07=B; OM-R10=A.","TEMPORARY_AUDIT_ID_NOT_PRODUCTION_STABLE_ID"
"AUDIT-001484","BATCH_03","3dd6df685c7e6a5ed672188e010992063ea9d720","docs/TAXONOMY_BATCH_03_FINALIZATION_TREE.csv","456","AUDIT-001483","Çiçek & Bahçe > Bahçe Dekorasyonu & Peyzaj Aksesuarları","Çiçek & Bahçe","Bahçe Dekorasyonu & Peyzaj Aksesuarları","Bahçe Bordürü & Alçak Çitler","","3","Çiçek & Bahçe > Bahçe Dekorasyonu & Peyzaj Aksesuarları > Bahçe Bordürü & Alçak Çitler","çiçek & bahçe > bahçe dekorasyonu & peyzaj aksesuarları > bahçe bordürü & alçak çitler","YES","CANDIDATE_FOR_PRODUCT_OWNER_FINALIZATION","REGULATED","Çiçek & Bahçe","YES","YES","Wave 15 Batch 03 proposal; Wave 32 finalization candidate; OM-R06=B; OM-R07=B; OM-R10=A.","TEMPORARY_AUDIT_ID_NOT_PRODUCTION_STABLE_ID"
"AUDIT-001485","BATCH_03","3dd6df685c7e6a5ed672188e010992063ea9d720","docs/TAXONOMY_BATCH_03_FINALIZATION_TREE.csv","457","AUDIT-001483","Çiçek & Bahçe > Bahçe Dekorasyonu & Peyzaj Aksesuarları","Çiçek & Bahçe","Bahçe Dekorasyonu & Peyzaj Aksesuarları","Bahçe Süsleri & Figürleri","","3","Çiçek & Bahçe > Bahçe Dekorasyonu & Peyzaj Aksesuarları > Bahçe Süsleri & Figürleri","çiçek & bahçe > bahçe dekorasyonu & peyzaj aksesuarları > bahçe süsleri & figürleri","YES","CANDIDATE_FOR_PRODUCT_OWNER_FINALIZATION","NORMAL","Çiçek & Bahçe","YES","NO","Wave 15 Batch 03 proposal; Wave 32 finalization candidate; OM-R06=B; OM-R07=B; OM-R10=A.","TEMPORARY_AUDIT_ID_NOT_PRODUCTION_STABLE_ID"
"AUDIT-001486","BATCH_03","3dd6df685c7e6a5ed672188e010992063ea9d720","docs/TAXONOMY_BATCH_03_FINALIZATION_TREE.csv","458","AUDIT-001483","Çiçek & Bahçe > Bahçe Dekorasyonu & Peyzaj Aksesuarları","Çiçek & Bahçe","Bahçe Dekorasyonu & Peyzaj Aksesuarları","Bahçeye Özgü Dekoratif Aksesuarlar","","3","Çiçek & Bahçe > Bahçe Dekorasyonu & Peyzaj Aksesuarları > Bahçeye Özgü Dekoratif Aksesuarlar","çiçek & bahçe > bahçe dekorasyonu & peyzaj aksesuarları > bahçeye özgü dekoratif aksesuarlar","YES","CANDIDATE_FOR_PRODUCT_OWNER_FINALIZATION","NORMAL","Çiçek & Bahçe","YES","NO","Wave 15 Batch 03 proposal; Wave 32 finalization candidate; OM-R06=B; OM-R07=B; OM-R10=A.","TEMPORARY_AUDIT_ID_NOT_PRODUCTION_STABLE_ID"
"AUDIT-001487","BATCH_03","3dd6df685c7e6a5ed672188e010992063ea9d720","docs/TAXONOMY_BATCH_03_FINALIZATION_TREE.csv","459","AUDIT-001483","Çiçek & Bahçe > Bahçe Dekorasyonu & Peyzaj Aksesuarları","Çiçek & Bahçe","Bahçe Dekorasyonu & Peyzaj Aksesuarları","Peyzaj Kumaşı & Yüzey Örtüleri","","3","Çiçek & Bahçe > Bahçe Dekorasyonu & Peyzaj Aksesuarları > Peyzaj Kumaşı & Yüzey Örtüleri","çiçek & bahçe > bahçe dekorasyonu & peyzaj aksesuarları > peyzaj kumaşı & yüzey örtüleri","YES","CANDIDATE_FOR_PRODUCT_OWNER_FINALIZATION","REGULATED","Çiçek & Bahçe","YES","YES","Wave 15 Batch 03 proposal; Wave 32 finalization candidate; OM-R06=B; OM-R07=B; OM-R10=A.","TEMPORARY_AUDIT_ID_NOT_PRODUCTION_STABLE_ID"
"AUDIT-001488","BATCH_03","3dd6df685c7e6a5ed672188e010992063ea9d720","docs/TAXONOMY_BATCH_03_FINALIZATION_TREE.csv","460","AUDIT-001483","Çiçek & Bahçe > Bahçe Dekorasyonu & Peyzaj Aksesuarları","Çiçek & Bahçe","Bahçe Dekorasyonu & Peyzaj Aksesuarları","Trellis & Bitki Kafesleri","","3","Çiçek & Bahçe > Bahçe Dekorasyonu & Peyzaj Aksesuarları > Trellis & Bitki Kafesleri","çiçek & bahçe > bahçe dekorasyonu & peyzaj aksesuarları > trellis & bitki kafesleri","YES","CANDIDATE_FOR_PRODUCT_OWNER_FINALIZATION","REGULATED","Çiçek & Bahçe","YES","YES","Wave 15 Batch 03 proposal; Wave 32 finalization candidate; OM-R06=B; OM-R07=B; OM-R10=A.","TEMPORARY_AUDIT_ID_NOT_PRODUCTION_STABLE_ID"
