"LEGACY_NODE_ID","LEGACY_LEVEL","LEGACY_PARENT_ID","LEGACY_PATH","LEGACY_NAME","LEGACY_SLUG","CURRENT_STATUS","TARGET_L1","TARGET_L2","TARGET_L3","TARGET_L4","TARGET_STATE","RECONCILIATION_ACTION","CONFIDENCE","OWNER_DECISION_REQUIRED","POLICY_FLAG","ALIAS_REQUIRED","SUCCESSOR_COUNT","NOTES"
"market-gida","1","","Market & Gıda","Market & Gıda","market-gida","active","Gıda & İçecek","","","","CANONICAL_FINAL","RENAME","HIGH","NO","","YES","1",""
"temel-gida","2","market-gida","Market & Gıda > Temel Gıda","Temel Gıda","temel-gida","active","Gıda & İçecek","","","","PROVISIONAL_PROPOSAL","SPLIT","MEDIUM","YES","","NO","5","Provisional L2 candidates: Bakliyat, Tahıl & Makarna | Un, Şeker & Pişirme Malzemeleri | Yağ & Sirke | Sos, Baharat & Çeşni | Konserve & Kavanoz Ürünleri"
"bakliyat","3","temel-gida","Market & Gıda > Temel Gıda > Bakliyat","Bakliyat","bakliyat","active","Gıda & İçecek","Bakliyat, Tahıl & Makarna","","","PROVISIONAL_PROPOSAL","UNRESOLVED","MEDIUM","YES","","NO","0","Provisional target container inferred; exact L3/L4 successor awaits owner-final lower-level design."
"pirinc-bulgur-tahil","3","temel-gida","Market & Gıda > Temel Gıda > Pirinç, Bulgur & Tahıl","Pirinç, Bulgur & Tahıl","pirinc-bulgur-tahil","active","Gıda & İçecek","Bakliyat, Tahıl & Makarna","","","PROVISIONAL_PROPOSAL","UNRESOLVED","MEDIUM","YES","","NO","0","Provisional target container inferred; exact L3/L4 successor awaits owner-final lower-level design."
"makarna-eriste","3","temel-gida","Market & Gıda > Temel Gıda > Makarna & Erişte","Makarna & Erişte","makarna-eriste","active","Gıda & İçecek","Bakliyat, Tahıl & Makarna","","","PROVISIONAL_PROPOSAL","UNRESOLVED","MEDIUM","YES","","NO","0","Provisional target container inferred; exact L3/L4 successor awaits owner-final lower-level design."
"un-hamur-isi-malzemeleri","3","temel-gida","Market & Gıda > Temel Gıda > Un & Hamur İşi Malzemeleri","Un & Hamur İşi Malzemeleri","un-hamur-isi-malzemeleri","active","Gıda & İçecek","Un, Şeker & Pişirme Malzemeleri","","","PROVISIONAL_PROPOSAL","UNRESOLVED","MEDIUM","YES","","NO","0","Provisional target container inferred; exact L3/L4 successor awaits owner-final lower-level design."
"seker-tuz-baharat","3","temel-gida","Market & Gıda > Temel Gıda > Şeker, Tuz & Baharat","Şeker, Tuz & Baharat","seker-tuz-baharat","active","Gıda & İçecek","Sos, Baharat & Çeşni","","","PROVISIONAL_PROPOSAL","UNRESOLVED","MEDIUM","YES","","NO","0","Provisional target container inferred; exact L3/L4 successor awaits owner-final lower-level design."
"sivi-yag-sos-sirke","3","temel-gida","Market & Gıda > Temel Gıda > Sıvı Yağ, Sos & Sirke","Sıvı Yağ, Sos & Sirke","sivi-yag-sos-sirke","active","Gıda & İçecek","Yağ & Sirke","","","PROVISIONAL_PROPOSAL","UNRESOLVED","MEDIUM","YES","","NO","0","Provisional target container inferred; exact L3/L4 successor awaits owner-final lower-level design."
"kahvaltilik-sut-urunleri","2","market-gida","Market & Gıda > Kahvaltılık & Süt Ürünleri","Kahvaltılık & Süt Ürünleri","kahvaltilik-sut-urunleri","active","Gıda & İçecek","","","","PROVISIONAL_PROPOSAL","SPLIT","MEDIUM","YES","","NO","2","Provisional L2 candidates: Süt Ürünleri & Yumurta | Kahvaltılık"
"sut-yogurt","3","kahvaltilik-sut-urunleri","Market & Gıda > Kahvaltılık & Süt Ürünleri > Süt & Yoğurt","Süt & Yoğurt","sut-yogurt","active","Gıda & İçecek","Süt Ürünleri & Yumurta","","","PROVISIONAL_PROPOSAL","UNRESOLVED","MEDIUM","YES","cold_chain","NO","0","Provisional target container inferred; exact L3/L4 successor awaits owner-final lower-level design. Policy/risk gate remains independent of taxonomy placement."
"peynir","3","kahvaltilik-sut-urunleri","Market & Gıda > Kahvaltılık & Süt Ürünleri > Peynir","Peynir","peynir","active","Gıda & İçecek","Süt Ürünleri & Yumurta","","","PROVISIONAL_PROPOSAL","UNRESOLVED","MEDIUM","YES","cold_chain","NO","0","Provisional target container inferred; exact L3/L4 successor awaits owner-final lower-level design. Policy/risk gate remains independent of taxonomy placement."
"tereyagi-margarin","3","kahvaltilik-sut-urunleri","Market & Gıda > Kahvaltılık & Süt Ürünleri > Tereyağı & Margarin","Tereyağı & Margarin","tereyagi-margarin","active","Gıda & İçecek","Süt Ürünleri & Yumurta","","","PROVISIONAL_PROPOSAL","UNRESOLVED","MEDIUM","YES","cold_chain","NO","0","Provisional target container inferred; exact L3/L4 successor awaits owner-final lower-level design. Policy/risk gate remains independent of taxonomy placement."
"yumurta","3","kahvaltilik-sut-urunleri","Market & Gıda > Kahvaltılık & Süt Ürünleri > Yumurta","Yumurta","yumurta","active","Gıda & İçecek","Süt Ürünleri & Yumurta","","","PROVISIONAL_PROPOSAL","UNRESOLVED","MEDIUM","YES","cold_chain","NO","0","Provisional target container inferred; exact L3/L4 successor awaits owner-final lower-level design. Policy/risk gate remains independent of taxonomy placement."
"zeytin","3","kahvaltilik-sut-urunleri","Market & Gıda > Kahvaltılık & Süt Ürünleri > Zeytin","Zeytin","zeytin","active","Gıda & İçecek","Kahvaltılık","","","PROVISIONAL_PROPOSAL","UNRESOLVED","MEDIUM","YES","","NO","0","Provisional target container inferred; exact L3/L4 successor awaits owner-final lower-level design."
"bal-recel-surulebilir-urunler","3","kahvaltilik-sut-urunleri","Market & Gıda > Kahvaltılık & Süt Ürünleri > Bal, Reçel & Sürülebilir Ürünler","Bal, Reçel & Sürülebilir Ürünler","bal-recel-surulebilir-urunler","active","Gıda & İçecek","Kahvaltılık","","","PROVISIONAL_PROPOSAL","UNRESOLVED","MEDIUM","YES","","NO","0","Provisional target container inferred; exact L3/L4 successor awaits owner-final lower-level design."
"icecek-atistirmalik","2","market-gida","Market & Gıda > İçecek & Atıştırmalık","İçecek & Atıştırmalık","icecek-atistirmalik","active","Gıda & İçecek","","","","PROVISIONAL_PROPOSAL","SPLIT","MEDIUM","YES","","NO","2","Provisional L2 candidates: Atıştırmalık, Şekerleme & Kuruyemiş | Alkolsüz İçecekler"
"su-maden-suyu","3","icecek-atistirmalik","Market & Gıda > İçecek & Atıştırmalık > Su & Maden Suyu","Su & Maden Suyu","su-maden-suyu","active","Gıda & İçecek","","","","PROVISIONAL_PROPOSAL","UNRESOLVED","LOW","YES","","NO","0","Provisional L2 candidates: Atıştırmalık, Şekerleme & Kuruyemiş | Alkolsüz İçecekler"
"cay-bitki-cayi","3","icecek-atistirmalik","Market & Gıda > İçecek & Atıştırmalık > Çay & Bitki Çayı","Çay & Bitki Çayı","cay-bitki-cayi","active","Gıda & İçecek","Alkolsüz İçecekler","","","PROVISIONAL_PROPOSAL","UNRESOLVED","MEDIUM","YES","","NO","0","Provisional target container inferred; exact L3/L4 successor awaits owner-final lower-level design."
"kahve-kakao","3","icecek-atistirmalik","Market & Gıda > İçecek & Atıştırmalık > Kahve & Kakao","Kahve & Kakao","kahve-kakao","active","Gıda & İçecek","Alkolsüz İçecekler","","","PROVISIONAL_PROPOSAL","UNRESOLVED","MEDIUM","YES","","NO","0","Provisional target container inferred; exact L3/L4 successor awaits owner-final lower-level design."
"gazli-icecek-meyve-suyu","3","icecek-atistirmalik","Market & Gıda > İçecek & Atıştırmalık > Gazlı İçecek & Meyve Suyu","Gazlı İçecek & Meyve Suyu","gazli-icecek-meyve-suyu","active","Gıda & İçecek","Alkolsüz İçecekler","","","PROVISIONAL_PROPOSAL","UNRESOLVED","MEDIUM","YES","","NO","0","Provisional target container inferred; exact L3/L4 successor awaits owner-final lower-level design."
"cikolata-sekerleme","3","icecek-atistirmalik","Market & Gıda > İçecek & Atıştırmalık > Çikolata & Şekerleme","Çikolata & Şekerleme","cikolata-sekerleme","active","Gıda & İçecek","Atıştırmalık, Şekerleme & Kuruyemiş","","","PROVISIONAL_PROPOSAL","UNRESOLVED","MEDIUM","YES","","NO","0","Provisional target container inferred; exact L3/L4 successor awaits owner-final lower-level design."
"biskuvi-kraker-kek","3","icecek-atistirmalik","Market & Gıda > İçecek & Atıştırmalık > Bisküvi, Kraker & Kek","Bisküvi, Kraker & Kek","biskuvi-kraker-kek","active","Gıda & İçecek","Atıştırmalık, Şekerleme & Kuruyemiş","","","PROVISIONAL_PROPOSAL","UNRESOLVED","MEDIUM","YES","","NO","0","Provisional target container inferred; exact L3/L4 successor awaits owner-final lower-level design."
"cips-patlamis-misir","3","icecek-atistirmalik","Market & Gıda > İçecek & Atıştırmalık > Cips & Patlamış Mısır","Cips & Patlamış Mısır","cips-patlamis-misir","active","Gıda & İçecek","Atıştırmalık, Şekerleme & Kuruyemiş","","","PROVISIONAL_PROPOSAL","UNRESOLVED","MEDIUM","YES","","NO","0","Provisional target container inferred; exact L3/L4 successor awaits owner-final lower-level design."
"kuruyemis-kuru-meyve","3","icecek-atistirmalik","Market & Gıda > İçecek & Atıştırmalık > Kuruyemiş & Kuru Meyve","Kuruyemiş & Kuru Meyve","kuruyemis-kuru-meyve","active","Gıda & İçecek","Atıştırmalık, Şekerleme & Kuruyemiş","","","PROVISIONAL_PROPOSAL","UNRESOLVED","MEDIUM","YES","","NO","0","Provisional target container inferred; exact L3/L4 successor awaits owner-final lower-level design."
"taze-donuk-hazir-gida","2","market-gida","Market & Gıda > Taze, Donuk & Hazır Gıda","Taze, Donuk & Hazır Gıda","taze-donuk-hazir-gida","active","Gıda & İçecek","","","","PROVISIONAL_PROPOSAL","SPLIT","MEDIUM","YES","","NO","5","Provisional L2 candidates: Taze Meyve & Sebze | Et, Tavuk, Balık & Şarküteri | Ekmek, Unlu Mamuller & Pastacılık | Hazır & Pratik Gıda | Donuk Gıda"
"taze-meyve","3","taze-donuk-hazir-gida","Market & Gıda > Taze, Donuk & Hazır Gıda > Taze Meyve","Taze Meyve","taze-meyve","active","Gıda & İçecek","Taze Meyve & Sebze","","","PROVISIONAL_PROPOSAL","UNRESOLVED","MEDIUM","YES","","NO","0","Provisional target container inferred; exact L3/L4 successor awaits owner-final lower-level design."
"taze-sebze","3","taze-donuk-hazir-gida","Market & Gıda > Taze, Donuk & Hazır Gıda > Taze Sebze","Taze Sebze","taze-sebze","active","Gıda & İçecek","Taze Meyve & Sebze","","","PROVISIONAL_PROPOSAL","UNRESOLVED","MEDIUM","YES","","NO","0","Provisional target container inferred; exact L3/L4 successor awaits owner-final lower-level design."
"ekmek-unlu-mamuller","3","taze-donuk-hazir-gida","Market & Gıda > Taze, Donuk & Hazır Gıda > Ekmek & Unlu Mamuller","Ekmek & Unlu Mamuller","ekmek-unlu-mamuller","active","Gıda & İçecek","Ekmek, Unlu Mamuller & Pastacılık","","","PROVISIONAL_PROPOSAL","UNRESOLVED","MEDIUM","YES","","NO","0","Provisional target container inferred; exact L3/L4 successor awaits owner-final lower-level design."
"et-tavuk-urunleri","3","taze-donuk-hazir-gida","Market & Gıda > Taze, Donuk & Hazır Gıda > Et & Tavuk Ürünleri","Et & Tavuk Ürünleri","et-tavuk-urunleri","active","Gıda & İçecek","Et, Tavuk, Balık & Şarküteri","","","PROVISIONAL_PROPOSAL","UNRESOLVED","MEDIUM","YES","cold_chain","NO","0","Provisional target container inferred; exact L3/L4 successor awaits owner-final lower-level design. Policy/risk gate remains independent of taxonomy placement."
"sarkuteri","3","taze-donuk-hazir-gida","Market & Gıda > Taze, Donuk & Hazır Gıda > Şarküteri","Şarküteri","sarkuteri","active","Gıda & İçecek","Et, Tavuk, Balık & Şarküteri","","","PROVISIONAL_PROPOSAL","UNRESOLVED","MEDIUM","YES","cold_chain","NO","0","Provisional target container inferred; exact L3/L4 successor awaits owner-final lower-level design. Policy/risk gate remains independent of taxonomy placement."
"balik-deniz-urunleri","3","taze-donuk-hazir-gida","Market & Gıda > Taze, Donuk & Hazır Gıda > Balık & Deniz Ürünleri","Balık & Deniz Ürünleri","balik-deniz-urunleri","active","Gıda & İçecek","Et, Tavuk, Balık & Şarküteri","","","PROVISIONAL_PROPOSAL","UNRESOLVED","MEDIUM","YES","cold_chain","NO","0","Provisional target container inferred; exact L3/L4 successor awaits owner-final lower-level design. Policy/risk gate remains independent of taxonomy placement."
"dondurulmus-gida","3","taze-donuk-hazir-gida","Market & Gıda > Taze, Donuk & Hazır Gıda > Dondurulmuş Gıda","Dondurulmuş Gıda","dondurulmus-gida","active","Gıda & İçecek","Donuk Gıda","","","PROVISIONAL_PROPOSAL","UNRESOLVED","MEDIUM","YES","cold_chain","NO","0","Provisional target container inferred; exact L3/L4 successor awaits owner-final lower-level design. Policy/risk gate remains independent of taxonomy placement."
"hazir-yemek-meze","3","taze-donuk-hazir-gida","Market & Gıda > Taze, Donuk & Hazır Gıda > Hazır Yemek & Meze","Hazır Yemek & Meze","hazir-yemek-meze","active","Gıda & İçecek","Hazır & Pratik Gıda","","","PROVISIONAL_PROPOSAL","UNRESOLVED","MEDIUM","YES","cold_chain","NO","0","Provisional target container inferred; exact L3/L4 successor awaits owner-final lower-level design. Policy/risk gate remains independent of taxonomy placement."
"moda-giyim","1","","Moda & Giyim","Moda & Giyim","moda-giyim","active","Giyim & Moda","","","","CANONICAL_FINAL","RENAME","HIGH","NO","","YES","1",""
"ust-giyim","2","moda-giyim","Moda & Giyim > Üst Giyim","Üst Giyim","ust-giyim","active","Giyim & Moda","Üst Giyim","","","PROVISIONAL_PROPOSAL","KEEP","MEDIUM","YES","","NO","1","Target is an unapproved L2 proposal; action becomes executable only after owner finalization."
"tisort","3","ust-giyim","Moda & Giyim > Üst Giyim > Tişört","Tişört","tisort","active","Giyim & Moda","Üst Giyim","","","PROVISIONAL_PROPOSAL","UNRESOLVED","MEDIUM","YES","","NO","0","Provisional target container inferred; exact L3/L4 successor awaits owner-final lower-level design."
"gomlek-bluz","3","ust-giyim","Moda & Giyim > Üst Giyim > Gömlek & Bluz","Gömlek & Bluz","gomlek-bluz","active","Giyim & Moda","Üst Giyim","","","PROVISIONAL_PROPOSAL","UNRESOLVED","MEDIUM","YES","","NO","0","Provisional target container inferred; exact L3/L4 successor awaits owner-final lower-level design."
"kazak-hirka","3","ust-giyim","Moda & Giyim > Üst Giyim > Kazak & Hırka","Kazak & Hırka","kazak-hirka","active","Giyim & Moda","Üst Giyim","","","PROVISIONAL_PROPOSAL","UNRESOLVED","MEDIUM","YES","","NO","0","Provisional target container inferred; exact L3/L4 successor awaits owner-final lower-level design."
"sweatshirt-hoodie","3","ust-giyim","Moda & Giyim > Üst Giyim > Sweatshirt & Hoodie","Sweatshirt & Hoodie","sweatshirt-hoodie","active","Giyim & Moda","Üst Giyim","","","PROVISIONAL_PROPOSAL","UNRESOLVED","MEDIUM","YES","","NO","0","Provisional target container inferred; exact L3/L4 successor awaits owner-final lower-level design."
"tunik","3","ust-giyim","Moda & Giyim > Üst Giyim > Tunik","Tunik","tunik","active","Giyim & Moda","Üst Giyim","","","PROVISIONAL_PROPOSAL","UNRESOLVED","MEDIUM","YES","","NO","0","Provisional target container inferred; exact L3/L4 successor awaits owner-final lower-level design."
"alt-giyim","2","moda-giyim","Moda & Giyim > Alt Giyim","Alt Giyim","alt-giyim","active","Giyim & Moda","Alt Giyim","","","PROVISIONAL_PROPOSAL","KEEP","MEDIUM","YES","","NO","1","Target is an unapproved L2 proposal; action becomes executable only after owner finalization."
"pantolon","3","alt-giyim","Moda & Giyim > Alt Giyim > Pantolon","Pantolon","pantolon","active","Giyim & Moda","Alt Giyim","","","PROVISIONAL_PROPOSAL","UNRESOLVED","MEDIUM","YES","","NO","0","Provisional target container inferred; exact L3/L4 successor awaits owner-final lower-level design."
"jean","3","alt-giyim","Moda & Giyim > Alt Giyim > Jean","Jean","jean","active","Giyim & Moda","Alt Giyim","","","PROVISIONAL_PROPOSAL","UNRESOLVED","MEDIUM","YES","","NO","0","Provisional target container inferred; exact L3/L4 successor awaits owner-final lower-level design."
"etek","3","alt-giyim","Moda & Giyim > Alt Giyim > Etek","Etek","etek","active","Giyim & Moda","Alt Giyim","","","PROVISIONAL_PROPOSAL","UNRESOLVED","MEDIUM","YES","","NO","0","Provisional target container inferred; exact L3/L4 successor awaits owner-final lower-level design."
"sort","3","alt-giyim","Moda & Giyim > Alt Giyim > Şort","Şort","sort","active","Giyim & Moda","Alt Giyim","","","PROVISIONAL_PROPOSAL","UNRESOLVED","MEDIUM","YES","","NO","0","Provisional target container inferred; exact L3/L4 successor awaits owner-final lower-level design."
"tayt-esofman-alti","3","alt-giyim","Moda & Giyim > Alt Giyim > Tayt & Eşofman Altı","Tayt & Eşofman Altı","tayt-esofman-alti","active","Giyim & Moda","Alt Giyim","","","PROVISIONAL_PROPOSAL","UNRESOLVED","MEDIUM","YES","","NO","0","Provisional target container inferred; exact L3/L4 successor awaits owner-final lower-level design."
"dis-giyim-tek-parca","2","moda-giyim","Moda & Giyim > Dış Giyim & Tek Parça","Dış Giyim & Tek Parça","dis-giyim-tek-parca","active","Giyim & Moda","","","","PROVISIONAL_PROPOSAL","SPLIT","MEDIUM","YES","","NO","3","Provisional L2 candidates: Elbise & Tulum | Takım & Kombinler | Dış Giyim"
"mont-kaban-parka","3","dis-giyim-tek-parca","Moda & Giyim > Dış Giyim & Tek Parça > Mont, Kaban & Parka","Mont, Kaban & Parka","mont-kaban-parka","active","Giyim & Moda","Dış Giyim","","","PROVISIONAL_PROPOSAL","UNRESOLVED","MEDIUM","YES","","NO","0","Provisional target container inferred; exact L3/L4 successor awaits owner-final lower-level design."
"ceket-blazer","3","dis-giyim-tek-parca","Moda & Giyim > Dış Giyim & Tek Parça > Ceket & Blazer","Ceket & Blazer","ceket-blazer","active","Giyim & Moda","Dış Giyim","","","PROVISIONAL_PROPOSAL","UNRESOLVED","MEDIUM","YES","","NO","0","Provisional target container inferred; exact L3/L4 successor awaits owner-final lower-level design."
"yagmurluk-ruzgarlik","3","dis-giyim-tek-parca","Moda & Giyim > Dış Giyim & Tek Parça > Yağmurluk & Rüzgarlık","Yağmurluk & Rüzgarlık","yagmurluk-ruzgarlik","active","Giyim & Moda","","","","PROVISIONAL_PROPOSAL","UNRESOLVED","LOW","YES","","NO","0","Provisional L2 candidates: Elbise & Tulum | Takım & Kombinler | Dış Giyim"
"elbise","3","dis-giyim-tek-parca","Moda & Giyim > Dış Giyim & Tek Parça > Elbise","Elbise","elbise","active","Giyim & Moda","Elbise & Tulum","","","PROVISIONAL_PROPOSAL","UNRESOLVED","MEDIUM","YES","","NO","0","Provisional target container inferred; exact L3/L4 successor awaits owner-final lower-level design."
"tulum-giyim","3","dis-giyim-tek-parca","Moda & Giyim > Dış Giyim & Tek Parça > Tulum","Tulum","tulum-giyim","active","Giyim & Moda","Elbise & Tulum","","","PROVISIONAL_PROPOSAL","UNRESOLVED","MEDIUM","YES","","NO","0","Provisional target container inferred; exact L3/L4 successor awaits owner-final lower-level design."
"takim-elbise","3","dis-giyim-tek-parca","Moda & Giyim > Dış Giyim & Tek Parça > Takım Elbise","Takım Elbise","takim-elbise","active","Giyim & Moda","","","","PROVISIONAL_PROPOSAL","UNRESOLVED","LOW","YES","","NO","0","Provisional L2 candidates: Elbise & Tulum | Takım & Kombinler | Dış Giyim"
"ic-giyim-ev-giyimi-fonksiyonel","2","moda-giyim","Moda & Giyim > İç Giyim, Ev Giyimi & Fonksiyonel Giyim","İç Giyim, Ev Giyimi & Fonksiyonel Giyim","ic-giyim-ev-giyimi-fonksiyonel","active","Giyim & Moda","","","","PROVISIONAL_PROPOSAL","SPLIT","MEDIUM","YES","","NO","5","Provisional L2 candidates: İç Giyim | Ev & Uyku Giyimi | Spor & Performans Giyimi | Mayo & Plaj Giyimi | İş Giyimi & Üniforma"
"ic-camasiri","3","ic-giyim-ev-giyimi-fonksiyonel","Moda & Giyim > İç Giyim, Ev Giyimi & Fonksiyonel Giyim > İç Çamaşırı","İç Çamaşırı","ic-camasiri","active","Giyim & Moda","İç Giyim","","","PROVISIONAL_PROPOSAL","UNRESOLVED","MEDIUM","YES","","NO","0","Provisional target container inferred; exact L3/L4 successor awaits owner-final lower-level design."
"sutyen-korse","3","ic-giyim-ev-giyimi-fonksiyonel","Moda & Giyim > İç Giyim, Ev Giyimi & Fonksiyonel Giyim > Sütyen & Korse","Sütyen & Korse","sutyen-korse","active","Giyim & Moda","İç Giyim","","","PROVISIONAL_PROPOSAL","UNRESOLVED","MEDIUM","YES","","NO","0","Provisional target container inferred; exact L3/L4 successor awaits owner-final lower-level design."
"pijama-gecelik","3","ic-giyim-ev-giyimi-fonksiyonel","Moda & Giyim > İç Giyim, Ev Giyimi & Fonksiyonel Giyim > Pijama & Gecelik","Pijama & Gecelik","pijama-gecelik","active","Giyim & Moda","Ev & Uyku Giyimi","","","PROVISIONAL_PROPOSAL","UNRESOLVED","MEDIUM","YES","","NO","0","Provisional target container inferred; exact L3/L4 successor awaits owner-final lower-level design."
"corap-kulotlu-corap","3","ic-giyim-ev-giyimi-fonksiyonel","Moda & Giyim > İç Giyim, Ev Giyimi & Fonksiyonel Giyim > Çorap & Külotlu Çorap","Çorap & Külotlu Çorap","corap-kulotlu-corap","active","Giyim & Moda","İç Giyim","","","PROVISIONAL_PROPOSAL","UNRESOLVED","MEDIUM","YES","","NO","0","Provisional target container inferred; exact L3/L4 successor awaits owner-final lower-level design."
"is-kiyafeti-uniforma","3","ic-giyim-ev-giyimi-fonksiyonel","Moda & Giyim > İç Giyim, Ev Giyimi & Fonksiyonel Giyim > İş Kıyafeti & Üniforma","İş Kıyafeti & Üniforma","is-kiyafeti-uniforma","active","Giyim & Moda","İş Giyimi & Üniforma","","","PROVISIONAL_PROPOSAL","UNRESOLVED","MEDIUM","YES","safety_critical","NO","0","Provisional target container inferred; exact L3/L4 successor awaits owner-final lower-level design. Policy/risk gate remains independent of taxonomy placement."
"mayo-plaj-giyimi","3","ic-giyim-ev-giyimi-fonksiyonel","Moda & Giyim > İç Giyim, Ev Giyimi & Fonksiyonel Giyim > Mayo & Plaj Giyimi","Mayo & Plaj Giyimi","mayo-plaj-giyimi","active","Giyim & Moda","Mayo & Plaj Giyimi","","","PROVISIONAL_PROPOSAL","UNRESOLVED","MEDIUM","YES","","NO","0","Provisional target container inferred; exact L3/L4 successor awaits owner-final lower-level design."
"ayakkabi","1","","Ayakkabı","Ayakkabı","ayakkabi","active","Ayakkabı","","","","CANONICAL_FINAL","KEEP","HIGH","NO","","NO","1",""
"gunluk-klasik-ayakkabi","2","ayakkabi","Ayakkabı > Günlük & Klasik Ayakkabı","Günlük & Klasik Ayakkabı","gunluk-klasik-ayakkabi","active","Ayakkabı","","","","PROVISIONAL_PROPOSAL","SPLIT","MEDIUM","YES","","NO","2","Provisional L2 candidates: Günlük Ayakkabılar | Klasik Ayakkabılar"
"gunluk-bagcikli-ayakkabi","3","gunluk-klasik-ayakkabi","Ayakkabı > Günlük & Klasik Ayakkabı > Günlük Bağcıklı Ayakkabı","Günlük Bağcıklı Ayakkabı","gunluk-bagcikli-ayakkabi","active","Ayakkabı","Günlük Ayakkabılar","","","PROVISIONAL_PROPOSAL","UNRESOLVED","MEDIUM","YES","","NO","0","Provisional target container inferred; exact L3/L4 successor awaits owner-final lower-level design."
"mokasen-loafer","3","gunluk-klasik-ayakkabi","Ayakkabı > Günlük & Klasik Ayakkabı > Mokasen & Loafer","Mokasen & Loafer","mokasen-loafer","active","Ayakkabı","Günlük Ayakkabılar","","","PROVISIONAL_PROPOSAL","UNRESOLVED","MEDIUM","YES","","NO","0","Provisional target container inferred; exact L3/L4 successor awaits owner-final lower-level design."
"babet-duz-ayakkabi","3","gunluk-klasik-ayakkabi","Ayakkabı > Günlük & Klasik Ayakkabı > Babet & Düz Ayakkabı","Babet & Düz Ayakkabı","babet-duz-ayakkabi","active","Ayakkabı","Günlük Ayakkabılar","","","PROVISIONAL_PROPOSAL","UNRESOLVED","MEDIUM","YES","","NO","0","Provisional target container inferred; exact L3/L4 successor awaits owner-final lower-level design."
"klasik-ayakkabi","3","gunluk-klasik-ayakkabi","Ayakkabı > Günlük & Klasik Ayakkabı > Klasik Ayakkabı","Klasik Ayakkabı","klasik-ayakkabi","active","Ayakkabı","Klasik Ayakkabılar","","","PROVISIONAL_PROPOSAL","UNRESOLVED","MEDIUM","YES","","NO","0","Provisional target container inferred; exact L3/L4 successor awaits owner-final lower-level design."
"topuklu-ayakkabi","3","gunluk-klasik-ayakkabi","Ayakkabı > Günlük & Klasik Ayakkabı > Topuklu Ayakkabı","Topuklu Ayakkabı","topuklu-ayakkabi","active","Ayakkabı","","","","PROVISIONAL_PROPOSAL","UNRESOLVED","LOW","YES","","NO","0","Provisional L2 candidates: Günlük Ayakkabılar | Klasik Ayakkabılar"
"spor-ayakkabi","2","ayakkabi","Ayakkabı > Spor Ayakkabı","Spor Ayakkabı","spor-ayakkabi","active","Ayakkabı","Spor Ayakkabıları","","","PROVISIONAL_PROPOSAL","RENAME","MEDIUM","YES","","NO","1","Target is an unapproved L2 proposal; action becomes executable only after owner finalization."
"kosu-ayakkabisi","3","spor-ayakkabi","Ayakkabı > Spor Ayakkabı > Koşu Ayakkabısı","Koşu Ayakkabısı","kosu-ayakkabisi","active","Ayakkabı","Spor Ayakkabıları","","","PROVISIONAL_PROPOSAL","UNRESOLVED","MEDIUM","YES","","NO","0","Provisional target container inferred; exact L3/L4 successor awaits owner-final lower-level design."
"yuruyus-ayakkabisi","3","spor-ayakkabi","Ayakkabı > Spor Ayakkabı > Yürüyüş Ayakkabısı","Yürüyüş Ayakkabısı","yuruyus-ayakkabisi","active","Ayakkabı","Spor Ayakkabıları","","","PROVISIONAL_PROPOSAL","UNRESOLVED","MEDIUM","YES","","NO","0","Provisional target container inferred; exact L3/L4 successor awaits owner-final lower-level design."
"gunluk-sneaker","3","spor-ayakkabi","Ayakkabı > Spor Ayakkabı > Günlük Sneaker","Günlük Sneaker","gunluk-sneaker","active","Ayakkabı","Spor Ayakkabıları","","","PROVISIONAL_PROPOSAL","UNRESOLVED","MEDIUM","YES","","NO","0","Provisional target container inferred; exact L3/L4 successor awaits owner-final lower-level design."
"salon-antrenman-ayakkabisi","3","spor-ayakkabi","Ayakkabı > Spor Ayakkabı > Salon & Antrenman Ayakkabısı","Salon & Antrenman Ayakkabısı","salon-antrenman-ayakkabisi","active","Ayakkabı","Spor Ayakkabıları","","","PROVISIONAL_PROPOSAL","UNRESOLVED","MEDIUM","YES","","NO","0","Provisional target container inferred; exact L3/L4 successor awaits owner-final lower-level design."
"futbol-ayakkabisi","3","spor-ayakkabi","Ayakkabı > Spor Ayakkabı > Futbol Ayakkabısı","Futbol Ayakkabısı","futbol-ayakkabisi","active","Ayakkabı","Spor Ayakkabıları","","","PROVISIONAL_PROPOSAL","UNRESOLVED","MEDIUM","YES","","NO","0","Provisional target container inferred; exact L3/L4 successor awaits owner-final lower-level design."
"bot-cizme","2","ayakkabi","Ayakkabı > Bot & Çizme","Bot & Çizme","bot-cizme","active","Ayakkabı","Bot & Çizmeler","","","PROVISIONAL_PROPOSAL","RENAME","MEDIUM","YES","","NO","1","Target is an unapproved L2 proposal; action becomes executable only after owner finalization."
"bot","3","bot-cizme","Ayakkabı > Bot & Çizme > Bot","Bot","bot","active","Ayakkabı","Bot & Çizmeler","","","PROVISIONAL_PROPOSAL","UNRESOLVED","MEDIUM","YES","","NO","0","Provisional target container inferred; exact L3/L4 successor awaits owner-final lower-level design."
"cizme","3","bot-cizme","Ayakkabı > Bot & Çizme > Çizme","Çizme","cizme","active","Ayakkabı","Bot & Çizmeler","","","PROVISIONAL_PROPOSAL","UNRESOLVED","MEDIUM","YES","","NO","0","Provisional target container inferred; exact L3/L4 successor awaits owner-final lower-level design."
"kar-yagmur-botu","3","bot-cizme","Ayakkabı > Bot & Çizme > Kar & Yağmur Botu","Kar & Yağmur Botu","kar-yagmur-botu","active","Ayakkabı","Bot & Çizmeler","","","PROVISIONAL_PROPOSAL","UNRESOLVED","MEDIUM","YES","","NO","0","Provisional target container inferred; exact L3/L4 successor awaits owner-final lower-level design."
"trekking-ayakkabisi-botu","3","bot-cizme","Ayakkabı > Bot & Çizme > Trekking Ayakkabısı & Botu","Trekking Ayakkabısı & Botu","trekking-ayakkabisi-botu","active","Ayakkabı","Bot & Çizmeler","","","PROVISIONAL_PROPOSAL","UNRESOLVED","MEDIUM","YES","","NO","0","Provisional target container inferred; exact L3/L4 successor awaits owner-final lower-level design."
"sandalet-terlik-uzmanlik-ayakkabisi","2","ayakkabi","Ayakkabı > Sandalet, Terlik & Uzmanlık Ayakkabısı","Sandalet, Terlik & Uzmanlık Ayakkabısı","sandalet-terlik-uzmanlik-ayakkabisi","active","Ayakkabı","","","","PROVISIONAL_PROPOSAL","SPLIT","MEDIUM","YES","","NO","4","Provisional L2 candidates: Sandalet & Terlikler | Çocuk & Bebek Ayakkabıları | İş & Güvenlik Ayakkabıları | Ayakkabı Bakım & Aksesuarları"
"sandalet","3","sandalet-terlik-uzmanlik-ayakkabisi","Ayakkabı > Sandalet, Terlik & Uzmanlık Ayakkabısı > Sandalet","Sandalet","sandalet","active","Ayakkabı","Sandalet & Terlikler","","","PROVISIONAL_PROPOSAL","UNRESOLVED","MEDIUM","YES","","NO","0","Provisional target container inferred; exact L3/L4 successor awaits owner-final lower-level design."
"terlik","3","sandalet-terlik-uzmanlik-ayakkabisi","Ayakkabı > Sandalet, Terlik & Uzmanlık Ayakkabısı > Terlik","Terlik","terlik","active","Ayakkabı","","","","PROVISIONAL_PROPOSAL","UNRESOLVED","LOW","YES","","NO","0","Provisional L2 candidates: Sandalet & Terlikler | Çocuk & Bebek Ayakkabıları | İş & Güvenlik Ayakkabıları | Ayakkabı Bakım & Aksesuarları"
"deniz-ayakkabisi","3","sandalet-terlik-uzmanlik-ayakkabisi","Ayakkabı > Sandalet, Terlik & Uzmanlık Ayakkabısı > Deniz Ayakkabısı","Deniz Ayakkabısı","deniz-ayakkabisi","active","Ayakkabı","","","","PROVISIONAL_PROPOSAL","UNRESOLVED","LOW","YES","","NO","0","Provisional L2 candidates: Sandalet & Terlikler | Çocuk & Bebek Ayakkabıları | İş & Güvenlik Ayakkabıları | Ayakkabı Bakım & Aksesuarları"
"is-guvenligi-ayakkabisi","3","sandalet-terlik-uzmanlik-ayakkabisi","Ayakkabı > Sandalet, Terlik & Uzmanlık Ayakkabısı > İş Güvenliği Ayakkabısı","İş Güvenliği Ayakkabısı","is-guvenligi-ayakkabisi","active","Ayakkabı","İş & Güvenlik Ayakkabıları","","","PROVISIONAL_PROPOSAL","UNRESOLVED","MEDIUM","YES","safety_critical","NO","0","Provisional target container inferred; exact L3/L4 successor awaits owner-final lower-level design. Policy/risk gate remains independent of taxonomy placement."
"medikal-konfor-ayakkabisi","3","sandalet-terlik-uzmanlik-ayakkabisi","Ayakkabı > Sandalet, Terlik & Uzmanlık Ayakkabısı > Medikal & Konfor Ayakkabısı","Medikal & Konfor Ayakkabısı","medikal-konfor-ayakkabisi","active","Ayakkabı","Ayakkabı Bakım & Aksesuarları","","","PROVISIONAL_PROPOSAL","UNRESOLVED","MEDIUM","YES","regulated_review|claim_sensitive","NO","0","Provisional target container inferred; exact L3/L4 successor awaits owner-final lower-level design. Policy/risk gate remains independent of taxonomy placement."
"canta-giyim-aksesuari","1","","Çanta & Giyim Aksesuarı","Çanta & Giyim Aksesuarı","canta-giyim-aksesuari","active","Çanta & Aksesuar","","","","CANONICAL_FINAL","RENAME","HIGH","NO","","YES","1",""
"gunluk-cantalar","2","canta-giyim-aksesuari","Çanta & Giyim Aksesuarı > Günlük Çantalar","Günlük Çantalar","gunluk-cantalar","active","Çanta & Aksesuar","","","","PROVISIONAL_PROPOSAL","SPLIT","MEDIUM","YES","","NO","2","Provisional L2 candidates: El, Omuz & Bel Çantaları | Sırt Çantaları"
"el-cantasi","3","gunluk-cantalar","Çanta & Giyim Aksesuarı > Günlük Çantalar > El Çantası","El Çantası","el-cantasi","active","Çanta & Aksesuar","El, Omuz & Bel Çantaları","","","PROVISIONAL_PROPOSAL","UNRESOLVED","MEDIUM","YES","","NO","0","Provisional target container inferred; exact L3/L4 successor awaits owner-final lower-level design."
"omuz-capraz-canta","3","gunluk-cantalar","Çanta & Giyim Aksesuarı > Günlük Çantalar > Omuz & Çapraz Çanta","Omuz & Çapraz Çanta","omuz-capraz-canta","active","Çanta & Aksesuar","El, Omuz & Bel Çantaları","","","PROVISIONAL_PROPOSAL","UNRESOLVED","MEDIUM","YES","","NO","0","Provisional target container inferred; exact L3/L4 successor awaits owner-final lower-level design."
"sirt-cantasi","3","gunluk-cantalar","Çanta & Giyim Aksesuarı > Günlük Çantalar > Sırt Çantası","Sırt Çantası","sirt-cantasi","active","Çanta & Aksesuar","Sırt Çantaları","","","PROVISIONAL_PROPOSAL","UNRESOLVED","MEDIUM","YES","","NO","0","Provisional target container inferred; exact L3/L4 successor awaits owner-final lower-level design."
"bel-cantasi","3","gunluk-cantalar","Çanta & Giyim Aksesuarı > Günlük Çantalar > Bel Çantası","Bel Çantası","bel-cantasi","active","Çanta & Aksesuar","El, Omuz & Bel Çantaları","","","PROVISIONAL_PROPOSAL","UNRESOLVED","MEDIUM","YES","","NO","0","Provisional target container inferred; exact L3/L4 successor awaits owner-final lower-level design."
"alisveris-bez-canta","3","gunluk-cantalar","Çanta & Giyim Aksesuarı > Günlük Çantalar > Alışveriş & Bez Çanta","Alışveriş & Bez Çanta","alisveris-bez-canta","active","Çanta & Aksesuar","","","","PROVISIONAL_PROPOSAL","UNRESOLVED","LOW","YES","","NO","0","Provisional L2 candidates: El, Omuz & Bel Çantaları | Sırt Çantaları"
"is-okul-cihaz-cantalari","2","canta-giyim-aksesuari","Çanta & Giyim Aksesuarı > İş, Okul & Cihaz Çantaları","İş, Okul & Cihaz Çantaları","is-okul-cihaz-cantalari","active","Çanta & Aksesuar","","","","PROVISIONAL_PROPOSAL","SPLIT","MEDIUM","YES","","NO","2","Provisional L2 candidates: Sırt Çantaları | Evrak, Laptop & Ekipman Çantaları"
"laptop-cantasi","3","is-okul-cihaz-cantalari","Çanta & Giyim Aksesuarı > İş, Okul & Cihaz Çantaları > Laptop Çantası","Laptop Çantası","laptop-cantasi","active","Çanta & Aksesuar","Evrak, Laptop & Ekipman Çantaları","","","PROVISIONAL_PROPOSAL","UNRESOLVED","MEDIUM","YES","","NO","0","Provisional target container inferred; exact L3/L4 successor awaits owner-final lower-level design."
"evrak-cantasi","3","is-okul-cihaz-cantalari","Çanta & Giyim Aksesuarı > İş, Okul & Cihaz Çantaları > Evrak Çantası","Evrak Çantası","evrak-cantasi","active","Çanta & Aksesuar","Evrak, Laptop & Ekipman Çantaları","","","PROVISIONAL_PROPOSAL","UNRESOLVED","MEDIUM","YES","","NO","0","Provisional target container inferred; exact L3/L4 successor awaits owner-final lower-level design."
"okul-cantasi","3","is-okul-cihaz-cantalari","Çanta & Giyim Aksesuarı > İş, Okul & Cihaz Çantaları > Okul Çantası","Okul Çantası","okul-cantasi","active","Çanta & Aksesuar","Evrak, Laptop & Ekipman Çantaları","","","PROVISIONAL_PROPOSAL","UNRESOLVED","MEDIUM","YES","","NO","0","Provisional target container inferred; exact L3/L4 successor awaits owner-final lower-level design."
"fotograf-makinesi-cantasi","3","is-okul-cihaz-cantalari","Çanta & Giyim Aksesuarı > İş, Okul & Cihaz Çantaları > Fotoğraf Makinesi Çantası","Fotoğraf Makinesi Çantası","fotograf-makinesi-cantasi","active","Çanta & Aksesuar","","","","PROVISIONAL_PROPOSAL","UNRESOLVED","LOW","YES","","NO","0","Provisional L2 candidates: Sırt Çantaları | Evrak, Laptop & Ekipman Çantaları"
"seyahat-cantalari","2","canta-giyim-aksesuari","Çanta & Giyim Aksesuarı > Seyahat Çantaları","Seyahat Çantaları","seyahat-cantalari","active","Çanta & Aksesuar","","","","PROVISIONAL_PROPOSAL","SPLIT","MEDIUM","YES","","NO","2","Provisional L2 candidates: Valiz & Seyahat Çantaları | Seyahat Aksesuarları"
"valiz","3","seyahat-cantalari","Çanta & Giyim Aksesuarı > Seyahat Çantaları > Valiz","Valiz","valiz","active","Çanta & Aksesuar","Valiz & Seyahat Çantaları","","","PROVISIONAL_PROPOSAL","UNRESOLVED","MEDIUM","YES","","NO","0","Provisional target container inferred; exact L3/L4 successor awaits owner-final lower-level design."
"seyahat-cantasi","3","seyahat-cantalari","Çanta & Giyim Aksesuarı > Seyahat Çantaları > Seyahat Çantası","Seyahat Çantası","seyahat-cantasi","active","Çanta & Aksesuar","Valiz & Seyahat Çantaları","","","PROVISIONAL_PROPOSAL","UNRESOLVED","MEDIUM","YES","","NO","0","Provisional target container inferred; exact L3/L4 successor awaits owner-final lower-level design."
"kabin-el-bagaji","3","seyahat-cantalari","Çanta & Giyim Aksesuarı > Seyahat Çantaları > Kabin & El Bagajı","Kabin & El Bagajı","kabin-el-bagaji","active","Çanta & Aksesuar","Valiz & Seyahat Çantaları","","","PROVISIONAL_PROPOSAL","UNRESOLVED","MEDIUM","YES","","NO","0","Provisional target container inferred; exact L3/L4 successor awaits owner-final lower-level design."
"makyaj-bakim-cantasi","3","seyahat-cantalari","Çanta & Giyim Aksesuarı > Seyahat Çantaları > Makyaj & Bakım Çantası","Makyaj & Bakım Çantası","makyaj-bakim-cantasi","active","Çanta & Aksesuar","","","","PROVISIONAL_PROPOSAL","UNRESOLVED","LOW","YES","","NO","0","Provisional L2 candidates: Valiz & Seyahat Çantaları | Seyahat Aksesuarları"
"kucuk-deri-giyim-tamamlayicilari","2","canta-giyim-aksesuari","Çanta & Giyim Aksesuarı > Küçük Deri Ürünleri & Giyim Tamamlayıcıları","Küçük Deri Ürünleri & Giyim Tamamlayıcıları","kucuk-deri-giyim-tamamlayicilari","active","Çanta & Aksesuar","","","","PROVISIONAL_PROPOSAL","SPLIT","MEDIUM","YES","","NO","6","Provisional L2 candidates: Cüzdan, Kartlık & Anahtarlık | Kemer, Pantolon Askısı & Kravat | Şapka, Bere & Saç Aksesuarları | Atkı, Şal & Eldiven | Şemsiyeler | Seyahat Aksesuarları"
"cuzdan-kartlik","3","kucuk-deri-giyim-tamamlayicilari","Çanta & Giyim Aksesuarı > Küçük Deri Ürünleri & Giyim Tamamlayıcıları > Cüzdan & Kartlık","Cüzdan & Kartlık","cuzdan-kartlik","active","Çanta & Aksesuar","Cüzdan, Kartlık & Anahtarlık","","","PROVISIONAL_PROPOSAL","UNRESOLVED","MEDIUM","YES","","NO","0","Provisional target container inferred; exact L3/L4 successor awaits owner-final lower-level design."
"kemer","3","kucuk-deri-giyim-tamamlayicilari","Çanta & Giyim Aksesuarı > Küçük Deri Ürünleri & Giyim Tamamlayıcıları > Kemer","Kemer","kemer","active","Çanta & Aksesuar","Kemer, Pantolon Askısı & Kravat","","","PROVISIONAL_PROPOSAL","UNRESOLVED","MEDIUM","YES","","NO","0","Provisional target container inferred; exact L3/L4 successor awaits owner-final lower-level design."
"sapka-bere","3","kucuk-deri-giyim-tamamlayicilari","Çanta & Giyim Aksesuarı > Küçük Deri Ürünleri & Giyim Tamamlayıcıları > Şapka & Bere","Şapka & Bere","sapka-bere","active","Çanta & Aksesuar","Şapka, Bere & Saç Aksesuarları","","","PROVISIONAL_PROPOSAL","UNRESOLVED","MEDIUM","YES","","NO","0","Provisional target container inferred; exact L3/L4 successor awaits owner-final lower-level design."
"atki-sal-fular","3","kucuk-deri-giyim-tamamlayicilari","Çanta & Giyim Aksesuarı > Küçük Deri Ürünleri & Giyim Tamamlayıcıları > Atkı, Şal & Fular","Atkı, Şal & Fular","atki-sal-fular","active","Çanta & Aksesuar","Atkı, Şal & Eldiven","","","PROVISIONAL_PROPOSAL","UNRESOLVED","MEDIUM","YES","","NO","0","Provisional target container inferred; exact L3/L4 successor awaits owner-final lower-level design."
"eldiven","3","kucuk-deri-giyim-tamamlayicilari","Çanta & Giyim Aksesuarı > Küçük Deri Ürünleri & Giyim Tamamlayıcıları > Eldiven","Eldiven","eldiven","active","Çanta & Aksesuar","Atkı, Şal & Eldiven","","","PROVISIONAL_PROPOSAL","UNRESOLVED","MEDIUM","YES","","NO","0","Provisional target container inferred; exact L3/L4 successor awaits owner-final lower-level design."
"kravat-papyon","3","kucuk-deri-giyim-tamamlayicilari","Çanta & Giyim Aksesuarı > Küçük Deri Ürünleri & Giyim Tamamlayıcıları > Kravat & Papyon","Kravat & Papyon","kravat-papyon","active","Çanta & Aksesuar","Kemer, Pantolon Askısı & Kravat","","","PROVISIONAL_PROPOSAL","UNRESOLVED","MEDIUM","YES","","NO","0","Provisional target container inferred; exact L3/L4 successor awaits owner-final lower-level design."
"semsiye","3","kucuk-deri-giyim-tamamlayicilari","Çanta & Giyim Aksesuarı > Küçük Deri Ürünleri & Giyim Tamamlayıcıları > Şemsiye","Şemsiye","semsiye","active","Çanta & Aksesuar","Şemsiyeler","","","PROVISIONAL_PROPOSAL","UNRESOLVED","MEDIUM","YES","","NO","0","Provisional target container inferred; exact L3/L4 successor awaits owner-final lower-level design."
"sac-aksesuarlari","3","kucuk-deri-giyim-tamamlayicilari","Çanta & Giyim Aksesuarı > Küçük Deri Ürünleri & Giyim Tamamlayıcıları > Saç Aksesuarları","Saç Aksesuarları","sac-aksesuarlari","active","Çanta & Aksesuar","Şapka, Bere & Saç Aksesuarları","","","PROVISIONAL_PROPOSAL","UNRESOLVED","MEDIUM","YES","","NO","0","Provisional target container inferred; exact L3/L4 successor awaits owner-final lower-level design."
"elektronik","1","","Elektronik","Elektronik","elektronik","active","Elektronik","","","","CANONICAL_FINAL","KEEP","HIGH","NO","","NO","1",""
"telefon-giyilebilir-teknoloji","2","elektronik","Elektronik > Telefon & Giyilebilir Teknoloji","Telefon & Giyilebilir Teknoloji","telefon-giyilebilir-teknoloji","active","Elektronik","","","","CANONICAL_FINAL","SPLIT","HIGH","NO","","YES","2","Canonical L2 successors: Telefon & Aksesuarları | Giyilebilir Teknoloji"
"akilli-telefon","3","telefon-giyilebilir-teknoloji","Elektronik > Telefon & Giyilebilir Teknoloji > Akıllı Telefon","Akıllı Telefon","akilli-telefon","active","Elektronik","Telefon & Aksesuarları","Cep Telefonları","Akıllı Telefonlar","CANONICAL_FINAL","RENAME_AND_MOVE","HIGH","NO","","YES","1",""
"tuslu-cep-telefonu","3","telefon-giyilebilir-teknoloji","Elektronik > Telefon & Giyilebilir Teknoloji > Tuşlu Cep Telefonu","Tuşlu Cep Telefonu","tuslu-cep-telefonu","active","Elektronik","Telefon & Aksesuarları","Cep Telefonları","Tuşlu Telefonlar","CANONICAL_FINAL","RENAME_AND_MOVE","HIGH","NO","","YES","1",""
"akilli-saat","3","telefon-giyilebilir-teknoloji","Elektronik > Telefon & Giyilebilir Teknoloji > Akıllı Saat","Akıllı Saat","akilli-saat","active","Elektronik","Giyilebilir Teknoloji","","","CANONICAL_FINAL","MOVE","HIGH","NO","","YES","1","Canonical L2 placement is final; lower successor awaits a future owner-approved L3/L4 design."
"akilli-bileklik","3","telefon-giyilebilir-teknoloji","Elektronik > Telefon & Giyilebilir Teknoloji > Akıllı Bileklik","Akıllı Bileklik","akilli-bileklik","active","Elektronik","Giyilebilir Teknoloji","","","CANONICAL_FINAL","MOVE","HIGH","NO","","YES","1","Canonical L2 placement is final; lower successor awaits a future owner-approved L3/L4 design."
"gps-takip-cihazi","3","telefon-giyilebilir-teknoloji","Elektronik > Telefon & Giyilebilir Teknoloji > GPS Takip Cihazı","GPS Takip Cihazı","gps-takip-cihazi","active","Elektronik","Giyilebilir Teknoloji","","","CANONICAL_FINAL","MOVE","HIGH","NO","","YES","1","Canonical L2 placement is final; lower successor awaits a future owner-approved L3/L4 design."
"telefon-aksesuarlari","2","elektronik","Elektronik > Telefon Aksesuarları","Telefon Aksesuarları","telefon-aksesuarlari","active","Elektronik","","","","CANONICAL_FINAL","SPLIT","HIGH","NO","","YES","2","Canonical L2 successors: Telefon & Aksesuarları | Güç, Şarj & Bağlantı"
"telefon-koruma-tasima","3","telefon-aksesuarlari","Elektronik > Telefon Aksesuarları > Telefon Koruma & Taşıma","Telefon Koruma & Taşıma","telefon-koruma-tasima","active","Elektronik","Telefon & Aksesuarları","","","CANONICAL_FINAL","SPLIT","HIGH","NO","","YES","2","Canonical L3 successors: Telefon Kılıfları | Ekran Koruyucular"
"cep-telefonu-kilifi","4","telefon-koruma-tasima","Elektronik > Telefon Aksesuarları > Telefon Koruma & Taşıma > Cep Telefonu Kılıfı","Cep Telefonu Kılıfı","cep-telefonu-kilifi","active","Elektronik","Telefon & Aksesuarları","Telefon Kılıfları","","CANONICAL_FINAL","RENAME_AND_MOVE","HIGH","NO","","YES","1",""
"telefon-ekran-koruyucu","4","telefon-koruma-tasima","Elektronik > Telefon Aksesuarları > Telefon Koruma & Taşıma > Ekran Koruyucu","Ekran Koruyucu","telefon-ekran-koruyucu","active","Elektronik","Telefon & Aksesuarları","Ekran Koruyucular","","CANONICAL_FINAL","RENAME_AND_MOVE","HIGH","NO","","YES","1",""
"telefon-sarj-guc","3","telefon-aksesuarlari","Elektronik > Telefon Aksesuarları > Telefon Şarj & Güç","Telefon Şarj & Güç","telefon-sarj-guc","active","Elektronik","Güç, Şarj & Bağlantı","","","CANONICAL_FINAL","MOVE","HIGH","NO","","YES","1","Canonical L2 placement is final; lower successor awaits a future owner-approved L3/L4 design."
"telefon-sarj-cihazi","4","telefon-sarj-guc","Elektronik > Telefon Aksesuarları > Telefon Şarj & Güç > Telefon Şarj Cihazı","Telefon Şarj Cihazı","telefon-sarj-cihazi","active","Elektronik","Güç, Şarj & Bağlantı","","","CANONICAL_FINAL","MOVE","HIGH","NO","","YES","1","Canonical L2 placement is final; lower successor awaits a future owner-approved L3/L4 design."
"telefon-sarj-kablosu","4","telefon-sarj-guc","Elektronik > Telefon Aksesuarları > Telefon Şarj & Güç > Telefon Şarj Kablosu","Telefon Şarj Kablosu","telefon-sarj-kablosu","active","Elektronik","Güç, Şarj & Bağlantı","","","CANONICAL_FINAL","MOVE","HIGH","NO","","YES","1","Canonical L2 placement is final; lower successor awaits a future owner-approved L3/L4 design."
"powerbank","4","telefon-sarj-guc","Elektronik > Telefon Aksesuarları > Telefon Şarj & Güç > Powerbank","Powerbank","powerbank","active","Elektronik","Güç, Şarj & Bağlantı","","","CANONICAL_FINAL","MOVE","HIGH","NO","","YES","1","Canonical L2 placement is final; lower successor awaits a future owner-approved L3/L4 design."
"kablosuz-sarj-cihazi","4","telefon-sarj-guc","Elektronik > Telefon Aksesuarları > Telefon Şarj & Güç > Kablosuz Şarj Cihazı","Kablosuz Şarj Cihazı","kablosuz-sarj-cihazi","active","Elektronik","Güç, Şarj & Bağlantı","","","CANONICAL_FINAL","MOVE","HIGH","NO","","YES","1","Canonical L2 placement is final; lower successor awaits a future owner-approved L3/L4 design."
"telefon-tutucu-giris-aksesuarlari","3","telefon-aksesuarlari","Elektronik > Telefon Aksesuarları > Telefon Tutucu & Giriş Aksesuarları","Telefon Tutucu & Giriş Aksesuarları","telefon-tutucu-giris-aksesuarlari","active","Elektronik","Telefon & Aksesuarları","","","CANONICAL_FINAL","SPLIT","HIGH","YES","","YES","3","Successor families: Telefon Tutucu & Standları | Telefon Kamera & Çekim Aksesuarları | vehicle-primary holders under Otomotiv & Motosiklet."
"telefon-tutucu","4","telefon-tutucu-giris-aksesuarlari","Elektronik > Telefon Aksesuarları > Telefon Tutucu & Giriş Aksesuarları > Araç & Masa Telefon Tutucu","Araç & Masa Telefon Tutucu","telefon-tutucu","active","Elektronik","","","","CANONICAL_FINAL","SPLIT","HIGH","YES","","YES","2","Use-case split: phone-primary holder remains under Telefon & Aksesuarları; vehicle-primary holder moves to Otomotiv & Motosiklet > Araç İçi Aksesuarları."
"selfie-cubugu-uzaktan-kumanda","4","telefon-tutucu-giris-aksesuarlari","Elektronik > Telefon Aksesuarları > Telefon Tutucu & Giriş Aksesuarları > Selfie Çubuğu & Uzaktan Kumanda","Selfie Çubuğu & Uzaktan Kumanda","selfie-cubugu-uzaktan-kumanda","active","Elektronik","Telefon & Aksesuarları","Telefon Kamera & Çekim Aksesuarları","","CANONICAL_FINAL","RENAME_AND_MOVE","HIGH","NO","","YES","1",""
"telefon-yedek-bilesenleri","3","telefon-aksesuarlari","Elektronik > Telefon Aksesuarları > Telefon Yedek Bileşenleri","Telefon Yedek Bileşenleri","telefon-yedek-bilesenleri","active","Elektronik","Telefon & Aksesuarları","Telefon Yedek Parçaları","","CANONICAL_FINAL","RENAME_AND_MOVE","HIGH","NO","safety_critical|compatibility_critical","YES","1","Policy/risk gate remains independent of taxonomy placement."
"telefon-bataryasi","4","telefon-yedek-bilesenleri","Elektronik > Telefon Aksesuarları > Telefon Yedek Bileşenleri > Telefon Bataryası","Telefon Bataryası","telefon-bataryasi","active","Elektronik","Telefon & Aksesuarları","Telefon Yedek Parçaları","Telefon Bataryaları","CANONICAL_FINAL","RENAME_AND_MOVE","HIGH","NO","safety_critical|hazmat_review|compatibility_critical","YES","1","Policy/risk gate remains independent of taxonomy placement."
"telefon-ekran-modulu","4","telefon-yedek-bilesenleri","Elektronik > Telefon Aksesuarları > Telefon Yedek Bileşenleri > Telefon Ekran Modülü","Telefon Ekran Modülü","telefon-ekran-modulu","active","Elektronik","Telefon & Aksesuarları","Telefon Yedek Parçaları","Ekran & Dokunmatik Modülleri","CANONICAL_FINAL","RENAME_AND_MOVE","HIGH","NO","compatibility_critical","YES","1","Policy/risk gate remains independent of taxonomy placement."
"ses-goruntu-sistemleri","2","elektronik","Elektronik > Ses & Görüntü Sistemleri","Ses & Görüntü Sistemleri","ses-goruntu-sistemleri","active","Elektronik","","","","CANONICAL_FINAL","SPLIT","HIGH","NO","","YES","3","Canonical L2 successors: TV & Görüntü Sistemleri | Ses & Kulaklık | Güç, Şarj & Bağlantı"
"kulaklik","3","ses-goruntu-sistemleri","Elektronik > Ses & Görüntü Sistemleri > Kulaklık","Kulaklık","kulaklik","active","Elektronik","Ses & Kulaklık","","","CANONICAL_FINAL","MOVE","HIGH","NO","","YES","1","Canonical L2 placement is final; lower successor awaits a future owner-approved L3/L4 design."
"tasinabilir-hoparlor","3","ses-goruntu-sistemleri","Elektronik > Ses & Görüntü Sistemleri > Taşınabilir Hoparlör","Taşınabilir Hoparlör","tasinabilir-hoparlor","active","Elektronik","Ses & Kulaklık","","","CANONICAL_FINAL","MOVE","HIGH","NO","","YES","1","Canonical L2 placement is final; lower successor awaits a future owner-approved L3/L4 design."
"ev-ses-sistemi","3","ses-goruntu-sistemleri","Elektronik > Ses & Görüntü Sistemleri > Ev Ses Sistemi","Ev Ses Sistemi","ev-ses-sistemi","active","Elektronik","Ses & Kulaklık","","","CANONICAL_FINAL","MOVE","HIGH","NO","","YES","1","Canonical L2 placement is final; lower successor awaits a future owner-approved L3/L4 design."
"mikrofon","3","ses-goruntu-sistemleri","Elektronik > Ses & Görüntü Sistemleri > Mikrofon","Mikrofon","mikrofon","active","Elektronik","Ses & Kulaklık","","","CANONICAL_FINAL","MOVE","HIGH","NO","","YES","1","Canonical L2 placement is final; lower successor awaits a future owner-approved L3/L4 design."
"televizyon","3","ses-goruntu-sistemleri","Elektronik > Ses & Görüntü Sistemleri > Televizyon","Televizyon","televizyon","active","Elektronik","TV & Görüntü Sistemleri","","","CANONICAL_FINAL","MOVE","HIGH","NO","","YES","1","Canonical L2 placement is final; lower successor awaits a future owner-approved L3/L4 design."
"projeksiyon-cihazi","3","ses-goruntu-sistemleri","Elektronik > Ses & Görüntü Sistemleri > Projeksiyon Cihazı","Projeksiyon Cihazı","projeksiyon-cihazi","active","Elektronik","TV & Görüntü Sistemleri","","","CANONICAL_FINAL","MOVE","HIGH","NO","","YES","1","Canonical L2 placement is final; lower successor awaits a future owner-approved L3/L4 design."
"medya-oynatici","3","ses-goruntu-sistemleri","Elektronik > Ses & Görüntü Sistemleri > Medya Oynatıcı","Medya Oynatıcı","medya-oynatici","active","Elektronik","TV & Görüntü Sistemleri","","","CANONICAL_FINAL","MOVE","HIGH","NO","","YES","1","Canonical L2 placement is final; lower successor awaits a future owner-approved L3/L4 design."
"uydu-alicisi-anten","3","ses-goruntu-sistemleri","Elektronik > Ses & Görüntü Sistemleri > Uydu Alıcısı & Anten","Uydu Alıcısı & Anten","uydu-alicisi-anten","active","Elektronik","TV & Görüntü Sistemleri","","","CANONICAL_FINAL","MOVE","HIGH","NO","","YES","1","Canonical L2 placement is final; lower successor awaits a future owner-approved L3/L4 design."
"kamera-guvenlik-elektronigi","2","elektronik","Elektronik > Kamera & Güvenlik Elektroniği","Kamera & Güvenlik Elektroniği","kamera-guvenlik-elektronigi","active","Elektronik","","","","CANONICAL_FINAL","SPLIT","HIGH","NO","","YES","2","Canonical L2 successors: Fotoğraf & Kamera | Akıllı Ev & Güvenlik"
"fotograf-makinesi","3","kamera-guvenlik-elektronigi","Elektronik > Kamera & Güvenlik Elektroniği > Fotoğraf Makinesi","Fotoğraf Makinesi","fotograf-makinesi","active","Elektronik","Fotoğraf & Kamera","","","CANONICAL_FINAL","MOVE","HIGH","NO","","YES","1","Canonical L2 placement is final; lower successor awaits a future owner-approved L3/L4 design."
"aksiyon-kamerasi","3","kamera-guvenlik-elektronigi","Elektronik > Kamera & Güvenlik Elektroniği > Aksiyon Kamerası","Aksiyon Kamerası","aksiyon-kamerasi","active","Elektronik","Fotoğraf & Kamera","","","CANONICAL_FINAL","MOVE","HIGH","NO","","YES","1","Canonical L2 placement is final; lower successor awaits a future owner-approved L3/L4 design."
"kamera-lensi-fotograf-aksesuari","3","kamera-guvenlik-elektronigi","Elektronik > Kamera & Güvenlik Elektroniği > Kamera Lensi & Fotoğraf Aksesuarı","Kamera Lensi & Fotoğraf Aksesuarı","kamera-lensi-fotograf-aksesuari","active","Elektronik","Fotoğraf & Kamera","","","CANONICAL_FINAL","MOVE","HIGH","NO","","YES","1","Canonical L2 placement is final; lower successor awaits a future owner-approved L3/L4 design."
"guvenlik-kamerasi","3","kamera-guvenlik-elektronigi","Elektronik > Kamera & Güvenlik Elektroniği > Güvenlik Kamerası","Güvenlik Kamerası","guvenlik-kamerasi","active","Elektronik","Akıllı Ev & Güvenlik","","","CANONICAL_FINAL","MOVE","HIGH","NO","","YES","1","Canonical L2 placement is final; lower successor awaits a future owner-approved L3/L4 design."
"alarm-akilli-kapi-zili","3","kamera-guvenlik-elektronigi","Elektronik > Kamera & Güvenlik Elektroniği > Alarm & Akıllı Kapı Zili","Alarm & Akıllı Kapı Zili","alarm-akilli-kapi-zili","active","Elektronik","Akıllı Ev & Güvenlik","","","CANONICAL_FINAL","MOVE","HIGH","NO","","YES","1","Canonical L2 placement is final; lower successor awaits a future owner-approved L3/L4 design."
"bebek-kamerasi-telsizi","3","kamera-guvenlik-elektronigi","Elektronik > Kamera & Güvenlik Elektroniği > Bebek Kamerası & Telsizi","Bebek Kamerası & Telsizi","bebek-kamerasi-telsizi","active","Elektronik","Akıllı Ev & Güvenlik","","","CANONICAL_FINAL","MOVE","HIGH","NO","","YES","1","Canonical L2 placement is final; lower successor awaits a future owner-approved L3/L4 design."
"oyun-konsolu-aksesuarlari","2","elektronik","Elektronik > Oyun Konsolu & Aksesuarları","Oyun Konsolu & Aksesuarları","oyun-konsolu-aksesuarlari","active","Elektronik","Oyun Konsolu & Aksesuarları","","","CANONICAL_FINAL","KEEP","HIGH","NO","","NO","1",""
"oyun-konsolu","3","oyun-konsolu-aksesuarlari","Elektronik > Oyun Konsolu & Aksesuarları > Oyun Konsolu","Oyun Konsolu","oyun-konsolu","active","Elektronik","Oyun Konsolu & Aksesuarları","","","CANONICAL_FINAL","MOVE","HIGH","NO","","YES","1","Canonical L2 placement is final; lower successor awaits a future owner-approved L3/L4 design."
"oyun-kolu-kontrolcu","3","oyun-konsolu-aksesuarlari","Elektronik > Oyun Konsolu & Aksesuarları > Oyun Kolu & Kontrolcü","Oyun Kolu & Kontrolcü","oyun-kolu-kontrolcu","active","Elektronik","Oyun Konsolu & Aksesuarları","","","CANONICAL_FINAL","MOVE","HIGH","NO","","YES","1","Canonical L2 placement is final; lower successor awaits a future owner-approved L3/L4 design."
"konsol-aksesuari","3","oyun-konsolu-aksesuarlari","Elektronik > Oyun Konsolu & Aksesuarları > Konsol Aksesuarı","Konsol Aksesuarı","konsol-aksesuari","active","Elektronik","Oyun Konsolu & Aksesuarları","","","CANONICAL_FINAL","MOVE","HIGH","NO","","YES","1","Canonical L2 placement is final; lower successor awaits a future owner-approved L3/L4 design."
"fiziksel-video-oyunu","3","oyun-konsolu-aksesuarlari","Elektronik > Oyun Konsolu & Aksesuarları > Fiziksel Video Oyunu","Fiziksel Video Oyunu","fiziksel-video-oyunu","active","Elektronik","Oyun Konsolu & Aksesuarları","","","CANONICAL_FINAL","MOVE","HIGH","NO","","YES","1","Canonical L2 placement is final; lower successor awaits a future owner-approved L3/L4 design."
"elektronik-guc-kablo-bilesen","2","elektronik","Elektronik > Elektronik Güç, Kablo & Bileşen","Elektronik Güç, Kablo & Bileşen","elektronik-guc-kablo-bilesen","active","Elektronik","","","","CANONICAL_FINAL","SPLIT","HIGH","NO","","YES","2","Canonical L2 successors: Güç, Şarj & Bağlantı | Elektronik Bileşenler"
"pil-sarjli-pil","3","elektronik-guc-kablo-bilesen","Elektronik > Elektronik Güç, Kablo & Bileşen > Pil & Şarjlı Pil","Pil & Şarjlı Pil","pil-sarjli-pil","active","Elektronik","Güç, Şarj & Bağlantı","","","CANONICAL_FINAL","MOVE","HIGH","NO","hazmat_review","YES","1","Canonical L2 placement is final; lower successor awaits a future owner-approved L3/L4 design. Policy/risk gate remains independent of taxonomy placement."
"genel-adaptor-guc-kaynagi","3","elektronik-guc-kablo-bilesen","Elektronik > Elektronik Güç, Kablo & Bileşen > Genel Adaptör & Güç Kaynağı","Genel Adaptör & Güç Kaynağı","genel-adaptor-guc-kaynagi","active","Elektronik","Güç, Şarj & Bağlantı","","","CANONICAL_FINAL","MOVE","HIGH","NO","","YES","1","Canonical L2 placement is final; lower successor awaits a future owner-approved L3/L4 design."
"ses-goruntu-veri-kablosu","3","elektronik-guc-kablo-bilesen","Elektronik > Elektronik Güç, Kablo & Bileşen > Ses, Görüntü & Veri Kablosu","Ses, Görüntü & Veri Kablosu","ses-goruntu-veri-kablosu","active","Elektronik","Güç, Şarj & Bağlantı","","","CANONICAL_FINAL","MOVE","HIGH","NO","","YES","1","Canonical L2 placement is final; lower successor awaits a future owner-approved L3/L4 design."
"uzaktan-kumanda","3","elektronik-guc-kablo-bilesen","Elektronik > Elektronik Güç, Kablo & Bileşen > Uzaktan Kumanda","Uzaktan Kumanda","uzaktan-kumanda","active","Elektronik","Güç, Şarj & Bağlantı","","","CANONICAL_FINAL","MOVE","HIGH","NO","","YES","1","Canonical L2 placement is final; lower successor awaits a future owner-approved L3/L4 design."
"hobi-elektronik-bileseni","3","elektronik-guc-kablo-bilesen","Elektronik > Elektronik Güç, Kablo & Bileşen > Hobi Elektronik Bileşeni","Hobi Elektronik Bileşeni","hobi-elektronik-bileseni","active","Elektronik","Elektronik Bileşenler","","","CANONICAL_FINAL","MOVE","HIGH","NO","","YES","1","Canonical L2 placement is final; lower successor awaits a future owner-approved L3/L4 design."
"bilgisayar-tablet","1","","Bilgisayar & Tablet","Bilgisayar & Tablet","bilgisayar-tablet","active","Bilgisayar & Tablet","","","","CANONICAL_FINAL","KEEP","HIGH","NO","","NO","1",""
"bilgisayar-tablet-okuyucu","2","bilgisayar-tablet","Bilgisayar & Tablet > Bilgisayar, Tablet & Okuyucu","Bilgisayar, Tablet & Okuyucu","bilgisayar-tablet-okuyucu","active","Bilgisayar & Tablet","","","","CANONICAL_FINAL","SPLIT","HIGH","NO","","YES","4","Canonical L2 successors: Dizüstü Bilgisayar | Masaüstü Bilgisayar | Tablet | E-Kitap Okuyucu"
"dizustu-bilgisayar","3","bilgisayar-tablet-okuyucu","Bilgisayar & Tablet > Bilgisayar, Tablet & Okuyucu > Dizüstü Bilgisayar","Dizüstü Bilgisayar","dizustu-bilgisayar","active","Bilgisayar & Tablet","Dizüstü Bilgisayar","","","CANONICAL_FINAL","MOVE","HIGH","NO","","YES","1","Canonical L2 placement is final; lower successor awaits a future owner-approved L3/L4 design."
"masaustu-bilgisayar","3","bilgisayar-tablet-okuyucu","Bilgisayar & Tablet > Bilgisayar, Tablet & Okuyucu > Masaüstü Bilgisayar","Masaüstü Bilgisayar","masaustu-bilgisayar","active","Bilgisayar & Tablet","Masaüstü Bilgisayar","","","CANONICAL_FINAL","MOVE","HIGH","NO","","YES","1","Canonical L2 placement is final; lower successor awaits a future owner-approved L3/L4 design."
"all-in-one-mini-bilgisayar","3","bilgisayar-tablet-okuyucu","Bilgisayar & Tablet > Bilgisayar, Tablet & Okuyucu > All-in-One & Mini Bilgisayar","All-in-One & Mini Bilgisayar","all-in-one-mini-bilgisayar","active","Bilgisayar & Tablet","Masaüstü Bilgisayar","","","CANONICAL_FINAL","MOVE","HIGH","NO","","YES","1","Canonical L2 placement is final; lower successor awaits a future owner-approved L3/L4 design."
"tablet","3","bilgisayar-tablet-okuyucu","Bilgisayar & Tablet > Bilgisayar, Tablet & Okuyucu > Tablet","Tablet","tablet","active","Bilgisayar & Tablet","Tablet","","","CANONICAL_FINAL","MOVE","HIGH","NO","","YES","1","Canonical L2 placement is final; lower successor awaits a future owner-approved L3/L4 design."
"e-kitap-okuyucu","3","bilgisayar-tablet-okuyucu","Bilgisayar & Tablet > Bilgisayar, Tablet & Okuyucu > E-Kitap Okuyucu","E-Kitap Okuyucu","e-kitap-okuyucu","active","Bilgisayar & Tablet","E-Kitap Okuyucu","","","CANONICAL_FINAL","MOVE","HIGH","NO","","YES","1","Canonical L2 placement is final; lower successor awaits a future owner-approved L3/L4 design."
"bilgisayar-bilesenleri","2","bilgisayar-tablet","Bilgisayar & Tablet > Bilgisayar Bileşenleri","Bilgisayar Bileşenleri","bilgisayar-bilesenleri","active","Bilgisayar & Tablet","","","","CANONICAL_FINAL","SPLIT","HIGH","NO","","YES","2","Canonical L2 successors: Bilgisayar Bileşenleri | Veri Depolama"
"ana-bilgisayar-bilesenleri","3","bilgisayar-bilesenleri","Bilgisayar & Tablet > Bilgisayar Bileşenleri > Ana Bilgisayar Bileşenleri","Ana Bilgisayar Bileşenleri","ana-bilgisayar-bilesenleri","active","Bilgisayar & Tablet","Bilgisayar Bileşenleri","","","CANONICAL_FINAL","SPLIT","HIGH","NO","","YES","4","Canonical L3 successors: İşlemci | Ekran Kartı | Anakart | RAM Bellek"
"bilgisayar-islemcisi","4","ana-bilgisayar-bilesenleri","Bilgisayar & Tablet > Bilgisayar Bileşenleri > Ana Bilgisayar Bileşenleri > İşlemci","İşlemci","bilgisayar-islemcisi","active","Bilgisayar & Tablet","Bilgisayar Bileşenleri","İşlemci","","CANONICAL_FINAL","MOVE","HIGH","NO","","YES","1",""
"anakart","4","ana-bilgisayar-bilesenleri","Bilgisayar & Tablet > Bilgisayar Bileşenleri > Ana Bilgisayar Bileşenleri > Anakart","Anakart","anakart","active","Bilgisayar & Tablet","Bilgisayar Bileşenleri","Anakart","","CANONICAL_FINAL","MOVE","HIGH","NO","","YES","1",""
"ram-bellek","4","ana-bilgisayar-bilesenleri","Bilgisayar & Tablet > Bilgisayar Bileşenleri > Ana Bilgisayar Bileşenleri > RAM Bellek","RAM Bellek","ram-bellek","active","Bilgisayar & Tablet","Bilgisayar Bileşenleri","RAM Bellek","","CANONICAL_FINAL","MOVE","HIGH","NO","","YES","1",""
"ekran-karti","4","ana-bilgisayar-bilesenleri","Bilgisayar & Tablet > Bilgisayar Bileşenleri > Ana Bilgisayar Bileşenleri > Ekran Kartı","Ekran Kartı","ekran-karti","active","Bilgisayar & Tablet","Bilgisayar Bileşenleri","Ekran Kartı","","CANONICAL_FINAL","MOVE","HIGH","NO","","YES","1",""
"dahili-depolama-bilesenleri","3","bilgisayar-bilesenleri","Bilgisayar & Tablet > Bilgisayar Bileşenleri > Dahili Depolama Bileşenleri","Dahili Depolama Bileşenleri","dahili-depolama-bilesenleri","active","Bilgisayar & Tablet","Veri Depolama","","","CANONICAL_FINAL","MOVE","HIGH","NO","","YES","1","Canonical L2 placement is final; lower successor awaits a future owner-approved L3/L4 design."
"ssd","4","dahili-depolama-bilesenleri","Bilgisayar & Tablet > Bilgisayar Bileşenleri > Dahili Depolama Bileşenleri > SSD","SSD","ssd","active","Bilgisayar & Tablet","Veri Depolama","","","CANONICAL_FINAL","MOVE","HIGH","NO","","YES","1","Canonical L2 placement is final; lower successor awaits a future owner-approved L3/L4 design."
"dahili-sabit-disk","4","dahili-depolama-bilesenleri","Bilgisayar & Tablet > Bilgisayar Bileşenleri > Dahili Depolama Bileşenleri > Dahili Sabit Disk","Dahili Sabit Disk","dahili-sabit-disk","active","Bilgisayar & Tablet","Veri Depolama","","","CANONICAL_FINAL","MOVE","HIGH","NO","","YES","1","Canonical L2 placement is final; lower successor awaits a future owner-approved L3/L4 design."
"optik-surucu","4","dahili-depolama-bilesenleri","Bilgisayar & Tablet > Bilgisayar Bileşenleri > Dahili Depolama Bileşenleri > Optik Sürücü","Optik Sürücü","optik-surucu","active","Bilgisayar & Tablet","Veri Depolama","","","CANONICAL_FINAL","MOVE","HIGH","NO","","YES","1","Canonical L2 placement is final; lower successor awaits a future owner-approved L3/L4 design."
"kasa-guc-sogutma","3","bilgisayar-bilesenleri","Bilgisayar & Tablet > Bilgisayar Bileşenleri > Kasa, Güç & Soğutma","Kasa, Güç & Soğutma","kasa-guc-sogutma","active","Bilgisayar & Tablet","Bilgisayar Bileşenleri","","","CANONICAL_FINAL","SPLIT","HIGH","NO","","YES","3","Canonical L3 successors: Güç Kaynağı | Bilgisayar Kasası | Soğutma"
"bilgisayar-kasasi","4","kasa-guc-sogutma","Bilgisayar & Tablet > Bilgisayar Bileşenleri > Kasa, Güç & Soğutma > Bilgisayar Kasası","Bilgisayar Kasası","bilgisayar-kasasi","active","Bilgisayar & Tablet","Bilgisayar Bileşenleri","Bilgisayar Kasası","","CANONICAL_FINAL","MOVE","HIGH","NO","","YES","1",""
"bilgisayar-guc-kaynagi","4","kasa-guc-sogutma","Bilgisayar & Tablet > Bilgisayar Bileşenleri > Kasa, Güç & Soğutma > Bilgisayar Güç Kaynağı","Bilgisayar Güç Kaynağı","bilgisayar-guc-kaynagi","active","Bilgisayar & Tablet","Bilgisayar Bileşenleri","Güç Kaynağı","","CANONICAL_FINAL","RENAME_AND_MOVE","HIGH","NO","","YES","1",""
"bilgisayar-sogutma","4","kasa-guc-sogutma","Bilgisayar & Tablet > Bilgisayar Bileşenleri > Kasa, Güç & Soğutma > Bilgisayar Soğutma","Bilgisayar Soğutma","bilgisayar-sogutma","active","Bilgisayar & Tablet","Bilgisayar Bileşenleri","Soğutma","","CANONICAL_FINAL","SPLIT","HIGH","NO","","YES","4","Canonical L4 successors: İşlemci Soğutucu | Kasa Fanı | Sıvı Soğutma | Termal Macun & Ped"
"bilgisayar-cevre-birimleri","2","bilgisayar-tablet","Bilgisayar & Tablet > Bilgisayar Çevre Birimleri","Bilgisayar Çevre Birimleri","bilgisayar-cevre-birimleri","active","Bilgisayar & Tablet","","","","CANONICAL_FINAL","SPLIT","HIGH","NO","","YES","3","Canonical L2 successors: Monitör | Klavye, Mouse & Çevre Birimleri | Bilgisayar Aksesuarları"
"monitor","3","bilgisayar-cevre-birimleri","Bilgisayar & Tablet > Bilgisayar Çevre Birimleri > Monitör","Monitör","monitor","active","Bilgisayar & Tablet","Monitör","","","CANONICAL_FINAL","MOVE","HIGH","NO","","YES","1","Canonical L2 placement is final; lower successor awaits a future owner-approved L3/L4 design."
"klavye","3","bilgisayar-cevre-birimleri","Bilgisayar & Tablet > Bilgisayar Çevre Birimleri > Klavye","Klavye","klavye","active","Bilgisayar & Tablet","Klavye, Mouse & Çevre Birimleri","","","CANONICAL_FINAL","MOVE","HIGH","NO","","YES","1","Canonical L2 placement is final; lower successor awaits a future owner-approved L3/L4 design."
"mouse-mousepad","3","bilgisayar-cevre-birimleri","Bilgisayar & Tablet > Bilgisayar Çevre Birimleri > Mouse & Mousepad","Mouse & Mousepad","mouse-mousepad","active","Bilgisayar & Tablet","Klavye, Mouse & Çevre Birimleri","","","CANONICAL_FINAL","MOVE","HIGH","NO","","YES","1","Canonical L2 placement is final; lower successor awaits a future owner-approved L3/L4 design."
"webcam","3","bilgisayar-cevre-birimleri","Bilgisayar & Tablet > Bilgisayar Çevre Birimleri > Webcam","Webcam","webcam","active","Bilgisayar & Tablet","Klavye, Mouse & Çevre Birimleri","","","CANONICAL_FINAL","MOVE","HIGH","NO","","YES","1","Canonical L2 placement is final; lower successor awaits a future owner-approved L3/L4 design."
"grafik-tablet","3","bilgisayar-cevre-birimleri","Bilgisayar & Tablet > Bilgisayar Çevre Birimleri > Grafik Tablet","Grafik Tablet","grafik-tablet","active","Bilgisayar & Tablet","Klavye, Mouse & Çevre Birimleri","","","CANONICAL_FINAL","MOVE","HIGH","NO","","YES","1","Canonical L2 placement is final; lower successor awaits a future owner-approved L3/L4 design."
"usb-hub-dock-istasyonu","3","bilgisayar-cevre-birimleri","Bilgisayar & Tablet > Bilgisayar Çevre Birimleri > USB Hub & Dock İstasyonu","USB Hub & Dock İstasyonu","usb-hub-dock-istasyonu","active","Bilgisayar & Tablet","Bilgisayar Aksesuarları","","","CANONICAL_FINAL","MOVE","HIGH","NO","","YES","1","Canonical L2 placement is final; lower successor awaits a future owner-approved L3/L4 design."
"tablet-giris-aksesuarlari","3","bilgisayar-cevre-birimleri","Bilgisayar & Tablet > Bilgisayar Çevre Birimleri > Tablet & Giriş Aksesuarları","Tablet & Giriş Aksesuarları","tablet-giris-aksesuarlari","active","Bilgisayar & Tablet","Bilgisayar Aksesuarları","","","CANONICAL_FINAL","MOVE","HIGH","NO","","YES","1","Canonical L2 placement is final; lower successor awaits a future owner-approved L3/L4 design."
"dokunmatik-kalem","4","tablet-giris-aksesuarlari","Bilgisayar & Tablet > Bilgisayar Çevre Birimleri > Tablet & Giriş Aksesuarları > Dokunmatik Kalem","Dokunmatik Kalem","dokunmatik-kalem","active","Bilgisayar & Tablet","Bilgisayar Aksesuarları","","","CANONICAL_FINAL","MOVE","HIGH","NO","","YES","1","Canonical L2 placement is final; lower successor awaits a future owner-approved L3/L4 design."
"ag-harici-depolama-baski","2","bilgisayar-tablet","Bilgisayar & Tablet > Ağ, Harici Depolama & Baskı","Ağ, Harici Depolama & Baskı","ag-harici-depolama-baski","active","Bilgisayar & Tablet","","","","CANONICAL_FINAL","SPLIT","HIGH","NO","","YES","3","Canonical L2 successors: Veri Depolama | Yazıcı, Tarayıcı & Sarf Malzemeleri | Ağ & İnternet Ürünleri"
"modem-router","3","ag-harici-depolama-baski","Bilgisayar & Tablet > Ağ, Harici Depolama & Baskı > Modem & Router","Modem & Router","modem-router","active","Bilgisayar & Tablet","Ağ & İnternet Ürünleri","","","CANONICAL_FINAL","MOVE","HIGH","NO","","YES","1","Canonical L2 placement is final; lower successor awaits a future owner-approved L3/L4 design."
"ag-cihazi-adaptoru","3","ag-harici-depolama-baski","Bilgisayar & Tablet > Ağ, Harici Depolama & Baskı > Ağ Cihazı & Adaptörü","Ağ Cihazı & Adaptörü","ag-cihazi-adaptoru","active","Bilgisayar & Tablet","Ağ & İnternet Ürünleri","","","CANONICAL_FINAL","MOVE","HIGH","NO","","YES","1","Canonical L2 placement is final; lower successor awaits a future owner-approved L3/L4 design."
"usb-bellek-hafiza-karti","3","ag-harici-depolama-baski","Bilgisayar & Tablet > Ağ, Harici Depolama & Baskı > USB Bellek & Hafıza Kartı","USB Bellek & Hafıza Kartı","usb-bellek-hafiza-karti","active","Bilgisayar & Tablet","Veri Depolama","","","CANONICAL_FINAL","MOVE","HIGH","NO","","YES","1","Canonical L2 placement is final; lower successor awaits a future owner-approved L3/L4 design."
"harici-disk-nas","3","ag-harici-depolama-baski","Bilgisayar & Tablet > Ağ, Harici Depolama & Baskı > Harici Disk & NAS","Harici Disk & NAS","harici-disk-nas","active","Bilgisayar & Tablet","Veri Depolama","","","CANONICAL_FINAL","MOVE","HIGH","NO","","YES","1","Canonical L2 placement is final; lower successor awaits a future owner-approved L3/L4 design."
"yazici","3","ag-harici-depolama-baski","Bilgisayar & Tablet > Ağ, Harici Depolama & Baskı > Yazıcı","Yazıcı","yazici","active","Bilgisayar & Tablet","Yazıcı, Tarayıcı & Sarf Malzemeleri","","","CANONICAL_FINAL","MOVE","HIGH","NO","","YES","1","Canonical L2 placement is final; lower successor awaits a future owner-approved L3/L4 design."
"tarayici","3","ag-harici-depolama-baski","Bilgisayar & Tablet > Ağ, Harici Depolama & Baskı > Tarayıcı","Tarayıcı","tarayici","active","Bilgisayar & Tablet","Yazıcı, Tarayıcı & Sarf Malzemeleri","","","CANONICAL_FINAL","MOVE","HIGH","NO","","YES","1","Canonical L2 placement is final; lower successor awaits a future owner-approved L3/L4 design."
"kartus-toner","3","ag-harici-depolama-baski","Bilgisayar & Tablet > Ağ, Harici Depolama & Baskı > Kartuş & Toner","Kartuş & Toner","kartus-toner","active","Bilgisayar & Tablet","Yazıcı, Tarayıcı & Sarf Malzemeleri","","","CANONICAL_FINAL","MOVE","HIGH","NO","","YES","1","Canonical L2 placement is final; lower successor awaits a future owner-approved L3/L4 design."
"beyaz-esya-ev-aletleri","1","","Beyaz Eşya & Ev Aletleri","Beyaz Eşya & Ev Aletleri","beyaz-esya-ev-aletleri","active","Beyaz Eşya & Ev Aletleri","","","","CANONICAL_FINAL","KEEP","HIGH","NO","","NO","1",""
"sogutma-cihazlari","2","beyaz-esya-ev-aletleri","Beyaz Eşya & Ev Aletleri > Soğutma Cihazları","Soğutma Cihazları","sogutma-cihazlari","active","Beyaz Eşya & Ev Aletleri","Soğutma & Gıda Saklama Cihazları","","","PROVISIONAL_PROPOSAL","RENAME","MEDIUM","YES","","NO","1","Target is an unapproved L2 proposal; action becomes executable only after owner finalization."
"buzdolabi","3","sogutma-cihazlari","Beyaz Eşya & Ev Aletleri > Soğutma Cihazları > Buzdolabı","Buzdolabı","buzdolabi","active","Beyaz Eşya & Ev Aletleri","Soğutma & Gıda Saklama Cihazları","","","PROVISIONAL_PROPOSAL","UNRESOLVED","MEDIUM","YES","","NO","0","Provisional target container inferred; exact L3/L4 successor awaits owner-final lower-level design."
"derin-dondurucu","3","sogutma-cihazlari","Beyaz Eşya & Ev Aletleri > Soğutma Cihazları > Derin Dondurucu","Derin Dondurucu","derin-dondurucu","active","Beyaz Eşya & Ev Aletleri","Soğutma & Gıda Saklama Cihazları","","","PROVISIONAL_PROPOSAL","UNRESOLVED","MEDIUM","YES","","NO","0","Provisional target container inferred; exact L3/L4 successor awaits owner-final lower-level design."
"mini-buzdolabi","3","sogutma-cihazlari","Beyaz Eşya & Ev Aletleri > Soğutma Cihazları > Mini Buzdolabı","Mini Buzdolabı","mini-buzdolabi","active","Beyaz Eşya & Ev Aletleri","Soğutma & Gıda Saklama Cihazları","","","PROVISIONAL_PROPOSAL","UNRESOLVED","MEDIUM","YES","","NO","0","Provisional target container inferred; exact L3/L4 successor awaits owner-final lower-level design."
"su-sebili","3","sogutma-cihazlari","Beyaz Eşya & Ev Aletleri > Soğutma Cihazları > Su Sebili","Su Sebili","su-sebili","active","Beyaz Eşya & Ev Aletleri","Soğutma & Gıda Saklama Cihazları","","","PROVISIONAL_PROPOSAL","UNRESOLVED","MEDIUM","YES","","NO","0","Provisional target container inferred; exact L3/L4 successor awaits owner-final lower-level design."
"camasir-bulasik-cihazlari","2","beyaz-esya-ev-aletleri","Beyaz Eşya & Ev Aletleri > Çamaşır & Bulaşık Cihazları","Çamaşır & Bulaşık Cihazları","camasir-bulasik-cihazlari","active","Beyaz Eşya & Ev Aletleri","Çamaşır & Bulaşık Bakım Cihazları","","","PROVISIONAL_PROPOSAL","RENAME","MEDIUM","YES","","NO","1","Target is an unapproved L2 proposal; action becomes executable only after owner finalization."
"camasir-makinesi","3","camasir-bulasik-cihazlari","Beyaz Eşya & Ev Aletleri > Çamaşır & Bulaşık Cihazları > Çamaşır Makinesi","Çamaşır Makinesi","camasir-makinesi","active","Beyaz Eşya & Ev Aletleri","Çamaşır & Bulaşık Bakım Cihazları","","","PROVISIONAL_PROPOSAL","UNRESOLVED","MEDIUM","YES","","NO","0","Provisional target container inferred; exact L3/L4 successor awaits owner-final lower-level design."
"kurutma-makinesi","3","camasir-bulasik-cihazlari","Beyaz Eşya & Ev Aletleri > Çamaşır & Bulaşık Cihazları > Kurutma Makinesi","Kurutma Makinesi","kurutma-makinesi","active","Beyaz Eşya & Ev Aletleri","Çamaşır & Bulaşık Bakım Cihazları","","","PROVISIONAL_PROPOSAL","UNRESOLVED","MEDIUM","YES","","NO","0","Provisional target container inferred; exact L3/L4 successor awaits owner-final lower-level design."
"bulasik-makinesi","3","camasir-bulasik-cihazlari","Beyaz Eşya & Ev Aletleri > Çamaşır & Bulaşık Cihazları > Bulaşık Makinesi","Bulaşık Makinesi","bulasik-makinesi","active","Beyaz Eşya & Ev Aletleri","Çamaşır & Bulaşık Bakım Cihazları","","","PROVISIONAL_PROPOSAL","UNRESOLVED","MEDIUM","YES","","NO","0","Provisional target container inferred; exact L3/L4 successor awaits owner-final lower-level design."
"utu","3","camasir-bulasik-cihazlari","Beyaz Eşya & Ev Aletleri > Çamaşır & Bulaşık Cihazları > Ütü","Ütü","utu","active","Beyaz Eşya & Ev Aletleri","Çamaşır & Bulaşık Bakım Cihazları","","","PROVISIONAL_PROPOSAL","UNRESOLVED","MEDIUM","YES","","NO","0","Provisional target container inferred; exact L3/L4 successor awaits owner-final lower-level design."
"dikis-makinesi","3","camasir-bulasik-cihazlari","Beyaz Eşya & Ev Aletleri > Çamaşır & Bulaşık Cihazları > Dikiş Makinesi","Dikiş Makinesi","dikis-makinesi","active","Beyaz Eşya & Ev Aletleri","Çamaşır & Bulaşık Bakım Cihazları","","","PROVISIONAL_PROPOSAL","UNRESOLVED","MEDIUM","YES","","NO","0","Provisional target container inferred; exact L3/L4 successor awaits owner-final lower-level design."
"pisirme-mutfak-cihazlari","2","beyaz-esya-ev-aletleri","Beyaz Eşya & Ev Aletleri > Pişirme & Mutfak Cihazları","Pişirme & Mutfak Cihazları","pisirme-mutfak-cihazlari","active","Beyaz Eşya & Ev Aletleri","","","","PROVISIONAL_PROPOSAL","SPLIT","MEDIUM","YES","","NO","3","Provisional L2 candidates: Büyük Pişirme Cihazları | Küçük Mutfak Aletleri | Su Isıtma & Sıcak Su Cihazları"
"firin-cihazi","3","pisirme-mutfak-cihazlari","Beyaz Eşya & Ev Aletleri > Pişirme & Mutfak Cihazları > Fırın","Fırın","firin-cihazi","active","Beyaz Eşya & Ev Aletleri","Büyük Pişirme Cihazları","","","PROVISIONAL_PROPOSAL","UNRESOLVED","MEDIUM","YES","","NO","0","Provisional target container inferred; exact L3/L4 successor awaits owner-final lower-level design."
"ocak-cihazi","3","pisirme-mutfak-cihazlari","Beyaz Eşya & Ev Aletleri > Pişirme & Mutfak Cihazları > Ocak","Ocak","ocak-cihazi","active","Beyaz Eşya & Ev Aletleri","Büyük Pişirme Cihazları","","","PROVISIONAL_PROPOSAL","UNRESOLVED","MEDIUM","YES","","NO","0","Provisional target container inferred; exact L3/L4 successor awaits owner-final lower-level design."
"davlumbaz-aspirator","3","pisirme-mutfak-cihazlari","Beyaz Eşya & Ev Aletleri > Pişirme & Mutfak Cihazları > Davlumbaz & Aspiratör","Davlumbaz & Aspiratör","davlumbaz-aspirator","active","Beyaz Eşya & Ev Aletleri","Küçük Mutfak Aletleri","","","PROVISIONAL_PROPOSAL","UNRESOLVED","MEDIUM","YES","","NO","0","Provisional target container inferred; exact L3/L4 successor awaits owner-final lower-level design."
"mikrodalga-firin","3","pisirme-mutfak-cihazlari","Beyaz Eşya & Ev Aletleri > Pişirme & Mutfak Cihazları > Mikrodalga Fırın","Mikrodalga Fırın","mikrodalga-firin","active","Beyaz Eşya & Ev Aletleri","Büyük Pişirme Cihazları","","","PROVISIONAL_PROPOSAL","UNRESOLVED","MEDIUM","YES","","NO","0","Provisional target container inferred; exact L3/L4 successor awaits owner-final lower-level design."
"cay-kahve-makinesi","3","pisirme-mutfak-cihazlari","Beyaz Eşya & Ev Aletleri > Pişirme & Mutfak Cihazları > Çay & Kahve Makinesi","Çay & Kahve Makinesi","cay-kahve-makinesi","active","Beyaz Eşya & Ev Aletleri","Küçük Mutfak Aletleri","","","PROVISIONAL_PROPOSAL","UNRESOLVED","MEDIUM","YES","","NO","0","Provisional target container inferred; exact L3/L4 successor awaits owner-final lower-level design."
"blender-mikser-dograyici","3","pisirme-mutfak-cihazlari","Beyaz Eşya & Ev Aletleri > Pişirme & Mutfak Cihazları > Blender, Mikser & Doğrayıcı","Blender, Mikser & Doğrayıcı","blender-mikser-dograyici","active","Beyaz Eşya & Ev Aletleri","Küçük Mutfak Aletleri","","","PROVISIONAL_PROPOSAL","UNRESOLVED","MEDIUM","YES","","NO","0","Provisional target container inferred; exact L3/L4 successor awaits owner-final lower-level design."
"tost-izgara-airfryer","3","pisirme-mutfak-cihazlari","Beyaz Eşya & Ev Aletleri > Pişirme & Mutfak Cihazları > Tost, Izgara & Airfryer","Tost, Izgara & Airfryer","tost-izgara-airfryer","active","Beyaz Eşya & Ev Aletleri","Küçük Mutfak Aletleri","","","PROVISIONAL_PROPOSAL","UNRESOLVED","MEDIUM","YES","","NO","0","Provisional target container inferred; exact L3/L4 successor awaits owner-final lower-level design."
"su-isitici-elektrikli-pisirici","3","pisirme-mutfak-cihazlari","Beyaz Eşya & Ev Aletleri > Pişirme & Mutfak Cihazları > Su Isıtıcı & Elektrikli Pişirici","Su Isıtıcı & Elektrikli Pişirici","su-isitici-elektrikli-pisirici","active","Beyaz Eşya & Ev Aletleri","Küçük Mutfak Aletleri","","","PROVISIONAL_PROPOSAL","UNRESOLVED","MEDIUM","YES","","NO","0","Provisional target container inferred; exact L3/L4 successor awaits owner-final lower-level design."
"temizlik-iklimlendirme-kisisel-ev-aleti","2","beyaz-esya-ev-aletleri","Beyaz Eşya & Ev Aletleri > Temizlik, İklimlendirme & Kişisel Ev Aleti","Temizlik, İklimlendirme & Kişisel Ev Aleti","temizlik-iklimlendirme-kisisel-ev-aleti","active","Beyaz Eşya & Ev Aletleri","","","","PROVISIONAL_PROPOSAL","SPLIT","MEDIUM","YES","","NO","5","Provisional L2 candidates: Temizlik Cihazları | İklimlendirme & Hava Kalitesi | Ütü & Tekstil Bakım Cihazları | Elektrikli Kişisel Bakım Cihazları | Ev Aleti Aksesuar, Filtre & Sarf Malzemeleri"
"elektrikli-supurge","3","temizlik-iklimlendirme-kisisel-ev-aleti","Beyaz Eşya & Ev Aletleri > Temizlik, İklimlendirme & Kişisel Ev Aleti > Elektrikli Süpürge","Elektrikli Süpürge","elektrikli-supurge","active","Beyaz Eşya & Ev Aletleri","Temizlik Cihazları","","","PROVISIONAL_PROPOSAL","UNRESOLVED","MEDIUM","YES","","NO","0","Provisional target container inferred; exact L3/L4 successor awaits owner-final lower-level design."
"buharli-temizleyici","3","temizlik-iklimlendirme-kisisel-ev-aleti","Beyaz Eşya & Ev Aletleri > Temizlik, İklimlendirme & Kişisel Ev Aleti > Buharlı Temizleyici","Buharlı Temizleyici","buharli-temizleyici","active","Beyaz Eşya & Ev Aletleri","","","","PROVISIONAL_PROPOSAL","UNRESOLVED","LOW","YES","","NO","0","Provisional L2 candidates: Temizlik Cihazları | İklimlendirme & Hava Kalitesi | Ütü & Tekstil Bakım Cihazları | Elektrikli Kişisel Bakım Cihazları | Ev Aleti Aksesuar, Filtre & Sarf Malzemeleri"
"klima","3","temizlik-iklimlendirme-kisisel-ev-aleti","Beyaz Eşya & Ev Aletleri > Temizlik, İklimlendirme & Kişisel Ev Aleti > Klima","Klima","klima","active","Beyaz Eşya & Ev Aletleri","İklimlendirme & Hava Kalitesi","","","PROVISIONAL_PROPOSAL","UNRESOLVED","MEDIUM","YES","","NO","0","Provisional target container inferred; exact L3/L4 successor awaits owner-final lower-level design."
"vantilator-hava-sogutucu","3","temizlik-iklimlendirme-kisisel-ev-aleti","Beyaz Eşya & Ev Aletleri > Temizlik, İklimlendirme & Kişisel Ev Aleti > Vantilatör & Hava Soğutucu","Vantilatör & Hava Soğutucu","vantilator-hava-sogutucu","active","Beyaz Eşya & Ev Aletleri","İklimlendirme & Hava Kalitesi","","","PROVISIONAL_PROPOSAL","UNRESOLVED","MEDIUM","YES","","NO","0","Provisional target container inferred; exact L3/L4 successor awaits owner-final lower-level design."
"isitici-soba","3","temizlik-iklimlendirme-kisisel-ev-aleti","Beyaz Eşya & Ev Aletleri > Temizlik, İklimlendirme & Kişisel Ev Aleti > Isıtıcı & Soba","Isıtıcı & Soba","isitici-soba","active","Beyaz Eşya & Ev Aletleri","İklimlendirme & Hava Kalitesi","","","PROVISIONAL_PROPOSAL","UNRESOLVED","MEDIUM","YES","safety_critical","NO","0","Provisional target container inferred; exact L3/L4 successor awaits owner-final lower-level design. Policy/risk gate remains independent of taxonomy placement."
"hava-temizleyici-nem-cihazi","3","temizlik-iklimlendirme-kisisel-ev-aleti","Beyaz Eşya & Ev Aletleri > Temizlik, İklimlendirme & Kişisel Ev Aleti > Hava Temizleyici & Nem Cihazı","Hava Temizleyici & Nem Cihazı","hava-temizleyici-nem-cihazi","active","Beyaz Eşya & Ev Aletleri","İklimlendirme & Hava Kalitesi","","","PROVISIONAL_PROPOSAL","UNRESOLVED","MEDIUM","YES","","NO","0","Provisional target container inferred; exact L3/L4 successor awaits owner-final lower-level design."
"ev-yasam","1","","Ev & Yaşam","Ev & Yaşam","ev-yasam","active","Ev & Yaşam","","","","CANONICAL_FINAL","KEEP","HIGH","NO","","NO","1",""
"mobilya","2","ev-yasam","Ev & Yaşam > Mobilya","Mobilya","mobilya","active","Ev & Yaşam","Mobilya","","","PROVISIONAL_PROPOSAL","KEEP","MEDIUM","YES","","NO","1","Target is an unapproved L2 proposal; action becomes executable only after owner finalization."
"koltuk-kanepe","3","mobilya","Ev & Yaşam > Mobilya > Koltuk & Kanepe","Koltuk & Kanepe","koltuk-kanepe","active","Ev & Yaşam","Mobilya","","","PROVISIONAL_PROPOSAL","UNRESOLVED","MEDIUM","YES","","NO","0","Provisional target container inferred; exact L3/L4 successor awaits owner-final lower-level design."
"masa-sandalye","3","mobilya","Ev & Yaşam > Mobilya > Masa & Sandalye","Masa & Sandalye","masa-sandalye","active","Ev & Yaşam","Mobilya","","","PROVISIONAL_PROPOSAL","UNRESOLVED","MEDIUM","YES","","NO","0","Provisional target container inferred; exact L3/L4 successor awaits owner-final lower-level design."
"yatak-baza-baslik","3","mobilya","Ev & Yaşam > Mobilya > Yatak, Baza & Başlık","Yatak, Baza & Başlık","yatak-baza-baslik","active","Ev & Yaşam","Mobilya","","","PROVISIONAL_PROPOSAL","UNRESOLVED","MEDIUM","YES","","NO","0","Provisional target container inferred; exact L3/L4 successor awaits owner-final lower-level design."
"dolap-sifonyer","3","mobilya","Ev & Yaşam > Mobilya > Dolap & Şifonyer","Dolap & Şifonyer","dolap-sifonyer","active","Ev & Yaşam","Mobilya","","","PROVISIONAL_PROPOSAL","UNRESOLVED","MEDIUM","YES","","NO","0","Provisional target container inferred; exact L3/L4 successor awaits owner-final lower-level design."
"raf-kitaplik-tv-unitesi","3","mobilya","Ev & Yaşam > Mobilya > Raf, Kitaplık & TV Ünitesi","Raf, Kitaplık & TV Ünitesi","raf-kitaplik-tv-unitesi","active","Ev & Yaşam","Mobilya","","","PROVISIONAL_PROPOSAL","UNRESOLVED","MEDIUM","YES","","NO","0","Provisional target container inferred; exact L3/L4 successor awaits owner-final lower-level design."
"calisma-mobilyasi","3","mobilya","Ev & Yaşam > Mobilya > Çalışma Mobilyası","Çalışma Mobilyası","calisma-mobilyasi","active","Ev & Yaşam","Mobilya","","","PROVISIONAL_PROPOSAL","UNRESOLVED","MEDIUM","YES","","NO","0","Provisional target container inferred; exact L3/L4 successor awaits owner-final lower-level design."
"ev-tekstili","2","ev-yasam","Ev & Yaşam > Ev Tekstili","Ev Tekstili","ev-tekstili","active","Ev & Yaşam","","","","PROVISIONAL_PROPOSAL","SPLIT","MEDIUM","YES","","NO","4","Provisional L2 candidates: Yatak & Uyku Ürünleri | Ev Tekstili | Perde & Pencere Tekstili | Halı, Kilim & Paspas"
"nevresim-yatak-ortusu","3","ev-tekstili","Ev & Yaşam > Ev Tekstili > Nevresim & Yatak Örtüsü","Nevresim & Yatak Örtüsü","nevresim-yatak-ortusu","active","Ev & Yaşam","Yatak & Uyku Ürünleri","","","PROVISIONAL_PROPOSAL","UNRESOLVED","MEDIUM","YES","","NO","0","Provisional target container inferred; exact L3/L4 successor awaits owner-final lower-level design."
"yastik-yorgan","3","ev-tekstili","Ev & Yaşam > Ev Tekstili > Yastık & Yorgan","Yastık & Yorgan","yastik-yorgan","active","Ev & Yaşam","Yatak & Uyku Ürünleri","","","PROVISIONAL_PROPOSAL","UNRESOLVED","MEDIUM","YES","","NO","0","Provisional target container inferred; exact L3/L4 successor awaits owner-final lower-level design."
"havlu-bornoz","3","ev-tekstili","Ev & Yaşam > Ev Tekstili > Havlu & Bornoz","Havlu & Bornoz","havlu-bornoz","active","Ev & Yaşam","","","","PROVISIONAL_PROPOSAL","UNRESOLVED","LOW","YES","","NO","0","Provisional L2 candidates: Yatak & Uyku Ürünleri | Ev Tekstili | Perde & Pencere Tekstili | Halı, Kilim & Paspas"
"perde-stor","3","ev-tekstili","Ev & Yaşam > Ev Tekstili > Perde & Stor","Perde & Stor","perde-stor","active","Ev & Yaşam","Perde & Pencere Tekstili","","","PROVISIONAL_PROPOSAL","UNRESOLVED","MEDIUM","YES","","NO","0","Provisional target container inferred; exact L3/L4 successor awaits owner-final lower-level design."
"hali-kilim","3","ev-tekstili","Ev & Yaşam > Ev Tekstili > Halı & Kilim","Halı & Kilim","hali-kilim","active","Ev & Yaşam","Halı, Kilim & Paspas","","","PROVISIONAL_PROPOSAL","UNRESOLVED","MEDIUM","YES","","NO","0","Provisional target container inferred; exact L3/L4 successor awaits owner-final lower-level design."
"battaniye-ortu-kirlent","3","ev-tekstili","Ev & Yaşam > Ev Tekstili > Battaniye, Örtü & Kırlent","Battaniye, Örtü & Kırlent","battaniye-ortu-kirlent","active","Ev & Yaşam","","","","PROVISIONAL_PROPOSAL","UNRESOLVED","LOW","YES","","NO","0","Provisional L2 candidates: Yatak & Uyku Ürünleri | Ev Tekstili | Perde & Pencere Tekstili | Halı, Kilim & Paspas"
"dekorasyon-aydinlatma","2","ev-yasam","Ev & Yaşam > Dekorasyon & Aydınlatma","Dekorasyon & Aydınlatma","dekorasyon-aydinlatma","active","Ev & Yaşam","","","","PROVISIONAL_PROPOSAL","SPLIT","MEDIUM","YES","","NO","3","Provisional L2 candidates: Dekorasyon & Duvar Aksesuarları | Aydınlatma | Halı, Kilim & Paspas"
"avize-tavan-aydinlatmasi","3","dekorasyon-aydinlatma","Ev & Yaşam > Dekorasyon & Aydınlatma > Avize & Tavan Aydınlatması","Avize & Tavan Aydınlatması","avize-tavan-aydinlatmasi","active","Ev & Yaşam","Aydınlatma","","","PROVISIONAL_PROPOSAL","UNRESOLVED","MEDIUM","YES","","NO","0","Provisional target container inferred; exact L3/L4 successor awaits owner-final lower-level design."
"masa-lambader-gece-lambasi","3","dekorasyon-aydinlatma","Ev & Yaşam > Dekorasyon & Aydınlatma > Masa, Lambader & Gece Lambası","Masa, Lambader & Gece Lambası","masa-lambader-gece-lambasi","active","Ev & Yaşam","Aydınlatma","","","PROVISIONAL_PROPOSAL","UNRESOLVED","MEDIUM","YES","","NO","0","Provisional target container inferred; exact L3/L4 successor awaits owner-final lower-level design."
"ampul-dekoratif-isik","3","dekorasyon-aydinlatma","Ev & Yaşam > Dekorasyon & Aydınlatma > Ampul & Dekoratif Işık","Ampul & Dekoratif Işık","ampul-dekoratif-isik","active","Ev & Yaşam","Dekorasyon & Duvar Aksesuarları","","","PROVISIONAL_PROPOSAL","UNRESOLVED","MEDIUM","YES","","NO","0","Provisional target container inferred; exact L3/L4 successor awaits owner-final lower-level design."
"ayna","3","dekorasyon-aydinlatma","Ev & Yaşam > Dekorasyon & Aydınlatma > Ayna","Ayna","ayna","active","Ev & Yaşam","Dekorasyon & Duvar Aksesuarları","","","PROVISIONAL_PROPOSAL","UNRESOLVED","MEDIUM","YES","","NO","0","Provisional target container inferred; exact L3/L4 successor awaits owner-final lower-level design."
"cerceve-duvar-dekoru","3","dekorasyon-aydinlatma","Ev & Yaşam > Dekorasyon & Aydınlatma > Çerçeve & Duvar Dekoru","Çerçeve & Duvar Dekoru","cerceve-duvar-dekoru","active","Ev & Yaşam","Dekorasyon & Duvar Aksesuarları","","","PROVISIONAL_PROPOSAL","UNRESOLVED","MEDIUM","YES","","NO","0","Provisional target container inferred; exact L3/L4 successor awaits owner-final lower-level design."
"duvar-masa-saati","3","dekorasyon-aydinlatma","Ev & Yaşam > Dekorasyon & Aydınlatma > Duvar & Masa Saati","Duvar & Masa Saati","duvar-masa-saati","active","Ev & Yaşam","Dekorasyon & Duvar Aksesuarları","","","PROVISIONAL_PROPOSAL","UNRESOLVED","MEDIUM","YES","","NO","0","Provisional target container inferred; exact L3/L4 successor awaits owner-final lower-level design."
"mum-oda-kokusu","3","dekorasyon-aydinlatma","Ev & Yaşam > Dekorasyon & Aydınlatma > Mum & Oda Kokusu","Mum & Oda Kokusu","mum-oda-kokusu","active","Ev & Yaşam","","","","PROVISIONAL_PROPOSAL","UNRESOLVED","LOW","YES","hazmat_review","NO","0","Provisional L2 candidates: Dekorasyon & Duvar Aksesuarları | Aydınlatma | Halı, Kilim & Paspas Policy/risk gate remains independent of taxonomy placement."
"banyo-duzenleme","2","ev-yasam","Ev & Yaşam > Banyo & Düzenleme","Banyo & Düzenleme","banyo-duzenleme","active","Ev & Yaşam","","","","PROVISIONAL_PROPOSAL","SPLIT","MEDIUM","YES","","NO","2","Provisional L2 candidates: Düzenleme & Saklama | Banyo Aksesuarları"
"banyo-aksesuar-seti","3","banyo-duzenleme","Ev & Yaşam > Banyo & Düzenleme > Banyo Aksesuar Seti","Banyo Aksesuar Seti","banyo-aksesuar-seti","active","Ev & Yaşam","Banyo Aksesuarları","","","PROVISIONAL_PROPOSAL","UNRESOLVED","MEDIUM","YES","","NO","0","Provisional target container inferred; exact L3/L4 successor awaits owner-final lower-level design."
"dus-perdesi-banyo-paspasi","3","banyo-duzenleme","Ev & Yaşam > Banyo & Düzenleme > Duş Perdesi & Banyo Paspası","Duş Perdesi & Banyo Paspası","dus-perdesi-banyo-paspasi","active","Ev & Yaşam","Banyo Aksesuarları","","","PROVISIONAL_PROPOSAL","UNRESOLVED","MEDIUM","YES","","NO","0","Provisional target container inferred; exact L3/L4 successor awaits owner-final lower-level design."
"camasir-sepeti","3","banyo-duzenleme","Ev & Yaşam > Banyo & Düzenleme > Çamaşır Sepeti","Çamaşır Sepeti","camasir-sepeti","active","Ev & Yaşam","Düzenleme & Saklama","","","PROVISIONAL_PROPOSAL","UNRESOLVED","MEDIUM","YES","","NO","0","Provisional target container inferred; exact L3/L4 successor awaits owner-final lower-level design."
"saklama-kutusu-sepet","3","banyo-duzenleme","Ev & Yaşam > Banyo & Düzenleme > Saklama Kutusu & Sepet","Saklama Kutusu & Sepet","saklama-kutusu-sepet","active","Ev & Yaşam","Düzenleme & Saklama","","","PROVISIONAL_PROPOSAL","UNRESOLVED","MEDIUM","YES","","NO","0","Provisional target container inferred; exact L3/L4 successor awaits owner-final lower-level design."
"aski-dolap-duzenleyici","3","banyo-duzenleme","Ev & Yaşam > Banyo & Düzenleme > Askı & Dolap Düzenleyici","Askı & Dolap Düzenleyici","aski-dolap-duzenleyici","active","Ev & Yaşam","Düzenleme & Saklama","","","PROVISIONAL_PROPOSAL","UNRESOLVED","MEDIUM","YES","","NO","0","Provisional target container inferred; exact L3/L4 successor awaits owner-final lower-level design."
"ev-temizlik-tuketim-urunleri","2","ev-yasam","Ev & Yaşam > Ev Temizlik & Tüketim Ürünleri","Ev Temizlik & Tüketim Ürünleri","ev-temizlik-tuketim-urunleri","active","Ev & Yaşam","Ev Temizliği & Çamaşır Bakımı","","","PROVISIONAL_PROPOSAL","RENAME","MEDIUM","YES","","NO","1","Target is an unapproved L2 proposal; action becomes executable only after owner finalization."
"temizlik-deterjani","3","ev-temizlik-tuketim-urunleri","Ev & Yaşam > Ev Temizlik & Tüketim Ürünleri > Temizlik Deterjanı","Temizlik Deterjanı","temizlik-deterjani","active","Ev & Yaşam","Ev Temizliği & Çamaşır Bakımı","","","PROVISIONAL_PROPOSAL","UNRESOLVED","MEDIUM","YES","hazmat_review","NO","0","Provisional target container inferred; exact L3/L4 successor awaits owner-final lower-level design. Policy/risk gate remains independent of taxonomy placement."
"camasir-bakim-urunu","3","ev-temizlik-tuketim-urunleri","Ev & Yaşam > Ev Temizlik & Tüketim Ürünleri > Çamaşır Bakım Ürünü","Çamaşır Bakım Ürünü","camasir-bakim-urunu","active","Ev & Yaşam","Ev Temizliği & Çamaşır Bakımı","","","PROVISIONAL_PROPOSAL","UNRESOLVED","MEDIUM","YES","hazmat_review","NO","0","Provisional target container inferred; exact L3/L4 successor awaits owner-final lower-level design. Policy/risk gate remains independent of taxonomy placement."
"supurge-mop-temizlik-bezi","3","ev-temizlik-tuketim-urunleri","Ev & Yaşam > Ev Temizlik & Tüketim Ürünleri > Süpürge, Mop & Temizlik Bezi","Süpürge, Mop & Temizlik Bezi","supurge-mop-temizlik-bezi","active","Ev & Yaşam","Ev Temizliği & Çamaşır Bakımı","","","PROVISIONAL_PROPOSAL","UNRESOLVED","MEDIUM","YES","","NO","0","Provisional target container inferred; exact L3/L4 successor awaits owner-final lower-level design."
"ev-kagit-urunleri","3","ev-temizlik-tuketim-urunleri","Ev & Yaşam > Ev Temizlik & Tüketim Ürünleri > Kağıt Ürünleri","Kağıt Ürünleri","ev-kagit-urunleri","active","Ev & Yaşam","Ev Temizliği & Çamaşır Bakımı","","","PROVISIONAL_PROPOSAL","UNRESOLVED","MEDIUM","YES","","NO","0","Provisional target container inferred; exact L3/L4 successor awaits owner-final lower-level design."
"cop-torbasi-ev-eldiveni","3","ev-temizlik-tuketim-urunleri","Ev & Yaşam > Ev Temizlik & Tüketim Ürünleri > Çöp Torbası & Ev Eldiveni","Çöp Torbası & Ev Eldiveni","cop-torbasi-ev-eldiveni","active","Ev & Yaşam","Ev Temizliği & Çamaşır Bakımı","","","PROVISIONAL_PROPOSAL","UNRESOLVED","MEDIUM","YES","","NO","0","Provisional target container inferred; exact L3/L4 successor awaits owner-final lower-level design."
"zuccaciye-mutfak","1","","Züccaciye & Mutfak","Züccaciye & Mutfak","zuccaciye-mutfak","active","Züccaciye & Mutfak","","","","CANONICAL_FINAL","KEEP","HIGH","NO","","NO","1",""
"pisirme-gerecleri","2","zuccaciye-mutfak","Züccaciye & Mutfak > Pişirme Gereçleri","Pişirme Gereçleri","pisirme-gerecleri","active","Züccaciye & Mutfak","","","","PROVISIONAL_PROPOSAL","SPLIT","MEDIUM","YES","","NO","2","Provisional L2 candidates: Tencere, Tava & Pişirme Kapları | Fırınlama & Pişirme Gereçleri"
"tencere-seti","3","pisirme-gerecleri","Züccaciye & Mutfak > Pişirme Gereçleri > Tencere & Tencere Seti","Tencere & Tencere Seti","tencere-seti","active","Züccaciye & Mutfak","Tencere, Tava & Pişirme Kapları","","","PROVISIONAL_PROPOSAL","UNRESOLVED","MEDIUM","YES","","NO","0","Provisional target container inferred; exact L3/L4 successor awaits owner-final lower-level design."
"tava-sahan","3","pisirme-gerecleri","Züccaciye & Mutfak > Pişirme Gereçleri > Tava & Sahan","Tava & Sahan","tava-sahan","active","Züccaciye & Mutfak","Tencere, Tava & Pişirme Kapları","","","PROVISIONAL_PROPOSAL","UNRESOLVED","MEDIUM","YES","","NO","0","Provisional target container inferred; exact L3/L4 successor awaits owner-final lower-level design."
"duduklu-tencere","3","pisirme-gerecleri","Züccaciye & Mutfak > Pişirme Gereçleri > Düdüklü Tencere","Düdüklü Tencere","duduklu-tencere","active","Züccaciye & Mutfak","Tencere, Tava & Pişirme Kapları","","","PROVISIONAL_PROPOSAL","UNRESOLVED","MEDIUM","YES","safety_critical","NO","0","Provisional target container inferred; exact L3/L4 successor awaits owner-final lower-level design. Policy/risk gate remains independent of taxonomy placement."
"caydanlik-cezve","3","pisirme-gerecleri","Züccaciye & Mutfak > Pişirme Gereçleri > Çaydanlık & Cezve","Çaydanlık & Cezve","caydanlik-cezve","active","Züccaciye & Mutfak","","","","PROVISIONAL_PROPOSAL","UNRESOLVED","LOW","YES","","NO","0","Provisional L2 candidates: Tencere, Tava & Pişirme Kapları | Fırınlama & Pişirme Gereçleri"
"firin-kabi-tepsi","3","pisirme-gerecleri","Züccaciye & Mutfak > Pişirme Gereçleri > Fırın Kabı & Tepsi","Fırın Kabı & Tepsi","firin-kabi-tepsi","active","Züccaciye & Mutfak","Fırınlama & Pişirme Gereçleri","","","PROVISIONAL_PROPOSAL","UNRESOLVED","MEDIUM","YES","","NO","0","Provisional target container inferred; exact L3/L4 successor awaits owner-final lower-level design."
"kek-kalibi-pisirme-kalibi","3","pisirme-gerecleri","Züccaciye & Mutfak > Pişirme Gereçleri > Kek Kalıbı & Pişirme Kalıbı","Kek Kalıbı & Pişirme Kalıbı","kek-kalibi-pisirme-kalibi","active","Züccaciye & Mutfak","","","","PROVISIONAL_PROPOSAL","UNRESOLVED","LOW","YES","","NO","0","Provisional L2 candidates: Tencere, Tava & Pişirme Kapları | Fırınlama & Pişirme Gereçleri"
"hazirlik-kesme-gerecleri","2","zuccaciye-mutfak","Züccaciye & Mutfak > Hazırlık & Kesme Gereçleri","Hazırlık & Kesme Gereçleri","hazirlik-kesme-gerecleri","active","Züccaciye & Mutfak","","","","PROVISIONAL_PROPOSAL","SPLIT","MEDIUM","YES","","NO","2","Provisional L2 candidates: Mutfak Hazırlık Gereçleri | Bıçak & Kesme Gereçleri"
"mutfak-bicagi-bicak-seti","3","hazirlik-kesme-gerecleri","Züccaciye & Mutfak > Hazırlık & Kesme Gereçleri > Mutfak Bıçağı & Bıçak Seti","Mutfak Bıçağı & Bıçak Seti","mutfak-bicagi-bicak-seti","active","Züccaciye & Mutfak","Bıçak & Kesme Gereçleri","","","PROVISIONAL_PROPOSAL","UNRESOLVED","MEDIUM","YES","safety_critical","NO","0","Provisional target container inferred; exact L3/L4 successor awaits owner-final lower-level design. Policy/risk gate remains independent of taxonomy placement."
"kesme-tahtasi","3","hazirlik-kesme-gerecleri","Züccaciye & Mutfak > Hazırlık & Kesme Gereçleri > Kesme Tahtası","Kesme Tahtası","kesme-tahtasi","active","Züccaciye & Mutfak","Bıçak & Kesme Gereçleri","","","PROVISIONAL_PROPOSAL","UNRESOLVED","MEDIUM","YES","","NO","0","Provisional target container inferred; exact L3/L4 successor awaits owner-final lower-level design."
"rende-soyacak-dilimleyici","3","hazirlik-kesme-gerecleri","Züccaciye & Mutfak > Hazırlık & Kesme Gereçleri > Rende, Soyacak & Dilimleyici","Rende, Soyacak & Dilimleyici","rende-soyacak-dilimleyici","active","Züccaciye & Mutfak","Mutfak Hazırlık Gereçleri","","","PROVISIONAL_PROPOSAL","UNRESOLVED","MEDIUM","YES","","NO","0","Provisional target container inferred; exact L3/L4 successor awaits owner-final lower-level design."
"karistirma-kabi-olcu-gereci","3","hazirlik-kesme-gerecleri","Züccaciye & Mutfak > Hazırlık & Kesme Gereçleri > Karıştırma Kabı & Ölçü Gereci","Karıştırma Kabı & Ölçü Gereci","karistirma-kabi-olcu-gereci","active","Züccaciye & Mutfak","Mutfak Hazırlık Gereçleri","","","PROVISIONAL_PROPOSAL","UNRESOLVED","MEDIUM","YES","","NO","0","Provisional target container inferred; exact L3/L4 successor awaits owner-final lower-level design."
"mutfak-el-aleti","3","hazirlik-kesme-gerecleri","Züccaciye & Mutfak > Hazırlık & Kesme Gereçleri > Mutfak El Aleti","Mutfak El Aleti","mutfak-el-aleti","active","Züccaciye & Mutfak","Mutfak Hazırlık Gereçleri","","","PROVISIONAL_PROPOSAL","UNRESOLVED","MEDIUM","YES","","NO","0","Provisional target container inferred; exact L3/L4 successor awaits owner-final lower-level design."
"sofra-servis","2","zuccaciye-mutfak","Züccaciye & Mutfak > Sofra & Servis","Sofra & Servis","sofra-servis","active","Züccaciye & Mutfak","","","","PROVISIONAL_PROPOSAL","SPLIT","MEDIUM","YES","","NO","3","Provisional L2 candidates: Sofra & Yemek Takımları | Çatal, Kaşık & Servis Gereçleri | Mutfak Tekstili"
"yemek-takimi","3","sofra-servis","Züccaciye & Mutfak > Sofra & Servis > Yemek Takımı","Yemek Takımı","yemek-takimi","active","Züccaciye & Mutfak","Sofra & Yemek Takımları","","","PROVISIONAL_PROPOSAL","UNRESOLVED","MEDIUM","YES","","NO","0","Provisional target container inferred; exact L3/L4 successor awaits owner-final lower-level design."
"tabak-kase","3","sofra-servis","Züccaciye & Mutfak > Sofra & Servis > Tabak & Kase","Tabak & Kase","tabak-kase","active","Züccaciye & Mutfak","Çatal, Kaşık & Servis Gereçleri","","","PROVISIONAL_PROPOSAL","UNRESOLVED","MEDIUM","YES","","NO","0","Provisional target container inferred; exact L3/L4 successor awaits owner-final lower-level design."
"catal-kasik-bicak-takimi","3","sofra-servis","Züccaciye & Mutfak > Sofra & Servis > Çatal, Kaşık & Bıçak Takımı","Çatal, Kaşık & Bıçak Takımı","catal-kasik-bicak-takimi","active","Züccaciye & Mutfak","Çatal, Kaşık & Servis Gereçleri","","","PROVISIONAL_PROPOSAL","UNRESOLVED","MEDIUM","YES","","NO","0","Provisional target container inferred; exact L3/L4 successor awaits owner-final lower-level design."
"servis-tabagi-sunum-gereci","3","sofra-servis","Züccaciye & Mutfak > Sofra & Servis > Servis Tabağı & Sunum Gereci","Servis Tabağı & Sunum Gereci","servis-tabagi-sunum-gereci","active","Züccaciye & Mutfak","Çatal, Kaşık & Servis Gereçleri","","","PROVISIONAL_PROPOSAL","UNRESOLVED","MEDIUM","YES","","NO","0","Provisional target container inferred; exact L3/L4 successor awaits owner-final lower-level design."
"tepsi","3","sofra-servis","Züccaciye & Mutfak > Sofra & Servis > Tepsi","Tepsi","tepsi","active","Züccaciye & Mutfak","Çatal, Kaşık & Servis Gereçleri","","","PROVISIONAL_PROPOSAL","UNRESOLVED","MEDIUM","YES","","NO","0","Provisional target container inferred; exact L3/L4 successor awaits owner-final lower-level design."
"bardak-icecek-servisi","2","zuccaciye-mutfak","Züccaciye & Mutfak > Bardak & İçecek Servisi","Bardak & İçecek Servisi","bardak-icecek-servisi","active","Züccaciye & Mutfak","","","","PROVISIONAL_PROPOSAL","SPLIT","MEDIUM","YES","","NO","2","Provisional L2 candidates: Bardak, Kupa & İçecek Servisi | Çay & Kahve Demleme Gereçleri"
"su-mesrubat-bardagi","3","bardak-icecek-servisi","Züccaciye & Mutfak > Bardak & İçecek Servisi > Su & Meşrubat Bardağı","Su & Meşrubat Bardağı","su-mesrubat-bardagi","active","Züccaciye & Mutfak","","","","PROVISIONAL_PROPOSAL","UNRESOLVED","LOW","YES","","NO","0","Provisional L2 candidates: Bardak, Kupa & İçecek Servisi | Çay & Kahve Demleme Gereçleri"
"cay-bardagi-fincan","3","bardak-icecek-servisi","Züccaciye & Mutfak > Bardak & İçecek Servisi > Çay Bardağı & Fincan","Çay Bardağı & Fincan","cay-bardagi-fincan","active","Züccaciye & Mutfak","Çay & Kahve Demleme Gereçleri","","","PROVISIONAL_PROPOSAL","UNRESOLVED","MEDIUM","YES","","NO","0","Provisional target container inferred; exact L3/L4 successor awaits owner-final lower-level design."
"kupa","3","bardak-icecek-servisi","Züccaciye & Mutfak > Bardak & İçecek Servisi > Kupa","Kupa","kupa","active","Züccaciye & Mutfak","Bardak, Kupa & İçecek Servisi","","","PROVISIONAL_PROPOSAL","UNRESOLVED","MEDIUM","YES","","NO","0","Provisional target container inferred; exact L3/L4 successor awaits owner-final lower-level design."
"surahi-karaf","3","bardak-icecek-servisi","Züccaciye & Mutfak > Bardak & İçecek Servisi > Sürahi & Karaf","Sürahi & Karaf","surahi-karaf","active","Züccaciye & Mutfak","","","","PROVISIONAL_PROPOSAL","UNRESOLVED","LOW","YES","","NO","0","Provisional L2 candidates: Bardak, Kupa & İçecek Servisi | Çay & Kahve Demleme Gereçleri"
"termos","3","bardak-icecek-servisi","Züccaciye & Mutfak > Bardak & İçecek Servisi > Termos","Termos","termos","active","Züccaciye & Mutfak","Bardak, Kupa & İçecek Servisi","","","PROVISIONAL_PROPOSAL","UNRESOLVED","MEDIUM","YES","","NO","0","Provisional target container inferred; exact L3/L4 successor awaits owner-final lower-level design."
"mutfak-saklama-duzenleme","2","zuccaciye-mutfak","Züccaciye & Mutfak > Mutfak Saklama & Düzenleme","Mutfak Saklama & Düzenleme","mutfak-saklama-duzenleme","active","Züccaciye & Mutfak","","","","PROVISIONAL_PROPOSAL","SPLIT","MEDIUM","YES","","NO","2","Provisional L2 candidates: Saklama & Mutfak Düzenleme | Termos, Matara & Yiyecek Taşıma"
"saklama-kabi","3","mutfak-saklama-duzenleme","Züccaciye & Mutfak > Mutfak Saklama & Düzenleme > Saklama Kabı","Saklama Kabı","saklama-kabi","active","Züccaciye & Mutfak","Saklama & Mutfak Düzenleme","","","PROVISIONAL_PROPOSAL","UNRESOLVED","MEDIUM","YES","","NO","0","Provisional target container inferred; exact L3/L4 successor awaits owner-final lower-level design."
"baharatlik-yaglik","3","mutfak-saklama-duzenleme","Züccaciye & Mutfak > Mutfak Saklama & Düzenleme > Baharatlık & Yağlık","Baharatlık & Yağlık","baharatlik-yaglik","active","Züccaciye & Mutfak","","","","PROVISIONAL_PROPOSAL","UNRESOLVED","LOW","YES","","NO","0","Provisional L2 candidates: Saklama & Mutfak Düzenleme | Termos, Matara & Yiyecek Taşıma"
"beslenme-kutusu","3","mutfak-saklama-duzenleme","Züccaciye & Mutfak > Mutfak Saklama & Düzenleme > Beslenme Kutusu","Beslenme Kutusu","beslenme-kutusu","active","Züccaciye & Mutfak","Termos, Matara & Yiyecek Taşıma","","","PROVISIONAL_PROPOSAL","UNRESOLVED","MEDIUM","YES","","NO","0","Provisional target container inferred; exact L3/L4 successor awaits owner-final lower-level design."
"mutfak-rafi-duzenleyici","3","mutfak-saklama-duzenleme","Züccaciye & Mutfak > Mutfak Saklama & Düzenleme > Mutfak Rafı & Düzenleyici","Mutfak Rafı & Düzenleyici","mutfak-rafi-duzenleyici","active","Züccaciye & Mutfak","Saklama & Mutfak Düzenleme","","","PROVISIONAL_PROPOSAL","UNRESOLVED","MEDIUM","YES","","NO","0","Provisional target container inferred; exact L3/L4 successor awaits owner-final lower-level design."
"buz-kalibi-sogutucu-canta","3","mutfak-saklama-duzenleme","Züccaciye & Mutfak > Mutfak Saklama & Düzenleme > Buz Kalıbı & Soğutucu Çanta","Buz Kalıbı & Soğutucu Çanta","buz-kalibi-sogutucu-canta","active","Züccaciye & Mutfak","","","","PROVISIONAL_PROPOSAL","UNRESOLVED","LOW","YES","","NO","0","Provisional L2 candidates: Saklama & Mutfak Düzenleme | Termos, Matara & Yiyecek Taşıma"
"yapi-hirdavat","1","","Yapı & Hırdavat","Yapı & Hırdavat","yapi-hirdavat","active","Yapı, Hırdavat & Tesisat","","","","CANONICAL_FINAL","RENAME","HIGH","NO","","YES","1",""
"el-aletleri","2","yapi-hirdavat","Yapı & Hırdavat > El Aletleri","El Aletleri","el-aletleri","active","Yapı, Hırdavat & Tesisat","","","","PROVISIONAL_PROPOSAL","SPLIT","MEDIUM","YES","","NO","2","Provisional L2 candidates: El Aletleri & Atölye Ekipmanları | Ölçüm, Test & İşaretleme"
"tornavida-anahtar","3","el-aletleri","Yapı & Hırdavat > El Aletleri > Tornavida & Anahtar","Tornavida & Anahtar","tornavida-anahtar","active","Yapı, Hırdavat & Tesisat","","","","PROVISIONAL_PROPOSAL","UNRESOLVED","LOW","YES","","NO","0","Provisional L2 candidates: El Aletleri & Atölye Ekipmanları | Ölçüm, Test & İşaretleme"
"pense-kerpeten-kesici","3","el-aletleri","Yapı & Hırdavat > El Aletleri > Pense, Kerpeten & Kesici","Pense, Kerpeten & Kesici","pense-kerpeten-kesici","active","Yapı, Hırdavat & Tesisat","","","","PROVISIONAL_PROPOSAL","UNRESOLVED","LOW","YES","","NO","0","Provisional L2 candidates: El Aletleri & Atölye Ekipmanları | Ölçüm, Test & İşaretleme"
"cekic-tokmak","3","el-aletleri","Yapı & Hırdavat > El Aletleri > Çekiç & Tokmak","Çekiç & Tokmak","cekic-tokmak","active","Yapı, Hırdavat & Tesisat","","","","PROVISIONAL_PROPOSAL","UNRESOLVED","LOW","YES","","NO","0","Provisional L2 candidates: El Aletleri & Atölye Ekipmanları | Ölçüm, Test & İşaretleme"
"olcum-isaretleme-aleti","3","el-aletleri","Yapı & Hırdavat > El Aletleri > Ölçüm & İşaretleme Aleti","Ölçüm & İşaretleme Aleti","olcum-isaretleme-aleti","active","Yapı, Hırdavat & Tesisat","Ölçüm, Test & İşaretleme","","","PROVISIONAL_PROPOSAL","UNRESOLVED","MEDIUM","YES","","NO","0","Provisional target container inferred; exact L3/L4 successor awaits owner-final lower-level design."
"testere-egeleme-aleti","3","el-aletleri","Yapı & Hırdavat > El Aletleri > Testere & Eğeleme Aleti","Testere & Eğeleme Aleti","testere-egeleme-aleti","active","Yapı, Hırdavat & Tesisat","Ölçüm, Test & İşaretleme","","","PROVISIONAL_PROPOSAL","UNRESOLVED","MEDIUM","YES","","NO","0","Provisional target container inferred; exact L3/L4 successor awaits owner-final lower-level design."
"elektrikli-el-aletleri","2","yapi-hirdavat","Yapı & Hırdavat > Elektrikli El Aletleri","Elektrikli El Aletleri","elektrikli-el-aletleri","active","Yapı, Hırdavat & Tesisat","","","","PROVISIONAL_PROPOSAL","SPLIT","MEDIUM","YES","","NO","2","Provisional L2 candidates: Elektrikli & Akülü El Aletleri | Alet Uçları, Aksesuarları & Sarfları"
"matkap-vidalama","3","elektrikli-el-aletleri","Yapı & Hırdavat > Elektrikli El Aletleri > Matkap & Vidalama","Matkap & Vidalama","matkap-vidalama","active","Yapı, Hırdavat & Tesisat","","","","PROVISIONAL_PROPOSAL","UNRESOLVED","LOW","YES","safety_critical","NO","0","Provisional L2 candidates: Elektrikli & Akülü El Aletleri | Alet Uçları, Aksesuarları & Sarfları Policy/risk gate remains independent of taxonomy placement."
"taslama-polisaj","3","elektrikli-el-aletleri","Yapı & Hırdavat > Elektrikli El Aletleri > Taşlama & Polisaj","Taşlama & Polisaj","taslama-polisaj","active","Yapı, Hırdavat & Tesisat","","","","PROVISIONAL_PROPOSAL","UNRESOLVED","LOW","YES","safety_critical","NO","0","Provisional L2 candidates: Elektrikli & Akülü El Aletleri | Alet Uçları, Aksesuarları & Sarfları Policy/risk gate remains independent of taxonomy placement."
"elektrikli-testere","3","elektrikli-el-aletleri","Yapı & Hırdavat > Elektrikli El Aletleri > Elektrikli Testere","Elektrikli Testere","elektrikli-testere","active","Yapı, Hırdavat & Tesisat","Elektrikli & Akülü El Aletleri","","","PROVISIONAL_PROPOSAL","UNRESOLVED","MEDIUM","YES","safety_critical","NO","0","Provisional target container inferred; exact L3/L4 successor awaits owner-final lower-level design. Policy/risk gate remains independent of taxonomy placement."
"zimpara-makinesi","3","elektrikli-el-aletleri","Yapı & Hırdavat > Elektrikli El Aletleri > Zımpara Makinesi","Zımpara Makinesi","zimpara-makinesi","active","Yapı, Hırdavat & Tesisat","","","","PROVISIONAL_PROPOSAL","UNRESOLVED","LOW","YES","safety_critical","NO","0","Provisional L2 candidates: Elektrikli & Akülü El Aletleri | Alet Uçları, Aksesuarları & Sarfları Policy/risk gate remains independent of taxonomy placement."
"kaynak-lehim-ekipmani","3","elektrikli-el-aletleri","Yapı & Hırdavat > Elektrikli El Aletleri > Kaynak & Lehim Ekipmanı","Kaynak & Lehim Ekipmanı","kaynak-lehim-ekipmani","active","Yapı, Hırdavat & Tesisat","","","","PROVISIONAL_PROPOSAL","UNRESOLVED","LOW","YES","safety_critical","NO","0","Provisional L2 candidates: Elektrikli & Akülü El Aletleri | Alet Uçları, Aksesuarları & Sarfları Policy/risk gate remains independent of taxonomy placement."
"baglanti-kilit-yapi-sarfi","2","yapi-hirdavat","Yapı & Hırdavat > Bağlantı, Kilit & Yapı Sarfı","Bağlantı, Kilit & Yapı Sarfı","baglanti-kilit-yapi-sarfi","active","Yapı, Hırdavat & Tesisat","","","","PROVISIONAL_PROPOSAL","SPLIT","MEDIUM","YES","","NO","3","Provisional L2 candidates: Alet Uçları, Aksesuarları & Sarfları | Bağlantı Elemanları & Nalburiye | Kilit, Kapı & Pencere Donanımları"
"vida-civi-dubel","3","baglanti-kilit-yapi-sarfi","Yapı & Hırdavat > Bağlantı, Kilit & Yapı Sarfı > Vida, Çivi & Dübel","Vida, Çivi & Dübel","vida-civi-dubel","active","Yapı, Hırdavat & Tesisat","Bağlantı Elemanları & Nalburiye","","","PROVISIONAL_PROPOSAL","UNRESOLVED","MEDIUM","YES","","NO","0","Provisional target container inferred; exact L3/L4 successor awaits owner-final lower-level design."
"somun-civata-rondela","3","baglanti-kilit-yapi-sarfi","Yapı & Hırdavat > Bağlantı, Kilit & Yapı Sarfı > Somun, Civata & Rondela","Somun, Civata & Rondela","somun-civata-rondela","active","Yapı, Hırdavat & Tesisat","Bağlantı Elemanları & Nalburiye","","","PROVISIONAL_PROPOSAL","UNRESOLVED","MEDIUM","YES","","NO","0","Provisional target container inferred; exact L3/L4 successor awaits owner-final lower-level design."
"kapi-kilidi-silindir","3","baglanti-kilit-yapi-sarfi","Yapı & Hırdavat > Bağlantı, Kilit & Yapı Sarfı > Kapı Kilidi & Silindir","Kapı Kilidi & Silindir","kapi-kilidi-silindir","active","Yapı, Hırdavat & Tesisat","Kilit, Kapı & Pencere Donanımları","","","PROVISIONAL_PROPOSAL","UNRESOLVED","MEDIUM","YES","","NO","0","Provisional target container inferred; exact L3/L4 successor awaits owner-final lower-level design."
"mentese-ray-mobilya-donanimi","3","baglanti-kilit-yapi-sarfi","Yapı & Hırdavat > Bağlantı, Kilit & Yapı Sarfı > Menteşe, Ray & Mobilya Donanımı","Menteşe, Ray & Mobilya Donanımı","mentese-ray-mobilya-donanimi","active","Yapı, Hırdavat & Tesisat","Kilit, Kapı & Pencere Donanımları","","","PROVISIONAL_PROPOSAL","UNRESOLVED","MEDIUM","YES","","NO","0","Provisional target container inferred; exact L3/L4 successor awaits owner-final lower-level design."
"halat-zincir-kanca","3","baglanti-kilit-yapi-sarfi","Yapı & Hırdavat > Bağlantı, Kilit & Yapı Sarfı > Halat, Zincir & Kanca","Halat, Zincir & Kanca","halat-zincir-kanca","active","Yapı, Hırdavat & Tesisat","","","","PROVISIONAL_PROPOSAL","UNRESOLVED","LOW","YES","","NO","0","Provisional L2 candidates: Alet Uçları, Aksesuarları & Sarfları | Bağlantı Elemanları & Nalburiye | Kilit, Kapı & Pencere Donanımları"
"boya-yapistirici-kimyasal","2","yapi-hirdavat","Yapı & Hırdavat > Boya, Yapıştırıcı & Kimyasal","Boya, Yapıştırıcı & Kimyasal","boya-yapistirici-kimyasal","active","Yapı, Hırdavat & Tesisat","","","","PROVISIONAL_PROPOSAL","SPLIT","MEDIUM","YES","","NO","2","Provisional L2 candidates: Boya, Kaplama & Yüzey Hazırlama | Yapıştırıcı, Dolgu & Yapı Kimyasalları"
"ic-dis-cephe-boyasi","3","boya-yapistirici-kimyasal","Yapı & Hırdavat > Boya, Yapıştırıcı & Kimyasal > İç & Dış Cephe Boyası","İç & Dış Cephe Boyası","ic-dis-cephe-boyasi","active","Yapı, Hırdavat & Tesisat","Boya, Kaplama & Yüzey Hazırlama","","","PROVISIONAL_PROPOSAL","UNRESOLVED","MEDIUM","YES","hazmat_review","NO","0","Provisional target container inferred; exact L3/L4 successor awaits owner-final lower-level design. Policy/risk gate remains independent of taxonomy placement."
"ahsap-metal-boyasi","3","boya-yapistirici-kimyasal","Yapı & Hırdavat > Boya, Yapıştırıcı & Kimyasal > Ahşap & Metal Boyası","Ahşap & Metal Boyası","ahsap-metal-boyasi","active","Yapı, Hırdavat & Tesisat","Boya, Kaplama & Yüzey Hazırlama","","","PROVISIONAL_PROPOSAL","UNRESOLVED","MEDIUM","YES","hazmat_review","NO","0","Provisional target container inferred; exact L3/L4 successor awaits owner-final lower-level design. Policy/risk gate remains independent of taxonomy placement."
"boya-fircasi-rulo","3","boya-yapistirici-kimyasal","Yapı & Hırdavat > Boya, Yapıştırıcı & Kimyasal > Boya Fırçası & Rulo","Boya Fırçası & Rulo","boya-fircasi-rulo","active","Yapı, Hırdavat & Tesisat","Boya, Kaplama & Yüzey Hazırlama","","","PROVISIONAL_PROPOSAL","UNRESOLVED","MEDIUM","YES","","NO","0","Provisional target container inferred; exact L3/L4 successor awaits owner-final lower-level design."
"yapistirici-bant","3","boya-yapistirici-kimyasal","Yapı & Hırdavat > Boya, Yapıştırıcı & Kimyasal > Yapıştırıcı & Bant","Yapıştırıcı & Bant","yapistirici-bant","active","Yapı, Hırdavat & Tesisat","Yapıştırıcı, Dolgu & Yapı Kimyasalları","","","PROVISIONAL_PROPOSAL","UNRESOLVED","MEDIUM","YES","hazmat_review","NO","0","Provisional target container inferred; exact L3/L4 successor awaits owner-final lower-level design. Policy/risk gate remains independent of taxonomy placement."
"derz-dolgu-mastik","3","boya-yapistirici-kimyasal","Yapı & Hırdavat > Boya, Yapıştırıcı & Kimyasal > Derz, Dolgu & Mastik","Derz, Dolgu & Mastik","derz-dolgu-mastik","active","Yapı, Hırdavat & Tesisat","Yapıştırıcı, Dolgu & Yapı Kimyasalları","","","PROVISIONAL_PROPOSAL","UNRESOLVED","MEDIUM","YES","hazmat_review","NO","0","Provisional target container inferred; exact L3/L4 successor awaits owner-final lower-level design. Policy/risk gate remains independent of taxonomy placement."
"tesisat-elektrik-malzemeleri","2","yapi-hirdavat","Yapı & Hırdavat > Tesisat & Elektrik Malzemeleri","Tesisat & Elektrik Malzemeleri","tesisat-elektrik-malzemeleri","active","Yapı, Hırdavat & Tesisat","","","","PROVISIONAL_PROPOSAL","SPLIT","MEDIUM","YES","","NO","3","Provisional L2 candidates: Su Tesisatı & Armatürler | Elektrik Tesisatı Malzemeleri | Isıtma, Gaz & Havalandırma Tesisatı"
"musluk-batarya-dus-sistemi","3","tesisat-elektrik-malzemeleri","Yapı & Hırdavat > Tesisat & Elektrik Malzemeleri > Musluk, Batarya & Duş Sistemi","Musluk, Batarya & Duş Sistemi","musluk-batarya-dus-sistemi","active","Yapı, Hırdavat & Tesisat","Su Tesisatı & Armatürler","","","PROVISIONAL_PROPOSAL","UNRESOLVED","MEDIUM","YES","","NO","0","Provisional target container inferred; exact L3/L4 successor awaits owner-final lower-level design."
"boru-hortum-tesisat-baglantisi","3","tesisat-elektrik-malzemeleri","Yapı & Hırdavat > Tesisat & Elektrik Malzemeleri > Boru, Hortum & Tesisat Bağlantısı","Boru, Hortum & Tesisat Bağlantısı","boru-hortum-tesisat-baglantisi","active","Yapı, Hırdavat & Tesisat","Su Tesisatı & Armatürler","","","PROVISIONAL_PROPOSAL","UNRESOLVED","MEDIUM","YES","","NO","0","Provisional target container inferred; exact L3/L4 successor awaits owner-final lower-level design."
"vana-sifon","3","tesisat-elektrik-malzemeleri","Yapı & Hırdavat > Tesisat & Elektrik Malzemeleri > Vana & Sifon","Vana & Sifon","vana-sifon","active","Yapı, Hırdavat & Tesisat","","","","PROVISIONAL_PROPOSAL","UNRESOLVED","LOW","YES","","NO","0","Provisional L2 candidates: Su Tesisatı & Armatürler | Elektrik Tesisatı Malzemeleri | Isıtma, Gaz & Havalandırma Tesisatı"
"priz-anahtar-fis","3","tesisat-elektrik-malzemeleri","Yapı & Hırdavat > Tesisat & Elektrik Malzemeleri > Priz, Anahtar & Fiş","Priz, Anahtar & Fiş","priz-anahtar-fis","active","Yapı, Hırdavat & Tesisat","Elektrik Tesisatı Malzemeleri","","","PROVISIONAL_PROPOSAL","UNRESOLVED","MEDIUM","YES","safety_critical","NO","0","Provisional target container inferred; exact L3/L4 successor awaits owner-final lower-level design. Policy/risk gate remains independent of taxonomy placement."
"kablo-elektrik-baglanti-elemani","3","tesisat-elektrik-malzemeleri","Yapı & Hırdavat > Tesisat & Elektrik Malzemeleri > Kablo & Elektrik Bağlantı Elemanı","Kablo & Elektrik Bağlantı Elemanı","kablo-elektrik-baglanti-elemani","active","Yapı, Hırdavat & Tesisat","Elektrik Tesisatı Malzemeleri","","","PROVISIONAL_PROPOSAL","UNRESOLVED","MEDIUM","YES","safety_critical","NO","0","Provisional target container inferred; exact L3/L4 successor awaits owner-final lower-level design. Policy/risk gate remains independent of taxonomy placement."
"sigorta-elektrik-panosu","3","tesisat-elektrik-malzemeleri","Yapı & Hırdavat > Tesisat & Elektrik Malzemeleri > Sigorta & Elektrik Panosu","Sigorta & Elektrik Panosu","sigorta-elektrik-panosu","active","Yapı, Hırdavat & Tesisat","Elektrik Tesisatı Malzemeleri","","","PROVISIONAL_PROPOSAL","UNRESOLVED","MEDIUM","YES","safety_critical","NO","0","Provisional target container inferred; exact L3/L4 successor awaits owner-final lower-level design. Policy/risk gate remains independent of taxonomy placement."
"yapi-malzemesi-is-guvenligi","2","yapi-hirdavat","Yapı & Hırdavat > Yapı Malzemesi & İş Güvenliği","Yapı Malzemesi & İş Güvenliği","yapi-malzemesi-is-guvenligi","active","Yapı, Hırdavat & Tesisat","","","","PROVISIONAL_PROPOSAL","SPLIT","MEDIUM","YES","","NO","3","Provisional L2 candidates: Yapı Malzemeleri | Kaynak, Lehim & Metal İşleme | İş Güvenliği & Koruyucu Donanım"
"cimento-harc-siva","3","yapi-malzemesi-is-guvenligi","Yapı & Hırdavat > Yapı Malzemesi & İş Güvenliği > Çimento, Harç & Sıva","Çimento, Harç & Sıva","cimento-harc-siva","active","Yapı, Hırdavat & Tesisat","","","","PROVISIONAL_PROPOSAL","UNRESOLVED","LOW","YES","","NO","0","Provisional L2 candidates: Yapı Malzemeleri | Kaynak, Lehim & Metal İşleme | İş Güvenliği & Koruyucu Donanım"
"seramik-zemin-kaplama","3","yapi-malzemesi-is-guvenligi","Yapı & Hırdavat > Yapı Malzemesi & İş Güvenliği > Seramik & Zemin Kaplama","Seramik & Zemin Kaplama","seramik-zemin-kaplama","active","Yapı, Hırdavat & Tesisat","","","","PROVISIONAL_PROPOSAL","UNRESOLVED","LOW","YES","","NO","0","Provisional L2 candidates: Yapı Malzemeleri | Kaynak, Lehim & Metal İşleme | İş Güvenliği & Koruyucu Donanım"
"isi-su-ses-yalitimi","3","yapi-malzemesi-is-guvenligi","Yapı & Hırdavat > Yapı Malzemesi & İş Güvenliği > Isı, Su & Ses Yalıtımı","Isı, Su & Ses Yalıtımı","isi-su-ses-yalitimi","active","Yapı, Hırdavat & Tesisat","","","","PROVISIONAL_PROPOSAL","UNRESOLVED","LOW","YES","","NO","0","Provisional L2 candidates: Yapı Malzemeleri | Kaynak, Lehim & Metal İşleme | İş Güvenliği & Koruyucu Donanım"
"merdiven-iskele-ekipmani","3","yapi-malzemesi-is-guvenligi","Yapı & Hırdavat > Yapı Malzemesi & İş Güvenliği > Merdiven & İskele Ekipmanı","Merdiven & İskele Ekipmanı","merdiven-iskele-ekipmani","active","Yapı, Hırdavat & Tesisat","","","","PROVISIONAL_PROPOSAL","UNRESOLVED","LOW","YES","safety_critical","NO","0","Provisional L2 candidates: Yapı Malzemeleri | Kaynak, Lehim & Metal İşleme | İş Güvenliği & Koruyucu Donanım Policy/risk gate remains independent of taxonomy placement."
"is-eldiveni-koruyucu-donanim","3","yapi-malzemesi-is-guvenligi","Yapı & Hırdavat > Yapı Malzemesi & İş Güvenliği > İş Eldiveni & Koruyucu Donanım","İş Eldiveni & Koruyucu Donanım","is-eldiveni-koruyucu-donanim","active","Yapı, Hırdavat & Tesisat","İş Güvenliği & Koruyucu Donanım","","","PROVISIONAL_PROPOSAL","UNRESOLVED","MEDIUM","YES","safety_critical","NO","0","Provisional target container inferred; exact L3/L4 successor awaits owner-final lower-level design. Policy/risk gate remains independent of taxonomy placement."
"otomotiv-motosiklet","1","","Otomotiv & Motosiklet","Otomotiv & Motosiklet","otomotiv-motosiklet","active","Otomotiv & Motosiklet","","","","CANONICAL_FINAL","KEEP","HIGH","NO","","NO","1",""
"arac-ici-dis-aksesuar","2","otomotiv-motosiklet","Otomotiv & Motosiklet > Araç İçi & Dış Aksesuar","Araç İçi & Dış Aksesuar","arac-ici-dis-aksesuar","active","Otomotiv & Motosiklet","","","","PROVISIONAL_PROPOSAL","SPLIT","MEDIUM","YES","","NO","2","Provisional L2 candidates: Araç İçi Aksesuarları | Araç Dış Aksesuarları"
"oto-paspas-bagaj-havuzu","3","arac-ici-dis-aksesuar","Otomotiv & Motosiklet > Araç İçi & Dış Aksesuar > Oto Paspas & Bagaj Havuzu","Oto Paspas & Bagaj Havuzu","oto-paspas-bagaj-havuzu","active","Otomotiv & Motosiklet","Araç İçi Aksesuarları","","","PROVISIONAL_PROPOSAL","UNRESOLVED","MEDIUM","YES","","NO","0","Provisional target container inferred; exact L3/L4 successor awaits owner-final lower-level design."
"oto-koltuk-direksiyon-kilifi","3","arac-ici-dis-aksesuar","Otomotiv & Motosiklet > Araç İçi & Dış Aksesuar > Koltuk Kılıfı & Direksiyon Kılıfı","Koltuk Kılıfı & Direksiyon Kılıfı","oto-koltuk-direksiyon-kilifi","active","Otomotiv & Motosiklet","Araç İçi Aksesuarları","","","PROVISIONAL_PROPOSAL","UNRESOLVED","MEDIUM","YES","","NO","0","Provisional target container inferred; exact L3/L4 successor awaits owner-final lower-level design."
"arac-ici-duzenleyici","3","arac-ici-dis-aksesuar","Otomotiv & Motosiklet > Araç İçi & Dış Aksesuar > Araç İçi Düzenleyici","Araç İçi Düzenleyici","arac-ici-duzenleyici","active","Otomotiv & Motosiklet","Araç İçi Aksesuarları","","","PROVISIONAL_PROPOSAL","UNRESOLVED","MEDIUM","YES","","NO","0","Provisional target container inferred; exact L3/L4 successor awaits owner-final lower-level design."
"silecek-ayna","3","arac-ici-dis-aksesuar","Otomotiv & Motosiklet > Araç İçi & Dış Aksesuar > Silecek & Ayna","Silecek & Ayna","silecek-ayna","active","Otomotiv & Motosiklet","","","","PROVISIONAL_PROPOSAL","UNRESOLVED","LOW","YES","compatibility_critical","NO","0","Provisional L2 candidates: Araç İçi Aksesuarları | Araç Dış Aksesuarları Policy/risk gate remains independent of taxonomy placement."
"oto-dis-koruma-kaplama","3","arac-ici-dis-aksesuar","Otomotiv & Motosiklet > Araç İçi & Dış Aksesuar > Oto Dış Koruma & Kaplama","Oto Dış Koruma & Kaplama","oto-dis-koruma-kaplama","active","Otomotiv & Motosiklet","","","","PROVISIONAL_PROPOSAL","UNRESOLVED","LOW","YES","","NO","0","Provisional L2 candidates: Araç İçi Aksesuarları | Araç Dış Aksesuarları"
"arac-aydinlatmasi","3","arac-ici-dis-aksesuar","Otomotiv & Motosiklet > Araç İçi & Dış Aksesuar > Araç Aydınlatması","Araç Aydınlatması","arac-aydinlatmasi","active","Otomotiv & Motosiklet","","","","PROVISIONAL_PROPOSAL","UNRESOLVED","LOW","YES","safety_critical|compatibility_critical","NO","0","Provisional L2 candidates: Araç İçi Aksesuarları | Araç Dış Aksesuarları Policy/risk gate remains independent of taxonomy placement."
"oto-elektronigi-bakim","2","otomotiv-motosiklet","Otomotiv & Motosiklet > Oto Elektroniği & Bakım","Oto Elektroniği & Bakım","oto-elektronigi-bakim","active","Otomotiv & Motosiklet","","","","PROVISIONAL_PROPOSAL","SPLIT","MEDIUM","YES","","NO","5","Provisional L2 candidates: Akü & Araç Elektriği | Araç Elektroniği | Araç Bakım & Temizlik | Motor Yağı, Sıvı & Katkılar | Araç Güvenlik & Acil Durum Ürünleri"
"oto-multimedya-ses","3","oto-elektronigi-bakim","Otomotiv & Motosiklet > Oto Elektroniği & Bakım > Oto Multimedya & Ses","Oto Multimedya & Ses","oto-multimedya-ses","active","Otomotiv & Motosiklet","Araç Elektroniği","","","PROVISIONAL_PROPOSAL","UNRESOLVED","MEDIUM","YES","","NO","0","Provisional target container inferred; exact L3/L4 successor awaits owner-final lower-level design."
"arac-kamerasi-navigasyon","3","oto-elektronigi-bakim","Otomotiv & Motosiklet > Oto Elektroniği & Bakım > Araç Kamerası & Navigasyon","Araç Kamerası & Navigasyon","arac-kamerasi-navigasyon","active","Otomotiv & Motosiklet","Araç Elektroniği","","","PROVISIONAL_PROPOSAL","UNRESOLVED","MEDIUM","YES","","NO","0","Provisional target container inferred; exact L3/L4 successor awaits owner-final lower-level design."
"arac-sarj-donusturucu","3","oto-elektronigi-bakim","Otomotiv & Motosiklet > Oto Elektroniği & Bakım > Araç Şarj & Dönüştürücü","Araç Şarj & Dönüştürücü","arac-sarj-donusturucu","active","Otomotiv & Motosiklet","","","","PROVISIONAL_PROPOSAL","UNRESOLVED","LOW","YES","","NO","0","Provisional L2 candidates: Akü & Araç Elektriği | Araç Elektroniği | Araç Bakım & Temizlik | Motor Yağı, Sıvı & Katkılar | Araç Güvenlik & Acil Durum Ürünleri"
"oto-temizlik-bakim-urunu","3","oto-elektronigi-bakim","Otomotiv & Motosiklet > Oto Elektroniği & Bakım > Oto Temizlik & Bakım Ürünü","Oto Temizlik & Bakım Ürünü","oto-temizlik-bakim-urunu","active","Otomotiv & Motosiklet","Araç Bakım & Temizlik","","","PROVISIONAL_PROPOSAL","UNRESOLVED","MEDIUM","YES","hazmat_review","NO","0","Provisional target container inferred; exact L3/L4 successor awaits owner-final lower-level design. Policy/risk gate remains independent of taxonomy placement."
"motor-yagi-arac-sivisi","3","oto-elektronigi-bakim","Otomotiv & Motosiklet > Oto Elektroniği & Bakım > Motor Yağı & Araç Sıvısı","Motor Yağı & Araç Sıvısı","motor-yagi-arac-sivisi","active","Otomotiv & Motosiklet","Motor Yağı, Sıvı & Katkılar","","","PROVISIONAL_PROPOSAL","UNRESOLVED","MEDIUM","YES","hazmat_review|compatibility_critical","NO","0","Provisional target container inferred; exact L3/L4 successor awaits owner-final lower-level design. Policy/risk gate remains independent of taxonomy placement."
"aku-takviye-ekipmani","3","oto-elektronigi-bakim","Otomotiv & Motosiklet > Oto Elektroniği & Bakım > Akü & Takviye Ekipmanı","Akü & Takviye Ekipmanı","aku-takviye-ekipmani","active","Otomotiv & Motosiklet","Akü & Araç Elektriği","","","PROVISIONAL_PROPOSAL","UNRESOLVED","MEDIUM","YES","hazmat_review|safety_critical|compatibility_critical","NO","0","Provisional target container inferred; exact L3/L4 successor awaits owner-final lower-level design. Policy/risk gate remains independent of taxonomy placement."
"oto-yedek-parca","2","otomotiv-motosiklet","Otomotiv & Motosiklet > Oto Yedek Parça","Oto Yedek Parça","oto-yedek-parca","active","Otomotiv & Motosiklet","Otomobil Yedek Parçaları","","","PROVISIONAL_PROPOSAL","RENAME","MEDIUM","YES","compatibility_critical","NO","1","Target is an unapproved L2 proposal; action becomes executable only after owner finalization. Policy/risk gate remains independent of taxonomy placement."
"motor-bakim-parcalari","3","oto-yedek-parca","Otomotiv & Motosiklet > Oto Yedek Parça > Motor Bakım Parçaları","Motor Bakım Parçaları","motor-bakim-parcalari","active","Otomotiv & Motosiklet","Otomobil Yedek Parçaları","","","PROVISIONAL_PROPOSAL","UNRESOLVED","MEDIUM","YES","","NO","0","Provisional target container inferred; exact L3/L4 successor awaits owner-final lower-level design."
"oto-filtreleri","4","motor-bakim-parcalari","Otomotiv & Motosiklet > Oto Yedek Parça > Motor Bakım Parçaları > Oto Filtreleri","Oto Filtreleri","oto-filtreleri","active","Otomotiv & Motosiklet","Otomobil Yedek Parçaları","","","PROVISIONAL_PROPOSAL","UNRESOLVED","MEDIUM","YES","compatibility_critical","NO","0","Provisional target container inferred; exact L3/L4 successor awaits owner-final lower-level design. Policy/risk gate remains independent of taxonomy placement."
"buji-atesleme-parcasi","4","motor-bakim-parcalari","Otomotiv & Motosiklet > Oto Yedek Parça > Motor Bakım Parçaları > Buji & Ateşleme Parçası","Buji & Ateşleme Parçası","buji-atesleme-parcasi","active","Otomotiv & Motosiklet","Otomobil Yedek Parçaları","","","PROVISIONAL_PROPOSAL","UNRESOLVED","MEDIUM","YES","compatibility_critical","NO","0","Provisional target container inferred; exact L3/L4 successor awaits owner-final lower-level design. Policy/risk gate remains independent of taxonomy placement."
"kayis-gergi-parcasi","4","motor-bakim-parcalari","Otomotiv & Motosiklet > Oto Yedek Parça > Motor Bakım Parçaları > Kayış & Gergi Parçası","Kayış & Gergi Parçası","kayis-gergi-parcasi","active","Otomotiv & Motosiklet","Otomobil Yedek Parçaları","","","PROVISIONAL_PROPOSAL","UNRESOLVED","MEDIUM","YES","safety_critical|compatibility_critical","NO","0","Provisional target container inferred; exact L3/L4 successor awaits owner-final lower-level design. Policy/risk gate remains independent of taxonomy placement."
"fren-parcalari","3","oto-yedek-parca","Otomotiv & Motosiklet > Oto Yedek Parça > Fren Parçaları","Fren Parçaları","fren-parcalari","active","Otomotiv & Motosiklet","Otomobil Yedek Parçaları","","","PROVISIONAL_PROPOSAL","UNRESOLVED","MEDIUM","YES","safety_critical","NO","0","Provisional target container inferred; exact L3/L4 successor awaits owner-final lower-level design. Policy/risk gate remains independent of taxonomy placement."
"fren-balatasi","4","fren-parcalari","Otomotiv & Motosiklet > Oto Yedek Parça > Fren Parçaları > Fren Balatası","Fren Balatası","fren-balatasi","active","Otomotiv & Motosiklet","Otomobil Yedek Parçaları","","","PROVISIONAL_PROPOSAL","UNRESOLVED","MEDIUM","YES","safety_critical|compatibility_critical","NO","0","Provisional target container inferred; exact L3/L4 successor awaits owner-final lower-level design. Policy/risk gate remains independent of taxonomy placement."
"fren-diski-kampana","4","fren-parcalari","Otomotiv & Motosiklet > Oto Yedek Parça > Fren Parçaları > Fren Diski & Kampana","Fren Diski & Kampana","fren-diski-kampana","active","Otomotiv & Motosiklet","Otomobil Yedek Parçaları","","","PROVISIONAL_PROPOSAL","UNRESOLVED","MEDIUM","YES","safety_critical|compatibility_critical","NO","0","Provisional target container inferred; exact L3/L4 successor awaits owner-final lower-level design. Policy/risk gate remains independent of taxonomy placement."
"suspansiyon-direksiyon-parcasi","3","oto-yedek-parca","Otomotiv & Motosiklet > Oto Yedek Parça > Süspansiyon & Direksiyon Parçası","Süspansiyon & Direksiyon Parçası","suspansiyon-direksiyon-parcasi","active","Otomotiv & Motosiklet","Otomobil Yedek Parçaları","","","PROVISIONAL_PROPOSAL","UNRESOLVED","MEDIUM","YES","safety_critical|compatibility_critical","NO","0","Provisional target container inferred; exact L3/L4 successor awaits owner-final lower-level design. Policy/risk gate remains independent of taxonomy placement."
"debriyaj-sanziman-parcasi","3","oto-yedek-parca","Otomotiv & Motosiklet > Oto Yedek Parça > Debriyaj & Şanzıman Parçası","Debriyaj & Şanzıman Parçası","debriyaj-sanziman-parcasi","active","Otomotiv & Motosiklet","Otomobil Yedek Parçaları","","","PROVISIONAL_PROPOSAL","UNRESOLVED","MEDIUM","YES","safety_critical|compatibility_critical","NO","0","Provisional target container inferred; exact L3/L4 successor awaits owner-final lower-level design. Policy/risk gate remains independent of taxonomy placement."
"egzoz-emisyon-parcasi","3","oto-yedek-parca","Otomotiv & Motosiklet > Oto Yedek Parça > Egzoz & Emisyon Parçası","Egzoz & Emisyon Parçası","egzoz-emisyon-parcasi","active","Otomotiv & Motosiklet","Otomobil Yedek Parçaları","","","PROVISIONAL_PROPOSAL","UNRESOLVED","MEDIUM","YES","compatibility_critical","NO","0","Provisional target container inferred; exact L3/L4 successor awaits owner-final lower-level design. Policy/risk gate remains independent of taxonomy placement."
"kaporta-tampon-parcasi","3","oto-yedek-parca","Otomotiv & Motosiklet > Oto Yedek Parça > Kaporta & Tampon Parçası","Kaporta & Tampon Parçası","kaporta-tampon-parcasi","active","Otomotiv & Motosiklet","Otomobil Yedek Parçaları","","","PROVISIONAL_PROPOSAL","UNRESOLVED","MEDIUM","YES","compatibility_critical","NO","0","Provisional target container inferred; exact L3/L4 successor awaits owner-final lower-level design. Policy/risk gate remains independent of taxonomy placement."
"lastik-jant-yol-ekipmani","2","otomotiv-motosiklet","Otomotiv & Motosiklet > Lastik, Jant & Yol Ekipmanı","Lastik, Jant & Yol Ekipmanı","lastik-jant-yol-ekipmani","active","Otomotiv & Motosiklet","","","","PROVISIONAL_PROPOSAL","SPLIT","MEDIUM","YES","","NO","2","Provisional L2 candidates: Lastik, Jant & Tekerlek Ürünleri | Araç Güvenlik & Acil Durum Ürünleri"
"otomobil-lastigi","3","lastik-jant-yol-ekipmani","Otomotiv & Motosiklet > Lastik, Jant & Yol Ekipmanı > Otomobil Lastiği","Otomobil Lastiği","otomobil-lastigi","active","Otomotiv & Motosiklet","Lastik, Jant & Tekerlek Ürünleri","","","PROVISIONAL_PROPOSAL","UNRESOLVED","MEDIUM","YES","safety_critical|compatibility_critical","NO","0","Provisional target container inferred; exact L3/L4 successor awaits owner-final lower-level design. Policy/risk gate remains independent of taxonomy placement."
"jant-jant-kapagi","3","lastik-jant-yol-ekipmani","Otomotiv & Motosiklet > Lastik, Jant & Yol Ekipmanı > Jant & Jant Kapağı","Jant & Jant Kapağı","jant-jant-kapagi","active","Otomotiv & Motosiklet","Lastik, Jant & Tekerlek Ürünleri","","","PROVISIONAL_PROPOSAL","UNRESOLVED","MEDIUM","YES","compatibility_critical","NO","0","Provisional target container inferred; exact L3/L4 successor awaits owner-final lower-level design. Policy/risk gate remains independent of taxonomy placement."
"kar-zinciri-patinaj-onleyici","3","lastik-jant-yol-ekipmani","Otomotiv & Motosiklet > Lastik, Jant & Yol Ekipmanı > Kar Zinciri & Patinaj Önleyici","Kar Zinciri & Patinaj Önleyici","kar-zinciri-patinaj-onleyici","active","Otomotiv & Motosiklet","Araç Güvenlik & Acil Durum Ürünleri","","","PROVISIONAL_PROPOSAL","UNRESOLVED","MEDIUM","YES","safety_critical|compatibility_critical","NO","0","Provisional target container inferred; exact L3/L4 successor awaits owner-final lower-level design. Policy/risk gate remains independent of taxonomy placement."
"lastik-tamir-sisirme","3","lastik-jant-yol-ekipmani","Otomotiv & Motosiklet > Lastik, Jant & Yol Ekipmanı > Lastik Tamir & Şişirme","Lastik Tamir & Şişirme","lastik-tamir-sisirme","active","Otomotiv & Motosiklet","Lastik, Jant & Tekerlek Ürünleri","","","PROVISIONAL_PROPOSAL","UNRESOLVED","MEDIUM","YES","","NO","0","Provisional target container inferred; exact L3/L4 successor awaits owner-final lower-level design."
"acil-yol-cekme-ekipmani","3","lastik-jant-yol-ekipmani","Otomotiv & Motosiklet > Lastik, Jant & Yol Ekipmanı > Acil Yol & Çekme Ekipmanı","Acil Yol & Çekme Ekipmanı","acil-yol-cekme-ekipmani","active","Otomotiv & Motosiklet","Araç Güvenlik & Acil Durum Ürünleri","","","PROVISIONAL_PROPOSAL","UNRESOLVED","MEDIUM","YES","safety_critical","NO","0","Provisional target container inferred; exact L3/L4 successor awaits owner-final lower-level design. Policy/risk gate remains independent of taxonomy placement."
"motosiklet-ekipmani-parcasi","2","otomotiv-motosiklet","Otomotiv & Motosiklet > Motosiklet Ekipmanı & Parçası","Motosiklet Ekipmanı & Parçası","motosiklet-ekipmani-parcasi","active","Otomotiv & Motosiklet","","","","PROVISIONAL_PROPOSAL","SPLIT","MEDIUM","YES","","NO","3","Provisional L2 candidates: Motosiklet Yedek Parçaları | Motosiklet Kask & Koruma Ekipmanları | Araç Elektroniği"
"motosiklet-kaski","3","motosiklet-ekipmani-parcasi","Otomotiv & Motosiklet > Motosiklet Ekipmanı & Parçası > Motosiklet Kaskı","Motosiklet Kaskı","motosiklet-kaski","active","Otomotiv & Motosiklet","Motosiklet Kask & Koruma Ekipmanları","","","PROVISIONAL_PROPOSAL","UNRESOLVED","MEDIUM","YES","safety_critical","NO","0","Provisional target container inferred; exact L3/L4 successor awaits owner-final lower-level design. Policy/risk gate remains independent of taxonomy placement."
"motosiklet-koruma-giyimi","3","motosiklet-ekipmani-parcasi","Otomotiv & Motosiklet > Motosiklet Ekipmanı & Parçası > Motosiklet Koruma Giyimi","Motosiklet Koruma Giyimi","motosiklet-koruma-giyimi","active","Otomotiv & Motosiklet","Motosiklet Kask & Koruma Ekipmanları","","","PROVISIONAL_PROPOSAL","UNRESOLVED","MEDIUM","YES","safety_critical","NO","0","Provisional target container inferred; exact L3/L4 successor awaits owner-final lower-level design. Policy/risk gate remains independent of taxonomy placement."
"motosiklet-canta-tasima","3","motosiklet-ekipmani-parcasi","Otomotiv & Motosiklet > Motosiklet Ekipmanı & Parçası > Motosiklet Çanta & Taşıma","Motosiklet Çanta & Taşıma","motosiklet-canta-tasima","active","Otomotiv & Motosiklet","","","","PROVISIONAL_PROPOSAL","UNRESOLVED","LOW","YES","","NO","0","Provisional L2 candidates: Motosiklet Yedek Parçaları | Motosiklet Kask & Koruma Ekipmanları | Araç Elektroniği"
"motosiklet-aksesuari","3","motosiklet-ekipmani-parcasi","Otomotiv & Motosiklet > Motosiklet Ekipmanı & Parçası > Motosiklet Aksesuarı","Motosiklet Aksesuarı","motosiklet-aksesuari","active","Otomotiv & Motosiklet","","","","PROVISIONAL_PROPOSAL","UNRESOLVED","LOW","YES","","NO","0","Provisional L2 candidates: Motosiklet Yedek Parçaları | Motosiklet Kask & Koruma Ekipmanları | Araç Elektroniği"
"motosiklet-yedek-parcasi","3","motosiklet-ekipmani-parcasi","Otomotiv & Motosiklet > Motosiklet Ekipmanı & Parçası > Motosiklet Yedek Parçası","Motosiklet Yedek Parçası","motosiklet-yedek-parcasi","active","Otomotiv & Motosiklet","Motosiklet Yedek Parçaları","","","PROVISIONAL_PROPOSAL","UNRESOLVED","MEDIUM","YES","safety_critical|compatibility_critical","NO","0","Provisional target container inferred; exact L3/L4 successor awaits owner-final lower-level design. Policy/risk gate remains independent of taxonomy placement."
"motosiklet-lastigi-bakim-urunu","3","motosiklet-ekipmani-parcasi","Otomotiv & Motosiklet > Motosiklet Ekipmanı & Parçası > Motosiklet Lastiği & Bakım Ürünü","Motosiklet Lastiği & Bakım Ürünü","motosiklet-lastigi-bakim-urunu","active","Otomotiv & Motosiklet","Motosiklet Yedek Parçaları","","","PROVISIONAL_PROPOSAL","UNRESOLVED","MEDIUM","YES","safety_critical|hazmat_review|compatibility_critical","NO","0","Provisional target container inferred; exact L3/L4 successor awaits owner-final lower-level design. Policy/risk gate remains independent of taxonomy placement."
"kisisel-bakim-kozmetik","1","","Kişisel Bakım & Kozmetik","Kişisel Bakım & Kozmetik","kisisel-bakim-kozmetik","active","Kozmetik & Kişisel Bakım","","","","CANONICAL_FINAL","RENAME","HIGH","NO","","YES","1",""
"cilt-bakimi","2","kisisel-bakim-kozmetik","Kişisel Bakım & Kozmetik > Cilt Bakımı","Cilt Bakımı","cilt-bakimi","active","Kozmetik & Kişisel Bakım","","","","PROVISIONAL_PROPOSAL","SPLIT","MEDIUM","YES","","NO","2","Provisional L2 candidates: Cilt Bakımı | Güneş Bakımı"
"yuz-temizleyici","3","cilt-bakimi","Kişisel Bakım & Kozmetik > Cilt Bakımı > Yüz Temizleyici","Yüz Temizleyici","yuz-temizleyici","active","Kozmetik & Kişisel Bakım","","","","PROVISIONAL_PROPOSAL","UNRESOLVED","LOW","YES","","NO","0","Provisional L2 candidates: Cilt Bakımı | Güneş Bakımı"
"nemlendirici-serum","3","cilt-bakimi","Kişisel Bakım & Kozmetik > Cilt Bakımı > Nemlendirici & Serum","Nemlendirici & Serum","nemlendirici-serum","active","Kozmetik & Kişisel Bakım","Cilt Bakımı","","","PROVISIONAL_PROPOSAL","UNRESOLVED","MEDIUM","YES","","NO","0","Provisional target container inferred; exact L3/L4 successor awaits owner-final lower-level design."
"gunes-koruyucu","3","cilt-bakimi","Kişisel Bakım & Kozmetik > Cilt Bakımı > Güneş Koruyucu","Güneş Koruyucu","gunes-koruyucu","active","Kozmetik & Kişisel Bakım","Güneş Bakımı","","","PROVISIONAL_PROPOSAL","UNRESOLVED","MEDIUM","YES","claim_sensitive","NO","0","Provisional target container inferred; exact L3/L4 successor awaits owner-final lower-level design. Policy/risk gate remains independent of taxonomy placement."
"maske-peeling","3","cilt-bakimi","Kişisel Bakım & Kozmetik > Cilt Bakımı > Maske & Peeling","Maske & Peeling","maske-peeling","active","Kozmetik & Kişisel Bakım","","","","PROVISIONAL_PROPOSAL","UNRESOLVED","LOW","YES","","NO","0","Provisional L2 candidates: Cilt Bakımı | Güneş Bakımı"
"goz-dudak-bakimi","3","cilt-bakimi","Kişisel Bakım & Kozmetik > Cilt Bakımı > Göz & Dudak Bakımı","Göz & Dudak Bakımı","goz-dudak-bakimi","active","Kozmetik & Kişisel Bakım","","","","PROVISIONAL_PROPOSAL","UNRESOLVED","LOW","YES","","NO","0","Provisional L2 candidates: Cilt Bakımı | Güneş Bakımı"
"makyaj","2","kisisel-bakim-kozmetik","Kişisel Bakım & Kozmetik > Makyaj","Makyaj","makyaj","active","Kozmetik & Kişisel Bakım","Makyaj","","","PROVISIONAL_PROPOSAL","KEEP","MEDIUM","YES","","NO","1","Target is an unapproved L2 proposal; action becomes executable only after owner finalization."
"ten-makyaji","3","makyaj","Kişisel Bakım & Kozmetik > Makyaj > Ten Makyajı","Ten Makyajı","ten-makyaji","active","Kozmetik & Kişisel Bakım","Makyaj","","","PROVISIONAL_PROPOSAL","UNRESOLVED","MEDIUM","YES","","NO","0","Provisional target container inferred; exact L3/L4 successor awaits owner-final lower-level design."
"goz-makyaji","3","makyaj","Kişisel Bakım & Kozmetik > Makyaj > Göz Makyajı","Göz Makyajı","goz-makyaji","active","Kozmetik & Kişisel Bakım","Makyaj","","","PROVISIONAL_PROPOSAL","UNRESOLVED","MEDIUM","YES","","NO","0","Provisional target container inferred; exact L3/L4 successor awaits owner-final lower-level design."
"dudak-makyaji","3","makyaj","Kişisel Bakım & Kozmetik > Makyaj > Dudak Makyajı","Dudak Makyajı","dudak-makyaji","active","Kozmetik & Kişisel Bakım","Makyaj","","","PROVISIONAL_PROPOSAL","UNRESOLVED","MEDIUM","YES","","NO","0","Provisional target container inferred; exact L3/L4 successor awaits owner-final lower-level design."
"tirnak-urunu","3","makyaj","Kişisel Bakım & Kozmetik > Makyaj > Tırnak Ürünü","Tırnak Ürünü","tirnak-urunu","active","Kozmetik & Kişisel Bakım","Makyaj","","","PROVISIONAL_PROPOSAL","UNRESOLVED","MEDIUM","YES","","NO","0","Provisional target container inferred; exact L3/L4 successor awaits owner-final lower-level design."
"makyaj-fircasi-sungeri","3","makyaj","Kişisel Bakım & Kozmetik > Makyaj > Makyaj Fırçası & Süngeri","Makyaj Fırçası & Süngeri","makyaj-fircasi-sungeri","active","Kozmetik & Kişisel Bakım","Makyaj","","","PROVISIONAL_PROPOSAL","UNRESOLVED","MEDIUM","YES","","NO","0","Provisional target container inferred; exact L3/L4 successor awaits owner-final lower-level design."
"sac-bakimi-sekillendirme","2","kisisel-bakim-kozmetik","Kişisel Bakım & Kozmetik > Saç Bakımı & Şekillendirme","Saç Bakımı & Şekillendirme","sac-bakimi-sekillendirme","active","Kozmetik & Kişisel Bakım","Saç Bakımı & Şekillendirme","","","PROVISIONAL_PROPOSAL","KEEP","MEDIUM","YES","","NO","1","Target is an unapproved L2 proposal; action becomes executable only after owner finalization."
"sampuan","3","sac-bakimi-sekillendirme","Kişisel Bakım & Kozmetik > Saç Bakımı & Şekillendirme > Şampuan","Şampuan","sampuan","active","Kozmetik & Kişisel Bakım","Saç Bakımı & Şekillendirme","","","PROVISIONAL_PROPOSAL","UNRESOLVED","MEDIUM","YES","","NO","0","Provisional target container inferred; exact L3/L4 successor awaits owner-final lower-level design."
"sac-kremi-maske","3","sac-bakimi-sekillendirme","Kişisel Bakım & Kozmetik > Saç Bakımı & Şekillendirme > Saç Kremi & Maske","Saç Kremi & Maske","sac-kremi-maske","active","Kozmetik & Kişisel Bakım","Saç Bakımı & Şekillendirme","","","PROVISIONAL_PROPOSAL","UNRESOLVED","MEDIUM","YES","","NO","0","Provisional target container inferred; exact L3/L4 successor awaits owner-final lower-level design."
"sac-boyasi-acici","3","sac-bakimi-sekillendirme","Kişisel Bakım & Kozmetik > Saç Bakımı & Şekillendirme > Saç Boyası & Açıcı","Saç Boyası & Açıcı","sac-boyasi-acici","active","Kozmetik & Kişisel Bakım","Saç Bakımı & Şekillendirme","","","PROVISIONAL_PROPOSAL","UNRESOLVED","MEDIUM","YES","hazmat_review|claim_sensitive","NO","0","Provisional target container inferred; exact L3/L4 successor awaits owner-final lower-level design. Policy/risk gate remains independent of taxonomy placement."
"sac-sekillendirici-urun","3","sac-bakimi-sekillendirme","Kişisel Bakım & Kozmetik > Saç Bakımı & Şekillendirme > Saç Şekillendirici Ürün","Saç Şekillendirici Ürün","sac-sekillendirici-urun","active","Kozmetik & Kişisel Bakım","Saç Bakımı & Şekillendirme","","","PROVISIONAL_PROPOSAL","UNRESOLVED","MEDIUM","YES","hazmat_review","NO","0","Provisional target container inferred; exact L3/L4 successor awaits owner-final lower-level design. Policy/risk gate remains independent of taxonomy placement."
"tarak-firca-sac-gereci","3","sac-bakimi-sekillendirme","Kişisel Bakım & Kozmetik > Saç Bakımı & Şekillendirme > Tarak, Fırça & Saç Gereci","Tarak, Fırça & Saç Gereci","tarak-firca-sac-gereci","active","Kozmetik & Kişisel Bakım","Saç Bakımı & Şekillendirme","","","PROVISIONAL_PROPOSAL","UNRESOLVED","MEDIUM","YES","","NO","0","Provisional target container inferred; exact L3/L4 successor awaits owner-final lower-level design."
"sac-kurutma-sekillendirme-cihazi","3","sac-bakimi-sekillendirme","Kişisel Bakım & Kozmetik > Saç Bakımı & Şekillendirme > Saç Kurutma & Şekillendirme Cihazı","Saç Kurutma & Şekillendirme Cihazı","sac-kurutma-sekillendirme-cihazi","active","Kozmetik & Kişisel Bakım","Saç Bakımı & Şekillendirme","","","PROVISIONAL_PROPOSAL","UNRESOLVED","MEDIUM","YES","","NO","0","Provisional target container inferred; exact L3/L4 successor awaits owner-final lower-level design."
"banyo-vucut-hijyen","2","kisisel-bakim-kozmetik","Kişisel Bakım & Kozmetik > Banyo, Vücut & Hijyen","Banyo, Vücut & Hijyen","banyo-vucut-hijyen","active","Kozmetik & Kişisel Bakım","","","","PROVISIONAL_PROPOSAL","SPLIT","MEDIUM","YES","","NO","3","Provisional L2 candidates: Banyo & Vücut Bakımı | Ağız & Diş Bakımı | Kişisel Hijyen"
"sabun-dus-urunu","3","banyo-vucut-hijyen","Kişisel Bakım & Kozmetik > Banyo, Vücut & Hijyen > Sabun & Duş Ürünü","Sabun & Duş Ürünü","sabun-dus-urunu","active","Kozmetik & Kişisel Bakım","Banyo & Vücut Bakımı","","","PROVISIONAL_PROPOSAL","UNRESOLVED","MEDIUM","YES","","NO","0","Provisional target container inferred; exact L3/L4 successor awaits owner-final lower-level design."
"deodorant-ter-onleyici","3","banyo-vucut-hijyen","Kişisel Bakım & Kozmetik > Banyo, Vücut & Hijyen > Deodorant & Ter Önleyici","Deodorant & Ter Önleyici","deodorant-ter-onleyici","active","Kozmetik & Kişisel Bakım","","","","PROVISIONAL_PROPOSAL","UNRESOLVED","LOW","YES","hazmat_review","NO","0","Provisional L2 candidates: Banyo & Vücut Bakımı | Ağız & Diş Bakımı | Kişisel Hijyen Policy/risk gate remains independent of taxonomy placement."
"vucut-bakimi","3","banyo-vucut-hijyen","Kişisel Bakım & Kozmetik > Banyo, Vücut & Hijyen > Vücut Bakımı","Vücut Bakımı","vucut-bakimi","active","Kozmetik & Kişisel Bakım","Banyo & Vücut Bakımı","","","PROVISIONAL_PROPOSAL","UNRESOLVED","MEDIUM","YES","","NO","0","Provisional target container inferred; exact L3/L4 successor awaits owner-final lower-level design."
"agiz-bakimi","3","banyo-vucut-hijyen","Kişisel Bakım & Kozmetik > Banyo, Vücut & Hijyen > Ağız Bakımı","Ağız Bakımı","agiz-bakimi","active","Kozmetik & Kişisel Bakım","Ağız & Diş Bakımı","","","PROVISIONAL_PROPOSAL","UNRESOLVED","MEDIUM","YES","","NO","0","Provisional target container inferred; exact L3/L4 successor awaits owner-final lower-level design."
"kadin-hijyen-urunu","3","banyo-vucut-hijyen","Kişisel Bakım & Kozmetik > Banyo, Vücut & Hijyen > Kadın Hijyen Ürünü","Kadın Hijyen Ürünü","kadin-hijyen-urunu","active","Kozmetik & Kişisel Bakım","Kişisel Hijyen","","","PROVISIONAL_PROPOSAL","UNRESOLVED","MEDIUM","YES","","NO","0","Provisional target container inferred; exact L3/L4 successor awaits owner-final lower-level design."
"pamuk-mendil-bakim-sarfi","3","banyo-vucut-hijyen","Kişisel Bakım & Kozmetik > Banyo, Vücut & Hijyen > Pamuk, Mendil & Bakım Sarfı","Pamuk, Mendil & Bakım Sarfı","pamuk-mendil-bakim-sarfi","active","Kozmetik & Kişisel Bakım","Kişisel Hijyen","","","PROVISIONAL_PROPOSAL","UNRESOLVED","MEDIUM","YES","","NO","0","Provisional target container inferred; exact L3/L4 successor awaits owner-final lower-level design."
"parfum-tiras-el-ayak-bakimi","2","kisisel-bakim-kozmetik","Kişisel Bakım & Kozmetik > Parfüm, Tıraş & El-Ayak Bakımı","Parfüm, Tıraş & El-Ayak Bakımı","parfum-tiras-el-ayak-bakimi","active","Kozmetik & Kişisel Bakım","","","","PROVISIONAL_PROPOSAL","SPLIT","MEDIUM","YES","","NO","4","Provisional L2 candidates: Parfüm & Deodorant | El, Ayak & Tırnak Bakımı | Tıraş, Ağda & Epilasyon | Kozmetik & Bakım Aksesuarları"
"parfum","3","parfum-tiras-el-ayak-bakimi","Kişisel Bakım & Kozmetik > Parfüm, Tıraş & El-Ayak Bakımı > Parfüm","Parfüm","parfum","active","Kozmetik & Kişisel Bakım","Parfüm & Deodorant","","","PROVISIONAL_PROPOSAL","UNRESOLVED","MEDIUM","YES","hazmat_review","NO","0","Provisional target container inferred; exact L3/L4 successor awaits owner-final lower-level design. Policy/risk gate remains independent of taxonomy placement."
"kolonya-vucut-spreyi","3","parfum-tiras-el-ayak-bakimi","Kişisel Bakım & Kozmetik > Parfüm, Tıraş & El-Ayak Bakımı > Kolonya & Vücut Spreyi","Kolonya & Vücut Spreyi","kolonya-vucut-spreyi","active","Kozmetik & Kişisel Bakım","","","","PROVISIONAL_PROPOSAL","UNRESOLVED","LOW","YES","hazmat_review","NO","0","Provisional L2 candidates: Parfüm & Deodorant | El, Ayak & Tırnak Bakımı | Tıraş, Ağda & Epilasyon | Kozmetik & Bakım Aksesuarları Policy/risk gate remains independent of taxonomy placement."
"tiras-urunu","3","parfum-tiras-el-ayak-bakimi","Kişisel Bakım & Kozmetik > Parfüm, Tıraş & El-Ayak Bakımı > Tıraş Ürünü","Tıraş Ürünü","tiras-urunu","active","Kozmetik & Kişisel Bakım","Tıraş, Ağda & Epilasyon","","","PROVISIONAL_PROPOSAL","UNRESOLVED","MEDIUM","YES","","NO","0","Provisional target container inferred; exact L3/L4 successor awaits owner-final lower-level design."
"agda-tuy-alma-urunu","3","parfum-tiras-el-ayak-bakimi","Kişisel Bakım & Kozmetik > Parfüm, Tıraş & El-Ayak Bakımı > Ağda & Tüy Alma Ürünü","Ağda & Tüy Alma Ürünü","agda-tuy-alma-urunu","active","Kozmetik & Kişisel Bakım","Tıraş, Ağda & Epilasyon","","","PROVISIONAL_PROPOSAL","UNRESOLVED","MEDIUM","YES","","NO","0","Provisional target container inferred; exact L3/L4 successor awaits owner-final lower-level design."
"manikur-pedikur-gereci","3","parfum-tiras-el-ayak-bakimi","Kişisel Bakım & Kozmetik > Parfüm, Tıraş & El-Ayak Bakımı > Manikür & Pedikür Gereci","Manikür & Pedikür Gereci","manikur-pedikur-gereci","active","Kozmetik & Kişisel Bakım","El, Ayak & Tırnak Bakımı","","","PROVISIONAL_PROPOSAL","UNRESOLVED","MEDIUM","YES","","NO","0","Provisional target container inferred; exact L3/L4 successor awaits owner-final lower-level design."
"tiras-epilasyon-cihazi","3","parfum-tiras-el-ayak-bakimi","Kişisel Bakım & Kozmetik > Parfüm, Tıraş & El-Ayak Bakımı > Tıraş & Epilasyon Cihazı","Tıraş & Epilasyon Cihazı","tiras-epilasyon-cihazi","active","Kozmetik & Kişisel Bakım","Tıraş, Ağda & Epilasyon","","","PROVISIONAL_PROPOSAL","UNRESOLVED","MEDIUM","YES","","NO","0","Provisional target container inferred; exact L3/L4 successor awaits owner-final lower-level design."
"bebek-cocuk","1","","Bebek & Çocuk","Bebek & Çocuk","bebek-cocuk","active","Anne & Bebek","","","","CANONICAL_FINAL","RENAME","HIGH","NO","","YES","1",""
"bebek-bezi-bakim","2","bebek-cocuk","Bebek & Çocuk > Bebek Bezi & Bakım","Bebek Bezi & Bakım","bebek-bezi-bakim","active","Anne & Bebek","","","","PROVISIONAL_PROPOSAL","SPLIT","MEDIUM","YES","","NO","2","Provisional L2 candidates: Bebek Bezi & Alt Bakım | Bebek Banyo, Bakım & Hijyen"
"bebek-bezi","3","bebek-bezi-bakim","Bebek & Çocuk > Bebek Bezi & Bakım > Bebek Bezi","Bebek Bezi","bebek-bezi","active","Anne & Bebek","Bebek Bezi & Alt Bakım","","","PROVISIONAL_PROPOSAL","UNRESOLVED","MEDIUM","YES","","NO","0","Provisional target container inferred; exact L3/L4 successor awaits owner-final lower-level design."
"bebek-islak-mendili","3","bebek-bezi-bakim","Bebek & Çocuk > Bebek Bezi & Bakım > Bebek Islak Mendili","Bebek Islak Mendili","bebek-islak-mendili","active","Anne & Bebek","","","","PROVISIONAL_PROPOSAL","UNRESOLVED","LOW","YES","","NO","0","Provisional L2 candidates: Bebek Bezi & Alt Bakım | Bebek Banyo, Bakım & Hijyen"
"bebek-cilt-bakimi","3","bebek-bezi-bakim","Bebek & Çocuk > Bebek Bezi & Bakım > Bebek Cilt Bakımı","Bebek Cilt Bakımı","bebek-cilt-bakimi","active","Anne & Bebek","Bebek Banyo, Bakım & Hijyen","","","PROVISIONAL_PROPOSAL","UNRESOLVED","MEDIUM","YES","claim_sensitive","NO","0","Provisional target container inferred; exact L3/L4 successor awaits owner-final lower-level design. Policy/risk gate remains independent of taxonomy placement."
"bebek-banyo-urunu","3","bebek-bezi-bakim","Bebek & Çocuk > Bebek Bezi & Bakım > Bebek Banyo Ürünü","Bebek Banyo Ürünü","bebek-banyo-urunu","active","Anne & Bebek","Bebek Banyo, Bakım & Hijyen","","","PROVISIONAL_PROPOSAL","UNRESOLVED","MEDIUM","YES","","NO","0","Provisional target container inferred; exact L3/L4 successor awaits owner-final lower-level design."
"alt-degistirme-bakim-gereci","3","bebek-bezi-bakim","Bebek & Çocuk > Bebek Bezi & Bakım > Alt Değiştirme & Bakım Gereci","Alt Değiştirme & Bakım Gereci","alt-degistirme-bakim-gereci","active","Anne & Bebek","Bebek Banyo, Bakım & Hijyen","","","PROVISIONAL_PROPOSAL","UNRESOLVED","MEDIUM","YES","","NO","0","Provisional target container inferred; exact L3/L4 successor awaits owner-final lower-level design."
"bebek-beslenme","2","bebek-cocuk","Bebek & Çocuk > Bebek Beslenme","Bebek Beslenme","bebek-beslenme","active","Anne & Bebek","","","","PROVISIONAL_PROPOSAL","SPLIT","MEDIUM","YES","","NO","2","Provisional L2 candidates: Bebek Beslenme | Emzirme & Anne Sütü Ürünleri"
"biberon-biberon-aksesuari","3","bebek-beslenme","Bebek & Çocuk > Bebek Beslenme > Biberon & Biberon Aksesuarı","Biberon & Biberon Aksesuarı","biberon-biberon-aksesuari","active","Anne & Bebek","","","","PROVISIONAL_PROPOSAL","UNRESOLVED","LOW","YES","age_sensitive|safety_critical","NO","0","Provisional L2 candidates: Bebek Beslenme | Emzirme & Anne Sütü Ürünleri Policy/risk gate remains independent of taxonomy placement."
"mama-sandalyesi","3","bebek-beslenme","Bebek & Çocuk > Bebek Beslenme > Mama Sandalyesi","Mama Sandalyesi","mama-sandalyesi","active","Anne & Bebek","Bebek Beslenme","","","PROVISIONAL_PROPOSAL","UNRESOLVED","MEDIUM","YES","safety_critical","NO","0","Provisional target container inferred; exact L3/L4 successor awaits owner-final lower-level design. Policy/risk gate remains independent of taxonomy placement."
"bebek-tabak-kasik-suluk","3","bebek-beslenme","Bebek & Çocuk > Bebek Beslenme > Bebek Tabak, Kaşık & Suluk","Bebek Tabak, Kaşık & Suluk","bebek-tabak-kasik-suluk","active","Anne & Bebek","Bebek Beslenme","","","PROVISIONAL_PROPOSAL","UNRESOLVED","MEDIUM","YES","","NO","0","Provisional target container inferred; exact L3/L4 successor awaits owner-final lower-level design."
"gogus-pompasi-emzirme-urunu","3","bebek-beslenme","Bebek & Çocuk > Bebek Beslenme > Göğüs Pompası & Emzirme Ürünü","Göğüs Pompası & Emzirme Ürünü","gogus-pompasi-emzirme-urunu","active","Anne & Bebek","Emzirme & Anne Sütü Ürünleri","","","PROVISIONAL_PROPOSAL","UNRESOLVED","MEDIUM","YES","","NO","0","Provisional target container inferred; exact L3/L4 successor awaits owner-final lower-level design."
"bebek-mamasi-ek-gida","3","bebek-beslenme","Bebek & Çocuk > Bebek Beslenme > Bebek Maması & Ek Gıda","Bebek Maması & Ek Gıda","bebek-mamasi-ek-gida","active","Anne & Bebek","Bebek Beslenme","","","PROVISIONAL_PROPOSAL","UNRESOLVED","MEDIUM","YES","regulated_review|claim_sensitive","NO","0","Provisional target container inferred; exact L3/L4 successor awaits owner-final lower-level design. Policy/risk gate remains independent of taxonomy placement."
"bebek-tasima-guvenlik","2","bebek-cocuk","Bebek & Çocuk > Bebek Taşıma & Güvenlik","Bebek Taşıma & Güvenlik","bebek-tasima-guvenlik","active","Anne & Bebek","","","","PROVISIONAL_PROPOSAL","SPLIT","MEDIUM","YES","","NO","3","Provisional L2 candidates: Bebek Arabaları & Taşıma | Oto Koltukları & Seyahat Güvenliği | Bebek Güvenlik & Ev İçi Koruma"
"bebek-arabasi","3","bebek-tasima-guvenlik","Bebek & Çocuk > Bebek Taşıma & Güvenlik > Bebek Arabası","Bebek Arabası","bebek-arabasi","active","Anne & Bebek","Bebek Arabaları & Taşıma","","","PROVISIONAL_PROPOSAL","UNRESOLVED","MEDIUM","YES","safety_critical","NO","0","Provisional target container inferred; exact L3/L4 successor awaits owner-final lower-level design. Policy/risk gate remains independent of taxonomy placement."
"bebek-oto-koltugu-yukseltici","3","bebek-tasima-guvenlik","Bebek & Çocuk > Bebek Taşıma & Güvenlik > Oto Koltuğu & Yükseltici","Oto Koltuğu & Yükseltici","bebek-oto-koltugu-yukseltici","active","Anne & Bebek","","","","PROVISIONAL_PROPOSAL","UNRESOLVED","LOW","YES","safety_critical|compatibility_critical","NO","0","Provisional L2 candidates: Bebek Arabaları & Taşıma | Oto Koltukları & Seyahat Güvenliği | Bebek Güvenlik & Ev İçi Koruma Policy/risk gate remains independent of taxonomy placement."
"ana-kucagi-bebek-tasiyici","3","bebek-tasima-guvenlik","Bebek & Çocuk > Bebek Taşıma & Güvenlik > Ana Kucağı & Bebek Taşıyıcı","Ana Kucağı & Bebek Taşıyıcı","ana-kucagi-bebek-tasiyici","active","Anne & Bebek","Bebek Arabaları & Taşıma","","","PROVISIONAL_PROPOSAL","UNRESOLVED","MEDIUM","YES","safety_critical","NO","0","Provisional target container inferred; exact L3/L4 successor awaits owner-final lower-level design. Policy/risk gate remains independent of taxonomy placement."
"park-yatak-seyahat-yatagi","3","bebek-tasima-guvenlik","Bebek & Çocuk > Bebek Taşıma & Güvenlik > Park Yatak & Seyahat Yatağı","Park Yatak & Seyahat Yatağı","park-yatak-seyahat-yatagi","active","Anne & Bebek","Oto Koltukları & Seyahat Güvenliği","","","PROVISIONAL_PROPOSAL","UNRESOLVED","MEDIUM","YES","safety_critical","NO","0","Provisional target container inferred; exact L3/L4 successor awaits owner-final lower-level design. Policy/risk gate remains independent of taxonomy placement."
"ev-ici-bebek-guvenligi","3","bebek-tasima-guvenlik","Bebek & Çocuk > Bebek Taşıma & Güvenlik > Ev İçi Bebek Güvenliği","Ev İçi Bebek Güvenliği","ev-ici-bebek-guvenligi","active","Anne & Bebek","Bebek Güvenlik & Ev İçi Koruma","","","PROVISIONAL_PROPOSAL","UNRESOLVED","MEDIUM","YES","safety_critical","NO","0","Provisional target container inferred; exact L3/L4 successor awaits owner-final lower-level design. Policy/risk gate remains independent of taxonomy placement."
"bebek-odasi-gelisim-gerecleri","2","bebek-cocuk","Bebek & Çocuk > Bebek Odası & Gelişim Gereçleri","Bebek Odası & Gelişim Gereçleri","bebek-odasi-gelisim-gerecleri","active","Anne & Bebek","","","","PROVISIONAL_PROPOSAL","SPLIT","MEDIUM","YES","","NO","3","Provisional L2 candidates: Bebek Odası & Uyku | Bebek Güvenlik & Ev İçi Koruma | Hamilelik & Lohusalık Ürünleri"
"bebek-besigi-karyolasi","3","bebek-odasi-gelisim-gerecleri","Bebek & Çocuk > Bebek Odası & Gelişim Gereçleri > Bebek Beşiği & Karyolası","Bebek Beşiği & Karyolası","bebek-besigi-karyolasi","active","Anne & Bebek","Bebek Odası & Uyku","","","PROVISIONAL_PROPOSAL","UNRESOLVED","MEDIUM","YES","safety_critical","NO","0","Provisional target container inferred; exact L3/L4 successor awaits owner-final lower-level design. Policy/risk gate remains independent of taxonomy placement."
"bebek-yatagi-uyku-tekstili","3","bebek-odasi-gelisim-gerecleri","Bebek & Çocuk > Bebek Odası & Gelişim Gereçleri > Bebek Yatağı & Uyku Tekstili","Bebek Yatağı & Uyku Tekstili","bebek-yatagi-uyku-tekstili","active","Anne & Bebek","Bebek Odası & Uyku","","","PROVISIONAL_PROPOSAL","UNRESOLVED","MEDIUM","YES","safety_critical","NO","0","Provisional target container inferred; exact L3/L4 successor awaits owner-final lower-level design. Policy/risk gate remains independent of taxonomy placement."
"bebek-odasi-mobilyasi","3","bebek-odasi-gelisim-gerecleri","Bebek & Çocuk > Bebek Odası & Gelişim Gereçleri > Bebek Odası Mobilyası","Bebek Odası Mobilyası","bebek-odasi-mobilyasi","active","Anne & Bebek","Bebek Odası & Uyku","","","PROVISIONAL_PROPOSAL","UNRESOLVED","MEDIUM","YES","","NO","0","Provisional target container inferred; exact L3/L4 successor awaits owner-final lower-level design."
"lazimlik-tuvalet-egitimi","3","bebek-odasi-gelisim-gerecleri","Bebek & Çocuk > Bebek Odası & Gelişim Gereçleri > Lazımlık & Tuvalet Eğitimi","Lazımlık & Tuvalet Eğitimi","lazimlik-tuvalet-egitimi","active","Anne & Bebek","","","","PROVISIONAL_PROPOSAL","UNRESOLVED","LOW","YES","","NO","0","Provisional L2 candidates: Bebek Odası & Uyku | Bebek Güvenlik & Ev İçi Koruma | Hamilelik & Lohusalık Ürünleri"
"emzik-dis-kasiyici","3","bebek-odasi-gelisim-gerecleri","Bebek & Çocuk > Bebek Odası & Gelişim Gereçleri > Emzik & Diş Kaşıyıcı","Emzik & Diş Kaşıyıcı","emzik-dis-kasiyici","active","Anne & Bebek","","","","PROVISIONAL_PROPOSAL","UNRESOLVED","LOW","YES","age_sensitive|safety_critical","NO","0","Provisional L2 candidates: Bebek Odası & Uyku | Bebek Güvenlik & Ev İçi Koruma | Hamilelik & Lohusalık Ürünleri Policy/risk gate remains independent of taxonomy placement."
"oyuncak-hobi-muzik","1","","Oyuncak, Hobi & Müzik","Oyuncak, Hobi & Müzik","oyuncak-hobi-muzik","active","","","","","CANONICAL_FINAL","SPLIT","HIGH","NO","","YES","2","Canonical successors: Oyuncak & Hobi | Müzik & Enstrüman"
"erken-yas-egitici-oyuncak","2","oyuncak-hobi-muzik","Oyuncak, Hobi & Müzik > Erken Yaş & Eğitici Oyuncak","Erken Yaş & Eğitici Oyuncak","erken-yas-egitici-oyuncak","active","Oyuncak & Hobi","","","","PROVISIONAL_PROPOSAL","SPLIT","MEDIUM","YES","","NO","2","Provisional L2 candidates: Bebek & Okul Öncesi Oyuncaklar | Eğitici, Bilim & Keşif Oyuncakları"
"bebek-oyuncagi","3","erken-yas-egitici-oyuncak","Oyuncak, Hobi & Müzik > Erken Yaş & Eğitici Oyuncak > Bebek Oyuncağı","Bebek Oyuncağı","bebek-oyuncagi","active","Oyuncak & Hobi","Bebek & Okul Öncesi Oyuncaklar","","","PROVISIONAL_PROPOSAL","UNRESOLVED","MEDIUM","YES","age_sensitive","NO","0","Provisional target container inferred; exact L3/L4 successor awaits owner-final lower-level design. Policy/risk gate remains independent of taxonomy placement."
"egitici-oyuncak","3","erken-yas-egitici-oyuncak","Oyuncak, Hobi & Müzik > Erken Yaş & Eğitici Oyuncak > Eğitici Oyuncak","Eğitici Oyuncak","egitici-oyuncak","active","Oyuncak & Hobi","Eğitici, Bilim & Keşif Oyuncakları","","","PROVISIONAL_PROPOSAL","UNRESOLVED","MEDIUM","YES","age_sensitive","NO","0","Provisional target container inferred; exact L3/L4 successor awaits owner-final lower-level design. Policy/risk gate remains independent of taxonomy placement."
"ahsap-oyuncak","3","erken-yas-egitici-oyuncak","Oyuncak, Hobi & Müzik > Erken Yaş & Eğitici Oyuncak > Ahşap Oyuncak","Ahşap Oyuncak","ahsap-oyuncak","active","Oyuncak & Hobi","","","","PROVISIONAL_PROPOSAL","UNRESOLVED","LOW","YES","age_sensitive","NO","0","Provisional L2 candidates: Bebek & Okul Öncesi Oyuncaklar | Eğitici, Bilim & Keşif Oyuncakları Policy/risk gate remains independent of taxonomy placement."
"bilim-deney-seti","3","erken-yas-egitici-oyuncak","Oyuncak, Hobi & Müzik > Erken Yaş & Eğitici Oyuncak > Bilim & Deney Seti","Bilim & Deney Seti","bilim-deney-seti","active","Oyuncak & Hobi","Eğitici, Bilim & Keşif Oyuncakları","","","PROVISIONAL_PROPOSAL","UNRESOLVED","MEDIUM","YES","age_sensitive|hazmat_review","NO","0","Provisional target container inferred; exact L3/L4 successor awaits owner-final lower-level design. Policy/risk gate remains independent of taxonomy placement."
"figur-bebek-rol-oyunu","2","oyuncak-hobi-muzik","Oyuncak, Hobi & Müzik > Figür, Bebek & Rol Oyunu","Figür, Bebek & Rol Oyunu","figur-bebek-rol-oyunu","active","Oyuncak & Hobi","","","","PROVISIONAL_PROPOSAL","SPLIT","MEDIUM","YES","","NO","2","Provisional L2 candidates: Figür, Bebek & Rol Oyunları | Koleksiyon Ürünleri"
"oyuncak-bebek-aksesuari","3","figur-bebek-rol-oyunu","Oyuncak, Hobi & Müzik > Figür, Bebek & Rol Oyunu > Oyuncak Bebek & Aksesuarı","Oyuncak Bebek & Aksesuarı","oyuncak-bebek-aksesuari","active","Oyuncak & Hobi","Figür, Bebek & Rol Oyunları","","","PROVISIONAL_PROPOSAL","UNRESOLVED","MEDIUM","YES","","NO","0","Provisional target container inferred; exact L3/L4 successor awaits owner-final lower-level design."
"aksiyon-figuru","3","figur-bebek-rol-oyunu","Oyuncak, Hobi & Müzik > Figür, Bebek & Rol Oyunu > Aksiyon Figürü","Aksiyon Figürü","aksiyon-figuru","active","Oyuncak & Hobi","Figür, Bebek & Rol Oyunları","","","PROVISIONAL_PROPOSAL","UNRESOLVED","MEDIUM","YES","","NO","0","Provisional target container inferred; exact L3/L4 successor awaits owner-final lower-level design."
"pelus-oyuncak","3","figur-bebek-rol-oyunu","Oyuncak, Hobi & Müzik > Figür, Bebek & Rol Oyunu > Peluş Oyuncak","Peluş Oyuncak","pelus-oyuncak","active","Oyuncak & Hobi","","","","PROVISIONAL_PROPOSAL","UNRESOLVED","LOW","YES","","NO","0","Provisional L2 candidates: Figür, Bebek & Rol Oyunları | Koleksiyon Ürünleri"
"meslek-rol-oyunu-seti","3","figur-bebek-rol-oyunu","Oyuncak, Hobi & Müzik > Figür, Bebek & Rol Oyunu > Mutfak, Doktor & Meslek Seti","Mutfak, Doktor & Meslek Seti","meslek-rol-oyunu-seti","active","Oyuncak & Hobi","","","","PROVISIONAL_PROPOSAL","UNRESOLVED","LOW","YES","","NO","0","Provisional L2 candidates: Figür, Bebek & Rol Oyunları | Koleksiyon Ürünleri"
"kostum-rol-oyunu-aksesuari","3","figur-bebek-rol-oyunu","Oyuncak, Hobi & Müzik > Figür, Bebek & Rol Oyunu > Kostüm & Rol Oyunu Aksesuarı","Kostüm & Rol Oyunu Aksesuarı","kostum-rol-oyunu-aksesuari","active","Oyuncak & Hobi","","","","PROVISIONAL_PROPOSAL","UNRESOLVED","LOW","YES","","NO","0","Provisional L2 candidates: Figür, Bebek & Rol Oyunları | Koleksiyon Ürünleri"
"arac-yapi-uzaktan-kumandali-oyuncak","2","oyuncak-hobi-muzik","Oyuncak, Hobi & Müzik > Araç, Yapı & Uzaktan Kumandalı Oyuncak","Araç, Yapı & Uzaktan Kumandalı Oyuncak","arac-yapi-uzaktan-kumandali-oyuncak","active","Oyuncak & Hobi","","","","PROVISIONAL_PROPOSAL","SPLIT","MEDIUM","YES","","NO","3","Provisional L2 candidates: Yapı & İnşa Oyuncakları | Oyuncak Araçlar & Uzaktan Kumandalı Oyuncaklar | Açık Hava & Aktivite Oyuncakları"
"oyuncak-araba-arac","3","arac-yapi-uzaktan-kumandali-oyuncak","Oyuncak, Hobi & Müzik > Araç, Yapı & Uzaktan Kumandalı Oyuncak > Oyuncak Araba & Araç","Oyuncak Araba & Araç","oyuncak-araba-arac","active","Oyuncak & Hobi","Oyuncak Araçlar & Uzaktan Kumandalı Oyuncaklar","","","PROVISIONAL_PROPOSAL","UNRESOLVED","MEDIUM","YES","","NO","0","Provisional target container inferred; exact L3/L4 successor awaits owner-final lower-level design."
"yapi-bloku-insa-seti","3","arac-yapi-uzaktan-kumandali-oyuncak","Oyuncak, Hobi & Müzik > Araç, Yapı & Uzaktan Kumandalı Oyuncak > Yapı Bloku & İnşa Seti","Yapı Bloku & İnşa Seti","yapi-bloku-insa-seti","active","Oyuncak & Hobi","Yapı & İnşa Oyuncakları","","","PROVISIONAL_PROPOSAL","UNRESOLVED","MEDIUM","YES","","NO","0","Provisional target container inferred; exact L3/L4 successor awaits owner-final lower-level design."
"tren-pist-seti","3","arac-yapi-uzaktan-kumandali-oyuncak","Oyuncak, Hobi & Müzik > Araç, Yapı & Uzaktan Kumandalı Oyuncak > Tren & Pist Seti","Tren & Pist Seti","tren-pist-seti","active","Oyuncak & Hobi","Oyuncak Araçlar & Uzaktan Kumandalı Oyuncaklar","","","PROVISIONAL_PROPOSAL","UNRESOLVED","MEDIUM","YES","","NO","0","Provisional target container inferred; exact L3/L4 successor awaits owner-final lower-level design."
"uzaktan-kumandali-arac","3","arac-yapi-uzaktan-kumandali-oyuncak","Oyuncak, Hobi & Müzik > Araç, Yapı & Uzaktan Kumandalı Oyuncak > Uzaktan Kumandalı Araç","Uzaktan Kumandalı Araç","uzaktan-kumandali-arac","active","Oyuncak & Hobi","Oyuncak Araçlar & Uzaktan Kumandalı Oyuncaklar","","","PROVISIONAL_PROPOSAL","UNRESOLVED","MEDIUM","YES","age_sensitive","NO","0","Provisional target container inferred; exact L3/L4 successor awaits owner-final lower-level design. Policy/risk gate remains independent of taxonomy placement."
"oyuncak-drone","3","arac-yapi-uzaktan-kumandali-oyuncak","Oyuncak, Hobi & Müzik > Araç, Yapı & Uzaktan Kumandalı Oyuncak > Oyuncak Drone","Oyuncak Drone","oyuncak-drone","active","Oyuncak & Hobi","Oyuncak Araçlar & Uzaktan Kumandalı Oyuncaklar","","","PROVISIONAL_PROPOSAL","UNRESOLVED","MEDIUM","YES","regulated_review|safety_critical|age_sensitive","NO","0","Provisional target container inferred; exact L3/L4 successor awaits owner-final lower-level design. Policy/risk gate remains independent of taxonomy placement."
"oyun-puzzle-sanat-hobisi","2","oyuncak-hobi-muzik","Oyuncak, Hobi & Müzik > Oyun, Puzzle & Sanat Hobisi","Oyun, Puzzle & Sanat Hobisi","oyun-puzzle-sanat-hobisi","active","Oyuncak & Hobi","","","","PROVISIONAL_PROPOSAL","SPLIT","MEDIUM","YES","","NO","5","Provisional L2 candidates: Kutu Oyunları & Oyun Takımları | Puzzle & Zeka Oyunları | Model, Maket & Minyatür | Koleksiyon Ürünleri | Sanat, El İşi & Hobi Kitleri"
"kutu-oyunu","3","oyun-puzzle-sanat-hobisi","Oyuncak, Hobi & Müzik > Oyun, Puzzle & Sanat Hobisi > Kutu Oyunu","Kutu Oyunu","kutu-oyunu","active","Oyuncak & Hobi","Kutu Oyunları & Oyun Takımları","","","PROVISIONAL_PROPOSAL","UNRESOLVED","MEDIUM","YES","","NO","0","Provisional target container inferred; exact L3/L4 successor awaits owner-final lower-level design."
"puzzle","3","oyun-puzzle-sanat-hobisi","Oyuncak, Hobi & Müzik > Oyun, Puzzle & Sanat Hobisi > Puzzle","Puzzle","puzzle","active","Oyuncak & Hobi","Puzzle & Zeka Oyunları","","","PROVISIONAL_PROPOSAL","UNRESOLVED","MEDIUM","YES","","NO","0","Provisional target container inferred; exact L3/L4 successor awaits owner-final lower-level design."
"kart-oyunu","3","oyun-puzzle-sanat-hobisi","Oyuncak, Hobi & Müzik > Oyun, Puzzle & Sanat Hobisi > Kart Oyunu","Kart Oyunu","kart-oyunu","active","Oyuncak & Hobi","Kutu Oyunları & Oyun Takımları","","","PROVISIONAL_PROPOSAL","UNRESOLVED","MEDIUM","YES","","NO","0","Provisional target container inferred; exact L3/L4 successor awaits owner-final lower-level design."
"boyama-cocuk-sanat-seti","3","oyun-puzzle-sanat-hobisi","Oyuncak, Hobi & Müzik > Oyun, Puzzle & Sanat Hobisi > Boyama & Çocuk Sanat Seti","Boyama & Çocuk Sanat Seti","boyama-cocuk-sanat-seti","active","Oyuncak & Hobi","Sanat, El İşi & Hobi Kitleri","","","PROVISIONAL_PROPOSAL","UNRESOLVED","MEDIUM","YES","","NO","0","Provisional target container inferred; exact L3/L4 successor awaits owner-final lower-level design."
"model-maket-koleksiyon-kiti","3","oyun-puzzle-sanat-hobisi","Oyuncak, Hobi & Müzik > Oyun, Puzzle & Sanat Hobisi > Model, Maket & Koleksiyon Kiti","Model, Maket & Koleksiyon Kiti","model-maket-koleksiyon-kiti","active","Oyuncak & Hobi","Model, Maket & Minyatür","","","PROVISIONAL_PROPOSAL","UNRESOLVED","MEDIUM","YES","","NO","0","Provisional target container inferred; exact L3/L4 successor awaits owner-final lower-level design."
"muzik-enstrumani-ekipmani","2","oyuncak-hobi-muzik","Oyuncak, Hobi & Müzik > Müzik Enstrümanı & Ekipmanı","Müzik Enstrümanı & Ekipmanı","muzik-enstrumani-ekipmani","active","Müzik & Enstrüman","","","","PROVISIONAL_PROPOSAL","SPLIT","MEDIUM","YES","","NO","10","Provisional L2 candidates: Gitar & Bas | Piyano, Org & Klavyeli Çalgılar | Telli & Yaylı Çalgılar | Nefesli Çalgılar | Vurmalı Çalgılar | Geleneksel Türk Müziği Enstrümanları | Elektronik Müzik & DJ Ekipmanları | Stüdyo, Kayıt & Canlı Ses Ekipmanları | Enstrüman Amfi & Efektleri | Enstrüman Aksesuar, Bakım & Sarf Malzemeleri"
"gitar-telli-calgi","3","muzik-enstrumani-ekipmani","Oyuncak, Hobi & Müzik > Müzik Enstrümanı & Ekipmanı > Gitar & Telli Çalgı","Gitar & Telli Çalgı","gitar-telli-calgi","active","Müzik & Enstrüman","","","","PROVISIONAL_PROPOSAL","UNRESOLVED","LOW","YES","","NO","0","Provisional L2 candidates: Gitar & Bas | Piyano, Org & Klavyeli Çalgılar | Telli & Yaylı Çalgılar | Nefesli Çalgılar | Vurmalı Çalgılar | Geleneksel Türk Müziği Enstrümanları | Elektronik Müzik & DJ Ekipmanları | Stüdyo, Kayıt & Canlı Ses Ekipmanları | Enstrüman Amfi & Efektleri | Enstrüman Aksesuar, Bakım & Sarf Malzemeleri"
"klavye-piyano","3","muzik-enstrumani-ekipmani","Oyuncak, Hobi & Müzik > Müzik Enstrümanı & Ekipmanı > Klavye & Piyano","Klavye & Piyano","klavye-piyano","active","Müzik & Enstrüman","Piyano, Org & Klavyeli Çalgılar","","","PROVISIONAL_PROPOSAL","UNRESOLVED","MEDIUM","YES","","NO","0","Provisional target container inferred; exact L3/L4 successor awaits owner-final lower-level design."
"davul-vurmali-calgi","3","muzik-enstrumani-ekipmani","Oyuncak, Hobi & Müzik > Müzik Enstrümanı & Ekipmanı > Davul & Vurmalı Çalgı","Davul & Vurmalı Çalgı","davul-vurmali-calgi","active","Müzik & Enstrüman","Vurmalı Çalgılar","","","PROVISIONAL_PROPOSAL","UNRESOLVED","MEDIUM","YES","","NO","0","Provisional target container inferred; exact L3/L4 successor awaits owner-final lower-level design."
"nefesli-calgi","3","muzik-enstrumani-ekipmani","Oyuncak, Hobi & Müzik > Müzik Enstrümanı & Ekipmanı > Nefesli Çalgı","Nefesli Çalgı","nefesli-calgi","active","Müzik & Enstrüman","Nefesli Çalgılar","","","PROVISIONAL_PROPOSAL","UNRESOLVED","MEDIUM","YES","","NO","0","Provisional target container inferred; exact L3/L4 successor awaits owner-final lower-level design."
"enstruman-aksesuari","3","muzik-enstrumani-ekipmani","Oyuncak, Hobi & Müzik > Müzik Enstrümanı & Ekipmanı > Enstrüman Aksesuarı","Enstrüman Aksesuarı","enstruman-aksesuari","active","Müzik & Enstrüman","Gitar & Bas","","","PROVISIONAL_PROPOSAL","UNRESOLVED","MEDIUM","YES","","NO","0","Provisional target container inferred; exact L3/L4 successor awaits owner-final lower-level design."
"spor-outdoor","1","","Spor & Outdoor","Spor & Outdoor","spor-outdoor","active","Spor & Outdoor","","","","CANONICAL_FINAL","KEEP","HIGH","NO","","NO","1",""
"fitness-antrenman","2","spor-outdoor","Spor & Outdoor > Fitness & Antrenman","Fitness & Antrenman","fitness-antrenman","active","Spor & Outdoor","","","","PROVISIONAL_PROPOSAL","SPLIT","MEDIUM","YES","","NO","3","Provisional L2 candidates: Fitness & Kondisyon | Bireysel Sporlar & Jimnastik | Dövüş Sporları"
"agirlik-dambil","3","fitness-antrenman","Spor & Outdoor > Fitness & Antrenman > Ağırlık & Dambıl","Ağırlık & Dambıl","agirlik-dambil","active","Spor & Outdoor","","","","PROVISIONAL_PROPOSAL","UNRESOLVED","LOW","YES","","NO","0","Provisional L2 candidates: Fitness & Kondisyon | Bireysel Sporlar & Jimnastik | Dövüş Sporları"
"yoga-pilates-ekipmani","3","fitness-antrenman","Spor & Outdoor > Fitness & Antrenman > Yoga & Pilates Ekipmanı","Yoga & Pilates Ekipmanı","yoga-pilates-ekipmani","active","Spor & Outdoor","Bireysel Sporlar & Jimnastik","","","PROVISIONAL_PROPOSAL","UNRESOLVED","MEDIUM","YES","","NO","0","Provisional target container inferred; exact L3/L4 successor awaits owner-final lower-level design."
"kondisyon-aleti","3","fitness-antrenman","Spor & Outdoor > Fitness & Antrenman > Kondisyon Aleti","Kondisyon Aleti","kondisyon-aleti","active","Spor & Outdoor","Fitness & Kondisyon","","","PROVISIONAL_PROPOSAL","UNRESOLVED","MEDIUM","YES","","NO","0","Provisional target container inferred; exact L3/L4 successor awaits owner-final lower-level design."
"direnc-bandi-atlama-ipi","3","fitness-antrenman","Spor & Outdoor > Fitness & Antrenman > Direnç Bandı & Atlama İpi","Direnç Bandı & Atlama İpi","direnc-bandi-atlama-ipi","active","Spor & Outdoor","","","","PROVISIONAL_PROPOSAL","UNRESOLVED","LOW","YES","","NO","0","Provisional L2 candidates: Fitness & Kondisyon | Bireysel Sporlar & Jimnastik | Dövüş Sporları"
"spor-koruyucu-destek","3","fitness-antrenman","Spor & Outdoor > Fitness & Antrenman > Spor Koruyucu & Destek","Spor Koruyucu & Destek","spor-koruyucu-destek","active","Spor & Outdoor","","","","PROVISIONAL_PROPOSAL","UNRESOLVED","LOW","YES","claim_sensitive","NO","0","Provisional L2 candidates: Fitness & Kondisyon | Bireysel Sporlar & Jimnastik | Dövüş Sporları Policy/risk gate remains independent of taxonomy placement."
"takim-raket-sporlari","2","spor-outdoor","Spor & Outdoor > Takım & Raket Sporları","Takım & Raket Sporları","takim-raket-sporlari","active","Spor & Outdoor","","","","PROVISIONAL_PROPOSAL","SPLIT","MEDIUM","YES","","NO","2","Provisional L2 candidates: Takım Sporları | Raket Sporları"
"futbol-ekipmani","3","takim-raket-sporlari","Spor & Outdoor > Takım & Raket Sporları > Futbol Ekipmanı","Futbol Ekipmanı","futbol-ekipmani","active","Spor & Outdoor","Takım Sporları","","","PROVISIONAL_PROPOSAL","UNRESOLVED","MEDIUM","YES","","NO","0","Provisional target container inferred; exact L3/L4 successor awaits owner-final lower-level design."
"basketbol-voleybol-ekipmani","3","takim-raket-sporlari","Spor & Outdoor > Takım & Raket Sporları > Basketbol & Voleybol Ekipmanı","Basketbol & Voleybol Ekipmanı","basketbol-voleybol-ekipmani","active","Spor & Outdoor","Takım Sporları","","","PROVISIONAL_PROPOSAL","UNRESOLVED","MEDIUM","YES","","NO","0","Provisional target container inferred; exact L3/L4 successor awaits owner-final lower-level design."
"tenis-badminton-ekipmani","3","takim-raket-sporlari","Spor & Outdoor > Takım & Raket Sporları > Tenis & Badminton Ekipmanı","Tenis & Badminton Ekipmanı","tenis-badminton-ekipmani","active","Spor & Outdoor","Raket Sporları","","","PROVISIONAL_PROPOSAL","UNRESOLVED","MEDIUM","YES","","NO","0","Provisional target container inferred; exact L3/L4 successor awaits owner-final lower-level design."
"masa-tenisi-ekipmani","3","takim-raket-sporlari","Spor & Outdoor > Takım & Raket Sporları > Masa Tenisi Ekipmanı","Masa Tenisi Ekipmanı","masa-tenisi-ekipmani","active","Spor & Outdoor","Raket Sporları","","","PROVISIONAL_PROPOSAL","UNRESOLVED","MEDIUM","YES","","NO","0","Provisional target container inferred; exact L3/L4 successor awaits owner-final lower-level design."
"kaleci-takim-koruma-ekipmani","3","takim-raket-sporlari","Spor & Outdoor > Takım & Raket Sporları > Kaleci & Takım Koruma Ekipmanı","Kaleci & Takım Koruma Ekipmanı","kaleci-takim-koruma-ekipmani","active","Spor & Outdoor","Takım Sporları","","","PROVISIONAL_PROPOSAL","UNRESOLVED","MEDIUM","YES","safety_critical","NO","0","Provisional target container inferred; exact L3/L4 successor awaits owner-final lower-level design. Policy/risk gate remains independent of taxonomy placement."
"bisiklet-paten-kaykay","2","spor-outdoor","Spor & Outdoor > Bisiklet, Paten & Kaykay","Bisiklet, Paten & Kaykay","bisiklet-paten-kaykay","active","Spor & Outdoor","","","","PROVISIONAL_PROPOSAL","SPLIT","MEDIUM","YES","","NO","2","Provisional L2 candidates: Bisiklet | Bireysel Sporlar & Jimnastik"
"bisiklet","3","bisiklet-paten-kaykay","Spor & Outdoor > Bisiklet, Paten & Kaykay > Bisiklet","Bisiklet","bisiklet","active","Spor & Outdoor","Bisiklet","","","PROVISIONAL_PROPOSAL","UNRESOLVED","MEDIUM","YES","","NO","0","Provisional target container inferred; exact L3/L4 successor awaits owner-final lower-level design."
"bisiklet-parcasi-aksesuari","3","bisiklet-paten-kaykay","Spor & Outdoor > Bisiklet, Paten & Kaykay > Bisiklet Parçası & Aksesuarı","Bisiklet Parçası & Aksesuarı","bisiklet-parcasi-aksesuari","active","Spor & Outdoor","Bisiklet","","","PROVISIONAL_PROPOSAL","UNRESOLVED","MEDIUM","YES","compatibility_critical","NO","0","Provisional target container inferred; exact L3/L4 successor awaits owner-final lower-level design. Policy/risk gate remains independent of taxonomy placement."
"bisiklet-kaski-korumasi","3","bisiklet-paten-kaykay","Spor & Outdoor > Bisiklet, Paten & Kaykay > Bisiklet Kaskı & Koruması","Bisiklet Kaskı & Koruması","bisiklet-kaski-korumasi","active","Spor & Outdoor","Bisiklet","","","PROVISIONAL_PROPOSAL","UNRESOLVED","MEDIUM","YES","safety_critical","NO","0","Provisional target container inferred; exact L3/L4 successor awaits owner-final lower-level design. Policy/risk gate remains independent of taxonomy placement."
"paten","3","bisiklet-paten-kaykay","Spor & Outdoor > Bisiklet, Paten & Kaykay > Paten","Paten","paten","active","Spor & Outdoor","Bireysel Sporlar & Jimnastik","","","PROVISIONAL_PROPOSAL","UNRESOLVED","MEDIUM","YES","","NO","0","Provisional target container inferred; exact L3/L4 successor awaits owner-final lower-level design."
"kaykay-scooter","3","bisiklet-paten-kaykay","Spor & Outdoor > Bisiklet, Paten & Kaykay > Kaykay & Scooter","Kaykay & Scooter","kaykay-scooter","active","Spor & Outdoor","Bireysel Sporlar & Jimnastik","","","PROVISIONAL_PROPOSAL","UNRESOLVED","MEDIUM","YES","safety_critical","NO","0","Provisional target container inferred; exact L3/L4 successor awaits owner-final lower-level design. Policy/risk gate remains independent of taxonomy placement."
"kamp-yuruyus-outdoor","2","spor-outdoor","Spor & Outdoor > Kamp, Yürüyüş & Outdoor","Kamp, Yürüyüş & Outdoor","kamp-yuruyus-outdoor","active","Spor & Outdoor","Outdoor, Kamp & Trekking","","","PROVISIONAL_PROPOSAL","RENAME","MEDIUM","YES","","NO","1","Target is an unapproved L2 proposal; action becomes executable only after owner finalization."
"cadir","3","kamp-yuruyus-outdoor","Spor & Outdoor > Kamp, Yürüyüş & Outdoor > Çadır","Çadır","cadir","active","Spor & Outdoor","Outdoor, Kamp & Trekking","","","PROVISIONAL_PROPOSAL","UNRESOLVED","MEDIUM","YES","","NO","0","Provisional target container inferred; exact L3/L4 successor awaits owner-final lower-level design."
"uyku-tulumu-kamp-mati","3","kamp-yuruyus-outdoor","Spor & Outdoor > Kamp, Yürüyüş & Outdoor > Uyku Tulumu & Kamp Matı","Uyku Tulumu & Kamp Matı","uyku-tulumu-kamp-mati","active","Spor & Outdoor","Outdoor, Kamp & Trekking","","","PROVISIONAL_PROPOSAL","UNRESOLVED","MEDIUM","YES","","NO","0","Provisional target container inferred; exact L3/L4 successor awaits owner-final lower-level design."
"kamp-mobilyasi","3","kamp-yuruyus-outdoor","Spor & Outdoor > Kamp, Yürüyüş & Outdoor > Kamp Mobilyası","Kamp Mobilyası","kamp-mobilyasi","active","Spor & Outdoor","Outdoor, Kamp & Trekking","","","PROVISIONAL_PROPOSAL","UNRESOLVED","MEDIUM","YES","","NO","0","Provisional target container inferred; exact L3/L4 successor awaits owner-final lower-level design."
"kamp-ocagi-pisirme-ekipmani","3","kamp-yuruyus-outdoor","Spor & Outdoor > Kamp, Yürüyüş & Outdoor > Kamp Ocağı & Pişirme Ekipmanı","Kamp Ocağı & Pişirme Ekipmanı","kamp-ocagi-pisirme-ekipmani","active","Spor & Outdoor","Outdoor, Kamp & Trekking","","","PROVISIONAL_PROPOSAL","UNRESOLVED","MEDIUM","YES","hazmat_review|safety_critical","NO","0","Provisional target container inferred; exact L3/L4 successor awaits owner-final lower-level design. Policy/risk gate remains independent of taxonomy placement."
"fener-outdoor-aydinlatma","3","kamp-yuruyus-outdoor","Spor & Outdoor > Kamp, Yürüyüş & Outdoor > Fener & Outdoor Aydınlatma","Fener & Outdoor Aydınlatma","fener-outdoor-aydinlatma","active","Spor & Outdoor","Outdoor, Kamp & Trekking","","","PROVISIONAL_PROPOSAL","UNRESOLVED","MEDIUM","YES","","NO","0","Provisional target container inferred; exact L3/L4 successor awaits owner-final lower-level design."
"trekking-bastonu-outdoor-aksesuari","3","kamp-yuruyus-outdoor","Spor & Outdoor > Kamp, Yürüyüş & Outdoor > Trekking Bastonu & Outdoor Aksesuarı","Trekking Bastonu & Outdoor Aksesuarı","trekking-bastonu-outdoor-aksesuari","active","Spor & Outdoor","Outdoor, Kamp & Trekking","","","PROVISIONAL_PROPOSAL","UNRESOLVED","MEDIUM","YES","","NO","0","Provisional target container inferred; exact L3/L4 successor awaits owner-final lower-level design."
"spor-matarasi","3","kamp-yuruyus-outdoor","Spor & Outdoor > Kamp, Yürüyüş & Outdoor > Spor Matarası","Spor Matarası","spor-matarasi","active","Spor & Outdoor","Outdoor, Kamp & Trekking","","","PROVISIONAL_PROPOSAL","UNRESOLVED","MEDIUM","YES","","NO","0","Provisional target container inferred; exact L3/L4 successor awaits owner-final lower-level design."
"balikcilik-su-kis-sporlari","2","spor-outdoor","Spor & Outdoor > Balıkçılık, Su & Kış Sporları","Balıkçılık, Su & Kış Sporları","balikcilik-su-kis-sporlari","active","Spor & Outdoor","","","","PROVISIONAL_PROPOSAL","SPLIT","MEDIUM","YES","","NO","3","Provisional L2 candidates: Balıkçılık & Avcılık | Su Sporları | Kış Sporları"
"olta-balikcilik-takimi","3","balikcilik-su-kis-sporlari","Spor & Outdoor > Balıkçılık, Su & Kış Sporları > Olta & Balıkçılık Takımı","Olta & Balıkçılık Takımı","olta-balikcilik-takimi","active","Spor & Outdoor","Balıkçılık & Avcılık","","","PROVISIONAL_PROPOSAL","UNRESOLVED","MEDIUM","YES","","NO","0","Provisional target container inferred; exact L3/L4 successor awaits owner-final lower-level design."
"yuzme-ekipmani","3","balikcilik-su-kis-sporlari","Spor & Outdoor > Balıkçılık, Su & Kış Sporları > Yüzme Ekipmanı","Yüzme Ekipmanı","yuzme-ekipmani","active","Spor & Outdoor","Su Sporları","","","PROVISIONAL_PROPOSAL","UNRESOLVED","MEDIUM","YES","","NO","0","Provisional target container inferred; exact L3/L4 successor awaits owner-final lower-level design."
"snorkel-dalis-ekipmani","3","balikcilik-su-kis-sporlari","Spor & Outdoor > Balıkçılık, Su & Kış Sporları > Şnorkel & Dalış Ekipmanı","Şnorkel & Dalış Ekipmanı","snorkel-dalis-ekipmani","active","Spor & Outdoor","Su Sporları","","","PROVISIONAL_PROPOSAL","UNRESOLVED","MEDIUM","YES","safety_critical","NO","0","Provisional target container inferred; exact L3/L4 successor awaits owner-final lower-level design. Policy/risk gate remains independent of taxonomy placement."
"sisme-deniz-urunu","3","balikcilik-su-kis-sporlari","Spor & Outdoor > Balıkçılık, Su & Kış Sporları > Şişme Deniz Ürünü","Şişme Deniz Ürünü","sisme-deniz-urunu","active","Spor & Outdoor","","","","PROVISIONAL_PROPOSAL","UNRESOLVED","LOW","YES","safety_critical","NO","0","Provisional L2 candidates: Balıkçılık & Avcılık | Su Sporları | Kış Sporları Policy/risk gate remains independent of taxonomy placement."
"kayak-snowboard-ekipmani","3","balikcilik-su-kis-sporlari","Spor & Outdoor > Balıkçılık, Su & Kış Sporları > Kayak & Snowboard Ekipmanı","Kayak & Snowboard Ekipmanı","kayak-snowboard-ekipmani","active","Spor & Outdoor","Kış Sporları","","","PROVISIONAL_PROPOSAL","UNRESOLVED","MEDIUM","YES","safety_critical","NO","0","Provisional target container inferred; exact L3/L4 successor awaits owner-final lower-level design. Policy/risk gate remains independent of taxonomy placement."
"kitap","1","","Kitap","Kitap","kitap","active","Kitap","","","","CANONICAL_FINAL","KEEP","HIGH","NO","","NO","1",""
"kitaplar","2","kitap","Kitap > Kitaplar","Kitaplar","kitaplar","active","Kitap","","","","PROVISIONAL_PROPOSAL","SPLIT","MEDIUM","YES","","NO","10","Provisional L2 candidates: Edebiyat & Kurgu | Çocuk & Gençlik Kitapları | Eğitim & Ders Kitapları | Sınav Hazırlık Kitapları | Akademik & Mesleki Kitaplar | Araştırma, İnceleme & Düşünce | Kişisel Gelişim & Yaşam | Sanat, Kültür & Hobi Kitapları | Çizgi Roman & Manga | Dil Öğrenimi & Sözlükler"
"roman-oyku","3","kitaplar","Kitap > Kitaplar > Roman & Öykü","Roman & Öykü","roman-oyku","active","Kitap","Edebiyat & Kurgu","","","PROVISIONAL_PROPOSAL","UNRESOLVED","MEDIUM","YES","","NO","0","Provisional target container inferred; exact L3/L4 successor awaits owner-final lower-level design."
"siir-edebiyat-inceleme","3","kitaplar","Kitap > Kitaplar > Şiir & Edebiyat İnceleme","Şiir & Edebiyat İnceleme","siir-edebiyat-inceleme","active","Kitap","Edebiyat & Kurgu","","","PROVISIONAL_PROPOSAL","UNRESOLVED","MEDIUM","YES","","NO","0","Provisional target container inferred; exact L3/L4 successor awaits owner-final lower-level design."
"cocuk-kitabi","3","kitaplar","Kitap > Kitaplar > Çocuk Kitabı","Çocuk Kitabı","cocuk-kitabi","active","Kitap","Çocuk & Gençlik Kitapları","","","PROVISIONAL_PROPOSAL","UNRESOLVED","MEDIUM","YES","","NO","0","Provisional target container inferred; exact L3/L4 successor awaits owner-final lower-level design."
"genclik-kitabi","3","kitaplar","Kitap > Kitaplar > Gençlik Kitabı","Gençlik Kitabı","genclik-kitabi","active","Kitap","","","","PROVISIONAL_PROPOSAL","UNRESOLVED","LOW","YES","","NO","0","Provisional L2 candidates: Edebiyat & Kurgu | Çocuk & Gençlik Kitapları | Eğitim & Ders Kitapları | Sınav Hazırlık Kitapları | Akademik & Mesleki Kitaplar | Araştırma, İnceleme & Düşünce | Kişisel Gelişim & Yaşam | Sanat, Kültür & Hobi Kitapları | Çizgi Roman & Manga | Dil Öğrenimi & Sözlükler"
"egitim-sinav-kitabi","3","kitaplar","Kitap > Kitaplar > Eğitim & Sınav Kitabı","Eğitim & Sınav Kitabı","egitim-sinav-kitabi","active","Kitap","Eğitim & Ders Kitapları","","","PROVISIONAL_PROPOSAL","UNRESOLVED","MEDIUM","YES","","NO","0","Provisional target container inferred; exact L3/L4 successor awaits owner-final lower-level design."
"akademik-mesleki-kitap","3","kitaplar","Kitap > Kitaplar > Akademik & Mesleki Kitap","Akademik & Mesleki Kitap","akademik-mesleki-kitap","active","Kitap","Akademik & Mesleki Kitaplar","","","PROVISIONAL_PROPOSAL","UNRESOLVED","MEDIUM","YES","","NO","0","Provisional target container inferred; exact L3/L4 successor awaits owner-final lower-level design."
"arastirma-tarih-toplum-kitabi","3","kitaplar","Kitap > Kitaplar > Araştırma, Tarih & Toplum","Araştırma, Tarih & Toplum","arastirma-tarih-toplum-kitabi","active","Kitap","Araştırma, İnceleme & Düşünce","","","PROVISIONAL_PROPOSAL","UNRESOLVED","MEDIUM","YES","","NO","0","Provisional target container inferred; exact L3/L4 successor awaits owner-final lower-level design."
"bilim-teknoloji-doga-kitabi","3","kitaplar","Kitap > Kitaplar > Bilim, Teknoloji & Doğa","Bilim, Teknoloji & Doğa","bilim-teknoloji-doga-kitabi","active","Kitap","","","","PROVISIONAL_PROPOSAL","UNRESOLVED","LOW","YES","","NO","0","Provisional L2 candidates: Edebiyat & Kurgu | Çocuk & Gençlik Kitapları | Eğitim & Ders Kitapları | Sınav Hazırlık Kitapları | Akademik & Mesleki Kitaplar | Araştırma, İnceleme & Düşünce | Kişisel Gelişim & Yaşam | Sanat, Kültür & Hobi Kitapları | Çizgi Roman & Manga | Dil Öğrenimi & Sözlükler"
"kisisel-gelisim-is-dunyasi-kitabi","3","kitaplar","Kitap > Kitaplar > Kişisel Gelişim & İş Dünyası","Kişisel Gelişim & İş Dünyası","kisisel-gelisim-is-dunyasi-kitabi","active","Kitap","Kişisel Gelişim & Yaşam","","","PROVISIONAL_PROPOSAL","UNRESOLVED","MEDIUM","YES","","NO","0","Provisional target container inferred; exact L3/L4 successor awaits owner-final lower-level design."
"din-felsefe-dusunce-kitabi","3","kitaplar","Kitap > Kitaplar > Din, Felsefe & Düşünce","Din, Felsefe & Düşünce","din-felsefe-dusunce-kitabi","active","Kitap","Araştırma, İnceleme & Düşünce","","","PROVISIONAL_PROPOSAL","UNRESOLVED","MEDIUM","YES","","NO","0","Provisional target container inferred; exact L3/L4 successor awaits owner-final lower-level design."
"sanat-hobi-yasam-kitabi","3","kitaplar","Kitap > Kitaplar > Sanat, Hobi & Yaşam Kitabı","Sanat, Hobi & Yaşam Kitabı","sanat-hobi-yasam-kitabi","active","Kitap","Sanat, Kültür & Hobi Kitapları","","","PROVISIONAL_PROPOSAL","UNRESOLVED","MEDIUM","YES","","NO","0","Provisional target container inferred; exact L3/L4 successor awaits owner-final lower-level design."
"cizgi-roman-manga","3","kitaplar","Kitap > Kitaplar > Çizgi Roman & Manga","Çizgi Roman & Manga","cizgi-roman-manga","active","Kitap","Çizgi Roman & Manga","","","PROVISIONAL_PROPOSAL","UNRESOLVED","MEDIUM","YES","","NO","0","Provisional target container inferred; exact L3/L4 successor awaits owner-final lower-level design."
"sozluk-atlas-basvuru-kitabi","3","kitaplar","Kitap > Kitaplar > Sözlük, Atlas & Başvuru","Sözlük, Atlas & Başvuru","sozluk-atlas-basvuru-kitabi","active","Kitap","Dil Öğrenimi & Sözlükler","","","PROVISIONAL_PROPOSAL","UNRESOLVED","MEDIUM","YES","","NO","0","Provisional target container inferred; exact L3/L4 successor awaits owner-final lower-level design."
"kirtasiye-ofis","1","","Kırtasiye & Ofis","Kırtasiye & Ofis","kirtasiye-ofis","active","Kırtasiye & Ofis","","","","CANONICAL_FINAL","KEEP","HIGH","NO","","NO","1",""
"yazim-okul-gerecleri","2","kirtasiye-ofis","Kırtasiye & Ofis > Yazım & Okul Gereçleri","Yazım & Okul Gereçleri","yazim-okul-gerecleri","active","Kırtasiye & Ofis","","","","PROVISIONAL_PROPOSAL","SPLIT","MEDIUM","YES","","NO","3","Provisional L2 candidates: Kalem & Yazım Gereçleri | Yapıştırıcı, Bant & Kesim Gereçleri | Okul Kırtasiyesi & Eğitim Gereçleri"
"kursun-kalem-uc","3","yazim-okul-gerecleri","Kırtasiye & Ofis > Yazım & Okul Gereçleri > Kurşun Kalem & Uç","Kurşun Kalem & Uç","kursun-kalem-uc","active","Kırtasiye & Ofis","Kalem & Yazım Gereçleri","","","PROVISIONAL_PROPOSAL","UNRESOLVED","MEDIUM","YES","","NO","0","Provisional target container inferred; exact L3/L4 successor awaits owner-final lower-level design."
"tukenmez-jel-roller-kalem","3","yazim-okul-gerecleri","Kırtasiye & Ofis > Yazım & Okul Gereçleri > Tükenmez, Jel & Roller Kalem","Tükenmez, Jel & Roller Kalem","tukenmez-jel-roller-kalem","active","Kırtasiye & Ofis","Kalem & Yazım Gereçleri","","","PROVISIONAL_PROPOSAL","UNRESOLVED","MEDIUM","YES","","NO","0","Provisional target container inferred; exact L3/L4 successor awaits owner-final lower-level design."
"dolma-kalem-murekkep","3","yazim-okul-gerecleri","Kırtasiye & Ofis > Yazım & Okul Gereçleri > Dolma Kalem & Mürekkep","Dolma Kalem & Mürekkep","dolma-kalem-murekkep","active","Kırtasiye & Ofis","Kalem & Yazım Gereçleri","","","PROVISIONAL_PROPOSAL","UNRESOLVED","MEDIUM","YES","","NO","0","Provisional target container inferred; exact L3/L4 successor awaits owner-final lower-level design."
"keceli-fosforlu-tahta-kalemi","3","yazim-okul-gerecleri","Kırtasiye & Ofis > Yazım & Okul Gereçleri > Keçeli, Fosforlu & Tahta Kalemi","Keçeli, Fosforlu & Tahta Kalemi","keceli-fosforlu-tahta-kalemi","active","Kırtasiye & Ofis","Kalem & Yazım Gereçleri","","","PROVISIONAL_PROPOSAL","UNRESOLVED","MEDIUM","YES","","NO","0","Provisional target container inferred; exact L3/L4 successor awaits owner-final lower-level design."
"silgi-kalemtiras-cetvel","3","yazim-okul-gerecleri","Kırtasiye & Ofis > Yazım & Okul Gereçleri > Silgi, Kalemtıraş & Cetvel","Silgi, Kalemtıraş & Cetvel","silgi-kalemtiras-cetvel","active","Kırtasiye & Ofis","Kalem & Yazım Gereçleri","","","PROVISIONAL_PROPOSAL","UNRESOLVED","MEDIUM","YES","","NO","0","Provisional target container inferred; exact L3/L4 successor awaits owner-final lower-level design."
"kalemlik","3","yazim-okul-gerecleri","Kırtasiye & Ofis > Yazım & Okul Gereçleri > Kalemlik","Kalemlik","kalemlik","active","Kırtasiye & Ofis","Kalem & Yazım Gereçleri","","","PROVISIONAL_PROPOSAL","UNRESOLVED","MEDIUM","YES","","NO","0","Provisional target container inferred; exact L3/L4 successor awaits owner-final lower-level design."
"okul-geometri-matematik-seti","3","yazim-okul-gerecleri","Kırtasiye & Ofis > Yazım & Okul Gereçleri > Okul Geometri & Matematik Seti","Okul Geometri & Matematik Seti","okul-geometri-matematik-seti","active","Kırtasiye & Ofis","Okul Kırtasiyesi & Eğitim Gereçleri","","","PROVISIONAL_PROPOSAL","UNRESOLVED","MEDIUM","YES","","NO","0","Provisional target container inferred; exact L3/L4 successor awaits owner-final lower-level design."
"defter-kagit-sunum","2","kirtasiye-ofis","Kırtasiye & Ofis > Defter, Kağıt & Sunum","Defter, Kağıt & Sunum","defter-kagit-sunum","active","Kırtasiye & Ofis","","","","PROVISIONAL_PROPOSAL","SPLIT","MEDIUM","YES","","NO","3","Provisional L2 candidates: Defter, Ajanda & Planlayıcılar | Kağıt, Etiket & Baskı Sarfı | Sunum, Pano & Yazı Tahtası Ürünleri"
"defter","3","defter-kagit-sunum","Kırtasiye & Ofis > Defter, Kağıt & Sunum > Defter","Defter","defter","active","Kırtasiye & Ofis","Defter, Ajanda & Planlayıcılar","","","PROVISIONAL_PROPOSAL","UNRESOLVED","MEDIUM","YES","","NO","0","Provisional target container inferred; exact L3/L4 successor awaits owner-final lower-level design."
"ajanda-planlayici","3","defter-kagit-sunum","Kırtasiye & Ofis > Defter, Kağıt & Sunum > Ajanda & Planlayıcı","Ajanda & Planlayıcı","ajanda-planlayici","active","Kırtasiye & Ofis","Defter, Ajanda & Planlayıcılar","","","PROVISIONAL_PROPOSAL","UNRESOLVED","MEDIUM","YES","","NO","0","Provisional target container inferred; exact L3/L4 successor awaits owner-final lower-level design."
"not-kagidi-yapiskanli-not","3","defter-kagit-sunum","Kırtasiye & Ofis > Defter, Kağıt & Sunum > Not Kağıdı & Yapışkanlı Not","Not Kağıdı & Yapışkanlı Not","not-kagidi-yapiskanli-not","active","Kırtasiye & Ofis","","","","PROVISIONAL_PROPOSAL","UNRESOLVED","LOW","YES","","NO","0","Provisional L2 candidates: Defter, Ajanda & Planlayıcılar | Kağıt, Etiket & Baskı Sarfı | Sunum, Pano & Yazı Tahtası Ürünleri"
"fotokopi-yazici-kagidi","3","defter-kagit-sunum","Kırtasiye & Ofis > Defter, Kağıt & Sunum > Fotokopi & Yazıcı Kağıdı","Fotokopi & Yazıcı Kağıdı","fotokopi-yazici-kagidi","active","Kırtasiye & Ofis","Kağıt, Etiket & Baskı Sarfı","","","PROVISIONAL_PROPOSAL","UNRESOLVED","MEDIUM","YES","","NO","0","Provisional target container inferred; exact L3/L4 successor awaits owner-final lower-level design."
"resim-fon-kartonu","3","defter-kagit-sunum","Kırtasiye & Ofis > Defter, Kağıt & Sunum > Resim & Fon Kartonu","Resim & Fon Kartonu","resim-fon-kartonu","active","Kırtasiye & Ofis","","","","PROVISIONAL_PROPOSAL","UNRESOLVED","LOW","YES","","NO","0","Provisional L2 candidates: Defter, Ajanda & Planlayıcılar | Kağıt, Etiket & Baskı Sarfı | Sunum, Pano & Yazı Tahtası Ürünleri"
"etiket-sticker","3","defter-kagit-sunum","Kırtasiye & Ofis > Defter, Kağıt & Sunum > Etiket & Sticker","Etiket & Sticker","etiket-sticker","active","Kırtasiye & Ofis","Kağıt, Etiket & Baskı Sarfı","","","PROVISIONAL_PROPOSAL","UNRESOLVED","MEDIUM","YES","","NO","0","Provisional target container inferred; exact L3/L4 successor awaits owner-final lower-level design."
"yazi-tahtasi-pano","3","defter-kagit-sunum","Kırtasiye & Ofis > Defter, Kağıt & Sunum > Yazı Tahtası & Pano","Yazı Tahtası & Pano","yazi-tahtasi-pano","active","Kırtasiye & Ofis","Sunum, Pano & Yazı Tahtası Ürünleri","","","PROVISIONAL_PROPOSAL","UNRESOLVED","MEDIUM","YES","","NO","0","Provisional target container inferred; exact L3/L4 successor awaits owner-final lower-level design."
"ofis-dosyalama-masaustu","2","kirtasiye-ofis","Kırtasiye & Ofis > Ofis, Dosyalama & Masaüstü","Ofis, Dosyalama & Masaüstü","ofis-dosyalama-masaustu","active","Kırtasiye & Ofis","","","","PROVISIONAL_PROPOSAL","SPLIT","MEDIUM","YES","","NO","3","Provisional L2 candidates: Dosyalama & Arşivleme | Masaüstü Ofis Gereçleri | Ofis Makineleri & Ciltleme Ekipmanları"
"klasor-dosya","3","ofis-dosyalama-masaustu","Kırtasiye & Ofis > Ofis, Dosyalama & Masaüstü > Klasör & Dosya","Klasör & Dosya","klasor-dosya","active","Kırtasiye & Ofis","Dosyalama & Arşivleme","","","PROVISIONAL_PROPOSAL","UNRESOLVED","MEDIUM","YES","","NO","0","Provisional target container inferred; exact L3/L4 successor awaits owner-final lower-level design."
"zimba-delgec-atas","3","ofis-dosyalama-masaustu","Kırtasiye & Ofis > Ofis, Dosyalama & Masaüstü > Zımba, Delgeç & Ataş","Zımba, Delgeç & Ataş","zimba-delgec-atas","active","Kırtasiye & Ofis","Masaüstü Ofis Gereçleri","","","PROVISIONAL_PROPOSAL","UNRESOLVED","MEDIUM","YES","","NO","0","Provisional target container inferred; exact L3/L4 successor awaits owner-final lower-level design."
"makas-maket-bicagi","3","ofis-dosyalama-masaustu","Kırtasiye & Ofis > Ofis, Dosyalama & Masaüstü > Makas & Maket Bıçağı","Makas & Maket Bıçağı","makas-maket-bicagi","active","Kırtasiye & Ofis","Ofis Makineleri & Ciltleme Ekipmanları","","","PROVISIONAL_PROPOSAL","UNRESOLVED","MEDIUM","YES","safety_critical","NO","0","Provisional target container inferred; exact L3/L4 successor awaits owner-final lower-level design. Policy/risk gate remains independent of taxonomy placement."
"masaustu-duzenleyici","3","ofis-dosyalama-masaustu","Kırtasiye & Ofis > Ofis, Dosyalama & Masaüstü > Masaüstü Düzenleyici","Masaüstü Düzenleyici","masaustu-duzenleyici","active","Kırtasiye & Ofis","Masaüstü Ofis Gereçleri","","","PROVISIONAL_PROPOSAL","UNRESOLVED","MEDIUM","YES","","NO","0","Provisional target container inferred; exact L3/L4 successor awaits owner-final lower-level design."
"hesap-makinesi","3","ofis-dosyalama-masaustu","Kırtasiye & Ofis > Ofis, Dosyalama & Masaüstü > Hesap Makinesi","Hesap Makinesi","hesap-makinesi","active","Kırtasiye & Ofis","Ofis Makineleri & Ciltleme Ekipmanları","","","PROVISIONAL_PROPOSAL","UNRESOLVED","MEDIUM","YES","","NO","0","Provisional target container inferred; exact L3/L4 successor awaits owner-final lower-level design."
"kase-istampa-numarator","3","ofis-dosyalama-masaustu","Kırtasiye & Ofis > Ofis, Dosyalama & Masaüstü > Kaşe, Istampa & Numaratör","Kaşe, Istampa & Numaratör","kase-istampa-numarator","active","Kırtasiye & Ofis","","","","PROVISIONAL_PROPOSAL","UNRESOLVED","LOW","YES","","NO","0","Provisional L2 candidates: Dosyalama & Arşivleme | Masaüstü Ofis Gereçleri | Ofis Makineleri & Ciltleme Ekipmanları"
"sanat-el-isi-paketleme","2","kirtasiye-ofis","Kırtasiye & Ofis > Sanat, El İşi & Paketleme","Sanat, El İşi & Paketleme","sanat-el-isi-paketleme","active","Kırtasiye & Ofis","","","","PROVISIONAL_PROPOSAL","SPLIT","MEDIUM","YES","","NO","2","Provisional L2 candidates: Sanat & Çizim Malzemeleri | Paketleme & Postalama Ürünleri"
"boya-cizim-malzemesi","3","sanat-el-isi-paketleme","Kırtasiye & Ofis > Sanat, El İşi & Paketleme > Boya & Çizim Malzemesi","Boya & Çizim Malzemesi","boya-cizim-malzemesi","active","Kırtasiye & Ofis","Sanat & Çizim Malzemeleri","","","PROVISIONAL_PROPOSAL","UNRESOLVED","MEDIUM","YES","","NO","0","Provisional target container inferred; exact L3/L4 successor awaits owner-final lower-level design."
"tuval-cizim-yuzeyi","3","sanat-el-isi-paketleme","Kırtasiye & Ofis > Sanat, El İşi & Paketleme > Tuval & Çizim Yüzeyi","Tuval & Çizim Yüzeyi","tuval-cizim-yuzeyi","active","Kırtasiye & Ofis","Sanat & Çizim Malzemeleri","","","PROVISIONAL_PROPOSAL","UNRESOLVED","MEDIUM","YES","","NO","0","Provisional target container inferred; exact L3/L4 successor awaits owner-final lower-level design."
"firca-sanat-araci","3","sanat-el-isi-paketleme","Kırtasiye & Ofis > Sanat, El İşi & Paketleme > Fırça & Sanat Aracı","Fırça & Sanat Aracı","firca-sanat-araci","active","Kırtasiye & Ofis","Sanat & Çizim Malzemeleri","","","PROVISIONAL_PROPOSAL","UNRESOLVED","MEDIUM","YES","","NO","0","Provisional target container inferred; exact L3/L4 successor awaits owner-final lower-level design."
"hobi-kagidi-el-isi-malzemesi","3","sanat-el-isi-paketleme","Kırtasiye & Ofis > Sanat, El İşi & Paketleme > Hobi Kağıdı & El İşi Malzemesi","Hobi Kağıdı & El İşi Malzemesi","hobi-kagidi-el-isi-malzemesi","active","Kırtasiye & Ofis","","","","PROVISIONAL_PROPOSAL","UNRESOLVED","LOW","YES","","NO","0","Provisional L2 candidates: Sanat & Çizim Malzemeleri | Paketleme & Postalama Ürünleri"
"kirtasiye-yapistirici-hobi-bandi","3","sanat-el-isi-paketleme","Kırtasiye & Ofis > Sanat, El İşi & Paketleme > Yapıştırıcı & Hobi Bandı","Yapıştırıcı & Hobi Bandı","kirtasiye-yapistirici-hobi-bandi","active","Kırtasiye & Ofis","","","","PROVISIONAL_PROPOSAL","UNRESOLVED","LOW","YES","hazmat_review","NO","0","Provisional L2 candidates: Sanat & Çizim Malzemeleri | Paketleme & Postalama Ürünleri Policy/risk gate remains independent of taxonomy placement."
"kargo-poseti-zarf-kutu","3","sanat-el-isi-paketleme","Kırtasiye & Ofis > Sanat, El İşi & Paketleme > Kargo Poşeti, Zarf & Kutu","Kargo Poşeti, Zarf & Kutu","kargo-poseti-zarf-kutu","active","Kırtasiye & Ofis","Paketleme & Postalama Ürünleri","","","PROVISIONAL_PROPOSAL","UNRESOLVED","MEDIUM","YES","","NO","0","Provisional target container inferred; exact L3/L4 successor awaits owner-final lower-level design."
"hediye-kagidi-paketleme","3","sanat-el-isi-paketleme","Kırtasiye & Ofis > Sanat, El İşi & Paketleme > Hediye Kağıdı & Paketleme","Hediye Kağıdı & Paketleme","hediye-kagidi-paketleme","active","Kırtasiye & Ofis","Paketleme & Postalama Ürünleri","","","PROVISIONAL_PROPOSAL","UNRESOLVED","MEDIUM","YES","","NO","0","Provisional target container inferred; exact L3/L4 successor awaits owner-final lower-level design."
"pet-shop","1","","Pet Shop","Pet Shop","pet-shop","active","Evcil Hayvan Ürünleri","","","","CANONICAL_FINAL","RENAME","HIGH","NO","","YES","1",""
"evcil-hayvan-mamalari","2","pet-shop","Pet Shop > Evcil Hayvan Mamaları","Evcil Hayvan Mamaları","evcil-hayvan-mamalari","active","Evcil Hayvan Ürünleri","","","","PROVISIONAL_PROPOSAL","SPLIT","MEDIUM","YES","","NO","6","Provisional L2 candidates: Kedi Ürünleri | Köpek Ürünleri | Akvaryum & Balık Ürünleri | Kuş Ürünleri | Küçük Hayvan Ürünleri | Sürüngen & Egzotik Pet Ürünleri"
"kopek-mamasi","3","evcil-hayvan-mamalari","Pet Shop > Evcil Hayvan Mamaları > Köpek Maması","Köpek Maması","kopek-mamasi","active","Evcil Hayvan Ürünleri","Köpek Ürünleri","","","PROVISIONAL_PROPOSAL","UNRESOLVED","MEDIUM","YES","","NO","0","Provisional target container inferred; exact L3/L4 successor awaits owner-final lower-level design."
"kuru-kopek-mamasi","4","kopek-mamasi","Pet Shop > Evcil Hayvan Mamaları > Köpek Maması > Kuru Köpek Maması","Kuru Köpek Maması","kuru-kopek-mamasi","active","Evcil Hayvan Ürünleri","Köpek Ürünleri","","","PROVISIONAL_PROPOSAL","UNRESOLVED","MEDIUM","YES","","NO","0","Provisional target container inferred; exact L3/L4 successor awaits owner-final lower-level design."
"yas-kopek-mamasi","4","kopek-mamasi","Pet Shop > Evcil Hayvan Mamaları > Köpek Maması > Yaş Köpek Maması","Yaş Köpek Maması","yas-kopek-mamasi","active","Evcil Hayvan Ürünleri","Köpek Ürünleri","","","PROVISIONAL_PROPOSAL","UNRESOLVED","MEDIUM","YES","","NO","0","Provisional target container inferred; exact L3/L4 successor awaits owner-final lower-level design."
"kopek-odulu","4","kopek-mamasi","Pet Shop > Evcil Hayvan Mamaları > Köpek Maması > Köpek Ödülü","Köpek Ödülü","kopek-odulu","active","Evcil Hayvan Ürünleri","Köpek Ürünleri","","","PROVISIONAL_PROPOSAL","UNRESOLVED","MEDIUM","YES","","NO","0","Provisional target container inferred; exact L3/L4 successor awaits owner-final lower-level design."
"kedi-mamasi","3","evcil-hayvan-mamalari","Pet Shop > Evcil Hayvan Mamaları > Kedi Maması","Kedi Maması","kedi-mamasi","active","Evcil Hayvan Ürünleri","Kedi Ürünleri","","","PROVISIONAL_PROPOSAL","UNRESOLVED","MEDIUM","YES","","NO","0","Provisional target container inferred; exact L3/L4 successor awaits owner-final lower-level design."
"kuru-kedi-mamasi","4","kedi-mamasi","Pet Shop > Evcil Hayvan Mamaları > Kedi Maması > Kuru Kedi Maması","Kuru Kedi Maması","kuru-kedi-mamasi","active","Evcil Hayvan Ürünleri","Kedi Ürünleri","","","PROVISIONAL_PROPOSAL","UNRESOLVED","MEDIUM","YES","","NO","0","Provisional target container inferred; exact L3/L4 successor awaits owner-final lower-level design."
"yas-kedi-mamasi","4","kedi-mamasi","Pet Shop > Evcil Hayvan Mamaları > Kedi Maması > Yaş Kedi Maması","Yaş Kedi Maması","yas-kedi-mamasi","active","Evcil Hayvan Ürünleri","Kedi Ürünleri","","","PROVISIONAL_PROPOSAL","UNRESOLVED","MEDIUM","YES","","NO","0","Provisional target container inferred; exact L3/L4 successor awaits owner-final lower-level design."
"kedi-odulu","4","kedi-mamasi","Pet Shop > Evcil Hayvan Mamaları > Kedi Maması > Kedi Ödülü","Kedi Ödülü","kedi-odulu","active","Evcil Hayvan Ürünleri","Kedi Ürünleri","","","PROVISIONAL_PROPOSAL","UNRESOLVED","MEDIUM","YES","","NO","0","Provisional target container inferred; exact L3/L4 successor awaits owner-final lower-level design."
"kus-yemi","3","evcil-hayvan-mamalari","Pet Shop > Evcil Hayvan Mamaları > Kuş Yemi","Kuş Yemi","kus-yemi","active","Evcil Hayvan Ürünleri","","","","PROVISIONAL_PROPOSAL","UNRESOLVED","LOW","YES","","NO","0","Provisional L2 candidates: Kedi Ürünleri | Köpek Ürünleri | Akvaryum & Balık Ürünleri | Kuş Ürünleri | Küçük Hayvan Ürünleri | Sürüngen & Egzotik Pet Ürünleri"
"balik-yemi","3","evcil-hayvan-mamalari","Pet Shop > Evcil Hayvan Mamaları > Balık Yemi","Balık Yemi","balik-yemi","active","Evcil Hayvan Ürünleri","Akvaryum & Balık Ürünleri","","","PROVISIONAL_PROPOSAL","UNRESOLVED","MEDIUM","YES","","NO","0","Provisional target container inferred; exact L3/L4 successor awaits owner-final lower-level design."
"kucuk-hayvan-yemi","3","evcil-hayvan-mamalari","Pet Shop > Evcil Hayvan Mamaları > Küçük Hayvan Yemi","Küçük Hayvan Yemi","kucuk-hayvan-yemi","active","Evcil Hayvan Ürünleri","Küçük Hayvan Ürünleri","","","PROVISIONAL_PROPOSAL","UNRESOLVED","MEDIUM","YES","","NO","0","Provisional target container inferred; exact L3/L4 successor awaits owner-final lower-level design."
"kedi-kopek-ekipmanlari","2","pet-shop","Pet Shop > Kedi & Köpek Ekipmanları","Kedi & Köpek Ekipmanları","kedi-kopek-ekipmanlari","active","Evcil Hayvan Ürünleri","","","","PROVISIONAL_PROPOSAL","SPLIT","MEDIUM","YES","","NO","2","Provisional L2 candidates: Kedi Ürünleri | Köpek Ürünleri"
"pet-mama-su-kabi","3","kedi-kopek-ekipmanlari","Pet Shop > Kedi & Köpek Ekipmanları > Mama & Su Kabı","Mama & Su Kabı","pet-mama-su-kabi","active","Evcil Hayvan Ürünleri","","","","PROVISIONAL_PROPOSAL","UNRESOLVED","LOW","YES","","NO","0","Provisional L2 candidates: Kedi Ürünleri | Köpek Ürünleri"
"tasma-kayis-gogus-tasmasi","3","kedi-kopek-ekipmanlari","Pet Shop > Kedi & Köpek Ekipmanları > Tasma, Kayış & Göğüs Tasması","Tasma, Kayış & Göğüs Tasması","tasma-kayis-gogus-tasmasi","active","Evcil Hayvan Ürünleri","","","","PROVISIONAL_PROPOSAL","UNRESOLVED","LOW","YES","","NO","0","Provisional L2 candidates: Kedi Ürünleri | Köpek Ürünleri"
"pet-yatagi-minderi","3","kedi-kopek-ekipmanlari","Pet Shop > Kedi & Köpek Ekipmanları > Pet Yatağı & Minderi","Pet Yatağı & Minderi","pet-yatagi-minderi","active","Evcil Hayvan Ürünleri","","","","PROVISIONAL_PROPOSAL","UNRESOLVED","LOW","YES","","NO","0","Provisional L2 candidates: Kedi Ürünleri | Köpek Ürünleri"
"pet-tasima-cantasi-kafesi","3","kedi-kopek-ekipmanlari","Pet Shop > Kedi & Köpek Ekipmanları > Pet Taşıma Çantası & Kafesi","Pet Taşıma Çantası & Kafesi","pet-tasima-cantasi-kafesi","active","Evcil Hayvan Ürünleri","","","","PROVISIONAL_PROPOSAL","UNRESOLVED","LOW","YES","","NO","0","Provisional L2 candidates: Kedi Ürünleri | Köpek Ürünleri"
"kedi-kopek-oyuncagi","3","kedi-kopek-ekipmanlari","Pet Shop > Kedi & Köpek Ekipmanları > Kedi & Köpek Oyuncağı","Kedi & Köpek Oyuncağı","kedi-kopek-oyuncagi","active","Evcil Hayvan Ürünleri","","","","PROVISIONAL_PROPOSAL","UNRESOLVED","LOW","YES","","NO","0","Provisional L2 candidates: Kedi Ürünleri | Köpek Ürünleri"
"kedi-tirmalama-mobilyasi","3","kedi-kopek-ekipmanlari","Pet Shop > Kedi & Köpek Ekipmanları > Kedi Tırmalama & Mobilyası","Kedi Tırmalama & Mobilyası","kedi-tirmalama-mobilyasi","active","Evcil Hayvan Ürünleri","Kedi Ürünleri","","","PROVISIONAL_PROPOSAL","UNRESOLVED","MEDIUM","YES","","NO","0","Provisional target container inferred; exact L3/L4 successor awaits owner-final lower-level design."
"akvaryum-kus-kucuk-hayvan","2","pet-shop","Pet Shop > Akvaryum, Kuş & Küçük Hayvan","Akvaryum, Kuş & Küçük Hayvan","akvaryum-kus-kucuk-hayvan","active","Evcil Hayvan Ürünleri","","","","PROVISIONAL_PROPOSAL","SPLIT","MEDIUM","YES","","NO","4","Provisional L2 candidates: Akvaryum & Balık Ürünleri | Kuş Ürünleri | Küçük Hayvan Ürünleri | Sürüngen & Egzotik Pet Ürünleri"
"akvaryum","3","akvaryum-kus-kucuk-hayvan","Pet Shop > Akvaryum, Kuş & Küçük Hayvan > Akvaryum","Akvaryum","akvaryum","active","Evcil Hayvan Ürünleri","Akvaryum & Balık Ürünleri","","","PROVISIONAL_PROPOSAL","UNRESOLVED","MEDIUM","YES","","NO","0","Provisional target container inferred; exact L3/L4 successor awaits owner-final lower-level design."
"akvaryum-filtre-pompasi","3","akvaryum-kus-kucuk-hayvan","Pet Shop > Akvaryum, Kuş & Küçük Hayvan > Akvaryum Filtre & Pompası","Akvaryum Filtre & Pompası","akvaryum-filtre-pompasi","active","Evcil Hayvan Ürünleri","Akvaryum & Balık Ürünleri","","","PROVISIONAL_PROPOSAL","UNRESOLVED","MEDIUM","YES","","NO","0","Provisional target container inferred; exact L3/L4 successor awaits owner-final lower-level design."
"akvaryum-dekor-bakim-gereci","3","akvaryum-kus-kucuk-hayvan","Pet Shop > Akvaryum, Kuş & Küçük Hayvan > Akvaryum Dekor & Bakım Gereci","Akvaryum Dekor & Bakım Gereci","akvaryum-dekor-bakim-gereci","active","Evcil Hayvan Ürünleri","Akvaryum & Balık Ürünleri","","","PROVISIONAL_PROPOSAL","UNRESOLVED","MEDIUM","YES","","NO","0","Provisional target container inferred; exact L3/L4 successor awaits owner-final lower-level design."
"kus-kafesi-aksesuari","3","akvaryum-kus-kucuk-hayvan","Pet Shop > Akvaryum, Kuş & Küçük Hayvan > Kuş Kafesi & Aksesuarı","Kuş Kafesi & Aksesuarı","kus-kafesi-aksesuari","active","Evcil Hayvan Ürünleri","","","","PROVISIONAL_PROPOSAL","UNRESOLVED","LOW","YES","","NO","0","Provisional L2 candidates: Akvaryum & Balık Ürünleri | Kuş Ürünleri | Küçük Hayvan Ürünleri | Sürüngen & Egzotik Pet Ürünleri"
"kemirgen-kafesi-ekipmani","3","akvaryum-kus-kucuk-hayvan","Pet Shop > Akvaryum, Kuş & Küçük Hayvan > Kemirgen Kafesi & Ekipmanı","Kemirgen Kafesi & Ekipmanı","kemirgen-kafesi-ekipmani","active","Evcil Hayvan Ürünleri","Küçük Hayvan Ürünleri","","","PROVISIONAL_PROPOSAL","UNRESOLVED","MEDIUM","YES","","NO","0","Provisional target container inferred; exact L3/L4 successor awaits owner-final lower-level design."
"pet-bakim-hijyen-saglik-destegi","2","pet-shop","Pet Shop > Pet Bakım, Hijyen & Sağlık Desteği","Pet Bakım, Hijyen & Sağlık Desteği","pet-bakim-hijyen-saglik-destegi","active","Evcil Hayvan Ürünleri","","","","PROVISIONAL_PROPOSAL","SPLIT","MEDIUM","YES","","NO","3","Provisional L2 candidates: Kedi Ürünleri | Köpek Ürünleri | Ortak Pet Bakım & Aksesuarları"
"kedi-kumu-tuvaleti","3","pet-bakim-hijyen-saglik-destegi","Pet Shop > Pet Bakım, Hijyen & Sağlık Desteği > Kedi Kumu & Tuvaleti","Kedi Kumu & Tuvaleti","kedi-kumu-tuvaleti","active","Evcil Hayvan Ürünleri","Kedi Ürünleri","","","PROVISIONAL_PROPOSAL","UNRESOLVED","MEDIUM","YES","","NO","0","Provisional target container inferred; exact L3/L4 successor awaits owner-final lower-level design."
"pet-sampuani-tuy-bakimi","3","pet-bakim-hijyen-saglik-destegi","Pet Shop > Pet Bakım, Hijyen & Sağlık Desteği > Pet Şampuanı & Tüy Bakımı","Pet Şampuanı & Tüy Bakımı","pet-sampuani-tuy-bakimi","active","Evcil Hayvan Ürünleri","","","","PROVISIONAL_PROPOSAL","UNRESOLVED","LOW","YES","","NO","0","Provisional L2 candidates: Kedi Ürünleri | Köpek Ürünleri | Ortak Pet Bakım & Aksesuarları"
"pet-temizlik-koku-urunu","3","pet-bakim-hijyen-saglik-destegi","Pet Shop > Pet Bakım, Hijyen & Sağlık Desteği > Pet Temizlik & Koku Ürünü","Pet Temizlik & Koku Ürünü","pet-temizlik-koku-urunu","active","Evcil Hayvan Ürünleri","","","","PROVISIONAL_PROPOSAL","UNRESOLVED","LOW","YES","claim_sensitive","NO","0","Provisional L2 candidates: Kedi Ürünleri | Köpek Ürünleri | Ortak Pet Bakım & Aksesuarları Policy/risk gate remains independent of taxonomy placement."
"pet-egitim-tuvalet-urunu","3","pet-bakim-hijyen-saglik-destegi","Pet Shop > Pet Bakım, Hijyen & Sağlık Desteği > Pet Eğitim & Tuvalet Ürünü","Pet Eğitim & Tuvalet Ürünü","pet-egitim-tuvalet-urunu","active","Evcil Hayvan Ürünleri","","","","PROVISIONAL_PROPOSAL","UNRESOLVED","LOW","YES","claim_sensitive","NO","0","Provisional L2 candidates: Kedi Ürünleri | Köpek Ürünleri | Ortak Pet Bakım & Aksesuarları Policy/risk gate remains independent of taxonomy placement."
"pet-saglik-destek-urunu","3","pet-bakim-hijyen-saglik-destegi","Pet Shop > Pet Bakım, Hijyen & Sağlık Desteği > Pet Sağlık & Destek Ürünü","Pet Sağlık & Destek Ürünü","pet-saglik-destek-urunu","active","Evcil Hayvan Ürünleri","Ortak Pet Bakım & Aksesuarları","","","PROVISIONAL_PROPOSAL","UNRESOLVED","MEDIUM","YES","regulated_review|claim_sensitive","NO","0","Provisional target container inferred; exact L3/L4 successor awaits owner-final lower-level design. Policy/risk gate remains independent of taxonomy placement."
"optik","1","","Optik","Optik","optik","active","Gözlük & Optik","","","","CANONICAL_FINAL","RENAME","HIGH","NO","","YES","1",""
"gozluk-optik-urunler","2","optik","Optik > Gözlük & Optik Ürünler","Gözlük & Optik Ürünler","gozluk-optik-urunler","active","Gözlük & Optik","","","","PROVISIONAL_PROPOSAL","SPLIT","MEDIUM","YES","","NO","7","Provisional L2 candidates: Optik Gözlük Çerçeveleri | Güneş Gözlükleri | Hazır Okuma Gözlükleri | Gözlük Camları | Kontakt Lensler | Kontakt Lens Bakım Ürünleri | Gözlük & Optik Aksesuarları"
"optik-gozluk-cercevesi","3","gozluk-optik-urunler","Optik > Gözlük & Optik Ürünler > Optik Gözlük Çerçevesi","Optik Gözlük Çerçevesi","optik-gozluk-cercevesi","active","Gözlük & Optik","Optik Gözlük Çerçeveleri","","","PROVISIONAL_PROPOSAL","UNRESOLVED","MEDIUM","YES","regulated_review","NO","0","Provisional target container inferred; exact L3/L4 successor awaits owner-final lower-level design. Policy/risk gate remains independent of taxonomy placement."
"gunes-gozlugu","3","gozluk-optik-urunler","Optik > Gözlük & Optik Ürünler > Güneş Gözlüğü","Güneş Gözlüğü","gunes-gozlugu","active","Gözlük & Optik","Güneş Gözlükleri","","","PROVISIONAL_PROPOSAL","UNRESOLVED","MEDIUM","YES","","NO","0","Provisional target container inferred; exact L3/L4 successor awaits owner-final lower-level design."
"hazir-okuma-gozlugu","3","gozluk-optik-urunler","Optik > Gözlük & Optik Ürünler > Hazır Okuma Gözlüğü","Hazır Okuma Gözlüğü","hazir-okuma-gozlugu","active","Gözlük & Optik","Hazır Okuma Gözlükleri","","","PROVISIONAL_PROPOSAL","UNRESOLVED","MEDIUM","YES","regulated_review|claim_sensitive","NO","0","Provisional target container inferred; exact L3/L4 successor awaits owner-final lower-level design. Policy/risk gate remains independent of taxonomy placement."
"kontakt-lens","3","gozluk-optik-urunler","Optik > Gözlük & Optik Ürünler > Kontakt Lens","Kontakt Lens","kontakt-lens","active","Gözlük & Optik","Kontakt Lensler","","","PROVISIONAL_PROPOSAL","UNRESOLVED","MEDIUM","YES","regulated_review|claim_sensitive","NO","0","Provisional target container inferred; exact L3/L4 successor awaits owner-final lower-level design. Policy/risk gate remains independent of taxonomy placement."
"lens-solusyonu-kabi","3","gozluk-optik-urunler","Optik > Gözlük & Optik Ürünler > Lens Solüsyonu & Kabı","Lens Solüsyonu & Kabı","lens-solusyonu-kabi","active","Gözlük & Optik","Kontakt Lens Bakım Ürünleri","","","PROVISIONAL_PROPOSAL","UNRESOLVED","MEDIUM","YES","regulated_review","NO","0","Provisional target container inferred; exact L3/L4 successor awaits owner-final lower-level design. Policy/risk gate remains independent of taxonomy placement."
"gozluk-kilifi-bakim-urunu","3","gozluk-optik-urunler","Optik > Gözlük & Optik Ürünler > Gözlük Kılıfı & Bakım Ürünü","Gözlük Kılıfı & Bakım Ürünü","gozluk-kilifi-bakim-urunu","active","Gözlük & Optik","Gözlük & Optik Aksesuarları","","","PROVISIONAL_PROPOSAL","UNRESOLVED","MEDIUM","YES","","NO","0","Provisional target container inferred; exact L3/L4 successor awaits owner-final lower-level design."
"saat-taki","1","","Saat & Takı","Saat & Takı","saat-taki","active","Saat & Takı","","","","CANONICAL_FINAL","KEEP","HIGH","NO","","NO","1",""
"saat-saat-aksesuarlari","2","saat-taki","Saat & Takı > Saat & Saat Aksesuarları","Saat & Saat Aksesuarları","saat-saat-aksesuarlari","active","Saat & Takı","","","","PROVISIONAL_PROPOSAL","SPLIT","MEDIUM","YES","","NO","3","Provisional L2 candidates: Klasik Kol Saatleri | Cep Saatleri | Saat Kayışları & Aksesuarları"
"kol-saati","3","saat-saat-aksesuarlari","Saat & Takı > Saat & Saat Aksesuarları > Kol Saati","Kol Saati","kol-saati","active","Saat & Takı","Klasik Kol Saatleri","","","PROVISIONAL_PROPOSAL","UNRESOLVED","MEDIUM","YES","","NO","0","Provisional target container inferred; exact L3/L4 successor awaits owner-final lower-level design."
"cep-yaka-saati","3","saat-saat-aksesuarlari","Saat & Takı > Saat & Saat Aksesuarları > Cep & Yaka Saati","Cep & Yaka Saati","cep-yaka-saati","active","Saat & Takı","Cep Saatleri","","","PROVISIONAL_PROPOSAL","UNRESOLVED","MEDIUM","YES","","NO","0","Provisional target container inferred; exact L3/L4 successor awaits owner-final lower-level design."
"saat-kayisi","3","saat-saat-aksesuarlari","Saat & Takı > Saat & Saat Aksesuarları > Saat Kayışı","Saat Kayışı","saat-kayisi","active","Saat & Takı","Saat Kayışları & Aksesuarları","","","PROVISIONAL_PROPOSAL","UNRESOLVED","MEDIUM","YES","","NO","0","Provisional target container inferred; exact L3/L4 successor awaits owner-final lower-level design."
"saat-kutusu-standi","3","saat-saat-aksesuarlari","Saat & Takı > Saat & Saat Aksesuarları > Saat Kutusu & Standı","Saat Kutusu & Standı","saat-kutusu-standi","active","Saat & Takı","Saat Kayışları & Aksesuarları","","","PROVISIONAL_PROPOSAL","UNRESOLVED","MEDIUM","YES","","NO","0","Provisional target container inferred; exact L3/L4 successor awaits owner-final lower-level design."
"saat-pili-yedek-bileseni","3","saat-saat-aksesuarlari","Saat & Takı > Saat & Saat Aksesuarları > Saat Pili & Yedek Bileşeni","Saat Pili & Yedek Bileşeni","saat-pili-yedek-bileseni","active","Saat & Takı","Saat Kayışları & Aksesuarları","","","PROVISIONAL_PROPOSAL","UNRESOLVED","MEDIUM","YES","hazmat_review|compatibility_critical","NO","0","Provisional target container inferred; exact L3/L4 successor awaits owner-final lower-level design. Policy/risk gate remains independent of taxonomy placement."
"taki-mucevher","2","saat-taki","Saat & Takı > Takı & Mücevher","Takı & Mücevher","taki-mucevher","active","Saat & Takı","","","","PROVISIONAL_PROPOSAL","SPLIT","MEDIUM","YES","","NO","8","Provisional L2 candidates: Kolyeler & Takı Uçları | Küpeler | Yüzükler | Bileklik, Bilezik & Halhallar | Broş & Giyim Takıları | Vücut Takıları | Takı Aksesuarları & Saklama | Takı Yapım Malzemeleri"
"kolye-uc","3","taki-mucevher","Saat & Takı > Takı & Mücevher > Kolye & Uç","Kolye & Uç","kolye-uc","active","Saat & Takı","Kolyeler & Takı Uçları","","","PROVISIONAL_PROPOSAL","UNRESOLVED","MEDIUM","YES","","NO","0","Provisional target container inferred; exact L3/L4 successor awaits owner-final lower-level design."
"kupe","3","taki-mucevher","Saat & Takı > Takı & Mücevher > Küpe","Küpe","kupe","active","Saat & Takı","Küpeler","","","PROVISIONAL_PROPOSAL","UNRESOLVED","MEDIUM","YES","","NO","0","Provisional target container inferred; exact L3/L4 successor awaits owner-final lower-level design."
"yuzuk","3","taki-mucevher","Saat & Takı > Takı & Mücevher > Yüzük","Yüzük","yuzuk","active","Saat & Takı","Yüzükler","","","PROVISIONAL_PROPOSAL","UNRESOLVED","MEDIUM","YES","","NO","0","Provisional target container inferred; exact L3/L4 successor awaits owner-final lower-level design."
"bileklik-halhal","3","taki-mucevher","Saat & Takı > Takı & Mücevher > Bileklik & Halhal","Bileklik & Halhal","bileklik-halhal","active","Saat & Takı","Bileklik, Bilezik & Halhallar","","","PROVISIONAL_PROPOSAL","UNRESOLVED","MEDIUM","YES","","NO","0","Provisional target container inferred; exact L3/L4 successor awaits owner-final lower-level design."
"bros-rozet-piercing-takisi","3","taki-mucevher","Saat & Takı > Takı & Mücevher > Broş, Rozet & Piercing Takısı","Broş, Rozet & Piercing Takısı","bros-rozet-piercing-takisi","active","Saat & Takı","Broş & Giyim Takıları","","","PROVISIONAL_PROPOSAL","UNRESOLVED","MEDIUM","YES","","NO","0","Provisional target container inferred; exact L3/L4 successor awaits owner-final lower-level design."
"taki-kutusu-bakim-urunu","3","taki-mucevher","Saat & Takı > Takı & Mücevher > Takı Kutusu & Bakım Ürünü","Takı Kutusu & Bakım Ürünü","taki-kutusu-bakim-urunu","active","Saat & Takı","Takı Aksesuarları & Saklama","","","PROVISIONAL_PROPOSAL","UNRESOLVED","MEDIUM","YES","","NO","0","Provisional target container inferred; exact L3/L4 successor awaits owner-final lower-level design."
"saglik-medikal","1","","Sağlık & Medikal","Sağlık & Medikal","saglik-medikal","active","Sağlık & Medikal","","","","CANONICAL_FINAL","KEEP","HIGH","NO","regulated_review","NO","1","Policy/risk gate remains independent of taxonomy placement."
"ilk-yardim-koruyucu-urun","2","saglik-medikal","Sağlık & Medikal > İlk Yardım & Koruyucu Ürün","İlk Yardım & Koruyucu Ürün","ilk-yardim-koruyucu-urun","active","Sağlık & Medikal","","","","PROVISIONAL_PROPOSAL","SPLIT","MEDIUM","YES","","NO","2","Provisional L2 candidates: İlk Yardım & Yara Bakımı | Kişisel Koruyucu Medikal Ürünler"
"ilk-yardim-seti","3","ilk-yardim-koruyucu-urun","Sağlık & Medikal > İlk Yardım & Koruyucu Ürün > İlk Yardım Seti","İlk Yardım Seti","ilk-yardim-seti","active","Sağlık & Medikal","İlk Yardım & Yara Bakımı","","","PROVISIONAL_PROPOSAL","UNRESOLVED","MEDIUM","YES","regulated_review","NO","0","Provisional target container inferred; exact L3/L4 successor awaits owner-final lower-level design. Policy/risk gate remains independent of taxonomy placement."
"bandaj-gazli-bez-flaster","3","ilk-yardim-koruyucu-urun","Sağlık & Medikal > İlk Yardım & Koruyucu Ürün > Bandaj, Gazlı Bez & Flaster","Bandaj, Gazlı Bez & Flaster","bandaj-gazli-bez-flaster","active","Sağlık & Medikal","İlk Yardım & Yara Bakımı","","","PROVISIONAL_PROPOSAL","UNRESOLVED","MEDIUM","YES","regulated_review","NO","0","Provisional target container inferred; exact L3/L4 successor awaits owner-final lower-level design. Policy/risk gate remains independent of taxonomy placement."
"antiseptik-dezenfeksiyon-urunu","3","ilk-yardim-koruyucu-urun","Sağlık & Medikal > İlk Yardım & Koruyucu Ürün > Antiseptik & Dezenfeksiyon Ürünü","Antiseptik & Dezenfeksiyon Ürünü","antiseptik-dezenfeksiyon-urunu","active","Sağlık & Medikal","İlk Yardım & Yara Bakımı","","","PROVISIONAL_PROPOSAL","UNRESOLVED","MEDIUM","YES","regulated_review|claim_sensitive|hazmat_review","NO","0","Provisional target container inferred; exact L3/L4 successor awaits owner-final lower-level design. Policy/risk gate remains independent of taxonomy placement."
"sicak-soguk-uygulama-urunu","3","ilk-yardim-koruyucu-urun","Sağlık & Medikal > İlk Yardım & Koruyucu Ürün > Sıcak & Soğuk Uygulama Ürünü","Sıcak & Soğuk Uygulama Ürünü","sicak-soguk-uygulama-urunu","active","Sağlık & Medikal","","","","PROVISIONAL_PROPOSAL","UNRESOLVED","LOW","YES","","NO","0","Provisional L2 candidates: İlk Yardım & Yara Bakımı | Kişisel Koruyucu Medikal Ürünler"
"tibbi-maske-muayene-eldiveni","3","ilk-yardim-koruyucu-urun","Sağlık & Medikal > İlk Yardım & Koruyucu Ürün > Tıbbi Maske & Muayene Eldiveni","Tıbbi Maske & Muayene Eldiveni","tibbi-maske-muayene-eldiveni","active","Sağlık & Medikal","Kişisel Koruyucu Medikal Ürünler","","","PROVISIONAL_PROPOSAL","UNRESOLVED","MEDIUM","YES","regulated_review","NO","0","Provisional target container inferred; exact L3/L4 successor awaits owner-final lower-level design. Policy/risk gate remains independent of taxonomy placement."
"olcum-takip-cihazlari","2","saglik-medikal","Sağlık & Medikal > Ölçüm & Takip Cihazları","Ölçüm & Takip Cihazları","olcum-takip-cihazlari","active","Sağlık & Medikal","Evde Sağlık Ölçüm Cihazları","","","PROVISIONAL_PROPOSAL","RENAME","MEDIUM","YES","","NO","1","Target is an unapproved L2 proposal; action becomes executable only after owner finalization."
"ates-olcer","3","olcum-takip-cihazlari","Sağlık & Medikal > Ölçüm & Takip Cihazları > Ateş Ölçer","Ateş Ölçer","ates-olcer","active","Sağlık & Medikal","Evde Sağlık Ölçüm Cihazları","","","PROVISIONAL_PROPOSAL","UNRESOLVED","MEDIUM","YES","regulated_review","NO","0","Provisional target container inferred; exact L3/L4 successor awaits owner-final lower-level design. Policy/risk gate remains independent of taxonomy placement."
"tansiyon-aleti","3","olcum-takip-cihazlari","Sağlık & Medikal > Ölçüm & Takip Cihazları > Tansiyon Aleti","Tansiyon Aleti","tansiyon-aleti","active","Sağlık & Medikal","Evde Sağlık Ölçüm Cihazları","","","PROVISIONAL_PROPOSAL","UNRESOLVED","MEDIUM","YES","regulated_review","NO","0","Provisional target container inferred; exact L3/L4 successor awaits owner-final lower-level design. Policy/risk gate remains independent of taxonomy placement."
"kan-sekeri-olcum-cihazi","3","olcum-takip-cihazlari","Sağlık & Medikal > Ölçüm & Takip Cihazları > Kan Şekeri Ölçüm Cihazı","Kan Şekeri Ölçüm Cihazı","kan-sekeri-olcum-cihazi","active","Sağlık & Medikal","Evde Sağlık Ölçüm Cihazları","","","PROVISIONAL_PROPOSAL","UNRESOLVED","MEDIUM","YES","regulated_review","NO","0","Provisional target container inferred; exact L3/L4 successor awaits owner-final lower-level design. Policy/risk gate remains independent of taxonomy placement."
"nabiz-oksimetre","3","olcum-takip-cihazlari","Sağlık & Medikal > Ölçüm & Takip Cihazları > Nabız Oksimetre","Nabız Oksimetre","nabiz-oksimetre","active","Sağlık & Medikal","Evde Sağlık Ölçüm Cihazları","","","PROVISIONAL_PROPOSAL","UNRESOLVED","MEDIUM","YES","regulated_review","NO","0","Provisional target container inferred; exact L3/L4 successor awaits owner-final lower-level design. Policy/risk gate remains independent of taxonomy placement."
"vucut-tartisi-analiz-cihazi","3","olcum-takip-cihazlari","Sağlık & Medikal > Ölçüm & Takip Cihazları > Vücut Tartısı & Analiz Cihazı","Vücut Tartısı & Analiz Cihazı","vucut-tartisi-analiz-cihazi","active","Sağlık & Medikal","Evde Sağlık Ölçüm Cihazları","","","PROVISIONAL_PROPOSAL","UNRESOLVED","MEDIUM","YES","claim_sensitive","NO","0","Provisional target container inferred; exact L3/L4 successor awaits owner-final lower-level design. Policy/risk gate remains independent of taxonomy placement."
"ortopedi-hareket-solunum-destegi","2","saglik-medikal","Sağlık & Medikal > Ortopedi, Hareket & Solunum Desteği","Ortopedi, Hareket & Solunum Desteği","ortopedi-hareket-solunum-destegi","active","Sağlık & Medikal","","","","PROVISIONAL_PROPOSAL","SPLIT","MEDIUM","YES","","NO","4","Provisional L2 candidates: Ortopedik Destekler & Kompresyon | Hareket & Mobilite Yardımcıları | Rehabilitasyon & Fizik Tedavi Ürünleri | Solunum & Evde Bakım Cihazları"
"ortez-eklem-destegi","3","ortopedi-hareket-solunum-destegi","Sağlık & Medikal > Ortopedi, Hareket & Solunum Desteği > Ortez & Eklem Desteği","Ortez & Eklem Desteği","ortez-eklem-destegi","active","Sağlık & Medikal","Ortopedik Destekler & Kompresyon","","","PROVISIONAL_PROPOSAL","UNRESOLVED","MEDIUM","YES","regulated_review|claim_sensitive","NO","0","Provisional target container inferred; exact L3/L4 successor awaits owner-final lower-level design. Policy/risk gate remains independent of taxonomy placement."
"medikal-korse-varis-corabi","3","ortopedi-hareket-solunum-destegi","Sağlık & Medikal > Ortopedi, Hareket & Solunum Desteği > Medikal Korse & Varis Çorabı","Medikal Korse & Varis Çorabı","medikal-korse-varis-corabi","active","Sağlık & Medikal","Ortopedik Destekler & Kompresyon","","","PROVISIONAL_PROPOSAL","UNRESOLVED","MEDIUM","YES","regulated_review|claim_sensitive","NO","0","Provisional target container inferred; exact L3/L4 successor awaits owner-final lower-level design. Policy/risk gate remains independent of taxonomy placement."
"baston-koltuk-degnegi-yurutec","3","ortopedi-hareket-solunum-destegi","Sağlık & Medikal > Ortopedi, Hareket & Solunum Desteği > Baston, Koltuk Değneği & Yürüteç","Baston, Koltuk Değneği & Yürüteç","baston-koltuk-degnegi-yurutec","active","Sağlık & Medikal","Hareket & Mobilite Yardımcıları","","","PROVISIONAL_PROPOSAL","UNRESOLVED","MEDIUM","YES","regulated_review|safety_critical","NO","0","Provisional target container inferred; exact L3/L4 successor awaits owner-final lower-level design. Policy/risk gate remains independent of taxonomy placement."
"tekerlekli-sandalye","3","ortopedi-hareket-solunum-destegi","Sağlık & Medikal > Ortopedi, Hareket & Solunum Desteği > Tekerlekli Sandalye","Tekerlekli Sandalye","tekerlekli-sandalye","active","Sağlık & Medikal","Hareket & Mobilite Yardımcıları","","","PROVISIONAL_PROPOSAL","UNRESOLVED","MEDIUM","YES","regulated_review|safety_critical","NO","0","Provisional target container inferred; exact L3/L4 successor awaits owner-final lower-level design. Policy/risk gate remains independent of taxonomy placement."
"nebulizator-solunum-cihazi","3","ortopedi-hareket-solunum-destegi","Sağlık & Medikal > Ortopedi, Hareket & Solunum Desteği > Nebulizatör & Solunum Cihazı","Nebulizatör & Solunum Cihazı","nebulizator-solunum-cihazi","active","Sağlık & Medikal","Solunum & Evde Bakım Cihazları","","","PROVISIONAL_PROPOSAL","UNRESOLVED","MEDIUM","YES","regulated_review","NO","0","Provisional target container inferred; exact L3/L4 successor awaits owner-final lower-level design. Policy/risk gate remains independent of taxonomy placement."
"solunum-maskesi-cihaz-aksesuari","3","ortopedi-hareket-solunum-destegi","Sağlık & Medikal > Ortopedi, Hareket & Solunum Desteği > Solunum Maskesi & Cihaz Aksesuarı","Solunum Maskesi & Cihaz Aksesuarı","solunum-maskesi-cihaz-aksesuari","active","Sağlık & Medikal","Solunum & Evde Bakım Cihazları","","","PROVISIONAL_PROPOSAL","UNRESOLVED","MEDIUM","YES","regulated_review|compatibility_critical","NO","0","Provisional target container inferred; exact L3/L4 successor awaits owner-final lower-level design. Policy/risk gate remains independent of taxonomy placement."
"medikal-bakim-gunluk-yasam","2","saglik-medikal","Sağlık & Medikal > Medikal Bakım & Günlük Yaşam","Medikal Bakım & Günlük Yaşam","medikal-bakim-gunluk-yasam","active","Sağlık & Medikal","","","","PROVISIONAL_PROPOSAL","SPLIT","MEDIUM","YES","","NO","2","Provisional L2 candidates: Medikal Sarf & Hasta Bakım Ürünleri | Günlük Yaşam & Erişilebilirlik Yardımcıları"
"yetiskin-hasta-bezi","3","medikal-bakim-gunluk-yasam","Sağlık & Medikal > Medikal Bakım & Günlük Yaşam > Yetişkin Hasta Bezi","Yetişkin Hasta Bezi","yetiskin-hasta-bezi","active","Sağlık & Medikal","Medikal Sarf & Hasta Bakım Ürünleri","","","PROVISIONAL_PROPOSAL","UNRESOLVED","MEDIUM","YES","","NO","0","Provisional target container inferred; exact L3/L4 successor awaits owner-final lower-level design."
"yatak-koruyucu-hasta-bakim-ortusu","3","medikal-bakim-gunluk-yasam","Sağlık & Medikal > Medikal Bakım & Günlük Yaşam > Yatak Koruyucu & Hasta Bakım Örtüsü","Yatak Koruyucu & Hasta Bakım Örtüsü","yatak-koruyucu-hasta-bakim-ortusu","active","Sağlık & Medikal","Medikal Sarf & Hasta Bakım Ürünleri","","","PROVISIONAL_PROPOSAL","UNRESOLVED","MEDIUM","YES","","NO","0","Provisional target container inferred; exact L3/L4 successor awaits owner-final lower-level design."
"medikal-kompresyon-bakim-tekstili","3","medikal-bakim-gunluk-yasam","Sağlık & Medikal > Medikal Bakım & Günlük Yaşam > Medikal Kompresyon & Bakım Tekstili","Medikal Kompresyon & Bakım Tekstili","medikal-kompresyon-bakim-tekstili","active","Sağlık & Medikal","Medikal Sarf & Hasta Bakım Ürünleri","","","PROVISIONAL_PROPOSAL","UNRESOLVED","MEDIUM","YES","regulated_review","NO","0","Provisional target container inferred; exact L3/L4 successor awaits owner-final lower-level design. Policy/risk gate remains independent of taxonomy placement."
"ilac-kutusu-gunluk-takip-gereci","3","medikal-bakim-gunluk-yasam","Sağlık & Medikal > Medikal Bakım & Günlük Yaşam > İlaç Kutusu & Günlük Takip Gereci","İlaç Kutusu & Günlük Takip Gereci","ilac-kutusu-gunluk-takip-gereci","active","Sağlık & Medikal","Günlük Yaşam & Erişilebilirlik Yardımcıları","","","PROVISIONAL_PROPOSAL","UNRESOLVED","MEDIUM","YES","","NO","0","Provisional target container inferred; exact L3/L4 successor awaits owner-final lower-level design."
"banyo-tuvalet-destek-urunu","3","medikal-bakim-gunluk-yasam","Sağlık & Medikal > Medikal Bakım & Günlük Yaşam > Banyo & Tuvalet Destek Ürünü","Banyo & Tuvalet Destek Ürünü","banyo-tuvalet-destek-urunu","active","Sağlık & Medikal","","","","PROVISIONAL_PROPOSAL","UNRESOLVED","LOW","YES","safety_critical","NO","0","Provisional L2 candidates: Medikal Sarf & Hasta Bakım Ürünleri | Günlük Yaşam & Erişilebilirlik Yardımcıları Policy/risk gate remains independent of taxonomy placement."
"besin-destegi-koruyucu-saglik-urunu","2","saglik-medikal","Sağlık & Medikal > Besin Desteği & Koruyucu Sağlık Ürünü","Besin Desteği & Koruyucu Sağlık Ürünü","besin-destegi-koruyucu-saglik-urunu","active","Sağlık & Medikal","Kişisel Koruyucu Medikal Ürünler","","","PROVISIONAL_PROPOSAL","RENAME","MEDIUM","YES","","NO","1","Target is an unapproved L2 proposal; action becomes executable only after owner finalization."
"vitamin-mineral-destegi","3","besin-destegi-koruyucu-saglik-urunu","Sağlık & Medikal > Besin Desteği & Koruyucu Sağlık Ürünü > Vitamin & Mineral Desteği","Vitamin & Mineral Desteği","vitamin-mineral-destegi","active","Sağlık & Medikal","Kişisel Koruyucu Medikal Ürünler","","","PROVISIONAL_PROPOSAL","UNRESOLVED","MEDIUM","YES","regulated_review|claim_sensitive","NO","0","Provisional target container inferred; exact L3/L4 successor awaits owner-final lower-level design. Policy/risk gate remains independent of taxonomy placement."
"protein-sporcu-destegi","3","besin-destegi-koruyucu-saglik-urunu","Sağlık & Medikal > Besin Desteği & Koruyucu Sağlık Ürünü > Protein & Sporcu Desteği","Protein & Sporcu Desteği","protein-sporcu-destegi","active","Sağlık & Medikal","Kişisel Koruyucu Medikal Ürünler","","","PROVISIONAL_PROPOSAL","UNRESOLVED","MEDIUM","YES","regulated_review|claim_sensitive","NO","0","Provisional target container inferred; exact L3/L4 successor awaits owner-final lower-level design. Policy/risk gate remains independent of taxonomy placement."
"bitkisel-fonksiyonel-destek","3","besin-destegi-koruyucu-saglik-urunu","Sağlık & Medikal > Besin Desteği & Koruyucu Sağlık Ürünü > Bitkisel & Fonksiyonel Destek","Bitkisel & Fonksiyonel Destek","bitkisel-fonksiyonel-destek","active","Sağlık & Medikal","Kişisel Koruyucu Medikal Ürünler","","","PROVISIONAL_PROPOSAL","UNRESOLVED","MEDIUM","YES","regulated_review|claim_sensitive","NO","0","Provisional target container inferred; exact L3/L4 successor awaits owner-final lower-level design. Policy/risk gate remains independent of taxonomy placement."
"prezervatif-bariyer-urunu","3","besin-destegi-koruyucu-saglik-urunu","Sağlık & Medikal > Besin Desteği & Koruyucu Sağlık Ürünü > Prezervatif & Bariyer Ürünü","Prezervatif & Bariyer Ürünü","prezervatif-bariyer-urunu","active","Sağlık & Medikal","Kişisel Koruyucu Medikal Ürünler","","","PROVISIONAL_PROPOSAL","UNRESOLVED","MEDIUM","YES","regulated_review","NO","0","Provisional target container inferred; exact L3/L4 successor awaits owner-final lower-level design. Policy/risk gate remains independent of taxonomy placement."
"uyku-rahatlama-gereci","3","besin-destegi-koruyucu-saglik-urunu","Sağlık & Medikal > Besin Desteği & Koruyucu Sağlık Ürünü > Uyku & Rahatlama Gereci","Uyku & Rahatlama Gereci","uyku-rahatlama-gereci","active","Sağlık & Medikal","Kişisel Koruyucu Medikal Ürünler","","","PROVISIONAL_PROPOSAL","UNRESOLVED","MEDIUM","YES","claim_sensitive","NO","0","Provisional target container inferred; exact L3/L4 successor awaits owner-final lower-level design. Policy/risk gate remains independent of taxonomy placement."
"cicek-bahce","1","","Çiçek & Bahçe","Çiçek & Bahçe","cicek-bahce","active","Çiçek & Bahçe","","","","CANONICAL_FINAL","KEEP","HIGH","NO","","NO","1",""
"canli-bitki-cicek","2","cicek-bahce","Çiçek & Bahçe > Canlı Bitki & Çiçek","Canlı Bitki & Çiçek","canli-bitki-cicek","active","Çiçek & Bahçe","","","","PROVISIONAL_PROPOSAL","SPLIT","MEDIUM","YES","","NO","3","Provisional L2 candidates: Canlı Saksı Bitkileri | Kesme Çiçek & Fiziksel Aranjmanlar | Tohum, Fide & Bitki Soğanları"
"saksi-bitkisi","3","canli-bitki-cicek","Çiçek & Bahçe > Canlı Bitki & Çiçek > Saksı Bitkisi","Saksı Bitkisi","saksi-bitkisi","active","Çiçek & Bahçe","Canlı Saksı Bitkileri","","","PROVISIONAL_PROPOSAL","UNRESOLVED","MEDIUM","YES","","NO","0","Provisional target container inferred; exact L3/L4 successor awaits owner-final lower-level design."
"kaktus-sukulent","3","canli-bitki-cicek","Çiçek & Bahçe > Canlı Bitki & Çiçek > Kaktüs & Sukulent","Kaktüs & Sukulent","kaktus-sukulent","active","Çiçek & Bahçe","","","","PROVISIONAL_PROPOSAL","UNRESOLVED","LOW","YES","","NO","0","Provisional L2 candidates: Canlı Saksı Bitkileri | Kesme Çiçek & Fiziksel Aranjmanlar | Tohum, Fide & Bitki Soğanları"
"bahce-bitkisi-fidan","3","canli-bitki-cicek","Çiçek & Bahçe > Canlı Bitki & Çiçek > Bahçe Bitkisi & Fidan","Bahçe Bitkisi & Fidan","bahce-bitkisi-fidan","active","Çiçek & Bahçe","","","","PROVISIONAL_PROPOSAL","UNRESOLVED","LOW","YES","","NO","0","Provisional L2 candidates: Canlı Saksı Bitkileri | Kesme Çiçek & Fiziksel Aranjmanlar | Tohum, Fide & Bitki Soğanları"
"kesme-cicek-buket","3","canli-bitki-cicek","Çiçek & Bahçe > Canlı Bitki & Çiçek > Kesme Çiçek & Buket","Kesme Çiçek & Buket","kesme-cicek-buket","active","Çiçek & Bahçe","Kesme Çiçek & Fiziksel Aranjmanlar","","","PROVISIONAL_PROPOSAL","UNRESOLVED","MEDIUM","YES","","NO","0","Provisional target container inferred; exact L3/L4 successor awaits owner-final lower-level design."
"celenk-aranjman","3","canli-bitki-cicek","Çiçek & Bahçe > Canlı Bitki & Çiçek > Çelenk & Aranjman","Çelenk & Aranjman","celenk-aranjman","active","Çiçek & Bahçe","Kesme Çiçek & Fiziksel Aranjmanlar","","","PROVISIONAL_PROPOSAL","UNRESOLVED","MEDIUM","YES","","NO","0","Provisional target container inferred; exact L3/L4 successor awaits owner-final lower-level design."
"bahce-yetistirme-bakim","2","cicek-bahce","Çiçek & Bahçe > Bahçe Yetiştirme & Bakım","Bahçe Yetiştirme & Bakım","bahce-yetistirme-bakim","active","Çiçek & Bahçe","","","","PROVISIONAL_PROPOSAL","SPLIT","MEDIUM","YES","","NO","7","Provisional L2 candidates: Saksı, Saksılık & Bitki Kapları | Toprak, Gübre & Bitki Besleme | Sulama Ürünleri | Bahçe El Aletleri | Bitki Bakım & Yetiştirme Ürünleri | Sera & Yetiştirme Ekipmanları | Bahçe Dekorasyonu & Peyzaj Aksesuarları"
"tohum-cicek-sogani","3","bahce-yetistirme-bakim","Çiçek & Bahçe > Bahçe Yetiştirme & Bakım > Tohum & Çiçek Soğanı","Tohum & Çiçek Soğanı","tohum-cicek-sogani","active","Çiçek & Bahçe","","","","PROVISIONAL_PROPOSAL","UNRESOLVED","LOW","YES","","NO","0","Provisional L2 candidates: Saksı, Saksılık & Bitki Kapları | Toprak, Gübre & Bitki Besleme | Sulama Ürünleri | Bahçe El Aletleri | Bitki Bakım & Yetiştirme Ürünleri | Sera & Yetiştirme Ekipmanları | Bahçe Dekorasyonu & Peyzaj Aksesuarları"
"toprak-yetistirme-ortami","3","bahce-yetistirme-bakim","Çiçek & Bahçe > Bahçe Yetiştirme & Bakım > Toprak & Yetiştirme Ortamı","Toprak & Yetiştirme Ortamı","toprak-yetistirme-ortami","active","Çiçek & Bahçe","","","","PROVISIONAL_PROPOSAL","UNRESOLVED","LOW","YES","","NO","0","Provisional L2 candidates: Saksı, Saksılık & Bitki Kapları | Toprak, Gübre & Bitki Besleme | Sulama Ürünleri | Bahçe El Aletleri | Bitki Bakım & Yetiştirme Ürünleri | Sera & Yetiştirme Ekipmanları | Bahçe Dekorasyonu & Peyzaj Aksesuarları"
"gubre-bitki-besini","3","bahce-yetistirme-bakim","Çiçek & Bahçe > Bahçe Yetiştirme & Bakım > Gübre & Bitki Besini","Gübre & Bitki Besini","gubre-bitki-besini","active","Çiçek & Bahçe","Toprak, Gübre & Bitki Besleme","","","PROVISIONAL_PROPOSAL","UNRESOLVED","MEDIUM","YES","regulated_review|hazmat_review","NO","0","Provisional target container inferred; exact L3/L4 successor awaits owner-final lower-level design. Policy/risk gate remains independent of taxonomy placement."
"saksi-bitki-kabi","3","bahce-yetistirme-bakim","Çiçek & Bahçe > Bahçe Yetiştirme & Bakım > Saksı & Bitki Kabı","Saksı & Bitki Kabı","saksi-bitki-kabi","active","Çiçek & Bahçe","Saksı, Saksılık & Bitki Kapları","","","PROVISIONAL_PROPOSAL","UNRESOLVED","MEDIUM","YES","","NO","0","Provisional target container inferred; exact L3/L4 successor awaits owner-final lower-level design."
"sulama-ekipmani","3","bahce-yetistirme-bakim","Çiçek & Bahçe > Bahçe Yetiştirme & Bakım > Sulama Ekipmanı","Sulama Ekipmanı","sulama-ekipmani","active","Çiçek & Bahçe","Sulama Ürünleri","","","PROVISIONAL_PROPOSAL","UNRESOLVED","MEDIUM","YES","","NO","0","Provisional target container inferred; exact L3/L4 successor awaits owner-final lower-level design."
"bahce-el-aleti","3","bahce-yetistirme-bakim","Çiçek & Bahçe > Bahçe Yetiştirme & Bakım > Bahçe El Aleti","Bahçe El Aleti","bahce-el-aleti","active","Çiçek & Bahçe","Bahçe El Aletleri","","","PROVISIONAL_PROPOSAL","UNRESOLVED","MEDIUM","YES","safety_critical","NO","0","Provisional target container inferred; exact L3/L4 successor awaits owner-final lower-level design. Policy/risk gate remains independent of taxonomy placement."
"hediyelik-parti","1","","Hediyelik & Parti","Hediyelik & Parti","hediyelik-parti","active","Hediyelik & Parti","","","","CANONICAL_FINAL","KEEP","HIGH","NO","","NO","1",""
"hediye-hatira","2","hediyelik-parti","Hediyelik & Parti > Hediye & Hatıra","Hediye & Hatıra","hediye-hatira","active","Hediyelik & Parti","","","","PROVISIONAL_PROPOSAL","SPLIT","MEDIUM","YES","","NO","3","Provisional L2 candidates: Hatıra & Hediyelik Objeler | Hediye Paketleme & Sunum | Tebrik Kartları, Davetiyeler & Kutlama Yazıları"
"hediyelik-obje","3","hediye-hatira","Hediyelik & Parti > Hediye & Hatıra > Hediyelik Obje","Hediyelik Obje","hediyelik-obje","inactive_review","Hediyelik & Parti","Hatıra & Hediyelik Objeler","","","NO_TARGET_YET","RETIRE","HIGH","YES","","NO","0","Provisional target container inferred; exact L3/L4 successor awaits owner-final lower-level design. Legacy node is not active/assignable; retain historical identity but do not make it assignable."
"magnet-turistik-hatira","3","hediye-hatira","Hediyelik & Parti > Hediye & Hatıra > Magnet & Turistik Hatıra","Magnet & Turistik Hatıra","magnet-turistik-hatira","active","Hediyelik & Parti","Hatıra & Hediyelik Objeler","","","PROVISIONAL_PROPOSAL","UNRESOLVED","MEDIUM","YES","","NO","0","Provisional target container inferred; exact L3/L4 successor awaits owner-final lower-level design."
"tespih-manevi-hediyelik","3","hediye-hatira","Hediyelik & Parti > Hediye & Hatıra > Tespih & Manevi Hediyelik","Tespih & Manevi Hediyelik","tespih-manevi-hediyelik","active","Hediyelik & Parti","Hatıra & Hediyelik Objeler","","","PROVISIONAL_PROPOSAL","UNRESOLVED","MEDIUM","YES","","NO","0","Provisional target container inferred; exact L3/L4 successor awaits owner-final lower-level design."
"nikah-nisan-bebek-hatirasi","3","hediye-hatira","Hediyelik & Parti > Hediye & Hatıra > Nikah, Nişan & Bebek Hatırası","Nikah, Nişan & Bebek Hatırası","nikah-nisan-bebek-hatirasi","active","Hediyelik & Parti","Hatıra & Hediyelik Objeler","","","PROVISIONAL_PROPOSAL","UNRESOLVED","MEDIUM","YES","","NO","0","Provisional target container inferred; exact L3/L4 successor awaits owner-final lower-level design."
"parti-kutlama","2","hediyelik-parti","Hediyelik & Parti > Parti & Kutlama","Parti & Kutlama","parti-kutlama","active","Hediyelik & Parti","","","","PROVISIONAL_PROPOSAL","SPLIT","MEDIUM","YES","","NO","6","Provisional L2 candidates: Balon & Balon Aksesuarları | Parti Süsleri & Mekân Dekorasyonu | Parti Sofrası & Servis Ürünleri | Kostüm, Maske & Parti Aksesuarları | Pasta Süsleme & Kutlama Aksesuarları | Parti Eğlence & Fotoğraf Aksesuarları"
"balon","3","parti-kutlama","Hediyelik & Parti > Parti & Kutlama > Balon","Balon","balon","active","Hediyelik & Parti","Balon & Balon Aksesuarları","","","PROVISIONAL_PROPOSAL","UNRESOLVED","MEDIUM","YES","age_sensitive","NO","0","Provisional target container inferred; exact L3/L4 successor awaits owner-final lower-level design. Policy/risk gate remains independent of taxonomy placement."
"parti-susleme-seti","3","parti-kutlama","Hediyelik & Parti > Parti & Kutlama > Parti Süsleme Seti","Parti Süsleme Seti","parti-susleme-seti","active","Hediyelik & Parti","Parti Süsleri & Mekân Dekorasyonu","","","PROVISIONAL_PROPOSAL","UNRESOLVED","MEDIUM","YES","","NO","0","Provisional target container inferred; exact L3/L4 successor awaits owner-final lower-level design."
"tek-kullanimlik-parti-sofrasi","3","parti-kutlama","Hediyelik & Parti > Parti & Kutlama > Tek Kullanımlık Parti Sofrası","Tek Kullanımlık Parti Sofrası","tek-kullanimlik-parti-sofrasi","active","Hediyelik & Parti","Parti Sofrası & Servis Ürünleri","","","PROVISIONAL_PROPOSAL","UNRESOLVED","MEDIUM","YES","","NO","0","Provisional target container inferred; exact L3/L4 successor awaits owner-final lower-level design."
"pasta-mumu-kutlama-aksesuari","3","parti-kutlama","Hediyelik & Parti > Parti & Kutlama > Pasta Mumu & Kutlama Aksesuarı","Pasta Mumu & Kutlama Aksesuarı","pasta-mumu-kutlama-aksesuari","active","Hediyelik & Parti","Pasta Süsleme & Kutlama Aksesuarları","","","PROVISIONAL_PROPOSAL","UNRESOLVED","MEDIUM","YES","safety_critical","NO","0","Provisional target container inferred; exact L3/L4 successor awaits owner-final lower-level design. Policy/risk gate remains independent of taxonomy placement."
"kostum-partisi-aksesuari","3","parti-kutlama","Hediyelik & Parti > Parti & Kutlama > Kostüm Partisi Aksesuarı","Kostüm Partisi Aksesuarı","kostum-partisi-aksesuari","active","Hediyelik & Parti","Kostüm, Maske & Parti Aksesuarları","","","PROVISIONAL_PROPOSAL","UNRESOLVED","MEDIUM","YES","","NO","0","Provisional target container inferred; exact L3/L4 successor awaits owner-final lower-level design."
