"ID","NAME","PARENT_ID","SORT_ORDER","IS_ACTIVE","SOURCE_KEY","SLUG","LEVEL","LIFECYCLE_STATE","IS_ASSIGNABLE","POLICY_CLASS","PROFESSIONAL_REVIEW_STATUS","TAXONOMY_VERSION"
"714f42ff-37ee-466c-9726-796097910936","Gıda & İçecek","","1","FALSE","CANONICAL-000001","g-da-icecek-000001","1","staged","FALSE","NORMAL","not_required","canonical-v1.0.0"
"645f6241-56f9-4f60-a520-24a811512930","Taze Meyve & Sebze","714f42ff-37ee-466c-9726-796097910936","1","FALSE","CANONICAL-000002","taze-meyve-sebze-000002","2","staged","FALSE","NORMAL","not_required","canonical-v1.0.0"
"3bf17f8c-d2fc-4596-a3d3-e570166a8b8a","Taze Meyve","645f6241-56f9-4f60-a520-24a811512930","1","FALSE","CANONICAL-000003","taze-meyve-000003","3","staged","FALSE","NORMAL","not_required","canonical-v1.0.0"
"805f433d-0480-4b6c-8088-15b71a3085f6","Taze Sebze","645f6241-56f9-4f60-a520-24a811512930","2","FALSE","CANONICAL-000004","taze-sebze-000004","3","staged","FALSE","NORMAL","not_required","canonical-v1.0.0"
"9b1d4f7a-efdf-439b-ba1a-8fad64c98a18","Mantar","645f6241-56f9-4f60-a520-24a811512930","3","FALSE","CANONICAL-000005","mantar-000005","3","staged","FALSE","NORMAL","not_required","canonical-v1.0.0"
"96656e93-cd63-49e5-b39c-cbd24364f9b4","Taze Ot & Yeşillik","645f6241-56f9-4f60-a520-24a811512930","4","FALSE","CANONICAL-000006","taze-ot-yesillik-000006","3","staged","FALSE","NORMAL","not_required","canonical-v1.0.0"
"7b544021-bf6b-4fc0-baa5-2ade3d99d7e7","Et, Tavuk, Balık & Şarküteri","714f42ff-37ee-466c-9726-796097910936","2","FALSE","CANONICAL-000007","et-tavuk-bal-k-sarkuteri-000007","2","staged","FALSE","REGULATED","pending","canonical-v1.0.0"
"379e9f64-047c-4fd4-98e8-0acd75a9cf80","Kırmızı Et","7b544021-bf6b-4fc0-baa5-2ade3d99d7e7","1","FALSE","CANONICAL-000008","k-rm-z-et-000008","3","staged","FALSE","REGULATED","pending","canonical-v1.0.0"
"056da839-a77a-4539-a6d8-48523f0508dd","Tavuk & Kanatlı","7b544021-bf6b-4fc0-baa5-2ade3d99d7e7","2","FALSE","CANONICAL-000009","tavuk-kanatl-000009","3","staged","FALSE","REGULATED","pending","canonical-v1.0.0"
"dfc97fff-ec18-4d9c-a365-f6e3373fc300","Balık & Deniz Ürünleri","7b544021-bf6b-4fc0-baa5-2ade3d99d7e7","3","FALSE","CANONICAL-000010","bal-k-deniz-urunleri-000010","3","staged","FALSE","REGULATED","pending","canonical-v1.0.0"
"6c1ee017-c0ed-4eab-be94-992aad9fa1c8","Şarküteri Ürünleri","7b544021-bf6b-4fc0-baa5-2ade3d99d7e7","4","FALSE","CANONICAL-000011","sarkuteri-urunleri-000011","3","staged","FALSE","REGULATED","pending","canonical-v1.0.0"
"99afb20e-3adf-4892-aa5f-d88ac74726c9","Süt Ürünleri & Yumurta","714f42ff-37ee-466c-9726-796097910936","3","FALSE","CANONICAL-000012","sut-urunleri-yumurta-000012","2","staged","FALSE","REGULATED","pending","canonical-v1.0.0"
"41c349e6-6e2f-41fb-be06-2a8ec864bb2f","Süt","99afb20e-3adf-4892-aa5f-d88ac74726c9","1","FALSE","CANONICAL-000013","sut-000013","3","staged","FALSE","REGULATED","pending","canonical-v1.0.0"
"57381e62-915b-4011-87cc-f0d149ba5f5b","Yoğurt","99afb20e-3adf-4892-aa5f-d88ac74726c9","2","FALSE","CANONICAL-000014","yogurt-000014","3","staged","FALSE","REGULATED","pending","canonical-v1.0.0"
"d33ba6c3-fa3d-4e30-86ba-ad6d5f8ec198","Peynir","99afb20e-3adf-4892-aa5f-d88ac74726c9","3","FALSE","CANONICAL-000015","peynir-000015","3","staged","FALSE","REGULATED","pending","canonical-v1.0.0"
"19e05c96-0129-4069-bc97-a5a945c9a057","Ayran & Kefir","99afb20e-3adf-4892-aa5f-d88ac74726c9","4","FALSE","CANONICAL-000016","ayran-kefir-000016","3","staged","FALSE","REGULATED","pending","canonical-v1.0.0"
"a4070730-0f30-4894-b41e-e983cd0a4d33","Tereyağı & Krema","99afb20e-3adf-4892-aa5f-d88ac74726c9","5","FALSE","CANONICAL-000017","tereyag-krema-000017","3","staged","FALSE","REGULATED","pending","canonical-v1.0.0"
"426c30c9-1532-45a5-9ff6-c4f3858ef6ca","Yumurta","99afb20e-3adf-4892-aa5f-d88ac74726c9","6","FALSE","CANONICAL-000018","yumurta-000018","3","staged","FALSE","REGULATED","pending","canonical-v1.0.0"
"2b4458bb-3de0-46cd-a2f6-815d3cd3fcb5","Ekmek, Unlu Mamuller & Pastacılık","714f42ff-37ee-466c-9726-796097910936","4","FALSE","CANONICAL-000019","ekmek-unlu-mamuller-pastac-l-k-000019","2","staged","FALSE","REGULATED","pending","canonical-v1.0.0"
"064d6b72-9e6c-4efd-841f-69dac600ed62","Ekmekler","2b4458bb-3de0-46cd-a2f6-815d3cd3fcb5","1","FALSE","CANONICAL-000020","ekmekler-000020","3","staged","FALSE","NORMAL","not_required","canonical-v1.0.0"
"b54d45e6-8e79-430b-b2e6-e48fc2ecb299","Simit, Poğaça & Börek","2b4458bb-3de0-46cd-a2f6-815d3cd3fcb5","2","FALSE","CANONICAL-000021","simit-pogaca-borek-000021","3","staged","FALSE","NORMAL","not_required","canonical-v1.0.0"
"1faa1628-adb2-4927-9391-3be8f0e1c0d6","Kek, Kurabiye & Paketli Unlu Mamuller","2b4458bb-3de0-46cd-a2f6-815d3cd3fcb5","3","FALSE","CANONICAL-000022","kek-kurabiye-paketli-unlu-mamuller-000022","3","staged","FALSE","NORMAL","not_required","canonical-v1.0.0"
"822d3223-fc2f-446f-9002-961a13395f56","Pasta & Pastane Tatlıları","2b4458bb-3de0-46cd-a2f6-815d3cd3fcb5","4","FALSE","CANONICAL-000023","pasta-pastane-tatl-lar-000023","3","staged","FALSE","REGULATED","pending","canonical-v1.0.0"
"00afeab7-ccc6-49fb-99f5-be6f868cd12b","Bakliyat, Tahıl & Makarna","714f42ff-37ee-466c-9726-796097910936","5","FALSE","CANONICAL-000024","bakliyat-tah-l-makarna-000024","2","staged","FALSE","NORMAL","not_required","canonical-v1.0.0"
"1c802cb7-24ef-465f-8cae-a85adc283637","Bakliyat","00afeab7-ccc6-49fb-99f5-be6f868cd12b","1","FALSE","CANONICAL-000025","bakliyat-000025","3","staged","FALSE","NORMAL","not_required","canonical-v1.0.0"
"d06e3b25-40b6-48f1-bd14-13ae4d1378b2","Mercimek","1c802cb7-24ef-465f-8cae-a85adc283637","1","FALSE","CANONICAL-000026","mercimek-000026","4","staged","FALSE","NORMAL","not_required","canonical-v1.0.0"
"02a9722f-b0f4-4203-b222-1a47d02993f1","Nohut","1c802cb7-24ef-465f-8cae-a85adc283637","2","FALSE","CANONICAL-000027","nohut-000027","4","staged","FALSE","NORMAL","not_required","canonical-v1.0.0"
"860a7ac7-3ec7-42ad-9b74-925967b666a7","Kuru Fasulye & Diğer Bakliyat","1c802cb7-24ef-465f-8cae-a85adc283637","3","FALSE","CANONICAL-000028","kuru-fasulye-diger-bakliyat-000028","4","staged","FALSE","NORMAL","not_required","canonical-v1.0.0"
"8f7811ef-faba-4f9d-bb62-90012af7ceae","Pirinç & Bulgur","00afeab7-ccc6-49fb-99f5-be6f868cd12b","2","FALSE","CANONICAL-000029","pirinc-bulgur-000029","3","staged","FALSE","NORMAL","not_required","canonical-v1.0.0"
"d7d00dc3-a64e-49dd-bd1c-af5898759d01","Tahıl, Yulaf & Hububat","00afeab7-ccc6-49fb-99f5-be6f868cd12b","3","FALSE","CANONICAL-000030","tah-l-yulaf-hububat-000030","3","staged","FALSE","NORMAL","not_required","canonical-v1.0.0"
"e3a6976d-4b89-44db-9202-06dbd2d836ef","Makarna & Erişte","00afeab7-ccc6-49fb-99f5-be6f868cd12b","4","FALSE","CANONICAL-000031","makarna-eriste-000031","3","staged","FALSE","NORMAL","not_required","canonical-v1.0.0"
"564ac894-3ae8-4f90-afde-1fd8b0dd1ed2","Un, Şeker & Pişirme Malzemeleri","714f42ff-37ee-466c-9726-796097910936","6","FALSE","CANONICAL-000032","un-seker-pisirme-malzemeleri-000032","2","staged","FALSE","NORMAL","not_required","canonical-v1.0.0"
"fb2d209c-0781-4e3f-8c8d-1c8813896c58","Unlar","564ac894-3ae8-4f90-afde-1fd8b0dd1ed2","1","FALSE","CANONICAL-000033","unlar-000033","3","staged","FALSE","NORMAL","not_required","canonical-v1.0.0"
"2c5d7dd3-8f88-4f0e-861a-cf7aef34f69a","Şeker & Tatlandırıcılar","564ac894-3ae8-4f90-afde-1fd8b0dd1ed2","2","FALSE","CANONICAL-000034","seker-tatland-r-c-lar-000034","3","staged","FALSE","NORMAL","not_required","canonical-v1.0.0"
"4ad7e9be-3b1a-4604-88d3-8e62156505b8","Maya & Kabartma Ürünleri","564ac894-3ae8-4f90-afde-1fd8b0dd1ed2","3","FALSE","CANONICAL-000035","maya-kabartma-urunleri-000035","3","staged","FALSE","NORMAL","not_required","canonical-v1.0.0"
"fe3611fa-7ec3-43d7-92a1-c94647f3723c","Kakao & Pişirme Çikolatası","564ac894-3ae8-4f90-afde-1fd8b0dd1ed2","4","FALSE","CANONICAL-000036","kakao-pisirme-cikolatas-000036","3","staged","FALSE","NORMAL","not_required","canonical-v1.0.0"
"1c29d7d7-3e90-4ac6-a695-99f0e5a83494","Pasta Süsleme & Dolgu Malzemeleri","564ac894-3ae8-4f90-afde-1fd8b0dd1ed2","5","FALSE","CANONICAL-000037","pasta-susleme-dolgu-malzemeleri-000037","3","staged","FALSE","NORMAL","not_required","canonical-v1.0.0"
"bcd6c281-00fd-4f6e-b644-02465abb5eca","Yağ & Sirke","714f42ff-37ee-466c-9726-796097910936","7","FALSE","CANONICAL-000038","yag-sirke-000038","2","staged","FALSE","NORMAL","not_required","canonical-v1.0.0"
"7420b0b1-054f-4aa5-a888-4f95c6228750","Yemeklik Yağlar","bcd6c281-00fd-4f6e-b644-02465abb5eca","1","FALSE","CANONICAL-000039","yemeklik-yaglar-000039","3","staged","FALSE","NORMAL","not_required","canonical-v1.0.0"
"f7d0bbfd-4908-4edc-8501-13aa1bdbd2a5","Zeytinyağı","7420b0b1-054f-4aa5-a888-4f95c6228750","1","FALSE","CANONICAL-000040","zeytinyag-000040","4","staged","FALSE","NORMAL","not_required","canonical-v1.0.0"
"1d4933d5-55d4-45f1-9b09-86c374472646","Bitkisel Sıvı Yağlar","7420b0b1-054f-4aa5-a888-4f95c6228750","2","FALSE","CANONICAL-000041","bitkisel-s-v-yaglar-000041","4","staged","FALSE","NORMAL","not_required","canonical-v1.0.0"
"844918ea-c131-41c2-9f3d-b47d024b2318","Katı Yemeklik Yağlar","7420b0b1-054f-4aa5-a888-4f95c6228750","3","FALSE","CANONICAL-000042","kat-yemeklik-yaglar-000042","4","staged","FALSE","NORMAL","not_required","canonical-v1.0.0"
"ca6c089a-fe5c-4cba-b7a0-3a0e718707f9","Sirke","bcd6c281-00fd-4f6e-b644-02465abb5eca","2","FALSE","CANONICAL-000043","sirke-000043","3","staged","FALSE","NORMAL","not_required","canonical-v1.0.0"
"fe8a1c0e-65d8-4a3d-a3b0-a7294dc3b8e2","Kahvaltılık","714f42ff-37ee-466c-9726-796097910936","8","FALSE","CANONICAL-000044","kahvalt-l-k-000044","2","staged","FALSE","NORMAL","not_required","canonical-v1.0.0"
"668bf582-8953-4582-985a-28933b613569","Bal & Pekmez","fe8a1c0e-65d8-4a3d-a3b0-a7294dc3b8e2","1","FALSE","CANONICAL-000045","bal-pekmez-000045","3","staged","FALSE","NORMAL","not_required","canonical-v1.0.0"
"82a301a5-97cf-4341-a215-d5a8804a80d0","Reçel & Marmelat","fe8a1c0e-65d8-4a3d-a3b0-a7294dc3b8e2","2","FALSE","CANONICAL-000046","recel-marmelat-000046","3","staged","FALSE","NORMAL","not_required","canonical-v1.0.0"
"861d88fa-8b1d-4c14-a736-3d6d0879d0e0","Sürülebilir Ezme & Kremalar","fe8a1c0e-65d8-4a3d-a3b0-a7294dc3b8e2","3","FALSE","CANONICAL-000047","surulebilir-ezme-kremalar-000047","3","staged","FALSE","NORMAL","not_required","canonical-v1.0.0"
"772eb705-dd3c-465a-a27d-9749c60e9043","Zeytin","fe8a1c0e-65d8-4a3d-a3b0-a7294dc3b8e2","4","FALSE","CANONICAL-000048","zeytin-000048","3","staged","FALSE","NORMAL","not_required","canonical-v1.0.0"
"42b23611-1c78-4409-aa56-3a94a9462b5f","Kahvaltılık Gevrek & Granola","fe8a1c0e-65d8-4a3d-a3b0-a7294dc3b8e2","5","FALSE","CANONICAL-000049","kahvalt-l-k-gevrek-granola-000049","3","staged","FALSE","NORMAL","not_required","canonical-v1.0.0"
"0585f5a3-4923-48a1-934c-62ac5b62373b","Atıştırmalık, Şekerleme & Kuruyemiş","714f42ff-37ee-466c-9726-796097910936","9","FALSE","CANONICAL-000050","at-st-rmal-k-sekerleme-kuruyemis-000050","2","staged","FALSE","NORMAL","not_required","canonical-v1.0.0"
"7eb9cbe8-20b1-4642-a9a9-8d9d30dd3dfc","Çikolata","0585f5a3-4923-48a1-934c-62ac5b62373b","1","FALSE","CANONICAL-000051","cikolata-000051","3","staged","FALSE","NORMAL","not_required","canonical-v1.0.0"
"caf0e205-8a5b-40bb-a98f-3c01a39037c6","Şekerleme & Sakız","0585f5a3-4923-48a1-934c-62ac5b62373b","2","FALSE","CANONICAL-000052","sekerleme-sak-z-000052","3","staged","FALSE","NORMAL","not_required","canonical-v1.0.0"
"88629b61-6cae-4a7b-9a06-e9f9a71e87ba","Bisküvi, Kraker & Kek","0585f5a3-4923-48a1-934c-62ac5b62373b","3","FALSE","CANONICAL-000053","biskuvi-kraker-kek-000053","3","staged","FALSE","NORMAL","not_required","canonical-v1.0.0"
"65b68d69-1723-42de-8b13-6a3b32ebf501","Cips & Tuzlu Atıştırmalık","0585f5a3-4923-48a1-934c-62ac5b62373b","4","FALSE","CANONICAL-000054","cips-tuzlu-at-st-rmal-k-000054","3","staged","FALSE","NORMAL","not_required","canonical-v1.0.0"
"fa04d86e-8e0f-4bd8-8764-8c40bd565825","Kuruyemiş","0585f5a3-4923-48a1-934c-62ac5b62373b","5","FALSE","CANONICAL-000055","kuruyemis-000055","3","staged","FALSE","NORMAL","not_required","canonical-v1.0.0"
"7c70ca6a-ef04-4e37-b1d5-2a8315149885","Kuru Meyve","0585f5a3-4923-48a1-934c-62ac5b62373b","6","FALSE","CANONICAL-000056","kuru-meyve-000056","3","staged","FALSE","NORMAL","not_required","canonical-v1.0.0"
"946936c7-c9ef-4045-a6e7-891cdbace1f8","Atıştırmalık Barlar","0585f5a3-4923-48a1-934c-62ac5b62373b","7","FALSE","CANONICAL-000057","at-st-rmal-k-barlar-000057","3","staged","FALSE","NORMAL","not_required","canonical-v1.0.0"
"94b62cce-bf66-42da-a3e7-5e25371112bc","Alkolsüz İçecekler","714f42ff-37ee-466c-9726-796097910936","10","FALSE","CANONICAL-000058","alkolsuz-icecekler-000058","2","staged","FALSE","LEGAL_REVIEW_REQUIRED","pending","canonical-v1.0.0"
"b660ccee-3a5a-4e56-817c-f19b6c649a86","Su & Maden Suyu","94b62cce-bf66-42da-a3e7-5e25371112bc","1","FALSE","CANONICAL-000059","su-maden-suyu-000059","3","staged","FALSE","NORMAL","not_required","canonical-v1.0.0"
"8524f2f1-f2bb-486b-bb65-08272e8255d5","Gazlı İçecekler","94b62cce-bf66-42da-a3e7-5e25371112bc","2","FALSE","CANONICAL-000060","gazl-icecekler-000060","3","staged","FALSE","NORMAL","not_required","canonical-v1.0.0"
"85f4d3c4-c4f0-4efa-af94-f40cc8408378","Meyve Suyu & Meyveli İçecekler","94b62cce-bf66-42da-a3e7-5e25371112bc","3","FALSE","CANONICAL-000061","meyve-suyu-meyveli-icecekler-000061","3","staged","FALSE","NORMAL","not_required","canonical-v1.0.0"
"d746b1a6-1d3f-4f42-a342-fdd4fd5433c7","Çay","94b62cce-bf66-42da-a3e7-5e25371112bc","4","FALSE","CANONICAL-000062","cay-000062","3","staged","FALSE","NORMAL","not_required","canonical-v1.0.0"
"c487428f-976b-4168-bab6-fdc9296fc581","Kahve","94b62cce-bf66-42da-a3e7-5e25371112bc","5","FALSE","CANONICAL-000063","kahve-000063","3","staged","FALSE","NORMAL","not_required","canonical-v1.0.0"
"2b9a9054-4f9d-4007-bf86-420fc8e9688f","Bitki & Meyve Çayları","94b62cce-bf66-42da-a3e7-5e25371112bc","6","FALSE","CANONICAL-000064","bitki-meyve-caylar-000064","3","staged","FALSE","LEGAL_REVIEW_REQUIRED","pending","canonical-v1.0.0"
"aa82b63b-1a34-4773-988c-13e5f4db4d42","İçecek Tozları & Konsantreler","94b62cce-bf66-42da-a3e7-5e25371112bc","7","FALSE","CANONICAL-000065","icecek-tozlar-konsantreler-000065","3","staged","FALSE","NORMAL","not_required","canonical-v1.0.0"
"d29e0bb9-5b36-45d4-82a9-b56b76aed724","Sos, Baharat & Çeşni","714f42ff-37ee-466c-9726-796097910936","11","FALSE","CANONICAL-000066","sos-baharat-cesni-000066","2","staged","FALSE","NORMAL","not_required","canonical-v1.0.0"
"f70e58f9-6856-4c4f-aa0d-96e2228bb1e0","Salça","d29e0bb9-5b36-45d4-82a9-b56b76aed724","1","FALSE","CANONICAL-000067","salca-000067","3","staged","FALSE","NORMAL","not_required","canonical-v1.0.0"
"9196b8aa-3a71-4c0b-b08b-597848411641","Sofra Sosları","d29e0bb9-5b36-45d4-82a9-b56b76aed724","2","FALSE","CANONICAL-000068","sofra-soslar-000068","3","staged","FALSE","NORMAL","not_required","canonical-v1.0.0"
"7eedd164-46fb-4b0b-8acd-378c0d67512c","Yemek & Pişirme Sosları","d29e0bb9-5b36-45d4-82a9-b56b76aed724","3","FALSE","CANONICAL-000069","yemek-pisirme-soslar-000069","3","staged","FALSE","NORMAL","not_required","canonical-v1.0.0"
"8a871bc6-3786-4cec-a914-c408f3eb6b1c","Baharatlar","d29e0bb9-5b36-45d4-82a9-b56b76aed724","4","FALSE","CANONICAL-000070","baharatlar-000070","3","staged","FALSE","NORMAL","not_required","canonical-v1.0.0"
"41baf285-9cc6-4d72-bfe1-571b0bd1380f","Tuz & Çeşni Karışımları","d29e0bb9-5b36-45d4-82a9-b56b76aed724","5","FALSE","CANONICAL-000071","tuz-cesni-kar-s-mlar-000071","3","staged","FALSE","NORMAL","not_required","canonical-v1.0.0"
"7b8a85d0-1dd1-4aba-96f2-838770ddf043","Konserve & Kavanoz Ürünleri","714f42ff-37ee-466c-9726-796097910936","12","FALSE","CANONICAL-000072","konserve-kavanoz-urunleri-000072","2","staged","FALSE","REGULATED","pending","canonical-v1.0.0"
"1cc5f1b6-fc41-474a-9b79-834662074e6a","Sebze & Bakliyat Konserveleri","7b8a85d0-1dd1-4aba-96f2-838770ddf043","1","FALSE","CANONICAL-000073","sebze-bakliyat-konserveleri-000073","3","staged","FALSE","NORMAL","not_required","canonical-v1.0.0"
"31b5d118-0ab7-4d2f-90d8-0b2fe1f35a36","Balık & Et Konserveleri","7b8a85d0-1dd1-4aba-96f2-838770ddf043","2","FALSE","CANONICAL-000074","bal-k-et-konserveleri-000074","3","staged","FALSE","REGULATED","pending","canonical-v1.0.0"
"4d607635-52bc-4fd9-b3ac-930e164495c1","Turşu","7b8a85d0-1dd1-4aba-96f2-838770ddf043","3","FALSE","CANONICAL-000075","tursu-000075","3","staged","FALSE","NORMAL","not_required","canonical-v1.0.0"
"bebbf6ae-ffcb-41b1-a501-ab23d2f2896d","Kavanozda Korunmuş Gıdalar","7b8a85d0-1dd1-4aba-96f2-838770ddf043","4","FALSE","CANONICAL-000076","kavanozda-korunmus-g-dalar-000076","3","staged","FALSE","NORMAL","not_required","canonical-v1.0.0"
"2441c0ba-976f-43b2-abae-6dbc3e5fa642","Hazır & Pratik Gıda","714f42ff-37ee-466c-9726-796097910936","13","FALSE","CANONICAL-000077","haz-r-pratik-g-da-000077","2","staged","FALSE","REGULATED","pending","canonical-v1.0.0"
"4c6d098e-e5ea-40c4-9879-770b3a6d54b0","Hazır Çorba","2441c0ba-976f-43b2-abae-6dbc3e5fa642","1","FALSE","CANONICAL-000078","haz-r-corba-000078","3","staged","FALSE","NORMAL","not_required","canonical-v1.0.0"
"58eb214f-2e2a-4534-89c1-dc5c303769fa","Noodle & Hızlı Makarna","2441c0ba-976f-43b2-abae-6dbc3e5fa642","2","FALSE","CANONICAL-000079","noodle-h-zl-makarna-000079","3","staged","FALSE","NORMAL","not_required","canonical-v1.0.0"
"3b68beca-5035-40cf-b12f-c8e28014530d","Paketli Hazır Yemek","2441c0ba-976f-43b2-abae-6dbc3e5fa642","3","FALSE","CANONICAL-000080","paketli-haz-r-yemek-000080","3","staged","FALSE","NORMAL","not_required","canonical-v1.0.0"
"636789b9-08f5-4803-ab6f-b7693381b382","Meze & Hazır Salata","2441c0ba-976f-43b2-abae-6dbc3e5fa642","4","FALSE","CANONICAL-000081","meze-haz-r-salata-000081","3","staged","FALSE","REGULATED","pending","canonical-v1.0.0"
"5a2dec08-1e95-4b00-a07d-62a8a94eddec","Hazır Karışımlar","2441c0ba-976f-43b2-abae-6dbc3e5fa642","5","FALSE","CANONICAL-000082","haz-r-kar-s-mlar-000082","3","staged","FALSE","NORMAL","not_required","canonical-v1.0.0"
"45504af4-44b8-4ab7-b47a-ff01b4dfe083","Donuk Gıda","714f42ff-37ee-466c-9726-796097910936","14","FALSE","CANONICAL-000083","donuk-g-da-000083","2","staged","FALSE","REGULATED","pending","canonical-v1.0.0"
"c7d8b27d-0c29-4886-bac0-1c99c861eb5e","Donuk Meyve & Sebze","45504af4-44b8-4ab7-b47a-ff01b4dfe083","1","FALSE","CANONICAL-000084","donuk-meyve-sebze-000084","3","staged","FALSE","REGULATED","pending","canonical-v1.0.0"
"7ed6daa5-d67d-46ef-8f71-6baafb80ffe1","Donuk Et, Tavuk & Balık","45504af4-44b8-4ab7-b47a-ff01b4dfe083","2","FALSE","CANONICAL-000085","donuk-et-tavuk-bal-k-000085","3","staged","FALSE","REGULATED","pending","canonical-v1.0.0"
"a8f15550-1c1c-4d36-9bb1-4f3b283f1320","Donuk Hamur & Fırın Ürünleri","45504af4-44b8-4ab7-b47a-ff01b4dfe083","3","FALSE","CANONICAL-000086","donuk-hamur-f-r-n-urunleri-000086","3","staged","FALSE","REGULATED","pending","canonical-v1.0.0"
"4203b372-db37-4fcd-a9b8-2e9ab451f0ce","Donuk Hazır Yemek & Atıştırmalık","45504af4-44b8-4ab7-b47a-ff01b4dfe083","4","FALSE","CANONICAL-000087","donuk-haz-r-yemek-at-st-rmal-k-000087","3","staged","FALSE","REGULATED","pending","canonical-v1.0.0"
"23c5d906-e75c-462a-8b93-bd2f2279e2e2","Dondurma & Donuk Tatlı","45504af4-44b8-4ab7-b47a-ff01b4dfe083","5","FALSE","CANONICAL-000088","dondurma-donuk-tatl-000088","3","staged","FALSE","REGULATED","pending","canonical-v1.0.0"
"737eb7ae-eb06-442b-83e0-f02834950be7","Giyim & Moda","","2","FALSE","CANONICAL-000089","giyim-moda-000089","1","staged","FALSE","NORMAL","not_required","canonical-v1.0.0"
"93fed91c-0756-4749-9664-ac4e19bed07c","Üst Giyim","737eb7ae-eb06-442b-83e0-f02834950be7","1","FALSE","CANONICAL-000090","ust-giyim-000090","2","staged","FALSE","NORMAL","not_required","canonical-v1.0.0"
"6fc0742c-1233-4bec-afd9-5e805d9fb50d","Tişört","93fed91c-0756-4749-9664-ac4e19bed07c","1","FALSE","CANONICAL-000091","tisort-000091","3","staged","FALSE","NORMAL","not_required","canonical-v1.0.0"
"eec7990b-004f-44cb-8784-e25106179a63","Gömlek & Bluz","93fed91c-0756-4749-9664-ac4e19bed07c","2","FALSE","CANONICAL-000092","gomlek-bluz-000092","3","staged","FALSE","NORMAL","not_required","canonical-v1.0.0"
"9ba22fcd-a390-4c76-a948-30197dda9fe1","Kazak & Süveter","93fed91c-0756-4749-9664-ac4e19bed07c","3","FALSE","CANONICAL-000093","kazak-suveter-000093","3","staged","FALSE","NORMAL","not_required","canonical-v1.0.0"
"b6c304f5-c04f-4b5c-ab1f-061292a8a4d9","Hırka","93fed91c-0756-4749-9664-ac4e19bed07c","4","FALSE","CANONICAL-000094","h-rka-000094","3","staged","FALSE","NORMAL","not_required","canonical-v1.0.0"
"7ba74f25-77a0-4489-909f-f18a7b7614e6","Sweatshirt & Hoodie","93fed91c-0756-4749-9664-ac4e19bed07c","5","FALSE","CANONICAL-000095","sweatshirt-hoodie-000095","3","staged","FALSE","NORMAL","not_required","canonical-v1.0.0"
"fa5d20d2-f24c-4cdc-849c-44c9cf37f6a3","Tunik","93fed91c-0756-4749-9664-ac4e19bed07c","6","FALSE","CANONICAL-000096","tunik-000096","3","staged","FALSE","NORMAL","not_required","canonical-v1.0.0"
"f10ff4b7-919f-4d3d-b19c-2e69801f1662","Alt Giyim","737eb7ae-eb06-442b-83e0-f02834950be7","2","FALSE","CANONICAL-000097","alt-giyim-000097","2","staged","FALSE","NORMAL","not_required","canonical-v1.0.0"
"0f922061-8442-4a46-9758-df9ce35d59f7","Pantolon","f10ff4b7-919f-4d3d-b19c-2e69801f1662","1","FALSE","CANONICAL-000098","pantolon-000098","3","staged","FALSE","NORMAL","not_required","canonical-v1.0.0"
"16a9b4c4-439b-4944-ab4e-62c03138dd2d","Jean","f10ff4b7-919f-4d3d-b19c-2e69801f1662","2","FALSE","CANONICAL-000099","jean-000099","3","staged","FALSE","NORMAL","not_required","canonical-v1.0.0"
"2e7651e3-45cb-4691-a8d0-5110109a51e8","Etek","f10ff4b7-919f-4d3d-b19c-2e69801f1662","3","FALSE","CANONICAL-000100","etek-000100","3","staged","FALSE","NORMAL","not_required","canonical-v1.0.0"
"b628c5e0-15b5-4443-a566-48e40a2d7cd6","Şort","f10ff4b7-919f-4d3d-b19c-2e69801f1662","4","FALSE","CANONICAL-000101","sort-000101","3","staged","FALSE","NORMAL","not_required","canonical-v1.0.0"
"9c6cd28b-598a-4ab3-9434-24dd150cdc5b","Tayt","f10ff4b7-919f-4d3d-b19c-2e69801f1662","5","FALSE","CANONICAL-000102","tayt-000102","3","staged","FALSE","NORMAL","not_required","canonical-v1.0.0"
"721c26b7-de40-4860-be7a-2ee0b38346c2","Eşofman Altı","f10ff4b7-919f-4d3d-b19c-2e69801f1662","6","FALSE","CANONICAL-000103","esofman-alt-000103","3","staged","FALSE","NORMAL","not_required","canonical-v1.0.0"
"6d52587b-4992-4fe5-a66a-e36efe6e9260","Elbise & Tulum","737eb7ae-eb06-442b-83e0-f02834950be7","3","FALSE","CANONICAL-000104","elbise-tulum-000104","2","staged","FALSE","NORMAL","pending","canonical-v1.0.0"
"dfa232fa-b998-42c8-9229-e7fc1b8eb238","Elbiseler","6d52587b-4992-4fe5-a66a-e36efe6e9260","1","FALSE","CANONICAL-000105","elbiseler-000105","3","staged","FALSE","NORMAL","not_required","canonical-v1.0.0"
"839dc7fd-092d-4c66-9b22-4df13f551446","Tulumlar","6d52587b-4992-4fe5-a66a-e36efe6e9260","2","FALSE","CANONICAL-000106","tulumlar-000106","3","staged","FALSE","NORMAL","not_required","canonical-v1.0.0"
"81aaa766-0001-4e48-8e59-462780bbb317","Ferace & Abaya","6d52587b-4992-4fe5-a66a-e36efe6e9260","3","FALSE","CANONICAL-000107","ferace-abaya-000107","3","staged","FALSE","NORMAL","pending","canonical-v1.0.0"
"e4007055-ee37-4906-ad57-edca35eea551","Takım & Kombinler","737eb7ae-eb06-442b-83e0-f02834950be7","4","FALSE","CANONICAL-000108","tak-m-kombinler-000108","2","staged","FALSE","NORMAL","not_required","canonical-v1.0.0"
"a0e439f0-0c88-42c7-9aac-43663b802806","Takım Elbise","e4007055-ee37-4906-ad57-edca35eea551","1","FALSE","CANONICAL-000109","tak-m-elbise-000109","3","staged","FALSE","NORMAL","not_required","canonical-v1.0.0"
"4a597f73-00c0-4e95-9279-01066ac80a38","Eşofman Takımı","e4007055-ee37-4906-ad57-edca35eea551","2","FALSE","CANONICAL-000110","esofman-tak-m-000110","3","staged","FALSE","NORMAL","not_required","canonical-v1.0.0"
"eb683d42-1373-4ac6-b26b-acf632c39e2c","Koordineli Alt-Üst Takımlar","e4007055-ee37-4906-ad57-edca35eea551","3","FALSE","CANONICAL-000111","koordineli-alt-ust-tak-mlar-000111","3","staged","FALSE","NORMAL","not_required","canonical-v1.0.0"
"c855ea30-a536-4906-8e98-e3e00c817e28","Dış Giyim","737eb7ae-eb06-442b-83e0-f02834950be7","5","FALSE","CANONICAL-000112","d-s-giyim-000112","2","staged","FALSE","NORMAL","not_required","canonical-v1.0.0"
"64e13442-e0b1-45f9-aa12-152bf67de326","Kaban & Pardösü","c855ea30-a536-4906-8e98-e3e00c817e28","1","FALSE","CANONICAL-000113","kaban-pardosu-000113","3","staged","FALSE","NORMAL","not_required","canonical-v1.0.0"
"02e46a96-d7a4-4846-80d5-6c64d746766b","Mont & Parka","c855ea30-a536-4906-8e98-e3e00c817e28","2","FALSE","CANONICAL-000114","mont-parka-000114","3","staged","FALSE","NORMAL","not_required","canonical-v1.0.0"
"d2f24a5b-27e0-421d-a6b9-579a7273009f","Ceket & Blazer","c855ea30-a536-4906-8e98-e3e00c817e28","3","FALSE","CANONICAL-000115","ceket-blazer-000115","3","staged","FALSE","NORMAL","not_required","canonical-v1.0.0"
"a553a6c1-e446-40a0-a7cb-6c2043ee92d2","Trençkot, Yağmurluk & Rüzgarlık","c855ea30-a536-4906-8e98-e3e00c817e28","4","FALSE","CANONICAL-000116","trenckot-yagmurluk-ruzgarl-k-000116","3","staged","FALSE","NORMAL","not_required","canonical-v1.0.0"
"cc95013d-76ba-4643-8ae1-9b36df3ee2b4","Yelek","c855ea30-a536-4906-8e98-e3e00c817e28","5","FALSE","CANONICAL-000117","yelek-000117","3","staged","FALSE","NORMAL","not_required","canonical-v1.0.0"
"1bec688b-cb6f-44c4-8d7c-ee17a4cfe9f3","İç Giyim","737eb7ae-eb06-442b-83e0-f02834950be7","6","FALSE","CANONICAL-000118","ic-giyim-000118","2","staged","FALSE","NORMAL","not_required","canonical-v1.0.0"
"b44c9f2b-7c72-44ea-9400-5d296f00b548","Külot & Boxer","1bec688b-cb6f-44c4-8d7c-ee17a4cfe9f3","1","FALSE","CANONICAL-000119","kulot-boxer-000119","3","staged","FALSE","NORMAL","not_required","canonical-v1.0.0"
"6c3751b4-0728-4479-aa71-633708f351c3","Sütyen & Bralet","1bec688b-cb6f-44c4-8d7c-ee17a4cfe9f3","2","FALSE","CANONICAL-000120","sutyen-bralet-000120","3","staged","FALSE","NORMAL","not_required","canonical-v1.0.0"
"a965dfb2-d63c-417c-b6e4-0de0f8d66d04","Korse","1bec688b-cb6f-44c4-8d7c-ee17a4cfe9f3","3","FALSE","CANONICAL-000121","korse-000121","3","staged","FALSE","NORMAL","not_required","canonical-v1.0.0"
"aac725cf-5856-4a67-a558-639aea0e4048","İçlik & Termal İç Giyim","1bec688b-cb6f-44c4-8d7c-ee17a4cfe9f3","4","FALSE","CANONICAL-000122","iclik-termal-ic-giyim-000122","3","staged","FALSE","NORMAL","not_required","canonical-v1.0.0"
"76086492-d59c-4677-bfb9-e726702e4255","Çorap & Külotlu Çorap","1bec688b-cb6f-44c4-8d7c-ee17a4cfe9f3","5","FALSE","CANONICAL-000123","corap-kulotlu-corap-000123","3","staged","FALSE","NORMAL","not_required","canonical-v1.0.0"
"646953fd-a423-4f17-ba35-761838f421f7","Ev & Uyku Giyimi","737eb7ae-eb06-442b-83e0-f02834950be7","7","FALSE","CANONICAL-000124","ev-uyku-giyimi-000124","2","staged","FALSE","NORMAL","not_required","canonical-v1.0.0"
"597425c9-d1b8-478e-83f3-42db8308961b","Pijama","646953fd-a423-4f17-ba35-761838f421f7","1","FALSE","CANONICAL-000125","pijama-000125","3","staged","FALSE","NORMAL","not_required","canonical-v1.0.0"
"317909a4-1a95-48e2-b91a-85b8cd187fd2","Gecelik & Sabahlık","646953fd-a423-4f17-ba35-761838f421f7","2","FALSE","CANONICAL-000126","gecelik-sabahl-k-000126","3","staged","FALSE","NORMAL","not_required","canonical-v1.0.0"
"cf77c09e-7bb7-48ff-8603-56aac7721f16","Ev Giyimi","646953fd-a423-4f17-ba35-761838f421f7","3","FALSE","CANONICAL-000127","ev-giyimi-000127","3","staged","FALSE","NORMAL","not_required","canonical-v1.0.0"
"690881a9-8b57-4cd2-a35f-4a5a3fa784bb","Spor & Performans Giyimi","737eb7ae-eb06-442b-83e0-f02834950be7","8","FALSE","CANONICAL-000128","spor-performans-giyimi-000128","2","staged","FALSE","NORMAL","pending","canonical-v1.0.0"
"ac137e01-9c22-4487-bcae-cc06fc84172b","Spor Üst Giyim","690881a9-8b57-4cd2-a35f-4a5a3fa784bb","1","FALSE","CANONICAL-000129","spor-ust-giyim-000129","3","staged","FALSE","NORMAL","not_required","canonical-v1.0.0"
"204e4844-d4c3-49c0-bd72-724ce255f08b","Spor Alt Giyim","690881a9-8b57-4cd2-a35f-4a5a3fa784bb","2","FALSE","CANONICAL-000130","spor-alt-giyim-000130","3","staged","FALSE","NORMAL","not_required","canonical-v1.0.0"
"3c4a80c0-3749-4ba2-9f77-c95f21b28083","Spor Tulum & Tek Parça","690881a9-8b57-4cd2-a35f-4a5a3fa784bb","3","FALSE","CANONICAL-000131","spor-tulum-tek-parca-000131","3","staged","FALSE","NORMAL","not_required","canonical-v1.0.0"
"40dc8727-005c-4062-8455-eae9dc26981d","Spor Sütyeni","690881a9-8b57-4cd2-a35f-4a5a3fa784bb","4","FALSE","CANONICAL-000132","spor-sutyeni-000132","3","staged","FALSE","NORMAL","pending","canonical-v1.0.0"
"ed38cd0d-917d-4be4-8bb9-9354d4267bdd","Teknik İç Katman","690881a9-8b57-4cd2-a35f-4a5a3fa784bb","5","FALSE","CANONICAL-000133","teknik-ic-katman-000133","3","staged","FALSE","NORMAL","pending","canonical-v1.0.0"
"d37c4244-df55-4e0f-8d12-90468f94daf0","Mayo & Plaj Giyimi","737eb7ae-eb06-442b-83e0-f02834950be7","9","FALSE","CANONICAL-000134","mayo-plaj-giyimi-000134","2","staged","FALSE","NORMAL","not_required","canonical-v1.0.0"
"8dfccf9d-d036-4ead-9ab9-fbbec15e8a64","Mayo","d37c4244-df55-4e0f-8d12-90468f94daf0","1","FALSE","CANONICAL-000135","mayo-000135","3","staged","FALSE","NORMAL","not_required","canonical-v1.0.0"
"305afd5a-3f50-4eea-9986-6d65a12033dd","Bikini & Tankini","d37c4244-df55-4e0f-8d12-90468f94daf0","2","FALSE","CANONICAL-000136","bikini-tankini-000136","3","staged","FALSE","NORMAL","not_required","canonical-v1.0.0"
"c4926b95-d465-474e-93fa-8fd5fde2e6e0","Yüzme Şortu","d37c4244-df55-4e0f-8d12-90468f94daf0","3","FALSE","CANONICAL-000137","yuzme-sortu-000137","3","staged","FALSE","NORMAL","not_required","canonical-v1.0.0"
"95ea8fff-55c9-47ef-9d02-3dcaa30c0552","Pareo & Plaj Üst Giyimi","d37c4244-df55-4e0f-8d12-90468f94daf0","4","FALSE","CANONICAL-000138","pareo-plaj-ust-giyimi-000138","3","staged","FALSE","NORMAL","not_required","canonical-v1.0.0"
"3ab5a76c-e4ac-4b0f-b6d0-16ebd76a93f3","İş Giyimi & Üniforma","737eb7ae-eb06-442b-83e0-f02834950be7","10","FALSE","CANONICAL-000139","is-giyimi-uniforma-000139","2","staged","FALSE","NORMAL","pending","canonical-v1.0.0"
"02820e85-3de1-4e5e-a682-ef6e19b08a24","Kurumsal Üniforma","3ab5a76c-e4ac-4b0f-b6d0-16ebd76a93f3","1","FALSE","CANONICAL-000140","kurumsal-uniforma-000140","3","staged","FALSE","NORMAL","not_required","canonical-v1.0.0"
"cc89a54b-1968-4bec-9c05-d65a689ab6c0","İş Tulumları","3ab5a76c-e4ac-4b0f-b6d0-16ebd76a93f3","2","FALSE","CANONICAL-000141","is-tulumlar-000141","3","staged","FALSE","NORMAL","pending","canonical-v1.0.0"
"3b11a6d3-c2f2-467b-a270-9f20ac9829d5","İş Önlüğü & Ceketi","3ab5a76c-e4ac-4b0f-b6d0-16ebd76a93f3","3","FALSE","CANONICAL-000142","is-onlugu-ceketi-000142","3","staged","FALSE","NORMAL","pending","canonical-v1.0.0"
"3767cb95-6117-49cc-9298-4f0e8eb5dbb3","Ayakkabı","","3","FALSE","CANONICAL-000143","ayakkab-000143","1","staged","FALSE","NORMAL","not_required","canonical-v1.0.0"
"500ef9c6-5f82-43d8-a922-5969a1c148e3","Günlük Ayakkabılar","3767cb95-6117-49cc-9298-4f0e8eb5dbb3","1","FALSE","CANONICAL-000144","gunluk-ayakkab-lar-000144","2","staged","FALSE","NORMAL","not_required","canonical-v1.0.0"
"40baf723-e808-4bdf-a7fd-6ab32f725681","Günlük Sneaker","500ef9c6-5f82-43d8-a922-5969a1c148e3","1","FALSE","CANONICAL-000145","gunluk-sneaker-000145","3","staged","FALSE","NORMAL","not_required","canonical-v1.0.0"
"3576d7fc-20ee-4266-97f7-6f83ec5306e1","Günlük Bağcıklı Ayakkabılar","500ef9c6-5f82-43d8-a922-5969a1c148e3","2","FALSE","CANONICAL-000146","gunluk-bagc-kl-ayakkab-lar-000146","3","staged","FALSE","NORMAL","not_required","canonical-v1.0.0"
"fd583558-0ba3-412e-9b49-14e3896e59ea","Loafer & Mokasen","500ef9c6-5f82-43d8-a922-5969a1c148e3","3","FALSE","CANONICAL-000147","loafer-mokasen-000147","3","staged","FALSE","NORMAL","not_required","canonical-v1.0.0"
"4386b060-001a-4e1d-9b54-af08b28135c2","Babet & Düz Ayakkabılar","500ef9c6-5f82-43d8-a922-5969a1c148e3","4","FALSE","CANONICAL-000148","babet-duz-ayakkab-lar-000148","3","staged","FALSE","NORMAL","not_required","canonical-v1.0.0"
"c6831969-d385-4ecd-baed-3f7c6f1a5ad8","Slip-on & Espadril","500ef9c6-5f82-43d8-a922-5969a1c148e3","5","FALSE","CANONICAL-000149","slip-on-espadril-000149","3","staged","FALSE","NORMAL","not_required","canonical-v1.0.0"
"0c4d9dca-98d3-42c2-b5fd-63e24e7d2095","Spor Ayakkabıları","3767cb95-6117-49cc-9298-4f0e8eb5dbb3","2","FALSE","CANONICAL-000150","spor-ayakkab-lar-000150","2","staged","FALSE","NORMAL","pending","canonical-v1.0.0"
"80423491-5d60-4ce1-9500-37557b0ccd81","Koşu & Yürüyüş Ayakkabıları","0c4d9dca-98d3-42c2-b5fd-63e24e7d2095","1","FALSE","CANONICAL-000151","kosu-yuruyus-ayakkab-lar-000151","3","staged","FALSE","NORMAL","not_required","canonical-v1.0.0"
"c78d46fc-34d4-4e76-8597-4166f81b25ed","Koşu Ayakkabıları","80423491-5d60-4ce1-9500-37557b0ccd81","1","FALSE","CANONICAL-000152","kosu-ayakkab-lar-000152","4","staged","FALSE","NORMAL","not_required","canonical-v1.0.0"
"6ea85c81-b463-4269-9d17-15479a5865f0","Yürüyüş Ayakkabıları","80423491-5d60-4ce1-9500-37557b0ccd81","2","FALSE","CANONICAL-000153","yuruyus-ayakkab-lar-000153","4","staged","FALSE","NORMAL","not_required","canonical-v1.0.0"
"a58c533a-7e55-43c9-86b8-7c212fbddc60","Antrenman & Salon Ayakkabıları","0c4d9dca-98d3-42c2-b5fd-63e24e7d2095","2","FALSE","CANONICAL-000154","antrenman-salon-ayakkab-lar-000154","3","staged","FALSE","NORMAL","not_required","canonical-v1.0.0"
"18e54caf-2f46-429d-b2b8-6ce30667bd0e","Takım Sporu Ayakkabıları","0c4d9dca-98d3-42c2-b5fd-63e24e7d2095","3","FALSE","CANONICAL-000155","tak-m-sporu-ayakkab-lar-000155","3","staged","FALSE","NORMAL","not_required","canonical-v1.0.0"
"5dbca40d-13a4-4a04-a9b3-4acd4244c782","Futbol Kramponları","18e54caf-2f46-429d-b2b8-6ce30667bd0e","1","FALSE","CANONICAL-000156","futbol-kramponlar-000156","4","staged","FALSE","NORMAL","not_required","canonical-v1.0.0"
"86f3b170-42c7-49a8-a700-f3d3fd740c1d","Basketbol Ayakkabıları","18e54caf-2f46-429d-b2b8-6ce30667bd0e","2","FALSE","CANONICAL-000157","basketbol-ayakkab-lar-000157","4","staged","FALSE","NORMAL","not_required","canonical-v1.0.0"
"cfb5d89c-570f-4bdb-b1e3-a7962a7aa1c1","Diğer Takım Sporu Ayakkabıları","18e54caf-2f46-429d-b2b8-6ce30667bd0e","3","FALSE","CANONICAL-000158","diger-tak-m-sporu-ayakkab-lar-000158","4","staged","FALSE","NORMAL","not_required","canonical-v1.0.0"
"c0d37770-eef0-42f8-97a9-549c8188368e","Raket Sporu Ayakkabıları","0c4d9dca-98d3-42c2-b5fd-63e24e7d2095","4","FALSE","CANONICAL-000159","raket-sporu-ayakkab-lar-000159","3","staged","FALSE","NORMAL","not_required","canonical-v1.0.0"
"c16a198a-fe73-4710-90a7-3629304c03fb","Outdoor & Trekking Ayakkabıları","0c4d9dca-98d3-42c2-b5fd-63e24e7d2095","5","FALSE","CANONICAL-000160","outdoor-trekking-ayakkab-lar-000160","3","staged","FALSE","NORMAL","pending","canonical-v1.0.0"
"1524fdb2-a1d8-433c-9202-75102b359d21","Klasik Ayakkabılar","3767cb95-6117-49cc-9298-4f0e8eb5dbb3","3","FALSE","CANONICAL-000161","klasik-ayakkab-lar-000161","2","staged","FALSE","NORMAL","not_required","canonical-v1.0.0"
"9a950bc5-0035-4fe4-9776-5333a65c5ea4","Oxford & Derby Ayakkabılar","1524fdb2-a1d8-433c-9202-75102b359d21","1","FALSE","CANONICAL-000162","oxford-derby-ayakkab-lar-000162","3","staged","FALSE","NORMAL","not_required","canonical-v1.0.0"
"a37e6d4b-644d-41e2-92a4-c4883ef29667","Klasik Loafer","1524fdb2-a1d8-433c-9202-75102b359d21","2","FALSE","CANONICAL-000163","klasik-loafer-000163","3","staged","FALSE","NORMAL","not_required","canonical-v1.0.0"
"e8b70a15-6b2b-4e11-98f3-bfca0475a0aa","Topuklu Ayakkabılar","1524fdb2-a1d8-433c-9202-75102b359d21","3","FALSE","CANONICAL-000164","topuklu-ayakkab-lar-000164","3","staged","FALSE","NORMAL","not_required","canonical-v1.0.0"
"159b5913-08c2-4b4c-a6ab-5e0b6dda2199","Davet & Abiye Ayakkabılar","1524fdb2-a1d8-433c-9202-75102b359d21","4","FALSE","CANONICAL-000165","davet-abiye-ayakkab-lar-000165","3","staged","FALSE","NORMAL","not_required","canonical-v1.0.0"
"f2c6d458-b8d9-4c22-8e09-c4f1347c3156","Bot & Çizmeler","3767cb95-6117-49cc-9298-4f0e8eb5dbb3","4","FALSE","CANONICAL-000166","bot-cizmeler-000166","2","staged","FALSE","NORMAL","pending","canonical-v1.0.0"
"cc48511d-e0ea-4020-a782-8535fd7cb0ed","Günlük Botlar","f2c6d458-b8d9-4c22-8e09-c4f1347c3156","1","FALSE","CANONICAL-000167","gunluk-botlar-000167","3","staged","FALSE","NORMAL","not_required","canonical-v1.0.0"
"80466496-e1af-4ebb-81f1-0f75469a41cd","Çizmeler","f2c6d458-b8d9-4c22-8e09-c4f1347c3156","2","FALSE","CANONICAL-000168","cizmeler-000168","3","staged","FALSE","NORMAL","not_required","canonical-v1.0.0"
"458c23a5-82e4-425c-b877-a4816a49d916","Yağmur Botları","f2c6d458-b8d9-4c22-8e09-c4f1347c3156","3","FALSE","CANONICAL-000169","yagmur-botlar-000169","3","staged","FALSE","NORMAL","pending","canonical-v1.0.0"
"caa70e70-f8a9-4f4d-84e2-8097da22f92a","Kar & Kış Botları","f2c6d458-b8d9-4c22-8e09-c4f1347c3156","4","FALSE","CANONICAL-000170","kar-k-s-botlar-000170","3","staged","FALSE","NORMAL","pending","canonical-v1.0.0"
"c50fd559-0cd6-4f3d-bcac-6c7994d9e551","Sandalet & Terlikler","3767cb95-6117-49cc-9298-4f0e8eb5dbb3","5","FALSE","CANONICAL-000171","sandalet-terlikler-000171","2","staged","FALSE","NORMAL","pending","canonical-v1.0.0"
"b0d6b9e9-9c12-4e67-9d73-f7a6079d989d","Sandaletler","c50fd559-0cd6-4f3d-bcac-6c7994d9e551","1","FALSE","CANONICAL-000172","sandaletler-000172","3","staged","FALSE","NORMAL","not_required","canonical-v1.0.0"
"24d09297-c222-40f5-a1f6-418550da60df","Ev Terlikleri","c50fd559-0cd6-4f3d-bcac-6c7994d9e551","2","FALSE","CANONICAL-000173","ev-terlikleri-000173","3","staged","FALSE","NORMAL","not_required","canonical-v1.0.0"
"c5ffcc5f-1c3d-42ab-b448-d7a714cfca9d","Plaj & Havuz Terlikleri","c50fd559-0cd6-4f3d-bcac-6c7994d9e551","3","FALSE","CANONICAL-000174","plaj-havuz-terlikleri-000174","3","staged","FALSE","NORMAL","not_required","canonical-v1.0.0"
"27fab915-66db-4e0a-9b65-01ac5d4589c1","Sabo & Mule","c50fd559-0cd6-4f3d-bcac-6c7994d9e551","4","FALSE","CANONICAL-000175","sabo-mule-000175","3","staged","FALSE","NORMAL","not_required","canonical-v1.0.0"
"b63113d1-5718-42df-810c-30f7d87dea08","Deniz Ayakkabıları","c50fd559-0cd6-4f3d-bcac-6c7994d9e551","5","FALSE","CANONICAL-000176","deniz-ayakkab-lar-000176","3","staged","FALSE","NORMAL","pending","canonical-v1.0.0"
"181b52d0-3e52-41c1-b21a-8865caec1a52","Çocuk & Bebek Ayakkabıları","3767cb95-6117-49cc-9298-4f0e8eb5dbb3","6","FALSE","CANONICAL-000177","cocuk-bebek-ayakkab-lar-000177","2","staged","FALSE","NORMAL","pending","canonical-v1.0.0"
"266f3c7c-e902-422f-a6e1-13f3c6571f24","Bebek & İlk Adım Ayakkabıları","181b52d0-3e52-41c1-b21a-8865caec1a52","1","FALSE","CANONICAL-000178","bebek-ilk-ad-m-ayakkab-lar-000178","3","staged","FALSE","NORMAL","pending","canonical-v1.0.0"
"ad414dd3-1f0e-43c6-ae07-5682e7a5d1a4","Çocuk Günlük Ayakkabıları","181b52d0-3e52-41c1-b21a-8865caec1a52","2","FALSE","CANONICAL-000179","cocuk-gunluk-ayakkab-lar-000179","3","staged","FALSE","NORMAL","pending","canonical-v1.0.0"
"20cd410c-342b-4fdc-913c-349ef48092b6","Çocuk Spor Ayakkabıları","181b52d0-3e52-41c1-b21a-8865caec1a52","3","FALSE","CANONICAL-000180","cocuk-spor-ayakkab-lar-000180","3","staged","FALSE","NORMAL","pending","canonical-v1.0.0"
"80aa77cf-fb3c-41ca-84b4-33849612c017","Okul Ayakkabıları","181b52d0-3e52-41c1-b21a-8865caec1a52","4","FALSE","CANONICAL-000181","okul-ayakkab-lar-000181","3","staged","FALSE","NORMAL","pending","canonical-v1.0.0"
"df49c749-19c8-4af8-b920-ba3eca2517b7","Çocuk Bot & Çizmeleri","181b52d0-3e52-41c1-b21a-8865caec1a52","5","FALSE","CANONICAL-000182","cocuk-bot-cizmeleri-000182","3","staged","FALSE","NORMAL","pending","canonical-v1.0.0"
"73b582dc-8582-48cc-b4e3-a78cf08f2ed2","Çocuk Sandalet & Terlikleri","181b52d0-3e52-41c1-b21a-8865caec1a52","6","FALSE","CANONICAL-000183","cocuk-sandalet-terlikleri-000183","3","staged","FALSE","NORMAL","pending","canonical-v1.0.0"
"ca3a855a-8eb7-4f2a-adfb-4a30e469b1b9","İş & Profesyonel Ayakkabılar","3767cb95-6117-49cc-9298-4f0e8eb5dbb3","7","FALSE","CANONICAL-000184","is-profesyonel-ayakkab-lar-000184","2","staged","FALSE","REGULATED","pending","canonical-v1.0.0"
"3574cf86-6bcb-4cd1-9c88-4b3bffa75af8","Kaymaz Profesyonel Ayakkabılar","ca3a855a-8eb7-4f2a-adfb-4a30e469b1b9","1","FALSE","CANONICAL-000185","kaymaz-profesyonel-ayakkab-lar-000185","3","staged","FALSE","REGULATED","pending","canonical-v1.0.0"
"687f86c2-7e54-42e9-ba8f-61ebf30b7e30","Profesyonel Sabo & Terlikler","ca3a855a-8eb7-4f2a-adfb-4a30e469b1b9","2","FALSE","CANONICAL-000186","profesyonel-sabo-terlikler-000186","3","staged","FALSE","REGULATED","pending","canonical-v1.0.0"
"3bdfa491-3c5d-4da3-bf1c-fe89a3377b09","Üniforma & Servis Ayakkabıları","ca3a855a-8eb7-4f2a-adfb-4a30e469b1b9","3","FALSE","CANONICAL-000187","uniforma-servis-ayakkab-lar-000187","3","staged","FALSE","REGULATED","pending","canonical-v1.0.0"
"841e870c-6790-4a23-95bb-13e85baea4d6","Ayakkabı Bakım & Aksesuarları","3767cb95-6117-49cc-9298-4f0e8eb5dbb3","8","FALSE","CANONICAL-000188","ayakkab-bak-m-aksesuarlar-000188","2","staged","FALSE","REGULATED","pending","canonical-v1.0.0"
"43600b55-5d71-455e-aa9e-e35d707def82","Konfor Tabanlıkları","841e870c-6790-4a23-95bb-13e85baea4d6","1","FALSE","CANONICAL-000189","konfor-tabanl-klar-000189","3","staged","FALSE","NORMAL","pending","canonical-v1.0.0"
"3afdb054-3007-44eb-a158-ccba38ecce7d","Bağcıklar","841e870c-6790-4a23-95bb-13e85baea4d6","2","FALSE","CANONICAL-000190","bagc-klar-000190","3","staged","FALSE","NORMAL","not_required","canonical-v1.0.0"
"dbe64fe1-8afc-4457-a7d4-97603e0865da","Cila, Boya & Bakım Ürünleri","841e870c-6790-4a23-95bb-13e85baea4d6","3","FALSE","CANONICAL-000191","cila-boya-bak-m-urunleri-000191","3","staged","FALSE","REGULATED","pending","canonical-v1.0.0"
"c9103d50-4689-4cb6-b1a3-acda16ed64ab","Fırça & Temizleme Araçları","841e870c-6790-4a23-95bb-13e85baea4d6","4","FALSE","CANONICAL-000192","f-rca-temizleme-araclar-000192","3","staged","FALSE","NORMAL","not_required","canonical-v1.0.0"
"42f4f746-9470-47ec-9329-f9dc47da8c14","Ayakkabı Kalıbı & Çekeceği","841e870c-6790-4a23-95bb-13e85baea4d6","5","FALSE","CANONICAL-000193","ayakkab-kal-b-cekecegi-000193","3","staged","FALSE","NORMAL","not_required","canonical-v1.0.0"
"51ceb5ee-4385-4d29-9b63-1a261c77555c","Galoş & Ayakkabı Koruyucuları","841e870c-6790-4a23-95bb-13e85baea4d6","6","FALSE","CANONICAL-000194","galos-ayakkab-koruyucular-000194","3","staged","FALSE","NORMAL","not_required","canonical-v1.0.0"
"ea3a65e3-02c1-4e3a-a281-cd4205243cba","Çanta & Aksesuar","","4","FALSE","CANONICAL-000195","canta-aksesuar-000195","1","staged","FALSE","NORMAL","not_required","canonical-v1.0.0"
"ff554e62-89c1-41fa-8892-5875bbe1c8a0","El, Omuz & Bel Çantaları","ea3a65e3-02c1-4e3a-a281-cd4205243cba","1","FALSE","CANONICAL-000196","el-omuz-bel-cantalar-000196","2","staged","FALSE","NORMAL","not_required","canonical-v1.0.0"
"de044ed2-77b2-4310-af8a-43ba3eec34da","El Çantaları","ff554e62-89c1-41fa-8892-5875bbe1c8a0","1","FALSE","CANONICAL-000197","el-cantalar-000197","3","staged","FALSE","NORMAL","not_required","canonical-v1.0.0"
"bc6a2ce2-eeb2-4b22-8813-881c93edcd87","Omuz Çantaları","ff554e62-89c1-41fa-8892-5875bbe1c8a0","2","FALSE","CANONICAL-000198","omuz-cantalar-000198","3","staged","FALSE","NORMAL","not_required","canonical-v1.0.0"
"2bfd0511-ecc6-44ed-a1b7-61fe7eda7c7f","Çapraz Çantalar","ff554e62-89c1-41fa-8892-5875bbe1c8a0","3","FALSE","CANONICAL-000199","capraz-cantalar-000199","3","staged","FALSE","NORMAL","not_required","canonical-v1.0.0"
"9db0e48e-15fd-42f6-b29c-abc36426b2b2","Bel Çantaları","ff554e62-89c1-41fa-8892-5875bbe1c8a0","4","FALSE","CANONICAL-000200","bel-cantalar-000200","3","staged","FALSE","NORMAL","not_required","canonical-v1.0.0"
"8cf0e120-b68b-4ab4-9f9b-741c2790211b","Clutch & Portföy Çantalar","ff554e62-89c1-41fa-8892-5875bbe1c8a0","5","FALSE","CANONICAL-000201","clutch-portfoy-cantalar-000201","3","staged","FALSE","NORMAL","not_required","canonical-v1.0.0"
"e024355c-7026-484b-8330-56f62d3e594f","Sırt Çantaları","ea3a65e3-02c1-4e3a-a281-cd4205243cba","2","FALSE","CANONICAL-000202","s-rt-cantalar-000202","2","staged","FALSE","NORMAL","pending","canonical-v1.0.0"
"2f58ac43-2299-4c90-811b-fec364bcd5a3","Günlük Sırt Çantaları","e024355c-7026-484b-8330-56f62d3e594f","1","FALSE","CANONICAL-000203","gunluk-s-rt-cantalar-000203","3","staged","FALSE","NORMAL","not_required","canonical-v1.0.0"
"06c47770-f562-4952-b5f8-1942a23a9546","Okul Sırt Çantaları","e024355c-7026-484b-8330-56f62d3e594f","2","FALSE","CANONICAL-000204","okul-s-rt-cantalar-000204","3","staged","FALSE","NORMAL","pending","canonical-v1.0.0"
"6731d15d-2cb4-4dd8-b4c3-bad8108b2558","Şehir & Seyahat Sırt Çantaları","e024355c-7026-484b-8330-56f62d3e594f","3","FALSE","CANONICAL-000205","sehir-seyahat-s-rt-cantalar-000205","3","staged","FALSE","NORMAL","not_required","canonical-v1.0.0"
"f5e7e76d-babb-4b7e-bcb5-2de61e2ee893","Evrak, Laptop & Ekipman Çantaları","ea3a65e3-02c1-4e3a-a281-cd4205243cba","3","FALSE","CANONICAL-000206","evrak-laptop-ekipman-cantalar-000206","2","staged","FALSE","NORMAL","pending","canonical-v1.0.0"
"732ec7c5-17be-4ead-ac25-b7c873730c40","Evrak & İş Çantaları","f5e7e76d-babb-4b7e-bcb5-2de61e2ee893","1","FALSE","CANONICAL-000207","evrak-is-cantalar-000207","3","staged","FALSE","NORMAL","not_required","canonical-v1.0.0"
"56f4d75b-e8c5-4b75-a879-cc8e454c4db0","Laptop Çantaları","f5e7e76d-babb-4b7e-bcb5-2de61e2ee893","2","FALSE","CANONICAL-000208","laptop-cantalar-000208","3","staged","FALSE","NORMAL","not_required","canonical-v1.0.0"
"e08925b4-c7cb-477b-9816-ee9da14fff50","Tablet & Cihaz Çantaları","f5e7e76d-babb-4b7e-bcb5-2de61e2ee893","3","FALSE","CANONICAL-000209","tablet-cihaz-cantalar-000209","3","staged","FALSE","NORMAL","not_required","canonical-v1.0.0"
"ebb23f64-abba-4779-b5e8-ed4afcfe6cbb","Kamera Çantaları","f5e7e76d-babb-4b7e-bcb5-2de61e2ee893","4","FALSE","CANONICAL-000210","kamera-cantalar-000210","3","staged","FALSE","NORMAL","not_required","canonical-v1.0.0"
"9945d2df-f2c3-460d-b9c2-7b64aee22d8e","Enstrüman Çantaları","f5e7e76d-babb-4b7e-bcb5-2de61e2ee893","5","FALSE","CANONICAL-000211","enstruman-cantalar-000211","3","staged","FALSE","NORMAL","not_required","canonical-v1.0.0"
"438cc0bb-92fc-4294-b37f-81adb36d614e","Bebek Bakım Çantaları","f5e7e76d-babb-4b7e-bcb5-2de61e2ee893","6","FALSE","CANONICAL-000212","bebek-bak-m-cantalar-000212","3","staged","FALSE","NORMAL","pending","canonical-v1.0.0"
"dedbd294-6eb9-42dc-bdbe-1242a9d0e4ba","Genel Ekipman Çantaları","f5e7e76d-babb-4b7e-bcb5-2de61e2ee893","7","FALSE","CANONICAL-000213","genel-ekipman-cantalar-000213","3","staged","FALSE","NORMAL","pending","canonical-v1.0.0"
"8d29433a-c9dd-4b9b-bfb7-7281d98b660c","Valiz & Seyahat Çantaları","ea3a65e3-02c1-4e3a-a281-cd4205243cba","4","FALSE","CANONICAL-000214","valiz-seyahat-cantalar-000214","2","staged","FALSE","NORMAL","not_required","canonical-v1.0.0"
"92f6b020-bf39-4bd7-9597-64ee0bf25505","Kabin Boy Valizler","8d29433a-c9dd-4b9b-bfb7-7281d98b660c","1","FALSE","CANONICAL-000215","kabin-boy-valizler-000215","3","staged","FALSE","NORMAL","not_required","canonical-v1.0.0"
"39373563-e64f-4dc8-bec6-3efa242578e1","Orta & Büyük Boy Valizler","8d29433a-c9dd-4b9b-bfb7-7281d98b660c","2","FALSE","CANONICAL-000216","orta-buyuk-boy-valizler-000216","3","staged","FALSE","NORMAL","not_required","canonical-v1.0.0"
"e64560a3-5cc7-4baa-9efb-9d6edb1e28a2","Seyahat & Duffel Çantaları","8d29433a-c9dd-4b9b-bfb7-7281d98b660c","3","FALSE","CANONICAL-000217","seyahat-duffel-cantalar-000217","3","staged","FALSE","NORMAL","not_required","canonical-v1.0.0"
"e8550489-9fc0-477b-98b3-d927eb3095fc","Takım Elbise Taşıma Çantaları","8d29433a-c9dd-4b9b-bfb7-7281d98b660c","4","FALSE","CANONICAL-000218","tak-m-elbise-tas-ma-cantalar-000218","3","staged","FALSE","NORMAL","not_required","canonical-v1.0.0"
"ccc94c72-6c01-40bd-ab61-86a5d540c9cb","Katlanabilir Seyahat Çantaları","8d29433a-c9dd-4b9b-bfb7-7281d98b660c","5","FALSE","CANONICAL-000219","katlanabilir-seyahat-cantalar-000219","3","staged","FALSE","NORMAL","not_required","canonical-v1.0.0"
"7ebeb436-d7d0-41fc-8c5c-4aec58d01a16","Cüzdan, Kartlık & Anahtarlık","ea3a65e3-02c1-4e3a-a281-cd4205243cba","5","FALSE","CANONICAL-000220","cuzdan-kartl-k-anahtarl-k-000220","2","staged","FALSE","NORMAL","not_required","canonical-v1.0.0"
"56a1a33c-d482-425f-a65a-dd031bb01b71","Cüzdanlar","7ebeb436-d7d0-41fc-8c5c-4aec58d01a16","1","FALSE","CANONICAL-000221","cuzdanlar-000221","3","staged","FALSE","NORMAL","not_required","canonical-v1.0.0"
"43761b1f-2d18-47a7-abf5-a78245a2938d","Kartlıklar","7ebeb436-d7d0-41fc-8c5c-4aec58d01a16","2","FALSE","CANONICAL-000222","kartl-klar-000222","3","staged","FALSE","NORMAL","not_required","canonical-v1.0.0"
"555e004b-8c28-49d5-b6a7-e6feb9ceea88","Bozuk Para Çantaları","7ebeb436-d7d0-41fc-8c5c-4aec58d01a16","3","FALSE","CANONICAL-000223","bozuk-para-cantalar-000223","3","staged","FALSE","NORMAL","not_required","canonical-v1.0.0"
"505261b8-3899-4255-b6ac-68e33ebef5bb","Pasaportluklar","7ebeb436-d7d0-41fc-8c5c-4aec58d01a16","4","FALSE","CANONICAL-000224","pasaportluklar-000224","3","staged","FALSE","NORMAL","not_required","canonical-v1.0.0"
"0e87dd26-bcca-405e-a7e1-ff25f4366990","Anahtarlıklar","7ebeb436-d7d0-41fc-8c5c-4aec58d01a16","5","FALSE","CANONICAL-000225","anahtarl-klar-000225","3","staged","FALSE","NORMAL","not_required","canonical-v1.0.0"
"f4ec0bbb-fa12-4ce9-8eae-af3a612f0ea2","Kemer, Pantolon Askısı & Kravat","ea3a65e3-02c1-4e3a-a281-cd4205243cba","6","FALSE","CANONICAL-000226","kemer-pantolon-ask-s-kravat-000226","2","staged","FALSE","NORMAL","not_required","canonical-v1.0.0"
"d842cb9c-01e6-4a38-9c27-fa052781a70d","Kemerler","f4ec0bbb-fa12-4ce9-8eae-af3a612f0ea2","1","FALSE","CANONICAL-000227","kemerler-000227","3","staged","FALSE","NORMAL","not_required","canonical-v1.0.0"
"921d9608-0d53-4169-b599-29a00e33b51f","Pantolon Askıları","f4ec0bbb-fa12-4ce9-8eae-af3a612f0ea2","2","FALSE","CANONICAL-000228","pantolon-ask-lar-000228","3","staged","FALSE","NORMAL","not_required","canonical-v1.0.0"
"cb9ab2a3-56cd-4667-afef-07ea9e4bf1be","Kravat & Papyon","f4ec0bbb-fa12-4ce9-8eae-af3a612f0ea2","3","FALSE","CANONICAL-000229","kravat-papyon-000229","3","staged","FALSE","NORMAL","not_required","canonical-v1.0.0"
"bb30016f-5b47-4781-af50-bd52e95831a1","Kravat Aksesuarları","f4ec0bbb-fa12-4ce9-8eae-af3a612f0ea2","4","FALSE","CANONICAL-000230","kravat-aksesuarlar-000230","3","staged","FALSE","NORMAL","not_required","canonical-v1.0.0"
"7493f383-dec6-4d9d-9fbc-f50c3c52e66f","Şapka, Bere & Saç Aksesuarları","ea3a65e3-02c1-4e3a-a281-cd4205243cba","7","FALSE","CANONICAL-000231","sapka-bere-sac-aksesuarlar-000231","2","staged","FALSE","NORMAL","pending","canonical-v1.0.0"
"0986862a-9c76-40aa-94b8-fcf0922e055e","Şapka & Kep","7493f383-dec6-4d9d-9fbc-f50c3c52e66f","1","FALSE","CANONICAL-000232","sapka-kep-000232","3","staged","FALSE","NORMAL","not_required","canonical-v1.0.0"
"474b7478-a91a-4f1b-b653-0ff1a30d3e61","Bereler","7493f383-dec6-4d9d-9fbc-f50c3c52e66f","2","FALSE","CANONICAL-000233","bereler-000233","3","staged","FALSE","NORMAL","not_required","canonical-v1.0.0"
"8b23147f-6e84-40b4-b906-3f6aa2b7a9e2","Saç Tokaları","7493f383-dec6-4d9d-9fbc-f50c3c52e66f","3","FALSE","CANONICAL-000234","sac-tokalar-000234","3","staged","FALSE","NORMAL","pending","canonical-v1.0.0"
"9f7823a9-c200-48b1-9b7b-ff879bd3b0d7","Taç, Bandana & Saç Bantları","7493f383-dec6-4d9d-9fbc-f50c3c52e66f","4","FALSE","CANONICAL-000235","tac-bandana-sac-bantlar-000235","3","staged","FALSE","NORMAL","pending","canonical-v1.0.0"
"707291c2-70eb-4b8a-9561-bc5cb3450b97","Atkı, Şal & Eldiven","ea3a65e3-02c1-4e3a-a281-cd4205243cba","8","FALSE","CANONICAL-000236","atk-sal-eldiven-000236","2","staged","FALSE","NORMAL","not_required","canonical-v1.0.0"
"8ed8a3dd-4339-446c-b34e-7992bd92137b","Atkı & Fular","707291c2-70eb-4b8a-9561-bc5cb3450b97","1","FALSE","CANONICAL-000237","atk-fular-000237","3","staged","FALSE","NORMAL","not_required","canonical-v1.0.0"
"1faff5df-658a-4198-a9be-8a27f2511ad9","Şal & Eşarp","707291c2-70eb-4b8a-9561-bc5cb3450b97","2","FALSE","CANONICAL-000238","sal-esarp-000238","3","staged","FALSE","NORMAL","not_required","canonical-v1.0.0"
"aa675043-ca77-44a9-b29d-3ac04e3891fc","Günlük Eldivenler","707291c2-70eb-4b8a-9561-bc5cb3450b97","3","FALSE","CANONICAL-000239","gunluk-eldivenler-000239","3","staged","FALSE","NORMAL","not_required","canonical-v1.0.0"
"3edf5cd8-d0da-46f1-886f-29d1295ddc58","Boyunluklar","707291c2-70eb-4b8a-9561-bc5cb3450b97","4","FALSE","CANONICAL-000240","boyunluklar-000240","3","staged","FALSE","NORMAL","not_required","canonical-v1.0.0"
"7386f481-57cc-4391-9097-e74d67e90adf","Şemsiyeler","ea3a65e3-02c1-4e3a-a281-cd4205243cba","9","FALSE","CANONICAL-000241","semsiyeler-000241","2","staged","FALSE","NORMAL","pending","canonical-v1.0.0"
"8775b06e-2212-4da0-a280-4bedfab25cdf","Kompakt Şemsiyeler","7386f481-57cc-4391-9097-e74d67e90adf","1","FALSE","CANONICAL-000242","kompakt-semsiyeler-000242","3","staged","FALSE","NORMAL","not_required","canonical-v1.0.0"
"4e397549-454b-4e7e-868b-42bdb316c782","Baston Şemsiyeler","7386f481-57cc-4391-9097-e74d67e90adf","2","FALSE","CANONICAL-000243","baston-semsiyeler-000243","3","staged","FALSE","NORMAL","not_required","canonical-v1.0.0"
"937365f3-f447-4bf0-83d3-56eb0feb553f","Çocuk Şemsiyeleri","7386f481-57cc-4391-9097-e74d67e90adf","3","FALSE","CANONICAL-000244","cocuk-semsiyeleri-000244","3","staged","FALSE","NORMAL","pending","canonical-v1.0.0"
"64205c30-cd7f-4973-82b4-d0c13c8e1ee2","Seyahat Aksesuarları","ea3a65e3-02c1-4e3a-a281-cd4205243cba","10","FALSE","CANONICAL-000245","seyahat-aksesuarlar-000245","2","staged","FALSE","NORMAL","pending","canonical-v1.0.0"
"30fe8554-0468-4893-a710-3d66f0c5f439","Bagaj Etiketi & Kilidi","64205c30-cd7f-4973-82b4-d0c13c8e1ee2","1","FALSE","CANONICAL-000246","bagaj-etiketi-kilidi-000246","3","staged","FALSE","NORMAL","not_required","canonical-v1.0.0"
"8b2948af-690a-43a3-b5e2-ab8c81e4976a","Valiz Kılıfı & Kemeri","64205c30-cd7f-4973-82b4-d0c13c8e1ee2","2","FALSE","CANONICAL-000247","valiz-k-l-f-kemeri-000247","3","staged","FALSE","NORMAL","not_required","canonical-v1.0.0"
"409b1e21-2327-41e3-ba9b-3127e8f59ba8","Seyahat Organizerleri","64205c30-cd7f-4973-82b4-d0c13c8e1ee2","3","FALSE","CANONICAL-000248","seyahat-organizerleri-000248","3","staged","FALSE","NORMAL","not_required","canonical-v1.0.0"
"76d136d9-ad16-4687-b3bd-a151eeb5df55","Boyun Yastığı & Uyku Aksesuarları","64205c30-cd7f-4973-82b4-d0c13c8e1ee2","4","FALSE","CANONICAL-000249","boyun-yast-g-uyku-aksesuarlar-000249","3","staged","FALSE","NORMAL","pending","canonical-v1.0.0"
"0c56e25a-ccf8-4b90-9c81-98044ee76995","Seyahat Şişe & Kap Setleri","64205c30-cd7f-4973-82b4-d0c13c8e1ee2","5","FALSE","CANONICAL-000250","seyahat-sise-kap-setleri-000250","3","staged","FALSE","NORMAL","pending","canonical-v1.0.0"
"dae0270c-90ac-4248-919b-05531cf7c0e8","Elektronik","","5","FALSE","CANONICAL-000251","elektronik-000251","1","staged","FALSE","NORMAL","not_required","canonical-v1.0.0"
"57418383-3e49-4bb7-ac9a-57432eaa5db7","Telefon & Aksesuarları","dae0270c-90ac-4248-919b-05531cf7c0e8","1","FALSE","CANONICAL-000252","telefon-aksesuarlar-000252","2","staged","FALSE","NORMAL","not_required","canonical-v1.0.0"
"14cb432c-a2ea-4ab8-9ebf-948fd91ffff5","Cep Telefonları","57418383-3e49-4bb7-ac9a-57432eaa5db7","1","FALSE","CANONICAL-000253","cep-telefonlar-000253","3","staged","FALSE","NORMAL","not_required","canonical-v1.0.0"
"b7cee2cf-3005-4e9d-95ff-5dfe106f1da3","Akıllı Telefonlar","14cb432c-a2ea-4ab8-9ebf-948fd91ffff5","1","FALSE","CANONICAL-000254","ak-ll-telefonlar-000254","4","staged","FALSE","NORMAL","not_required","canonical-v1.0.0"
"4fcbb434-492e-44d6-9f52-328cf2342478","Tuşlu Telefonlar","14cb432c-a2ea-4ab8-9ebf-948fd91ffff5","2","FALSE","CANONICAL-000255","tuslu-telefonlar-000255","4","staged","FALSE","NORMAL","not_required","canonical-v1.0.0"
"f962be59-61cd-4bb0-811f-4066263f0fa6","Telefon Kılıfları","57418383-3e49-4bb7-ac9a-57432eaa5db7","2","FALSE","CANONICAL-000256","telefon-k-l-flar-000256","3","staged","FALSE","NORMAL","not_required","canonical-v1.0.0"
"eb8da75d-f847-4f8c-94cc-5fe921cbac40","Ekran Koruyucular","57418383-3e49-4bb7-ac9a-57432eaa5db7","3","FALSE","CANONICAL-000257","ekran-koruyucular-000257","3","staged","FALSE","NORMAL","not_required","canonical-v1.0.0"
"55efa657-d036-4e78-9a96-2a7946cabd16","Kamera Lens Koruyucuları","57418383-3e49-4bb7-ac9a-57432eaa5db7","4","FALSE","CANONICAL-000258","kamera-lens-koruyucular-000258","3","staged","FALSE","NORMAL","not_required","canonical-v1.0.0"
"bb29f067-1f0c-4f6f-bfd2-f3dcf3b8b03a","Telefon Tutucu, Stand & Askıları","57418383-3e49-4bb7-ac9a-57432eaa5db7","5","FALSE","CANONICAL-000259","telefon-tutucu-stand-ask-lar-000259","3","staged","FALSE","NORMAL","not_required","canonical-v1.0.0"
"5f147f01-2889-4906-a375-a4912710fe72","Telefon Modeline Özgü Şarj Aksesuarları","57418383-3e49-4bb7-ac9a-57432eaa5db7","6","FALSE","CANONICAL-000260","telefon-modeline-ozgu-sarj-aksesuarlar-000260","3","staged","FALSE","NORMAL","not_required","canonical-v1.0.0"
"cddf1092-28ba-4697-b18c-ff448838c794","Telefon Kamera & Çekim Aksesuarları","57418383-3e49-4bb7-ac9a-57432eaa5db7","7","FALSE","CANONICAL-000261","telefon-kamera-cekim-aksesuarlar-000261","3","staged","FALSE","NORMAL","not_required","canonical-v1.0.0"
"547b9080-af66-4e6f-808e-fd074a256edf","Telefon Kalemleri","57418383-3e49-4bb7-ac9a-57432eaa5db7","8","FALSE","CANONICAL-000262","telefon-kalemleri-000262","3","staged","FALSE","NORMAL","not_required","canonical-v1.0.0"
"33cdeabc-024d-48de-b5c0-c8943b7b9c27","Telefon Yedek Parçaları","57418383-3e49-4bb7-ac9a-57432eaa5db7","9","FALSE","CANONICAL-000263","telefon-yedek-parcalar-000263","3","staged","FALSE","NORMAL","not_required","canonical-v1.0.0"
"8da8849a-5f0e-4401-b502-f3eff77429f5","Telefon Bataryaları","33cdeabc-024d-48de-b5c0-c8943b7b9c27","1","FALSE","CANONICAL-000264","telefon-bataryalar-000264","4","staged","FALSE","REGULATED","pending","canonical-v1.0.0"
"54fd9bd1-0cd9-4d9e-97d7-3a03fe49bf78","Ekran & Dokunmatik Modülleri","33cdeabc-024d-48de-b5c0-c8943b7b9c27","2","FALSE","CANONICAL-000265","ekran-dokunmatik-modulleri-000265","4","staged","FALSE","NORMAL","not_required","canonical-v1.0.0"
"e08bb782-5521-4362-abba-a3b6f1b6800b","Şarj Soketi & Bağlantı Parçaları","33cdeabc-024d-48de-b5c0-c8943b7b9c27","3","FALSE","CANONICAL-000266","sarj-soketi-baglant-parcalar-000266","4","staged","FALSE","NORMAL","not_required","canonical-v1.0.0"
"76c57e02-0050-40ea-ad0a-0c09761034e8","Kamera Modülleri","33cdeabc-024d-48de-b5c0-c8943b7b9c27","4","FALSE","CANONICAL-000267","kamera-modulleri-000267","4","staged","FALSE","NORMAL","not_required","canonical-v1.0.0"
"c8da1d3f-8eed-43c4-9acf-433bae60527a","Flex Kablo & Dahili Parçalar","33cdeabc-024d-48de-b5c0-c8943b7b9c27","5","FALSE","CANONICAL-000268","flex-kablo-dahili-parcalar-000268","4","staged","FALSE","NORMAL","not_required","canonical-v1.0.0"
"5dacd9c2-56dd-4b41-9c31-e3d99ba53865","TV & Görüntü Sistemleri","dae0270c-90ac-4248-919b-05531cf7c0e8","2","FALSE","CANONICAL-000269","tv-goruntu-sistemleri-000269","2","staged","FALSE","NORMAL","not_required","canonical-v1.0.0"
"b7d2e9fc-fcab-4426-9a43-1831071ef0c3","Ses & Kulaklık","dae0270c-90ac-4248-919b-05531cf7c0e8","3","FALSE","CANONICAL-000270","ses-kulakl-k-000270","2","staged","FALSE","NORMAL","not_required","canonical-v1.0.0"
"b8538f25-25b5-4047-9690-9b6e1de35ff7","Fotoğraf & Kamera","dae0270c-90ac-4248-919b-05531cf7c0e8","4","FALSE","CANONICAL-000271","fotograf-kamera-000271","2","staged","FALSE","NORMAL","not_required","canonical-v1.0.0"
"bfe7fa8f-fd01-4cd4-8e47-676df6c3884d","Oyun Konsolu & Aksesuarları","dae0270c-90ac-4248-919b-05531cf7c0e8","5","FALSE","CANONICAL-000272","oyun-konsolu-aksesuarlar-000272","2","staged","FALSE","NORMAL","not_required","canonical-v1.0.0"
"99d6a538-2324-4e59-9dc9-6f0de8968482","Giyilebilir Teknoloji","dae0270c-90ac-4248-919b-05531cf7c0e8","6","FALSE","CANONICAL-000273","giyilebilir-teknoloji-000273","2","staged","FALSE","NORMAL","not_required","canonical-v1.0.0"
"69a0de3e-4fd1-44cc-800a-887aac8581c1","Akıllı Ev & Güvenlik","dae0270c-90ac-4248-919b-05531cf7c0e8","7","FALSE","CANONICAL-000274","ak-ll-ev-guvenlik-000274","2","staged","FALSE","NORMAL","not_required","canonical-v1.0.0"
"1bd43c2b-adb9-42a9-9a8e-f179e11739e8","Güç, Şarj & Bağlantı","dae0270c-90ac-4248-919b-05531cf7c0e8","8","FALSE","CANONICAL-000275","guc-sarj-baglant-000275","2","staged","FALSE","NORMAL","not_required","canonical-v1.0.0"
"28a1783d-44f8-405d-8a31-758b80ce3877","Elektronik Bileşenler","dae0270c-90ac-4248-919b-05531cf7c0e8","9","FALSE","CANONICAL-000276","elektronik-bilesenler-000276","2","staged","FALSE","NORMAL","not_required","canonical-v1.0.0"
"7d59f4a3-8828-4231-9502-ac91b7b0baa0","Bilgisayar & Tablet","","6","FALSE","CANONICAL-000277","bilgisayar-tablet-000277","1","staged","FALSE","NORMAL","not_required","canonical-v1.0.0"
"74c61d22-b273-43e6-969b-a07c9acc31a6","Dizüstü Bilgisayar","7d59f4a3-8828-4231-9502-ac91b7b0baa0","1","FALSE","CANONICAL-000278","dizustu-bilgisayar-000278","2","staged","FALSE","NORMAL","not_required","canonical-v1.0.0"
"8e6d029e-74d1-4434-9793-495489f603d9","Masaüstü Bilgisayar","7d59f4a3-8828-4231-9502-ac91b7b0baa0","2","FALSE","CANONICAL-000279","masaustu-bilgisayar-000279","2","staged","FALSE","NORMAL","not_required","canonical-v1.0.0"
"5b7008ce-9358-46bf-9b67-69b5ad322a06","Tablet","7d59f4a3-8828-4231-9502-ac91b7b0baa0","3","FALSE","CANONICAL-000280","tablet-000280","2","staged","FALSE","NORMAL","not_required","canonical-v1.0.0"
"06488b80-d1b5-49c7-aa84-74b24d729465","E-Kitap Okuyucu","7d59f4a3-8828-4231-9502-ac91b7b0baa0","4","FALSE","CANONICAL-000281","e-kitap-okuyucu-000281","2","staged","FALSE","NORMAL","not_required","canonical-v1.0.0"
"02ce70b4-1fae-4d67-92c2-e11b2a893167","Monitör","7d59f4a3-8828-4231-9502-ac91b7b0baa0","5","FALSE","CANONICAL-000282","monitor-000282","2","staged","FALSE","NORMAL","not_required","canonical-v1.0.0"
"c30df5b7-fc56-445b-9e31-f0304018336d","Bilgisayar Bileşenleri","7d59f4a3-8828-4231-9502-ac91b7b0baa0","6","FALSE","CANONICAL-000283","bilgisayar-bilesenleri-000283","2","staged","FALSE","NORMAL","not_required","canonical-v1.0.0"
"32df2806-c4e5-42a1-8ecb-221c73435d85","İşlemci","c30df5b7-fc56-445b-9e31-f0304018336d","1","FALSE","CANONICAL-000284","islemci-000284","3","staged","FALSE","NORMAL","not_required","canonical-v1.0.0"
"4eba55a6-b4d6-4ec1-a5ab-7bd91eb443ad","Ekran Kartı","c30df5b7-fc56-445b-9e31-f0304018336d","2","FALSE","CANONICAL-000285","ekran-kart-000285","3","staged","FALSE","NORMAL","not_required","canonical-v1.0.0"
"25b8d0b1-2801-434a-9272-c2bb4a778197","Anakart","c30df5b7-fc56-445b-9e31-f0304018336d","3","FALSE","CANONICAL-000286","anakart-000286","3","staged","FALSE","NORMAL","not_required","canonical-v1.0.0"
"89f7c6dc-398b-4b6b-9261-6b845c673587","RAM Bellek","c30df5b7-fc56-445b-9e31-f0304018336d","4","FALSE","CANONICAL-000287","ram-bellek-000287","3","staged","FALSE","NORMAL","not_required","canonical-v1.0.0"
"29e2c98e-5d5e-4ed9-ae7e-c0e9fb8f6483","Güç Kaynağı","c30df5b7-fc56-445b-9e31-f0304018336d","5","FALSE","CANONICAL-000288","guc-kaynag-000288","3","staged","FALSE","NORMAL","not_required","canonical-v1.0.0"
"f0107842-0d86-4490-bc49-4ad34288e2ce","Bilgisayar Kasası","c30df5b7-fc56-445b-9e31-f0304018336d","6","FALSE","CANONICAL-000289","bilgisayar-kasas-000289","3","staged","FALSE","NORMAL","not_required","canonical-v1.0.0"
"ab551b79-a671-49d4-a1d1-7589722ba805","Soğutma","c30df5b7-fc56-445b-9e31-f0304018336d","7","FALSE","CANONICAL-000290","sogutma-000290","3","staged","FALSE","NORMAL","not_required","canonical-v1.0.0"
"d6792ea7-5781-41b0-8678-cff27008414d","İşlemci Soğutucu","ab551b79-a671-49d4-a1d1-7589722ba805","1","FALSE","CANONICAL-000291","islemci-sogutucu-000291","4","staged","FALSE","NORMAL","not_required","canonical-v1.0.0"
"09e9539f-eab0-41ed-9307-cffc442a6a20","Kasa Fanı","ab551b79-a671-49d4-a1d1-7589722ba805","2","FALSE","CANONICAL-000292","kasa-fan-000292","4","staged","FALSE","NORMAL","not_required","canonical-v1.0.0"
"c8207f28-1d65-437a-92d6-1d363aa13751","Sıvı Soğutma","ab551b79-a671-49d4-a1d1-7589722ba805","3","FALSE","CANONICAL-000293","s-v-sogutma-000293","4","staged","FALSE","NORMAL","not_required","canonical-v1.0.0"
"f1f9156a-ffd6-40e6-81ab-fcb8592a6f94","Termal Macun & Ped","ab551b79-a671-49d4-a1d1-7589722ba805","4","FALSE","CANONICAL-000294","termal-macun-ped-000294","4","staged","FALSE","NORMAL","not_required","canonical-v1.0.0"
"c6c55d63-e6e7-4e24-af53-9a4115f94191","Genişleme Kartları","c30df5b7-fc56-445b-9e31-f0304018336d","8","FALSE","CANONICAL-000295","genisleme-kartlar-000295","3","staged","FALSE","NORMAL","not_required","canonical-v1.0.0"
"b684cffa-e24d-4915-a2ec-913742eefaae","Ses Kartı","c6c55d63-e6e7-4e24-af53-9a4115f94191","1","FALSE","CANONICAL-000296","ses-kart-000296","4","staged","FALSE","NORMAL","not_required","canonical-v1.0.0"
"51bbe264-5bdd-48ca-a35b-e8c1e127a1c1","Görüntü Yakalama Kartı","c6c55d63-e6e7-4e24-af53-9a4115f94191","2","FALSE","CANONICAL-000297","goruntu-yakalama-kart-000297","4","staged","FALSE","NORMAL","not_required","canonical-v1.0.0"
"9c1315d9-896f-406c-8218-b82e959fb384","Bağlantı & Denetleyici Kartları","c6c55d63-e6e7-4e24-af53-9a4115f94191","3","FALSE","CANONICAL-000298","baglant-denetleyici-kartlar-000298","4","staged","FALSE","NORMAL","not_required","canonical-v1.0.0"
"4d173637-a99f-4f8a-b200-1318326477a2","Tek Kart Bilgisayar (SBC)","c30df5b7-fc56-445b-9e31-f0304018336d","9","FALSE","CANONICAL-000299","tek-kart-bilgisayar-sbc-000299","3","staged","FALSE","NORMAL","not_required","canonical-v1.0.0"
"a8ddf788-ca38-4c45-a032-6cbe3317663e","Veri Depolama","7d59f4a3-8828-4231-9502-ac91b7b0baa0","7","FALSE","CANONICAL-000300","veri-depolama-000300","2","staged","FALSE","NORMAL","not_required","canonical-v1.0.0"
"00084e98-e0ba-494a-8c19-8fa57272abd3","Klavye, Mouse & Çevre Birimleri","7d59f4a3-8828-4231-9502-ac91b7b0baa0","8","FALSE","CANONICAL-000301","klavye-mouse-cevre-birimleri-000301","2","staged","FALSE","NORMAL","not_required","canonical-v1.0.0"
"01b7629f-9397-49d7-9bf7-e2218f3f25fd","Bilgisayar Aksesuarları","7d59f4a3-8828-4231-9502-ac91b7b0baa0","9","FALSE","CANONICAL-000302","bilgisayar-aksesuarlar-000302","2","staged","FALSE","NORMAL","not_required","canonical-v1.0.0"
"9562acb3-4406-4819-8653-d25bbd5751d1","Yazıcı, Tarayıcı & Sarf Malzemeleri","7d59f4a3-8828-4231-9502-ac91b7b0baa0","10","FALSE","CANONICAL-000303","yaz-c-taray-c-sarf-malzemeleri-000303","2","staged","FALSE","NORMAL","not_required","canonical-v1.0.0"
"412ea590-9820-4621-8260-e5dab6d8c70f","Ağ & İnternet Ürünleri","7d59f4a3-8828-4231-9502-ac91b7b0baa0","11","FALSE","CANONICAL-000304","ag-internet-urunleri-000304","2","staged","FALSE","NORMAL","not_required","canonical-v1.0.0"
"49b1fa71-f885-4e5f-86dc-66f32f7687a5","Beyaz Eşya & Ev Aletleri","","7","FALSE","CANONICAL-000305","beyaz-esya-ev-aletleri-000305","1","staged","FALSE","NORMAL","not_required","canonical-v1.0.0"
"bac8a865-7f7e-455e-984d-e44fd2803ccc","Soğutma & Gıda Saklama Cihazları","49b1fa71-f885-4e5f-86dc-66f32f7687a5","1","FALSE","CANONICAL-000306","sogutma-g-da-saklama-cihazlar-000306","2","staged","FALSE","NORMAL","pending","canonical-v1.0.0"
"3cc0b406-2b02-4df5-a7c4-fc4445a9627f","Buzdolapları","bac8a865-7f7e-455e-984d-e44fd2803ccc","1","FALSE","CANONICAL-000307","buzdolaplar-000307","3","staged","FALSE","NORMAL","pending","canonical-v1.0.0"
"737d495e-c2a0-4011-b808-65dc8cfb0ecf","Üstten Donduruculu Buzdolapları","3cc0b406-2b02-4df5-a7c4-fc4445a9627f","1","FALSE","CANONICAL-000308","ustten-donduruculu-buzdolaplar-000308","4","staged","FALSE","NORMAL","pending","canonical-v1.0.0"
"1bbee204-d598-4400-af74-5c542cfec6bd","Alttan Donduruculu & Kombi Buzdolapları","3cc0b406-2b02-4df5-a7c4-fc4445a9627f","2","FALSE","CANONICAL-000309","alttan-donduruculu-kombi-buzdolaplar-000309","4","staged","FALSE","NORMAL","pending","canonical-v1.0.0"
"720ecb16-589a-4199-b677-9e6ae6ef4229","Gardırop Tipi Buzdolapları","3cc0b406-2b02-4df5-a7c4-fc4445a9627f","3","FALSE","CANONICAL-000310","gard-rop-tipi-buzdolaplar-000310","4","staged","FALSE","NORMAL","pending","canonical-v1.0.0"
"4a73f478-fc28-40c9-bed1-b4832768be48","Mini Buzdolapları","3cc0b406-2b02-4df5-a7c4-fc4445a9627f","4","FALSE","CANONICAL-000311","mini-buzdolaplar-000311","4","staged","FALSE","NORMAL","pending","canonical-v1.0.0"
"2cd349e8-7cf9-4efc-ab91-1c1ae2d41024","Derin Dondurucular","bac8a865-7f7e-455e-984d-e44fd2803ccc","2","FALSE","CANONICAL-000312","derin-dondurucular-000312","3","staged","FALSE","NORMAL","pending","canonical-v1.0.0"
"11ba2b3d-d036-4fb3-9e35-b0facf47b0ca","Çekmeceli Derin Dondurucular","2cd349e8-7cf9-4efc-ab91-1c1ae2d41024","1","FALSE","CANONICAL-000313","cekmeceli-derin-dondurucular-000313","4","staged","FALSE","NORMAL","pending","canonical-v1.0.0"
"2115ff9b-201c-4c89-af3c-c43e44cf80bc","Sandık Tipi Derin Dondurucular","2cd349e8-7cf9-4efc-ab91-1c1ae2d41024","2","FALSE","CANONICAL-000314","sand-k-tipi-derin-dondurucular-000314","4","staged","FALSE","NORMAL","pending","canonical-v1.0.0"
"068a9a1e-55a4-46c3-a09c-25b19cf9717d","İçecek & Şarap Soğutucuları","bac8a865-7f7e-455e-984d-e44fd2803ccc","3","FALSE","CANONICAL-000315","icecek-sarap-sogutucular-000315","3","staged","FALSE","NORMAL","pending","canonical-v1.0.0"
"89d9bc07-dbd3-408d-b177-4e845581d05b","Su Sebilleri","bac8a865-7f7e-455e-984d-e44fd2803ccc","4","FALSE","CANONICAL-000316","su-sebilleri-000316","3","staged","FALSE","NORMAL","pending","canonical-v1.0.0"
"20546a65-480f-45cb-9a23-a134b52bdf53","Çamaşır & Bulaşık Bakım Cihazları","49b1fa71-f885-4e5f-86dc-66f32f7687a5","2","FALSE","CANONICAL-000317","camas-r-bulas-k-bak-m-cihazlar-000317","2","staged","FALSE","NORMAL","pending","canonical-v1.0.0"
"d7b12547-e998-4c3e-a815-43829e7f8172","Çamaşır Makineleri","20546a65-480f-45cb-9a23-a134b52bdf53","1","FALSE","CANONICAL-000318","camas-r-makineleri-000318","3","staged","FALSE","NORMAL","pending","canonical-v1.0.0"
"c7ba0083-343f-44de-9675-97d050b0d295","Kurutma Makineleri","20546a65-480f-45cb-9a23-a134b52bdf53","2","FALSE","CANONICAL-000319","kurutma-makineleri-000319","3","staged","FALSE","NORMAL","pending","canonical-v1.0.0"
"737c073f-40ef-4fa9-a58f-f7108643ca9a","Yıkamalı Kurutma Makineleri","20546a65-480f-45cb-9a23-a134b52bdf53","3","FALSE","CANONICAL-000320","y-kamal-kurutma-makineleri-000320","3","staged","FALSE","NORMAL","pending","canonical-v1.0.0"
"a3b7d5cf-1ee6-4089-821a-2ff56af50830","Bulaşık Makineleri","20546a65-480f-45cb-9a23-a134b52bdf53","4","FALSE","CANONICAL-000321","bulas-k-makineleri-000321","3","staged","FALSE","NORMAL","pending","canonical-v1.0.0"
"5e5462a6-cd78-4771-a4ee-c3529b8b3a7c","Büyük Pişirme Cihazları","49b1fa71-f885-4e5f-86dc-66f32f7687a5","3","FALSE","CANONICAL-000322","buyuk-pisirme-cihazlar-000322","2","staged","FALSE","REGULATED","pending","canonical-v1.0.0"
"950993a8-1448-4e04-acfd-d1c8b3513741","Fırınlar","5e5462a6-cd78-4771-a4ee-c3529b8b3a7c","1","FALSE","CANONICAL-000323","f-r-nlar-000323","3","staged","FALSE","NORMAL","pending","canonical-v1.0.0"
"0d2de97f-fdc2-4e99-8542-66ad67418436","Ocaklar","5e5462a6-cd78-4771-a4ee-c3529b8b3a7c","2","FALSE","CANONICAL-000324","ocaklar-000324","3","staged","FALSE","REGULATED","pending","canonical-v1.0.0"
"8c9712ea-ec27-4bfa-8a6f-5bba33dd8b0d","Mikrodalga Fırınlar","5e5462a6-cd78-4771-a4ee-c3529b8b3a7c","3","FALSE","CANONICAL-000325","mikrodalga-f-r-nlar-000325","3","staged","FALSE","NORMAL","pending","canonical-v1.0.0"
"cf198619-4448-47c8-8536-d8ce2b62a19d","Davlumbaz & Aspiratörler","5e5462a6-cd78-4771-a4ee-c3529b8b3a7c","4","FALSE","CANONICAL-000326","davlumbaz-aspiratorler-000326","3","staged","FALSE","NORMAL","pending","canonical-v1.0.0"
"40ff56bd-8273-4257-9a42-9dfd1c48be33","Bağımsız Kuzine & Pişiriciler","5e5462a6-cd78-4771-a4ee-c3529b8b3a7c","5","FALSE","CANONICAL-000327","bag-ms-z-kuzine-pisiriciler-000327","3","staged","FALSE","REGULATED","pending","canonical-v1.0.0"
"49df9ddf-1358-4932-ac9a-739eb82ea0b3","Küçük Mutfak Aletleri","49b1fa71-f885-4e5f-86dc-66f32f7687a5","4","FALSE","CANONICAL-000328","kucuk-mutfak-aletleri-000328","2","staged","FALSE","NORMAL","pending","canonical-v1.0.0"
"be122801-465b-44f8-8655-647803551362","Çay & Kahve Hazırlama","49df9ddf-1358-4932-ac9a-739eb82ea0b3","1","FALSE","CANONICAL-000329","cay-kahve-haz-rlama-000329","3","staged","FALSE","NORMAL","pending","canonical-v1.0.0"
"13606534-902d-48ea-af62-7fb6503561a2","Çay Makineleri","be122801-465b-44f8-8655-647803551362","1","FALSE","CANONICAL-000330","cay-makineleri-000330","4","staged","FALSE","NORMAL","pending","canonical-v1.0.0"
"61bf1dc6-76ef-4920-8a2b-08c54b193432","Türk Kahvesi Makineleri","be122801-465b-44f8-8655-647803551362","2","FALSE","CANONICAL-000331","turk-kahvesi-makineleri-000331","4","staged","FALSE","NORMAL","pending","canonical-v1.0.0"
"d6ffac07-eb21-41c3-ad1e-071eada1afa7","Filtre Kahve Makineleri","be122801-465b-44f8-8655-647803551362","3","FALSE","CANONICAL-000332","filtre-kahve-makineleri-000332","4","staged","FALSE","NORMAL","pending","canonical-v1.0.0"
"2a1aae83-1781-4c46-87f7-d05214449d1a","Espresso Makineleri","be122801-465b-44f8-8655-647803551362","4","FALSE","CANONICAL-000333","espresso-makineleri-000333","4","staged","FALSE","NORMAL","pending","canonical-v1.0.0"
"09108152-9e20-42aa-8f56-9da999eb42c8","Blender, Mikser & Doğrayıcılar","49df9ddf-1358-4932-ac9a-739eb82ea0b3","2","FALSE","CANONICAL-000334","blender-mikser-dogray-c-lar-000334","3","staged","FALSE","NORMAL","pending","canonical-v1.0.0"
"436f4aba-1f82-4e64-92e8-f839e8ff67c6","Blenderlar","09108152-9e20-42aa-8f56-9da999eb42c8","1","FALSE","CANONICAL-000335","blenderlar-000335","4","staged","FALSE","NORMAL","pending","canonical-v1.0.0"
"42c13797-1622-408d-a343-9becb54cc9ba","Mikserler","09108152-9e20-42aa-8f56-9da999eb42c8","2","FALSE","CANONICAL-000336","mikserler-000336","4","staged","FALSE","NORMAL","pending","canonical-v1.0.0"
"bc5a4b78-b1d1-47f3-aa69-356629a8e9f0","Doğrayıcılar","09108152-9e20-42aa-8f56-9da999eb42c8","3","FALSE","CANONICAL-000337","dogray-c-lar-000337","4","staged","FALSE","NORMAL","pending","canonical-v1.0.0"
"ba722eab-21f3-46e8-bf4a-4947bb7015ec","Tost & Izgara Makineleri","49df9ddf-1358-4932-ac9a-739eb82ea0b3","3","FALSE","CANONICAL-000338","tost-izgara-makineleri-000338","3","staged","FALSE","NORMAL","pending","canonical-v1.0.0"
"4ac3fecc-67aa-4b07-b299-ed1cfa227043","Airfryer & Fritözler","49df9ddf-1358-4932-ac9a-739eb82ea0b3","4","FALSE","CANONICAL-000339","airfryer-fritozler-000339","3","staged","FALSE","NORMAL","pending","canonical-v1.0.0"
"bf49d409-6de5-46c3-802c-2911e7618807","Mutfak Robotları","49df9ddf-1358-4932-ac9a-739eb82ea0b3","5","FALSE","CANONICAL-000340","mutfak-robotlar-000340","3","staged","FALSE","NORMAL","pending","canonical-v1.0.0"
"0934dbf2-a041-43ec-b644-d2f4b2f49b53","Su Isıtıcılar","49df9ddf-1358-4932-ac9a-739eb82ea0b3","6","FALSE","CANONICAL-000341","su-is-t-c-lar-000341","3","staged","FALSE","NORMAL","pending","canonical-v1.0.0"
"0d50ceb5-83a3-462c-bd06-e3261a297535","Meyve Sıkacağı & Katı Meyve Presleri","49df9ddf-1358-4932-ac9a-739eb82ea0b3","7","FALSE","CANONICAL-000342","meyve-s-kacag-kat-meyve-presleri-000342","3","staged","FALSE","NORMAL","pending","canonical-v1.0.0"
"65539636-83a5-4a4b-ac9f-23a76474b028","Ekmek & Yoğurt Yapma Makineleri","49df9ddf-1358-4932-ac9a-739eb82ea0b3","8","FALSE","CANONICAL-000343","ekmek-yogurt-yapma-makineleri-000343","3","staged","FALSE","NORMAL","pending","canonical-v1.0.0"
"a4439b09-0447-4e79-aafd-7d15b5feac70","Temizlik Cihazları","49b1fa71-f885-4e5f-86dc-66f32f7687a5","5","FALSE","CANONICAL-000344","temizlik-cihazlar-000344","2","staged","FALSE","NORMAL","pending","canonical-v1.0.0"
"83b5e0b3-3dcb-46bc-bb39-343fa0875b8d","Elektrikli Süpürgeler","a4439b09-0447-4e79-aafd-7d15b5feac70","1","FALSE","CANONICAL-000345","elektrikli-supurgeler-000345","3","staged","FALSE","NORMAL","pending","canonical-v1.0.0"
"a6d69c95-3f2d-49ce-b561-f2916efb91be","Robot Süpürgeler","83b5e0b3-3dcb-46bc-bb39-343fa0875b8d","1","FALSE","CANONICAL-000346","robot-supurgeler-000346","4","staged","FALSE","NORMAL","pending","canonical-v1.0.0"
"5da9a710-cfb4-4f8a-9bad-f7bb77d06465","Dikey Süpürgeler","83b5e0b3-3dcb-46bc-bb39-343fa0875b8d","2","FALSE","CANONICAL-000347","dikey-supurgeler-000347","4","staged","FALSE","NORMAL","pending","canonical-v1.0.0"
"acb320a2-0f86-43ca-92ca-365c6cbe401b","Yatay Süpürgeler","83b5e0b3-3dcb-46bc-bb39-343fa0875b8d","3","FALSE","CANONICAL-000348","yatay-supurgeler-000348","4","staged","FALSE","NORMAL","pending","canonical-v1.0.0"
"3f2d256d-36e4-48ba-9b71-0cbeb6ec6bac","Islak & Kuru Süpürgeler","83b5e0b3-3dcb-46bc-bb39-343fa0875b8d","4","FALSE","CANONICAL-000349","islak-kuru-supurgeler-000349","4","staged","FALSE","NORMAL","pending","canonical-v1.0.0"
"5e00e675-f3b8-4ede-a7e7-a8951af9d18e","Buharlı Temizleyiciler","a4439b09-0447-4e79-aafd-7d15b5feac70","2","FALSE","CANONICAL-000350","buharl-temizleyiciler-000350","3","staged","FALSE","NORMAL","pending","canonical-v1.0.0"
"d5cd6688-ecc5-45c3-801e-7c3e1182d533","Halı & Koltuk Yıkama Cihazları","a4439b09-0447-4e79-aafd-7d15b5feac70","3","FALSE","CANONICAL-000351","hal-koltuk-y-kama-cihazlar-000351","3","staged","FALSE","NORMAL","pending","canonical-v1.0.0"
"597a545c-26ab-480f-b8b5-9bfcd59211d8","Zemin Bakım & Parlatma Cihazları","a4439b09-0447-4e79-aafd-7d15b5feac70","4","FALSE","CANONICAL-000352","zemin-bak-m-parlatma-cihazlar-000352","3","staged","FALSE","NORMAL","pending","canonical-v1.0.0"
"7c4e59db-c2b6-4954-bf7c-74d53f18dc1f","Cam Temizleme Cihazları","a4439b09-0447-4e79-aafd-7d15b5feac70","5","FALSE","CANONICAL-000353","cam-temizleme-cihazlar-000353","3","staged","FALSE","NORMAL","pending","canonical-v1.0.0"
"639b6d85-0624-462c-802d-1b2d1b84a62e","İklimlendirme & Hava Kalitesi","49b1fa71-f885-4e5f-86dc-66f32f7687a5","6","FALSE","CANONICAL-000354","iklimlendirme-hava-kalitesi-000354","2","staged","FALSE","LEGAL_REVIEW_REQUIRED","pending","canonical-v1.0.0"
"75543354-900c-4565-8bac-a5a10cd21de2","Klimalar","639b6d85-0624-462c-802d-1b2d1b84a62e","1","FALSE","CANONICAL-000355","klimalar-000355","3","staged","FALSE","NORMAL","pending","canonical-v1.0.0"
"228773bf-b230-4422-8f35-771766f1fb52","Vantilatör & Hava Soğutucular","639b6d85-0624-462c-802d-1b2d1b84a62e","2","FALSE","CANONICAL-000356","vantilator-hava-sogutucular-000356","3","staged","FALSE","NORMAL","pending","canonical-v1.0.0"
"b981a183-638b-4920-a422-ad398aacc78e","Elektrikli Isıtıcılar","639b6d85-0624-462c-802d-1b2d1b84a62e","3","FALSE","CANONICAL-000357","elektrikli-is-t-c-lar-000357","3","staged","FALSE","REGULATED","pending","canonical-v1.0.0"
"19cc0d46-eff6-4f94-82a5-3774e7f7d8e8","Hava Temizleyiciler","639b6d85-0624-462c-802d-1b2d1b84a62e","4","FALSE","CANONICAL-000358","hava-temizleyiciler-000358","3","staged","FALSE","LEGAL_REVIEW_REQUIRED","pending","canonical-v1.0.0"
"8fc6c816-7bab-4737-816f-f893e6fc5d00","Nemlendirici & Nem Alıcılar","639b6d85-0624-462c-802d-1b2d1b84a62e","5","FALSE","CANONICAL-000359","nemlendirici-nem-al-c-lar-000359","3","staged","FALSE","LEGAL_REVIEW_REQUIRED","pending","canonical-v1.0.0"
"ecfafb40-8d90-4c85-99fd-f7377f66289a","Su Isıtma & Sıcak Su Cihazları","49b1fa71-f885-4e5f-86dc-66f32f7687a5","7","FALSE","CANONICAL-000360","su-is-tma-s-cak-su-cihazlar-000360","2","staged","FALSE","REGULATED","pending","canonical-v1.0.0"
"a9b893a8-678c-4c67-bb5e-b623d578c854","Şofbenler","ecfafb40-8d90-4c85-99fd-f7377f66289a","1","FALSE","CANONICAL-000361","sofbenler-000361","3","staged","FALSE","REGULATED","pending","canonical-v1.0.0"
"6beb2469-13ac-4b1a-93cc-31d5133167ba","Termosifonlar","ecfafb40-8d90-4c85-99fd-f7377f66289a","2","FALSE","CANONICAL-000362","termosifonlar-000362","3","staged","FALSE","REGULATED","pending","canonical-v1.0.0"
"dcdc6698-ba91-474a-b9a3-fba9e78e0b9a","Ani Sıcak Su Cihazları","ecfafb40-8d90-4c85-99fd-f7377f66289a","3","FALSE","CANONICAL-000363","ani-s-cak-su-cihazlar-000363","3","staged","FALSE","REGULATED","pending","canonical-v1.0.0"
"80fd9626-03d7-4cc3-9331-983e467da07c","Ütü & Tekstil Bakım Cihazları","49b1fa71-f885-4e5f-86dc-66f32f7687a5","8","FALSE","CANONICAL-000364","utu-tekstil-bak-m-cihazlar-000364","2","staged","FALSE","NORMAL","pending","canonical-v1.0.0"
"0677f340-3533-4e47-a414-8ad15ccaba48","Ütüler","80fd9626-03d7-4cc3-9331-983e467da07c","1","FALSE","CANONICAL-000365","utuler-000365","3","staged","FALSE","NORMAL","pending","canonical-v1.0.0"
"e36ae0bc-c580-4358-bcfc-16201883b98c","Buhar Kazanlı Ütüler","80fd9626-03d7-4cc3-9331-983e467da07c","2","FALSE","CANONICAL-000366","buhar-kazanl-utuler-000366","3","staged","FALSE","NORMAL","pending","canonical-v1.0.0"
"f0a9c0d9-0087-4a38-abc8-ff3494eef721","Dikey Buharlı Düzleştiriciler","80fd9626-03d7-4cc3-9331-983e467da07c","3","FALSE","CANONICAL-000367","dikey-buharl-duzlestiriciler-000367","3","staged","FALSE","NORMAL","pending","canonical-v1.0.0"
"784eeb64-1400-4c09-a28c-a0de585881ab","Kumaş Tüy Temizleyiciler","80fd9626-03d7-4cc3-9331-983e467da07c","4","FALSE","CANONICAL-000368","kumas-tuy-temizleyiciler-000368","3","staged","FALSE","NORMAL","pending","canonical-v1.0.0"
"ad36ba75-e714-417c-a8f5-68444521dab4","Ev Tipi Dikiş Makineleri","80fd9626-03d7-4cc3-9331-983e467da07c","5","FALSE","CANONICAL-000369","ev-tipi-dikis-makineleri-000369","3","staged","FALSE","NORMAL","pending","canonical-v1.0.0"
"7b4ed3a1-dfbd-49ec-aee2-36f1715ce98d","Elektrikli Kişisel Bakım Cihazları","49b1fa71-f885-4e5f-86dc-66f32f7687a5","9","FALSE","CANONICAL-000370","elektrikli-kisisel-bak-m-cihazlar-000370","2","staged","FALSE","LEGAL_REVIEW_REQUIRED","pending","canonical-v1.0.0"
"cfbf2922-f25c-448a-847a-517a05340cb9","Saç Bakım Cihazları","7b4ed3a1-dfbd-49ec-aee2-36f1715ce98d","1","FALSE","CANONICAL-000371","sac-bak-m-cihazlar-000371","3","staged","FALSE","NORMAL","pending","canonical-v1.0.0"
"31ad1f00-0c95-4dc7-801c-bc66b6ba08c3","Saç Kurutma Makineleri","cfbf2922-f25c-448a-847a-517a05340cb9","1","FALSE","CANONICAL-000372","sac-kurutma-makineleri-000372","4","staged","FALSE","NORMAL","pending","canonical-v1.0.0"
"885ec0a1-b5a0-4067-a1ce-bdbb32af3024","Saç Düzleştirici & Şekillendiriciler","cfbf2922-f25c-448a-847a-517a05340cb9","2","FALSE","CANONICAL-000373","sac-duzlestirici-sekillendiriciler-000373","4","staged","FALSE","NORMAL","pending","canonical-v1.0.0"
"bf644640-dc1e-4e65-a191-a03b18c928ae","Tıraş & Saç Kesme Cihazları","7b4ed3a1-dfbd-49ec-aee2-36f1715ce98d","2","FALSE","CANONICAL-000374","t-ras-sac-kesme-cihazlar-000374","3","staged","FALSE","NORMAL","pending","canonical-v1.0.0"
"202f3f37-2cdc-4557-be10-5c9eda588a69","Tıraş Makineleri","bf644640-dc1e-4e65-a191-a03b18c928ae","1","FALSE","CANONICAL-000375","t-ras-makineleri-000375","4","staged","FALSE","NORMAL","pending","canonical-v1.0.0"
"a9645b6a-f54c-4307-bab5-6121334ce795","Saç Kesme Makineleri","bf644640-dc1e-4e65-a191-a03b18c928ae","2","FALSE","CANONICAL-000376","sac-kesme-makineleri-000376","4","staged","FALSE","NORMAL","pending","canonical-v1.0.0"
"fc033620-f0db-4daa-b752-dfe82b997a93","Epilasyon Cihazları","7b4ed3a1-dfbd-49ec-aee2-36f1715ce98d","3","FALSE","CANONICAL-000377","epilasyon-cihazlar-000377","3","staged","FALSE","NORMAL","pending","canonical-v1.0.0"
"e8e62eb8-e997-4f8a-9222-32725409f618","Elektrikli Ağız Bakım Cihazları","7b4ed3a1-dfbd-49ec-aee2-36f1715ce98d","4","FALSE","CANONICAL-000378","elektrikli-ag-z-bak-m-cihazlar-000378","3","staged","FALSE","LEGAL_REVIEW_REQUIRED","pending","canonical-v1.0.0"
"2bd93802-f7b4-442f-94da-a1b2f6c2da07","Elektrikli Diş Fırçaları","e8e62eb8-e997-4f8a-9222-32725409f618","1","FALSE","CANONICAL-000379","elektrikli-dis-f-rcalar-000379","4","staged","FALSE","NORMAL","pending","canonical-v1.0.0"
"8f84d623-4ab8-4ebe-ae7c-6ebf043cf2ee","Ağız Duşları","e8e62eb8-e997-4f8a-9222-32725409f618","2","FALSE","CANONICAL-000380","ag-z-duslar-000380","4","staged","FALSE","LEGAL_REVIEW_REQUIRED","pending","canonical-v1.0.0"
"56737347-5ceb-4988-b797-8c27267b7179","Elektrikli El & Tırnak Bakım Cihazları","7b4ed3a1-dfbd-49ec-aee2-36f1715ce98d","5","FALSE","CANONICAL-000381","elektrikli-el-t-rnak-bak-m-cihazlar-000381","3","staged","FALSE","NORMAL","pending","canonical-v1.0.0"
"9ff620da-4fdd-4b11-84e1-c757a708b2d1","Masaj & Rahatlama Cihazları","7b4ed3a1-dfbd-49ec-aee2-36f1715ce98d","6","FALSE","CANONICAL-000382","masaj-rahatlama-cihazlar-000382","3","staged","FALSE","LEGAL_REVIEW_REQUIRED","pending","canonical-v1.0.0"
"47da94ee-5945-41f6-a9dc-7c27b976fd90","Ev Aleti Aksesuar, Filtre & Sarf Malzemeleri","49b1fa71-f885-4e5f-86dc-66f32f7687a5","10","FALSE","CANONICAL-000383","ev-aleti-aksesuar-filtre-sarf-malzemeleri-000383","2","staged","FALSE","REGULATED","pending","canonical-v1.0.0"
"aaca4278-78f8-4b1e-ae85-cf37e28aa4e5","Süpürge Torbaları","47da94ee-5945-41f6-a9dc-7c27b976fd90","1","FALSE","CANONICAL-000384","supurge-torbalar-000384","3","staged","FALSE","NORMAL","pending","canonical-v1.0.0"
"59369e0c-5a98-438d-964b-43b55eff4ab2","Kullanıcı Değişimli Filtreler","47da94ee-5945-41f6-a9dc-7c27b976fd90","2","FALSE","CANONICAL-000385","kullan-c-degisimli-filtreler-000385","3","staged","FALSE","NORMAL","pending","canonical-v1.0.0"
"72a9e05c-ff60-41a4-8e0b-f99cc7febee1","Kullanıcı Değişimli Aparat & Başlıklar","47da94ee-5945-41f6-a9dc-7c27b976fd90","3","FALSE","CANONICAL-000386","kullan-c-degisimli-aparat-basl-klar-000386","3","staged","FALSE","NORMAL","pending","canonical-v1.0.0"
"35d7ec20-1250-4f68-b605-62f65e62ebca","Cihaz Bakım & Kireç Çözme Sarfları","47da94ee-5945-41f6-a9dc-7c27b976fd90","4","FALSE","CANONICAL-000387","cihaz-bak-m-kirec-cozme-sarflar-000387","3","staged","FALSE","REGULATED","pending","canonical-v1.0.0"
"9caef645-a290-44e5-8016-5c6e73fb9a37","Cihaza Özgü Pişirme Aksesuarları","47da94ee-5945-41f6-a9dc-7c27b976fd90","5","FALSE","CANONICAL-000388","cihaza-ozgu-pisirme-aksesuarlar-000388","3","staged","FALSE","NORMAL","pending","canonical-v1.0.0"
"caf25454-af53-46b9-ad50-8729034dfcbf","Cihaza Özgü Su Filtreleri","47da94ee-5945-41f6-a9dc-7c27b976fd90","6","FALSE","CANONICAL-000389","cihaza-ozgu-su-filtreleri-000389","3","staged","FALSE","NORMAL","pending","canonical-v1.0.0"
"8ff9e12d-e19b-4fc9-8a42-b3ddbd8b7c5a","Ev & Yaşam","","8","FALSE","CANONICAL-000390","ev-yasam-000390","1","staged","FALSE","NORMAL","not_required","canonical-v1.0.0"
"67c75316-7136-43c4-bf34-855592afe6bd","Mobilya","8ff9e12d-e19b-4fc9-8a42-b3ddbd8b7c5a","1","FALSE","CANONICAL-000391","mobilya-000391","2","staged","FALSE","NORMAL","not_required","canonical-v1.0.0"
"341af81e-20ea-427e-b38e-9b9a268a0a17","Oturma Mobilyaları","67c75316-7136-43c4-bf34-855592afe6bd","1","FALSE","CANONICAL-000392","oturma-mobilyalar-000392","3","staged","FALSE","NORMAL","not_required","canonical-v1.0.0"
"b27df312-01c3-4aa3-abad-8b4063d1ebc1","Koltuk & Kanepe","341af81e-20ea-427e-b38e-9b9a268a0a17","1","FALSE","CANONICAL-000393","koltuk-kanepe-000393","4","staged","FALSE","NORMAL","not_required","canonical-v1.0.0"
"afc438b4-6d92-40b5-9b83-1692ec9f99a7","Berjer & Puf","341af81e-20ea-427e-b38e-9b9a268a0a17","2","FALSE","CANONICAL-000394","berjer-puf-000394","4","staged","FALSE","NORMAL","not_required","canonical-v1.0.0"
"934fbe91-9e16-4b81-ada8-a7d555622088","Masa Mobilyaları","67c75316-7136-43c4-bf34-855592afe6bd","2","FALSE","CANONICAL-000395","masa-mobilyalar-000395","3","staged","FALSE","NORMAL","not_required","canonical-v1.0.0"
"a1a9b0cc-afaa-4340-aece-768ad41efb9f","Yemek Masası","934fbe91-9e16-4b81-ada8-a7d555622088","1","FALSE","CANONICAL-000396","yemek-masas-000396","4","staged","FALSE","NORMAL","not_required","canonical-v1.0.0"
"60880518-c386-480b-b48f-86ff91357bf7","Çalışma Masası","934fbe91-9e16-4b81-ada8-a7d555622088","2","FALSE","CANONICAL-000397","cal-sma-masas-000397","4","staged","FALSE","NORMAL","not_required","canonical-v1.0.0"
"96f61183-3a27-4d13-bf89-173080bc1e6f","Sehpa","934fbe91-9e16-4b81-ada8-a7d555622088","3","FALSE","CANONICAL-000398","sehpa-000398","4","staged","FALSE","NORMAL","not_required","canonical-v1.0.0"
"8e8fc7b8-6f4f-4b3c-bd6d-98d1690f0061","Oturma Birimleri","67c75316-7136-43c4-bf34-855592afe6bd","3","FALSE","CANONICAL-000399","oturma-birimleri-000399","3","staged","FALSE","NORMAL","not_required","canonical-v1.0.0"
"a10cb743-fbf6-409b-a350-d6867573b23b","Sandalye","8e8fc7b8-6f4f-4b3c-bd6d-98d1690f0061","1","FALSE","CANONICAL-000400","sandalye-000400","4","staged","FALSE","NORMAL","not_required","canonical-v1.0.0"
"6c331980-fd43-499d-8b18-d4e434004675","Tabure & Bank","8e8fc7b8-6f4f-4b3c-bd6d-98d1690f0061","2","FALSE","CANONICAL-000401","tabure-bank-000401","4","staged","FALSE","NORMAL","not_required","canonical-v1.0.0"
"2fe31e1a-21b7-4077-b7b8-e386806741c8","Depolama Mobilyaları","67c75316-7136-43c4-bf34-855592afe6bd","4","FALSE","CANONICAL-000402","depolama-mobilyalar-000402","3","staged","FALSE","NORMAL","not_required","canonical-v1.0.0"
"3994cc56-9c20-4786-9e08-cab9b55367aa","Dolap & Şifonyer","2fe31e1a-21b7-4077-b7b8-e386806741c8","1","FALSE","CANONICAL-000403","dolap-sifonyer-000403","4","staged","FALSE","NORMAL","not_required","canonical-v1.0.0"
"cf0d66c2-aa77-4b1c-a747-a153aa38a07f","Raf & Kitaplık","2fe31e1a-21b7-4077-b7b8-e386806741c8","2","FALSE","CANONICAL-000404","raf-kitapl-k-000404","4","staged","FALSE","NORMAL","not_required","canonical-v1.0.0"
"4043b88b-8a8e-4c25-8b84-ab1b88476a66","TV Ünitesi","2fe31e1a-21b7-4077-b7b8-e386806741c8","3","FALSE","CANONICAL-000405","tv-unitesi-000405","4","staged","FALSE","NORMAL","not_required","canonical-v1.0.0"
"139ad4cc-d9c7-4101-9b2d-a3a232c44b10","Yatak Mobilyaları","67c75316-7136-43c4-bf34-855592afe6bd","5","FALSE","CANONICAL-000406","yatak-mobilyalar-000406","3","staged","FALSE","NORMAL","not_required","canonical-v1.0.0"
"f57630b8-07c3-4798-aa89-482fce54edfe","Karyola","139ad4cc-d9c7-4101-9b2d-a3a232c44b10","1","FALSE","CANONICAL-000407","karyola-000407","4","staged","FALSE","NORMAL","not_required","canonical-v1.0.0"
"4ca11a44-11e9-4543-9b7c-a250098aace1","Baza & Başlık","139ad4cc-d9c7-4101-9b2d-a3a232c44b10","2","FALSE","CANONICAL-000408","baza-basl-k-000408","4","staged","FALSE","NORMAL","not_required","canonical-v1.0.0"
"913a99a0-73c9-4dba-ad59-417230648816","Yatak & Uyku Ürünleri","8ff9e12d-e19b-4fc9-8a42-b3ddbd8b7c5a","2","FALSE","CANONICAL-000409","yatak-uyku-urunleri-000409","2","staged","FALSE","LEGAL_REVIEW_REQUIRED","pending","canonical-v1.0.0"
"9429aecd-d3d4-427c-93bb-4c3fced1e6c3","Yataklar","913a99a0-73c9-4dba-ad59-417230648816","1","FALSE","CANONICAL-000410","yataklar-000410","3","staged","FALSE","NORMAL","pending","canonical-v1.0.0"
"bc41be29-cf59-4c2b-b169-70800a95c4c2","Yastıklar","913a99a0-73c9-4dba-ad59-417230648816","2","FALSE","CANONICAL-000411","yast-klar-000411","3","staged","FALSE","NORMAL","pending","canonical-v1.0.0"
"152cec62-6aa6-4904-a698-4de1fd87b656","Yorganlar","913a99a0-73c9-4dba-ad59-417230648816","3","FALSE","CANONICAL-000412","yorganlar-000412","3","staged","FALSE","NORMAL","not_required","canonical-v1.0.0"
"8ca9a9cb-56df-4158-9c43-df1121873383","Yatak Pedi & Alez","913a99a0-73c9-4dba-ad59-417230648816","4","FALSE","CANONICAL-000413","yatak-pedi-alez-000413","3","staged","FALSE","NORMAL","not_required","canonical-v1.0.0"
"6f0c7bbe-f478-4922-bd00-ff57f5934e67","Ev Tekstili","8ff9e12d-e19b-4fc9-8a42-b3ddbd8b7c5a","3","FALSE","CANONICAL-000414","ev-tekstili-000414","2","staged","FALSE","NORMAL","not_required","canonical-v1.0.0"
"16470718-e2d2-4517-bd0d-16e759b3b2cd","Yatak Tekstili","6f0c7bbe-f478-4922-bd00-ff57f5934e67","1","FALSE","CANONICAL-000415","yatak-tekstili-000415","3","staged","FALSE","NORMAL","not_required","canonical-v1.0.0"
"16c478f2-1130-42aa-8d55-96e4c292faf0","Nevresim Takımı","16470718-e2d2-4517-bd0d-16e759b3b2cd","1","FALSE","CANONICAL-000416","nevresim-tak-m-000416","4","staged","FALSE","NORMAL","not_required","canonical-v1.0.0"
"2d9b7578-6472-455f-8f56-24565d7a275b","Çarşaf","16470718-e2d2-4517-bd0d-16e759b3b2cd","2","FALSE","CANONICAL-000417","carsaf-000417","4","staged","FALSE","NORMAL","not_required","canonical-v1.0.0"
"a979c7b9-16cc-4309-aa24-95763244a277","Yatak Örtüsü","16470718-e2d2-4517-bd0d-16e759b3b2cd","3","FALSE","CANONICAL-000418","yatak-ortusu-000418","4","staged","FALSE","NORMAL","not_required","canonical-v1.0.0"
"bca36280-86f4-48c9-a53d-ca2e7c355174","Banyo Tekstili","6f0c7bbe-f478-4922-bd00-ff57f5934e67","2","FALSE","CANONICAL-000419","banyo-tekstili-000419","3","staged","FALSE","NORMAL","not_required","canonical-v1.0.0"
"858876bf-3aae-48b4-85cc-64c9093cdbe6","Havlu","bca36280-86f4-48c9-a53d-ca2e7c355174","1","FALSE","CANONICAL-000420","havlu-000420","4","staged","FALSE","NORMAL","not_required","canonical-v1.0.0"
"940a777e-e9b1-4f0b-8042-519eb9e8e49b","Bornoz","bca36280-86f4-48c9-a53d-ca2e7c355174","2","FALSE","CANONICAL-000421","bornoz-000421","4","staged","FALSE","NORMAL","not_required","canonical-v1.0.0"
"4795d0d0-4f80-4b0f-94be-2503498da90e","Battaniye & Örtü","6f0c7bbe-f478-4922-bd00-ff57f5934e67","3","FALSE","CANONICAL-000422","battaniye-ortu-000422","3","staged","FALSE","NORMAL","not_required","canonical-v1.0.0"
"bfeb0431-1552-4c5e-ae3f-f7fc884f61df","Kırlent","6f0c7bbe-f478-4922-bd00-ff57f5934e67","4","FALSE","CANONICAL-000423","k-rlent-000423","3","staged","FALSE","NORMAL","not_required","canonical-v1.0.0"
"03e846de-56e2-4542-8aa9-6b538c3f0352","Perde & Pencere Tekstili","8ff9e12d-e19b-4fc9-8a42-b3ddbd8b7c5a","4","FALSE","CANONICAL-000424","perde-pencere-tekstili-000424","2","staged","FALSE","NORMAL","pending","canonical-v1.0.0"
"579a996f-4058-4898-a137-4a0bbf3f30ca","Tül Perde","03e846de-56e2-4542-8aa9-6b538c3f0352","1","FALSE","CANONICAL-000425","tul-perde-000425","3","staged","FALSE","NORMAL","not_required","canonical-v1.0.0"
"42a8a3bf-d198-45ee-9788-5de5386d43a2","Fon Perde","03e846de-56e2-4542-8aa9-6b538c3f0352","2","FALSE","CANONICAL-000426","fon-perde-000426","3","staged","FALSE","NORMAL","not_required","canonical-v1.0.0"
"22f2c31c-3139-4c29-9468-6bfdc70036e5","Stor & Zebra Perde","03e846de-56e2-4542-8aa9-6b538c3f0352","3","FALSE","CANONICAL-000427","stor-zebra-perde-000427","3","staged","FALSE","NORMAL","pending","canonical-v1.0.0"
"cf408967-af8a-43ca-aab5-20d2c266ceae","Karartma Perdesi","03e846de-56e2-4542-8aa9-6b538c3f0352","4","FALSE","CANONICAL-000428","karartma-perdesi-000428","3","staged","FALSE","NORMAL","not_required","canonical-v1.0.0"
"9eabb092-4e6f-4c4a-b01f-a08f63e08bc4","Halı, Kilim & Paspas","8ff9e12d-e19b-4fc9-8a42-b3ddbd8b7c5a","5","FALSE","CANONICAL-000429","hal-kilim-paspas-000429","2","staged","FALSE","NORMAL","not_required","canonical-v1.0.0"
"04a3afb3-ca1c-4779-9a86-904cb4278ca9","Halı","9eabb092-4e6f-4c4a-b01f-a08f63e08bc4","1","FALSE","CANONICAL-000430","hal-000430","3","staged","FALSE","NORMAL","not_required","canonical-v1.0.0"
"ee119f91-76aa-4812-b2ef-2e3d485565c9","Kilim","9eabb092-4e6f-4c4a-b01f-a08f63e08bc4","2","FALSE","CANONICAL-000431","kilim-000431","3","staged","FALSE","NORMAL","not_required","canonical-v1.0.0"
"c66c9c49-f967-43b7-ad83-54214d46827f","Yolluk","9eabb092-4e6f-4c4a-b01f-a08f63e08bc4","3","FALSE","CANONICAL-000432","yolluk-000432","3","staged","FALSE","NORMAL","not_required","canonical-v1.0.0"
"69b1efa6-1aa6-442c-ae4a-8c6ce2ca7537","Paspas","9eabb092-4e6f-4c4a-b01f-a08f63e08bc4","4","FALSE","CANONICAL-000433","paspas-000433","3","staged","FALSE","NORMAL","not_required","canonical-v1.0.0"
"9513ead3-7f30-4f59-9522-d76bf5e4f032","Dekorasyon & Duvar Aksesuarları","8ff9e12d-e19b-4fc9-8a42-b3ddbd8b7c5a","6","FALSE","CANONICAL-000434","dekorasyon-duvar-aksesuarlar-000434","2","staged","FALSE","REGULATED","pending","canonical-v1.0.0"
"a8681331-f7b9-46bf-91af-fb06c5a7a103","Duvar Dekoru","9513ead3-7f30-4f59-9522-d76bf5e4f032","1","FALSE","CANONICAL-000435","duvar-dekoru-000435","3","staged","FALSE","NORMAL","not_required","canonical-v1.0.0"
"41eefa8e-6dd9-489d-9b6f-2ea205f27f83","Tablo & Poster","a8681331-f7b9-46bf-91af-fb06c5a7a103","1","FALSE","CANONICAL-000436","tablo-poster-000436","4","staged","FALSE","NORMAL","not_required","canonical-v1.0.0"
"cdbdfa21-91db-4de3-91c5-96b53cd1242c","Ayna","a8681331-f7b9-46bf-91af-fb06c5a7a103","2","FALSE","CANONICAL-000437","ayna-000437","4","staged","FALSE","NORMAL","not_required","canonical-v1.0.0"
"09d0cdcf-a67f-4b44-8afe-71f6759d4d5d","Çerçeve","a8681331-f7b9-46bf-91af-fb06c5a7a103","3","FALSE","CANONICAL-000438","cerceve-000438","4","staged","FALSE","NORMAL","not_required","canonical-v1.0.0"
"c6e7d1f9-3932-4805-a0ca-6dd059c2fd62","Duvar Saati","a8681331-f7b9-46bf-91af-fb06c5a7a103","4","FALSE","CANONICAL-000439","duvar-saati-000439","4","staged","FALSE","NORMAL","not_required","canonical-v1.0.0"
"17c44756-f909-4f8e-a48c-670e65214fe4","Dekoratif Objeler","9513ead3-7f30-4f59-9522-d76bf5e4f032","2","FALSE","CANONICAL-000440","dekoratif-objeler-000440","3","staged","FALSE","NORMAL","not_required","canonical-v1.0.0"
"ba639d9e-a4ec-4d8d-af27-162761e131a4","Vazo","9513ead3-7f30-4f59-9522-d76bf5e4f032","3","FALSE","CANONICAL-000441","vazo-000441","3","staged","FALSE","NORMAL","not_required","canonical-v1.0.0"
"858363fb-15bf-45cc-8960-dc4cb27a86ef","Mum & Oda Kokusu","9513ead3-7f30-4f59-9522-d76bf5e4f032","4","FALSE","CANONICAL-000442","mum-oda-kokusu-000442","3","staged","FALSE","REGULATED","pending","canonical-v1.0.0"
"2f49990e-25fc-4063-bec6-c2487e62965c","Masaüstü Dekor","9513ead3-7f30-4f59-9522-d76bf5e4f032","5","FALSE","CANONICAL-000443","masaustu-dekor-000443","3","staged","FALSE","NORMAL","not_required","canonical-v1.0.0"
"f099acd5-6a2a-4b52-b76c-80c4632a380c","Aydınlatma","8ff9e12d-e19b-4fc9-8a42-b3ddbd8b7c5a","7","FALSE","CANONICAL-000444","ayd-nlatma-000444","2","staged","FALSE","REGULATED","pending","canonical-v1.0.0"
"d946ef83-8a32-446d-bf28-df9017ae4820","Tavan Aydınlatmaları","f099acd5-6a2a-4b52-b76c-80c4632a380c","1","FALSE","CANONICAL-000445","tavan-ayd-nlatmalar-000445","3","staged","FALSE","NORMAL","pending","canonical-v1.0.0"
"b70f32bd-8ccc-4287-8912-107244a5ed0f","Masa Lambaları","f099acd5-6a2a-4b52-b76c-80c4632a380c","2","FALSE","CANONICAL-000446","masa-lambalar-000446","3","staged","FALSE","NORMAL","pending","canonical-v1.0.0"
"23596b40-5760-4ba9-86c0-f0e565bdd486","Lambader","f099acd5-6a2a-4b52-b76c-80c4632a380c","3","FALSE","CANONICAL-000447","lambader-000447","3","staged","FALSE","NORMAL","pending","canonical-v1.0.0"
"b880358a-3a4c-46a1-96c5-f693dcce8a5b","Gece Lambaları","f099acd5-6a2a-4b52-b76c-80c4632a380c","4","FALSE","CANONICAL-000448","gece-lambalar-000448","3","staged","FALSE","NORMAL","pending","canonical-v1.0.0"
"2c3f1ee3-f308-4c64-9f46-c1a6efa8209f","Standart Ampuller","f099acd5-6a2a-4b52-b76c-80c4632a380c","5","FALSE","CANONICAL-000449","standart-ampuller-000449","3","staged","FALSE","REGULATED","pending","canonical-v1.0.0"
"995239c5-604c-4e24-bbc4-40538f0d3b50","Düzenleme & Saklama","8ff9e12d-e19b-4fc9-8a42-b3ddbd8b7c5a","8","FALSE","CANONICAL-000450","duzenleme-saklama-000450","2","staged","FALSE","NORMAL","not_required","canonical-v1.0.0"
"3c71ec2d-4855-462c-9d4a-b952d5390e00","Saklama Kutusu & Sepet","995239c5-604c-4e24-bbc4-40538f0d3b50","1","FALSE","CANONICAL-000451","saklama-kutusu-sepet-000451","3","staged","FALSE","NORMAL","not_required","canonical-v1.0.0"
"3597cb17-562d-4bd7-9248-83af2dd9114f","Giysi Düzenleyiciler","995239c5-604c-4e24-bbc4-40538f0d3b50","2","FALSE","CANONICAL-000452","giysi-duzenleyiciler-000452","3","staged","FALSE","NORMAL","not_required","canonical-v1.0.0"
"048fc260-3a57-40a9-9f14-825766f5ddd5","Hurç & Vakumlu Torba","995239c5-604c-4e24-bbc4-40538f0d3b50","3","FALSE","CANONICAL-000453","hurc-vakumlu-torba-000453","3","staged","FALSE","NORMAL","not_required","canonical-v1.0.0"
"85905e1a-45ca-4cd1-a2f4-004378cc846f","Askı & Dolap İçi Düzenleme","995239c5-604c-4e24-bbc4-40538f0d3b50","4","FALSE","CANONICAL-000454","ask-dolap-ici-duzenleme-000454","3","staged","FALSE","NORMAL","not_required","canonical-v1.0.0"
"6a3e09e8-ef4d-4bbc-8d3c-9ef59335ebe0","Çamaşır Sepeti","995239c5-604c-4e24-bbc4-40538f0d3b50","5","FALSE","CANONICAL-000455","camas-r-sepeti-000455","3","staged","FALSE","NORMAL","not_required","canonical-v1.0.0"
"5fff1ba0-0a13-409c-8624-b318ca326b13","Ayakkabı Düzenleyiciler","995239c5-604c-4e24-bbc4-40538f0d3b50","6","FALSE","CANONICAL-000456","ayakkab-duzenleyiciler-000456","3","staged","FALSE","NORMAL","not_required","canonical-v1.0.0"
"adf37d08-be46-48ab-b78b-121827cd7b85","Banyo Aksesuarları","8ff9e12d-e19b-4fc9-8a42-b3ddbd8b7c5a","9","FALSE","CANONICAL-000457","banyo-aksesuarlar-000457","2","staged","FALSE","LEGAL_REVIEW_REQUIRED","pending","canonical-v1.0.0"
"0fcf1bf6-990f-4b43-831c-b1ff492892b4","Sabunluk & Dispenser","adf37d08-be46-48ab-b78b-121827cd7b85","1","FALSE","CANONICAL-000458","sabunluk-dispenser-000458","3","staged","FALSE","NORMAL","not_required","canonical-v1.0.0"
"bf3b08bd-b909-4f8e-88c6-2bd995fbdeed","Duş Perdesi","adf37d08-be46-48ab-b78b-121827cd7b85","2","FALSE","CANONICAL-000459","dus-perdesi-000459","3","staged","FALSE","NORMAL","not_required","canonical-v1.0.0"
"3df38a85-c8d7-4146-bd52-2de3449742ef","Banyo Rafı & Düzenleyici","adf37d08-be46-48ab-b78b-121827cd7b85","3","FALSE","CANONICAL-000460","banyo-raf-duzenleyici-000460","3","staged","FALSE","NORMAL","not_required","canonical-v1.0.0"
"6315472a-b045-4c5f-80f5-bc158c93beea","Tuvalet Aksesuarları","adf37d08-be46-48ab-b78b-121827cd7b85","4","FALSE","CANONICAL-000461","tuvalet-aksesuarlar-000461","3","staged","FALSE","NORMAL","not_required","canonical-v1.0.0"
"51fdc8d4-e06e-4142-9f80-2f73b993cf9f","Banyo Taburesi & Basamakları","adf37d08-be46-48ab-b78b-121827cd7b85","5","FALSE","CANONICAL-000462","banyo-taburesi-basamaklar-000462","3","staged","FALSE","LEGAL_REVIEW_REQUIRED","pending","canonical-v1.0.0"
"f92fab7a-c2bf-472c-80b6-eb64492800ba","Ev Temizliği & Çamaşır Bakımı","8ff9e12d-e19b-4fc9-8a42-b3ddbd8b7c5a","10","FALSE","CANONICAL-000463","ev-temizligi-camas-r-bak-m-000463","2","staged","FALSE","REGULATED","pending","canonical-v1.0.0"
"713769cf-e81d-42fe-b26a-a964f902dda1","Yüzey Temizleyiciler","f92fab7a-c2bf-472c-80b6-eb64492800ba","1","FALSE","CANONICAL-000464","yuzey-temizleyiciler-000464","3","staged","FALSE","REGULATED","pending","canonical-v1.0.0"
"e3eedc8d-310a-4b9b-9e18-c983ba4896fc","Çamaşır Temizliği & Bakımı","f92fab7a-c2bf-472c-80b6-eb64492800ba","2","FALSE","CANONICAL-000465","camas-r-temizligi-bak-m-000465","3","staged","FALSE","REGULATED","pending","canonical-v1.0.0"
"5d7a8fc5-44bf-48f0-9ad5-d6e5566c64ef","Bulaşık Temizliği & Bakımı","f92fab7a-c2bf-472c-80b6-eb64492800ba","3","FALSE","CANONICAL-000466","bulas-k-temizligi-bak-m-000466","3","staged","FALSE","REGULATED","pending","canonical-v1.0.0"
"969f8546-8ea1-4dd3-aa60-d06f9dad4947","Temizlik Gereçleri","f92fab7a-c2bf-472c-80b6-eb64492800ba","4","FALSE","CANONICAL-000467","temizlik-gerecleri-000467","3","staged","FALSE","NORMAL","not_required","canonical-v1.0.0"
"69ef037a-dc92-4e02-ad73-beb846a70f8e","Mop & Paspas Aparatı","969f8546-8ea1-4dd3-aa60-d06f9dad4947","1","FALSE","CANONICAL-000468","mop-paspas-aparat-000468","4","staged","FALSE","NORMAL","not_required","canonical-v1.0.0"
"7d190833-faca-4624-8489-275aacfc3358","Süpürge & Faraş","969f8546-8ea1-4dd3-aa60-d06f9dad4947","2","FALSE","CANONICAL-000469","supurge-faras-000469","4","staged","FALSE","NORMAL","not_required","canonical-v1.0.0"
"6fc14a2e-72ba-4546-a184-0f2e6be979f2","Bez, Sünger & Fırça","969f8546-8ea1-4dd3-aa60-d06f9dad4947","3","FALSE","CANONICAL-000470","bez-sunger-f-rca-000470","4","staged","FALSE","NORMAL","not_required","canonical-v1.0.0"
"293c9671-cdfd-4f66-9fd2-428cedf0f353","Kağıt Ev Ürünleri","f92fab7a-c2bf-472c-80b6-eb64492800ba","5","FALSE","CANONICAL-000471","kag-t-ev-urunleri-000471","3","staged","FALSE","NORMAL","not_required","canonical-v1.0.0"
"ac27dc73-d73b-4390-b429-32f32bc17a83","Çöp Torbası & Ev Tipi Eldiven","f92fab7a-c2bf-472c-80b6-eb64492800ba","6","FALSE","CANONICAL-000472","cop-torbas-ev-tipi-eldiven-000472","3","staged","FALSE","NORMAL","not_required","canonical-v1.0.0"
"4ad28c36-e233-461d-9c28-87accfc43adb","Züccaciye & Mutfak","","9","FALSE","CANONICAL-000473","zuccaciye-mutfak-000473","1","staged","FALSE","NORMAL","not_required","canonical-v1.0.0"
"156249d1-b445-45ee-afef-a6228e42d2fc","Tencere, Tava & Pişirme Kapları","4ad28c36-e233-461d-9c28-87accfc43adb","1","FALSE","CANONICAL-000474","tencere-tava-pisirme-kaplar-000474","2","staged","FALSE","REGULATED","pending","canonical-v1.0.0"
"236a0482-e008-433b-bef4-fc74a0bf39e7","Tencereler","156249d1-b445-45ee-afef-a6228e42d2fc","1","FALSE","CANONICAL-000475","tencereler-000475","3","staged","FALSE","REGULATED","pending","canonical-v1.0.0"
"9f10de59-7f69-4c0a-b6ee-04cdf5c2156b","Standart Tencereler","236a0482-e008-433b-bef4-fc74a0bf39e7","1","FALSE","CANONICAL-000476","standart-tencereler-000476","4","staged","FALSE","REGULATED","pending","canonical-v1.0.0"
"9ed32fef-4ab7-40aa-b536-6dd4afc20073","Düdüklü Tencereler","236a0482-e008-433b-bef4-fc74a0bf39e7","2","FALSE","CANONICAL-000477","duduklu-tencereler-000477","4","staged","FALSE","REGULATED","pending","canonical-v1.0.0"
"c5e05be7-48b1-47fa-ba12-f6bf32557622","Tavalar & Sahanlar","156249d1-b445-45ee-afef-a6228e42d2fc","2","FALSE","CANONICAL-000478","tavalar-sahanlar-000478","3","staged","FALSE","REGULATED","pending","canonical-v1.0.0"
"8384fecc-c004-4db4-8ea4-84aca3b8a2db","Wok","156249d1-b445-45ee-afef-a6228e42d2fc","3","FALSE","CANONICAL-000479","wok-000479","3","staged","FALSE","REGULATED","pending","canonical-v1.0.0"
"9c8d2923-1095-44d4-908f-05cef7de752b","Fırınlama & Pişirme Gereçleri","4ad28c36-e233-461d-9c28-87accfc43adb","2","FALSE","CANONICAL-000480","f-r-nlama-pisirme-gerecleri-000480","2","staged","FALSE","REGULATED","pending","canonical-v1.0.0"
"f5e46152-14c2-4607-a2c1-a01a854353bb","Fırın Kapları","9c8d2923-1095-44d4-908f-05cef7de752b","1","FALSE","CANONICAL-000481","f-r-n-kaplar-000481","3","staged","FALSE","REGULATED","pending","canonical-v1.0.0"
"f6deaa68-47de-4b9e-b563-301719904d26","Fırın Tepsileri","9c8d2923-1095-44d4-908f-05cef7de752b","2","FALSE","CANONICAL-000482","f-r-n-tepsileri-000482","3","staged","FALSE","REGULATED","pending","canonical-v1.0.0"
"c6c44167-a8a8-471f-a875-d19b6a80f1e1","Kek & Pasta Kalıpları","9c8d2923-1095-44d4-908f-05cef7de752b","3","FALSE","CANONICAL-000483","kek-pasta-kal-plar-000483","3","staged","FALSE","REGULATED","pending","canonical-v1.0.0"
"6717d18d-b245-4097-b3ce-d360d14de238","Fırın Matı & Pişirme Kağıdı","9c8d2923-1095-44d4-908f-05cef7de752b","4","FALSE","CANONICAL-000484","f-r-n-mat-pisirme-kag-d-000484","3","staged","FALSE","REGULATED","pending","canonical-v1.0.0"
"caedf93d-d02d-41b8-b725-4afa0cd3f119","Mutfak Hazırlık Gereçleri","4ad28c36-e233-461d-9c28-87accfc43adb","3","FALSE","CANONICAL-000485","mutfak-haz-rl-k-gerecleri-000485","2","staged","FALSE","REGULATED","pending","canonical-v1.0.0"
"3b4f5873-79d7-4853-b30c-b32b8a07e491","Rende, Soyacak & Dilimleyici","caedf93d-d02d-41b8-b725-4afa0cd3f119","1","FALSE","CANONICAL-000486","rende-soyacak-dilimleyici-000486","3","staged","FALSE","REGULATED","pending","canonical-v1.0.0"
"1869ac86-09b8-486e-b464-05188c56806f","Süzgeç & Elek","caedf93d-d02d-41b8-b725-4afa0cd3f119","2","FALSE","CANONICAL-000487","suzgec-elek-000487","3","staged","FALSE","REGULATED","pending","canonical-v1.0.0"
"a76d274c-28b5-4bba-986b-4c6160126143","Karıştırma Kabı","caedf93d-d02d-41b8-b725-4afa0cd3f119","3","FALSE","CANONICAL-000488","kar-st-rma-kab-000488","3","staged","FALSE","REGULATED","pending","canonical-v1.0.0"
"8298d496-425b-4140-accf-82ef1cdddc57","Ölçü Gereçleri","caedf93d-d02d-41b8-b725-4afa0cd3f119","4","FALSE","CANONICAL-000489","olcu-gerecleri-000489","3","staged","FALSE","REGULATED","pending","canonical-v1.0.0"
"dbe86fa2-d3a7-4ce6-a7f8-e0e8d42801f9","Spatula, Çırpıcı & Karıştırıcı","caedf93d-d02d-41b8-b725-4afa0cd3f119","5","FALSE","CANONICAL-000490","spatula-c-rp-c-kar-st-r-c-000490","3","staged","FALSE","REGULATED","pending","canonical-v1.0.0"
"3939ca5a-af62-4bf1-975f-9ffa902bd562","Açacaklar","caedf93d-d02d-41b8-b725-4afa0cd3f119","6","FALSE","CANONICAL-000491","acacaklar-000491","3","staged","FALSE","REGULATED","pending","canonical-v1.0.0"
"0ef71c63-d526-4a78-92b1-6ab19b6420b1","Bıçak & Kesme Gereçleri","4ad28c36-e233-461d-9c28-87accfc43adb","4","FALSE","CANONICAL-000492","b-cak-kesme-gerecleri-000492","2","staged","FALSE","REGULATED","pending","canonical-v1.0.0"
"46fa735a-770d-454d-bf44-433874cd4e8c","Mutfak Bıçakları","0ef71c63-d526-4a78-92b1-6ab19b6420b1","1","FALSE","CANONICAL-000493","mutfak-b-caklar-000493","3","staged","FALSE","REGULATED","pending","canonical-v1.0.0"
"06211ae6-fe6c-482b-8f7a-47119ccf61e0","Şef Bıçağı","46fa735a-770d-454d-bf44-433874cd4e8c","1","FALSE","CANONICAL-000494","sef-b-cag-000494","4","staged","FALSE","REGULATED","pending","canonical-v1.0.0"
"f7395494-e4a5-4a72-b141-0ee5e264ee2a","Ekmek Bıçağı","46fa735a-770d-454d-bf44-433874cd4e8c","2","FALSE","CANONICAL-000495","ekmek-b-cag-000495","4","staged","FALSE","REGULATED","pending","canonical-v1.0.0"
"1dd9fb3f-fab0-4c56-9bea-4ab978f3276e","Soyma & Doğrama Bıçağı","46fa735a-770d-454d-bf44-433874cd4e8c","3","FALSE","CANONICAL-000496","soyma-dograma-b-cag-000496","4","staged","FALSE","REGULATED","pending","canonical-v1.0.0"
"1254cdc6-5ceb-4483-9ea2-97d47346dce2","Mutfak Makası","0ef71c63-d526-4a78-92b1-6ab19b6420b1","2","FALSE","CANONICAL-000497","mutfak-makas-000497","3","staged","FALSE","REGULATED","pending","canonical-v1.0.0"
"be8e0467-9c5f-470d-8b76-1fabb4cb4dff","Kesme Tahtası","0ef71c63-d526-4a78-92b1-6ab19b6420b1","3","FALSE","CANONICAL-000498","kesme-tahtas-000498","3","staged","FALSE","REGULATED","pending","canonical-v1.0.0"
"04f07485-bc05-46a6-a4fe-3d840a0fdc76","Bıçak Bileme Gereçleri","0ef71c63-d526-4a78-92b1-6ab19b6420b1","4","FALSE","CANONICAL-000499","b-cak-bileme-gerecleri-000499","3","staged","FALSE","REGULATED","pending","canonical-v1.0.0"
"42e4b4a2-8b92-49cb-b84f-6443323f98f8","Sofra & Yemek Takımları","4ad28c36-e233-461d-9c28-87accfc43adb","5","FALSE","CANONICAL-000500","sofra-yemek-tak-mlar-000500","2","staged","FALSE","REGULATED","pending","canonical-v1.0.0"
"a3f82425-7fe8-43b6-aa39-f7781a0314be","Tabaklar","42e4b4a2-8b92-49cb-b84f-6443323f98f8","1","FALSE","CANONICAL-000501","tabaklar-000501","3","staged","FALSE","REGULATED","pending","canonical-v1.0.0"
"e3b799f8-985c-44fb-96f0-9b8e3a1ced30","Kaseler","42e4b4a2-8b92-49cb-b84f-6443323f98f8","2","FALSE","CANONICAL-000502","kaseler-000502","3","staged","FALSE","REGULATED","pending","canonical-v1.0.0"
"554d6213-1441-4b46-8080-9399f5d17d79","Yemek & Kahvaltı Takımları","42e4b4a2-8b92-49cb-b84f-6443323f98f8","3","FALSE","CANONICAL-000503","yemek-kahvalt-tak-mlar-000503","3","staged","FALSE","REGULATED","pending","canonical-v1.0.0"
"40529561-9f25-46b8-9423-9e3d65178ee4","Sosluk & Sunum Kapları","42e4b4a2-8b92-49cb-b84f-6443323f98f8","4","FALSE","CANONICAL-000504","sosluk-sunum-kaplar-000504","3","staged","FALSE","REGULATED","pending","canonical-v1.0.0"
"0fd5319b-349f-4261-a367-4db1d469292d","Çatal, Kaşık & Servis Gereçleri","4ad28c36-e233-461d-9c28-87accfc43adb","6","FALSE","CANONICAL-000505","catal-kas-k-servis-gerecleri-000505","2","staged","FALSE","REGULATED","pending","canonical-v1.0.0"
"fcd114be-7e47-4fd6-a7a5-a60fdc3ed394","Sofra Çatal, Kaşık & Bıçakları","0fd5319b-349f-4261-a367-4db1d469292d","1","FALSE","CANONICAL-000506","sofra-catal-kas-k-b-caklar-000506","3","staged","FALSE","REGULATED","pending","canonical-v1.0.0"
"86ada209-e0b7-4cc0-b045-9861be9b9c03","Kepçe & Servis Kaşığı","0fd5319b-349f-4261-a367-4db1d469292d","2","FALSE","CANONICAL-000507","kepce-servis-kas-g-000507","3","staged","FALSE","REGULATED","pending","canonical-v1.0.0"
"6776b0aa-da99-4b4f-9723-5ede2984da5c","Maşa & Servis Aparatları","0fd5319b-349f-4261-a367-4db1d469292d","3","FALSE","CANONICAL-000508","masa-servis-aparatlar-000508","3","staged","FALSE","REGULATED","pending","canonical-v1.0.0"
"233a30e1-17c3-4605-97f9-2e13e0bc2402","Tepsi & Nihale","0fd5319b-349f-4261-a367-4db1d469292d","4","FALSE","CANONICAL-000509","tepsi-nihale-000509","3","staged","FALSE","REGULATED","pending","canonical-v1.0.0"
"d3f35d6f-985d-4103-a6a6-75de1482bf22","Bardak, Kupa & İçecek Servisi","4ad28c36-e233-461d-9c28-87accfc43adb","7","FALSE","CANONICAL-000510","bardak-kupa-icecek-servisi-000510","2","staged","FALSE","REGULATED","pending","canonical-v1.0.0"
"95d089eb-5295-4223-865f-e55807eba56e","Su & Meşrubat Bardakları","d3f35d6f-985d-4103-a6a6-75de1482bf22","1","FALSE","CANONICAL-000511","su-mesrubat-bardaklar-000511","3","staged","FALSE","REGULATED","pending","canonical-v1.0.0"
"a55c7efc-0f72-4636-b98d-d401cb188a74","Çay Bardağı & Fincan","d3f35d6f-985d-4103-a6a6-75de1482bf22","2","FALSE","CANONICAL-000512","cay-bardag-fincan-000512","3","staged","FALSE","REGULATED","pending","canonical-v1.0.0"
"4fab166c-acbb-444e-a6c9-5f2d7b90cebe","Kupa","d3f35d6f-985d-4103-a6a6-75de1482bf22","3","FALSE","CANONICAL-000513","kupa-000513","3","staged","FALSE","REGULATED","pending","canonical-v1.0.0"
"f36d4390-8e24-4eda-b13c-d5037fb24a6b","Sürahi & Karaf","d3f35d6f-985d-4103-a6a6-75de1482bf22","4","FALSE","CANONICAL-000514","surahi-karaf-000514","3","staged","FALSE","REGULATED","pending","canonical-v1.0.0"
"459bef66-46e7-49c8-a3b3-412ec8fde617","İçecek Takımları","d3f35d6f-985d-4103-a6a6-75de1482bf22","5","FALSE","CANONICAL-000515","icecek-tak-mlar-000515","3","staged","FALSE","REGULATED","pending","canonical-v1.0.0"
"49b9e64a-cba3-4294-92b9-e7807e745946","Çay & Kahve Demleme Gereçleri","4ad28c36-e233-461d-9c28-87accfc43adb","8","FALSE","CANONICAL-000516","cay-kahve-demleme-gerecleri-000516","2","staged","FALSE","REGULATED","pending","canonical-v1.0.0"
"0492e046-2a62-4e31-9b6e-4db79415a9f5","Çaydanlık","49b9e64a-cba3-4294-92b9-e7807e745946","1","FALSE","CANONICAL-000517","caydanl-k-000517","3","staged","FALSE","REGULATED","pending","canonical-v1.0.0"
"4482813b-6342-4b18-b440-77cd3c1221a0","Cezve","49b9e64a-cba3-4294-92b9-e7807e745946","2","FALSE","CANONICAL-000518","cezve-000518","3","staged","FALSE","REGULATED","pending","canonical-v1.0.0"
"1438dd7d-1ff3-4ce8-b0c2-feb018ec465f","French Press","49b9e64a-cba3-4294-92b9-e7807e745946","3","FALSE","CANONICAL-000519","french-press-000519","3","staged","FALSE","REGULATED","pending","canonical-v1.0.0"
"9ae8254d-33db-4427-91fa-a2065659ccaa","Moka Pot","49b9e64a-cba3-4294-92b9-e7807e745946","4","FALSE","CANONICAL-000520","moka-pot-000520","3","staged","FALSE","REGULATED","pending","canonical-v1.0.0"
"b999eab1-3905-4b07-949b-f64d98121443","Pour-Over & Dripper","49b9e64a-cba3-4294-92b9-e7807e745946","5","FALSE","CANONICAL-000521","pour-over-dripper-000521","3","staged","FALSE","REGULATED","pending","canonical-v1.0.0"
"b7e37b62-047d-4df5-9621-ca805d7219b5","Manuel Kahve Değirmeni","49b9e64a-cba3-4294-92b9-e7807e745946","6","FALSE","CANONICAL-000522","manuel-kahve-degirmeni-000522","3","staged","FALSE","REGULATED","pending","canonical-v1.0.0"
"d44661a7-aa48-4a00-9aff-241c1637ede1","Saklama & Mutfak Düzenleme","4ad28c36-e233-461d-9c28-87accfc43adb","9","FALSE","CANONICAL-000523","saklama-mutfak-duzenleme-000523","2","staged","FALSE","REGULATED","pending","canonical-v1.0.0"
"7601eed0-0d18-4c18-a75c-262d0999a8e2","Gıda Saklama Kapları","d44661a7-aa48-4a00-9aff-241c1637ede1","1","FALSE","CANONICAL-000524","g-da-saklama-kaplar-000524","3","staged","FALSE","REGULATED","pending","canonical-v1.0.0"
"cb78323d-4d04-4dba-8e46-ae22a70dbbe2","Kavanozlar","d44661a7-aa48-4a00-9aff-241c1637ede1","2","FALSE","CANONICAL-000525","kavanozlar-000525","3","staged","FALSE","REGULATED","pending","canonical-v1.0.0"
"34b8c7a0-50a5-4c4e-a166-5ad98906a293","Baharatlık, Yağlık & Sirkelik","d44661a7-aa48-4a00-9aff-241c1637ede1","3","FALSE","CANONICAL-000526","baharatl-k-yagl-k-sirkelik-000526","3","staged","FALSE","REGULATED","pending","canonical-v1.0.0"
"88d970d8-d7d2-4640-8186-8a0397edb989","Mutfak Düzenleyiciler","d44661a7-aa48-4a00-9aff-241c1637ede1","4","FALSE","CANONICAL-000527","mutfak-duzenleyiciler-000527","3","staged","FALSE","NORMAL","not_required","canonical-v1.0.0"
"68a4816c-4720-4c8f-8bad-d6e10a68f321","Ekmek Kutusu","d44661a7-aa48-4a00-9aff-241c1637ede1","5","FALSE","CANONICAL-000528","ekmek-kutusu-000528","3","staged","FALSE","REGULATED","pending","canonical-v1.0.0"
"f48e3eb0-4da1-4ba1-8b57-d7dbbebf603c","Termos, Matara & Yiyecek Taşıma","4ad28c36-e233-461d-9c28-87accfc43adb","10","FALSE","CANONICAL-000529","termos-matara-yiyecek-tas-ma-000529","2","staged","FALSE","REGULATED","pending","canonical-v1.0.0"
"37f92044-b2d2-4a9c-84e7-119c33e622d9","Termos","f48e3eb0-4da1-4ba1-8b57-d7dbbebf603c","1","FALSE","CANONICAL-000530","termos-000530","3","staged","FALSE","REGULATED","pending","canonical-v1.0.0"
"e5c0cae3-93dd-4fd1-aaab-e83db8a043f0","Matara","f48e3eb0-4da1-4ba1-8b57-d7dbbebf603c","2","FALSE","CANONICAL-000531","matara-000531","3","staged","FALSE","REGULATED","pending","canonical-v1.0.0"
"4de505f2-ea96-4bce-b16a-7b6a30073534","Termal Kupa","f48e3eb0-4da1-4ba1-8b57-d7dbbebf603c","3","FALSE","CANONICAL-000532","termal-kupa-000532","3","staged","FALSE","REGULATED","pending","canonical-v1.0.0"
"21e9cfd0-2d08-483b-b7bc-d8947378e0cb","Beslenme Kutusu","f48e3eb0-4da1-4ba1-8b57-d7dbbebf603c","4","FALSE","CANONICAL-000533","beslenme-kutusu-000533","3","staged","FALSE","REGULATED","pending","canonical-v1.0.0"
"5fbc0a71-ff4a-4608-b366-411b24e4eb2a","Sefer Tası","f48e3eb0-4da1-4ba1-8b57-d7dbbebf603c","5","FALSE","CANONICAL-000534","sefer-tas-000534","3","staged","FALSE","REGULATED","pending","canonical-v1.0.0"
"6e0e82f8-c0d5-4c23-a089-61d825b74019","Tüketici Tipi Soğutucu Çanta","f48e3eb0-4da1-4ba1-8b57-d7dbbebf603c","6","FALSE","CANONICAL-000535","tuketici-tipi-sogutucu-canta-000535","3","staged","FALSE","REGULATED","pending","canonical-v1.0.0"
"6eb2d8fb-a8d8-4193-9606-f28ce79e5b72","Mutfak Tekstili","4ad28c36-e233-461d-9c28-87accfc43adb","11","FALSE","CANONICAL-000536","mutfak-tekstili-000536","2","staged","FALSE","NORMAL","pending","canonical-v1.0.0"
"b533284c-8ed3-421a-8ea9-240f97734666","Mutfak Önlüğü","6eb2d8fb-a8d8-4193-9606-f28ce79e5b72","1","FALSE","CANONICAL-000537","mutfak-onlugu-000537","3","staged","FALSE","NORMAL","not_required","canonical-v1.0.0"
"07785db0-e471-4e1f-8a4f-8b60b05ff79b","Mutfak Havlusu & Kurulama Bezi","6eb2d8fb-a8d8-4193-9606-f28ce79e5b72","2","FALSE","CANONICAL-000538","mutfak-havlusu-kurulama-bezi-000538","3","staged","FALSE","NORMAL","not_required","canonical-v1.0.0"
"4ea95000-1b7d-4b67-a5a0-9ef071f3ef23","Fırın Eldiveni & Tutacak","6eb2d8fb-a8d8-4193-9606-f28ce79e5b72","3","FALSE","CANONICAL-000539","f-r-n-eldiveni-tutacak-000539","3","staged","FALSE","NORMAL","pending","canonical-v1.0.0"
"be1cbc4a-4239-4464-b422-2544c67693f5","Masa Örtüsü, Runner & Peçete","6eb2d8fb-a8d8-4193-9606-f28ce79e5b72","4","FALSE","CANONICAL-000540","masa-ortusu-runner-pecete-000540","3","staged","FALSE","NORMAL","not_required","canonical-v1.0.0"
"27523f6b-a340-418b-985a-c806b5d59eb4","Yapı, Hırdavat & Tesisat","","10","FALSE","CANONICAL-000541","yap-h-rdavat-tesisat-000541","1","staged","FALSE","NORMAL","not_required","canonical-v1.0.0"
"c19ea49d-f745-45a7-b425-b4dec1e99da5","El Aletleri & Atölye Ekipmanları","27523f6b-a340-418b-985a-c806b5d59eb4","1","FALSE","CANONICAL-000542","el-aletleri-atolye-ekipmanlar-000542","2","staged","FALSE","NORMAL","not_required","canonical-v1.0.0"
"edf33b55-6c60-4fe6-82a9-839359ab625a","Tornavida & Anahtarlar","c19ea49d-f745-45a7-b425-b4dec1e99da5","1","FALSE","CANONICAL-000543","tornavida-anahtarlar-000543","3","staged","FALSE","NORMAL","not_required","canonical-v1.0.0"
"1baac74a-33de-4f91-aa7b-44f40db94c96","Pense, Kerpeten & Kesiciler","c19ea49d-f745-45a7-b425-b4dec1e99da5","2","FALSE","CANONICAL-000544","pense-kerpeten-kesiciler-000544","3","staged","FALSE","NORMAL","not_required","canonical-v1.0.0"
"8395457b-d7c7-4eb4-a079-b1de36a82b0b","Çekiç & Tokmaklar","c19ea49d-f745-45a7-b425-b4dec1e99da5","3","FALSE","CANONICAL-000545","cekic-tokmaklar-000545","3","staged","FALSE","NORMAL","not_required","canonical-v1.0.0"
"9615cba9-cf14-4e82-8d2c-ba883dde9073","El Testeresi, Eğe & Raspalar","c19ea49d-f745-45a7-b425-b4dec1e99da5","4","FALSE","CANONICAL-000546","el-testeresi-ege-raspalar-000546","3","staged","FALSE","NORMAL","not_required","canonical-v1.0.0"
"1fd60ea3-177d-46da-9ed4-379442d3b4e6","Mengene & Kelepçeler","c19ea49d-f745-45a7-b425-b4dec1e99da5","5","FALSE","CANONICAL-000547","mengene-kelepceler-000547","3","staged","FALSE","NORMAL","not_required","canonical-v1.0.0"
"2495d47a-5383-4691-930a-e858110cfa3e","Takım Çantası & Atölye Düzenleme","c19ea49d-f745-45a7-b425-b4dec1e99da5","6","FALSE","CANONICAL-000548","tak-m-cantas-atolye-duzenleme-000548","3","staged","FALSE","NORMAL","not_required","canonical-v1.0.0"
"9761b058-9fc9-4c65-b772-b08eebd7e65c","Elektrikli & Akülü El Aletleri","27523f6b-a340-418b-985a-c806b5d59eb4","2","FALSE","CANONICAL-000549","elektrikli-akulu-el-aletleri-000549","2","staged","FALSE","REGULATED","pending","canonical-v1.0.0"
"421e6377-2cd8-4e9f-9c3b-59fcf18dc531","Matkap & Vidalama","9761b058-9fc9-4c65-b772-b08eebd7e65c","1","FALSE","CANONICAL-000550","matkap-vidalama-000550","3","staged","FALSE","REGULATED","pending","canonical-v1.0.0"
"b4edec2b-8c58-490a-a429-c92ce50a9f79","Taşlama & Polisaj","9761b058-9fc9-4c65-b772-b08eebd7e65c","2","FALSE","CANONICAL-000551","taslama-polisaj-000551","3","staged","FALSE","REGULATED","pending","canonical-v1.0.0"
"863aa61b-fe7a-4314-b886-958f469d0932","Elektrikli Testereler","9761b058-9fc9-4c65-b772-b08eebd7e65c","3","FALSE","CANONICAL-000552","elektrikli-testereler-000552","3","staged","FALSE","REGULATED","pending","canonical-v1.0.0"
"5878c150-9b51-486d-b5de-c459de93975f","Zımpara Makineleri","9761b058-9fc9-4c65-b772-b08eebd7e65c","4","FALSE","CANONICAL-000553","z-mpara-makineleri-000553","3","staged","FALSE","REGULATED","pending","canonical-v1.0.0"
"22e48daa-1d15-46eb-961b-7798223eaf44","Freze & Planya","9761b058-9fc9-4c65-b772-b08eebd7e65c","5","FALSE","CANONICAL-000554","freze-planya-000554","3","staged","FALSE","REGULATED","pending","canonical-v1.0.0"
"cb0d2b31-3f0e-466c-9e67-2d99d7ea01cb","Kompresör & Pnömatik Aletler","9761b058-9fc9-4c65-b772-b08eebd7e65c","6","FALSE","CANONICAL-000555","kompresor-pnomatik-aletler-000555","3","staged","FALSE","REGULATED","pending","canonical-v1.0.0"
"bf5cd9b2-ce87-4105-8278-21d28223ecb1","Alet Uçları, Aksesuarları & Sarfları","27523f6b-a340-418b-985a-c806b5d59eb4","3","FALSE","CANONICAL-000556","alet-uclar-aksesuarlar-sarflar-000556","2","staged","FALSE","REGULATED","pending","canonical-v1.0.0"
"fcd73f6e-fcb9-4183-af41-5d9c9d813028","Matkap Uçları","bf5cd9b2-ce87-4105-8278-21d28223ecb1","1","FALSE","CANONICAL-000557","matkap-uclar-000557","3","staged","FALSE","NORMAL","not_required","canonical-v1.0.0"
"c4cd78aa-3be7-495f-9167-26f06f3058d7","Vidalama Uçları","bf5cd9b2-ce87-4105-8278-21d28223ecb1","2","FALSE","CANONICAL-000558","vidalama-uclar-000558","3","staged","FALSE","NORMAL","not_required","canonical-v1.0.0"
"3d4cc174-fe0e-418b-a381-57fca51966bd","Testere Bıçakları","bf5cd9b2-ce87-4105-8278-21d28223ecb1","3","FALSE","CANONICAL-000559","testere-b-caklar-000559","3","staged","FALSE","REGULATED","pending","canonical-v1.0.0"
"e57949c1-87bb-4fa9-8f84-d1bc6403c8df","Taşlama & Kesme Diskleri","bf5cd9b2-ce87-4105-8278-21d28223ecb1","4","FALSE","CANONICAL-000560","taslama-kesme-diskleri-000560","3","staged","FALSE","REGULATED","pending","canonical-v1.0.0"
"e3994372-e03f-4a27-9889-8f3c400e8e8a","Zımpara Sarfları","bf5cd9b2-ce87-4105-8278-21d28223ecb1","5","FALSE","CANONICAL-000561","z-mpara-sarflar-000561","3","staged","FALSE","NORMAL","not_required","canonical-v1.0.0"
"d1429629-5a93-4386-a4da-99ae0789038d","Alete Özgü Batarya & Şarj Cihazı","bf5cd9b2-ce87-4105-8278-21d28223ecb1","6","FALSE","CANONICAL-000562","alete-ozgu-batarya-sarj-cihaz-000562","3","staged","FALSE","REGULATED","pending","canonical-v1.0.0"
"3e8286d4-94ff-47c6-8116-a07ab3bf94cd","Bağlantı Elemanları & Nalburiye","27523f6b-a340-418b-985a-c806b5d59eb4","4","FALSE","CANONICAL-000563","baglant-elemanlar-nalburiye-000563","2","staged","FALSE","NORMAL","pending","canonical-v1.0.0"
"2d54872a-3911-4ffc-a23a-073b1ad9c03e","Vida, Çivi & Dübel","3e8286d4-94ff-47c6-8116-a07ab3bf94cd","1","FALSE","CANONICAL-000564","vida-civi-dubel-000564","3","staged","FALSE","NORMAL","not_required","canonical-v1.0.0"
"e25149c6-a976-4a2c-a3a7-f0a2ea1cf575","Somun, Cıvata & Rondela","3e8286d4-94ff-47c6-8116-a07ab3bf94cd","2","FALSE","CANONICAL-000565","somun-c-vata-rondela-000565","3","staged","FALSE","NORMAL","not_required","canonical-v1.0.0"
"96b874d9-1909-4614-a0bf-783cd4af807e","Halat, Zincir & Kanca","3e8286d4-94ff-47c6-8116-a07ab3bf94cd","3","FALSE","CANONICAL-000566","halat-zincir-kanca-000566","3","staged","FALSE","NORMAL","pending","canonical-v1.0.0"
"220cfb01-cae5-44b0-b823-9fefa59c46b5","Köşebent, Plaka & Montaj Elemanları","3e8286d4-94ff-47c6-8116-a07ab3bf94cd","4","FALSE","CANONICAL-000567","kosebent-plaka-montaj-elemanlar-000567","3","staged","FALSE","NORMAL","not_required","canonical-v1.0.0"
"feedd8f2-40c4-4571-a8a7-f34048da4d92","Zımba & Perçin","3e8286d4-94ff-47c6-8116-a07ab3bf94cd","5","FALSE","CANONICAL-000568","z-mba-percin-000568","3","staged","FALSE","NORMAL","not_required","canonical-v1.0.0"
"b14ffb06-418a-4dd5-af9e-77ecf911dafa","Ölçüm, Test & İşaretleme","27523f6b-a340-418b-985a-c806b5d59eb4","5","FALSE","CANONICAL-000569","olcum-test-isaretleme-000569","2","staged","FALSE","REGULATED","pending","canonical-v1.0.0"
"e7679535-6d85-4f89-a330-0f2a55e8ce31","Boyut & Açı Ölçümü","b14ffb06-418a-4dd5-af9e-77ecf911dafa","1","FALSE","CANONICAL-000570","boyut-ac-olcumu-000570","3","staged","FALSE","NORMAL","not_required","canonical-v1.0.0"
"59d6ea2d-4369-4679-a603-d8c548e50b88","Lazer Ölçüm & Terazi","b14ffb06-418a-4dd5-af9e-77ecf911dafa","2","FALSE","CANONICAL-000571","lazer-olcum-terazi-000571","3","staged","FALSE","REGULATED","pending","canonical-v1.0.0"
"1aedf166-8f24-4d84-a0f6-af959ffb7e48","Elektrik Test Cihazları","b14ffb06-418a-4dd5-af9e-77ecf911dafa","3","FALSE","CANONICAL-000572","elektrik-test-cihazlar-000572","3","staged","FALSE","REGULATED","pending","canonical-v1.0.0"
"59a9dba9-65f5-4593-8c14-1046fb5fb5cb","İşaretleme Gereçleri","b14ffb06-418a-4dd5-af9e-77ecf911dafa","4","FALSE","CANONICAL-000573","isaretleme-gerecleri-000573","3","staged","FALSE","NORMAL","not_required","canonical-v1.0.0"
"b27a16f8-7394-4245-879d-0dbd6a1cb354","Boya, Kaplama & Yüzey Hazırlama","27523f6b-a340-418b-985a-c806b5d59eb4","6","FALSE","CANONICAL-000574","boya-kaplama-yuzey-haz-rlama-000574","2","staged","FALSE","REGULATED","pending","canonical-v1.0.0"
"57ded489-5c44-422e-8387-562555a9cd91","Boyalar","b27a16f8-7394-4245-879d-0dbd6a1cb354","1","FALSE","CANONICAL-000575","boyalar-000575","3","staged","FALSE","REGULATED","pending","canonical-v1.0.0"
"c67f92b4-3b9f-4272-b1f0-932518e2cae1","Duvar Boyası","57ded489-5c44-422e-8387-562555a9cd91","1","FALSE","CANONICAL-000576","duvar-boyas-000576","4","staged","FALSE","REGULATED","pending","canonical-v1.0.0"
"25cb9c10-06bd-4fad-b383-1f184fe9eadd","Ahşap & Metal Boyası","57ded489-5c44-422e-8387-562555a9cd91","2","FALSE","CANONICAL-000577","ahsap-metal-boyas-000577","4","staged","FALSE","REGULATED","pending","canonical-v1.0.0"
"21413956-b021-471f-8289-9932730468d5","Astar & Koruyucu Kaplama","b27a16f8-7394-4245-879d-0dbd6a1cb354","2","FALSE","CANONICAL-000578","astar-koruyucu-kaplama-000578","3","staged","FALSE","REGULATED","pending","canonical-v1.0.0"
"fb645e58-b043-4e5c-a59e-b40d72be021e","Fırça, Rulo & Boya Aparatı","b27a16f8-7394-4245-879d-0dbd6a1cb354","3","FALSE","CANONICAL-000579","f-rca-rulo-boya-aparat-000579","3","staged","FALSE","NORMAL","not_required","canonical-v1.0.0"
"997d115d-26d0-47e5-b22f-3878064d20b0","Zımpara & Yüzey Hazırlama","b27a16f8-7394-4245-879d-0dbd6a1cb354","4","FALSE","CANONICAL-000580","z-mpara-yuzey-haz-rlama-000580","3","staged","FALSE","NORMAL","not_required","canonical-v1.0.0"
"4be1fcad-d640-4299-8000-fe27b8089710","Maskeleme & Yüzey Koruma","b27a16f8-7394-4245-879d-0dbd6a1cb354","5","FALSE","CANONICAL-000581","maskeleme-yuzey-koruma-000581","3","staged","FALSE","NORMAL","not_required","canonical-v1.0.0"
"863480dd-35d4-4af7-aaa5-dacbda911579","Yapıştırıcı, Dolgu & Yapı Kimyasalları","27523f6b-a340-418b-985a-c806b5d59eb4","7","FALSE","CANONICAL-000582","yap-st-r-c-dolgu-yap-kimyasallar-000582","2","staged","FALSE","LEGAL_REVIEW_REQUIRED","pending","canonical-v1.0.0"
"1e6c41be-f5ec-4394-8b56-050714ce0590","Genel Amaçlı Yapıştırıcı","863480dd-35d4-4af7-aaa5-dacbda911579","1","FALSE","CANONICAL-000583","genel-amacl-yap-st-r-c-000583","3","staged","FALSE","REGULATED","pending","canonical-v1.0.0"
"7499f027-feaf-4bf0-8033-34d68479362e","Yapı Yapıştırıcısı","863480dd-35d4-4af7-aaa5-dacbda911579","2","FALSE","CANONICAL-000584","yap-yap-st-r-c-s-000584","3","staged","FALSE","REGULATED","pending","canonical-v1.0.0"
"9a2724ea-b8f7-47e0-8b0e-7d7c1e98c55d","Silikon & Mastik","863480dd-35d4-4af7-aaa5-dacbda911579","3","FALSE","CANONICAL-000585","silikon-mastik-000585","3","staged","FALSE","REGULATED","pending","canonical-v1.0.0"
"2f5ec13f-9e20-4eab-9f9c-133450c9ecc5","Derz & Dolgu","863480dd-35d4-4af7-aaa5-dacbda911579","4","FALSE","CANONICAL-000586","derz-dolgu-000586","3","staged","FALSE","REGULATED","pending","canonical-v1.0.0"
"282ca795-aa55-4f47-a0a3-6f949513fd39","Su Yalıtım Kimyasalları","863480dd-35d4-4af7-aaa5-dacbda911579","5","FALSE","CANONICAL-000587","su-yal-t-m-kimyasallar-000587","3","staged","FALSE","REGULATED","pending","canonical-v1.0.0"
"a84dd9b4-e2be-4200-a712-27feb22214d3","Teknik Sprey & Solvent","863480dd-35d4-4af7-aaa5-dacbda911579","6","FALSE","CANONICAL-000588","teknik-sprey-solvent-000588","3","staged","FALSE","LEGAL_REVIEW_REQUIRED","pending","canonical-v1.0.0"
"427648ad-e236-476e-822b-38d49a8ed46e","Yapı Malzemeleri","27523f6b-a340-418b-985a-c806b5d59eb4","8","FALSE","CANONICAL-000589","yap-malzemeleri-000589","2","staged","FALSE","REGULATED","pending","canonical-v1.0.0"
"e02d6e29-f94a-450c-82cd-f9e515e6b452","Çimento, Harç & Sıva","427648ad-e236-476e-822b-38d49a8ed46e","1","FALSE","CANONICAL-000590","cimento-harc-s-va-000590","3","staged","FALSE","REGULATED","pending","canonical-v1.0.0"
"215008f2-b34d-4d88-9fe6-c172c950fb2b","Tuğla & Blok","427648ad-e236-476e-822b-38d49a8ed46e","2","FALSE","CANONICAL-000591","tugla-blok-000591","3","staged","FALSE","REGULATED","pending","canonical-v1.0.0"
"e79320d8-8e7a-4479-af28-51c67a58e2e1","Levha & Panel","427648ad-e236-476e-822b-38d49a8ed46e","3","FALSE","CANONICAL-000592","levha-panel-000592","3","staged","FALSE","REGULATED","pending","canonical-v1.0.0"
"fd34654b-ba47-4500-a6fe-c77560ce4f48","Seramik & Zemin Kaplama","427648ad-e236-476e-822b-38d49a8ed46e","4","FALSE","CANONICAL-000593","seramik-zemin-kaplama-000593","3","staged","FALSE","REGULATED","pending","canonical-v1.0.0"
"306f8130-cdcb-4163-b3a8-c8cc0c5ada53","Isı & Ses Yalıtımı","427648ad-e236-476e-822b-38d49a8ed46e","5","FALSE","CANONICAL-000594","is-ses-yal-t-m-000594","3","staged","FALSE","REGULATED","pending","canonical-v1.0.0"
"1c6adff4-b411-48a3-beaf-86cc95495f28","Çatı & Su Yalıtım Malzemeleri","427648ad-e236-476e-822b-38d49a8ed46e","6","FALSE","CANONICAL-000595","cat-su-yal-t-m-malzemeleri-000595","3","staged","FALSE","REGULATED","pending","canonical-v1.0.0"
"79462ef0-92a0-4678-b9ea-8677487d3965","Su Tesisatı & Armatürler","27523f6b-a340-418b-985a-c806b5d59eb4","9","FALSE","CANONICAL-000596","su-tesisat-armaturler-000596","2","staged","FALSE","REGULATED","pending","canonical-v1.0.0"
"a2351b39-9ecb-4f6c-a844-36153078a610","Musluk, Batarya & Duş Sistemleri","79462ef0-92a0-4678-b9ea-8677487d3965","1","FALSE","CANONICAL-000597","musluk-batarya-dus-sistemleri-000597","3","staged","FALSE","REGULATED","pending","canonical-v1.0.0"
"1a77d962-c67c-4b7e-9a15-09053ef62ad9","Vitrifiye & Sıhhi Ürünler","79462ef0-92a0-4678-b9ea-8677487d3965","2","FALSE","CANONICAL-000598","vitrifiye-s-hhi-urunler-000598","3","staged","FALSE","REGULATED","pending","canonical-v1.0.0"
"63f92288-58b8-4f5d-a3c5-703452648253","Boru & Hortum","79462ef0-92a0-4678-b9ea-8677487d3965","3","FALSE","CANONICAL-000599","boru-hortum-000599","3","staged","FALSE","REGULATED","pending","canonical-v1.0.0"
"0c80f310-e0c1-4357-a0b6-6807666aac69","Fittings & Bağlantı Parçaları","79462ef0-92a0-4678-b9ea-8677487d3965","4","FALSE","CANONICAL-000600","fittings-baglant-parcalar-000600","3","staged","FALSE","REGULATED","pending","canonical-v1.0.0"
"f30ac99e-c8df-4e5f-a4b8-25284e258455","Vana & Kontrol Elemanları","79462ef0-92a0-4678-b9ea-8677487d3965","5","FALSE","CANONICAL-000601","vana-kontrol-elemanlar-000601","3","staged","FALSE","REGULATED","pending","canonical-v1.0.0"
"b4d45686-357a-4d57-8535-1cbb541b9b19","Sifon & Gider Parçaları","79462ef0-92a0-4678-b9ea-8677487d3965","6","FALSE","CANONICAL-000602","sifon-gider-parcalar-000602","3","staged","FALSE","REGULATED","pending","canonical-v1.0.0"
"63b23516-5a3f-48b8-b93c-4843b773d260","Elektrik Tesisatı Malzemeleri","27523f6b-a340-418b-985a-c806b5d59eb4","10","FALSE","CANONICAL-000603","elektrik-tesisat-malzemeleri-000603","2","staged","FALSE","REGULATED","pending","canonical-v1.0.0"
"c436b4f1-2a2e-4ffb-8813-b6a946871bb8","Anahtar, Priz & Fiş","63b23516-5a3f-48b8-b93c-4843b773d260","1","FALSE","CANONICAL-000604","anahtar-priz-fis-000604","3","staged","FALSE","REGULATED","pending","canonical-v1.0.0"
"da9a16fe-f0b6-4207-91f6-1619339ef6df","Kablo & İletken","63b23516-5a3f-48b8-b93c-4843b773d260","2","FALSE","CANONICAL-000605","kablo-iletken-000605","3","staged","FALSE","REGULATED","pending","canonical-v1.0.0"
"c875201d-ab72-4a36-8807-aa4a05627dd9","Sigorta & Elektrik Panosu","63b23516-5a3f-48b8-b93c-4843b773d260","3","FALSE","CANONICAL-000606","sigorta-elektrik-panosu-000606","3","staged","FALSE","REGULATED","pending","canonical-v1.0.0"
"3b3f8ea0-a8a4-4f8c-a239-aeafe0d79624","Buat, Kablo Kanalı & Borusu","63b23516-5a3f-48b8-b93c-4843b773d260","4","FALSE","CANONICAL-000607","buat-kablo-kanal-borusu-000607","3","staged","FALSE","REGULATED","pending","canonical-v1.0.0"
"94b74b55-1574-4482-ad0e-61caeca00104","Sabit Aydınlatma Tesisat Parçaları","63b23516-5a3f-48b8-b93c-4843b773d260","5","FALSE","CANONICAL-000608","sabit-ayd-nlatma-tesisat-parcalar-000608","3","staged","FALSE","REGULATED","pending","canonical-v1.0.0"
"47228c1e-94a9-4dc4-94da-c523292807d2","Isıtma, Gaz & Havalandırma Tesisatı","27523f6b-a340-418b-985a-c806b5d59eb4","11","FALSE","CANONICAL-000609","is-tma-gaz-havaland-rma-tesisat-000609","2","staged","FALSE","LEGAL_REVIEW_REQUIRED","pending","canonical-v1.0.0"
"6a135b59-d090-4b31-851d-3b25f7080673","Radyatör & Radyatör Vanası","47228c1e-94a9-4dc4-94da-c523292807d2","1","FALSE","CANONICAL-000610","radyator-radyator-vanas-000610","3","staged","FALSE","REGULATED","pending","canonical-v1.0.0"
"24e90e4d-ea98-48c8-bde7-6e57a154833a","Isıtma Tesisatı Parçaları","47228c1e-94a9-4dc4-94da-c523292807d2","2","FALSE","CANONICAL-000611","is-tma-tesisat-parcalar-000611","3","staged","FALSE","REGULATED","pending","canonical-v1.0.0"
"ea4f6654-9c71-46db-85a0-b9fe81ff5e92","Havalandırma Kanalı & Menfez","47228c1e-94a9-4dc4-94da-c523292807d2","3","FALSE","CANONICAL-000612","havaland-rma-kanal-menfez-000612","3","staged","FALSE","REGULATED","pending","canonical-v1.0.0"
"05e872fc-b250-4725-9796-d7ee1ddfb596","Gaz Fittings & Regülatörleri","47228c1e-94a9-4dc4-94da-c523292807d2","4","FALSE","CANONICAL-000613","gaz-fittings-regulatorleri-000613","3","staged","FALSE","LEGAL_REVIEW_REQUIRED","pending","canonical-v1.0.0"
"7e110e59-f1c9-4b03-b432-fe21c1f84a8c","Baca & Duman Tahliye Parçaları","47228c1e-94a9-4dc4-94da-c523292807d2","5","FALSE","CANONICAL-000614","baca-duman-tahliye-parcalar-000614","3","staged","FALSE","LEGAL_REVIEW_REQUIRED","pending","canonical-v1.0.0"
"24d4881c-8e53-4406-a9a5-6fc8e61677e0","Kilit, Kapı & Pencere Donanımları","27523f6b-a340-418b-985a-c806b5d59eb4","12","FALSE","CANONICAL-000615","kilit-kap-pencere-donan-mlar-000615","2","staged","FALSE","REGULATED","pending","canonical-v1.0.0"
"1b61b034-537f-4392-992d-91abd4735ed5","Mekanik Kilit & Silindir","24d4881c-8e53-4406-a9a5-6fc8e61677e0","1","FALSE","CANONICAL-000616","mekanik-kilit-silindir-000616","3","staged","FALSE","REGULATED","pending","canonical-v1.0.0"
"5305870c-5096-4742-8eb8-8e8b493c9635","Menteşe","24d4881c-8e53-4406-a9a5-6fc8e61677e0","2","FALSE","CANONICAL-000617","mentese-000617","3","staged","FALSE","NORMAL","not_required","canonical-v1.0.0"
"f0745564-6267-4646-bc63-afd01d4e2688","Kapı & Pencere Kolu","24d4881c-8e53-4406-a9a5-6fc8e61677e0","3","FALSE","CANONICAL-000618","kap-pencere-kolu-000618","3","staged","FALSE","NORMAL","not_required","canonical-v1.0.0"
"afba2c90-88b4-4c55-a252-e7adb29d1836","Ray & Kapatma Mekanizmaları","24d4881c-8e53-4406-a9a5-6fc8e61677e0","4","FALSE","CANONICAL-000619","ray-kapatma-mekanizmalar-000619","3","staged","FALSE","REGULATED","pending","canonical-v1.0.0"
"6598fc63-d273-4d45-8935-76d915cbade0","Pencere Donanımları","24d4881c-8e53-4406-a9a5-6fc8e61677e0","5","FALSE","CANONICAL-000620","pencere-donan-mlar-000620","3","staged","FALSE","NORMAL","not_required","canonical-v1.0.0"
"3f7e18c0-b8f5-4b5c-8285-fcc7161126e3","Kaynak, Lehim & Metal İşleme","27523f6b-a340-418b-985a-c806b5d59eb4","13","FALSE","CANONICAL-000621","kaynak-lehim-metal-isleme-000621","2","staged","FALSE","REGULATED","pending","canonical-v1.0.0"
"993f4677-a2fb-414a-b65c-077ec6c94b0f","Kaynak Makineleri","3f7e18c0-b8f5-4b5c-8285-fcc7161126e3","1","FALSE","CANONICAL-000622","kaynak-makineleri-000622","3","staged","FALSE","REGULATED","pending","canonical-v1.0.0"
"43001482-2d9f-4767-8392-f8f7bb8e61c5","Lehimleme Ekipmanları","3f7e18c0-b8f5-4b5c-8285-fcc7161126e3","2","FALSE","CANONICAL-000623","lehimleme-ekipmanlar-000623","3","staged","FALSE","REGULATED","pending","canonical-v1.0.0"
"150402b0-ff5a-4dc3-9a53-48a9754eb422","Kaynak Sarfları","3f7e18c0-b8f5-4b5c-8285-fcc7161126e3","3","FALSE","CANONICAL-000624","kaynak-sarflar-000624","3","staged","FALSE","REGULATED","pending","canonical-v1.0.0"
"3a1909f9-2cf8-4095-8626-bda437addf6a","Lehimleme Sarfları","3f7e18c0-b8f5-4b5c-8285-fcc7161126e3","4","FALSE","CANONICAL-000625","lehimleme-sarflar-000625","3","staged","FALSE","REGULATED","pending","canonical-v1.0.0"
"ad6db8a4-a620-4feb-a172-adb472727081","Metal Kesme & Şekillendirme","3f7e18c0-b8f5-4b5c-8285-fcc7161126e3","5","FALSE","CANONICAL-000626","metal-kesme-sekillendirme-000626","3","staged","FALSE","REGULATED","pending","canonical-v1.0.0"
"8207cb55-4f64-49ce-a6f7-30e49a4d0cee","İş Güvenliği & Koruyucu Donanım","27523f6b-a340-418b-985a-c806b5d59eb4","14","FALSE","CANONICAL-000627","is-guvenligi-koruyucu-donan-m-000627","2","staged","FALSE","LEGAL_REVIEW_REQUIRED","pending","canonical-v1.0.0"
"629f57a5-0582-4373-8ac4-d029958b2a62","Baş Koruma","8207cb55-4f64-49ce-a6f7-30e49a4d0cee","1","FALSE","CANONICAL-000628","bas-koruma-000628","3","staged","FALSE","REGULATED","pending","canonical-v1.0.0"
"2a1bb9e2-9a03-4fee-bd3f-64343ad6bd7e","Göz & Yüz Koruma","8207cb55-4f64-49ce-a6f7-30e49a4d0cee","2","FALSE","CANONICAL-000629","goz-yuz-koruma-000629","3","staged","FALSE","REGULATED","pending","canonical-v1.0.0"
"b81e88ac-0f18-4fbb-9d30-40eddc98ec02","El Koruma","8207cb55-4f64-49ce-a6f7-30e49a4d0cee","3","FALSE","CANONICAL-000630","el-koruma-000630","3","staged","FALSE","REGULATED","pending","canonical-v1.0.0"
"0dc771cc-44e6-4372-8355-773c4fd0b0db","İşitme Koruma","8207cb55-4f64-49ce-a6f7-30e49a4d0cee","4","FALSE","CANONICAL-000631","isitme-koruma-000631","3","staged","FALSE","REGULATED","pending","canonical-v1.0.0"
"8624c140-dec5-4c46-91ea-36ddebb7fcc6","Solunum Koruma","8207cb55-4f64-49ce-a6f7-30e49a4d0cee","5","FALSE","CANONICAL-000632","solunum-koruma-000632","3","staged","FALSE","REGULATED","pending","canonical-v1.0.0"
"21937925-e3be-4dc9-90f0-800206d9d50a","Yüksekte Çalışma & Düşüş Koruma","8207cb55-4f64-49ce-a6f7-30e49a4d0cee","6","FALSE","CANONICAL-000633","yuksekte-cal-sma-dusus-koruma-000633","3","staged","FALSE","LEGAL_REVIEW_REQUIRED","pending","canonical-v1.0.0"
"5d04468c-9abb-47a5-909a-ad429e428c5f","İş Güvenliği Ayakkabıları","8207cb55-4f64-49ce-a6f7-30e49a4d0cee","7","FALSE","CANONICAL-000634","is-guvenligi-ayakkab-lar-000634","3","staged","FALSE","REGULATED","pending","canonical-v1.0.0"
"2deaa482-cb6d-47aa-a589-584552e2e7ab","Görünürlük & Koruyucu İş Giyimi","8207cb55-4f64-49ce-a6f7-30e49a4d0cee","8","FALSE","CANONICAL-000635","gorunurluk-koruyucu-is-giyimi-000635","3","staged","FALSE","REGULATED","pending","canonical-v1.0.0"
"8b7bf2c6-fb37-4bc3-9826-564ba9c021f5","Otomotiv & Motosiklet","","11","FALSE","CANONICAL-000636","otomotiv-motosiklet-000636","1","staged","FALSE","NORMAL","not_required","canonical-v1.0.0"
"8d4c64ac-7eb2-4022-9ddf-c32de019ec93","Otomobil Yedek Parçaları","8b7bf2c6-fb37-4bc3-9826-564ba9c021f5","1","FALSE","CANONICAL-000637","otomobil-yedek-parcalar-000637","2","staged","FALSE","REGULATED","pending","canonical-v1.0.0"
"d4bd822a-3cfa-4e67-af07-a38733ace723","Aktarma Organları","8d4c64ac-7eb2-4022-9ddf-c32de019ec93","1","FALSE","CANONICAL-000638","aktarma-organlar-000638","3","staged","FALSE","REGULATED","pending","canonical-v1.0.0"
"d541ebb4-ad34-4817-be0f-ac8b13373f23","Aks & Mafsal Parçaları","d4bd822a-3cfa-4e67-af07-a38733ace723","1","FALSE","CANONICAL-000639","aks-mafsal-parcalar-000639","4","staged","FALSE","REGULATED","pending","canonical-v1.0.0"
"ef529029-d805-48bc-a320-748feca8eae4","Debriyaj Parçaları","d4bd822a-3cfa-4e67-af07-a38733ace723","2","FALSE","CANONICAL-000640","debriyaj-parcalar-000640","4","staged","FALSE","REGULATED","pending","canonical-v1.0.0"
"95631d2b-a520-46e0-8ce8-06a1730a7283","Şanzıman Parçaları","d4bd822a-3cfa-4e67-af07-a38733ace723","3","FALSE","CANONICAL-000641","sanz-man-parcalar-000641","4","staged","FALSE","REGULATED","pending","canonical-v1.0.0"
"23aab385-9b1d-4f67-bd90-ed1bf7470b3b","Egzoz Parçaları","8d4c64ac-7eb2-4022-9ddf-c32de019ec93","2","FALSE","CANONICAL-000642","egzoz-parcalar-000642","3","staged","FALSE","REGULATED","pending","canonical-v1.0.0"
"4a482ba0-11d2-43c8-899c-c45ddec732b6","Fren Parçaları","8d4c64ac-7eb2-4022-9ddf-c32de019ec93","3","FALSE","CANONICAL-000643","fren-parcalar-000643","3","staged","FALSE","REGULATED","pending","canonical-v1.0.0"
"3fce6b37-3fb4-4b21-adeb-75acd95318fb","Fren Balataları","4a482ba0-11d2-43c8-899c-c45ddec732b6","1","FALSE","CANONICAL-000644","fren-balatalar-000644","4","staged","FALSE","REGULATED","pending","canonical-v1.0.0"
"dd4884d3-b14e-4af7-a636-2cfe99fb2577","Fren Diskleri & Kampanaları","4a482ba0-11d2-43c8-899c-c45ddec732b6","2","FALSE","CANONICAL-000645","fren-diskleri-kampanalar-000645","4","staged","FALSE","REGULATED","pending","canonical-v1.0.0"
"169d25e4-2526-4a56-917b-f73749ca0de3","Fren Mekanizması Parçaları","4a482ba0-11d2-43c8-899c-c45ddec732b6","3","FALSE","CANONICAL-000646","fren-mekanizmas-parcalar-000646","4","staged","FALSE","REGULATED","pending","canonical-v1.0.0"
"3a0851a2-3487-4e48-b293-3cca52f8b179","Kaporta Parçaları","8d4c64ac-7eb2-4022-9ddf-c32de019ec93","4","FALSE","CANONICAL-000647","kaporta-parcalar-000647","3","staged","FALSE","REGULATED","pending","canonical-v1.0.0"
"d7dd4178-d10f-42bd-b179-e193316bcfd6","Motor & Filtre","8d4c64ac-7eb2-4022-9ddf-c32de019ec93","5","FALSE","CANONICAL-000648","motor-filtre-000648","3","staged","FALSE","REGULATED","pending","canonical-v1.0.0"
"4d6bc83b-b62e-47fe-a091-f890191fff31","Hava Filtreleri","d7dd4178-d10f-42bd-b179-e193316bcfd6","1","FALSE","CANONICAL-000649","hava-filtreleri-000649","4","staged","FALSE","REGULATED","pending","canonical-v1.0.0"
"4458d572-96a9-40df-bf7b-589345aab0c6","Kabin Filtreleri","d7dd4178-d10f-42bd-b179-e193316bcfd6","2","FALSE","CANONICAL-000650","kabin-filtreleri-000650","4","staged","FALSE","REGULATED","pending","canonical-v1.0.0"
"5f9851ac-4df4-4c78-8d40-6e0ca5359076","Motor Parçaları","d7dd4178-d10f-42bd-b179-e193316bcfd6","3","FALSE","CANONICAL-000651","motor-parcalar-000651","4","staged","FALSE","REGULATED","pending","canonical-v1.0.0"
"0f088b10-f697-47a8-abb4-5e93b0ef5787","Yağ Filtreleri","d7dd4178-d10f-42bd-b179-e193316bcfd6","4","FALSE","CANONICAL-000652","yag-filtreleri-000652","4","staged","FALSE","REGULATED","pending","canonical-v1.0.0"
"91f7c1c2-06d9-45aa-9b50-d4a3ac105ee4","Yakıt Filtreleri","d7dd4178-d10f-42bd-b179-e193316bcfd6","5","FALSE","CANONICAL-000653","yak-t-filtreleri-000653","4","staged","FALSE","REGULATED","pending","canonical-v1.0.0"
"64f0a424-8958-43cb-803f-bafdb2571f20","Süspansiyon & Direksiyon","8d4c64ac-7eb2-4022-9ddf-c32de019ec93","6","FALSE","CANONICAL-000654","suspansiyon-direksiyon-000654","3","staged","FALSE","REGULATED","pending","canonical-v1.0.0"
"41aaf4ee-08c2-4b62-ac87-0152b245f8b0","Amortisör & Yaylar","64f0a424-8958-43cb-803f-bafdb2571f20","1","FALSE","CANONICAL-000655","amortisor-yaylar-000655","4","staged","FALSE","REGULATED","pending","canonical-v1.0.0"
"ea17616b-6b57-469f-b272-219cb3878bdd","Direksiyon Parçaları","64f0a424-8958-43cb-803f-bafdb2571f20","2","FALSE","CANONICAL-000656","direksiyon-parcalar-000656","4","staged","FALSE","REGULATED","pending","canonical-v1.0.0"
"e9bfac56-7633-4219-ab2e-53237f760602","Rot, Rotil & Bağlantılar","64f0a424-8958-43cb-803f-bafdb2571f20","3","FALSE","CANONICAL-000657","rot-rotil-baglant-lar-000657","4","staged","FALSE","REGULATED","pending","canonical-v1.0.0"
"bf50875b-01bb-42a4-a8dc-8431046d2754","Motosiklet Yedek Parçaları","8b7bf2c6-fb37-4bc3-9826-564ba9c021f5","2","FALSE","CANONICAL-000658","motosiklet-yedek-parcalar-000658","2","staged","FALSE","REGULATED","pending","canonical-v1.0.0"
"cc22b5e8-6df2-4668-a482-4a03e129e45e","Aktarma & Debriyaj Parçaları","bf50875b-01bb-42a4-a8dc-8431046d2754","1","FALSE","CANONICAL-000659","aktarma-debriyaj-parcalar-000659","3","staged","FALSE","REGULATED","pending","canonical-v1.0.0"
"9a3208e8-0733-4089-9f8e-449fd5fd7991","Aydınlatma Parçaları","bf50875b-01bb-42a4-a8dc-8431046d2754","2","FALSE","CANONICAL-000660","ayd-nlatma-parcalar-000660","3","staged","FALSE","REGULATED","pending","canonical-v1.0.0"
"59db4667-ba27-4f8a-9f78-ad1e52a8e703","Egzoz Parçaları","bf50875b-01bb-42a4-a8dc-8431046d2754","3","FALSE","CANONICAL-000661","egzoz-parcalar-000661","3","staged","FALSE","REGULATED","pending","canonical-v1.0.0"
"e2f6730d-dc25-48bd-bd4b-30207f3132ea","Fren Parçaları","bf50875b-01bb-42a4-a8dc-8431046d2754","4","FALSE","CANONICAL-000662","fren-parcalar-000662","3","staged","FALSE","REGULATED","pending","canonical-v1.0.0"
"15b45bc0-1993-4d9e-9895-fd10eeaa48a6","Motor Parçaları","bf50875b-01bb-42a4-a8dc-8431046d2754","5","FALSE","CANONICAL-000663","motor-parcalar-000663","3","staged","FALSE","REGULATED","pending","canonical-v1.0.0"
"1e1faebf-a61a-4bd6-8a98-8975f1bf00e2","Süspansiyon & Direksiyon Parçaları","bf50875b-01bb-42a4-a8dc-8431046d2754","6","FALSE","CANONICAL-000664","suspansiyon-direksiyon-parcalar-000664","3","staged","FALSE","REGULATED","pending","canonical-v1.0.0"
"722b52e2-b8bb-403f-b178-2a175bcc8e8e","Araç İçi Aksesuarları","8b7bf2c6-fb37-4bc3-9826-564ba9c021f5","3","FALSE","CANONICAL-000665","arac-ici-aksesuarlar-000665","2","staged","FALSE","NORMAL","not_required","canonical-v1.0.0"
"d148e3cb-c211-476c-9d5f-0b4e6fac84fe","Araç İçi Düzenleyiciler","722b52e2-b8bb-403f-b178-2a175bcc8e8e","1","FALSE","CANONICAL-000666","arac-ici-duzenleyiciler-000666","3","staged","FALSE","NORMAL","not_required","canonical-v1.0.0"
"5a671952-7972-478e-8d0c-2710e8d72e28","Direksiyon & Vites Aksesuarları","722b52e2-b8bb-403f-b178-2a175bcc8e8e","2","FALSE","CANONICAL-000667","direksiyon-vites-aksesuarlar-000667","3","staged","FALSE","NORMAL","not_required","canonical-v1.0.0"
"177e7ce4-75a7-4d11-ba68-4d12c2eb3d38","Güneşlik & Cam Aksesuarları","722b52e2-b8bb-403f-b178-2a175bcc8e8e","3","FALSE","CANONICAL-000668","guneslik-cam-aksesuarlar-000668","3","staged","FALSE","NORMAL","not_required","canonical-v1.0.0"
"de7d257a-1c5c-4270-824f-ea7930588970","İç Trim & Koruma Aksesuarları","722b52e2-b8bb-403f-b178-2a175bcc8e8e","4","FALSE","CANONICAL-000669","ic-trim-koruma-aksesuarlar-000669","3","staged","FALSE","NORMAL","not_required","canonical-v1.0.0"
"71ee1293-07c2-497c-9910-45be212366d0","Koltuk Kılıfları & Minderler","722b52e2-b8bb-403f-b178-2a175bcc8e8e","5","FALSE","CANONICAL-000670","koltuk-k-l-flar-minderler-000670","3","staged","FALSE","NORMAL","not_required","canonical-v1.0.0"
"d14fc363-50f2-49d9-bd3c-66cd9c61fbab","Paspaslar","722b52e2-b8bb-403f-b178-2a175bcc8e8e","6","FALSE","CANONICAL-000671","paspaslar-000671","3","staged","FALSE","NORMAL","not_required","canonical-v1.0.0"
"417a7bc8-6655-4538-9ff8-85acc9d7872f","Araç Dış Aksesuarları","8b7bf2c6-fb37-4bc3-9826-564ba9c021f5","4","FALSE","CANONICAL-000672","arac-d-s-aksesuarlar-000672","2","staged","FALSE","REGULATED","pending","canonical-v1.0.0"
"cd3daeaf-fb81-46f6-844b-41a8f3ee845c","Araç Örtüleri","417a7bc8-6655-4538-9ff8-85acc9d7872f","1","FALSE","CANONICAL-000673","arac-ortuleri-000673","3","staged","FALSE","NORMAL","not_required","canonical-v1.0.0"
"0be6d632-07a5-43ac-8cef-066e8945232b","Dış Trim & Koruma Aksesuarları","417a7bc8-6655-4538-9ff8-85acc9d7872f","2","FALSE","CANONICAL-000674","d-s-trim-koruma-aksesuarlar-000674","3","staged","FALSE","NORMAL","not_required","canonical-v1.0.0"
"f5d20baf-6c04-4063-9314-5e90de1a220a","Paçalık & Çamurluk Aksesuarları","417a7bc8-6655-4538-9ff8-85acc9d7872f","3","FALSE","CANONICAL-000675","pacal-k-camurluk-aksesuarlar-000675","3","staged","FALSE","NORMAL","not_required","canonical-v1.0.0"
"8fe8a638-a908-41ed-bfe4-f578d51c8f90","Plaka Çerçeveleri","417a7bc8-6655-4538-9ff8-85acc9d7872f","4","FALSE","CANONICAL-000676","plaka-cerceveleri-000676","3","staged","FALSE","NORMAL","not_required","canonical-v1.0.0"
"eb61baa8-9f46-4327-940b-32edd4bfe8ae","Tavan Taşıma Aksesuarları","417a7bc8-6655-4538-9ff8-85acc9d7872f","5","FALSE","CANONICAL-000677","tavan-tas-ma-aksesuarlar-000677","3","staged","FALSE","REGULATED","pending","canonical-v1.0.0"
"e16cd7e4-ac4f-4e8f-8d8d-e1dde09f685d","Lastik, Jant & Tekerlek Ürünleri","8b7bf2c6-fb37-4bc3-9826-564ba9c021f5","5","FALSE","CANONICAL-000678","lastik-jant-tekerlek-urunleri-000678","2","staged","FALSE","REGULATED","pending","canonical-v1.0.0"
"feb89131-7128-46f7-9fb8-077c399448b7","Bijon & Tekerlek Aksesuarları","e16cd7e4-ac4f-4e8f-8d8d-e1dde09f685d","1","FALSE","CANONICAL-000679","bijon-tekerlek-aksesuarlar-000679","3","staged","FALSE","REGULATED","pending","canonical-v1.0.0"
"4a408733-eae9-40de-a3f7-ef959f5639f2","Jantlar","e16cd7e4-ac4f-4e8f-8d8d-e1dde09f685d","2","FALSE","CANONICAL-000680","jantlar-000680","3","staged","FALSE","REGULATED","pending","canonical-v1.0.0"
"f42419a9-6f9b-411b-82f8-1f96c5843801","Kar Zincirleri & Kar Paletleri","e16cd7e4-ac4f-4e8f-8d8d-e1dde09f685d","3","FALSE","CANONICAL-000681","kar-zincirleri-kar-paletleri-000681","3","staged","FALSE","REGULATED","pending","canonical-v1.0.0"
"c4927212-e862-4100-9fd8-e92e9fa7b07b","Motosiklet Lastikleri","e16cd7e4-ac4f-4e8f-8d8d-e1dde09f685d","4","FALSE","CANONICAL-000682","motosiklet-lastikleri-000682","3","staged","FALSE","REGULATED","pending","canonical-v1.0.0"
"89691071-ba97-4d17-bf06-9df2e8a826f5","Otomobil Lastikleri","e16cd7e4-ac4f-4e8f-8d8d-e1dde09f685d","5","FALSE","CANONICAL-000683","otomobil-lastikleri-000683","3","staged","FALSE","REGULATED","pending","canonical-v1.0.0"
"b34405fe-8ccf-4db8-b0b1-1706b208e2be","Akü & Araç Elektriği","8b7bf2c6-fb37-4bc3-9826-564ba9c021f5","6","FALSE","CANONICAL-000684","aku-arac-elektrigi-000684","2","staged","FALSE","LEGAL_REVIEW_REQUIRED","pending","canonical-v1.0.0"
"b73efb58-2d4a-44ea-90e8-631d238e0e64","Akü Şarj & Takviye Cihazları","b34405fe-8ccf-4db8-b0b1-1706b208e2be","1","FALSE","CANONICAL-000685","aku-sarj-takviye-cihazlar-000685","3","staged","FALSE","LEGAL_REVIEW_REQUIRED","pending","canonical-v1.0.0"
"0beb49fa-7c55-4bcb-8aa8-bfaed4776446","Araç Aküleri","b34405fe-8ccf-4db8-b0b1-1706b208e2be","2","FALSE","CANONICAL-000686","arac-akuleri-000686","3","staged","FALSE","LEGAL_REVIEW_REQUIRED","pending","canonical-v1.0.0"
"63d3547b-f713-4eb5-8100-81c2fb440c00","Araç Ampulleri & Elektrik Aydınlatma","b34405fe-8ccf-4db8-b0b1-1706b208e2be","3","FALSE","CANONICAL-000687","arac-ampulleri-elektrik-ayd-nlatma-000687","3","staged","FALSE","REGULATED","pending","canonical-v1.0.0"
"d04d7ecf-4cbb-4618-af32-e687d5d6ec87","Araç Kablo & Konnektörleri","b34405fe-8ccf-4db8-b0b1-1706b208e2be","4","FALSE","CANONICAL-000688","arac-kablo-konnektorleri-000688","3","staged","FALSE","REGULATED","pending","canonical-v1.0.0"
"0652dd37-76ae-48b8-9e02-1df50359b778","Sigorta, Röle & Elektrik Parçaları","b34405fe-8ccf-4db8-b0b1-1706b208e2be","5","FALSE","CANONICAL-000689","sigorta-role-elektrik-parcalar-000689","3","staged","FALSE","REGULATED","pending","canonical-v1.0.0"
"70654dba-d64c-46d6-8cf6-d84f9ce49798","Araç Elektroniği","8b7bf2c6-fb37-4bc3-9826-564ba9c021f5","7","FALSE","CANONICAL-000690","arac-elektronigi-000690","2","staged","FALSE","LEGAL_REVIEW_REQUIRED","pending","canonical-v1.0.0"
"69cd2b7b-cf5a-459c-b321-03391a3c3a2c","Araç Kameraları","70654dba-d64c-46d6-8cf6-d84f9ce49798","1","FALSE","CANONICAL-000691","arac-kameralar-000691","3","staged","FALSE","REGULATED","pending","canonical-v1.0.0"
"67fd5217-2cf0-4bf1-b2c4-96b626086da9","Araç Multimedya Sistemleri","70654dba-d64c-46d6-8cf6-d84f9ce49798","2","FALSE","CANONICAL-000692","arac-multimedya-sistemleri-000692","3","staged","FALSE","REGULATED","pending","canonical-v1.0.0"
"b290bc28-6ae9-46d2-b335-f783c7218d2f","Araç Navigasyon Cihazları","70654dba-d64c-46d6-8cf6-d84f9ce49798","3","FALSE","CANONICAL-000693","arac-navigasyon-cihazlar-000693","3","staged","FALSE","REGULATED","pending","canonical-v1.0.0"
"122e92d8-7b9f-4222-a31a-99f610927a6d","Elektronik Alarm & İmmobilizer Sistemleri","70654dba-d64c-46d6-8cf6-d84f9ce49798","4","FALSE","CANONICAL-000694","elektronik-alarm-immobilizer-sistemleri-000694","3","staged","FALSE","LEGAL_REVIEW_REQUIRED","pending","canonical-v1.0.0"
"68735661-9446-4dec-82bc-d25711e8ae08","OBD & Araç Teşhis Cihazları","70654dba-d64c-46d6-8cf6-d84f9ce49798","5","FALSE","CANONICAL-000695","obd-arac-teshis-cihazlar-000695","3","staged","FALSE","LEGAL_REVIEW_REQUIRED","pending","canonical-v1.0.0"
"2fc3781e-d58a-49c7-9e9e-7a50fe6209b5","Park & Geri Görüş Sistemleri","70654dba-d64c-46d6-8cf6-d84f9ce49798","6","FALSE","CANONICAL-000696","park-geri-gorus-sistemleri-000696","3","staged","FALSE","REGULATED","pending","canonical-v1.0.0"
"40a866b4-d1e7-428d-8500-9f282e16de88","Araç Bakım & Temizlik","8b7bf2c6-fb37-4bc3-9826-564ba9c021f5","8","FALSE","CANONICAL-000697","arac-bak-m-temizlik-000697","2","staged","FALSE","LEGAL_REVIEW_REQUIRED","pending","canonical-v1.0.0"
"38ec6ed4-9252-4523-b267-d1f61a44f4b2","Araç Dış Temizlik Ürünleri","40a866b4-d1e7-428d-8500-9f282e16de88","1","FALSE","CANONICAL-000698","arac-d-s-temizlik-urunleri-000698","3","staged","FALSE","LEGAL_REVIEW_REQUIRED","pending","canonical-v1.0.0"
"6898f97e-11fe-487f-8e7a-98ef94a1fcb6","Araç İçi Temizlik Ürünleri","40a866b4-d1e7-428d-8500-9f282e16de88","2","FALSE","CANONICAL-000699","arac-ici-temizlik-urunleri-000699","3","staged","FALSE","LEGAL_REVIEW_REQUIRED","pending","canonical-v1.0.0"
"f3d105c2-5a14-4dd2-9881-547007ea1b01","Cila & Yüzey Koruma Ürünleri","40a866b4-d1e7-428d-8500-9f282e16de88","3","FALSE","CANONICAL-000700","cila-yuzey-koruma-urunleri-000700","3","staged","FALSE","LEGAL_REVIEW_REQUIRED","pending","canonical-v1.0.0"
"3bf88854-554d-4b7d-8f81-49ccc02b0c09","Temizlik Uygulama Aksesuarları","40a866b4-d1e7-428d-8500-9f282e16de88","4","FALSE","CANONICAL-000701","temizlik-uygulama-aksesuarlar-000701","3","staged","FALSE","NORMAL","not_required","canonical-v1.0.0"
"a45e8393-b08c-4a59-8e30-e41017d9fb17","Yıkama & Kurulama Aksesuarları","40a866b4-d1e7-428d-8500-9f282e16de88","5","FALSE","CANONICAL-000702","y-kama-kurulama-aksesuarlar-000702","3","staged","FALSE","NORMAL","not_required","canonical-v1.0.0"
"6ac2daea-6475-4ce3-ad00-8c50a8bca2fb","Motor Yağı, Sıvı & Katkılar","8b7bf2c6-fb37-4bc3-9826-564ba9c021f5","9","FALSE","CANONICAL-000703","motor-yag-s-v-katk-lar-000703","2","staged","FALSE","LEGAL_REVIEW_REQUIRED","pending","canonical-v1.0.0"
"dae7b70d-cbd5-4d94-8b99-107786b5da50","Antifriz & Soğutma Sıvıları","6ac2daea-6475-4ce3-ad00-8c50a8bca2fb","1","FALSE","CANONICAL-000704","antifriz-sogutma-s-v-lar-000704","3","staged","FALSE","LEGAL_REVIEW_REQUIRED","pending","canonical-v1.0.0"
"060068be-da14-43ef-97b8-6b0128df7f1a","Fren & Hidrolik Sıvıları","6ac2daea-6475-4ce3-ad00-8c50a8bca2fb","2","FALSE","CANONICAL-000705","fren-hidrolik-s-v-lar-000705","3","staged","FALSE","LEGAL_REVIEW_REQUIRED","pending","canonical-v1.0.0"
"19bde5a7-7110-431c-af93-91d7ae360d55","Motor Yağları","6ac2daea-6475-4ce3-ad00-8c50a8bca2fb","3","FALSE","CANONICAL-000706","motor-yaglar-000706","3","staged","FALSE","LEGAL_REVIEW_REQUIRED","pending","canonical-v1.0.0"
"707cfb93-87d3-46e9-a7df-2fadcf501e09","Şanzıman & Diferansiyel Yağları","6ac2daea-6475-4ce3-ad00-8c50a8bca2fb","4","FALSE","CANONICAL-000707","sanz-man-diferansiyel-yaglar-000707","3","staged","FALSE","LEGAL_REVIEW_REQUIRED","pending","canonical-v1.0.0"
"b42bd9b4-9f40-468f-9a5a-a440a2600b39","Yakıt & Motor Katkıları","6ac2daea-6475-4ce3-ad00-8c50a8bca2fb","5","FALSE","CANONICAL-000708","yak-t-motor-katk-lar-000708","3","staged","FALSE","LEGAL_REVIEW_REQUIRED","pending","canonical-v1.0.0"
"280ca428-b211-4496-8b3e-9eadb589fc32","Motosiklet Kask & Koruma Ekipmanları","8b7bf2c6-fb37-4bc3-9826-564ba9c021f5","10","FALSE","CANONICAL-000709","motosiklet-kask-koruma-ekipmanlar-000709","2","staged","FALSE","REGULATED","pending","canonical-v1.0.0"
"2b245773-0883-44b8-a3d5-828aab50c32d","Koruyucu Motosiklet Giyimi","280ca428-b211-4496-8b3e-9eadb589fc32","1","FALSE","CANONICAL-000710","koruyucu-motosiklet-giyimi-000710","3","staged","FALSE","REGULATED","pending","canonical-v1.0.0"
"d2b53d03-6038-41af-89e5-1bb97d7f115d","Motosiklet Botları","280ca428-b211-4496-8b3e-9eadb589fc32","2","FALSE","CANONICAL-000711","motosiklet-botlar-000711","3","staged","FALSE","REGULATED","pending","canonical-v1.0.0"
"1a8240bb-026b-443a-b7d7-197626108a8b","Motosiklet Eldivenleri","280ca428-b211-4496-8b3e-9eadb589fc32","3","FALSE","CANONICAL-000712","motosiklet-eldivenleri-000712","3","staged","FALSE","REGULATED","pending","canonical-v1.0.0"
"34d1244e-c724-4176-8348-63b8536199b3","Motosiklet Kaskları","280ca428-b211-4496-8b3e-9eadb589fc32","4","FALSE","CANONICAL-000713","motosiklet-kasklar-000713","3","staged","FALSE","REGULATED","pending","canonical-v1.0.0"
"299bd54b-f18c-4e25-8fac-4ef5a649e0d8","Vücut Koruyucuları","280ca428-b211-4496-8b3e-9eadb589fc32","5","FALSE","CANONICAL-000714","vucut-koruyucular-000714","3","staged","FALSE","REGULATED","pending","canonical-v1.0.0"
"b894c3df-c54d-453c-a689-e07b867f1c35","Yağmur & Görünürlük Ekipmanları","280ca428-b211-4496-8b3e-9eadb589fc32","6","FALSE","CANONICAL-000715","yagmur-gorunurluk-ekipmanlar-000715","3","staged","FALSE","REGULATED","pending","canonical-v1.0.0"
"94112c85-d696-45e4-8972-1a742dc23b1f","Araç Güvenlik & Acil Durum Ürünleri","8b7bf2c6-fb37-4bc3-9826-564ba9c021f5","11","FALSE","CANONICAL-000716","arac-guvenlik-acil-durum-urunleri-000716","2","staged","FALSE","LEGAL_REVIEW_REQUIRED","pending","canonical-v1.0.0"
"41624335-436e-4b91-9ee1-eaababc0f4ef","Acil Durum El Aletleri","94112c85-d696-45e4-8972-1a742dc23b1f","1","FALSE","CANONICAL-000717","acil-durum-el-aletleri-000717","3","staged","FALSE","REGULATED","pending","canonical-v1.0.0"
"a38268a8-80b7-47c3-a9ef-bb71697c8dd5","Araç İlk Yardım Setleri","94112c85-d696-45e4-8972-1a742dc23b1f","2","FALSE","CANONICAL-000718","arac-ilk-yard-m-setleri-000718","3","staged","FALSE","LEGAL_REVIEW_REQUIRED","pending","canonical-v1.0.0"
"ece887e2-1521-42b8-9ff3-c12003abf4e6","Araç Yangın Söndürücüleri","94112c85-d696-45e4-8972-1a742dc23b1f","3","FALSE","CANONICAL-000719","arac-yang-n-sonduruculeri-000719","3","staged","FALSE","LEGAL_REVIEW_REQUIRED","pending","canonical-v1.0.0"
"46e76936-f221-44ec-9a7d-33e6aabb4807","Mekanik Direksiyon & Pedal Kilitleri","94112c85-d696-45e4-8972-1a742dc23b1f","4","FALSE","CANONICAL-000720","mekanik-direksiyon-pedal-kilitleri-000720","3","staged","FALSE","NORMAL","not_required","canonical-v1.0.0"
"98feb3f8-caff-4b3c-8dc2-4350b274b1b4","Reflektör & Görünürlük Ürünleri","94112c85-d696-45e4-8972-1a742dc23b1f","5","FALSE","CANONICAL-000721","reflektor-gorunurluk-urunleri-000721","3","staged","FALSE","REGULATED","pending","canonical-v1.0.0"
"6422a405-83f7-4695-93f1-b1b02085f7eb","Takviye Kabloları & Çekme Halatları","94112c85-d696-45e4-8972-1a742dc23b1f","6","FALSE","CANONICAL-000722","takviye-kablolar-cekme-halatlar-000722","3","staged","FALSE","REGULATED","pending","canonical-v1.0.0"
"18a06d0f-4e85-4f02-8ca3-90070c5e506d","Kozmetik & Kişisel Bakım","","12","FALSE","CANONICAL-000723","kozmetik-kisisel-bak-m-000723","1","staged","FALSE","NORMAL","not_required","canonical-v1.0.0"
"414f2613-29d9-4caf-a2c2-cc353560b8b6","Makyaj","18a06d0f-4e85-4f02-8ca3-90070c5e506d","1","FALSE","CANONICAL-000724","makyaj-000724","2","staged","FALSE","REGULATED","pending","canonical-v1.0.0"
"e22146c9-d5b9-4e63-b464-5abd77f507d8","Ten Makyajı","414f2613-29d9-4caf-a2c2-cc353560b8b6","1","FALSE","CANONICAL-000725","ten-makyaj-000725","3","staged","FALSE","REGULATED","pending","canonical-v1.0.0"
"48b6ca52-fc67-4ec6-881e-907ec5b401ac","Fondöten","e22146c9-d5b9-4e63-b464-5abd77f507d8","1","FALSE","CANONICAL-000726","fondoten-000726","4","staged","FALSE","REGULATED","pending","canonical-v1.0.0"
"2d009c37-6271-4012-9068-9342d687bef7","Kapatıcı","e22146c9-d5b9-4e63-b464-5abd77f507d8","2","FALSE","CANONICAL-000727","kapat-c-000727","4","staged","FALSE","REGULATED","pending","canonical-v1.0.0"
"6472d86e-f01d-437d-bb60-99385fdc8c01","Pudra","e22146c9-d5b9-4e63-b464-5abd77f507d8","3","FALSE","CANONICAL-000728","pudra-000728","4","staged","FALSE","REGULATED","pending","canonical-v1.0.0"
"b4a2893e-f338-4570-8316-77210c840149","Allık, Bronzer & Aydınlatıcı","e22146c9-d5b9-4e63-b464-5abd77f507d8","4","FALSE","CANONICAL-000729","all-k-bronzer-ayd-nlat-c-000729","4","staged","FALSE","REGULATED","pending","canonical-v1.0.0"
"e7b813a0-4ca5-4a42-81ca-c294b956be42","Göz Makyajı","414f2613-29d9-4caf-a2c2-cc353560b8b6","2","FALSE","CANONICAL-000730","goz-makyaj-000730","3","staged","FALSE","REGULATED","pending","canonical-v1.0.0"
"321e033b-17d6-4daf-9ff1-e598f2043166","Maskara","e7b813a0-4ca5-4a42-81ca-c294b956be42","1","FALSE","CANONICAL-000731","maskara-000731","4","staged","FALSE","REGULATED","pending","canonical-v1.0.0"
"5a1b46d0-4e56-4712-ba90-caf6dc0d388f","Eyeliner & Göz Kalemi","e7b813a0-4ca5-4a42-81ca-c294b956be42","2","FALSE","CANONICAL-000732","eyeliner-goz-kalemi-000732","4","staged","FALSE","REGULATED","pending","canonical-v1.0.0"
"102519e3-304f-4843-8e11-397783191df5","Far","e7b813a0-4ca5-4a42-81ca-c294b956be42","3","FALSE","CANONICAL-000733","far-000733","4","staged","FALSE","REGULATED","pending","canonical-v1.0.0"
"177435fd-b883-4b42-8847-a51ae69f04bf","Dudak Makyajı","414f2613-29d9-4caf-a2c2-cc353560b8b6","3","FALSE","CANONICAL-000734","dudak-makyaj-000734","3","staged","FALSE","REGULATED","pending","canonical-v1.0.0"
"fb608e22-6e74-4fc7-b3a3-5e75841cadf5","Ruj","177435fd-b883-4b42-8847-a51ae69f04bf","1","FALSE","CANONICAL-000735","ruj-000735","4","staged","FALSE","REGULATED","pending","canonical-v1.0.0"
"994ca0c5-e974-4fac-b378-28ad4aaf54fc","Dudak Parlatıcısı","177435fd-b883-4b42-8847-a51ae69f04bf","2","FALSE","CANONICAL-000736","dudak-parlat-c-s-000736","4","staged","FALSE","REGULATED","pending","canonical-v1.0.0"
"7b725c84-8b0e-440e-945d-116838adc420","Dudak Kalemi","177435fd-b883-4b42-8847-a51ae69f04bf","3","FALSE","CANONICAL-000737","dudak-kalemi-000737","4","staged","FALSE","REGULATED","pending","canonical-v1.0.0"
"5520766d-2a1d-4ea2-bd57-64c94f199fcf","Kaş Makyajı","414f2613-29d9-4caf-a2c2-cc353560b8b6","4","FALSE","CANONICAL-000738","kas-makyaj-000738","3","staged","FALSE","REGULATED","pending","canonical-v1.0.0"
"6404450a-3bcf-47a9-a101-7fbf775afa3d","Tırnak Makyajı","414f2613-29d9-4caf-a2c2-cc353560b8b6","5","FALSE","CANONICAL-000739","t-rnak-makyaj-000739","3","staged","FALSE","REGULATED","pending","canonical-v1.0.0"
"112e049c-4712-4cb6-8303-014ab9b9d2f4","Cilt Bakımı","18a06d0f-4e85-4f02-8ca3-90070c5e506d","2","FALSE","CANONICAL-000740","cilt-bak-m-000740","2","staged","FALSE","REGULATED","pending","canonical-v1.0.0"
"ef486ab1-bfdf-4793-8a65-ac1886473f5f","Yüz Temizleme","112e049c-4712-4cb6-8303-014ab9b9d2f4","1","FALSE","CANONICAL-000741","yuz-temizleme-000741","3","staged","FALSE","REGULATED","pending","canonical-v1.0.0"
"9d7a54d1-ebc2-48f3-a48d-52c4abf79f71","Tonik & Esans","112e049c-4712-4cb6-8303-014ab9b9d2f4","2","FALSE","CANONICAL-000742","tonik-esans-000742","3","staged","FALSE","REGULATED","pending","canonical-v1.0.0"
"f2fc4041-cca6-40a3-adec-14d997f0138b","Nemlendirici","112e049c-4712-4cb6-8303-014ab9b9d2f4","3","FALSE","CANONICAL-000743","nemlendirici-000743","3","staged","FALSE","REGULATED","pending","canonical-v1.0.0"
"9460f10b-8128-4429-a979-48e8956d3014","Serum","112e049c-4712-4cb6-8303-014ab9b9d2f4","4","FALSE","CANONICAL-000744","serum-000744","3","staged","FALSE","REGULATED","pending","canonical-v1.0.0"
"b0f8eaca-7b37-4a3f-a285-3a5371154844","Maske & Peeling","112e049c-4712-4cb6-8303-014ab9b9d2f4","5","FALSE","CANONICAL-000745","maske-peeling-000745","3","staged","FALSE","REGULATED","pending","canonical-v1.0.0"
"184e8d03-0635-4871-845d-318e8d749e9f","Göz & Dudak Çevresi Bakımı","112e049c-4712-4cb6-8303-014ab9b9d2f4","6","FALSE","CANONICAL-000746","goz-dudak-cevresi-bak-m-000746","3","staged","FALSE","REGULATED","pending","canonical-v1.0.0"
"57ad4ba1-181d-4033-af6d-4b818561847b","Güneş Bakımı","18a06d0f-4e85-4f02-8ca3-90070c5e506d","3","FALSE","CANONICAL-000747","gunes-bak-m-000747","2","staged","FALSE","REGULATED","pending","canonical-v1.0.0"
"b9e90266-5330-454e-97fd-6f0d61c329a7","Güneş Koruyucu","57ad4ba1-181d-4033-af6d-4b818561847b","1","FALSE","CANONICAL-000748","gunes-koruyucu-000748","3","staged","FALSE","REGULATED","pending","canonical-v1.0.0"
"87785b36-b547-4e12-a693-932ae25ad5b1","Güneş Sonrası Bakım","57ad4ba1-181d-4033-af6d-4b818561847b","2","FALSE","CANONICAL-000749","gunes-sonras-bak-m-000749","3","staged","FALSE","REGULATED","pending","canonical-v1.0.0"
"f86f99ec-a067-44ba-94a6-f6b6a6e1e3f0","Bronzlaştırıcı & Otobronzan","57ad4ba1-181d-4033-af6d-4b818561847b","3","FALSE","CANONICAL-000750","bronzlast-r-c-otobronzan-000750","3","staged","FALSE","REGULATED","pending","canonical-v1.0.0"
"16691422-f948-42a5-93e8-703a1db040f0","Saç Bakımı & Şekillendirme","18a06d0f-4e85-4f02-8ca3-90070c5e506d","4","FALSE","CANONICAL-000751","sac-bak-m-sekillendirme-000751","2","staged","FALSE","LEGAL_REVIEW_REQUIRED","pending","canonical-v1.0.0"
"cf72a216-672d-48eb-be1f-453206dc925f","Şampuan","16691422-f948-42a5-93e8-703a1db040f0","1","FALSE","CANONICAL-000752","sampuan-000752","3","staged","FALSE","REGULATED","pending","canonical-v1.0.0"
"2dc3d0d5-47ac-4d5d-80eb-426288f950b8","Saç Kremi & Maskesi","16691422-f948-42a5-93e8-703a1db040f0","2","FALSE","CANONICAL-000753","sac-kremi-maskesi-000753","3","staged","FALSE","REGULATED","pending","canonical-v1.0.0"
"5a852e51-71bc-4003-b625-752c5d6587aa","Saç Yağı & Serumu","16691422-f948-42a5-93e8-703a1db040f0","3","FALSE","CANONICAL-000754","sac-yag-serumu-000754","3","staged","FALSE","REGULATED","pending","canonical-v1.0.0"
"8f9dbb82-a045-41b0-90d9-fee29a7ba1ba","Saç Şekillendirici","16691422-f948-42a5-93e8-703a1db040f0","4","FALSE","CANONICAL-000755","sac-sekillendirici-000755","3","staged","FALSE","REGULATED","pending","canonical-v1.0.0"
"aad84d09-4dcc-4548-bdc4-ba59ed68967e","Saç Boyası & Açıcı","16691422-f948-42a5-93e8-703a1db040f0","5","FALSE","CANONICAL-000756","sac-boyas-ac-c-000756","3","staged","FALSE","REGULATED","pending","canonical-v1.0.0"
"80ef81ea-01cd-47d9-a52b-8ef678ca0d35","Saç Derisi Bakımı","16691422-f948-42a5-93e8-703a1db040f0","6","FALSE","CANONICAL-000757","sac-derisi-bak-m-000757","3","staged","FALSE","LEGAL_REVIEW_REQUIRED","pending","canonical-v1.0.0"
"83b29fdc-008a-4013-9716-f1ce906af71b","Parfüm & Deodorant","18a06d0f-4e85-4f02-8ca3-90070c5e506d","5","FALSE","CANONICAL-000758","parfum-deodorant-000758","2","staged","FALSE","REGULATED","pending","canonical-v1.0.0"
"f57d8a00-61e0-4f6e-ba82-27faf5c769c8","Parfüm","83b29fdc-008a-4013-9716-f1ce906af71b","1","FALSE","CANONICAL-000759","parfum-000759","3","staged","FALSE","REGULATED","pending","canonical-v1.0.0"
"d0914e7a-18dc-4e73-a15a-4833470a3a24","Vücut Spreyi & Kolonya","83b29fdc-008a-4013-9716-f1ce906af71b","2","FALSE","CANONICAL-000760","vucut-spreyi-kolonya-000760","3","staged","FALSE","REGULATED","pending","canonical-v1.0.0"
"80425580-8916-4939-9bf1-3c420ca698a5","Deodorant & Terleme Karşıtı","83b29fdc-008a-4013-9716-f1ce906af71b","3","FALSE","CANONICAL-000761","deodorant-terleme-kars-t-000761","3","staged","FALSE","REGULATED","pending","canonical-v1.0.0"
"ec77daec-632c-4aad-8c21-3baaed74b404","Banyo & Vücut Bakımı","18a06d0f-4e85-4f02-8ca3-90070c5e506d","6","FALSE","CANONICAL-000762","banyo-vucut-bak-m-000762","2","staged","FALSE","REGULATED","pending","canonical-v1.0.0"
"53c38994-f8ee-4741-89d7-1461b798dc92","Sabun & Duş Ürünleri","ec77daec-632c-4aad-8c21-3baaed74b404","1","FALSE","CANONICAL-000763","sabun-dus-urunleri-000763","3","staged","FALSE","REGULATED","pending","canonical-v1.0.0"
"938a8ea3-9dd0-4b90-8e07-60c4a365a4c7","Vücut Nemlendirici","ec77daec-632c-4aad-8c21-3baaed74b404","2","FALSE","CANONICAL-000764","vucut-nemlendirici-000764","3","staged","FALSE","REGULATED","pending","canonical-v1.0.0"
"3f01282b-054f-4658-a6eb-83086cc348e8","Vücut Peelingi","ec77daec-632c-4aad-8c21-3baaed74b404","3","FALSE","CANONICAL-000765","vucut-peelingi-000765","3","staged","FALSE","REGULATED","pending","canonical-v1.0.0"
"bb4b8e5c-eb51-4aa4-98f1-7f1787418531","Banyo Ürünleri","ec77daec-632c-4aad-8c21-3baaed74b404","4","FALSE","CANONICAL-000766","banyo-urunleri-000766","3","staged","FALSE","REGULATED","pending","canonical-v1.0.0"
"b973bcfc-d27e-4386-90f8-ab3078c78cdc","Vücut Yağı","ec77daec-632c-4aad-8c21-3baaed74b404","5","FALSE","CANONICAL-000767","vucut-yag-000767","3","staged","FALSE","REGULATED","pending","canonical-v1.0.0"
"d4b5f46a-3ee5-419f-8d8d-81aa57f10f56","El, Ayak & Tırnak Bakımı","18a06d0f-4e85-4f02-8ca3-90070c5e506d","7","FALSE","CANONICAL-000768","el-ayak-t-rnak-bak-m-000768","2","staged","FALSE","REGULATED","pending","canonical-v1.0.0"
"95e6fcc3-a62f-4a1a-99ec-ebda0b3e2ea9","El Bakımı","d4b5f46a-3ee5-419f-8d8d-81aa57f10f56","1","FALSE","CANONICAL-000769","el-bak-m-000769","3","staged","FALSE","REGULATED","pending","canonical-v1.0.0"
"1de076fc-ab05-4dea-8ff7-918bd9457a64","Ayak Bakımı","d4b5f46a-3ee5-419f-8d8d-81aa57f10f56","2","FALSE","CANONICAL-000770","ayak-bak-m-000770","3","staged","FALSE","REGULATED","pending","canonical-v1.0.0"
"c5bf3d0e-5085-4b23-9f26-e042f78de4bb","Tırnak Bakımı","d4b5f46a-3ee5-419f-8d8d-81aa57f10f56","3","FALSE","CANONICAL-000771","t-rnak-bak-m-000771","3","staged","FALSE","REGULATED","pending","canonical-v1.0.0"
"a1362e3f-db53-462c-9d78-b80d14f751fd","Manikür & Pedikür Bakım Ürünleri","d4b5f46a-3ee5-419f-8d8d-81aa57f10f56","4","FALSE","CANONICAL-000772","manikur-pedikur-bak-m-urunleri-000772","3","staged","FALSE","REGULATED","pending","canonical-v1.0.0"
"d6e17c0b-060f-4619-98ed-457d248e7a1d","Ağız & Diş Bakımı","18a06d0f-4e85-4f02-8ca3-90070c5e506d","8","FALSE","CANONICAL-000773","ag-z-dis-bak-m-000773","2","staged","FALSE","LEGAL_REVIEW_REQUIRED","pending","canonical-v1.0.0"
"9e353b48-641a-4b2d-9485-49197d7c75a9","Diş Macunu","d6e17c0b-060f-4619-98ed-457d248e7a1d","1","FALSE","CANONICAL-000774","dis-macunu-000774","3","staged","FALSE","REGULATED","pending","canonical-v1.0.0"
"0a0da2f1-18e9-4ea2-82f7-13aa8cc25163","Manuel Diş Fırçası","d6e17c0b-060f-4619-98ed-457d248e7a1d","2","FALSE","CANONICAL-000775","manuel-dis-f-rcas-000775","3","staged","FALSE","REGULATED","pending","canonical-v1.0.0"
"53bd7cda-99fd-4217-899c-efb8369283a3","Diş İpi & Arayüz Bakımı","d6e17c0b-060f-4619-98ed-457d248e7a1d","3","FALSE","CANONICAL-000776","dis-ipi-arayuz-bak-m-000776","3","staged","FALSE","REGULATED","pending","canonical-v1.0.0"
"94c9020e-7d32-467c-93c8-55f04afc4da3","Ağız Çalkalama Suyu","d6e17c0b-060f-4619-98ed-457d248e7a1d","4","FALSE","CANONICAL-000777","ag-z-calkalama-suyu-000777","3","staged","FALSE","REGULATED","pending","canonical-v1.0.0"
"38e296c0-c472-41c5-a39d-e73058b75fb4","Protez Diş Bakımı","d6e17c0b-060f-4619-98ed-457d248e7a1d","5","FALSE","CANONICAL-000778","protez-dis-bak-m-000778","3","staged","FALSE","LEGAL_REVIEW_REQUIRED","pending","canonical-v1.0.0"
"b6918492-7fed-48b2-9d2d-cc8b1698a79a","Kişisel Hijyen","18a06d0f-4e85-4f02-8ca3-90070c5e506d","9","FALSE","CANONICAL-000779","kisisel-hijyen-000779","2","staged","FALSE","LEGAL_REVIEW_REQUIRED","pending","canonical-v1.0.0"
"742fa50a-4e30-45a4-ab61-c247f51efce9","Menstrüel Hijyen","b6918492-7fed-48b2-9d2d-cc8b1698a79a","1","FALSE","CANONICAL-000780","menstruel-hijyen-000780","3","staged","FALSE","REGULATED","pending","canonical-v1.0.0"
"d73a3c93-65c5-4ddf-ad83-8675b4c6d279","İnkontinans Hijyeni","b6918492-7fed-48b2-9d2d-cc8b1698a79a","2","FALSE","CANONICAL-000781","inkontinans-hijyeni-000781","3","staged","FALSE","LEGAL_REVIEW_REQUIRED","pending","canonical-v1.0.0"
"7c439af9-866b-4ce5-88eb-64d1bd4ec4df","İntim Hijyen","b6918492-7fed-48b2-9d2d-cc8b1698a79a","3","FALSE","CANONICAL-000782","intim-hijyen-000782","3","staged","FALSE","LEGAL_REVIEW_REQUIRED","pending","canonical-v1.0.0"
"22366c5b-e38f-4b5b-8b25-a547362ca209","Islak Mendil","b6918492-7fed-48b2-9d2d-cc8b1698a79a","4","FALSE","CANONICAL-000783","islak-mendil-000783","3","staged","FALSE","REGULATED","pending","canonical-v1.0.0"
"e506ddba-a29b-48e7-b4d4-97830a0de7e0","Pamuk & Makyaj Pedi","b6918492-7fed-48b2-9d2d-cc8b1698a79a","5","FALSE","CANONICAL-000784","pamuk-makyaj-pedi-000784","3","staged","FALSE","REGULATED","pending","canonical-v1.0.0"
"3888d14b-ad29-4bbf-8a92-27d100870c64","Tıraş, Ağda & Epilasyon","18a06d0f-4e85-4f02-8ca3-90070c5e506d","10","FALSE","CANONICAL-000785","t-ras-agda-epilasyon-000785","2","staged","FALSE","REGULATED","pending","canonical-v1.0.0"
"e11681af-233e-48ec-854e-2fb0087ec004","Manuel Tıraş Bıçağı & Yedekleri","3888d14b-ad29-4bbf-8a92-27d100870c64","1","FALSE","CANONICAL-000786","manuel-t-ras-b-cag-yedekleri-000786","3","staged","FALSE","REGULATED","pending","canonical-v1.0.0"
"13e22fbd-4528-4794-9f2c-5e3af266d16b","Tıraş Hazırlık & Bakım Ürünleri","3888d14b-ad29-4bbf-8a92-27d100870c64","2","FALSE","CANONICAL-000787","t-ras-haz-rl-k-bak-m-urunleri-000787","3","staged","FALSE","REGULATED","pending","canonical-v1.0.0"
"bd7b2f6c-0945-4efa-862d-a6d181ca66e2","Ağda Ürünleri","3888d14b-ad29-4bbf-8a92-27d100870c64","3","FALSE","CANONICAL-000788","agda-urunleri-000788","3","staged","FALSE","REGULATED","pending","canonical-v1.0.0"
"b7a1dba6-488e-4769-9ec5-0b719b0f515f","Tüy Dökücü Ürünler","3888d14b-ad29-4bbf-8a92-27d100870c64","4","FALSE","CANONICAL-000789","tuy-dokucu-urunler-000789","3","staged","FALSE","REGULATED","pending","canonical-v1.0.0"
"de2813d8-c3dd-49eb-af52-cfbc41f55d64","Epilasyon Sarfları","3888d14b-ad29-4bbf-8a92-27d100870c64","5","FALSE","CANONICAL-000790","epilasyon-sarflar-000790","3","staged","FALSE","REGULATED","pending","canonical-v1.0.0"
"7eed328e-f6d7-4e5b-a8b3-fa024575626a","Kozmetik & Bakım Aksesuarları","18a06d0f-4e85-4f02-8ca3-90070c5e506d","11","FALSE","CANONICAL-000791","kozmetik-bak-m-aksesuarlar-000791","2","staged","FALSE","REGULATED","pending","canonical-v1.0.0"
"187c4e02-8b05-4f03-bb1b-a15512b5a4aa","Makyaj Uygulama Aksesuarları","7eed328e-f6d7-4e5b-a8b3-fa024575626a","1","FALSE","CANONICAL-000792","makyaj-uygulama-aksesuarlar-000792","3","staged","FALSE","NORMAL","pending","canonical-v1.0.0"
"d1fb547d-0c87-4938-8d86-096671c93d5c","Saç Fırçası & Tarak","7eed328e-f6d7-4e5b-a8b3-fa024575626a","2","FALSE","CANONICAL-000793","sac-f-rcas-tarak-000793","3","staged","FALSE","NORMAL","pending","canonical-v1.0.0"
"7ea747b7-53f7-4e5c-a59f-e25af3e766f9","Manikür & Pedikür Aletleri","7eed328e-f6d7-4e5b-a8b3-fa024575626a","3","FALSE","CANONICAL-000794","manikur-pedikur-aletleri-000794","3","staged","FALSE","REGULATED","pending","canonical-v1.0.0"
"5c1e524f-3d9d-4552-8a09-ce4d1179f734","Bakım Aynaları","7eed328e-f6d7-4e5b-a8b3-fa024575626a","4","FALSE","CANONICAL-000795","bak-m-aynalar-000795","3","staged","FALSE","NORMAL","not_required","canonical-v1.0.0"
"5f013878-3215-4534-b7b8-88a033402dde","Kozmetik Uygulama Kapları","7eed328e-f6d7-4e5b-a8b3-fa024575626a","5","FALSE","CANONICAL-000796","kozmetik-uygulama-kaplar-000796","3","staged","FALSE","NORMAL","pending","canonical-v1.0.0"
"8d28867d-0ee1-43e3-8027-22b428b55f3d","Anne & Bebek","","13","FALSE","CANONICAL-000797","anne-bebek-000797","1","staged","FALSE","NORMAL","not_required","canonical-v1.0.0"
"8f088728-8a77-42d6-b33c-128bd7111fad","Bebek Beslenme","8d28867d-0ee1-43e3-8027-22b428b55f3d","1","FALSE","CANONICAL-000798","bebek-beslenme-000798","2","staged","FALSE","LEGAL_REVIEW_REQUIRED","pending","canonical-v1.0.0"
"8ce877dc-fdcb-41b0-922f-83b8d5f6e566","Bebek Formülü & Yaşa Özgü Gıdalar","8f088728-8a77-42d6-b33c-128bd7111fad","1","FALSE","CANONICAL-000799","bebek-formulu-yasa-ozgu-g-dalar-000799","3","staged","FALSE","LEGAL_REVIEW_REQUIRED","pending","canonical-v1.0.0"
"8eca0527-7139-41dd-b3bd-180b9fd36f6e","Başlangıç Bebek Formülleri","8ce877dc-fdcb-41b0-922f-83b8d5f6e566","1","FALSE","CANONICAL-000800","baslang-c-bebek-formulleri-000800","4","staged","FALSE","LEGAL_REVIEW_REQUIRED","pending","canonical-v1.0.0"
"a9839ba5-4db1-4108-b1f3-7d1906e17d17","Devam Sütü & Büyüme Ürünleri","8ce877dc-fdcb-41b0-922f-83b8d5f6e566","2","FALSE","CANONICAL-000801","devam-sutu-buyume-urunleri-000801","4","staged","FALSE","LEGAL_REVIEW_REQUIRED","pending","canonical-v1.0.0"
"c3dbdfaa-4289-4809-ab65-f760b8bebae7","Bebek Tahıl & Ek Gıdaları","8ce877dc-fdcb-41b0-922f-83b8d5f6e566","3","FALSE","CANONICAL-000802","bebek-tah-l-ek-g-dalar-000802","4","staged","FALSE","REGULATED","pending","canonical-v1.0.0"
"8c13dd43-2e42-4912-a530-85db6a2bba26","Bebek Püre & Atıştırmalıkları","8ce877dc-fdcb-41b0-922f-83b8d5f6e566","4","FALSE","CANONICAL-000803","bebek-pure-at-st-rmal-klar-000803","4","staged","FALSE","REGULATED","pending","canonical-v1.0.0"
"61207121-2a6d-4632-81e8-e0597fbc4827","Biberon & Aksesuarları","8f088728-8a77-42d6-b33c-128bd7111fad","2","FALSE","CANONICAL-000804","biberon-aksesuarlar-000804","3","staged","FALSE","REGULATED","pending","canonical-v1.0.0"
"ff0658fb-0d64-41ff-8a36-f1f098a3d3b6","Biberonlar","61207121-2a6d-4632-81e8-e0597fbc4827","1","FALSE","CANONICAL-000805","biberonlar-000805","4","staged","FALSE","REGULATED","pending","canonical-v1.0.0"
"d8e31e92-69f3-45f5-9ba3-994f4305a87b","Biberon Emzikleri","61207121-2a6d-4632-81e8-e0597fbc4827","2","FALSE","CANONICAL-000806","biberon-emzikleri-000806","4","staged","FALSE","REGULATED","pending","canonical-v1.0.0"
"c53be0c3-c276-459e-988d-342f5fa5355f","Biberon Temizleme & Hazırlama Aksesuarları","61207121-2a6d-4632-81e8-e0597fbc4827","3","FALSE","CANONICAL-000807","biberon-temizleme-haz-rlama-aksesuarlar-000807","4","staged","FALSE","REGULATED","pending","canonical-v1.0.0"
"f167a32e-2878-4c74-9f7d-ddd35da5607f","Emzikler","8f088728-8a77-42d6-b33c-128bd7111fad","3","FALSE","CANONICAL-000808","emzikler-000808","3","staged","FALSE","REGULATED","pending","canonical-v1.0.0"
"f410bed6-a353-4983-8ab9-29df1ecfc70c","Bebek Sofra Ürünleri & Alıştırma Bardakları","8f088728-8a77-42d6-b33c-128bd7111fad","4","FALSE","CANONICAL-000809","bebek-sofra-urunleri-al-st-rma-bardaklar-000809","3","staged","FALSE","REGULATED","pending","canonical-v1.0.0"
"e8bb6849-66f6-4819-bb52-9d5b5c824613","Mama Sandalyeleri","8f088728-8a77-42d6-b33c-128bd7111fad","5","FALSE","CANONICAL-000810","mama-sandalyeleri-000810","3","staged","FALSE","REGULATED","pending","canonical-v1.0.0"
"21b74d47-0ea6-48dc-82e5-29172abc7cbd","Emzirme & Anne Sütü Ürünleri","8d28867d-0ee1-43e3-8027-22b428b55f3d","2","FALSE","CANONICAL-000811","emzirme-anne-sutu-urunleri-000811","2","staged","FALSE","LEGAL_REVIEW_REQUIRED","pending","canonical-v1.0.0"
"9bb4df50-64aa-4db5-a90f-6dea255c372a","Göğüs Pompaları","21b74d47-0ea6-48dc-82e5-29172abc7cbd","1","FALSE","CANONICAL-000812","gogus-pompalar-000812","3","staged","FALSE","REGULATED","pending","canonical-v1.0.0"
"323ce3b0-c0fc-4473-b4b0-1588e4d49d86","Manuel Göğüs Pompaları","9bb4df50-64aa-4db5-a90f-6dea255c372a","1","FALSE","CANONICAL-000813","manuel-gogus-pompalar-000813","4","staged","FALSE","REGULATED","pending","canonical-v1.0.0"
"8edd00f3-34db-4291-ab5e-806462125e1b","Elektrikli Göğüs Pompaları","9bb4df50-64aa-4db5-a90f-6dea255c372a","2","FALSE","CANONICAL-000814","elektrikli-gogus-pompalar-000814","4","staged","FALSE","REGULATED","pending","canonical-v1.0.0"
"d6669b66-02d5-4589-99b9-b949e721abda","Anne Sütü Saklama Ürünleri","21b74d47-0ea6-48dc-82e5-29172abc7cbd","2","FALSE","CANONICAL-000815","anne-sutu-saklama-urunleri-000815","3","staged","FALSE","REGULATED","pending","canonical-v1.0.0"
"0da9f745-b8bc-4a1a-9764-e62dfa42d726","Göğüs Pedi & Süt Toplayıcıları","21b74d47-0ea6-48dc-82e5-29172abc7cbd","3","FALSE","CANONICAL-000816","gogus-pedi-sut-toplay-c-lar-000816","3","staged","FALSE","REGULATED","pending","canonical-v1.0.0"
"1d089103-34d5-4860-81fd-e359c4f585eb","Emzirme Yastığı & Örtüleri","21b74d47-0ea6-48dc-82e5-29172abc7cbd","4","FALSE","CANONICAL-000817","emzirme-yast-g-ortuleri-000817","3","staged","FALSE","NORMAL","pending","canonical-v1.0.0"
"662c5fa7-4193-47d2-bbf8-fb654b9e0f78","Emzirme Bakım Aksesuarları","21b74d47-0ea6-48dc-82e5-29172abc7cbd","5","FALSE","CANONICAL-000818","emzirme-bak-m-aksesuarlar-000818","3","staged","FALSE","LEGAL_REVIEW_REQUIRED","pending","canonical-v1.0.0"
"b1149ec7-8c04-4bc7-96d4-b5977b1a3f36","Bebek Bezi & Alt Bakım","8d28867d-0ee1-43e3-8027-22b428b55f3d","3","FALSE","CANONICAL-000819","bebek-bezi-alt-bak-m-000819","2","staged","FALSE","LEGAL_REVIEW_REQUIRED","pending","canonical-v1.0.0"
"5b26bbc8-856e-4bc1-86c8-618c833fe2aa","Bebek Bezleri","b1149ec7-8c04-4bc7-96d4-b5977b1a3f36","1","FALSE","CANONICAL-000820","bebek-bezleri-000820","3","staged","FALSE","REGULATED","pending","canonical-v1.0.0"
"4b5a86b8-b607-4d6b-946d-ad6bbc847c3d","Tek Kullanımlık Bebek Bezleri","5b26bbc8-856e-4bc1-86c8-618c833fe2aa","1","FALSE","CANONICAL-000821","tek-kullan-ml-k-bebek-bezleri-000821","4","staged","FALSE","REGULATED","pending","canonical-v1.0.0"
"921757c2-12d0-4697-bd53-08ed60ecca9e","Yıkanabilir Bebek Bezleri","5b26bbc8-856e-4bc1-86c8-618c833fe2aa","2","FALSE","CANONICAL-000822","y-kanabilir-bebek-bezleri-000822","4","staged","FALSE","REGULATED","pending","canonical-v1.0.0"
"fcc15f38-dc93-4273-876b-eebbd93c6d98","Yüzme Bezleri","5b26bbc8-856e-4bc1-86c8-618c833fe2aa","3","FALSE","CANONICAL-000823","yuzme-bezleri-000823","4","staged","FALSE","REGULATED","pending","canonical-v1.0.0"
"510f7c90-3a54-4684-8735-e381dbe2f15b","Alt Değiştirme Pedleri","b1149ec7-8c04-4bc7-96d4-b5977b1a3f36","2","FALSE","CANONICAL-000824","alt-degistirme-pedleri-000824","3","staged","FALSE","REGULATED","pending","canonical-v1.0.0"
"955221ef-f3d7-471e-98b6-91790ffcbe3d","Bebek Islak Mendil & Temizleme Ürünleri","b1149ec7-8c04-4bc7-96d4-b5977b1a3f36","3","FALSE","CANONICAL-000825","bebek-islak-mendil-temizleme-urunleri-000825","3","staged","FALSE","REGULATED","pending","canonical-v1.0.0"
"dc4220ee-70c4-4abe-be42-71bf1819cc72","Bez Kovası & Yedekleri","b1149ec7-8c04-4bc7-96d4-b5977b1a3f36","4","FALSE","CANONICAL-000826","bez-kovas-yedekleri-000826","3","staged","FALSE","NORMAL","pending","canonical-v1.0.0"
"d434605a-608c-47fb-b4f8-bd67880b8102","Alt Bakım Koruma Ürünleri","b1149ec7-8c04-4bc7-96d4-b5977b1a3f36","5","FALSE","CANONICAL-000827","alt-bak-m-koruma-urunleri-000827","3","staged","FALSE","LEGAL_REVIEW_REQUIRED","pending","canonical-v1.0.0"
"4ae5044a-ff3a-4681-ad8f-e5d433062b44","Bebek Banyo, Bakım & Hijyen","8d28867d-0ee1-43e3-8027-22b428b55f3d","4","FALSE","CANONICAL-000828","bebek-banyo-bak-m-hijyen-000828","2","staged","FALSE","LEGAL_REVIEW_REQUIRED","pending","canonical-v1.0.0"
"66738ce2-077f-42e9-bb05-fe88da980eb4","Bebek Küveti & Banyo Destekleri","4ae5044a-ff3a-4681-ad8f-e5d433062b44","1","FALSE","CANONICAL-000829","bebek-kuveti-banyo-destekleri-000829","3","staged","FALSE","REGULATED","pending","canonical-v1.0.0"
"bbcf2a22-6fac-46cb-9707-e3537b09fcfb","Bebek Havlusu & Banyo Tekstili","4ae5044a-ff3a-4681-ad8f-e5d433062b44","2","FALSE","CANONICAL-000830","bebek-havlusu-banyo-tekstili-000830","3","staged","FALSE","NORMAL","pending","canonical-v1.0.0"
"6d0b6735-aa25-4918-bc17-5ae221a54a20","Bebek Bakım Setleri","4ae5044a-ff3a-4681-ad8f-e5d433062b44","3","FALSE","CANONICAL-000831","bebek-bak-m-setleri-000831","3","staged","FALSE","REGULATED","pending","canonical-v1.0.0"
"035a834a-7748-4aeb-ab62-c93033300d3c","Medikal İddiasız Burun Aspiratörleri","4ae5044a-ff3a-4681-ad8f-e5d433062b44","4","FALSE","CANONICAL-000832","medikal-iddias-z-burun-aspiratorleri-000832","3","staged","FALSE","LEGAL_REVIEW_REQUIRED","pending","canonical-v1.0.0"
"b0cf3f2d-cac1-46a4-9f02-45b331ff7d09","Bebek Hijyen Aksesuarları","4ae5044a-ff3a-4681-ad8f-e5d433062b44","5","FALSE","CANONICAL-000833","bebek-hijyen-aksesuarlar-000833","3","staged","FALSE","REGULATED","pending","canonical-v1.0.0"
"e6abd13d-42b0-4f39-9e45-93e28366dee6","Bebek Arabaları & Taşıma","8d28867d-0ee1-43e3-8027-22b428b55f3d","5","FALSE","CANONICAL-000834","bebek-arabalar-tas-ma-000834","2","staged","FALSE","REGULATED","pending","canonical-v1.0.0"
"955f57ea-2632-4aee-8019-988680cb67e0","Bebek Arabaları","e6abd13d-42b0-4f39-9e45-93e28366dee6","1","FALSE","CANONICAL-000835","bebek-arabalar-000835","3","staged","FALSE","REGULATED","pending","canonical-v1.0.0"
"4811a696-9015-4d51-9c02-ad67c281c8ed","Standart Bebek Arabaları","955f57ea-2632-4aee-8019-988680cb67e0","1","FALSE","CANONICAL-000836","standart-bebek-arabalar-000836","4","staged","FALSE","REGULATED","pending","canonical-v1.0.0"
"54a9f570-a2ba-4987-8901-f397eb558c6b","Hafif & Kabin Tipi Bebek Arabaları","955f57ea-2632-4aee-8019-988680cb67e0","2","FALSE","CANONICAL-000837","hafif-kabin-tipi-bebek-arabalar-000837","4","staged","FALSE","REGULATED","pending","canonical-v1.0.0"
"84060133-53ec-47a9-914a-a1c8c6b69b56","İkiz & Çoklu Bebek Arabaları","955f57ea-2632-4aee-8019-988680cb67e0","3","FALSE","CANONICAL-000838","ikiz-coklu-bebek-arabalar-000838","4","staged","FALSE","REGULATED","pending","canonical-v1.0.0"
"97e754c1-aee3-421e-95b5-74b23eaeb784","Puset & Portbebeler","e6abd13d-42b0-4f39-9e45-93e28366dee6","2","FALSE","CANONICAL-000839","puset-portbebeler-000839","3","staged","FALSE","REGULATED","pending","canonical-v1.0.0"
"b8f268cb-1785-43c6-897f-b01383122590","Kanguru, Sling & Taşıyıcılar","e6abd13d-42b0-4f39-9e45-93e28366dee6","3","FALSE","CANONICAL-000840","kanguru-sling-tas-y-c-lar-000840","3","staged","FALSE","REGULATED","pending","canonical-v1.0.0"
"85c17b20-f294-44dd-9524-96afcd1b0d1a","Bebek Arabası Aksesuarları","e6abd13d-42b0-4f39-9e45-93e28366dee6","4","FALSE","CANONICAL-000841","bebek-arabas-aksesuarlar-000841","3","staged","FALSE","REGULATED","pending","canonical-v1.0.0"
"1be236b2-4fa0-4efc-9a45-e02ae841e189","Oto Koltukları & Seyahat Güvenliği","8d28867d-0ee1-43e3-8027-22b428b55f3d","6","FALSE","CANONICAL-000842","oto-koltuklar-seyahat-guvenligi-000842","2","staged","FALSE","REGULATED","pending","canonical-v1.0.0"
"609ca515-9d99-410f-93e0-039aa8cf58b1","Bebek & Çocuk Oto Koltukları","1be236b2-4fa0-4efc-9a45-e02ae841e189","1","FALSE","CANONICAL-000843","bebek-cocuk-oto-koltuklar-000843","3","staged","FALSE","REGULATED","pending","canonical-v1.0.0"
"607c1a6d-082d-4635-b278-52a6aa580af7","Yükseltici Koltuklar","1be236b2-4fa0-4efc-9a45-e02ae841e189","2","FALSE","CANONICAL-000844","yukseltici-koltuklar-000844","3","staged","FALSE","REGULATED","pending","canonical-v1.0.0"
"b024cd22-943d-4c2e-a0f8-9489e7086ea4","Oto Koltuğu Bazası & Adaptörleri","1be236b2-4fa0-4efc-9a45-e02ae841e189","3","FALSE","CANONICAL-000845","oto-koltugu-bazas-adaptorleri-000845","3","staged","FALSE","REGULATED","pending","canonical-v1.0.0"
"032976ad-825c-4c0f-a05a-a7f1ef04ac7c","Çocuk Seyahat Güvenlik Aksesuarları","1be236b2-4fa0-4efc-9a45-e02ae841e189","4","FALSE","CANONICAL-000846","cocuk-seyahat-guvenlik-aksesuarlar-000846","3","staged","FALSE","REGULATED","pending","canonical-v1.0.0"
"dd375558-266c-4f5d-972f-1edc89cd3e00","Bebek Odası & Uyku","8d28867d-0ee1-43e3-8027-22b428b55f3d","7","FALSE","CANONICAL-000847","bebek-odas-uyku-000847","2","staged","FALSE","REGULATED","pending","canonical-v1.0.0"
"0914830b-1917-4169-a7dc-61fdc79c4a18","Beşik & Bebek Karyolaları","dd375558-266c-4f5d-972f-1edc89cd3e00","1","FALSE","CANONICAL-000848","besik-bebek-karyolalar-000848","3","staged","FALSE","REGULATED","pending","canonical-v1.0.0"
"bb68b889-3e47-49b7-962a-d655848e5c46","Beşikler","0914830b-1917-4169-a7dc-61fdc79c4a18","1","FALSE","CANONICAL-000849","besikler-000849","4","staged","FALSE","REGULATED","pending","canonical-v1.0.0"
"cb729693-7a5c-4455-b0b3-e1c51f379ad3","Bebek Karyolaları & Anne Yanı Yataklar","0914830b-1917-4169-a7dc-61fdc79c4a18","2","FALSE","CANONICAL-000850","bebek-karyolalar-anne-yan-yataklar-000850","4","staged","FALSE","REGULATED","pending","canonical-v1.0.0"
"5d1ca175-2c95-4341-9b17-09ac6cfbcc56","Park Yataklar","dd375558-266c-4f5d-972f-1edc89cd3e00","2","FALSE","CANONICAL-000851","park-yataklar-000851","3","staged","FALSE","REGULATED","pending","canonical-v1.0.0"
"04611d6b-89e7-4909-bbc9-0396d7823eaf","Bebek Yatakları","dd375558-266c-4f5d-972f-1edc89cd3e00","3","FALSE","CANONICAL-000852","bebek-yataklar-000852","3","staged","FALSE","REGULATED","pending","canonical-v1.0.0"
"9b822bed-360c-4b2b-8eb9-9f0a80934160","Bebek Uyku Tekstili & Uyku Tulumları","dd375558-266c-4f5d-972f-1edc89cd3e00","4","FALSE","CANONICAL-000853","bebek-uyku-tekstili-uyku-tulumlar-000853","3","staged","FALSE","REGULATED","pending","canonical-v1.0.0"
"8ecf367b-be03-4658-bda4-d23e285a41ba","Alt Değiştirme Mobilyaları","dd375558-266c-4f5d-972f-1edc89cd3e00","5","FALSE","CANONICAL-000854","alt-degistirme-mobilyalar-000854","3","staged","FALSE","REGULATED","pending","canonical-v1.0.0"
"1d79303d-57fb-4166-a8f5-3e74015865cc","Bebek Güvenlik & Ev İçi Koruma","8d28867d-0ee1-43e3-8027-22b428b55f3d","8","FALSE","CANONICAL-000855","bebek-guvenlik-ev-ici-koruma-000855","2","staged","FALSE","REGULATED","pending","canonical-v1.0.0"
"ce7f2f7d-4acb-4707-bdc1-162e468c2ce9","Bebek Güvenlik Kapıları","1d79303d-57fb-4166-a8f5-3e74015865cc","1","FALSE","CANONICAL-000856","bebek-guvenlik-kap-lar-000856","3","staged","FALSE","REGULATED","pending","canonical-v1.0.0"
"33616b42-be12-4bf9-b4c8-8b308ecc4d5c","Dolap & Çekmece Kilitleri","1d79303d-57fb-4166-a8f5-3e74015865cc","2","FALSE","CANONICAL-000857","dolap-cekmece-kilitleri-000857","3","staged","FALSE","REGULATED","pending","canonical-v1.0.0"
"ba26c725-0ef3-41e9-a6e0-8784eaacbeeb","Köşe & Kenar Koruyucuları","1d79303d-57fb-4166-a8f5-3e74015865cc","3","FALSE","CANONICAL-000858","kose-kenar-koruyucular-000858","3","staged","FALSE","REGULATED","pending","canonical-v1.0.0"
"b3868f65-b876-4465-8b31-18e892e6aed5","Priz Koruyucuları","1d79303d-57fb-4166-a8f5-3e74015865cc","4","FALSE","CANONICAL-000859","priz-koruyucular-000859","3","staged","FALSE","REGULATED","pending","canonical-v1.0.0"
"ee3f3ffd-e749-4d43-a85c-2ff11ef5f03c","Yatak Bariyerleri","1d79303d-57fb-4166-a8f5-3e74015865cc","5","FALSE","CANONICAL-000860","yatak-bariyerleri-000860","3","staged","FALSE","REGULATED","pending","canonical-v1.0.0"
"919809f1-fa85-4bdb-bf96-16b844b25c1c","Hamilelik & Lohusalık Ürünleri","8d28867d-0ee1-43e3-8027-22b428b55f3d","9","FALSE","CANONICAL-000861","hamilelik-lohusal-k-urunleri-000861","2","staged","FALSE","LEGAL_REVIEW_REQUIRED","pending","canonical-v1.0.0"
"0d8c99fe-8d1d-4d83-a554-0e03772b853a","Hamile Destek Yastıkları","919809f1-fa85-4bdb-bf96-16b844b25c1c","1","FALSE","CANONICAL-000862","hamile-destek-yast-klar-000862","3","staged","FALSE","NORMAL","pending","canonical-v1.0.0"
"f12041a3-f7b6-4dc6-8c59-67b88f9e1f69","Medikal İddiasız Hamile Destekleri","919809f1-fa85-4bdb-bf96-16b844b25c1c","2","FALSE","CANONICAL-000863","medikal-iddias-z-hamile-destekleri-000863","3","staged","FALSE","LEGAL_REVIEW_REQUIRED","pending","canonical-v1.0.0"
"4cd6834c-c423-4bfd-b9e2-6d03f296173f","Lohusa Pedleri","919809f1-fa85-4bdb-bf96-16b844b25c1c","3","FALSE","CANONICAL-000864","lohusa-pedleri-000864","3","staged","FALSE","REGULATED","pending","canonical-v1.0.0"
"c76d635d-ddcb-4b69-9699-33f3494c4b6c","Lohusalık Bakım Aksesuarları","919809f1-fa85-4bdb-bf96-16b844b25c1c","4","FALSE","CANONICAL-000865","lohusal-k-bak-m-aksesuarlar-000865","3","staged","FALSE","LEGAL_REVIEW_REQUIRED","pending","canonical-v1.0.0"
"52adad9e-8fcf-48e0-9418-33ee5d51abc4","Oyuncak & Hobi","","14","FALSE","CANONICAL-000866","oyuncak-hobi-000866","1","staged","FALSE","NORMAL","not_required","canonical-v1.0.0"
"8057bf86-480f-4345-80b0-f5f9dd702ae8","Bebek & Okul Öncesi Oyuncaklar","52adad9e-8fcf-48e0-9418-33ee5d51abc4","1","FALSE","CANONICAL-000867","bebek-okul-oncesi-oyuncaklar-000867","2","staged","FALSE","REGULATED","pending","canonical-v1.0.0"
"b35a860e-58f8-41b4-8236-4ebe77dd9a29","Çıngırak & Diş Kaşıma Oyuncakları","8057bf86-480f-4345-80b0-f5f9dd702ae8","1","FALSE","CANONICAL-000868","c-ng-rak-dis-kas-ma-oyuncaklar-000868","3","staged","FALSE","REGULATED","pending","canonical-v1.0.0"
"232619ae-0b93-4501-998f-40902f190176","Duyusal Oyuncaklar","8057bf86-480f-4345-80b0-f5f9dd702ae8","2","FALSE","CANONICAL-000869","duyusal-oyuncaklar-000869","3","staged","FALSE","REGULATED","pending","canonical-v1.0.0"
"188c830d-c187-4c7f-a4ae-d6ece75a1ea8","Aktivite Merkezi & Oyun Halıları","8057bf86-480f-4345-80b0-f5f9dd702ae8","3","FALSE","CANONICAL-000870","aktivite-merkezi-oyun-hal-lar-000870","3","staged","FALSE","REGULATED","pending","canonical-v1.0.0"
"a0496999-3dc2-469d-8cd3-1d6c5f849bcc","Dizme, Sıralama & Eşleştirme Oyuncakları","8057bf86-480f-4345-80b0-f5f9dd702ae8","4","FALSE","CANONICAL-000871","dizme-s-ralama-eslestirme-oyuncaklar-000871","3","staged","FALSE","REGULATED","pending","canonical-v1.0.0"
"3a486912-1f63-4e16-9c9e-44dd7080fca6","İtme & Çekme Oyuncakları","8057bf86-480f-4345-80b0-f5f9dd702ae8","5","FALSE","CANONICAL-000872","itme-cekme-oyuncaklar-000872","3","staged","FALSE","REGULATED","pending","canonical-v1.0.0"
"0ec5f418-0e22-497b-af90-557a63272625","Eğitici, Bilim & Keşif Oyuncakları","52adad9e-8fcf-48e0-9418-33ee5d51abc4","2","FALSE","CANONICAL-000873","egitici-bilim-kesif-oyuncaklar-000873","2","staged","FALSE","LEGAL_REVIEW_REQUIRED","pending","canonical-v1.0.0"
"468fcc98-d57b-4701-b371-aa9e3fe44e24","Bilim & Deney Setleri","0ec5f418-0e22-497b-af90-557a63272625","1","FALSE","CANONICAL-000874","bilim-deney-setleri-000874","3","staged","FALSE","LEGAL_REVIEW_REQUIRED","pending","canonical-v1.0.0"
"c76322b2-38d6-40bf-8fba-4c6b243a9fd1","Kimya & Malzeme Deney Setleri","468fcc98-d57b-4701-b371-aa9e3fe44e24","1","FALSE","CANONICAL-000875","kimya-malzeme-deney-setleri-000875","4","staged","FALSE","LEGAL_REVIEW_REQUIRED","pending","canonical-v1.0.0"
"b7f21734-a517-4090-be90-8621619d82e5","Fizik & Elektronik Deney Setleri","468fcc98-d57b-4701-b371-aa9e3fe44e24","2","FALSE","CANONICAL-000876","fizik-elektronik-deney-setleri-000876","4","staged","FALSE","REGULATED","pending","canonical-v1.0.0"
"db3bc1cd-b1b3-4056-9959-ed85927fe50a","Doğa & Keşif Setleri","468fcc98-d57b-4701-b371-aa9e3fe44e24","3","FALSE","CANONICAL-000877","doga-kesif-setleri-000877","4","staged","FALSE","REGULATED","pending","canonical-v1.0.0"
"c3fd72c8-ecad-4d81-9520-b82c10720fb8","Kodlama & Robotik Oyuncakları","0ec5f418-0e22-497b-af90-557a63272625","2","FALSE","CANONICAL-000878","kodlama-robotik-oyuncaklar-000878","3","staged","FALSE","REGULATED","pending","canonical-v1.0.0"
"ac307b5c-0ce7-480d-9277-cac111b8263c","Çocuk Mikroskobu & Teleskobu","0ec5f418-0e22-497b-af90-557a63272625","3","FALSE","CANONICAL-000879","cocuk-mikroskobu-teleskobu-000879","3","staged","FALSE","REGULATED","pending","canonical-v1.0.0"
"922caab3-c6d0-475a-8c48-1db83dfbfdd5","Dil, Matematik & Öğrenme Oyuncakları","0ec5f418-0e22-497b-af90-557a63272625","4","FALSE","CANONICAL-000880","dil-matematik-ogrenme-oyuncaklar-000880","3","staged","FALSE","REGULATED","pending","canonical-v1.0.0"
"ad4450bd-0cb6-4800-8e42-933aab2ececf","Figür, Bebek & Rol Oyunları","52adad9e-8fcf-48e0-9418-33ee5d51abc4","3","FALSE","CANONICAL-000881","figur-bebek-rol-oyunlar-000881","2","staged","FALSE","REGULATED","pending","canonical-v1.0.0"
"a5bbd6dd-74d8-4687-bdaf-4fea2bb56a96","Oyuncak Bebekler","ad4450bd-0cb6-4800-8e42-933aab2ececf","1","FALSE","CANONICAL-000882","oyuncak-bebekler-000882","3","staged","FALSE","REGULATED","pending","canonical-v1.0.0"
"50cc3a1a-d39d-48e4-9db8-739aa6f8c661","Aksiyon & Oyun Figürleri","ad4450bd-0cb6-4800-8e42-933aab2ececf","2","FALSE","CANONICAL-000883","aksiyon-oyun-figurleri-000883","3","staged","FALSE","REGULATED","pending","canonical-v1.0.0"
"147c21e6-5c19-413f-baa6-3f49e09c4485","Bebek Evi & Aksesuarları","ad4450bd-0cb6-4800-8e42-933aab2ececf","3","FALSE","CANONICAL-000884","bebek-evi-aksesuarlar-000884","3","staged","FALSE","REGULATED","pending","canonical-v1.0.0"
"7e44f3f3-af9e-4705-b4a8-5387e3329d2d","Peluş Oyuncaklar","ad4450bd-0cb6-4800-8e42-933aab2ececf","4","FALSE","CANONICAL-000885","pelus-oyuncaklar-000885","3","staged","FALSE","REGULATED","pending","canonical-v1.0.0"
"873143f3-f3f5-47e8-a7f5-02d20511536c","Rol Oyun Setleri","ad4450bd-0cb6-4800-8e42-933aab2ececf","5","FALSE","CANONICAL-000886","rol-oyun-setleri-000886","3","staged","FALSE","REGULATED","pending","canonical-v1.0.0"
"ac591152-f827-451a-8846-48b080675e64","Yapı & İnşa Oyuncakları","52adad9e-8fcf-48e0-9418-33ee5d51abc4","4","FALSE","CANONICAL-000887","yap-insa-oyuncaklar-000887","2","staged","FALSE","REGULATED","pending","canonical-v1.0.0"
"95e2a2ce-0296-44a4-b3fa-af4f1851379d","Yapı Blokları","ac591152-f827-451a-8846-48b080675e64","1","FALSE","CANONICAL-000888","yap-bloklar-000888","3","staged","FALSE","REGULATED","pending","canonical-v1.0.0"
"301461b6-3410-4f89-aad8-f3a285ebe023","Manyetik Yapı Setleri","ac591152-f827-451a-8846-48b080675e64","2","FALSE","CANONICAL-000889","manyetik-yap-setleri-000889","3","staged","FALSE","REGULATED","pending","canonical-v1.0.0"
"a134d410-1686-4009-92bf-679f916ec2b1","Mekanik İnşa Setleri","ac591152-f827-451a-8846-48b080675e64","3","FALSE","CANONICAL-000890","mekanik-insa-setleri-000890","3","staged","FALSE","REGULATED","pending","canonical-v1.0.0"
"f6a0a87f-8335-44c7-87ce-c2ce5dddc07b","Bilye Yolu & Hareketli Yapı Setleri","ac591152-f827-451a-8846-48b080675e64","4","FALSE","CANONICAL-000891","bilye-yolu-hareketli-yap-setleri-000891","3","staged","FALSE","REGULATED","pending","canonical-v1.0.0"
"698564c8-5338-4b56-8af1-967590405834","Oyuncak Araçlar & Uzaktan Kumandalı Oyuncaklar","52adad9e-8fcf-48e0-9418-33ee5d51abc4","5","FALSE","CANONICAL-000892","oyuncak-araclar-uzaktan-kumandal-oyuncaklar-000892","2","staged","FALSE","LEGAL_REVIEW_REQUIRED","pending","canonical-v1.0.0"
"b458f95c-a386-405c-b29d-00577fc97b98","Oyuncak Kara Araçları","698564c8-5338-4b56-8af1-967590405834","1","FALSE","CANONICAL-000893","oyuncak-kara-araclar-000893","3","staged","FALSE","REGULATED","pending","canonical-v1.0.0"
"7d5078df-4590-4142-b89a-afd1b6117696","Pist, Garaj & Araç Oyun Setleri","698564c8-5338-4b56-8af1-967590405834","2","FALSE","CANONICAL-000894","pist-garaj-arac-oyun-setleri-000894","3","staged","FALSE","REGULATED","pending","canonical-v1.0.0"
"5f2617ea-a88b-46b6-857e-3f7c6e6fad35","Uzaktan Kumandalı Kara Araçları","698564c8-5338-4b56-8af1-967590405834","3","FALSE","CANONICAL-000895","uzaktan-kumandal-kara-araclar-000895","3","staged","FALSE","REGULATED","pending","canonical-v1.0.0"
"c02d9b4d-32df-4795-a109-30c956ae08e6","Oyuncak Dronelar","698564c8-5338-4b56-8af1-967590405834","4","FALSE","CANONICAL-000896","oyuncak-dronelar-000896","3","staged","FALSE","LEGAL_REVIEW_REQUIRED","pending","canonical-v1.0.0"
"e4e41884-515a-4409-8451-a031c8698c92","Oyuncak Tren & Ray Setleri","698564c8-5338-4b56-8af1-967590405834","5","FALSE","CANONICAL-000897","oyuncak-tren-ray-setleri-000897","3","staged","FALSE","REGULATED","pending","canonical-v1.0.0"
"6a34fa55-73f7-40b5-9b16-b13e000f4a9b","Oyuncak Tekne & Deniz Araçları","698564c8-5338-4b56-8af1-967590405834","6","FALSE","CANONICAL-000898","oyuncak-tekne-deniz-araclar-000898","3","staged","FALSE","REGULATED","pending","canonical-v1.0.0"
"bb5f7429-94e2-4d46-8c0e-8220773c57f8","Kutu Oyunları & Oyun Takımları","52adad9e-8fcf-48e0-9418-33ee5d51abc4","6","FALSE","CANONICAL-000899","kutu-oyunlar-oyun-tak-mlar-000899","2","staged","FALSE","LEGAL_REVIEW_REQUIRED","pending","canonical-v1.0.0"
"c87f58f3-9ab4-4ce3-a081-1accba645855","Aile Kutu Oyunları","bb5f7429-94e2-4d46-8c0e-8220773c57f8","1","FALSE","CANONICAL-000900","aile-kutu-oyunlar-000900","3","staged","FALSE","REGULATED","pending","canonical-v1.0.0"
"c0b357e2-6c8f-48ed-8fbc-a22c53e594ed","Strateji Kutu Oyunları","bb5f7429-94e2-4d46-8c0e-8220773c57f8","2","FALSE","CANONICAL-000901","strateji-kutu-oyunlar-000901","3","staged","FALSE","REGULATED","pending","canonical-v1.0.0"
"105276a1-9d8f-48a0-bcae-5e68022cbbfa","Parti Kutu Oyunları","bb5f7429-94e2-4d46-8c0e-8220773c57f8","3","FALSE","CANONICAL-000902","parti-kutu-oyunlar-000902","3","staged","FALSE","REGULATED","pending","canonical-v1.0.0"
"4c276b0b-272f-47ec-804c-4364bcf76ee0","Satranç, Dama & Klasik Oyun Takımları","bb5f7429-94e2-4d46-8c0e-8220773c57f8","4","FALSE","CANONICAL-000903","satranc-dama-klasik-oyun-tak-mlar-000903","3","staged","FALSE","NORMAL","pending","canonical-v1.0.0"
"a592dfa9-4168-4702-ac88-86f9244163c4","Oyun Kartları","bb5f7429-94e2-4d46-8c0e-8220773c57f8","5","FALSE","CANONICAL-000904","oyun-kartlar-000904","3","staged","FALSE","LEGAL_REVIEW_REQUIRED","pending","canonical-v1.0.0"
"731fc24f-2ae2-4582-90c9-f4adf5ac8c50","Puzzle & Zeka Oyunları","52adad9e-8fcf-48e0-9418-33ee5d51abc4","7","FALSE","CANONICAL-000905","puzzle-zeka-oyunlar-000905","2","staged","FALSE","NORMAL","pending","canonical-v1.0.0"
"7f58949e-070e-4d52-b1cc-21cf7281049c","Yapbozlar","731fc24f-2ae2-4582-90c9-f4adf5ac8c50","1","FALSE","CANONICAL-000906","yapbozlar-000906","3","staged","FALSE","NORMAL","pending","canonical-v1.0.0"
"a86adc08-f99a-4f1e-81ed-e460e2031c32","İki Boyutlu Yapbozlar","7f58949e-070e-4d52-b1cc-21cf7281049c","1","FALSE","CANONICAL-000907","iki-boyutlu-yapbozlar-000907","4","staged","FALSE","NORMAL","pending","canonical-v1.0.0"
"b447444e-360c-4787-8de4-a3eeddd7d2b3","Üç Boyutlu Yapbozlar","7f58949e-070e-4d52-b1cc-21cf7281049c","2","FALSE","CANONICAL-000908","uc-boyutlu-yapbozlar-000908","4","staged","FALSE","NORMAL","pending","canonical-v1.0.0"
"ca354a23-c010-4732-8ab6-df28358b83ce","Mantık & Zeka Oyunları","731fc24f-2ae2-4582-90c9-f4adf5ac8c50","2","FALSE","CANONICAL-000909","mant-k-zeka-oyunlar-000909","3","staged","FALSE","NORMAL","pending","canonical-v1.0.0"
"9dbacddb-6ef9-41e2-ac9c-b6c99b1ae8a2","Mekanik Bulmacalar","731fc24f-2ae2-4582-90c9-f4adf5ac8c50","3","FALSE","CANONICAL-000910","mekanik-bulmacalar-000910","3","staged","FALSE","NORMAL","pending","canonical-v1.0.0"
"1c2bde5b-e303-4755-8636-8c884b78cb39","Model, Maket & Minyatür","52adad9e-8fcf-48e0-9418-33ee5d51abc4","8","FALSE","CANONICAL-000911","model-maket-minyatur-000911","2","staged","FALSE","REGULATED","pending","canonical-v1.0.0"
"8c52a82f-dd60-4a29-8954-1838e676a4f4","Model Kitleri","1c2bde5b-e303-4755-8636-8c884b78cb39","1","FALSE","CANONICAL-000912","model-kitleri-000912","3","staged","FALSE","NORMAL","pending","canonical-v1.0.0"
"3e8cd1c5-6175-495a-91ac-54fce653a2b5","Model Araç Kitleri","8c52a82f-dd60-4a29-8954-1838e676a4f4","1","FALSE","CANONICAL-000913","model-arac-kitleri-000913","4","staged","FALSE","NORMAL","pending","canonical-v1.0.0"
"4d35c3fd-7cff-4188-8720-cd0072667707","Model Yapı Kitleri","8c52a82f-dd60-4a29-8954-1838e676a4f4","2","FALSE","CANONICAL-000914","model-yap-kitleri-000914","4","staged","FALSE","NORMAL","pending","canonical-v1.0.0"
"ddde4f80-20d7-4202-b028-cd0b85ec2e6b","Diğer Model Kitleri","8c52a82f-dd60-4a29-8954-1838e676a4f4","3","FALSE","CANONICAL-000915","diger-model-kitleri-000915","4","staged","FALSE","NORMAL","pending","canonical-v1.0.0"
"b5b8fe7c-2408-4dd8-9ab6-c69f0f7b307a","Minyatür & Diorama Ürünleri","1c2bde5b-e303-4755-8636-8c884b78cb39","2","FALSE","CANONICAL-000916","minyatur-diorama-urunleri-000916","3","staged","FALSE","NORMAL","pending","canonical-v1.0.0"
"6b0fab21-d6e9-4e63-a6ab-451aa2c5d2f2","Model Demiryolu Ürünleri","1c2bde5b-e303-4755-8636-8c884b78cb39","3","FALSE","CANONICAL-000917","model-demiryolu-urunleri-000917","3","staged","FALSE","REGULATED","pending","canonical-v1.0.0"
"114aa583-e5c4-4cb6-880a-4c8ddcd41717","Koleksiyon Ürünleri","52adad9e-8fcf-48e0-9418-33ee5d51abc4","9","FALSE","CANONICAL-000918","koleksiyon-urunleri-000918","2","staged","FALSE","LEGAL_REVIEW_REQUIRED","pending","canonical-v1.0.0"
"f92e1d2a-545d-462e-adc5-eb9733d232b5","Koleksiyon Figürleri","114aa583-e5c4-4cb6-880a-4c8ddcd41717","1","FALSE","CANONICAL-000919","koleksiyon-figurleri-000919","3","staged","FALSE","NORMAL","pending","canonical-v1.0.0"
"cb9afc6e-9a24-436f-881b-0312135f7bf7","Koleksiyon Kartları","114aa583-e5c4-4cb6-880a-4c8ddcd41717","2","FALSE","CANONICAL-000920","koleksiyon-kartlar-000920","3","staged","FALSE","LEGAL_REVIEW_REQUIRED","pending","canonical-v1.0.0"
"0c603922-12ca-419a-aef6-7d617348bf35","Sergileme Amaçlı Model Araçlar","114aa583-e5c4-4cb6-880a-4c8ddcd41717","3","FALSE","CANONICAL-000921","sergileme-amacl-model-araclar-000921","3","staged","FALSE","NORMAL","pending","canonical-v1.0.0"
"94ff6f23-ff5f-4667-b358-b0d56d419730","Sürpriz & Rastgele İçerikli Koleksiyon Paketleri","114aa583-e5c4-4cb6-880a-4c8ddcd41717","4","FALSE","CANONICAL-000922","surpriz-rastgele-icerikli-koleksiyon-paketleri-000922","3","staged","FALSE","LEGAL_REVIEW_REQUIRED","pending","canonical-v1.0.0"
"84ccc3ea-bb47-47c4-80ff-435b423104d7","Sanat, El İşi & Hobi Kitleri","52adad9e-8fcf-48e0-9418-33ee5d51abc4","10","FALSE","CANONICAL-000923","sanat-el-isi-hobi-kitleri-000923","2","staged","FALSE","LEGAL_REVIEW_REQUIRED","pending","canonical-v1.0.0"
"4005f11f-7e6f-4cff-9803-ae33483a7aec","Boyama & Çizim Kitleri","84ccc3ea-bb47-47c4-80ff-435b423104d7","1","FALSE","CANONICAL-000924","boyama-cizim-kitleri-000924","3","staged","FALSE","REGULATED","pending","canonical-v1.0.0"
"53dc16af-0074-4cc2-8696-08288b8210f3","Takı Yapım Kitleri","84ccc3ea-bb47-47c4-80ff-435b423104d7","2","FALSE","CANONICAL-000925","tak-yap-m-kitleri-000925","3","staged","FALSE","REGULATED","pending","canonical-v1.0.0"
"61e6be52-aad9-496a-8250-3870dbf4c0b0","Kil, Seramik & Şekillendirme Kitleri","84ccc3ea-bb47-47c4-80ff-435b423104d7","3","FALSE","CANONICAL-000926","kil-seramik-sekillendirme-kitleri-000926","3","staged","FALSE","REGULATED","pending","canonical-v1.0.0"
"66c44ed9-5bf7-43df-9c9f-bbf56555a5c4","Tekstil, Dikiş & Örgü Kitleri","84ccc3ea-bb47-47c4-80ff-435b423104d7","4","FALSE","CANONICAL-000927","tekstil-dikis-orgu-kitleri-000927","3","staged","FALSE","REGULATED","pending","canonical-v1.0.0"
"9e41be05-c0bf-4ee5-b6f0-a59f6eed8b14","Slime & Duyusal Üretim Kitleri","84ccc3ea-bb47-47c4-80ff-435b423104d7","5","FALSE","CANONICAL-000928","slime-duyusal-uretim-kitleri-000928","3","staged","FALSE","LEGAL_REVIEW_REQUIRED","pending","canonical-v1.0.0"
"fd3504e6-ac82-4acb-85a1-a7facd3f852e","Açık Hava & Aktivite Oyuncakları","52adad9e-8fcf-48e0-9418-33ee5d51abc4","11","FALSE","CANONICAL-000929","ac-k-hava-aktivite-oyuncaklar-000929","2","staged","FALSE","REGULATED","pending","canonical-v1.0.0"
"a350f8da-c89b-4450-b7b2-f6862111af6d","Binilebilir Oyuncaklar","fd3504e6-ac82-4acb-85a1-a7facd3f852e","1","FALSE","CANONICAL-000930","binilebilir-oyuncaklar-000930","3","staged","FALSE","REGULATED","pending","canonical-v1.0.0"
"db139867-f06f-459f-a685-6ca933caa3a8","Kum & Su Oyuncakları","fd3504e6-ac82-4acb-85a1-a7facd3f852e","2","FALSE","CANONICAL-000931","kum-su-oyuncaklar-000931","3","staged","FALSE","REGULATED","pending","canonical-v1.0.0"
"47814a1d-65be-49f0-8a42-a780f690f3cf","Uçurtma & Baloncuk Oyuncakları","fd3504e6-ac82-4acb-85a1-a7facd3f852e","3","FALSE","CANONICAL-000932","ucurtma-baloncuk-oyuncaklar-000932","3","staged","FALSE","REGULATED","pending","canonical-v1.0.0"
"8552874b-9d3d-40d1-8d5a-aebbb5537e0c","Oyuncak Çadır & Oyun Evleri","fd3504e6-ac82-4acb-85a1-a7facd3f852e","4","FALSE","CANONICAL-000933","oyuncak-cad-r-oyun-evleri-000933","3","staged","FALSE","REGULATED","pending","canonical-v1.0.0"
"8c7622b5-bccb-4e01-81a3-b2f166da54c2","Bahçe Oyun Ekipmanları","fd3504e6-ac82-4acb-85a1-a7facd3f852e","5","FALSE","CANONICAL-000934","bahce-oyun-ekipmanlar-000934","3","staged","FALSE","REGULATED","pending","canonical-v1.0.0"
"f2bb26a2-7b41-4658-914f-941dac535391","Top Havuzu & Aktivite Alanları","fd3504e6-ac82-4acb-85a1-a7facd3f852e","6","FALSE","CANONICAL-000935","top-havuzu-aktivite-alanlar-000935","3","staged","FALSE","REGULATED","pending","canonical-v1.0.0"
"6de8a72c-5c18-4aed-9ddd-41ec87c6af08","Müzik & Enstrüman","","15","FALSE","CANONICAL-000936","muzik-enstruman-000936","1","staged","FALSE","NORMAL","not_required","canonical-v1.0.0"
"be96e6d3-410a-4533-873f-244d6d9c60ac","Gitar & Bas","6de8a72c-5c18-4aed-9ddd-41ec87c6af08","1","FALSE","CANONICAL-000937","gitar-bas-000937","2","staged","FALSE","NORMAL","pending","canonical-v1.0.0"
"705cb291-dfc7-4ec3-8704-1193d31445d7","Gitarlar","be96e6d3-410a-4533-873f-244d6d9c60ac","1","FALSE","CANONICAL-000938","gitarlar-000938","3","staged","FALSE","NORMAL","pending","canonical-v1.0.0"
"2d4cca1d-5cc3-48ba-8a79-df29ce144060","Klasik Gitarlar","705cb291-dfc7-4ec3-8704-1193d31445d7","1","FALSE","CANONICAL-000939","klasik-gitarlar-000939","4","staged","FALSE","NORMAL","pending","canonical-v1.0.0"
"d8176e05-d4f5-4152-a748-c4ae6f75e196","Akustik Gitarlar","705cb291-dfc7-4ec3-8704-1193d31445d7","2","FALSE","CANONICAL-000940","akustik-gitarlar-000940","4","staged","FALSE","NORMAL","pending","canonical-v1.0.0"
"c9cd491b-a46b-4eed-ad47-e04bc3cb9ad6","Elektro Gitarlar","705cb291-dfc7-4ec3-8704-1193d31445d7","3","FALSE","CANONICAL-000941","elektro-gitarlar-000941","4","staged","FALSE","NORMAL","pending","canonical-v1.0.0"
"abbdcbc3-c046-46e3-bf0c-26e350d05985","Bas Gitarlar","be96e6d3-410a-4533-873f-244d6d9c60ac","2","FALSE","CANONICAL-000942","bas-gitarlar-000942","3","staged","FALSE","NORMAL","pending","canonical-v1.0.0"
"c0d9e2c7-dca3-4db8-b556-56cd495b342a","Elektro Bas Gitarlar","abbdcbc3-c046-46e3-bf0c-26e350d05985","1","FALSE","CANONICAL-000943","elektro-bas-gitarlar-000943","4","staged","FALSE","NORMAL","pending","canonical-v1.0.0"
"c385acb7-54c8-4aed-8e04-f049e4a60767","Akustik Bas Gitarlar","abbdcbc3-c046-46e3-bf0c-26e350d05985","2","FALSE","CANONICAL-000944","akustik-bas-gitarlar-000944","4","staged","FALSE","NORMAL","pending","canonical-v1.0.0"
"2cef91c5-736e-4e58-91d7-cdd8e3f7ede0","Ukuleleler","be96e6d3-410a-4533-873f-244d6d9c60ac","3","FALSE","CANONICAL-000945","ukuleleler-000945","3","staged","FALSE","NORMAL","pending","canonical-v1.0.0"
"ba3a8b47-08e9-4536-a67a-47e710d06bae","Piyano, Org & Klavyeli Çalgılar","6de8a72c-5c18-4aed-9ddd-41ec87c6af08","2","FALSE","CANONICAL-000946","piyano-org-klavyeli-calg-lar-000946","2","staged","FALSE","NORMAL","pending","canonical-v1.0.0"
"67c83afa-bfcc-4366-b7ef-43f4b356941f","Piyanolar","ba3a8b47-08e9-4536-a67a-47e710d06bae","1","FALSE","CANONICAL-000947","piyanolar-000947","3","staged","FALSE","NORMAL","pending","canonical-v1.0.0"
"91eea306-4e38-42ed-a5c5-c51a9ecb564a","Akustik Piyanolar","67c83afa-bfcc-4366-b7ef-43f4b356941f","1","FALSE","CANONICAL-000948","akustik-piyanolar-000948","4","staged","FALSE","NORMAL","pending","canonical-v1.0.0"
"f37ce374-169e-4d9c-926f-f7351b765f43","Dijital Piyanolar","67c83afa-bfcc-4366-b7ef-43f4b356941f","2","FALSE","CANONICAL-000949","dijital-piyanolar-000949","4","staged","FALSE","NORMAL","pending","canonical-v1.0.0"
"6d4c6c4d-7ab9-41b5-bbef-6ac788821cd6","Org & Performans Klavyeleri","ba3a8b47-08e9-4536-a67a-47e710d06bae","2","FALSE","CANONICAL-000950","org-performans-klavyeleri-000950","3","staged","FALSE","NORMAL","pending","canonical-v1.0.0"
"45acc95e-af40-4670-8b59-5e6521cf9bfa","Akordeonlar","ba3a8b47-08e9-4536-a67a-47e710d06bae","3","FALSE","CANONICAL-000951","akordeonlar-000951","3","staged","FALSE","NORMAL","pending","canonical-v1.0.0"
"51265112-f940-4325-a764-2776542cbb84","Telli & Yaylı Çalgılar","6de8a72c-5c18-4aed-9ddd-41ec87c6af08","3","FALSE","CANONICAL-000952","telli-yayl-calg-lar-000952","2","staged","FALSE","NORMAL","pending","canonical-v1.0.0"
"15d769e3-d492-4e3c-a842-f47c52aa7ba0","Keman Ailesi","51265112-f940-4325-a764-2776542cbb84","1","FALSE","CANONICAL-000953","keman-ailesi-000953","3","staged","FALSE","NORMAL","pending","canonical-v1.0.0"
"e7bef31e-d668-457b-bd0b-a9ce4b3cb2c5","Kemanlar","15d769e3-d492-4e3c-a842-f47c52aa7ba0","1","FALSE","CANONICAL-000954","kemanlar-000954","4","staged","FALSE","NORMAL","pending","canonical-v1.0.0"
"9b1d6ea1-a8b6-4ded-a318-4998e62a40f8","Viyolalar","15d769e3-d492-4e3c-a842-f47c52aa7ba0","2","FALSE","CANONICAL-000955","viyolalar-000955","4","staged","FALSE","NORMAL","pending","canonical-v1.0.0"
"37ae9687-bfe4-4e4d-879e-1faaa5231352","Çellolar","15d769e3-d492-4e3c-a842-f47c52aa7ba0","3","FALSE","CANONICAL-000956","cellolar-000956","4","staged","FALSE","NORMAL","pending","canonical-v1.0.0"
"131fa0bc-faee-48ff-8d63-4366c2afc079","Kontrbaslar","15d769e3-d492-4e3c-a842-f47c52aa7ba0","4","FALSE","CANONICAL-000957","kontrbaslar-000957","4","staged","FALSE","NORMAL","pending","canonical-v1.0.0"
"479bb122-eb51-4bc6-8bae-2a8608d039f7","Arplar","51265112-f940-4325-a764-2776542cbb84","2","FALSE","CANONICAL-000958","arplar-000958","3","staged","FALSE","NORMAL","pending","canonical-v1.0.0"
"7c4b37ca-56a4-4360-9038-faab260e491b","Diğer Telli Çalgılar","51265112-f940-4325-a764-2776542cbb84","3","FALSE","CANONICAL-000959","diger-telli-calg-lar-000959","3","staged","FALSE","NORMAL","pending","canonical-v1.0.0"
"d2775ff6-efec-4608-926c-385d2aae0d56","Nefesli Çalgılar","6de8a72c-5c18-4aed-9ddd-41ec87c6af08","4","FALSE","CANONICAL-000960","nefesli-calg-lar-000960","2","staged","FALSE","NORMAL","pending","canonical-v1.0.0"
"a1a52462-1a34-424c-82cc-27e57ccf2895","Tahta Nefesliler","d2775ff6-efec-4608-926c-385d2aae0d56","1","FALSE","CANONICAL-000961","tahta-nefesliler-000961","3","staged","FALSE","NORMAL","pending","canonical-v1.0.0"
"2f059e4e-c2ac-4c58-8d2c-50cede3ad544","Flütler","a1a52462-1a34-424c-82cc-27e57ccf2895","1","FALSE","CANONICAL-000962","flutler-000962","4","staged","FALSE","NORMAL","pending","canonical-v1.0.0"
"ab79cbbd-01d4-40b6-b810-4b81d73df171","Klarnetler","a1a52462-1a34-424c-82cc-27e57ccf2895","2","FALSE","CANONICAL-000963","klarnetler-000963","4","staged","FALSE","NORMAL","pending","canonical-v1.0.0"
"7f4452fe-ebdf-40e9-bdf0-e826dd3777bd","Saksafonlar","a1a52462-1a34-424c-82cc-27e57ccf2895","3","FALSE","CANONICAL-000964","saksafonlar-000964","4","staged","FALSE","NORMAL","pending","canonical-v1.0.0"
"cba88f32-e7b9-41ad-8eed-ca11ba384ca2","Obua & Fagotlar","a1a52462-1a34-424c-82cc-27e57ccf2895","4","FALSE","CANONICAL-000965","obua-fagotlar-000965","4","staged","FALSE","NORMAL","pending","canonical-v1.0.0"
"d486e35f-ca7b-44e5-bd6a-5524cf2fe81e","Bakır Nefesliler","d2775ff6-efec-4608-926c-385d2aae0d56","2","FALSE","CANONICAL-000966","bak-r-nefesliler-000966","3","staged","FALSE","NORMAL","pending","canonical-v1.0.0"
"b775424b-45fb-4c3a-bbb7-6e3e95728cae","Trompet & Kornetler","d486e35f-ca7b-44e5-bd6a-5524cf2fe81e","1","FALSE","CANONICAL-000967","trompet-kornetler-000967","4","staged","FALSE","NORMAL","pending","canonical-v1.0.0"
"88a2eb34-c02a-476a-8113-abc25217e378","Trombonlar","d486e35f-ca7b-44e5-bd6a-5524cf2fe81e","2","FALSE","CANONICAL-000968","trombonlar-000968","4","staged","FALSE","NORMAL","pending","canonical-v1.0.0"
"0551fac0-944c-459c-bac5-7e69dcad98fe","Korno, Tuba & Diğer Bakır Nefesliler","d486e35f-ca7b-44e5-bd6a-5524cf2fe81e","3","FALSE","CANONICAL-000969","korno-tuba-diger-bak-r-nefesliler-000969","4","staged","FALSE","NORMAL","pending","canonical-v1.0.0"
"2086e3cb-c352-42aa-823e-953566f99654","Mızıka & Melodikalar","d2775ff6-efec-4608-926c-385d2aae0d56","3","FALSE","CANONICAL-000970","m-z-ka-melodikalar-000970","3","staged","FALSE","NORMAL","pending","canonical-v1.0.0"
"7bb856f7-849d-463d-8d6b-6760dd1d9337","Vurmalı Çalgılar","6de8a72c-5c18-4aed-9ddd-41ec87c6af08","5","FALSE","CANONICAL-000971","vurmal-calg-lar-000971","2","staged","FALSE","NORMAL","pending","canonical-v1.0.0"
"0f0fdee4-472a-43bb-8cb4-e02a48066647","Bateri Setleri","7bb856f7-849d-463d-8d6b-6760dd1d9337","1","FALSE","CANONICAL-000972","bateri-setleri-000972","3","staged","FALSE","NORMAL","pending","canonical-v1.0.0"
"0d118ea0-5d77-4255-9471-90080c6d53cc","Akustik Bateri Setleri","0f0fdee4-472a-43bb-8cb4-e02a48066647","1","FALSE","CANONICAL-000973","akustik-bateri-setleri-000973","4","staged","FALSE","NORMAL","pending","canonical-v1.0.0"
"4b2b01fb-4580-4870-96b4-63b44af76028","Elektronik Bateri Setleri","0f0fdee4-472a-43bb-8cb4-e02a48066647","2","FALSE","CANONICAL-000974","elektronik-bateri-setleri-000974","4","staged","FALSE","NORMAL","pending","canonical-v1.0.0"
"9189f2de-e4cf-48df-8ba1-6755e231e601","Ziller","7bb856f7-849d-463d-8d6b-6760dd1d9337","2","FALSE","CANONICAL-000975","ziller-000975","3","staged","FALSE","NORMAL","pending","canonical-v1.0.0"
"657c94c4-6ffe-4ada-a51f-eb904e92453b","El Perküsyonları","7bb856f7-849d-463d-8d6b-6760dd1d9337","3","FALSE","CANONICAL-000976","el-perkusyonlar-000976","3","staged","FALSE","NORMAL","pending","canonical-v1.0.0"
"dd662b7b-7e4f-476e-91fd-c1dfd4d966b6","Orkestra Vurmalıları","7bb856f7-849d-463d-8d6b-6760dd1d9337","4","FALSE","CANONICAL-000977","orkestra-vurmal-lar-000977","3","staged","FALSE","NORMAL","pending","canonical-v1.0.0"
"1f278922-ca42-47df-945b-d51164429c25","Çalışma Padleri","7bb856f7-849d-463d-8d6b-6760dd1d9337","5","FALSE","CANONICAL-000978","cal-sma-padleri-000978","3","staged","FALSE","NORMAL","pending","canonical-v1.0.0"
"dbb76e67-0c4c-45ab-b4ce-fab1d8666d93","Geleneksel Türk Müziği Enstrümanları","6de8a72c-5c18-4aed-9ddd-41ec87c6af08","6","FALSE","CANONICAL-000979","geleneksel-turk-muzigi-enstrumanlar-000979","2","staged","FALSE","NORMAL","pending","canonical-v1.0.0"
"f93928f0-0e48-475c-8c0c-e133d1ebbb39","Bağlama Ailesi","dbb76e67-0c4c-45ab-b4ce-fab1d8666d93","1","FALSE","CANONICAL-000980","baglama-ailesi-000980","3","staged","FALSE","NORMAL","pending","canonical-v1.0.0"
"9a8d2667-ffc2-409d-a75a-24c84586a160","Bağlamalar","f93928f0-0e48-475c-8c0c-e133d1ebbb39","1","FALSE","CANONICAL-000981","baglamalar-000981","4","staged","FALSE","NORMAL","pending","canonical-v1.0.0"
"4702192a-5e37-424a-8919-2837b3a8b68d","Curalar","f93928f0-0e48-475c-8c0c-e133d1ebbb39","2","FALSE","CANONICAL-000982","curalar-000982","4","staged","FALSE","NORMAL","pending","canonical-v1.0.0"
"481f02c2-12bd-4610-a97d-17f7e5564695","Divan Sazları","f93928f0-0e48-475c-8c0c-e133d1ebbb39","3","FALSE","CANONICAL-000983","divan-sazlar-000983","4","staged","FALSE","NORMAL","pending","canonical-v1.0.0"
"07f611e6-85fa-42f9-861e-cbd808631fc6","Udlar","dbb76e67-0c4c-45ab-b4ce-fab1d8666d93","2","FALSE","CANONICAL-000984","udlar-000984","3","staged","FALSE","NORMAL","pending","canonical-v1.0.0"
"426f1746-156d-4dc7-848e-50935bf3f8be","Kanunlar","dbb76e67-0c4c-45ab-b4ce-fab1d8666d93","3","FALSE","CANONICAL-000985","kanunlar-000985","3","staged","FALSE","NORMAL","pending","canonical-v1.0.0"
"3b55c7f7-7012-49e7-b7cd-3e80142a5aae","Kemençeler","dbb76e67-0c4c-45ab-b4ce-fab1d8666d93","4","FALSE","CANONICAL-000986","kemenceler-000986","3","staged","FALSE","NORMAL","pending","canonical-v1.0.0"
"c51e53be-0a15-4485-8ab0-8bac57eb1e0e","Geleneksel Nefesliler","dbb76e67-0c4c-45ab-b4ce-fab1d8666d93","5","FALSE","CANONICAL-000987","geleneksel-nefesliler-000987","3","staged","FALSE","NORMAL","pending","canonical-v1.0.0"
"7e8c8bf4-ae6d-4597-b06a-a2c1edc247ed","Neyler","c51e53be-0a15-4485-8ab0-8bac57eb1e0e","1","FALSE","CANONICAL-000988","neyler-000988","4","staged","FALSE","NORMAL","pending","canonical-v1.0.0"
"20dbf85b-6304-4f4d-9703-eb7f4fe5f56f","Zurna & Meyler","c51e53be-0a15-4485-8ab0-8bac57eb1e0e","2","FALSE","CANONICAL-000989","zurna-meyler-000989","4","staged","FALSE","NORMAL","pending","canonical-v1.0.0"
"fe1d9c78-9b85-4e90-bb55-e94e45602439","Geleneksel Vurmalılar","dbb76e67-0c4c-45ab-b4ce-fab1d8666d93","6","FALSE","CANONICAL-000990","geleneksel-vurmal-lar-000990","3","staged","FALSE","NORMAL","pending","canonical-v1.0.0"
"de33880b-7077-4622-8cd4-a79b9637684e","Darbukalar","fe1d9c78-9b85-4e90-bb55-e94e45602439","1","FALSE","CANONICAL-000991","darbukalar-000991","4","staged","FALSE","NORMAL","pending","canonical-v1.0.0"
"57b594fd-449e-4b1d-8a15-43035ff63e8d","Bendirler","fe1d9c78-9b85-4e90-bb55-e94e45602439","2","FALSE","CANONICAL-000992","bendirler-000992","4","staged","FALSE","NORMAL","pending","canonical-v1.0.0"
"35d0a5c8-7235-4ed4-8cfa-98bcf184f49c","Davullar","fe1d9c78-9b85-4e90-bb55-e94e45602439","3","FALSE","CANONICAL-000993","davullar-000993","4","staged","FALSE","NORMAL","pending","canonical-v1.0.0"
"db9cd2ce-f27f-4359-b797-ae29b3c533e4","Elektronik Müzik & DJ Ekipmanları","6de8a72c-5c18-4aed-9ddd-41ec87c6af08","7","FALSE","CANONICAL-000994","elektronik-muzik-dj-ekipmanlar-000994","2","staged","FALSE","NORMAL","pending","canonical-v1.0.0"
"f095ad56-fea5-4887-846c-313389fc6a39","Synthesizerlar","db9cd2ce-f27f-4359-b797-ae29b3c533e4","1","FALSE","CANONICAL-000995","synthesizerlar-000995","3","staged","FALSE","NORMAL","pending","canonical-v1.0.0"
"5fa0aa90-bc41-4965-8143-c684d25f5431","Sampler & Grooveboxlar","db9cd2ce-f27f-4359-b797-ae29b3c533e4","2","FALSE","CANONICAL-000996","sampler-grooveboxlar-000996","3","staged","FALSE","NORMAL","pending","canonical-v1.0.0"
"2aee7b6a-088e-4b47-b58c-d50284565b19","MIDI Kontrolcüleri","db9cd2ce-f27f-4359-b797-ae29b3c533e4","3","FALSE","CANONICAL-000997","midi-kontrolculeri-000997","3","staged","FALSE","NORMAL","pending","canonical-v1.0.0"
"7df0b21a-9dfb-4738-ae49-d83136eb70c3","Davul Makineleri & Sequencerlar","db9cd2ce-f27f-4359-b797-ae29b3c533e4","4","FALSE","CANONICAL-000998","davul-makineleri-sequencerlar-000998","3","staged","FALSE","NORMAL","pending","canonical-v1.0.0"
"dbddcd27-9214-467a-81a0-ab0587af1f63","DJ Kontrolcüleri","db9cd2ce-f27f-4359-b797-ae29b3c533e4","5","FALSE","CANONICAL-000999","dj-kontrolculeri-000999","3","staged","FALSE","NORMAL","pending","canonical-v1.0.0"
"8f118114-bf6e-4058-83dd-edcc50c26231","DJ Mikserleri","db9cd2ce-f27f-4359-b797-ae29b3c533e4","6","FALSE","CANONICAL-001000","dj-mikserleri-001000","3","staged","FALSE","NORMAL","pending","canonical-v1.0.0"
"35632545-a3dc-4771-9dee-5360b85ca2fd","DJ Pikapları","db9cd2ce-f27f-4359-b797-ae29b3c533e4","7","FALSE","CANONICAL-001001","dj-pikaplar-001001","3","staged","FALSE","NORMAL","pending","canonical-v1.0.0"
"684cefc1-d705-4a8e-b528-a60b4c8d56cb","Stüdyo, Kayıt & Canlı Ses Ekipmanları","6de8a72c-5c18-4aed-9ddd-41ec87c6af08","8","FALSE","CANONICAL-001002","studyo-kay-t-canl-ses-ekipmanlar-001002","2","staged","FALSE","REGULATED","pending","canonical-v1.0.0"
"385880b4-140e-4403-aafa-5179475e6083","Mikrofonlar","684cefc1-d705-4a8e-b528-a60b4c8d56cb","1","FALSE","CANONICAL-001003","mikrofonlar-001003","3","staged","FALSE","REGULATED","pending","canonical-v1.0.0"
"8009aa9c-acd9-4037-9348-576bb22cfa54","Kondenser Mikrofonlar","385880b4-140e-4403-aafa-5179475e6083","1","FALSE","CANONICAL-001004","kondenser-mikrofonlar-001004","4","staged","FALSE","NORMAL","pending","canonical-v1.0.0"
"ce4fd697-e155-4f45-bf81-91c27d2bd9e2","Dinamik Mikrofonlar","385880b4-140e-4403-aafa-5179475e6083","2","FALSE","CANONICAL-001005","dinamik-mikrofonlar-001005","4","staged","FALSE","NORMAL","pending","canonical-v1.0.0"
"796adbcf-92ca-49f6-88ae-ab6f34629037","Kablosuz Mikrofon Sistemleri","385880b4-140e-4403-aafa-5179475e6083","3","FALSE","CANONICAL-001006","kablosuz-mikrofon-sistemleri-001006","4","staged","FALSE","REGULATED","pending","canonical-v1.0.0"
"2374d03a-c28d-4af6-8470-d83c01370577","Ses Arayüzleri","684cefc1-d705-4a8e-b528-a60b4c8d56cb","2","FALSE","CANONICAL-001007","ses-arayuzleri-001007","3","staged","FALSE","NORMAL","pending","canonical-v1.0.0"
"07ecc959-17ee-476b-954f-3e790f42b1ef","Stüdyo Monitörleri","684cefc1-d705-4a8e-b528-a60b4c8d56cb","3","FALSE","CANONICAL-001008","studyo-monitorleri-001008","3","staged","FALSE","NORMAL","pending","canonical-v1.0.0"
"5a526706-824b-4c13-b5aa-b06e2f233f01","Kayıt & Canlı Ses Mikserleri","684cefc1-d705-4a8e-b528-a60b4c8d56cb","4","FALSE","CANONICAL-001009","kay-t-canl-ses-mikserleri-001009","3","staged","FALSE","NORMAL","pending","canonical-v1.0.0"
"fd3162d1-d2b8-4469-a6da-426a5343a587","PA Hoparlörleri","684cefc1-d705-4a8e-b528-a60b4c8d56cb","5","FALSE","CANONICAL-001010","pa-hoparlorleri-001010","3","staged","FALSE","NORMAL","pending","canonical-v1.0.0"
"ad598585-6e1e-456d-bb5b-2a6d0c3f51df","Taşınabilir Ses Kayıt Cihazları","684cefc1-d705-4a8e-b528-a60b4c8d56cb","6","FALSE","CANONICAL-001011","tas-nabilir-ses-kay-t-cihazlar-001011","3","staged","FALSE","NORMAL","pending","canonical-v1.0.0"
"7459b937-832c-4c2c-9b8a-7900e1713258","Stüdyo Kulaklıkları","684cefc1-d705-4a8e-b528-a60b4c8d56cb","7","FALSE","CANONICAL-001012","studyo-kulakl-klar-001012","3","staged","FALSE","NORMAL","pending","canonical-v1.0.0"
"a0600329-3dab-4bec-ac28-ba5c07346b7a","Enstrüman Amfi & Efektleri","6de8a72c-5c18-4aed-9ddd-41ec87c6af08","9","FALSE","CANONICAL-001013","enstruman-amfi-efektleri-001013","2","staged","FALSE","NORMAL","pending","canonical-v1.0.0"
"b1a3b590-5d26-4a5e-84db-31b1b640a8de","Gitar Amfileri","a0600329-3dab-4bec-ac28-ba5c07346b7a","1","FALSE","CANONICAL-001014","gitar-amfileri-001014","3","staged","FALSE","NORMAL","pending","canonical-v1.0.0"
"b849caf3-43ce-4b40-afc5-435f7f161718","Bas Amfileri","a0600329-3dab-4bec-ac28-ba5c07346b7a","2","FALSE","CANONICAL-001015","bas-amfileri-001015","3","staged","FALSE","NORMAL","pending","canonical-v1.0.0"
"15377ce8-0fb8-4335-a3ea-09d1fcd43e81","Enstrüman Kabinleri","a0600329-3dab-4bec-ac28-ba5c07346b7a","3","FALSE","CANONICAL-001016","enstruman-kabinleri-001016","3","staged","FALSE","NORMAL","pending","canonical-v1.0.0"
"47555ac1-1d87-4085-ab3b-0d0f22b0f490","Efekt Pedalları","a0600329-3dab-4bec-ac28-ba5c07346b7a","4","FALSE","CANONICAL-001017","efekt-pedallar-001017","3","staged","FALSE","NORMAL","pending","canonical-v1.0.0"
"452dc68c-9afd-43b0-b2aa-ae22123a9dd9","Çoklu Efekt İşlemcileri","a0600329-3dab-4bec-ac28-ba5c07346b7a","5","FALSE","CANONICAL-001018","coklu-efekt-islemcileri-001018","3","staged","FALSE","NORMAL","pending","canonical-v1.0.0"
"cc3e5b6c-f4a1-4959-ba40-eaf11d52d50f","Akustik Enstrüman Amfileri","a0600329-3dab-4bec-ac28-ba5c07346b7a","6","FALSE","CANONICAL-001019","akustik-enstruman-amfileri-001019","3","staged","FALSE","NORMAL","pending","canonical-v1.0.0"
"99826996-49d1-4016-b8dd-745cdda12ff6","Enstrüman Aksesuar, Bakım & Sarf Malzemeleri","6de8a72c-5c18-4aed-9ddd-41ec87c6af08","10","FALSE","CANONICAL-001020","enstruman-aksesuar-bak-m-sarf-malzemeleri-001020","2","staged","FALSE","LEGAL_REVIEW_REQUIRED","pending","canonical-v1.0.0"
"2dc7e952-7588-412c-94e7-9383d22ef90b","Enstrüman Telleri","99826996-49d1-4016-b8dd-745cdda12ff6","1","FALSE","CANONICAL-001021","enstruman-telleri-001021","3","staged","FALSE","NORMAL","pending","canonical-v1.0.0"
"eb2ceb5a-1681-4f34-98a1-201081d4e36c","Pena & Mızraplar","99826996-49d1-4016-b8dd-745cdda12ff6","2","FALSE","CANONICAL-001022","pena-m-zraplar-001022","3","staged","FALSE","NORMAL","pending","canonical-v1.0.0"
"9eee5897-7a5e-4950-9d90-24a55619800f","Baget & Tokmaklar","99826996-49d1-4016-b8dd-745cdda12ff6","3","FALSE","CANONICAL-001023","baget-tokmaklar-001023","3","staged","FALSE","NORMAL","pending","canonical-v1.0.0"
"1945df90-d332-43c3-b1ca-520468f5b401","Kamış, Ağızlık & Bekler","99826996-49d1-4016-b8dd-745cdda12ff6","4","FALSE","CANONICAL-001024","kam-s-ag-zl-k-bekler-001024","3","staged","FALSE","NORMAL","pending","canonical-v1.0.0"
"5600693c-b246-42b8-b23b-2810ef51cb12","Enstrüman Standları","99826996-49d1-4016-b8dd-745cdda12ff6","5","FALSE","CANONICAL-001025","enstruman-standlar-001025","3","staged","FALSE","NORMAL","pending","canonical-v1.0.0"
"37aa75d1-291d-458e-8be0-9a1909b5f67c","Akort Cihazı & Metronomlar","99826996-49d1-4016-b8dd-745cdda12ff6","6","FALSE","CANONICAL-001026","akort-cihaz-metronomlar-001026","3","staged","FALSE","NORMAL","pending","canonical-v1.0.0"
"482e8569-a2d7-47c8-a573-842360fe717a","Enstrümana Özgü Kablolar","99826996-49d1-4016-b8dd-745cdda12ff6","7","FALSE","CANONICAL-001027","enstrumana-ozgu-kablolar-001027","3","staged","FALSE","NORMAL","pending","canonical-v1.0.0"
"f15ac396-98ba-4f3d-a333-b0622c569437","Enstrüman Temizlik & Bakım Ürünleri","99826996-49d1-4016-b8dd-745cdda12ff6","8","FALSE","CANONICAL-001028","enstruman-temizlik-bak-m-urunleri-001028","3","staged","FALSE","LEGAL_REVIEW_REQUIRED","pending","canonical-v1.0.0"
"23149289-224a-43bf-8351-63c47e8c47b9","Askı, Tutucu & Nota Sehpaları","99826996-49d1-4016-b8dd-745cdda12ff6","9","FALSE","CANONICAL-001029","ask-tutucu-nota-sehpalar-001029","3","staged","FALSE","NORMAL","pending","canonical-v1.0.0"
"7de86dff-38db-41b3-803a-9163af5e55a5","Spor & Outdoor","","16","FALSE","CANONICAL-001030","spor-outdoor-001030","1","staged","FALSE","NORMAL","not_required","canonical-v1.0.0"
"1af1bcee-5ee0-4e6f-8ccb-fa0c674246fe","Fitness & Kondisyon","7de86dff-38db-41b3-803a-9163af5e55a5","1","FALSE","CANONICAL-001031","fitness-kondisyon-001031","2","staged","FALSE","REGULATED","pending","canonical-v1.0.0"
"e22ea31c-2df7-4356-9c9b-2bb346227802","Ağırlık Antrenmanı","1af1bcee-5ee0-4e6f-8ccb-fa0c674246fe","1","FALSE","CANONICAL-001032","ag-rl-k-antrenman-001032","3","staged","FALSE","REGULATED","pending","canonical-v1.0.0"
"ac61374a-4328-4ce5-8ba5-994cbe87a31e","Dambıl & Kettlebell","e22ea31c-2df7-4356-9c9b-2bb346227802","1","FALSE","CANONICAL-001033","damb-l-kettlebell-001033","4","staged","FALSE","NORMAL","pending","canonical-v1.0.0"
"152552a5-0921-4a58-9fbd-4fff7b02e860","Bar, Plaka & Ağırlık Setleri","e22ea31c-2df7-4356-9c9b-2bb346227802","2","FALSE","CANONICAL-001034","bar-plaka-ag-rl-k-setleri-001034","4","staged","FALSE","NORMAL","pending","canonical-v1.0.0"
"a4a3373f-11a1-43ad-84a2-93f7247e2f49","Kuvvet İstasyonları","e22ea31c-2df7-4356-9c9b-2bb346227802","3","FALSE","CANONICAL-001035","kuvvet-istasyonlar-001035","4","staged","FALSE","REGULATED","pending","canonical-v1.0.0"
"0885b77b-abad-4b2a-9778-bb08090516b2","Ağırlık Sehpası & Rack Sistemleri","e22ea31c-2df7-4356-9c9b-2bb346227802","4","FALSE","CANONICAL-001036","ag-rl-k-sehpas-rack-sistemleri-001036","4","staged","FALSE","REGULATED","pending","canonical-v1.0.0"
"67b4e910-f380-4e17-8084-1dd089022716","Kardiyo Cihazları","1af1bcee-5ee0-4e6f-8ccb-fa0c674246fe","2","FALSE","CANONICAL-001037","kardiyo-cihazlar-001037","3","staged","FALSE","NORMAL","pending","canonical-v1.0.0"
"27d35e98-55b4-49fc-9ae9-2c2cd7d85ded","Koşu Bantları","67b4e910-f380-4e17-8084-1dd089022716","1","FALSE","CANONICAL-001038","kosu-bantlar-001038","4","staged","FALSE","NORMAL","pending","canonical-v1.0.0"
"c0d1a717-01b6-45bb-b722-8b08e0301d4a","Kondisyon Bisikletleri","67b4e910-f380-4e17-8084-1dd089022716","2","FALSE","CANONICAL-001039","kondisyon-bisikletleri-001039","4","staged","FALSE","NORMAL","pending","canonical-v1.0.0"
"b356fe43-688f-4de3-b7e7-e4e33ebdf4c9","Eliptik & Kürek Cihazları","67b4e910-f380-4e17-8084-1dd089022716","3","FALSE","CANONICAL-001040","eliptik-kurek-cihazlar-001040","4","staged","FALSE","NORMAL","pending","canonical-v1.0.0"
"95defbfb-b2b3-4ea3-b5d6-d937551581ff","Direnç & Esneklik Ekipmanları","1af1bcee-5ee0-4e6f-8ccb-fa0c674246fe","3","FALSE","CANONICAL-001041","direnc-esneklik-ekipmanlar-001041","3","staged","FALSE","NORMAL","pending","canonical-v1.0.0"
"a3cea88a-b534-4919-a8ee-f1e3d384e83f","Atlama İpi & Kondisyon Aksesuarları","1af1bcee-5ee0-4e6f-8ccb-fa0c674246fe","4","FALSE","CANONICAL-001042","atlama-ipi-kondisyon-aksesuarlar-001042","3","staged","FALSE","NORMAL","pending","canonical-v1.0.0"
"e7dbfa02-81c2-4983-9bac-ff5c50bbe8d6","Takım Sporları","7de86dff-38db-41b3-803a-9163af5e55a5","2","FALSE","CANONICAL-001043","tak-m-sporlar-001043","2","staged","FALSE","REGULATED","pending","canonical-v1.0.0"
"9ec80db2-2886-4421-80df-24738193fca7","Futbol Ekipmanları","e7dbfa02-81c2-4983-9bac-ff5c50bbe8d6","1","FALSE","CANONICAL-001044","futbol-ekipmanlar-001044","3","staged","FALSE","REGULATED","pending","canonical-v1.0.0"
"e918a448-ce4e-40fe-a0d4-65907ca3c7ce","Futbol Topları","9ec80db2-2886-4421-80df-24738193fca7","1","FALSE","CANONICAL-001045","futbol-toplar-001045","4","staged","FALSE","NORMAL","pending","canonical-v1.0.0"
"26e870df-99d6-41b9-a057-1dc0ba5ac8d5","Kale & Antrenman Ekipmanları","9ec80db2-2886-4421-80df-24738193fca7","2","FALSE","CANONICAL-001046","kale-antrenman-ekipmanlar-001046","4","staged","FALSE","NORMAL","pending","canonical-v1.0.0"
"cd6b143a-08d2-40f8-95af-2f85a032c385","Kaleci Ekipmanları","9ec80db2-2886-4421-80df-24738193fca7","3","FALSE","CANONICAL-001047","kaleci-ekipmanlar-001047","4","staged","FALSE","REGULATED","pending","canonical-v1.0.0"
"1b414c7e-6458-45e0-bdc7-54721a5620dd","Basketbol Ekipmanları","e7dbfa02-81c2-4983-9bac-ff5c50bbe8d6","2","FALSE","CANONICAL-001048","basketbol-ekipmanlar-001048","3","staged","FALSE","REGULATED","pending","canonical-v1.0.0"
"ab9e200c-19fc-4ec0-9ba8-7ceb26700f1f","Basketbol Topları","1b414c7e-6458-45e0-bdc7-54721a5620dd","1","FALSE","CANONICAL-001049","basketbol-toplar-001049","4","staged","FALSE","NORMAL","pending","canonical-v1.0.0"
"1c772e44-613c-44be-873c-7f02f849e8d6","Pota & Basketbol Aksesuarları","1b414c7e-6458-45e0-bdc7-54721a5620dd","2","FALSE","CANONICAL-001050","pota-basketbol-aksesuarlar-001050","4","staged","FALSE","REGULATED","pending","canonical-v1.0.0"
"cceacfaa-a875-4478-908a-0ab0e5a69f81","Voleybol Ekipmanları","e7dbfa02-81c2-4983-9bac-ff5c50bbe8d6","3","FALSE","CANONICAL-001051","voleybol-ekipmanlar-001051","3","staged","FALSE","NORMAL","pending","canonical-v1.0.0"
"23fd2711-26bc-47e3-aeb7-bb9c6e9374e3","Voleybol Topları","cceacfaa-a875-4478-908a-0ab0e5a69f81","1","FALSE","CANONICAL-001052","voleybol-toplar-001052","4","staged","FALSE","NORMAL","pending","canonical-v1.0.0"
"abf22aea-f881-4e00-9705-669fa5044865","File & Voleybol Aksesuarları","cceacfaa-a875-4478-908a-0ab0e5a69f81","2","FALSE","CANONICAL-001053","file-voleybol-aksesuarlar-001053","4","staged","FALSE","NORMAL","pending","canonical-v1.0.0"
"1e99559f-2847-482c-b169-b75581eec6d1","Hentbol & Diğer Takım Sporları","e7dbfa02-81c2-4983-9bac-ff5c50bbe8d6","4","FALSE","CANONICAL-001054","hentbol-diger-tak-m-sporlar-001054","3","staged","FALSE","NORMAL","pending","canonical-v1.0.0"
"762c1665-c16f-4869-a30f-73a5fcb9f978","Raket Sporları","7de86dff-38db-41b3-803a-9163af5e55a5","3","FALSE","CANONICAL-001055","raket-sporlar-001055","2","staged","FALSE","REGULATED","pending","canonical-v1.0.0"
"aedc3b8b-1dd1-4e92-a3f1-1c03e62ab910","Tenis Ekipmanları","762c1665-c16f-4869-a30f-73a5fcb9f978","1","FALSE","CANONICAL-001056","tenis-ekipmanlar-001056","3","staged","FALSE","NORMAL","pending","canonical-v1.0.0"
"52bef2b1-77ba-4179-96c4-e1829d824a6b","Tenis Raketleri","aedc3b8b-1dd1-4e92-a3f1-1c03e62ab910","1","FALSE","CANONICAL-001057","tenis-raketleri-001057","4","staged","FALSE","NORMAL","pending","canonical-v1.0.0"
"2c37cf66-faae-43a1-8121-f9bd4b841589","Tenis Topları","aedc3b8b-1dd1-4e92-a3f1-1c03e62ab910","2","FALSE","CANONICAL-001058","tenis-toplar-001058","4","staged","FALSE","NORMAL","pending","canonical-v1.0.0"
"db2339cb-7ba4-4cff-81c3-b6611567114a","Tenis Filesi & Aksesuarları","aedc3b8b-1dd1-4e92-a3f1-1c03e62ab910","3","FALSE","CANONICAL-001059","tenis-filesi-aksesuarlar-001059","4","staged","FALSE","NORMAL","pending","canonical-v1.0.0"
"e72a3c6a-7c3c-4c2d-9fa3-46ae66689fcf","Masa Tenisi Ekipmanları","762c1665-c16f-4869-a30f-73a5fcb9f978","2","FALSE","CANONICAL-001060","masa-tenisi-ekipmanlar-001060","3","staged","FALSE","REGULATED","pending","canonical-v1.0.0"
"21f4e1bb-09f3-4668-ad32-87db8ae74dae","Masa Tenisi Raketleri","e72a3c6a-7c3c-4c2d-9fa3-46ae66689fcf","1","FALSE","CANONICAL-001061","masa-tenisi-raketleri-001061","4","staged","FALSE","NORMAL","pending","canonical-v1.0.0"
"4b848692-e22a-4ea0-a3ee-ec55586dbf2b","Masa Tenisi Topları","e72a3c6a-7c3c-4c2d-9fa3-46ae66689fcf","2","FALSE","CANONICAL-001062","masa-tenisi-toplar-001062","4","staged","FALSE","NORMAL","pending","canonical-v1.0.0"
"d9f7907a-6e2b-4588-8892-1eaac33deb6d","Masa & File Sistemleri","e72a3c6a-7c3c-4c2d-9fa3-46ae66689fcf","3","FALSE","CANONICAL-001063","masa-file-sistemleri-001063","4","staged","FALSE","REGULATED","pending","canonical-v1.0.0"
"a0ce816f-c122-4b69-b963-35f3a88e1e11","Badminton Ekipmanları","762c1665-c16f-4869-a30f-73a5fcb9f978","3","FALSE","CANONICAL-001064","badminton-ekipmanlar-001064","3","staged","FALSE","NORMAL","pending","canonical-v1.0.0"
"5f4b4605-36e5-4025-9d48-adf44b841299","Badminton Raketleri","a0ce816f-c122-4b69-b963-35f3a88e1e11","1","FALSE","CANONICAL-001065","badminton-raketleri-001065","4","staged","FALSE","NORMAL","pending","canonical-v1.0.0"
"f8c31378-363c-41af-a086-bfaafcd406e9","Badminton Topu & Fileleri","a0ce816f-c122-4b69-b963-35f3a88e1e11","2","FALSE","CANONICAL-001066","badminton-topu-fileleri-001066","4","staged","FALSE","NORMAL","pending","canonical-v1.0.0"
"e54e76f5-631b-43c3-847b-a26f60cb8e5e","Squash Ekipmanları","762c1665-c16f-4869-a30f-73a5fcb9f978","4","FALSE","CANONICAL-001067","squash-ekipmanlar-001067","3","staged","FALSE","NORMAL","pending","canonical-v1.0.0"
"0f0b8ccb-bdc8-4ea1-8ee6-26fd4abed73a","Padel Ekipmanları","762c1665-c16f-4869-a30f-73a5fcb9f978","5","FALSE","CANONICAL-001068","padel-ekipmanlar-001068","3","staged","FALSE","NORMAL","pending","canonical-v1.0.0"
"3199b822-64ad-430c-814a-e1f0f2eea6ef","Bireysel Sporlar & Jimnastik","7de86dff-38db-41b3-803a-9163af5e55a5","4","FALSE","CANONICAL-001069","bireysel-sporlar-jimnastik-001069","2","staged","FALSE","LEGAL_REVIEW_REQUIRED","pending","canonical-v1.0.0"
"2d8d3c08-05fd-465f-b409-449dd83dc1cc","Atletizm Ekipmanları","3199b822-64ad-430c-814a-e1f0f2eea6ef","1","FALSE","CANONICAL-001070","atletizm-ekipmanlar-001070","3","staged","FALSE","REGULATED","pending","canonical-v1.0.0"
"4760adab-883b-40e9-868d-969875708719","Jimnastik Ekipmanları","3199b822-64ad-430c-814a-e1f0f2eea6ef","2","FALSE","CANONICAL-001071","jimnastik-ekipmanlar-001071","3","staged","FALSE","REGULATED","pending","canonical-v1.0.0"
"bb96dbce-84e8-49da-909e-652ce6a69f0b","Yoga & Pilates Ekipmanları","3199b822-64ad-430c-814a-e1f0f2eea6ef","3","FALSE","CANONICAL-001072","yoga-pilates-ekipmanlar-001072","3","staged","FALSE","NORMAL","pending","canonical-v1.0.0"
"fc015dce-0200-470d-a0e1-6b1dbe519509","Dart Ekipmanları","3199b822-64ad-430c-814a-e1f0f2eea6ef","4","FALSE","CANONICAL-001073","dart-ekipmanlar-001073","3","staged","FALSE","LEGAL_REVIEW_REQUIRED","pending","canonical-v1.0.0"
"e171e64f-e258-4933-9b79-0fcfc2aab9bc","Okçuluk & Hedef Sporları Ekipmanları","3199b822-64ad-430c-814a-e1f0f2eea6ef","5","FALSE","CANONICAL-001074","okculuk-hedef-sporlar-ekipmanlar-001074","3","staged","FALSE","LEGAL_REVIEW_REQUIRED","pending","canonical-v1.0.0"
"74ddfcbc-b5f5-43d1-9fdf-b336e7350aac","Paten & Kaykay","3199b822-64ad-430c-814a-e1f0f2eea6ef","6","FALSE","CANONICAL-001075","paten-kaykay-001075","3","staged","FALSE","REGULATED","pending","canonical-v1.0.0"
"628f7076-8c70-4846-8c46-2119fe3ee058","Dövüş Sporları","7de86dff-38db-41b3-803a-9163af5e55a5","5","FALSE","CANONICAL-001076","dovus-sporlar-001076","2","staged","FALSE","REGULATED","pending","canonical-v1.0.0"
"3f21f3bb-ec85-4ac2-b88c-0f615e28cc51","Boks Ekipmanları","628f7076-8c70-4846-8c46-2119fe3ee058","1","FALSE","CANONICAL-001077","boks-ekipmanlar-001077","3","staged","FALSE","REGULATED","pending","canonical-v1.0.0"
"f50335b7-8b39-4da8-b6fc-1add42e1d18b","Kickboks & MMA Ekipmanları","628f7076-8c70-4846-8c46-2119fe3ee058","2","FALSE","CANONICAL-001078","kickboks-mma-ekipmanlar-001078","3","staged","FALSE","REGULATED","pending","canonical-v1.0.0"
"149c46be-b763-4643-bf9f-a7e098540d3e","Dövüş Sporu Koruyucuları","628f7076-8c70-4846-8c46-2119fe3ee058","3","FALSE","CANONICAL-001079","dovus-sporu-koruyucular-001079","3","staged","FALSE","REGULATED","pending","canonical-v1.0.0"
"7d4a755c-f0c6-407d-87e0-b1e8ea64a764","Kum Torbası & Antrenman Hedefleri","628f7076-8c70-4846-8c46-2119fe3ee058","4","FALSE","CANONICAL-001080","kum-torbas-antrenman-hedefleri-001080","3","staged","FALSE","REGULATED","pending","canonical-v1.0.0"
"8b3a76fc-58e4-4f32-b09d-f95860563e3b","Dövüş Sporu Minderleri","628f7076-8c70-4846-8c46-2119fe3ee058","5","FALSE","CANONICAL-001081","dovus-sporu-minderleri-001081","3","staged","FALSE","REGULATED","pending","canonical-v1.0.0"
"c8aa9332-1530-4e0f-8261-fee2652a4493","Outdoor, Kamp & Trekking","7de86dff-38db-41b3-803a-9163af5e55a5","6","FALSE","CANONICAL-001082","outdoor-kamp-trekking-001082","2","staged","FALSE","LEGAL_REVIEW_REQUIRED","pending","canonical-v1.0.0"
"6a2b91cd-c953-40d7-b9f3-4075ef091be5","Kamp Barınakları","c8aa9332-1530-4e0f-8261-fee2652a4493","1","FALSE","CANONICAL-001083","kamp-bar-naklar-001083","3","staged","FALSE","NORMAL","pending","canonical-v1.0.0"
"27b48380-dcc0-4a9c-a5d7-8d11f751b97d","Çadırlar","6a2b91cd-c953-40d7-b9f3-4075ef091be5","1","FALSE","CANONICAL-001084","cad-rlar-001084","4","staged","FALSE","NORMAL","pending","canonical-v1.0.0"
"65bc8a3a-6d2a-4629-b401-1098a6918d9b","Tarp & Gölgelikler","6a2b91cd-c953-40d7-b9f3-4075ef091be5","2","FALSE","CANONICAL-001085","tarp-golgelikler-001085","4","staged","FALSE","NORMAL","pending","canonical-v1.0.0"
"962ed9b3-f0e9-49eb-95dd-bb2af85c9013","Uyku Sistemleri","c8aa9332-1530-4e0f-8261-fee2652a4493","2","FALSE","CANONICAL-001086","uyku-sistemleri-001086","3","staged","FALSE","NORMAL","pending","canonical-v1.0.0"
"4fa79302-64d9-47b1-8afe-b80bc25a0ade","Uyku Tulumları","962ed9b3-f0e9-49eb-95dd-bb2af85c9013","1","FALSE","CANONICAL-001087","uyku-tulumlar-001087","4","staged","FALSE","NORMAL","pending","canonical-v1.0.0"
"62902d5c-14b7-4491-8f47-4b6000c15203","Kamp Matları","962ed9b3-f0e9-49eb-95dd-bb2af85c9013","2","FALSE","CANONICAL-001088","kamp-matlar-001088","4","staged","FALSE","NORMAL","pending","canonical-v1.0.0"
"f6b9d8c3-7b91-49ba-a5b5-d4739d3038de","Kamp Mobilyaları","c8aa9332-1530-4e0f-8261-fee2652a4493","3","FALSE","CANONICAL-001089","kamp-mobilyalar-001089","3","staged","FALSE","REGULATED","pending","canonical-v1.0.0"
"89fdf16a-41ae-446d-ad09-fa2007e38f2c","Kamp Ocağı & Outdoor Pişirme Ekipmanları","c8aa9332-1530-4e0f-8261-fee2652a4493","4","FALSE","CANONICAL-001090","kamp-ocag-outdoor-pisirme-ekipmanlar-001090","3","staged","FALSE","REGULATED","pending","canonical-v1.0.0"
"e8dc601d-28ae-4905-a593-def413a873fa","Trekking & Yürüyüş Ekipmanları","c8aa9332-1530-4e0f-8261-fee2652a4493","5","FALSE","CANONICAL-001091","trekking-yuruyus-ekipmanlar-001091","3","staged","FALSE","REGULATED","pending","canonical-v1.0.0"
"50c8c988-0871-4a47-95e5-d05b10b4b419","Outdoor Aydınlatma Ekipmanları","c8aa9332-1530-4e0f-8261-fee2652a4493","6","FALSE","CANONICAL-001092","outdoor-ayd-nlatma-ekipmanlar-001092","3","staged","FALSE","REGULATED","pending","canonical-v1.0.0"
"e67bd113-e8da-467e-bab3-1ad74039d2d4","Tırmanış & Dağcılık Ekipmanları","c8aa9332-1530-4e0f-8261-fee2652a4493","7","FALSE","CANONICAL-001093","t-rman-s-dagc-l-k-ekipmanlar-001093","3","staged","FALSE","LEGAL_REVIEW_REQUIRED","pending","canonical-v1.0.0"
"d7070d55-ce1b-4dba-82a2-79f0c917acec","Teknik Hidrasyon & Taşıma Sistemleri","c8aa9332-1530-4e0f-8261-fee2652a4493","8","FALSE","CANONICAL-001094","teknik-hidrasyon-tas-ma-sistemleri-001094","3","staged","FALSE","REGULATED","pending","canonical-v1.0.0"
"c31955c3-6471-4d5a-b8ef-bfe56c515abf","Bisiklet","7de86dff-38db-41b3-803a-9163af5e55a5","7","FALSE","CANONICAL-001095","bisiklet-001095","2","staged","FALSE","REGULATED","pending","canonical-v1.0.0"
"c207b8e7-53a5-438f-a23a-519c2566cf3d","Bisikletler","c31955c3-6471-4d5a-b8ef-bfe56c515abf","1","FALSE","CANONICAL-001096","bisikletler-001096","3","staged","FALSE","REGULATED","pending","canonical-v1.0.0"
"c40c1b13-cba8-4e71-a8a6-627893b56118","Dağ Bisikletleri","c207b8e7-53a5-438f-a23a-519c2566cf3d","1","FALSE","CANONICAL-001097","dag-bisikletleri-001097","4","staged","FALSE","NORMAL","pending","canonical-v1.0.0"
"cbd80b0b-b098-47f0-814d-18ef90c4557e","Yol Bisikletleri","c207b8e7-53a5-438f-a23a-519c2566cf3d","2","FALSE","CANONICAL-001098","yol-bisikletleri-001098","4","staged","FALSE","NORMAL","pending","canonical-v1.0.0"
"97d18b29-eccd-4e62-8350-7f703b65c6b4","Şehir & Tur Bisikletleri","c207b8e7-53a5-438f-a23a-519c2566cf3d","3","FALSE","CANONICAL-001099","sehir-tur-bisikletleri-001099","4","staged","FALSE","NORMAL","pending","canonical-v1.0.0"
"2f15521c-1a9b-4242-be4f-c29defb92978","Çocuk Bisikletleri","c207b8e7-53a5-438f-a23a-519c2566cf3d","4","FALSE","CANONICAL-001100","cocuk-bisikletleri-001100","4","staged","FALSE","REGULATED","pending","canonical-v1.0.0"
"abea6e5c-bff9-4451-847b-1b4827028c9e","Bisiklet Parçaları","c31955c3-6471-4d5a-b8ef-bfe56c515abf","2","FALSE","CANONICAL-001101","bisiklet-parcalar-001101","3","staged","FALSE","REGULATED","pending","canonical-v1.0.0"
"f2831675-4c54-4d25-ad25-9fbcc6c98fc1","Aktarma Organları","abea6e5c-bff9-4451-847b-1b4827028c9e","1","FALSE","CANONICAL-001102","aktarma-organlar-001102","4","staged","FALSE","NORMAL","pending","canonical-v1.0.0"
"6e224f49-c97f-4a1d-b169-4e36dc324e14","Fren Parçaları","abea6e5c-bff9-4451-847b-1b4827028c9e","2","FALSE","CANONICAL-001103","fren-parcalar-001103","4","staged","FALSE","REGULATED","pending","canonical-v1.0.0"
"da671044-b5b7-4984-9f21-2abc11d0ab68","Jant, Lastik & Tekerlek Parçaları","abea6e5c-bff9-4451-847b-1b4827028c9e","3","FALSE","CANONICAL-001104","jant-lastik-tekerlek-parcalar-001104","4","staged","FALSE","NORMAL","pending","canonical-v1.0.0"
"c86c0a12-7073-4259-9029-73dce96579be","Gidon, Sele & Kontrol Parçaları","abea6e5c-bff9-4451-847b-1b4827028c9e","4","FALSE","CANONICAL-001105","gidon-sele-kontrol-parcalar-001105","4","staged","FALSE","NORMAL","pending","canonical-v1.0.0"
"99b00bcd-0252-4985-aaf8-6fb6874a9e6e","Bisiklet Kaskı & Koruyucuları","c31955c3-6471-4d5a-b8ef-bfe56c515abf","3","FALSE","CANONICAL-001106","bisiklet-kask-koruyucular-001106","3","staged","FALSE","REGULATED","pending","canonical-v1.0.0"
"a8d2773c-0d68-4e93-9f29-a9b836a3c6bf","Bisiklet Kilidi & Güvenlik Ürünleri","c31955c3-6471-4d5a-b8ef-bfe56c515abf","4","FALSE","CANONICAL-001107","bisiklet-kilidi-guvenlik-urunleri-001107","3","staged","FALSE","NORMAL","pending","canonical-v1.0.0"
"d37beff2-11e7-4de5-8ba2-7f5d5b65483e","Pompa, Bakım & Sürüş Aksesuarları","c31955c3-6471-4d5a-b8ef-bfe56c515abf","5","FALSE","CANONICAL-001108","pompa-bak-m-surus-aksesuarlar-001108","3","staged","FALSE","NORMAL","pending","canonical-v1.0.0"
"782edf8f-68c4-401a-8bb6-6fd8a2c16e13","Bisiklete Monte Çanta & Taşıyıcılar","c31955c3-6471-4d5a-b8ef-bfe56c515abf","6","FALSE","CANONICAL-001109","bisiklete-monte-canta-tas-y-c-lar-001109","3","staged","FALSE","REGULATED","pending","canonical-v1.0.0"
"b0b23dd2-f6c4-4b1e-af2b-8035672f3579","Su Sporları","7de86dff-38db-41b3-803a-9163af5e55a5","8","FALSE","CANONICAL-001110","su-sporlar-001110","2","staged","FALSE","LEGAL_REVIEW_REQUIRED","pending","canonical-v1.0.0"
"a40cabcb-16a2-4e3e-b4e3-cb18b4d24bf7","Yüzme Ekipmanları","b0b23dd2-f6c4-4b1e-af2b-8035672f3579","1","FALSE","CANONICAL-001111","yuzme-ekipmanlar-001111","3","staged","FALSE","REGULATED","pending","canonical-v1.0.0"
"bff6a795-0972-442f-a851-cfe7449fdd3e","Dalış & Şnorkel Ekipmanları","b0b23dd2-f6c4-4b1e-af2b-8035672f3579","2","FALSE","CANONICAL-001112","dal-s-snorkel-ekipmanlar-001112","3","staged","FALSE","LEGAL_REVIEW_REQUIRED","pending","canonical-v1.0.0"
"5398f880-3406-44fb-90b5-e74dc9b294f0","Sörf & SUP Ekipmanları","b0b23dd2-f6c4-4b1e-af2b-8035672f3579","3","FALSE","CANONICAL-001113","sorf-sup-ekipmanlar-001113","3","staged","FALSE","REGULATED","pending","canonical-v1.0.0"
"c20a11fd-0417-4780-b93f-afabf668cad4","Kano & Kayak Ekipmanları","b0b23dd2-f6c4-4b1e-af2b-8035672f3579","4","FALSE","CANONICAL-001114","kano-kayak-ekipmanlar-001114","3","staged","FALSE","REGULATED","pending","canonical-v1.0.0"
"732aee4f-1cbb-40dd-8272-e67b333e38fd","Can Yeleği & Su Güvenliği Ekipmanları","b0b23dd2-f6c4-4b1e-af2b-8035672f3579","5","FALSE","CANONICAL-001115","can-yelegi-su-guvenligi-ekipmanlar-001115","3","staged","FALSE","REGULATED","pending","canonical-v1.0.0"
"b79254f6-8ed7-496d-8046-fd90d21ae404","Şişme Su Sporu Ürünleri","b0b23dd2-f6c4-4b1e-af2b-8035672f3579","6","FALSE","CANONICAL-001116","sisme-su-sporu-urunleri-001116","3","staged","FALSE","REGULATED","pending","canonical-v1.0.0"
"42490a60-0c8e-4335-99d8-0f1e2a235d2f","Kış Sporları","7de86dff-38db-41b3-803a-9163af5e55a5","9","FALSE","CANONICAL-001117","k-s-sporlar-001117","2","staged","FALSE","REGULATED","pending","canonical-v1.0.0"
"0abed260-9119-499e-9f9a-66fd91cfcd0e","Kayak Ekipmanları","42490a60-0c8e-4335-99d8-0f1e2a235d2f","1","FALSE","CANONICAL-001118","kayak-ekipmanlar-001118","3","staged","FALSE","REGULATED","pending","canonical-v1.0.0"
"2e816bac-34f0-4e80-9caa-b44fcc3bfab9","Snowboard Ekipmanları","42490a60-0c8e-4335-99d8-0f1e2a235d2f","2","FALSE","CANONICAL-001119","snowboard-ekipmanlar-001119","3","staged","FALSE","REGULATED","pending","canonical-v1.0.0"
"2c16b179-ae2e-486a-91ef-cccf23848116","Kızaklar","42490a60-0c8e-4335-99d8-0f1e2a235d2f","3","FALSE","CANONICAL-001120","k-zaklar-001120","3","staged","FALSE","REGULATED","pending","canonical-v1.0.0"
"c7f7b96d-5673-48b2-b93d-573a9f81cba5","Kış Sporu Koruyucuları","42490a60-0c8e-4335-99d8-0f1e2a235d2f","4","FALSE","CANONICAL-001121","k-s-sporu-koruyucular-001121","3","staged","FALSE","REGULATED","pending","canonical-v1.0.0"
"4e2f4734-e01c-47a0-aa0e-b0091085735f","Kış Sporu Aksesuarları","42490a60-0c8e-4335-99d8-0f1e2a235d2f","5","FALSE","CANONICAL-001122","k-s-sporu-aksesuarlar-001122","3","staged","FALSE","REGULATED","pending","canonical-v1.0.0"
"19f60998-49fd-41e2-8925-48e4a127801b","Balıkçılık","7de86dff-38db-41b3-803a-9163af5e55a5","10","FALSE","CANONICAL-001123","bal-kc-l-k-001123","2","staged","FALSE","LEGAL_REVIEW_REQUIRED","pending","canonical-v1.0.0"
"34b7ec3a-8788-40b8-8010-c36dbb0d6fab","Olta Kamışları","19f60998-49fd-41e2-8925-48e4a127801b","1","FALSE","CANONICAL-001124","olta-kam-slar-001124","3","staged","FALSE","NORMAL","pending","canonical-v1.0.0"
"234edf95-18d6-48c4-8809-053a6c24a9a5","Olta Makineleri","19f60998-49fd-41e2-8925-48e4a127801b","2","FALSE","CANONICAL-001125","olta-makineleri-001125","3","staged","FALSE","NORMAL","pending","canonical-v1.0.0"
"9454d43f-600d-446f-be27-badfe1069f6c","Misina, İğne & Bağlantı Takımları","19f60998-49fd-41e2-8925-48e4a127801b","3","FALSE","CANONICAL-001126","misina-igne-baglant-tak-mlar-001126","3","staged","FALSE","LEGAL_REVIEW_REQUIRED","pending","canonical-v1.0.0"
"654f7766-1c74-4d44-a68b-5dbb1a85bc57","Suni Yem & Balıkçılık Yemleri","19f60998-49fd-41e2-8925-48e4a127801b","4","FALSE","CANONICAL-001127","suni-yem-bal-kc-l-k-yemleri-001127","3","staged","FALSE","LEGAL_REVIEW_REQUIRED","pending","canonical-v1.0.0"
"15fbebd2-7211-4152-96ad-8ace7bc46edf","Kepçe, Ağ & Balıkçılık Aksesuarları","19f60998-49fd-41e2-8925-48e4a127801b","5","FALSE","CANONICAL-001128","kepce-ag-bal-kc-l-k-aksesuarlar-001128","3","staged","FALSE","LEGAL_REVIEW_REQUIRED","pending","canonical-v1.0.0"
"af10fe13-9c6a-4fd1-8f48-ddb0119e2301","Balıkçı Kutusu & Taşıma Ürünleri","19f60998-49fd-41e2-8925-48e4a127801b","6","FALSE","CANONICAL-001129","bal-kc-kutusu-tas-ma-urunleri-001129","3","staged","FALSE","NORMAL","pending","canonical-v1.0.0"
"a6dc7c8c-d0ad-4347-b3f8-db4a7a5d5ea7","Kitap","","17","FALSE","CANONICAL-001130","kitap-001130","1","staged","FALSE","NORMAL","not_required","canonical-v1.0.0"
"b7830e3d-8f00-4b3f-8180-ca12c4a6747c","Edebiyat & Kurgu","a6dc7c8c-d0ad-4347-b3f8-db4a7a5d5ea7","1","FALSE","CANONICAL-001131","edebiyat-kurgu-001131","2","staged","FALSE","NORMAL","not_required","canonical-v1.0.0"
"6314b40e-34c7-4581-a351-187926931751","Deneme","b7830e3d-8f00-4b3f-8180-ca12c4a6747c","1","FALSE","CANONICAL-001132","deneme-001132","3","staged","FALSE","NORMAL","not_required","canonical-v1.0.0"
"637393e9-3395-4d2f-95ff-21291052fbab","Öykü","b7830e3d-8f00-4b3f-8180-ca12c4a6747c","2","FALSE","CANONICAL-001133","oyku-001133","3","staged","FALSE","NORMAL","not_required","canonical-v1.0.0"
"8da25361-573a-42e1-adab-76050e101ffc","Roman","b7830e3d-8f00-4b3f-8180-ca12c4a6747c","3","FALSE","CANONICAL-001134","roman-001134","3","staged","FALSE","NORMAL","not_required","canonical-v1.0.0"
"cc76db32-23b9-4cf9-ae8c-2dcf8b4a7d5f","Şiir","b7830e3d-8f00-4b3f-8180-ca12c4a6747c","4","FALSE","CANONICAL-001135","siir-001135","3","staged","FALSE","NORMAL","not_required","canonical-v1.0.0"
"35357f29-78d0-4de8-a673-ab1b1bedf328","Tiyatro Eserleri","b7830e3d-8f00-4b3f-8180-ca12c4a6747c","5","FALSE","CANONICAL-001136","tiyatro-eserleri-001136","3","staged","FALSE","NORMAL","not_required","canonical-v1.0.0"
"cdef243b-a84d-43fa-93ec-37423415cb75","Çocuk & Gençlik Kitapları","a6dc7c8c-d0ad-4347-b3f8-db4a7a5d5ea7","2","FALSE","CANONICAL-001137","cocuk-genclik-kitaplar-001137","2","staged","FALSE","REGULATED","pending","canonical-v1.0.0"
"035d722b-f31b-4f32-a49b-b31971d3691c","Çocuk Edebiyatı","cdef243b-a84d-43fa-93ec-37423415cb75","1","FALSE","CANONICAL-001138","cocuk-edebiyat-001138","3","staged","FALSE","REGULATED","pending","canonical-v1.0.0"
"d625a3a8-d925-48a9-a9c9-9b624f0360c3","Çocuk Etkinlik Kitapları","cdef243b-a84d-43fa-93ec-37423415cb75","2","FALSE","CANONICAL-001139","cocuk-etkinlik-kitaplar-001139","3","staged","FALSE","REGULATED","pending","canonical-v1.0.0"
"bc1f4423-20c6-485b-8164-89dd2c855586","Gençlik Edebiyatı","cdef243b-a84d-43fa-93ec-37423415cb75","3","FALSE","CANONICAL-001140","genclik-edebiyat-001140","3","staged","FALSE","REGULATED","pending","canonical-v1.0.0"
"350d9a2d-2d42-4e3f-9c95-a4e681467805","İlk Okuma Kitapları","cdef243b-a84d-43fa-93ec-37423415cb75","4","FALSE","CANONICAL-001141","ilk-okuma-kitaplar-001141","3","staged","FALSE","REGULATED","pending","canonical-v1.0.0"
"10ebe448-ca87-4198-86f6-5729ae33d057","Okul Öncesi Kitapları","cdef243b-a84d-43fa-93ec-37423415cb75","5","FALSE","CANONICAL-001142","okul-oncesi-kitaplar-001142","3","staged","FALSE","REGULATED","pending","canonical-v1.0.0"
"a9238c84-13fb-458d-b20b-a2876265a669","Eğitim & Ders Kitapları","a6dc7c8c-d0ad-4347-b3f8-db4a7a5d5ea7","3","FALSE","CANONICAL-001143","egitim-ders-kitaplar-001143","2","staged","FALSE","REGULATED","pending","canonical-v1.0.0"
"8d0719e5-e20b-4a94-9674-8a536eeb720e","İlkokul Ders Kitapları","a9238c84-13fb-458d-b20b-a2876265a669","1","FALSE","CANONICAL-001144","ilkokul-ders-kitaplar-001144","3","staged","FALSE","NORMAL","not_required","canonical-v1.0.0"
"f61e250e-d97f-4a8c-8b23-850fe512ce2b","Lise Ders Kitapları","a9238c84-13fb-458d-b20b-a2876265a669","2","FALSE","CANONICAL-001145","lise-ders-kitaplar-001145","3","staged","FALSE","NORMAL","not_required","canonical-v1.0.0"
"3b43d308-2fef-4dad-862b-06d1f53cfae1","Okul Öncesi Eğitim Kitapları","a9238c84-13fb-458d-b20b-a2876265a669","3","FALSE","CANONICAL-001146","okul-oncesi-egitim-kitaplar-001146","3","staged","FALSE","REGULATED","pending","canonical-v1.0.0"
"5f05453c-5f89-4fee-a143-9e5932b8fe08","Ortaokul Ders Kitapları","a9238c84-13fb-458d-b20b-a2876265a669","4","FALSE","CANONICAL-001147","ortaokul-ders-kitaplar-001147","3","staged","FALSE","NORMAL","not_required","canonical-v1.0.0"
"68561f9c-00d9-4c22-b215-77fdf5ac2d45","Öğretmen Kaynak Kitapları","a9238c84-13fb-458d-b20b-a2876265a669","5","FALSE","CANONICAL-001148","ogretmen-kaynak-kitaplar-001148","3","staged","FALSE","NORMAL","not_required","canonical-v1.0.0"
"609dc8d9-7b26-4ae6-b223-b38f03925082","Sınav Hazırlık Kitapları","a6dc7c8c-d0ad-4347-b3f8-db4a7a5d5ea7","4","FALSE","CANONICAL-001149","s-nav-haz-rl-k-kitaplar-001149","2","staged","FALSE","NORMAL","not_required","canonical-v1.0.0"
"120bcb91-85be-4feb-9c41-4713369b74c6","Kamu & Meslek Sınavlarına Hazırlık","609dc8d9-7b26-4ae6-b223-b38f03925082","1","FALSE","CANONICAL-001150","kamu-meslek-s-navlar-na-haz-rl-k-001150","3","staged","FALSE","NORMAL","not_required","canonical-v1.0.0"
"a0fed1eb-f78d-444c-8102-b748d3490c49","Lise Geçiş Sınavlarına Hazırlık","609dc8d9-7b26-4ae6-b223-b38f03925082","2","FALSE","CANONICAL-001151","lise-gecis-s-navlar-na-haz-rl-k-001151","3","staged","FALSE","NORMAL","not_required","canonical-v1.0.0"
"5eba1849-47ba-4488-9a63-5c51199670ef","Okul Sınavlarına Hazırlık","609dc8d9-7b26-4ae6-b223-b38f03925082","3","FALSE","CANONICAL-001152","okul-s-navlar-na-haz-rl-k-001152","3","staged","FALSE","NORMAL","not_required","canonical-v1.0.0"
"25098e99-1ffc-46f2-aec0-c05cc015faaa","Üniversite Giriş Sınavlarına Hazırlık","609dc8d9-7b26-4ae6-b223-b38f03925082","4","FALSE","CANONICAL-001153","universite-giris-s-navlar-na-haz-rl-k-001153","3","staged","FALSE","NORMAL","not_required","canonical-v1.0.0"
"416131aa-63e9-49ac-bc67-99b4661b8761","Yabancı Dil Sınavlarına Hazırlık","609dc8d9-7b26-4ae6-b223-b38f03925082","5","FALSE","CANONICAL-001154","yabanc-dil-s-navlar-na-haz-rl-k-001154","3","staged","FALSE","NORMAL","not_required","canonical-v1.0.0"
"12ee839b-0539-4735-807a-dc30a5cdc506","Akademik & Mesleki Kitaplar","a6dc7c8c-d0ad-4347-b3f8-db4a7a5d5ea7","5","FALSE","CANONICAL-001155","akademik-mesleki-kitaplar-001155","2","staged","FALSE","NORMAL","not_required","canonical-v1.0.0"
"6a709a14-b956-450e-accb-a7220a0a4325","Fen Bilimleri Kitapları","12ee839b-0539-4735-807a-dc30a5cdc506","1","FALSE","CANONICAL-001156","fen-bilimleri-kitaplar-001156","3","staged","FALSE","NORMAL","not_required","canonical-v1.0.0"
"91c30ef7-bdf9-4f2f-b2c2-e28f2dfff7fb","Hukuk Kitapları","12ee839b-0539-4735-807a-dc30a5cdc506","2","FALSE","CANONICAL-001157","hukuk-kitaplar-001157","3","staged","FALSE","NORMAL","not_required","canonical-v1.0.0"
"570d473b-f689-4fc8-b6c1-84ffc55f16f0","İşletme & Ekonomi Kitapları","12ee839b-0539-4735-807a-dc30a5cdc506","3","FALSE","CANONICAL-001158","isletme-ekonomi-kitaplar-001158","3","staged","FALSE","NORMAL","not_required","canonical-v1.0.0"
"0734aa9a-c049-44ca-952c-9aa1e1774fa9","Mühendislik & Teknoloji Kitapları","12ee839b-0539-4735-807a-dc30a5cdc506","4","FALSE","CANONICAL-001159","muhendislik-teknoloji-kitaplar-001159","3","staged","FALSE","NORMAL","not_required","canonical-v1.0.0"
"7826f0ed-47cd-4de2-b4ff-d5518f11c3f1","Sağlık Bilimleri Kitapları","12ee839b-0539-4735-807a-dc30a5cdc506","5","FALSE","CANONICAL-001160","sagl-k-bilimleri-kitaplar-001160","3","staged","FALSE","NORMAL","not_required","canonical-v1.0.0"
"7bcc3b5b-32d7-46df-813f-0aef38301482","Sosyal Bilimler Kitapları","12ee839b-0539-4735-807a-dc30a5cdc506","6","FALSE","CANONICAL-001161","sosyal-bilimler-kitaplar-001161","3","staged","FALSE","NORMAL","not_required","canonical-v1.0.0"
"001789ee-b111-44b7-a546-3715fd073139","Araştırma, İnceleme & Düşünce","a6dc7c8c-d0ad-4347-b3f8-db4a7a5d5ea7","6","FALSE","CANONICAL-001162","arast-rma-inceleme-dusunce-001162","2","staged","FALSE","NORMAL","not_required","canonical-v1.0.0"
"4143f953-7529-4f4c-934a-1e81f1aecac1","Biyografi & Anı","001789ee-b111-44b7-a546-3715fd073139","1","FALSE","CANONICAL-001163","biyografi-an-001163","3","staged","FALSE","NORMAL","not_required","canonical-v1.0.0"
"2f354ce2-2f67-4490-83cd-a933395e057b","Din & Mitoloji","001789ee-b111-44b7-a546-3715fd073139","2","FALSE","CANONICAL-001164","din-mitoloji-001164","3","staged","FALSE","NORMAL","not_required","canonical-v1.0.0"
"a450bb9c-4e77-4472-bc52-9424b74baa8e","Felsefe","001789ee-b111-44b7-a546-3715fd073139","3","FALSE","CANONICAL-001165","felsefe-001165","3","staged","FALSE","NORMAL","not_required","canonical-v1.0.0"
"d04cebe9-2c31-41fc-a74f-5a8752f51844","Popüler Bilim","001789ee-b111-44b7-a546-3715fd073139","4","FALSE","CANONICAL-001166","populer-bilim-001166","3","staged","FALSE","NORMAL","not_required","canonical-v1.0.0"
"2cdb3dff-1dc1-4102-89de-f9b8a4ad7790","Tarih","001789ee-b111-44b7-a546-3715fd073139","5","FALSE","CANONICAL-001167","tarih-001167","3","staged","FALSE","NORMAL","not_required","canonical-v1.0.0"
"aff0b251-b10e-44b1-80db-5b563c104c80","Toplum & Siyaset","001789ee-b111-44b7-a546-3715fd073139","6","FALSE","CANONICAL-001168","toplum-siyaset-001168","3","staged","FALSE","NORMAL","not_required","canonical-v1.0.0"
"d2f6690a-700b-4969-a23d-9d230fbded78","Kişisel Gelişim & Yaşam","a6dc7c8c-d0ad-4347-b3f8-db4a7a5d5ea7","7","FALSE","CANONICAL-001169","kisisel-gelisim-yasam-001169","2","staged","FALSE","REGULATED","pending","canonical-v1.0.0"
"7dab472e-05fe-42bc-aaf9-826dcb259c6e","Aile & İlişkiler","d2f6690a-700b-4969-a23d-9d230fbded78","1","FALSE","CANONICAL-001170","aile-iliskiler-001170","3","staged","FALSE","NORMAL","not_required","canonical-v1.0.0"
"d27b2056-b90e-4ee2-a11e-5c7d3384d54d","Kariyer & İş Yaşamı","d2f6690a-700b-4969-a23d-9d230fbded78","2","FALSE","CANONICAL-001171","kariyer-is-yasam-001171","3","staged","FALSE","NORMAL","not_required","canonical-v1.0.0"
"0abaf792-b12e-4738-9b14-6908ccdca6bf","Kişisel Gelişim","d2f6690a-700b-4969-a23d-9d230fbded78","3","FALSE","CANONICAL-001172","kisisel-gelisim-001172","3","staged","FALSE","NORMAL","not_required","canonical-v1.0.0"
"6dd8ec37-0140-45df-a0a8-fd50b4718579","Psikoloji & İyi Yaşam","d2f6690a-700b-4969-a23d-9d230fbded78","4","FALSE","CANONICAL-001173","psikoloji-iyi-yasam-001173","3","staged","FALSE","REGULATED","pending","canonical-v1.0.0"
"5ff27fa1-78db-4601-b018-a7079358cf08","Sanat, Kültür & Hobi Kitapları","a6dc7c8c-d0ad-4347-b3f8-db4a7a5d5ea7","8","FALSE","CANONICAL-001174","sanat-kultur-hobi-kitaplar-001174","2","staged","FALSE","NORMAL","not_required","canonical-v1.0.0"
"29501ead-b637-44b5-9f71-ee68c61c2e54","El Sanatları & Hobi","5ff27fa1-78db-4601-b018-a7079358cf08","1","FALSE","CANONICAL-001175","el-sanatlar-hobi-001175","3","staged","FALSE","NORMAL","not_required","canonical-v1.0.0"
"36cf6e9d-ee18-4213-859a-8269d2e01137","Fotoğraf","5ff27fa1-78db-4601-b018-a7079358cf08","2","FALSE","CANONICAL-001176","fotograf-001176","3","staged","FALSE","NORMAL","not_required","canonical-v1.0.0"
"b78b31f1-e81e-4a6d-97b9-262c4d9e642c","Gezi","5ff27fa1-78db-4601-b018-a7079358cf08","3","FALSE","CANONICAL-001177","gezi-001177","3","staged","FALSE","NORMAL","not_required","canonical-v1.0.0"
"3ac03b6d-1aaf-40d7-93c8-dedf7981cb32","Görsel Sanatlar","5ff27fa1-78db-4601-b018-a7079358cf08","4","FALSE","CANONICAL-001178","gorsel-sanatlar-001178","3","staged","FALSE","NORMAL","not_required","canonical-v1.0.0"
"e185c19b-ac64-4719-bce3-d9f9b9467b20","Müzik","5ff27fa1-78db-4601-b018-a7079358cf08","5","FALSE","CANONICAL-001179","muzik-001179","3","staged","FALSE","NORMAL","not_required","canonical-v1.0.0"
"95b99a36-f5aa-45b5-be52-69213fd02f11","Sinema & Tiyatro","5ff27fa1-78db-4601-b018-a7079358cf08","6","FALSE","CANONICAL-001180","sinema-tiyatro-001180","3","staged","FALSE","NORMAL","not_required","canonical-v1.0.0"
"2da6b541-0092-4d7a-ba21-8ff95548249d","Yemek & Mutfak","5ff27fa1-78db-4601-b018-a7079358cf08","7","FALSE","CANONICAL-001181","yemek-mutfak-001181","3","staged","FALSE","NORMAL","not_required","canonical-v1.0.0"
"730ec7a7-a572-4722-bdc1-d0c21691cb92","Çizgi Roman & Manga","a6dc7c8c-d0ad-4347-b3f8-db4a7a5d5ea7","9","FALSE","CANONICAL-001182","cizgi-roman-manga-001182","2","staged","FALSE","NORMAL","not_required","canonical-v1.0.0"
"05ee0ee3-bb67-4c95-a61e-95b0cd58f101","Çizgi Roman","730ec7a7-a572-4722-bdc1-d0c21691cb92","1","FALSE","CANONICAL-001183","cizgi-roman-001183","3","staged","FALSE","NORMAL","not_required","canonical-v1.0.0"
"68e47016-307d-4dcd-9515-c1488ec2f32a","Grafik Roman","730ec7a7-a572-4722-bdc1-d0c21691cb92","2","FALSE","CANONICAL-001184","grafik-roman-001184","3","staged","FALSE","NORMAL","not_required","canonical-v1.0.0"
"82a3d70a-3518-4b74-a6db-0b62490d872b","Manga","730ec7a7-a572-4722-bdc1-d0c21691cb92","3","FALSE","CANONICAL-001185","manga-001185","3","staged","FALSE","NORMAL","not_required","canonical-v1.0.0"
"cf2d4d4b-6da1-4a88-865d-494eaf583aef","Dil Öğrenimi & Sözlükler","a6dc7c8c-d0ad-4347-b3f8-db4a7a5d5ea7","10","FALSE","CANONICAL-001186","dil-ogrenimi-sozlukler-001186","2","staged","FALSE","NORMAL","not_required","canonical-v1.0.0"
"b9529476-1e9e-4113-bb62-348932a1f206","Dil Bilgisi & Yazım Kaynakları","cf2d4d4b-6da1-4a88-865d-494eaf583aef","1","FALSE","CANONICAL-001187","dil-bilgisi-yaz-m-kaynaklar-001187","3","staged","FALSE","NORMAL","not_required","canonical-v1.0.0"
"f8815f4f-94dc-4387-bb45-12ad02209e11","Dil Öğrenim Kitapları","cf2d4d4b-6da1-4a88-865d-494eaf583aef","2","FALSE","CANONICAL-001188","dil-ogrenim-kitaplar-001188","3","staged","FALSE","NORMAL","not_required","canonical-v1.0.0"
"cf475dfc-b9e5-4d48-b725-1f18c774394a","Konuşma Kılavuzları","cf2d4d4b-6da1-4a88-865d-494eaf583aef","3","FALSE","CANONICAL-001189","konusma-k-lavuzlar-001189","3","staged","FALSE","NORMAL","not_required","canonical-v1.0.0"
"254da393-2d21-42b6-a0c5-f66c920d47ee","Sözlükler","cf2d4d4b-6da1-4a88-865d-494eaf583aef","4","FALSE","CANONICAL-001190","sozlukler-001190","3","staged","FALSE","NORMAL","not_required","canonical-v1.0.0"
"b4a582c3-9e08-446f-a15c-6ee06316b14d","Kırtasiye & Ofis","","18","FALSE","CANONICAL-001191","k-rtasiye-ofis-001191","1","staged","FALSE","NORMAL","not_required","canonical-v1.0.0"
"50bd4e0f-74c0-4780-8481-74ad3c0163e5","Kalem & Yazım Gereçleri","b4a582c3-9e08-446f-a15c-6ee06316b14d","1","FALSE","CANONICAL-001192","kalem-yaz-m-gerecleri-001192","2","staged","FALSE","REGULATED","pending","canonical-v1.0.0"
"744f314b-ccae-41ba-9737-f48318356f52","Dolma Kalemler","50bd4e0f-74c0-4780-8481-74ad3c0163e5","1","FALSE","CANONICAL-001193","dolma-kalemler-001193","3","staged","FALSE","NORMAL","not_required","canonical-v1.0.0"
"dc64d467-b961-45e9-8322-2b88bd168c14","Kalem Ucu & Mürekkep","50bd4e0f-74c0-4780-8481-74ad3c0163e5","2","FALSE","CANONICAL-001194","kalem-ucu-murekkep-001194","3","staged","FALSE","REGULATED","pending","canonical-v1.0.0"
"74a855c1-d2c9-4f0d-b451-f9fd98d98a8e","Kurşun & Versatil Kalemler","50bd4e0f-74c0-4780-8481-74ad3c0163e5","3","FALSE","CANONICAL-001195","kursun-versatil-kalemler-001195","3","staged","FALSE","NORMAL","not_required","canonical-v1.0.0"
"99eb94af-477c-489b-8296-a86adc37a976","Marker & Fosforlu Kalemler","50bd4e0f-74c0-4780-8481-74ad3c0163e5","4","FALSE","CANONICAL-001196","marker-fosforlu-kalemler-001196","3","staged","FALSE","REGULATED","pending","canonical-v1.0.0"
"f745144f-2b5a-423c-9493-7cc84476d4dd","Silgi & Düzeltme Gereçleri","50bd4e0f-74c0-4780-8481-74ad3c0163e5","5","FALSE","CANONICAL-001197","silgi-duzeltme-gerecleri-001197","3","staged","FALSE","REGULATED","pending","canonical-v1.0.0"
"1492b2ab-1147-4255-b6ee-4900f3af333a","Tükenmez & Roller Kalemler","50bd4e0f-74c0-4780-8481-74ad3c0163e5","6","FALSE","CANONICAL-001198","tukenmez-roller-kalemler-001198","3","staged","FALSE","NORMAL","not_required","canonical-v1.0.0"
"c6890eca-1253-4ef5-852d-22c98607a544","Defter, Ajanda & Planlayıcılar","b4a582c3-9e08-446f-a15c-6ee06316b14d","2","FALSE","CANONICAL-001199","defter-ajanda-planlay-c-lar-001199","2","staged","FALSE","NORMAL","not_required","canonical-v1.0.0"
"f6479f41-2d24-43de-9db0-2933f8a0dd73","Ajandalar","c6890eca-1253-4ef5-852d-22c98607a544","1","FALSE","CANONICAL-001200","ajandalar-001200","3","staged","FALSE","NORMAL","not_required","canonical-v1.0.0"
"48305568-afae-47dd-bb55-dd681f19559a","Bloknotlar","c6890eca-1253-4ef5-852d-22c98607a544","2","FALSE","CANONICAL-001201","bloknotlar-001201","3","staged","FALSE","NORMAL","not_required","canonical-v1.0.0"
"b25a9b03-afec-4b95-a372-3b8437579829","Defterler","c6890eca-1253-4ef5-852d-22c98607a544","3","FALSE","CANONICAL-001202","defterler-001202","3","staged","FALSE","NORMAL","not_required","canonical-v1.0.0"
"6ee42d5a-75ca-4fd9-809f-cf5da4008504","Günlükler","c6890eca-1253-4ef5-852d-22c98607a544","4","FALSE","CANONICAL-001203","gunlukler-001203","3","staged","FALSE","NORMAL","not_required","canonical-v1.0.0"
"bc9408a4-1648-43f8-b919-3f2574d4bb3a","Planlayıcılar","c6890eca-1253-4ef5-852d-22c98607a544","5","FALSE","CANONICAL-001204","planlay-c-lar-001204","3","staged","FALSE","NORMAL","not_required","canonical-v1.0.0"
"8bf4b0d2-6ce9-425b-8c86-b503f46de4f3","Kağıt, Etiket & Baskı Sarfı","b4a582c3-9e08-446f-a15c-6ee06316b14d","3","FALSE","CANONICAL-001205","kag-t-etiket-bask-sarf-001205","2","staged","FALSE","NORMAL","not_required","canonical-v1.0.0"
"bf641bc7-1325-4a06-92ae-f99244b1f5d8","Çizim & Fotoğraf Kağıtları","8bf4b0d2-6ce9-425b-8c86-b503f46de4f3","1","FALSE","CANONICAL-001206","cizim-fotograf-kag-tlar-001206","3","staged","FALSE","NORMAL","not_required","canonical-v1.0.0"
"4ef69b3a-d6f9-4726-af19-cefe11a2edba","Etiket & Sticker Kağıtları","8bf4b0d2-6ce9-425b-8c86-b503f46de4f3","2","FALSE","CANONICAL-001207","etiket-sticker-kag-tlar-001207","3","staged","FALSE","NORMAL","not_required","canonical-v1.0.0"
"8d968ee1-3518-47ae-aad9-d9ebaf4b7fce","Fotokopi & Yazıcı Kağıtları","8bf4b0d2-6ce9-425b-8c86-b503f46de4f3","3","FALSE","CANONICAL-001208","fotokopi-yaz-c-kag-tlar-001208","3","staged","FALSE","NORMAL","not_required","canonical-v1.0.0"
"41127be8-39e2-4d87-b92d-c0a6cdad1c63","Karton & Fon Kağıtları","8bf4b0d2-6ce9-425b-8c86-b503f46de4f3","4","FALSE","CANONICAL-001209","karton-fon-kag-tlar-001209","3","staged","FALSE","NORMAL","not_required","canonical-v1.0.0"
"33cd2bfb-27d2-4af1-9b06-c82f381ebf65","Termal & Plotter Ruloları","8bf4b0d2-6ce9-425b-8c86-b503f46de4f3","5","FALSE","CANONICAL-001210","termal-plotter-rulolar-001210","3","staged","FALSE","NORMAL","not_required","canonical-v1.0.0"
"d6ed6600-c7f9-407c-b832-f1460770e40e","Zarflar","8bf4b0d2-6ce9-425b-8c86-b503f46de4f3","6","FALSE","CANONICAL-001211","zarflar-001211","3","staged","FALSE","NORMAL","not_required","canonical-v1.0.0"
"bfbd5c92-b01c-43c3-b520-f2012186b604","Dosyalama & Arşivleme","b4a582c3-9e08-446f-a15c-6ee06316b14d","4","FALSE","CANONICAL-001212","dosyalama-arsivleme-001212","2","staged","FALSE","NORMAL","not_required","canonical-v1.0.0"
"eb50d6b2-4c67-4190-b1c6-4fe21e9ff1fd","Arşiv Kutuları","bfbd5c92-b01c-43c3-b520-f2012186b604","1","FALSE","CANONICAL-001213","arsiv-kutular-001213","3","staged","FALSE","NORMAL","not_required","canonical-v1.0.0"
"8be76252-a4a3-4b9a-9789-68f406cc34ad","Dosyalar","bfbd5c92-b01c-43c3-b520-f2012186b604","2","FALSE","CANONICAL-001214","dosyalar-001214","3","staged","FALSE","NORMAL","not_required","canonical-v1.0.0"
"1e1ba919-d658-4115-beab-9b424a64a2ad","Evrak Rafları & Kutuları","bfbd5c92-b01c-43c3-b520-f2012186b604","3","FALSE","CANONICAL-001215","evrak-raflar-kutular-001215","3","staged","FALSE","NORMAL","not_required","canonical-v1.0.0"
"19ea63ea-4456-4ca9-ad14-e359be403c73","Klasörler","bfbd5c92-b01c-43c3-b520-f2012186b604","4","FALSE","CANONICAL-001216","klasorler-001216","3","staged","FALSE","NORMAL","not_required","canonical-v1.0.0"
"1525f06e-d1fc-4863-a673-ff6ef833d2be","Separatör & İndeksler","bfbd5c92-b01c-43c3-b520-f2012186b604","5","FALSE","CANONICAL-001217","separator-indeksler-001217","3","staged","FALSE","NORMAL","not_required","canonical-v1.0.0"
"9ebe70d5-08f5-4624-98f4-7c5ffec3617e","Masaüstü Ofis Gereçleri","b4a582c3-9e08-446f-a15c-6ee06316b14d","5","FALSE","CANONICAL-001218","masaustu-ofis-gerecleri-001218","2","staged","FALSE","REGULATED","pending","canonical-v1.0.0"
"860a2a99-b7f9-48c3-a37b-643779ed1ba6","Ataş, Klips & Raptiyeler","9ebe70d5-08f5-4624-98f4-7c5ffec3617e","1","FALSE","CANONICAL-001219","atas-klips-raptiyeler-001219","3","staged","FALSE","REGULATED","pending","canonical-v1.0.0"
"952ee49c-abbe-4892-bad9-49f94ebd46a6","Cetvel & Ölçüm Gereçleri","9ebe70d5-08f5-4624-98f4-7c5ffec3617e","2","FALSE","CANONICAL-001220","cetvel-olcum-gerecleri-001220","3","staged","FALSE","NORMAL","not_required","canonical-v1.0.0"
"b495308c-e9aa-44aa-8685-f72b078b4bfb","Kaşe & Tarih Damgaları","9ebe70d5-08f5-4624-98f4-7c5ffec3617e","3","FALSE","CANONICAL-001221","kase-tarih-damgalar-001221","3","staged","FALSE","NORMAL","not_required","canonical-v1.0.0"
"da78c373-0bfa-4893-b3f8-a98596a0f299","Masaüstü Düzenleyiciler","9ebe70d5-08f5-4624-98f4-7c5ffec3617e","4","FALSE","CANONICAL-001222","masaustu-duzenleyiciler-001222","3","staged","FALSE","NORMAL","not_required","canonical-v1.0.0"
"df38ae24-aa85-47b0-9d3d-e7a94cd7d9d3","Zımba & Delgeçler","9ebe70d5-08f5-4624-98f4-7c5ffec3617e","5","FALSE","CANONICAL-001223","z-mba-delgecler-001223","3","staged","FALSE","NORMAL","not_required","canonical-v1.0.0"
"1a77d27a-5416-47dd-a505-f53ed3591459","Yapıştırıcı, Bant & Kesim Gereçleri","b4a582c3-9e08-446f-a15c-6ee06316b14d","6","FALSE","CANONICAL-001224","yap-st-r-c-bant-kesim-gerecleri-001224","2","staged","FALSE","LEGAL_REVIEW_REQUIRED","pending","canonical-v1.0.0"
"73f19e8d-fd9f-49e2-9341-13913f5de290","Bant Kesiciler","1a77d27a-5416-47dd-a505-f53ed3591459","1","FALSE","CANONICAL-001225","bant-kesiciler-001225","3","staged","FALSE","REGULATED","pending","canonical-v1.0.0"
"86e805ca-4673-451a-9bec-8f35105256a7","Kesim Matları","1a77d27a-5416-47dd-a505-f53ed3591459","2","FALSE","CANONICAL-001226","kesim-matlar-001226","3","staged","FALSE","NORMAL","not_required","canonical-v1.0.0"
"8281a467-8ba0-429a-b601-b766c0ea1f44","Makaslar","1a77d27a-5416-47dd-a505-f53ed3591459","3","FALSE","CANONICAL-001227","makaslar-001227","3","staged","FALSE","REGULATED","pending","canonical-v1.0.0"
"c8249606-126c-4de0-9334-2be5f3217987","Maket Bıçakları","1a77d27a-5416-47dd-a505-f53ed3591459","4","FALSE","CANONICAL-001228","maket-b-caklar-001228","3","staged","FALSE","LEGAL_REVIEW_REQUIRED","pending","canonical-v1.0.0"
"beb41e43-1778-467a-a5d0-a5a8842a247d","Ofis & Kırtasiye Bantları","1a77d27a-5416-47dd-a505-f53ed3591459","5","FALSE","CANONICAL-001229","ofis-k-rtasiye-bantlar-001229","3","staged","FALSE","NORMAL","not_required","canonical-v1.0.0"
"d3967eef-3633-4e2f-8bfc-b330dd047dbd","Yapıştırıcılar","1a77d27a-5416-47dd-a505-f53ed3591459","6","FALSE","CANONICAL-001230","yap-st-r-c-lar-001230","3","staged","FALSE","LEGAL_REVIEW_REQUIRED","pending","canonical-v1.0.0"
"0c3aae60-4726-4241-8b30-9f390120baa8","Okul Kırtasiyesi & Eğitim Gereçleri","b4a582c3-9e08-446f-a15c-6ee06316b14d","7","FALSE","CANONICAL-001231","okul-k-rtasiyesi-egitim-gerecleri-001231","2","staged","FALSE","REGULATED","pending","canonical-v1.0.0"
"c4c061c7-6cd4-4f12-a995-0efe109623b0","Eğitim Kartları & Öğrenme Gereçleri","0c3aae60-4726-4241-8b30-9f390120baa8","1","FALSE","CANONICAL-001232","egitim-kartlar-ogrenme-gerecleri-001232","3","staged","FALSE","REGULATED","pending","canonical-v1.0.0"
"b4651894-0307-42c7-b1ea-6ff31b2c3b75","Geometri Setleri","0c3aae60-4726-4241-8b30-9f390120baa8","2","FALSE","CANONICAL-001233","geometri-setleri-001233","3","staged","FALSE","REGULATED","pending","canonical-v1.0.0"
"9800a0e5-7a43-4562-b0e9-f4bcd06f7664","Kalem Kutuları","0c3aae60-4726-4241-8b30-9f390120baa8","3","FALSE","CANONICAL-001234","kalem-kutular-001234","3","staged","FALSE","NORMAL","not_required","canonical-v1.0.0"
"23e4993a-60f6-4e12-a439-3b525841172d","Küre & Eğitim Haritaları","0c3aae60-4726-4241-8b30-9f390120baa8","4","FALSE","CANONICAL-001235","kure-egitim-haritalar-001235","3","staged","FALSE","NORMAL","not_required","canonical-v1.0.0"
"60298e1c-375c-4d8d-97fd-29742e5f8de7","Sayı Sayma & Matematik Gereçleri","0c3aae60-4726-4241-8b30-9f390120baa8","5","FALSE","CANONICAL-001236","say-sayma-matematik-gerecleri-001236","3","staged","FALSE","REGULATED","pending","canonical-v1.0.0"
"9c109dc2-243a-4807-9f95-d41c716653c1","Sanat & Çizim Malzemeleri","b4a582c3-9e08-446f-a15c-6ee06316b14d","8","FALSE","CANONICAL-001237","sanat-cizim-malzemeleri-001237","2","staged","FALSE","LEGAL_REVIEW_REQUIRED","pending","canonical-v1.0.0"
"9dbe4d20-051a-4d2c-8e7c-4493b7b9f745","Boyalar","9c109dc2-243a-4807-9f95-d41c716653c1","1","FALSE","CANONICAL-001238","boyalar-001238","3","staged","FALSE","LEGAL_REVIEW_REQUIRED","pending","canonical-v1.0.0"
"46266408-a2e4-499f-ae5d-80b5d137cbb7","Akrilik & Yağlı Boyalar","9dbe4d20-051a-4d2c-8e7c-4493b7b9f745","1","FALSE","CANONICAL-001239","akrilik-yagl-boyalar-001239","4","staged","FALSE","LEGAL_REVIEW_REQUIRED","pending","canonical-v1.0.0"
"86af10e3-4940-4363-a8a4-769192d7bf02","Sulu & Guaj Boyalar","9dbe4d20-051a-4d2c-8e7c-4493b7b9f745","2","FALSE","CANONICAL-001240","sulu-guaj-boyalar-001240","4","staged","FALSE","REGULATED","pending","canonical-v1.0.0"
"0283fc63-d6d0-4a7c-9373-0918fab2899a","Fırçalar","9c109dc2-243a-4807-9f95-d41c716653c1","2","FALSE","CANONICAL-001241","f-rcalar-001241","3","staged","FALSE","NORMAL","not_required","canonical-v1.0.0"
"b2786a3d-2e9b-47ce-ad20-ffe42e111156","Medium & Sanat Yardımcıları","9c109dc2-243a-4807-9f95-d41c716653c1","3","FALSE","CANONICAL-001242","medium-sanat-yard-mc-lar-001242","3","staged","FALSE","LEGAL_REVIEW_REQUIRED","pending","canonical-v1.0.0"
"e3cffe00-2225-4607-a975-ee45db00fec0","Modelleme & Seramik Hamurları","9c109dc2-243a-4807-9f95-d41c716653c1","4","FALSE","CANONICAL-001243","modelleme-seramik-hamurlar-001243","3","staged","FALSE","REGULATED","pending","canonical-v1.0.0"
"8eb8f1d4-a787-4af2-ad78-7ae0c86209d8","Pastel & Karakalem Malzemeleri","9c109dc2-243a-4807-9f95-d41c716653c1","5","FALSE","CANONICAL-001244","pastel-karakalem-malzemeleri-001244","3","staged","FALSE","REGULATED","pending","canonical-v1.0.0"
"04db40ea-ce8c-45f3-9723-ae2c5b419853","Tuval & Çizim Yüzeyleri","9c109dc2-243a-4807-9f95-d41c716653c1","6","FALSE","CANONICAL-001245","tuval-cizim-yuzeyleri-001245","3","staged","FALSE","NORMAL","not_required","canonical-v1.0.0"
"c22240fb-4a9e-41fd-b4c7-bb7f72953b10","Sunum, Pano & Yazı Tahtası Ürünleri","b4a582c3-9e08-446f-a15c-6ee06316b14d","9","FALSE","CANONICAL-001246","sunum-pano-yaz-tahtas-urunleri-001246","2","staged","FALSE","NORMAL","not_required","canonical-v1.0.0"
"355c0b08-9f03-41cf-b729-c2c7f1f124ff","Flipchart & Sunum Şövaleleri","c22240fb-4a9e-41fd-b4c7-bb7f72953b10","1","FALSE","CANONICAL-001247","flipchart-sunum-sovaleleri-001247","3","staged","FALSE","NORMAL","not_required","canonical-v1.0.0"
"d95b2984-d7a0-481b-b9b7-3cf581031ce1","Mantar & İlan Panoları","c22240fb-4a9e-41fd-b4c7-bb7f72953b10","2","FALSE","CANONICAL-001248","mantar-ilan-panolar-001248","3","staged","FALSE","NORMAL","not_required","canonical-v1.0.0"
"f600a4c6-ead1-4f7f-9473-03c55ab79765","Tahta Silgisi & Aksesuarları","c22240fb-4a9e-41fd-b4c7-bb7f72953b10","3","FALSE","CANONICAL-001249","tahta-silgisi-aksesuarlar-001249","3","staged","FALSE","NORMAL","not_required","canonical-v1.0.0"
"23e27aae-9fbb-4328-9655-6f899fde14c1","Yazı Tahtaları","c22240fb-4a9e-41fd-b4c7-bb7f72953b10","4","FALSE","CANONICAL-001250","yaz-tahtalar-001250","3","staged","FALSE","NORMAL","not_required","canonical-v1.0.0"
"0ae82360-4421-4cd1-b6e0-4e28bf23b9e4","Ofis Makineleri & Ciltleme Ekipmanları","b4a582c3-9e08-446f-a15c-6ee06316b14d","10","FALSE","CANONICAL-001251","ofis-makineleri-ciltleme-ekipmanlar-001251","2","staged","FALSE","LEGAL_REVIEW_REQUIRED","pending","canonical-v1.0.0"
"d8689088-705c-49dd-972d-0684d5d054b7","Ciltleme Makineleri & Sarfı","0ae82360-4421-4cd1-b6e0-4e28bf23b9e4","1","FALSE","CANONICAL-001252","ciltleme-makineleri-sarf-001252","3","staged","FALSE","REGULATED","pending","canonical-v1.0.0"
"bbe52d65-7443-4c5c-9e2f-8637bf03c4d3","Etiketleme Makineleri","0ae82360-4421-4cd1-b6e0-4e28bf23b9e4","2","FALSE","CANONICAL-001253","etiketleme-makineleri-001253","3","staged","FALSE","REGULATED","pending","canonical-v1.0.0"
"2ee06cbb-412c-4c6d-8219-314746c52343","Evrak İmha Makineleri","0ae82360-4421-4cd1-b6e0-4e28bf23b9e4","3","FALSE","CANONICAL-001254","evrak-imha-makineleri-001254","3","staged","FALSE","REGULATED","pending","canonical-v1.0.0"
"920cf4d6-c226-4e04-a758-d575da26f71a","Hesap Makineleri","0ae82360-4421-4cd1-b6e0-4e28bf23b9e4","4","FALSE","CANONICAL-001255","hesap-makineleri-001255","3","staged","FALSE","REGULATED","pending","canonical-v1.0.0"
"395a730d-c7dd-46ae-94b9-2ea4c9d9169b","Laminasyon Makineleri","0ae82360-4421-4cd1-b6e0-4e28bf23b9e4","5","FALSE","CANONICAL-001256","laminasyon-makineleri-001256","3","staged","FALSE","REGULATED","pending","canonical-v1.0.0"
"52424990-2815-4117-85b5-14b215e796e7","Para Sayma & Kontrol Makineleri","0ae82360-4421-4cd1-b6e0-4e28bf23b9e4","6","FALSE","CANONICAL-001257","para-sayma-kontrol-makineleri-001257","3","staged","FALSE","LEGAL_REVIEW_REQUIRED","pending","canonical-v1.0.0"
"2683aeb7-41aa-463b-b855-c41104ff427a","Paketleme & Postalama Ürünleri","b4a582c3-9e08-446f-a15c-6ee06316b14d","11","FALSE","CANONICAL-001258","paketleme-postalama-urunleri-001258","2","staged","FALSE","REGULATED","pending","canonical-v1.0.0"
"08e3ba01-0093-4d19-916f-5757c9147724","Kargo & Postalama Kutuları","2683aeb7-41aa-463b-b855-c41104ff427a","1","FALSE","CANONICAL-001259","kargo-postalama-kutular-001259","3","staged","FALSE","NORMAL","not_required","canonical-v1.0.0"
"5b5dda10-6cba-44b4-9eea-620352f16d65","Koruyucu Dolgu & Balonlu Ambalaj","2683aeb7-41aa-463b-b855-c41104ff427a","2","FALSE","CANONICAL-001260","koruyucu-dolgu-balonlu-ambalaj-001260","3","staged","FALSE","NORMAL","not_required","canonical-v1.0.0"
"dfca1923-7a26-4541-9897-9144177b1af0","Paketleme Bantları","2683aeb7-41aa-463b-b855-c41104ff427a","3","FALSE","CANONICAL-001261","paketleme-bantlar-001261","3","staged","FALSE","NORMAL","not_required","canonical-v1.0.0"
"2a4fb442-7955-4813-9bae-64baf66123a3","Paketleme İpi & Çemberleme Ürünleri","2683aeb7-41aa-463b-b855-c41104ff427a","4","FALSE","CANONICAL-001262","paketleme-ipi-cemberleme-urunleri-001262","3","staged","FALSE","REGULATED","pending","canonical-v1.0.0"
"d6f82b15-a22b-4272-b693-15efa8aad8c8","Postalama Poşetleri","2683aeb7-41aa-463b-b855-c41104ff427a","5","FALSE","CANONICAL-001263","postalama-posetleri-001263","3","staged","FALSE","NORMAL","not_required","canonical-v1.0.0"
"b5c2618f-4c71-42d5-aa80-d443377ee469","Evcil Hayvan Ürünleri","","19","FALSE","CANONICAL-001264","evcil-hayvan-urunleri-001264","1","staged","FALSE","NORMAL","not_required","canonical-v1.0.0"
"b815f133-b652-4748-aa96-b46c6c9ed987","Kedi Ürünleri","b5c2618f-4c71-42d5-aa80-d443377ee469","1","FALSE","CANONICAL-001265","kedi-urunleri-001265","2","staged","FALSE","LEGAL_REVIEW_REQUIRED","pending","canonical-v1.0.0"
"8c82c97a-30ab-4d28-bacb-a633bf143096","Kedi Bakım & Hijyen Ürünleri","b815f133-b652-4748-aa96-b46c6c9ed987","1","FALSE","CANONICAL-001266","kedi-bak-m-hijyen-urunleri-001266","3","staged","FALSE","LEGAL_REVIEW_REQUIRED","pending","canonical-v1.0.0"
"65198d02-a5b9-410a-9993-a47609f3ed01","Kedi Kumu & Tuvalet Ürünleri","b815f133-b652-4748-aa96-b46c6c9ed987","2","FALSE","CANONICAL-001267","kedi-kumu-tuvalet-urunleri-001267","3","staged","FALSE","REGULATED","pending","canonical-v1.0.0"
"75bae228-a633-49e5-9407-cd44b20a5d7d","Kedi Mamaları","b815f133-b652-4748-aa96-b46c6c9ed987","3","FALSE","CANONICAL-001268","kedi-mamalar-001268","3","staged","FALSE","LEGAL_REVIEW_REQUIRED","pending","canonical-v1.0.0"
"d0c7b7df-4255-44f5-bf13-12b6f3a7be21","Kedi Oyuncakları","b815f133-b652-4748-aa96-b46c6c9ed987","4","FALSE","CANONICAL-001269","kedi-oyuncaklar-001269","3","staged","FALSE","REGULATED","pending","canonical-v1.0.0"
"16c57e4f-b1f8-4562-8a3b-bf474ea0a77a","Kedi Ödülleri","b815f133-b652-4748-aa96-b46c6c9ed987","5","FALSE","CANONICAL-001270","kedi-odulleri-001270","3","staged","FALSE","LEGAL_REVIEW_REQUIRED","pending","canonical-v1.0.0"
"51cf3c42-46a9-456d-84a8-bd363f06cdf5","Kedi Tasma & Güvenlik Ürünleri","b815f133-b652-4748-aa96-b46c6c9ed987","6","FALSE","CANONICAL-001271","kedi-tasma-guvenlik-urunleri-001271","3","staged","FALSE","REGULATED","pending","canonical-v1.0.0"
"da1a7d81-0909-4779-82a3-57d8cfd3cfdf","Kedi Yatak & Taşıma Ürünleri","b815f133-b652-4748-aa96-b46c6c9ed987","7","FALSE","CANONICAL-001272","kedi-yatak-tas-ma-urunleri-001272","3","staged","FALSE","NORMAL","not_required","canonical-v1.0.0"
"96c643c3-637c-4c60-adb2-32ed620d45b1","Tırmalama & Kedi Yaşam Alanları","b815f133-b652-4748-aa96-b46c6c9ed987","8","FALSE","CANONICAL-001273","t-rmalama-kedi-yasam-alanlar-001273","3","staged","FALSE","NORMAL","not_required","canonical-v1.0.0"
"69d3453c-fc16-40d0-98fc-6190e26d4bb5","Köpek Ürünleri","b5c2618f-4c71-42d5-aa80-d443377ee469","2","FALSE","CANONICAL-001274","kopek-urunleri-001274","2","staged","FALSE","LEGAL_REVIEW_REQUIRED","pending","canonical-v1.0.0"
"49608d15-5a51-4f56-8eab-bc363b057af6","Köpek Bakım & Hijyen Ürünleri","69d3453c-fc16-40d0-98fc-6190e26d4bb5","1","FALSE","CANONICAL-001275","kopek-bak-m-hijyen-urunleri-001275","3","staged","FALSE","LEGAL_REVIEW_REQUIRED","pending","canonical-v1.0.0"
"d5628fb6-f148-447f-baf5-53d7fcdedade","Köpek Eğitim Aksesuarları","69d3453c-fc16-40d0-98fc-6190e26d4bb5","2","FALSE","CANONICAL-001276","kopek-egitim-aksesuarlar-001276","3","staged","FALSE","LEGAL_REVIEW_REQUIRED","pending","canonical-v1.0.0"
"d38f40f4-ba5f-405d-8fc3-a65e549ef16e","Köpek Mamaları","69d3453c-fc16-40d0-98fc-6190e26d4bb5","3","FALSE","CANONICAL-001277","kopek-mamalar-001277","3","staged","FALSE","LEGAL_REVIEW_REQUIRED","pending","canonical-v1.0.0"
"f0eda3f3-7502-4a57-81b4-b1841acfc43f","Köpek Oyuncak & Aktivite Ürünleri","69d3453c-fc16-40d0-98fc-6190e26d4bb5","4","FALSE","CANONICAL-001278","kopek-oyuncak-aktivite-urunleri-001278","3","staged","FALSE","REGULATED","pending","canonical-v1.0.0"
"2803f64c-98d8-41f7-b474-787e50f7ea9e","Köpek Ödül & Çiğneme Ürünleri","69d3453c-fc16-40d0-98fc-6190e26d4bb5","5","FALSE","CANONICAL-001279","kopek-odul-cigneme-urunleri-001279","3","staged","FALSE","LEGAL_REVIEW_REQUIRED","pending","canonical-v1.0.0"
"601bbdd3-9f82-414d-b016-061ffc12586d","Köpek Tasma & Gezdirme Ürünleri","69d3453c-fc16-40d0-98fc-6190e26d4bb5","6","FALSE","CANONICAL-001280","kopek-tasma-gezdirme-urunleri-001280","3","staged","FALSE","REGULATED","pending","canonical-v1.0.0"
"5acc0d02-7ae1-4b74-bf18-5ce1db88c4b8","Köpek Yatak & Taşıma Ürünleri","69d3453c-fc16-40d0-98fc-6190e26d4bb5","7","FALSE","CANONICAL-001281","kopek-yatak-tas-ma-urunleri-001281","3","staged","FALSE","NORMAL","not_required","canonical-v1.0.0"
"70bbb663-f490-4f11-bf62-f8c1c36dad22","Akvaryum & Balık Ürünleri","b5c2618f-4c71-42d5-aa80-d443377ee469","3","FALSE","CANONICAL-001282","akvaryum-bal-k-urunleri-001282","2","staged","FALSE","LEGAL_REVIEW_REQUIRED","pending","canonical-v1.0.0"
"f8fc0190-79af-4390-af00-8234772fd2b3","Akvaryum Dekoru & Substratı","70bbb663-f490-4f11-bf62-f8c1c36dad22","1","FALSE","CANONICAL-001283","akvaryum-dekoru-substrat-001283","3","staged","FALSE","NORMAL","not_required","canonical-v1.0.0"
"244ea995-c3a0-4742-80d8-b53cad60580f","Akvaryum Isıtma & Aydınlatma","70bbb663-f490-4f11-bf62-f8c1c36dad22","2","FALSE","CANONICAL-001284","akvaryum-is-tma-ayd-nlatma-001284","3","staged","FALSE","REGULATED","pending","canonical-v1.0.0"
"1ff61bb1-97b5-46b9-936e-46236cc4637a","Akvaryum Su Bakım Ürünleri","70bbb663-f490-4f11-bf62-f8c1c36dad22","3","FALSE","CANONICAL-001285","akvaryum-su-bak-m-urunleri-001285","3","staged","FALSE","LEGAL_REVIEW_REQUIRED","pending","canonical-v1.0.0"
"49293e6f-4ff9-4190-a7ae-89ef1bfd0a58","Akvaryum Temizlik Ekipmanları","70bbb663-f490-4f11-bf62-f8c1c36dad22","4","FALSE","CANONICAL-001286","akvaryum-temizlik-ekipmanlar-001286","3","staged","FALSE","NORMAL","not_required","canonical-v1.0.0"
"a629bb0f-3365-4690-acf8-4532c415eed5","Akvaryumlar","70bbb663-f490-4f11-bf62-f8c1c36dad22","5","FALSE","CANONICAL-001287","akvaryumlar-001287","3","staged","FALSE","NORMAL","not_required","canonical-v1.0.0"
"43c4b5a5-99be-4fa9-b60f-7ff954fe398e","Balık Yemleri","70bbb663-f490-4f11-bf62-f8c1c36dad22","6","FALSE","CANONICAL-001288","bal-k-yemleri-001288","3","staged","FALSE","LEGAL_REVIEW_REQUIRED","pending","canonical-v1.0.0"
"68d3eb9f-966e-4b9b-b8b6-d27ef724e5f8","Filtre & Pompalar","70bbb663-f490-4f11-bf62-f8c1c36dad22","7","FALSE","CANONICAL-001289","filtre-pompalar-001289","3","staged","FALSE","REGULATED","pending","canonical-v1.0.0"
"485ae312-007c-46a8-a9bb-74f3537ffdb9","Kuş Ürünleri","b5c2618f-4c71-42d5-aa80-d443377ee469","4","FALSE","CANONICAL-001290","kus-urunleri-001290","2","staged","FALSE","LEGAL_REVIEW_REQUIRED","pending","canonical-v1.0.0"
"06798177-c808-4afc-b460-ae078a723656","Kuş Bakım & Hijyen Ürünleri","485ae312-007c-46a8-a9bb-74f3537ffdb9","1","FALSE","CANONICAL-001291","kus-bak-m-hijyen-urunleri-001291","3","staged","FALSE","LEGAL_REVIEW_REQUIRED","pending","canonical-v1.0.0"
"6a54d9e7-1f4a-4dde-ab2a-94666e30c0bf","Kuş Kafesi & Standları","485ae312-007c-46a8-a9bb-74f3537ffdb9","2","FALSE","CANONICAL-001292","kus-kafesi-standlar-001292","3","staged","FALSE","NORMAL","not_required","canonical-v1.0.0"
"f212e7e5-4da5-4259-b905-1ed1253615f7","Kuş Oyuncakları","485ae312-007c-46a8-a9bb-74f3537ffdb9","3","FALSE","CANONICAL-001293","kus-oyuncaklar-001293","3","staged","FALSE","REGULATED","pending","canonical-v1.0.0"
"fbda0547-c50e-4a69-a227-c4c57e0a77ea","Kuş Suluk & Yemlikleri","485ae312-007c-46a8-a9bb-74f3537ffdb9","4","FALSE","CANONICAL-001294","kus-suluk-yemlikleri-001294","3","staged","FALSE","NORMAL","not_required","canonical-v1.0.0"
"2a5f3a9f-c829-4049-8e61-fc07b00e441a","Kuş Yem & Ödülleri","485ae312-007c-46a8-a9bb-74f3537ffdb9","5","FALSE","CANONICAL-001295","kus-yem-odulleri-001295","3","staged","FALSE","LEGAL_REVIEW_REQUIRED","pending","canonical-v1.0.0"
"94c0e866-67c2-468c-8d80-462b23877837","Tünekler","485ae312-007c-46a8-a9bb-74f3537ffdb9","6","FALSE","CANONICAL-001296","tunekler-001296","3","staged","FALSE","REGULATED","pending","canonical-v1.0.0"
"f5c58ab8-b8c7-458e-a408-77f88a90ebd1","Küçük Hayvan Ürünleri","b5c2618f-4c71-42d5-aa80-d443377ee469","5","FALSE","CANONICAL-001297","kucuk-hayvan-urunleri-001297","2","staged","FALSE","LEGAL_REVIEW_REQUIRED","pending","canonical-v1.0.0"
"4473a2da-08fe-4c6c-85fe-e8a43f8d6904","Küçük Hayvan Altlıkları","f5c58ab8-b8c7-458e-a408-77f88a90ebd1","1","FALSE","CANONICAL-001298","kucuk-hayvan-altl-klar-001298","3","staged","FALSE","REGULATED","pending","canonical-v1.0.0"
"c3245be5-941a-4862-8fc5-57d502abda4b","Küçük Hayvan Bakım Ürünleri","f5c58ab8-b8c7-458e-a408-77f88a90ebd1","2","FALSE","CANONICAL-001299","kucuk-hayvan-bak-m-urunleri-001299","3","staged","FALSE","LEGAL_REVIEW_REQUIRED","pending","canonical-v1.0.0"
"7f4bc42b-b1d1-4ff0-ada6-22c17f221083","Küçük Hayvan Kafes & Yaşam Alanları","f5c58ab8-b8c7-458e-a408-77f88a90ebd1","3","FALSE","CANONICAL-001300","kucuk-hayvan-kafes-yasam-alanlar-001300","3","staged","FALSE","NORMAL","not_required","canonical-v1.0.0"
"d1149f16-13fb-4588-a67b-8cae343c7379","Küçük Hayvan Oyuncakları","f5c58ab8-b8c7-458e-a408-77f88a90ebd1","4","FALSE","CANONICAL-001301","kucuk-hayvan-oyuncaklar-001301","3","staged","FALSE","REGULATED","pending","canonical-v1.0.0"
"0d797f9f-e3b1-4e4a-afa0-ce8c18b0da77","Küçük Hayvan Yem & Ödülleri","f5c58ab8-b8c7-458e-a408-77f88a90ebd1","5","FALSE","CANONICAL-001302","kucuk-hayvan-yem-odulleri-001302","3","staged","FALSE","LEGAL_REVIEW_REQUIRED","pending","canonical-v1.0.0"
"7972006c-5415-405f-b240-a2d28223b164","Sürüngen & Egzotik Pet Ürünleri","b5c2618f-4c71-42d5-aa80-d443377ee469","6","FALSE","CANONICAL-001303","surungen-egzotik-pet-urunleri-001303","2","staged","FALSE","LEGAL_REVIEW_REQUIRED","pending","canonical-v1.0.0"
"59bc293e-e4a9-4c06-8266-3a59a4128dd4","Habitat Dekoru & Saklanma Alanları","7972006c-5415-405f-b240-a2d28223b164","1","FALSE","CANONICAL-001304","habitat-dekoru-saklanma-alanlar-001304","3","staged","FALSE","NORMAL","not_required","canonical-v1.0.0"
"85c5416e-a011-436e-8cca-f8274f656d6b","Teraryum Isıtma & Aydınlatma","7972006c-5415-405f-b240-a2d28223b164","2","FALSE","CANONICAL-001305","teraryum-is-tma-ayd-nlatma-001305","3","staged","FALSE","REGULATED","pending","canonical-v1.0.0"
"5fe887c6-20ee-4271-b409-ef1dd35b439b","Teraryum Substratları","7972006c-5415-405f-b240-a2d28223b164","3","FALSE","CANONICAL-001306","teraryum-substratlar-001306","3","staged","FALSE","REGULATED","pending","canonical-v1.0.0"
"d2cc9038-e610-4153-8a87-a8be7f171712","Teraryumlar","7972006c-5415-405f-b240-a2d28223b164","4","FALSE","CANONICAL-001307","teraryumlar-001307","3","staged","FALSE","NORMAL","not_required","canonical-v1.0.0"
"209f3647-5538-430a-b0a1-00aa860c4638","Yemleme Ürünleri","7972006c-5415-405f-b240-a2d28223b164","5","FALSE","CANONICAL-001308","yemleme-urunleri-001308","3","staged","FALSE","LEGAL_REVIEW_REQUIRED","pending","canonical-v1.0.0"
"0785e3dd-82da-4b06-a0ad-d6ec28217f5c","Ortak Pet Bakım & Aksesuarları","b5c2618f-4c71-42d5-aa80-d443377ee469","7","FALSE","CANONICAL-001309","ortak-pet-bak-m-aksesuarlar-001309","2","staged","FALSE","REGULATED","pending","canonical-v1.0.0"
"a5e27e5f-ccf7-4258-a184-3cf9aa5955f7","Çok Türlü Bakım Aletleri","0785e3dd-82da-4b06-a0ad-d6ec28217f5c","1","FALSE","CANONICAL-001310","cok-turlu-bak-m-aletleri-001310","3","staged","FALSE","REGULATED","pending","canonical-v1.0.0"
"4c65879c-0d04-49aa-963b-68e23d231345","Evrensel Taşıma Ürünleri","0785e3dd-82da-4b06-a0ad-d6ec28217f5c","2","FALSE","CANONICAL-001311","evrensel-tas-ma-urunleri-001311","3","staged","FALSE","NORMAL","not_required","canonical-v1.0.0"
"83bfc97d-5873-41d9-9ff9-dcbc88971240","Kimlik & Güvenlik Aksesuarları","0785e3dd-82da-4b06-a0ad-d6ec28217f5c","3","FALSE","CANONICAL-001312","kimlik-guvenlik-aksesuarlar-001312","3","staged","FALSE","REGULATED","pending","canonical-v1.0.0"
"09789b0e-831d-46ed-8ba7-9a953d1d4688","Ortak Mama & Su Kapları","0785e3dd-82da-4b06-a0ad-d6ec28217f5c","4","FALSE","CANONICAL-001313","ortak-mama-su-kaplar-001313","3","staged","FALSE","REGULATED","pending","canonical-v1.0.0"
"d6f7c24e-daf6-4a86-9ee8-02b523ec5cdb","Pet Bariyer & Koruma Ürünleri","0785e3dd-82da-4b06-a0ad-d6ec28217f5c","5","FALSE","CANONICAL-001314","pet-bariyer-koruma-urunleri-001314","3","staged","FALSE","REGULATED","pending","canonical-v1.0.0"
"78aa2d4d-c9dd-4baf-8816-3ec4d8a6e120","Gözlük & Optik","","20","FALSE","CANONICAL-001315","gozluk-optik-001315","1","staged","FALSE","NORMAL","not_required","canonical-v1.0.0"
"308c7abd-cd92-49e6-a39e-a2a48f5c4faa","Optik Gözlük Çerçeveleri","78aa2d4d-c9dd-4baf-8816-3ec4d8a6e120","1","FALSE","CANONICAL-001316","optik-gozluk-cerceveleri-001316","2","staged","FALSE","LEGAL_REVIEW_REQUIRED","pending","canonical-v1.0.0"
"bf370688-de37-4ee7-9f40-bd0b8fc12721","Clip-on Uyumlu Gözlük Çerçeveleri","308c7abd-cd92-49e6-a39e-a2a48f5c4faa","1","FALSE","CANONICAL-001317","clip-on-uyumlu-gozluk-cerceveleri-001317","3","staged","FALSE","LEGAL_REVIEW_REQUIRED","pending","canonical-v1.0.0"
"fb300128-1bdb-4b60-af0e-c38391c42c66","Çerçevesiz Gözlük Çerçeveleri","308c7abd-cd92-49e6-a39e-a2a48f5c4faa","2","FALSE","CANONICAL-001318","cercevesiz-gozluk-cerceveleri-001318","3","staged","FALSE","LEGAL_REVIEW_REQUIRED","pending","canonical-v1.0.0"
"9ca63aa1-d316-4400-a160-ce0b5ee4d85a","Tam Çerçeve Gözlük Çerçeveleri","308c7abd-cd92-49e6-a39e-a2a48f5c4faa","3","FALSE","CANONICAL-001319","tam-cerceve-gozluk-cerceveleri-001319","3","staged","FALSE","LEGAL_REVIEW_REQUIRED","pending","canonical-v1.0.0"
"6eec206c-33d1-42fa-840a-16bac53135ca","Yarım Çerçeve Gözlük Çerçeveleri","308c7abd-cd92-49e6-a39e-a2a48f5c4faa","4","FALSE","CANONICAL-001320","yar-m-cerceve-gozluk-cerceveleri-001320","3","staged","FALSE","LEGAL_REVIEW_REQUIRED","pending","canonical-v1.0.0"
"741b6aea-6e49-4815-8200-d37ff5b18ae0","Güneş Gözlükleri","78aa2d4d-c9dd-4baf-8816-3ec4d8a6e120","2","FALSE","CANONICAL-001321","gunes-gozlukleri-001321","2","staged","FALSE","REGULATED","pending","canonical-v1.0.0"
"d0bacf79-f991-4290-8034-070c6ea02687","Clip-on Güneş Gözlükleri","741b6aea-6e49-4815-8200-d37ff5b18ae0","1","FALSE","CANONICAL-001322","clip-on-gunes-gozlukleri-001322","3","staged","FALSE","REGULATED","pending","canonical-v1.0.0"
"e29d71b7-e665-4b95-a046-970172e93880","Standart Güneş Gözlükleri","741b6aea-6e49-4815-8200-d37ff5b18ae0","2","FALSE","CANONICAL-001323","standart-gunes-gozlukleri-001323","3","staged","FALSE","REGULATED","pending","canonical-v1.0.0"
"cfed7559-5901-4fb8-93c6-b6542c407d76","Hazır Okuma Gözlükleri","78aa2d4d-c9dd-4baf-8816-3ec4d8a6e120","3","FALSE","CANONICAL-001324","haz-r-okuma-gozlukleri-001324","2","staged","FALSE","LEGAL_REVIEW_REQUIRED","pending","canonical-v1.0.0"
"2cb9cddb-72ac-41ef-b60b-563eabac19f9","Gözlük Camları","78aa2d4d-c9dd-4baf-8816-3ec4d8a6e120","4","FALSE","CANONICAL-001325","gozluk-camlar-001325","2","staged","FALSE","LEGAL_REVIEW_REQUIRED","pending","canonical-v1.0.0"
"78863582-c2e9-4f60-a7f7-2549e2b22545","Progresif & Çok Odaklı Gözlük Camları","2cb9cddb-72ac-41ef-b60b-563eabac19f9","1","FALSE","CANONICAL-001326","progresif-cok-odakl-gozluk-camlar-001326","3","staged","FALSE","LEGAL_REVIEW_REQUIRED","pending","canonical-v1.0.0"
"3c22bf9b-f4c1-4a5f-b344-5e91d61928db","Reçeteli Güneş Gözlüğü Camları","2cb9cddb-72ac-41ef-b60b-563eabac19f9","2","FALSE","CANONICAL-001327","receteli-gunes-gozlugu-camlar-001327","3","staged","FALSE","LEGAL_REVIEW_REQUIRED","pending","canonical-v1.0.0"
"0c4eba03-9855-40ad-ba20-8c8a1dbbf64a","Tek Odaklı Gözlük Camları","2cb9cddb-72ac-41ef-b60b-563eabac19f9","3","FALSE","CANONICAL-001328","tek-odakl-gozluk-camlar-001328","3","staged","FALSE","LEGAL_REVIEW_REQUIRED","pending","canonical-v1.0.0"
"94de7eda-650c-4613-b196-dc422414812d","Kontakt Lensler","78aa2d4d-c9dd-4baf-8816-3ec4d8a6e120","5","FALSE","CANONICAL-001329","kontakt-lensler-001329","2","staged","FALSE","LEGAL_REVIEW_REQUIRED","pending","canonical-v1.0.0"
"d9d45017-982e-4517-85c2-26d776bef96f","Multifokal Kontakt Lensler","94de7eda-650c-4613-b196-dc422414812d","1","FALSE","CANONICAL-001330","multifokal-kontakt-lensler-001330","3","staged","FALSE","LEGAL_REVIEW_REQUIRED","pending","canonical-v1.0.0"
"6e513b43-45aa-4021-bf2c-482835c58f5e","Renkli & Kozmetik Kontakt Lensler","94de7eda-650c-4613-b196-dc422414812d","2","FALSE","CANONICAL-001331","renkli-kozmetik-kontakt-lensler-001331","3","staged","FALSE","LEGAL_REVIEW_REQUIRED","pending","canonical-v1.0.0"
"7c326ee0-6cca-44db-a7ef-d045e78c77fa","Sferik Kontakt Lensler","94de7eda-650c-4613-b196-dc422414812d","3","FALSE","CANONICAL-001332","sferik-kontakt-lensler-001332","3","staged","FALSE","LEGAL_REVIEW_REQUIRED","pending","canonical-v1.0.0"
"6a4d8ece-01d4-4888-8a05-3cb9cd010583","Torik Kontakt Lensler","94de7eda-650c-4613-b196-dc422414812d","4","FALSE","CANONICAL-001333","torik-kontakt-lensler-001333","3","staged","FALSE","LEGAL_REVIEW_REQUIRED","pending","canonical-v1.0.0"
"60777081-2412-4a34-89cd-334f9c9910f8","Kontakt Lens Bakım Ürünleri","78aa2d4d-c9dd-4baf-8816-3ec4d8a6e120","6","FALSE","CANONICAL-001334","kontakt-lens-bak-m-urunleri-001334","2","staged","FALSE","LEGAL_REVIEW_REQUIRED","pending","canonical-v1.0.0"
"4986cac5-bbd1-4b2d-9114-e592324089b7","Çok Amaçlı Lens Solüsyonları","60777081-2412-4a34-89cd-334f9c9910f8","1","FALSE","CANONICAL-001335","cok-amacl-lens-solusyonlar-001335","3","staged","FALSE","LEGAL_REVIEW_REQUIRED","pending","canonical-v1.0.0"
"cfbdca36-a104-45a4-bab1-7191163f327f","Kontakt Lens Kapları","60777081-2412-4a34-89cd-334f9c9910f8","2","FALSE","CANONICAL-001336","kontakt-lens-kaplar-001336","3","staged","FALSE","REGULATED","pending","canonical-v1.0.0"
"012b7eb4-0658-49e0-881d-1fffac9086ac","Lens Durulama & Salin Ürünleri","60777081-2412-4a34-89cd-334f9c9910f8","3","FALSE","CANONICAL-001337","lens-durulama-salin-urunleri-001337","3","staged","FALSE","LEGAL_REVIEW_REQUIRED","pending","canonical-v1.0.0"
"886e2361-581b-4ac9-944f-6b63398f9c60","Peroksitli Lens Bakım Sistemleri","60777081-2412-4a34-89cd-334f9c9910f8","4","FALSE","CANONICAL-001338","peroksitli-lens-bak-m-sistemleri-001338","3","staged","FALSE","LEGAL_REVIEW_REQUIRED","pending","canonical-v1.0.0"
"6ff3577f-6ad1-4b04-a205-939d43468c65","Gözlük & Optik Aksesuarları","78aa2d4d-c9dd-4baf-8816-3ec4d8a6e120","7","FALSE","CANONICAL-001339","gozluk-optik-aksesuarlar-001339","2","staged","FALSE","REGULATED","pending","canonical-v1.0.0"
"9120575e-a2a0-4177-ba9b-8bccdefd7761","Gözlük Kılıfları","6ff3577f-6ad1-4b04-a205-939d43468c65","1","FALSE","CANONICAL-001340","gozluk-k-l-flar-001340","3","staged","FALSE","NORMAL","not_required","canonical-v1.0.0"
"59d77706-cc69-4c8c-9e23-95cdb53b3ca1","Gözlük Temizlik Bezleri & Kitleri","6ff3577f-6ad1-4b04-a205-939d43468c65","2","FALSE","CANONICAL-001341","gozluk-temizlik-bezleri-kitleri-001341","3","staged","FALSE","REGULATED","pending","canonical-v1.0.0"
"b4e3fc44-516c-4743-a881-107ce2a92ed8","Gözlük Zincirleri & İpleri","6ff3577f-6ad1-4b04-a205-939d43468c65","3","FALSE","CANONICAL-001342","gozluk-zincirleri-ipleri-001342","3","staged","FALSE","NORMAL","not_required","canonical-v1.0.0"
"0a1f4d26-2bbf-4b17-a285-e9f33cf384a1","Tüketici Tipi Gözlük Tamir Parçaları","6ff3577f-6ad1-4b04-a205-939d43468c65","4","FALSE","CANONICAL-001343","tuketici-tipi-gozluk-tamir-parcalar-001343","3","staged","FALSE","REGULATED","pending","canonical-v1.0.0"
"d8f58e32-2a1e-4f8e-a630-ca5e84dea554","Saat & Takı","","21","FALSE","CANONICAL-001344","saat-tak-001344","1","staged","FALSE","NORMAL","not_required","canonical-v1.0.0"
"3089cd12-29ed-4b3f-b01d-b385a20c7b2b","Klasik Kol Saatleri","d8f58e32-2a1e-4f8e-a630-ca5e84dea554","1","FALSE","CANONICAL-001345","klasik-kol-saatleri-001345","2","staged","FALSE","LEGAL_REVIEW_REQUIRED","pending","canonical-v1.0.0"
"0a4bd158-c19f-4e6b-84f7-52e688395ec6","Analog Kol Saatleri","3089cd12-29ed-4b3f-b01d-b385a20c7b2b","1","FALSE","CANONICAL-001346","analog-kol-saatleri-001346","3","staged","FALSE","LEGAL_REVIEW_REQUIRED","pending","canonical-v1.0.0"
"9bf1c75f-8c76-4f87-b249-af7302f72c6d","Klasik Dijital Kol Saatleri","3089cd12-29ed-4b3f-b01d-b385a20c7b2b","2","FALSE","CANONICAL-001347","klasik-dijital-kol-saatleri-001347","3","staged","FALSE","LEGAL_REVIEW_REQUIRED","pending","canonical-v1.0.0"
"7e3fc875-ba6c-488a-b088-a59c0050fb27","Mekanik & Otomatik Kol Saatleri","3089cd12-29ed-4b3f-b01d-b385a20c7b2b","3","FALSE","CANONICAL-001348","mekanik-otomatik-kol-saatleri-001348","3","staged","FALSE","LEGAL_REVIEW_REQUIRED","pending","canonical-v1.0.0"
"877cdbc1-f15f-4fd6-bfd6-3bf7334151d8","Cep Saatleri","d8f58e32-2a1e-4f8e-a630-ca5e84dea554","2","FALSE","CANONICAL-001349","cep-saatleri-001349","2","staged","FALSE","LEGAL_REVIEW_REQUIRED","pending","canonical-v1.0.0"
"0b045180-fdae-46c2-a2b1-832357a6f89b","Saat Kayışları & Aksesuarları","d8f58e32-2a1e-4f8e-a630-ca5e84dea554","3","FALSE","CANONICAL-001350","saat-kay-slar-aksesuarlar-001350","2","staged","FALSE","LEGAL_REVIEW_REQUIRED","pending","canonical-v1.0.0"
"4a655971-ee7a-43e2-bdc7-499df50104bc","Saat Kayışları & Kordonları","0b045180-fdae-46c2-a2b1-832357a6f89b","1","FALSE","CANONICAL-001351","saat-kay-slar-kordonlar-001351","3","staged","FALSE","NORMAL","not_required","canonical-v1.0.0"
"8996e7f2-ff97-4348-9ec8-c05362bf87ac","Saat Pili & Bakım Ürünleri","0b045180-fdae-46c2-a2b1-832357a6f89b","2","FALSE","CANONICAL-001352","saat-pili-bak-m-urunleri-001352","3","staged","FALSE","LEGAL_REVIEW_REQUIRED","pending","canonical-v1.0.0"
"b312e9cd-96b7-4df8-9698-a2995f0fc3a5","Saat Saklama & Kurma Ürünleri","0b045180-fdae-46c2-a2b1-832357a6f89b","3","FALSE","CANONICAL-001353","saat-saklama-kurma-urunleri-001353","3","staged","FALSE","REGULATED","pending","canonical-v1.0.0"
"4aebbf6a-1bc4-4de8-ae98-bbd294c84088","Tüketici Tipi Saat Tamir Parçaları","0b045180-fdae-46c2-a2b1-832357a6f89b","4","FALSE","CANONICAL-001354","tuketici-tipi-saat-tamir-parcalar-001354","3","staged","FALSE","REGULATED","pending","canonical-v1.0.0"
"e82d4b38-9d2a-4e94-8da7-b19c1b2ab9d2","Kolyeler & Takı Uçları","d8f58e32-2a1e-4f8e-a630-ca5e84dea554","4","FALSE","CANONICAL-001355","kolyeler-tak-uclar-001355","2","staged","FALSE","LEGAL_REVIEW_REQUIRED","pending","canonical-v1.0.0"
"7ce72550-def3-4100-b348-f07e4cf20f37","Kolyeler & Zincirler","e82d4b38-9d2a-4e94-8da7-b19c1b2ab9d2","1","FALSE","CANONICAL-001356","kolyeler-zincirler-001356","3","staged","FALSE","LEGAL_REVIEW_REQUIRED","pending","canonical-v1.0.0"
"ccc97fe9-9774-4668-987a-21923bf16781","Takı Uçları & Charmlar","e82d4b38-9d2a-4e94-8da7-b19c1b2ab9d2","2","FALSE","CANONICAL-001357","tak-uclar-charmlar-001357","3","staged","FALSE","LEGAL_REVIEW_REQUIRED","pending","canonical-v1.0.0"
"5ac505a8-cb53-412d-9910-78a46314a773","Küpeler","d8f58e32-2a1e-4f8e-a630-ca5e84dea554","5","FALSE","CANONICAL-001358","kupeler-001358","2","staged","FALSE","LEGAL_REVIEW_REQUIRED","pending","canonical-v1.0.0"
"1e462e31-550e-4410-9ec2-8b8f1863fc38","Çivi Küpeler","5ac505a8-cb53-412d-9910-78a46314a773","1","FALSE","CANONICAL-001359","civi-kupeler-001359","3","staged","FALSE","LEGAL_REVIEW_REQUIRED","pending","canonical-v1.0.0"
"1712f305-91e0-40ac-a298-98f1dcc1cf4b","Ear Cuff & Kulak Aksesuarları","5ac505a8-cb53-412d-9910-78a46314a773","2","FALSE","CANONICAL-001360","ear-cuff-kulak-aksesuarlar-001360","3","staged","FALSE","LEGAL_REVIEW_REQUIRED","pending","canonical-v1.0.0"
"098425cd-c678-464c-88ea-ea3f87f9f0e3","Halka Küpeler","5ac505a8-cb53-412d-9910-78a46314a773","3","FALSE","CANONICAL-001361","halka-kupeler-001361","3","staged","FALSE","LEGAL_REVIEW_REQUIRED","pending","canonical-v1.0.0"
"4a1a5167-08d4-4e6f-8e00-8e470d336407","Sallantılı Küpeler","5ac505a8-cb53-412d-9910-78a46314a773","4","FALSE","CANONICAL-001362","sallant-l-kupeler-001362","3","staged","FALSE","LEGAL_REVIEW_REQUIRED","pending","canonical-v1.0.0"
"e7ae2c75-a3fc-49ca-8d7c-7c5dbfce2c8b","Yüzükler","d8f58e32-2a1e-4f8e-a630-ca5e84dea554","6","FALSE","CANONICAL-001363","yuzukler-001363","2","staged","FALSE","LEGAL_REVIEW_REQUIRED","pending","canonical-v1.0.0"
"e57f5d9c-755a-4b73-aac6-761f11a64353","Ayarlanabilir Yüzükler","e7ae2c75-a3fc-49ca-8d7c-7c5dbfce2c8b","1","FALSE","CANONICAL-001364","ayarlanabilir-yuzukler-001364","3","staged","FALSE","LEGAL_REVIEW_REQUIRED","pending","canonical-v1.0.0"
"7b33da73-3e7d-49de-9309-49918a1281ec","Sade & Bant Yüzükler","e7ae2c75-a3fc-49ca-8d7c-7c5dbfce2c8b","2","FALSE","CANONICAL-001365","sade-bant-yuzukler-001365","3","staged","FALSE","LEGAL_REVIEW_REQUIRED","pending","canonical-v1.0.0"
"6be963c0-84cf-4665-ab70-1649ce074e6a","Taşlı Yüzükler","e7ae2c75-a3fc-49ca-8d7c-7c5dbfce2c8b","3","FALSE","CANONICAL-001366","tasl-yuzukler-001366","3","staged","FALSE","LEGAL_REVIEW_REQUIRED","pending","canonical-v1.0.0"
"4b1a9c1b-acaf-4c23-bb41-1fdbb35f69d4","Bileklik, Bilezik & Halhallar","d8f58e32-2a1e-4f8e-a630-ca5e84dea554","7","FALSE","CANONICAL-001367","bileklik-bilezik-halhallar-001367","2","staged","FALSE","LEGAL_REVIEW_REQUIRED","pending","canonical-v1.0.0"
"529f0632-e017-4e83-a643-f75797d8b7b3","Bileklikler","4b1a9c1b-acaf-4c23-bb41-1fdbb35f69d4","1","FALSE","CANONICAL-001368","bileklikler-001368","3","staged","FALSE","LEGAL_REVIEW_REQUIRED","pending","canonical-v1.0.0"
"69f38a05-a468-4115-bc68-2a45cc57aca8","Bilezikler","4b1a9c1b-acaf-4c23-bb41-1fdbb35f69d4","2","FALSE","CANONICAL-001369","bilezikler-001369","3","staged","FALSE","LEGAL_REVIEW_REQUIRED","pending","canonical-v1.0.0"
"4f7546b9-632d-4e52-8938-28c2094ebc7a","Halhallar","4b1a9c1b-acaf-4c23-bb41-1fdbb35f69d4","3","FALSE","CANONICAL-001370","halhallar-001370","3","staged","FALSE","LEGAL_REVIEW_REQUIRED","pending","canonical-v1.0.0"
"fe1f0fc1-1228-419b-84e6-7662fb7b53bd","Broş & Giyim Takıları","d8f58e32-2a1e-4f8e-a630-ca5e84dea554","8","FALSE","CANONICAL-001371","bros-giyim-tak-lar-001371","2","staged","FALSE","LEGAL_REVIEW_REQUIRED","pending","canonical-v1.0.0"
"594b0b03-0777-4105-8590-5ff928223e71","Broş & Rozetler","fe1f0fc1-1228-419b-84e6-7662fb7b53bd","1","FALSE","CANONICAL-001372","bros-rozetler-001372","3","staged","FALSE","LEGAL_REVIEW_REQUIRED","pending","canonical-v1.0.0"
"9889b597-6d31-4330-be1d-b26c180c19a4","Kol Düğmeleri","fe1f0fc1-1228-419b-84e6-7662fb7b53bd","2","FALSE","CANONICAL-001373","kol-dugmeleri-001373","3","staged","FALSE","LEGAL_REVIEW_REQUIRED","pending","canonical-v1.0.0"
"aa19def9-a88b-4152-9ad2-638d2cca130f","Kravat Takıları","fe1f0fc1-1228-419b-84e6-7662fb7b53bd","3","FALSE","CANONICAL-001374","kravat-tak-lar-001374","3","staged","FALSE","LEGAL_REVIEW_REQUIRED","pending","canonical-v1.0.0"
"ef646eae-86e3-4a28-a148-9e0ddb3b4a40","Vücut Takıları","d8f58e32-2a1e-4f8e-a630-ca5e84dea554","9","FALSE","CANONICAL-001375","vucut-tak-lar-001375","2","staged","FALSE","LEGAL_REVIEW_REQUIRED","pending","canonical-v1.0.0"
"1e120c7e-5836-4e8a-b93b-20965aaba97b","Burun Takıları","ef646eae-86e3-4a28-a148-9e0ddb3b4a40","1","FALSE","CANONICAL-001376","burun-tak-lar-001376","3","staged","FALSE","LEGAL_REVIEW_REQUIRED","pending","canonical-v1.0.0"
"5b142ece-6084-4f68-98dc-6da7acaf3ff7","Diğer Vücut Takıları","ef646eae-86e3-4a28-a148-9e0ddb3b4a40","2","FALSE","CANONICAL-001377","diger-vucut-tak-lar-001377","3","staged","FALSE","LEGAL_REVIEW_REQUIRED","pending","canonical-v1.0.0"
"c42bedfe-8242-4836-be76-91a7fb6c5f7b","Göbek Takıları","ef646eae-86e3-4a28-a148-9e0ddb3b4a40","3","FALSE","CANONICAL-001378","gobek-tak-lar-001378","3","staged","FALSE","LEGAL_REVIEW_REQUIRED","pending","canonical-v1.0.0"
"eeedeb2e-37e6-4b24-82f3-090e9ec2cbd1","Piercing Takıları","ef646eae-86e3-4a28-a148-9e0ddb3b4a40","4","FALSE","CANONICAL-001379","piercing-tak-lar-001379","3","staged","FALSE","LEGAL_REVIEW_REQUIRED","pending","canonical-v1.0.0"
"9bb60ec8-8654-4308-8b18-860b2c5267ae","Takı Aksesuarları & Saklama","d8f58e32-2a1e-4f8e-a630-ca5e84dea554","10","FALSE","CANONICAL-001380","tak-aksesuarlar-saklama-001380","2","staged","FALSE","LEGAL_REVIEW_REQUIRED","pending","canonical-v1.0.0"
"55167904-f8e0-417d-8a40-a5dba0b51b8e","Seyahat Tipi Takı Saklama","9bb60ec8-8654-4308-8b18-860b2c5267ae","1","FALSE","CANONICAL-001381","seyahat-tipi-tak-saklama-001381","3","staged","FALSE","NORMAL","not_required","canonical-v1.0.0"
"f5523097-01c1-457b-a3a0-386b6a605f1c","Takı Kutuları & Organizerler","9bb60ec8-8654-4308-8b18-860b2c5267ae","2","FALSE","CANONICAL-001382","tak-kutular-organizerler-001382","3","staged","FALSE","NORMAL","not_required","canonical-v1.0.0"
"03bf6fda-fe4a-4c5d-b6ec-284b58a9928a","Takı Standları","9bb60ec8-8654-4308-8b18-860b2c5267ae","3","FALSE","CANONICAL-001383","tak-standlar-001383","3","staged","FALSE","NORMAL","not_required","canonical-v1.0.0"
"9425ed54-2e15-4e9c-880c-c022f40fc068","Takı Temizlik & Bakım Ürünleri","9bb60ec8-8654-4308-8b18-860b2c5267ae","4","FALSE","CANONICAL-001384","tak-temizlik-bak-m-urunleri-001384","3","staged","FALSE","LEGAL_REVIEW_REQUIRED","pending","canonical-v1.0.0"
"693436b2-ced7-4793-baed-cd23584027d8","Takı Yapım Malzemeleri","d8f58e32-2a1e-4f8e-a630-ca5e84dea554","11","FALSE","CANONICAL-001385","tak-yap-m-malzemeleri-001385","2","staged","FALSE","REGULATED","pending","canonical-v1.0.0"
"dffd8ec8-c5f8-48ee-8365-1cc1b32f9582","Boncuklar","693436b2-ced7-4793-baed-cd23584027d8","1","FALSE","CANONICAL-001386","boncuklar-001386","3","staged","FALSE","REGULATED","pending","canonical-v1.0.0"
"da4122f8-9b70-4ec6-9f04-b4af4e3c05b9","Boş Takı Yuvaları & Tabanları","693436b2-ced7-4793-baed-cd23584027d8","2","FALSE","CANONICAL-001387","bos-tak-yuvalar-tabanlar-001387","3","staged","FALSE","REGULATED","pending","canonical-v1.0.0"
"da2ae3d2-4c38-4312-82b7-3d3ce3edf81f","Kapama, Halka & Bağlantılar","693436b2-ced7-4793-baed-cd23584027d8","3","FALSE","CANONICAL-001388","kapama-halka-baglant-lar-001388","3","staged","FALSE","REGULATED","pending","canonical-v1.0.0"
"5bb31f1b-efb2-432d-98ad-a80d7e5a64e6","Takı Teli, İpi & Misinası","693436b2-ced7-4793-baed-cd23584027d8","4","FALSE","CANONICAL-001389","tak-teli-ipi-misinas-001389","3","staged","FALSE","NORMAL","not_required","canonical-v1.0.0"
"0fcacdf5-e3a6-4df3-ab34-3b961aefe21c","Takı Zinciri & Bileşenleri","693436b2-ced7-4793-baed-cd23584027d8","5","FALSE","CANONICAL-001390","tak-zinciri-bilesenleri-001390","3","staged","FALSE","REGULATED","pending","canonical-v1.0.0"
"315cd0bc-ec9c-4452-825a-3122937d663e","Sağlık & Medikal","","22","FALSE","CANONICAL-001391","sagl-k-medikal-001391","1","staged","FALSE","NORMAL","not_required","canonical-v1.0.0"
"0e164e1f-5b69-4e5d-a2f8-6a5714d1e87f","İlk Yardım & Yara Bakımı","315cd0bc-ec9c-4452-825a-3122937d663e","1","FALSE","CANONICAL-001392","ilk-yard-m-yara-bak-m-001392","2","staged","FALSE","LEGAL_REVIEW_REQUIRED","pending","canonical-v1.0.0"
"fe31c024-5d31-4847-8889-1d58a77ba361","Bandaj & Flasterler","0e164e1f-5b69-4e5d-a2f8-6a5714d1e87f","1","FALSE","CANONICAL-001393","bandaj-flasterler-001393","3","staged","FALSE","LEGAL_REVIEW_REQUIRED","pending","canonical-v1.0.0"
"4fbed044-68a6-4cc1-bf03-e26b4b87ba4c","İlk Yardım Setleri","0e164e1f-5b69-4e5d-a2f8-6a5714d1e87f","2","FALSE","CANONICAL-001394","ilk-yard-m-setleri-001394","3","staged","FALSE","LEGAL_REVIEW_REQUIRED","pending","canonical-v1.0.0"
"9b76def2-8640-4e9c-9639-31ab4c2ce089","Pansuman Aksesuarları","0e164e1f-5b69-4e5d-a2f8-6a5714d1e87f","3","FALSE","CANONICAL-001395","pansuman-aksesuarlar-001395","3","staged","FALSE","LEGAL_REVIEW_REQUIRED","pending","canonical-v1.0.0"
"d93afdf4-9148-4c53-a48b-c529a9295944","Steril Kompres & Yara Örtüleri","0e164e1f-5b69-4e5d-a2f8-6a5714d1e87f","4","FALSE","CANONICAL-001396","steril-kompres-yara-ortuleri-001396","3","staged","FALSE","LEGAL_REVIEW_REQUIRED","pending","canonical-v1.0.0"
"632a1a3f-782b-43bd-9b74-1e508e98ef13","Evde Sağlık Ölçüm Cihazları","315cd0bc-ec9c-4452-825a-3122937d663e","2","FALSE","CANONICAL-001397","evde-sagl-k-olcum-cihazlar-001397","2","staged","FALSE","LEGAL_REVIEW_REQUIRED","pending","canonical-v1.0.0"
"57c91da9-9d6c-48d7-95e6-5905f77c0c59","Ateş Ölçerler","632a1a3f-782b-43bd-9b74-1e508e98ef13","1","FALSE","CANONICAL-001398","ates-olcerler-001398","3","staged","FALSE","LEGAL_REVIEW_REQUIRED","pending","canonical-v1.0.0"
"569a14c4-db6f-4600-ad80-04559635e55a","Cihaza Özgü Ölçüm Sarf & Aksesuarları","632a1a3f-782b-43bd-9b74-1e508e98ef13","2","FALSE","CANONICAL-001399","cihaza-ozgu-olcum-sarf-aksesuarlar-001399","3","staged","FALSE","LEGAL_REVIEW_REQUIRED","pending","canonical-v1.0.0"
"27808b2a-d12b-422a-a581-8a0902615d3a","Glikoz Ölçüm Cihazları","632a1a3f-782b-43bd-9b74-1e508e98ef13","3","FALSE","CANONICAL-001400","glikoz-olcum-cihazlar-001400","3","staged","FALSE","LEGAL_REVIEW_REQUIRED","pending","canonical-v1.0.0"
"39fabf99-c994-4cef-8238-8485e9213637","Pulse Oksimetreler","632a1a3f-782b-43bd-9b74-1e508e98ef13","4","FALSE","CANONICAL-001401","pulse-oksimetreler-001401","3","staged","FALSE","LEGAL_REVIEW_REQUIRED","pending","canonical-v1.0.0"
"ec2c4701-c292-4093-a318-819679e29406","Sağlık Tipi Vücut Ölçüm Cihazları","632a1a3f-782b-43bd-9b74-1e508e98ef13","5","FALSE","CANONICAL-001402","sagl-k-tipi-vucut-olcum-cihazlar-001402","3","staged","FALSE","LEGAL_REVIEW_REQUIRED","pending","canonical-v1.0.0"
"17f304db-1463-41dc-baf7-0d48c1f48b02","Tansiyon Ölçüm Cihazları","632a1a3f-782b-43bd-9b74-1e508e98ef13","6","FALSE","CANONICAL-001403","tansiyon-olcum-cihazlar-001403","3","staged","FALSE","LEGAL_REVIEW_REQUIRED","pending","canonical-v1.0.0"
"66adbf32-2344-4ec6-b1af-dede787b5512","Ortopedik Destekler & Kompresyon","315cd0bc-ec9c-4452-825a-3122937d663e","3","FALSE","CANONICAL-001404","ortopedik-destekler-kompresyon-001404","2","staged","FALSE","LEGAL_REVIEW_REQUIRED","pending","canonical-v1.0.0"
"4f939841-820a-4e59-84e8-fad2cb349a8e","Atel & Sabitleyiciler","66adbf32-2344-4ec6-b1af-dede787b5512","1","FALSE","CANONICAL-001405","atel-sabitleyiciler-001405","3","staged","FALSE","LEGAL_REVIEW_REQUIRED","pending","canonical-v1.0.0"
"db31d51e-00e0-45f3-b651-885d557ce4cb","Bel & Boyun Destekleri","66adbf32-2344-4ec6-b1af-dede787b5512","2","FALSE","CANONICAL-001406","bel-boyun-destekleri-001406","3","staged","FALSE","LEGAL_REVIEW_REQUIRED","pending","canonical-v1.0.0"
"0210a299-31e7-4a05-b1bc-8862cd869d2a","Diz, Ayak & Alt Ekstremite Destekleri","66adbf32-2344-4ec6-b1af-dede787b5512","3","FALSE","CANONICAL-001407","diz-ayak-alt-ekstremite-destekleri-001407","3","staged","FALSE","LEGAL_REVIEW_REQUIRED","pending","canonical-v1.0.0"
"edeee473-99e0-4529-944e-038c828922a5","El, Bilek, Dirsek & Omuz Destekleri","66adbf32-2344-4ec6-b1af-dede787b5512","4","FALSE","CANONICAL-001408","el-bilek-dirsek-omuz-destekleri-001408","3","staged","FALSE","LEGAL_REVIEW_REQUIRED","pending","canonical-v1.0.0"
"b2e7b2bf-6be0-4a1a-a44d-e96aa6531e60","Kompresyon Ürünleri","66adbf32-2344-4ec6-b1af-dede787b5512","5","FALSE","CANONICAL-001409","kompresyon-urunleri-001409","3","staged","FALSE","LEGAL_REVIEW_REQUIRED","pending","canonical-v1.0.0"
"7fda77ab-5d05-4de2-99ab-7e1e7bf32331","Ortopedik Tabanlık & Ayak Destekleri","66adbf32-2344-4ec6-b1af-dede787b5512","6","FALSE","CANONICAL-001410","ortopedik-tabanl-k-ayak-destekleri-001410","3","staged","FALSE","LEGAL_REVIEW_REQUIRED","pending","canonical-v1.0.0"
"c65fbcb6-d065-4fe0-b8ec-28a45fdb6f9a","Hareket & Mobilite Yardımcıları","315cd0bc-ec9c-4452-825a-3122937d663e","4","FALSE","CANONICAL-001411","hareket-mobilite-yard-mc-lar-001411","2","staged","FALSE","LEGAL_REVIEW_REQUIRED","pending","canonical-v1.0.0"
"160561e8-7766-4650-9a30-5bc175434c2b","Baston & Koltuk Değnekleri","c65fbcb6-d065-4fe0-b8ec-28a45fdb6f9a","1","FALSE","CANONICAL-001412","baston-koltuk-degnekleri-001412","3","staged","FALSE","LEGAL_REVIEW_REQUIRED","pending","canonical-v1.0.0"
"e2f51b81-2c3e-475f-9da6-8b9aac807c18","Mobilite Aksesuarları","c65fbcb6-d065-4fe0-b8ec-28a45fdb6f9a","2","FALSE","CANONICAL-001413","mobilite-aksesuarlar-001413","3","staged","FALSE","LEGAL_REVIEW_REQUIRED","pending","canonical-v1.0.0"
"9101f25a-f3a1-4647-bf7d-007ddb972a6b","Tekerlekli Sandalyeler","c65fbcb6-d065-4fe0-b8ec-28a45fdb6f9a","3","FALSE","CANONICAL-001414","tekerlekli-sandalyeler-001414","3","staged","FALSE","LEGAL_REVIEW_REQUIRED","pending","canonical-v1.0.0"
"112dc52a-6148-4685-9445-3ae827aa6ca9","Yürüteç & Rollatorlar","c65fbcb6-d065-4fe0-b8ec-28a45fdb6f9a","4","FALSE","CANONICAL-001415","yurutec-rollatorlar-001415","3","staged","FALSE","LEGAL_REVIEW_REQUIRED","pending","canonical-v1.0.0"
"d8060c40-22f7-455a-8b8c-af7ee9e617f4","Rehabilitasyon & Fizik Tedavi Ürünleri","315cd0bc-ec9c-4452-825a-3122937d663e","5","FALSE","CANONICAL-001416","rehabilitasyon-fizik-tedavi-urunleri-001416","2","staged","FALSE","LEGAL_REVIEW_REQUIRED","pending","canonical-v1.0.0"
"8495447b-e0c8-4d87-94e5-5f4a150d7c5d","El Rehabilitasyon Ürünleri","d8060c40-22f7-455a-8b8c-af7ee9e617f4","1","FALSE","CANONICAL-001417","el-rehabilitasyon-urunleri-001417","3","staged","FALSE","LEGAL_REVIEW_REQUIRED","pending","canonical-v1.0.0"
"d050d59e-4d9f-47be-bdce-fab52b7e8821","Elektroterapi Cihazları","d8060c40-22f7-455a-8b8c-af7ee9e617f4","2","FALSE","CANONICAL-001418","elektroterapi-cihazlar-001418","3","staged","FALSE","LEGAL_REVIEW_REQUIRED","pending","canonical-v1.0.0"
"3dac3110-0a51-4e8e-8af5-ae97200689e4","Sıcak & Soğuk Uygulama Ürünleri","d8060c40-22f7-455a-8b8c-af7ee9e617f4","3","FALSE","CANONICAL-001419","s-cak-soguk-uygulama-urunleri-001419","3","staged","FALSE","LEGAL_REVIEW_REQUIRED","pending","canonical-v1.0.0"
"4c4d7798-5d45-4b9a-8138-e305d724ef04","Terapi Egzersiz Ürünleri","d8060c40-22f7-455a-8b8c-af7ee9e617f4","4","FALSE","CANONICAL-001420","terapi-egzersiz-urunleri-001420","3","staged","FALSE","LEGAL_REVIEW_REQUIRED","pending","canonical-v1.0.0"
"7381c89a-e695-41a5-998c-9d1bebb49415","Solunum & Evde Bakım Cihazları","315cd0bc-ec9c-4452-825a-3122937d663e","6","FALSE","CANONICAL-001421","solunum-evde-bak-m-cihazlar-001421","2","staged","FALSE","LEGAL_REVIEW_REQUIRED","pending","canonical-v1.0.0"
"3fdca38d-fbbd-4ece-875a-4dab4b25ba49","CPAP & BPAP Cihazları","7381c89a-e695-41a5-998c-9d1bebb49415","1","FALSE","CANONICAL-001422","cpap-bpap-cihazlar-001422","3","staged","FALSE","LEGAL_REVIEW_REQUIRED","pending","canonical-v1.0.0"
"648e2d74-afd4-4dac-80ce-9322e1577170","Ev Tipi Aspiratörler","7381c89a-e695-41a5-998c-9d1bebb49415","2","FALSE","CANONICAL-001423","ev-tipi-aspiratorler-001423","3","staged","FALSE","LEGAL_REVIEW_REQUIRED","pending","canonical-v1.0.0"
"2cd49221-ee1d-4591-ad75-af5eea9141eb","Ev Tipi Nebulizerler","7381c89a-e695-41a5-998c-9d1bebb49415","3","FALSE","CANONICAL-001424","ev-tipi-nebulizerler-001424","3","staged","FALSE","LEGAL_REVIEW_REQUIRED","pending","canonical-v1.0.0"
"4fb54f12-46ee-4b32-aa08-86be79ca8049","Ev Tipi Oksijen Destek Cihazları","7381c89a-e695-41a5-998c-9d1bebb49415","4","FALSE","CANONICAL-001425","ev-tipi-oksijen-destek-cihazlar-001425","3","staged","FALSE","LEGAL_REVIEW_REQUIRED","pending","canonical-v1.0.0"
"12e3d0f0-238d-4175-b2f1-f96074c968fc","Solunum Maskesi, Hortumu & Filtresi","7381c89a-e695-41a5-998c-9d1bebb49415","5","FALSE","CANONICAL-001426","solunum-maskesi-hortumu-filtresi-001426","3","staged","FALSE","LEGAL_REVIEW_REQUIRED","pending","canonical-v1.0.0"
"35478c89-3a21-4753-a681-3e3160f9e949","Medikal Sarf & Hasta Bakım Ürünleri","315cd0bc-ec9c-4452-825a-3122937d663e","7","FALSE","CANONICAL-001427","medikal-sarf-hasta-bak-m-urunleri-001427","2","staged","FALSE","LEGAL_REVIEW_REQUIRED","pending","canonical-v1.0.0"
"10ebfe45-f683-4419-9594-ea098c40e2c6","Enjeksiyon & Kanül Sarfı","35478c89-3a21-4753-a681-3e3160f9e949","1","FALSE","CANONICAL-001428","enjeksiyon-kanul-sarf-001428","3","staged","FALSE","LEGAL_REVIEW_REQUIRED","pending","canonical-v1.0.0"
"2c9c44de-dff8-4be8-8478-7a67fd18875a","Hasta Bakım Örtüleri & Setleri","35478c89-3a21-4753-a681-3e3160f9e949","2","FALSE","CANONICAL-001429","hasta-bak-m-ortuleri-setleri-001429","3","staged","FALSE","LEGAL_REVIEW_REQUIRED","pending","canonical-v1.0.0"
"899104b5-da86-4cd7-ba36-417a93a2388c","İnkontinans Bakım Ürünleri","35478c89-3a21-4753-a681-3e3160f9e949","3","FALSE","CANONICAL-001430","inkontinans-bak-m-urunleri-001430","3","staged","FALSE","LEGAL_REVIEW_REQUIRED","pending","canonical-v1.0.0"
"4bb5ba3e-d5f7-4a07-917d-33b86a308ab2","Muayene & Pansuman Sarfı","35478c89-3a21-4753-a681-3e3160f9e949","4","FALSE","CANONICAL-001431","muayene-pansuman-sarf-001431","3","staged","FALSE","LEGAL_REVIEW_REQUIRED","pending","canonical-v1.0.0"
"53a8ecd9-6937-4c96-82f2-a341ee873a0f","Ostomi Bakım Ürünleri","35478c89-3a21-4753-a681-3e3160f9e949","5","FALSE","CANONICAL-001432","ostomi-bak-m-urunleri-001432","3","staged","FALSE","LEGAL_REVIEW_REQUIRED","pending","canonical-v1.0.0"
"b29f9783-be13-4db7-81a3-5bbb829a5f89","Kişisel Koruyucu Medikal Ürünler","315cd0bc-ec9c-4452-825a-3122937d663e","8","FALSE","CANONICAL-001433","kisisel-koruyucu-medikal-urunler-001433","2","staged","FALSE","LEGAL_REVIEW_REQUIRED","pending","canonical-v1.0.0"
"6e5de950-cf7e-4566-bb07-ce497993e86d","Koruyucu Önlükler","b29f9783-be13-4db7-81a3-5bbb829a5f89","1","FALSE","CANONICAL-001434","koruyucu-onlukler-001434","3","staged","FALSE","LEGAL_REVIEW_REQUIRED","pending","canonical-v1.0.0"
"b9234b83-39dd-4fa2-9c6b-8dff4f3c6ac1","Medikal Bone & Galoşlar","b29f9783-be13-4db7-81a3-5bbb829a5f89","2","FALSE","CANONICAL-001435","medikal-bone-galoslar-001435","3","staged","FALSE","LEGAL_REVIEW_REQUIRED","pending","canonical-v1.0.0"
"c78bc562-b100-4363-9f1f-78849336c5f2","Medikal Maskeler & Respiratörler","b29f9783-be13-4db7-81a3-5bbb829a5f89","3","FALSE","CANONICAL-001436","medikal-maskeler-respiratorler-001436","3","staged","FALSE","LEGAL_REVIEW_REQUIRED","pending","canonical-v1.0.0"
"d28c02c3-b232-4009-be4f-76903253eb64","Muayene Eldivenleri","b29f9783-be13-4db7-81a3-5bbb829a5f89","4","FALSE","CANONICAL-001437","muayene-eldivenleri-001437","3","staged","FALSE","LEGAL_REVIEW_REQUIRED","pending","canonical-v1.0.0"
"8040abc7-3287-4568-8724-5a2162def1e1","Yüz Siperleri","b29f9783-be13-4db7-81a3-5bbb829a5f89","5","FALSE","CANONICAL-001438","yuz-siperleri-001438","3","staged","FALSE","LEGAL_REVIEW_REQUIRED","pending","canonical-v1.0.0"
"52aba4f1-910b-4394-b778-1c9df327f39f","Günlük Yaşam & Erişilebilirlik Yardımcıları","315cd0bc-ec9c-4452-825a-3122937d663e","9","FALSE","CANONICAL-001439","gunluk-yasam-erisilebilirlik-yard-mc-lar-001439","2","staged","FALSE","LEGAL_REVIEW_REQUIRED","pending","canonical-v1.0.0"
"f07d86d5-e50e-4d8b-a151-d25e7f90f966","Banyo & Tuvalet Yardımcıları","52aba4f1-910b-4394-b778-1c9df327f39f","1","FALSE","CANONICAL-001440","banyo-tuvalet-yard-mc-lar-001440","3","staged","FALSE","LEGAL_REVIEW_REQUIRED","pending","canonical-v1.0.0"
"aa164308-13f5-4e2c-a519-3426456e0067","Giyinme Yardımcıları","52aba4f1-910b-4394-b778-1c9df327f39f","2","FALSE","CANONICAL-001441","giyinme-yard-mc-lar-001441","3","staged","FALSE","LEGAL_REVIEW_REQUIRED","pending","canonical-v1.0.0"
"644f5294-d7df-426a-94db-0856af54d4eb","Transfer & Tutunma Yardımcıları","52aba4f1-910b-4394-b778-1c9df327f39f","3","FALSE","CANONICAL-001442","transfer-tutunma-yard-mc-lar-001442","3","staged","FALSE","LEGAL_REVIEW_REQUIRED","pending","canonical-v1.0.0"
"c925a981-5463-4637-bda8-62258c6c1211","Uzanma & Kavrama Yardımcıları","52aba4f1-910b-4394-b778-1c9df327f39f","4","FALSE","CANONICAL-001443","uzanma-kavrama-yard-mc-lar-001443","3","staged","FALSE","LEGAL_REVIEW_REQUIRED","pending","canonical-v1.0.0"
"b74acbbd-a4a1-49c6-a736-cdd40ad94f75","Yeme & İçme Yardımcıları","52aba4f1-910b-4394-b778-1c9df327f39f","5","FALSE","CANONICAL-001444","yeme-icme-yard-mc-lar-001444","3","staged","FALSE","LEGAL_REVIEW_REQUIRED","pending","canonical-v1.0.0"
"47b0a29e-19bb-4a92-9a2e-ad4ccf42ff28","Çiçek & Bahçe","","23","FALSE","CANONICAL-001445","cicek-bahce-001445","1","staged","FALSE","NORMAL","not_required","canonical-v1.0.0"
"3db70106-5a04-4b1c-8f92-3ee8df997e41","Canlı Saksı Bitkileri","47b0a29e-19bb-4a92-9a2e-ad4ccf42ff28","1","FALSE","CANONICAL-001446","canl-saks-bitkileri-001446","2","staged","FALSE","LEGAL_REVIEW_REQUIRED","pending","canonical-v1.0.0"
"aca89b33-ea7d-4394-9a26-c7afa9189a84","Dekoratif Ağaç & Çalılar","3db70106-5a04-4b1c-8f92-3ee8df997e41","1","FALSE","CANONICAL-001447","dekoratif-agac-cal-lar-001447","3","staged","FALSE","LEGAL_REVIEW_REQUIRED","pending","canonical-v1.0.0"
"590e5084-8366-4434-a629-3940992abb71","Dış Mekan & Balkon Bitkileri","3db70106-5a04-4b1c-8f92-3ee8df997e41","2","FALSE","CANONICAL-001448","d-s-mekan-balkon-bitkileri-001448","3","staged","FALSE","LEGAL_REVIEW_REQUIRED","pending","canonical-v1.0.0"
"625fcbc5-8e6d-4bbc-acd5-35d07bb796cf","İç Mekan Saksı Bitkileri","3db70106-5a04-4b1c-8f92-3ee8df997e41","3","FALSE","CANONICAL-001449","ic-mekan-saks-bitkileri-001449","3","staged","FALSE","LEGAL_REVIEW_REQUIRED","pending","canonical-v1.0.0"
"bcc62ef3-5ca7-4cf6-9d3c-1d95ab15309c","Sukulent & Kaktüsler","3db70106-5a04-4b1c-8f92-3ee8df997e41","4","FALSE","CANONICAL-001450","sukulent-kaktusler-001450","3","staged","FALSE","LEGAL_REVIEW_REQUIRED","pending","canonical-v1.0.0"
"f3a5838c-e671-41ee-adea-b19a17c5e4a6","Kesme Çiçek & Fiziksel Aranjmanlar","47b0a29e-19bb-4a92-9a2e-ad4ccf42ff28","2","FALSE","CANONICAL-001451","kesme-cicek-fiziksel-aranjmanlar-001451","2","staged","FALSE","LEGAL_REVIEW_REQUIRED","pending","canonical-v1.0.0"
"5688b296-0ab0-4b10-bcd1-5c519e2cb140","Çelenkler","f3a5838c-e671-41ee-adea-b19a17c5e4a6","1","FALSE","CANONICAL-001452","celenkler-001452","3","staged","FALSE","LEGAL_REVIEW_REQUIRED","pending","canonical-v1.0.0"
"63871b57-ff00-478f-9d9f-66327caf7fae","Çiçek Buketleri","f3a5838c-e671-41ee-adea-b19a17c5e4a6","2","FALSE","CANONICAL-001453","cicek-buketleri-001453","3","staged","FALSE","LEGAL_REVIEW_REQUIRED","pending","canonical-v1.0.0"
"7595251d-71c6-4a10-ab37-b16f3659fd5d","Fiziksel Çiçek Aranjmanları","f3a5838c-e671-41ee-adea-b19a17c5e4a6","3","FALSE","CANONICAL-001454","fiziksel-cicek-aranjmanlar-001454","3","staged","FALSE","LEGAL_REVIEW_REQUIRED","pending","canonical-v1.0.0"
"67b74ff4-7236-4c0a-9a65-983472e551f0","Kesme Çiçekler","f3a5838c-e671-41ee-adea-b19a17c5e4a6","4","FALSE","CANONICAL-001455","kesme-cicekler-001455","3","staged","FALSE","LEGAL_REVIEW_REQUIRED","pending","canonical-v1.0.0"
"24434c44-72fa-4d3f-ac43-b964cde36268","Tohum, Fide & Bitki Soğanları","47b0a29e-19bb-4a92-9a2e-ad4ccf42ff28","3","FALSE","CANONICAL-001456","tohum-fide-bitki-soganlar-001456","2","staged","FALSE","LEGAL_REVIEW_REQUIRED","pending","canonical-v1.0.0"
"9abb13eb-ea36-4e74-aab0-69115298a912","Bitki Soğanı, Yumru & Rizomlar","24434c44-72fa-4d3f-ac43-b964cde36268","1","FALSE","CANONICAL-001457","bitki-sogan-yumru-rizomlar-001457","3","staged","FALSE","LEGAL_REVIEW_REQUIRED","pending","canonical-v1.0.0"
"e1ebd915-0743-43fe-959e-aa336ea605c4","Çiçek Tohumları","24434c44-72fa-4d3f-ac43-b964cde36268","2","FALSE","CANONICAL-001458","cicek-tohumlar-001458","3","staged","FALSE","LEGAL_REVIEW_REQUIRED","pending","canonical-v1.0.0"
"ef7155ae-8e6f-4ac7-9ad7-946d2f16e1d2","Çim Tohumları","24434c44-72fa-4d3f-ac43-b964cde36268","3","FALSE","CANONICAL-001459","cim-tohumlar-001459","3","staged","FALSE","LEGAL_REVIEW_REQUIRED","pending","canonical-v1.0.0"
"33ee7d3d-fa40-494b-914d-594f4ee4f675","Fide & Fidanlar","24434c44-72fa-4d3f-ac43-b964cde36268","4","FALSE","CANONICAL-001460","fide-fidanlar-001460","3","staged","FALSE","LEGAL_REVIEW_REQUIRED","pending","canonical-v1.0.0"
"e3f67298-547a-4e27-a235-7f1146cc2d28","Sebze & Ot Tohumları","24434c44-72fa-4d3f-ac43-b964cde36268","5","FALSE","CANONICAL-001461","sebze-ot-tohumlar-001461","3","staged","FALSE","LEGAL_REVIEW_REQUIRED","pending","canonical-v1.0.0"
"56601274-0ba8-4142-9b86-9d147e9b3f2c","Yapay Çiçek & Yapay Bitkiler","47b0a29e-19bb-4a92-9a2e-ad4ccf42ff28","4","FALSE","CANONICAL-001462","yapay-cicek-yapay-bitkiler-001462","2","staged","FALSE","REGULATED","pending","canonical-v1.0.0"
"e05e0ade-a440-4642-a75c-921d3bc649cc","Yapay Çiçek Aranjmanları","56601274-0ba8-4142-9b86-9d147e9b3f2c","1","FALSE","CANONICAL-001463","yapay-cicek-aranjmanlar-001463","3","staged","FALSE","NORMAL","not_required","canonical-v1.0.0"
"951ac07c-7410-48bd-946b-e78eaaadea4c","Yapay Çiçek Dalları","56601274-0ba8-4142-9b86-9d147e9b3f2c","2","FALSE","CANONICAL-001464","yapay-cicek-dallar-001464","3","staged","FALSE","NORMAL","not_required","canonical-v1.0.0"
"564bf4d6-c257-4162-b2b1-16d13e4f0426","Yapay Saksı Bitkileri","56601274-0ba8-4142-9b86-9d147e9b3f2c","3","FALSE","CANONICAL-001465","yapay-saks-bitkileri-001465","3","staged","FALSE","NORMAL","not_required","canonical-v1.0.0"
"dc9b337b-2195-4483-bf7d-c06a1ab5506f","Yapay Sarmaşık & Bitki Duvarları","56601274-0ba8-4142-9b86-9d147e9b3f2c","4","FALSE","CANONICAL-001466","yapay-sarmas-k-bitki-duvarlar-001466","3","staged","FALSE","REGULATED","pending","canonical-v1.0.0"
"dd33b8c1-e951-4366-a99d-155238eaf241","Saksı, Saksılık & Bitki Kapları","47b0a29e-19bb-4a92-9a2e-ad4ccf42ff28","5","FALSE","CANONICAL-001467","saks-saks-l-k-bitki-kaplar-001467","2","staged","FALSE","REGULATED","pending","canonical-v1.0.0"
"35ad23f2-7e4c-4ac7-9d9f-ab8d99118711","Asılı Saksı Sistemleri","dd33b8c1-e951-4366-a99d-155238eaf241","1","FALSE","CANONICAL-001468","as-l-saks-sistemleri-001468","3","staged","FALSE","REGULATED","pending","canonical-v1.0.0"
"4e39bed2-9ca1-4d1c-8e36-cfa69e1e3e72","Saksı & Planterlar","dd33b8c1-e951-4366-a99d-155238eaf241","2","FALSE","CANONICAL-001469","saks-planterlar-001469","3","staged","FALSE","NORMAL","not_required","canonical-v1.0.0"
"cf57a4f4-ff85-44cf-a865-36f0cf42d9d7","Saksı Standları","dd33b8c1-e951-4366-a99d-155238eaf241","3","FALSE","CANONICAL-001470","saks-standlar-001470","3","staged","FALSE","REGULATED","pending","canonical-v1.0.0"
"2404c52b-9b8f-4743-b98b-a5b337ace391","Saksı Tabakları & İç Kapları","dd33b8c1-e951-4366-a99d-155238eaf241","4","FALSE","CANONICAL-001471","saks-tabaklar-ic-kaplar-001471","3","staged","FALSE","NORMAL","not_required","canonical-v1.0.0"
"707d23b9-8925-490d-893f-e1e817f5e1ef","Yetiştirme Torbaları","dd33b8c1-e951-4366-a99d-155238eaf241","5","FALSE","CANONICAL-001472","yetistirme-torbalar-001472","3","staged","FALSE","NORMAL","not_required","canonical-v1.0.0"
"e0d49f5a-bdc0-4319-8f25-fb0098dd81f0","Toprak, Gübre & Bitki Besleme","47b0a29e-19bb-4a92-9a2e-ad4ccf42ff28","6","FALSE","CANONICAL-001473","toprak-gubre-bitki-besleme-001473","2","staged","FALSE","LEGAL_REVIEW_REQUIRED","pending","canonical-v1.0.0"
"c0f6d37f-2389-4b4e-914b-78be85413046","Bitki Besinleri","e0d49f5a-bdc0-4319-8f25-fb0098dd81f0","1","FALSE","CANONICAL-001474","bitki-besinleri-001474","3","staged","FALSE","LEGAL_REVIEW_REQUIRED","pending","canonical-v1.0.0"
"737937e2-f8a6-47d1-b0bc-e163a4477cba","Gübreler","e0d49f5a-bdc0-4319-8f25-fb0098dd81f0","2","FALSE","CANONICAL-001475","gubreler-001475","3","staged","FALSE","LEGAL_REVIEW_REQUIRED","pending","canonical-v1.0.0"
"bd50b096-fc56-4475-9a36-4b4d72ef4b7c","Kompost Ürünleri","e0d49f5a-bdc0-4319-8f25-fb0098dd81f0","3","FALSE","CANONICAL-001476","kompost-urunleri-001476","3","staged","FALSE","LEGAL_REVIEW_REQUIRED","pending","canonical-v1.0.0"
"a59530c4-0b3b-4106-b951-5d2f11148f97","Substrat & Toprak Düzenleyiciler","e0d49f5a-bdc0-4319-8f25-fb0098dd81f0","4","FALSE","CANONICAL-001477","substrat-toprak-duzenleyiciler-001477","3","staged","FALSE","LEGAL_REVIEW_REQUIRED","pending","canonical-v1.0.0"
"f69e5bda-3f87-46af-8a6a-42bb5966e8a6","Toprak & Torf","e0d49f5a-bdc0-4319-8f25-fb0098dd81f0","5","FALSE","CANONICAL-001478","toprak-torf-001478","3","staged","FALSE","LEGAL_REVIEW_REQUIRED","pending","canonical-v1.0.0"
"b992c26a-cbbb-4772-9dd7-932c407d2bc7","Sulama Ürünleri","47b0a29e-19bb-4a92-9a2e-ad4ccf42ff28","7","FALSE","CANONICAL-001479","sulama-urunleri-001479","2","staged","FALSE","REGULATED","pending","canonical-v1.0.0"
"cb3f4114-f06e-43be-8c81-2d3e51b1f186","Bahçe Hortumu & Makaraları","b992c26a-cbbb-4772-9dd7-932c407d2bc7","1","FALSE","CANONICAL-001480","bahce-hortumu-makaralar-001480","3","staged","FALSE","NORMAL","not_required","canonical-v1.0.0"
"72b823b9-b0a4-4e71-98f5-0e9a24ca50e7","Damla & Mikro Sulama Sistemleri","b992c26a-cbbb-4772-9dd7-932c407d2bc7","2","FALSE","CANONICAL-001481","damla-mikro-sulama-sistemleri-001481","3","staged","FALSE","REGULATED","pending","canonical-v1.0.0"
"93c3fcae-0c0a-455e-818b-d65ab13ba0c9","Fıskiye & Yağmurlama Ürünleri","b992c26a-cbbb-4772-9dd7-932c407d2bc7","3","FALSE","CANONICAL-001482","f-skiye-yagmurlama-urunleri-001482","3","staged","FALSE","REGULATED","pending","canonical-v1.0.0"
"5d159ac0-119e-4603-a98a-1130ef2d749e","Hortum Bağlantı & Başlıkları","b992c26a-cbbb-4772-9dd7-932c407d2bc7","4","FALSE","CANONICAL-001483","hortum-baglant-basl-klar-001483","3","staged","FALSE","NORMAL","not_required","canonical-v1.0.0"
"10394648-2bed-4c0d-bed5-8f1c87e1a835","Sulama Kapları","b992c26a-cbbb-4772-9dd7-932c407d2bc7","5","FALSE","CANONICAL-001484","sulama-kaplar-001484","3","staged","FALSE","NORMAL","not_required","canonical-v1.0.0"
"b0ae1313-d4b1-4813-bcb4-cf49471de5fc","Sulama Kontrolörleri & Zamanlayıcılar","b992c26a-cbbb-4772-9dd7-932c407d2bc7","6","FALSE","CANONICAL-001485","sulama-kontrolorleri-zamanlay-c-lar-001485","3","staged","FALSE","REGULATED","pending","canonical-v1.0.0"
"55d9bd12-6034-4939-b97a-c0587a63cfa6","Bahçe El Aletleri","47b0a29e-19bb-4a92-9a2e-ad4ccf42ff28","8","FALSE","CANONICAL-001486","bahce-el-aletleri-001486","2","staged","FALSE","REGULATED","pending","canonical-v1.0.0"
"bc3d868e-9cde-4ffe-b550-646af726c97d","Bahçe El Aleti Setleri","55d9bd12-6034-4939-b97a-c0587a63cfa6","1","FALSE","CANONICAL-001487","bahce-el-aleti-setleri-001487","3","staged","FALSE","REGULATED","pending","canonical-v1.0.0"
"5bebcd72-c1d6-4c98-a792-62cfe16a3684","Bahçe Toplama & Temizlik El Aletleri","55d9bd12-6034-4939-b97a-c0587a63cfa6","2","FALSE","CANONICAL-001488","bahce-toplama-temizlik-el-aletleri-001488","3","staged","FALSE","REGULATED","pending","canonical-v1.0.0"
"3ca7d2ef-4dee-4634-82fd-ef5cf370329d","Budama El Aletleri","55d9bd12-6034-4939-b97a-c0587a63cfa6","3","FALSE","CANONICAL-001489","budama-el-aletleri-001489","3","staged","FALSE","REGULATED","pending","canonical-v1.0.0"
"5e132fa4-b108-489d-86b1-eb8b94fbe330","Kazma & Dikim El Aletleri","55d9bd12-6034-4939-b97a-c0587a63cfa6","4","FALSE","CANONICAL-001490","kazma-dikim-el-aletleri-001490","3","staged","FALSE","REGULATED","pending","canonical-v1.0.0"
"43305b78-98db-42f9-baac-d7a76338f190","Tırmık & Çapa El Aletleri","55d9bd12-6034-4939-b97a-c0587a63cfa6","5","FALSE","CANONICAL-001491","t-rm-k-capa-el-aletleri-001491","3","staged","FALSE","REGULATED","pending","canonical-v1.0.0"
"42a8991f-a3f5-4b9c-8b18-ed14b152877b","Bitki Bakım & Yetiştirme Ürünleri","47b0a29e-19bb-4a92-9a2e-ad4ccf42ff28","9","FALSE","CANONICAL-001492","bitki-bak-m-yetistirme-urunleri-001492","2","staged","FALSE","REGULATED","pending","canonical-v1.0.0"
"b9899386-9f6e-4f51-ac2f-b369207d9530","Bitki Destekleri, Bağları & Klipsleri","42a8991f-a3f5-4b9c-8b18-ed14b152877b","1","FALSE","CANONICAL-001493","bitki-destekleri-baglar-klipsleri-001493","3","staged","FALSE","NORMAL","not_required","canonical-v1.0.0"
"aa8db856-c55e-4a6f-99ab-a97c1b77b728","Bitkiye Özgü Yetiştirme Işıkları","42a8991f-a3f5-4b9c-8b18-ed14b152877b","2","FALSE","CANONICAL-001494","bitkiye-ozgu-yetistirme-is-klar-001494","3","staged","FALSE","REGULATED","pending","canonical-v1.0.0"
"2ec2727a-5b5c-4415-b61f-2569f6dbe5bd","Bitki Koruma Örtüleri","42a8991f-a3f5-4b9c-8b18-ed14b152877b","3","FALSE","CANONICAL-001495","bitki-koruma-ortuleri-001495","3","staged","FALSE","REGULATED","pending","canonical-v1.0.0"
"20637240-8d51-491e-8854-3fd3dc33cbed","Köklendirme & Fide Yetiştirme Kapları","42a8991f-a3f5-4b9c-8b18-ed14b152877b","4","FALSE","CANONICAL-001496","koklendirme-fide-yetistirme-kaplar-001496","3","staged","FALSE","NORMAL","not_required","canonical-v1.0.0"
"6e4a5112-5c22-4210-9979-e50625a786dd","Nem, Işık & Toprak Ölçüm Yardımcıları","42a8991f-a3f5-4b9c-8b18-ed14b152877b","5","FALSE","CANONICAL-001497","nem-is-k-toprak-olcum-yard-mc-lar-001497","3","staged","FALSE","REGULATED","pending","canonical-v1.0.0"
"560b1713-102e-4c7b-97b0-5e8cd438aae1","Sera & Yetiştirme Ekipmanları","47b0a29e-19bb-4a92-9a2e-ad4ccf42ff28","10","FALSE","CANONICAL-001498","sera-yetistirme-ekipmanlar-001498","2","staged","FALSE","REGULATED","pending","canonical-v1.0.0"
"2b980f71-e78c-4692-844c-eb41d9ad1e94","Grow Tent Sistemleri","560b1713-102e-4c7b-97b0-5e8cd438aae1","1","FALSE","CANONICAL-001499","grow-tent-sistemleri-001499","3","staged","FALSE","REGULATED","pending","canonical-v1.0.0"
"8efd07be-a179-430d-8338-0f8804950da9","Hobi Seraları","560b1713-102e-4c7b-97b0-5e8cd438aae1","2","FALSE","CANONICAL-001500","hobi-seralar-001500","3","staged","FALSE","REGULATED","pending","canonical-v1.0.0"
"33fb7b5c-0828-4b90-a210-2bac848c96b5","Sera Havalandırma & İklim Ekipmanları","560b1713-102e-4c7b-97b0-5e8cd438aae1","3","FALSE","CANONICAL-001501","sera-havaland-rma-iklim-ekipmanlar-001501","3","staged","FALSE","REGULATED","pending","canonical-v1.0.0"
"d5dd3ca4-bfd8-429e-be4b-4143a64f60ea","Sera Örtüleri","560b1713-102e-4c7b-97b0-5e8cd438aae1","4","FALSE","CANONICAL-001502","sera-ortuleri-001502","3","staged","FALSE","REGULATED","pending","canonical-v1.0.0"
"a379bef9-fa98-42fd-952b-99c3ce08d265","Sera Raf & Destekleri","560b1713-102e-4c7b-97b0-5e8cd438aae1","5","FALSE","CANONICAL-001503","sera-raf-destekleri-001503","3","staged","FALSE","REGULATED","pending","canonical-v1.0.0"
"66ee2643-c0fe-4437-80e0-9387e4f3fbed","Bahçe Dekorasyonu & Peyzaj Aksesuarları","47b0a29e-19bb-4a92-9a2e-ad4ccf42ff28","11","FALSE","CANONICAL-001504","bahce-dekorasyonu-peyzaj-aksesuarlar-001504","2","staged","FALSE","REGULATED","pending","canonical-v1.0.0"
"c28bfb38-a984-4529-8189-4c1bb72ba4b7","Bahçe Bordürü & Alçak Çitler","66ee2643-c0fe-4437-80e0-9387e4f3fbed","1","FALSE","CANONICAL-001505","bahce-borduru-alcak-citler-001505","3","staged","FALSE","REGULATED","pending","canonical-v1.0.0"
"f0d95a16-59c8-44e2-942f-98546a99ff0d","Bahçe Süsleri & Figürleri","66ee2643-c0fe-4437-80e0-9387e4f3fbed","2","FALSE","CANONICAL-001506","bahce-susleri-figurleri-001506","3","staged","FALSE","NORMAL","not_required","canonical-v1.0.0"
"48f7ba86-a1c6-4bec-bbac-ff8cc25a253a","Bahçeye Özgü Dekoratif Aksesuarlar","66ee2643-c0fe-4437-80e0-9387e4f3fbed","3","FALSE","CANONICAL-001507","bahceye-ozgu-dekoratif-aksesuarlar-001507","3","staged","FALSE","NORMAL","not_required","canonical-v1.0.0"
"f0fda732-3284-408c-8019-3c24f693ad6a","Peyzaj Kumaşı & Yüzey Örtüleri","66ee2643-c0fe-4437-80e0-9387e4f3fbed","4","FALSE","CANONICAL-001508","peyzaj-kumas-yuzey-ortuleri-001508","3","staged","FALSE","REGULATED","pending","canonical-v1.0.0"
"116c0f3c-4dac-471b-acbc-aea16ae7c466","Trellis & Bitki Kafesleri","66ee2643-c0fe-4437-80e0-9387e4f3fbed","5","FALSE","CANONICAL-001509","trellis-bitki-kafesleri-001509","3","staged","FALSE","REGULATED","pending","canonical-v1.0.0"
"5c661f4e-ac89-4737-a2d8-911811fabe5c","Hediyelik & Parti","","24","FALSE","CANONICAL-001510","hediyelik-parti-001510","1","staged","FALSE","NORMAL","not_required","canonical-v1.0.0"
"e9657a1d-5f74-4875-ab53-6e564c76a076","Hatıra & Hediyelik Objeler","5c661f4e-ac89-4737-a2d8-911811fabe5c","1","FALSE","CANONICAL-001511","hat-ra-hediyelik-objeler-001511","2","staged","FALSE","NORMAL","pending","canonical-v1.0.0"
"01cc364e-7a2e-41de-9af9-7afe732025ed","Hatıra Plaketi & Ödül Objeleri","e9657a1d-5f74-4875-ab53-6e564c76a076","1","FALSE","CANONICAL-001512","hat-ra-plaketi-odul-objeleri-001512","3","staged","FALSE","NORMAL","pending","canonical-v1.0.0"
"f3c9f77e-31af-43d1-a7fc-f785da460c62","Magnet & Turistik Hatıralar","e9657a1d-5f74-4875-ab53-6e564c76a076","2","FALSE","CANONICAL-001513","magnet-turistik-hat-ralar-001513","3","staged","FALSE","NORMAL","pending","canonical-v1.0.0"
"6faca555-7b86-47cd-833a-d06cdc9cf918","Anı Kutusu & Hatıra Saklama Ürünleri","e9657a1d-5f74-4875-ab53-6e564c76a076","3","FALSE","CANONICAL-001514","an-kutusu-hat-ra-saklama-urunleri-001514","3","staged","FALSE","NORMAL","pending","canonical-v1.0.0"
"bf5e1535-d980-43e1-ac95-ac0df3ba0458","Nikâh, Nişan & Bebek Hatıraları","e9657a1d-5f74-4875-ab53-6e564c76a076","4","FALSE","CANONICAL-001515","nikah-nisan-bebek-hat-ralar-001515","3","staged","FALSE","NORMAL","pending","canonical-v1.0.0"
"81a6b1e2-d218-4da1-bca8-3834533ed3ed","Hediye Paketleme & Sunum","5c661f4e-ac89-4737-a2d8-911811fabe5c","2","FALSE","CANONICAL-001516","hediye-paketleme-sunum-001516","2","staged","FALSE","NORMAL","not_required","canonical-v1.0.0"
"d9ed6129-9dcd-4ed3-ae69-ff6db3309e5e","Hediye Kutuları","81a6b1e2-d218-4da1-bca8-3834533ed3ed","1","FALSE","CANONICAL-001517","hediye-kutular-001517","3","staged","FALSE","NORMAL","not_required","canonical-v1.0.0"
"a14ac1d3-74d7-47da-bf2c-258908321486","Hediye Çantaları","81a6b1e2-d218-4da1-bca8-3834533ed3ed","2","FALSE","CANONICAL-001518","hediye-cantalar-001518","3","staged","FALSE","NORMAL","not_required","canonical-v1.0.0"
"4cbce1a1-1194-414e-82b4-0b1ec356b4aa","Paket Kâğıdı","81a6b1e2-d218-4da1-bca8-3834533ed3ed","3","FALSE","CANONICAL-001519","paket-kag-d-001519","3","staged","FALSE","NORMAL","not_required","canonical-v1.0.0"
"26793fa1-37ed-43c5-9d26-9811662a3e44","Kurdele & Fiyonklar","81a6b1e2-d218-4da1-bca8-3834533ed3ed","4","FALSE","CANONICAL-001520","kurdele-fiyonklar-001520","3","staged","FALSE","NORMAL","not_required","canonical-v1.0.0"
"bc2c3cd7-7e1a-4aed-849b-c6ab0ea47bdf","Pelür & Sunum Dolguları","81a6b1e2-d218-4da1-bca8-3834533ed3ed","5","FALSE","CANONICAL-001521","pelur-sunum-dolgular-001521","3","staged","FALSE","NORMAL","not_required","canonical-v1.0.0"
"69a6252e-60e3-4729-bf80-da11f594334f","Tebrik Kartları, Davetiyeler & Kutlama Yazıları","5c661f4e-ac89-4737-a2d8-911811fabe5c","3","FALSE","CANONICAL-001522","tebrik-kartlar-davetiyeler-kutlama-yaz-lar-001522","2","staged","FALSE","NORMAL","pending","canonical-v1.0.0"
"9a85a7dd-2c8f-4dc5-a058-d8d3decf47b0","Tebrik Kartları","69a6252e-60e3-4729-bf80-da11f594334f","1","FALSE","CANONICAL-001523","tebrik-kartlar-001523","3","staged","FALSE","NORMAL","pending","canonical-v1.0.0"
"8b1edadd-a163-4a89-8b0f-11f85413216c","Fiziksel Davetiyeler","69a6252e-60e3-4729-bf80-da11f594334f","2","FALSE","CANONICAL-001524","fiziksel-davetiyeler-001524","3","staged","FALSE","NORMAL","pending","canonical-v1.0.0"
"339e1983-8f14-4c7d-a533-66136e212293","Masa Kartı & Hediye Etiketleri","69a6252e-60e3-4729-bf80-da11f594334f","3","FALSE","CANONICAL-001525","masa-kart-hediye-etiketleri-001525","3","staged","FALSE","NORMAL","pending","canonical-v1.0.0"
"c5b868ea-47b7-4678-ba9e-cce2b5e6c569","Kutlama Harfleri & Yazıları","69a6252e-60e3-4729-bf80-da11f594334f","4","FALSE","CANONICAL-001526","kutlama-harfleri-yaz-lar-001526","3","staged","FALSE","NORMAL","pending","canonical-v1.0.0"
"7f6730fb-23b3-40bb-a354-998dc02ef8bb","Balon & Balon Aksesuarları","5c661f4e-ac89-4737-a2d8-911811fabe5c","4","FALSE","CANONICAL-001527","balon-balon-aksesuarlar-001527","2","staged","FALSE","REGULATED","pending","canonical-v1.0.0"
"391f6e4a-c6d0-4480-a3fb-3d9ceb5f5183","Balonlar","7f6730fb-23b3-40bb-a354-998dc02ef8bb","1","FALSE","CANONICAL-001528","balonlar-001528","3","staged","FALSE","REGULATED","pending","canonical-v1.0.0"
"0106bd2f-c25e-4af3-a3b2-a4d2688c28ea","Lateks Balonlar","391f6e4a-c6d0-4480-a3fb-3d9ceb5f5183","1","FALSE","CANONICAL-001529","lateks-balonlar-001529","4","staged","FALSE","REGULATED","pending","canonical-v1.0.0"
"4a436f53-9d81-4c3f-b24e-166f2f91a186","Folyo Balonlar","391f6e4a-c6d0-4480-a3fb-3d9ceb5f5183","2","FALSE","CANONICAL-001530","folyo-balonlar-001530","4","staged","FALSE","REGULATED","pending","canonical-v1.0.0"
"fc6a2c7d-e743-4140-a7ed-925143023516","Balon Pompaları","7f6730fb-23b3-40bb-a354-998dc02ef8bb","2","FALSE","CANONICAL-001531","balon-pompalar-001531","3","staged","FALSE","NORMAL","pending","canonical-v1.0.0"
"c628bf24-39d5-4da7-8182-d5cb6cad5e7e","Balon Standı & Ağırlıkları","7f6730fb-23b3-40bb-a354-998dc02ef8bb","3","FALSE","CANONICAL-001532","balon-stand-ag-rl-klar-001532","3","staged","FALSE","NORMAL","pending","canonical-v1.0.0"
"a409b7c7-2b82-42f6-a3a4-506c399f294a","Balon Bant & Bağlama Aksesuarları","7f6730fb-23b3-40bb-a354-998dc02ef8bb","4","FALSE","CANONICAL-001533","balon-bant-baglama-aksesuarlar-001533","3","staged","FALSE","NORMAL","pending","canonical-v1.0.0"
"abdbaa4c-204a-49cc-85af-3a5bc40bfb32","Parti Süsleri & Mekân Dekorasyonu","5c661f4e-ac89-4737-a2d8-911811fabe5c","5","FALSE","CANONICAL-001534","parti-susleri-mekan-dekorasyonu-001534","2","staged","FALSE","REGULATED","pending","canonical-v1.0.0"
"9b3de28e-f85a-4fb8-8579-ca6ce1622bde","Banner & Girlandlar","abdbaa4c-204a-49cc-85af-3a5bc40bfb32","1","FALSE","CANONICAL-001535","banner-girlandlar-001535","3","staged","FALSE","NORMAL","pending","canonical-v1.0.0"
"3cc63204-62b7-42b4-b326-2586427d266f","Fon Perdesi & Parti Arka Planları","abdbaa4c-204a-49cc-85af-3a5bc40bfb32","2","FALSE","CANONICAL-001536","fon-perdesi-parti-arka-planlar-001536","3","staged","FALSE","REGULATED","pending","canonical-v1.0.0"
"a9708820-aead-49a6-a8f7-c3445c4b1bd0","Asma Parti Süsleri","abdbaa4c-204a-49cc-85af-3a5bc40bfb32","3","FALSE","CANONICAL-001537","asma-parti-susleri-001537","3","staged","FALSE","REGULATED","pending","canonical-v1.0.0"
"1f8dc71d-6720-4bff-8634-73e588f8ecec","Masa & Mekân Parti Süsleri","abdbaa4c-204a-49cc-85af-3a5bc40bfb32","4","FALSE","CANONICAL-001538","masa-mekan-parti-susleri-001538","3","staged","FALSE","NORMAL","pending","canonical-v1.0.0"
"c812f56a-8af1-4376-bb50-04485eb43389","Konfeti","abdbaa4c-204a-49cc-85af-3a5bc40bfb32","5","FALSE","CANONICAL-001539","konfeti-001539","3","staged","FALSE","REGULATED","pending","canonical-v1.0.0"
"500e3e86-e6eb-49f4-a08a-d67dbef8ed0e","Parti Sofrası & Servis Ürünleri","5c661f4e-ac89-4737-a2d8-911811fabe5c","6","FALSE","CANONICAL-001540","parti-sofras-servis-urunleri-001540","2","staged","FALSE","REGULATED","pending","canonical-v1.0.0"
"d91cc616-0a2a-4785-8ff7-d4098417b476","Tek Kullanımlık Parti Tabak & Kaseleri","500e3e86-e6eb-49f4-a08a-d67dbef8ed0e","1","FALSE","CANONICAL-001541","tek-kullan-ml-k-parti-tabak-kaseleri-001541","3","staged","FALSE","REGULATED","pending","canonical-v1.0.0"
"a2ae81d7-9a27-4946-a245-2e0f943fc864","Parti Bardakları","500e3e86-e6eb-49f4-a08a-d67dbef8ed0e","2","FALSE","CANONICAL-001542","parti-bardaklar-001542","3","staged","FALSE","REGULATED","pending","canonical-v1.0.0"
"12421281-cfa7-49fe-a806-cbd788e5627b","Parti Peçetesi & Masa Örtüleri","500e3e86-e6eb-49f4-a08a-d67dbef8ed0e","3","FALSE","CANONICAL-001543","parti-pecetesi-masa-ortuleri-001543","3","staged","FALSE","REGULATED","pending","canonical-v1.0.0"
"95b5c8b6-df56-486a-8df6-a760ad57c777","Parti Çatal, Kaşık & Servis Ürünleri","500e3e86-e6eb-49f4-a08a-d67dbef8ed0e","4","FALSE","CANONICAL-001544","parti-catal-kas-k-servis-urunleri-001544","3","staged","FALSE","REGULATED","pending","canonical-v1.0.0"
"093e2897-a94c-4d48-9307-11565cd3350c","Pipet & Parti Servis Aksesuarları","500e3e86-e6eb-49f4-a08a-d67dbef8ed0e","5","FALSE","CANONICAL-001545","pipet-parti-servis-aksesuarlar-001545","3","staged","FALSE","REGULATED","pending","canonical-v1.0.0"
"534f3762-a378-423a-97d9-2813f913a417","Kostüm, Maske & Parti Aksesuarları","5c661f4e-ac89-4737-a2d8-911811fabe5c","7","FALSE","CANONICAL-001546","kostum-maske-parti-aksesuarlar-001546","2","staged","FALSE","REGULATED","pending","canonical-v1.0.0"
"e915c415-7589-4b0b-83cc-da5c21718abd","Parti Kostümleri","534f3762-a378-423a-97d9-2813f913a417","1","FALSE","CANONICAL-001547","parti-kostumleri-001547","3","staged","FALSE","REGULATED","pending","canonical-v1.0.0"
"4c6148e4-1ad4-4b34-835e-827045b1357a","Parti Maskeleri","534f3762-a378-423a-97d9-2813f913a417","2","FALSE","CANONICAL-001548","parti-maskeleri-001548","3","staged","FALSE","REGULATED","pending","canonical-v1.0.0"
"daa633c4-2410-41fb-804e-3d275a665aad","Parti Perukları","534f3762-a378-423a-97d9-2813f913a417","3","FALSE","CANONICAL-001549","parti-peruklar-001549","3","staged","FALSE","REGULATED","pending","canonical-v1.0.0"
"fba18f44-95b8-4c90-a33d-79c76a35fad8","Parti Şapkası, Taç & Baş Aksesuarları","534f3762-a378-423a-97d9-2813f913a417","4","FALSE","CANONICAL-001550","parti-sapkas-tac-bas-aksesuarlar-001550","3","staged","FALSE","REGULATED","pending","canonical-v1.0.0"
"5d542517-434e-475b-9b3b-2a69c4ed05a0","Giyilebilir Parti Aksesuarları","534f3762-a378-423a-97d9-2813f913a417","5","FALSE","CANONICAL-001551","giyilebilir-parti-aksesuarlar-001551","3","staged","FALSE","REGULATED","pending","canonical-v1.0.0"
"7c74e569-3393-4fd0-a341-61d1daeaf25c","Kostüm Amaçlı Ayak Aksesuarları","534f3762-a378-423a-97d9-2813f913a417","6","FALSE","CANONICAL-001552","kostum-amacl-ayak-aksesuarlar-001552","3","staged","FALSE","REGULATED","pending","canonical-v1.0.0"
"6dd8948e-f148-4ed7-9459-35a4945eae76","Pasta Süsleme & Kutlama Aksesuarları","5c661f4e-ac89-4737-a2d8-911811fabe5c","8","FALSE","CANONICAL-001553","pasta-susleme-kutlama-aksesuarlar-001553","2","staged","FALSE","REGULATED","pending","canonical-v1.0.0"
"f65dda48-1a6b-44d8-b21e-7d314404ea36","Pasta Mumları","6dd8948e-f148-4ed7-9459-35a4945eae76","1","FALSE","CANONICAL-001554","pasta-mumlar-001554","3","staged","FALSE","REGULATED","pending","canonical-v1.0.0"
"bdd589b6-c143-454a-a86f-7fc7c4c0bf78","Standart Pasta Mumları","f65dda48-1a6b-44d8-b21e-7d314404ea36","1","FALSE","CANONICAL-001555","standart-pasta-mumlar-001555","4","staged","FALSE","REGULATED","pending","canonical-v1.0.0"
"a51c57e6-f25f-4400-bcbc-953ecdd924c1","Rakam & Harf Mumları","f65dda48-1a6b-44d8-b21e-7d314404ea36","2","FALSE","CANONICAL-001556","rakam-harf-mumlar-001556","4","staged","FALSE","REGULATED","pending","canonical-v1.0.0"
"c515b41f-c6c3-4080-ac49-daf27babb997","Pasta Topperları","6dd8948e-f148-4ed7-9459-35a4945eae76","2","FALSE","CANONICAL-001557","pasta-topperlar-001557","3","staged","FALSE","REGULATED","pending","canonical-v1.0.0"
"a76400d4-6c85-4a29-91dd-813accb70b0a","Pasta Dekor & Sunum Aksesuarları","6dd8948e-f148-4ed7-9459-35a4945eae76","3","FALSE","CANONICAL-001558","pasta-dekor-sunum-aksesuarlar-001558","3","staged","FALSE","REGULATED","pending","canonical-v1.0.0"
"683eb128-feab-450d-ad8d-9c676aa86456","Parti Eğlence & Fotoğraf Aksesuarları","5c661f4e-ac89-4737-a2d8-911811fabe5c","9","FALSE","CANONICAL-001559","parti-eglence-fotograf-aksesuarlar-001559","2","staged","FALSE","REGULATED","pending","canonical-v1.0.0"
"41fc711c-5bdd-4a35-b559-ce2345643079","Photo Booth Aksesuarları","683eb128-feab-450d-ad8d-9c676aa86456","1","FALSE","CANONICAL-001560","photo-booth-aksesuarlar-001560","3","staged","FALSE","NORMAL","pending","canonical-v1.0.0"
"8e3fa89c-42c5-43ca-ada4-1e9cdc2c09c1","Pinyatalar","683eb128-feab-450d-ad8d-9c676aa86456","2","FALSE","CANONICAL-001561","pinyatalar-001561","3","staged","FALSE","REGULATED","pending","canonical-v1.0.0"
"d2c875f6-547f-428a-bc8a-b13e635774fa","Parti Üflemelileri","683eb128-feab-450d-ad8d-9c676aa86456","3","FALSE","CANONICAL-001562","parti-uflemelileri-001562","3","staged","FALSE","REGULATED","pending","canonical-v1.0.0"
"549f7e66-b8b9-4271-9086-433437ca996e","Kutlama Etkinlik Aksesuarları","683eb128-feab-450d-ad8d-9c676aa86456","4","FALSE","CANONICAL-001563","kutlama-etkinlik-aksesuarlar-001563","3","staged","FALSE","REGULATED","pending","canonical-v1.0.0"
